trade_date,symbol,candidate_model_family,benchmark_id,asset_universe_id,asset_return_1d,benchmark_return_1d,active_return_1d
20250912,000001.SZ,benchmark_relative_sample_covariance,CSI300,a5_top_liquid_20,-0.010970464135021007,-0.005725,-0.005245464135021007
20250912,000002.SZ,benchmark_relative_sample_covariance,CSI300,a5_top_liquid_20,0.016105417276720324,-0.005725,0.021830417276720325
20250912,000651.SZ,benchmark_relative_sample_covariance,CSI300,a5_top_liquid_20,-0.007735073724921437,-0.005725,-0.0020100737249214374
20250912,000725.SZ,benchmark_relative_sample_covariance,CSI300,a5_top_liquid_20,0.0024038461538460343,-0.005725,0.008128846153846035
20250912,002230.SZ,benchmark_relative_sample_covariance,CSI300,a5_top_liquid_20,-0.00038842493688096,-0.005725,0.00533657506311904
20250912,002594.SZ,benchmark_relative_sample_covariance,CSI300,a5_top_liquid_20,-0.006379585326953818,-0.005725,-0.0006545853269538182
20250912,300750.SZ,benchmark_relative_sample_covariance,CSI300,a5_top_liquid_20,0.0075957215935513744,-0.005725,0.013320721593551375
20250912,600019.SH,benchmark_relative_sample_covariance,CSI300,a5_top_liquid_20,-0.004249291784702458,-0.005725,0.001475708215297542
20250912,600030.SH,benchmark_relative_sample_covariance,CSI300,a5_top_liquid_20,-0.018133860863831064,-0.005725,-0.012408860863831063
20250912,600050.SH,benchmark_relative_sample_covariance,CSI300,a5_top_liquid_20,-0.01559792027729634,-0.005725,-0.009872920277296339
20250912,600276.SH,benchmark_relative_sample_covariance,CSI300,a5_top_liquid_20,0.01054327134280264,-0.005725,0.01626827134280264
20250912,600309.SH,benchmark_relative_sample_covariance,CSI300,a5_top_liquid_20,-0.009352623118515258,-0.005725,-0.0036276231185152575
20250912,600519.SH,benchmark_relative_sample_covariance,CSI300,a5_top_liquid_20,-0.004922874958976031,-0.005725,0.0008021250410239688
20250912,600760.SH,benchmark_relative_sample_covariance,CSI300,a5_top_liquid_20,-0.010027192386131922,-0.005725,-0.004302192386131922
20250912,600900.SH,benchmark_relative_sample_covariance,CSI300,a5_top_liquid_20,-0.0025000000000000577,-0.005725,0.0032249999999999423
20250912,601012.SH,benchmark_relative_sample_covariance,CSI300,a5_top_liquid_20,-0.0092592592592593,-0.005725,-0.0035342592592593003
20250912,601225.SH,benchmark_relative_sample_covariance,CSI300,a5_top_liquid_20,0.001981178801386818,-0.005725,0.007706178801386818
20250912,601318.SH,benchmark_relative_sample_covariance,CSI300,a5_top_liquid_20,-0.017209064576588773,-0.005725,-0.011484064576588772
20250912,601899.SH,benchmark_relative_sample_covariance,CSI300,a5_top_liquid_20,-0.002333722287047979,-0.005725,0.003391277712952021
20250912,688981.SH,benchmark_relative_sample_covariance,CSI300,a5_top_liquid_20,-0.01686615886833509,-0.005725,-0.01114115886833509
20250915,000001.SZ,benchmark_relative_sample_covariance,CSI300,a5_top_liquid_20,-0.005972696245733822,0.002445,-0.008417696245733821
20250915,000002.SZ,benchmark_relative_sample_covariance,CSI300,a5_top_liquid_20,0.004322766570605152,0.002445,0.001877766570605152
20250915,000651.SZ,benchmark_relative_sample_covariance,CSI300,a5_top_liquid_20,-0.0026796589524968883,0.002445,-0.0051246589524968885
20250915,000725.SZ,benchmark_relative_sample_covariance,CSI300,a5_top_liquid_20,-0.0023980815347721673,0.002445,-0.0048430815347721675
20250915,002230.SZ,benchmark_relative_sample_covariance,CSI300,a5_top_liquid_20,0.002525743151350346,0.002445,8.074315135034576e-05
20250915,002594.SZ,benchmark_relative_sample_covariance,CSI300,a5_top_liquid_20,0.02634312151827034,0.002445,0.02389812151827034
20250915,300750.SZ,benchmark_relative_sample_covariance,CSI300,a5_top_liquid_20,0.0913846153846154,0.002445,0.0889396153846154
20250915,600019.SH,benchmark_relative_sample_covariance,CSI300,a5_top_liquid_20,-0.002844950213371278,0.002445,-0.005289950213371278
20250915,600030.SH,benchmark_relative_sample_covariance,CSI300,a5_top_liquid_20,-0.006380120886501084,0.002445,-0.008825120886501083
20250915,600050.SH,benchmark_relative_sample_covariance,CSI300,a5_top_liquid_20,-0.017605633802816878,0.002445,-0.020050633802816877
20250915,600276.SH,benchmark_relative_sample_covariance,CSI300,a5_top_liquid_20,0.0013041588175624064,0.002445,-0.0011408411824375938
20250915,600309.SH,benchmark_relative_sample_covariance,CSI300,a5_top_liquid_20,-0.0007375719132617364,0.002445,-0.0031825719132617366
20250915,600519.SH,benchmark_relative_sample_covariance,CSI300,a5_top_liquid_20,-0.0005936675461741814,0.002445,-0.0030386675461741815
20250915,600760.SH,benchmark_relative_sample_covariance,CSI300,a5_top_liquid_20,0.002403433476394934,0.002445,-4.156652360506625e-05
20250915,600900.SH,benchmark_relative_sample_covariance,CSI300,a5_top_liquid_20,-0.0046544933762978635,0.002445,-0.007099493376297864
20250915,601012.SH,benchmark_relative_sample_covariance,CSI300,a5_top_liquid_20,0.002336448598130758,0.002445,-0.00010855140186924201
20250915,601225.SH,benchmark_relative_sample_covariance,CSI300,a5_top_liquid_20,0.007909045971329798,0.002445,0.005464045971329798
20250915,601318.SH,benchmark_relative_sample_covariance,CSI300,a5_top_liquid_20,-0.0060679611650485965,0.002445,-0.008512961165048596
20250915,601899.SH,benchmark_relative_sample_covariance,CSI300,a5_top_liquid_20,-0.005847953216374213,0.002445,-0.008292953216374212
20250915,688981.SH,benchmark_relative_sample_covariance,CSI300,a5_top_liquid_20,0.0022136137244050946,0.002445,-0.0002313862755949055
20250916,000001.SZ,benchmark_relative_sample_covariance,CSI300,a5_top_liquid_20,-0.0008583690987123971,-0.002144,0.001285630901287603
20250916,000002.SZ,benchmark_relative_sample_covariance,CSI300,a5_top_liquid_20,0.010043041606886627,-0.002144,0.012187041606886627
20250916,000651.SZ,benchmark_relative_sample_covariance,CSI300,a5_top_liquid_20,-0.010747435271128425,-0.002144,-0.008603435271128425
20250916,000725.SZ,benchmark_relative_sample_covariance,CSI300,a5_top_liquid_20,-0.007211538461538547,-0.002144,-0.005067538461538547
20250916,002230.SZ,benchmark_relative_sample_covariance,CSI300,a5_top_liquid_20,0.012984496124031075,-0.002144,0.015128496124031075
20250916,002594.SZ,benchmark_relative_sample_covariance,CSI300,a5_top_liquid_20,-0.008279668813247487,-0.002144,-0.006135668813247487
20250916,300750.SZ,benchmark_relative_sample_covariance,CSI300,a5_top_liquid_20,-0.0036086833944177776,-0.002144,-0.0014646833944177776
20250916,600019.SH,benchmark_relative_sample_covariance,CSI300,a5_top_liquid_20,-0.011412268188302432,-0.002144,-0.009268268188302432
20250916,600030.SH,benchmark_relative_sample_covariance,CSI300,a5_top_liquid_20,-0.010476512335248378,-0.002144,-0.008332512335248378
20250916,600050.SH,benchmark_relative_sample_covariance,CSI300,a5_top_liquid_20,0.0,-0.002144,0.002144
20250916,600276.SH,benchmark_relative_sample_covariance,CSI300,a5_top_liquid_20,0.0007235890014474222,-0.002144,0.0028675890014474223
20250916,600309.SH,benchmark_relative_sample_covariance,CSI300,a5_top_liquid_20,-0.016681428993209235,-0.002144,-0.014537428993209235
20250916,600519.SH,benchmark_relative_sample_covariance,CSI300,a5_top_liquid_20,-0.00997953930433626,-0.002144,-0.00783553930433626
20250916,600760.SH,benchmark_relative_sample_covariance,CSI300,a5_top_liquid_20,-0.008563110121596162,-0.002144,-0.006419110121596162
20250916,600900.SH,benchmark_relative_sample_covariance,CSI300,a5_top_liquid_20,-0.0025179856115108423,-0.002144,-0.00037398561151084225
20250916,601012.SH,benchmark_relative_sample_covariance,CSI300,a5_top_liquid_20,-0.0064102564102563875,-0.002144,-0.004266256410256387
20250916,601225.SH,benchmark_relative_sample_covariance,CSI300,a5_top_liquid_20,-0.005885237861696924,-0.002144,-0.0037412378616969236
20250916,601318.SH,benchmark_relative_sample_covariance,CSI300,a5_top_liquid_20,-0.012384440955869547,-0.002144,-0.010240440955869547
20250916,601899.SH,benchmark_relative_sample_covariance,CSI300,a5_top_liquid_20,-0.007058823529411784,-0.002144,-0.004914823529411784
20250916,688981.SH,benchmark_relative_sample_covariance,CSI300,a5_top_liquid_20,0.010307380820909318,-0.002144,0.012451380820909318
20250917,000001.SZ,benchmark_relative_sample_covariance,CSI300,a5_top_liquid_20,0.0,0.006121,-0.006121
20250917,000002.SZ,benchmark_relative_sample_covariance,CSI300,a5_top_liquid_20,0.0014204545454545858,0.006121,-0.004700545454545414
20250917,000651.SZ,benchmark_relative_sample_covariance,CSI300,a5_top_liquid_20,0.007160493827160552,0.006121,0.0010394938271605526
20250917,000725.SZ,benchmark_relative_sample_covariance,CSI300,a5_top_liquid_20,0.007263922518159882,0.006121,0.0011429225181598824
20250917,002230.SZ,benchmark_relative_sample_covariance,CSI300,a5_top_liquid_20,0.0024870862827623963,0.006121,-0.0036339137172376034
20250917,002594.SZ,benchmark_relative_sample_covariance,CSI300,a5_top_liquid_20,0.0295918367346939,0.006121,0.023470836734693898
20250917,300750.SZ,benchmark_relative_sample_covariance,CSI300,a5_top_liquid_20,0.0670024333654009,0.006121,0.0608814333654009
20250917,600019.SH,benchmark_relative_sample_covariance,CSI300,a5_top_liquid_20,-0.0014430014430013571,0.006121,-0.007564001443001357
20250917,600030.SH,benchmark_relative_sample_covariance,CSI300,a5_top_liquid_20,-0.00990437158469959,0.006121,-0.01602537158469959
20250917,600050.SH,benchmark_relative_sample_covariance,CSI300,a5_top_liquid_20,0.007168458781362075,0.006121,0.0010474587813620751
20250917,600276.SH,benchmark_relative_sample_covariance,CSI300,a5_top_liquid_20,0.014172089660158926,0.006121,0.008051089660158927
20250917,600309.SH,benchmark_relative_sample_covariance,CSI300,a5_top_liquid_20,0.00600510433868795,0.006121,-0.0001158956613120498
20250917,600519.SH,benchmark_relative_sample_covariance,CSI300,a5_top_liquid_20,-0.004653395378605096,0.006121,-0.010774395378605096
20250917,600760.SH,benchmark_relative_sample_covariance,CSI300,a5_top_liquid_20,0.010537225773017855,0.006121,0.004416225773017856
20250917,600900.SH,benchmark_relative_sample_covariance,CSI300,a5_top_liquid_20,-0.0010818608005770392,0.006121,-0.007202860800577039
20250917,601012.SH,benchmark_relative_sample_covariance,CSI300,a5_top_liquid_20,0.014662756598240456,0.006121,0.008541756598240456
20250917,601225.SH,benchmark_relative_sample_covariance,CSI300,a5_top_liquid_20,0.026640355204736066,0.006121,0.020519355204736064
20250917,601318.SH,benchmark_relative_sample_covariance,CSI300,a5_top_liquid_20,-0.0008830801836806623,0.006121,-0.007004080183680662
20250917,601899.SH,benchmark_relative_sample_covariance,CSI300,a5_top_liquid_20,-0.009873617693522907,0.006121,-0.01599461769352291
20250917,688981.SH,benchmark_relative_sample_covariance,CSI300,a5_top_liquid_20,0.06932045910001827,0.006121,0.06319945910001827
20250918,000001.SZ,benchmark_relative_sample_covariance,CSI300,a5_top_liquid_20,-0.019759450171821347,-0.011627,-0.008132450171821346
20250918,000002.SZ,benchmark_relative_sample_covariance,CSI300,a5_top_liquid_20,-0.039716312056737646,-0.011627,-0.028089312056737648
20250918,000651.SZ,benchmark_relative_sample_covariance,CSI300,a5_top_liquid_20,-0.014219171365530747,-0.011627,-0.002592171365530747
20250918,000725.SZ,benchmark_relative_sample_covariance,CSI300,a5_top_liquid_20,-0.004807692307692402,-0.011627,0.0068193076923075985
20250918,002230.SZ,benchmark_relative_sample_covariance,CSI300,a5_top_liquid_20,0.0034351145038167274,-0.011627,0.015062114503816728
20250918,002594.SZ,benchmark_relative_sample_covariance,CSI300,a5_top_liquid_20,-0.011532570501846973,-0.011627,9.442949815302755e-05
20250918,300750.SZ,benchmark_relative_sample_covariance,CSI300,a5_top_liquid_20,-0.027075046406788705,-0.011627,-0.015448046406788705
20250918,600019.SH,benchmark_relative_sample_covariance,CSI300,a5_top_liquid_20,-0.00867052023121384,-0.011627,0.0029564797687861594
20250918,600030.SH,benchmark_relative_sample_covariance,CSI300,a5_top_liquid_20,-0.022076578130389657,-0.011627,-0.010449578130389657
20250918,600050.SH,benchmark_relative_sample_covariance,CSI300,a5_top_liquid_20,-0.026690391459074814,-0.011627,-0.015063391459074814
20250918,600276.SH,benchmark_relative_sample_covariance,CSI300,a5_top_liquid_20,0.013688863539141671,-0.011627,0.02531586353914167
20250918,600309.SH,benchmark_relative_sample_covariance,CSI300,a5_top_liquid_20,-0.016863154753022025,-0.011627,-0.005236154753022025
20250918,600519.SH,benchmark_relative_sample_covariance,CSI300,a5_top_liquid_20,-0.01677160080375084,-0.011627,-0.005144600803750841
20250918,600760.SH,benchmark_relative_sample_covariance,CSI300,a5_top_liquid_20,0.002564102564102555,-0.011627,0.014191102564102555
20250918,600900.SH,benchmark_relative_sample_covariance,CSI300,a5_top_liquid_20,-0.014079422382671458,-0.011627,-0.002452422382671458
20250918,601012.SH,benchmark_relative_sample_covariance,CSI300,a5_top_liquid_20,-0.02774566473988438,-0.011627,-0.01611866473988438
20250918,601225.SH,benchmark_relative_sample_covariance,CSI300,a5_top_liquid_20,-0.02979336857280146,-0.011627,-0.01816636857280146
20250918,601318.SH,benchmark_relative_sample_covariance,CSI300,a5_top_liquid_20,-0.02280360615167043,-0.011627,-0.01117660615167043
20250918,601899.SH,benchmark_relative_sample_covariance,CSI300,a5_top_liquid_20,-0.02592740327084153,-0.011627,-0.014300403270841531
20250918,688981.SH,benchmark_relative_sample_covariance,CSI300,a5_top_liquid_20,0.04054859868813354,-0.011627,0.05217559868813354
20250919,000001.SZ,benchmark_relative_sample_covariance,CSI300,a5_top_liquid_20,0.0035056967572304476,0.000847,0.0026586967572304475
20250919,000002.SZ,benchmark_relative_sample_covariance,CSI300,a5_top_liquid_20,0.03101920236336797,0.000847,0.03017220236336797
20250919,000651.SZ,benchmark_relative_sample_covariance,CSI300,a5_top_liquid_20,0.0057199701566774674,0.000847,0.004872970156677468
20250919,000725.SZ,benchmark_relative_sample_covariance,CSI300,a5_top_liquid_20,-0.0024154589371979673,0.000847,-0.0032624589371979674
20250919,002230.SZ,benchmark_relative_sample_covariance,CSI300,a5_top_liquid_20,0.004184100418409997,0.000847,0.003337100418409997
20250919,002594.SZ,benchmark_relative_sample_covariance,CSI300,a5_top_liquid_20,-0.005651262419104852,0.000847,-0.006498262419104852
20250919,300750.SZ,benchmark_relative_sample_covariance,CSI300,a5_top_liquid_20,0.004360980130284409,0.000847,0.0035139801302844086
20250919,600019.SH,benchmark_relative_sample_covariance,CSI300,a5_top_liquid_20,0.007288629737609353,0.000847,0.006441629737609354
20250919,600030.SH,benchmark_relative_sample_covariance,CSI300,a5_top_liquid_20,-0.001410934744268122,0.000847,-0.002257934744268122
20250919,600050.SH,benchmark_relative_sample_covariance,CSI300,a5_top_liquid_20,-0.009140767824497242,0.000847,-0.009987767824497243
20250919,600276.SH,benchmark_relative_sample_covariance,CSI300,a5_top_liquid_20,-0.020256013504008963,0.000847,-0.021103013504008963
20250919,600309.SH,benchmark_relative_sample_covariance,CSI300,a5_top_liquid_20,-0.008652094717668368,0.000847,-0.009499094717668369
20250919,600519.SH,benchmark_relative_sample_covariance,CSI300,a5_top_liquid_20,6.8121747185401205e-06,0.000847,-0.0008401878252814599
20250919,600760.SH,benchmark_relative_sample_covariance,CSI300,a5_top_liquid_20,0.06479113384484236,0.000847,0.06394413384484236
20250919,600900.SH,benchmark_relative_sample_covariance,CSI300,a5_top_liquid_20,-0.004027828634199926,0.000847,-0.0048748286341999255
20250919,601012.SH,benchmark_relative_sample_covariance,CSI300,a5_top_liquid_20,0.0047562425683709275,0.000847,0.003909242568370928
20250919,601225.SH,benchmark_relative_sample_covariance,CSI300,a5_top_liquid_20,0.02625061911837534,0.000847,0.02540361911837534
20250919,601318.SH,benchmark_relative_sample_covariance,CSI300,a5_top_liquid_20,-0.0032561505065122898,0.000847,-0.004103150506512289
20250919,601899.SH,benchmark_relative_sample_covariance,CSI300,a5_top_liquid_20,0.02457002457002444,0.000847,0.02372302457002444
20250919,688981.SH,benchmark_relative_sample_covariance,CSI300,a5_top_liquid_20,-0.00663119115841182,0.000847,-0.00747819115841182
20250922,000001.SZ,benchmark_relative_sample_covariance,CSI300,a5_top_liquid_20,-0.006113537117903856,0.004595,-0.010708537117903856
20250922,000002.SZ,benchmark_relative_sample_covariance,CSI300,a5_top_liquid_20,0.002865329512893977,0.004595,-0.001729670487106023
20250922,000651.SZ,benchmark_relative_sample_covariance,CSI300,a5_top_liquid_20,-0.015084075173095957,0.004595,-0.01967907517309596
20250922,000725.SZ,benchmark_relative_sample_covariance,CSI300,a5_top_liquid_20,0.002421307506053294,0.004595,-0.002173692493946706
20250922,002230.SZ,benchmark_relative_sample_covariance,CSI300,a5_top_liquid_20,0.007575757575757791,0.004595,0.002980757575757791
20250922,002594.SZ,benchmark_relative_sample_covariance,CSI300,a5_top_liquid_20,-0.010083417361811398,0.004595,-0.014678417361811398
20250922,300750.SZ,benchmark_relative_sample_covariance,CSI300,a5_top_liquid_20,0.004233493446226477,0.004595,-0.00036150655377352285
20250922,600019.SH,benchmark_relative_sample_covariance,CSI300,a5_top_liquid_20,0.00723589001447178,0.004595,0.0026408900144717796
20250922,600030.SH,benchmark_relative_sample_covariance,CSI300,a5_top_liquid_20,0.016601907453196896,0.004595,0.012006907453196896
20250922,600050.SH,benchmark_relative_sample_covariance,CSI300,a5_top_liquid_20,0.009225092250922495,0.004595,0.004630092250922495
20250922,600276.SH,benchmark_relative_sample_covariance,CSI300,a5_top_liquid_20,0.02010050251256268,0.004595,0.015505502512562679
20250922,600309.SH,benchmark_relative_sample_covariance,CSI300,a5_top_liquid_20,-0.018527024957893268,0.004595,-0.02312202495789327
20250922,600519.SH,benchmark_relative_sample_covariance,CSI300,a5_top_liquid_20,-0.00995933159397,0.004595,-0.01455433159397
20250922,600760.SH,benchmark_relative_sample_covariance,CSI300,a5_top_liquid_20,0.020656525220176025,0.004595,0.016061525220176023
20250922,600900.SH,benchmark_relative_sample_covariance,CSI300,a5_top_liquid_20,-0.002941176470588225,0.004595,-0.007536176470588225
20250922,601012.SH,benchmark_relative_sample_covariance,CSI300,a5_top_liquid_20,-0.017751479289940697,0.004595,-0.0223464792899407
20250922,601225.SH,benchmark_relative_sample_covariance,CSI300,a5_top_liquid_20,-0.012065637065637014,0.004595,-0.016660637065637016
20250922,601318.SH,benchmark_relative_sample_covariance,CSI300,a5_top_liquid_20,0.0009074410163338875,0.004595,-0.0036875589836661126
20250922,601899.SH,benchmark_relative_sample_covariance,CSI300,a5_top_liquid_20,0.013988808952837717,0.004595,0.009393808952837717
20250922,688981.SH,benchmark_relative_sample_covariance,CSI300,a5_top_liquid_20,0.062469095104664474,0.004595,0.05787409510466447
20250923,000001.SZ,benchmark_relative_sample_covariance,CSI300,a5_top_liquid_20,0.012302284710017375,-0.000626,0.012928284710017375
20250923,000002.SZ,benchmark_relative_sample_covariance,CSI300,a5_top_liquid_20,-0.034285714285714364,-0.000626,-0.03365971428571436
20250923,000651.SZ,benchmark_relative_sample_covariance,CSI300,a5_top_liquid_20,-0.0047702736630680365,-0.000626,-0.004144273663068037
20250923,000725.SZ,benchmark_relative_sample_covariance,CSI300,a5_top_liquid_20,0.004830917874396157,-0.000626,0.0054569178743961565
20250923,002230.SZ,benchmark_relative_sample_covariance,CSI300,a5_top_liquid_20,-0.029135338345864792,-0.000626,-0.02850933834586479
20250923,002594.SZ,benchmark_relative_sample_covariance,CSI300,a5_top_liquid_20,-0.02213167885915368,-0.000626,-0.02150567885915368
20250923,300750.SZ,benchmark_relative_sample_covariance,CSI300,a5_top_liquid_20,-0.005134441291717473,-0.000626,-0.004508441291717473
20250923,600019.SH,benchmark_relative_sample_covariance,CSI300,a5_top_liquid_20,-0.005747126436781658,-0.000626,-0.005121126436781658
20250923,600030.SH,benchmark_relative_sample_covariance,CSI300,a5_top_liquid_20,-0.00972897845726206,-0.000626,-0.009102978457262061
20250923,600050.SH,benchmark_relative_sample_covariance,CSI300,a5_top_liquid_20,-0.009140767824497242,-0.000626,-0.008514767824497243
20250923,600276.SH,benchmark_relative_sample_covariance,CSI300,a5_top_liquid_20,-0.0190007037297677,-0.000626,-0.018374703729767697
20250923,600309.SH,benchmark_relative_sample_covariance,CSI300,a5_top_liquid_20,-0.011856474258970184,-0.000626,-0.011230474258970185
20250923,600519.SH,benchmark_relative_sample_covariance,CSI300,a5_top_liquid_20,-0.004080228437747135,-0.000626,-0.0034542284377471356
20250923,600760.SH,benchmark_relative_sample_covariance,CSI300,a5_top_liquid_20,0.0,-0.000626,0.000626
20250923,600900.SH,benchmark_relative_sample_covariance,CSI300,a5_top_liquid_20,0.007374631268436627,-0.000626,0.008000631268436626
20250923,601012.SH,benchmark_relative_sample_covariance,CSI300,a5_top_liquid_20,-0.01867469879518091,-0.000626,-0.01804869879518091
20250923,601225.SH,benchmark_relative_sample_covariance,CSI300,a5_top_liquid_20,0.009281875915974735,-0.000626,0.009907875915974735
20250923,601318.SH,benchmark_relative_sample_covariance,CSI300,a5_top_liquid_20,-0.0023572076155937705,-0.000626,-0.0017312076155937704
20250923,601899.SH,benchmark_relative_sample_covariance,CSI300,a5_top_liquid_20,0.017737485218762394,-0.000626,0.018363485218762396
20250923,688981.SH,benchmark_relative_sample_covariance,CSI300,a5_top_liquid_20,-0.0031802668321438965,-0.000626,-0.0025542668321438967
20250924,000001.SZ,benchmark_relative_sample_covariance,CSI300,a5_top_liquid_20,-0.005208333333333259,0.010242,-0.015450333333333259
20250924,000002.SZ,benchmark_relative_sample_covariance,CSI300,a5_top_liquid_20,0.01183431952662728,0.010242,0.00159231952662728
20250924,000651.SZ,benchmark_relative_sample_covariance,CSI300,a5_top_liquid_20,0.008829465186680263,0.010242,-0.0014125348133197362
20250924,000725.SZ,benchmark_relative_sample_covariance,CSI300,a5_top_liquid_20,0.012019230769230616,0.010242,0.0017772307692306161
20250924,002230.SZ,benchmark_relative_sample_covariance,CSI300,a5_top_liquid_20,0.06582768635043568,0.010242,0.055585686350435676
20250924,002594.SZ,benchmark_relative_sample_covariance,CSI300,a5_top_liquid_20,0.0010416666666666075,0.010242,-0.009200333333333392
20250924,300750.SZ,benchmark_relative_sample_covariance,CSI300,a5_top_liquid_20,0.03199782697270148,0.010242,0.02175582697270148
20250924,600019.SH,benchmark_relative_sample_covariance,CSI300,a5_top_liquid_20,0.008823529411764675,0.010242,-0.0014184705882353248
20250924,600030.SH,benchmark_relative_sample_covariance,CSI300,a5_top_liquid_20,0.006666666666666821,0.010242,-0.0035753333333331788
20250924,600050.SH,benchmark_relative_sample_covariance,CSI300,a5_top_liquid_20,0.011070110701107083,0.010242,0.0008281107011070838
20250924,600276.SH,benchmark_relative_sample_covariance,CSI300,a5_top_liquid_20,0.00588235294117645,0.010242,-0.00435964705882355
20250924,600309.SH,benchmark_relative_sample_covariance,CSI300,a5_top_liquid_20,0.005367856015156214,0.010242,-0.004874143984843786
20250924,600519.SH,benchmark_relative_sample_covariance,CSI300,a5_top_liquid_20,-0.0037445938290199265,0.010242,-0.013986593829019926
20250924,600760.SH,benchmark_relative_sample_covariance,CSI300,a5_top_liquid_20,0.00627549419516793,0.010242,-0.003966505804832069
20250924,600900.SH,benchmark_relative_sample_covariance,CSI300,a5_top_liquid_20,-0.0025622254758418395,0.010242,-0.012804225475841839
20250924,601012.SH,benchmark_relative_sample_covariance,CSI300,a5_top_liquid_20,0.06813996316758741,0.010242,0.05789796316758741
20250924,601225.SH,benchmark_relative_sample_covariance,CSI300,a5_top_liquid_20,-0.005324298160697016,0.010242,-0.015566298160697016
20250924,601318.SH,benchmark_relative_sample_covariance,CSI300,a5_top_liquid_20,0.004907306434023928,0.010242,-0.005334693565976071
20250924,601899.SH,benchmark_relative_sample_covariance,CSI300,a5_top_liquid_20,0.004260263361735017,0.010242,-0.005981736638264982
20250924,688981.SH,benchmark_relative_sample_covariance,CSI300,a5_top_liquid_20,0.05034627655435364,0.010242,0.04010427655435364
20250925,000001.SZ,benchmark_relative_sample_covariance,CSI300,a5_top_liquid_20,-0.005235602094240899,0.006004,-0.011239602094240898
20250925,000002.SZ,benchmark_relative_sample_covariance,CSI300,a5_top_liquid_20,-0.005847953216374324,0.006004,-0.011851953216374323
20250925,000651.SZ,benchmark_relative_sample_covariance,CSI300,a5_top_liquid_20,-0.012253063265816544,0.006004,-0.018257063265816543
20250925,000725.SZ,benchmark_relative_sample_covariance,CSI300,a5_top_liquid_20,-0.009501187648456089,0.006004,-0.015505187648456088
20250925,002230.SZ,benchmark_relative_sample_covariance,CSI300,a5_top_liquid_20,0.020345140781108162,0.006004,0.014341140781108163
20250925,002594.SZ,benchmark_relative_sample_covariance,CSI300,a5_top_liquid_20,0.016933118910226197,0.006004,0.010929118910226198
20250925,300750.SZ,benchmark_relative_sample_covariance,CSI300,a5_top_liquid_20,0.034006264311847056,0.006004,0.028002264311847058
20250925,600019.SH,benchmark_relative_sample_covariance,CSI300,a5_top_liquid_20,-0.010204081632653073,0.006004,-0.01620808163265307
20250925,600030.SH,benchmark_relative_sample_covariance,CSI300,a5_top_liquid_20,0.0006971070059254014,0.006004,-0.005306892994074598
20250925,600050.SH,benchmark_relative_sample_covariance,CSI300,a5_top_liquid_20,-0.005474452554744547,0.006004,-0.011478452554744546
20250925,600276.SH,benchmark_relative_sample_covariance,CSI300,a5_top_liquid_20,0.03080872913992283,0.006004,0.02480472913992283
20250925,600309.SH,benchmark_relative_sample_covariance,CSI300,a5_top_liquid_20,0.013819095477386911,0.006004,0.007815095477386912
20250925,600519.SH,benchmark_relative_sample_covariance,CSI300,a5_top_liquid_20,-0.0020804438280166426,0.006004,-0.008084443828016642
20250925,600760.SH,benchmark_relative_sample_covariance,CSI300,a5_top_liquid_20,-0.004053632678515662,0.006004,-0.01005763267851566
20250925,600900.SH,benchmark_relative_sample_covariance,CSI300,a5_top_liquid_20,0.0014678899082567476,0.006004,-0.004536110091743252
20250925,601012.SH,benchmark_relative_sample_covariance,CSI300,a5_top_liquid_20,0.020689655172414056,0.006004,0.014685655172414058
20250925,601225.SH,benchmark_relative_sample_covariance,CSI300,a5_top_liquid_20,-0.004379562043795637,0.006004,-0.010383562043795636
20250925,601318.SH,benchmark_relative_sample_covariance,CSI300,a5_top_liquid_20,-0.003617290649303606,0.006004,-0.009621290649303605
20250925,601899.SH,benchmark_relative_sample_covariance,CSI300,a5_top_liquid_20,0.051677593521018084,0.006004,0.04567359352101808
20250925,688981.SH,benchmark_relative_sample_covariance,CSI300,a5_top_liquid_20,-0.006445399318417366,0.006004,-0.012449399318417365
20250926,000001.SZ,benchmark_relative_sample_covariance,CSI300,a5_top_liquid_20,0.0,-0.009457,0.009457
20250926,000002.SZ,benchmark_relative_sample_covariance,CSI300,a5_top_liquid_20,0.0,-0.009457,0.009457
20250926,000651.SZ,benchmark_relative_sample_covariance,CSI300,a5_top_liquid_20,0.008860759493670933,-0.009457,0.018317759493670933
20250926,000725.SZ,benchmark_relative_sample_covariance,CSI300,a5_top_liquid_20,-0.016786570743405393,-0.009457,-0.007329570743405393
20250926,002230.SZ,benchmark_relative_sample_covariance,CSI300,a5_top_liquid_20,-0.03507210254584292,-0.009457,-0.02561510254584292
20250926,002594.SZ,benchmark_relative_sample_covariance,CSI300,a5_top_liquid_20,-0.0019534883720929708,-0.009457,0.007503511627907029
20250926,300750.SZ,benchmark_relative_sample_covariance,CSI300,a5_top_liquid_20,-0.03169148529973287,-0.009457,-0.02223448529973287
20250926,600019.SH,benchmark_relative_sample_covariance,CSI300,a5_top_liquid_20,0.025036818851251752,-0.009457,0.03449381885125175
20250926,600030.SH,benchmark_relative_sample_covariance,CSI300,a5_top_liquid_20,0.0003483106931381208,-0.009457,0.009805310693138121
20250926,600050.SH,benchmark_relative_sample_covariance,CSI300,a5_top_liquid_20,-0.007339449541284404,-0.009457,0.002117550458715596
20250926,600276.SH,benchmark_relative_sample_covariance,CSI300,a5_top_liquid_20,-0.030303030303030276,-0.009457,-0.020846030303030276
20250926,600309.SH,benchmark_relative_sample_covariance,CSI300,a5_top_liquid_20,-0.00851920693928121,-0.009457,0.0009377930607187904
20250926,600519.SH,benchmark_relative_sample_covariance,CSI300,a5_top_liquid_20,-0.002779708130646319,-0.009457,0.006677291869353681
20250926,600760.SH,benchmark_relative_sample_covariance,CSI300,a5_top_liquid_20,0.009392611145898622,-0.009457,0.018849611145898622
20250926,600900.SH,benchmark_relative_sample_covariance,CSI300,a5_top_liquid_20,0.006595822645657723,-0.009457,0.016052822645657723
20250926,601012.SH,benchmark_relative_sample_covariance,CSI300,a5_top_liquid_20,-0.014639639639639768,-0.009457,-0.0051826396396397675
20250926,601225.SH,benchmark_relative_sample_covariance,CSI300,a5_top_liquid_20,-0.004897159647404559,-0.009457,0.0045598403525954415
20250926,601318.SH,benchmark_relative_sample_covariance,CSI300,a5_top_liquid_20,0.0023597749137773683,-0.009457,0.011816774913777368
20250926,601899.SH,benchmark_relative_sample_covariance,CSI300,a5_top_liquid_20,0.0047671433810048125,-0.009457,0.014224143381004813
20250926,688981.SH,benchmark_relative_sample_covariance,CSI300,a5_top_liquid_20,-0.013720080530907452,-0.009457,-0.004263080530907452
20250929,000001.SZ,benchmark_relative_sample_covariance,CSI300,a5_top_liquid_20,-0.0026315789473685403,0.015385,-0.01801657894736854
20250929,000002.SZ,benchmark_relative_sample_covariance,CSI300,a5_top_liquid_20,0.0014705882352941124,0.015385,-0.013914411764705887
20250929,000651.SZ,benchmark_relative_sample_covariance,CSI300,a5_top_liquid_20,0.0022584692597238387,0.015385,-0.01312653074027616
20250929,000725.SZ,benchmark_relative_sample_covariance,CSI300,a5_top_liquid_20,0.004878048780487809,0.015385,-0.01050695121951219
20250929,002230.SZ,benchmark_relative_sample_covariance,CSI300,a5_top_liquid_20,-0.004612546125461248,0.015385,-0.019997546125461247
20250929,002594.SZ,benchmark_relative_sample_covariance,CSI300,a5_top_liquid_20,0.012303103737533627,0.015385,-0.003081896262466372
20250929,300750.SZ,benchmark_relative_sample_covariance,CSI300,a5_top_liquid_20,0.044610935856992606,0.015385,0.029225935856992607
20250929,600019.SH,benchmark_relative_sample_covariance,CSI300,a5_top_liquid_20,0.004310344827586299,0.015385,-0.0110746551724137
20250929,600030.SH,benchmark_relative_sample_covariance,CSI300,a5_top_liquid_20,0.05884401114206139,0.015385,0.043459011142061396
20250929,600050.SH,benchmark_relative_sample_covariance,CSI300,a5_top_liquid_20,0.009242144177449063,0.015385,-0.006142855822550936
20250929,600276.SH,benchmark_relative_sample_covariance,CSI300,a5_top_liquid_20,-0.012557077625570678,0.015385,-0.027942077625570678
20250929,600309.SH,benchmark_relative_sample_covariance,CSI300,a5_top_liquid_20,0.03015153882205901,0.015385,0.01476653882205901
20250929,600519.SH,benchmark_relative_sample_covariance,CSI300,a5_top_liquid_20,0.018020905923344932,0.015385,0.0026359059233449326
20250929,600760.SH,benchmark_relative_sample_covariance,CSI300,a5_top_liquid_20,0.012717121588089242,0.015385,-0.0026678784119107575
20250929,600900.SH,benchmark_relative_sample_covariance,CSI300,a5_top_liquid_20,-0.006188569348379969,0.015385,-0.021573569348379968
20250929,601012.SH,benchmark_relative_sample_covariance,CSI300,a5_top_liquid_20,0.004571428571428449,0.015385,-0.01081357142857155
20250929,601225.SH,benchmark_relative_sample_covariance,CSI300,a5_top_liquid_20,-0.01279527559055127,0.015385,-0.02818027559055127
20250929,601318.SH,benchmark_relative_sample_covariance,CSI300,a5_top_liquid_20,0.014306410720753338,0.015385,-0.0010785892792466618
20250929,601899.SH,benchmark_relative_sample_covariance,CSI300,a5_top_liquid_20,0.050000000000000044,0.015385,0.03461500000000005
20250929,688981.SH,benchmark_relative_sample_covariance,CSI300,a5_top_liquid_20,0.02835110002268082,0.015385,0.01296610002268082
20250930,000001.SZ,benchmark_relative_sample_covariance,CSI300,a5_top_liquid_20,-0.0026385224274405594,0.004468,-0.007106522427440559
20250930,000002.SZ,benchmark_relative_sample_covariance,CSI300,a5_top_liquid_20,0.011747430249632984,0.004468,0.007279430249632984
20250930,000651.SZ,benchmark_relative_sample_covariance,CSI300,a5_top_liquid_20,-0.0055082623935903685,0.004468,-0.009976262393590368
20250930,000725.SZ,benchmark_relative_sample_covariance,CSI300,a5_top_liquid_20,0.009708737864077666,0.004468,0.005240737864077666
20250930,002230.SZ,benchmark_relative_sample_covariance,CSI300,a5_top_liquid_20,0.038924930491195386,0.004468,0.03445693049119539
20250930,002594.SZ,benchmark_relative_sample_covariance,CSI300,a5_top_liquid_20,0.005524353190313969,0.004468,0.001056353190313969
20250930,300750.SZ,benchmark_relative_sample_covariance,CSI300,a5_top_liquid_20,0.011651609331353674,0.004468,0.007183609331353674
20250930,600019.SH,benchmark_relative_sample_covariance,CSI300,a5_top_liquid_20,0.011444921316166035,0.004468,0.006976921316166035
20250930,600030.SH,benchmark_relative_sample_covariance,CSI300,a5_top_liquid_20,-0.016770799079250276,0.004468,-0.021238799079250276
20250930,600050.SH,benchmark_relative_sample_covariance,CSI300,a5_top_liquid_20,0.0073260073260073,0.004468,0.0028580073260073002
20250930,600276.SH,benchmark_relative_sample_covariance,CSI300,a5_top_liquid_20,0.03395953757225434,0.004468,0.02949153757225434
20250930,600309.SH,benchmark_relative_sample_covariance,CSI300,a5_top_liquid_20,0.009705793145283526,0.004468,0.005237793145283526
20250930,600519.SH,benchmark_relative_sample_covariance,CSI300,a5_top_liquid_20,-0.011547992278520769,0.004468,-0.01601599227852077
20250930,600760.SH,benchmark_relative_sample_covariance,CSI300,a5_top_liquid_20,0.10000000000000009,0.004468,0.09553200000000009
20250930,600900.SH,benchmark_relative_sample_covariance,CSI300,a5_top_liquid_20,-0.001831501831501825,0.004468,-0.006299501831501825
20250930,601012.SH,benchmark_relative_sample_covariance,CSI300,a5_top_liquid_20,0.023890784982935287,0.004468,0.019422784982935287
20250930,601225.SH,benchmark_relative_sample_covariance,CSI300,a5_top_liquid_20,-0.0029910269192422456,0.004468,-0.007459026919242245
20250930,601318.SH,benchmark_relative_sample_covariance,CSI300,a5_top_liquid_20,-0.016068559185859588,0.004468,-0.020536559185859588
20250930,601899.SH,benchmark_relative_sample_covariance,CSI300,a5_top_liquid_20,0.031173380035026232,0.004468,0.026705380035026233
20250930,688981.SH,benchmark_relative_sample_covariance,CSI300,a5_top_liquid_20,0.030216144684604984,0.004468,0.025748144684604984
20251009,000001.SZ,benchmark_relative_sample_covariance,CSI300,a5_top_liquid_20,0.005291005291005346,0.014823,-0.009531994708994653
20251009,000002.SZ,benchmark_relative_sample_covariance,CSI300,a5_top_liquid_20,-0.014513788098693747,0.014823,-0.029336788098693747
20251009,000651.SZ,benchmark_relative_sample_covariance,CSI300,a5_top_liquid_20,0.0166163141993958,0.014823,0.0017933141993957992
20251009,000725.SZ,benchmark_relative_sample_covariance,CSI300,a5_top_liquid_20,0.028846153846153966,0.014823,0.014023153846153966
20251009,002230.SZ,benchmark_relative_sample_covariance,CSI300,a5_top_liquid_20,0.06404995539696712,0.014823,0.049226955396967115
20251009,002594.SZ,benchmark_relative_sample_covariance,CSI300,a5_top_liquid_20,0.012727772182034691,0.014823,-0.002095227817965308
20251009,300750.SZ,benchmark_relative_sample_covariance,CSI300,a5_top_liquid_20,0.019626865671641847,0.014823,0.004803865671641847
20251009,600019.SH,benchmark_relative_sample_covariance,CSI300,a5_top_liquid_20,0.01555869872701554,0.014823,0.0007356987270155414
20251009,600030.SH,benchmark_relative_sample_covariance,CSI300,a5_top_liquid_20,-0.00836120401337792,0.014823,-0.02318420401337792
20251009,600050.SH,benchmark_relative_sample_covariance,CSI300,a5_top_liquid_20,0.014545454545454639,0.014823,-0.00027754545454536025
20251009,600276.SH,benchmark_relative_sample_covariance,CSI300,a5_top_liquid_20,-0.005590496156533731,0.014823,-0.02041349615653373
20251009,600309.SH,benchmark_relative_sample_covariance,CSI300,a5_top_liquid_20,0.01727245419044765,0.014823,0.002449454190447651
20251009,600519.SH,benchmark_relative_sample_covariance,CSI300,a5_top_liquid_20,-0.00499310937056352,0.014823,-0.01981610937056352
20251009,600760.SH,benchmark_relative_sample_covariance,CSI300,a5_top_liquid_20,-0.00863149102046501,0.014823,-0.02345449102046501
20251009,600900.SH,benchmark_relative_sample_covariance,CSI300,a5_top_liquid_20,0.01577981651376148,0.014823,0.0009568165137614805
20251009,601012.SH,benchmark_relative_sample_covariance,CSI300,a5_top_liquid_20,0.04888888888888876,0.014823,0.03406588888888876
20251009,601225.SH,benchmark_relative_sample_covariance,CSI300,a5_top_liquid_20,0.02100000000000013,0.014823,0.00617700000000013
20251009,601318.SH,benchmark_relative_sample_covariance,CSI300,a5_top_liquid_20,-0.0012701868989294374,0.014823,-0.016093186898929437
20251009,601899.SH,benchmark_relative_sample_covariance,CSI300,a5_top_liquid_20,0.0998641304347827,0.014823,0.0850411304347827
20251009,688981.SH,benchmark_relative_sample_covariance,CSI300,a5_top_liquid_20,-0.008706201384428791,0.014823,-0.02352920138442879
20251010,000001.SZ,benchmark_relative_sample_covariance,CSI300,a5_top_liquid_20,0.002631578947368318,-0.019673,0.022304578947368318
20251010,000002.SZ,benchmark_relative_sample_covariance,CSI300,a5_top_liquid_20,-0.00589101620029453,-0.019673,0.01378198379970547
20251010,000651.SZ,benchmark_relative_sample_covariance,CSI300,a5_top_liquid_20,0.0007429420505198348,-0.019673,0.020415942050519834
20251010,000725.SZ,benchmark_relative_sample_covariance,CSI300,a5_top_liquid_20,-0.02570093457943934,-0.019673,-0.006027934579439339
20251010,002230.SZ,benchmark_relative_sample_covariance,CSI300,a5_top_liquid_20,-0.06153588195841719,-0.019673,-0.0418628819584172
20251010,002594.SZ,benchmark_relative_sample_covariance,CSI300,a5_top_liquid_20,-0.025406871609403137,-0.019673,-0.005733871609403137
20251010,300750.SZ,benchmark_relative_sample_covariance,CSI300,a5_top_liquid_20,-0.06816462953475322,-0.019673,-0.04849162953475322
20251010,600019.SH,benchmark_relative_sample_covariance,CSI300,a5_top_liquid_20,0.011142061281337101,-0.019673,0.0308150612813371
20251010,600030.SH,benchmark_relative_sample_covariance,CSI300,a5_top_liquid_20,0.0010118043844857816,-0.019673,0.02068480438448578
20251010,600050.SH,benchmark_relative_sample_covariance,CSI300,a5_top_liquid_20,-0.008960573476702427,-0.019673,0.010712426523297573
20251010,600276.SH,benchmark_relative_sample_covariance,CSI300,a5_top_liquid_20,-0.04146170063246668,-0.019673,-0.02178870063246668
20251010,600309.SH,benchmark_relative_sample_covariance,CSI300,a5_top_liquid_20,0.0,-0.019673,0.019673
20251010,600519.SH,benchmark_relative_sample_covariance,CSI300,a5_top_liquid_20,-0.0047188852851515195,-0.019673,0.01495411471484848
20251010,600760.SH,benchmark_relative_sample_covariance,CSI300,a5_top_liquid_20,-0.0002808594298553402,-0.019673,0.01939214057014466
20251010,600900.SH,benchmark_relative_sample_covariance,CSI300,a5_top_liquid_20,0.0018063583815028927,-0.019673,0.021479358381502892
20251010,601012.SH,benchmark_relative_sample_covariance,CSI300,a5_top_liquid_20,-0.025423728813559365,-0.019673,-0.005750728813559366
20251010,601225.SH,benchmark_relative_sample_covariance,CSI300,a5_top_liquid_20,0.012242899118511286,-0.019673,0.03191589911851128
20251010,601318.SH,benchmark_relative_sample_covariance,CSI300,a5_top_liquid_20,0.009084302325581328,-0.019673,0.028757302325581328
20251010,601899.SH,benchmark_relative_sample_covariance,CSI300,a5_top_liquid_20,-0.04663372452130954,-0.019673,-0.02696072452130954
20251010,688981.SH,benchmark_relative_sample_covariance,CSI300,a5_top_liquid_20,-0.07890000719890577,-0.019673,-0.05922700719890578
20251013,000001.SZ,benchmark_relative_sample_covariance,CSI300,a5_top_liquid_20,-0.002624671916010457,-0.0049499999999999,0.0023253280839894428
20251013,000002.SZ,benchmark_relative_sample_covariance,CSI300,a5_top_liquid_20,-0.026666666666666616,-0.0049499999999999,-0.021716666666666717
20251013,000651.SZ,benchmark_relative_sample_covariance,CSI300,a5_top_liquid_20,0.0009898539965356168,-0.0049499999999999,0.005939853996535517
20251013,000725.SZ,benchmark_relative_sample_covariance,CSI300,a5_top_liquid_20,-0.014388489208633004,-0.0049499999999999,-0.009438489208633105
20251013,002230.SZ,benchmark_relative_sample_covariance,CSI300,a5_top_liquid_20,-0.009826692871180986,-0.0049499999999999,-0.004876692871181087
20251013,002594.SZ,benchmark_relative_sample_covariance,CSI300,a5_top_liquid_20,-0.01948232674645156,-0.0049499999999999,-0.014532326746451663
20251013,300750.SZ,benchmark_relative_sample_covariance,CSI300,a5_top_liquid_20,-0.019505170833878704,-0.0049499999999999,-0.014555170833878806
20251013,600019.SH,benchmark_relative_sample_covariance,CSI300,a5_top_liquid_20,0.0027548209366392573,-0.0049499999999999,0.007704820936639157
20251013,600030.SH,benchmark_relative_sample_covariance,CSI300,a5_top_liquid_20,-0.016172506738544534,-0.0049499999999999,-0.011222506738544635
20251013,600050.SH,benchmark_relative_sample_covariance,CSI300,a5_top_liquid_20,0.0,-0.0049499999999999,0.0049499999999999
20251013,600276.SH,benchmark_relative_sample_covariance,CSI300,a5_top_liquid_20,-0.017888563049853312,-0.0049499999999999,-0.012938563049853413
20251013,600309.SH,benchmark_relative_sample_covariance,CSI300,a5_top_liquid_20,-0.020375018455632832,-0.0049499999999999,-0.015425018455632933
20251013,600519.SH,benchmark_relative_sample_covariance,CSI300,a5_top_liquid_20,-0.00755244755244755,-0.0049499999999999,-0.00260244755244765
20251013,600760.SH,benchmark_relative_sample_covariance,CSI300,a5_top_liquid_20,-0.0061806433487848755,-0.0049499999999999,-0.0012306433487849757
20251013,600900.SH,benchmark_relative_sample_covariance,CSI300,a5_top_liquid_20,0.0021637216011538563,-0.0049499999999999,0.007113721601153756
20251013,601012.SH,benchmark_relative_sample_covariance,CSI300,a5_top_liquid_20,-0.014673913043478204,-0.0049499999999999,-0.009723913043478305
20251013,601225.SH,benchmark_relative_sample_covariance,CSI300,a5_top_liquid_20,-0.005321722302854548,-0.0049499999999999,-0.00037172230285464816
20251013,601318.SH,benchmark_relative_sample_covariance,CSI300,a5_top_liquid_20,-0.00792221822110184,-0.0049499999999999,-0.00297221822110194
20251013,601899.SH,benchmark_relative_sample_covariance,CSI300,a5_top_liquid_20,0.013929381276320152,-0.0049499999999999,0.01887938127632005
20251013,688981.SH,benchmark_relative_sample_covariance,CSI300,a5_top_liquid_20,0.06658851113716291,-0.0049499999999999,0.07153851113716281
20251014,000001.SZ,benchmark_relative_sample_covariance,CSI300,a5_top_liquid_20,0.014912280701754321,-0.011953,0.02686528070175432
20251014,000002.SZ,benchmark_relative_sample_covariance,CSI300,a5_top_liquid_20,-0.0060882800608828,-0.011953,0.0058647199391172
20251014,000651.SZ,benchmark_relative_sample_covariance,CSI300,a5_top_liquid_20,0.0032138442521629784,-0.011953,0.015166844252162979
20251014,000725.SZ,benchmark_relative_sample_covariance,CSI300,a5_top_liquid_20,-0.012165450121654708,-0.011953,-0.00021245012165470832
20251014,002230.SZ,benchmark_relative_sample_covariance,CSI300,a5_top_liquid_20,-0.04547094911584271,-0.011953,-0.03351794911584271
20251014,002594.SZ,benchmark_relative_sample_covariance,CSI300,a5_top_liquid_20,0.0028384899233606653,-0.011953,0.014791489923360665
20251014,300750.SZ,benchmark_relative_sample_covariance,CSI300,a5_top_liquid_20,-0.044058744993324406,-0.011953,-0.03210574499332441
20251014,600019.SH,benchmark_relative_sample_covariance,CSI300,a5_top_liquid_20,-0.008241758241758323,-0.011953,0.0037112417582416766
20251014,600030.SH,benchmark_relative_sample_covariance,CSI300,a5_top_liquid_20,-0.005821917808219168,-0.011953,0.006131082191780832
20251014,600050.SH,benchmark_relative_sample_covariance,CSI300,a5_top_liquid_20,-0.001808318264014619,-0.011953,0.010144681735985381
20251014,600276.SH,benchmark_relative_sample_covariance,CSI300,a5_top_liquid_20,-0.04045983875783832,-0.011953,-0.02850683875783832
20251014,600309.SH,benchmark_relative_sample_covariance,CSI300,a5_top_liquid_20,-0.023813112283345816,-0.011953,-0.011860112283345816
20251014,600519.SH,benchmark_relative_sample_covariance,CSI300,a5_top_liquid_20,0.02242108229988715,-0.011953,0.03437408229988715
20251014,600760.SH,benchmark_relative_sample_covariance,CSI300,a5_top_liquid_20,-0.0428268551236749,-0.011953,-0.030873855123674902
20251014,600900.SH,benchmark_relative_sample_covariance,CSI300,a5_top_liquid_20,0.007196833393307012,-0.011953,0.01914983339330701
20251014,601012.SH,benchmark_relative_sample_covariance,CSI300,a5_top_liquid_20,0.06343077771649219,-0.011953,0.0753837777164922
20251014,601225.SH,benchmark_relative_sample_covariance,CSI300,a5_top_liquid_20,0.03745136186770437,-0.011953,0.04940436186770437
20251014,601318.SH,benchmark_relative_sample_covariance,CSI300,a5_top_liquid_20,0.025045372050816583,-0.011953,0.03699837205081658
20251014,601899.SH,benchmark_relative_sample_covariance,CSI300,a5_top_liquid_20,-0.057507987220447254,-0.011953,-0.045554987220447256
20251014,688981.SH,benchmark_relative_sample_covariance,CSI300,a5_top_liquid_20,-0.06792701692679703,-0.011953,-0.055974016926797036
20251015,000001.SZ,benchmark_relative_sample_covariance,CSI300,a5_top_liquid_20,0.0061782877316858276,0.01481,-0.008631712268314173
20251015,000002.SZ,benchmark_relative_sample_covariance,CSI300,a5_top_liquid_20,-0.006125574272588086,0.01481,-0.020935574272588086
20251015,000651.SZ,benchmark_relative_sample_covariance,CSI300,a5_top_liquid_20,0.005914243469689495,0.01481,-0.008895756530310505
20251015,000725.SZ,benchmark_relative_sample_covariance,CSI300,a5_top_liquid_20,0.009852216748768461,0.01481,-0.004957783251231539
20251015,002230.SZ,benchmark_relative_sample_covariance,CSI300,a5_top_liquid_20,0.029867674858222948,0.01481,0.015057674858222948
20251015,002594.SZ,benchmark_relative_sample_covariance,CSI300,a5_top_liquid_20,0.010472686102462436,0.01481,-0.004337313897537564
20251015,300750.SZ,benchmark_relative_sample_covariance,CSI300,a5_top_liquid_20,0.03156424581005579,0.01481,0.01675424581005579
20251015,600019.SH,benchmark_relative_sample_covariance,CSI300,a5_top_liquid_20,0.0041551246537396835,0.01481,-0.010654875346260317
20251015,600030.SH,benchmark_relative_sample_covariance,CSI300,a5_top_liquid_20,0.022735101619014708,0.01481,0.007925101619014708
20251015,600050.SH,benchmark_relative_sample_covariance,CSI300,a5_top_liquid_20,-0.0018115942028985588,0.01481,-0.01662159420289856
20251015,600276.SH,benchmark_relative_sample_covariance,CSI300,a5_top_liquid_20,0.033141434572895756,0.01481,0.018331434572895756
20251015,600309.SH,benchmark_relative_sample_covariance,CSI300,a5_top_liquid_20,-0.0003087849312952695,0.01481,-0.01511878493129527
20251015,600519.SH,benchmark_relative_sample_covariance,CSI300,a5_top_liquid_20,0.007567090736171789,0.01481,-0.0072429092638282115
20251015,600760.SH,benchmark_relative_sample_covariance,CSI300,a5_top_liquid_20,-0.01683402244536325,0.01481,-0.031644022445363254
20251015,600900.SH,benchmark_relative_sample_covariance,CSI300,a5_top_liquid_20,-0.002143622722400762,0.01481,-0.016953622722400762
20251015,601012.SH,benchmark_relative_sample_covariance,CSI300,a5_top_liquid_20,0.022821576763485396,0.01481,0.008011576763485396
20251015,601225.SH,benchmark_relative_sample_covariance,CSI300,a5_top_liquid_20,0.02344116268166907,0.01481,0.00863116268166907
20251015,601318.SH,benchmark_relative_sample_covariance,CSI300,a5_top_liquid_20,0.023548158640226635,0.01481,0.008738158640226635
20251015,601899.SH,benchmark_relative_sample_covariance,CSI300,a5_top_liquid_20,0.050169491525423826,0.01481,0.03535949152542382
20251015,688981.SH,benchmark_relative_sample_covariance,CSI300,a5_top_liquid_20,0.018553459119496907,0.01481,0.0037434591194969065
20251016,000001.SZ,benchmark_relative_sample_covariance,CSI300,a5_top_liquid_20,0.012280701754385781,0.002634,0.00964670175438578
20251016,000002.SZ,benchmark_relative_sample_covariance,CSI300,a5_top_liquid_20,-0.013867488443759624,0.002634,-0.016501488443759624
20251016,000651.SZ,benchmark_relative_sample_covariance,CSI300,a5_top_liquid_20,-0.0012248897599215214,0.002634,-0.0038588897599215214
20251016,000725.SZ,benchmark_relative_sample_covariance,CSI300,a5_top_liquid_20,-0.004878048780487698,0.002634,-0.007512048780487698
20251016,002230.SZ,benchmark_relative_sample_covariance,CSI300,a5_top_liquid_20,-0.01413362701908949,0.002634,-0.01676762701908949
20251016,002594.SZ,benchmark_relative_sample_covariance,CSI300,a5_top_liquid_20,-0.0013071895424836555,0.002634,-0.0039411895424836555
20251016,300750.SZ,benchmark_relative_sample_covariance,CSI300,a5_top_liquid_20,-0.0021662604928243123,0.002634,-0.004800260492824312
20251016,600019.SH,benchmark_relative_sample_covariance,CSI300,a5_top_liquid_20,-0.013793103448275779,0.002634,-0.01642710344827578
20251016,600030.SH,benchmark_relative_sample_covariance,CSI300,a5_top_liquid_20,-0.001347254968002809,0.002634,-0.003981254968002809
20251016,600050.SH,benchmark_relative_sample_covariance,CSI300,a5_top_liquid_20,-0.001814882032667886,0.002634,-0.004448882032667886
20251016,600276.SH,benchmark_relative_sample_covariance,CSI300,a5_top_liquid_20,0.0066265060240964235,0.002634,0.0039925060240964235
20251016,600309.SH,benchmark_relative_sample_covariance,CSI300,a5_top_liquid_20,-0.02718146718146719,0.002634,-0.02981546718146719
20251016,600519.SH,benchmark_relative_sample_covariance,CSI300,a5_top_liquid_20,0.01567031463748303,0.002634,0.013036314637483028
20251016,600760.SH,benchmark_relative_sample_covariance,CSI300,a5_top_liquid_20,0.008410934214478916,0.002634,0.005776934214478916
20251016,600900.SH,benchmark_relative_sample_covariance,CSI300,a5_top_liquid_20,0.008234872896527135,0.002634,0.0056008728965271344
20251016,601012.SH,benchmark_relative_sample_covariance,CSI300,a5_top_liquid_20,0.026876267748478844,0.002634,0.024242267748478843
20251016,601225.SH,benchmark_relative_sample_covariance,CSI300,a5_top_liquid_20,0.03252404947320198,0.002634,0.029890049473201976
20251016,601318.SH,benchmark_relative_sample_covariance,CSI300,a5_top_liquid_20,0.0036325895173845435,0.002634,0.0009985895173845434
20251016,601899.SH,benchmark_relative_sample_covariance,CSI300,a5_top_liquid_20,-0.016462233699160778,0.002634,-0.01909623369916078
20251016,688981.SH,benchmark_relative_sample_covariance,CSI300,a5_top_liquid_20,-0.01744365544921278,0.002634,-0.02007765544921278
20251017,000001.SZ,benchmark_relative_sample_covariance,CSI300,a5_top_liquid_20,-0.0121317157712304,-0.022559,0.010427284228769599
20251017,000002.SZ,benchmark_relative_sample_covariance,CSI300,a5_top_liquid_20,-0.012499999999999956,-0.022559,0.010059000000000044
20251017,000651.SZ,benchmark_relative_sample_covariance,CSI300,a5_top_liquid_20,-0.013490311503556618,-0.022559,0.009068688496443381
20251017,000725.SZ,benchmark_relative_sample_covariance,CSI300,a5_top_liquid_20,-0.019607843137254943,-0.022559,0.002951156862745056
20251017,002230.SZ,benchmark_relative_sample_covariance,CSI300,a5_top_liquid_20,-0.0441258611059393,-0.022559,-0.021566861105939302
20251017,002594.SZ,benchmark_relative_sample_covariance,CSI300,a5_top_liquid_20,-0.023653702318623626,-0.022559,-0.001094702318623627
20251017,300750.SZ,benchmark_relative_sample_covariance,CSI300,a5_top_liquid_20,-0.028113975576662176,-0.022559,-0.0055549755766621765
20251017,600019.SH,benchmark_relative_sample_covariance,CSI300,a5_top_liquid_20,0.0,-0.022559,0.022559
20251017,600030.SH,benchmark_relative_sample_covariance,CSI300,a5_top_liquid_20,-0.018887015177065702,-0.022559,0.0036719848229342968
20251017,600050.SH,benchmark_relative_sample_covariance,CSI300,a5_top_liquid_20,-0.010909090909090868,-0.022559,0.011649909090909131
20251017,600276.SH,benchmark_relative_sample_covariance,CSI300,a5_top_liquid_20,-0.026032315978456122,-0.022559,-0.003473315978456123
20251017,600309.SH,benchmark_relative_sample_covariance,CSI300,a5_top_liquid_20,-0.023495792983013186,-0.022559,-0.000936792983013187
20251017,600519.SH,benchmark_relative_sample_covariance,CSI300,a5_top_liquid_20,-0.020142634907166168,-0.022559,0.002416365092833831
20251017,600760.SH,benchmark_relative_sample_covariance,CSI300,a5_top_liquid_20,-0.0382782246053025,-0.022559,-0.015719224605302503
20251017,600900.SH,benchmark_relative_sample_covariance,CSI300,a5_top_liquid_20,-0.0017755681818182323,-0.022559,0.020783431818181767
20251017,601012.SH,benchmark_relative_sample_covariance,CSI300,a5_top_liquid_20,-0.02716049382716057,-0.022559,-0.004601493827160571
20251017,601225.SH,benchmark_relative_sample_covariance,CSI300,a5_top_liquid_20,-0.003992901508429458,-0.022559,0.01856609849157054
20251017,601318.SH,benchmark_relative_sample_covariance,CSI300,a5_top_liquid_20,-0.012754222681833904,-0.022559,0.009804777318166095
20251017,601899.SH,benchmark_relative_sample_covariance,CSI300,a5_top_liquid_20,-0.009845749917951951,-0.022559,0.012713250082048048
20251017,688981.SH,benchmark_relative_sample_covariance,CSI300,a5_top_liquid_20,-0.04179104477611939,-0.022559,-0.01923204477611939
20251020,000001.SZ,benchmark_relative_sample_covariance,CSI300,a5_top_liquid_20,0.0017543859649122862,0.005313,-0.003558614035087714
20251020,000002.SZ,benchmark_relative_sample_covariance,CSI300,a5_top_liquid_20,0.0031645569620253333,0.005313,-0.0021484430379746667
20251020,000651.SZ,benchmark_relative_sample_covariance,CSI300,a5_top_liquid_20,0.013674788662357162,0.005313,0.008361788662357162
20251020,000725.SZ,benchmark_relative_sample_covariance,CSI300,a5_top_liquid_20,0.0,0.005313,-0.005313
20251020,002230.SZ,benchmark_relative_sample_covariance,CSI300,a5_top_liquid_20,0.00019477989871430346,0.005313,-0.0051182201012856966
20251020,002594.SZ,benchmark_relative_sample_covariance,CSI300,a5_top_liquid_20,0.0008618213157136623,0.005313,-0.004451178684286338
20251020,300750.SZ,benchmark_relative_sample_covariance,CSI300,a5_top_liquid_20,0.023342826827497776,0.005313,0.018029826827497777
20251020,600019.SH,benchmark_relative_sample_covariance,CSI300,a5_top_liquid_20,0.0013986013986013734,0.005313,-0.003914398601398627
20251020,600030.SH,benchmark_relative_sample_covariance,CSI300,a5_top_liquid_20,0.004812650395324969,0.005313,-0.0005003496046750312
20251020,600050.SH,benchmark_relative_sample_covariance,CSI300,a5_top_liquid_20,0.0055147058823528106,0.005313,0.00020170588235281055
20251020,600276.SH,benchmark_relative_sample_covariance,CSI300,a5_top_liquid_20,0.00046082949308767773,0.005313,-0.004852170506912322
20251020,600309.SH,benchmark_relative_sample_covariance,CSI300,a5_top_liquid_20,-0.010567387416680174,0.005313,-0.015880387416680172
20251020,600519.SH,benchmark_relative_sample_covariance,CSI300,a5_top_liquid_20,0.002013745704467329,0.005313,-0.003299254295532671
20251020,600760.SH,benchmark_relative_sample_covariance,CSI300,a5_top_liquid_20,-0.0009292240978781008,0.005313,-0.006242224097878101
20251020,600900.SH,benchmark_relative_sample_covariance,CSI300,a5_top_liquid_20,-0.002134471718249653,0.005313,-0.007447471718249653
20251020,601012.SH,benchmark_relative_sample_covariance,CSI300,a5_top_liquid_20,-0.03248730964467006,0.005313,-0.03780030964467006
20251020,601225.SH,benchmark_relative_sample_covariance,CSI300,a5_top_liquid_20,0.020044543429843964,0.005313,0.014731543429843964
20251020,601318.SH,benchmark_relative_sample_covariance,CSI300,a5_top_liquid_20,0.0108240223463687,0.005313,0.0055110223463687
20251020,601899.SH,benchmark_relative_sample_covariance,CSI300,a5_top_liquid_20,-0.01392111368909521,0.005313,-0.01923411368909521
20251020,688981.SH,benchmark_relative_sample_covariance,CSI300,a5_top_liquid_20,0.0053287424167896,0.005313,1.574241678960024e-05
20251021,000001.SZ,benchmark_relative_sample_covariance,CSI300,a5_top_liquid_20,0.0008756567425569628,0.0153479999999999,-0.014472343257442937
20251021,000002.SZ,benchmark_relative_sample_covariance,CSI300,a5_top_liquid_20,0.009463722397476504,0.0153479999999999,-0.005884277602523396
20251021,000651.SZ,benchmark_relative_sample_covariance,CSI300,a5_top_liquid_20,-0.0019622271277901504,0.0153479999999999,-0.01731022712779005
20251021,000725.SZ,benchmark_relative_sample_covariance,CSI300,a5_top_liquid_20,0.004999999999999893,0.0153479999999999,-0.010348000000000006
20251021,002230.SZ,benchmark_relative_sample_covariance,CSI300,a5_top_liquid_20,0.02434274586173313,0.0153479999999999,0.008994745861733228
20251021,002594.SZ,benchmark_relative_sample_covariance,CSI300,a5_top_liquid_20,0.0022962112514353095,0.0153479999999999,-0.01305178874856459
20251021,300750.SZ,benchmark_relative_sample_covariance,CSI300,a5_top_liquid_20,0.025648021828103662,0.0153479999999999,0.010300021828103762
20251021,600019.SH,benchmark_relative_sample_covariance,CSI300,a5_top_liquid_20,0.0,0.0153479999999999,-0.0153479999999999
20251021,600030.SH,benchmark_relative_sample_covariance,CSI300,a5_top_liquid_20,0.00444748546014373,0.0153479999999999,-0.01090051453985617
20251021,600050.SH,benchmark_relative_sample_covariance,CSI300,a5_top_liquid_20,0.005484460694698434,0.0153479999999999,-0.009863539305301466
20251021,600276.SH,benchmark_relative_sample_covariance,CSI300,a5_top_liquid_20,0.013357899585444644,0.0153479999999999,-0.0019901004145552563
20251021,600309.SH,benchmark_relative_sample_covariance,CSI300,a5_top_liquid_20,0.005257969109431437,0.0153479999999999,-0.010090030890568463
20251021,600519.SH,benchmark_relative_sample_covariance,CSI300,a5_top_liquid_20,0.002969964264402325,0.0153479999999999,-0.012378035735597575
20251021,600760.SH,benchmark_relative_sample_covariance,CSI300,a5_top_liquid_20,-0.002790265075182208,0.0153479999999999,-0.018138265075182108
20251021,600900.SH,benchmark_relative_sample_covariance,CSI300,a5_top_liquid_20,-0.004991087344028533,0.0153479999999999,-0.020339087344028433
20251021,601012.SH,benchmark_relative_sample_covariance,CSI300,a5_top_liquid_20,-0.002623294858341896,0.0153479999999999,-0.017971294858341796
20251021,601225.SH,benchmark_relative_sample_covariance,CSI300,a5_top_liquid_20,-0.016593886462882068,0.0153479999999999,-0.03194188646288197
20251021,601318.SH,benchmark_relative_sample_covariance,CSI300,a5_top_liquid_20,0.0031088082901553626,0.0153479999999999,-0.012239191709844537
20251021,601899.SH,benchmark_relative_sample_covariance,CSI300,a5_top_liquid_20,0.010084033613445342,0.0153479999999999,-0.005263966386554558
20251021,688981.SH,benchmark_relative_sample_covariance,CSI300,a5_top_liquid_20,0.037185028133409403,0.0153479999999999,0.021837028133409504
20251022,000001.SZ,benchmark_relative_sample_covariance,CSI300,a5_top_liquid_20,0.007874015748031482,-0.003321,0.011195015748031483
20251022,000002.SZ,benchmark_relative_sample_covariance,CSI300,a5_top_liquid_20,-0.0031250000000000444,-0.003321,0.00019599999999995576
20251022,000651.SZ,benchmark_relative_sample_covariance,CSI300,a5_top_liquid_20,-0.002949127549766506,-0.003321,0.00037187245023349424
20251022,000725.SZ,benchmark_relative_sample_covariance,CSI300,a5_top_liquid_20,0.0,-0.003321,0.003321
20251022,002230.SZ,benchmark_relative_sample_covariance,CSI300,a5_top_liquid_20,-0.01615969581749055,-0.003321,-0.012838695817490548
20251022,002594.SZ,benchmark_relative_sample_covariance,CSI300,a5_top_liquid_20,-0.009354715540282554,-0.003321,-0.006033715540282554
20251022,300750.SZ,benchmark_relative_sample_covariance,CSI300,a5_top_liquid_20,-0.008087257249268287,-0.003321,-0.004766257249268287
20251022,600019.SH,benchmark_relative_sample_covariance,CSI300,a5_top_liquid_20,0.0013966480446927498,-0.003321,0.00471764804469275
20251022,600030.SH,benchmark_relative_sample_covariance,CSI300,a5_top_liquid_20,-0.005790190735694756,-0.003321,-0.0024691907356947556
20251022,600050.SH,benchmark_relative_sample_covariance,CSI300,a5_top_liquid_20,0.0072727272727273196,-0.003321,0.01059372727272732
20251022,600276.SH,benchmark_relative_sample_covariance,CSI300,a5_top_liquid_20,-0.011212121212121118,-0.003321,-0.007891121212121117
20251022,600309.SH,benchmark_relative_sample_covariance,CSI300,a5_top_liquid_20,0.002615233736515288,-0.003321,0.005936233736515288
20251022,600519.SH,benchmark_relative_sample_covariance,CSI300,a5_top_liquid_20,-0.0024345875562484798,-0.003321,0.0008864124437515204
20251022,600760.SH,benchmark_relative_sample_covariance,CSI300,a5_top_liquid_20,-0.01912016166640751,-0.003321,-0.015799161666407508
20251022,600900.SH,benchmark_relative_sample_covariance,CSI300,a5_top_liquid_20,0.0046578287352203596,-0.003321,0.00797882873522036
20251022,601012.SH,benchmark_relative_sample_covariance,CSI300,a5_top_liquid_20,-0.012624934245134223,-0.003321,-0.009303934245134222
20251022,601225.SH,benchmark_relative_sample_covariance,CSI300,a5_top_liquid_20,-0.005328596802841923,-0.003321,-0.0020075968028419227
20251022,601318.SH,benchmark_relative_sample_covariance,CSI300,a5_top_liquid_20,0.002238292011019327,-0.003321,0.005559292011019327
20251022,601899.SH,benchmark_relative_sample_covariance,CSI300,a5_top_liquid_20,-0.019966722129783787,-0.003321,-0.016645722129783786
20251022,688981.SH,benchmark_relative_sample_covariance,CSI300,a5_top_liquid_20,-0.002987656262284699,-0.003321,0.000333343737715301
20251023,000001.SZ,benchmark_relative_sample_covariance,CSI300,a5_top_liquid_20,0.00954861111111116,0.002999,0.0065496111111111605
20251023,000002.SZ,benchmark_relative_sample_covariance,CSI300,a5_top_liquid_20,0.0,0.002999,-0.002999
20251023,000651.SZ,benchmark_relative_sample_covariance,CSI300,a5_top_liquid_20,-0.000985950209514419,0.002999,-0.003984950209514419
20251023,000725.SZ,benchmark_relative_sample_covariance,CSI300,a5_top_liquid_20,0.007462686567164312,0.002999,0.004463686567164312
20251023,002230.SZ,benchmark_relative_sample_covariance,CSI300,a5_top_liquid_20,0.0019323671497584183,0.002999,-0.0010666328502415817
20251023,002594.SZ,benchmark_relative_sample_covariance,CSI300,a5_top_liquid_20,-0.000867219117363649,0.002999,-0.003866219117363649
20251023,300750.SZ,benchmark_relative_sample_covariance,CSI300,a5_top_liquid_20,0.009628278710507976,0.002999,0.006629278710507976
20251023,600019.SH,benchmark_relative_sample_covariance,CSI300,a5_top_liquid_20,0.0069735006973501434,0.002999,0.0039745006973501435
20251023,600030.SH,benchmark_relative_sample_covariance,CSI300,a5_top_liquid_20,0.01130524152106882,0.002999,0.00830624152106882
20251023,600050.SH,benchmark_relative_sample_covariance,CSI300,a5_top_liquid_20,0.0018050541516245744,0.002999,-0.0011939458483754255
20251023,600276.SH,benchmark_relative_sample_covariance,CSI300,a5_top_liquid_20,-0.0018387986515476795,0.002999,-0.0048377986515476794
20251023,600309.SH,benchmark_relative_sample_covariance,CSI300,a5_top_liquid_20,0.022660580371698602,0.002999,0.0196615803716986
20251023,600519.SH,benchmark_relative_sample_covariance,CSI300,a5_top_liquid_20,0.006361829025844923,0.002999,0.003362829025844923
20251023,600760.SH,benchmark_relative_sample_covariance,CSI300,a5_top_liquid_20,-0.013153724247226606,0.002999,-0.016152724247226607
20251023,600900.SH,benchmark_relative_sample_covariance,CSI300,a5_top_liquid_20,0.006776034236804618,0.002999,0.003777034236804618
20251023,601012.SH,benchmark_relative_sample_covariance,CSI300,a5_top_liquid_20,0.014384656366542403,0.002999,0.011385656366542403
20251023,601225.SH,benchmark_relative_sample_covariance,CSI300,a5_top_liquid_20,0.015625,0.002999,0.012626
20251023,601318.SH,benchmark_relative_sample_covariance,CSI300,a5_top_liquid_20,0.009276756571035882,0.002999,0.006277756571035882
20251023,601899.SH,benchmark_relative_sample_covariance,CSI300,a5_top_liquid_20,0.008488964346349714,0.002999,0.0054899643463497145
20251023,688981.SH,benchmark_relative_sample_covariance,CSI300,a5_top_liquid_20,0.01174986199826522,0.002999,0.008750861998265221
20251024,000001.SZ,benchmark_relative_sample_covariance,CSI300,a5_top_liquid_20,-0.006018916595012969,0.011797,-0.01781591659501297
20251024,000002.SZ,benchmark_relative_sample_covariance,CSI300,a5_top_liquid_20,-0.0031347962382444194,0.011797,-0.01493179623824442
20251024,000651.SZ,benchmark_relative_sample_covariance,CSI300,a5_top_liquid_20,-0.0007401924500370916,0.011797,-0.012537192450037092
20251024,000725.SZ,benchmark_relative_sample_covariance,CSI300,a5_top_liquid_20,0.0,0.011797,-0.011797
20251024,002230.SZ,benchmark_relative_sample_covariance,CSI300,a5_top_liquid_20,0.013500482160077043,0.011797,0.0017034821600770429
20251024,002594.SZ,benchmark_relative_sample_covariance,CSI300,a5_top_liquid_20,0.0006750892082167947,0.011797,-0.011121910791783205
20251024,300750.SZ,benchmark_relative_sample_covariance,CSI300,a5_top_liquid_20,0.024757603931464978,0.011797,0.012960603931464977
20251024,600019.SH,benchmark_relative_sample_covariance,CSI300,a5_top_liquid_20,-0.011080332409972304,0.011797,-0.022877332409972306
20251024,600030.SH,benchmark_relative_sample_covariance,CSI300,a5_top_liquid_20,0.01185636856368566,0.011797,5.936856368565953e-05
20251024,600050.SH,benchmark_relative_sample_covariance,CSI300,a5_top_liquid_20,-0.0018382352941177516,0.011797,-0.013635235294117752
20251024,600276.SH,benchmark_relative_sample_covariance,CSI300,a5_top_liquid_20,0.005526558182376462,0.011797,-0.006270441817623538
20251024,600309.SH,benchmark_relative_sample_covariance,CSI300,a5_top_liquid_20,-0.020404909931452164,0.011797,-0.032201909931452166
20251024,600519.SH,benchmark_relative_sample_covariance,CSI300,a5_top_liquid_20,-0.012248123271434208,0.011797,-0.02404512327143421
20251024,600760.SH,benchmark_relative_sample_covariance,CSI300,a5_top_liquid_20,0.014132005781275048,0.011797,0.0023350057812750475
20251024,600900.SH,benchmark_relative_sample_covariance,CSI300,a5_top_liquid_20,-0.001416932341480659,0.011797,-0.01321393234148066
20251024,601012.SH,benchmark_relative_sample_covariance,CSI300,a5_top_liquid_20,-0.010504201680672232,0.011797,-0.022301201680672234
20251024,601225.SH,benchmark_relative_sample_covariance,CSI300,a5_top_liquid_20,0.00043956043956061563,0.011797,-0.011357439560439385
20251024,601318.SH,benchmark_relative_sample_covariance,CSI300,a5_top_liquid_20,0.0013840830449827202,0.011797,-0.01041291695501728
20251024,601899.SH,benchmark_relative_sample_covariance,CSI300,a5_top_liquid_20,0.011111111111111072,0.011797,-0.0006858888888889286
20251024,688981.SH,benchmark_relative_sample_covariance,CSI300,a5_top_liquid_20,0.04489477786438023,0.011797,0.03309777786438023
20251027,000001.SZ,benchmark_relative_sample_covariance,CSI300,a5_top_liquid_20,-0.0034602076124568004,0.011873,-0.0153332076124568
20251027,000002.SZ,benchmark_relative_sample_covariance,CSI300,a5_top_liquid_20,-0.0062893081761006275,0.011873,-0.01816230817610063
20251027,000651.SZ,benchmark_relative_sample_covariance,CSI300,a5_top_liquid_20,0.011604938271604803,0.011873,-0.0002680617283951966
20251027,000725.SZ,benchmark_relative_sample_covariance,CSI300,a5_top_liquid_20,0.004938271604938427,0.011873,-0.006934728395061573
20251027,002230.SZ,benchmark_relative_sample_covariance,CSI300,a5_top_liquid_20,0.005137963843958149,0.011873,-0.006735036156041851
20251027,002594.SZ,benchmark_relative_sample_covariance,CSI300,a5_top_liquid_20,0.0024094063222821482,0.011873,-0.009463593677717852
20251027,300750.SZ,benchmark_relative_sample_covariance,CSI300,a5_top_liquid_20,0.0010628094460429782,0.011873,-0.010810190553957022
20251027,600019.SH,benchmark_relative_sample_covariance,CSI300,a5_top_liquid_20,0.0182072829131652,0.011873,0.0063342829131652015
20251027,600030.SH,benchmark_relative_sample_covariance,CSI300,a5_top_liquid_20,0.00401740877134249,0.011873,-0.00785559122865751
20251027,600050.SH,benchmark_relative_sample_covariance,CSI300,a5_top_liquid_20,0.011049723756906271,0.011873,-0.0008232762430937287
20251027,600276.SH,benchmark_relative_sample_covariance,CSI300,a5_top_liquid_20,0.023053435114503973,0.011873,0.011180435114503973
20251027,600309.SH,benchmark_relative_sample_covariance,CSI300,a5_top_liquid_20,0.016924328722538684,0.011873,0.005051328722538684
20251027,600519.SH,benchmark_relative_sample_covariance,CSI300,a5_top_liquid_20,-0.006613793103448229,0.011873,-0.01848679310344823
20251027,600760.SH,benchmark_relative_sample_covariance,CSI300,a5_top_liquid_20,0.008076009501187587,0.011873,-0.0037969904988124133
20251027,600900.SH,benchmark_relative_sample_covariance,CSI300,a5_top_liquid_20,0.003902092940759161,0.011873,-0.007970907059240839
20251027,601012.SH,benchmark_relative_sample_covariance,CSI300,a5_top_liquid_20,0.011677282377919207,0.011873,-0.0001957176220807929
20251027,601225.SH,benchmark_relative_sample_covariance,CSI300,a5_top_liquid_20,0.003954305799648505,0.011873,-0.007918694200351495
20251027,601318.SH,benchmark_relative_sample_covariance,CSI300,a5_top_liquid_20,-0.0022460262612301607,0.011873,-0.01411902626123016
20251027,601899.SH,benchmark_relative_sample_covariance,CSI300,a5_top_liquid_20,0.032301032301032206,0.011873,0.020428032301032205
20251027,688981.SH,benchmark_relative_sample_covariance,CSI300,a5_top_liquid_20,0.0032821124869462093,0.011873,-0.00859088751305379
20251028,000001.SZ,benchmark_relative_sample_covariance,CSI300,a5_top_liquid_20,-0.004340277777777679,-0.005099,0.0007587222222223211
20251028,000002.SZ,benchmark_relative_sample_covariance,CSI300,a5_top_liquid_20,-0.007911392405063444,-0.005099,-0.002812392405063444
20251028,000651.SZ,benchmark_relative_sample_covariance,CSI300,a5_top_liquid_20,-0.006102025872589678,-0.005099,-0.0010030258725896779
20251028,000725.SZ,benchmark_relative_sample_covariance,CSI300,a5_top_liquid_20,-0.002457002457002644,-0.005099,0.0026419975429973564
20251028,002230.SZ,benchmark_relative_sample_covariance,CSI300,a5_top_liquid_20,0.014577811435062538,-0.005099,0.019676811435062537
20251028,002594.SZ,benchmark_relative_sample_covariance,CSI300,a5_top_liquid_20,-0.002788193442938236,-0.005099,0.0023108065570617642
20251028,300750.SZ,benchmark_relative_sample_covariance,CSI300,a5_top_liquid_20,0.0007768398156300371,-0.005099,0.005875839815630037
20251028,600019.SH,benchmark_relative_sample_covariance,CSI300,a5_top_liquid_20,-0.0220082530949105,-0.005099,-0.016909253094910502
20251028,600030.SH,benchmark_relative_sample_covariance,CSI300,a5_top_liquid_20,0.0003334444814939719,-0.005099,0.005432444481493972
20251028,600050.SH,benchmark_relative_sample_covariance,CSI300,a5_top_liquid_20,-0.005464480874316946,-0.005099,-0.0003654808743169457
20251028,600276.SH,benchmark_relative_sample_covariance,CSI300,a5_top_liquid_20,-0.050589464259065964,-0.005099,-0.045490464259065964
20251028,600309.SH,benchmark_relative_sample_covariance,CSI300,a5_top_liquid_20,-0.016162586013762303,-0.005099,-0.011063586013762304
20251028,600519.SH,benchmark_relative_sample_covariance,CSI300,a5_top_liquid_20,0.0031865927062433297,-0.005099,0.008285592706243329
20251028,600760.SH,benchmark_relative_sample_covariance,CSI300,a5_top_liquid_20,0.01916431039899469,-0.005099,0.024263310398994688
20251028,600900.SH,benchmark_relative_sample_covariance,CSI300,a5_top_liquid_20,0.00565371024734973,-0.005099,0.01075271024734973
20251028,601012.SH,benchmark_relative_sample_covariance,CSI300,a5_top_liquid_20,-0.008394543546694666,-0.005099,-0.003295543546694666
20251028,601225.SH,benchmark_relative_sample_covariance,CSI300,a5_top_liquid_20,-0.009628008752735284,-0.005099,-0.004529008752735284
20251028,601318.SH,benchmark_relative_sample_covariance,CSI300,a5_top_liquid_20,0.0001731601731600474,-0.005099,0.005272160173160048
20251028,601899.SH,benchmark_relative_sample_covariance,CSI300,a5_top_liquid_20,-0.03741935483870973,-0.005099,-0.03232035483870973
20251028,688981.SH,benchmark_relative_sample_covariance,CSI300,a5_top_liquid_20,-0.01345724907063195,-0.005099,-0.00835824907063195
20251029,000001.SZ,benchmark_relative_sample_covariance,CSI300,a5_top_liquid_20,-0.006974716652136004,0.011906,-0.018880716652136004
20251029,000002.SZ,benchmark_relative_sample_covariance,CSI300,a5_top_liquid_20,0.006379585326953707,0.011906,-0.005526414673046293
20251029,000651.SZ,benchmark_relative_sample_covariance,CSI300,a5_top_liquid_20,-0.0007367387033399009,0.011906,-0.0126427387033399
20251029,000725.SZ,benchmark_relative_sample_covariance,CSI300,a5_top_liquid_20,0.0024630541871923928,0.011906,-0.009442945812807607
20251029,002230.SZ,benchmark_relative_sample_covariance,CSI300,a5_top_liquid_20,0.007464079119238631,0.011906,-0.004441920880761369
20251029,002594.SZ,benchmark_relative_sample_covariance,CSI300,a5_top_liquid_20,0.007713073659853409,0.011906,-0.004192926340146591
20251029,300750.SZ,benchmark_relative_sample_covariance,CSI300,a5_top_liquid_20,0.0349824052991099,0.011906,0.023076405299109898
20251029,600019.SH,benchmark_relative_sample_covariance,CSI300,a5_top_liquid_20,-0.0042194092827004814,0.011906,-0.01612540928270048
20251029,600030.SH,benchmark_relative_sample_covariance,CSI300,a5_top_liquid_20,0.010000000000000009,0.011906,-0.001905999999999991
20251029,600050.SH,benchmark_relative_sample_covariance,CSI300,a5_top_liquid_20,0.005494505494505475,0.011906,-0.006411494505494525
20251029,600276.SH,benchmark_relative_sample_covariance,CSI300,a5_top_liquid_20,0.0062873310279785155,0.011906,-0.005618668972021484
20251029,600309.SH,benchmark_relative_sample_covariance,CSI300,a5_top_liquid_20,0.008295380611581082,0.011906,-0.0036106193884189175
20251029,600519.SH,benchmark_relative_sample_covariance,CSI300,a5_top_liquid_20,-0.009065743944636662,0.011906,-0.02097174394463666
20251029,600760.SH,benchmark_relative_sample_covariance,CSI300,a5_top_liquid_20,-0.011559802712700407,0.011906,-0.023465802712700407
20251029,600900.SH,benchmark_relative_sample_covariance,CSI300,a5_top_liquid_20,-0.005973295853829996,0.011906,-0.017879295853829996
20251029,601012.SH,benchmark_relative_sample_covariance,CSI300,a5_top_liquid_20,0.10000000000000009,0.011906,0.08809400000000009
20251029,601225.SH,benchmark_relative_sample_covariance,CSI300,a5_top_liquid_20,-0.004860804242156402,0.011906,-0.016766804242156402
20251029,601318.SH,benchmark_relative_sample_covariance,CSI300,a5_top_liquid_20,0.02060249307479234,0.011906,0.008696493074792339
20251029,601899.SH,benchmark_relative_sample_covariance,CSI300,a5_top_liquid_20,0.03753351206434319,0.011906,0.02562751206434319
20251029,688981.SH,benchmark_relative_sample_covariance,CSI300,a5_top_liquid_20,0.00233627251488433,0.011906,-0.00956972748511567
20251030,000001.SZ,benchmark_relative_sample_covariance,CSI300,a5_top_liquid_20,-0.0008779631255486642,-0.007988,0.007110036874451336
20251030,000002.SZ,benchmark_relative_sample_covariance,CSI300,a5_top_liquid_20,-0.006339144215530945,-0.007988,0.001648855784469055
20251030,000651.SZ,benchmark_relative_sample_covariance,CSI300,a5_top_liquid_20,-0.005406733841238576,-0.007988,0.0025812661587614246
20251030,000725.SZ,benchmark_relative_sample_covariance,CSI300,a5_top_liquid_20,0.004914004914004844,-0.007988,0.012902004914004844
20251030,002230.SZ,benchmark_relative_sample_covariance,CSI300,a5_top_liquid_20,0.0005556584552695032,-0.007988,0.008543658455269504
20251030,002594.SZ,benchmark_relative_sample_covariance,CSI300,a5_top_liquid_20,-0.008706467661691475,-0.007988,-0.0007184676616914746
20251030,300750.SZ,benchmark_relative_sample_covariance,CSI300,a5_top_liquid_20,-0.004274999999999918,-0.007988,0.0037130000000000826
20251030,600019.SH,benchmark_relative_sample_covariance,CSI300,a5_top_liquid_20,0.02259887005649719,-0.007988,0.03058687005649719
20251030,600030.SH,benchmark_relative_sample_covariance,CSI300,a5_top_liquid_20,-0.020462046204620443,-0.007988,-0.012474046204620443
20251030,600050.SH,benchmark_relative_sample_covariance,CSI300,a5_top_liquid_20,-0.005464480874316946,-0.007988,0.0025235191256830544
20251030,600276.SH,benchmark_relative_sample_covariance,CSI300,a5_top_liquid_20,-0.017806935332708385,-0.007988,-0.009818935332708384
20251030,600309.SH,benchmark_relative_sample_covariance,CSI300,a5_top_liquid_20,-0.004516857557670617,-0.007988,0.003471142442329383
20251030,600519.SH,benchmark_relative_sample_covariance,CSI300,a5_top_liquid_20,-0.003603603603603678,-0.007988,0.0043843963963963225
20251030,600760.SH,benchmark_relative_sample_covariance,CSI300,a5_top_liquid_20,-0.023701855605800626,-0.007988,-0.015713855605800624
20251030,600900.SH,benchmark_relative_sample_covariance,CSI300,a5_top_liquid_20,0.006362672322375307,-0.007988,0.014350672322375307
20251030,601012.SH,benchmark_relative_sample_covariance,CSI300,a5_top_liquid_20,0.03463203463203479,-0.007988,0.042620034632034794
20251030,601225.SH,benchmark_relative_sample_covariance,CSI300,a5_top_liquid_20,0.01731793960923622,-0.007988,0.025305939609236223
20251030,601318.SH,benchmark_relative_sample_covariance,CSI300,a5_top_liquid_20,-0.0050890585241730735,-0.007988,0.002898941475826927
20251030,601899.SH,benchmark_relative_sample_covariance,CSI300,a5_top_liquid_20,0.004844961240310086,-0.007988,0.012832961240310086
20251030,688981.SH,benchmark_relative_sample_covariance,CSI300,a5_top_liquid_20,-0.0334586466165413,-0.007988,-0.025470646616541297
20251031,000001.SZ,benchmark_relative_sample_covariance,CSI300,a5_top_liquid_20,-0.005272407732864748,-0.014702,0.009429592267135252
20251031,000002.SZ,benchmark_relative_sample_covariance,CSI300,a5_top_liquid_20,0.0,-0.014702,0.014702
20251031,000651.SZ,benchmark_relative_sample_covariance,CSI300,a5_top_liquid_20,-0.01779095626389915,-0.014702,-0.0030889562638991494
20251031,000725.SZ,benchmark_relative_sample_covariance,CSI300,a5_top_liquid_20,-0.007334963325183463,-0.014702,0.007367036674816536
20251031,002230.SZ,benchmark_relative_sample_covariance,CSI300,a5_top_liquid_20,0.02924842650870052,-0.014702,0.04395042650870052
20251031,002594.SZ,benchmark_relative_sample_covariance,CSI300,a5_top_liquid_20,-0.027217450053083625,-0.014702,-0.012515450053083625
20251031,300750.SZ,benchmark_relative_sample_covariance,CSI300,a5_top_liquid_20,-0.023902181827311852,-0.014702,-0.009200181827311853
20251031,600019.SH,benchmark_relative_sample_covariance,CSI300,a5_top_liquid_20,0.017955801104972302,-0.014702,0.0326578011049723
20251031,600030.SH,benchmark_relative_sample_covariance,CSI300,a5_top_liquid_20,-0.010107816711590334,-0.014702,0.004594183288409666
20251031,600050.SH,benchmark_relative_sample_covariance,CSI300,a5_top_liquid_20,-0.0073260073260073,-0.014702,0.0073759926739927
20251031,600276.SH,benchmark_relative_sample_covariance,CSI300,a5_top_liquid_20,0.02019720101781175,-0.014702,0.03489920101781175
20251031,600309.SH,benchmark_relative_sample_covariance,CSI300,a5_top_liquid_20,0.014908442715929393,-0.014702,0.029610442715929393
20251031,600519.SH,benchmark_relative_sample_covariance,CSI300,a5_top_liquid_20,0.002291938264855631,-0.014702,0.01699393826485563
20251031,600760.SH,benchmark_relative_sample_covariance,CSI300,a5_top_liquid_20,-0.024436990896023025,-0.014702,-0.009734990896023026
20251031,600900.SH,benchmark_relative_sample_covariance,CSI300,a5_top_liquid_20,-0.012996136283807469,-0.014702,0.0017058637161925308
20251031,601012.SH,benchmark_relative_sample_covariance,CSI300,a5_top_liquid_20,-0.01859600185960031,-0.014702,-0.0038940018596003087
20251031,601225.SH,benchmark_relative_sample_covariance,CSI300,a5_top_liquid_20,-0.009166302924487169,-0.014702,0.005535697075512831
20251031,601318.SH,benchmark_relative_sample_covariance,CSI300,a5_top_liquid_20,-0.013981244671781745,-0.014702,0.0007207553282182547
20251031,601899.SH,benchmark_relative_sample_covariance,CSI300,a5_top_liquid_20,-0.019607843137254832,-0.014702,-0.0049058431372548325
20251031,688981.SH,benchmark_relative_sample_covariance,CSI300,a5_top_liquid_20,-0.033994554647996944,-0.014702,-0.019292554647996944
20251103,000001.SZ,benchmark_relative_sample_covariance,CSI300,a5_top_liquid_20,0.009717314487632356,0.002744,0.006973314487632356
20251103,000002.SZ,benchmark_relative_sample_covariance,CSI300,a5_top_liquid_20,0.004784688995215447,0.002744,0.002040688995215447
20251103,000651.SZ,benchmark_relative_sample_covariance,CSI300,a5_top_liquid_20,-0.005786163522012555,0.002744,-0.008530163522012555
20251103,000725.SZ,benchmark_relative_sample_covariance,CSI300,a5_top_liquid_20,0.0,0.002744,-0.002744
20251103,002230.SZ,benchmark_relative_sample_covariance,CSI300,a5_top_liquid_20,0.0,0.002744,-0.002744
20251103,002594.SZ,benchmark_relative_sample_covariance,CSI300,a5_top_liquid_20,-0.011806726857823358,0.002744,-0.014550726857823357
20251103,300750.SZ,benchmark_relative_sample_covariance,CSI300,a5_top_liquid_20,-0.004912930524474501,0.002744,-0.007656930524474501
20251103,600019.SH,benchmark_relative_sample_covariance,CSI300,a5_top_liquid_20,0.027137042062415295,0.002744,0.024393042062415295
20251103,600030.SH,benchmark_relative_sample_covariance,CSI300,a5_top_liquid_20,-0.005445881552076259,0.002744,-0.00818988155207626
20251103,600050.SH,benchmark_relative_sample_covariance,CSI300,a5_top_liquid_20,0.0018450184501843658,0.002744,-0.0008989815498156341
20251103,600276.SH,benchmark_relative_sample_covariance,CSI300,a5_top_liquid_20,-0.011691348402182444,0.002744,-0.014435348402182444
20251103,600309.SH,benchmark_relative_sample_covariance,CSI300,a5_top_liquid_20,-0.00175634679865877,0.002744,-0.00450034679865877
20251103,600519.SH,benchmark_relative_sample_covariance,CSI300,a5_top_liquid_20,0.0034894860875098743,0.002744,0.0007454860875098744
20251103,600760.SH,benchmark_relative_sample_covariance,CSI300,a5_top_liquid_20,0.005402750491159125,0.002744,0.002658750491159125
20251103,600900.SH,benchmark_relative_sample_covariance,CSI300,a5_top_liquid_20,0.007473309608540868,0.002744,0.004729309608540868
20251103,601012.SH,benchmark_relative_sample_covariance,CSI300,a5_top_liquid_20,0.030791094268119545,0.002744,0.028047094268119546
20251103,601225.SH,benchmark_relative_sample_covariance,CSI300,a5_top_liquid_20,0.04229074889867834,0.002744,0.03954674889867835
20251103,601318.SH,benchmark_relative_sample_covariance,CSI300,a5_top_liquid_20,0.00830019021269246,0.002744,0.00555619021269246
20251103,601899.SH,benchmark_relative_sample_covariance,CSI300,a5_top_liquid_20,-0.016393442622950838,0.002744,-0.019137442622950838
20251103,688981.SH,benchmark_relative_sample_covariance,CSI300,a5_top_liquid_20,-0.031969721372201776,0.002744,-0.03471372137220177
20251104,000001.SZ,benchmark_relative_sample_covariance,CSI300,a5_top_liquid_20,0.013998250218722585,-0.007458,0.021456250218722585
20251104,000002.SZ,benchmark_relative_sample_covariance,CSI300,a5_top_liquid_20,-0.01111111111111096,-0.007458,-0.0036531111111109604
20251104,000651.SZ,benchmark_relative_sample_covariance,CSI300,a5_top_liquid_20,0.004807692307692291,-0.007458,0.01226569230769229
20251104,000725.SZ,benchmark_relative_sample_covariance,CSI300,a5_top_liquid_20,-0.01477832512315258,-0.007458,-0.00732032512315258
20251104,002230.SZ,benchmark_relative_sample_covariance,CSI300,a5_top_liquid_20,-0.02715827338129495,-0.007458,-0.01970027338129495
20251104,002594.SZ,benchmark_relative_sample_covariance,CSI300,a5_top_liquid_20,-0.01807228915662651,-0.007458,-0.01061428915662651
20251104,300750.SZ,benchmark_relative_sample_covariance,CSI300,a5_top_liquid_20,-0.020446673215116618,-0.007458,-0.012988673215116618
20251104,600019.SH,benchmark_relative_sample_covariance,CSI300,a5_top_liquid_20,-0.00792602377807139,-0.007458,-0.00046802377807138914
20251104,600030.SH,benchmark_relative_sample_covariance,CSI300,a5_top_liquid_20,-0.00479123887748123,-0.007458,0.0026667611225187704
20251104,600050.SH,benchmark_relative_sample_covariance,CSI300,a5_top_liquid_20,0.0,-0.007458,0.007458
20251104,600276.SH,benchmark_relative_sample_covariance,CSI300,a5_top_liquid_20,-0.023343848580441584,-0.007458,-0.015885848580441585
20251104,600309.SH,benchmark_relative_sample_covariance,CSI300,a5_top_liquid_20,-0.014715291106845885,-0.007458,-0.0072572911068458845
20251104,600519.SH,benchmark_relative_sample_covariance,CSI300,a5_top_liquid_20,-0.004181184668989535,-0.007458,0.0032768153310104653
20251104,600760.SH,benchmark_relative_sample_covariance,CSI300,a5_top_liquid_20,-0.018238071975248293,-0.007458,-0.010780071975248294
20251104,600900.SH,benchmark_relative_sample_covariance,CSI300,a5_top_liquid_20,0.010243730130695905,-0.007458,0.017701730130695904
20251104,601012.SH,benchmark_relative_sample_covariance,CSI300,a5_top_liquid_20,-0.018841911764705843,-0.007458,-0.011383911764705844
20251104,601225.SH,benchmark_relative_sample_covariance,CSI300,a5_top_liquid_20,-0.004649196956889257,-0.007458,0.0028088030431107436
20251104,601318.SH,benchmark_relative_sample_covariance,CSI300,a5_top_liquid_20,0.010804321728691502,-0.007458,0.0182623217286915
20251104,601899.SH,benchmark_relative_sample_covariance,CSI300,a5_top_liquid_20,-0.04066666666666663,-0.007458,-0.03320866666666663
20251104,688981.SH,benchmark_relative_sample_covariance,CSI300,a5_top_liquid_20,-0.00274519590716249,-0.007458,0.00471280409283751
20251105,000001.SZ,benchmark_relative_sample_covariance,CSI300,a5_top_liquid_20,-0.006039689387402958,0.0018529999999999,-0.007892689387402858
20251105,000002.SZ,benchmark_relative_sample_covariance,CSI300,a5_top_liquid_20,-0.0016051364365972098,0.0018529999999999,-0.0034581364365971097
20251105,000651.SZ,benchmark_relative_sample_covariance,CSI300,a5_top_liquid_20,0.00025182573659021656,0.0018529999999999,-0.0016011742634096835
20251105,000725.SZ,benchmark_relative_sample_covariance,CSI300,a5_top_liquid_20,0.0,0.0018529999999999,-0.0018529999999999
20251105,002230.SZ,benchmark_relative_sample_covariance,CSI300,a5_top_liquid_20,-0.024403771491957826,0.0018529999999999,-0.026256771491957726
20251105,002594.SZ,benchmark_relative_sample_covariance,CSI300,a5_top_liquid_20,-0.020449897750511203,0.0018529999999999,-0.022302897750511103
20251105,300750.SZ,benchmark_relative_sample_covariance,CSI300,a5_top_liquid_20,0.02572898799313883,0.0018529999999999,0.02387598799313893
20251105,600019.SH,benchmark_relative_sample_covariance,CSI300,a5_top_liquid_20,-0.003994673768308865,0.0018529999999999,-0.005847673768308765
20251105,600030.SH,benchmark_relative_sample_covariance,CSI300,a5_top_liquid_20,-0.0006877579092159358,0.0018529999999999,-0.0025407579092158357
20251105,600050.SH,benchmark_relative_sample_covariance,CSI300,a5_top_liquid_20,0.0018416206261511192,0.0018529999999999,-1.1379373848780872e-05
20251105,600276.SH,benchmark_relative_sample_covariance,CSI300,a5_top_liquid_20,0.0006459948320414188,0.0018529999999999,-0.0012070051679584813
20251105,600309.SH,benchmark_relative_sample_covariance,CSI300,a5_top_liquid_20,-0.0021103896103896735,0.0018529999999999,-0.003963389610389573
20251105,600519.SH,benchmark_relative_sample_covariance,CSI300,a5_top_liquid_20,-0.006242127361791527,0.0018529999999999,-0.008095127361791427
20251105,600760.SH,benchmark_relative_sample_covariance,CSI300,a5_top_liquid_20,0.0014927848731134397,0.0018529999999999,-0.0003602151268864604
20251105,600900.SH,benchmark_relative_sample_covariance,CSI300,a5_top_liquid_20,-0.0062937062937062915,0.0018529999999999,-0.008146706293706191
20251105,601012.SH,benchmark_relative_sample_covariance,CSI300,a5_top_liquid_20,0.023419203747072626,0.0018529999999999,0.021566203747072726
20251105,601225.SH,benchmark_relative_sample_covariance,CSI300,a5_top_liquid_20,0.019108280254777066,0.0018529999999999,0.017255280254777166
20251105,601318.SH,benchmark_relative_sample_covariance,CSI300,a5_top_liquid_20,-0.010519172039362035,0.0018529999999999,-0.012372172039361935
20251105,601899.SH,benchmark_relative_sample_covariance,CSI300,a5_top_liquid_20,0.007991660875608098,0.0018529999999999,0.006138660875608198
20251105,688981.SH,benchmark_relative_sample_covariance,CSI300,a5_top_liquid_20,-0.0008341675008340932,0.0018529999999999,-0.002687167500833993
20251106,000001.SZ,benchmark_relative_sample_covariance,CSI300,a5_top_liquid_20,-0.0008680555555555802,0.014295,-0.01516305555555558
20251106,000002.SZ,benchmark_relative_sample_covariance,CSI300,a5_top_liquid_20,-0.006430868167202619,0.014295,-0.02072586816720262
20251106,000651.SZ,benchmark_relative_sample_covariance,CSI300,a5_top_liquid_20,0.006797583081570968,0.014295,-0.007497416918429032
20251106,000725.SZ,benchmark_relative_sample_covariance,CSI300,a5_top_liquid_20,0.0,0.014295,-0.014295
20251106,002230.SZ,benchmark_relative_sample_covariance,CSI300,a5_top_liquid_20,0.015728633693386396,0.014295,0.0014336336933863953
20251106,002594.SZ,benchmark_relative_sample_covariance,CSI300,a5_top_liquid_20,0.017954070981210934,0.014295,0.003659070981210934
20251106,300750.SZ,benchmark_relative_sample_covariance,CSI300,a5_top_liquid_20,0.01538461538461533,0.014295,0.0010896153846153295
20251106,600019.SH,benchmark_relative_sample_covariance,CSI300,a5_top_liquid_20,0.03475935828876997,0.014295,0.020464358288769968
20251106,600030.SH,benchmark_relative_sample_covariance,CSI300,a5_top_liquid_20,0.004473503097040643,0.014295,-0.009821496902959357
20251106,600050.SH,benchmark_relative_sample_covariance,CSI300,a5_top_liquid_20,0.0055147058823528106,0.014295,-0.00878029411764719
20251106,600276.SH,benchmark_relative_sample_covariance,CSI300,a5_top_liquid_20,0.00742414460942542,0.014295,-0.00687085539057458
20251106,600309.SH,benchmark_relative_sample_covariance,CSI300,a5_top_liquid_20,0.0037416625996422592,0.014295,-0.010553337400357741
20251106,600519.SH,benchmark_relative_sample_covariance,CSI300,a5_top_liquid_20,0.010597994479184303,0.014295,-0.0036970055208156976
20251106,600760.SH,benchmark_relative_sample_covariance,CSI300,a5_top_liquid_20,0.004637297118250894,0.014295,-0.009657702881749107
20251106,600900.SH,benchmark_relative_sample_covariance,CSI300,a5_top_liquid_20,0.0028149190710766714,0.014295,-0.011480080928923329
20251106,601012.SH,benchmark_relative_sample_covariance,CSI300,a5_top_liquid_20,-0.0036613272311213363,0.014295,-0.01795632723112134
20251106,601225.SH,benchmark_relative_sample_covariance,CSI300,a5_top_liquid_20,0.0033333333333331883,0.014295,-0.010961666666666812
20251106,601318.SH,benchmark_relative_sample_covariance,CSI300,a5_top_liquid_20,0.009945130315500705,0.014295,-0.004349869684499295
20251106,601899.SH,benchmark_relative_sample_covariance,CSI300,a5_top_liquid_20,0.023784901758014287,0.014295,0.009489901758014287
20251106,688981.SH,benchmark_relative_sample_covariance,CSI300,a5_top_liquid_20,0.04232760060110197,0.014295,0.028032600601101965
20251107,000001.SZ,benchmark_relative_sample_covariance,CSI300,a5_top_liquid_20,0.0034752389226759828,-0.003113,0.006588238922675982
20251107,000002.SZ,benchmark_relative_sample_covariance,CSI300,a5_top_liquid_20,0.0,-0.003113,0.003113
20251107,000651.SZ,benchmark_relative_sample_covariance,CSI300,a5_top_liquid_20,0.0007501875468867159,-0.003113,0.0038631875468867157
20251107,000725.SZ,benchmark_relative_sample_covariance,CSI300,a5_top_liquid_20,0.0024999999999999467,-0.003113,0.005612999999999946
20251107,002230.SZ,benchmark_relative_sample_covariance,CSI300,a5_top_liquid_20,-0.020149253731343242,-0.003113,-0.01703625373134324
20251107,002594.SZ,benchmark_relative_sample_covariance,CSI300,a5_top_liquid_20,-0.003281378178835004,-0.003113,-0.00016837817883500394
20251107,300750.SZ,benchmark_relative_sample_covariance,CSI300,a5_top_liquid_20,0.0017482517482516613,-0.003113,0.004861251748251661
20251107,600019.SH,benchmark_relative_sample_covariance,CSI300,a5_top_liquid_20,-0.011627906976744207,-0.003113,-0.008514906976744207
20251107,600030.SH,benchmark_relative_sample_covariance,CSI300,a5_top_liquid_20,-0.006509078451524486,-0.003113,-0.003396078451524486
20251107,600050.SH,benchmark_relative_sample_covariance,CSI300,a5_top_liquid_20,0.007312614259597838,-0.003113,0.010425614259597838
20251107,600276.SH,benchmark_relative_sample_covariance,CSI300,a5_top_liquid_20,-0.013457225248317939,-0.003113,-0.01034422524831794
20251107,600309.SH,benchmark_relative_sample_covariance,CSI300,a5_top_liquid_20,0.057860615883306155,-0.003113,0.06097361588330615
20251107,600519.SH,benchmark_relative_sample_covariance,CSI300,a5_top_liquid_20,-0.001254241776006526,-0.003113,0.0018587582239934738
20251107,600760.SH,benchmark_relative_sample_covariance,CSI300,a5_top_liquid_20,-0.013847675568743778,-0.003113,-0.010734675568743779
20251107,600900.SH,benchmark_relative_sample_covariance,CSI300,a5_top_liquid_20,0.00070175438596487,-0.003113,0.00381475438596487
20251107,601012.SH,benchmark_relative_sample_covariance,CSI300,a5_top_liquid_20,0.030316949931097792,-0.003113,0.03342994993109779
20251107,601225.SH,benchmark_relative_sample_covariance,CSI300,a5_top_liquid_20,0.0020764119601328623,-0.003113,0.005189411960132862
20251107,601318.SH,benchmark_relative_sample_covariance,CSI300,a5_top_liquid_20,-0.0001697792869269632,-0.003113,0.0029432207130730367
20251107,601899.SH,benchmark_relative_sample_covariance,CSI300,a5_top_liquid_20,0.015824915824915964,-0.003113,0.018937915824915965
20251107,688981.SH,benchmark_relative_sample_covariance,CSI300,a5_top_liquid_20,-0.021946335602723188,-0.003113,-0.018833335602723187
20251110,000001.SZ,benchmark_relative_sample_covariance,CSI300,a5_top_liquid_20,0.006926406926407003,0.0034739999999999,0.003452406926407103
20251110,000002.SZ,benchmark_relative_sample_covariance,CSI300,a5_top_liquid_20,0.012944983818770295,0.0034739999999999,0.009470983818770394
20251110,000651.SZ,benchmark_relative_sample_covariance,CSI300,a5_top_liquid_20,0.020989505247376306,0.0034739999999999,0.017515505247376405
20251110,000725.SZ,benchmark_relative_sample_covariance,CSI300,a5_top_liquid_20,0.012468827930174564,0.0034739999999999,0.008994827930174663
20251110,002230.SZ,benchmark_relative_sample_covariance,CSI300,a5_top_liquid_20,0.00742574257425721,0.0034739999999999,0.00395174257425731
20251110,002594.SZ,benchmark_relative_sample_covariance,CSI300,a5_top_liquid_20,0.02253086419753081,0.0034739999999999,0.019056864197530908
20251110,300750.SZ,benchmark_relative_sample_covariance,CSI300,a5_top_liquid_20,-0.027467941421959186,0.0034739999999999,-0.030941941421959086
20251110,600019.SH,benchmark_relative_sample_covariance,CSI300,a5_top_liquid_20,-0.005228758169934622,0.0034739999999999,-0.008702758169934523
20251110,600030.SH,benchmark_relative_sample_covariance,CSI300,a5_top_liquid_20,0.010344827586207028,0.0034739999999999,0.006870827586207128
20251110,600050.SH,benchmark_relative_sample_covariance,CSI300,a5_top_liquid_20,0.003629764065335772,0.0034739999999999,0.0001557640653358722
20251110,600276.SH,benchmark_relative_sample_covariance,CSI300,a5_top_liquid_20,0.004059759662228046,0.0034739999999999,0.0005857596622281464
20251110,600309.SH,benchmark_relative_sample_covariance,CSI300,a5_top_liquid_20,0.039681323732189355,0.0034739999999999,0.036207323732189454
20251110,600519.SH,benchmark_relative_sample_covariance,CSI300,a5_top_liquid_20,0.020211674910871835,0.0034739999999999,0.016737674910871934
20251110,600760.SH,benchmark_relative_sample_covariance,CSI300,a5_top_liquid_20,-0.0031761952524238524,0.0034739999999999,-0.006650195252423752
20251110,600900.SH,benchmark_relative_sample_covariance,CSI300,a5_top_liquid_20,0.0003506311360448322,0.0034739999999999,-0.0031233688639550677
20251110,601012.SH,benchmark_relative_sample_covariance,CSI300,a5_top_liquid_20,0.0164957646009809,0.0034739999999999,0.013021764600981
20251110,601225.SH,benchmark_relative_sample_covariance,CSI300,a5_top_liquid_20,0.022793203481143776,0.0034739999999999,0.019319203481143875
20251110,601318.SH,benchmark_relative_sample_covariance,CSI300,a5_top_liquid_20,0.006962132789947395,0.0034739999999999,0.003488132789947495
20251110,601899.SH,benchmark_relative_sample_covariance,CSI300,a5_top_liquid_20,0.0,0.0034739999999999,-0.0034739999999999
20251110,688981.SH,benchmark_relative_sample_covariance,CSI300,a5_top_liquid_20,-0.017197608713454993,0.0034739999999999,-0.020671608713454893
20251111,000001.SZ,benchmark_relative_sample_covariance,CSI300,a5_top_liquid_20,0.0034393809114359186,-0.009134,0.012573380911435918
20251111,000002.SZ,benchmark_relative_sample_covariance,CSI300,a5_top_liquid_20,0.0031948881789138905,-0.009134,0.01232888817891389
20251111,000651.SZ,benchmark_relative_sample_covariance,CSI300,a5_top_liquid_20,0.001468428781204123,-0.009134,0.010602428781204123
20251111,000725.SZ,benchmark_relative_sample_covariance,CSI300,a5_top_liquid_20,-0.004926108374384119,-0.009134,0.00420789162561588
20251111,002230.SZ,benchmark_relative_sample_covariance,CSI300,a5_top_liquid_20,-0.027027027027026973,-0.009134,-0.017893027027026973
20251111,002594.SZ,benchmark_relative_sample_covariance,CSI300,a5_top_liquid_20,-0.006841734580943837,-0.009134,0.002292265419056163
20251111,300750.SZ,benchmark_relative_sample_covariance,CSI300,a5_top_liquid_20,0.002834776728823707,-0.009134,0.011968776728823707
20251111,600019.SH,benchmark_relative_sample_covariance,CSI300,a5_top_liquid_20,0.003942181340341522,-0.009134,0.013076181340341522
20251111,600030.SH,benchmark_relative_sample_covariance,CSI300,a5_top_liquid_20,-0.008191126279863514,-0.009134,0.0009428737201364855
20251111,600050.SH,benchmark_relative_sample_covariance,CSI300,a5_top_liquid_20,-0.005424954792043413,-0.009134,0.003709045207956587
20251111,600276.SH,benchmark_relative_sample_covariance,CSI300,a5_top_liquid_20,-0.012453501536470957,-0.009134,-0.003319501536470957
20251111,600309.SH,benchmark_relative_sample_covariance,CSI300,a5_top_liquid_20,0.0013262599469496816,-0.009134,0.010460259946949681
20251111,600519.SH,benchmark_relative_sample_covariance,CSI300,a5_top_liquid_20,-0.0022635574095601907,-0.009134,0.006870442590439809
20251111,600760.SH,benchmark_relative_sample_covariance,CSI300,a5_top_liquid_20,-0.011739057521381935,-0.009134,-0.002605057521381935
20251111,600900.SH,benchmark_relative_sample_covariance,CSI300,a5_top_liquid_20,0.003154574132492094,-0.009134,0.012288574132492094
20251111,601012.SH,benchmark_relative_sample_covariance,CSI300,a5_top_liquid_20,-0.015789473684210464,-0.009134,-0.006655473684210465
20251111,601225.SH,benchmark_relative_sample_covariance,CSI300,a5_top_liquid_20,-0.02269043760129652,-0.009134,-0.01355643760129652
20251111,601318.SH,benchmark_relative_sample_covariance,CSI300,a5_top_liquid_20,-0.001686340640809303,-0.009134,0.007447659359190697
20251111,601899.SH,benchmark_relative_sample_covariance,CSI300,a5_top_liquid_20,-0.018230029830957895,-0.009134,-0.009096029830957895
20251111,688981.SH,benchmark_relative_sample_covariance,CSI300,a5_top_liquid_20,-0.01899841679860015,-0.009134,-0.009864416798600149
20251112,000001.SZ,benchmark_relative_sample_covariance,CSI300,a5_top_liquid_20,0.0008568980291345785,-0.001345,0.0022018980291345783
20251112,000002.SZ,benchmark_relative_sample_covariance,CSI300,a5_top_liquid_20,-0.0031847133757962887,-0.001345,-0.0018397133757962886
20251112,000651.SZ,benchmark_relative_sample_covariance,CSI300,a5_top_liquid_20,0.0056207233626588415,-0.001345,0.006965723362658841
20251112,000725.SZ,benchmark_relative_sample_covariance,CSI300,a5_top_liquid_20,0.0,-0.001345,0.001345
20251112,002230.SZ,benchmark_relative_sample_covariance,CSI300,a5_top_liquid_20,-0.018065268065268092,-0.001345,-0.016720268065268093
20251112,002594.SZ,benchmark_relative_sample_covariance,CSI300,a5_top_liquid_20,-0.00952284469658593,-0.001345,-0.00817784469658593
20251112,300750.SZ,benchmark_relative_sample_covariance,CSI300,a5_top_liquid_20,0.0020228215767634783,-0.001345,0.003367821576763478
20251112,600019.SH,benchmark_relative_sample_covariance,CSI300,a5_top_liquid_20,0.01178010471204205,-0.001345,0.01312510471204205
20251112,600030.SH,benchmark_relative_sample_covariance,CSI300,a5_top_liquid_20,-0.00550584996558845,-0.001345,-0.00416084996558845
20251112,600050.SH,benchmark_relative_sample_covariance,CSI300,a5_top_liquid_20,-0.0036363636363635488,-0.001345,-0.002291363636363549
20251112,600276.SH,benchmark_relative_sample_covariance,CSI300,a5_top_liquid_20,0.017032427120864613,-0.001345,0.01837742712086461
20251112,600309.SH,benchmark_relative_sample_covariance,CSI300,a5_top_liquid_20,-0.0026490066225166586,-0.001345,-0.0013040066225166586
20251112,600519.SH,benchmark_relative_sample_covariance,CSI300,a5_top_liquid_20,0.004222098849203881,-0.001345,0.005567098849203881
20251112,600760.SH,benchmark_relative_sample_covariance,CSI300,a5_top_liquid_20,-0.010351264211776678,-0.001345,-0.009006264211776678
20251112,600900.SH,benchmark_relative_sample_covariance,CSI300,a5_top_liquid_20,-0.00034940600978339287,-0.001345,0.0009955939902166072
20251112,601012.SH,benchmark_relative_sample_covariance,CSI300,a5_top_liquid_20,-0.07352941176470595,-0.001345,-0.07218441176470596
20251112,601225.SH,benchmark_relative_sample_covariance,CSI300,a5_top_liquid_20,-0.008706467661691586,-0.001345,-0.007361467661691586
20251112,601318.SH,benchmark_relative_sample_covariance,CSI300,a5_top_liquid_20,0.014020270270270307,-0.001345,0.015365270270270308
20251112,601899.SH,benchmark_relative_sample_covariance,CSI300,a5_top_liquid_20,-0.004388926401080462,-0.001345,-0.003043926401080462
20251112,688981.SH,benchmark_relative_sample_covariance,CSI300,a5_top_liquid_20,0.016138622271298697,-0.001345,0.017483622271298696
20251113,000001.SZ,benchmark_relative_sample_covariance,CSI300,a5_top_liquid_20,0.001712328767123239,0.012089,-0.010376671232876762
20251113,000002.SZ,benchmark_relative_sample_covariance,CSI300,a5_top_liquid_20,0.0031948881789138905,0.012089,-0.00889411182108611
20251113,000651.SZ,benchmark_relative_sample_covariance,CSI300,a5_top_liquid_20,-0.0036452004860266785,0.012089,-0.01573420048602668
20251113,000725.SZ,benchmark_relative_sample_covariance,CSI300,a5_top_liquid_20,0.0,0.012089,-0.012089
20251113,002230.SZ,benchmark_relative_sample_covariance,CSI300,a5_top_liquid_20,0.0063303659742828255,0.012089,-0.005758634025717175
20251113,002594.SZ,benchmark_relative_sample_covariance,CSI300,a5_top_liquid_20,0.021069857829600025,0.012089,0.008980857829600024
20251113,300750.SZ,benchmark_relative_sample_covariance,CSI300,a5_top_liquid_20,0.07562503235157103,0.012089,0.06353603235157103
20251113,600019.SH,benchmark_relative_sample_covariance,CSI300,a5_top_liquid_20,0.0038809831824060392,0.012089,-0.008208016817593962
20251113,600030.SH,benchmark_relative_sample_covariance,CSI300,a5_top_liquid_20,0.006228373702422241,0.012089,-0.00586062629757776
20251113,600050.SH,benchmark_relative_sample_covariance,CSI300,a5_top_liquid_20,-0.005474452554744547,0.012089,-0.01756345255474455
20251113,600276.SH,benchmark_relative_sample_covariance,CSI300,a5_top_liquid_20,0.02351046698872783,0.012089,0.011421466988727829
20251113,600309.SH,benchmark_relative_sample_covariance,CSI300,a5_top_liquid_20,0.013870444149328476,0.012089,0.001781444149328475
20251113,600519.SH,benchmark_relative_sample_covariance,CSI300,a5_top_liquid_20,0.0035696003822134337,0.012089,-0.008519399617786567
20251113,600760.SH,benchmark_relative_sample_covariance,CSI300,a5_top_liquid_20,0.0022290809327847327,0.012089,-0.009859919067215268
20251113,600900.SH,benchmark_relative_sample_covariance,CSI300,a5_top_liquid_20,-0.005941978329255471,0.012089,-0.018030978329255473
20251113,601012.SH,benchmark_relative_sample_covariance,CSI300,a5_top_liquid_20,0.024531024531024626,0.012089,0.012442024531024625
20251113,601225.SH,benchmark_relative_sample_covariance,CSI300,a5_top_liquid_20,0.007109995817649484,0.012089,-0.004979004182350517
20251113,601318.SH,benchmark_relative_sample_covariance,CSI300,a5_top_liquid_20,0.014159586873230046,0.012089,0.002070586873230045
20251113,601899.SH,benchmark_relative_sample_covariance,CSI300,a5_top_liquid_20,0.04170905391658186,0.012089,0.02962005391658186
20251113,688981.SH,benchmark_relative_sample_covariance,CSI300,a5_top_liquid_20,0.02900610214829058,0.012089,0.016917102148290578
20251114,000001.SZ,benchmark_relative_sample_covariance,CSI300,a5_top_liquid_20,0.004273504273504258,-0.015724,0.019997504273504257
20251114,000002.SZ,benchmark_relative_sample_covariance,CSI300,a5_top_liquid_20,-0.0015923566878981443,-0.015724,0.014131643312101854
20251114,000651.SZ,benchmark_relative_sample_covariance,CSI300,a5_top_liquid_20,-0.009268292682926838,-0.015724,0.006455707317073161
20251114,000725.SZ,benchmark_relative_sample_covariance,CSI300,a5_top_liquid_20,-0.00990099009900991,-0.015724,0.005823009900990089
20251114,002230.SZ,benchmark_relative_sample_covariance,CSI300,a5_top_liquid_20,-0.017495576960880665,-0.015724,-0.001771576960880667
20251114,002594.SZ,benchmark_relative_sample_covariance,CSI300,a5_top_liquid_20,-0.014624862265851912,-0.015724,0.001099137734148086
20251114,300750.SZ,benchmark_relative_sample_covariance,CSI300,a5_top_liquid_20,-0.027622714148219485,-0.015724,-0.011898714148219487
20251114,600019.SH,benchmark_relative_sample_covariance,CSI300,a5_top_liquid_20,-0.011597938144329856,-0.015724,0.004126061855670143
20251114,600030.SH,benchmark_relative_sample_covariance,CSI300,a5_top_liquid_20,-0.015130674002750921,-0.015724,0.0005933259972490772
20251114,600050.SH,benchmark_relative_sample_covariance,CSI300,a5_top_liquid_20,-0.005504587155963359,-0.015724,0.01021941284403664
20251114,600276.SH,benchmark_relative_sample_covariance,CSI300,a5_top_liquid_20,-0.010383889238514854,-0.015724,0.005340110761485144
20251114,600309.SH,benchmark_relative_sample_covariance,CSI300,a5_top_liquid_20,-0.042351913840780075,-0.015724,-0.026627913840780077
20251114,600519.SH,benchmark_relative_sample_covariance,CSI300,a5_top_liquid_20,-0.009371727036548538,-0.015724,0.00635227296345146
20251114,600760.SH,benchmark_relative_sample_covariance,CSI300,a5_top_liquid_20,0.01009409751924717,-0.015724,0.025818097519247168
20251114,600900.SH,benchmark_relative_sample_covariance,CSI300,a5_top_liquid_20,-0.0035161744022503827,-0.015724,0.012207825597749616
20251114,601012.SH,benchmark_relative_sample_covariance,CSI300,a5_top_liquid_20,0.027230046948356623,-0.015724,0.042954046948356625
20251114,601225.SH,benchmark_relative_sample_covariance,CSI300,a5_top_liquid_20,-0.019102990033222467,-0.015724,-0.0033789900332224683
20251114,601318.SH,benchmark_relative_sample_covariance,CSI300,a5_top_liquid_20,-0.0037779237844941527,-0.015724,0.011946076215505846
20251114,601899.SH,benchmark_relative_sample_covariance,CSI300,a5_top_liquid_20,-0.02278645833333326,-0.015724,-0.007062458333333261
20251114,688981.SH,benchmark_relative_sample_covariance,CSI300,a5_top_liquid_20,-0.039967506092607574,-0.015724,-0.024243506092607576
20251117,000001.SZ,benchmark_relative_sample_covariance,CSI300,a5_top_liquid_20,-0.006808510638297904,-0.006501,-0.00030751063829790454
20251117,000002.SZ,benchmark_relative_sample_covariance,CSI300,a5_top_liquid_20,-0.0015948963317383713,-0.006501,0.0049061036682616285
20251117,000651.SZ,benchmark_relative_sample_covariance,CSI300,a5_top_liquid_20,-0.010585918266863614,-0.006501,-0.004084918266863614
20251117,000725.SZ,benchmark_relative_sample_covariance,CSI300,a5_top_liquid_20,-0.010000000000000009,-0.006501,-0.003499000000000009
20251117,002230.SZ,benchmark_relative_sample_covariance,CSI300,a5_top_liquid_20,0.011604641856742814,-0.006501,0.018105641856742814
20251117,002594.SZ,benchmark_relative_sample_covariance,CSI300,a5_top_liquid_20,-0.0029480532682729654,-0.006501,0.0035529467317270344
20251117,300750.SZ,benchmark_relative_sample_covariance,CSI300,a5_top_liquid_20,-0.03300999703058505,-0.006501,-0.026508997030585048
20251117,600019.SH,benchmark_relative_sample_covariance,CSI300,a5_top_liquid_20,-0.0013037809647978849,-0.006501,0.005197219035202115
20251117,600030.SH,benchmark_relative_sample_covariance,CSI300,a5_top_liquid_20,-0.01222067039106145,-0.006501,-0.00571967039106145
20251117,600050.SH,benchmark_relative_sample_covariance,CSI300,a5_top_liquid_20,-0.0018450184501844769,-0.006501,0.004655981549815523
20251117,600276.SH,benchmark_relative_sample_covariance,CSI300,a5_top_liquid_20,-0.01748807631160576,-0.006501,-0.01098707631160576
20251117,600309.SH,benchmark_relative_sample_covariance,CSI300,a5_top_liquid_20,0.008814589665653516,-0.006501,0.015315589665653516
20251117,600519.SH,benchmark_relative_sample_covariance,CSI300,a5_top_liquid_20,0.00988603597418658,-0.006501,0.01638703597418658
20251117,600760.SH,benchmark_relative_sample_covariance,CSI300,a5_top_liquid_20,0.020663956639566328,-0.006501,0.027164956639566328
20251117,600900.SH,benchmark_relative_sample_covariance,CSI300,a5_top_liquid_20,-0.00635144671841914,-0.006501,0.0001495532815808595
20251117,601012.SH,benchmark_relative_sample_covariance,CSI300,a5_top_liquid_20,-0.008683729433272336,-0.006501,-0.002182729433272336
20251117,601225.SH,benchmark_relative_sample_covariance,CSI300,a5_top_liquid_20,0.01735817104149029,-0.006501,0.02385917104149029
20251117,601318.SH,benchmark_relative_sample_covariance,CSI300,a5_top_liquid_20,-0.013520197856554006,-0.006501,-0.007019197856554006
20251117,601899.SH,benchmark_relative_sample_covariance,CSI300,a5_top_liquid_20,-0.03464357095269821,-0.006501,-0.02814257095269821
20251117,688981.SH,benchmark_relative_sample_covariance,CSI300,a5_top_liquid_20,-0.004653917752580949,-0.006501,0.0018470822474190504
20251118,000001.SZ,benchmark_relative_sample_covariance,CSI300,a5_top_liquid_20,-0.006855184233076295,-0.006494,-0.0003611842330762949
20251118,000002.SZ,benchmark_relative_sample_covariance,CSI300,a5_top_liquid_20,-0.02076677316293929,-0.006494,-0.01427277316293929
20251118,000651.SZ,benchmark_relative_sample_covariance,CSI300,a5_top_liquid_20,-0.0019905449116695006,-0.006494,0.004503455088330499
20251118,000725.SZ,benchmark_relative_sample_covariance,CSI300,a5_top_liquid_20,-0.007575757575757569,-0.006494,-0.0010817575757575693
20251118,002230.SZ,benchmark_relative_sample_covariance,CSI300,a5_top_liquid_20,0.019580696202531556,-0.006494,0.026074696202531555
20251118,002594.SZ,benchmark_relative_sample_covariance,CSI300,a5_top_liquid_20,-0.01621125611745522,-0.006494,-0.00971725611745522
20251118,300750.SZ,benchmark_relative_sample_covariance,CSI300,a5_top_liquid_20,-0.014790930958595516,-0.006494,-0.008296930958595516
20251118,600019.SH,benchmark_relative_sample_covariance,CSI300,a5_top_liquid_20,-0.018276762402088864,-0.006494,-0.011782762402088864
20251118,600030.SH,benchmark_relative_sample_covariance,CSI300,a5_top_liquid_20,-0.002474372569812644,-0.006494,0.004019627430187356
20251118,600050.SH,benchmark_relative_sample_covariance,CSI300,a5_top_liquid_20,-0.001848428835489746,-0.006494,0.004645571164510254
20251118,600276.SH,benchmark_relative_sample_covariance,CSI300,a5_top_liquid_20,-0.0003236245954691963,-0.006494,0.0061703754045308035
20251118,600309.SH,benchmark_relative_sample_covariance,CSI300,a5_top_liquid_20,-0.01476348297680008,-0.006494,-0.00826948297680008
20251118,600519.SH,benchmark_relative_sample_covariance,CSI300,a5_top_liquid_20,0.003399048266485405,-0.006494,0.009893048266485405
20251118,600760.SH,benchmark_relative_sample_covariance,CSI300,a5_top_liquid_20,-0.01460338533023553,-0.006494,-0.00810938533023553
20251118,600900.SH,benchmark_relative_sample_covariance,CSI300,a5_top_liquid_20,-0.00035511363636364646,-0.006494,0.006138886363636353
20251118,601012.SH,benchmark_relative_sample_covariance,CSI300,a5_top_liquid_20,-0.02489626556016611,-0.006494,-0.01840226556016611
20251118,601225.SH,benchmark_relative_sample_covariance,CSI300,a5_top_liquid_20,-0.02080732417811071,-0.006494,-0.014313324178110709
20251118,601318.SH,benchmark_relative_sample_covariance,CSI300,a5_top_liquid_20,-0.003509944843723911,-0.006494,0.0029840551562760886
20251118,601899.SH,benchmark_relative_sample_covariance,CSI300,a5_top_liquid_20,-0.020358868184955137,-0.006494,-0.013864868184955137
20251118,688981.SH,benchmark_relative_sample_covariance,CSI300,a5_top_liquid_20,0.002805406783983555,-0.006494,0.009299406783983555
20251119,000001.SZ,benchmark_relative_sample_covariance,CSI300,a5_top_liquid_20,0.018119068162208984,0.0044,0.013719068162208983
20251119,000002.SZ,benchmark_relative_sample_covariance,CSI300,a5_top_liquid_20,-0.011419249592169667,0.0044,-0.015819249592169668
20251119,000651.SZ,benchmark_relative_sample_covariance,CSI300,a5_top_liquid_20,0.001246571927200124,0.0044,-0.003153428072799876
20251119,000725.SZ,benchmark_relative_sample_covariance,CSI300,a5_top_liquid_20,-0.0025445292620865922,0.0044,-0.0069445292620865925
20251119,002230.SZ,benchmark_relative_sample_covariance,CSI300,a5_top_liquid_20,-0.012221144519883542,0.0044,-0.016621144519883543
20251119,002594.SZ,benchmark_relative_sample_covariance,CSI300,a5_top_liquid_20,-0.013680174111306842,0.0044,-0.018080174111306843
20251119,300750.SZ,benchmark_relative_sample_covariance,CSI300,a5_top_liquid_20,0.015844155844155994,0.0044,0.011444155844155993
20251119,600019.SH,benchmark_relative_sample_covariance,CSI300,a5_top_liquid_20,-0.0066489361702127825,0.0044,-0.011048936170212784
20251119,600030.SH,benchmark_relative_sample_covariance,CSI300,a5_top_liquid_20,0.0028348688873141015,0.0044,-0.0015651311126858988
20251119,600050.SH,benchmark_relative_sample_covariance,CSI300,a5_top_liquid_20,0.0018518518518517713,0.0044,-0.002548148148148229
20251119,600276.SH,benchmark_relative_sample_covariance,CSI300,a5_top_liquid_20,-0.01084493363548078,0.0044,-0.015244933635480781
20251119,600309.SH,benchmark_relative_sample_covariance,CSI300,a5_top_liquid_20,0.0032110091743118296,0.0044,-0.0011889908256881706
20251119,600519.SH,benchmark_relative_sample_covariance,CSI300,a5_top_liquid_20,-0.0033807588075880357,0.0044,-0.007780758807588036
20251119,600760.SH,benchmark_relative_sample_covariance,CSI300,a5_top_liquid_20,0.017851128326035637,0.0044,0.013451128326035636
20251119,600900.SH,benchmark_relative_sample_covariance,CSI300,a5_top_liquid_20,0.002841918294849144,0.0044,-0.0015580817051508563
20251119,601012.SH,benchmark_relative_sample_covariance,CSI300,a5_top_liquid_20,0.0023640661938535423,0.0044,-0.002035933806146458
20251119,601225.SH,benchmark_relative_sample_covariance,CSI300,a5_top_liquid_20,0.009774755631109189,0.0044,0.0053747556311091885
20251119,601318.SH,benchmark_relative_sample_covariance,CSI300,a5_top_liquid_20,0.012579671251258029,0.0044,0.008179671251258028
20251119,601899.SH,benchmark_relative_sample_covariance,CSI300,a5_top_liquid_20,0.033462486791123514,0.0044,0.029062486791123512
20251119,688981.SH,benchmark_relative_sample_covariance,CSI300,a5_top_liquid_20,-0.0142421159715157,0.0044,-0.018642115971515702
20251120,000001.SZ,benchmark_relative_sample_covariance,CSI300,a5_top_liquid_20,0.004237288135593209,-0.005088,0.009325288135593208
20251120,000002.SZ,benchmark_relative_sample_covariance,CSI300,a5_top_liquid_20,0.02310231023102327,-0.005088,0.02819031023102327
20251120,000651.SZ,benchmark_relative_sample_covariance,CSI300,a5_top_liquid_20,0.004731075697211207,-0.005088,0.009819075697211205
20251120,000725.SZ,benchmark_relative_sample_covariance,CSI300,a5_top_liquid_20,-0.005102040816326481,-0.005088,-1.4040816326481124e-05
20251120,002230.SZ,benchmark_relative_sample_covariance,CSI300,a5_top_liquid_20,-0.01610369206598583,-0.005088,-0.011015692065985832
20251120,002594.SZ,benchmark_relative_sample_covariance,CSI300,a5_top_liquid_20,-0.01639172007985712,-0.005088,-0.01130372007985712
20251120,300750.SZ,benchmark_relative_sample_covariance,CSI300,a5_top_liquid_20,-0.02994119151112251,-0.005088,-0.024853191511122513
20251120,600019.SH,benchmark_relative_sample_covariance,CSI300,a5_top_liquid_20,0.0,-0.005088,0.005088
20251120,600030.SH,benchmark_relative_sample_covariance,CSI300,a5_top_liquid_20,0.0,-0.005088,0.005088
20251120,600050.SH,benchmark_relative_sample_covariance,CSI300,a5_top_liquid_20,0.014787430683918634,-0.005088,0.019875430683918633
20251120,600276.SH,benchmark_relative_sample_covariance,CSI300,a5_top_liquid_20,-0.007854688267059373,-0.005088,-0.0027666882670593735
20251120,600309.SH,benchmark_relative_sample_covariance,CSI300,a5_top_liquid_20,-0.01996646852613937,-0.005088,-0.01487846852613937
20251120,600519.SH,benchmark_relative_sample_covariance,CSI300,a5_top_liquid_20,-0.0026512396244757763,-0.005088,0.0024367603755242233
20251120,600760.SH,benchmark_relative_sample_covariance,CSI300,a5_top_liquid_20,-0.024652547981469097,-0.005088,-0.0195645479814691
20251120,600900.SH,benchmark_relative_sample_covariance,CSI300,a5_top_liquid_20,-0.0031880977683315104,-0.005088,0.0018999022316684893
20251120,601012.SH,benchmark_relative_sample_covariance,CSI300,a5_top_liquid_20,-0.05188679245283012,-0.005088,-0.04679879245283012
20251120,601225.SH,benchmark_relative_sample_covariance,CSI300,a5_top_liquid_20,-0.02483164983164987,-0.005088,-0.019743649831649873
20251120,601318.SH,benchmark_relative_sample_covariance,CSI300,a5_top_liquid_20,-0.0028159681961238414,-0.005088,0.0022720318038761582
20251120,601899.SH,benchmark_relative_sample_covariance,CSI300,a5_top_liquid_20,-0.012610770279481986,-0.005088,-0.007522770279481987
20251120,688981.SH,benchmark_relative_sample_covariance,CSI300,a5_top_liquid_20,0.004299965600275124,-0.005088,0.009387965600275123
20251121,000001.SZ,benchmark_relative_sample_covariance,CSI300,a5_top_liquid_20,-0.013502109704641385,-0.02439,0.010887890295358613
20251121,000002.SZ,benchmark_relative_sample_covariance,CSI300,a5_top_liquid_20,-0.022580645161290436,-0.02439,0.0018093548387095627
20251121,000651.SZ,benchmark_relative_sample_covariance,CSI300,a5_top_liquid_20,-0.0024783147459728205,-0.02439,0.021911685254027178
20251121,000725.SZ,benchmark_relative_sample_covariance,CSI300,a5_top_liquid_20,-0.017948717948717885,-0.02439,0.0064412820512821135
20251121,002230.SZ,benchmark_relative_sample_covariance,CSI300,a5_top_liquid_20,-0.017964071856287345,-0.02439,0.006425928143712654
20251121,002594.SZ,benchmark_relative_sample_covariance,CSI300,a5_top_liquid_20,-0.009721183634227026,-0.02439,0.014668816365772972
20251121,300750.SZ,benchmark_relative_sample_covariance,CSI300,a5_top_liquid_20,-0.024750256991486252,-0.02439,-0.000360256991486254
20251121,600019.SH,benchmark_relative_sample_covariance,CSI300,a5_top_liquid_20,-0.02677376171352075,-0.02439,-0.002383761713520751
20251121,600030.SH,benchmark_relative_sample_covariance,CSI300,a5_top_liquid_20,-0.035335689045936425,-0.02439,-0.010945689045936426
20251121,600050.SH,benchmark_relative_sample_covariance,CSI300,a5_top_liquid_20,-0.020036429872495543,-0.02439,0.004353570127504456
20251121,600276.SH,benchmark_relative_sample_covariance,CSI300,a5_top_liquid_20,-0.018637638132937506,-0.02439,0.005752361867062492
20251121,600309.SH,benchmark_relative_sample_covariance,CSI300,a5_top_liquid_20,-0.024727838258164825,-0.02439,-0.00033783825816482635
20251121,600519.SH,benchmark_relative_sample_covariance,CSI300,a5_top_liquid_20,-0.000347622196018027,-0.02439,0.02404237780398197
20251121,600760.SH,benchmark_relative_sample_covariance,CSI300,a5_top_liquid_20,-0.0178117048346057,-0.02439,0.006578295165394297
20251121,600900.SH,benchmark_relative_sample_covariance,CSI300,a5_top_liquid_20,0.000710732054015617,-0.02439,0.025100732054015615
20251121,601012.SH,benchmark_relative_sample_covariance,CSI300,a5_top_liquid_20,-0.0626865671641792,-0.02439,-0.0382965671641792
20251121,601225.SH,benchmark_relative_sample_covariance,CSI300,a5_top_liquid_20,-0.011652999568407596,-0.02439,0.012737000431592402
20251121,601318.SH,benchmark_relative_sample_covariance,CSI300,a5_top_liquid_20,-0.021428571428571574,-0.02439,0.002961428571428424
20251121,601899.SH,benchmark_relative_sample_covariance,CSI300,a5_top_liquid_20,-0.02865032792544009,-0.02439,-0.00426032792544009
20251121,688981.SH,benchmark_relative_sample_covariance,CSI300,a5_top_liquid_20,-0.03236855625963353,-0.02439,-0.007978556259633531
20251124,000001.SZ,benchmark_relative_sample_covariance,CSI300,a5_top_liquid_20,-0.007698887938408894,-0.001248,-0.006450887938408894
20251124,000002.SZ,benchmark_relative_sample_covariance,CSI300,a5_top_liquid_20,-0.0033003300330032292,-0.001248,-0.0020523300330032293
20251124,000651.SZ,benchmark_relative_sample_covariance,CSI300,a5_top_liquid_20,-0.003478260869565264,-0.001248,-0.002230260869565264
20251124,000725.SZ,benchmark_relative_sample_covariance,CSI300,a5_top_liquid_20,-0.0026109660574412663,-0.001248,-0.0013629660574412663
20251124,002230.SZ,benchmark_relative_sample_covariance,CSI300,a5_top_liquid_20,0.027439024390243816,-0.001248,0.028687024390243815
20251124,002594.SZ,benchmark_relative_sample_covariance,CSI300,a5_top_liquid_20,0.013268608414239491,-0.001248,0.01451660841423949
20251124,300750.SZ,benchmark_relative_sample_covariance,CSI300,a5_top_liquid_20,0.0014864864864865268,-0.001248,0.002734486486486527
20251124,600019.SH,benchmark_relative_sample_covariance,CSI300,a5_top_liquid_20,-0.01375515818431905,-0.001248,-0.01250715818431905
20251124,600030.SH,benchmark_relative_sample_covariance,CSI300,a5_top_liquid_20,0.003296703296703285,-0.001248,0.004544703296703285
20251124,600050.SH,benchmark_relative_sample_covariance,CSI300,a5_top_liquid_20,0.009293680297397744,-0.001248,0.010541680297397743
20251124,600276.SH,benchmark_relative_sample_covariance,CSI300,a5_top_liquid_20,0.019495798319327573,-0.001248,0.020743798319327572
20251124,600309.SH,benchmark_relative_sample_covariance,CSI300,a5_top_liquid_20,0.00127571360229628,-0.001248,0.00252371360229628
20251124,600519.SH,benchmark_relative_sample_covariance,CSI300,a5_top_liquid_20,-0.009954997954452427,-0.001248,-0.008706997954452428
20251124,600760.SH,benchmark_relative_sample_covariance,CSI300,a5_top_liquid_20,0.05699481865284972,-0.001248,0.05824281865284972
20251124,600900.SH,benchmark_relative_sample_covariance,CSI300,a5_top_liquid_20,0.0010653409090910504,-0.001248,0.0023133409090910504
20251124,601012.SH,benchmark_relative_sample_covariance,CSI300,a5_top_liquid_20,-0.004246284501061459,-0.001248,-0.002998284501061459
20251124,601225.SH,benchmark_relative_sample_covariance,CSI300,a5_top_liquid_20,-0.012227074235807711,-0.001248,-0.010979074235807712
20251124,601318.SH,benchmark_relative_sample_covariance,CSI300,a5_top_liquid_20,-0.008657273807502919,-0.001248,-0.007409273807502919
20251124,601899.SH,benchmark_relative_sample_covariance,CSI300,a5_top_liquid_20,-0.00497512437810943,-0.001248,-0.00372712437810943
20251124,688981.SH,benchmark_relative_sample_covariance,CSI300,a5_top_liquid_20,-0.01318584070796458,-0.001248,-0.011937840707964581
20251125,000001.SZ,benchmark_relative_sample_covariance,CSI300,a5_top_liquid_20,0.017241379310344973,0.009523,0.007718379310344973
20251125,000002.SZ,benchmark_relative_sample_covariance,CSI300,a5_top_liquid_20,0.0,0.009523,-0.009523
20251125,000651.SZ,benchmark_relative_sample_covariance,CSI300,a5_top_liquid_20,-0.000997257541760166,0.009523,-0.010520257541760166
20251125,000725.SZ,benchmark_relative_sample_covariance,CSI300,a5_top_liquid_20,0.007853403141361293,0.009523,-0.0016695968586387076
20251125,002230.SZ,benchmark_relative_sample_covariance,CSI300,a5_top_liquid_20,-0.00039564787339263496,0.009523,-0.009918647873392635
20251125,002594.SZ,benchmark_relative_sample_covariance,CSI300,a5_top_liquid_20,-0.00021292451825838388,0.009523,-0.009735924518258384
20251125,300750.SZ,benchmark_relative_sample_covariance,CSI300,a5_top_liquid_20,0.00488463095398739,0.009523,-0.00463836904601261
20251125,600019.SH,benchmark_relative_sample_covariance,CSI300,a5_top_liquid_20,-0.001394700139469962,0.009523,-0.010917700139469962
20251125,600030.SH,benchmark_relative_sample_covariance,CSI300,a5_top_liquid_20,0.0029207740051113706,0.009523,-0.00660222599488863
20251125,600050.SH,benchmark_relative_sample_covariance,CSI300,a5_top_liquid_20,0.0018416206261511192,0.009523,-0.007681379373848881
20251125,600276.SH,benchmark_relative_sample_covariance,CSI300,a5_top_liquid_20,0.0036267721727663016,0.009523,-0.005896227827233699
20251125,600309.SH,benchmark_relative_sample_covariance,CSI300,a5_top_liquid_20,0.003981525720656132,0.009523,-0.005541474279343869
20251125,600519.SH,benchmark_relative_sample_covariance,CSI300,a5_top_liquid_20,-0.005061983471074338,0.009523,-0.014584983471074339
20251125,600760.SH,benchmark_relative_sample_covariance,CSI300,a5_top_liquid_20,-0.013562091503268037,0.009523,-0.023085091503268037
20251125,600900.SH,benchmark_relative_sample_covariance,CSI300,a5_top_liquid_20,-0.005675771550195163,0.009523,-0.015198771550195164
20251125,601012.SH,benchmark_relative_sample_covariance,CSI300,a5_top_liquid_20,0.011727078891258014,0.009523,0.0022040788912580135
20251125,601225.SH,benchmark_relative_sample_covariance,CSI300,a5_top_liquid_20,0.0035366931918654476,0.009523,-0.005986306808134553
20251125,601318.SH,benchmark_relative_sample_covariance,CSI300,a5_top_liquid_20,0.018321917808219235,0.009523,0.008798917808219234
20251125,601899.SH,benchmark_relative_sample_covariance,CSI300,a5_top_liquid_20,0.01821428571428574,0.009523,0.008691285714285738
20251125,688981.SH,benchmark_relative_sample_covariance,CSI300,a5_top_liquid_20,0.0015245269482557777,0.009523,-0.007998473051744222
20251126,000001.SZ,benchmark_relative_sample_covariance,CSI300,a5_top_liquid_20,-0.009322033898305215,0.006062,-0.015384033898305215
20251126,000002.SZ,benchmark_relative_sample_covariance,CSI300,a5_top_liquid_20,-0.024834437086092787,0.006062,-0.030896437086092784
20251126,000651.SZ,benchmark_relative_sample_covariance,CSI300,a5_top_liquid_20,0.006488644871474936,0.006062,0.00042664487147493595
20251126,000725.SZ,benchmark_relative_sample_covariance,CSI300,a5_top_liquid_20,0.0025974025974024872,0.006062,-0.0034645974025975124
20251126,002230.SZ,benchmark_relative_sample_covariance,CSI300,a5_top_liquid_20,-0.01009301405105878,0.006062,-0.016155014051058778
20251126,002594.SZ,benchmark_relative_sample_covariance,CSI300,a5_top_liquid_20,0.012565222021084121,0.006062,0.006503222021084122
20251126,300750.SZ,benchmark_relative_sample_covariance,CSI300,a5_top_liquid_20,0.0012353636265978185,0.006062,-0.004826636373402181
20251126,600019.SH,benchmark_relative_sample_covariance,CSI300,a5_top_liquid_20,0.0041899441340782495,0.006062,-0.0018720558659217502
20251126,600030.SH,benchmark_relative_sample_covariance,CSI300,a5_top_liquid_20,0.004732435384055433,0.006062,-0.0013295646159445663
20251126,600050.SH,benchmark_relative_sample_covariance,CSI300,a5_top_liquid_20,0.0018382352941175295,0.006062,-0.00422376470588247
20251126,600276.SH,benchmark_relative_sample_covariance,CSI300,a5_top_liquid_20,0.02431011826544016,0.006062,0.018248118265440164
20251126,600309.SH,benchmark_relative_sample_covariance,CSI300,a5_top_liquid_20,0.01046954314720816,0.006062,0.0044075431472081605
20251126,600519.SH,benchmark_relative_sample_covariance,CSI300,a5_top_liquid_20,0.0031149413352715705,0.006062,-0.002947058664728429
20251126,600760.SH,benchmark_relative_sample_covariance,CSI300,a5_top_liquid_20,-0.03263210203743583,0.006062,-0.038694102037435826
20251126,600900.SH,benchmark_relative_sample_covariance,CSI300,a5_top_liquid_20,-0.003210845522654271,0.006062,-0.00927284552265427
20251126,601012.SH,benchmark_relative_sample_covariance,CSI300,a5_top_liquid_20,-0.008956796628029617,0.006062,-0.015018796628029617
20251126,601225.SH,benchmark_relative_sample_covariance,CSI300,a5_top_liquid_20,-0.009691629955947079,0.006062,-0.015753629955947077
20251126,601318.SH,benchmark_relative_sample_covariance,CSI300,a5_top_liquid_20,0.005212712291911892,0.006062,-0.0008492877080881079
20251126,601899.SH,benchmark_relative_sample_covariance,CSI300,a5_top_liquid_20,-0.00280603297088744,0.006062,-0.00886803297088744
20251126,688981.SH,benchmark_relative_sample_covariance,CSI300,a5_top_liquid_20,0.009222779369627343,0.006062,0.0031607793696273433
20251127,000001.SZ,benchmark_relative_sample_covariance,CSI300,a5_top_liquid_20,0.0017108639863132602,-0.000492,0.0022028639863132604
20251127,000002.SZ,benchmark_relative_sample_covariance,CSI300,a5_top_liquid_20,-0.07130730050933787,-0.000492,-0.07081530050933786
20251127,000651.SZ,benchmark_relative_sample_covariance,CSI300,a5_top_liquid_20,0.0,-0.000492,0.000492
20251127,000725.SZ,benchmark_relative_sample_covariance,CSI300,a5_top_liquid_20,-0.005181347150259086,-0.000492,-0.0046893471502590855
20251127,002230.SZ,benchmark_relative_sample_covariance,CSI300,a5_top_liquid_20,-0.012994802079168477,-0.000492,-0.012502802079168478
20251127,002594.SZ,benchmark_relative_sample_covariance,CSI300,a5_top_liquid_20,-0.008413082343043388,-0.000492,-0.007921082343043388
20251127,300750.SZ,benchmark_relative_sample_covariance,CSI300,a5_top_liquid_20,-0.0043452604474009116,-0.000492,-0.0038532604474009113
20251127,600019.SH,benchmark_relative_sample_covariance,CSI300,a5_top_liquid_20,0.0,-0.000492,0.000492
20251127,600030.SH,benchmark_relative_sample_covariance,CSI300,a5_top_liquid_20,-0.0007246376811594901,-0.000492,-0.0002326376811594901
20251127,600050.SH,benchmark_relative_sample_covariance,CSI300,a5_top_liquid_20,-0.005504587155963359,-0.000492,-0.005012587155963358
20251127,600276.SH,benchmark_relative_sample_covariance,CSI300,a5_top_liquid_20,-0.004329698524695225,-0.000492,-0.0038376985246952244
20251127,600309.SH,benchmark_relative_sample_covariance,CSI300,a5_top_liquid_20,0.03453689167974883,-0.000492,0.035028891679748826
20251127,600519.SH,benchmark_relative_sample_covariance,CSI300,a5_top_liquid_20,-0.0012766104268020495,-0.000492,-0.0007846104268020495
20251127,600760.SH,benchmark_relative_sample_covariance,CSI300,a5_top_liquid_20,0.0022260273972602995,-0.000492,0.0027180273972602998
20251127,600900.SH,benchmark_relative_sample_covariance,CSI300,a5_top_liquid_20,0.005368647100930435,-0.000492,0.005860647100930435
20251127,601012.SH,benchmark_relative_sample_covariance,CSI300,a5_top_liquid_20,-0.012227538543328031,-0.000492,-0.011735538543328032
20251127,601225.SH,benchmark_relative_sample_covariance,CSI300,a5_top_liquid_20,0.02491103202846978,-0.000492,0.02540303202846978
20251127,601318.SH,benchmark_relative_sample_covariance,CSI300,a5_top_liquid_20,-0.007360321177651397,-0.000492,-0.006868321177651396
20251127,601899.SH,benchmark_relative_sample_covariance,CSI300,a5_top_liquid_20,0.0059795990151250145,-0.000492,0.006471599015125015
20251127,688981.SH,benchmark_relative_sample_covariance,CSI300,a5_top_liquid_20,0.0,-0.000492,0.000492
20251128,000001.SZ,benchmark_relative_sample_covariance,CSI300,a5_top_liquid_20,-0.008539709649872052,0.002493,-0.011032709649872052
20251128,000002.SZ,benchmark_relative_sample_covariance,CSI300,a5_top_liquid_20,-0.01645338208409508,0.002493,-0.01894638208409508
20251128,000651.SZ,benchmark_relative_sample_covariance,CSI300,a5_top_liquid_20,0.0007438631291842857,0.002493,-0.0017491368708157143
20251128,000725.SZ,benchmark_relative_sample_covariance,CSI300,a5_top_liquid_20,0.005208333333333259,0.002493,0.0027153333333332593
20251128,002230.SZ,benchmark_relative_sample_covariance,CSI300,a5_top_liquid_20,0.0030382823577073115,0.002493,0.0005452823577073115
20251128,002594.SZ,benchmark_relative_sample_covariance,CSI300,a5_top_liquid_20,0.009332909110191911,0.002493,0.006839909110191911
20251128,300750.SZ,benchmark_relative_sample_covariance,CSI300,a5_top_liquid_20,0.005387931034482651,0.002493,0.0028949310344826514
20251128,600019.SH,benchmark_relative_sample_covariance,CSI300,a5_top_liquid_20,0.008344923504867818,0.002493,0.005851923504867818
20251128,600030.SH,benchmark_relative_sample_covariance,CSI300,a5_top_liquid_20,0.00036258158085566983,0.002493,-0.00213041841914433
20251128,600050.SH,benchmark_relative_sample_covariance,CSI300,a5_top_liquid_20,-0.0036900369003689537,0.002493,-0.006183036900368954
20251128,600276.SH,benchmark_relative_sample_covariance,CSI300,a5_top_liquid_20,-0.00016105653084241833,0.002493,-0.0026540565308424183
20251128,600309.SH,benchmark_relative_sample_covariance,CSI300,a5_top_liquid_20,0.018512898330804273,0.002493,0.016019898330804274
20251128,600519.SH,benchmark_relative_sample_covariance,CSI300,a5_top_liquid_20,0.0022110136115525147,0.002493,-0.00028198638844748524
20251128,600760.SH,benchmark_relative_sample_covariance,CSI300,a5_top_liquid_20,0.003075345976422339,0.002493,0.000582345976422339
20251128,600900.SH,benchmark_relative_sample_covariance,CSI300,a5_top_liquid_20,-0.003915984336062661,0.002493,-0.006408984336062662
20251128,601012.SH,benchmark_relative_sample_covariance,CSI300,a5_top_liquid_20,-0.0005382131324003225,0.002493,-0.0030312131324003225
20251128,601225.SH,benchmark_relative_sample_covariance,CSI300,a5_top_liquid_20,-0.015625,0.002493,-0.018118
20251128,601318.SH,benchmark_relative_sample_covariance,CSI300,a5_top_liquid_20,-0.005898213683855791,0.002493,-0.008391213683855791
20251128,601899.SH,benchmark_relative_sample_covariance,CSI300,a5_top_liquid_20,-0.0006993006993007977,0.002493,-0.0031923006993007977
20251128,688981.SH,benchmark_relative_sample_covariance,CSI300,a5_top_liquid_20,0.00789637121817055,0.002493,0.00540337121817055
20251201,000001.SZ,benchmark_relative_sample_covariance,CSI300,a5_top_liquid_20,0.006890611541774394,0.011007,-0.004116388458225605
20251201,000002.SZ,benchmark_relative_sample_covariance,CSI300,a5_top_liquid_20,-0.03345724907063197,0.011007,-0.04446424907063197
20251201,000651.SZ,benchmark_relative_sample_covariance,CSI300,a5_top_liquid_20,0.012140733399405468,0.011007,0.0011337333994054684
20251201,000725.SZ,benchmark_relative_sample_covariance,CSI300,a5_top_liquid_20,0.010362694300518172,0.011007,-0.0006443056994818279
20251201,002230.SZ,benchmark_relative_sample_covariance,CSI300,a5_top_liquid_20,0.011308562197092087,0.011007,0.00030156219709208745
20251201,002594.SZ,benchmark_relative_sample_covariance,CSI300,a5_top_liquid_20,0.006304507723021935,0.011007,-0.004702492276978065
20251201,300750.SZ,benchmark_relative_sample_covariance,CSI300,a5_top_liquid_20,0.026178992497320586,0.011007,0.015171992497320586
20251201,600019.SH,benchmark_relative_sample_covariance,CSI300,a5_top_liquid_20,-0.0013793103448275223,0.011007,-0.012386310344827522
20251201,600030.SH,benchmark_relative_sample_covariance,CSI300,a5_top_liquid_20,0.002899601304820587,0.011007,-0.008107398695179412
20251201,600050.SH,benchmark_relative_sample_covariance,CSI300,a5_top_liquid_20,0.0092592592592593,0.011007,-0.001747740740740699
20251201,600276.SH,benchmark_relative_sample_covariance,CSI300,a5_top_liquid_20,-0.0022551546391752497,0.011007,-0.01326215463917525
20251201,600309.SH,benchmark_relative_sample_covariance,CSI300,a5_top_liquid_20,0.0125148986889152,0.011007,0.0015078986889151998
20251201,600519.SH,benchmark_relative_sample_covariance,CSI300,a5_top_liquid_20,-0.0017235436056531883,0.011007,-0.012730543605653188
20251201,600760.SH,benchmark_relative_sample_covariance,CSI300,a5_top_liquid_20,-0.00817577925396018,0.011007,-0.01918277925396018
20251201,600900.SH,benchmark_relative_sample_covariance,CSI300,a5_top_liquid_20,0.0032165832737669486,0.011007,-0.007790416726233051
20251201,601012.SH,benchmark_relative_sample_covariance,CSI300,a5_top_liquid_20,0.009693053311793154,0.011007,-0.0013139466882068455
20251201,601225.SH,benchmark_relative_sample_covariance,CSI300,a5_top_liquid_20,0.0092592592592593,0.011007,-0.001747740740740699
20251201,601318.SH,benchmark_relative_sample_covariance,CSI300,a5_top_liquid_20,-0.006102729276148522,0.011007,-0.01710972927614852
20251201,601899.SH,benchmark_relative_sample_covariance,CSI300,a5_top_liquid_20,0.051784464660601826,0.011007,0.04077746466060182
20251201,688981.SH,benchmark_relative_sample_covariance,CSI300,a5_top_liquid_20,0.007042253521126751,0.011007,-0.003964746478873248
20251202,000001.SZ,benchmark_relative_sample_covariance,CSI300,a5_top_liquid_20,-0.004277159965782595,-0.00484,0.0005628400342174043
20251202,000002.SZ,benchmark_relative_sample_covariance,CSI300,a5_top_liquid_20,0.0,-0.00484,0.00484
20251202,000651.SZ,benchmark_relative_sample_covariance,CSI300,a5_top_liquid_20,0.001223990208078174,-0.00484,0.006063990208078174
20251202,000725.SZ,benchmark_relative_sample_covariance,CSI300,a5_top_liquid_20,-0.00512820512820511,-0.00484,-0.0002882051282051103
20251202,002230.SZ,benchmark_relative_sample_covariance,CSI300,a5_top_liquid_20,-0.011781150159744347,-0.00484,-0.006941150159744347
20251202,002594.SZ,benchmark_relative_sample_covariance,CSI300,a5_top_liquid_20,0.008875430719432087,-0.00484,0.013715430719432087
20251202,300750.SZ,benchmark_relative_sample_covariance,CSI300,a5_top_liquid_20,-0.007546282998668441,-0.00484,-0.0027062829986684413
20251202,600019.SH,benchmark_relative_sample_covariance,CSI300,a5_top_liquid_20,0.006906077348066253,-0.00484,0.011746077348066254
20251202,600030.SH,benchmark_relative_sample_covariance,CSI300,a5_top_liquid_20,-0.01084206722081682,-0.00484,-0.00600206722081682
20251202,600050.SH,benchmark_relative_sample_covariance,CSI300,a5_top_liquid_20,0.0,-0.00484,0.00484
20251202,600276.SH,benchmark_relative_sample_covariance,CSI300,a5_top_liquid_20,-0.013238618017436199,-0.00484,-0.008398618017436198
20251202,600309.SH,benchmark_relative_sample_covariance,CSI300,a5_top_liquid_20,-0.014125956444967502,-0.00484,-0.009285956444967502
20251202,600519.SH,benchmark_relative_sample_covariance,CSI300,a5_top_liquid_20,-0.0082665745856354,-0.00484,-0.0034265745856354004
20251202,600760.SH,benchmark_relative_sample_covariance,CSI300,a5_top_liquid_20,-0.011162630946247587,-0.00484,-0.006322630946247587
20251202,600900.SH,benchmark_relative_sample_covariance,CSI300,a5_top_liquid_20,0.006768792304951976,-0.00484,0.011608792304951977
20251202,601012.SH,benchmark_relative_sample_covariance,CSI300,a5_top_liquid_20,-0.023466666666666747,-0.00484,-0.018626666666666746
20251202,601225.SH,benchmark_relative_sample_covariance,CSI300,a5_top_liquid_20,-0.003058103975535187,-0.00484,0.0017818960244648128
20251202,601318.SH,benchmark_relative_sample_covariance,CSI300,a5_top_liquid_20,0.002899539484905178,-0.00484,0.007739539484905178
20251202,601899.SH,benchmark_relative_sample_covariance,CSI300,a5_top_liquid_20,-0.010645375914837052,-0.00484,-0.005805375914837052
20251202,688981.SH,benchmark_relative_sample_covariance,CSI300,a5_top_liquid_20,-0.012237762237762295,-0.00484,-0.0073977622377622955
20251203,000001.SZ,benchmark_relative_sample_covariance,CSI300,a5_top_liquid_20,-0.0077319587628865705,-0.0051129999999999,-0.0026189587628866707
20251203,000002.SZ,benchmark_relative_sample_covariance,CSI300,a5_top_liquid_20,-0.03653846153846163,-0.0051129999999999,-0.03142546153846173
20251203,000651.SZ,benchmark_relative_sample_covariance,CSI300,a5_top_liquid_20,-0.0022004889975548725,-0.0051129999999999,0.0029125110024450273
20251203,000725.SZ,benchmark_relative_sample_covariance,CSI300,a5_top_liquid_20,0.038659793814433074,-0.0051129999999999,0.04377279381443298
20251203,002230.SZ,benchmark_relative_sample_covariance,CSI300,a5_top_liquid_20,-0.01980198019801993,-0.0051129999999999,-0.014688980198020032
20251203,002594.SZ,benchmark_relative_sample_covariance,CSI300,a5_top_liquid_20,-0.016249223763196152,-0.0051129999999999,-0.011136223763196253
20251203,300750.SZ,benchmark_relative_sample_covariance,CSI300,a5_top_liquid_20,-0.010524100189433838,-0.0051129999999999,-0.0054111001894339384
20251203,600019.SH,benchmark_relative_sample_covariance,CSI300,a5_top_liquid_20,0.009602194787380114,-0.0051129999999999,0.014715194787380013
20251203,600030.SH,benchmark_relative_sample_covariance,CSI300,a5_top_liquid_20,-0.008037997807818886,-0.0051129999999999,-0.0029249978078189865
20251203,600050.SH,benchmark_relative_sample_covariance,CSI300,a5_top_liquid_20,-0.00917431192660545,-0.0051129999999999,-0.00406131192660555
20251203,600276.SH,benchmark_relative_sample_covariance,CSI300,a5_top_liquid_20,-0.0024541884816753345,-0.0051129999999999,0.002658811518324565
20251203,600309.SH,benchmark_relative_sample_covariance,CSI300,a5_top_liquid_20,0.017910447761193993,-0.0051129999999999,0.02302344776119389
20251203,600519.SH,benchmark_relative_sample_covariance,CSI300,a5_top_liquid_20,-0.004825804474836937,-0.0051129999999999,0.0002871955251629631
20251203,600760.SH,benchmark_relative_sample_covariance,CSI300,a5_top_liquid_20,-0.028308440430705017,-0.0051129999999999,-0.02319544043070512
20251203,600900.SH,benchmark_relative_sample_covariance,CSI300,a5_top_liquid_20,0.00035385704175516786,-0.0051129999999999,0.005466857041755068
20251203,601012.SH,benchmark_relative_sample_covariance,CSI300,a5_top_liquid_20,-0.015838339705079196,-0.0051129999999999,-0.010725339705079297
20251203,601225.SH,benchmark_relative_sample_covariance,CSI300,a5_top_liquid_20,-0.00876424189307623,-0.0051129999999999,-0.0036512418930763303
20251203,601318.SH,benchmark_relative_sample_covariance,CSI300,a5_top_liquid_20,-0.007653061224489721,-0.0051129999999999,-0.0025400612244898214
20251203,601899.SH,benchmark_relative_sample_covariance,CSI300,a5_top_liquid_20,0.00773369199731011,-0.0051129999999999,0.01284669199731001
20251203,688981.SH,benchmark_relative_sample_covariance,CSI300,a5_top_liquid_20,-0.01221238938053093,-0.0051129999999999,-0.0070993893805310305
20251204,000001.SZ,benchmark_relative_sample_covariance,CSI300,a5_top_liquid_20,-0.0051948051948051965,0.003425,-0.008619805194805197
20251204,000002.SZ,benchmark_relative_sample_covariance,CSI300,a5_top_liquid_20,-0.007984031936127733,0.003425,-0.011409031936127734
20251204,000651.SZ,benchmark_relative_sample_covariance,CSI300,a5_top_liquid_20,0.003185493751531432,0.003425,-0.0002395062484685682
20251204,000725.SZ,benchmark_relative_sample_covariance,CSI300,a5_top_liquid_20,0.004962779156327368,0.003425,0.0015377791563273681
20251204,002230.SZ,benchmark_relative_sample_covariance,CSI300,a5_top_liquid_20,0.0024737167594310883,0.003425,-0.0009512832405689118
20251204,002594.SZ,benchmark_relative_sample_covariance,CSI300,a5_top_liquid_20,0.001998947922146277,0.003425,-0.0014260520778537232
20251204,300750.SZ,benchmark_relative_sample_covariance,CSI300,a5_top_liquid_20,0.01933099340565847,0.003425,0.01590599340565847
20251204,600019.SH,benchmark_relative_sample_covariance,CSI300,a5_top_liquid_20,-0.0122282608695653,0.003425,-0.0156532608695653
20251204,600030.SH,benchmark_relative_sample_covariance,CSI300,a5_top_liquid_20,0.0018416206261511192,0.003425,-0.0015833793738488809
20251204,600050.SH,benchmark_relative_sample_covariance,CSI300,a5_top_liquid_20,-0.007407407407407418,0.003425,-0.010832407407407419
20251204,600276.SH,benchmark_relative_sample_covariance,CSI300,a5_top_liquid_20,0.004592422502870175,0.003425,0.0011674225028701747
20251204,600309.SH,benchmark_relative_sample_covariance,CSI300,a5_top_liquid_20,-0.007624633431084993,0.003425,-0.011049633431084994
20251204,600519.SH,benchmark_relative_sample_covariance,CSI300,a5_top_liquid_20,-0.003582674410468001,0.003425,-0.007007674410468001
20251204,600760.SH,benchmark_relative_sample_covariance,CSI300,a5_top_liquid_20,0.013404825737265424,0.003425,0.009979825737265424
20251204,600900.SH,benchmark_relative_sample_covariance,CSI300,a5_top_liquid_20,-0.0010611956137248635,0.003425,-0.004486195613724864
20251204,601012.SH,benchmark_relative_sample_covariance,CSI300,a5_top_liquid_20,-0.006104328523862335,0.003425,-0.009529328523862336
20251204,601225.SH,benchmark_relative_sample_covariance,CSI300,a5_top_liquid_20,0.0017683465959328348,0.003425,-0.0016566534040671653
20251204,601318.SH,benchmark_relative_sample_covariance,CSI300,a5_top_liquid_20,0.003427592116538092,0.003425,2.5921165380917224e-06
20251204,601899.SH,benchmark_relative_sample_covariance,CSI300,a5_top_liquid_20,0.02402402402402415,0.003425,0.020599024024024148
20251204,688981.SH,benchmark_relative_sample_covariance,CSI300,a5_top_liquid_20,0.02786239025264292,0.003425,0.02443739025264292
20251205,000001.SZ,benchmark_relative_sample_covariance,CSI300,a5_top_liquid_20,0.003481288076588207,0.0083509999999999,-0.004869711923411693
20251205,000002.SZ,benchmark_relative_sample_covariance,CSI300,a5_top_liquid_20,-0.004024144869215207,0.0083509999999999,-0.012375144869215107
20251205,000651.SZ,benchmark_relative_sample_covariance,CSI300,a5_top_liquid_20,-0.0017098192476795449,0.0083509999999999,-0.010060819247679445
20251205,000725.SZ,benchmark_relative_sample_covariance,CSI300,a5_top_liquid_20,0.051851851851851816,0.0083509999999999,0.043500851851851915
20251205,002230.SZ,benchmark_relative_sample_covariance,CSI300,a5_top_liquid_20,0.004112687641373514,0.0083509999999999,-0.0042383123586263866
20251205,002594.SZ,benchmark_relative_sample_covariance,CSI300,a5_top_liquid_20,0.007769844603108034,0.0083509999999999,-0.0005811553968918665
20251205,300750.SZ,benchmark_relative_sample_covariance,CSI300,a5_top_liquid_20,0.014973262032085488,0.0083509999999999,0.006622262032085588
20251205,600019.SH,benchmark_relative_sample_covariance,CSI300,a5_top_liquid_20,0.008253094910591452,0.0083509999999999,-9.790508940844822e-05
20251205,600030.SH,benchmark_relative_sample_covariance,CSI300,a5_top_liquid_20,0.024264705882352855,0.0083509999999999,0.015913705882352955
20251205,600050.SH,benchmark_relative_sample_covariance,CSI300,a5_top_liquid_20,-0.001865671641791189,0.0083509999999999,-0.010216671641791089
20251205,600276.SH,benchmark_relative_sample_covariance,CSI300,a5_top_liquid_20,0.00604081632653064,0.0083509999999999,-0.00231018367346926
20251205,600309.SH,benchmark_relative_sample_covariance,CSI300,a5_top_liquid_20,0.03398345153664306,0.0083509999999999,0.02563245153664316
20251205,600519.SH,benchmark_relative_sample_covariance,CSI300,a5_top_liquid_20,0.004234610036657704,0.0083509999999999,-0.004116389963342196
20251205,600760.SH,benchmark_relative_sample_covariance,CSI300,a5_top_liquid_20,0.002645502645502562,0.0083509999999999,-0.005705497354497338
20251205,600900.SH,benchmark_relative_sample_covariance,CSI300,a5_top_liquid_20,-0.00601983002832851,0.0083509999999999,-0.01437083002832841
20251205,601012.SH,benchmark_relative_sample_covariance,CSI300,a5_top_liquid_20,0.006141820212171911,0.0083509999999999,-0.002209179787827989
20251205,601225.SH,benchmark_relative_sample_covariance,CSI300,a5_top_liquid_20,-0.001765225066195919,0.0083509999999999,-0.01011622506619582
20251205,601318.SH,benchmark_relative_sample_covariance,CSI300,a5_top_liquid_20,0.05875320239111881,0.0083509999999999,0.05040220239111891
20251205,601899.SH,benchmark_relative_sample_covariance,CSI300,a5_top_liquid_20,0.02052785923753664,0.0083509999999999,0.012176859237536738
20251205,688981.SH,benchmark_relative_sample_covariance,CSI300,a5_top_liquid_20,-0.0047938638542665,0.0083509999999999,-0.0131448638542664
20251208,000001.SZ,benchmark_relative_sample_covariance,CSI300,a5_top_liquid_20,-0.0008673026886383273,0.008118,-0.008985302688638327
20251208,000002.SZ,benchmark_relative_sample_covariance,CSI300,a5_top_liquid_20,-0.008080808080808133,0.008118,-0.016198808080808133
20251208,000651.SZ,benchmark_relative_sample_covariance,CSI300,a5_top_liquid_20,-0.004648886713971123,0.008118,-0.012766886713971123
20251208,000725.SZ,benchmark_relative_sample_covariance,CSI300,a5_top_liquid_20,-0.011737089201877882,0.008118,-0.019855089201877882
20251208,002230.SZ,benchmark_relative_sample_covariance,CSI300,a5_top_liquid_20,0.007167724759369332,0.008118,-0.0009502752406306686
20251208,002594.SZ,benchmark_relative_sample_covariance,CSI300,a5_top_liquid_20,0.005730360491769115,0.008118,-0.002387639508230885
20251208,300750.SZ,benchmark_relative_sample_covariance,CSI300,a5_top_liquid_20,0.008764039168315918,0.008118,0.0006460391683159178
20251208,600019.SH,benchmark_relative_sample_covariance,CSI300,a5_top_liquid_20,-0.02046384720327421,0.008118,-0.02858184720327421
20251208,600030.SH,benchmark_relative_sample_covariance,CSI300,a5_top_liquid_20,0.03015075376884413,0.008118,0.02203275376884413
20251208,600050.SH,benchmark_relative_sample_covariance,CSI300,a5_top_liquid_20,-0.0037383177570092796,0.008118,-0.01185631775700928
20251208,600276.SH,benchmark_relative_sample_covariance,CSI300,a5_top_liquid_20,0.01363193768257065,0.008118,0.005513937682570649
20251208,600309.SH,benchmark_relative_sample_covariance,CSI300,a5_top_liquid_20,-0.00014289797084887645,0.008118,-0.008260897970848877
20251208,600519.SH,benchmark_relative_sample_covariance,CSI300,a5_top_liquid_20,-0.008244697589527283,0.008118,-0.016362697589527284
20251208,600760.SH,benchmark_relative_sample_covariance,CSI300,a5_top_liquid_20,0.0014072119613015577,0.008118,-0.0067107880386984425
20251208,600900.SH,benchmark_relative_sample_covariance,CSI300,a5_top_liquid_20,-0.007125044531528291,0.008118,-0.01524304453152829
20251208,601012.SH,benchmark_relative_sample_covariance,CSI300,a5_top_liquid_20,0.0033296337402886067,0.008118,-0.0047883662597113935
20251208,601225.SH,benchmark_relative_sample_covariance,CSI300,a5_top_liquid_20,-0.01458885941644572,0.008118,-0.02270685941644572
20251208,601318.SH,benchmark_relative_sample_covariance,CSI300,a5_top_liquid_20,0.022745604129698282,0.008118,0.014627604129698282
20251208,601899.SH,benchmark_relative_sample_covariance,CSI300,a5_top_liquid_20,0.005747126436781658,0.008118,-0.0023708735632183425
20251208,688981.SH,benchmark_relative_sample_covariance,CSI300,a5_top_liquid_20,0.026449465755824075,0.008118,0.018331465755824075
20251209,000001.SZ,benchmark_relative_sample_covariance,CSI300,a5_top_liquid_20,-0.0078125,-0.005091,-0.0027215
20251209,000002.SZ,benchmark_relative_sample_covariance,CSI300,a5_top_liquid_20,-0.028513238289205822,-0.005091,-0.023422238289205824
20251209,000651.SZ,benchmark_relative_sample_covariance,CSI300,a5_top_liquid_20,-0.008112094395280156,-0.005091,-0.003021094395280156
20251209,000725.SZ,benchmark_relative_sample_covariance,CSI300,a5_top_liquid_20,-0.009501187648456089,-0.005091,-0.004410187648456089
20251209,002230.SZ,benchmark_relative_sample_covariance,CSI300,a5_top_liquid_20,-0.011183407889385877,-0.005091,-0.006092407889385877
20251209,002594.SZ,benchmark_relative_sample_covariance,CSI300,a5_top_liquid_20,-0.005179736869367013,-0.005091,-8.873686936701312e-05
20251209,300750.SZ,benchmark_relative_sample_covariance,CSI300,a5_top_liquid_20,-0.012509554140127443,-0.005091,-0.0074185541401274434
20251209,600019.SH,benchmark_relative_sample_covariance,CSI300,a5_top_liquid_20,-0.012534818941504211,-0.005091,-0.007443818941504211
20251209,600030.SH,benchmark_relative_sample_covariance,CSI300,a5_top_liquid_20,-0.005923344947735165,-0.005091,-0.0008323449477351651
20251209,600050.SH,benchmark_relative_sample_covariance,CSI300,a5_top_liquid_20,-0.009380863039399556,-0.005091,-0.004289863039399556
20251209,600276.SH,benchmark_relative_sample_covariance,CSI300,a5_top_liquid_20,0.009926352865833987,-0.005091,0.015017352865833987
20251209,600309.SH,benchmark_relative_sample_covariance,CSI300,a5_top_liquid_20,-0.00957553237101616,-0.005091,-0.00448453237101616
20251209,600519.SH,benchmark_relative_sample_covariance,CSI300,a5_top_liquid_20,-0.012134929700610697,-0.005091,-0.007043929700610697
20251209,600760.SH,benchmark_relative_sample_covariance,CSI300,a5_top_liquid_20,-0.0233620235376778,-0.005091,-0.018271023537677802
20251209,600900.SH,benchmark_relative_sample_covariance,CSI300,a5_top_liquid_20,0.0035880875493361497,-0.005091,0.00867908754933615
20251209,601012.SH,benchmark_relative_sample_covariance,CSI300,a5_top_liquid_20,0.006637168141592875,-0.005091,0.011728168141592875
20251209,601225.SH,benchmark_relative_sample_covariance,CSI300,a5_top_liquid_20,-0.013010318528488107,-0.005091,-0.007919318528488107
20251209,601318.SH,benchmark_relative_sample_covariance,CSI300,a5_top_liquid_20,-0.014984227129337446,-0.005091,-0.009893227129337446
20251209,601899.SH,benchmark_relative_sample_covariance,CSI300,a5_top_liquid_20,-0.03492063492063502,-0.005091,-0.02982963492063502
20251209,688981.SH,benchmark_relative_sample_covariance,CSI300,a5_top_liquid_20,-0.007508532423208258,-0.005091,-0.0024175324232082584
20251210,000001.SZ,benchmark_relative_sample_covariance,CSI300,a5_top_liquid_20,-0.008748906386701671,-0.001391,-0.0073579063867016715
20251210,000002.SZ,benchmark_relative_sample_covariance,CSI300,a5_top_liquid_20,0.10062893081761026,-0.001391,0.10201993081761027
20251210,000651.SZ,benchmark_relative_sample_covariance,CSI300,a5_top_liquid_20,0.0004956629491943421,-0.001391,0.0018866629491943422
20251210,000725.SZ,benchmark_relative_sample_covariance,CSI300,a5_top_liquid_20,0.0023980815347721673,-0.001391,0.0037890815347721672
20251210,002230.SZ,benchmark_relative_sample_covariance,CSI300,a5_top_liquid_20,0.01089862224964011,-0.001391,0.01228962224964011
20251210,002594.SZ,benchmark_relative_sample_covariance,CSI300,a5_top_liquid_20,0.004581901489117968,-0.001391,0.0059729014891179676
20251210,300750.SZ,benchmark_relative_sample_covariance,CSI300,a5_top_liquid_20,-0.0134420392682989,-0.001391,-0.0120510392682989
20251210,600019.SH,benchmark_relative_sample_covariance,CSI300,a5_top_liquid_20,0.008462623413258097,-0.001391,0.009853623413258097
20251210,600030.SH,benchmark_relative_sample_covariance,CSI300,a5_top_liquid_20,-0.000350508236943603,-0.001391,0.001040491763056397
20251210,600050.SH,benchmark_relative_sample_covariance,CSI300,a5_top_liquid_20,-0.0037878787878788955,-0.001391,-0.0023968787878788957
20251210,600276.SH,benchmark_relative_sample_covariance,CSI300,a5_top_liquid_20,0.004755865567533268,-0.001391,0.006146865567533268
20251210,600309.SH,benchmark_relative_sample_covariance,CSI300,a5_top_liquid_20,0.0,-0.001391,0.001391
20251210,600519.SH,benchmark_relative_sample_covariance,CSI300,a5_top_liquid_20,0.0012776496955766437,-0.001391,0.0026686496955766435
20251210,600760.SH,benchmark_relative_sample_covariance,CSI300,a5_top_liquid_20,0.003956834532374165,-0.001391,0.005347834532374165
20251210,600900.SH,benchmark_relative_sample_covariance,CSI300,a5_top_liquid_20,-0.0028602073650338955,-0.001391,-0.0014692073650338954
20251210,601012.SH,benchmark_relative_sample_covariance,CSI300,a5_top_liquid_20,0.0,-0.001391,0.001391
20251210,601225.SH,benchmark_relative_sample_covariance,CSI300,a5_top_liquid_20,-0.0050000000000000044,-0.001391,-0.0036090000000000046
20251210,601318.SH,benchmark_relative_sample_covariance,CSI300,a5_top_liquid_20,0.0016012810248198228,-0.001391,0.0029922810248198227
20251210,601899.SH,benchmark_relative_sample_covariance,CSI300,a5_top_liquid_20,0.011513157894736947,-0.001391,0.012904157894736947
20251210,688981.SH,benchmark_relative_sample_covariance,CSI300,a5_top_liquid_20,-8.596973865193647e-05,-0.001391,0.0013050302613480636
20251211,000001.SZ,benchmark_relative_sample_covariance,CSI300,a5_top_liquid_20,0.003530450132391838,-0.008633,0.012163450132391838
20251211,000002.SZ,benchmark_relative_sample_covariance,CSI300,a5_top_liquid_20,-0.03428571428571425,-0.008633,-0.02565271428571425
20251211,000651.SZ,benchmark_relative_sample_covariance,CSI300,a5_top_liquid_20,0.00693584344810505,-0.008633,0.01556884344810505
20251211,000725.SZ,benchmark_relative_sample_covariance,CSI300,a5_top_liquid_20,-0.0167464114832534,-0.008633,-0.008113411483253398
20251211,002230.SZ,benchmark_relative_sample_covariance,CSI300,a5_top_liquid_20,-0.00589910496338486,-0.008633,0.00273389503661514
20251211,002594.SZ,benchmark_relative_sample_covariance,CSI300,a5_top_liquid_20,-0.002487820047683109,-0.008633,0.006145179952316891
20251211,300750.SZ,benchmark_relative_sample_covariance,CSI300,a5_top_liquid_20,0.01728646895758157,-0.008633,0.02591946895758157
20251211,600019.SH,benchmark_relative_sample_covariance,CSI300,a5_top_liquid_20,-0.009790209790209836,-0.008633,-0.0011572097902098361
20251211,600030.SH,benchmark_relative_sample_covariance,CSI300,a5_top_liquid_20,-0.008064516129032251,-0.008633,0.0005684838709677491
20251211,600050.SH,benchmark_relative_sample_covariance,CSI300,a5_top_liquid_20,-0.0076045627376425395,-0.008633,0.0010284372623574605
20251211,600276.SH,benchmark_relative_sample_covariance,CSI300,a5_top_liquid_20,0.00031555695803087147,-0.008633,0.008948556958030872
20251211,600309.SH,benchmark_relative_sample_covariance,CSI300,a5_top_liquid_20,-0.011976911976911975,-0.008633,-0.0033439119769119747
20251211,600519.SH,benchmark_relative_sample_covariance,CSI300,a5_top_liquid_20,0.006551183347590639,-0.008633,0.015184183347590639
20251211,600760.SH,benchmark_relative_sample_covariance,CSI300,a5_top_liquid_20,-0.02543891078466498,-0.008633,-0.01680591078466498
20251211,600900.SH,benchmark_relative_sample_covariance,CSI300,a5_top_liquid_20,-0.0010756543564002241,-0.008633,0.007557345643599776
20251211,601012.SH,benchmark_relative_sample_covariance,CSI300,a5_top_liquid_20,-0.01758241758241763,-0.008633,-0.008949417582417631
20251211,601225.SH,benchmark_relative_sample_covariance,CSI300,a5_top_liquid_20,-0.005481955230698943,-0.008633,0.0031510447693010573
20251211,601318.SH,benchmark_relative_sample_covariance,CSI300,a5_top_liquid_20,-0.00031974420463620756,-0.008633,0.008313255795363792
20251211,601899.SH,benchmark_relative_sample_covariance,CSI300,a5_top_liquid_20,0.006829268292682933,-0.008633,0.015462268292682933
20251211,688981.SH,benchmark_relative_sample_covariance,CSI300,a5_top_liquid_20,-0.023213825122517462,-0.008633,-0.014580825122517462
20251212,000001.SZ,benchmark_relative_sample_covariance,CSI300,a5_top_liquid_20,-0.0017590149516270026,0.006319,-0.008078014951627003
20251212,000002.SZ,benchmark_relative_sample_covariance,CSI300,a5_top_liquid_20,-0.009861932938856177,0.006319,-0.016180932938856175
20251212,000651.SZ,benchmark_relative_sample_covariance,CSI300,a5_top_liquid_20,0.002460024600245969,0.006319,-0.003858975399754031
20251212,000725.SZ,benchmark_relative_sample_covariance,CSI300,a5_top_liquid_20,0.007299270072992581,0.006319,0.0009802700729925808
20251212,002230.SZ,benchmark_relative_sample_covariance,CSI300,a5_top_liquid_20,0.016983834663392816,0.006319,0.010664834663392816
20251212,002594.SZ,benchmark_relative_sample_covariance,CSI300,a5_top_liquid_20,0.008001662683154942,0.006319,0.001682662683154942
20251212,300750.SZ,benchmark_relative_sample_covariance,CSI300,a5_top_liquid_20,0.007223836088331215,0.006319,0.0009048360883312147
20251212,600019.SH,benchmark_relative_sample_covariance,CSI300,a5_top_liquid_20,0.015536723163841915,0.006319,0.009217723163841915
20251212,600030.SH,benchmark_relative_sample_covariance,CSI300,a5_top_liquid_20,0.0042417815482502785,0.006319,-0.0020772184517497214
20251212,600050.SH,benchmark_relative_sample_covariance,CSI300,a5_top_liquid_20,0.0019157088122607746,0.006319,-0.004403291187739225
20251212,600276.SH,benchmark_relative_sample_covariance,CSI300,a5_top_liquid_20,-0.0018927444794952786,0.006319,-0.008211744479495279
20251212,600309.SH,benchmark_relative_sample_covariance,CSI300,a5_top_liquid_20,0.0,0.006319,-0.006319
20251212,600519.SH,benchmark_relative_sample_covariance,CSI300,a5_top_liquid_20,0.006133187912095828,0.006319,-0.00018581208790417227
20251212,600760.SH,benchmark_relative_sample_covariance,CSI300,a5_top_liquid_20,-0.014154411764705777,0.006319,-0.020473411764705775
20251212,600900.SH,benchmark_relative_sample_covariance,CSI300,a5_top_liquid_20,0.006460875807609456,0.006319,0.00014187580760945638
20251212,601012.SH,benchmark_relative_sample_covariance,CSI300,a5_top_liquid_20,0.017337807606264022,0.006319,0.011018807606264022
20251212,601225.SH,benchmark_relative_sample_covariance,CSI300,a5_top_liquid_20,0.00413412953605885,0.006319,-0.0021848704639411496
20251212,601318.SH,benchmark_relative_sample_covariance,CSI300,a5_top_liquid_20,0.022069406684791293,0.006319,0.015750406684791295
20251212,601899.SH,benchmark_relative_sample_covariance,CSI300,a5_top_liquid_20,0.02390180878552961,0.006319,0.017582808785529612
20251212,688981.SH,benchmark_relative_sample_covariance,CSI300,a5_top_liquid_20,0.028078514215297945,0.006319,0.021759514215297947
