trade_date,symbol,candidate_model_family,benchmark_id,asset_universe_id,asset_return_1d,benchmark_return_1d,active_return_1d
20260401,000001.SZ,benchmark_relative_sample_covariance,CSI300,a5_top_liquid_20,0.00631768953068601,0.017082,-0.01076431046931399
20260401,000002.SZ,benchmark_relative_sample_covariance,CSI300,a5_top_liquid_20,0.012531328320801949,0.017082,-0.004550671679198051
20260401,000651.SZ,benchmark_relative_sample_covariance,CSI300,a5_top_liquid_20,0.005288207297726055,0.017082,-0.011793792702273945
20260401,000725.SZ,benchmark_relative_sample_covariance,CSI300,a5_top_liquid_20,0.025575447570332477,0.017082,0.008493447570332477
20260401,002230.SZ,benchmark_relative_sample_covariance,CSI300,a5_top_liquid_20,0.017312270071413005,0.017082,0.00023027007141300515
20260401,002594.SZ,benchmark_relative_sample_covariance,CSI300,a5_top_liquid_20,-0.02470308788598574,0.017082,-0.04178508788598574
20260401,300750.SZ,benchmark_relative_sample_covariance,CSI300,a5_top_liquid_20,0.009982574060243943,0.017082,-0.007099425939756057
20260401,600019.SH,benchmark_relative_sample_covariance,CSI300,a5_top_liquid_20,0.010920436817472678,0.017082,-0.0061615631825273215
20260401,600030.SH,benchmark_relative_sample_covariance,CSI300,a5_top_liquid_20,0.01955074875208007,0.017082,0.0024687487520800716
20260401,600050.SH,benchmark_relative_sample_covariance,CSI300,a5_top_liquid_20,0.006741573033707926,0.017082,-0.010340426966292074
20260401,600276.SH,benchmark_relative_sample_covariance,CSI300,a5_top_liquid_20,0.045454545454545414,0.017082,0.028372545454545414
20260401,600309.SH,benchmark_relative_sample_covariance,CSI300,a5_top_liquid_20,0.043045940843297714,0.017082,0.025963940843297714
20260401,600519.SH,benchmark_relative_sample_covariance,CSI300,a5_top_liquid_20,0.0065103448275862785,0.017082,-0.010571655172413721
20260401,600760.SH,benchmark_relative_sample_covariance,CSI300,a5_top_liquid_20,-0.0016293279022402407,0.017082,-0.01871132790224024
20260401,600900.SH,benchmark_relative_sample_covariance,CSI300,a5_top_liquid_20,-0.00591715976331364,0.017082,-0.02299915976331364
20260401,601012.SH,benchmark_relative_sample_covariance,CSI300,a5_top_liquid_20,0.019954389965792574,0.017082,0.002872389965792574
20260401,601225.SH,benchmark_relative_sample_covariance,CSI300,a5_top_liquid_20,-0.008206330597889888,0.017082,-0.025288330597889888
20260401,601318.SH,benchmark_relative_sample_covariance,CSI300,a5_top_liquid_20,0.024656569214512203,0.017082,0.007574569214512203
20260401,601899.SH,benchmark_relative_sample_covariance,CSI300,a5_top_liquid_20,0.04370415647921755,0.017082,0.02662215647921755
20260401,688981.SH,benchmark_relative_sample_covariance,CSI300,a5_top_liquid_20,0.024242424242424176,0.017082,0.0071604242424241765
20260402,000001.SZ,benchmark_relative_sample_covariance,CSI300,a5_top_liquid_20,0.010762331838565009,-0.010418,0.02118033183856501
20260402,000002.SZ,benchmark_relative_sample_covariance,CSI300,a5_top_liquid_20,-0.02970297029702973,-0.010418,-0.01928497029702973
20260402,000651.SZ,benchmark_relative_sample_covariance,CSI300,a5_top_liquid_20,-0.004471330878485058,-0.010418,0.005946669121514942
20260402,000725.SZ,benchmark_relative_sample_covariance,CSI300,a5_top_liquid_20,-0.014962593516209433,-0.010418,-0.004544593516209432
20260402,002230.SZ,benchmark_relative_sample_covariance,CSI300,a5_top_liquid_20,-0.024037438842799297,-0.010418,-0.013619438842799297
20260402,002594.SZ,benchmark_relative_sample_covariance,CSI300,a5_top_liquid_20,-0.009741841207988267,-0.010418,0.0006761587920117336
20260402,300750.SZ,benchmark_relative_sample_covariance,CSI300,a5_top_liquid_20,-0.011190259052032192,-0.010418,-0.0007722590520321919
20260402,600019.SH,benchmark_relative_sample_covariance,CSI300,a5_top_liquid_20,-0.006172839506172867,-0.010418,0.004245160493827133
20260402,600030.SH,benchmark_relative_sample_covariance,CSI300,a5_top_liquid_20,-0.015503875968992387,-0.010418,-0.0050858759689923864
20260402,600050.SH,benchmark_relative_sample_covariance,CSI300,a5_top_liquid_20,-0.011160714285714413,-0.010418,-0.0007427142857144124
20260402,600276.SH,benchmark_relative_sample_covariance,CSI300,a5_top_liquid_20,-0.006235925861770353,-0.010418,0.004182074138229647
20260402,600309.SH,benchmark_relative_sample_covariance,CSI300,a5_top_liquid_20,-0.0019307348859660678,-0.010418,0.008487265114033932
20260402,600519.SH,benchmark_relative_sample_covariance,CSI300,a5_top_liquid_20,0.00030148550128816787,-0.010418,0.010719485501288168
20260402,600760.SH,benchmark_relative_sample_covariance,CSI300,a5_top_liquid_20,-0.014687882496940197,-0.010418,-0.0042698824969401965
20260402,600900.SH,benchmark_relative_sample_covariance,CSI300,a5_top_liquid_20,0.004836309523809534,-0.010418,0.015254309523809535
20260402,601012.SH,benchmark_relative_sample_covariance,CSI300,a5_top_liquid_20,-0.029625489100055913,-0.010418,-0.019207489100055913
20260402,601225.SH,benchmark_relative_sample_covariance,CSI300,a5_top_liquid_20,0.014578408195429438,-0.010418,0.024996408195429438
20260402,601318.SH,benchmark_relative_sample_covariance,CSI300,a5_top_liquid_20,-0.015812994156067406,-0.010418,-0.005394994156067406
20260402,601899.SH,benchmark_relative_sample_covariance,CSI300,a5_top_liquid_20,-0.030161054172767265,-0.010418,-0.019743054172767265
20260402,688981.SH,benchmark_relative_sample_covariance,CSI300,a5_top_liquid_20,-0.03249247378802034,-0.010418,-0.022074473788020337
20260403,000001.SZ,benchmark_relative_sample_covariance,CSI300,a5_top_liquid_20,-0.013309671694764935,-0.0085119999999999,-0.004797671694765035
20260403,000002.SZ,benchmark_relative_sample_covariance,CSI300,a5_top_liquid_20,-0.025510204081632626,-0.0085119999999999,-0.016998204081632724
20260403,000651.SZ,benchmark_relative_sample_covariance,CSI300,a5_top_liquid_20,-0.010039630118890419,-0.0085119999999999,-0.0015276301188905193
20260403,000725.SZ,benchmark_relative_sample_covariance,CSI300,a5_top_liquid_20,-0.005063291139240533,-0.0085119999999999,0.0034487088607593665
20260403,002230.SZ,benchmark_relative_sample_covariance,CSI300,a5_top_liquid_20,-0.0034873583260680574,-0.0085119999999999,0.0050246416739318425
20260403,002594.SZ,benchmark_relative_sample_covariance,CSI300,a5_top_liquid_20,-0.025971470732907065,-0.0085119999999999,-0.017459470732907163
20260403,300750.SZ,benchmark_relative_sample_covariance,CSI300,a5_top_liquid_20,-0.03666774684049168,-0.0085119999999999,-0.028155746840491776
20260403,600019.SH,benchmark_relative_sample_covariance,CSI300,a5_top_liquid_20,-0.006211180124223614,-0.0085119999999999,0.0023008198757762856
20260403,600030.SH,benchmark_relative_sample_covariance,CSI300,a5_top_liquid_20,-0.00621632822213003,-0.0085119999999999,0.00229567177786987
20260403,600050.SH,benchmark_relative_sample_covariance,CSI300,a5_top_liquid_20,0.006772009029345494,-0.0085119999999999,0.015284009029345394
20260403,600276.SH,benchmark_relative_sample_covariance,CSI300,a5_top_liquid_20,-0.01725640578699661,-0.0085119999999999,-0.00874440578699671
20260403,600309.SH,benchmark_relative_sample_covariance,CSI300,a5_top_liquid_20,-0.0039898440333695495,-0.0085119999999999,0.00452215596663035
20260403,600519.SH,benchmark_relative_sample_covariance,CSI300,a5_top_liquid_20,8.219853686597389e-05,-0.0085119999999999,0.008594198536865874
20260403,600760.SH,benchmark_relative_sample_covariance,CSI300,a5_top_liquid_20,-0.0008281573498964967,-0.0085119999999999,0.007683842650103403
20260403,600900.SH,benchmark_relative_sample_covariance,CSI300,a5_top_liquid_20,-0.01147723065531292,-0.0085119999999999,-0.00296523065531302
20260403,601012.SH,benchmark_relative_sample_covariance,CSI300,a5_top_liquid_20,-0.040322580645161255,-0.0085119999999999,-0.03181058064516135
20260403,601225.SH,benchmark_relative_sample_covariance,CSI300,a5_top_liquid_20,-0.015145631067961185,-0.0085119999999999,-0.006633631067961285
20260403,601318.SH,benchmark_relative_sample_covariance,CSI300,a5_top_liquid_20,-0.00017464198393291053,-0.0085119999999999,0.00833735801606699
20260403,601899.SH,benchmark_relative_sample_covariance,CSI300,a5_top_liquid_20,-0.0063405797101449,-0.0085119999999999,0.0021714202898549997
20260403,688981.SH,benchmark_relative_sample_covariance,CSI300,a5_top_liquid_20,-0.015236051502145909,-0.0085119999999999,-0.006724051502146009
20260407,000001.SZ,benchmark_relative_sample_covariance,CSI300,a5_top_liquid_20,-0.008093525179856065,-3.9e-05,-0.008054525179856064
20260407,000002.SZ,benchmark_relative_sample_covariance,CSI300,a5_top_liquid_20,-0.002617801047120394,-3.9e-05,-0.002578801047120394
20260407,000651.SZ,benchmark_relative_sample_covariance,CSI300,a5_top_liquid_20,-0.0037363223912463273,-3.9e-05,-0.0036973223912463273
20260407,000725.SZ,benchmark_relative_sample_covariance,CSI300,a5_top_liquid_20,-0.0050890585241730735,-3.9e-05,-0.0050500585241730735
20260407,002230.SZ,benchmark_relative_sample_covariance,CSI300,a5_top_liquid_20,-0.0030621172353455517,-3.9e-05,-0.0030231172353455517
20260407,002594.SZ,benchmark_relative_sample_covariance,CSI300,a5_top_liquid_20,-0.01040298959701036,-3.9e-05,-0.010363989597010358
20260407,300750.SZ,benchmark_relative_sample_covariance,CSI300,a5_top_liquid_20,-0.004838793148061904,-3.9e-05,-0.004799793148061904
20260407,600019.SH,benchmark_relative_sample_covariance,CSI300,a5_top_liquid_20,-0.0031250000000000444,-3.9e-05,-0.0030860000000000444
20260407,600030.SH,benchmark_relative_sample_covariance,CSI300,a5_top_liquid_20,-0.002502085070892335,-3.9e-05,-0.002463085070892335
20260407,600050.SH,benchmark_relative_sample_covariance,CSI300,a5_top_liquid_20,0.0022421524663676085,-3.9e-05,0.0022811524663676084
20260407,600276.SH,benchmark_relative_sample_covariance,CSI300,a5_top_liquid_20,-0.004611564384533584,-3.9e-05,-0.004572564384533584
20260407,600309.SH,benchmark_relative_sample_covariance,CSI300,a5_top_liquid_20,0.0472201990774459,-3.9e-05,0.0472591990774459
20260407,600519.SH,benchmark_relative_sample_covariance,CSI300,a5_top_liquid_20,-0.013684931506849352,-3.9e-05,-0.01364593150684935
20260407,600760.SH,benchmark_relative_sample_covariance,CSI300,a5_top_liquid_20,-0.012018234562784835,-3.9e-05,-0.011979234562784834
20260407,600900.SH,benchmark_relative_sample_covariance,CSI300,a5_top_liquid_20,-0.008239700374531811,-3.9e-05,-0.00820070037453181
20260407,601012.SH,benchmark_relative_sample_covariance,CSI300,a5_top_liquid_20,0.0024009603841537164,-3.9e-05,0.0024399603841537163
20260407,601225.SH,benchmark_relative_sample_covariance,CSI300,a5_top_liquid_20,0.019321766561514186,-3.9e-05,0.019360766561514187
20260407,601318.SH,benchmark_relative_sample_covariance,CSI300,a5_top_liquid_20,-0.00978165938864628,-3.9e-05,-0.009742659388646279
20260407,601899.SH,benchmark_relative_sample_covariance,CSI300,a5_top_liquid_20,-0.015192950470981459,-3.9e-05,-0.015153950470981458
20260407,688981.SH,benchmark_relative_sample_covariance,CSI300,a5_top_liquid_20,0.04183918064937897,-3.9e-05,0.04187818064937897
20260408,000001.SZ,benchmark_relative_sample_covariance,CSI300,a5_top_liquid_20,0.017225747960109006,0.034892,-0.017666252039890994
20260408,000002.SZ,benchmark_relative_sample_covariance,CSI300,a5_top_liquid_20,0.036745406824147064,0.034892,0.001853406824147065
20260408,000651.SZ,benchmark_relative_sample_covariance,CSI300,a5_top_liquid_20,0.012590409858022955,0.034892,-0.022301590141977044
20260408,000725.SZ,benchmark_relative_sample_covariance,CSI300,a5_top_liquid_20,0.03069053708439906,0.034892,-0.004201462915600938
20260408,002230.SZ,benchmark_relative_sample_covariance,CSI300,a5_top_liquid_20,0.05111891180342254,0.034892,0.01622691180342254
20260408,002594.SZ,benchmark_relative_sample_covariance,CSI300,a5_top_liquid_20,0.03306797305572551,0.034892,-0.0018240269442744914
20260408,300750.SZ,benchmark_relative_sample_covariance,CSI300,a5_top_liquid_20,0.017447151511999826,0.034892,-0.017444848488000174
20260408,600019.SH,benchmark_relative_sample_covariance,CSI300,a5_top_liquid_20,0.017241379310344973,0.034892,-0.017650620689655026
20260408,600030.SH,benchmark_relative_sample_covariance,CSI300,a5_top_liquid_20,0.032608695652173836,0.034892,-0.0022833043478261636
20260408,600050.SH,benchmark_relative_sample_covariance,CSI300,a5_top_liquid_20,0.022371364653243964,0.034892,-0.012520635346756036
20260408,600276.SH,benchmark_relative_sample_covariance,CSI300,a5_top_liquid_20,0.023699215965787612,0.034892,-0.011192784034212387
20260408,600309.SH,benchmark_relative_sample_covariance,CSI300,a5_top_liquid_20,0.001970557551872032,0.034892,-0.03292144244812797
20260408,600519.SH,benchmark_relative_sample_covariance,CSI300,a5_top_liquid_20,0.01736086998791686,0.034892,-0.01753113001208314
20260408,600760.SH,benchmark_relative_sample_covariance,CSI300,a5_top_liquid_20,0.02726510067114085,0.034892,-0.007626899328859148
20260408,600900.SH,benchmark_relative_sample_covariance,CSI300,a5_top_liquid_20,0.003776435045317106,0.034892,-0.031115564954682894
20260408,601012.SH,benchmark_relative_sample_covariance,CSI300,a5_top_liquid_20,0.037125748502994105,0.034892,0.0022337485029941054
20260408,601225.SH,benchmark_relative_sample_covariance,CSI300,a5_top_liquid_20,-0.0220502901353965,0.034892,-0.0569422901353965
20260408,601318.SH,benchmark_relative_sample_covariance,CSI300,a5_top_liquid_20,0.04868583524431136,0.034892,0.01379383524431136
20260408,601899.SH,benchmark_relative_sample_covariance,CSI300,a5_top_liquid_20,0.06818883060783709,0.034892,0.03329683060783709
20260408,688981.SH,benchmark_relative_sample_covariance,CSI300,a5_top_liquid_20,0.05814683120686048,0.034892,0.023254831206860484
20260409,000001.SZ,benchmark_relative_sample_covariance,CSI300,a5_top_liquid_20,-0.010695187165775444,-0.006383,-0.004312187165775444
20260409,000002.SZ,benchmark_relative_sample_covariance,CSI300,a5_top_liquid_20,-0.020253164556962022,-0.006383,-0.013870164556962022
20260409,000651.SZ,benchmark_relative_sample_covariance,CSI300,a5_top_liquid_20,-0.012698412698412653,-0.006383,-0.0063154126984126535
20260409,000725.SZ,benchmark_relative_sample_covariance,CSI300,a5_top_liquid_20,-0.004962779156327701,-0.006383,0.0014202208436722985
20260409,002230.SZ,benchmark_relative_sample_covariance,CSI300,a5_top_liquid_20,-0.014610728449175436,-0.006383,-0.008227728449175437
20260409,002594.SZ,benchmark_relative_sample_covariance,CSI300,a5_top_liquid_20,-0.0216360403082394,-0.006383,-0.015253040308239402
20260409,300750.SZ,benchmark_relative_sample_covariance,CSI300,a5_top_liquid_20,-0.0033478149757220077,-0.006383,0.003035185024277992
20260409,600019.SH,benchmark_relative_sample_covariance,CSI300,a5_top_liquid_20,-0.013867488443759624,-0.006383,-0.007484488443759624
20260409,600030.SH,benchmark_relative_sample_covariance,CSI300,a5_top_liquid_20,-0.022267206477732837,-0.006383,-0.015884206477732837
20260409,600050.SH,benchmark_relative_sample_covariance,CSI300,a5_top_liquid_20,-0.010940919037199293,-0.006383,-0.004557919037199293
20260409,600276.SH,benchmark_relative_sample_covariance,CSI300,a5_top_liquid_20,-0.008529155787641463,-0.006383,-0.0021461557876414628
20260409,600309.SH,benchmark_relative_sample_covariance,CSI300,a5_top_liquid_20,0.013304025913928763,-0.006383,0.019687025913928763
20260409,600519.SH,benchmark_relative_sample_covariance,CSI300,a5_top_liquid_20,-0.0030921079575705335,-0.006383,0.0032908920424294663
20260409,600760.SH,benchmark_relative_sample_covariance,CSI300,a5_top_liquid_20,-0.02409146590445077,-0.006383,-0.01770846590445077
20260409,600900.SH,benchmark_relative_sample_covariance,CSI300,a5_top_liquid_20,-0.007148231753197787,-0.006383,-0.000765231753197787
20260409,601012.SH,benchmark_relative_sample_covariance,CSI300,a5_top_liquid_20,-0.023094688221708903,-0.006383,-0.016711688221708904
20260409,601225.SH,benchmark_relative_sample_covariance,CSI300,a5_top_liquid_20,-0.0003955696202532222,-0.006383,0.005987430379746778
20260409,601318.SH,benchmark_relative_sample_covariance,CSI300,a5_top_liquid_20,-0.011942809083263284,-0.006383,-0.005559809083263284
20260409,601899.SH,benchmark_relative_sample_covariance,CSI300,a5_top_liquid_20,-0.020797227036395083,-0.006383,-0.014414227036395083
20260409,688981.SH,benchmark_relative_sample_covariance,CSI300,a5_top_liquid_20,-0.014429729195493235,-0.006383,-0.008046729195493235
20260410,000001.SZ,benchmark_relative_sample_covariance,CSI300,a5_top_liquid_20,-0.0009009009009008917,0.015405,-0.016305900900900894
20260410,000002.SZ,benchmark_relative_sample_covariance,CSI300,a5_top_liquid_20,0.0051679586563306845,0.015405,-0.010237041343669316
20260410,000651.SZ,benchmark_relative_sample_covariance,CSI300,a5_top_liquid_20,0.000535905680600246,0.015405,-0.014869094319399754
20260410,000725.SZ,benchmark_relative_sample_covariance,CSI300,a5_top_liquid_20,0.007481296758104827,0.015405,-0.007923703241895173
20260410,002230.SZ,benchmark_relative_sample_covariance,CSI300,a5_top_liquid_20,0.00910823977970776,0.015405,-0.0062967602202922395
20260410,002594.SZ,benchmark_relative_sample_covariance,CSI300,a5_top_liquid_20,0.02665858830657375,0.015405,0.01125358830657375
20260410,300750.SZ,benchmark_relative_sample_covariance,CSI300,a5_top_liquid_20,0.06669401779532813,0.015405,0.05128901779532813
20260410,600019.SH,benchmark_relative_sample_covariance,CSI300,a5_top_liquid_20,0.0031249999999998224,0.015405,-0.012280000000000178
20260410,600030.SH,benchmark_relative_sample_covariance,CSI300,a5_top_liquid_20,0.07246376811594213,0.015405,0.05705876811594213
20260410,600050.SH,benchmark_relative_sample_covariance,CSI300,a5_top_liquid_20,0.008849557522123908,0.015405,-0.006555442477876093
20260410,600276.SH,benchmark_relative_sample_covariance,CSI300,a5_top_liquid_20,0.0017556179775282121,0.015405,-0.013649382022471788
20260410,600309.SH,benchmark_relative_sample_covariance,CSI300,a5_top_liquid_20,0.016896906039502113,0.015405,0.0014919060395021128
20260410,600519.SH,benchmark_relative_sample_covariance,CSI300,a5_top_liquid_20,-0.0044711021643421,0.015405,-0.019876102164342102
20260410,600760.SH,benchmark_relative_sample_covariance,CSI300,a5_top_liquid_20,0.019246861924686165,0.015405,0.0038418619246861647
20260410,600900.SH,benchmark_relative_sample_covariance,CSI300,a5_top_liquid_20,0.00037893141341416303,0.015405,-0.015026068586585837
20260410,601012.SH,benchmark_relative_sample_covariance,CSI300,a5_top_liquid_20,0.011820330969267046,0.015405,-0.0035846690307329548
20260410,601225.SH,benchmark_relative_sample_covariance,CSI300,a5_top_liquid_20,-0.001582904629995996,0.015405,-0.016987904629995998
20260410,601318.SH,benchmark_relative_sample_covariance,CSI300,a5_top_liquid_20,0.0013619339462036528,0.015405,-0.014043066053796347
20260410,601899.SH,benchmark_relative_sample_covariance,CSI300,a5_top_liquid_20,-0.004424778761061954,0.015405,-0.019829778761061956
20260410,688981.SH,benchmark_relative_sample_covariance,CSI300,a5_top_liquid_20,0.012936221419975968,0.015405,-0.002468778580024032
20260413,000001.SZ,benchmark_relative_sample_covariance,CSI300,a5_top_liquid_20,-0.0018034265103696878,0.002068,-0.0038714265103696878
20260413,000002.SZ,benchmark_relative_sample_covariance,CSI300,a5_top_liquid_20,0.005141388174807249,0.002068,0.003073388174807249
20260413,000651.SZ,benchmark_relative_sample_covariance,CSI300,a5_top_liquid_20,-0.004820567755758121,0.002068,-0.006888567755758121
20260413,000725.SZ,benchmark_relative_sample_covariance,CSI300,a5_top_liquid_20,-0.0024752475247524774,0.002068,-0.004543247524752478
20260413,002230.SZ,benchmark_relative_sample_covariance,CSI300,a5_top_liquid_20,0.002938706968933724,0.002068,0.0008707069689337242
20260413,002594.SZ,benchmark_relative_sample_covariance,CSI300,a5_top_liquid_20,0.025376217173207483,0.002068,0.023308217173207482
20260413,300750.SZ,benchmark_relative_sample_covariance,CSI300,a5_top_liquid_20,0.026754807692307647,0.002068,0.024686807692307647
20260413,600019.SH,benchmark_relative_sample_covariance,CSI300,a5_top_liquid_20,0.0031152647975078995,0.002068,0.0010472647975078996
20260413,600030.SH,benchmark_relative_sample_covariance,CSI300,a5_top_liquid_20,0.007335907335907388,0.002068,0.0052679073359073875
20260413,600050.SH,benchmark_relative_sample_covariance,CSI300,a5_top_liquid_20,0.0,0.002068,-0.002068
20260413,600276.SH,benchmark_relative_sample_covariance,CSI300,a5_top_liquid_20,-0.03259726603575186,0.002068,-0.03466526603575186
20260413,600309.SH,benchmark_relative_sample_covariance,CSI300,a5_top_liquid_20,0.03514090041540374,0.002068,0.03307290041540374
20260413,600519.SH,benchmark_relative_sample_covariance,CSI300,a5_top_liquid_20,-0.00732482324135475,0.002068,-0.00939282324135475
20260413,600760.SH,benchmark_relative_sample_covariance,CSI300,a5_top_liquid_20,0.06075533661740562,0.002068,0.05868733661740562
20260413,600900.SH,benchmark_relative_sample_covariance,CSI300,a5_top_liquid_20,0.0007575757575759567,0.002068,-0.0013104242424240432
20260413,601012.SH,benchmark_relative_sample_covariance,CSI300,a5_top_liquid_20,0.032710280373831724,0.002068,0.030642280373831723
20260413,601225.SH,benchmark_relative_sample_covariance,CSI300,a5_top_liquid_20,0.00356718192627814,0.002068,0.0014991819262781402
20260413,601318.SH,benchmark_relative_sample_covariance,CSI300,a5_top_liquid_20,-0.01819109146548792,0.002068,-0.02025909146548792
20260413,601899.SH,benchmark_relative_sample_covariance,CSI300,a5_top_liquid_20,-0.002666666666666817,0.002068,-0.0047346666666668175
20260413,688981.SH,benchmark_relative_sample_covariance,CSI300,a5_top_liquid_20,-0.003663003663003761,0.002068,-0.005731003663003761
20260414,000001.SZ,benchmark_relative_sample_covariance,CSI300,a5_top_liquid_20,0.009033423667569984,0.011866,-0.0028325763324300157
20260414,000002.SZ,benchmark_relative_sample_covariance,CSI300,a5_top_liquid_20,0.028132992327365658,0.011866,0.016266992327365656
20260414,000651.SZ,benchmark_relative_sample_covariance,CSI300,a5_top_liquid_20,0.0032292787944026013,0.011866,-0.008636721205597398
20260414,000725.SZ,benchmark_relative_sample_covariance,CSI300,a5_top_liquid_20,-0.002481389578163906,0.011866,-0.014347389578163906
20260414,002230.SZ,benchmark_relative_sample_covariance,CSI300,a5_top_liquid_20,0.011511092507325182,0.011866,-0.0003549074926748174
20260414,002594.SZ,benchmark_relative_sample_covariance,CSI300,a5_top_liquid_20,-0.0041247002398082655,0.011866,-0.015990700239808267
20260414,300750.SZ,benchmark_relative_sample_covariance,CSI300,a5_top_liquid_20,0.008568819797251548,0.011866,-0.003297180202748452
20260414,600019.SH,benchmark_relative_sample_covariance,CSI300,a5_top_liquid_20,0.0031055900621117516,0.011866,-0.008760409937888248
20260414,600030.SH,benchmark_relative_sample_covariance,CSI300,a5_top_liquid_20,0.003832886163281035,0.011866,-0.008033113836718965
20260414,600050.SH,benchmark_relative_sample_covariance,CSI300,a5_top_liquid_20,0.004385964912280826,0.011866,-0.007480035087719173
20260414,600276.SH,benchmark_relative_sample_covariance,CSI300,a5_top_liquid_20,0.017753623188405676,0.011866,0.005887623188405676
20260414,600309.SH,benchmark_relative_sample_covariance,CSI300,a5_top_liquid_20,-0.016485900216919647,0.011866,-0.028351900216919648
20260414,600519.SH,benchmark_relative_sample_covariance,CSI300,a5_top_liquid_20,0.002487338132487249,0.011866,-0.00937866186751275
20260414,600760.SH,benchmark_relative_sample_covariance,CSI300,a5_top_liquid_20,-0.005611455108359142,0.011866,-0.017477455108359144
20260414,600900.SH,benchmark_relative_sample_covariance,CSI300,a5_top_liquid_20,0.0,0.011866,-0.011866
20260414,601012.SH,benchmark_relative_sample_covariance,CSI300,a5_top_liquid_20,-0.007352941176470562,0.011866,-0.019218941176470564
20260414,601225.SH,benchmark_relative_sample_covariance,CSI300,a5_top_liquid_20,-0.012243285939968374,0.011866,-0.024109285939968375
20260414,601318.SH,benchmark_relative_sample_covariance,CSI300,a5_top_liquid_20,0.021125541125541103,0.011866,0.009259541125541103
20260414,601899.SH,benchmark_relative_sample_covariance,CSI300,a5_top_liquid_20,0.033868092691622165,0.011866,0.022002092691622163
20260414,688981.SH,benchmark_relative_sample_covariance,CSI300,a5_top_liquid_20,0.008744038155802825,0.011866,-0.003121961844197175
20260415,000001.SZ,benchmark_relative_sample_covariance,CSI300,a5_top_liquid_20,0.0035810205908684,-0.003411,0.0069920205908684
20260415,000002.SZ,benchmark_relative_sample_covariance,CSI300,a5_top_liquid_20,-0.01243781094527352,-0.003411,-0.009026810945273519
20260415,000651.SZ,benchmark_relative_sample_covariance,CSI300,a5_top_liquid_20,0.00295064377682408,-0.003411,0.00636164377682408
20260415,000725.SZ,benchmark_relative_sample_covariance,CSI300,a5_top_liquid_20,-0.004975124378109319,-0.003411,-0.001564124378109319
20260415,002230.SZ,benchmark_relative_sample_covariance,CSI300,a5_top_liquid_20,-0.016345954893440928,-0.003411,-0.012934954893440927
20260415,002594.SZ,benchmark_relative_sample_covariance,CSI300,a5_top_liquid_20,-0.007609323829705139,-0.003411,-0.004198323829705139
20260415,300750.SZ,benchmark_relative_sample_covariance,CSI300,a5_top_liquid_20,0.0004874764966689149,-0.003411,0.003898476496668915
20260415,600019.SH,benchmark_relative_sample_covariance,CSI300,a5_top_liquid_20,-0.015479876160990669,-0.003411,-0.012068876160990668
20260415,600030.SH,benchmark_relative_sample_covariance,CSI300,a5_top_liquid_20,-0.0068728522336769515,-0.003411,-0.0034618522336769516
20260415,600050.SH,benchmark_relative_sample_covariance,CSI300,a5_top_liquid_20,-0.0021834061135370675,-0.003411,0.0012275938864629325
20260415,600276.SH,benchmark_relative_sample_covariance,CSI300,a5_top_liquid_20,0.0275898896404414,-0.003411,0.0310008896404414
20260415,600309.SH,benchmark_relative_sample_covariance,CSI300,a5_top_liquid_20,-0.017644464049404562,-0.003411,-0.014233464049404562
20260415,600519.SH,benchmark_relative_sample_covariance,CSI300,a5_top_liquid_20,0.014237334992051931,-0.003411,0.017648334992051932
20260415,600760.SH,benchmark_relative_sample_covariance,CSI300,a5_top_liquid_20,-0.014205098268145644,-0.003411,-0.010794098268145643
20260415,600900.SH,benchmark_relative_sample_covariance,CSI300,a5_top_liquid_20,0.0049205147615443146,-0.003411,0.008331514761544315
20260415,601012.SH,benchmark_relative_sample_covariance,CSI300,a5_top_liquid_20,-0.009686609686609837,-0.003411,-0.006275609686609837
20260415,601225.SH,benchmark_relative_sample_covariance,CSI300,a5_top_liquid_20,0.005997600959616101,-0.003411,0.009408600959616101
20260415,601318.SH,benchmark_relative_sample_covariance,CSI300,a5_top_liquid_20,-0.004578599287773377,-0.003411,-0.0011675992877733772
20260415,601899.SH,benchmark_relative_sample_covariance,CSI300,a5_top_liquid_20,0.0031609195402297896,-0.003411,0.00657191954022979
20260415,688981.SH,benchmark_relative_sample_covariance,CSI300,a5_top_liquid_20,0.02354215918045699,-0.003411,0.02695315918045699
20260416,000001.SZ,benchmark_relative_sample_covariance,CSI300,a5_top_liquid_20,-0.010704727921498791,0.010962,-0.02166672792149879
20260416,000002.SZ,benchmark_relative_sample_covariance,CSI300,a5_top_liquid_20,-0.0025188916876575096,0.010962,-0.013480891687657509
20260416,000651.SZ,benchmark_relative_sample_covariance,CSI300,a5_top_liquid_20,-0.0018721583311045453,0.010962,-0.012834158331104545
20260416,000725.SZ,benchmark_relative_sample_covariance,CSI300,a5_top_liquid_20,0.007500000000000062,0.010962,-0.0034619999999999373
20260416,002230.SZ,benchmark_relative_sample_covariance,CSI300,a5_top_liquid_20,0.011779554059739183,0.010962,0.0008175540597391839
20260416,002594.SZ,benchmark_relative_sample_covariance,CSI300,a5_top_liquid_20,0.024361836358342215,0.010962,0.013399836358342215
20260416,300750.SZ,benchmark_relative_sample_covariance,CSI300,a5_top_liquid_20,0.053317865429234335,0.010962,0.042355865429234335
20260416,600019.SH,benchmark_relative_sample_covariance,CSI300,a5_top_liquid_20,0.0,0.010962,-0.010962
20260416,600030.SH,benchmark_relative_sample_covariance,CSI300,a5_top_liquid_20,0.011534025374855705,0.010962,0.0005720253748557058
20260416,600050.SH,benchmark_relative_sample_covariance,CSI300,a5_top_liquid_20,0.006564551422319376,0.010962,-0.004397448577680624
20260416,600276.SH,benchmark_relative_sample_covariance,CSI300,a5_top_liquid_20,-0.004503724233500761,0.010962,-0.01546572423350076
20260416,600309.SH,benchmark_relative_sample_covariance,CSI300,a5_top_liquid_20,0.011450381679389166,0.010962,0.000488381679389166
20260416,600519.SH,benchmark_relative_sample_covariance,CSI300,a5_top_liquid_20,-0.003175468483816113,0.010962,-0.014137468483816112
20260416,600760.SH,benchmark_relative_sample_covariance,CSI300,a5_top_liquid_20,-0.0031583103039872773,0.010962,-0.014120310303987277
20260416,600900.SH,benchmark_relative_sample_covariance,CSI300,a5_top_liquid_20,0.0,0.010962,-0.010962
20260416,601012.SH,benchmark_relative_sample_covariance,CSI300,a5_top_liquid_20,0.007479861910241858,0.010962,-0.003482138089758141
20260416,601225.SH,benchmark_relative_sample_covariance,CSI300,a5_top_liquid_20,-0.006756756756756799,0.010962,-0.0177187567567568
20260416,601318.SH,benchmark_relative_sample_covariance,CSI300,a5_top_liquid_20,-0.003066439522998343,0.010962,-0.014028439522998343
20260416,601899.SH,benchmark_relative_sample_covariance,CSI300,a5_top_liquid_20,0.01117158407333152,0.010962,0.00020958407333152018
20260416,688981.SH,benchmark_relative_sample_covariance,CSI300,a5_top_liquid_20,0.0025984024636704905,0.010962,-0.008363597536329509
20260417,000001.SZ,benchmark_relative_sample_covariance,CSI300,a5_top_liquid_20,-0.007213706041478862,-0.001675,-0.005538706041478862
20260417,000002.SZ,benchmark_relative_sample_covariance,CSI300,a5_top_liquid_20,0.0,-0.001675,0.001675
20260417,000651.SZ,benchmark_relative_sample_covariance,CSI300,a5_top_liquid_20,-0.009914255091103885,-0.001675,-0.008239255091103886
20260417,000725.SZ,benchmark_relative_sample_covariance,CSI300,a5_top_liquid_20,-0.002481389578163906,-0.001675,-0.0008063895781639061
20260417,002230.SZ,benchmark_relative_sample_covariance,CSI300,a5_top_liquid_20,0.0029106029106029663,-0.001675,0.0045856029106029665
20260417,002594.SZ,benchmark_relative_sample_covariance,CSI300,a5_top_liquid_20,-0.016676141747204887,-0.001675,-0.015001141747204887
20260417,300750.SZ,benchmark_relative_sample_covariance,CSI300,a5_top_liquid_20,-0.021542799242257438,-0.001675,-0.01986779924225744
20260417,600019.SH,benchmark_relative_sample_covariance,CSI300,a5_top_liquid_20,-0.009433962264151052,-0.001675,-0.007758962264151052
20260417,600030.SH,benchmark_relative_sample_covariance,CSI300,a5_top_liquid_20,-0.0019004180919801605,-0.001675,-0.00022541809198016048
20260417,600050.SH,benchmark_relative_sample_covariance,CSI300,a5_top_liquid_20,0.008695652173912993,-0.001675,0.010370652173912993
20260417,600276.SH,benchmark_relative_sample_covariance,CSI300,a5_top_liquid_20,-0.01983643640160082,-0.001675,-0.01816143640160082
20260417,600309.SH,benchmark_relative_sample_covariance,CSI300,a5_top_liquid_20,-0.025860155382907868,-0.001675,-0.02418515538290787
20260417,600519.SH,benchmark_relative_sample_covariance,CSI300,a5_top_liquid_20,-0.038008257909272314,-0.001675,-0.03633325790927231
20260417,600760.SH,benchmark_relative_sample_covariance,CSI300,a5_top_liquid_20,0.008514851485148522,-0.001675,0.010189851485148522
20260417,600900.SH,benchmark_relative_sample_covariance,CSI300,a5_top_liquid_20,-0.006403013182674222,-0.001675,-0.004728013182674222
20260417,601012.SH,benchmark_relative_sample_covariance,CSI300,a5_top_liquid_20,-0.003997715591090856,-0.001675,-0.0023227155910908555
20260417,601225.SH,benchmark_relative_sample_covariance,CSI300,a5_top_liquid_20,-0.0076030412164864725,-0.001675,-0.005928041216486472
20260417,601318.SH,benchmark_relative_sample_covariance,CSI300,a5_top_liquid_20,-0.01025290498974707,-0.001675,-0.00857790498974707
20260417,601899.SH,benchmark_relative_sample_covariance,CSI300,a5_top_liquid_20,-0.01614730878186965,-0.001675,-0.014472308781869652
20260417,688981.SH,benchmark_relative_sample_covariance,CSI300,a5_top_liquid_20,0.010078709925129603,-0.001675,0.011753709925129602
20260420,000001.SZ,benchmark_relative_sample_covariance,CSI300,a5_top_liquid_20,0.004541326067211582,0.006084,-0.0015426739327884182
20260420,000002.SZ,benchmark_relative_sample_covariance,CSI300,a5_top_liquid_20,-0.007575757575757569,0.006084,-0.013659757575757568
20260420,000651.SZ,benchmark_relative_sample_covariance,CSI300,a5_top_liquid_20,-0.0002706359945874315,0.006084,-0.0063546359945874315
20260420,000725.SZ,benchmark_relative_sample_covariance,CSI300,a5_top_liquid_20,0.042288557213930655,0.006084,0.036204557213930656
20260420,002230.SZ,benchmark_relative_sample_covariance,CSI300,a5_top_liquid_20,0.014510779436152532,0.006084,0.008426779436152533
20260420,002594.SZ,benchmark_relative_sample_covariance,CSI300,a5_top_liquid_20,-0.00838311813451531,0.006084,-0.01446711813451531
20260420,300750.SZ,benchmark_relative_sample_covariance,CSI300,a5_top_liquid_20,-0.026339486717694705,0.006084,-0.032423486717694704
20260420,600019.SH,benchmark_relative_sample_covariance,CSI300,a5_top_liquid_20,-0.007936507936507908,0.006084,-0.014020507936507907
20260420,600030.SH,benchmark_relative_sample_covariance,CSI300,a5_top_liquid_20,0.0015232292460014563,0.006084,-0.004560770753998544
20260420,600050.SH,benchmark_relative_sample_covariance,CSI300,a5_top_liquid_20,-0.010775862068965525,0.006084,-0.016859862068965524
20260420,600276.SH,benchmark_relative_sample_covariance,CSI300,a5_top_liquid_20,0.0001775252973550412,0.006084,-0.005906474702644959
20260420,600309.SH,benchmark_relative_sample_covariance,CSI300,a5_top_liquid_20,-0.0026204853594621325,0.006084,-0.008704485359462132
20260420,600519.SH,benchmark_relative_sample_covariance,CSI300,a5_top_liquid_20,0.002593729569938308,0.006084,-0.003490270430061692
20260420,600760.SH,benchmark_relative_sample_covariance,CSI300,a5_top_liquid_20,-0.002159827213822907,0.006084,-0.008243827213822906
20260420,600900.SH,benchmark_relative_sample_covariance,CSI300,a5_top_liquid_20,0.01743745261561802,0.006084,0.011353452615618022
20260420,601012.SH,benchmark_relative_sample_covariance,CSI300,a5_top_liquid_20,0.012041284403669472,0.006084,0.005957284403669472
20260420,601225.SH,benchmark_relative_sample_covariance,CSI300,a5_top_liquid_20,-0.011290322580645218,0.006084,-0.017374322580645217
20260420,601318.SH,benchmark_relative_sample_covariance,CSI300,a5_top_liquid_20,0.01070441988950277,0.006084,0.00462041988950277
20260420,601899.SH,benchmark_relative_sample_covariance,CSI300,a5_top_liquid_20,0.0025914195220271274,0.006084,-0.0034925804779728726
20260420,688981.SH,benchmark_relative_sample_covariance,CSI300,a5_top_liquid_20,0.025943172099211154,0.006084,0.019859172099211155
20260421,000001.SZ,benchmark_relative_sample_covariance,CSI300,a5_top_liquid_20,0.001808318264014508,0.002219,-0.00041068173598549215
20260421,000002.SZ,benchmark_relative_sample_covariance,CSI300,a5_top_liquid_20,-0.007633587786259555,0.002219,-0.009852587786259555
20260421,000651.SZ,benchmark_relative_sample_covariance,CSI300,a5_top_liquid_20,-0.0008121277747699107,0.002219,-0.0030311277747699108
20260421,000725.SZ,benchmark_relative_sample_covariance,CSI300,a5_top_liquid_20,0.007159904534606021,0.002219,0.00494090453460602
20260421,002230.SZ,benchmark_relative_sample_covariance,CSI300,a5_top_liquid_20,-0.003269309358397976,0.002219,-0.0054883093583979765
20260421,002594.SZ,benchmark_relative_sample_covariance,CSI300,a5_top_liquid_20,-0.013409775532018275,0.002219,-0.015628775532018274
20260421,300750.SZ,benchmark_relative_sample_covariance,CSI300,a5_top_liquid_20,0.03491329479768801,0.002219,0.03269429479768801
20260421,600019.SH,benchmark_relative_sample_covariance,CSI300,a5_top_liquid_20,0.011200000000000099,0.002219,0.008981000000000098
20260421,600030.SH,benchmark_relative_sample_covariance,CSI300,a5_top_liquid_20,0.0,0.002219,-0.002219
20260421,600050.SH,benchmark_relative_sample_covariance,CSI300,a5_top_liquid_20,0.015250544662309462,0.002219,0.013031544662309462
20260421,600276.SH,benchmark_relative_sample_covariance,CSI300,a5_top_liquid_20,-0.010472133475328382,0.002219,-0.012691133475328383
20260421,600309.SH,benchmark_relative_sample_covariance,CSI300,a5_top_liquid_20,-0.0005711674663012589,0.002219,-0.002790167466301259
20260421,600519.SH,benchmark_relative_sample_covariance,CSI300,a5_top_liquid_20,0.0007938251741808067,0.002219,-0.0014251748258191934
20260421,600760.SH,benchmark_relative_sample_covariance,CSI300,a5_top_liquid_20,-0.017119244391971655,0.002219,-0.019338244391971654
20260421,600900.SH,benchmark_relative_sample_covariance,CSI300,a5_top_liquid_20,0.0108047690014903,0.002219,0.0085857690014903
20260421,601012.SH,benchmark_relative_sample_covariance,CSI300,a5_top_liquid_20,-0.0033994334277619442,0.002219,-0.005618433427761945
20260421,601225.SH,benchmark_relative_sample_covariance,CSI300,a5_top_liquid_20,0.039967373572593834,0.002219,0.037748373572593835
20260421,601318.SH,benchmark_relative_sample_covariance,CSI300,a5_top_liquid_20,-0.008711991800478325,0.002219,-0.010930991800478325
20260421,601899.SH,benchmark_relative_sample_covariance,CSI300,a5_top_liquid_20,0.024124066628374408,0.002219,0.02190506662837441
20260421,688981.SH,benchmark_relative_sample_covariance,CSI300,a5_top_liquid_20,-0.004631344942571336,0.002219,-0.0068503449425713365
20260422,000001.SZ,benchmark_relative_sample_covariance,CSI300,a5_top_liquid_20,-0.009025270758122761,0.006634,-0.015659270758122762
20260422,000002.SZ,benchmark_relative_sample_covariance,CSI300,a5_top_liquid_20,-0.00512820512820511,0.006634,-0.011762205128205111
20260422,000651.SZ,benchmark_relative_sample_covariance,CSI300,a5_top_liquid_20,0.0008127878623680473,0.006634,-0.005821212137631953
20260422,000725.SZ,benchmark_relative_sample_covariance,CSI300,a5_top_liquid_20,0.011848341232227444,0.006634,0.005214341232227444
20260422,002230.SZ,benchmark_relative_sample_covariance,CSI300,a5_top_liquid_20,0.014965149651496423,0.006634,0.008331149651496422
20260422,002594.SZ,benchmark_relative_sample_covariance,CSI300,a5_top_liquid_20,0.0008864375061559127,0.006634,-0.0057475624938440875
20260422,300750.SZ,benchmark_relative_sample_covariance,CSI300,a5_top_liquid_20,-0.009848192607047945,0.006634,-0.016482192607047946
20260422,600019.SH,benchmark_relative_sample_covariance,CSI300,a5_top_liquid_20,0.004746835443037778,0.006634,-0.0018871645569622222
20260422,600030.SH,benchmark_relative_sample_covariance,CSI300,a5_top_liquid_20,0.0155893536121674,0.006634,0.0089553536121674
20260422,600050.SH,benchmark_relative_sample_covariance,CSI300,a5_top_liquid_20,-0.03433476394849788,0.006634,-0.04096876394849788
20260422,600276.SH,benchmark_relative_sample_covariance,CSI300,a5_top_liquid_20,-0.005560538116591962,0.006634,-0.012194538116591963
20260422,600309.SH,benchmark_relative_sample_covariance,CSI300,a5_top_liquid_20,0.002400274317064799,0.006634,-0.004233725682935201
20260422,600519.SH,benchmark_relative_sample_covariance,CSI300,a5_top_liquid_20,-0.0017776078073101775,0.006634,-0.008411607807310179
20260422,600760.SH,benchmark_relative_sample_covariance,CSI300,a5_top_liquid_20,-0.0030030030030031574,0.006634,-0.009637003003003158
20260422,600900.SH,benchmark_relative_sample_covariance,CSI300,a5_top_liquid_20,-0.00995208256542568,0.006634,-0.01658608256542568
20260422,601012.SH,benchmark_relative_sample_covariance,CSI300,a5_top_liquid_20,-0.0022740193291642674,0.006634,-0.008908019329164268
20260422,601225.SH,benchmark_relative_sample_covariance,CSI300,a5_top_liquid_20,-0.0007843137254901489,0.006634,-0.007418313725490149
20260422,601318.SH,benchmark_relative_sample_covariance,CSI300,a5_top_liquid_20,0.0,0.006634,-0.006634
20260422,601899.SH,benchmark_relative_sample_covariance,CSI300,a5_top_liquid_20,-0.003645541222658366,0.006634,-0.010279541222658367
20260422,688981.SH,benchmark_relative_sample_covariance,CSI300,a5_top_liquid_20,0.0038153731621068943,0.006634,-0.002818626837893106
20260423,000001.SZ,benchmark_relative_sample_covariance,CSI300,a5_top_liquid_20,0.0018214936247722413,-0.002771,0.004592493624772241
20260423,000002.SZ,benchmark_relative_sample_covariance,CSI300,a5_top_liquid_20,-0.018041237113401998,-0.002771,-0.015270237113401999
20260423,000651.SZ,benchmark_relative_sample_covariance,CSI300,a5_top_liquid_20,0.0005414185165133478,-0.002771,0.003312418516513348
20260423,000725.SZ,benchmark_relative_sample_covariance,CSI300,a5_top_liquid_20,-0.01873536299765788,-0.002771,-0.01596436299765788
20260423,002230.SZ,benchmark_relative_sample_covariance,CSI300,a5_top_liquid_20,-0.01252272268228638,-0.002771,-0.009751722682286381
20260423,002594.SZ,benchmark_relative_sample_covariance,CSI300,a5_top_liquid_20,-0.01613855540247988,-0.002771,-0.013367555402479882
20260423,300750.SZ,benchmark_relative_sample_covariance,CSI300,a5_top_liquid_20,0.005843932622894288,-0.002771,0.008614932622894287
20260423,600019.SH,benchmark_relative_sample_covariance,CSI300,a5_top_liquid_20,0.0047244094488190225,-0.002771,0.0074954094488190225
20260423,600030.SH,benchmark_relative_sample_covariance,CSI300,a5_top_liquid_20,-0.00861100711344065,-0.002771,-0.00584000711344065
20260423,600050.SH,benchmark_relative_sample_covariance,CSI300,a5_top_liquid_20,0.0,-0.002771,0.002771
20260423,600276.SH,benchmark_relative_sample_covariance,CSI300,a5_top_liquid_20,0.017316017316017396,-0.002771,0.020087017316017395
20260423,600309.SH,benchmark_relative_sample_covariance,CSI300,a5_top_liquid_20,-0.0005701254275940482,-0.002771,0.002200874572405952
20260423,600519.SH,benchmark_relative_sample_covariance,CSI300,a5_top_liquid_20,0.0067399787158566316,-0.002771,0.00951097871585663
20260423,600760.SH,benchmark_relative_sample_covariance,CSI300,a5_top_liquid_20,-0.009437751004016004,-0.002771,-0.006666751004016004
20260423,600900.SH,benchmark_relative_sample_covariance,CSI300,a5_top_liquid_20,0.003350707371556183,-0.002771,0.006121707371556183
20260423,601012.SH,benchmark_relative_sample_covariance,CSI300,a5_top_liquid_20,-0.0011396011396010985,-0.002771,0.0016313988603989015
20260423,601225.SH,benchmark_relative_sample_covariance,CSI300,a5_top_liquid_20,0.02511773940345363,-0.002771,0.02788873940345363
20260423,601318.SH,benchmark_relative_sample_covariance,CSI300,a5_top_liquid_20,-0.002584869894881936,-0.002771,0.00018613010511806406
20260423,601899.SH,benchmark_relative_sample_covariance,CSI300,a5_top_liquid_20,-0.03180410920349008,-0.002771,-0.029033109203490084
20260423,688981.SH,benchmark_relative_sample_covariance,CSI300,a5_top_liquid_20,-0.0175210902011681,-0.002771,-0.0147500902011681
20260424,000001.SZ,benchmark_relative_sample_covariance,CSI300,a5_top_liquid_20,0.0,-0.003543,0.003543
20260424,000002.SZ,benchmark_relative_sample_covariance,CSI300,a5_top_liquid_20,-0.015748031496062964,-0.003543,-0.012205031496062963
20260424,000651.SZ,benchmark_relative_sample_covariance,CSI300,a5_top_liquid_20,0.0040584415584414835,-0.003543,0.007601441558441484
20260424,000725.SZ,benchmark_relative_sample_covariance,CSI300,a5_top_liquid_20,-0.014319809069212486,-0.003543,-0.010776809069212485
20260424,002230.SZ,benchmark_relative_sample_covariance,CSI300,a5_top_liquid_20,0.00368173450603404,-0.003543,0.00722473450603404
20260424,002594.SZ,benchmark_relative_sample_covariance,CSI300,a5_top_liquid_20,-0.005201040208041685,-0.003543,-0.001658040208041685
20260424,300750.SZ,benchmark_relative_sample_covariance,CSI300,a5_top_liquid_20,0.0136705399863295,-0.003543,0.0172135399863295
20260424,600019.SH,benchmark_relative_sample_covariance,CSI300,a5_top_liquid_20,-0.004702194357366851,-0.003543,-0.001159194357366851
20260424,600030.SH,benchmark_relative_sample_covariance,CSI300,a5_top_liquid_20,-0.009441087613293098,-0.003543,-0.0058980876132930975
20260424,600050.SH,benchmark_relative_sample_covariance,CSI300,a5_top_liquid_20,-0.0022222222222221255,-0.003543,0.0013207777777778746
20260424,600276.SH,benchmark_relative_sample_covariance,CSI300,a5_top_liquid_20,-0.006205673758865271,-0.003543,-0.002662673758865271
20260424,600309.SH,benchmark_relative_sample_covariance,CSI300,a5_top_liquid_20,0.02156303479749,-0.003543,0.02510603479749
20260424,600519.SH,benchmark_relative_sample_covariance,CSI300,a5_top_liquid_20,0.02782945736434117,-0.003543,0.03137245736434117
20260424,600760.SH,benchmark_relative_sample_covariance,CSI300,a5_top_liquid_20,-0.018447192377863297,-0.003543,-0.014904192377863296
20260424,600900.SH,benchmark_relative_sample_covariance,CSI300,a5_top_liquid_20,-0.0051948051948051965,-0.003543,-0.0016518051948051964
20260424,601012.SH,benchmark_relative_sample_covariance,CSI300,a5_top_liquid_20,-0.00798630918425558,-0.003543,-0.00444330918425558
20260424,601225.SH,benchmark_relative_sample_covariance,CSI300,a5_top_liquid_20,0.006891271056661541,-0.003543,0.010434271056661542
20260424,601318.SH,benchmark_relative_sample_covariance,CSI300,a5_top_liquid_20,-0.001727712508638568,-0.003543,0.001815287491361432
20260424,601899.SH,benchmark_relative_sample_covariance,CSI300,a5_top_liquid_20,-0.0026162790697673577,-0.003543,0.0009267209302326425
20260424,688981.SH,benchmark_relative_sample_covariance,CSI300,a5_top_liquid_20,0.04698999811285143,-0.003543,0.050532998112851425
20260427,000001.SZ,benchmark_relative_sample_covariance,CSI300,a5_top_liquid_20,0.03454545454545466,0.0003309999999999,0.034214454545454756
20260427,000002.SZ,benchmark_relative_sample_covariance,CSI300,a5_top_liquid_20,-0.005333333333333301,0.0003309999999999,-0.005664333333333201
20260427,000651.SZ,benchmark_relative_sample_covariance,CSI300,a5_top_liquid_20,0.01077876583131232,0.0003309999999999,0.01044776583131242
20260427,000725.SZ,benchmark_relative_sample_covariance,CSI300,a5_top_liquid_20,0.01937046004842613,0.0003309999999999,0.01903946004842623
20260427,002230.SZ,benchmark_relative_sample_covariance,CSI300,a5_top_liquid_20,0.015080497248828317,0.0003309999999999,0.014749497248828417
20260427,002594.SZ,benchmark_relative_sample_covariance,CSI300,a5_top_liquid_20,0.028956364367584975,0.0003309999999999,0.028625364367585074
20260427,300750.SZ,benchmark_relative_sample_covariance,CSI300,a5_top_liquid_20,-0.022521915037086893,0.0003309999999999,-0.022852915037086793
20260427,600019.SH,benchmark_relative_sample_covariance,CSI300,a5_top_liquid_20,-0.009448818897637712,0.0003309999999999,-0.009779818897637613
20260427,600030.SH,benchmark_relative_sample_covariance,CSI300,a5_top_liquid_20,0.020587113991612727,0.0003309999999999,0.020256113991612826
20260427,600050.SH,benchmark_relative_sample_covariance,CSI300,a5_top_liquid_20,0.00222717149220486,0.0003309999999999,0.0018961714922049603
20260427,600276.SH,benchmark_relative_sample_covariance,CSI300,a5_top_liquid_20,-0.011953612845673423,0.0003309999999999,-0.012284612845673323
20260427,600309.SH,benchmark_relative_sample_covariance,CSI300,a5_top_liquid_20,-0.006365870002233764,0.0003309999999999,-0.006696870002233664
20260427,600519.SH,benchmark_relative_sample_covariance,CSI300,a5_top_liquid_20,-0.03790907033987201,0.0003309999999999,-0.03824007033987191
20260427,600760.SH,benchmark_relative_sample_covariance,CSI300,a5_top_liquid_20,0.0028913672036348093,0.0003309999999999,0.0025603672036349093
20260427,600900.SH,benchmark_relative_sample_covariance,CSI300,a5_top_liquid_20,-0.00559492726594546,0.0003309999999999,-0.00592592726594536
20260427,601012.SH,benchmark_relative_sample_covariance,CSI300,a5_top_liquid_20,-0.014376078205865395,0.0003309999999999,-0.014707078205865295
20260427,601225.SH,benchmark_relative_sample_covariance,CSI300,a5_top_liquid_20,-0.034980988593155904,0.0003309999999999,-0.035311988593155805
20260427,601318.SH,benchmark_relative_sample_covariance,CSI300,a5_top_liquid_20,-0.003980616130148884,0.0003309999999999,-0.004311616130148784
20260427,601899.SH,benchmark_relative_sample_covariance,CSI300,a5_top_liquid_20,-0.021859516176041982,0.0003309999999999,-0.022190516176041883
20260427,688981.SH,benchmark_relative_sample_covariance,CSI300,a5_top_liquid_20,0.050648882480173185,0.0003309999999999,0.050317882480173284
20260428,000001.SZ,benchmark_relative_sample_covariance,CSI300,a5_top_liquid_20,0.007029876977152849,-0.00267,0.00969987697715285
20260428,000002.SZ,benchmark_relative_sample_covariance,CSI300,a5_top_liquid_20,0.00536193029490617,-0.00267,0.00803193029490617
20260428,000651.SZ,benchmark_relative_sample_covariance,CSI300,a5_top_liquid_20,0.024793388429751984,-0.00267,0.027463388429751982
20260428,000725.SZ,benchmark_relative_sample_covariance,CSI300,a5_top_liquid_20,-0.014251781472684022,-0.00267,-0.011581781472684021
20260428,002230.SZ,benchmark_relative_sample_covariance,CSI300,a5_top_liquid_20,-0.012848825537040809,-0.00267,-0.010178825537040808
20260428,002594.SZ,benchmark_relative_sample_covariance,CSI300,a5_top_liquid_20,-0.008403361344537785,-0.00267,-0.005733361344537785
20260428,300750.SZ,benchmark_relative_sample_covariance,CSI300,a5_top_liquid_20,-0.01657928623988225,-0.00267,-0.013909286239882251
20260428,600019.SH,benchmark_relative_sample_covariance,CSI300,a5_top_liquid_20,0.012718600953895098,-0.00267,0.015388600953895099
20260428,600030.SH,benchmark_relative_sample_covariance,CSI300,a5_top_liquid_20,0.019798281658573114,-0.00267,0.022468281658573112
20260428,600050.SH,benchmark_relative_sample_covariance,CSI300,a5_top_liquid_20,0.006666666666666821,-0.00267,0.009336666666666821
20260428,600276.SH,benchmark_relative_sample_covariance,CSI300,a5_top_liquid_20,-0.009750812567713929,-0.00267,-0.0070808125677139285
20260428,600309.SH,benchmark_relative_sample_covariance,CSI300,a5_top_liquid_20,0.005732269304259852,-0.00267,0.008402269304259852
20260428,600519.SH,benchmark_relative_sample_covariance,CSI300,a5_top_liquid_20,0.0012827822120866639,-0.00267,0.003952782212086664
20260428,600760.SH,benchmark_relative_sample_covariance,CSI300,a5_top_liquid_20,-0.010502471169687055,-0.00267,-0.007832471169687055
20260428,600900.SH,benchmark_relative_sample_covariance,CSI300,a5_top_liquid_20,0.0026256564141036165,-0.00267,0.005295656414103617
20260428,601012.SH,benchmark_relative_sample_covariance,CSI300,a5_top_liquid_20,-0.011085180863477317,-0.00267,-0.008415180863477317
20260428,601225.SH,benchmark_relative_sample_covariance,CSI300,a5_top_liquid_20,0.024822695035461084,-0.00267,0.027492695035461083
20260428,601318.SH,benchmark_relative_sample_covariance,CSI300,a5_top_liquid_20,0.0013900955690704375,-0.00267,0.004060095569070438
20260428,601899.SH,benchmark_relative_sample_covariance,CSI300,a5_top_liquid_20,-0.01817640047675806,-0.00267,-0.015506400476758058
20260428,688981.SH,benchmark_relative_sample_covariance,CSI300,a5_top_liquid_20,-0.022130725681935193,-0.00267,-0.019460725681935194
20260429,000001.SZ,benchmark_relative_sample_covariance,CSI300,a5_top_liquid_20,0.005235602094240788,0.010958,-0.005722397905759213
20260429,000002.SZ,benchmark_relative_sample_covariance,CSI300,a5_top_liquid_20,0.03200000000000003,0.010958,0.021042000000000026
20260429,000651.SZ,benchmark_relative_sample_covariance,CSI300,a5_top_liquid_20,0.052809573361082274,0.010958,0.04185157336108227
20260429,000725.SZ,benchmark_relative_sample_covariance,CSI300,a5_top_liquid_20,0.004819277108433662,0.010958,-0.006138722891566339
20260429,002230.SZ,benchmark_relative_sample_covariance,CSI300,a5_top_liquid_20,-0.022574740695546103,0.010958,-0.033532740695546105
20260429,002594.SZ,benchmark_relative_sample_covariance,CSI300,a5_top_liquid_20,0.038628301143082355,0.010958,0.027670301143082353
20260429,300750.SZ,benchmark_relative_sample_covariance,CSI300,a5_top_liquid_20,0.04052189772488135,0.010958,0.029563897724881348
20260429,600019.SH,benchmark_relative_sample_covariance,CSI300,a5_top_liquid_20,0.017268445839874413,0.010958,0.006310445839874413
20260429,600030.SH,benchmark_relative_sample_covariance,CSI300,a5_top_liquid_20,0.00073260073260073,0.010958,-0.01022539926739927
20260429,600050.SH,benchmark_relative_sample_covariance,CSI300,a5_top_liquid_20,0.002207505518763808,0.010958,-0.008750494481236193
20260429,600276.SH,benchmark_relative_sample_covariance,CSI300,a5_top_liquid_20,0.00273522975929974,0.010958,-0.00822277024070026
20260429,600309.SH,benchmark_relative_sample_covariance,CSI300,a5_top_liquid_20,0.009722843093428635,0.010958,-0.001235156906571366
20260429,600519.SH,benchmark_relative_sample_covariance,CSI300,a5_top_liquid_20,-0.0027259786476867554,0.010958,-0.013683978647686756
20260429,600760.SH,benchmark_relative_sample_covariance,CSI300,a5_top_liquid_20,-0.018106139438085256,0.010958,-0.02906413943808526
20260429,600900.SH,benchmark_relative_sample_covariance,CSI300,a5_top_liquid_20,0.0014964459408903785,0.010958,-0.009461554059109622
20260429,601012.SH,benchmark_relative_sample_covariance,CSI300,a5_top_liquid_20,-0.02359882005899694,0.010958,-0.03455682005899694
20260429,601225.SH,benchmark_relative_sample_covariance,CSI300,a5_top_liquid_20,0.0046136101499423265,0.010958,-0.006344389850057674
20260429,601318.SH,benchmark_relative_sample_covariance,CSI300,a5_top_liquid_20,0.03123373243102545,0.010958,0.02027573243102545
20260429,601899.SH,benchmark_relative_sample_covariance,CSI300,a5_top_liquid_20,0.03611532625189673,0.010958,0.025157326251896726
20260429,688981.SH,benchmark_relative_sample_covariance,CSI300,a5_top_liquid_20,-0.013421052631579,0.010958,-0.024379052631579003
20260430,000001.SZ,benchmark_relative_sample_covariance,CSI300,a5_top_liquid_20,-0.0026041666666666297,-0.000632,-0.00197216666666663
20260430,000002.SZ,benchmark_relative_sample_covariance,CSI300,a5_top_liquid_20,0.010335917312661591,-0.000632,0.010967917312661592
20260430,000651.SZ,benchmark_relative_sample_covariance,CSI300,a5_top_liquid_20,-0.010378057820607856,-0.000632,-0.009746057820607855
20260430,000725.SZ,benchmark_relative_sample_covariance,CSI300,a5_top_liquid_20,-0.021582733812949617,-0.000632,-0.020950733812949617
20260430,002230.SZ,benchmark_relative_sample_covariance,CSI300,a5_top_liquid_20,-0.005617977528089901,-0.000632,-0.004985977528089902
20260430,002594.SZ,benchmark_relative_sample_covariance,CSI300,a5_top_liquid_20,-0.022960151802656537,-0.000632,-0.022328151802656536
20260430,300750.SZ,benchmark_relative_sample_covariance,CSI300,a5_top_liquid_20,-0.020224719101123556,-0.000632,-0.019592719101123555
20260430,600019.SH,benchmark_relative_sample_covariance,CSI300,a5_top_liquid_20,-0.026234567901234684,-0.000632,-0.025602567901234684
20260430,600030.SH,benchmark_relative_sample_covariance,CSI300,a5_top_liquid_20,-0.0036603221083455484,-0.000632,-0.0030283221083455486
20260430,600050.SH,benchmark_relative_sample_covariance,CSI300,a5_top_liquid_20,-0.00440528634361248,-0.000632,-0.0037732863436124803
20260430,600276.SH,benchmark_relative_sample_covariance,CSI300,a5_top_liquid_20,-0.02018548827059463,-0.000632,-0.01955348827059463
20260430,600309.SH,benchmark_relative_sample_covariance,CSI300,a5_top_liquid_20,-0.008965135583840489,-0.000632,-0.008333135583840488
20260430,600519.SH,benchmark_relative_sample_covariance,CSI300,a5_top_liquid_20,-0.011690230307528804,-0.000632,-0.011058230307528803
20260430,600760.SH,benchmark_relative_sample_covariance,CSI300,a5_top_liquid_20,-0.004451038575667643,-0.000632,-0.003819038575667643
20260430,600900.SH,benchmark_relative_sample_covariance,CSI300,a5_top_liquid_20,0.02054538662682104,-0.000632,0.02117738662682104
20260430,601012.SH,benchmark_relative_sample_covariance,CSI300,a5_top_liquid_20,-0.005438066465256797,-0.000632,-0.004806066465256797
20260430,601225.SH,benchmark_relative_sample_covariance,CSI300,a5_top_liquid_20,0.0,-0.000632,0.000632
20260430,601318.SH,benchmark_relative_sample_covariance,CSI300,a5_top_liquid_20,-0.001009591115598174,-0.000632,-0.0003775911155981741
20260430,601899.SH,benchmark_relative_sample_covariance,CSI300,a5_top_liquid_20,-0.024604569420035194,-0.000632,-0.023972569420035193
20260430,688981.SH,benchmark_relative_sample_covariance,CSI300,a5_top_liquid_20,0.055659286920956674,-0.000632,0.056291286920956675
20260506,000001.SZ,benchmark_relative_sample_covariance,CSI300,a5_top_liquid_20,-0.011314186248912117,0.014517,-0.02583118624891212
20260506,000002.SZ,benchmark_relative_sample_covariance,CSI300,a5_top_liquid_20,0.025575447570332477,0.014517,0.011058447570332476
20260506,000651.SZ,benchmark_relative_sample_covariance,CSI300,a5_top_liquid_20,-0.0024968789013731785,0.014517,-0.01701387890137318
20260506,000725.SZ,benchmark_relative_sample_covariance,CSI300,a5_top_liquid_20,0.02450980392156854,0.014517,0.00999280392156854
20260506,002230.SZ,benchmark_relative_sample_covariance,CSI300,a5_top_liquid_20,0.03536304666248169,0.014517,0.020846046662481688
20260506,002594.SZ,benchmark_relative_sample_covariance,CSI300,a5_top_liquid_20,-0.021654690231112883,0.014517,-0.036171690231112885
20260506,300750.SZ,benchmark_relative_sample_covariance,CSI300,a5_top_liquid_20,0.05504587155963292,0.014517,0.04052887155963292
20260506,600019.SH,benchmark_relative_sample_covariance,CSI300,a5_top_liquid_20,0.0031695721077655836,0.014517,-0.011347427892234417
20260506,600030.SH,benchmark_relative_sample_covariance,CSI300,a5_top_liquid_20,0.009919177075679686,0.014517,-0.004597822924320314
20260506,600050.SH,benchmark_relative_sample_covariance,CSI300,a5_top_liquid_20,-0.015486725663716672,0.014517,-0.030003725663716674
20260506,600276.SH,benchmark_relative_sample_covariance,CSI300,a5_top_liquid_20,-0.0046399406087601625,0.014517,-0.019156940608760165
20260506,600309.SH,benchmark_relative_sample_covariance,CSI300,a5_top_liquid_20,0.0021219566674111068,0.014517,-0.012395043332588894
20260506,600519.SH,benchmark_relative_sample_covariance,CSI300,a5_top_liquid_20,-0.007069663992374298,0.014517,-0.0215866639923743
20260506,600760.SH,benchmark_relative_sample_covariance,CSI300,a5_top_liquid_20,0.026612731530764266,0.014517,0.012095731530764266
20260506,600900.SH,benchmark_relative_sample_covariance,CSI300,a5_top_liquid_20,-0.004392386530014725,0.014517,-0.018909386530014727
20260506,601012.SH,benchmark_relative_sample_covariance,CSI300,a5_top_liquid_20,0.005467800729040073,0.014517,-0.009049199270959927
20260506,601225.SH,benchmark_relative_sample_covariance,CSI300,a5_top_liquid_20,-0.008802143130501316,0.014517,-0.02331914313050132
20260506,601318.SH,benchmark_relative_sample_covariance,CSI300,a5_top_liquid_20,-0.000168435236651443,0.014517,-0.014685435236651443
20260506,601899.SH,benchmark_relative_sample_covariance,CSI300,a5_top_liquid_20,0.027327327327327344,0.014517,0.012810327327327344
20260506,688981.SH,benchmark_relative_sample_covariance,CSI300,a5_top_liquid_20,0.036806198938768464,0.014517,0.022289198938768462
20260507,000001.SZ,benchmark_relative_sample_covariance,CSI300,a5_top_liquid_20,0.0008802816901407606,0.004801,-0.003920718309859239
20260507,000002.SZ,benchmark_relative_sample_covariance,CSI300,a5_top_liquid_20,-0.007481296758104716,0.004801,-0.012282296758104716
20260507,000651.SZ,benchmark_relative_sample_covariance,CSI300,a5_top_liquid_20,-0.001501877346683389,0.004801,-0.006302877346683389
20260507,000725.SZ,benchmark_relative_sample_covariance,CSI300,a5_top_liquid_20,0.0071770334928229484,0.004801,0.0023760334928229487
20260507,002230.SZ,benchmark_relative_sample_covariance,CSI300,a5_top_liquid_20,0.010105092966855356,0.004801,0.005304092966855356
20260507,002594.SZ,benchmark_relative_sample_covariance,CSI300,a5_top_liquid_20,-0.0028784119106700645,0.004801,-0.007679411910670064
20260507,300750.SZ,benchmark_relative_sample_covariance,CSI300,a5_top_liquid_20,-0.018173913043478263,0.004801,-0.022974913043478262
20260507,600019.SH,benchmark_relative_sample_covariance,CSI300,a5_top_liquid_20,-0.0015797788309636074,0.004801,-0.006380778830963607
20260507,600030.SH,benchmark_relative_sample_covariance,CSI300,a5_top_liquid_20,-0.009457984721716883,0.004801,-0.014258984721716883
20260507,600050.SH,benchmark_relative_sample_covariance,CSI300,a5_top_liquid_20,0.008988764044943753,0.004801,0.004187764044943754
20260507,600276.SH,benchmark_relative_sample_covariance,CSI300,a5_top_liquid_20,0.0009323140033563604,0.004801,-0.0038686859966436393
20260507,600309.SH,benchmark_relative_sample_covariance,CSI300,a5_top_liquid_20,-0.054942605594561544,0.004801,-0.059743605594561544
20260507,600519.SH,benchmark_relative_sample_covariance,CSI300,a5_top_liquid_20,-0.00287272727272736,0.004801,-0.00767372727272736
20260507,600760.SH,benchmark_relative_sample_covariance,CSI300,a5_top_liquid_20,-0.0045624222314392116,0.004801,-0.009363422231439211
20260507,600900.SH,benchmark_relative_sample_covariance,CSI300,a5_top_liquid_20,-0.005514705882352922,0.004801,-0.010315705882352921
20260507,601012.SH,benchmark_relative_sample_covariance,CSI300,a5_top_liquid_20,0.0,0.004801,-0.004801
20260507,601225.SH,benchmark_relative_sample_covariance,CSI300,a5_top_liquid_20,-0.07027027027027033,0.004801,-0.07507127027027033
20260507,601318.SH,benchmark_relative_sample_covariance,CSI300,a5_top_liquid_20,0.011455525606469008,0.004801,0.006654525606469008
20260507,601899.SH,benchmark_relative_sample_covariance,CSI300,a5_top_liquid_20,0.007307804735457557,0.004801,0.0025068047354575573
20260507,688981.SH,benchmark_relative_sample_covariance,CSI300,a5_top_liquid_20,0.018196588139723913,0.004801,0.013395588139723913
20260508,000001.SZ,benchmark_relative_sample_covariance,CSI300,a5_top_liquid_20,-0.006156552330694676,-0.005836,-0.0003205523306946756
20260508,000002.SZ,benchmark_relative_sample_covariance,CSI300,a5_top_liquid_20,0.005025125628140614,-0.005836,0.010861125628140615
20260508,000651.SZ,benchmark_relative_sample_covariance,CSI300,a5_top_liquid_20,0.0005013787916769985,-0.005836,0.0063373787916769985
20260508,000725.SZ,benchmark_relative_sample_covariance,CSI300,a5_top_liquid_20,-0.009501187648456089,-0.005836,-0.0036651876484560886
20260508,002230.SZ,benchmark_relative_sample_covariance,CSI300,a5_top_liquid_20,-0.0014005602240896309,-0.005836,0.004435439775910369
20260508,002594.SZ,benchmark_relative_sample_covariance,CSI300,a5_top_liquid_20,-0.004379852677682594,-0.005836,0.001456147322317406
20260508,300750.SZ,benchmark_relative_sample_covariance,CSI300,a5_top_liquid_20,-0.03241519794526615,-0.005836,-0.02657919794526615
20260508,600019.SH,benchmark_relative_sample_covariance,CSI300,a5_top_liquid_20,0.014240506329114,-0.005836,0.020076506329114
20260508,600030.SH,benchmark_relative_sample_covariance,CSI300,a5_top_liquid_20,-0.010282776349614386,-0.005836,-0.004446776349614386
20260508,600050.SH,benchmark_relative_sample_covariance,CSI300,a5_top_liquid_20,0.006681514476614581,-0.005836,0.012517514476614582
20260508,600276.SH,benchmark_relative_sample_covariance,CSI300,a5_top_liquid_20,-0.016393442622950838,-0.005836,-0.010557442622950837
20260508,600309.SH,benchmark_relative_sample_covariance,CSI300,a5_top_liquid_20,-0.014150943396226467,-0.005836,-0.008314943396226467
20260508,600519.SH,benchmark_relative_sample_covariance,CSI300,a5_top_liquid_20,0.001414973925093932,-0.005836,0.007250973925093932
20260508,600760.SH,benchmark_relative_sample_covariance,CSI300,a5_top_liquid_20,0.03541666666666665,-0.005836,0.04125266666666665
20260508,600900.SH,benchmark_relative_sample_covariance,CSI300,a5_top_liquid_20,-0.001848428835489857,-0.005836,0.003987571164510143
20260508,601012.SH,benchmark_relative_sample_covariance,CSI300,a5_top_liquid_20,-0.01148036253776441,-0.005836,-0.00564436253776441
20260508,601225.SH,benchmark_relative_sample_covariance,CSI300,a5_top_liquid_20,-0.010382059800664423,-0.005836,-0.004546059800664423
20260508,601318.SH,benchmark_relative_sample_covariance,CSI300,a5_top_liquid_20,0.00033311125916068995,-0.005836,0.00616911125916069
20260508,601899.SH,benchmark_relative_sample_covariance,CSI300,a5_top_liquid_20,0.009866511897852481,-0.005836,0.015702511897852482
20260508,688981.SH,benchmark_relative_sample_covariance,CSI300,a5_top_liquid_20,-0.040130844104037,-0.005836,-0.034294844104037
20260511,000001.SZ,benchmark_relative_sample_covariance,CSI300,a5_top_liquid_20,-0.0017699115044248481,0.016405,-0.018174911504424848
20260511,000002.SZ,benchmark_relative_sample_covariance,CSI300,a5_top_liquid_20,0.022499999999999964,0.016405,0.006094999999999965
20260511,000651.SZ,benchmark_relative_sample_covariance,CSI300,a5_top_liquid_20,0.013781007266349343,0.016405,-0.002623992733650656
20260511,000725.SZ,benchmark_relative_sample_covariance,CSI300,a5_top_liquid_20,0.004796163069544557,0.016405,-0.011608836930455443
20260511,002230.SZ,benchmark_relative_sample_covariance,CSI300,a5_top_liquid_20,0.007814065317571561,0.016405,-0.008590934682428438
20260511,002594.SZ,benchmark_relative_sample_covariance,CSI300,a5_top_liquid_20,0.004199160167966509,0.016405,-0.01220583983203349
20260511,300750.SZ,benchmark_relative_sample_covariance,CSI300,a5_top_liquid_20,0.020846681922196852,0.016405,0.004441681922196853
20260511,600019.SH,benchmark_relative_sample_covariance,CSI300,a5_top_liquid_20,0.014040561622464809,0.016405,-0.0023644383775351906
20260511,600030.SH,benchmark_relative_sample_covariance,CSI300,a5_top_liquid_20,0.014100185528757025,0.016405,-0.002304814471242974
20260511,600050.SH,benchmark_relative_sample_covariance,CSI300,a5_top_liquid_20,0.04424778761061954,0.016405,0.02784278761061954
20260511,600276.SH,benchmark_relative_sample_covariance,CSI300,a5_top_liquid_20,0.013636363636363669,0.016405,-0.0027686363636363308
20260511,600309.SH,benchmark_relative_sample_covariance,CSI300,a5_top_liquid_20,-0.0010765550239233423,0.016405,-0.017481555023923342
20260511,600519.SH,benchmark_relative_sample_covariance,CSI300,a5_top_liquid_20,-0.008492414365727452,0.016405,-0.02489741436572745
20260511,600760.SH,benchmark_relative_sample_covariance,CSI300,a5_top_liquid_20,-0.006639839034205286,0.016405,-0.023044839034205285
20260511,600900.SH,benchmark_relative_sample_covariance,CSI300,a5_top_liquid_20,0.00037037037037035425,0.016405,-0.016034629629629645
20260511,601012.SH,benchmark_relative_sample_covariance,CSI300,a5_top_liquid_20,0.015281173594132058,0.016405,-0.0011238264058679413
20260511,601225.SH,benchmark_relative_sample_covariance,CSI300,a5_top_liquid_20,0.0,0.016405,-0.016405
20260511,601318.SH,benchmark_relative_sample_covariance,CSI300,a5_top_liquid_20,0.0006660006660006434,0.016405,-0.015738999333999356
20260511,601899.SH,benchmark_relative_sample_covariance,CSI300,a5_top_liquid_20,-0.015229885057471138,0.016405,-0.03163488505747114
20260511,688981.SH,benchmark_relative_sample_covariance,CSI300,a5_top_liquid_20,0.018369212866760742,0.016405,0.001964212866760743
20260512,000001.SZ,benchmark_relative_sample_covariance,CSI300,a5_top_liquid_20,-0.0026595744680850686,-0.000765,-0.0018945744680850685
20260512,000002.SZ,benchmark_relative_sample_covariance,CSI300,a5_top_liquid_20,0.0024449877750609694,-0.000765,0.0032099877750609695
20260512,000651.SZ,benchmark_relative_sample_covariance,CSI300,a5_top_liquid_20,-0.002965892239248591,-0.000765,-0.002200892239248591
20260512,000725.SZ,benchmark_relative_sample_covariance,CSI300,a5_top_liquid_20,-0.004773269689737569,-0.000765,-0.004008269689737569
20260512,002230.SZ,benchmark_relative_sample_covariance,CSI300,a5_top_liquid_20,-0.029224652087475156,-0.000765,-0.028459652087475158
20260512,002594.SZ,benchmark_relative_sample_covariance,CSI300,a5_top_liquid_20,-0.01204699322978886,-0.000765,-0.01128199322978886
20260512,300750.SZ,benchmark_relative_sample_covariance,CSI300,a5_top_liquid_20,-0.03331017013741011,-0.000765,-0.03254517013741011
20260512,600019.SH,benchmark_relative_sample_covariance,CSI300,a5_top_liquid_20,-0.010769230769230864,-0.000765,-0.010004230769230864
20260512,600030.SH,benchmark_relative_sample_covariance,CSI300,a5_top_liquid_20,-0.004024881083058873,-0.000765,-0.003259881083058873
20260512,600050.SH,benchmark_relative_sample_covariance,CSI300,a5_top_liquid_20,-0.016949152542372947,-0.000765,-0.01618415254237295
20260512,600276.SH,benchmark_relative_sample_covariance,CSI300,a5_top_liquid_20,0.04839312406576979,-0.000765,0.04915812406576979
20260512,600309.SH,benchmark_relative_sample_covariance,CSI300,a5_top_liquid_20,-0.002634415040114968,-0.000765,-0.001869415040114968
20260512,600519.SH,benchmark_relative_sample_covariance,CSI300,a5_top_liquid_20,-0.004980423556374958,-0.000765,-0.004215423556374958
20260512,600760.SH,benchmark_relative_sample_covariance,CSI300,a5_top_liquid_20,0.01093781648774561,-0.000765,0.01170281648774561
20260512,600900.SH,benchmark_relative_sample_covariance,CSI300,a5_top_liquid_20,0.0011106997408365515,-0.000765,0.0018756997408365516
20260512,601012.SH,benchmark_relative_sample_covariance,CSI300,a5_top_liquid_20,0.00541842263696557,-0.000765,0.00618342263696557
20260512,601225.SH,benchmark_relative_sample_covariance,CSI300,a5_top_liquid_20,-0.0016785564414603105,-0.000765,-0.0009135564414603105
20260512,601318.SH,benchmark_relative_sample_covariance,CSI300,a5_top_liquid_20,-0.011647254575707255,-0.000765,-0.010882254575707255
20260512,601899.SH,benchmark_relative_sample_covariance,CSI300,a5_top_liquid_20,0.00904581266413751,-0.000765,0.00981081266413751
20260512,688981.SH,benchmark_relative_sample_covariance,CSI300,a5_top_liquid_20,-0.004407443682663992,-0.000765,-0.0036424436826639917
20260513,000001.SZ,benchmark_relative_sample_covariance,CSI300,a5_top_liquid_20,-0.009777777777777774,0.010165,-0.019942777777777775
20260513,000002.SZ,benchmark_relative_sample_covariance,CSI300,a5_top_liquid_20,-0.02682926829268284,0.010165,-0.03699426829268284
20260513,000651.SZ,benchmark_relative_sample_covariance,CSI300,a5_top_liquid_20,-0.0009915716410512365,0.010165,-0.011156571641051237
20260513,000725.SZ,benchmark_relative_sample_covariance,CSI300,a5_top_liquid_20,0.014388489208633226,0.010165,0.004223489208633226
20260513,002230.SZ,benchmark_relative_sample_covariance,CSI300,a5_top_liquid_20,0.011673151750972721,0.010165,0.0015081517509727208
20260513,002594.SZ,benchmark_relative_sample_covariance,CSI300,a5_top_liquid_20,-0.006348886425476263,0.010165,-0.016513886425476264
20260513,300750.SZ,benchmark_relative_sample_covariance,CSI300,a5_top_liquid_20,0.006492753623188463,0.010165,-0.0036722463768115374
20260513,600019.SH,benchmark_relative_sample_covariance,CSI300,a5_top_liquid_20,-0.01244167962674958,0.010165,-0.02260667962674958
20260513,600030.SH,benchmark_relative_sample_covariance,CSI300,a5_top_liquid_20,-0.0025716385011020915,0.010165,-0.012736638501102092
20260513,600050.SH,benchmark_relative_sample_covariance,CSI300,a5_top_liquid_20,0.02155172413793105,0.010165,0.01138672413793105
20260513,600276.SH,benchmark_relative_sample_covariance,CSI300,a5_top_liquid_20,-0.004455533772946052,0.010165,-0.014620533772946052
20260513,600309.SH,benchmark_relative_sample_covariance,CSI300,a5_top_liquid_20,0.0004802497298594943,0.010165,-0.009684750270140506
20260513,600519.SH,benchmark_relative_sample_covariance,CSI300,a5_top_liquid_20,-0.007722121737846588,0.010165,-0.017887121737846588
20260513,600760.SH,benchmark_relative_sample_covariance,CSI300,a5_top_liquid_20,-0.016830294530154166,0.010165,-0.026995294530154167
20260513,600900.SH,benchmark_relative_sample_covariance,CSI300,a5_top_liquid_20,-0.0014792899408283544,0.010165,-0.011644289940828355
20260513,601012.SH,benchmark_relative_sample_covariance,CSI300,a5_top_liquid_20,0.004790419161676773,0.010165,-0.005374580838323227
20260513,601225.SH,benchmark_relative_sample_covariance,CSI300,a5_top_liquid_20,-0.01429171920975203,0.010165,-0.02445671920975203
20260513,601318.SH,benchmark_relative_sample_covariance,CSI300,a5_top_liquid_20,-0.022895622895622858,0.010165,-0.03306062289562286
20260513,601899.SH,benchmark_relative_sample_covariance,CSI300,a5_top_liquid_20,0.0023134759976863872,0.010165,-0.007851524002313613
20260513,688981.SH,benchmark_relative_sample_covariance,CSI300,a5_top_liquid_20,-0.000983767830792015,0.010165,-0.011148767830792015
20260514,000001.SZ,benchmark_relative_sample_covariance,CSI300,a5_top_liquid_20,-0.008078994614003632,-0.016754,0.00867500538599637
20260514,000002.SZ,benchmark_relative_sample_covariance,CSI300,a5_top_liquid_20,-0.03007518796992481,-0.016754,-0.013321187969924809
20260514,000651.SZ,benchmark_relative_sample_covariance,CSI300,a5_top_liquid_20,-0.001985111662531014,-0.016754,0.014768888337468988
20260514,000725.SZ,benchmark_relative_sample_covariance,CSI300,a5_top_liquid_20,-0.0023640661938535423,-0.016754,0.01438993380614646
20260514,002230.SZ,benchmark_relative_sample_covariance,CSI300,a5_top_liquid_20,-0.034817813765182115,-0.016754,-0.018063813765182114
20260514,002594.SZ,benchmark_relative_sample_covariance,CSI300,a5_top_liquid_20,0.0013184584178500547,-0.016754,0.018072458417850056
20260514,300750.SZ,benchmark_relative_sample_covariance,CSI300,a5_top_liquid_20,-0.01624236839073845,-0.016754,0.0005116316092615529
20260514,600019.SH,benchmark_relative_sample_covariance,CSI300,a5_top_liquid_20,0.0,-0.016754,0.016754
20260514,600030.SH,benchmark_relative_sample_covariance,CSI300,a5_top_liquid_20,-0.018047882136279836,-0.016754,-0.0012938821362798343
20260514,600050.SH,benchmark_relative_sample_covariance,CSI300,a5_top_liquid_20,-0.0042194092827004814,-0.016754,0.01253459071729952
20260514,600276.SH,benchmark_relative_sample_covariance,CSI300,a5_top_liquid_20,-0.027568922305764354,-0.016754,-0.010814922305764352
20260514,600309.SH,benchmark_relative_sample_covariance,CSI300,a5_top_liquid_20,-0.016080643225729108,-0.016754,0.0006733567742708939
20260514,600519.SH,benchmark_relative_sample_covariance,CSI300,a5_top_liquid_20,-0.0014284757717115681,-0.016754,0.015325524228288433
20260514,600760.SH,benchmark_relative_sample_covariance,CSI300,a5_top_liquid_20,-0.023843488893417586,-0.016754,-0.007089488893417584
20260514,600900.SH,benchmark_relative_sample_covariance,CSI300,a5_top_liquid_20,-0.0022222222222221255,-0.016754,0.014531777777777876
20260514,601012.SH,benchmark_relative_sample_covariance,CSI300,a5_top_liquid_20,-0.028605482717520836,-0.016754,-0.011851482717520834
20260514,601225.SH,benchmark_relative_sample_covariance,CSI300,a5_top_liquid_20,-0.004690831556503183,-0.016754,0.012063168443496818
20260514,601318.SH,benchmark_relative_sample_covariance,CSI300,a5_top_liquid_20,-0.01964162646450729,-0.016754,-0.0028876264645072876
20260514,601899.SH,benchmark_relative_sample_covariance,CSI300,a5_top_liquid_20,-0.03289094056549313,-0.016754,-0.01613694056549313
20260514,688981.SH,benchmark_relative_sample_covariance,CSI300,a5_top_liquid_20,-0.032496307237813826,-0.016754,-0.015742307237813825
20260515,000001.SZ,benchmark_relative_sample_covariance,CSI300,a5_top_liquid_20,-0.005429864253393757,-0.011192,0.005762135746606244
20260515,000002.SZ,benchmark_relative_sample_covariance,CSI300,a5_top_liquid_20,-0.023255813953488413,-0.011192,-0.012063813953488413
20260515,000651.SZ,benchmark_relative_sample_covariance,CSI300,a5_top_liquid_20,0.001491795126802753,-0.011192,0.012683795126802754
20260515,000725.SZ,benchmark_relative_sample_covariance,CSI300,a5_top_liquid_20,-0.018957345971563955,-0.011192,-0.007765345971563954
20260515,002230.SZ,benchmark_relative_sample_covariance,CSI300,a5_top_liquid_20,-0.011325503355704702,-0.011192,-0.0001335033557047019
20260515,002594.SZ,benchmark_relative_sample_covariance,CSI300,a5_top_liquid_20,-0.024612579762990028,-0.011192,-0.013420579762990027
20260515,300750.SZ,benchmark_relative_sample_covariance,CSI300,a5_top_liquid_20,-0.007962529274004648,-0.011192,0.0032294707259953523
20260515,600019.SH,benchmark_relative_sample_covariance,CSI300,a5_top_liquid_20,-0.020472440944881876,-0.011192,-0.009280440944881875
20260515,600030.SH,benchmark_relative_sample_covariance,CSI300,a5_top_liquid_20,-0.011627906976744096,-0.011192,-0.0004359069767440951
20260515,600050.SH,benchmark_relative_sample_covariance,CSI300,a5_top_liquid_20,-0.012711864406779627,-0.011192,-0.0015198644067796266
20260515,600276.SH,benchmark_relative_sample_covariance,CSI300,a5_top_liquid_20,-0.006075110456553734,-0.011192,0.005116889543446267
20260515,600309.SH,benchmark_relative_sample_covariance,CSI300,a5_top_liquid_20,-0.002195389681668436,-0.011192,0.008996610318331565
20260515,600519.SH,benchmark_relative_sample_covariance,CSI300,a5_top_liquid_20,-0.006869472570538826,-0.011192,0.004322527429461175
20260515,600760.SH,benchmark_relative_sample_covariance,CSI300,a5_top_liquid_20,-0.012734864300626314,-0.011192,-0.0015428643006263135
20260515,600900.SH,benchmark_relative_sample_covariance,CSI300,a5_top_liquid_20,0.0033407572383072903,-0.011192,0.014532757238307291
20260515,601012.SH,benchmark_relative_sample_covariance,CSI300,a5_top_liquid_20,-0.042944785276073705,-0.011192,-0.031752785276073704
20260515,601225.SH,benchmark_relative_sample_covariance,CSI300,a5_top_liquid_20,0.02227934875749793,-0.011192,0.03347134875749793
20260515,601318.SH,benchmark_relative_sample_covariance,CSI300,a5_top_liquid_20,-0.024604569420035083,-0.011192,-0.013412569420035082
20260515,601899.SH,benchmark_relative_sample_covariance,CSI300,a5_top_liquid_20,-0.05011933174224348,-0.011192,-0.03892733174224348
20260515,688981.SH,benchmark_relative_sample_covariance,CSI300,a5_top_liquid_20,0.009499575911789515,-0.011192,0.020691575911789516
20260518,000001.SZ,benchmark_relative_sample_covariance,CSI300,a5_top_liquid_20,-0.011828935395814422,-0.005364,-0.006464935395814422
20260518,000002.SZ,benchmark_relative_sample_covariance,CSI300,a5_top_liquid_20,-0.026455026455026398,-0.005364,-0.021091026455026397
20260518,000651.SZ,benchmark_relative_sample_covariance,CSI300,a5_top_liquid_20,-0.014150943396226467,-0.005364,-0.008786943396226467
20260518,000725.SZ,benchmark_relative_sample_covariance,CSI300,a5_top_liquid_20,0.01690821256038655,-0.005364,0.02227221256038655
20260518,002230.SZ,benchmark_relative_sample_covariance,CSI300,a5_top_liquid_20,0.033305048790835734,-0.005364,0.038669048790835735
20260518,002594.SZ,benchmark_relative_sample_covariance,CSI300,a5_top_liquid_20,-0.018587746625129742,-0.005364,-0.013223746625129741
20260518,300750.SZ,benchmark_relative_sample_covariance,CSI300,a5_top_liquid_20,-0.015037771482530715,-0.005364,-0.009673771482530714
20260518,600019.SH,benchmark_relative_sample_covariance,CSI300,a5_top_liquid_20,-0.020900321543408373,-0.005364,-0.015536321543408373
20260518,600030.SH,benchmark_relative_sample_covariance,CSI300,a5_top_liquid_20,-0.007210626185958358,-0.005364,-0.0018466261859583577
20260518,600050.SH,benchmark_relative_sample_covariance,CSI300,a5_top_liquid_20,0.05579399141630903,-0.005364,0.06115799141630903
20260518,600276.SH,benchmark_relative_sample_covariance,CSI300,a5_top_liquid_20,-0.028894239674013722,-0.005364,-0.02353023967401372
20260518,600309.SH,benchmark_relative_sample_covariance,CSI300,a5_top_liquid_20,-0.02334677912235661,-0.005364,-0.01798277912235661
20260518,600519.SH,benchmark_relative_sample_covariance,CSI300,a5_top_liquid_20,-0.007464646085749704,-0.005364,-0.0021006460857497045
20260518,600760.SH,benchmark_relative_sample_covariance,CSI300,a5_top_liquid_20,-0.013956438993444675,-0.005364,-0.008592438993444675
20260518,600900.SH,benchmark_relative_sample_covariance,CSI300,a5_top_liquid_20,-0.005179430262671092,-0.005364,0.00018456973732890788
20260518,601012.SH,benchmark_relative_sample_covariance,CSI300,a5_top_liquid_20,-0.029487179487179382,-0.005364,-0.02412317948717938
20260518,601225.SH,benchmark_relative_sample_covariance,CSI300,a5_top_liquid_20,0.022212908633696626,-0.005364,0.027576908633696627
20260518,601318.SH,benchmark_relative_sample_covariance,CSI300,a5_top_liquid_20,-0.01099099099099099,-0.005364,-0.00562699099099099
20260518,601899.SH,benchmark_relative_sample_covariance,CSI300,a5_top_liquid_20,-0.016959798994974795,-0.005364,-0.011595798994974794
20260518,688981.SH,benchmark_relative_sample_covariance,CSI300,a5_top_liquid_20,-0.01176272895311703,-0.005364,-0.00639872895311703
20260519,000001.SZ,benchmark_relative_sample_covariance,CSI300,a5_top_liquid_20,0.0,0.004005,-0.004005
20260519,000002.SZ,benchmark_relative_sample_covariance,CSI300,a5_top_liquid_20,0.008152173913043459,0.004005,0.004147173913043459
20260519,000651.SZ,benchmark_relative_sample_covariance,CSI300,a5_top_liquid_20,-0.0037773860488541366,0.004005,-0.0077823860488541365
20260519,000725.SZ,benchmark_relative_sample_covariance,CSI300,a5_top_liquid_20,0.02375296912114,0.004005,0.019747969121139998
20260519,002230.SZ,benchmark_relative_sample_covariance,CSI300,a5_top_liquid_20,0.008417162800246292,0.004005,0.004412162800246292
20260519,002594.SZ,benchmark_relative_sample_covariance,CSI300,a5_top_liquid_20,0.015765527457411777,0.004005,0.011760527457411777
20260519,300750.SZ,benchmark_relative_sample_covariance,CSI300,a5_top_liquid_20,0.0016537641109219958,0.004005,-0.002351235889078004
20260519,600019.SH,benchmark_relative_sample_covariance,CSI300,a5_top_liquid_20,-0.008210180623973717,0.004005,-0.012215180623973717
20260519,600030.SH,benchmark_relative_sample_covariance,CSI300,a5_top_liquid_20,0.004204892966360729,0.004005,0.0001998929663607294
20260519,600050.SH,benchmark_relative_sample_covariance,CSI300,a5_top_liquid_20,0.0060975609756097615,0.004005,0.0020925609756097616
20260519,600276.SH,benchmark_relative_sample_covariance,CSI300,a5_top_liquid_20,-0.01602136181575431,0.004005,-0.02002636181575431
20260519,600309.SH,benchmark_relative_sample_covariance,CSI300,a5_top_liquid_20,-0.005006257822277926,0.004005,-0.009011257822277926
20260519,600519.SH,benchmark_relative_sample_covariance,CSI300,a5_top_liquid_20,0.0009826152683294342,0.004005,-0.0030223847316705656
20260519,600760.SH,benchmark_relative_sample_covariance,CSI300,a5_top_liquid_20,0.010079348059189419,0.004005,0.006074348059189419
20260519,600900.SH,benchmark_relative_sample_covariance,CSI300,a5_top_liquid_20,0.013387876534027399,0.004005,0.009382876534027399
20260519,601012.SH,benchmark_relative_sample_covariance,CSI300,a5_top_liquid_20,0.006605019815059343,0.004005,0.0026000198150593432
20260519,601225.SH,benchmark_relative_sample_covariance,CSI300,a5_top_liquid_20,0.0,0.004005,-0.004005
20260519,601318.SH,benchmark_relative_sample_covariance,CSI300,a5_top_liquid_20,-0.007469484423392347,0.004005,-0.011474484423392347
20260519,601899.SH,benchmark_relative_sample_covariance,CSI300,a5_top_liquid_20,-0.004472843450479269,0.004005,-0.008477843450479269
20260519,688981.SH,benchmark_relative_sample_covariance,CSI300,a5_top_liquid_20,0.010202346539704088,0.004005,0.006197346539704088
20260520,000001.SZ,benchmark_relative_sample_covariance,CSI300,a5_top_liquid_20,-0.008287292817679592,-0.00045,-0.007837292817679592
20260520,000002.SZ,benchmark_relative_sample_covariance,CSI300,a5_top_liquid_20,-0.029649595687331498,-0.00045,-0.0291995956873315
20260520,000651.SZ,benchmark_relative_sample_covariance,CSI300,a5_top_liquid_20,-0.0012639029322548678,-0.00045,-0.0008139029322548678
20260520,000725.SZ,benchmark_relative_sample_covariance,CSI300,a5_top_liquid_20,-0.011600928074245953,-0.00045,-0.011150928074245952
20260520,002230.SZ,benchmark_relative_sample_covariance,CSI300,a5_top_liquid_20,-0.02280130293159599,-0.00045,-0.02235130293159599
20260520,002594.SZ,benchmark_relative_sample_covariance,CSI300,a5_top_liquid_20,-0.02749999999999997,-0.00045,-0.02704999999999997
20260520,300750.SZ,benchmark_relative_sample_covariance,CSI300,a5_top_liquid_20,-0.007585183767228165,-0.00045,-0.007135183767228165
20260520,600019.SH,benchmark_relative_sample_covariance,CSI300,a5_top_liquid_20,-0.011589403973509937,-0.00045,-0.011139403973509937
20260520,600030.SH,benchmark_relative_sample_covariance,CSI300,a5_top_liquid_20,-0.007232584697373423,-0.00045,-0.006782584697373423
20260520,600050.SH,benchmark_relative_sample_covariance,CSI300,a5_top_liquid_20,-0.042424242424242364,-0.00045,-0.041974242424242365
20260520,600276.SH,benchmark_relative_sample_covariance,CSI300,a5_top_liquid_20,-0.012405504942818335,-0.00045,-0.011955504942818334
20260520,600309.SH,benchmark_relative_sample_covariance,CSI300,a5_top_liquid_20,-0.0062893081761006275,-0.00045,-0.005839308176100628
20260520,600519.SH,benchmark_relative_sample_covariance,CSI300,a5_top_liquid_20,-0.007022577965717702,-0.00045,-0.0065725779657177024
20260520,600760.SH,benchmark_relative_sample_covariance,CSI300,a5_top_liquid_20,-0.0256900212314225,-0.00045,-0.0252400212314225
20260520,600900.SH,benchmark_relative_sample_covariance,CSI300,a5_top_liquid_20,-0.012844036697247763,-0.00045,-0.012394036697247762
20260520,601012.SH,benchmark_relative_sample_covariance,CSI300,a5_top_liquid_20,0.0072178477690287846,-0.00045,0.0076678477690287844
20260520,601225.SH,benchmark_relative_sample_covariance,CSI300,a5_top_liquid_20,-0.009020090200901998,-0.00045,-0.008570090200901997
20260520,601318.SH,benchmark_relative_sample_covariance,CSI300,a5_top_liquid_20,-0.006791483113068986,-0.00045,-0.006341483113068986
20260520,601899.SH,benchmark_relative_sample_covariance,CSI300,a5_top_liquid_20,-0.02471116816431318,-0.00045,-0.02426116816431318
20260520,688981.SH,benchmark_relative_sample_covariance,CSI300,a5_top_liquid_20,0.12615721259047308,-0.00045,0.12660721259047308
20260521,000001.SZ,benchmark_relative_sample_covariance,CSI300,a5_top_liquid_20,-0.006499535747446661,-0.013937,0.007437464252553339
20260521,000002.SZ,benchmark_relative_sample_covariance,CSI300,a5_top_liquid_20,-0.036111111111111094,-0.013937,-0.022174111111111096
20260521,000651.SZ,benchmark_relative_sample_covariance,CSI300,a5_top_liquid_20,-0.016451531257909324,-0.013937,-0.0025145312579093245
20260521,000725.SZ,benchmark_relative_sample_covariance,CSI300,a5_top_liquid_20,0.10093896713615047,-0.013937,0.11487596713615048
20260521,002230.SZ,benchmark_relative_sample_covariance,CSI300,a5_top_liquid_20,-0.016666666666666607,-0.013937,-0.0027296666666666077
20260521,002594.SZ,benchmark_relative_sample_covariance,CSI300,a5_top_liquid_20,0.0016066838046273624,-0.013937,0.015543683804627362
20260521,300750.SZ,benchmark_relative_sample_covariance,CSI300,a5_top_liquid_20,-0.00752260397830018,-0.013937,0.00641439602169982
20260521,600019.SH,benchmark_relative_sample_covariance,CSI300,a5_top_liquid_20,-0.005025125628140614,-0.013937,0.008911874371859385
20260521,600030.SH,benchmark_relative_sample_covariance,CSI300,a5_top_liquid_20,0.005368098159509227,-0.013937,0.019305098159509225
20260521,600050.SH,benchmark_relative_sample_covariance,CSI300,a5_top_liquid_20,-0.040084388185654074,-0.013937,-0.026147388185654076
20260521,600276.SH,benchmark_relative_sample_covariance,CSI300,a5_top_liquid_20,0.00981354268891077,-0.013937,0.023750542688910768
20260521,600309.SH,benchmark_relative_sample_covariance,CSI300,a5_top_liquid_20,-0.019113924050632947,-0.013937,-0.005176924050632947
20260521,600519.SH,benchmark_relative_sample_covariance,CSI300,a5_top_liquid_20,-0.003041825095057016,-0.013937,0.010895174904942984
20260521,600760.SH,benchmark_relative_sample_covariance,CSI300,a5_top_liquid_20,0.001525386794508643,-0.013937,0.015462386794508643
20260521,600900.SH,benchmark_relative_sample_covariance,CSI300,a5_top_liquid_20,-0.00892193308550182,-0.013937,0.005015066914498179
20260521,601012.SH,benchmark_relative_sample_covariance,CSI300,a5_top_liquid_20,-0.03648208469055381,-0.013937,-0.02254508469055381
20260521,601225.SH,benchmark_relative_sample_covariance,CSI300,a5_top_liquid_20,-0.03103020273065782,-0.013937,-0.01709320273065782
20260521,601318.SH,benchmark_relative_sample_covariance,CSI300,a5_top_liquid_20,-0.0064683053040103244,-0.013937,0.007468694695989675
20260521,601899.SH,benchmark_relative_sample_covariance,CSI300,a5_top_liquid_20,-0.013162224415926405,-0.013937,0.0007747755840735952
20260521,688981.SH,benchmark_relative_sample_covariance,CSI300,a5_top_liquid_20,-0.04924893505717065,-0.013937,-0.03531193505717065
20260522,000001.SZ,benchmark_relative_sample_covariance,CSI300,a5_top_liquid_20,-0.0018691588785045843,0.012962,-0.014831158878504584
20260522,000002.SZ,benchmark_relative_sample_covariance,CSI300,a5_top_liquid_20,-0.0028818443804035088,0.012962,-0.01584384438040351
20260522,000651.SZ,benchmark_relative_sample_covariance,CSI300,a5_top_liquid_20,-0.0030880082346885773,0.012962,-0.01605000823468858
20260522,000725.SZ,benchmark_relative_sample_covariance,CSI300,a5_top_liquid_20,0.10021321961620466,0.012962,0.08725121961620466
20260522,002230.SZ,benchmark_relative_sample_covariance,CSI300,a5_top_liquid_20,0.0031779661016948513,0.012962,-0.009784033898305148
20260522,002594.SZ,benchmark_relative_sample_covariance,CSI300,a5_top_liquid_20,0.002566570420275749,0.012962,-0.01039542957972425
20260522,300750.SZ,benchmark_relative_sample_covariance,CSI300,a5_top_liquid_20,-0.00114180210383108,0.012962,-0.01410380210383108
20260522,600019.SH,benchmark_relative_sample_covariance,CSI300,a5_top_liquid_20,-0.006734006734006703,0.012962,-0.019696006734006705
20260522,600030.SH,benchmark_relative_sample_covariance,CSI300,a5_top_liquid_20,-0.013348588863462907,0.012962,-0.026310588863462908
20260522,600050.SH,benchmark_relative_sample_covariance,CSI300,a5_top_liquid_20,-0.01978021978021971,0.012962,-0.03274221978021971
20260522,600276.SH,benchmark_relative_sample_covariance,CSI300,a5_top_liquid_20,-0.01904761904761909,0.012962,-0.03200961904761909
20260522,600309.SH,benchmark_relative_sample_covariance,CSI300,a5_top_liquid_20,0.006452445476835766,0.012962,-0.006509554523164233
20260522,600519.SH,benchmark_relative_sample_covariance,CSI300,a5_top_liquid_20,-0.015865751334858902,0.012962,-0.028827751334858903
20260522,600760.SH,benchmark_relative_sample_covariance,CSI300,a5_top_liquid_20,-0.011314186248912117,0.012962,-0.02427618624891212
20260522,600900.SH,benchmark_relative_sample_covariance,CSI300,a5_top_liquid_20,-0.0037509377344336903,0.012962,-0.01671293773443369
20260522,601012.SH,benchmark_relative_sample_covariance,CSI300,a5_top_liquid_20,0.01690331304935766,0.012962,0.00394131304935766
20260522,601225.SH,benchmark_relative_sample_covariance,CSI300,a5_top_liquid_20,-0.004269854824936026,0.012962,-0.017231854824936027
20260522,601318.SH,benchmark_relative_sample_covariance,CSI300,a5_top_liquid_20,-0.0014880952380952328,0.012962,-0.014450095238095232
20260522,601899.SH,benchmark_relative_sample_covariance,CSI300,a5_top_liquid_20,0.03234411470490173,0.012962,0.019382114704901726
20260522,688981.SH,benchmark_relative_sample_covariance,CSI300,a5_top_liquid_20,0.03230624115705094,0.012962,0.01934424115705094
20260525,000001.SZ,benchmark_relative_sample_covariance,CSI300,a5_top_liquid_20,0.0,0.01579,-0.01579
20260525,000002.SZ,benchmark_relative_sample_covariance,CSI300,a5_top_liquid_20,0.00867052023121384,0.01579,-0.007119479768786158
20260525,000651.SZ,benchmark_relative_sample_covariance,CSI300,a5_top_liquid_20,-0.002839442436757822,0.01579,-0.01862944243675782
20260525,000725.SZ,benchmark_relative_sample_covariance,CSI300,a5_top_liquid_20,0.021317829457364157,0.01579,0.005527829457364158
20260525,002230.SZ,benchmark_relative_sample_covariance,CSI300,a5_top_liquid_20,0.0280887011615627,0.01579,0.012298701161562703
20260525,002594.SZ,benchmark_relative_sample_covariance,CSI300,a5_top_liquid_20,0.023573333333333224,0.01579,0.0077833333333332255
20260525,300750.SZ,benchmark_relative_sample_covariance,CSI300,a5_top_liquid_20,-0.02013814573402084,0.01579,-0.03592814573402084
20260525,600019.SH,benchmark_relative_sample_covariance,CSI300,a5_top_liquid_20,0.008474576271186418,0.01579,-0.00731542372881358
20260525,600030.SH,benchmark_relative_sample_covariance,CSI300,a5_top_liquid_20,0.01236954000773105,0.01579,-0.0034204599922689483
20260525,600050.SH,benchmark_relative_sample_covariance,CSI300,a5_top_liquid_20,0.0,0.01579,-0.01579
20260525,600276.SH,benchmark_relative_sample_covariance,CSI300,a5_top_liquid_20,-0.020606300772736286,0.01579,-0.036396300772736284
20260525,600309.SH,benchmark_relative_sample_covariance,CSI300,a5_top_liquid_20,-0.01461725862290042,0.01579,-0.030407258622900418
20260525,600519.SH,benchmark_relative_sample_covariance,CSI300,a5_top_liquid_20,-0.003348318090218516,0.01579,-0.019138318090218515
20260525,600760.SH,benchmark_relative_sample_covariance,CSI300,a5_top_liquid_20,-0.026848591549295753,0.01579,-0.04263859154929575
20260525,600900.SH,benchmark_relative_sample_covariance,CSI300,a5_top_liquid_20,0.004141566265060348,0.01579,-0.01164843373493965
20260525,601012.SH,benchmark_relative_sample_covariance,CSI300,a5_top_liquid_20,-0.012632978723404187,0.01579,-0.028422978723404185
20260525,601225.SH,benchmark_relative_sample_covariance,CSI300,a5_top_liquid_20,0.02444253859348211,0.01579,0.008652538593482112
20260525,601318.SH,benchmark_relative_sample_covariance,CSI300,a5_top_liquid_20,0.010059612518628969,0.01579,-0.00573038748137103
20260525,601899.SH,benchmark_relative_sample_covariance,CSI300,a5_top_liquid_20,0.012596899224806224,0.01579,-0.0031931007751937746
20260525,688981.SH,benchmark_relative_sample_covariance,CSI300,a5_top_liquid_20,0.18784740729460125,0.01579,0.17205740729460126
20260526,000001.SZ,benchmark_relative_sample_covariance,CSI300,a5_top_liquid_20,0.010299625468164653,0.005334,0.004965625468164652
20260526,000002.SZ,benchmark_relative_sample_covariance,CSI300,a5_top_liquid_20,-0.028653295128939882,0.005334,-0.03398729512893988
20260526,000651.SZ,benchmark_relative_sample_covariance,CSI300,a5_top_liquid_20,0.006471654154801998,0.005334,0.0011376541548019977
20260526,000725.SZ,benchmark_relative_sample_covariance,CSI300,a5_top_liquid_20,0.09487666034155606,0.005334,0.08954266034155606
20260526,002230.SZ,benchmark_relative_sample_covariance,CSI300,a5_top_liquid_20,0.011709120788824912,0.005334,0.006375120788824911
20260526,002594.SZ,benchmark_relative_sample_covariance,CSI300,a5_top_liquid_20,0.006148395164651932,0.005334,0.0008143951646519317
20260526,300750.SZ,benchmark_relative_sample_covariance,CSI300,a5_top_liquid_20,-0.0009432088959491214,0.005334,-0.006277208895949122
20260526,600019.SH,benchmark_relative_sample_covariance,CSI300,a5_top_liquid_20,0.015126050420168013,0.005334,0.009792050420168013
20260526,600030.SH,benchmark_relative_sample_covariance,CSI300,a5_top_liquid_20,0.0007636502481862539,0.005334,-0.004570349751813746
20260526,600050.SH,benchmark_relative_sample_covariance,CSI300,a5_top_liquid_20,-0.0022421524663677195,0.005334,-0.00757615246636772
20260526,600276.SH,benchmark_relative_sample_covariance,CSI300,a5_top_liquid_20,-0.004653044709690413,0.005334,-0.009987044709690413
20260526,600309.SH,benchmark_relative_sample_covariance,CSI300,a5_top_liquid_20,0.009499024072869178,0.005334,0.0041650240728691775
20260526,600519.SH,benchmark_relative_sample_covariance,CSI300,a5_top_liquid_20,-0.009720969297290605,0.005334,-0.015054969297290605
20260526,600760.SH,benchmark_relative_sample_covariance,CSI300,a5_top_liquid_20,-0.013116236996833952,0.005334,-0.01845023699683395
20260526,600900.SH,benchmark_relative_sample_covariance,CSI300,a5_top_liquid_20,0.017622797150356195,0.005334,0.012288797150356195
20260526,601012.SH,benchmark_relative_sample_covariance,CSI300,a5_top_liquid_20,-0.01683501683501687,0.005334,-0.022169016835016868
20260526,601225.SH,benchmark_relative_sample_covariance,CSI300,a5_top_liquid_20,0.002511511092507357,0.005334,-0.0028224889074926433
20260526,601318.SH,benchmark_relative_sample_covariance,CSI300,a5_top_liquid_20,0.00092216894135011,0.005334,-0.00441183105864989
20260526,601899.SH,benchmark_relative_sample_covariance,CSI300,a5_top_liquid_20,0.0494417862838914,0.005334,0.0441077862838914
20260526,688981.SH,benchmark_relative_sample_covariance,CSI300,a5_top_liquid_20,-0.04371794871794865,0.005334,-0.04905194871794865
20260527,000001.SZ,benchmark_relative_sample_covariance,CSI300,a5_top_liquid_20,-0.00278035217794248,-0.008019,0.00523864782205752
20260527,000002.SZ,benchmark_relative_sample_covariance,CSI300,a5_top_liquid_20,-0.017699115044247815,-0.008019,-0.009680115044247815
20260527,000651.SZ,benchmark_relative_sample_covariance,CSI300,a5_top_liquid_20,-0.006944444444444531,-0.008019,0.0010745555555554693
20260527,000725.SZ,benchmark_relative_sample_covariance,CSI300,a5_top_liquid_20,-0.008665511265164572,-0.008019,-0.0006465112651645715
20260527,002230.SZ,benchmark_relative_sample_covariance,CSI300,a5_top_liquid_20,0.020304568527918843,-0.008019,0.02832356852791884
20260527,002594.SZ,benchmark_relative_sample_covariance,CSI300,a5_top_liquid_20,-0.013775245986535456,-0.008019,-0.005756245986535456
20260527,300750.SZ,benchmark_relative_sample_covariance,CSI300,a5_top_liquid_20,0.03055900621118024,-0.008019,0.03857800621118024
20260527,600019.SH,benchmark_relative_sample_covariance,CSI300,a5_top_liquid_20,-0.0016556291390728006,-0.008019,0.0063633708609271995
20260527,600030.SH,benchmark_relative_sample_covariance,CSI300,a5_top_liquid_20,-0.016787485692483783,-0.008019,-0.008768485692483783
20260527,600050.SH,benchmark_relative_sample_covariance,CSI300,a5_top_liquid_20,-0.01573033707865179,-0.008019,-0.00771133707865179
20260527,600276.SH,benchmark_relative_sample_covariance,CSI300,a5_top_liquid_20,0.02795918367346939,-0.008019,0.03597818367346939
20260527,600309.SH,benchmark_relative_sample_covariance,CSI300,a5_top_liquid_20,-0.01690030132320175,-0.008019,-0.00888130132320175
20260527,600519.SH,benchmark_relative_sample_covariance,CSI300,a5_top_liquid_20,0.023260927609982884,-0.008019,0.03127992760998288
20260527,600760.SH,benchmark_relative_sample_covariance,CSI300,a5_top_liquid_20,-0.01613646841862615,-0.008019,-0.008117468418626149
20260527,600900.SH,benchmark_relative_sample_covariance,CSI300,a5_top_liquid_20,0.003684598378776549,-0.008019,0.01170359837877655
20260527,601012.SH,benchmark_relative_sample_covariance,CSI300,a5_top_liquid_20,-0.016438356164383605,-0.008019,-0.008419356164383605
20260527,601225.SH,benchmark_relative_sample_covariance,CSI300,a5_top_liquid_20,0.029645093945720236,-0.008019,0.037664093945720234
20260527,601318.SH,benchmark_relative_sample_covariance,CSI300,a5_top_liquid_20,-0.018426386585590593,-0.008019,-0.010407386585590593
20260527,601899.SH,benchmark_relative_sample_covariance,CSI300,a5_top_liquid_20,-0.0389057750759878,-0.008019,-0.030886775075987805
20260527,688981.SH,benchmark_relative_sample_covariance,CSI300,a5_top_liquid_20,-0.01984180185011397,-0.008019,-0.011822801850113971
20260528,000001.SZ,benchmark_relative_sample_covariance,CSI300,a5_top_liquid_20,-0.009293680297397744,0.001231,-0.010524680297397743
20260528,000002.SZ,benchmark_relative_sample_covariance,CSI300,a5_top_liquid_20,-0.006006006006005982,0.001231,-0.007237006006005982
20260528,000651.SZ,benchmark_relative_sample_covariance,CSI300,a5_top_liquid_20,-0.018907018907018847,0.001231,-0.020138018907018846
20260528,000725.SZ,benchmark_relative_sample_covariance,CSI300,a5_top_liquid_20,-0.006993006993006978,0.001231,-0.008224006993006978
20260528,002230.SZ,benchmark_relative_sample_covariance,CSI300,a5_top_liquid_20,-0.022288557213930305,0.001231,-0.023519557213930304
20260528,002594.SZ,benchmark_relative_sample_covariance,CSI300,a5_top_liquid_20,0.006931316950220534,0.001231,0.005700316950220534
20260528,300750.SZ,benchmark_relative_sample_covariance,CSI300,a5_top_liquid_20,0.002121504339440694,0.001231,0.000890504339440694
20260528,600019.SH,benchmark_relative_sample_covariance,CSI300,a5_top_liquid_20,-0.011608623548922115,0.001231,-0.012839623548922114
20260528,600030.SH,benchmark_relative_sample_covariance,CSI300,a5_top_liquid_20,-0.016298020954598313,0.001231,-0.017529020954598313
20260528,600050.SH,benchmark_relative_sample_covariance,CSI300,a5_top_liquid_20,-0.006849315068493178,0.001231,-0.008080315068493178
20260528,600276.SH,benchmark_relative_sample_covariance,CSI300,a5_top_liquid_20,-0.04705181655747459,0.001231,-0.048282816557474593
20260528,600309.SH,benchmark_relative_sample_covariance,CSI300,a5_top_liquid_20,-0.01585820895522405,0.001231,-0.01708920895522405
20260528,600519.SH,benchmark_relative_sample_covariance,CSI300,a5_top_liquid_20,-0.02073676132003066,0.001231,-0.02196776132003066
20260528,600760.SH,benchmark_relative_sample_covariance,CSI300,a5_top_liquid_20,0.0035145267104028655,0.001231,0.002283526710402865
20260528,600900.SH,benchmark_relative_sample_covariance,CSI300,a5_top_liquid_20,-0.0007342143906020615,0.001231,-0.001965214390602062
20260528,601012.SH,benchmark_relative_sample_covariance,CSI300,a5_top_liquid_20,-0.0006963788300835549,0.001231,-0.001927378830083555
20260528,601225.SH,benchmark_relative_sample_covariance,CSI300,a5_top_liquid_20,0.0,0.001231,-0.001231
20260528,601318.SH,benchmark_relative_sample_covariance,CSI300,a5_top_liquid_20,-0.015017833677492098,0.001231,-0.016248833677492098
20260528,601899.SH,benchmark_relative_sample_covariance,CSI300,a5_top_liquid_20,-0.028779253636938673,0.001231,-0.030010253636938673
20260528,688981.SH,benchmark_relative_sample_covariance,CSI300,a5_top_liquid_20,0.051155792641225384,0.001231,0.04992479264122538
20260529,000001.SZ,benchmark_relative_sample_covariance,CSI300,a5_top_liquid_20,0.025328330206378924,-0.004496,0.029824330206378924
20260529,000002.SZ,benchmark_relative_sample_covariance,CSI300,a5_top_liquid_20,0.07250755287009047,-0.004496,0.07700355287009047
20260529,000651.SZ,benchmark_relative_sample_covariance,CSI300,a5_top_liquid_20,0.034054910242872216,-0.004496,0.038550910242872216
20260529,000725.SZ,benchmark_relative_sample_covariance,CSI300,a5_top_liquid_20,-0.10035211267605626,-0.004496,-0.09585611267605626
20260529,002230.SZ,benchmark_relative_sample_covariance,CSI300,a5_top_liquid_20,-0.025035619784245955,-0.004496,-0.020539619784245955
20260529,002594.SZ,benchmark_relative_sample_covariance,CSI300,a5_top_liquid_20,0.0031289111389236623,-0.004496,0.007624911138923662
20260529,300750.SZ,benchmark_relative_sample_covariance,CSI300,a5_top_liquid_20,0.02001539645881456,-0.004496,0.02451139645881456
20260529,600019.SH,benchmark_relative_sample_covariance,CSI300,a5_top_liquid_20,0.011744966442952975,-0.004496,0.016240966442952975
20260529,600030.SH,benchmark_relative_sample_covariance,CSI300,a5_top_liquid_20,0.027613412228796763,-0.004496,0.03210941222879676
20260529,600050.SH,benchmark_relative_sample_covariance,CSI300,a5_top_liquid_20,0.0,-0.004496,0.004496
20260529,600276.SH,benchmark_relative_sample_covariance,CSI300,a5_top_liquid_20,0.04562500000000003,-0.004496,0.05012100000000003
20260529,600309.SH,benchmark_relative_sample_covariance,CSI300,a5_top_liquid_20,-0.005416384563303844,-0.004496,-0.0009203845633038443
20260529,600519.SH,benchmark_relative_sample_covariance,CSI300,a5_top_liquid_20,0.039201241398767905,-0.004496,0.043697241398767905
20260529,600760.SH,benchmark_relative_sample_covariance,CSI300,a5_top_liquid_20,0.00350221807144524,-0.004496,0.00799821807144524
20260529,600900.SH,benchmark_relative_sample_covariance,CSI300,a5_top_liquid_20,0.01947097722263047,-0.004496,0.02396697722263047
20260529,601012.SH,benchmark_relative_sample_covariance,CSI300,a5_top_liquid_20,-0.03205574912891984,-0.004496,-0.02755974912891984
20260529,601225.SH,benchmark_relative_sample_covariance,CSI300,a5_top_liquid_20,0.04379562043795615,-0.004496,0.04829162043795615
20260529,601318.SH,benchmark_relative_sample_covariance,CSI300,a5_top_liquid_20,0.01963026491328379,-0.004496,0.02412626491328379
20260529,601899.SH,benchmark_relative_sample_covariance,CSI300,a5_top_liquid_20,-0.008791924454574995,-0.004496,-0.004295924454574995
20260529,688981.SH,benchmark_relative_sample_covariance,CSI300,a5_top_liquid_20,-0.0897202342225113,-0.004496,-0.0852242342225113
20260601,000001.SZ,benchmark_relative_sample_covariance,CSI300,a5_top_liquid_20,0.0054894784995425105,-0.009784,0.01527347849954251
20260601,000002.SZ,benchmark_relative_sample_covariance,CSI300,a5_top_liquid_20,-0.022535211267605493,-0.009784,-0.012751211267605493
20260601,000651.SZ,benchmark_relative_sample_covariance,CSI300,a5_top_liquid_20,-0.0020423793719682726,-0.009784,0.007741620628031727
20260601,000725.SZ,benchmark_relative_sample_covariance,CSI300,a5_top_liquid_20,0.048923679060665304,-0.009784,0.058707679060665305
20260601,002230.SZ,benchmark_relative_sample_covariance,CSI300,a5_top_liquid_20,0.02588726513569939,-0.009784,0.03567126513569939
20260601,002594.SZ,benchmark_relative_sample_covariance,CSI300,a5_top_liquid_20,-0.026304845082137707,-0.009784,-0.016520845082137706
20260601,300750.SZ,benchmark_relative_sample_covariance,CSI300,a5_top_liquid_20,-0.009198113207547154,-0.009784,0.0005858867924528454
20260601,600019.SH,benchmark_relative_sample_covariance,CSI300,a5_top_liquid_20,0.0016583747927030323,-0.009784,0.011442374792703032
20260601,600030.SH,benchmark_relative_sample_covariance,CSI300,a5_top_liquid_20,-0.014587332053742741,-0.009784,-0.004803332053742742
20260601,600050.SH,benchmark_relative_sample_covariance,CSI300,a5_top_liquid_20,0.011494252873563315,-0.009784,0.021278252873563316
20260601,600276.SH,benchmark_relative_sample_covariance,CSI300,a5_top_liquid_20,-0.020322773460848653,-0.009784,-0.010538773460848654
20260601,600309.SH,benchmark_relative_sample_covariance,CSI300,a5_top_liquid_20,0.032675289312457334,-0.009784,0.042459289312457335
20260601,600519.SH,benchmark_relative_sample_covariance,CSI300,a5_top_liquid_20,-0.012368024132730082,-0.009784,-0.002584024132730083
20260601,600760.SH,benchmark_relative_sample_covariance,CSI300,a5_top_liquid_20,0.019078641228478466,-0.009784,0.028862641228478467
20260601,600900.SH,benchmark_relative_sample_covariance,CSI300,a5_top_liquid_20,0.0007207207207207134,-0.009784,0.010504720720720713
20260601,601012.SH,benchmark_relative_sample_covariance,CSI300,a5_top_liquid_20,-0.015118790496760348,-0.009784,-0.005334790496760349
20260601,601225.SH,benchmark_relative_sample_covariance,CSI300,a5_top_liquid_20,0.040015540015539974,-0.009784,0.049799540015539975
20260601,601318.SH,benchmark_relative_sample_covariance,CSI300,a5_top_liquid_20,0.006542056074766434,-0.009784,0.016326056074766435
20260601,601899.SH,benchmark_relative_sample_covariance,CSI300,a5_top_liquid_20,-0.008212877792378448,-0.009784,0.0015711222076215513
20260601,688981.SH,benchmark_relative_sample_covariance,CSI300,a5_top_liquid_20,-0.053391465942391525,-0.009784,-0.043607465942391524
20260602,000001.SZ,benchmark_relative_sample_covariance,CSI300,a5_top_liquid_20,0.008189262966332933,0.014513,-0.006323737033667067
20260602,000002.SZ,benchmark_relative_sample_covariance,CSI300,a5_top_liquid_20,-0.023054755043227737,0.014513,-0.037567755043227735
20260602,000651.SZ,benchmark_relative_sample_covariance,CSI300,a5_top_liquid_20,0.011000255819902716,0.014513,-0.0035127441800972842
20260602,000725.SZ,benchmark_relative_sample_covariance,CSI300,a5_top_liquid_20,0.020522388059701413,0.014513,0.006009388059701413
20260602,002230.SZ,benchmark_relative_sample_covariance,CSI300,a5_top_liquid_20,-0.017908017908017992,0.014513,-0.03242101790801799
20260602,002594.SZ,benchmark_relative_sample_covariance,CSI300,a5_top_liquid_20,0.033208756006406936,0.014513,0.01869575600640694
20260602,300750.SZ,benchmark_relative_sample_covariance,CSI300,a5_top_liquid_20,0.03282551773387277,0.014513,0.01831251773387277
20260602,600019.SH,benchmark_relative_sample_covariance,CSI300,a5_top_liquid_20,-0.01655629139072845,0.014513,-0.03106929139072845
20260602,600030.SH,benchmark_relative_sample_covariance,CSI300,a5_top_liquid_20,-0.0035060381768602378,0.014513,-0.018019038176860236
20260602,600050.SH,benchmark_relative_sample_covariance,CSI300,a5_top_liquid_20,0.004545454545454408,0.014513,-0.009967545454545592
20260602,600276.SH,benchmark_relative_sample_covariance,CSI300,a5_top_liquid_20,-0.015659955257270708,0.014513,-0.030172955257270706
20260602,600309.SH,benchmark_relative_sample_covariance,CSI300,a5_top_liquid_20,-0.009096901779828581,0.014513,-0.02360990177982858
20260602,600519.SH,benchmark_relative_sample_covariance,CSI300,a5_top_liquid_20,-0.0018173488087964706,0.014513,-0.01633034880879647
20260602,600760.SH,benchmark_relative_sample_covariance,CSI300,a5_top_liquid_20,-0.012100456621004452,0.014513,-0.02661345662100445
20260602,600900.SH,benchmark_relative_sample_covariance,CSI300,a5_top_liquid_20,0.0068419157364061345,0.014513,-0.007671084263593865
20260602,601012.SH,benchmark_relative_sample_covariance,CSI300,a5_top_liquid_20,-0.014619883040935644,0.014513,-0.029132883040935642
20260602,601225.SH,benchmark_relative_sample_covariance,CSI300,a5_top_liquid_20,-0.014942099364960715,0.014513,-0.029455099364960713
20260602,601318.SH,benchmark_relative_sample_covariance,CSI300,a5_top_liquid_20,0.004271123491179196,0.014513,-0.010241876508820804
20260602,601899.SH,benchmark_relative_sample_covariance,CSI300,a5_top_liquid_20,0.04604173567406411,0.014513,0.03152873567406411
20260602,688981.SH,benchmark_relative_sample_covariance,CSI300,a5_top_liquid_20,0.000302023557837483,0.014513,-0.014210976442162517
20260603,000001.SZ,benchmark_relative_sample_covariance,CSI300,a5_top_liquid_20,-0.008122743682310474,0.004934,-0.013056743682310475
20260603,000002.SZ,benchmark_relative_sample_covariance,CSI300,a5_top_liquid_20,-0.03244837758112107,0.004934,-0.03738237758112107
20260603,000651.SZ,benchmark_relative_sample_covariance,CSI300,a5_top_liquid_20,-0.0005060728744940013,0.004934,-0.005440072874494001
20260603,000725.SZ,benchmark_relative_sample_covariance,CSI300,a5_top_liquid_20,0.021937842778793515,0.004934,0.017003842778793514
20260603,002230.SZ,benchmark_relative_sample_covariance,CSI300,a5_top_liquid_20,-0.015540820555325352,0.004934,-0.020474820555325353
20260603,002594.SZ,benchmark_relative_sample_covariance,CSI300,a5_top_liquid_20,-0.020049607275733905,0.004934,-0.024983607275733906
20260603,300750.SZ,benchmark_relative_sample_covariance,CSI300,a5_top_liquid_20,-0.017216345156606416,0.004934,-0.022150345156606417
20260603,600019.SH,benchmark_relative_sample_covariance,CSI300,a5_top_liquid_20,-0.0185185185185186,0.004934,-0.0234525185185186
20260603,600030.SH,benchmark_relative_sample_covariance,CSI300,a5_top_liquid_20,0.0007818608287726292,0.004934,-0.004152139171227371
20260603,600050.SH,benchmark_relative_sample_covariance,CSI300,a5_top_liquid_20,-0.011312217194570096,0.004934,-0.016246217194570096
20260603,600276.SH,benchmark_relative_sample_covariance,CSI300,a5_top_liquid_20,-0.024793388429751984,0.004934,-0.029727388429751984
20260603,600309.SH,benchmark_relative_sample_covariance,CSI300,a5_top_liquid_20,-0.013171899946780141,0.004934,-0.018105899946780142
20260603,600519.SH,benchmark_relative_sample_covariance,CSI300,a5_top_liquid_20,-0.019361698872416233,0.004934,-0.024295698872416234
20260603,600760.SH,benchmark_relative_sample_covariance,CSI300,a5_top_liquid_20,-0.019875202218627375,0.004934,-0.024809202218627376
20260603,600900.SH,benchmark_relative_sample_covariance,CSI300,a5_top_liquid_20,-0.002503576537911334,0.004934,-0.007437576537911334
20260603,601012.SH,benchmark_relative_sample_covariance,CSI300,a5_top_liquid_20,-0.004451038575667643,0.004934,-0.009385038575667644
20260603,601225.SH,benchmark_relative_sample_covariance,CSI300,a5_top_liquid_20,0.028441410693970326,0.004934,0.023507410693970325
20260603,601318.SH,benchmark_relative_sample_covariance,CSI300,a5_top_liquid_20,-0.007026627218934878,0.004934,-0.011960627218934879
20260603,601899.SH,benchmark_relative_sample_covariance,CSI300,a5_top_liquid_20,-0.00981633945535143,0.004934,-0.014750339455351431
20260603,688981.SH,benchmark_relative_sample_covariance,CSI300,a5_top_liquid_20,0.011473429951690983,0.004934,0.006539429951690983
20260604,000001.SZ,benchmark_relative_sample_covariance,CSI300,a5_top_liquid_20,-0.015468607825295688,-0.0068969999999999,-0.008571607825295788
20260604,000002.SZ,benchmark_relative_sample_covariance,CSI300,a5_top_liquid_20,-0.021341463414634054,-0.0068969999999999,-0.014444463414634155
20260604,000651.SZ,benchmark_relative_sample_covariance,CSI300,a5_top_liquid_20,-0.015696202531645498,-0.0068969999999999,-0.008799202531645598
20260604,000725.SZ,benchmark_relative_sample_covariance,CSI300,a5_top_liquid_20,0.10017889087656529,-0.0068969999999999,0.10707589087656519
20260604,002230.SZ,benchmark_relative_sample_covariance,CSI300,a5_top_liquid_20,-0.035150494632708806,-0.0068969999999999,-0.028253494632708907
20260604,002594.SZ,benchmark_relative_sample_covariance,CSI300,a5_top_liquid_20,-0.014553891584053957,-0.0068969999999999,-0.007656891584054058
20260604,300750.SZ,benchmark_relative_sample_covariance,CSI300,a5_top_liquid_20,-0.04272782702499889,-0.0068969999999999,-0.035830827024998985
20260604,600019.SH,benchmark_relative_sample_covariance,CSI300,a5_top_liquid_20,-0.018867924528301994,-0.0068969999999999,-0.011970924528302094
20260604,600030.SH,benchmark_relative_sample_covariance,CSI300,a5_top_liquid_20,-0.0003906250000000888,-0.0068969999999999,0.006506374999999811
20260604,600050.SH,benchmark_relative_sample_covariance,CSI300,a5_top_liquid_20,-0.016018306636155666,-0.0068969999999999,-0.009121306636155766
20260604,600276.SH,benchmark_relative_sample_covariance,CSI300,a5_top_liquid_20,-0.012076271186440724,-0.0068969999999999,-0.005179271186440824
20260604,600309.SH,benchmark_relative_sample_covariance,CSI300,a5_top_liquid_20,-0.026965080221113658,-0.0068969999999999,-0.020068080221113758
20260604,600519.SH,benchmark_relative_sample_covariance,CSI300,a5_top_liquid_20,-0.010850995779735029,-0.0068969999999999,-0.003953995779735129
20260604,600760.SH,benchmark_relative_sample_covariance,CSI300,a5_top_liquid_20,-0.027352039613298684,-0.0068969999999999,-0.020455039613298785
20260604,600900.SH,benchmark_relative_sample_covariance,CSI300,a5_top_liquid_20,-0.0060953746862675295,-0.0068969999999999,0.0008016253137323702
20260604,601012.SH,benchmark_relative_sample_covariance,CSI300,a5_top_liquid_20,-0.005961251862891204,-0.0068969999999999,0.0009357481371086961
20260604,601225.SH,benchmark_relative_sample_covariance,CSI300,a5_top_liquid_20,0.010693215339232953,-0.0068969999999999,0.017590215339232853
20260604,601318.SH,benchmark_relative_sample_covariance,CSI300,a5_top_liquid_20,-0.008752327746741284,-0.0068969999999999,-0.0018553277467413844
20260604,601899.SH,benchmark_relative_sample_covariance,CSI300,a5_top_liquid_20,-0.029740965781899553,-0.0068969999999999,-0.022843965781899653
20260604,688981.SH,benchmark_relative_sample_covariance,CSI300,a5_top_liquid_20,0.006567164179104523,-0.0068969999999999,0.013464164179104423
20260605,000001.SZ,benchmark_relative_sample_covariance,CSI300,a5_top_liquid_20,0.014787430683918634,-0.017906,0.03269343068391863
20260605,000002.SZ,benchmark_relative_sample_covariance,CSI300,a5_top_liquid_20,0.012461059190031154,-0.017906,0.030367059190031152
20260605,000651.SZ,benchmark_relative_sample_covariance,CSI300,a5_top_liquid_20,-0.010802469135802517,-0.017906,0.007103530864197481
20260605,000725.SZ,benchmark_relative_sample_covariance,CSI300,a5_top_liquid_20,0.04552845528455274,-0.017906,0.06343445528455274
20260605,002230.SZ,benchmark_relative_sample_covariance,CSI300,a5_top_liquid_20,0.00414485165794054,-0.017906,0.02205085165794054
20260605,002594.SZ,benchmark_relative_sample_covariance,CSI300,a5_top_liquid_20,-0.004601883561643705,-0.017906,0.013304116438356293
20260605,300750.SZ,benchmark_relative_sample_covariance,CSI300,a5_top_liquid_20,-0.01273885350318471,-0.017906,0.005167146496815288
20260605,600019.SH,benchmark_relative_sample_covariance,CSI300,a5_top_liquid_20,0.0034965034965035446,-0.017906,0.021402503496503543
20260605,600030.SH,benchmark_relative_sample_covariance,CSI300,a5_top_liquid_20,0.003126221180148603,-0.017906,0.0210322211801486
20260605,600050.SH,benchmark_relative_sample_covariance,CSI300,a5_top_liquid_20,0.009302325581395321,-0.017906,0.02720832558139532
20260605,600276.SH,benchmark_relative_sample_covariance,CSI300,a5_top_liquid_20,0.009650439631138763,-0.017906,0.02755643963113876
20260605,600309.SH,benchmark_relative_sample_covariance,CSI300,a5_top_liquid_20,0.00401829014826105,-0.017906,0.02192429014826105
20260605,600519.SH,benchmark_relative_sample_covariance,CSI300,a5_top_liquid_20,0.0038328075709779252,-0.017906,0.021738807570977924
20260605,600760.SH,benchmark_relative_sample_covariance,CSI300,a5_top_liquid_20,-0.018181818181818188,-0.017906,-0.00027581818181818957
20260605,600900.SH,benchmark_relative_sample_covariance,CSI300,a5_top_liquid_20,-0.003968253968253954,-0.017906,0.013937746031746044
20260605,601012.SH,benchmark_relative_sample_covariance,CSI300,a5_top_liquid_20,-0.015742128935532174,-0.017906,0.0021638710644678247
20260605,601225.SH,benchmark_relative_sample_covariance,CSI300,a5_top_liquid_20,-0.009850419554906953,-0.017906,0.008055580445093045
20260605,601318.SH,benchmark_relative_sample_covariance,CSI300,a5_top_liquid_20,0.00469659966184488,-0.017906,0.02260259966184488
20260605,601899.SH,benchmark_relative_sample_covariance,CSI300,a5_top_liquid_20,-0.0234014502307186,-0.017906,-0.005495450230718603
20260605,688981.SH,benchmark_relative_sample_covariance,CSI300,a5_top_liquid_20,-0.05545670225385524,-0.017906,-0.03755070225385524
20260608,000001.SZ,benchmark_relative_sample_covariance,CSI300,a5_top_liquid_20,0.004553734061930603,-0.021442,0.025995734061930603
20260608,000002.SZ,benchmark_relative_sample_covariance,CSI300,a5_top_liquid_20,-0.03384615384615386,-0.021442,-0.01240415384615386
20260608,000651.SZ,benchmark_relative_sample_covariance,CSI300,a5_top_liquid_20,-0.009100364014560602,-0.021442,0.012341635985439397
20260608,000725.SZ,benchmark_relative_sample_covariance,CSI300,a5_top_liquid_20,-0.021772939346811793,-0.021442,-0.0003309393468117934
20260608,002230.SZ,benchmark_relative_sample_covariance,CSI300,a5_top_liquid_20,-0.04149467738431467,-0.021442,-0.020052677384314672
20260608,002594.SZ,benchmark_relative_sample_covariance,CSI300,a5_top_liquid_20,-0.01956778840984852,-0.021442,0.0018742115901514804
20260608,300750.SZ,benchmark_relative_sample_covariance,CSI300,a5_top_liquid_20,-0.024764267990074473,-0.021442,-0.003322267990074474
20260608,600019.SH,benchmark_relative_sample_covariance,CSI300,a5_top_liquid_20,-0.020905923344947785,-0.021442,0.0005360766550522138
20260608,600030.SH,benchmark_relative_sample_covariance,CSI300,a5_top_liquid_20,-0.009349435138293782,-0.021442,0.012092564861706217
20260608,600050.SH,benchmark_relative_sample_covariance,CSI300,a5_top_liquid_20,-0.00691244239631339,-0.021442,0.01452955760368661
20260608,600276.SH,benchmark_relative_sample_covariance,CSI300,a5_top_liquid_20,-0.024214103653355967,-0.021442,-0.002772103653355968
20260608,600309.SH,benchmark_relative_sample_covariance,CSI300,a5_top_liquid_20,-0.03739994479712938,-0.021442,-0.01595794479712938
20260608,600519.SH,benchmark_relative_sample_covariance,CSI300,a5_top_liquid_20,-0.007762047672171257,-0.021442,0.013679952327828742
20260608,600760.SH,benchmark_relative_sample_covariance,CSI300,a5_top_liquid_20,0.0024691358024691024,-0.021442,0.0239111358024691
20260608,600900.SH,benchmark_relative_sample_covariance,CSI300,a5_top_liquid_20,-0.003621876131836177,-0.021442,0.017820123868163822
20260608,601012.SH,benchmark_relative_sample_covariance,CSI300,a5_top_liquid_20,-0.052551408987052683,-0.021442,-0.031109408987052684
20260608,601225.SH,benchmark_relative_sample_covariance,CSI300,a5_top_liquid_20,0.02431834929992638,-0.021442,0.04576034929992638
20260608,601318.SH,benchmark_relative_sample_covariance,CSI300,a5_top_liquid_20,-0.0018698578908001862,-0.021442,0.019572142109199813
20260608,601899.SH,benchmark_relative_sample_covariance,CSI300,a5_top_liquid_20,-0.05332433344583187,-0.021442,-0.03188233344583187
20260608,688981.SH,benchmark_relative_sample_covariance,CSI300,a5_top_liquid_20,-0.04301412872841448,-0.021442,-0.02157212872841448
20260609,000001.SZ,benchmark_relative_sample_covariance,CSI300,a5_top_liquid_20,0.009066183136899442,0.018706,-0.009639816863100559
20260609,000002.SZ,benchmark_relative_sample_covariance,CSI300,a5_top_liquid_20,-0.006369426751592355,0.018706,-0.025075426751592356
20260609,000651.SZ,benchmark_relative_sample_covariance,CSI300,a5_top_liquid_20,-0.0060351613749670685,0.018706,-0.02474116137496707
20260609,000725.SZ,benchmark_relative_sample_covariance,CSI300,a5_top_liquid_20,0.0365659777424483,0.018706,0.017859977742448296
20260609,002230.SZ,benchmark_relative_sample_covariance,CSI300,a5_top_liquid_20,0.008839528558476806,0.018706,-0.009866471441523195
20260609,002594.SZ,benchmark_relative_sample_covariance,CSI300,a5_top_liquid_20,0.007676280293891891,0.018706,-0.01102971970610811
20260609,300750.SZ,benchmark_relative_sample_covariance,CSI300,a5_top_liquid_20,0.01648771054908149,0.018706,-0.002218289450918509
20260609,600019.SH,benchmark_relative_sample_covariance,CSI300,a5_top_liquid_20,0.005338078291815096,0.018706,-0.013367921708184904
20260609,600030.SH,benchmark_relative_sample_covariance,CSI300,a5_top_liquid_20,0.0035391270153362075,0.018706,-0.015166872984663793
20260609,600050.SH,benchmark_relative_sample_covariance,CSI300,a5_top_liquid_20,0.0,0.018706,-0.018706
20260609,600276.SH,benchmark_relative_sample_covariance,CSI300,a5_top_liquid_20,0.00957771005659569,0.018706,-0.00912828994340431
20260609,600309.SH,benchmark_relative_sample_covariance,CSI300,a5_top_liquid_20,-0.007168458781361964,0.018706,-0.025874458781361964
20260609,600519.SH,benchmark_relative_sample_covariance,CSI300,a5_top_liquid_20,-0.0055266116644761,0.018706,-0.0242326116644761
20260609,600760.SH,benchmark_relative_sample_covariance,CSI300,a5_top_liquid_20,0.013300492610837322,0.018706,-0.005405507389162678
20260609,600900.SH,benchmark_relative_sample_covariance,CSI300,a5_top_liquid_20,0.004362050163576825,0.018706,-0.014343949836423175
20260609,601012.SH,benchmark_relative_sample_covariance,CSI300,a5_top_liquid_20,0.04019292604501601,0.018706,0.021486926045016008
20260609,601225.SH,benchmark_relative_sample_covariance,CSI300,a5_top_liquid_20,-0.02877697841726623,0.018706,-0.04748297841726623
20260609,601318.SH,benchmark_relative_sample_covariance,CSI300,a5_top_liquid_20,0.010303484451105183,0.018706,-0.008402515548894818
20260609,601899.SH,benchmark_relative_sample_covariance,CSI300,a5_top_liquid_20,0.014973262032085488,0.018706,-0.0037327379679145123
20260609,688981.SH,benchmark_relative_sample_covariance,CSI300,a5_top_liquid_20,0.04412729658792647,0.018706,0.025421296587926467
20260610,000001.SZ,benchmark_relative_sample_covariance,CSI300,a5_top_liquid_20,0.017070979335130243,-0.011083,0.028153979335130246
20260610,000002.SZ,benchmark_relative_sample_covariance,CSI300,a5_top_liquid_20,0.009615384615384581,-0.011083,0.020698384615384584
20260610,000651.SZ,benchmark_relative_sample_covariance,CSI300,a5_top_liquid_20,0.008447729672650395,-0.011083,0.019530729672650397
20260610,000725.SZ,benchmark_relative_sample_covariance,CSI300,a5_top_liquid_20,-0.07515337423312873,-0.011083,-0.06407037423312874
20260610,002230.SZ,benchmark_relative_sample_covariance,CSI300,a5_top_liquid_20,-0.049876432262412895,-0.011083,-0.03879343226241289
20260610,002594.SZ,benchmark_relative_sample_covariance,CSI300,a5_top_liquid_20,-0.017194471650886944,-0.011083,-0.0061114716508869436
20260610,300750.SZ,benchmark_relative_sample_covariance,CSI300,a5_top_liquid_20,-0.027534418022528206,-0.011083,-0.016451418022528204
20260610,600019.SH,benchmark_relative_sample_covariance,CSI300,a5_top_liquid_20,0.015929203539823078,-0.011083,0.02701220353982308
20260610,600030.SH,benchmark_relative_sample_covariance,CSI300,a5_top_liquid_20,0.021903624054161686,-0.011083,0.03298662405416169
20260610,600050.SH,benchmark_relative_sample_covariance,CSI300,a5_top_liquid_20,0.016241299303944468,-0.011083,0.02732429930394447
20260610,600276.SH,benchmark_relative_sample_covariance,CSI300,a5_top_liquid_20,0.013583441138421692,-0.011083,0.024666441138421695
20260610,600309.SH,benchmark_relative_sample_covariance,CSI300,a5_top_liquid_20,-0.01949458483754507,-0.011083,-0.00841158483754507
20260610,600519.SH,benchmark_relative_sample_covariance,CSI300,a5_top_liquid_20,0.01582802547770701,-0.011083,0.02691102547770701
20260610,600760.SH,benchmark_relative_sample_covariance,CSI300,a5_top_liquid_20,-0.002187651920272371,-0.011083,0.00889534807972763
20260610,600900.SH,benchmark_relative_sample_covariance,CSI300,a5_top_liquid_20,0.0021715526601520097,-0.011083,0.01325455266015201
20260610,601012.SH,benchmark_relative_sample_covariance,CSI300,a5_top_liquid_20,0.08809891808346215,-0.011083,0.09918191808346215
20260610,601225.SH,benchmark_relative_sample_covariance,CSI300,a5_top_liquid_20,-0.013703703703703773,-0.011083,-0.0026207037037037726
20260610,601318.SH,benchmark_relative_sample_covariance,CSI300,a5_top_liquid_20,0.019931008049060894,-0.011083,0.031014008049060897
20260610,601899.SH,benchmark_relative_sample_covariance,CSI300,a5_top_liquid_20,-0.027046013347383213,-0.011083,-0.01596301334738321
20260610,688981.SH,benchmark_relative_sample_covariance,CSI300,a5_top_liquid_20,-0.015396700706991284,-0.011083,-0.004313700706991283
20260611,000001.SZ,benchmark_relative_sample_covariance,CSI300,a5_top_liquid_20,-0.0017667844522968323,-0.005513,0.0037462155477031673
20260611,000002.SZ,benchmark_relative_sample_covariance,CSI300,a5_top_liquid_20,-0.00952380952380949,-0.005513,-0.00401080952380949
20260611,000651.SZ,benchmark_relative_sample_covariance,CSI300,a5_top_liquid_20,0.00785340314136107,-0.005513,0.013366403141361071
20260611,000725.SZ,benchmark_relative_sample_covariance,CSI300,a5_top_liquid_20,-0.03316749585406309,-0.005513,-0.02765449585406309
20260611,002230.SZ,benchmark_relative_sample_covariance,CSI300,a5_top_liquid_20,-0.03546937810357054,-0.005513,-0.029956378103570536
20260611,002594.SZ,benchmark_relative_sample_covariance,CSI300,a5_top_liquid_20,-0.0056472151478241805,-0.005513,-0.00013421514782418088
20260611,300750.SZ,benchmark_relative_sample_covariance,CSI300,a5_top_liquid_20,-0.016216216216216273,-0.005513,-0.010703216216216272
20260611,600019.SH,benchmark_relative_sample_covariance,CSI300,a5_top_liquid_20,0.019163763066202044,-0.005513,0.024676763066202045
20260611,600030.SH,benchmark_relative_sample_covariance,CSI300,a5_top_liquid_20,-0.005845674201091167,-0.005513,-0.00033267420109116697
20260611,600050.SH,benchmark_relative_sample_covariance,CSI300,a5_top_liquid_20,-0.004566210045662045,-0.005513,0.000946789954337955
20260611,600276.SH,benchmark_relative_sample_covariance,CSI300,a5_top_liquid_20,-0.0006381620931716903,-0.005513,0.004874837906828309
20260611,600309.SH,benchmark_relative_sample_covariance,CSI300,a5_top_liquid_20,-0.011045655375552244,-0.005513,-0.005532655375552244
20260611,600519.SH,benchmark_relative_sample_covariance,CSI300,a5_top_liquid_20,0.0024453710380285543,-0.005513,0.007958371038028555
20260611,600760.SH,benchmark_relative_sample_covariance,CSI300,a5_top_liquid_20,0.013885505481120664,-0.005513,0.019398505481120664
20260611,600900.SH,benchmark_relative_sample_covariance,CSI300,a5_top_liquid_20,0.007222824124232474,-0.005513,0.012735824124232475
20260611,601012.SH,benchmark_relative_sample_covariance,CSI300,a5_top_liquid_20,-0.03125,-0.005513,-0.025737
20260611,601225.SH,benchmark_relative_sample_covariance,CSI300,a5_top_liquid_20,0.011265490048817162,-0.005513,0.016778490048817162
20260611,601318.SH,benchmark_relative_sample_covariance,CSI300,a5_top_liquid_20,-0.010898158586997386,-0.005513,-0.005385158586997387
20260611,601899.SH,benchmark_relative_sample_covariance,CSI300,a5_top_liquid_20,-0.01335740072202174,-0.005513,-0.007844400722021739
20260611,688981.SH,benchmark_relative_sample_covariance,CSI300,a5_top_liquid_20,0.016435295994893906,-0.005513,0.021948295994893906
20260612,000001.SZ,benchmark_relative_sample_covariance,CSI300,a5_top_liquid_20,0.02742230347349195,0.011627,0.01579530347349195
20260612,000002.SZ,benchmark_relative_sample_covariance,CSI300,a5_top_liquid_20,0.012820512820512775,0.011627,0.0011935128205127748
20260612,000651.SZ,benchmark_relative_sample_covariance,CSI300,a5_top_liquid_20,0.0007792207792207684,0.011627,-0.010847779220779232
20260612,000725.SZ,benchmark_relative_sample_covariance,CSI300,a5_top_liquid_20,-0.044596912521440824,0.011627,-0.05622391252144082
20260612,002230.SZ,benchmark_relative_sample_covariance,CSI300,a5_top_liquid_20,-0.009806325079676381,0.011627,-0.02143332507967638
20260612,002594.SZ,benchmark_relative_sample_covariance,CSI300,a5_top_liquid_20,0.020044543429843964,0.011627,0.008417543429843964
20260612,300750.SZ,benchmark_relative_sample_covariance,CSI300,a5_top_liquid_20,0.033097854526425996,0.011627,0.021470854526425998
20260612,600019.SH,benchmark_relative_sample_covariance,CSI300,a5_top_liquid_20,0.029059829059828957,0.011627,0.017432829059828958
20260612,600030.SH,benchmark_relative_sample_covariance,CSI300,a5_top_liquid_20,0.030576244609956893,0.011627,0.018949244609956895
20260612,600050.SH,benchmark_relative_sample_covariance,CSI300,a5_top_liquid_20,0.002293577981651307,0.011627,-0.009333422018348693
20260612,600276.SH,benchmark_relative_sample_covariance,CSI300,a5_top_liquid_20,0.03214133673903796,0.011627,0.020514336739037964
20260612,600309.SH,benchmark_relative_sample_covariance,CSI300,a5_top_liquid_20,0.06731198808637373,0.011627,0.05568498808637373
20260612,600519.SH,benchmark_relative_sample_covariance,CSI300,a5_top_liquid_20,0.010093823299452742,0.011627,-0.001533176700547258
20260612,600760.SH,benchmark_relative_sample_covariance,CSI300,a5_top_liquid_20,0.07184046131667476,0.011627,0.060213461316674766
20260612,600900.SH,benchmark_relative_sample_covariance,CSI300,a5_top_liquid_20,0.013983506633201914,0.011627,0.002356506633201914
20260612,601012.SH,benchmark_relative_sample_covariance,CSI300,a5_top_liquid_20,-0.01319648093841641,0.011627,-0.02482348093841641
20260612,601225.SH,benchmark_relative_sample_covariance,CSI300,a5_top_liquid_20,0.0025993316004455647,0.011627,-0.009027668399554436
20260612,601318.SH,benchmark_relative_sample_covariance,CSI300,a5_top_liquid_20,0.026025835866261282,0.011627,0.014398835866261282
20260612,601899.SH,benchmark_relative_sample_covariance,CSI300,a5_top_liquid_20,0.06439809732894264,0.011627,0.05277109732894264
20260612,688981.SH,benchmark_relative_sample_covariance,CSI300,a5_top_liquid_20,-0.01978021978021982,0.011627,-0.03140721978021982
20260615,000001.SZ,benchmark_relative_sample_covariance,CSI300,a5_top_liquid_20,-0.016014234875444844,0.0239449999999999,-0.03995923487544474
20260615,000002.SZ,benchmark_relative_sample_covariance,CSI300,a5_top_liquid_20,-0.009493670886076,0.0239449999999999,-0.0334386708860759
20260615,000651.SZ,benchmark_relative_sample_covariance,CSI300,a5_top_liquid_20,-0.01738904749545811,0.0239449999999999,-0.04133404749545801
20260615,000725.SZ,benchmark_relative_sample_covariance,CSI300,a5_top_liquid_20,0.06283662477558338,0.0239449999999999,0.038891624775583486
20260615,002230.SZ,benchmark_relative_sample_covariance,CSI300,a5_top_liquid_20,0.026986877940084142,0.0239449999999999,0.0030418779400842415
20260615,002594.SZ,benchmark_relative_sample_covariance,CSI300,a5_top_liquid_20,-0.008515283842794763,0.0239449999999999,-0.03246028384279466
20260615,300750.SZ,benchmark_relative_sample_covariance,CSI300,a5_top_liquid_20,0.00823097378751414,0.0239449999999999,-0.01571402621248576
20260615,600019.SH,benchmark_relative_sample_covariance,CSI300,a5_top_liquid_20,-0.00830564784053156,0.0239449999999999,-0.03225064784053146
20260615,600030.SH,benchmark_relative_sample_covariance,CSI300,a5_top_liquid_20,0.021681247622670208,0.0239449999999999,-0.0022637523773296926
20260615,600050.SH,benchmark_relative_sample_covariance,CSI300,a5_top_liquid_20,0.006864988558352492,0.0239449999999999,-0.01708001144164741
20260615,600276.SH,benchmark_relative_sample_covariance,CSI300,a5_top_liquid_20,-0.012579913384202945,0.0239449999999999,-0.03652491338420284
20260615,600309.SH,benchmark_relative_sample_covariance,CSI300,a5_top_liquid_20,0.025533696107157722,0.0239449999999999,0.0015886961071578214
20260615,600519.SH,benchmark_relative_sample_covariance,CSI300,a5_top_liquid_20,-0.01610793321516213,0.0239449999999999,-0.040052933215162026
20260615,600760.SH,benchmark_relative_sample_covariance,CSI300,a5_top_liquid_20,-0.029813943062093617,0.0239449999999999,-0.053758943062093514
20260615,600900.SH,benchmark_relative_sample_covariance,CSI300,a5_top_liquid_20,-0.025106082036775113,0.0239449999999999,-0.04905108203677501
20260615,601012.SH,benchmark_relative_sample_covariance,CSI300,a5_top_liquid_20,-0.005943536404160454,0.0239449999999999,-0.029888536404160355
20260615,601225.SH,benchmark_relative_sample_covariance,CSI300,a5_top_liquid_20,-0.06444444444444442,0.0239449999999999,-0.08838944444444431
20260615,601318.SH,benchmark_relative_sample_covariance,CSI300,a5_top_liquid_20,0.004073319755600879,0.0239449999999999,-0.01987168024439902
20260615,601899.SH,benchmark_relative_sample_covariance,CSI300,a5_top_liquid_20,0.07631488484015114,0.0239449999999999,0.052369884840151246
20260615,688981.SH,benchmark_relative_sample_covariance,CSI300,a5_top_liquid_20,0.045163356822549794,0.0239449999999999,0.021218356822549893
20260616,000001.SZ,benchmark_relative_sample_covariance,CSI300,a5_top_liquid_20,-0.010849909584086936,-0.001529,-0.009320909584086937
20260616,000002.SZ,benchmark_relative_sample_covariance,CSI300,a5_top_liquid_20,-0.019169329073482455,-0.001529,-0.017640329073482456
20260616,000651.SZ,benchmark_relative_sample_covariance,CSI300,a5_top_liquid_20,-0.015055467511885912,-0.001529,-0.013526467511885912
20260616,000725.SZ,benchmark_relative_sample_covariance,CSI300,a5_top_liquid_20,0.03040540540540526,-0.001529,0.031934405405405264
20260616,002230.SZ,benchmark_relative_sample_covariance,CSI300,a5_top_liquid_20,-0.004821600771455992,-0.001529,-0.0032926007714559917
20260616,002594.SZ,benchmark_relative_sample_covariance,CSI300,a5_top_liquid_20,-0.012992732878220559,-0.001529,-0.01146373287822056
20260616,300750.SZ,benchmark_relative_sample_covariance,CSI300,a5_top_liquid_20,0.0136397889977391,-0.001529,0.015168788997739099
20260616,600019.SH,benchmark_relative_sample_covariance,CSI300,a5_top_liquid_20,-0.02010050251256279,-0.001529,-0.01857150251256279
20260616,600030.SH,benchmark_relative_sample_covariance,CSI300,a5_top_liquid_20,0.014519731943410275,-0.001529,0.016048731943410274
20260616,600050.SH,benchmark_relative_sample_covariance,CSI300,a5_top_liquid_20,-0.006818181818181834,-0.001529,-0.005289181818181834
20260616,600276.SH,benchmark_relative_sample_covariance,CSI300,a5_top_liquid_20,-0.011069340016708451,-0.001529,-0.009540340016708452
20260616,600309.SH,benchmark_relative_sample_covariance,CSI300,a5_top_liquid_20,-0.046666666666666745,-0.001529,-0.04513766666666674
20260616,600519.SH,benchmark_relative_sample_covariance,CSI300,a5_top_liquid_20,-0.012139092124931028,-0.001529,-0.010610092124931029
20260616,600760.SH,benchmark_relative_sample_covariance,CSI300,a5_top_liquid_20,-0.01848428835489846,-0.001529,-0.01695528835489846
20260616,600900.SH,benchmark_relative_sample_covariance,CSI300,a5_top_liquid_20,-0.013783097569822211,-0.001529,-0.012254097569822212
20260616,601012.SH,benchmark_relative_sample_covariance,CSI300,a5_top_liquid_20,-0.005979073243647215,-0.001529,-0.004450073243647215
20260616,601225.SH,benchmark_relative_sample_covariance,CSI300,a5_top_liquid_20,-0.03404592240696769,-0.001529,-0.032516922406967685
20260616,601318.SH,benchmark_relative_sample_covariance,CSI300,a5_top_liquid_20,-0.02286557256131283,-0.001529,-0.02133657256131283
20260616,601899.SH,benchmark_relative_sample_covariance,CSI300,a5_top_liquid_20,-0.03257745129351641,-0.001529,-0.031048451293516414
20260616,688981.SH,benchmark_relative_sample_covariance,CSI300,a5_top_liquid_20,-0.0029114311982839647,-0.001529,-0.0013824311982839647
20260617,000001.SZ,benchmark_relative_sample_covariance,CSI300,a5_top_liquid_20,-0.014625228519195677,0.009654,-0.024279228519195676
20260617,000002.SZ,benchmark_relative_sample_covariance,CSI300,a5_top_liquid_20,0.006514657980456029,0.009654,-0.0031393420195439704
20260617,000651.SZ,benchmark_relative_sample_covariance,CSI300,a5_top_liquid_20,-0.0037543577366586645,0.009654,-0.013408357736658664
20260617,000725.SZ,benchmark_relative_sample_covariance,CSI300,a5_top_liquid_20,0.10000000000000009,0.009654,0.09034600000000009
20260617,002230.SZ,benchmark_relative_sample_covariance,CSI300,a5_top_liquid_20,0.007509689922480689,0.009654,-0.0021443100775193104
20260617,002594.SZ,benchmark_relative_sample_covariance,CSI300,a5_top_liquid_20,-0.02420794288264172,0.009654,-0.033861942882641716
20260617,300750.SZ,benchmark_relative_sample_covariance,CSI300,a5_top_liquid_20,-0.011225931157534674,0.009654,-0.020879931157534674
20260617,600019.SH,benchmark_relative_sample_covariance,CSI300,a5_top_liquid_20,-0.013675213675213738,0.009654,-0.023329213675213737
20260617,600030.SH,benchmark_relative_sample_covariance,CSI300,a5_top_liquid_20,0.004403669724770687,0.009654,-0.0052503302752293125
20260617,600050.SH,benchmark_relative_sample_covariance,CSI300,a5_top_liquid_20,-0.004576659038901698,0.009654,-0.014230659038901698
20260617,600276.SH,benchmark_relative_sample_covariance,CSI300,a5_top_liquid_20,-0.007602956705385466,0.009654,-0.017256956705385466
20260617,600309.SH,benchmark_relative_sample_covariance,CSI300,a5_top_liquid_20,0.010275438846867546,0.009654,0.0006214388468675468
20260617,600519.SH,benchmark_relative_sample_covariance,CSI300,a5_top_liquid_20,-0.012479393471214628,0.009654,-0.022133393471214628
20260617,600760.SH,benchmark_relative_sample_covariance,CSI300,a5_top_liquid_20,-0.008003766478342667,0.009654,-0.017657766478342666
20260617,600900.SH,benchmark_relative_sample_covariance,CSI300,a5_top_liquid_20,-0.006987863184994558,0.009654,-0.016641863184994558
20260617,601012.SH,benchmark_relative_sample_covariance,CSI300,a5_top_liquid_20,-0.017293233082706805,0.009654,-0.026947233082706804
20260617,601225.SH,benchmark_relative_sample_covariance,CSI300,a5_top_liquid_20,-0.03360655737704921,0.009654,-0.0432605573770492
20260617,601318.SH,benchmark_relative_sample_covariance,CSI300,a5_top_liquid_20,-0.004340441592753375,0.009654,-0.013994441592753374
20260617,601899.SH,benchmark_relative_sample_covariance,CSI300,a5_top_liquid_20,0.004621987454605403,0.009654,-0.0050320125453945964
20260617,688981.SH,benchmark_relative_sample_covariance,CSI300,a5_top_liquid_20,0.03503918856615962,0.009654,0.02538518856615962
20260618,000001.SZ,benchmark_relative_sample_covariance,CSI300,a5_top_liquid_20,-0.024118738404452666,0.002071,-0.026189738404452666
20260618,000002.SZ,benchmark_relative_sample_covariance,CSI300,a5_top_liquid_20,-0.009708737864077555,0.002071,-0.011779737864077554
20260618,000651.SZ,benchmark_relative_sample_covariance,CSI300,a5_top_liquid_20,-0.011574697173620474,0.002071,-0.013645697173620474
20260618,000725.SZ,benchmark_relative_sample_covariance,CSI300,a5_top_liquid_20,-0.015037593984962516,0.002071,-0.017108593984962516
20260618,002230.SZ,benchmark_relative_sample_covariance,CSI300,a5_top_liquid_20,0.024525126232267214,0.002071,0.022454126232267214
20260618,002594.SZ,benchmark_relative_sample_covariance,CSI300,a5_top_liquid_20,0.007545444152280645,0.002071,0.005474444152280645
20260618,300750.SZ,benchmark_relative_sample_covariance,CSI300,a5_top_liquid_20,-0.01867167919799495,0.002071,-0.02074267919799495
20260618,600019.SH,benchmark_relative_sample_covariance,CSI300,a5_top_liquid_20,-0.01559792027729634,0.002071,-0.01766892027729634
20260618,600030.SH,benchmark_relative_sample_covariance,CSI300,a5_top_liquid_20,-0.02959444647424192,0.002071,-0.03166544647424192
20260618,600050.SH,benchmark_relative_sample_covariance,CSI300,a5_top_liquid_20,-0.016091954022988353,0.002071,-0.018162954022988353
20260618,600276.SH,benchmark_relative_sample_covariance,CSI300,a5_top_liquid_20,0.0304320068099595,0.002071,0.0283610068099595
20260618,600309.SH,benchmark_relative_sample_covariance,CSI300,a5_top_liquid_20,-0.02457974290153986,0.002071,-0.026650742901539858
20260618,600519.SH,benchmark_relative_sample_covariance,CSI300,a5_top_liquid_20,-0.020161290322580627,0.002071,-0.022232290322580627
20260618,600760.SH,benchmark_relative_sample_covariance,CSI300,a5_top_liquid_20,-0.02064546748932128,0.002071,-0.02271646748932128
20260618,600900.SH,benchmark_relative_sample_covariance,CSI300,a5_top_liquid_20,-0.0125925925925926,0.002071,-0.0146635925925926
20260618,601012.SH,benchmark_relative_sample_covariance,CSI300,a5_top_liquid_20,-0.01759755164498855,0.002071,-0.01966855164498855
20260618,601225.SH,benchmark_relative_sample_covariance,CSI300,a5_top_liquid_20,-0.025869380831212818,0.002071,-0.027940380831212818
20260618,601318.SH,benchmark_relative_sample_covariance,CSI300,a5_top_liquid_20,-0.06406368460955258,0.002071,-0.06613468460955259
20260618,601899.SH,benchmark_relative_sample_covariance,CSI300,a5_top_liquid_20,-0.024318107131120592,0.002071,-0.026389107131120592
20260618,688981.SH,benchmark_relative_sample_covariance,CSI300,a5_top_liquid_20,0.04454342984409809,0.002071,0.04247242984409809
20260622,000001.SZ,benchmark_relative_sample_covariance,CSI300,a5_top_liquid_20,0.012357414448669335,0.023891,-0.011533585551330664
20260622,000002.SZ,benchmark_relative_sample_covariance,CSI300,a5_top_liquid_20,0.016339869281045694,0.023891,-0.0075511307189543055
20260622,000651.SZ,benchmark_relative_sample_covariance,CSI300,a5_top_liquid_20,0.007352941176470784,0.023891,-0.016538058823529215
20260622,000725.SZ,benchmark_relative_sample_covariance,CSI300,a5_top_liquid_20,0.05801526717557248,0.023891,0.03412426717557249
20260622,002230.SZ,benchmark_relative_sample_covariance,CSI300,a5_top_liquid_20,0.02980521004459047,0.023891,0.00591421004459047
20260622,002594.SZ,benchmark_relative_sample_covariance,CSI300,a5_top_liquid_20,-0.0061273119255643715,0.023891,-0.03001831192556437
20260622,300750.SZ,benchmark_relative_sample_covariance,CSI300,a5_top_liquid_20,0.044515387562252595,0.023891,0.020624387562252596
20260622,600019.SH,benchmark_relative_sample_covariance,CSI300,a5_top_liquid_20,0.012323943661971981,0.023891,-0.011567056338028018
20260622,600030.SH,benchmark_relative_sample_covariance,CSI300,a5_top_liquid_20,0.07831325301204828,0.023891,0.05442225301204828
20260622,600050.SH,benchmark_relative_sample_covariance,CSI300,a5_top_liquid_20,0.009345794392523477,0.023891,-0.014545205607476522
20260622,600276.SH,benchmark_relative_sample_covariance,CSI300,a5_top_liquid_20,0.019413465510119687,0.023891,-0.004477534489880312
20260622,600309.SH,benchmark_relative_sample_covariance,CSI300,a5_top_liquid_20,0.07603186097031145,0.023891,0.05214086097031145
20260622,600519.SH,benchmark_relative_sample_covariance,CSI300,a5_top_liquid_20,0.021736625514403363,0.023891,-0.0021543744855966364
20260622,600760.SH,benchmark_relative_sample_covariance,CSI300,a5_top_liquid_20,0.012842258299006426,0.023891,-0.011048741700993573
20260622,600900.SH,benchmark_relative_sample_covariance,CSI300,a5_top_liquid_20,0.010502625656414244,0.023891,-0.013388374343585755
20260622,601012.SH,benchmark_relative_sample_covariance,CSI300,a5_top_liquid_20,0.030373831775700966,0.023891,0.006482831775700967
20260622,601225.SH,benchmark_relative_sample_covariance,CSI300,a5_top_liquid_20,0.014366565084893423,0.023891,-0.009524434915106576
20260622,601318.SH,benchmark_relative_sample_covariance,CSI300,a5_top_liquid_20,0.05265289590927491,0.023891,0.02876189590927491
20260622,601899.SH,benchmark_relative_sample_covariance,CSI300,a5_top_liquid_20,0.025261030650050476,0.023891,0.0013700306500504765
20260622,688981.SH,benchmark_relative_sample_covariance,CSI300,a5_top_liquid_20,0.03475479744136467,0.023891,0.010863797441364672
20260623,000001.SZ,benchmark_relative_sample_covariance,CSI300,a5_top_liquid_20,0.005633802816901401,-0.027724,0.0333578028169014
20260623,000002.SZ,benchmark_relative_sample_covariance,CSI300,a5_top_liquid_20,-0.006430868167202619,-0.027724,0.02129313183279738
20260623,000651.SZ,benchmark_relative_sample_covariance,CSI300,a5_top_liquid_20,0.007839956745066212,-0.027724,0.03556395674506621
20260623,000725.SZ,benchmark_relative_sample_covariance,CSI300,a5_top_liquid_20,-0.023088023088023157,-0.027724,0.004635976911976841
20260623,002230.SZ,benchmark_relative_sample_covariance,CSI300,a5_top_liquid_20,-0.037146763901549695,-0.027724,-0.009422763901549697
20260623,002594.SZ,benchmark_relative_sample_covariance,CSI300,a5_top_liquid_20,-0.02956958556912892,-0.027724,-0.0018455855691289214
20260623,300750.SZ,benchmark_relative_sample_covariance,CSI300,a5_top_liquid_20,-0.04027091789329562,-0.027724,-0.012546917893295623
20260623,600019.SH,benchmark_relative_sample_covariance,CSI300,a5_top_liquid_20,0.00521739130434784,-0.027724,0.03294139130434784
20260623,600030.SH,benchmark_relative_sample_covariance,CSI300,a5_top_liquid_20,-0.011173184357541888,-0.027724,0.01655081564245811
20260623,600050.SH,benchmark_relative_sample_covariance,CSI300,a5_top_liquid_20,-0.0092592592592593,-0.027724,0.0184647407407407
20260623,600276.SH,benchmark_relative_sample_covariance,CSI300,a5_top_liquid_20,-0.007698541329011377,-0.027724,0.020025458670988622
20260623,600309.SH,benchmark_relative_sample_covariance,CSI300,a5_top_liquid_20,-0.020188425302826385,-0.027724,0.007535574697173614
20260623,600519.SH,benchmark_relative_sample_covariance,CSI300,a5_top_liquid_20,-0.01527295575192722,-0.027724,0.012451044248072779
20260623,600760.SH,benchmark_relative_sample_covariance,CSI300,a5_top_liquid_20,-0.020813397129186506,-0.027724,0.0069106028708134926
20260623,600900.SH,benchmark_relative_sample_covariance,CSI300,a5_top_liquid_20,-0.0025983667409057443,-0.027724,0.025125633259094254
20260623,601012.SH,benchmark_relative_sample_covariance,CSI300,a5_top_liquid_20,-0.046863189720332654,-0.027724,-0.019139189720332656
20260623,601225.SH,benchmark_relative_sample_covariance,CSI300,a5_top_liquid_20,-0.030901287553648182,-0.027724,-0.0031772875536481837
20260623,601318.SH,benchmark_relative_sample_covariance,CSI300,a5_top_liquid_20,-0.030396306271642914,-0.027724,-0.002672306271642916
20260623,601899.SH,benchmark_relative_sample_covariance,CSI300,a5_top_liquid_20,-0.08837056504599217,-0.027724,-0.06064656504599217
20260623,688981.SH,benchmark_relative_sample_covariance,CSI300,a5_top_liquid_20,-0.02671886805412471,-0.027724,0.0010051319458752872
20260624,000001.SZ,benchmark_relative_sample_covariance,CSI300,a5_top_liquid_20,-0.01867413632119519,0.004804,-0.02347813632119519
20260624,000002.SZ,benchmark_relative_sample_covariance,CSI300,a5_top_liquid_20,-0.03883495145631055,0.004804,-0.043638951456310554
20260624,000651.SZ,benchmark_relative_sample_covariance,CSI300,a5_top_liquid_20,-0.004560085836909922,0.004804,-0.009364085836909921
20260624,000725.SZ,benchmark_relative_sample_covariance,CSI300,a5_top_liquid_20,0.04431314623338278,0.004804,0.03950914623338278
20260624,002230.SZ,benchmark_relative_sample_covariance,CSI300,a5_top_liquid_20,0.008284023668639007,0.004804,0.0034800236686390066
20260624,002594.SZ,benchmark_relative_sample_covariance,CSI300,a5_top_liquid_20,-0.020000000000000018,0.004804,-0.024804000000000017
20260624,300750.SZ,benchmark_relative_sample_covariance,CSI300,a5_top_liquid_20,0.007260961504165664,0.004804,0.0024569615041656638
20260624,600019.SH,benchmark_relative_sample_covariance,CSI300,a5_top_liquid_20,-0.01903114186851218,0.004804,-0.02383514186851218
20260624,600030.SH,benchmark_relative_sample_covariance,CSI300,a5_top_liquid_20,-0.015183615819209018,0.004804,-0.019987615819209017
20260624,600050.SH,benchmark_relative_sample_covariance,CSI300,a5_top_liquid_20,-0.02336448598130858,0.004804,-0.02816848598130858
20260624,600276.SH,benchmark_relative_sample_covariance,CSI300,a5_top_liquid_20,0.02592895059207856,0.004804,0.02112495059207856
20260624,600309.SH,benchmark_relative_sample_covariance,CSI300,a5_top_liquid_20,0.026098901098901228,0.004804,0.02129490109890123
20260624,600519.SH,benchmark_relative_sample_covariance,CSI300,a5_top_liquid_20,-0.012082293754345774,0.004804,-0.016886293754345773
20260624,600760.SH,benchmark_relative_sample_covariance,CSI300,a5_top_liquid_20,-0.007573906669924302,0.004804,-0.012377906669924301
20260624,600900.SH,benchmark_relative_sample_covariance,CSI300,a5_top_liquid_20,-0.010048381094157066,0.004804,-0.014852381094157065
20260624,601012.SH,benchmark_relative_sample_covariance,CSI300,a5_top_liquid_20,-0.012688342585249868,0.004804,-0.017492342585249867
20260624,601225.SH,benchmark_relative_sample_covariance,CSI300,a5_top_liquid_20,-0.023914968999114272,0.004804,-0.02871896899911427
20260624,601318.SH,benchmark_relative_sample_covariance,CSI300,a5_top_liquid_20,-0.025396825396825418,0.004804,-0.030200825396825417
20260624,601899.SH,benchmark_relative_sample_covariance,CSI300,a5_top_liquid_20,-0.003603603603603678,0.004804,-0.008407603603603677
20260624,688981.SH,benchmark_relative_sample_covariance,CSI300,a5_top_liquid_20,0.06937191249117869,0.004804,0.06456791249117869
20260625,000001.SZ,benchmark_relative_sample_covariance,CSI300,a5_top_liquid_20,-0.008563273073263544,0.015595,-0.024158273073263542
20260625,000002.SZ,benchmark_relative_sample_covariance,CSI300,a5_top_liquid_20,-0.006734006734006703,0.015595,-0.0223290067340067
20260625,000651.SZ,benchmark_relative_sample_covariance,CSI300,a5_top_liquid_20,0.001347345728913929,0.015595,-0.01424765427108607
20260625,000725.SZ,benchmark_relative_sample_covariance,CSI300,a5_top_liquid_20,0.06364922206506352,0.015595,0.04805422206506352
20260625,002230.SZ,benchmark_relative_sample_covariance,CSI300,a5_top_liquid_20,-0.021596244131455444,0.015595,-0.03719124413145544
20260625,002594.SZ,benchmark_relative_sample_covariance,CSI300,a5_top_liquid_20,-0.013205282112845107,0.015595,-0.028800282112845105
20260625,300750.SZ,benchmark_relative_sample_covariance,CSI300,a5_top_liquid_20,0.016541885876163454,0.015595,0.000946885876163454
20260625,600019.SH,benchmark_relative_sample_covariance,CSI300,a5_top_liquid_20,0.0,0.015595,-0.015595
20260625,600030.SH,benchmark_relative_sample_covariance,CSI300,a5_top_liquid_20,0.03908210828253855,0.015595,0.023487108282538555
20260625,600050.SH,benchmark_relative_sample_covariance,CSI300,a5_top_liquid_20,-0.011961722488038284,0.015595,-0.027556722488038282
20260625,600276.SH,benchmark_relative_sample_covariance,CSI300,a5_top_liquid_20,-0.004179104477611939,0.015595,-0.019774104477611937
20260625,600309.SH,benchmark_relative_sample_covariance,CSI300,a5_top_liquid_20,-0.014591700133868901,0.015595,-0.0301867001338689
20260625,600519.SH,benchmark_relative_sample_covariance,CSI300,a5_top_liquid_20,0.00365990990990972,0.015595,-0.01193509009009028
20260625,600760.SH,benchmark_relative_sample_covariance,CSI300,a5_top_liquid_20,-0.016740521910388995,0.015595,-0.03233552191038899
20260625,600900.SH,benchmark_relative_sample_covariance,CSI300,a5_top_liquid_20,-0.014285714285714346,0.015595,-0.029880714285714344
20260625,601012.SH,benchmark_relative_sample_covariance,CSI300,a5_top_liquid_20,0.012851405622489986,0.015595,-0.002743594377510013
20260625,601225.SH,benchmark_relative_sample_covariance,CSI300,a5_top_liquid_20,-0.019509981851179692,0.015595,-0.03510498185117969
20260625,601318.SH,benchmark_relative_sample_covariance,CSI300,a5_top_liquid_20,0.003664495114006572,0.015595,-0.011930504885993428
20260625,601899.SH,benchmark_relative_sample_covariance,CSI300,a5_top_liquid_20,-0.06256781193490046,0.015595,-0.07816281193490046
20260625,688981.SH,benchmark_relative_sample_covariance,CSI300,a5_top_liquid_20,0.035174552893816546,0.015595,0.01957955289381655
20260626,000001.SZ,benchmark_relative_sample_covariance,CSI300,a5_top_liquid_20,-0.018234165067178454,-0.030255,0.012020834932821547
20260626,000002.SZ,benchmark_relative_sample_covariance,CSI300,a5_top_liquid_20,0.02033898305084736,-0.030255,0.05059398305084736
20260626,000651.SZ,benchmark_relative_sample_covariance,CSI300,a5_top_liquid_20,-0.003767491926802813,-0.030255,0.026487508073197188
20260626,000725.SZ,benchmark_relative_sample_covariance,CSI300,a5_top_liquid_20,0.03590425531914909,-0.030255,0.0661592553191491
20260626,002230.SZ,benchmark_relative_sample_covariance,CSI300,a5_top_liquid_20,-0.06142034548944342,-0.030255,-0.031165345489443417
20260626,002594.SZ,benchmark_relative_sample_covariance,CSI300,a5_top_liquid_20,-0.048661800486618056,-0.030255,-0.018406800486618056
20260626,300750.SZ,benchmark_relative_sample_covariance,CSI300,a5_top_liquid_20,-0.0520029858173674,-0.030255,-0.021747985817367397
20260626,600019.SH,benchmark_relative_sample_covariance,CSI300,a5_top_liquid_20,-0.01821493624772319,-0.030255,0.01204006375227681
20260626,600030.SH,benchmark_relative_sample_covariance,CSI300,a5_top_liquid_20,-0.042788129744651515,-0.030255,-0.012533129744651515
20260626,600050.SH,benchmark_relative_sample_covariance,CSI300,a5_top_liquid_20,-0.007352941176470673,-0.030255,0.022902058823529328
20260626,600276.SH,benchmark_relative_sample_covariance,CSI300,a5_top_liquid_20,-0.027378097521982392,-0.030255,0.0028769024780176088
20260626,600309.SH,benchmark_relative_sample_covariance,CSI300,a5_top_liquid_20,-0.02472490150794715,-0.030255,0.0055300984920528505
20260626,600519.SH,benchmark_relative_sample_covariance,CSI300,a5_top_liquid_20,-0.013048104857779741,-0.030255,0.01720689514222026
20260626,600760.SH,benchmark_relative_sample_covariance,CSI300,a5_top_liquid_20,0.016274411617426265,-0.030255,0.04652941161742627
20260626,600900.SH,benchmark_relative_sample_covariance,CSI300,a5_top_liquid_20,0.01639969488939741,-0.030255,0.04665469488939741
20260626,601012.SH,benchmark_relative_sample_covariance,CSI300,a5_top_liquid_20,0.004758128469468659,-0.030255,0.03501312846946866
20260626,601225.SH,benchmark_relative_sample_covariance,CSI300,a5_top_liquid_20,0.0,-0.030255,0.030255
20260626,601318.SH,benchmark_relative_sample_covariance,CSI300,a5_top_liquid_20,-0.041987829614604455,-0.030255,-0.011732829614604454
20260626,601899.SH,benchmark_relative_sample_covariance,CSI300,a5_top_liquid_20,-0.01722787783868429,-0.030255,0.01302712216131571
20260626,688981.SH,benchmark_relative_sample_covariance,CSI300,a5_top_liquid_20,-0.051638403672064404,-0.030255,-0.021383403672064403
20260629,000001.SZ,benchmark_relative_sample_covariance,CSI300,a5_top_liquid_20,0.0009775171065493637,0.012058,-0.011080482893450636
20260629,000002.SZ,benchmark_relative_sample_covariance,CSI300,a5_top_liquid_20,0.00996677740863805,0.012058,-0.002091222591361949
20260629,000651.SZ,benchmark_relative_sample_covariance,CSI300,a5_top_liquid_20,0.024311183144246407,0.012058,0.012253183144246407
20260629,000725.SZ,benchmark_relative_sample_covariance,CSI300,a5_top_liquid_20,0.020539152759948776,0.012058,0.008481152759948776
20260629,002230.SZ,benchmark_relative_sample_covariance,CSI300,a5_top_liquid_20,0.008691206543967267,0.012058,-0.0033667934560327323
20260629,002594.SZ,benchmark_relative_sample_covariance,CSI300,a5_top_liquid_20,0.018414322250639437,0.012058,0.006356322250639437
20260629,300750.SZ,benchmark_relative_sample_covariance,CSI300,a5_top_liquid_20,0.029816272965879298,0.012058,0.0177582729658793
20260629,600019.SH,benchmark_relative_sample_covariance,CSI300,a5_top_liquid_20,0.02782931354359941,0.012058,0.01577131354359941
20260629,600030.SH,benchmark_relative_sample_covariance,CSI300,a5_top_liquid_20,0.02703677000720983,0.012058,0.014978770007209832
20260629,600050.SH,benchmark_relative_sample_covariance,CSI300,a5_top_liquid_20,-0.007407407407407418,0.012058,-0.019465407407407417
20260629,600276.SH,benchmark_relative_sample_covariance,CSI300,a5_top_liquid_20,0.08752825148962406,0.012058,0.07547025148962407
20260629,600309.SH,benchmark_relative_sample_covariance,CSI300,a5_top_liquid_20,0.001950132330408083,0.012058,-0.010107867669591916
20260629,600519.SH,benchmark_relative_sample_covariance,CSI300,a5_top_liquid_20,0.022530655553939072,0.012058,0.010472655553939073
20260629,600760.SH,benchmark_relative_sample_covariance,CSI300,a5_top_liquid_20,-0.013550135501355087,0.012058,-0.025608135501355087
20260629,600900.SH,benchmark_relative_sample_covariance,CSI300,a5_top_liquid_20,0.007129455909943738,0.012058,-0.004928544090056261
20260629,601012.SH,benchmark_relative_sample_covariance,CSI300,a5_top_liquid_20,0.011049723756906049,0.012058,-0.0010082762430939501
20260629,601225.SH,benchmark_relative_sample_covariance,CSI300,a5_top_liquid_20,0.01449275362318847,0.012058,0.002434753623188471
20260629,601318.SH,benchmark_relative_sample_covariance,CSI300,a5_top_liquid_20,0.02900698708448024,0.012058,0.01694898708448024
20260629,601899.SH,benchmark_relative_sample_covariance,CSI300,a5_top_liquid_20,0.027490039840637248,0.012058,0.015432039840637249
20260629,688981.SH,benchmark_relative_sample_covariance,CSI300,a5_top_liquid_20,0.015057811239580499,0.012058,0.0029998112395804993
20260630,000001.SZ,benchmark_relative_sample_covariance,CSI300,a5_top_liquid_20,-0.0185546875,0.010658,-0.0292126875
20260630,000002.SZ,benchmark_relative_sample_covariance,CSI300,a5_top_liquid_20,-0.02631578947368418,0.010658,-0.03697378947368418
20260630,000651.SZ,benchmark_relative_sample_covariance,CSI300,a5_top_liquid_20,-0.011075949367088667,0.010658,-0.021733949367088667
20260630,000725.SZ,benchmark_relative_sample_covariance,CSI300,a5_top_liquid_20,0.09182389937106916,0.010658,0.08116589937106916
20260630,002230.SZ,benchmark_relative_sample_covariance,CSI300,a5_top_liquid_20,0.034972123669538835,0.010658,0.024314123669538834
20260630,002594.SZ,benchmark_relative_sample_covariance,CSI300,a5_top_liquid_20,0.0007533902561527306,0.010658,-0.00990460974384727
20260630,300750.SZ,benchmark_relative_sample_covariance,CSI300,a5_top_liquid_20,0.0016566418595167498,0.010658,-0.009001358140483251
20260630,600019.SH,benchmark_relative_sample_covariance,CSI300,a5_top_liquid_20,-0.019855595667870096,0.010658,-0.030513595667870097
20260630,600030.SH,benchmark_relative_sample_covariance,CSI300,a5_top_liquid_20,0.008424008424008589,0.010658,-0.002233991575991412
20260630,600050.SH,benchmark_relative_sample_covariance,CSI300,a5_top_liquid_20,-0.004975124378109319,0.010658,-0.01563312437810932
20260630,600276.SH,benchmark_relative_sample_covariance,CSI300,a5_top_liquid_20,-0.016814660872850995,0.010658,-0.027472660872850996
20260630,600309.SH,benchmark_relative_sample_covariance,CSI300,a5_top_liquid_20,-0.04893646600861967,0.010658,-0.05959446600861967
20260630,600519.SH,benchmark_relative_sample_covariance,CSI300,a5_top_liquid_20,-0.00792495146281047,0.010658,-0.01858295146281047
20260630,600760.SH,benchmark_relative_sample_covariance,CSI300,a5_top_liquid_20,0.02647352647352652,0.010658,0.01581552647352652
20260630,600900.SH,benchmark_relative_sample_covariance,CSI300,a5_top_liquid_20,-0.013785394932935957,0.010658,-0.024443394932935958
20260630,601012.SH,benchmark_relative_sample_covariance,CSI300,a5_top_liquid_20,0.024199843871974824,0.010658,0.013541843871974824
20260630,601225.SH,benchmark_relative_sample_covariance,CSI300,a5_top_liquid_20,-0.030952380952380842,0.010658,-0.04161038095238084
20260630,601318.SH,benchmark_relative_sample_covariance,CSI300,a5_top_liquid_20,-0.017695473251028826,0.010658,-0.028353473251028827
20260630,601899.SH,benchmark_relative_sample_covariance,CSI300,a5_top_liquid_20,-0.025203567274137195,0.010658,-0.035861567274137196
20260630,688981.SH,benchmark_relative_sample_covariance,CSI300,a5_top_liquid_20,0.05178807947019859,0.010658,0.04113007947019859
