date,open,high,low,close,volume,amount,symbol
2018-06-11,15.47401198,18.5667628,15.47401198,18.5667628,78829,2845471.8,300750.SZ
2018-06-12,20.42343908,20.42343908,20.42343908,20.42343908,26579,1058375.78,300750.SZ
2018-06-13,22.4647572,22.4647572,22.4647572,22.4647572,45030,1972314.0,300750.SZ
2018-06-14,24.71123292,24.71123292,24.71123292,24.71123292,74267,3578184.06,300750.SZ
2018-06-15,27.183382,27.183382,27.183382,27.183382,256510,13595030.0,300750.SZ
2018-06-19,29.9017202,29.9017202,29.9017202,29.9017202,1117428,65146052.4,300750.SZ
2018-06-20,32.89189222,32.89189222,32.89189222,32.89189222,1310382,84034797.66,300750.SZ
2018-06-21,36.17954276,36.17954276,36.17954276,36.17954276,1231660,86881296.4,300750.SZ
2018-06-22,36.928368,37.29252274,32.56364006,34.1330957,128170599,8599728955.52,300750.SZ
2018-06-25,34.9793708,36.7232104,34.47673468,35.48713586,69981999,4868406844.02,300750.SZ
2018-06-26,34.82037366,38.7491417,34.4151874,38.04647692,62553547,4537098812.25,300750.SZ
2018-06-27,38.06186374,38.43114742,36.81040238,38.00031646,44138862,3241043472.73,300750.SZ
2018-06-28,37.5951302,38.66707866,34.58957136,34.98449974,53080981,3770134240.69,300750.SZ
2018-06-29,35.22555992,38.1080242,34.75882638,36.90785224,45698575,3231958793.35,300750.SZ
2018-07-02,36.30776626,36.66166312,35.44610434,35.90258,32470182,2278646004.68,300750.SZ
2018-07-03,36.0051588,36.51292386,33.7740699,35.53842526,33910064,2337186967.56,300750.SZ
2018-07-04,34.9537261,34.9537261,33.594557,33.80997248,26282197,1749919477.55,300750.SZ
2018-07-05,33.33811,36.86682072,33.27656272,35.29223614,34337783,2343510066.96,300750.SZ
2018-07-06,35.29223614,38.210603,35.2358178,36.35392672,49213427,3511358606.62,300750.SZ
2018-07-09,36.3128952,36.70782358,35.44610434,36.6975657,31068979,2183986505.88,300750.SZ
2018-07-10,38.46705,38.92352566,36.75398404,37.1335256,36484401,2666043239.85,300750.SZ
2018-07-11,35.90258,40.48785236,35.68716452,39.52361164,49120805,3695050773.74,300750.SZ
2018-07-12,38.99533082,43.47802438,38.7747864,43.47802438,43085212,3430182907.14,300750.SZ
2018-07-13,42.057308,45.37573218,41.55980082,42.4163338,48202055,4049051405.3,300750.SZ
2018-07-16,42.4163338,43.4677665,41.0828094,43.0318066,29515196,2439742028.8,300750.SZ
2018-07-17,42.62662034,43.17028798,40.85713604,42.20091832,28615349,2336837084.78,300750.SZ
2018-07-18,42.20091832,43.27286678,41.08793834,42.20091832,27113839,2233771784.96,300750.SZ
2018-07-19,42.057308,43.6729241,41.37515898,42.51378366,25074483,2089886953.76,300750.SZ
2018-07-20,42.313755,46.76567492,42.06243694,46.63745142,42695635,3750334637.77,300750.SZ
2018-07-23,45.647566,46.43742276,44.9038697,45.45266628,25014352,2223986140.57,300750.SZ
2018-07-24,45.391119,47.67862624,44.878225,47.06828238,26501025,2395962685.56,300750.SZ
2018-07-25,46.673354,48.76596152,42.35991546,42.35991546,45719348,4027958763.72,300750.SZ
2018-07-26,41.287967,42.3650444,39.2876804,40.1083108,39286999,3115796617.37,300750.SZ
2018-07-27,40.005732,40.33398416,38.81068898,39.0055887,22809584,1748397062.28,300750.SZ
2018-07-30,39.236391,39.66722196,38.46705,39.4159039,18041846,1377263289.26,300750.SZ
2018-07-31,39.38000132,39.38513026,36.16415594,37.04120468,28128307,2055880224.98,300750.SZ
2018-08-01,36.928368,37.76438522,36.42573188,36.63088948,17933649,1298707855.01,300750.SZ
2018-08-02,36.1077376,37.59000126,35.9282247,37.21558864,19853529,1429095207.76,300750.SZ
2018-08-03,36.80527344,37.51306716,35.21530204,35.6974224,17288867,1223071469.51,300750.SZ
2018-08-06,35.389686,36.45650552,34.6716344,35.7230671,15706945,1096989857.83,300750.SZ
2018-08-07,36.14876912,38.19008724,35.90258,37.84644826,19964947,1445537173.05,300750.SZ
2018-08-08,37.697709,37.73874052,36.47189234,36.68217888,14770817,1067594665.9,300750.SZ
2018-08-09,36.6206316,38.80556004,36.0564482,37.98492964,18474864,1364797399.79,300750.SZ
2018-08-10,37.7489984,38.20547406,37.45151988,38.17982936,11673860,862092551.3,300750.SZ
2018-08-13,37.441262,38.05160586,36.94375482,37.95928494,10949557,800760025.76,300750.SZ
2018-08-14,37.8515772,37.89773766,36.64114736,36.70782358,11735618,847545777.65,300750.SZ
2018-08-15,36.40521612,36.94375482,35.389686,35.44610434,12916705,905177224.1,300750.SZ
2018-08-16,34.876792,35.84103272,33.95871174,35.38455706,10715293,733358634.73,300750.SZ
2018-08-17,35.8512906,36.16415594,34.9280814,34.95885504,8224837,570722229.15,300750.SZ
2018-08-20,34.81524472,35.44610434,33.851004,35.3640413,10922929,739769193.6,300750.SZ
2018-08-21,35.37429918,36.30263732,34.88704988,35.68203558,10208839,709924230.93,300750.SZ
2018-08-22,35.42045964,36.0308035,34.47160574,34.60495818,8999917,617772713.83,300750.SZ
2018-08-23,34.6972791,35.7230671,34.40492952,35.4409754,12193136,835080332.41,300750.SZ
2018-08-24,34.77934214,36.5180528,34.7229238,35.2871072,13360932,931622755.9,300750.SZ
2018-08-27,35.17427052,36.40521612,34.82037366,36.13851124,12915092,900979594.97,300750.SZ
2018-08-28,36.21544534,38.11828208,36.1077376,37.44639094,18813962,1362031257.34,300750.SZ
2018-08-29,37.2361044,37.697709,36.83091814,37.45151988,10333837,749871852.17,300750.SZ
2018-08-30,37.53871186,37.954156,35.71280922,35.89745106,13681809,979226463.1,300750.SZ
2018-08-31,35.12811006,35.4922648,33.34323894,33.594557,15901213,1072916773.79,300750.SZ
2018-09-03,33.2355312,33.2355312,31.286534,32.44567444,15910805,998632539.93,300750.SZ
2018-09-04,32.4149008,32.9534395,32.18922744,32.7482819,8067558,512634921.2,300750.SZ
2018-09-05,32.6200584,32.81495812,31.48656266,31.48656266,9689281,604400369.05,300750.SZ
2018-09-06,31.0813764,32.1328091,30.93776608,31.71736496,8854073,547542957.37,300750.SZ
2018-09-07,32.05074606,33.27656272,31.90713574,32.47644808,12748586,813256860.65,300750.SZ
2018-09-10,32.59954264,32.71750826,31.286534,31.4660469,6545100,404054151.53,300750.SZ
2018-09-11,31.4916916,32.39438504,31.4916916,32.09177758,6629327,413926189.54,300750.SZ
2018-09-12,32.2097432,33.4663335,32.11229334,33.081663,12115986,779904478.88,300750.SZ
2018-09-13,33.66636216,33.9022934,32.51235066,33.2355312,9852036,637747213.66,300750.SZ
2018-09-14,34.0048722,35.389686,33.77919884,33.7997146,15831828,1068356171.17,300750.SZ
2018-09-17,33.11756558,33.58429912,32.61492946,32.67647674,7131416,460645757.55,300750.SZ
2018-09-18,32.312322,34.06129054,32.30719306,34.03564584,7789233,505525626.44,300750.SZ
2018-09-19,33.84587506,35.16401264,33.5689123,34.53315302,9502594,637368899.65,300750.SZ
2018-09-20,34.36902694,35.8512906,34.36902694,34.87166306,10200717,703066410.14,300750.SZ
2018-09-21,35.19991522,35.8512906,34.80498684,35.48713586,7748207,535412407.32,300750.SZ
2018-09-25,35.0819496,35.5435542,34.72805274,35.04604702,4204191,287948499.44,300750.SZ
2018-09-26,35.21530204,37.697709,35.21530204,37.38484366,16061574,1149820351.09,300750.SZ
2018-09-27,37.0565915,38.4414053,36.7744998,37.2104597,13694667,1005558177.34,300750.SZ
2018-09-28,36.98478634,38.51321046,36.98478634,37.441262,11921098,880458280.35,300750.SZ
2018-10-08,36.86682072,36.86682072,34.7742132,35.1075943,13116724,915229219.86,300750.SZ
2018-10-09,35.34352554,35.47174904,32.8765054,33.2868206,13389377,888448838.14,300750.SZ
2018-10-10,33.65097534,33.7484252,32.6200584,33.2868206,7163213,464126636.76,300750.SZ
2018-10-11,31.73788072,32.55338218,30.52232194,31.0044423,12809465,785418488.81,300750.SZ
2018-10-12,31.0044423,32.39438504,30.96853972,32.24051684,8600315,531900783.14,300750.SZ
2018-10-15,35.2871072,35.4666201,34.81524472,35.4666201,19801487,1362852724.07,300750.SZ
2018-10-16,35.90258,36.08722184,34.84601836,35.3127519,10452197,723312823.38,300750.SZ
2018-10-17,35.78461438,36.81553132,35.49739374,35.90258,14232165,1000278466.89,300750.SZ
2018-10-18,35.2358178,36.6206316,33.60481488,34.89217882,10810902,741423984.5,300750.SZ
2018-10-19,34.36902694,38.08750844,34.36902694,37.83619038,14125112,1008056887.01,300750.SZ
2018-10-22,38.00031646,41.5957034,38.00031646,40.5699154,18106362,1408026234.51,300750.SZ
2018-10-23,40.0570214,41.01100424,39.0312334,40.005732,12736627,987704573.63,300750.SZ
2018-10-24,39.92366896,40.75968618,39.04149128,39.492838,10042803,782578265.45,300750.SZ
2018-10-25,38.46705,41.84189252,38.21573194,41.49825354,13372207,1042168318.12,300750.SZ
2018-10-26,41.38541686,41.38541686,37.44639094,38.2618924,17691702,1361043435.26,300750.SZ
2018-10-29,38.43627636,38.6722076,36.2103164,36.29237944,12719771,923032362.85,300750.SZ
2018-10-30,36.2359611,38.6465629,35.84103272,38.46705,12887554,939263219.43,300750.SZ
2018-10-31,38.61578926,39.71338242,38.0567348,38.210603,9794351,743436076.36,300750.SZ
2018-11-01,38.5696288,39.40051708,37.54896974,37.75412734,9723959,733949879.51,300750.SZ
2018-11-02,39.05174916,40.32885522,39.0055887,40.25192112,13705894,1059238488.75,300750.SZ
2018-11-05,40.25192112,42.30349712,39.9031532,40.71865466,13063517,1045459980.22,300750.SZ
2018-11-06,40.53401282,42.2624656,38.979944,41.83676358,12165834,954114789.62,300750.SZ
2018-11-07,41.1340988,42.25220772,40.11343974,40.53914176,12658732,1013339456.92,300750.SZ
2018-11-08,40.94945696,41.22641972,39.43641966,39.65183514,8044866,630122240.72,300750.SZ
2018-11-09,39.492838,40.5442707,39.31845404,39.8775085,6063937,473740955.36,300750.SZ
2018-11-12,39.492838,42.9805172,39.3389698,42.6984255,14889918,1205794048.38,300750.SZ
2018-11-13,42.057308,42.31888394,40.9289412,41.86753722,14287007,1158416128.03,300750.SZ
2018-11-14,41.24180654,42.570202,40.9032965,41.544414,10790715,873812068.74,300750.SZ
2018-11-15,41.24180654,42.1598868,40.9802306,41.7239269,7576857,614559636.64,300750.SZ
2018-11-16,41.89318192,41.93421344,40.32372628,41.08793834,9809408,785031529.91,300750.SZ
2018-11-19,40.82123346,41.79060312,40.518626,40.6981389,7259001,579343248.6,300750.SZ
2018-11-20,40.36988674,40.6212048,39.78005864,39.88776638,7722096,603966808.87,300750.SZ
2018-11-21,39.749285,40.9032965,39.236391,40.3391131,7314829,573993355.1,300750.SZ
2018-11-22,40.1083108,40.74429936,39.8005744,39.95957154,4071768,318546094.11,300750.SZ
2018-11-23,39.95957154,39.9800873,37.9028666,37.94389812,10403744,782322413.3,300750.SZ
2018-11-26,37.8515772,38.40550272,37.3386832,38.27215028,7610013,561073991.21,300750.SZ
2018-11-27,38.30292392,39.4159039,37.83106144,38.7747864,7953332,599419287.5,300750.SZ
2018-11-28,38.8517205,40.76481512,38.5952735,40.35449992,9918840,772880029.99,300750.SZ
2018-11-29,40.775073,41.800861,40.02111882,40.02111882,9736251,778202196.45,300750.SZ
2018-11-30,40.01086094,41.53928506,40.01086094,41.04690682,9067577,724258624.09,300750.SZ
2018-12-03,42.32401288,42.82152006,41.31874064,41.4674799,12645226,1034073820.42,300750.SZ
2018-12-04,41.1340988,42.61123352,41.05203576,42.2111762,9579665,785692897.38,300750.SZ
2018-12-05,41.544414,42.3650444,41.3392564,41.73418478,7391554,602269929.5,300750.SZ
2018-12-06,41.4418352,42.20091832,40.518626,40.52375494,11385399,917634576.88,300750.SZ
2018-12-07,40.61094692,41.26745124,40.61094692,40.8776518,5642133,450938752.21,300750.SZ
2018-12-10,40.7494283,41.22129078,39.3902592,40.15447126,7606831,593846045.77,300750.SZ
2018-12-11,40.262179,40.61094692,39.91341108,40.29295264,3450062,270881623.5,300750.SZ
2018-12-12,40.69300996,42.04705012,40.518626,41.800861,9472483,767328382.41,300750.SZ
2018-12-13,42.01627648,42.19578938,41.32899852,42.11372634,7244428,591252237.28,300750.SZ
2018-12-14,42.02140542,42.30349712,40.67762314,40.69300996,7090513,573225336.26,300750.SZ
2018-12-17,40.4160472,41.28283806,39.492838,41.11358304,6864481,540779216.28,300750.SZ
2018-12-18,40.518626,41.33412746,40.35449992,40.8007177,4885589,388830542.63,300750.SZ
2018-12-19,40.60068904,41.9034398,40.18011596,40.775073,7092653,567762540.47,300750.SZ
2018-12-20,40.71352572,40.71865466,39.09790962,39.66722196,9773738,757316340.93,300750.SZ
2018-12-21,39.76980076,40.262179,38.7747864,40.262179,8873743,681882662.49,300750.SZ
2018-12-24,39.84160592,40.64172056,39.49796694,40.02111882,5938803,463915421.24,300750.SZ
2018-12-25,39.51335376,39.87237956,38.8004311,39.5954168,6588306,504970961.65,300750.SZ
2018-12-26,39.5954168,39.9544426,38.73888382,38.9286546,4925282,376715930.85,300750.SZ
2018-12-27,39.5954168,39.73902712,38.86710732,38.86710732,4881471,373262649.26,300750.SZ
2018-12-28,38.82094686,39.29793828,37.8515772,37.8515772,5629239,424092160.76,300750.SZ
2019-01-02,38.0823795,38.45166318,37.71309582,37.77977204,4394096,326259378.56,300750.SZ
2019-01-03,37.18994394,38.23111876,37.18994394,37.86696402,4494903,332238737.63,300750.SZ
2019-01-04,37.61051702,39.61593256,37.55922762,39.47232224,7905331,602100011.48,300750.SZ
2019-01-07,39.46206436,39.8262191,39.1338122,39.70825348,5969559,460577318.22,300750.SZ
2019-01-08,39.60567468,40.7494283,39.5954168,40.68788102,8574990,674107579.22,300750.SZ
2019-01-09,39.492838,40.11343974,38.55937092,39.99547412,12379879,952624089.74,300750.SZ
2019-01-10,39.82109016,39.9287979,38.99020188,39.12355432,8394273,644858368.73,300750.SZ
2019-01-11,39.2876804,39.3646145,38.3644712,38.61578926,6136703,463701250.73,300750.SZ
2019-01-14,38.6209182,39.14919902,38.1080242,39.02097552,4848795,366505969.91,300750.SZ
2019-01-15,38.979944,39.73902712,38.3901159,39.68260878,5873635,448317233.92,300750.SZ
2019-01-16,39.4415486,39.5954168,39.19023054,39.32358298,2573862,197749843.26,300750.SZ
2019-01-17,39.4671933,39.84673486,39.19023054,39.31845404,3718809,286721586.88,300750.SZ
2019-01-18,39.57490104,39.57490104,37.954156,38.6722076,6503927,488797282.63,300750.SZ
2019-01-21,38.48243682,38.79017322,38.08750844,38.59014456,5241159,392168954.03,300750.SZ
2019-01-22,38.46705,38.81068898,37.96954282,38.09263738,4258858,318440028.12,300750.SZ
2019-01-23,38.08750844,38.80556004,37.95928494,38.69272336,4884798,367089066.62,300750.SZ
2019-01-24,38.46705,38.90813884,38.3131818,38.55424198,3798418,286305027.7,300750.SZ
2019-01-25,38.79530216,40.41091826,38.55424198,39.71851136,9118956,707431983.52,300750.SZ
2019-01-28,40.0570214,40.13908444,38.99020188,39.01584658,4628893,355879562.15,300750.SZ
2019-01-29,39.11329644,39.69286666,38.0054454,39.32871192,5236313,395374218.95,300750.SZ
2019-01-30,38.12341102,39.67747984,37.75412734,39.0825228,7707782,583430175.04,300750.SZ
2019-01-31,39.11842538,39.88776638,39.0055887,39.04149128,4412755,339614007.96,300750.SZ
2019-02-01,39.32358298,40.60581798,39.0825228,40.2108896,6214411,483480057.27,300750.SZ
2019-02-11,40.51349706,41.73931372,40.50836812,41.544414,8343327,670709803.98,300750.SZ
2019-02-12,41.287967,41.8521504,41.04690682,41.544414,4989121,402647822.9,300750.SZ
2019-02-13,41.4418352,42.86255158,41.22129078,41.9034398,7877177,647619276.48,300750.SZ
2019-02-14,41.800861,45.58601872,41.7239269,43.45237968,12723314,1084873164.69,300750.SZ
2019-02-15,43.2882536,44.108884,42.2624656,42.27272348,10515313,880799439.67,300750.SZ
2019-02-18,42.6471361,43.53444272,42.34452864,43.31902724,8778720,735318290.16,300750.SZ
2019-02-19,43.42160604,43.48315332,41.9547292,42.20604726,9425786,782086064.52,300750.SZ
2019-02-20,42.4676232,43.339543,42.1085974,42.65739398,6067442,506750853.8,300750.SZ
2019-02-21,42.4163338,43.52931378,42.2111762,42.73945702,8228772,690870555.82,300750.SZ
2019-02-22,42.570202,43.7498582,42.11372634,43.27286678,8960036,752183500.54,300750.SZ
2019-02-25,43.99091838,47.01186404,43.99091838,46.83748008,15411302,1380347010.06,300750.SZ
2019-02-26,46.16046,46.5707752,44.97054592,45.391119,11324211,1009210794.58,300750.SZ
2019-02-27,44.9808038,45.84759466,43.7498582,44.1345287,9103790,795251089.99,300750.SZ
2019-02-28,44.11401294,45.73988692,44.11401294,44.9808038,7239918,637896402.79,300750.SZ
2019-03-01,46.7246434,47.63759472,45.8527236,46.17584682,9619284,873963510.04,300750.SZ
2019-03-04,46.929801,48.80699304,46.53487262,47.38627666,14036947,1306102150.1,300750.SZ
2019-03-05,47.38114772,47.68888412,46.7759328,47.4939844,8615692,793012158.99,300750.SZ
2019-03-06,47.76068928,48.1094572,45.84246572,46.7759328,10432922,949501268.65,300750.SZ
2019-03-07,46.5964199,46.5964199,44.45765192,45.07825366,13707148,1210805141.47,300750.SZ
2019-03-08,44.108884,45.2885402,43.45237968,43.58060318,11069663,951944818.31,300750.SZ
2019-03-11,43.45750862,45.22699292,43.3651877,45.09364048,9354658,813096537.5,300750.SZ
2019-03-12,46.9810904,48.1351019,45.75527374,46.70925658,14763435,1352038771.48,300750.SZ
2019-03-13,46.66822506,46.66822506,44.98593274,45.17570352,7577721,674377765.3,300750.SZ
2019-03-14,45.12441412,46.40664912,44.78590408,45.6219213,7982575,710913722.99,300750.SZ
2019-03-15,46.16558894,46.8785116,45.63217918,46.07326802,7821543,707054564.9,300750.SZ
2019-03-18,46.10404166,46.16046,45.0833826,45.79117632,7275762,646068126.87,300750.SZ
2019-03-19,45.7245001,47.12470072,45.134672,45.4424084,6817028,611077097.97,300750.SZ
2019-03-20,45.391119,45.391119,44.01656308,44.70896998,8814118,764749351.63,300750.SZ
2019-03-21,44.621778,45.3398296,44.0832393,44.68332528,8135960,707343505.65,300750.SZ
2019-03-22,44.68332528,44.68332528,43.70369774,44.40636252,6018992,518360062.88,300750.SZ
2019-03-25,45.11928518,46.45793852,44.63203588,45.647566,12990646,1158349085.37,300750.SZ
2019-03-26,45.14492988,45.38599006,43.5447006,43.7498582,9719783,836361947.69,300750.SZ
2019-03-27,43.852437,44.38584676,42.2111762,42.78048854,9492122,795590922.77,300750.SZ
2019-03-28,42.74458596,43.26773784,42.1085974,42.6727808,5857193,487897668.45,300750.SZ
2019-03-29,42.78561748,43.59599,42.3906891,43.59599,7124126,598855278.82,300750.SZ
2019-04-01,43.67805304,44.60126224,43.59599,44.2883969,9239090,794157526.95,300750.SZ
2019-04-02,44.2883969,44.32942842,43.25235102,43.58573212,10241327,869961308.93,300750.SZ
2019-04-03,43.4934112,43.6985688,43.02154872,43.32928512,7184038,605819178.35,300750.SZ
2019-04-04,43.40621922,43.67805304,43.083096,43.17028798,6679609,564517873.78,300750.SZ
2019-04-08,43.44725074,43.5447006,41.5957034,42.20604726,11376979,941060713.62,300750.SZ
2019-04-09,43.47289544,43.7242135,42.5189126,43.03693554,11942266,1003599920.67,300750.SZ
2019-04-10,42.98564614,42.98564614,41.9034398,42.18040256,10840837,890277783.11,300750.SZ
2019-04-11,42.1855315,42.3650444,41.32899852,41.40080368,8953765,728469344.87,300750.SZ
2019-04-12,41.50338248,42.37017334,41.49825354,42.04705012,5935673,486028531.12,300750.SZ
2019-04-15,42.4676232,42.57533094,41.5187693,41.52902718,5995060,491053132.17,300750.SZ
2019-04-16,41.287967,42.19578938,41.22129078,42.19578938,5718722,464852034.21,300750.SZ
2019-04-17,42.826649,44.25249432,42.826649,44.16530234,20500478,1752514963.72,300750.SZ
2019-04-18,44.17043128,44.2627522,43.29851148,43.4164771,7061781,601487607.49,300750.SZ
2019-04-19,43.34980088,43.59086106,42.5189126,42.6727808,6296775,524874428.75,300750.SZ
2019-04-22,42.67790974,42.8779384,41.55980082,41.66237962,6649229,543402295.03,300750.SZ
2019-04-23,41.287967,41.3649011,38.47217894,40.09292398,11525936,898901903.21,300750.SZ
2019-04-24,40.09805292,40.95971484,39.6979956,40.91868332,5134374,404380493.91,300750.SZ
2019-04-25,40.30833946,41.47260884,40.0570214,40.5699154,5297314,422497288.39,300750.SZ
2019-04-26,40.518626,41.2110329,40.50836812,40.6981389,3491801,278261724.69,300750.SZ
2019-04-29,41.53928506,41.73418478,40.5955601,40.91868332,4788277,383749258.05,300750.SZ
2019-04-30,40.9289412,41.32899852,40.5955601,40.90842544,3109077,248280438.38,300750.SZ
2019-05-06,39.42616178,39.83134804,38.49782364,38.8260758,6543106,499354099.44,300750.SZ
2019-05-07,38.979944,39.70825348,38.78504428,38.9030099,3711940,283552904.9,300750.SZ
2019-05-08,38.4157606,39.06713598,37.8002878,38.26702134,3499581,261613986.37,300750.SZ
2019-05-09,37.954156,38.51321046,37.25149122,37.2873938,4813423,353504942.68,300750.SZ
2019-05-10,37.68745112,38.20547406,36.27186368,38.0054454,5407424,396995566.08,300750.SZ
2019-05-13,37.4669067,37.57461444,36.54882644,36.71808146,4632721,334093982.62,300750.SZ
2019-05-14,36.88733648,37.5438408,36.88220754,37.01043104,4332993,313815476.7,300750.SZ
2019-05-15,37.184815,38.5439841,37.184815,38.45679212,6619534,491578062.86,300750.SZ
2019-05-16,38.3644712,38.38498696,37.9028666,38.12341102,3737156,277622386.84,300750.SZ
2019-05-17,38.31831074,38.31831074,36.88733648,37.0565915,3600307,263549587.87,300750.SZ
2019-05-20,36.60524478,36.96939952,34.82037366,35.74358286,4523747,315226938.03,300750.SZ
2019-05-21,36.01541668,36.50779492,35.84103272,35.9795141,3194938,225101966.36,300750.SZ
2019-05-22,36.27186368,36.37444248,35.5179095,35.57945678,2782387,194769381.74,300750.SZ
2019-05-23,35.2871072,35.5179095,34.5177662,34.61008712,4401686,298347370.19,300750.SZ
2019-05-24,34.78447108,34.9793708,34.35876906,34.7998579,2931112,198625492.24,300750.SZ
2019-05-27,34.87166306,35.71793816,34.71266592,35.4922648,4369021,300432177.9,300750.SZ
2019-05-28,35.4922648,36.86682072,35.2871072,36.86682072,5318129,372556045.8,300750.SZ
2019-05-29,36.01028774,36.56421326,35.9282247,36.19492958,3295113,232757105.25,300750.SZ
2019-05-30,36.15389806,36.15389806,35.3383966,35.80513014,2872644,199994014.41,300750.SZ
2019-05-31,36.0564482,36.14364018,35.57432784,35.61535936,2516679,175685319.67,300750.SZ
2019-06-03,35.1845284,35.73332498,34.876792,34.95885504,3252837,223503068.28,300750.SZ
2019-06-04,35.0819496,35.0819496,34.2613192,34.29722178,3166678,213131577.31,300750.SZ
2019-06-05,34.55366878,35.5691989,34.54853984,35.42558858,5009314,343503184.79,300750.SZ
2019-06-06,35.29223614,35.33326766,34.18951404,34.33312436,3748486,252839103.42,300750.SZ
2019-06-10,34.7998579,36.04106138,34.31773754,34.6716344,8845244,608130669.53,300750.SZ
2019-06-11,32.83547388,35.35891236,32.825216,34.97424186,24107111,1598113764.05,300750.SZ
2019-06-12,34.50237938,35.646133,34.50237938,35.2101731,15350806,1051599152.02,300750.SZ
2019-06-13,35.1845284,37.06172044,34.8255026,36.42060294,21548752,1517836884.03,300750.SZ
2019-06-14,36.45137658,38.04647692,36.3128952,37.02068892,20433297,1485468811.32,300750.SZ
2019-06-17,37.0565915,37.86696402,36.4667634,36.90785224,12070489,876179720.08,300750.SZ
2019-06-18,36.8770786,37.12326772,36.1077376,36.4411187,8180108,582895043.21,300750.SZ
2019-06-19,37.43100412,37.56435656,35.45123328,35.73845392,14281497,1005547313.99,300750.SZ
2019-06-20,35.73845392,36.02567456,35.0050155,35.42045964,12816110,888389359.04,300750.SZ
2019-06-21,36.415474,36.415474,35.3127519,35.43584646,11818586,821987074.04,300750.SZ
2019-06-24,35.43584646,35.45636222,34.83063154,35.31788084,6605850,452626112.41,300750.SZ
2019-06-25,35.30762296,35.4922648,34.77934214,35.30249402,7638790,524726340.95,300750.SZ
2019-06-26,35.10246536,36.18980064,35.02553126,35.89232212,9448365,659276524.38,300750.SZ
2019-06-27,35.81025908,36.26673474,35.6204883,35.86667742,10948902,766946532.19,300750.SZ
2019-06-28,35.3383966,35.61023042,34.876792,35.32813872,5721215,393261787.73,300750.SZ
2019-07-01,35.90258,36.415474,35.54868314,36.06670608,13077230,918840408.83,300750.SZ
2019-07-02,36.04619032,37.12326772,35.88206424,36.43598976,16251996,1159161875.13,300750.SZ
2019-07-03,36.16415594,37.44639094,36.04619032,36.8257892,22100168,1590621264.51,300750.SZ
2019-07-04,36.92323906,37.07197832,36.1846717,36.4411187,8084414,575394325.31,300750.SZ
2019-07-05,36.4667634,36.671921,35.91283788,36.45650552,8893749,631207237.87,300750.SZ
2019-07-08,36.17441382,36.17441382,34.82037366,35.31788084,8304330,572956111.62,300750.SZ
2019-07-09,35.32813872,36.35905566,35.133239,36.34366884,9602729,671619524.78,300750.SZ
2019-07-10,36.4667634,37.68232218,36.415474,37.0565915,15931512,1152969652.91,300750.SZ
2019-07-11,37.697709,37.70796688,36.8770786,37.14378348,7067279,513699469.25,300750.SZ
2019-07-12,37.33355426,38.07212162,37.18994394,37.89260872,9417205,694124849.05,300750.SZ
2019-07-15,38.21573194,38.25163452,37.441262,37.77977204,11271492,831092957.0,300750.SZ
2019-07-16,37.65154854,37.77977204,36.57447114,37.34894108,9607041,696256679.66,300750.SZ
2019-07-17,37.1591703,37.87209296,37.07197832,37.43613306,4317237,315550235.75,300750.SZ
2019-07-18,37.16429924,37.3386832,36.58472902,36.671921,4517044,324530503.39,300750.SZ
2019-07-19,36.77962874,37.4156173,36.70782358,37.184815,5735854,415492043.78,300750.SZ
2019-07-22,37.2568075,37.8220832,36.74805937,37.55486196,8765702,637958006.55,300750.SZ
2019-07-23,37.7193058,39.54360465,37.31847394,38.98860669,16470705,1243667020.02,300750.SZ
2019-07-24,39.1581894,39.53332691,38.7470798,38.89096816,11968548,911581946.34,300750.SZ
2019-07-25,38.9012459,39.44082725,38.6956911,38.95777347,11840107,900265031.06,300750.SZ
2019-07-26,38.72652432,39.96499199,38.72652432,39.39457742,11526351,887611744.45,300750.SZ
2019-07-29,39.32263324,39.7748538,39.06055087,39.40485516,7037596,539231508.15,300750.SZ
2019-07-30,39.5179103,40.33499063,39.12735618,39.95985312,9645886,748447373.95,300750.SZ
2019-07-31,39.8776312,39.8776312,39.055412,39.055412,6622124,507359962.59,300750.SZ
2019-08-01,39.0040233,39.53332691,38.68541336,38.9526346,6750326,512836765.97,300750.SZ
2019-08-02,38.02249913,38.8498572,37.89916625,38.68541336,7166010,537012579.33,300750.SZ
2019-08-05,38.3873589,38.6443024,37.45208456,37.513751,8991667,664300302.4,300750.SZ
2019-08-06,36.3831996,37.35444603,36.23417237,37.07694705,8493825,606804434.02,300750.SZ
2019-08-07,37.2568075,38.31027585,37.22597428,37.68333371,8604899,634607223.52,300750.SZ
2019-08-08,38.027638,38.12013766,37.4109736,37.55486196,3874396,283896694.06,300750.SZ
2019-08-09,38.01222139,38.01222139,36.74805937,36.96389191,4732689,342757055.43,300750.SZ
2019-08-12,36.90222547,37.7193058,36.75833711,37.70388919,4253610,309047521.33,300750.SZ
2019-08-13,37.42125134,38.17666523,37.29791846,37.75527789,5309490,390413486.06,300750.SZ
2019-08-14,38.027638,38.58777483,37.7706945,37.7706945,6324864,469662043.69,300750.SZ
2019-08-15,36.97416965,38.1304154,36.85083677,38.11499879,4622234,338674803.95,300750.SZ
2019-08-16,38.027638,38.1304154,37.52916761,37.62680614,6954025,510354144.28,300750.SZ
2019-08-19,37.8734719,39.1581894,37.62680614,39.1581894,10512285,788088318.8,300750.SZ
2019-08-20,39.14791166,39.23527245,38.62374692,38.76249641,6819064,516227096.82,300750.SZ
2019-08-21,38.65458014,39.54360465,38.65458014,38.9526346,6533092,497063366.52,300750.SZ
2019-08-22,39.055412,39.055412,38.541525,38.8498572,4917499,371406219.63,300750.SZ
2019-08-23,38.84471833,38.84471833,36.95875304,37.9762493,16565181,1217057417.21,300750.SZ
2019-08-26,37.45722343,37.88888851,37.2568075,37.39555699,9127893,667071588.73,300750.SZ
2019-08-27,37.69875032,38.29999811,37.57027857,37.6679171,9605221,708485566.74,300750.SZ
2019-08-28,38.11499879,38.16638749,37.18486332,37.26708524,8640082,630707719.1,300750.SZ
2019-08-29,37.26194637,37.27222411,36.50139361,36.52708796,10076080,719068780.42,300750.SZ
2019-08-30,36.72236502,37.45208456,36.25986672,37.13861349,11896719,853502524.6,300750.SZ
2019-09-02,37.09750253,37.58569518,36.94333643,37.49319552,9806682,711942578.79,300750.SZ
2019-09-03,37.36472377,37.4623623,36.40375508,36.5887544,13019463,928815989.45,300750.SZ
2019-09-04,36.42431056,36.68125406,35.9207013,36.57847666,11710654,825074108.0,300750.SZ
2019-09-05,36.59389327,37.20027993,36.59389327,36.6401431,12301592,882671197.57,300750.SZ
2019-09-06,36.71722615,37.1540301,36.71722615,36.92791982,8292198,595782214.49,300750.SZ
2019-09-09,37.26194637,39.569299,37.03069722,39.569299,25802948,1929969738.33,300750.SZ
2019-09-10,39.73888171,39.95471425,39.28666115,39.68235414,18827878,1453966628.19,300750.SZ
2019-09-11,40.0317973,41.66595796,39.75429832,39.96499199,21230612,1677214721.58,300750.SZ
2019-09-12,40.1859634,40.9567939,39.7234651,40.083186,15404790,1208379490.6,300750.SZ
2019-09-16,40.59193413,40.7512391,39.21985584,39.4151329,13527921,1049862814.99,300750.SZ
2019-09-17,39.35346646,39.35346646,38.13555427,38.29485924,14317599,1075220901.21,300750.SZ
2019-09-18,38.56721935,38.77791302,38.25888715,38.33083133,10085597,755559853.69,300750.SZ
2019-09-19,38.33083133,39.055412,38.33083133,38.73680206,14132303,1065080393.04,300750.SZ
2019-09-20,38.80874624,39.11707844,38.3359702,38.46958082,12802741,962427238.25,300750.SZ
2019-09-23,38.47471969,38.47985856,37.1540301,37.50861213,12309884,899754060.2,300750.SZ
2019-09-24,37.58569518,37.98652704,37.03069722,37.37500151,12842670,936875749.3,300750.SZ
2019-09-25,37.3081962,37.91458286,36.92278095,37.49319552,13395325,975645561.12,300750.SZ
2019-09-26,37.6165284,37.69361145,36.49625474,36.71722615,13092362,941682667.87,300750.SZ
2019-09-27,36.71722615,36.94333643,36.51681022,36.72236502,7143729,510484481.92,300750.SZ
2019-09-30,36.8970866,37.03583609,36.56819892,36.7429205,6760707,484212294.2,300750.SZ
2019-10-08,36.79944807,36.98958626,36.0748674,36.10570062,8735710,618883409.79,300750.SZ
2019-10-09,35.97722887,35.98750661,35.13959306,35.5095917,13221857,911571269.05,300750.SZ
2019-10-10,36.00806209,36.81486468,35.84875712,36.4345883,12285154,869992051.36,300750.SZ
2019-10-11,36.57333779,37.07180818,36.14167271,36.72236502,9492562,677544365.19,300750.SZ
2019-10-14,36.9484753,36.999864,36.2290335,36.40889395,12203588,867406114.96,300750.SZ
2019-10-15,36.40889395,37.0512527,36.31125542,36.47056039,8935077,636739159.86,300750.SZ
2019-10-16,36.49111587,36.65555971,35.7151465,35.81278503,8123690,568498326.46,300750.SZ
2019-10-17,35.8179239,35.95667339,35.40167543,35.6123691,7245504,501288116.17,300750.SZ
2019-10-18,35.7665352,36.13653384,35.64320232,36.01833983,7628238,533023008.19,300750.SZ
2019-10-21,36.11597836,36.11597836,35.458203,35.78709068,5043168,350055632.04,300750.SZ
2019-10-22,35.97209,36.44486604,35.97209,36.34208864,6927358,489333687.06,300750.SZ
2019-10-23,36.3318109,36.56306005,35.99778435,36.36264412,6317648,447168647.59,300750.SZ
2019-10-24,36.45000491,36.97416965,36.42431056,36.80972581,9043248,646704355.76,300750.SZ
2019-10-25,36.8456979,36.87139225,36.25986672,36.49625474,5389714,382402723.41,300750.SZ
2019-10-28,35.99778435,36.39347734,35.80764616,36.38833847,9966286,700210842.8,300750.SZ
2019-10-29,36.42944943,36.42944943,35.52500831,35.60209136,9865652,687635379.69,300750.SZ
2019-10-30,35.458203,35.82820164,35.13959306,35.72542424,7561367,520676672.8,300750.SZ
2019-10-31,35.65348006,35.88472921,35.29375916,35.30917577,5626806,387993148.14,300750.SZ
2019-11-01,35.21153724,35.6637578,35.16014854,35.62778571,5613492,387301784.2,300750.SZ
2019-11-04,35.7665352,35.96695113,35.5095917,35.93611791,8286601,577524887.1,300750.SZ
2019-11-05,36.13139497,38.20749845,35.93611791,37.76041676,23782533,1725001848.73,300750.SZ
2019-11-06,39.19416149,40.53540656,38.72138545,39.0040233,44148150,3404725404.43,300750.SZ
2019-11-07,38.6956911,39.52304917,38.09444331,38.6956911,21663334,1632551884.18,300750.SZ
2019-11-08,39.0040233,39.6720764,38.541525,38.86013494,19035838,1451717069.15,300750.SZ
2019-11-11,38.42846986,38.7470798,37.8734719,37.8734719,9991343,743193688.7,300750.SZ
2019-11-12,38.027638,38.6956911,37.79638885,38.25888715,9084273,676179118.88,300750.SZ
2019-11-13,38.4387476,38.48499743,37.91972173,37.99680478,6735241,500321731.55,300750.SZ
2019-11-14,38.2331928,38.46444195,37.92999947,38.0790267,6725875,500146771.62,300750.SZ
2019-11-15,38.17666523,38.17666523,36.7943092,37.3081962,10722051,777993873.48,300750.SZ
2019-11-18,37.45208456,37.61138953,37.07694705,37.44694569,4495507,327040087.26,300750.SZ
2019-11-19,37.65763936,39.55388239,37.45208456,39.53846578,18631350,1408822314.11,300750.SZ
2019-11-20,39.48193821,40.1345747,39.1581894,39.2095781,11246809,866890314.09,300750.SZ
2019-11-21,39.4151329,40.1345747,39.2095781,39.64638205,12442467,962849296.53,300750.SZ
2019-11-22,42.138734,43.4748402,40.83346102,41.3679035,42347174,3469882994.6,300750.SZ
2019-11-25,41.80470745,42.98664755,41.624847,42.95067546,28083768,2324168795.76,300750.SZ
2019-11-26,42.64748213,46.0442752,42.0873453,45.222056,39148358,3366468758.81,300750.SZ
2019-11-27,44.93941815,45.66399882,44.17886539,44.83664075,19444274,1701295924.24,300750.SZ
2019-11-28,44.5540029,46.0442752,44.27136505,44.91886267,14522464,1272961361.98,300750.SZ
2019-11-29,44.76983544,45.6845543,43.87567206,44.91886267,12922196,1128335006.52,300750.SZ
2019-12-02,45.3248334,45.38649984,44.0915046,44.7595577,11901718,1037432152.42,300750.SZ
2019-12-03,44.708169,44.83664075,43.46970133,44.3998368,15689440,1344177278.58,300750.SZ
2019-12-04,44.37928132,45.61261012,43.77289466,44.5540029,16878594,1471734012.43,300750.SZ
2019-12-05,44.71844674,48.02787902,44.68761352,47.277604,26362986,2386541251.7,300750.SZ
2019-12-06,47.1234379,47.99190693,46.8151057,47.791491,13437736,1241180809.83,300750.SZ
2019-12-09,48.0484345,48.0484345,46.7123283,47.73496343,14749903,1356068173.99,300750.SZ
2019-12-10,47.277604,48.53148828,46.9178831,47.97135145,12694910,1180456000.42,300750.SZ
2019-12-11,47.97135145,48.40301653,46.5067735,47.01552163,13325522,1228395775.99,300750.SZ
2019-12-12,47.00010502,47.7401023,45.84899814,46.0956639,14878693,1348243702.95,300750.SZ
2019-12-13,47.03607711,47.9970458,46.41427384,47.791491,18289816,1685672880.77,300750.SZ
2019-12-16,47.55510298,47.72468569,46.90760536,47.4317701,18217880,1677225430.6,300750.SZ
2019-12-17,48.7164876,49.94467753,48.53148828,49.01968093,27739358,2651624403.94,300750.SZ
2019-12-18,48.54176602,48.5623215,47.36496479,47.88912953,18640537,1738803703.2,300750.SZ
2019-12-19,48.0484345,48.08954546,47.03093824,47.91996275,10843349,1003631198.18,300750.SZ
2019-12-20,47.91482388,48.75759856,47.64246377,47.67843586,10357947,968703786.34,300750.SZ
2019-12-23,47.277604,49.01968093,47.05149372,47.7401023,14142900,1327211448.96,300750.SZ
2019-12-24,47.8942684,51.43494983,47.8942684,51.1317565,29704390,2899590776.3,300750.SZ
2019-12-25,51.05467345,54.20480076,50.43800905,54.1123011,23307715,2363520362.46,300750.SZ
2019-12-26,53.958135,54.97563126,52.76591716,54.01980144,14841677,1549926129.0,300750.SZ
2019-12-27,54.01980144,56.52757,53.00744405,53.5470254,24054959,2568286547.97,300750.SZ
2019-12-30,54.76493759,56.7845135,53.958135,56.52757,23577964,2546998962.12,300750.SZ
2019-12-31,56.45562582,56.70743045,54.23563398,54.6775768,21500700,2311684353.01,300750.SZ
2020-01-02,55.09382527,55.93659995,54.3178559,55.25313024,20611589,2213454650.95,300750.SZ
2020-01-03,55.25313024,56.62520853,54.45660539,56.29632085,18084178,1956828808.74,300750.SZ
2020-01-06,57.1956231,58.8400615,55.3970186,56.05993283,26500200,2958351779.87,300750.SZ
2020-01-07,56.01882187,56.34257068,55.19660267,55.7567395,13507544,1461154189.47,300750.SZ
2020-01-08,56.01882187,57.2984005,55.0372977,56.3220152,19224068,2098374347.29,300750.SZ
2020-01-09,57.555344,59.3539485,56.53270887,59.097005,20164351,2287090666.44,300750.SZ
2020-01-10,58.6858954,58.6858954,57.39090016,58.22853597,14428007,1628569248.45,300750.SZ
2020-01-13,59.610892,60.88533176,58.6858954,60.0733903,21597445,2516539925.09,300750.SZ
2020-01-14,61.41463537,62.05185525,59.18950466,59.4567259,21768473,2585867747.09,300750.SZ
2020-01-15,59.4567259,60.42283346,57.66326027,59.2511711,17758720,2031327383.2,300750.SZ
2020-01-16,59.610892,59.8678355,58.50603495,59.8164468,12934158,1492301746.76,300750.SZ
2020-01-17,59.79589132,60.41255572,58.583118,59.13811596,14662407,1694771901.3,300750.SZ
2020-01-20,59.09186613,64.27698596,58.0178423,63.3108784,24892200,2992287056.79,300750.SZ
2020-01-21,62.95629637,63.208101,61.90282802,62.51435355,14267108,1734790906.52,300750.SZ
2020-01-22,62.51435355,68.76835834,61.34783006,68.76835834,34991561,4493837402.16,300750.SZ
2020-01-23,68.0900275,70.402519,64.2872637,67.09822559,35986224,4755930193.29,300750.SZ
2020-02-03,65.03753872,73.73250676,65.0067055,69.55974432,52634602,7148822247.27,300750.SZ
2020-02-04,74.90930799,76.5177743,71.94931887,76.5177743,35913583,5283954889.56,300750.SZ
2020-02-05,81.28150679,84.16955173,80.3205381,84.16955173,53082382,8588999756.73,300750.SZ
2020-02-06,79.65762387,87.30426243,78.61957213,87.30426243,57918993,9265610935.71,300750.SZ
2020-02-07,85.305242,87.01648571,81.68233865,82.3246974,45499480,7426674364.74,300750.SZ
2020-02-10,82.735807,86.63107046,82.22192,84.92496562,37540921,6161572536.54,300750.SZ
2020-02-11,85.9219064,86.333016,80.9885912,81.3997008,33994559,5451183356.85,300750.SZ
2020-02-12,78.90734885,83.16747208,78.12624061,82.04205955,32586206,5174595055.65,300750.SZ
2020-02-13,80.16123313,81.90331006,78.97929303,80.34109358,31360960,4914616428.0,300750.SZ
2020-02-14,81.6566443,82.1705313,76.49721882,77.0316613,43961853,6739413554.76,300750.SZ
2020-02-17,76.569163,80.24859392,76.50749656,79.1899867,34447133,5309578996.44,300750.SZ
2020-02-18,79.1899867,81.708033,78.54762795,80.48498194,28230513,4400767113.91,300750.SZ
2020-02-19,84.791355,84.8427437,78.56818343,78.7274884,41816783,6598898913.78,300750.SZ
2020-02-20,80.4233155,84.791355,78.624711,82.22192,51844020,8254242623.04,300750.SZ
2020-02-21,81.0913686,83.5066375,79.76554014,82.1705313,33805137,5376640660.24,300750.SZ
2020-02-24,80.680259,82.14483695,78.35748976,79.34929167,36523081,5670550935.39,300750.SZ
2020-02-25,76.94943938,85.0482985,76.48694108,83.17261095,51602630,8116792624.55,300750.SZ
2020-02-26,81.5538669,82.65872395,77.4427709,78.55276682,33827986,5273485008.97,300750.SZ
2020-02-27,79.7038737,80.50553742,76.4663856,76.81582876,33200245,5062343300.33,300750.SZ
2020-02-28,71.93904113,74.513615,69.63682737,69.71904929,50844719,7090643685.99,300750.SZ
2020-03-02,71.3275156,72.94625965,69.34905065,71.93904113,31815002,4426474527.31,300750.SZ
2020-03-03,75.027502,76.92374503,73.9483393,74.91444686,29691061,4366384638.63,300750.SZ
2020-03-04,73.99458913,74.96583556,71.83112486,73.8455619,20594614,2945905656.09,300750.SZ
2020-03-05,75.30500098,75.96791521,72.971954,74.62667014,22463328,3254884224.32,300750.SZ
2020-03-06,72.97709287,75.6955551,72.7150105,73.75306224,15980869,2309879439.45,300750.SZ
2020-03-09,71.42515413,72.4066783,68.346971,68.57822015,29425285,4022533011.76,300750.SZ
2020-03-10,68.66044207,72.81264903,68.35210987,72.21654011,29274470,4026499803.83,300750.SZ
2020-03-11,73.485841,76.35333046,71.3275156,72.34501186,33923207,4857506589.47,300750.SZ
2020-03-12,69.9914094,70.28432499,67.48364084,68.9636354,33385759,4454589854.6,300750.SZ
2020-03-13,64.8011507,68.7580806,64.75490087,67.8844727,27455284,3557983786.6,300750.SZ
2020-03-16,65.777536,66.22975656,61.09602543,61.18338622,49048485,5992811655.68,300750.SZ
2020-03-17,62.180327,63.17212891,57.16992875,60.61297165,39220328,4571660103.94,300750.SZ
2020-03-18,61.1011643,63.4650445,59.610892,60.30463945,31338376,3757216350.32,300750.SZ
2020-03-19,61.152553,61.4094965,57.39603903,59.11756048,33156307,3803916536.71,300750.SZ
2020-03-20,60.638666,61.5122739,58.18228614,59.53894782,22514220,2615607081.53,300750.SZ
2020-03-23,56.9386796,57.33437259,53.96327387,55.23257476,30761809,3324031004.28,300750.SZ
2020-03-24,56.8359022,58.00756456,54.985909,57.33437259,29116996,3222263478.77,300750.SZ
2020-03-25,59.7136694,62.78671366,59.610892,62.180327,38592846,4603104636.27,300750.SZ
2020-03-26,61.15769187,62.87407445,60.7928321,61.47630181,19437090,2344662560.14,300750.SZ
2020-03-27,62.80213027,63.37768371,60.30977832,61.00352577,17499077,2101160340.25,300750.SZ
2020-03-30,59.610892,61.99532768,56.8872909,61.31185797,26165539,3010412506.63,300750.SZ
2020-03-31,61.80518949,63.27490631,60.56672182,61.86685593,19485192,2350421157.94,300750.SZ
2020-04-01,63.2594897,64.52365172,61.19366396,61.8719948,29895088,3664714147.46,300750.SZ
2020-04-02,60.3817225,63.5164332,59.97575177,63.5164332,20958836,2523168230.16,300750.SZ
2020-04-03,64.05601455,64.235875,61.5636626,62.180327,18220415,2225897354.02,300750.SZ
2020-04-07,63.5164332,64.79601183,63.21837874,64.0817089,18372889,2284706364.59,300750.SZ
2020-04-08,63.6705993,64.48767963,63.0025462,63.208101,11946973,1479285370.18,300750.SZ
2020-04-09,63.71171026,63.96865376,61.56880147,61.77435627,16052778,1944405072.93,300750.SZ
2020-04-10,62.25741005,63.24407309,60.60269391,60.87505402,14569554,1748457124.11,300750.SZ
2020-04-13,59.0456163,60.11964013,58.11034196,58.93770003,12458136,1432291941.7,300750.SZ
2020-04-14,60.638666,64.83198392,60.3817225,64.83198392,38893873,4803638073.83,300750.SZ
2020-04-15,66.7025326,67.77655643,65.38184301,65.777536,32564492,4226641423.33,300750.SZ
2020-04-16,65.91628549,68.71183077,65.17114934,68.32127665,21638110,2835377036.98,300750.SZ
2020-04-17,69.92974296,72.24223446,69.4261337,70.37682465,29252182,4024198915.36,300750.SZ
2020-04-20,70.0941868,70.27404725,67.77141756,69.12294037,18700233,2507578389.91,300750.SZ
2020-04-21,67.82794513,68.27502682,65.263649,67.07253124,19391746,2519303194.69,300750.SZ
2020-04-22,65.43323171,67.9872501,65.4178151,67.24211395,14686885,1904011483.11,300750.SZ
2020-04-23,68.2955823,68.2955823,66.0858682,66.7539213,12537857,1635621701.89,300750.SZ
2020-04-24,66.80531,69.888632,66.80531,67.67377903,16991648,2263542699.21,300750.SZ
2020-04-27,68.35724874,69.888632,67.87419496,68.81460817,14365453,1933994988.8,300750.SZ
2020-04-28,70.402519,71.9955687,67.63780694,71.0705721,22691656,3115997363.13,300750.SZ
2020-04-29,69.95543731,72.04181853,69.89377087,71.28640464,11954408,1659513004.42,300750.SZ
2020-04-30,73.999728,76.31735837,73.999728,74.19500506,23338521,3409837973.13,300750.SZ
2020-05-06,71.430293,75.4386116,71.30182125,74.91958573,19146391,2769607852.49,300750.SZ
2020-05-07,75.1816681,75.6441664,72.458067,73.5886184,16078680,2302059541.33,300750.SZ
2020-05-08,73.485841,74.62667014,72.40153943,74.04083896,14133880,2024998124.84,300750.SZ
2020-05-11,74.1025054,75.01722426,69.40557822,70.72112894,28536431,3959234289.15,300750.SZ
2020-05-12,71.46112622,71.88251356,69.74988251,71.430293,16027660,2208624438.51,300750.SZ
2020-05-13,70.57210171,71.76431955,70.34085256,71.05001662,12154242,1678255895.36,300750.SZ
2020-05-14,70.83932295,71.04487775,69.6316885,69.6830772,11433488,1560698259.49,300750.SZ
2020-05-15,71.91334678,75.89597103,71.40973752,74.76028076,32212118,4605864489.38,300750.SZ
2020-05-18,74.513615,74.513615,71.78487503,72.87431547,16088936,2287442333.56,300750.SZ
2020-05-19,73.5886184,74.9247246,73.23917524,73.61945162,10425183,1499320586.04,300750.SZ
2020-05-20,77.08305,79.8580398,76.57430187,76.7233291,32969279,5027432242.27,300750.SZ
2020-05-21,78.01318547,78.90734885,75.32555646,75.77777702,15487607,2328717775.5,300750.SZ
2020-05-22,75.34611194,75.46944482,72.458067,73.38820247,14817295,2127136883.11,300750.SZ
2020-05-25,73.32139716,74.21042167,72.22681785,74.1538941,10378205,1482241104.43,300750.SZ
2020-05-26,74.90930799,77.29374367,74.6163924,77.09846661,17486531,2596292602.28,300750.SZ
2020-05-27,77.06249452,79.652485,77.0316613,77.8538805,18104917,2763780108.47,300750.SZ
2020-05-28,77.07791113,77.5455483,73.7427845,75.97305408,17424709,2553996974.35,300750.SZ
2020-05-29,75.541389,75.96791521,74.2566715,74.78597511,14142791,2060033605.24,300750.SZ
2020-06-01,75.78291589,78.64012761,75.21250132,77.57124265,15176562,2284037537.37,300750.SZ
2020-06-02,79.138598,79.59595743,75.53111126,76.80555102,13703028,2055312032.79,300750.SZ
2020-06-03,77.08305,77.65860344,75.95763747,76.3122195,11363532,1693882301.33,300750.SZ
2020-06-04,77.0944202,79.32285037,76.4768414,77.19735,13757396,2082248431.57,300750.SZ
2020-06-05,76.96575795,77.89212615,75.78721174,77.8149288,9862700,1475831340.87,300750.SZ
2020-06-08,79.12213726,79.53900295,77.43408854,77.9178586,10560379,1605995418.59,300750.SZ
2020-06-09,79.5132705,80.26980453,78.7927619,79.23536004,15069925,2325730459.86,300750.SZ
2020-06-10,82.2923751,82.2923751,78.9986215,80.63520532,19821016,3097487314.6,300750.SZ
2020-06-11,82.34384,87.53150192,81.38144637,84.39214302,36817709,6056179350.39,300750.SZ
2020-06-12,82.43647682,83.6304625,81.76743312,81.9835857,25244551,4038133987.39,300750.SZ
2020-06-15,80.40361327,82.99229774,80.03306599,81.1601473,15945246,2526289032.82,300750.SZ
2020-06-16,82.858489,84.03188872,81.31968849,82.34384,13129741,2107390563.22,300750.SZ
2020-06-17,81.84977696,82.6011645,80.29039049,81.2116122,12529134,1973464261.58,300750.SZ
2020-06-18,81.2116122,82.12254093,80.285244,81.80345855,9656214,1526258395.54,300750.SZ
2020-06-19,82.33354702,86.8727512,81.90638835,85.3802691,25019327,4137793351.67,300750.SZ
2020-06-22,85.30307175,88.1593737,84.6597605,84.917085,19041226,3191062036.87,300750.SZ
2020-06-23,85.431734,87.04258537,84.15540448,86.91906961,15947506,2662217150.98,300750.SZ
2020-06-24,87.75794748,89.33277342,87.1300757,88.2623035,14660407,2515400581.42,300750.SZ
2020-06-29,87.7476545,88.7769525,86.98082749,88.02556496,11604049,1980641413.04,300750.SZ
2020-06-30,89.034277,92.36405603,89.034277,89.73419964,16251433,2849476587.99,300750.SZ
2020-07-01,91.8648465,93.6146531,86.39927412,87.1815406,28657478,4991087872.76,300750.SZ
2020-07-02,88.519628,88.61226482,84.66490699,86.0493128,27047963,4535545521.62,300750.SZ
2020-07-03,87.49033,87.87117026,85.96182247,86.2551724,24026447,4054240060.76,300750.SZ
2020-07-06,86.5639618,92.63682,86.25002591,91.5045922,30715268,5324573165.34,300750.SZ
2020-07-07,96.754012,100.65505142,96.4966875,100.65505142,25360423,4915716571.73,300750.SZ
2020-07-08,101.89535551,102.32251418,97.77301702,101.67920293,28889036,5645451323.93,300750.SZ
2020-07-09,101.385853,106.41397373,100.871204,105.51333798,27903552,5622121400.97,300750.SZ
2020-07-10,104.46345402,106.61468684,103.2385894,104.9369311,16829333,3436550911.7,300750.SZ
2020-07-13,108.8997284,115.43062421,108.8997284,115.33798739,30326879,6609862260.42,300750.SZ
2020-07-14,110.134886,113.5830343,107.48959014,111.13845155,33329626,7129824248.0,300750.SZ
2020-07-15,112.708131,113.51612993,104.01570939,106.54778247,27435061,5785551114.4,300750.SZ
2020-07-16,107.046992,109.55847912,101.0770636,101.26748373,27254968,5596500616.35,300750.SZ
2020-07-17,101.39099949,103.53708582,96.79518392,100.7168093,30378591,5903627257.05,300750.SZ
2020-07-20,105.03471441,108.64755039,102.46146941,105.6574397,28999908,5919664189.96,300750.SZ
2020-07-21,108.07114351,108.07114351,104.473747,106.532343,18656592,3855792321.1,300750.SZ
2020-07-22,105.503045,108.68872231,104.48918647,106.99038061,19165779,3992449598.59,300750.SZ
2020-07-23,106.532343,110.91200599,106.017694,109.8775615,25589954,5395410864.95,300750.SZ
2020-07-24,107.561641,108.0248251,100.79400665,102.25046332,34398314,6943402672.18,300750.SZ
2020-07-27,101.900502,103.43415602,97.77816351,98.4523537,25155581,4870628815.6,300750.SZ
2020-07-28,100.89693645,103.1871245,100.61902599,101.65347048,20148990,3988264848.14,300750.SZ
2020-07-29,101.65347048,105.503045,100.49551023,105.08103282,18998583,3844683433.85,300750.SZ
2020-07-30,105.503045,106.52205002,104.1649576,105.68317215,14353072,2944644012.9,300750.SZ
2020-07-31,106.017694,110.8039297,105.7603695,109.19307833,20704980,4378422256.04,300750.SZ
2020-08-03,110.07312812,111.0612542,108.10202245,110.9583244,15106133,3216865097.64,300750.SZ
2020-08-04,110.2892807,114.75643402,108.24097768,108.43139781,19958062,4309494880.36,300750.SZ
2020-08-05,108.45713026,109.5173072,106.30075095,108.25641715,12730060,2664523682.85,300750.SZ
2020-08-06,111.61707512,112.13172412,107.046992,108.8482635,14565688,3082282259.6,300750.SZ
2020-08-07,107.561641,110.2892807,104.01570939,105.13764421,18055246,3733669851.51,300750.SZ
2020-08-10,105.0913258,105.6574397,101.94167392,103.27976132,13078744,2629646475.41,300750.SZ
2020-08-11,103.31578675,105.2971854,101.96740637,102.11665458,12233213,2468198212.59,300750.SZ
2020-08-12,102.8783351,103.06360874,96.8569418,100.73224877,25272741,4855191798.76,300750.SZ
2020-08-13,103.3415192,103.94880502,100.08379103,100.86605751,13061210,2581164116.91,300750.SZ
2020-08-14,101.7461073,103.16139205,100.86605751,103.12022013,11970002,2373752130.69,300750.SZ
2020-08-17,102.9298,103.12022013,99.9448358,101.19028638,19707410,3866925434.64,300750.SZ
2020-08-18,102.7239404,105.503045,100.80944612,102.55925272,22122398,4415130040.55,300750.SZ
2020-08-19,101.7975722,101.7975722,97.78331,97.88109331,18714680,3610137183.17,300750.SZ
2020-08-20,96.239363,98.297959,95.210065,96.97016458,13020138,2444311254.49,300750.SZ
2020-08-21,98.48323264,99.81102706,97.78331,98.93097727,14655272,2815939720.4,300750.SZ
2020-08-24,99.9448358,107.046992,98.93612376,103.96424449,25806984,5156579057.63,300750.SZ
2020-08-25,103.96424449,106.017694,102.39456504,102.88862808,14549072,2935647680.18,300750.SZ
2020-08-26,102.42029749,102.91950702,99.29637806,100.0477656,15240258,2985718224.08,300750.SZ
2020-08-27,104.2164225,107.3043165,102.415151,105.47731255,28397772,5799779573.06,300750.SZ
2020-08-28,106.18238168,107.8189655,104.82370832,107.2013867,16967122,3510925235.07,300750.SZ
2020-08-31,107.90130934,108.46742324,105.50819149,106.19782115,13514481,2797718777.33,300750.SZ
2020-09-01,106.2750185,110.649535,105.50819149,110.26354825,19716189,4175644975.0,300750.SZ
2020-09-02,109.80551064,110.20179037,107.046992,108.75048019,14608611,3084140607.86,300750.SZ
2020-09-03,108.07629,108.590939,105.96108261,108.0248251,12452889,2600401902.48,300750.SZ
2020-09-04,104.07232078,105.84271334,103.22829642,105.12220474,14773663,2993649066.28,300750.SZ
2020-09-07,104.4222821,105.42584765,92.63682,95.9305736,44789699,8540774209.68,300750.SZ
2020-09-08,95.210065,96.754012,92.38464199,96.1878981,22073272,4063178479.39,300750.SZ
2020-09-09,92.122171,96.4966875,91.60237551,94.86010368,18934368,3444737254.9,300750.SZ
2020-09-10,95.210065,97.5259855,94.9527405,95.18947904,14826421,2775741169.21,300750.SZ
2020-09-11,95.724714,97.4230557,94.36089415,96.3937577,11765001,2188559588.65,300750.SZ
2020-09-14,98.0406345,100.34626202,97.78331,99.21403422,14289637,2755344741.23,300750.SZ
2020-09-15,100.6138795,101.385853,99.23462018,100.2021603,11703665,2283119874.78,300750.SZ
2020-09-16,101.27777671,101.3343881,98.0406345,98.94641674,11837864,2289962853.4,300750.SZ
2020-09-17,98.93612376,103.93336555,98.297959,102.1063616,18130771,3567477518.32,300750.SZ
2020-09-18,102.36883259,102.9298,100.47492427,101.91594147,10548691,2089777817.1,300750.SZ
2020-09-21,103.9076331,107.046992,101.31380214,101.86447657,16068319,3253235561.82,300750.SZ
2020-09-22,102.9298,105.0913258,101.86447657,103.1871245,12339378,2486477010.97,300750.SZ
2020-09-23,102.7239404,102.83716318,98.3494239,101.385853,15719429,3068479262.24,300750.SZ
2020-09-24,99.66177885,100.7682742,97.83992139,98.20532218,10668028,2053506543.55,300750.SZ
2020-09-25,99.6360464,100.2021603,98.08695291,98.5552835,6801208,1308079227.28,300750.SZ
2020-09-28,99.55884905,101.36012055,98.71482469,99.28093859,8233195,1600223953.99,300750.SZ
2020-09-29,100.60873301,106.14635625,100.57785407,105.49789851,20243551,4072131575.31,300750.SZ
2020-09-30,105.6574397,108.59608549,104.8854662,107.6645708,15990837,3336273480.53,300750.SZ
2020-10-09,113.21763351,117.79286312,113.10441073,115.72912063,23959241,5376329911.32,300750.SZ
2020-10-12,117.339972,120.942515,116.9797177,120.82929222,18938222,4398493906.52,300750.SZ
2020-10-13,120.88075712,122.78495842,117.854621,121.28732983,10746666,2516817784.32,300750.SZ
2020-10-14,121.971813,125.574356,120.8395852,122.1262077,13770183,3291861335.66,300750.SZ
2020-10-15,124.08702039,125.6258209,121.971813,122.7952514,9953526,2390083998.42,300750.SZ
2020-10-16,123.2584355,123.51576,115.44091719,117.3914369,20304062,4680601973.53,300750.SZ
2020-10-19,119.05375317,121.5086289,117.339972,118.06562709,13002499,3013473695.51,300750.SZ
2020-10-20,118.69349887,124.3391984,117.82374206,124.3391984,13596634,3215157955.21,300750.SZ
2020-10-21,123.54663894,123.83998887,117.17528432,119.56840217,16167925,3765707374.23,300750.SZ
2020-10-22,118.4721998,120.3249362,116.825323,119.33681012,9055157,2083319770.78,300750.SZ
2020-10-23,119.66103899,122.87759524,115.51296805,115.796025,11593811,2675565182.5,300750.SZ
2020-10-26,116.29523453,120.23744587,112.87796517,119.99041435,10802773,2483444489.13,300750.SZ
2020-10-27,120.942515,122.8467163,119.398568,122.07988929,9101539,2142729170.59,300750.SZ
2020-10-28,117.15984485,126.33089003,116.65034234,123.64956874,22415826,5333295829.78,300750.SZ
2020-10-29,121.98210598,125.58464898,119.56325568,123.51576,17435230,4141992876.83,300750.SZ
2020-10-30,124.04070198,132.0589334,122.6408567,127.20579333,22958747,5697363353.32,300750.SZ
2020-11-02,127.118303,136.6393095,125.83682699,133.88079086,18946131,4851443507.78,300750.SZ
2020-11-03,133.80874,133.80874,127.21093982,131.76043698,18456665,4678655503.43,300750.SZ
2020-11-04,131.235495,133.80874,128.66225,131.51855195,11061672,2823450164.92,300750.SZ
2020-11-05,134.323389,138.1832565,134.30280304,138.1832565,15795924,4183384889.78,300750.SZ
2020-11-06,139.66544562,141.64684427,133.80874,135.6100115,15658385,4181642685.96,300750.SZ
2020-11-09,137.925932,140.4477121,134.3748539,137.11793307,13228570,3519918484.63,300750.SZ
2020-11-10,136.54667268,139.92277012,131.51855195,136.85546208,14417544,3798315741.0,300750.SZ
2020-11-11,135.92394739,137.65831452,129.09455516,129.09455516,15758398,4067832842.2,300750.SZ
2020-11-12,133.80874,133.80874,129.99004442,130.84950825,9716864,2484194228.51,300750.SZ
2020-11-13,132.84119988,134.20501973,130.206197,130.31427329,11377678,2916695926.72,300750.SZ
2020-11-16,130.66423461,132.6250473,127.33960207,131.1840301,12312065,3117461904.91,300750.SZ
2020-11-17,132.4191877,133.80874,126.8609785,129.01221132,13674853,3446644846.06,300750.SZ
2020-11-18,128.72400788,129.72242694,121.87917618,123.7730845,19283321,4666571941.18,300750.SZ
2020-11-19,124.03555549,125.34276395,122.02842439,124.5965229,9758010,2347767353.96,300750.SZ
2020-11-20,125.82653401,130.5149864,125.82138752,129.73271992,12303462,3074188105.81,300750.SZ
2020-11-23,129.73271992,133.6543453,128.7137149,130.206197,12091293,3074248590.11,300750.SZ
2020-11-24,132.779442,133.3455559,128.66739649,131.0811003,9791966,2493964413.57,300750.SZ
2020-11-25,132.0589334,132.20303512,125.7802156,126.71687678,11709894,2919290534.92,300750.SZ
2020-11-26,126.9124434,126.9124434,123.1040408,126.26398566,8629485,2093179753.54,300750.SZ
2020-11-27,126.30515758,128.02923173,122.486462,124.545058,8433221,2042276835.53,300750.SZ
2020-11-30,125.574356,125.574356,120.43815898,124.9567772,12666236,3027343940.04,300750.SZ
2020-12-01,122.8981812,126.93817585,122.486462,126.69114433,9491971,2313881357.96,300750.SZ
2020-12-02,126.603654,126.603654,121.7659534,125.41481481,11965310,2878299332.58,300750.SZ
2020-12-03,125.41481481,127.10286353,122.67688213,126.59850751,10688561,2599398532.04,300750.SZ
2020-12-04,126.11988394,129.3312937,125.75448315,128.51814828,9233784,2301628558.31,300750.SZ
2020-12-07,129.1254341,136.29449467,129.1254341,134.56012754,17112954,4455396830.01,300750.SZ
2020-12-08,136.6393095,138.89861861,136.1246605,136.91207347,11636158,3104188969.87,300750.SZ
2020-12-09,138.30162577,140.2933174,134.87920992,136.896634,15363649,4118082968.01,300750.SZ
2020-12-10,135.42988435,137.6686075,133.294091,136.28934818,9985664,2632528799.1,300750.SZ
2020-12-11,135.51222819,137.67890048,134.6836433,137.18483744,12893673,3422455576.52,300750.SZ
2020-12-14,137.18998393,138.30162577,134.8895029,136.896634,10724116,2853628548.55,300750.SZ
2020-12-15,137.925932,143.77749113,136.09892805,143.3297465,17781261,4843902027.0,300750.SZ
2020-12-16,144.2046498,147.3440087,142.557773,147.22049294,14288803,4031211462.83,300750.SZ
2020-12-17,146.2632458,148.1159822,145.13616449,146.57718169,8812326,2508931372.63,300750.SZ
2020-12-18,146.9322895,150.76642455,145.75888978,149.24306351,9512618,2747669766.85,300750.SZ
2020-12-21,152.72209075,167.260925,150.9465517,167.260925,19810397,6099782514.53,300750.SZ
2020-12-22,164.68253351,170.00400417,160.4160933,161.41451236,16874400,5377597576.03,300750.SZ
2020-12-23,161.42995183,169.4739157,158.08987982,163.658382,17390320,5538718908.38,300750.SZ
2020-12-24,163.143733,163.99805034,158.7692165,160.055839,9478596,2959419425.07,300750.SZ
2020-12-25,159.026541,162.2173648,157.48774049,160.97706071,9539934,2967552613.6,300750.SZ
2020-12-28,162.2173648,164.68768,160.055839,163.03051022,11973062,3782275235.68,300750.SZ
2020-12-29,163.03565671,164.0701012,156.13421362,158.511892,12174791,3759197905.48,300750.SZ
2020-12-30,164.68768,179.06697306,164.68768,174.98066,22881682,7648664797.97,300750.SZ
2020-12-31,177.54361202,182.1342811,175.86070979,180.69841039,15200521,5283669711.79,300750.SZ
2021-01-04,184.2958069,211.57735039,184.2958069,207.9696609,22480807,8687099006.98,300750.SZ
2021-01-05,203.286355,207.8152662,198.65966049,206.888898,22745201,9014539649.19,300750.SZ
2021-01-06,209.976792,214.093984,201.23290549,209.34377373,18668114,7476239865.78,300750.SZ
2021-01-07,206.36910251,213.579335,204.25389512,212.66840627,17389487,7064219721.54,300750.SZ
2021-01-08,215.637931,218.72067851,204.5215126,208.1755205,21006685,8534719468.52,300750.SZ
2021-01-11,210.94433212,210.94433212,198.654514,200.71311,23005038,9098694885.58,300750.SZ
2021-01-12,198.3971895,208.1240556,195.56662,206.46173933,16559671,6519876504.75,300750.SZ
2021-01-13,205.8596,211.2634145,191.95378402,198.139865,27261967,10634079156.74,300750.SZ
2021-01-14,193.0963048,197.625216,189.40112498,189.91062749,19606569,7315308913.46,300750.SZ
2021-01-15,189.38568551,197.61492302,187.846885,195.84967695,19822928,7439894398.97,300750.SZ
2021-01-18,193.88886426,201.6394782,193.38965473,197.5737511,14201178,5471186934.28,300750.SZ
2021-01-19,197.625216,198.654514,187.61529295,188.41814539,16286661,6085692761.11,300750.SZ
2021-01-20,192.3757962,202.45262362,190.88846059,201.4336186,21341613,8254525726.97,300750.SZ
2021-01-21,199.169163,205.344951,195.56662,201.3821537,17479166,6831720356.62,300750.SZ
2021-01-22,201.4850835,211.15019172,201.4850835,209.976792,19044156,7637563994.44,300750.SZ
2021-01-25,209.1018887,215.29826266,201.91738866,204.28992055,21741425,8762929073.74,300750.SZ
2021-01-26,204.21786969,204.21786969,197.50170024,198.3971895,15104374,5853513769.95,300750.SZ
2021-01-27,201.742408,202.3599868,191.449428,200.98072748,14838511,5705898439.04,300750.SZ
2021-01-28,195.56662,197.11571349,189.390832,190.3686651,18182027,6792412556.18,300750.SZ
2021-01-29,193.51317049,194.022673,176.29816144,182.24235739,27601326,9896345998.55,300750.SZ
2021-02-01,181.671097,183.6782281,178.1714838,180.29698417,17525081,6170654212.21,300750.SZ
2021-02-02,181.16159449,190.41498351,173.62713313,189.2879022,25086475,8919403723.18,300750.SZ
2021-02-03,195.051971,199.45736644,193.01910745,196.07097602,21107294,8082621707.65,300750.SZ
2021-02-04,198.09354659,202.6687762,195.3092955,199.9411365,21630174,8354708667.47,300750.SZ
2021-02-05,203.286355,204.31050651,191.88687965,192.19566905,18411695,7036248026.18,300750.SZ
2021-02-08,192.993375,208.3299152,191.96922349,207.918196,24402658,9586610901.77,300750.SZ
2021-02-09,211.6236688,213.579335,206.2713192,211.1090198,16203746,6632109518.73,300750.SZ
2021-02-10,213.05953951,214.4027734,208.947494,212.37505634,16282957,6704613974.91,300750.SZ
2021-02-18,217.181878,217.181878,199.10740512,204.315653,23824929,9491493857.26,300750.SZ
2021-02-19,200.71311,203.801004,192.5816558,199.4264875,18690354,7159858378.61,300750.SZ
2021-02-22,199.4264875,203.6980742,192.9419101,192.993375,16720351,6411239336.71,300750.SZ
2021-02-23,190.42013,193.78593446,185.72653112,193.78593446,13604746,5027757786.27,300750.SZ
2021-02-24,192.993375,194.537322,174.6718706,178.583203,30272084,10682015850.83,300750.SZ
2021-02-25,182.10854865,182.10854865,172.407415,173.4881779,24575702,8445690070.16,300750.SZ
2021-02-26,166.231627,171.378117,163.55030571,165.83534727,22950635,7449904802.03,300750.SZ
2021-03-01,170.61128999,177.87298738,168.94897372,177.3480454,20539402,6964880536.07,300750.SZ
2021-03-02,181.671097,181.7740268,175.52618794,179.9212904,15281131,5308970364.61,300750.SZ
2021-03-03,178.09428645,179.93672987,175.16593364,179.93672987,10464433,3617077585.64,300750.SZ
2021-03-04,177.553905,177.553905,166.18530859,167.55427493,18103403,5984259540.03,300750.SZ
2021-03-05,161.09028349,168.22846512,158.68172617,164.68768,17307341,5511104280.19,300750.SZ
2021-03-08,166.231627,172.26331328,154.84759112,156.967945,21295514,6751702325.59,300750.SZ
2021-03-09,154.3947,159.7985145,148.733561,154.3947,27357719,8235734794.89,300750.SZ
2021-03-10,162.629084,165.86107972,161.085137,161.8571105,23763768,7542999117.76,300750.SZ
2021-03-11,162.629084,171.62514852,160.2102337,170.49292072,20964281,6829108561.82,300750.SZ
2021-03-12,173.39039459,177.553905,170.5032137,175.73204754,18952041,6424536234.89,300750.SZ
2021-03-15,174.98066,174.98066,157.997243,160.7248827,23040352,7361113706.9,300750.SZ
2021-03-16,163.143733,167.25577851,161.3424615,166.231627,13712397,4384184142.32,300750.SZ
2021-03-17,163.59662412,173.0249938,161.1366019,171.378117,14672578,4829807794.64,300750.SZ
2021-03-18,171.892766,176.58121839,171.64058799,172.8191342,11366956,3840901084.28,300750.SZ
2021-03-19,167.260925,171.37297051,160.055839,162.8864085,18971590,6051504889.61,300750.SZ
2021-03-22,164.173031,165.202329,153.82343961,158.4089622,23171883,7137600231.12,300750.SZ
2021-03-23,156.967945,159.87056536,154.45645788,156.40697759,15116923,4603584945.64,300750.SZ
2021-03-24,156.967945,157.0194099,146.674965,148.62548471,25208186,7334176816.41,300750.SZ
2021-03-25,144.36419099,150.97228415,144.12745245,150.04591595,18439889,5281518749.08,300750.SZ
2021-03-26,151.821455,161.62551845,150.792157,161.40421938,23710285,7292443310.74,300750.SZ
2021-03-29,161.3424615,164.56931073,156.97309149,160.3646284,15563243,4871068353.95,300750.SZ
2021-03-30,160.36977489,165.19203602,158.511892,164.16273802,12640386,4003150838.63,300750.SZ
2021-03-31,164.11641961,167.85791784,161.085137,165.80446833,16054553,5133802498.75,300750.SZ
2021-04-01,166.6433462,172.65959301,166.3860217,169.82902351,11333813,3741712771.48,300750.SZ
2021-04-02,171.35238455,173.01470082,168.22846512,171.0693276,9262891,3074575828.17,300750.SZ
2021-04-06,172.407415,173.951362,164.21934941,167.6726442,10463817,3421873640.8,300750.SZ
2021-04-07,171.33179859,171.33179859,160.64768535,164.68768,13393147,4245479570.23,300750.SZ
2021-04-08,161.599786,165.54199734,160.055839,164.61048265,7870973,2507089321.0,300750.SZ
2021-04-09,166.75142249,166.75142249,159.54119,160.570488,9323686,2918718120.0,300750.SZ
2021-04-12,163.79219074,167.28151096,161.1366019,162.11958149,14059546,4483570206.77,300750.SZ
2021-04-13,161.2395317,171.378117,161.1366019,167.13740924,14021091,4558191605.51,300750.SZ
2021-04-14,170.48262774,178.83538101,169.15483332,178.068554,18504345,6295708676.4,300750.SZ
2021-04-15,174.96007404,175.7526335,171.46560733,173.436713,12474137,4202803202.76,300750.SZ
2021-04-16,174.98066,175.1865196,167.0550654,171.81042216,11536269,3834287110.76,300750.SZ
2021-04-19,172.407415,187.5895605,170.52894615,187.332236,20547682,7250923622.24,300750.SZ
2021-04-20,184.23404902,189.79740471,181.9284215,184.758991,14283434,5154523734.92,300750.SZ
2021-04-21,180.72414284,184.1928771,178.9949222,183.05550281,12399643,4373022068.64,300750.SZ
2021-04-22,188.361534,188.6703234,181.99532587,186.48821164,10791346,3907120259.51,300750.SZ
2021-04-23,186.48821164,191.964077,185.27878649,191.1921035,11536538,4255126795.19,300750.SZ
2021-04-26,192.2728664,195.56662,178.6861328,179.612501,25623665,9238754935.97,300750.SZ
2021-04-27,180.12715,180.5388692,175.11446874,179.4066414,15180979,5243699574.44,300750.SZ
2021-04-28,181.67624349,192.993375,181.156448,188.89162247,23632614,8597828977.93,300750.SZ
2021-04-29,190.83699569,196.5444531,189.32392763,195.56147351,18086320,6806129765.77,300750.SZ
2021-04-30,191.964077,201.742408,189.34966008,199.77130233,25865106,9896566189.38,300750.SZ
2021-05-06,200.71311,200.71311,189.6481565,197.625216,18968026,7198512557.3,300750.SZ
2021-05-07,197.625216,199.45221995,188.42843837,189.02028472,15138529,5685506805.9,300750.SZ
2021-05-10,187.7439552,192.47357951,185.27364,189.49890829,12455280,4573789550.41,300750.SZ
2021-05-11,186.302938,190.3686651,181.671097,188.6703234,11412084,4142445890.27,300750.SZ
2021-05-12,188.876183,189.94150643,183.00403791,186.0456135,13360160,4812795101.18,300750.SZ
2021-05-13,182.3401407,184.64576822,179.9727553,180.6932639,11347605,4017576452.11,300750.SZ
2021-05-14,181.93871448,185.5309645,176.61209733,184.758991,17657660,6228877398.1,300750.SZ
2021-05-17,185.27364,193.44626612,185.26849351,192.05671382,19330918,7172265166.21,300750.SZ
2021-05-18,191.449428,195.1549008,188.59827254,189.9569459,8962010,3323751525.18,300750.SZ
2021-05-19,188.6188585,195.56662,186.817587,193.01910745,11746435,4407782455.5,300750.SZ
2021-05-20,194.4343922,197.56860461,190.4715949,194.40351326,12843969,4839062724.47,300750.SZ
2021-05-21,196.99219773,199.31326472,189.89004153,193.28672493,14056597,5316782152.9,300750.SZ
2021-05-24,195.56662,199.96686895,193.60066082,199.66322604,16961148,6535959080.02,300750.SZ
2021-05-25,200.42490656,203.801004,198.5001193,203.55911897,14957705,5881748189.73,300750.SZ
2021-05-26,203.286355,205.84930702,197.96488434,198.35601758,12698850,4932244991.47,300750.SZ
2021-05-27,199.43163399,200.71311,196.51872065,197.625216,7959838,3073473014.83,300750.SZ
2021-05-28,200.71311,216.9245535,200.71311,210.8002304,27715051,11346592533.34,300750.SZ
2021-05-31,214.093984,224.16566493,213.064686,223.4091309,20006312,8540083588.81,300750.SZ
2021-06-01,216.15258,221.813719,214.36160148,218.90080566,15875357,6727933260.37,300750.SZ
2021-06-02,220.8358859,223.19812481,215.77688623,218.4685005,11571216,4933369539.66,300750.SZ
2021-06-03,219.240474,220.41387372,211.00609,213.46611222,12375991,5164432660.23,300750.SZ
2021-06-04,215.637931,226.1882355,213.66167884,222.43644429,18010150,7765736027.45,300750.SZ
2021-06-07,218.13397865,218.20602951,205.8596,209.7194675,21529447,8812647425.85,300750.SZ
2021-06-08,207.918196,218.64862765,207.918196,210.79508391,16631690,6887633928.45,300750.SZ
2021-06-09,210.491441,214.093984,207.403547,210.68186113,9358239,3829137540.88,300750.SZ
2021-06-10,211.05240841,228.84382434,211.05240841,223.68189487,19350231,8400201736.84,300750.SZ
2021-06-11,227.989507,235.62689816,221.32994894,232.61105502,19796063,8816469190.82,300750.SZ
2021-06-15,233.135997,234.6284791,224.1296395,229.018805,10252153,4562143371.35,300750.SZ
2021-06-16,226.91389059,228.4012262,214.61377949,216.24521682,13969365,5989483516.45,300750.SZ
2021-06-17,218.33983825,225.28245326,218.33983825,223.62013699,10272398,4433456914.82,300750.SZ
2021-06-18,224.99939631,234.2682248,224.99939631,231.59205,15600042,7001105223.46,300750.SZ
2021-06-21,232.5184182,234.6284791,226.55878278,233.0330672,12082314,5452180813.1,300750.SZ
2021-06-22,231.68468682,233.64549951,226.55878278,231.71041927,8847005,3966367403.96,300750.SZ
2021-06-23,233.69181792,242.91947449,232.3640235,241.08732405,12445699,5774145630.95,300750.SZ
2021-06-24,243.49588137,244.39651712,237.77298449,240.4954777,9213246,4302188924.11,300750.SZ
2021-06-25,243.428977,245.487573,236.223891,245.09129327,9955534,4686222357.53,300750.SZ
2021-06-28,245.08614678,258.85815402,241.01527319,254.1851411,14643927,7224070341.95,300750.SZ
2021-06-29,264.34945885,267.4116204,259.49631878,261.70416299,15340180,7834685995.77,300750.SZ
2021-06-30,261.96148749,278.939758,256.295202,275.2342852,14455682,7574604647.61,300750.SZ
2021-07-01,276.2635832,277.91046,266.59332849,272.5066455,11324700,5996925819.84,300750.SZ
2021-07-02,269.74298037,275.41955884,262.29600934,267.40647391,13871718,7242849769.0,300750.SZ
2021-07-05,265.166805,272.21045916,261.59863809,267.36537249,14351499,7406241681.91,300750.SZ
2021-07-06,267.74124,278.53842039,258.42693417,265.28522901,18055540,9395935106.71,300750.SZ
2021-07-07,267.74124,279.3261975,261.11464431,279.3261975,18145691,9654261557.26,300750.SZ
2021-07-08,283.69758813,294.2579205,279.39828168,287.90421492,15879012,8888330054.72,300750.SZ
2021-07-09,287.81668413,287.81668413,275.23284585,281.06651556,15660730,8521226651.94,300750.SZ
2021-07-12,286.33380957,297.089799,286.33380957,291.31791573,15476312,8772503853.06,300750.SZ
2021-07-13,288.33672,298.4285052,284.217624,289.88652987,13637065,7678988306.08,300750.SZ
2021-07-14,285.762285,289.30470756,278.553867,283.89324519,12587871,6965504600.68,300750.SZ
2021-07-15,280.613415,292.90891656,278.57961135,292.455816,13733347,7628510590.39,300750.SZ
2021-07-16,291.940929,291.940929,271.92727131,273.404997,17849493,9719489197.62,300750.SZ
2021-07-19,278.03898,278.90399016,265.681692,269.5433445,18012945,9474773727.22,300750.SZ
2021-07-20,265.166805,277.66311249,265.166805,271.88093148,13000547,6869197468.72,300750.SZ
2021-07-21,272.90040774,286.31836296,270.83571087,286.16389686,18204911,9878628606.91,300750.SZ
2021-07-22,286.5861042,290.23665303,280.96868703,286.83324996,10883599,6027459316.6,300750.SZ
2021-07-23,285.762285,290.39111913,281.128302,281.64833787,9332873,5157401634.64,300750.SZ
2021-07-26,280.098528,284.69646891,269.0284575,277.92570486,12728980,6852321740.95,300750.SZ
2021-07-27,279.59393874,287.91966153,254.869065,254.869065,17846033,9419312665.15,300750.SZ
2021-07-28,255.383952,274.5892371,255.383952,270.34141935,21724743,11221667797.34,300750.SZ
2021-07-29,281.128302,287.17307538,272.375223,286.6890816,18620249,10167714631.32,300750.SZ
2021-07-30,290.911155,299.7672114,278.03898,283.3938048,20181013,11332846398.77,300750.SZ
2021-08-02,286.792059,296.05487613,274.37298456,284.217624,18297279,10131832068.13,300750.SZ
2021-08-03,285.762285,286.277172,269.285901,273.404997,12238308,6535093739.81,300750.SZ
2021-08-04,274.949658,293.99532813,270.315675,292.970703,17400431,9647161978.27,300750.SZ
2021-08-05,291.426042,291.426042,281.40119211,286.792059,12979233,7197921132.82,300750.SZ
2021-08-06,290.80302873,291.940929,277.524093,280.03674156,14371245,7918384463.82,300750.SZ
2021-08-09,273.919884,274.1773275,258.98301213,265.681692,18583111,9534234240.43,300750.SZ
2021-08-10,263.11240587,267.32418153,256.928613,262.8498135,18016853,9152881562.62,300750.SZ
2021-08-11,262.59237,269.285901,259.95614856,266.32530075,11236434,5790098627.49,300750.SZ
2021-08-12,263.62729287,264.13188213,254.354178,258.473274,17116184,8599262131.01,300750.SZ
2021-08-13,247.14576,272.8386213,247.14576,258.49901835,27725763,14085448989.05,300750.SZ
2021-08-16,254.354178,259.44641043,241.93510356,245.601099,22043980,10620462840.25,300750.SZ
2021-08-17,249.720195,254.7660876,245.72467188,247.14576,15610638,7586087133.68,300750.SZ
2021-08-18,250.51312098,258.9366723,245.81220267,254.869065,15957481,7861906061.17,300750.SZ
2021-08-19,258.473274,262.45335051,249.205308,258.988161,14453518,7215253955.37,300750.SZ
2021-08-20,256.928613,257.0315904,248.4329775,254.41081557,12527606,6160678537.9,300750.SZ
2021-08-23,260.017935,269.39917614,258.47842287,268.7195253,16224431,8359923041.06,300750.SZ
2021-08-24,265.8876468,278.0904687,265.22859144,269.285901,13313712,7011227150.0,300750.SZ
2021-08-25,269.800788,274.0228614,263.2102344,273.01368288,9530347,4963866861.09,300750.SZ
2021-08-26,278.02868226,287.79093978,268.19948943,268.256127,16798255,8951110526.85,300750.SZ
2021-08-27,267.74124,269.800788,258.473274,261.3051525,11958157,6098898952.57,300750.SZ
2021-08-30,261.27940815,270.7275846,256.85652882,260.14150788,15714333,8036791726.73,300750.SZ
2021-08-31,263.59125078,263.59125078,250.15784895,254.80212969,14762087,7288932626.77,300750.SZ
2021-09-01,253.324404,254.354178,242.7692205,251.63042577,14462675,7006043909.9,300750.SZ
2021-09-02,253.324404,255.44058957,250.12180686,254.0967345,11464887,5637614465.94,300750.SZ
2021-09-03,256.413726,259.44126156,247.59886056,250.4925255,11282023,5523301032.38,300750.SZ
2021-09-06,253.839291,266.711466,248.690421,265.7331807,14791957,7471544141.65,300750.SZ
2021-09-07,265.166805,271.17038742,262.59237,264.65706687,9422232,4866454172.22,300750.SZ
2021-09-08,267.226353,269.58453546,257.4435,258.988161,9739395,4960557751.53,300750.SZ
2021-09-09,262.3349265,267.21605526,252.7065396,261.1506864,11016209,5541869353.34,300750.SZ
2021-09-10,254.06584128,259.38977286,252.64475316,258.5247627,11296936,5625272662.43,300750.SZ
2021-09-13,258.5247627,263.6736327,255.383952,258.8851836,8968966,4498932655.14,300750.SZ
2021-09-14,261.10949544,278.553867,258.94697004,272.8386213,23383657,12347086768.78,300750.SZ
2021-09-15,272.89011,273.91473513,263.52431547,270.49588545,10501454,5470153200.69,300750.SZ
2021-09-16,269.285901,269.285901,256.413726,256.413726,11260408,5712849969.45,300750.SZ
2021-09-17,255.898839,262.077483,253.39133931,258.988161,8193837,4095076761.76,300750.SZ
2021-09-22,254.6631102,257.958387,251.3163447,253.99890597,6423920,3170987210.07,300750.SZ
2021-09-23,259.94585082,259.94585082,253.2214266,253.83414213,7971421,3955499103.71,300750.SZ
2021-09-24,254.80212969,263.88473637,252.5520735,257.43320226,10262492,5155614316.07,300750.SZ
2021-09-27,260.017935,267.6382626,257.33537373,264.3944745,14496264,7441411134.81,300750.SZ
2021-09-28,263.622144,266.68572165,256.5167034,257.66490141,9222505,4682091359.49,300750.SZ
2021-09-29,255.383952,263.5191666,254.354178,258.73586637,9395464,4739177462.63,300750.SZ
2021-09-30,260.017935,274.1773275,258.47842287,270.69154251,16714235,8696962248.11,300750.SZ
2021-10-08,274.949658,283.22389209,269.2344123,274.949658,12516925,6710477515.55,300750.SZ
2021-10-11,275.464545,276.8032512,266.74235922,268.256127,7830888,4112416011.4,300750.SZ
2021-10-12,268.55476146,269.09024394,256.86682656,260.017935,9590683,4879529812.42,300750.SZ
2021-10-13,260.017935,269.0284575,259.503048,268.90488462,7652244,3950317431.22,300750.SZ
2021-10-14,270.315675,275.40275856,270.315675,274.0743501,7841554,4161069009.13,300750.SZ
2021-10-15,273.919884,298.05263769,271.9118247,292.970703,22951299,12822713734.87,300750.SZ
2021-10-18,299.149347,306.48133788,293.48559,306.36806274,18670216,10933506377.62,300750.SZ
2021-10-19,310.991748,316.64520726,301.208895,304.0922622,15088955,8990013549.6,300750.SZ
2021-10-20,306.357765,315.82138806,302.238669,303.5258865,12466583,7444464950.09,300750.SZ
2021-10-21,303.78333,308.417313,298.63446,306.872652,10142297,6008461971.03,300750.SZ
2021-10-22,312.01122426,312.01122426,303.95324271,309.6530418,11021603,6612493209.14,300750.SZ
2021-10-25,315.110844,321.88675692,310.64677371,314.47753299,14052090,8636989621.97,300750.SZ
2021-10-26,327.34455912,328.74505176,306.83660991,307.89727713,14827692,9075608784.6,300750.SZ
2021-10-27,307.89727713,316.67610048,305.41552179,316.67610048,13548574,8191755889.74,300750.SZ
2021-10-28,321.804375,326.953245,310.44081891,312.6393864,17282868,10650216882.86,300750.SZ
2021-10-29,316.80482223,332.35440963,308.38641978,329.12606814,20268702,12687999698.06,300750.SZ
2021-11-01,330.042567,349.608273,324.96063231,334.67655,22179659,14502525103.64,300750.SZ
2021-11-02,337.250985,342.79116912,333.646776,338.795646,13140789,8630072694.35,300750.SZ
2021-11-03,335.191437,337.77616974,323.349036,329.52768,12760630,8165156864.72,300750.SZ
2021-11-04,333.646776,337.250985,327.49387635,333.05465595,9201009,5951843600.42,300750.SZ
2021-11-05,329.012793,334.56327486,326.43320913,326.48469783,8555085,5465118685.46,300750.SZ
2021-11-08,327.983019,342.38955726,324.893697,340.2373296,12269565,8026800882.27,300750.SZ
2021-11-09,343.81064538,343.944516,336.28814631,341.51424936,6674583,4413176640.35,300750.SZ
2021-11-10,335.25837231,338.00786889,326.953245,333.646776,12739826,8216658651.91,300750.SZ
2021-11-11,335.191437,342.46679031,334.7280387,337.68863895,7701413,5069135677.35,300750.SZ
2021-11-12,338.280759,340.78310982,326.39716704,330.042567,11420150,7312301472.1,300750.SZ
2021-11-15,330.03741813,330.03741813,313.03070052,319.22994,14007599,8684428486.27,300750.SZ
2021-11-16,319.22994,321.86616144,312.536409,316.64005839,8433513,5202056654.99,300750.SZ
2021-11-17,320.774601,324.60021141,317.97361572,322.25747556,7561643,4721304801.75,300750.SZ
2021-11-18,322.25747556,327.80795742,315.92951433,322.319262,7527274,4697499805.41,300750.SZ
2021-11-19,324.893697,329.012793,319.25568435,329.012793,8456790,5343617369.66,300750.SZ
2021-11-22,332.09696613,350.638047,330.61409157,350.638047,15308991,10215261575.49,300750.SZ
2021-11-23,350.28277497,350.28277497,342.914742,346.004064,9931174,6671378514.59,300750.SZ
2021-11-24,345.06182079,347.9606346,334.85161158,339.2075556,8550354,5653890107.47,300750.SZ
2021-11-25,336.221211,339.0530895,332.25143223,336.736098,5822028,3798078532.39,300750.SZ
2021-11-26,335.191437,344.3564256,335.191437,338.795646,5850222,3865245640.55,300750.SZ
2021-11-29,336.736098,352.4401515,336.221211,350.0201826,11465261,7758115212.05,300750.SZ
2021-11-30,352.57402212,353.03742042,346.68886371,350.12316,7188131,4874671005.49,300750.SZ
2021-12-01,350.12316,352.69244613,341.94160557,346.004064,6984571,4696868393.24,300750.SZ
2021-12-02,345.99376626,354.8601204,344.459403,354.242256,9178956,6268320478.24,300750.SZ
2021-12-03,354.73654752,356.301804,345.489177,353.727369,8078164,5501798477.22,300750.SZ
2021-12-06,348.1151007,350.2261374,337.765872,338.42492736,11261215,7509355191.61,300750.SZ
2021-12-07,340.855194,341.370081,315.2138214,323.863923,22139147,13913426092.22,300750.SZ
2021-12-08,326.84511873,331.98883986,322.44798375,329.012793,11886602,7580712087.91,300750.SZ
2021-12-09,329.012793,329.52768,320.7231123,326.3353806,13427209,8443913158.9,300750.SZ
2021-12-10,320.37298914,336.40657032,319.83750666,329.50193565,21384418,13738235947.25,300750.SZ
2021-12-13,329.4761913,340.16524542,324.42000096,338.98100532,16082778,10409792154.63,300750.SZ
2021-12-14,338.45582058,338.45582058,331.57693026,335.19658587,8781080,5704000135.35,300750.SZ
2021-12-15,334.38306441,340.340307,333.10614465,334.161663,7048016,4606545054.18,300750.SZ
2021-12-16,338.4352251,338.4352251,333.17307996,337.28187822,6150222,4018260859.3,300750.SZ
2021-12-17,335.19658587,336.73094913,329.3732139,335.28926553,13649081,8863377800.11,300750.SZ
2021-12-20,334.161663,334.161663,312.88653216,314.18919627,15511352,9648533093.77,300750.SZ
2021-12-21,312.021522,316.49589003,305.88406896,311.02779009,12565780,7553655489.85,300750.SZ
2021-12-22,313.4632056,317.685279,310.476861,314.20464288,8361840,5103433201.98,300750.SZ
2021-12-23,318.70475526,324.7907196,315.15203496,320.29575609,7971819,4954754967.52,300750.SZ
2021-12-24,321.289488,321.93309675,289.881381,296.9868216,24608084,14321299320.47,300750.SZ
2021-12-27,295.6481154,302.74840713,295.2876945,297.9136182,10183543,5915820121.37,300750.SZ
2021-12-28,297.604686,302.38283736,293.43925017,301.208895,9659574,5589310230.32,300750.SZ
2021-12-29,301.208895,301.71863313,293.37231486,296.34321285,9963963,5731323286.03,300750.SZ
2021-12-30,297.089799,307.02196923,296.35351059,303.78333,12420946,7323088709.6,300750.SZ
2021-12-31,308.0568921,312.01637313,299.664234,302.753556,9371117,5540408920.97,300750.SZ
2022-01-04,312.021522,312.536409,288.851607,292.90891656,17456845,9975828427.53,300750.SZ
2022-01-05,291.6319968,291.87914256,278.03898,281.9006325,16657881,9167983226.16,300750.SZ
2022-01-06,277.27179837,281.643189,273.81175773,278.79586389,13882602,7480050944.24,300750.SZ
2022-01-07,283.18785,286.277172,271.860336,277.9874913,13169468,7135966663.6,300750.SZ
2022-01-10,275.45424726,282.672963,269.92436088,277.2151608,14862906,7964179734.57,300750.SZ
2022-01-11,278.61050457,283.1363613,276.19053567,276.3398529,8472277,4582697695.68,300750.SZ
2022-01-12,283.702737,293.46499452,283.6512483,290.93175048,19164163,10752974048.44,300750.SZ
2022-01-13,294.000477,299.664234,285.62841438,290.911155,13899742,7924626260.7,300750.SZ
2022-01-14,286.82295222,299.0463696,286.277172,297.2957538,11612818,6663124572.02,300750.SZ
2022-01-17,303.19635882,313.3087395,298.0165956,312.45917595,14352844,8591412091.32,300750.SZ
2022-01-18,312.45917595,312.93287199,301.723782,302.1356916,10701672,6345099027.84,300750.SZ
2022-01-19,303.5258865,306.357765,287.5643895,293.48044113,14487439,8273655033.16,300750.SZ
2022-01-20,291.426042,297.604686,290.06159145,293.03763831,8065361,4600905692.78,300750.SZ
2022-01-21,289.881381,298.4285052,284.217624,293.22299763,9917398,5620817937.89,300750.SZ
2022-01-24,290.396268,304.94697462,287.82698187,299.14419813,11562129,6686725178.48,300750.SZ
2022-01-25,295.13837727,300.34903371,290.911155,291.2200872,7199229,4119696709.72,300750.SZ
2022-01-26,294.4123866,304.0922622,291.6834855,302.4961125,11603676,6718821593.41,300750.SZ
2022-01-27,301.208895,306.35261613,293.48559,296.05487613,12948188,7546107243.45,300750.SZ
2022-01-28,306.1518102,310.991748,293.71214028,305.1220362,24331734,14395957436.72,300750.SZ
2022-02-07,312.021522,314.07077226,295.63781766,298.34612328,14528859,8588397059.17,300750.SZ
2022-02-08,298.34612328,298.34612328,268.67833434,278.48178282,20650297,11166726687.48,300750.SZ
2022-02-09,277.524093,283.6512483,271.345449,281.7461664,11494712,6212329182.12,300750.SZ
2022-02-10,284.1146466,284.217624,257.38686243,266.7629547,29233587,14959750643.43,300750.SZ
2022-02-11,260.532822,264.43566546,251.779743,252.28948113,23979847,11994983924.84,300750.SZ
2022-02-14,250.235082,264.08039343,249.75108822,261.562596,19628564,9914026667.42,300750.SZ
2022-02-15,267.226353,273.06002271,263.107257,271.345449,15150828,7915477348.15,300750.SZ
2022-02-16,271.860336,279.29015541,269.79563913,273.3020196,12706794,6783859294.81,300750.SZ
2022-02-17,272.87981226,279.8410845,270.61430946,275.464545,10747219,5758516460.83,300750.SZ
2022-02-18,272.89011,275.464545,269.27560326,271.6028925,11384779,5993089911.6,300750.SZ
2022-02-21,271.0880055,271.0880055,260.25993189,262.59237,15630631,8011219920.84,300750.SZ
2022-02-22,260.86749855,261.562596,253.51491219,259.503048,13632851,6788745089.24,300750.SZ
2022-02-23,260.532822,267.25209735,258.72041976,267.226353,15433230,7922652049.15,300750.SZ
2022-02-24,261.562596,268.55476146,257.958387,261.4081299,16160023,8252994692.46,300750.SZ
2022-02-25,268.256127,275.464545,268.19948943,272.2722456,16967238,8978907317.42,300750.SZ
2022-02-28,269.800788,276.2368755,269.800788,274.62013032,9965701,5284369408.0,300750.SZ
2022-03-01,277.6270704,282.19926696,272.89011,276.07211166,9749032,5244201472.0,300750.SZ
2022-03-02,273.404997,273.81175773,262.01569656,264.56953608,13412932,6925800192.0,300750.SZ
2022-03-03,266.2995564,267.1233756,261.03226239,264.13188213,8698927,4456406528.0,300750.SZ
2022-03-04,260.017935,262.077483,251.264856,253.21627773,16283350,8081812224.0,300750.SZ
2022-03-07,244.571325,249.720195,233.76384687,234.21694743,24599264,11425969408.0,300750.SZ
2022-03-08,238.89727026,240.17419002,228.10008987,234.50528415,22754060,10355465472.0,300750.SZ
2022-03-09,234.788472,244.056438,230.669376,243.78354789,23457419,10851981824.0,300750.SZ
2022-03-10,252.29463,260.30112285,249.87980997,252.71168847,23961693,11860996864.0,300750.SZ
2022-03-11,247.57311621,254.869065,244.1079267,254.12247885,17102172,8275316992.0,300750.SZ
2022-03-14,248.690421,250.86839301,238.392681,238.392681,16291014,7715325184.0,300750.SZ
2022-03-15,237.362907,247.80996423,232.0080822,238.4956584,21268688,9944131840.0,300750.SZ
2022-03-16,245.1891894,259.23015789,241.21941063,259.0396497,28223653,13816433664.0,300750.SZ
2022-03-17,266.4540225,275.464545,265.2182937,270.0582315,27630079,14545565696.0,300750.SZ
2022-03-18,267.226353,270.04278489,259.503048,262.8498135,16391807,8401871659.77,300750.SZ
2022-03-21,267.74124,275.0526354,266.5055112,267.74124,13634076,7164824307.35,300750.SZ
2022-03-22,267.74124,267.74124,261.047709,264.137031,10228257,5229898248.47,300750.SZ
2022-03-23,267.74124,269.27560326,262.5408813,265.31612223,8410966,4336729378.45,300750.SZ
2022-03-24,262.56662565,266.54670216,256.60938306,264.651918,8480580,4303359299.21,300750.SZ
2022-03-25,263.58095304,266.80414566,258.473274,258.50931609,9283639,4724122668.33,300750.SZ
2022-03-28,262.01569656,262.01569656,246.15717696,250.749969,14946512,7277413365.95,300750.SZ
2022-03-29,250.749969,257.4435,248.175534,250.6984803,11235947,5508775198.92,300750.SZ
2022-03-30,253.324404,267.226353,253.324404,267.226353,16216979,8276504323.97,300750.SZ
2022-03-31,265.24403805,266.711466,259.06539405,263.7766101,9623922,4899473611.96,300750.SZ
2022-04-01,261.562596,270.0582315,260.08487031,267.1748643,9518241,4923473198.49,300750.SZ
2022-04-06,265.94943324,266.711466,258.988161,261.65012679,8542810,4336158375.45,300750.SZ
2022-04-07,257.72668785,260.017935,250.77571335,254.98234014,11958082,5909983777.64,300750.SZ
2022-04-08,253.6848249,259.95099969,251.779743,254.869065,9357130,4635752788.29,300750.SZ
2022-04-11,244.71034449,246.115986,232.7804127,236.333133,20738205,9541686135.04,300750.SZ
2022-04-12,237.24448299,243.42827586,237.1054635,243.026664,12498201,5825410117.32,300750.SZ
2022-04-13,239.88070443,248.0725566,237.877794,239.937342,9523122,4479994702.53,300750.SZ
2022-04-14,244.571325,245.086212,233.758698,236.7450426,13752370,6360122750.6,300750.SZ
2022-04-15,232.28612118,235.29821013,222.82764699,232.14195282,19989104,8854163487.94,300750.SZ
2022-04-18,227.580054,232.71862626,224.1303111,232.214037,11957617,5318801159.41,300750.SZ
2022-04-19,231.93599802,236.63176746,225.75220515,226.68415062,14382133,6429594317.75,300750.SZ
2022-04-20,226.04054187,228.094941,208.93084686,209.559009,31199615,12923538889.37,300750.SZ
2022-04-21,212.07165756,214.9653225,205.3884243,210.64542057,21116568,8609961842.96,300750.SZ
2022-04-22,210.073896,217.88988066,208.529235,213.85316658,20136651,8387810458.14,300750.SZ
2022-04-25,204.8220486,209.0956107,200.80593,200.8574187,21316508,8439172173.31,300750.SZ
2022-04-26,198.80301957,201.835704,194.112399,194.112399,18510510,7103865395.41,300750.SZ
2022-04-27,188.963529,210.46521012,188.82965838,209.58475335,31612406,12266669602.13,300750.SZ
2022-04-28,205.94450226,207.2420175,196.686834,199.5187125,25917727,10137614863.28,300750.SZ
2022-04-29,202.865478,211.09337226,193.09292274,210.76899345,33647657,13205553635.41,300750.SZ
2022-05-05,187.933755,198.37566336,181.755111,193.597512,60277207,22255526266.58,300750.SZ
2022-05-06,186.389094,199.12224951,186.29641434,193.59236313,24080095,9064522986.78,300750.SZ
2022-05-09,192.567738,194.09180352,187.26955077,189.7358595,16668032,6152776454.92,300750.SZ
2022-05-10,184.9988991,198.231495,183.88674318,195.22970379,24437791,9143581643.03,300750.SZ
2022-05-11,195.64161339,215.62437786,195.3996165,210.97494825,31753974,12827256128.61,300750.SZ
2022-05-12,208.2203028,210.6917604,204.86323956,207.76205337,13420805,5425822344.43,300750.SZ
2022-05-13,209.559009,215.45446515,206.21739237,213.5751276,14854635,6105079498.16,300750.SZ
2022-05-16,214.70273013,220.2686586,209.56415787,209.56415787,14387809,5996721399.56,300750.SZ
2022-05-17,211.09337226,218.61072246,210.20261775,217.57065072,13889853,5834497816.13,300750.SZ
2022-05-18,218.53863828,219.341862,213.38976828,215.737653,10712014,4495183512.14,300750.SZ
2022-05-19,213.39491715,217.2308253,210.41372142,215.737653,12632956,5249401699.08,300750.SZ
2022-05-20,220.371636,222.431184,214.9653225,219.8052603,15826754,6751273074.24,300750.SZ
2022-05-23,219.8052603,219.8052603,211.10367,214.5534129,13791772,5750871726.51,300750.SZ
2022-05-24,212.98815642,212.99330529,206.89704321,207.00516948,15012680,6109883602.38,300750.SZ
2022-05-25,208.2717915,209.07501522,203.1229215,205.42961526,13934882,5567079615.28,300750.SZ
2022-05-26,205.17732063,206.89704321,200.22925656,200.81107887,14059810,5535883498.89,300750.SZ
2022-05-27,203.895252,210.66086718,201.90263931,203.0714328,18780191,7541807254.37,300750.SZ
2022-05-30,207.13389123,209.6619864,205.3369356,206.8815966,12529544,5046715321.41,300750.SZ
2022-05-31,205.9033113,212.12829513,202.6080345,210.073896,17799522,7205121141.27,300750.SZ
2022-06-01,211.1551587,221.916297,209.044122,218.84242161,19178459,8078892455.68,300750.SZ
2022-06-02,217.68392586,228.49655286,216.77257587,224.9026416,17447774,7640886792.45,300750.SZ
2022-06-06,225.005619,241.48715187,225.005619,239.93219313,19037806,8745175350.15,300750.SZ
2022-06-07,239.52028353,240.44708013,232.1110596,236.333133,12759509,5850493850.2,300750.SZ
2022-06-08,234.788472,236.84802,219.33671313,236.84802,40541428,17870045928.19,300750.SZ
2022-06-09,229.12986387,230.669376,221.6588535,222.09650745,20255738,8867551604.39,300750.SZ
2022-06-10,220.35618939,234.6854946,220.35618939,233.758698,24766336,11049948030.43,300750.SZ
2022-06-13,228.61497687,233.85137766,225.65437662,228.11038761,18621582,8285211256.47,300750.SZ
2022-06-14,225.63378114,227.8889862,220.7320569,227.48737434,17481068,7624999753.26,300750.SZ
2022-06-15,232.728924,246.115986,229.69623957,239.76228042,37861947,17488407041.32,300750.SZ
2022-06-16,239.937342,244.11307557,234.02129037,237.0024861,24020226,11103375000.06,300750.SZ
2022-06-17,232.8833901,252.64475316,232.32731214,250.26597522,28293869,13595198657.59,300750.SZ
2022-06-20,254.26664721,265.73832957,254.26664721,260.80056324,25114285,12753850232.89,300750.SZ
2022-06-21,259.503048,264.07524456,255.44058957,261.48536295,14566608,7338298827.85,300750.SZ
2022-06-22,264.651918,268.89973575,260.9962203,261.047709,14663173,7542601018.55,300750.SZ
2022-06-23,265.166805,276.47887239,263.56035756,276.47887239,17713862,9275986878.06,300750.SZ
2022-06-24,282.158076,290.1388245,272.78198373,290.1388245,19301235,10593589950.88,300750.SZ
2022-06-27,290.39111913,290.89570839,280.60826613,282.672963,16623983,9200423080.16,300750.SZ
2022-06-28,280.613415,282.85832232,270.3671637,280.098528,18643267,9996283502.41,300750.SZ
2022-06-29,274.42962213,279.3261975,270.82541313,274.19792298,14582986,7781239268.3,300750.SZ
2022-06-30,274.18762524,277.9360026,271.17553629,274.949658,13076119,6974435836.01,300750.SZ
2022-07-01,274.42447326,275.979432,266.5569999,269.10054168,12292780,6449278118.4,300750.SZ
2022-07-04,262.59751887,270.66064929,262.59237,268.771014,12193209,6343210119.7,300750.SZ
2022-07-05,270.0582315,276.06696279,263.97226716,269.73385269,15459404,8098493521.12,300750.SZ
2022-07-06,271.40208657,274.68191676,264.95055246,268.771014,13081352,6860550182.04,300750.SZ
2022-07-07,273.84265095,285.53058585,273.404997,283.18785,24601436,13437832045.49,300750.SZ
2022-07-08,285.762285,290.89570839,275.58296901,278.553867,16577009,9078792373.03,300750.SZ
2022-07-11,275.07323088,275.7219885,265.8361581,266.9689095,13807042,7190790421.84,300750.SZ
2022-07-12,267.226353,270.4701411,257.24784294,259.34343303,15130247,7699493189.28,300750.SZ
2022-07-13,261.7170621,279.70206501,258.35484999,277.524093,24564472,12933672939.76,300750.SZ
2022-07-14,275.7219885,289.366494,273.01883175,286.28232087,19955644,10980995202.09,300750.SZ
2022-07-15,282.9304065,290.11308015,274.434771,274.434771,15862819,8689665142.01,300750.SZ
2022-07-18,279.068754,284.24336835,273.07032045,284.04256242,14371055,7799775032.0,300750.SZ
2022-07-19,283.47618672,283.47618672,269.800788,270.11486907,16308711,8687404438.98,300750.SZ
2022-07-20,272.87981226,275.53662918,269.21381682,270.830562,7835906,4141353786.48,300750.SZ
2022-07-21,269.285901,277.03495035,266.82474114,268.256127,8807088,4636560562.41,300750.SZ
2022-07-22,276.86503764,280.09337913,270.85115748,273.919884,14281747,7665508992.9,300750.SZ
2022-07-25,273.919884,274.92391365,267.226353,268.64229225,8648858,4524233836.32,300750.SZ
2022-07-26,268.65773886,271.860336,265.29552675,268.771014,7969269,4162433402.14,300750.SZ
2022-07-27,268.5135705,268.8225027,263.2102344,265.2697824,9335528,4814402385.88,300750.SZ
2022-07-28,266.9689095,271.1909829,264.14732874,265.4757372,9267516,4813731200.99,300750.SZ
2022-07-29,269.77504365,269.800788,259.04479857,261.8715282,11912482,6111548922.46,300750.SZ
2022-08-01,261.49566069,275.8764546,259.8119802,275.42335404,16299226,8555439339.95,300750.SZ
2022-08-02,268.91518236,274.14643428,267.45805215,269.73385269,12143004,6378119035.25,300750.SZ
2022-08-03,269.800788,274.88787156,256.8256356,259.503048,17025569,8730930401.25,300750.SZ
2022-08-04,261.047709,262.12382283,254.9205537,257.9068983,11365073,5688825506.53,300750.SZ
2022-08-05,257.4435,264.6004293,254.869065,260.35261155,12183074,6150342343.04,300750.SZ
2022-08-08,255.383952,260.62550166,251.779743,258.2158305,8964693,4476021798.22,300750.SZ
2022-08-09,257.958387,267.0203982,256.1562825,263.39559372,11307870,5783358776.0,300750.SZ
2022-08-10,262.6438587,264.0340536,257.4435,259.49275026,8049083,4052412586.09,300750.SZ
2022-08-11,259.57513218,264.14732874,254.354178,262.59237,9800710,4937131682.22,300750.SZ
2022-08-12,262.6953474,263.622144,256.37253504,258.473274,7383805,3710909399.38,300750.SZ
2022-08-15,259.96129743,269.285901,258.92637456,265.7331807,13757541,7097079971.66,300750.SZ
2022-08-16,267.6897513,277.009206,266.80414566,269.6978106,16097367,8515873353.37,300750.SZ
2022-08-17,271.59259476,283.17240339,269.79049026,281.643189,18350657,9888546881.2,300750.SZ
2022-08-18,281.643189,288.33672,279.30045315,280.5104376,14280044,7867922329.73,300750.SZ
2022-08-19,282.672963,283.02823503,272.90040774,273.919884,10769608,5767786048.97,300750.SZ
2022-08-22,274.949658,286.10211042,271.4484264,283.97562711,14305361,7811232130.16,300750.SZ
2022-08-23,283.17755226,290.73609342,280.84511415,286.73542143,13156177,7304906011.24,300750.SZ
2022-08-24,295.04569761,296.060025,268.771014,269.800788,30068394,16294721095.13,300750.SZ
2022-08-25,270.315675,271.10345211,260.06427483,264.651918,18017523,9216432421.86,300750.SZ
2022-08-26,264.137031,267.21605526,258.988161,260.93443386,12216984,6216728234.88,300750.SZ
2022-08-29,258.98301213,260.93443386,255.54871584,258.473274,11260993,5635359010.12,300750.SZ
2022-08-30,258.473274,258.473274,250.1321046,253.0669605,15616079,7672805176.83,300750.SZ
2022-08-31,248.01591903,252.1916526,244.32417924,248.690421,17450158,8386004449.6,300750.SZ
2022-09-01,247.14576,249.720195,240.27716742,240.73026798,15476559,7331268725.66,300750.SZ
2022-09-02,244.50953856,245.086212,237.76451886,240.07121262,11560877,5408298592.17,300750.SZ
2022-09-05,237.88294287,243.026664,236.33828187,241.15247532,9110009,4237267562.78,300750.SZ
2022-09-06,240.967116,241.15247532,228.54804156,234.3765624,27524567,12407748956.22,300750.SZ
2022-09-07,232.46633163,245.33850663,231.69915,244.01524704,21677712,10095265237.23,300750.SZ
2022-09-08,241.14732645,242.511777,230.9268195,231.4417065,21552631,9838886096.7,300750.SZ
2022-09-09,233.0378562,233.98009941,229.8970455,232.84219914,12246752,5523516959.15,300750.SZ
2022-09-13,236.333133,236.9509974,230.07725595,235.25701917,10202890,4632953568.32,300750.SZ
2022-09-14,231.69915,233.243811,220.51580436,223.6154241,25893786,11348915618.36,300750.SZ
2022-09-15,223.6154241,223.975845,211.7215344,213.34342845,25383594,10651219569.99,300750.SZ
2022-09-16,213.3176841,215.3772321,210.588783,211.10367,14963208,6192462419.52,300750.SZ
2022-09-19,210.91316181,217.0763592,210.60937848,212.99330529,13964359,5802232517.51,300750.SZ
2022-09-20,215.222766,221.40141,213.678105,216.77257587,16569030,7024157606.9,300750.SZ
2022-09-21,214.707879,218.03404902,212.83883919,216.4070061,8809861,3695152639.36,300750.SZ
2022-09-22,213.8325711,216.25254,209.044122,213.67295613,9642094,3992662500.77,300750.SZ
2022-09-23,214.17239652,218.7239976,211.12941435,214.88294058,12018488,5009444372.51,300750.SZ
2022-09-26,212.66892648,223.975845,212.66892648,220.71146142,18835151,8081168715.11,300750.SZ
2022-09-27,223.40432043,224.14575771,217.80234987,221.1439665,11561928,4948766642.95,300750.SZ
2022-09-28,220.189809,221.13347961,212.86218093,214.92484893,10697441,4464647185.61,300750.SZ
2022-09-29,218.75625474,219.4163085,214.04305836,216.064473,8894778,3723447020.59,300750.SZ
2022-09-30,216.20885976,216.6832734,206.5246335,206.72574363,11814011,4808089720.0,300750.SZ
2022-10-10,207.298134,208.5873015,201.74440041,202.58493762,11465353,4534844088.09,300750.SZ
2022-10-11,208.329468,214.6721721,207.75707763,214.6721721,18444138,7582938837.51,300750.SZ
2022-10-12,214.517472,226.00653276,213.22314783,225.77448261,18514747,7894831669.61,300750.SZ
2022-10-13,223.799478,226.00653276,221.22629967,222.768144,10443411,4521426256.22,300750.SZ
2022-10-14,225.862146,228.10014078,221.00456286,225.30006897,13565344,5900627937.71,300750.SZ
2022-10-17,223.283811,223.283811,216.96689025,221.40162645,10537258,4492096854.77,300750.SZ
2022-10-18,223.29928101,226.31593296,220.93236948,221.49960318,9101920,3937490986.73,300750.SZ
2022-10-19,221.74712334,227.924814,221.57179656,222.42780378,12333044,5381599273.53,300750.SZ
2022-10-20,216.72452676,218.47263789,208.329468,214.001805,17120183,7066412982.98,300750.SZ
2022-10-21,210.392136,215.01251232,209.9796024,212.970471,8259882,3412503680.65,300750.SZ
2022-10-24,209.68051554,213.486138,205.75628967,208.33978134,14532727,5885833135.51,300750.SZ
2022-10-25,207.813801,210.42823269,202.13115066,207.1434339,14039050,5599142147.2,300750.SZ
2022-10-26,208.845135,210.68090952,205.27671936,206.81340702,14072386,5666134368.64,300750.SZ
2022-10-27,205.235466,207.33423069,201.11013,201.2648301,15281736,6026009209.1,300750.SZ
2022-10-28,198.6864951,199.8209625,188.218455,188.4762885,24071225,8960919232.89,300750.SZ
2022-10-31,185.64012,196.06690674,183.87653886,192.28191096,16554600,6168694636.81,300750.SZ
2022-11-01,194.1486255,200.53258296,189.82733604,199.1505954,19916486,7598072350.39,300750.SZ
2022-11-02,198.531795,204.40524213,195.95861667,201.8836305,14266969,5554821785.34,300750.SZ
2022-11-03,201.11013,203.172798,196.48459701,198.07800804,14717451,5672637394.29,300750.SZ
2022-11-04,198.9443286,210.55199277,198.016128,208.5357348,20971141,8386135000.95,300750.SZ
2022-11-07,210.392136,213.76459818,208.845135,211.6813035,14778112,6063354150.1,300750.SZ
2022-11-08,211.6813035,218.0240076,208.0716345,211.3203366,12080878,4982583901.06,300750.SZ
2022-11-09,209.360802,210.17555586,203.688465,204.75073902,10941091,4370881066.72,300750.SZ
2022-11-10,202.657131,203.172798,198.016128,198.6864951,12924178,4995761138.03,300750.SZ
2022-11-11,206.782467,209.20094523,203.28624474,207.54565416,19481969,7814365728.96,300750.SZ
2022-11-14,208.3810347,210.392136,198.81541185,199.65594906,18481701,7242184171.94,300750.SZ
2022-11-15,200.16130272,204.96731916,194.922126,204.29695206,17273987,6711717380.45,300750.SZ
2022-11-16,202.66228767,203.26561806,197.64484776,198.05222469,13603663,5261351647.15,300750.SZ
2022-11-17,196.78884054,196.97963733,190.80194667,193.43700504,14217164,5314975792.28,300750.SZ
2022-11-18,194.922126,199.563129,191.312457,196.36083693,16407334,6269734685.99,300750.SZ
2022-11-21,193.43700504,198.97011195,193.0141581,197.1910608,8038709,3060476255.98,300750.SZ
2022-11-22,195.95346,197.43342429,192.343791,193.375125,9836241,3701483129.43,300750.SZ
2022-11-23,193.375125,197.44373763,192.6016245,195.70593984,8829427,3343581161.43,300750.SZ
2022-11-24,197.56234104,197.61390774,193.38028167,194.21050554,8546530,3229088100.3,300750.SZ
2022-11-25,192.37473102,193.375125,191.312457,191.9312574,6138945,2286870202.57,300750.SZ
2022-11-28,188.218455,191.98798077,185.65043334,190.95664677,11114051,4052491291.77,300750.SZ
2022-11-29,191.83328067,196.6753938,189.5076225,194.8705593,11717222,4394005281.68,300750.SZ
2022-11-30,195.437793,198.531795,191.91578739,198.531795,14041956,5331830945.84,300750.SZ
2022-12-01,204.79714905,207.37548405,203.64721164,203.81738175,20937498,8341109690.93,300750.SZ
2022-12-02,204.719799,205.90067643,202.0383306,202.07958396,8292566,3280784282.21,300750.SZ
2022-12-05,202.07958396,204.65276229,200.078796,202.30132077,12098474,4739442183.97,300750.SZ
2022-12-06,200.65634304,208.35009468,200.594463,206.27711334,13661164,5426417622.55,300750.SZ
2022-12-07,206.2668,217.44646056,205.751133,215.70866277,24410839,10135126000.47,300750.SZ
2022-12-08,215.71381944,219.158475,213.49129467,216.82250349,10433749,4388660430.77,300750.SZ
2022-12-09,217.39489386,219.5194419,216.8379735,218.9522082,9353940,3960316858.9,300750.SZ
2022-12-12,217.1473737,218.40044451,213.55833138,213.66662145,8789953,3671244196.23,300750.SZ
2022-12-13,214.001805,214.4659053,207.32391735,209.05655847,11270707,4592141157.86,300750.SZ
2022-12-14,211.42347,212.42902065,205.89551976,207.4528341,9197282,3697346495.01,300750.SZ
2022-12-15,207.35485737,218.73047139,206.782467,218.5396746,17298775,7174962345.04,300750.SZ
2022-12-16,215.81179617,218.0240076,213.42425796,215.55396267,8942249,3733194675.76,300750.SZ
2022-12-19,216.064473,221.7883767,215.57974602,216.7864068,10105860,4284899628.35,300750.SZ
2022-12-20,216.58014,216.8895402,210.907803,211.17594984,8120795,3362795549.31,300750.SZ
2022-12-21,211.42347,212.69716749,208.59245817,209.78364894,5403052,2201256399.91,300750.SZ
2022-12-22,211.93398033,211.93398033,206.2668,207.298134,7390460,2976952976.83,300750.SZ
2022-12-23,204.6682323,207.72613761,203.2243647,205.48298616,7385760,2939594065.54,300750.SZ
2022-12-26,205.48298616,210.00538575,201.6773637,208.28821464,11512345,4606937089.56,300750.SZ
2022-12-27,207.41673741,209.35564533,204.54447222,208.10773119,8139710,3268646818.54,300750.SZ
2022-12-28,205.26640602,205.3901661,196.09784676,203.172798,18529322,7206541527.19,300750.SZ
2022-12-29,201.625797,205.1323326,201.3163968,203.15217132,9897472,3909060455.91,300750.SZ
2022-12-30,205.4932995,207.298134,202.657131,202.87371114,7405249,2943110661.91,300750.SZ
2023-01-03,202.141464,202.43539419,196.84040724,200.92448988,10482036,4056787273.5,300750.SZ
2023-01-04,199.3052955,199.563129,197.01057735,198.02128467,19602262,7527791631.36,300750.SZ
2023-01-05,200.078796,211.51113339,198.53695167,210.13945917,26043260,10371713857.97,300750.SZ
2023-01-06,209.360802,219.14816166,208.36040802,214.85781222,18392495,7641585134.15,300750.SZ
2023-01-09,218.06526096,218.06526096,213.486138,214.8268722,12840302,5373244035.56,300750.SZ
2023-01-10,215.37347922,224.315145,213.1251711,222.768144,18260652,7781973489.75,300750.SZ
2023-01-11,221.9946435,224.830812,218.642808,220.63328262,12241806,5252326720.85,300750.SZ
2023-01-12,222.768144,226.26436626,221.57179656,223.5416445,11136798,4837460192.57,300750.SZ
2023-01-13,228.956148,233.34963084,221.73681,226.6356465,20757496,9140635813.65,300750.SZ
2023-01-16,226.1199795,231.7923165,224.37186837,230.31235221,16809099,7451169294.71,300750.SZ
2023-01-17,230.46705231,233.01444729,228.75503787,229.78637187,9895801,4416180657.62,300750.SZ
2023-01-18,231.28180617,232.50393696,228.49720437,231.2766495,7344325,3292955688.46,300750.SZ
2023-01-19,229.64198511,232.8236505,228.02279073,230.38454559,7309990,3254123919.04,300750.SZ
2023-01-20,230.38454559,233.1846174,229.09022142,233.081484,10765650,4841543970.55,300750.SZ
2023-01-30,247.19528979,252.96560352,241.05885249,242.69867355,21174307,10102385367.36,300750.SZ
2023-01-31,242.30160996,246.2309925,238.46504748,239.8882884,13954034,6565989151.24,300750.SZ
2023-02-01,242.87400033,247.19013312,242.61101016,245.8700256,11502167,5464594493.81,300750.SZ
2023-02-02,246.93745629,247.3654599,239.72327496,240.3523887,13455712,6339908128.47,300750.SZ
2023-02-03,239.269488,240.4039554,232.76177046,235.2472854,12020001,5495174744.42,300750.SZ
2023-02-06,233.081484,233.86529784,227.45555703,232.3595502,10752918,4811799061.16,300750.SZ
2023-02-07,232.30282683,234.0096846,229.29648822,231.0703827,7211237,3231274189.8,300750.SZ
2023-02-08,231.8438832,233.82920115,229.471815,230.61143907,7329853,3293742443.57,300750.SZ
2023-02-09,230.61143907,235.13899533,227.6669805,233.59199433,8031440,3627030215.27,300750.SZ
2023-02-10,233.597151,234.97913856,229.47697167,229.96169865,8397790,3773477538.53,300750.SZ
2023-02-13,232.55550366,238.01641719,230.50830567,237.20682,13418543,6143224997.15,300750.SZ
2023-02-14,241.847823,242.0025231,229.87919193,232.59160035,12812190,5816558282.02,300750.SZ
2023-02-15,233.6487177,235.659819,231.018816,231.3282162,7773387,3508461573.11,300750.SZ
2023-02-16,233.07632733,234.3706515,225.862146,228.5436144,10091069,4514542232.04,300750.SZ
2023-02-17,227.924814,227.924814,216.58014,216.67811673,21469551,9171648847.12,300750.SZ
2023-02-20,214.517472,217.54959396,209.53097211,216.82250349,16829872,6992852566.62,300750.SZ
2023-02-21,215.28065916,217.86415083,212.454804,214.00696167,13184596,5490561030.88,300750.SZ
2023-02-22,210.907803,213.5377047,209.70629889,211.15016649,12363920,5069312343.65,300750.SZ
2023-02-23,211.42347,214.06884171,210.0827358,213.08907441,9537265,3922375682.17,300750.SZ
2023-02-24,211.939137,212.3516706,208.33978134,209.0514018,9989388,4060495069.86,300750.SZ
2023-02-27,207.67457091,209.09265516,206.3183667,206.8340337,9220633,3705001333.87,300750.SZ
2023-02-28,208.32431133,210.5468361,207.0403005,208.2779013,9323092,3769996772.18,300750.SZ
2023-03-01,207.8653677,213.57895806,207.82927101,212.34135726,12602005,5166296897.94,300750.SZ
2023-03-02,211.1656365,211.939137,204.3072654,206.6793336,16145270,6483446930.16,300750.SZ
2023-03-03,207.4528341,209.21125857,206.2668,207.46314744,8203090,3300669920.5,300750.SZ
2023-03-06,207.38579739,210.84076629,202.14662067,210.60871614,16626662,6674565924.07,300750.SZ
2023-03-07,208.329468,210.90264633,207.21047061,207.4012674,9918350,4014218858.77,300750.SZ
2023-03-08,206.27195667,207.77770431,203.74518837,205.09623591,8129373,3231604462.37,300750.SZ
2023-03-09,204.3072654,206.92685376,200.20255608,204.72495567,8136684,3228769655.47,300750.SZ
2023-03-10,207.13827723,211.38737331,204.1525653,209.25251193,19142596,7722447890.18,300750.SZ
2023-03-13,207.82927101,209.70114222,201.11013,202.141464,18833197,7424578060.05,300750.SZ
2023-03-14,201.56391696,201.625797,194.922126,199.68173241,18484663,7095007800.0,300750.SZ
2023-03-15,202.657131,204.07005858,197.82017454,200.078796,12968291,5046344791.36,300750.SZ
2023-03-16,198.016128,201.06371997,197.7582945,198.58851837,10113155,3897781767.88,300750.SZ
2023-03-17,200.594463,201.10497333,193.6329585,193.88047866,20144747,7641555518.38,300750.SZ
2023-03-20,193.13791818,198.3255282,189.765456,195.92767665,15836974,6002000932.07,300750.SZ
2023-03-21,197.0879274,203.26561806,195.2830929,203.05935126,17292373,6720740862.26,300750.SZ
2023-03-22,205.61705958,210.73247622,204.73011234,205.8542664,17687241,7125770900.76,300750.SZ
2023-03-23,205.235466,207.25688064,203.39453481,205.43141946,10028867,3981184717.68,300750.SZ
2023-03-24,205.4417328,207.43220742,201.11013,202.95621786,11765252,4645723682.23,300750.SZ
2023-03-27,201.68252037,205.5448662,198.23270814,204.4619655,16115721,6311744702.56,300750.SZ
2023-03-28,203.172798,204.29695206,201.2132634,202.4508642,7590561,2976678086.19,300750.SZ
2023-03-29,203.79675507,208.47385476,202.67260101,206.35962006,13754611,5508159641.48,300750.SZ
2023-03-30,206.77731033,207.298134,204.90028245,206.32352337,8681922,3465633464.99,300750.SZ
2023-03-31,208.5873015,213.99149166,208.5873015,209.38658535,19607572,8033742420.23,300750.SZ
2023-04-03,209.41752537,209.7733356,204.204132,205.60158957,16763218,6698371580.76,300750.SZ
2023-04-04,206.26164333,206.26164333,196.88681727,200.078796,20089701,7782699958.87,300750.SZ
2023-04-06,198.016128,200.87807985,196.03081005,200.08910934,10581589,4064823971.19,300750.SZ
2023-04-07,199.12481205,203.172798,198.20176812,201.37312017,10058114,3923098225.13,300750.SZ
2023-04-10,203.11607463,207.35485737,200.078796,207.30329067,17237941,6844475287.47,300750.SZ
2023-04-11,206.27195667,211.35643329,205.235466,206.24101665,14366294,5785418237.54,300750.SZ
2023-04-12,206.2668,206.2668,202.141464,202.14662067,8736733,3443470020.87,300750.SZ
2023-04-13,201.11013,201.81143712,198.531795,200.21286942,10046445,3896072549.12,300750.SZ
2023-04-14,200.0272293,207.48893079,199.8209625,204.86934243,15923654,6337229777.11,300750.SZ
2023-04-17,204.37430211,211.42347,204.1009986,210.33025596,17663158,7173869978.82,300750.SZ
2023-04-18,210.33541263,215.548806,210.02601243,210.907803,14060517,5793046443.73,300750.SZ
2023-04-19,213.7439715,213.91929828,209.360802,211.61426679,11622355,4770263894.63,300750.SZ
2023-04-20,211.5781701,211.5781701,204.204132,204.204132,15843790,6335888038.97,300750.SZ
2023-04-21,208.5873015,213.96055164,205.751133,208.83997833,25275978,10288953392.02,300750.SZ
2023-04-24,208.8967017,209.360802,202.59525096,204.65791896,17377384,6922771298.29,300750.SZ
2023-04-25,205.235466,205.235466,195.95346,198.9958953,16898929,6532955961.97,300750.SZ
2023-04-26,199.005474,212.9732291,196.21192298,209.749901,39707529,8801110231.26,300750.SZ
2023-04-27,209.282752,217.20559904,207.70378838,215.822838,33969078,7764148296.34,300750.SZ
2023-04-28,218.625732,221.73694434,211.98287322,215.6826933,27104800,6269727389.47,300750.SZ
2023-05-04,215.822838,217.224285,209.7966159,210.70288496,19409080,4416464194.76,300750.SZ
2023-05-05,210.21705,214.88854,209.02114856,212.085646,16740879,3793534213.07,300750.SZ
2023-05-08,214.88854,218.42952942,211.20740588,215.64532138,22753135,5237667345.13,300750.SZ
2023-05-09,215.24357324,215.24357324,209.3294669,210.99251734,19653772,4447695097.77,300750.SZ
2023-05-10,210.9644884,218.8593065,206.67606058,217.24297096,28956810,6637247354.08,300750.SZ
2023-05-11,217.2709999,227.01572804,216.0096976,224.6052392,34747371,8292776226.87,300750.SZ
2023-05-12,226.09077302,228.49191888,222.34423804,222.34423804,22309979,5363787910.17,300750.SZ
2023-05-15,225.17516098,227.968712,219.6534598,222.63387042,26706471,6408351582.31,300750.SZ
2023-05-16,222.7366432,225.13778906,221.21373746,223.297222,13973953,3336944402.05,300750.SZ
2023-05-17,223.297222,225.80114064,220.55038588,224.23152,18246432,4350981986.97,300750.SZ
2023-05-18,225.4461074,225.51150826,215.86020992,217.1308552,24123880,5653225268.59,300750.SZ
2023-05-19,216.5235615,218.79390564,214.88854,214.88854,19472168,4503095902.73,300750.SZ
2023-05-22,213.954242,217.224285,212.085646,215.1688294,14679114,3373155581.43,300750.SZ
2023-05-23,215.71072224,216.48618958,210.3571947,210.60945516,19613196,4466450818.94,300750.SZ
2023-05-24,210.0301904,213.49643598,209.02114856,210.4506245,14785735,3347225922.24,300750.SZ
2023-05-25,210.0769053,212.72096864,207.87196202,209.36683882,13753272,3096261721.02,300750.SZ
2023-05-26,209.4696116,209.749901,203.209815,205.54556,18211695,4001016009.02,300750.SZ
2023-05-29,207.6010156,207.61970156,201.4346488,202.79872388,16537161,3599743503.61,300750.SZ
2023-05-30,202.742666,210.20770702,201.81771098,210.20770702,26467083,5890767209.31,300750.SZ
2023-05-31,210.2637649,211.98287322,205.69504768,206.63868866,18869744,4194067555.16,300750.SZ
2023-06-01,208.01210672,213.019944,206.95634998,208.2550242,15941049,3583431678.56,300750.SZ
2023-06-02,210.1236202,214.87919702,209.282752,213.43103512,23181483,5283702827.08,300750.SZ
2023-06-05,211.0579182,211.0579182,202.17274422,205.3587004,33595114,7357059963.18,300750.SZ
2023-06-06,203.68630698,207.6944454,202.72398004,204.87286544,17242526,3782524816.12,300750.SZ
2023-06-07,202.16340124,202.275517,191.0172261,193.6799754,50093939,10438080444.83,300750.SZ
2023-06-08,198.7718995,199.2857634,193.399686,194.34332698,23857940,5007821210.14,300750.SZ
2023-06-09,194.8478479,199.12693274,194.8478479,198.10854792,24261728,5126984497.89,300750.SZ
2023-06-12,198.0244611,199.939772,195.1748522,198.0244611,18131632,3835654848.63,300750.SZ
2023-06-13,197.14622098,199.87437114,196.83790264,199.0989038,13243699,2813381281.43,300750.SZ
2023-06-14,202.8828107,203.33127374,199.005474,199.3791932,16362927,3508630636.22,300750.SZ
2023-06-15,200.86472702,215.71072224,200.77129722,215.71072224,50495682,11301760757.27,300750.SZ
2023-06-16,216.757136,218.78456266,213.3002334,215.9162678,29639828,6849470339.8,300750.SZ
2023-06-19,217.68209102,217.68209102,211.151348,212.90782824,18707081,4271126762.3,300750.SZ
2023-06-20,212.89848526,216.11247038,210.93645946,213.019944,17960501,4094614886.13,300750.SZ
2023-06-21,213.77672538,215.355689,210.1236202,210.13296318,17118438,3897370633.45,300750.SZ
2023-06-26,205.46147318,212.0389311,205.24658464,210.37588066,15910609,3564403987.12,300750.SZ
2023-06-27,209.26406604,211.4316374,206.64803164,208.78757406,13420648,2996519806.91,300750.SZ
2023-06-28,207.61970156,211.618497,207.414156,209.749901,13558644,3044798943.11,300750.SZ
2023-06-29,208.82494598,212.00155918,207.881305,207.881305,9930233,2228285745.38,300750.SZ
2023-06-30,209.27340902,214.87919702,205.8725643,213.75803942,21551522,4901528280.46,300750.SZ
2023-07-03,216.7104211,218.5790171,213.5338079,214.77642424,15554352,3592766609.95,300750.SZ
2023-07-04,213.487093,214.9352549,212.72096864,214.1878165,10155673,2322971861.72,300750.SZ
2023-07-05,214.19715948,215.27160218,210.684199,212.56213798,8636414,1968738616.83,300750.SZ
2023-07-06,212.085646,213.46840704,209.25472306,210.0769053,10283568,2323630148.92,300750.SZ
2023-07-07,210.0301904,210.0769053,207.0404368,207.6477305,9808377,2186457550.59,300750.SZ
2023-07-10,208.348454,214.88854,208.348454,213.7673824,16093831,3674535624.59,300750.SZ
2023-07-11,214.5615357,214.87919702,211.69324084,214.03832882,9158787,2094183189.27,300750.SZ
2023-07-12,213.487093,214.3279612,211.618497,212.07630302,8693260,1976029055.34,300750.SZ
2023-07-13,213.21614658,219.56003,213.21614658,214.88854,22257672,5166809845.94,300750.SZ
2023-07-14,215.0286847,215.75743714,211.6652119,213.28154744,13004091,2971007805.79,300750.SZ
2023-07-17,212.09498898,213.019944,208.9090328,210.8243437,10452522,2354412853.98,300750.SZ
2023-07-18,212.8330844,212.90782824,209.749901,210.684199,8575776,1934097473.9,300750.SZ
2023-07-19,209.282752,210.1703351,204.21885684,205.078411,17600182,3880774172.36,300750.SZ
2023-07-20,204.611262,211.79601362,204.611262,206.5265729,14441648,3226693428.17,300750.SZ
2023-07-21,206.3397133,208.32976804,205.32132848,207.03109382,8393526,1858027959.34,300750.SZ
2023-07-24,202.8828107,206.36774224,200.07057372,204.59257604,13719339,2990356786.5,300750.SZ
2023-07-25,210.1236202,212.68359672,206.49854396,211.4783523,19286245,4336672443.84,300750.SZ
2023-07-26,210.32916576,212.085646,208.96509068,211.76798468,15456786,3484702635.47,300750.SZ
2023-07-27,215.822838,217.57931824,211.97353024,212.06696004,20859235,4786800627.79,300750.SZ
2023-07-28,212.06696004,215.822838,210.2637649,214.9352549,18803095,4304001295.03,300750.SZ
2023-07-31,218.625732,223.764371,217.7848638,222.1293495,29902754,7103701374.91,300750.SZ
2023-08-01,221.8023452,223.3906518,219.092881,220.027179,15615168,3695389756.81,300750.SZ
2023-08-02,221.428626,223.75502802,220.027179,220.961477,14147185,3350493844.78,300750.SZ
2023-08-03,220.494328,224.20349106,220.05520794,223.42802372,16180526,3859823088.53,300750.SZ
2023-08-04,228.90301,233.53712808,225.26859078,229.37950198,31569675,7737835221.31,300750.SZ
2023-08-07,228.435861,230.71554812,227.32404638,230.29511402,14927749,3665507786.26,300750.SZ
2023-08-08,229.81862204,232.94852034,228.79089424,230.90240772,15066676,3733050028.84,300750.SZ
2023-08-09,229.370159,231.40692864,227.16521572,230.771606,11684661,2873152335.34,300750.SZ
2023-08-10,231.6124742,234.81711634,228.08082776,230.304457,14040964,3469375410.84,300750.SZ
2023-08-11,232.5934871,232.5934871,225.632967,225.632967,17204064,4212036439.73,300750.SZ
2023-08-14,223.4840816,224.21283404,215.08474258,217.5980042,25693218,6000203547.3,300750.SZ
2023-08-15,217.57931824,219.1863108,214.3279612,216.1031274,14610073,3378905588.31,300750.SZ
2023-08-16,216.30867296,218.98076524,214.99131278,217.3177148,14009045,3263663519.36,300750.SZ
2023-08-17,219.55068702,220.961477,213.84212624,219.7936045,20442773,4767790092.05,300750.SZ
2023-08-18,219.83097642,223.40933776,219.01813716,220.37286926,16769998,3977909566.35,300750.SZ
2023-08-21,218.61638902,220.37286926,216.9439956,217.65406208,10780439,2524111214.47,300750.SZ
2023-08-22,219.3731704,219.72820364,212.56213798,215.5892635,15188941,3507619500.49,300750.SZ
2023-08-23,215.5425486,216.6637062,212.085646,212.552795,11874911,2721026997.67,300750.SZ
2023-08-24,213.84212624,216.32735892,211.618497,213.9075271,14157716,3254958699.75,300750.SZ
2023-08-25,212.95454314,214.86051106,210.97383138,213.33760532,11185129,2549494197.0,300750.SZ
2023-08-28,225.632967,227.93134008,214.421391,215.355689,22311515,5230083379.81,300750.SZ
2023-08-29,216.0096976,227.034414,215.74809416,222.830073,29174995,6966379985.57,300750.SZ
2023-08-30,223.6709412,226.100116,221.895775,221.895775,14591637,3492477897.83,300750.SZ
2023-08-31,221.5220558,222.830073,220.61578674,221.0081919,9671527,2294576162.04,300750.SZ
2023-09-01,221.0549068,223.77371398,219.1863108,220.8680472,9101132,2157778480.9,300750.SZ
2023-09-04,222.55912658,223.07299048,218.0651532,222.0359197,14052387,3327817522.43,300750.SZ
2023-09-05,221.428626,223.764371,220.64381568,221.26045236,11581665,2752197345.26,300750.SZ
2023-09-06,220.5410429,221.58745666,217.5045744,219.01813716,12474783,2921536581.54,300750.SZ
2023-09-07,217.691434,218.3921575,211.62783998,211.62783998,19266090,4405103044.44,300750.SZ
2023-09-08,210.21705,212.2725056,206.012709,208.29239612,16499443,3670618814.62,300750.SZ
2023-09-11,208.2550242,208.8623179,205.24658464,206.97503594,17060897,3774798958.65,300750.SZ
2023-09-12,207.414156,207.79721818,203.24718692,203.61156314,18231209,3994776422.13,300750.SZ
2023-09-13,202.742666,204.7514067,200.90209894,202.3689468,15135693,3278699755.09,300750.SZ
2023-09-14,199.64079664,202.0886574,199.03350294,200.80866914,18294104,3919045406.38,300750.SZ
2023-09-15,198.071176,199.939772,193.0259668,194.10975248,33679992,7033151411.11,300750.SZ
2023-09-18,192.465388,200.58443762,192.465388,199.06153188,26593485,5645065103.32,300750.SZ
2023-09-19,199.06153188,199.45393704,196.7631588,198.37015136,15024395,3183848137.28,300750.SZ
2023-09-20,199.005474,199.31379234,194.96930664,196.1091502,13087485,2750166643.08,300750.SZ
2023-09-21,196.21192298,197.0901631,193.09136766,193.14742554,16214929,3368171869.93,300750.SZ
2023-09-22,191.998239,197.5573121,191.998239,197.07147714,22509065,4696859644.01,300750.SZ
2023-09-25,199.02415996,199.58473876,194.99733558,195.52988544,13605355,2864421900.0,300750.SZ
2023-09-26,193.09136766,193.7266903,190.129643,191.063941,20253782,4150919714.55,300750.SZ
2023-09-27,192.7456774,194.79179002,189.1486301,190.27913068,21848959,4470658972.55,300750.SZ
2023-09-28,190.596792,192.932537,189.27008884,189.69052294,15809524,3223265861.07,300750.SZ
2023-10-09,187.793898,188.05550144,180.319514,182.655259,33742826,6617775154.29,300750.SZ
2023-10-10,184.87888824,184.991004,181.92650656,181.92650656,19865460,3895932691.62,300750.SZ
2023-10-11,184.86954526,185.5515828,181.3472418,181.97322146,20248245,3964353022.61,300750.SZ
2023-10-12,182.19745298,184.8041444,181.253812,183.06635012,24205912,4744179131.32,300750.SZ
2023-10-13,181.1136673,182.02927934,177.1429008,178.0771988,28422238,5429864563.15,300750.SZ
2023-10-16,177.83428132,178.01179794,171.82674518,172.62089848,24683649,4603170882.7,300750.SZ
2023-10-17,173.32162198,176.8626114,172.44338186,173.25622112,21558300,4027297387.82,300750.SZ
2023-10-18,172.9385598,175.8815985,171.5371128,174.0597174,17651925,3284047971.31,300750.SZ
2023-10-19,172.29389418,173.48045264,170.30383944,170.6962446,17454160,3209465700.09,300750.SZ
2023-10-20,167.239342,175.35839162,167.239342,169.107938,30026893,5478351217.12,300750.SZ
2023-10-23,168.4539294,168.4539294,164.2495884,165.61366348,20223321,3597554198.2,300750.SZ
2023-10-24,166.305044,167.4262016,163.7824394,164.82885316,24379459,4310104361.21,300750.SZ
2023-10-25,166.4919036,167.706491,164.13747264,164.41776204,21534181,3818928277.23,300750.SZ
2023-10-26,162.567852,166.5853334,157.71884538,166.37044486,41420567,7175542946.81,300750.SZ
2023-10-27,166.1648993,173.66731224,164.45513396,172.58352656,47795283,8729936697.8,300750.SZ
2023-10-30,174.713726,177.40450424,172.6582704,175.66670996,32259492,6050993028.96,300750.SZ
2023-10-31,174.41475064,174.91927156,172.4714108,173.4057088,18152535,3369355372.29,300750.SZ
2023-11-01,173.58322542,177.7969094,172.377981,175.21824692,19727265,3695120175.75,300750.SZ
2023-11-02,176.115173,177.40450424,173.37767986,173.37767986,13762677,2577685558.5,300750.SZ
2023-11-03,173.779428,176.28334664,172.4714108,175.12481712,14365450,2683301612.35,300750.SZ
2023-11-06,176.18057386,184.1501358,176.0684581,184.13144984,34968430,6798069246.62,300750.SZ
2023-11-07,183.11306502,183.22518078,177.62873576,178.67514952,26080293,5008846046.15,300750.SZ
2023-11-08,177.68479364,180.26345612,177.51662,179.23572832,14652166,2809047604.89,300750.SZ
2023-11-09,178.10522774,179.92710884,178.01179794,178.8713521,10997097,2104229338.21,300750.SZ
2023-11-10,176.582322,177.48859106,175.6947389,176.61035094,11609956,2189830819.35,300750.SZ
2023-11-13,179.385216,179.5720756,174.73241196,175.5078793,12519595,2362258976.04,300750.SZ
2023-11-14,175.5078793,176.3954624,170.976534,171.61185664,23488284,4346598777.47,300750.SZ
2023-11-15,174.61095322,176.19925982,171.51842684,172.35929504,23807191,4423251194.82,300750.SZ
2023-11-16,173.29359304,173.30293602,168.2670698,169.2480827,17466200,3180032494.61,300750.SZ
2023-11-17,168.0334953,169.3415125,167.69714802,168.85567754,11084035,2000359414.04,300750.SZ
2023-11-20,168.86502052,169.8553764,167.24868498,168.4539294,12408719,2235037632.58,300750.SZ
2023-11-21,170.042236,171.910832,168.18298298,168.74356178,19766221,3601130909.86,300750.SZ
2023-11-22,167.7532059,169.3882274,165.370746,165.370746,18688569,3332638164.0,300750.SZ
2023-11-23,164.44579098,166.0247546,163.39937722,166.0247546,15720253,2771265524.63,300750.SZ
2023-11-24,165.39877494,166.4919036,163.035001,163.50215,16621248,2918741661.28,300750.SZ
2023-11-27,162.83879842,163.035001,159.3912388,159.4846686,18422007,3161041987.54,300750.SZ
2023-11-28,158.85868894,160.67122706,157.77490326,160.62451216,20210730,3443539749.66,300750.SZ
2023-11-29,159.764958,160.11999124,155.43915826,155.8876213,25188527,4235346582.08,300750.SZ
2023-11-30,154.36471556,157.57870068,153.68267802,156.027766,23027161,3834512348.69,300750.SZ
2023-12-01,156.29871242,156.6817746,153.62662014,154.626319,16962209,2816101715.16,300750.SZ
2023-12-04,152.757723,153.63596312,150.64620952,151.0292717,23930401,3892529224.86,300750.SZ
2023-12-05,149.6278247,151.70196626,148.2263777,148.37586538,24807739,3978910664.08,300750.SZ
2023-12-06,148.2263777,155.89696428,147.82462956,152.17845824,36769276,6024339619.75,300750.SZ
2023-12-07,151.356276,155.42981528,150.9825568,153.68267802,26908427,4410841808.17,300750.SZ
2023-12-08,154.15917,155.40178634,152.40268976,152.84180982,24502047,4030383346.85,300750.SZ
2023-12-11,151.36561898,154.80383562,149.63716768,154.4861743,21489569,3497265739.5,300750.SZ
2023-12-12,153.224872,154.36471556,152.27188804,152.87918174,14733877,2415527908.85,300750.SZ
2023-12-13,151.8701399,152.84180982,148.28243558,148.8803863,25259399,4045085653.77,300750.SZ
2023-12-14,150.30986224,150.87978402,146.16157912,146.33909574,22751400,3596263195.63,300750.SZ
2023-12-15,146.8716456,148.25440664,144.4424708,144.81619,20204635,3158101585.29,300750.SZ
2023-12-18,143.05036678,143.59225962,136.66911144,137.31377706,42912920,6398809829.48,300750.SZ
2023-12-19,136.69714038,140.12601404,136.65976846,139.210402,25185181,3734066912.78,300750.SZ
2023-12-20,139.3972616,141.2658576,138.57507936,138.6965381,21249368,3174602188.42,300750.SZ
2023-12-21,137.87435586,145.12450834,137.87435586,144.24626822,42131501,6433383992.73,300750.SZ
2023-12-22,143.414743,148.00214618,142.2001556,146.02143442,28032127,4359921761.52,300750.SZ
2023-12-25,145.283339,147.50696824,144.6293304,147.18930692,13005608,2036117775.27,300750.SZ
2023-12-26,146.65675706,147.151935,144.57327252,145.87194674,12767252,1994477782.07,300750.SZ
2023-12-27,147.17996394,147.619084,143.76043326,144.19021034,17356460,2686313989.06,300750.SZ
2023-12-28,144.08743756,152.44006168,143.48014386,152.28123102,37850179,6079407754.87,300750.SZ
2023-12-29,153.20618604,154.15917,151.356276,152.53349148,22683782,3707101874.04,300750.SZ
2024-01-02,151.56182156,151.85145394,146.32975276,146.52595534,21403268,3390080350.21,300750.SZ
2024-01-03,145.8439178,146.94638944,144.2556112,145.5636284,19757581,3070016674.07,300750.SZ
2024-01-04,145.283339,145.48888456,139.92981146,141.2658576,27241762,4114835334.93,300750.SZ
2024-01-05,141.06965502,144.56392954,139.66820802,140.9855682,21035318,3195235676.67,300750.SZ
2024-01-08,140.3315596,143.31197022,139.28514584,140.1447,19385405,2926528361.75,300750.SZ
2024-01-09,140.10732808,141.42468826,136.1739335,138.9301126,23391625,3473507460.23,300750.SZ
2024-01-10,137.28574812,143.05036678,136.9213719,140.76133668,23211960,3500326619.89,300750.SZ
2024-01-11,140.76133668,147.40419546,138.75259598,144.64801636,32801802,5037065544.25,300750.SZ
2024-01-12,143.881892,146.99310434,142.2001556,144.47049974,25462228,3943737150.63,300750.SZ
2024-01-15,143.414743,143.6016026,139.5374063,141.7330066,17272193,2618158007.72,300750.SZ
2024-01-16,141.69563468,146.9183605,140.66790688,146.6380711,28469270,4421625828.65,300750.SZ
2024-01-17,146.55398428,146.55398428,141.7797215,142.23752752,21761525,3343384131.76,300750.SZ
2024-01-18,140.2381298,145.0030496,140.15404298,144.45181378,30778779,4688436698.41,300750.SZ
2024-01-19,143.6950324,147.51631122,143.3213132,144.7227602,26594908,4136034233.34,300750.SZ
2024-01-22,143.414743,149.4409651,140.7519937,145.43282668,40488810,6323471152.62,300750.SZ
2024-01-23,144.81619,148.3665224,143.12511062,143.79780518,32305895,5033058276.4,300750.SZ
2024-01-24,144.349041,144.80684702,139.68689398,143.39605704,24870983,3776131708.06,300750.SZ
2024-01-25,142.013296,144.9096198,139.87375358,144.81619,29479609,4503492567.88,300750.SZ
2024-01-26,142.480445,144.33035504,140.1447,140.1447,27181270,4118576147.81,300750.SZ
2024-01-29,139.62149312,140.87345244,137.36049196,137.36049196,21767500,3235910042.92,300750.SZ
2024-01-30,135.940359,137.75289712,131.1754392,131.5024435,32727425,4680164654.32,300750.SZ
2024-01-31,135.47321,142.91022208,134.538912,141.63023382,59522108,8943013792.76,300750.SZ
2024-02-01,141.62089084,142.49913096,138.81799684,139.22908796,27968844,4197978843.17,300750.SZ
2024-02-02,138.276104,139.210402,133.95030426,136.407508,30706037,4494266567.68,300750.SZ
2024-02-05,133.24023778,144.349041,132.9506054,141.95723812,47132613,7035622773.05,300750.SZ
2024-02-06,141.25651462,148.79629948,140.91082436,147.92740234,43745926,6828296924.06,300750.SZ
2024-02-07,147.619084,149.29147742,145.750488,149.1139608,36607040,5800699416.45,300750.SZ
2024-02-08,149.020531,154.15917,148.44126624,152.14108632,30901156,5016344779.04,300750.SZ
2024-02-19,154.12179808,154.12179808,148.63746882,149.57176682,27092476,4355156562.95,300750.SZ
2024-02-20,151.24416024,151.24416024,145.81588886,147.92740234,22194791,3506366283.11,300750.SZ
2024-02-21,147.03981924,152.5708634,146.06814932,150.6088376,25782663,4135575623.96,300750.SZ
2024-02-22,150.73029634,150.73029634,148.44126624,149.8146843,20955947,3349275886.97,300750.SZ
2024-02-23,151.32824706,151.356276,148.60943988,149.954829,21017639,3368773226.46,300750.SZ
2024-02-26,148.76827054,149.47833702,144.5359006,145.750488,36066425,5638931754.29,300750.SZ
2024-02-27,144.89093384,147.4789393,144.38641292,147.46025334,29040075,4531078101.31,300750.SZ
2024-02-28,147.78725764,152.5708634,146.69412898,146.69412898,40091711,6423464926.27,300750.SZ
2024-02-29,145.8439178,153.00998346,145.43282668,152.76706598,39167504,6315294345.27,300750.SZ
2024-03-01,152.78575194,154.68237688,151.7299952,153.7387359,28101336,4610970231.35,300750.SZ
2024-03-04,154.15917,156.83126228,152.07568546,153.1314422,26808577,4424835389.74,300750.SZ
2024-03-05,151.4497058,154.3460296,149.48768,153.8321657,27549599,4478109343.91,300750.SZ
2024-03-06,151.89816884,155.9343362,151.0759866,152.88852472,18718009,3067856204.79,300750.SZ
2024-03-07,152.290574,153.38370266,149.00184504,149.6278247,22145021,3568786297.0,300750.SZ
2024-03-08,148.67484074,150.2351184,146.3577817,147.619084,20217023,3194520067.02,300750.SZ
2024-03-11,154.15917,169.7152317,153.3183018,168.9677933,76335047,13248182793.02,300750.SZ
2024-03-12,171.29419532,174.18117614,168.17364,173.62994032,62164900,11428112945.34,300750.SZ
2024-03-13,174.713726,175.35839162,171.2568234,173.01330364,34795798,6444102061.72,300750.SZ
2024-03-14,172.74235722,175.61065208,170.93916208,171.73331538,30535646,5642924971.26,300750.SZ
2024-03-15,171.56514174,171.8174022,165.2306013,169.107938,35483644,6371462215.2,300750.SZ
2024-03-18,177.55399192,181.02958048,176.5356071,178.41354608,48305173,9229188790.08,300750.SZ
2024-03-19,177.97442602,179.6655054,174.3400068,174.9473005,26957576,5099068938.67,300750.SZ
2024-03-20,173.32162198,178.67514952,173.32162198,177.03078504,21031584,3987105281.59,300750.SZ
2024-03-21,177.05881398,179.27310024,176.65706584,176.65706584,18756720,3571619013.59,300750.SZ
2024-03-22,176.66640882,177.43253318,172.83578702,174.25591998,19103367,3563063417.12,300750.SZ
2024-03-25,173.37767986,175.8348836,172.35929504,172.6582704,16413365,3046334226.28,300750.SZ
2024-03-26,173.4991386,180.44097274,173.48979562,179.1983564,30247308,5746016495.95,300750.SZ
2024-03-27,179.14229852,179.1516415,175.648024,175.648024,20645704,3910050276.4,300750.SZ
2024-03-28,175.71342486,179.1049266,174.3400068,176.37677644,20036725,3792149244.82,300750.SZ
2024-03-29,177.7969094,182.18811,176.93735524,177.66610768,16464806,3154024728.73,300750.SZ
2024-04-01,181.253812,186.70076934,180.6932332,184.84151632,27513187,5438688735.17,300750.SZ
2024-04-02,185.0844338,188.32644786,183.589557,186.5793106,24038110,4793028386.5,300750.SZ
2024-04-03,185.86924412,185.8785871,181.8143908,184.6639997,23489041,4635543375.83,300750.SZ
2024-04-08,184.6639997,186.7661702,181.8143908,181.8143908,18957556,3729974586.66,300750.SZ
2024-04-09,181.253812,183.589557,180.98286558,183.122408,14570001,2845224466.88,300750.SZ
2024-04-10,181.35658478,182.18811,178.94609594,180.07659652,17961495,3459617610.91,300750.SZ
2024-04-11,178.27340138,181.5341014,174.713726,179.9457948,19295444,3681659227.96,300750.SZ
2024-04-12,178.450918,179.36653004,175.65736698,176.01240022,16625645,3153751598.81,300750.SZ
2024-04-15,181.1136673,184.18750772,179.25441428,184.18750772,30548250,5978911501.32,300750.SZ
2024-04-16,185.925302,186.2055914,182.11336616,184.1968507,27623120,5450235800.73,300750.SZ
2024-04-17,182.5151143,183.99130514,180.33819996,183.11306502,21619164,4211033978.06,300750.SZ
2024-04-18,181.22578306,184.4771401,178.81529422,182.71131688,19539576,3808772286.51,300750.SZ
2024-04-19,180.37557188,181.68358908,177.05881398,178.2640584,18491472,3533488436.05,300750.SZ
2024-04-22,180.1326544,182.08533722,178.04916986,178.0771988,15098743,2903026005.69,300750.SZ
2024-04-23,178.57237674,179.852365,175.53590824,177.45121914,11113796,2113386949.51,300750.SZ
2024-04-24,179.385216,179.7589352,174.1531472,177.1429008,15154279,2865374635.48,300750.SZ
2024-04-25,176.18057386,181.5808163,175.54525122,180.5063736,16418323,3150746112.0,300750.SZ
2024-04-26,179.39455898,185.81318624,179.39455898,185.43946704,22488071,4413524312.71,300750.SZ
2024-04-29,187.39214986,199.472623,186.8596,195.85688974,43863035,9119637969.04,300750.SZ
2024-04-30,196.94791648,196.94791648,193.348946,193.9232498,21433024,4377316692.36,300750.SZ
2024-05-06,201.963503,202.6335241,197.20635319,198.11566754,27099899,5634660009.91,300750.SZ
2024-05-07,197.34992914,198.97712324,196.36404095,198.01995024,13179902,2722386147.53,300750.SZ
2024-05-08,198.134811,198.9005494,194.41140803,194.52626879,12432997,2544539625.56,300750.SZ
2024-05-09,197.43607471,201.49448823,197.3690726,200.4320262,21921628,4575999960.06,300750.SZ
2024-05-10,200.4320262,200.4320262,194.306119,194.7847055,22801132,4675581900.35,300750.SZ
2024-05-13,187.8930599,193.12879621,187.13689323,190.81243755,22196723,4425713327.7,300750.SZ
2024-05-14,192.0089038,192.5832076,189.63511476,190.48699873,10694712,2131826963.91,300750.SZ
2024-05-15,190.48699873,194.62198609,189.0416675,189.41496497,13074116,2607766831.74,300750.SZ
2024-05-16,190.2859924,193.00436372,188.54393754,191.11873291,15378204,3065019508.61,300750.SZ
2024-05-17,191.1474481,194.306119,190.07541434,194.306119,18496201,3727316446.1,300750.SZ
2024-05-20,198.3262456,198.97712324,194.31569073,194.73684685,19917171,4083626152.69,300750.SZ
2024-05-21,194.94742491,195.81845234,191.97061688,192.92778988,12296358,2480343309.64,300750.SZ
2024-05-22,193.8275325,198.134811,192.9660768,196.11517597,25236561,5153120079.07,300750.SZ
2024-05-23,195.4547266,196.84262745,194.43055149,195.58873082,17654820,3602986569.39,300750.SZ
2024-05-24,194.1146844,196.08646078,192.19076667,192.37262954,15510693,3136303496.79,300750.SZ
2024-05-27,193.1575114,193.1575114,189.9988405,191.44417173,16361785,3261446783.13,300750.SZ
2024-05-28,190.91772658,191.98976034,189.1373848,189.3288194,12689994,2517505166.39,300750.SZ
2024-05-29,189.52982573,193.8275325,189.3288194,190.27642067,13338755,2663801635.26,300750.SZ
2024-05-30,190.52528565,192.27691224,189.19481518,190.81243755,12784004,2548445865.24,300750.SZ
2024-05-31,190.81243755,193.58823925,189.29053248,189.29053248,13808627,2760668470.77,300750.SZ
2024-06-03,189.29053248,194.8804228,187.4144734,193.8275325,18718068,3757638839.5,300750.SZ
2024-06-04,193.33937427,198.36453252,192.391773,197.14892281,17714939,3639805938.31,300750.SZ
2024-06-05,196.8904861,198.94840805,195.27286373,195.37815276,11777390,2420867501.82,300750.SZ
2024-06-06,195.24414854,198.01995024,193.5403806,196.01945867,12412570,2544442658.23,300750.SZ
2024-06-07,190.34342278,193.77967385,179.55608307,184.9258236,51686760,10008885040.64,300750.SZ
2024-06-11,180.905697,183.777216,176.70370753,180.68554721,42072363,7876263876.2,300750.SZ
2024-06-12,178.034178,181.63314848,177.53644804,177.6513088,20310392,3788449182.24,300750.SZ
2024-06-13,178.991351,181.87244173,177.19186576,177.24929614,22117637,4134985666.22,300750.SZ
2024-06-14,178.1298953,178.58933834,170.93195434,176.97171597,37184949,6764196086.13,300750.SZ
2024-06-17,174.73193115,182.3414565,174.50220963,180.1399586,26929318,5044213365.16,300750.SZ
2024-06-18,180.09209995,182.31274131,179.01049446,182.17873709,15652909,2959271843.32,300750.SZ
2024-06-19,182.4371738,182.5328911,179.64222864,180.91526873,10753975,2030697600.04,300750.SZ
2024-06-20,181.85329827,181.96815903,179.0870683,179.93895227,11562370,2172637229.05,300750.SZ
2024-06-21,180.24524763,180.86741008,174.55964001,177.23015268,18467717,3416688219.76,300750.SZ
2024-06-24,175.162659,179.93895227,175.162659,178.97220754,18035490,3363422625.72,300750.SZ
2024-06-25,178.991351,181.0971316,177.6513088,178.34047336,14414412,2696969882.24,300750.SZ
2024-06-26,177.19186576,178.63719699,175.3540936,177.56516323,10481398,1940490559.38,300750.SZ
2024-06-27,177.56516323,177.91931724,175.17223073,177.077005,12653577,2330478210.95,300750.SZ
2024-06-28,175.9283974,177.53644804,172.13799232,172.31985519,19420506,3539244333.22,300750.SZ
2024-07-01,171.51582987,171.60197544,163.83930241,168.52945011,26995744,4709620520.85,300750.SZ
2024-07-02,166.40452605,169.38133408,164.73904503,168.53902184,14415586,2529552189.48,300750.SZ
2024-07-03,169.419621,174.6840725,168.75917163,171.8125535,16205321,2906473773.97,300750.SZ
2024-07-04,172.66443747,175.15308727,171.5254016,171.9082708,11834646,2137596470.18,300750.SZ
2024-07-05,173.248313,174.67450077,168.9410345,170.01306826,13524707,2414693953.96,300750.SZ
2024-07-08,168.47201973,170.73094801,167.51484673,168.37630243,10806397,1907514420.0,300750.SZ
2024-07-09,167.7924269,169.7067729,165.67707457,168.24229821,16443915,2876833389.62,300750.SZ
2024-07-10,167.51484673,172.37728557,165.63878765,165.63878765,17772919,3123226777.38,300750.SZ
2024-07-11,167.505275,171.31482354,166.05994377,169.42919273,20811148,3678618339.7,300750.SZ
2024-07-12,170.23321805,173.98533621,169.419621,172.0997054,19550460,3523525353.71,300750.SZ
2024-07-15,170.6639459,172.24328135,169.52491003,170.49165476,11469696,2041627402.34,300750.SZ
2024-07-16,169.8982075,172.7697265,169.7067729,171.6211189,15148737,2710034963.05,300750.SZ
2024-07-17,170.376794,174.83722018,168.40501762,173.14302397,18590141,3346445646.37,300750.SZ
2024-07-18,172.29114,181.0014143,171.98484464,180.28353455,31994401,5957621426.21,300750.SZ
2024-07-19,178.36918855,181.94901557,178.2256126,181.32685312,20847631,3929663334.93,300750.SZ
2024-07-22,183.00190587,185.86385314,179.3742202,181.40342696,17168252,3259890052.78,300750.SZ
2024-07-23,180.91526873,181.5757181,178.2256126,178.2256126,11903104,2233862306.3,300750.SZ
2024-07-24,178.034178,180.99184257,177.45030247,178.34047336,14468136,2708577542.72,300750.SZ
2024-07-25,178.14903876,182.56160629,177.13443538,179.69008729,20595888,3863507112.24,300750.SZ
2024-07-26,181.86287,185.0215409,179.99638265,181.24070755,23347718,4436931314.66,300750.SZ
2024-07-29,178.991351,178.991351,172.29114,176.62713369,21362366,3918833597.96,300750.SZ
2024-07-30,175.37323706,177.39287209,175.37323706,176.97171597,12725163,2349179517.95,300750.SZ
2024-07-31,174.205486,178.87649024,174.205486,178.33090163,19896940,3690880179.03,300750.SZ
2024-08-01,177.077005,178.034178,172.3868573,172.5782919,23012659,4180640117.67,300750.SZ
2024-08-02,171.333967,172.29114,169.17075602,169.50576657,15493685,2753866402.32,300750.SZ
2024-08-05,167.51484673,172.47300287,167.505275,169.419621,19347659,3451887572.32,300750.SZ
2024-08-06,170.76923493,171.70726447,166.27052183,167.45741635,15768703,2771240102.29,300750.SZ
2024-08-07,167.45741635,168.68259779,166.23223491,166.23223491,12753959,2230380711.06,300750.SZ
2024-08-08,165.60050073,166.1652328,162.83427076,165.0166252,14658996,2520197340.45,300750.SZ
2024-08-09,166.1652328,167.38084251,162.71941,162.71941,15412989,2646422840.31,300750.SZ
2024-08-12,163.26499861,163.79144376,159.6564564,161.762237,17415581,2934605437.63,300750.SZ
2024-08-13,161.65694797,167.46698808,161.16878974,166.33752394,19389256,3336604796.24,300750.SZ
2024-08-14,165.58135727,166.97882985,164.36574756,164.83476233,9966285,1720375362.23,300750.SZ
2024-08-15,164.633756,167.1224058,163.95416317,165.9737982,14481202,2511442939.39,300750.SZ
2024-08-16,165.9737982,168.462448,165.47606824,166.18437626,11150641,1941327488.98,300750.SZ
2024-08-19,165.92593955,170.31936362,165.73450495,168.0795788,14035843,2473581500.63,300750.SZ
2024-08-20,167.505275,168.462448,166.22266318,167.38084251,8436955,1475662465.92,300750.SZ
2024-08-21,166.548102,167.89771593,164.633756,166.55767373,11147405,1940113037.72,300750.SZ
2024-08-22,167.48613154,172.26242481,166.8352539,171.1425324,19901136,3536569763.92,300750.SZ
2024-08-23,169.419621,174.70321596,169.419621,174.0140514,18415176,3332172741.09,300750.SZ
2024-08-26,174.1097687,176.65584888,173.248313,176.04325816,14838749,2717728514.01,300750.SZ
2024-08-27,174.70321596,176.58884677,173.7268995,175.6412455,9976992,1827225122.26,300750.SZ
2024-08-28,174.9712244,175.82310837,173.51632144,174.99036786,10639015,1940292275.3,300750.SZ
2024-08-29,171.49668641,175.15308727,171.49668641,173.0568784,15670242,2839993927.17,300750.SZ
2024-08-30,173.0568784,177.99589108,173.0568784,176.44527082,25429171,4689604094.32,300750.SZ
2024-09-02,176.54098812,177.64173707,173.248313,173.43017587,12985176,2371406001.78,300750.SZ
2024-09-03,172.5782919,178.7041991,172.31028346,177.69916745,18196886,3362146073.33,300750.SZ
2024-09-04,177.38330036,180.905697,176.93342905,179.13492695,16564524,3101382415.29,300750.SZ
2024-09-05,179.13492695,181.43214215,177.8427434,178.7999164,12318215,2302962597.23,300750.SZ
2024-09-06,178.14903876,180.4271105,177.4598742,177.98631935,7525486,1404159124.51,300750.SZ
2024-09-09,177.18229403,180.58025818,175.61253031,177.22058095,13475355,2494206446.2,300750.SZ
2024-09-10,177.5555915,177.5555915,173.29617165,173.40146068,15424413,2809100737.45,300750.SZ
2024-09-11,174.5883552,179.73794594,173.40146068,178.57019488,21197083,3938430662.64,300750.SZ
2024-09-12,179.948524,183.93036368,178.71377083,181.24070755,20709986,3931885572.83,300750.SZ
2024-09-13,180.79083624,180.79083624,175.6412455,175.6412455,17287288,3202147524.27,300750.SZ
2024-09-18,175.7369628,179.40293539,175.44023917,178.4170472,11377895,2116044596.22,300750.SZ
2024-09-19,178.991351,180.15910206,175.7369628,178.8956337,15769409,2940618896.64,300750.SZ
2024-09-20,178.8956337,179.8528067,175.81353664,177.6513088,15502703,2874252971.74,300750.SZ
2024-09-23,178.66591218,181.31728139,177.5555915,180.1399586,15792549,2968348168.22,300750.SZ
2024-09-24,183.73892908,189.68297341,180.80040797,189.06081096,35451735,6891613101.73,300750.SZ
2024-09-25,198.50810847,198.5176802,193.91367807,194.4018363,42010119,8606648805.95,300750.SZ
2024-09-26,194.9761401,198.45067809,190.41042489,196.70862323,35489346,7190132217.19,300750.SZ
2024-09-27,202.920676,221.75784064,202.60480891,217.09640813,70181326,15567947397.43,300750.SZ
2024-09-30,223.04045246,244.079115,222.064136,241.10230697,91361145,22246725636.15,300750.SZ
2024-10-08,283.323208,288.5876595,256.19692518,286.194727,137646479,39285155658.41,300750.SZ
2024-10-09,267.9127227,267.99886827,244.079115,244.079115,108691594,29017394644.92,300750.SZ
2024-10-10,244.079115,254.59844627,239.44639768,246.950634,60833833,15786972610.89,300750.SZ
2024-10-11,244.5577015,244.5577015,227.74017189,231.43485967,47640230,11668275358.21,300750.SZ
2024-10-14,239.28367827,241.9733344,234.44995462,239.02524156,46759863,11671765786.38,300750.SZ
2024-10-15,239.11138713,240.09727532,230.80312549,230.88927106,32765334,8057930637.14,300750.SZ
2024-10-16,228.59205586,228.59205586,223.33717609,223.83490605,33585954,7918107275.66,300750.SZ
2024-10-17,223.978482,228.64948624,220.97295878,221.5855495,26164672,6135626737.15,300750.SZ
2024-10-18,220.14979,247.79294624,219.7669208,239.18796097,68013787,16734812130.47,300750.SZ
2024-10-21,247.907807,251.28662769,240.96830275,242.50935128,58455809,14972853360.17,300750.SZ
2024-10-22,243.121942,243.65795888,236.67059598,239.81969515,27876033,6986426718.6,300750.SZ
2024-10-23,237.19704113,244.02168462,236.28772678,238.6232289,32154122,8076690148.32,300750.SZ
2024-10-24,239.07310021,240.7290095,234.507385,235.61770568,21465790,5297733385.73,300750.SZ
2024-10-25,241.53303482,253.650845,235.7517099,247.79294624,57898551,14887536977.89,300750.SZ
2024-10-28,245.16072049,247.53450953,242.164769,245.26600952,27601935,7053002719.83,300750.SZ
2024-10-29,245.26600952,246.67305383,240.48014452,240.99701794,26994808,6853075171.39,300750.SZ
2024-10-30,239.29325,241.4947479,234.0287985,237.40761919,27134374,6734690047.33,300750.SZ
2024-10-31,236.41215927,239.7718365,233.550212,235.44541454,25500279,6286268642.67,300750.SZ
2024-11-01,235.97185969,239.12095886,234.67967614,235.6559926,25915829,6418140472.77,300750.SZ
2024-11-04,233.550212,243.4090939,233.550212,240.4418576,24247222,6074686403.4,300750.SZ
2024-11-05,239.84841034,251.56420786,238.46050949,250.19545047,48482094,12547431634.82,300750.SZ
2024-11-06,247.89823527,257.9581235,242.6433555,245.5148745,45239310,11840068810.22,300750.SZ
2024-11-07,246.950634,251.5450644,243.00708124,251.5450644,33571027,8698717048.5,300750.SZ
2024-11-08,258.11127118,260.351056,246.0891783,246.4720475,40294127,10612727375.41,300750.SZ
2024-11-11,241.54260655,257.46996527,240.25999473,256.0437775,49153907,12844920271.79,300750.SZ
2024-11-12,266.36210244,272.9857396,259.37473954,261.32737246,74403008,20764206510.38,300750.SZ
2024-11-13,257.479537,275.8572586,255.34504121,269.922786,55773688,15410247017.55,300750.SZ
2024-11-14,270.879959,272.78473327,262.89713618,263.222575,42657210,11940874423.6,300750.SZ
2024-11-15,257.9581235,263.222575,254.18686188,254.18686188,35198317,9488134617.77,300750.SZ
2024-11-18,254.18686188,259.34602435,249.822153,251.65992516,30650010,8135717135.86,300750.SZ
2024-11-19,250.79846946,260.351056,246.950634,257.21152856,34812887,9211079120.51,300750.SZ
2024-11-20,255.51733235,258.3409927,253.2679758,256.09163615,22708778,6060616028.92,300750.SZ
2024-11-21,254.28257918,259.80546739,252.36823318,256.77122898,20550827,5510533650.39,300750.SZ
2024-11-22,256.45536189,257.479537,247.79294624,248.0035243,22555101,5937579845.21,300750.SZ
2024-11-25,251.79392938,255.14403488,249.99444414,252.7893893,26239071,6923644963.03,300750.SZ
2024-11-26,250.36774161,252.66495681,244.71084918,245.72545256,27360405,7076484876.24,300750.SZ
2024-11-27,243.7919631,249.7264357,240.70029431,248.7692627,27400665,7033615361.69,300750.SZ
2024-11-28,248.0992416,248.41510869,242.6433555,243.7919631,22355598,5728197559.53,300750.SZ
2024-11-29,240.47057279,256.51279227,240.47057279,250.05187452,31366272,8192074188.26,300750.SZ
2024-12-02,247.56322472,252.26294415,246.19446733,250.96118887,20647547,5387882833.85,300750.SZ
2024-12-03,249.822153,251.72692727,247.907807,250.62617832,17310789,4514867561.72,300750.SZ
2024-12-04,248.86498,250.779326,246.4720475,247.87909181,16181395,4186965339.38,300750.SZ
2024-12-05,246.94106227,247.85994835,244.08868673,245.036288,16021580,4109014221.95,300750.SZ
2024-12-06,245.036288,258.3409927,244.079115,255.13446315,33038136,8719647873.97,300750.SZ
2024-12-09,255.55561927,258.11127118,253.08611293,256.57022265,22456090,6005103478.7,300750.SZ
2024-12-10,269.23362144,269.4441995,257.79540409,258.98229861,32904436,9035442039.71,300750.SZ
2024-12-11,262.22711508,267.5298535,255.10574796,255.6609083,19400821,5262014871.75,300750.SZ
2024-12-12,254.5123007,263.58630074,253.8422796,261.98782183,22329514,6055502392.49,300750.SZ
2024-12-13,258.32184924,260.351056,254.608018,255.59390619,28316441,7596460114.56,300750.SZ
2024-12-16,254.81859606,257.9581235,252.74153065,255.7566256,16257508,4333963457.3,300750.SZ
2024-12-17,255.565191,266.094094,255.12489142,262.0739674,28214610,7746201690.52,300750.SZ
2024-12-18,262.56212563,262.96413829,258.73343363,259.78632393,15085329,4110472402.55,300750.SZ
2024-12-19,257.72840198,260.68606655,255.20146526,258.23570367,15346018,4137668599.45,300750.SZ
2024-12-20,258.23570367,259.2024484,249.17127536,251.45891883,27740098,7313368050.81,300750.SZ
2024-12-23,251.45891883,257.36467624,251.45891883,252.2150855,20639383,5482614221.43,300750.SZ
2024-12-24,251.736499,256.76165725,251.736499,256.74251379,19615352,5229920631.84,300750.SZ
2024-12-25,257.39339143,259.30773743,254.85688298,256.49364881,11413810,3058526680.1,300750.SZ
2024-12-26,255.7566256,255.7566256,249.822153,250.06144625,22443762,5898437344.16,300750.SZ
2024-12-27,249.41056861,252.13851166,244.079115,250.779326,24351918,6338085456.58,300750.SZ
2024-12-30,249.70729224,256.0437775,249.35313823,255.16317834,22631352,6013633016.57,300750.SZ
2024-12-31,253.73699057,258.9152965,253.73699057,254.608018,24933952,6694555730.67,300750.SZ
2025-01-02,254.84731125,254.8951699,245.993461,247.69722894,23354576,6090661831.17,300750.SZ
2025-01-03,247.69722894,251.736499,246.19446733,246.59647999,18523758,4812148522.42,300750.SZ
2025-01-06,246.950634,248.86498,242.164769,245.75416775,17289077,4433101113.47,300750.SZ
2025-01-07,232.593039,241.207596,230.75526684,238.76680485,40103599,9934923663.6,300750.SZ
2025-01-08,235.45498627,237.67562763,232.89933436,234.83282382,27185752,6681628785.11,300750.SZ
2025-01-09,231.01370355,239.53254325,230.83184068,236.73759809,16932878,4168600175.92,300750.SZ
2025-01-10,235.9431445,239.24539135,234.20108964,235.464558,14729433,3643092329.08,300750.SZ
2025-01-13,233.0716255,239.29325,231.635866,236.33558543,18092226,4467775090.65,300750.SZ
2025-01-14,237.10132383,245.993461,234.70839133,245.2277226,20246734,5108567634.52,300750.SZ
2025-01-15,245.2277226,245.4191572,238.97738291,240.12599051,15062665,3798504600.23,300750.SZ
2025-01-16,241.207596,243.6962458,237.62776898,239.22624789,16188378,4056598313.89,300750.SZ
2025-01-17,237.8574905,242.6433555,237.45547784,240.7290095,11106600,2786220135.4,300750.SZ
2025-01-20,245.5148745,256.14906653,245.33301163,254.14857496,34283497,9048642227.01,300750.SZ
2025-01-21,257.0009505,257.24981548,251.94707706,252.86596314,13893306,3681448144.13,300750.SZ
2025-01-22,250.779326,253.5551277,243.32294833,246.950634,25040737,6440345376.16,300750.SZ
2025-01-23,248.72140405,251.2579125,245.97431754,246.4720475,16553688,4291744662.35,300750.SZ
2025-01-24,246.22196967,254.65666626,246.22196967,250.65571554,22439796,5876198259.64,300750.SZ
2025-01-27,250.66533321,252.91586799,247.174119,247.174119,17102637,4460049868.79,300750.SZ
2025-02-05,250.05942,251.982954,241.45160535,242.48069604,24048140,6141794779.18,300750.SZ
2025-02-06,241.403517,243.79831683,239.6723364,243.4232277,24896101,6261792979.68,300750.SZ
2025-02-07,247.174119,252.52154352,241.99981254,251.29048176,34441254,8922582684.06,300750.SZ
2025-02-10,251.29048176,251.47321749,245.42370306,248.56868115,22926710,5928297100.65,300750.SZ
2025-02-11,250.48259748,250.5403035,241.46122302,242.1729306,24791980,6268157349.51,300750.SZ
2025-02-12,240.45136767,246.212352,237.63339036,245.5391151,27382214,6902713445.39,300750.SZ
2025-02-13,246.20273433,253.89687033,245.3467617,251.39627613,37534967,9803005760.98,300750.SZ
2025-02-14,251.53092351,262.562391,251.53092351,259.39817757,38780030,10409880413.13,300750.SZ
2025-02-17,264.3897483,264.3897483,255.84925734,259.1000298,24182960,6513084025.55,300750.SZ
2025-02-18,262.52392032,264.9668085,258.715323,260.41765059,23845755,6497674092.82,300750.SZ
2025-02-19,258.30176319,265.447692,258.28252785,263.09136285,20445539,5580141095.98,300750.SZ
2025-02-20,262.3700376,262.3700376,256.791789,259.8694434,19589001,5267400818.81,300750.SZ
2025-02-21,258.31138086,266.29404696,257.54196726,265.01489685,30951906,8443562273.09,300750.SZ
2025-02-24,262.57200867,264.1973949,257.90743872,261.1197405,27753762,7510840227.9,300750.SZ
2025-02-25,257.25343716,263.524158,254.39698917,259.17697116,23209375,6243748571.26,300750.SZ
2025-02-26,261.07165215,262.44697896,256.96490706,258.34985154,21173074,5698649749.86,300750.SZ
2025-02-27,259.93676709,261.3120939,257.43617289,259.67709,23185110,6250587949.69,300750.SZ
2025-02-28,259.2923832,260.93700477,253.53139887,254.1950181,22265458,5935077344.85,300750.SZ
2025-03-03,254.868255,268.6215231,252.21377808,263.07212751,38736403,10603328988.12,300750.SZ
2025-03-04,259.67709,260.638857,252.68504391,252.944721,26836542,7115460892.09,300750.SZ
2025-03-05,252.944721,253.80069363,248.6167695,251.01156933,20869610,5438997025.6,300750.SZ
2025-03-06,252.22339575,255.37799151,251.021187,254.20463577,25027321,6601078271.87,300750.SZ
2025-03-07,252.90625032,253.50254586,248.78988756,250.79036292,22287108,5812794648.75,300750.SZ
2025-03-10,251.7906006,251.84830662,243.91372887,246.6932355,28675074,7355227161.05,300750.SZ
2025-03-11,243.39437469,245.7314685,243.37513935,245.4429384,17135077,4355529582.69,300750.SZ
2025-03-12,246.22196967,246.80864754,241.87478283,244.7697015,19914690,5058919203.76,300750.SZ
2025-03-13,244.288818,249.2900064,243.327051,243.53863974,16885150,4316530458.89,300750.SZ
2025-03-14,243.327051,254.72398995,242.99043255,251.982954,35108935,9148092796.94,300750.SZ
2025-03-17,253.0408977,255.32028549,245.96229258,246.212352,33515486,8685706367.06,300750.SZ
2025-03-18,248.135886,250.80959826,245.7314685,247.174119,22576732,5817534421.17,300750.SZ
2025-03-19,247.3664724,256.76293599,246.96253026,255.24334413,36954120,9737109378.54,300750.SZ
2025-03-20,255.24334413,256.3109055,251.04042234,252.12721905,14424653,3794188019.64,300750.SZ
2025-03-21,252.63695556,254.41622451,245.89496889,246.212352,19432006,5026360931.88,300750.SZ
2025-03-24,247.8473559,249.07841766,246.48164676,248.28976872,16730217,4311680872.58,300750.SZ
2025-03-25,247.85697357,250.05942,245.52949743,249.55930116,12785778,3303477319.98,300750.SZ
2025-03-26,249.4823598,252.6561909,246.8855889,247.09717764,12904626,3336108307.58,300750.SZ
2025-03-27,246.39508773,252.7523676,244.52925975,248.98224096,14179206,3675726420.1,300750.SZ
2025-03-28,246.31814637,248.98224096,246.0199986,246.9817656,11242068,2888588257.91,300750.SZ
2025-03-31,246.27005802,248.11665066,242.48069604,243.26934498,19463355,4951863265.85,300750.SZ
2025-04-01,243.26934498,244.7697015,239.07604086,239.53768902,19416208,4862442756.21,300750.SZ
2025-04-02,240.6341034,242.80769682,238.09503852,239.61463038,13732112,3433096886.45,300750.SZ
2025-04-03,235.632915,238.2296859,233.27658585,233.78632236,23281639,5693962717.17,300750.SZ
2025-04-07,217.44590103,221.20641,201.11509737,206.99149374,72364582,15811389636.04,300750.SZ
2025-04-08,211.54065165,216.397575,208.1263788,210.67506135,47659421,10471952816.27,300750.SZ
2025-04-09,204.77942964,210.38653125,202.05762903,203.30792613,53602339,11459705354.46,300750.SZ
2025-04-10,212.550507,214.27206993,207.22231782,209.64597066,37274119,8168675412.18,300750.SZ
2025-04-11,207.741672,216.92654685,206.4913749,215.435808,30299115,6696905324.87,300750.SZ
2025-04-14,218.46537405,219.282876,214.16627556,215.435808,20696504,4642121045.01,300750.SZ
2025-04-15,217.359342,221.63920515,216.51298704,219.42714105,26686542,6087451729.5,300750.SZ
2025-04-16,218.321109,218.49422706,213.07947885,216.29178063,21655096,4838764472.01,300750.SZ
2025-04-17,214.474041,218.63849211,213.72386274,217.359342,15737659,3551280611.34,300750.SZ
2025-04-18,216.59954607,217.8402255,215.10880722,216.83998782,11512794,2588857714.93,300750.SZ
2025-04-21,216.83998782,226.015245,215.60892606,222.51441312,22008191,5088523082.08,300750.SZ
2025-04-22,225.63414,226.77212088,222.8872896,226.31104242,16935423,3885729764.44,300750.SZ
2025-04-23,230.53923,234.2180475,228.577194,228.9205503,19197980,4507058716.13,300750.SZ
2025-04-24,230.048721,234.12975588,227.8414305,232.37373366,18155439,4297351278.47,300750.SZ
2025-04-25,232.6974696,233.40380256,230.62752162,232.1088588,12761989,3016796564.98,300750.SZ
2025-04-28,233.7275385,233.73734868,228.7733976,230.3920773,14312432,3357178149.08,300750.SZ
2025-04-29,229.558212,230.3430264,226.34047296,227.62560654,16742435,3892978723.57,300750.SZ
2025-04-30,228.6262449,229.93099884,227.105667,227.105667,15632835,3635403837.28,300750.SZ
2025-05-06,229.46992038,231.8145534,226.8113616,227.23319934,19687679,4591289270.22,300750.SZ
2025-05-07,231.9617061,236.30761584,231.59872944,234.08070498,31280985,7444719326.75,300750.SZ
2025-05-08,234.94400082,243.95955624,233.46266364,239.92757226,31285640,7666995082.28,300750.SZ
2025-05-09,241.39909926,245.02886586,240.0060537,243.55733886,23693317,5858468263.59,300750.SZ
2025-05-12,250.15959,253.09283382,248.197554,252.121626,30231506,7731591601.27,300750.SZ
2025-05-13,257.026716,257.026716,250.17921036,253.85802786,20480591,5281511474.78,300750.SZ
2025-05-14,253.85802786,259.44002028,251.15041818,257.6153268,23146307,6020688165.31,300750.SZ
2025-05-15,257.63494716,257.88020166,254.6722728,255.24126324,14111893,3685574613.84,300750.SZ
2025-05-16,254.22100452,256.76184114,252.83776914,254.43682848,18900058,4904611047.57,300750.SZ
2025-05-19,255.555189,255.59442972,252.38650086,255.06468,16974017,4399897902.76,300750.SZ
2025-05-20,259.42039992,260.460279,250.3557936,258.007734,34642364,9053425367.26,300750.SZ
2025-05-21,261.92199582,274.67522982,260.7545844,268.87741344,56524517,15470587405.46,300750.SZ
2025-05-22,272.5268004,272.66414292,263.17769886,265.23783666,27608118,7470701466.92,300750.SZ
2025-05-23,265.86568818,268.798932,261.8827551,261.92199582,23000352,6218224096.63,300750.SZ
2025-05-26,259.96977,261.32357484,248.0994522,251.0425062,33012215,8477228630.01,300750.SZ
2025-05-27,251.03269602,252.32763978,247.59913302,249.16876182,17667995,4491281265.98,300750.SZ
2025-05-28,250.75801098,253.36751886,248.51147976,248.7861648,15456265,3946773465.49,300750.SZ
2025-05-29,248.197554,249.15895164,244.273482,247.0693833,21788285,5487937547.64,300750.SZ
2025-05-30,246.1374162,247.8541977,242.77252446,245.2545,20433747,5107325147.85,300750.SZ
2025-06-03,247.216536,249.0804702,245.68614792,246.3826707,15841166,3989341996.16,300750.SZ
2025-06-04,247.707045,248.7861648,245.9412126,246.2845689,13040195,3285855858.94,300750.SZ
2025-06-05,246.58868448,247.64818392,243.55733886,246.726027,13525851,3386751734.82,300750.SZ
2025-06-06,247.216536,248.52128994,243.782973,244.15575984,16551474,4138221069.73,300750.SZ
2025-06-09,244.15575984,246.11779584,240.839919,240.91840044,18549757,4593124638.49,300750.SZ
2025-06-10,240.34941,242.17410348,237.62217996,238.52471652,13932459,3406606343.21,300750.SZ
2025-06-11,241.41871962,247.64818392,240.1532064,245.745009,27993404,7006354612.93,300750.SZ
2025-06-12,247.216536,247.707045,244.04784786,245.06810658,17569617,4386403720.61,300750.SZ
2025-06-13,243.3905658,245.65671738,241.69340466,243.4886676,17403245,4322411795.88,300750.SZ
2025-06-16,243.292464,243.9791766,241.1342244,241.97789988,12217571,3013514215.11,300750.SZ
2025-06-17,242.27220528,243.71430174,240.56523396,241.58549268,9765024,2407928749.8,300750.SZ
2025-06-18,242.29182564,244.84247244,240.90859026,240.90859026,10460561,2586543839.29,300750.SZ
2025-06-19,240.6437154,241.48739088,237.0139488,237.5044578,14798456,3604508604.0,300750.SZ
2025-06-20,236.48419908,238.50509616,234.953811,235.69938468,13688340,3293985956.97,300750.SZ
2025-06-23,234.7576074,236.0329308,233.51171454,235.06172298,12709927,3040680713.46,300750.SZ
2025-06-24,236.01331044,243.37094544,236.01331044,241.25194656,23501081,5767361453.67,300750.SZ
2025-06-25,241.820937,251.02288584,241.330428,250.0614882,31537723,7930320892.2,300750.SZ
2025-06-26,251.02288584,251.42510322,247.56970248,247.99154022,19914530,5062386536.58,300750.SZ
2025-06-27,251.631117,252.5630841,245.36241198,246.22570782,23620067,5985026676.06,300750.SZ
2025-06-30,246.726027,248.688063,244.9601946,247.43235996,17623370,4434817078.09,300750.SZ
2025-07-01,247.707045,247.94248932,245.13677784,246.726027,9532258,2395104336.39,300750.SZ
2025-07-02,246.726027,247.22634618,244.45987542,245.6959581,11571374,2897311834.39,300750.SZ
2025-07-03,246.69659646,258.21374778,245.83330062,257.60551662,33803747,8746803693.22,300750.SZ
2025-07-04,259.97958018,264.85523964,256.02607764,260.7545844,27206013,7214227943.16,300750.SZ
2025-07-07,260.7545844,263.77611984,253.96593984,255.93778602,17466498,4568972964.97,300750.SZ
2025-07-08,255.7513926,260.8526862,254.88809676,258.31184958,15592292,4104293094.04,300750.SZ
2025-07-09,257.2229196,269.25020028,257.1248178,265.6596744,29388371,7948423738.84,300750.SZ
2025-07-10,269.77013982,269.77013982,263.403333,266.836896,24239349,6594201202.24,300750.SZ
2025-07-11,266.346387,268.798932,264.9729618,266.346387,21328153,5798544034.02,300750.SZ
2025-07-14,265.855878,266.16980376,261.0488898,263.403333,14978884,4013693003.02,300750.SZ
2025-07-15,263.403333,267.327405,260.950788,262.6675695,16952649,4553827628.41,300750.SZ
2025-07-16,263.403333,263.5995366,258.04697472,259.3811592,15626479,4135841242.09,300750.SZ
2025-07-17,260.33274666,262.6675695,259.34191848,260.460279,14511017,3852746250.96,300750.SZ
2025-07-18,263.5995366,267.2783541,260.7545844,266.0520816,22186558,5981601234.68,300750.SZ
2025-07-21,271.741986,276.647076,268.3574739,274.35149388,32486275,9047295148.53,300750.SZ
2025-07-22,274.68504,284.49522,273.88060524,281.21861988,33309029,9468912161.33,300750.SZ
2025-07-23,282.69014688,285.2309835,281.14994862,281.57178636,20018974,5772653125.61,300750.SZ
2025-07-24,283.514202,283.7104056,277.53980238,279.7863336,22389114,6394082072.26,300750.SZ
2025-07-25,279.7863336,279.7863336,276.4018215,277.4318904,13432601,3802835260.35,300750.SZ
2025-07-28,277.64771436,283.60249362,275.9603634,280.8654534,23897336,6830867028.98,300750.SZ
2025-07-29,281.2578606,286.457256,281.23824024,286.28067276,23394555,6785427583.3,300750.SZ
2025-07-30,286.6534596,286.6534596,271.11413448,271.83027762,41594301,11712764593.4,300750.SZ
2025-07-31,275.4698544,276.62745564,259.59698316,259.59698316,44710355,12088514551.35,300750.SZ
2025-08-01,259.7735664,261.5393988,257.7624795,258.07640526,25250002,6682814646.11,300750.SZ
2025-08-04,258.007734,262.912824,256.7324106,261.42167664,23768168,6286238371.41,300750.SZ
2025-08-05,262.422315,263.893842,258.498243,260.6564826,21976040,5844478669.62,300750.SZ
2025-08-06,260.18559396,261.8337042,258.23336814,259.96977,15323311,4058482395.72,300750.SZ
2025-08-07,259.96977,261.43148682,257.2229196,258.0567849,16548104,4363462114.28,300750.SZ
2025-08-08,258.988752,261.10775088,257.03652618,258.47862264,17428216,4604736202.88,300750.SZ
2025-08-11,258.47862264,261.0979407,257.517225,258.65520588,21330876,5627553110.23,300750.SZ
2025-08-12,258.498243,260.14635324,252.82795896,258.2529885,22240739,5829140856.36,300750.SZ
2025-08-13,259.74413586,269.77995,259.48907118,268.4065248,39466769,10661084796.93,300750.SZ
2025-08-14,271.63407402,276.647076,269.26982064,274.57712802,37170757,10378442059.43,300750.SZ
2025-08-15,273.09579084,276.9413814,270.8590698,275.34232206,24109169,6735591187.3,300750.SZ
2025-08-18,275.34232206,280.06101864,272.74262436,277.628094,28528793,8056186541.66,300750.SZ
2025-08-19,277.628094,278.609112,270.97679196,272.5268004,24428585,6816442573.39,300750.SZ
2025-08-20,273.215955,275.66751438,267.8500921,274.8897104,23353492,6414344336.6,300750.SZ
2025-08-21,274.95862974,277.4495716,273.708236,274.692798,18269814,5103914720.5,300750.SZ
2025-08-22,274.62387866,284.8830147,274.2989732,282.74651516,26421851,7543698627.98,300750.SZ
2025-08-25,285.52298,289.34308056,282.35269036,285.79865736,31229720,9046692965.14,300750.SZ
2025-08-26,282.58898524,286.49769638,281.17121596,285.030699,23024462,6648848315.09,300750.SZ
2025-08-27,284.538418,285.07008148,273.89530278,274.0036046,38258429,10859010299.88,300750.SZ
2025-08-28,271.79818572,274.68295238,268.50974864,273.12734442,30466401,8407974991.21,300750.SZ
2025-08-29,274.01345022,311.77140292,273.6590079,301.45319316,78013892,23482893636.73,300750.SZ
2025-09-01,301.768253,302.1620778,294.6794066,299.306848,42996421,13012795663.32,300750.SZ
2025-09-02,299.33638486,306.2972382,294.41357486,298.19429294,37116889,11289093082.83,300750.SZ
2025-09-03,298.814567,306.8387473,298.35182286,304.229658,50897473,15640548986.17,300750.SZ
2025-09-04,308.63065014,318.33843146,295.98887406,299.33638486,65754754,20442631453.08,300750.SZ
2025-09-05,295.2701438,320.09095182,295.19137884,320.09095182,70819779,22440211715.74,300750.SZ
2025-09-08,328.843708,332.4373593,318.505807,320.34693794,58834578,19349632049.47,300750.SZ
2025-09-09,317.8166136,329.41475396,312.26368392,315.05984,43402397,14085497657.59,300750.SZ
2025-09-10,313.08087038,317.028964,308.167906,311.16097448,36752683,11649703595.37,300750.SZ
2025-09-11,310.6785391,317.99383476,304.26904048,317.5704731,38034460,12060756826.83,300750.SZ
2025-09-12,320.8687558,324.8070038,317.2258764,319.98265,33871316,11031032652.98,300750.SZ
2025-09-15,340.66829762,365.78447424,338.70901924,349.2241414,71841023,25586615240.53,300750.SZ
2025-09-16,350.61237382,353.457758,343.119857,347.96390204,37744465,13325722241.64,300750.SZ
2025-09-17,351.2917216,375.98453656,348.534948,371.2783302,54377100,20113064234.21,300750.SZ
2025-09-18,368.80707958,374.13356,355.2299696,361.22595218,51889690,19308545613.54,300750.SZ
2025-09-19,359.36513,369.90978902,356.13576664,362.80125138,33914886,12515443886.56,300750.SZ
2025-09-22,364.780221,366.96594864,357.17940236,364.3371681,28527763,10474484764.41,300750.SZ
2025-09-23,362.318816,371.14049152,354.44232,362.4665003,34849315,12813882349.63,300750.SZ
2025-09-24,365.272502,374.13356,360.40876572,374.06464066,38314548,14311189086.36,300750.SZ
2025-09-25,370.7860492,396.37481558,370.65805614,386.7851817,46639338,18251421707.6,300750.SZ
2025-09-26,385.96799524,393.81495438,374.13356,374.5273848,36263326,14106499741.53,300750.SZ
2025-09-29,380.37568308,393.71649818,380.05077762,391.23540194,38964745,15381134070.09,300750.SZ
2025-09-30,389.886552,402.56771056,389.886552,395.793924,33031310,13278445666.93,300750.SZ
2025-10-09,393.80510876,417.80873032,393.56881388,403.56211818,41208823,16989122538.13,300750.SZ
2025-10-10,394.809362,397.5661356,373.15884362,376.0534559,53311798,20684330795.05,300750.SZ
2025-10-13,357.25816732,378.6625452,357.25816732,368.718469,47150998,17618650276.77,300750.SZ
2025-10-14,375.118122,379.8440196,350.27762274,352.473196,49639939,18319370880.77,300750.SZ
2025-10-15,352.965477,364.00241702,349.28321512,363.5987466,36993355,13383852916.96,300750.SZ
2025-10-16,361.826535,368.1277318,358.872849,362.811097,27629467,10185159269.4,300750.SZ
2025-10-17,361.826535,369.21075,351.47878838,352.61103468,31905761,11588825855.03,300750.SZ
2025-10-20,359.36513,363.19507618,353.97957586,360.841973,28432420,10372513059.32,300750.SZ
2025-10-21,367.241626,375.4627187,357.4944622,370.0968558,44632870,16784956526.03,300750.SZ
2025-10-22,370.0968558,373.03085056,362.5157284,367.10378732,21945879,8178934535.0,300750.SZ
2025-10-23,368.0292756,372.9520856,363.303378,370.6383649,23998098,8982628026.73,300750.SZ
2025-10-24,374.10402314,381.8131436,372.164436,379.81448274,32041578,12276721104.42,300750.SZ
2025-10-27,386.932866,386.932866,370.75651234,380.21815316,40451018,15542852577.46,300750.SZ
2025-10-28,380.19846192,387.7205156,377.10693724,380.51352176,28708295,11160796766.31,300750.SZ
2025-10-29,380.040932,393.86418248,378.7610014,393.8248,34474046,13644645225.55,300750.SZ
2025-10-30,399.71248076,402.76462296,390.70373846,392.14119898,34306088,13797530228.7,300750.SZ
2025-10-31,391.855676,400.5198216,382.2069684,382.76816874,34048350,13515773431.18,300750.SZ
2025-11-03,381.025494,385.85969342,369.96886274,380.88765532,26368177,10106566781.1,300750.SZ
2025-11-04,377.14631972,380.533213,368.226188,373.0997699,23939074,9091842152.99,300750.SZ
2025-11-05,367.0939417,386.932866,366.257064,382.6992494,31142532,11937586811.02,300750.SZ
2025-11-06,383.97918,393.32267338,382.6992494,388.58693016,23447477,9261688311.6,300750.SZ
2025-11-07,387.425147,391.37324062,382.87647056,389.26627794,16554892,6516185370.89,300750.SZ
2025-11-10,392.2495008,394.13001422,377.40230584,378.57393462,23895991,9267204047.49,300750.SZ
2025-11-11,380.040932,388.67554074,378.564089,379.6471072,19303175,7500041113.2,300750.SZ
2025-11-12,384.74713836,386.92302038,378.05211676,380.41506556,21299825,8261238196.73,300750.SZ
2025-11-13,379.1055981,414.7959706,379.1055981,409.1839672,56265449,22945441956.47,300750.SZ
2025-11-14,400.716734,408.1994052,397.64490056,397.88119544,24172120,9879119548.47,300750.SZ
2025-11-17,382.010056,386.3421288,376.594965,384.74713836,47685503,18542294255.24,300750.SZ
2025-11-18,382.994618,392.47595006,375.118122,379.05637,39565814,15353867656.8,300750.SZ
2025-11-19,379.548651,392.28888328,379.01698752,385.0621982,29266686,11462348543.06,300750.SZ
2025-11-20,388.8035338,388.90199,371.18971962,373.53297718,33674285,12895238922.61,300750.SZ
2025-11-21,369.21075,377.087246,364.28794,364.28794,31631335,11850710342.42,300750.SZ
2025-11-24,368.0292756,369.1122938,361.51147516,364.8294491,22845819,8464724008.41,300750.SZ
2025-11-25,369.21075,373.79880892,364.86883158,366.61150632,20633246,7733117131.64,300750.SZ
2025-11-26,369.703031,369.703031,364.35685934,367.06440484,18910660,7048903988.16,300750.SZ
2025-11-27,367.241626,373.03085056,364.28794,365.4694144,22200259,8289124681.24,300750.SZ
2025-11-28,364.780221,369.68333976,360.50722192,367.4385384,20340263,7542337298.26,300750.SZ
2025-12-01,368.97445512,377.05770914,368.25572486,377.05770914,26751013,10120862870.74,300750.SZ
2025-12-02,377.579527,379.03667876,371.5736988,374.21232496,16348461,6220569501.6,300750.SZ
2025-12-03,374.22217058,377.45153394,369.21075,370.27407696,13991135,5294871742.79,300750.SZ
2025-12-04,373.33606478,377.6779832,369.3584343,377.4318427,19165809,7299943081.35,300750.SZ
2025-12-05,381.2224064,383.29983222,376.102684,383.08322858,23291559,9004580815.99,300750.SZ
2025-12-08,384.40254166,389.27612356,379.548651,386.440585,21659758,8476698700.28,300750.SZ
2025-12-09,385.456023,386.20429012,380.040932,381.60638558,18691773,7255076087.46,300750.SZ
2025-12-10,379.1055981,382.010056,371.43586012,376.47681756,19433405,7399361240.71,300750.SZ
2025-12-11,378.9579138,392.70239932,377.46137956,382.98477238,28215378,11089031994.57,300750.SZ
2025-12-12,385.948304,387.31684518,379.548651,385.7513916,24002022,9355490916.02,300750.SZ
2025-12-15,385.456023,388.87245314,379.26312802,379.548651,18274993,7099251459.21,300750.SZ
2025-12-16,380.040932,383.07338296,372.19397286,372.56810642,19121676,7292054834.58,300750.SZ
2025-12-17,370.6383649,378.564089,369.26982372,377.50076204,22257408,8453303233.62,300750.SZ
2025-12-18,373.71019834,375.0688939,364.29778562,366.257064,29639283,11079385459.43,300750.SZ
2025-12-19,368.30495296,371.84937616,365.0755896,368.226188,17559945,6572807889.61,300750.SZ
2025-12-22,370.195312,372.15459038,362.4172722,366.09953408,25493538,9489773616.32,300750.SZ
2025-12-23,366.257064,374.625841,365.8632392,372.2628922,23604086,8879315764.06,300750.SZ
2025-12-24,372.24320096,372.24320096,366.257064,369.8014872,21088387,7902857946.37,300750.SZ
2025-12-25,368.43294602,368.43294602,363.42152544,367.25147162,20343144,7559336244.0,300750.SZ
2025-12-26,367.20224352,372.164436,364.3863962,368.64954966,25723689,9616116052.74,300750.SZ
2025-12-29,368.226188,368.64954966,362.318816,363.60859222,24124072,8924502782.7,300750.SZ
2025-12-30,361.4327102,365.272502,360.90104672,363.5002904,19030821,7014015793.59,300750.SZ
2025-12-31,364.08118198,366.257064,361.4819383,361.59024012,16026597,5920431545.03,300750.SZ
2026-01-05,364.28794,372.164436,362.50588278,371.672155,33688135,12583419573.97,300750.SZ
2026-01-06,374.13356,374.625841,363.34276048,368.21634238,34147710,12764795666.72,300750.SZ
2026-01-07,367.1923979,369.68333976,362.80125138,365.28234762,26228535,9730943679.39,300750.SZ
2026-01-08,362.318816,367.56653146,361.334254,363.51013602,26959035,9962397479.55,300750.SZ
2026-01-09,363.47075354,371.80014806,361.34409962,363.52982726,31477187,11681035309.14,300750.SZ
2026-01-12,362.318816,362.318816,346.23107292,356.09638416,48830739,17505537198.65,300750.SZ
2026-01-13,360.5958325,362.09236674,351.488634,353.457758,29670920,10745692370.44,300750.SZ
2026-01-14,354.47185686,355.64348564,346.28030102,348.51525676,38083365,13553362724.06,300750.SZ
2026-01-15,347.3042455,352.74887336,346.3689116,348.2888075,32370912,11474019059.88,300750.SZ
2026-01-16,352.46335038,356.13576664,346.08338862,346.88088384,31981842,11350569563.22,300750.SZ
2026-01-19,346.04400614,349.85426108,339.99879546,343.5136818,33864284,11842421263.8,300750.SZ
2026-01-20,344.5967,351.40002342,342.5291198,344.2028752,35440589,12466608900.39,300750.SZ
2026-01-21,346.50675028,352.16798178,343.612138,344.40963322,39393573,13919426404.51,300750.SZ
2026-01-22,345.61079886,348.26911626,334.258799,340.4615396,45994818,15851213229.04,300750.SZ
2026-01-23,342.63742162,344.5967,337.9509065,341.643014,33976127,11775914385.67,300750.SZ
2026-01-26,346.58551524,347.1073331,335.94240002,336.7694321,33291386,11468681279.21,300750.SZ
2026-01-27,339.56558818,339.5754338,328.86339924,334.1603428,32294885,10953698562.46,300750.SZ
2026-01-28,332.66380856,338.689328,327.86899162,334.74123438,46308171,15638344008.57,300750.SZ
2026-01-29,335.243361,339.83141992,332.93948592,336.61190218,33844419,11569006794.24,300750.SZ
2026-01-30,343.0214008,348.29865312,338.7877842,344.5967,48650115,17048600000.2,300750.SZ
2026-02-02,351.488634,352.46335038,338.81732106,343.59244676,39191747,13766144457.61,300750.SZ
2026-02-03,343.612138,347.3534736,338.197047,342.53896542,26516325,9220045792.0,300750.SZ
2026-02-04,345.54187952,360.9896573,342.14514062,359.39466686,48531685,17369398061.77,300750.SZ
2026-02-05,360.12324274,361.0881135,350.52376324,357.33693228,28427157,10268243283.13,300750.SZ
2026-02-06,353.77281784,367.12347856,352.48304162,363.41167982,39372618,14514523059.03,300750.SZ
2026-02-09,364.780221,366.749345,357.0021812,363.12615684,27448630,10080946318.6,300750.SZ
2026-02-10,359.53250554,365.0755896,358.380568,359.33559314,18563499,6798020174.47,300750.SZ
2026-02-11,361.2357978,365.26265638,358.872849,362.318816,19653459,7239804070.68,300750.SZ
2026-02-12,364.28794,372.04628856,362.34835286,370.06731894,27754580,10410892196.36,300750.SZ
2026-02-13,369.81133282,371.179874,359.37497562,359.69988108,22314532,8229700941.45,300750.SZ
2026-02-24,366.88718368,367.733907,356.3622159,356.3622159,22695131,8316534692.71,300750.SZ
2026-02-25,358.07535378,360.9404292,354.5407762,356.58866516,18716639,6802110618.55,300750.SZ
2026-02-26,350.5533001,352.6701084,338.197047,340.658452,43541381,15108143010.07,300750.SZ
2026-02-27,341.76116144,343.55306428,336.73004962,336.73004962,25446620,8775054149.27,300750.SZ
2026-03-02,335.735642,339.5754338,331.48233416,334.96768364,28351326,9643254983.63,300750.SZ
2026-03-03,340.98335746,348.8795447,338.71886486,338.75824734,40007479,13919957237.98,300750.SZ
2026-03-04,335.8340982,336.73989524,329.0406204,333.6680618,25080441,8468604901.53,300750.SZ
2026-03-05,339.26037396,348.3872637,337.37001492,344.8428405,31006068,10819502021.19,300750.SZ
2026-03-06,343.612138,351.50832524,339.33913892,349.29306074,20963113,7388868682.39,300750.SZ
2026-03-09,343.45460808,354.2946357,339.73296372,351.980915,31797613,11217996825.3,300750.SZ
2026-03-10,369.21075,373.90711074,360.841973,370.4906806,50741728,19049080512.74,300750.SZ
2026-03-11,373.72004396,397.3199951,373.12930676,390.6742016,57598685,22642696276.06,300750.SZ
2026-03-12,393.8248,394.7109058,386.6374974,389.394271,29150375,11537671606.62,300750.SZ
2026-03-13,387.79928056,397.75320238,387.7205156,390.871114,35582639,14201304444.44,300750.SZ
2026-03-16,395.56747474,406.79148154,391.855676,402.0951208,37352104,15195015004.76,300750.SZ
2026-03-17,409.36118836,413.51604,398.31440272,398.74761,35980678,14787230789.87,300750.SZ
2026-03-18,399.10205232,399.732172,390.64466474,395.81361524,26529996,10653633584.46,300750.SZ
2026-03-19,395.73485028,407.608668,393.8248,394.317081,29286635,11867380765.39,300750.SZ
2026-03-20,398.82637496,415.56392896,393.95279306,406.624106,53729677,22252017693.22,300750.SZ
2026-03-23,410.88725946,410.91679632,392.5940975,395.78407838,44614145,18193336487.17,300750.SZ
2026-03-24,398.74761,405.5410878,382.010056,390.86126838,36410525,14439124609.63,300750.SZ
2026-03-25,386.932866,394.317081,381.8131436,391.66860922,26752828,10553996246.79,300750.SZ
2026-03-26,387.75989808,407.33299064,385.948304,396.286205,26763697,10811439764.3,300750.SZ
2026-03-27,399.85031944,411.87182146,395.52809226,409.75501316,30258043,12465856864.08,300750.SZ
2026-03-30,406.624106,412.3837937,399.3383472,406.624106,25348419,10440376424.48,300750.SZ
2026-03-31,406.624106,410.5131259,395.38040796,395.4985554,24925645,10159878345.8,300750.SZ
2026-04-01,403.40458826,403.54242694,389.886552,399.44664902,23170073,9384266504.41,300750.SZ
2026-04-02,401.6028398,405.62969838,391.0680264,394.97673754,22305638,8988161794.19,300750.SZ
2026-04-03,393.8248,394.6124496,379.18436306,380.49383052,24751501,9640031385.12,300750.SZ
2026-04-07,383.95948876,387.1297784,375.60055738,378.65269958,17257622,6675632984.29,300750.SZ
2026-04-08,390.378833,391.5110793,382.22665964,385.2591106,36418443,14315333338.28,300750.SZ
2026-04-09,388.0158842,388.19310536,380.69074292,383.96933438,25955199,10132744607.16,300750.SZ
2026-04-10,387.917428,412.531478,386.61780616,409.577792,50788702,20752496341.08,300750.SZ
2026-04-13,411.546916,426.64025146,409.577792,420.53596706,41239924,17625505878.02,300750.SZ
2026-04-14,414.992883,425.81321938,408.0024928,424.13946398,44220826,18663656302.9,300750.SZ
2026-04-15,432.10457056,432.67561652,420.47689334,424.346222,37353628,16122379460.43,300750.SZ
2026-04-16,434.191842,452.89852,426.33503724,446.97145676,63506218,28517416468.4,300750.SZ
2026-04-17,448.92088952,450.57495368,434.20168762,437.3424404,36535848,16290232435.5,300750.SZ
2026-04-20,426.315346,431.1396998,419.43325762,425.823065,52927821,22768028849.94,300750.SZ
2026-04-21,428.28447,443.18089306,418.5373062,440.6899512,57774562,25412275748.93,300750.SZ
2026-04-22,441.01,447.97,433.13,436.35,46025432,20173924647.54,300750.SZ
2026-04-23,443.5,443.6,435.0,438.9,35430966,15566836621.18,300750.SZ
2026-04-24,442.0,448.45,438.0,444.9,39542497,17517374359.15,300750.SZ
2026-04-27,444.63,448.76,433.8,434.88,33061283,14514326132.36,300750.SZ
2026-04-28,426.19,433.3,423.0,427.67,35012113,14992134063.18,300750.SZ
2026-04-29,432.0,445.15,428.0,445.0,37633560,16473164317.55,300750.SZ
2026-04-30,446.5,449.5,436.0,436.0,29812094,13127297981.61,300750.SZ
2026-05-06,457.5,465.88,448.63,460.0,47372718,21679900613.27,300750.SZ
2026-05-07,468.75,468.75,447.0,451.64,38621274,17551196925.09,300750.SZ
2026-05-08,449.0,455.5,436.2,437.0,36604851,16224287222.18,300750.SZ
