SizeBytes	FileCount	DistinctHashCount	Top10Paths
770	12	12	D:\Stock\trading_assistant\10_source_library_archive\batch_149_tdx_custom_terminal_external_folder_absorb__20260719\00_raw_snapshot\from_temp_staging__20260806\羽搧綸巾   经典酷黑   灵动版\company\ZTYY\830809.html|D:\Stock\trading_assistant\10_source_library_archive\batch_149_tdx_custom_terminal_external_folder_absorb__20260719\00_raw_snapshot\from_temp_staging__20260806\羽搧綸巾   经典酷黑   灵动版\company\ZTYY\832225.html|D:\Stock\trading_assistant\10_source_library_archive\batch_149_tdx_custom_terminal_external_folder_absorb__20260719\00_raw_snapshot\from_temp_staging__20260806\羽搧綸巾   经典酷黑   灵动版\company\ZTYY\835174.html|D:\Stock\trading_assistant\10_source_library_archive\batch_149_tdx_custom_terminal_external_folder_absorb__20260719\00_raw_snapshot\from_temp_staging__20260806\羽搧綸巾   经典酷黑   灵动版\company\ZTYY\836239.html|D:\Stock\trading_assistant\10_source_library_archive\batch_149_tdx_custom_terminal_external_folder_absorb__20260719\00_raw_snapshot\from_temp_staging__20260806\羽搧綸巾   经典酷黑   灵动版\company\ZTYY\836395.html|D:\Stock\trading_assistant\10_source_library_archive\batch_149_tdx_custom_terminal_external_folder_absorb__20260719\00_raw_snapshot\from_temp_staging__20260806\羽搧綸巾   经典酷黑   灵动版\company\ZTYY\838402.html|D:\Stock\trading_assistant\10_source_library_archive\batch_149_tdx_custom_terminal_external_folder_absorb__20260719\00_raw_snapshot\from_temp_staging__20260806\羽搧綸巾   经典酷黑   灵动版\company\ZTYY\838701.html|D:\Stock\trading_assistant\10_source_library_archive\batch_149_tdx_custom_terminal_external_folder_absorb__20260719\00_raw_snapshot\from_temp_staging__20260806\羽搧綸巾   经典酷黑   灵动版\company\ZTYY\870656.html|D:\Stock\trading_assistant\10_source_library_archive\batch_149_tdx_custom_terminal_external_folder_absorb__20260719\00_raw_snapshot\from_temp_staging__20260806\羽搧綸巾   经典酷黑   灵动版\company\ZTYY\920016.html|D:\Stock\trading_assistant\10_source_library_archive\batch_149_tdx_custom_terminal_external_folder_absorb__20260719\00_raw_snapshot\from_temp_staging__20260806\羽搧綸巾   经典酷黑   灵动版\company\ZTYY\920099.html
1752	8	8	D:\Stock\trading_assistant\10_source_library_archive\batch_149_tdx_custom_terminal_external_folder_absorb__20260719\00_raw_snapshot\from_temp_staging__20260806\羽搧綸巾   经典酷黑   灵动版\company\ZTYY\002050.html|D:\Stock\trading_assistant\10_source_library_archive\batch_149_tdx_custom_terminal_external_folder_absorb__20260719\00_raw_snapshot\from_temp_staging__20260806\羽搧綸巾   经典酷黑   灵动版\company\ZTYY\300174.html|D:\Stock\trading_assistant\10_source_library_archive\batch_149_tdx_custom_terminal_external_folder_absorb__20260719\00_raw_snapshot\from_temp_staging__20260806\羽搧綸巾   经典酷黑   灵动版\company\ZTYY\301282.html|D:\Stock\trading_assistant\10_source_library_archive\batch_149_tdx_custom_terminal_external_folder_absorb__20260719\00_raw_snapshot\from_temp_staging__20260806\羽搧綸巾   经典酷黑   灵动版\company\ZTYY\688176.html|D:\Stock\trading_assistant\10_source_library_archive\batch_149_tdx_custom_terminal_external_folder_absorb__20260719\00_raw_snapshot\from_temp_staging__20260806\羽搧綸巾   经典酷黑   灵动版\company\ZTYY\688268.html|D:\Stock\trading_assistant\10_source_library_archive\batch_149_tdx_custom_terminal_external_folder_absorb__20260719\00_raw_snapshot\from_temp_staging__20260806\羽搧綸巾   经典酷黑   灵动版\company\ZTYY\688317.html|D:\Stock\trading_assistant\10_source_library_archive\batch_149_tdx_custom_terminal_external_folder_absorb__20260719\00_raw_snapshot\from_temp_staging__20260806\羽搧綸巾   经典酷黑   灵动版\company\ZTYY\688605.html|D:\Stock\trading_assistant\10_source_library_archive\batch_149_tdx_custom_terminal_external_folder_absorb__20260719\00_raw_snapshot\from_temp_staging__20260806\羽搧綸巾   经典酷黑   灵动版\company\ZTYY\gpdm.html
1891	6	4	D:\Stock\trading_assistant\10_source_library_archive\batch_149_tdx_custom_terminal_external_folder_absorb__20260719\00_raw_snapshot\from_temp_staging__20260806\羽搧綸巾   经典酷黑   灵动版\webs\cfg\twap.html|D:\Stock\trading_assistant\10_source_library_archive\batch_149_tdx_custom_terminal_external_folder_absorb__20260719\00_raw_snapshot\from_temp_staging__20260806\羽搧綸巾   经典酷黑   灵动版\webs\cfg\twap_mc.html|D:\Stock\trading_assistant\10_source_library_archive\batch_149_tdx_custom_terminal_external_folder_absorb__20260719\00_raw_snapshot\from_temp_staging__20260806\羽搧綸巾   经典酷黑   灵动版\webs\cfg\vwap.html|D:\Stock\trading_assistant\10_source_library_archive\batch_149_tdx_custom_terminal_external_folder_absorb__20260719\00_raw_snapshot\from_temp_staging__20260806\羽搧綸巾   经典酷黑   灵动版\webs\cfg\vwap_mc.html|D:\Stock\trading_assistant\10_source_library_archive\batch_149_tdx_custom_terminal_external_folder_absorb__20260719\00_raw_snapshot\from_temp_staging__20260806\羽搧綸巾   经典酷黑   灵动版\webs\cfg\vwap_mr.html|D:\Stock\trading_assistant\10_source_library_archive\batch_149_tdx_custom_terminal_external_folder_absorb__20260719\00_raw_snapshot\from_temp_staging__20260806\羽搧綸巾   经典酷黑   灵动版\webs\cfg\zxgtb_ok.html
8849	5	5	D:\Stock\trading_assistant\10_source_library_archive\batch_149_tdx_custom_terminal_external_folder_absorb__20260719\00_raw_snapshot\from_temp_staging__20260806\羽搧綸巾   经典酷黑   灵动版\company\ZTYY\000521.html|D:\Stock\trading_assistant\10_source_library_archive\batch_149_tdx_custom_terminal_external_folder_absorb__20260719\00_raw_snapshot\from_temp_staging__20260806\羽搧綸巾   经典酷黑   灵动版\company\ZTYY\002483.html|D:\Stock\trading_assistant\10_source_library_archive\batch_149_tdx_custom_terminal_external_folder_absorb__20260719\00_raw_snapshot\from_temp_staging__20260806\羽搧綸巾   经典酷黑   灵动版\company\ZTYY\002800.html|D:\Stock\trading_assistant\10_source_library_archive\batch_149_tdx_custom_terminal_external_folder_absorb__20260719\00_raw_snapshot\from_temp_staging__20260806\羽搧綸巾   经典酷黑   灵动版\company\ZTYY\603172.html|D:\Stock\trading_assistant\10_source_library_archive\batch_149_tdx_custom_terminal_external_folder_absorb__20260719\00_raw_snapshot\from_temp_staging__20260806\羽搧綸巾   经典酷黑   灵动版\company\ZTYY\603718.html
3322	5	5	D:\Stock\trading_assistant\10_source_library_archive\batch_149_tdx_custom_terminal_external_folder_absorb__20260719\00_raw_snapshot\from_temp_staging__20260806\羽搧綸巾   经典酷黑   灵动版\company\ZTYY\300298.html|D:\Stock\trading_assistant\10_source_library_archive\batch_149_tdx_custom_terminal_external_folder_absorb__20260719\00_raw_snapshot\from_temp_staging__20260806\羽搧綸巾   经典酷黑   灵动版\company\ZTYY\300749.html|D:\Stock\trading_assistant\10_source_library_archive\batch_149_tdx_custom_terminal_external_folder_absorb__20260719\00_raw_snapshot\from_temp_staging__20260806\羽搧綸巾   经典酷黑   灵动版\company\ZTYY\301113.html|D:\Stock\trading_assistant\10_source_library_archive\batch_149_tdx_custom_terminal_external_folder_absorb__20260719\00_raw_snapshot\from_temp_staging__20260806\羽搧綸巾   经典酷黑   灵动版\company\ZTYY\601336.html|D:\Stock\trading_assistant\10_source_library_archive\batch_149_tdx_custom_terminal_external_folder_absorb__20260719\00_raw_snapshot\from_temp_staging__20260806\羽搧綸巾   经典酷黑   灵动版\company\ZTYY\688690.html
1903	5	5	D:\Stock\trading_assistant\10_source_library_archive\batch_149_tdx_custom_terminal_external_folder_absorb__20260719\00_raw_snapshot\from_temp_staging__20260806\羽搧綸巾   经典酷黑   灵动版\company\ZTYY\300571.html|D:\Stock\trading_assistant\10_source_library_archive\batch_149_tdx_custom_terminal_external_folder_absorb__20260719\00_raw_snapshot\from_temp_staging__20260806\羽搧綸巾   经典酷黑   灵动版\company\ZTYY\300848.html|D:\Stock\trading_assistant\10_source_library_archive\batch_149_tdx_custom_terminal_external_folder_absorb__20260719\00_raw_snapshot\from_temp_staging__20260806\羽搧綸巾   经典酷黑   灵动版\company\ZTYY\300868.html|D:\Stock\trading_assistant\10_source_library_archive\batch_149_tdx_custom_terminal_external_folder_absorb__20260719\00_raw_snapshot\from_temp_staging__20260806\羽搧綸巾   经典酷黑   灵动版\company\ZTYY\600019.html|D:\Stock\trading_assistant\10_source_library_archive\batch_149_tdx_custom_terminal_external_folder_absorb__20260719\00_raw_snapshot\from_temp_staging__20260806\羽搧綸巾   经典酷黑   灵动版\company\ZTYY\833230.html
3419	5	5	D:\Stock\trading_assistant\10_source_library_archive\batch_149_tdx_custom_terminal_external_folder_absorb__20260719\00_raw_snapshot\from_temp_staging__20260806\羽搧綸巾   经典酷黑   灵动版\company\ZTYY\300073.html|D:\Stock\trading_assistant\10_source_library_archive\batch_149_tdx_custom_terminal_external_folder_absorb__20260719\00_raw_snapshot\from_temp_staging__20260806\羽搧綸巾   经典酷黑   灵动版\company\ZTYY\300506.html|D:\Stock\trading_assistant\10_source_library_archive\batch_149_tdx_custom_terminal_external_folder_absorb__20260719\00_raw_snapshot\from_temp_staging__20260806\羽搧綸巾   经典酷黑   灵动版\company\ZTYY\688055.html|D:\Stock\trading_assistant\10_source_library_archive\batch_149_tdx_custom_terminal_external_folder_absorb__20260719\00_raw_snapshot\from_temp_staging__20260806\羽搧綸巾   经典酷黑   灵动版\company\ZTYY\688575.html|D:\Stock\trading_assistant\10_source_library_archive\batch_149_tdx_custom_terminal_external_folder_absorb__20260719\00_raw_snapshot\from_temp_staging__20260806\羽搧綸巾   经典酷黑   灵动版\company\ZTYY\870204.html
4631	5	5	D:\Stock\trading_assistant\10_source_library_archive\batch_149_tdx_custom_terminal_external_folder_absorb__20260719\00_raw_snapshot\from_temp_staging__20260806\羽搧綸巾   经典酷黑   灵动版\company\ZTYY\300248.html|D:\Stock\trading_assistant\10_source_library_archive\batch_149_tdx_custom_terminal_external_folder_absorb__20260719\00_raw_snapshot\from_temp_staging__20260806\羽搧綸巾   经典酷黑   灵动版\company\ZTYY\300450.html|D:\Stock\trading_assistant\10_source_library_archive\batch_149_tdx_custom_terminal_external_folder_absorb__20260719\00_raw_snapshot\from_temp_staging__20260806\羽搧綸巾   经典酷黑   灵动版\jspages\pc-zbpt\page_pay1.html|D:\Stock\trading_assistant\10_source_library_archive\batch_149_tdx_custom_terminal_external_folder_absorb__20260719\00_raw_snapshot\from_temp_staging__20260806\羽搧綸巾   经典酷黑   灵动版\jspages\pc-zbpt\page_pay2.html|D:\Stock\trading_assistant\10_source_library_archive\batch_149_tdx_custom_terminal_external_folder_absorb__20260719\00_raw_snapshot\from_temp_staging__20260806\羽搧綸巾   经典酷黑   灵动版\jspages\pc-zbpt\page_zbfx.html
1976	5	5	D:\Stock\trading_assistant\10_source_library_archive\batch_149_tdx_custom_terminal_external_folder_absorb__20260719\00_raw_snapshot\from_temp_staging__20260806\羽搧綸巾   经典酷黑   灵动版\company\ZTYY\300307.html|D:\Stock\trading_assistant\10_source_library_archive\batch_149_tdx_custom_terminal_external_folder_absorb__20260719\00_raw_snapshot\from_temp_staging__20260806\羽搧綸巾   经典酷黑   灵动版\company\ZTYY\300498.html|D:\Stock\trading_assistant\10_source_library_archive\batch_149_tdx_custom_terminal_external_folder_absorb__20260719\00_raw_snapshot\from_temp_staging__20260806\羽搧綸巾   经典酷黑   灵动版\company\ZTYY\600265.html|D:\Stock\trading_assistant\10_source_library_archive\batch_149_tdx_custom_terminal_external_folder_absorb__20260719\00_raw_snapshot\from_temp_staging__20260806\羽搧綸巾   经典酷黑   灵动版\company\ZTYY\688046.html|D:\Stock\trading_assistant\10_source_library_archive\batch_149_tdx_custom_terminal_external_folder_absorb__20260719\00_raw_snapshot\from_temp_staging__20260806\羽搧綸巾   经典酷黑   灵动版\company\ZTYY\871263.html
1764	5	5	D:\Stock\trading_assistant\10_source_library_archive\batch_149_tdx_custom_terminal_external_folder_absorb__20260719\00_raw_snapshot\from_temp_staging__20260806\羽搧綸巾   经典酷黑   灵动版\company\ZTYY\601601.html|D:\Stock\trading_assistant\10_source_library_archive\batch_149_tdx_custom_terminal_external_folder_absorb__20260719\00_raw_snapshot\from_temp_staging__20260806\羽搧綸巾   经典酷黑   灵动版\company\ZTYY\603392.html|D:\Stock\trading_assistant\10_source_library_archive\batch_149_tdx_custom_terminal_external_folder_absorb__20260719\00_raw_snapshot\from_temp_staging__20260806\羽搧綸巾   经典酷黑   灵动版\company\ZTYY\688295.html|D:\Stock\trading_assistant\10_source_library_archive\batch_149_tdx_custom_terminal_external_folder_absorb__20260719\00_raw_snapshot\from_temp_staging__20260806\羽搧綸巾   经典酷黑   灵动版\company\ZTYY\688321.html|D:\Stock\trading_assistant\10_source_library_archive\batch_149_tdx_custom_terminal_external_folder_absorb__20260719\00_raw_snapshot\from_temp_staging__20260806\羽搧綸巾   经典酷黑   灵动版\company\ZTYY\688582.html
1946	5	4	D:\Stock\trading_assistant\10_source_library_archive\batch_149_tdx_custom_terminal_external_folder_absorb__20260719\00_raw_snapshot\from_temp_staging__20260806\羽搧綸巾   经典酷黑   灵动版\company\ZTYY\300953.html|D:\Stock\trading_assistant\10_source_library_archive\batch_149_tdx_custom_terminal_external_folder_absorb__20260719\00_raw_snapshot\from_temp_staging__20260806\羽搧綸巾   经典酷黑   灵动版\company\ZTYY\601577.html|D:\Stock\trading_assistant\10_source_library_archive\batch_149_tdx_custom_terminal_external_folder_absorb__20260719\00_raw_snapshot\from_temp_staging__20260806\羽搧綸巾   经典酷黑   灵动版\webs\cfg\bsmc.html|D:\Stock\trading_assistant\10_source_library_archive\batch_149_tdx_custom_terminal_external_folder_absorb__20260719\00_raw_snapshot\from_temp_staging__20260806\羽搧綸巾   经典酷黑   灵动版\webs\cfg\bsmm.html|D:\Stock\trading_assistant\10_source_library_archive\batch_149_tdx_custom_terminal_external_folder_absorb__20260719\00_raw_snapshot\from_temp_staging__20260806\羽搧綸巾   经典酷黑   灵动版\webs\cfg\bsmr.html
1873	4	4	D:\Stock\trading_assistant\10_source_library_archive\batch_149_tdx_custom_terminal_external_folder_absorb__20260719\00_raw_snapshot\from_temp_staging__20260806\羽搧綸巾   经典酷黑   灵动版\company\ZTYY\301130.html|D:\Stock\trading_assistant\10_source_library_archive\batch_149_tdx_custom_terminal_external_folder_absorb__20260719\00_raw_snapshot\from_temp_staging__20260806\羽搧綸巾   经典酷黑   灵动版\company\ZTYY\688331.html|D:\Stock\trading_assistant\10_source_library_archive\batch_149_tdx_custom_terminal_external_folder_absorb__20260719\00_raw_snapshot\from_temp_staging__20260806\羽搧綸巾   经典酷黑   灵动版\company\ZTYY\688433.html|D:\Stock\trading_assistant\10_source_library_archive\batch_149_tdx_custom_terminal_external_folder_absorb__20260719\00_raw_snapshot\from_temp_staging__20260806\羽搧綸巾   经典酷黑   灵动版\company\ZTYY\836961.html
2588	4	4	D:\Stock\trading_assistant\10_source_library_archive\batch_149_tdx_custom_terminal_external_folder_absorb__20260719\00_raw_snapshot\from_temp_staging__20260806\羽搧綸巾   经典酷黑   灵动版\company\ZTYY\300165.html|D:\Stock\trading_assistant\10_source_library_archive\batch_149_tdx_custom_terminal_external_folder_absorb__20260719\00_raw_snapshot\from_temp_staging__20260806\羽搧綸巾   经典酷黑   灵动版\company\ZTYY\300230.html|D:\Stock\trading_assistant\10_source_library_archive\batch_149_tdx_custom_terminal_external_folder_absorb__20260719\00_raw_snapshot\from_temp_staging__20260806\羽搧綸巾   经典酷黑   灵动版\company\ZTYY\603885.html|D:\Stock\trading_assistant\10_source_library_archive\batch_149_tdx_custom_terminal_external_folder_absorb__20260719\00_raw_snapshot\from_temp_staging__20260806\羽搧綸巾   经典酷黑   灵动版\company\ZTYY\688083.html
1940	4	4	D:\Stock\trading_assistant\10_source_library_archive\batch_149_tdx_custom_terminal_external_folder_absorb__20260719\00_raw_snapshot\from_temp_staging__20260806\羽搧綸巾   经典酷黑   灵动版\company\ZTYY\300193.html|D:\Stock\trading_assistant\10_source_library_archive\batch_149_tdx_custom_terminal_external_folder_absorb__20260719\00_raw_snapshot\from_temp_staging__20260806\羽搧綸巾   经典酷黑   灵动版\company\ZTYY\300447.html|D:\Stock\trading_assistant\10_source_library_archive\batch_149_tdx_custom_terminal_external_folder_absorb__20260719\00_raw_snapshot\from_temp_staging__20260806\羽搧綸巾   经典酷黑   灵动版\company\ZTYY\688468.html|D:\Stock\trading_assistant\10_source_library_archive\batch_149_tdx_custom_terminal_external_folder_absorb__20260719\00_raw_snapshot\from_temp_staging__20260806\羽搧綸巾   经典酷黑   灵动版\company\ZTYY\688707.html
8608	4	4	D:\Stock\trading_assistant\10_source_library_archive\batch_149_tdx_custom_terminal_external_folder_absorb__20260719\00_raw_snapshot\from_temp_staging__20260806\羽搧綸巾   经典酷黑   灵动版\company\ZTYY\002550.html|D:\Stock\trading_assistant\10_source_library_archive\batch_149_tdx_custom_terminal_external_folder_absorb__20260719\00_raw_snapshot\from_temp_staging__20260806\羽搧綸巾   经典酷黑   灵动版\company\ZTYY\603021.html|D:\Stock\trading_assistant\10_source_library_archive\batch_149_tdx_custom_terminal_external_folder_absorb__20260719\00_raw_snapshot\from_temp_staging__20260806\羽搧綸巾   经典酷黑   灵动版\company\ZTYY\603908.html|D:\Stock\trading_assistant\10_source_library_archive\batch_149_tdx_custom_terminal_external_folder_absorb__20260719\00_raw_snapshot\from_temp_staging__20260806\羽搧綸巾   经典酷黑   灵动版\company\ZTYY\605020.html
1734	4	4	D:\Stock\trading_assistant\10_source_library_archive\batch_149_tdx_custom_terminal_external_folder_absorb__20260719\00_raw_snapshot\from_temp_staging__20260806\羽搧綸巾   经典酷黑   灵动版\company\ZTYY\601857.html|D:\Stock\trading_assistant\10_source_library_archive\batch_149_tdx_custom_terminal_external_folder_absorb__20260719\00_raw_snapshot\from_temp_staging__20260806\羽搧綸巾   经典酷黑   灵动版\company\ZTYY\601916.html|D:\Stock\trading_assistant\10_source_library_archive\batch_149_tdx_custom_terminal_external_folder_absorb__20260719\00_raw_snapshot\from_temp_staging__20260806\羽搧綸巾   经典酷黑   灵动版\company\ZTYY\688569.html|D:\Stock\trading_assistant\10_source_library_archive\batch_149_tdx_custom_terminal_external_folder_absorb__20260719\00_raw_snapshot\from_temp_staging__20260806\羽搧綸巾   经典酷黑   灵动版\company\ZTYY\836720.html
1756	4	4	D:\Stock\trading_assistant\10_source_library_archive\batch_149_tdx_custom_terminal_external_folder_absorb__20260719\00_raw_snapshot\from_temp_staging__20260806\羽搧綸巾   经典酷黑   灵动版\company\ZTYY\300575.html|D:\Stock\trading_assistant\10_source_library_archive\batch_149_tdx_custom_terminal_external_folder_absorb__20260719\00_raw_snapshot\from_temp_staging__20260806\羽搧綸巾   经典酷黑   灵动版\company\ZTYY\300705.html|D:\Stock\trading_assistant\10_source_library_archive\batch_149_tdx_custom_terminal_external_folder_absorb__20260719\00_raw_snapshot\from_temp_staging__20260806\羽搧綸巾   经典酷黑   灵动版\company\ZTYY\301148.html|D:\Stock\trading_assistant\10_source_library_archive\batch_149_tdx_custom_terminal_external_folder_absorb__20260719\00_raw_snapshot\from_temp_staging__20260806\羽搧綸巾   经典酷黑   灵动版\company\ZTYY\601083.html
1700	4	4	D:\Stock\trading_assistant\10_source_library_archive\batch_149_tdx_custom_terminal_external_folder_absorb__20260719\00_raw_snapshot\from_temp_staging__20260806\羽搧綸巾   经典酷黑   灵动版\company\ZTYY\000708.html|D:\Stock\trading_assistant\10_source_library_archive\batch_149_tdx_custom_terminal_external_folder_absorb__20260719\00_raw_snapshot\from_temp_staging__20260806\羽搧綸巾   经典酷黑   灵动版\company\ZTYY\300395.html|D:\Stock\trading_assistant\10_source_library_archive\batch_149_tdx_custom_terminal_external_folder_absorb__20260719\00_raw_snapshot\from_temp_staging__20260806\羽搧綸巾   经典酷黑   灵动版\company\ZTYY\600115.html|D:\Stock\trading_assistant\10_source_library_archive\batch_149_tdx_custom_terminal_external_folder_absorb__20260719\00_raw_snapshot\from_temp_staging__20260806\羽搧綸巾   经典酷黑   灵动版\company\ZTYY\601985.html
8599	4	4	D:\Stock\trading_assistant\10_source_library_archive\batch_149_tdx_custom_terminal_external_folder_absorb__20260719\00_raw_snapshot\from_temp_staging__20260806\羽搧綸巾   经典酷黑   灵动版\company\ZTYY\301066.html|D:\Stock\trading_assistant\10_source_library_archive\batch_149_tdx_custom_terminal_external_folder_absorb__20260719\00_raw_snapshot\from_temp_staging__20260806\羽搧綸巾   经典酷黑   灵动版\company\ZTYY\600097.html|D:\Stock\trading_assistant\10_source_library_archive\batch_149_tdx_custom_terminal_external_folder_absorb__20260719\00_raw_snapshot\from_temp_staging__20260806\羽搧綸巾   经典酷黑   灵动版\company\ZTYY\600271.html|D:\Stock\trading_assistant\10_source_library_archive\batch_149_tdx_custom_terminal_external_folder_absorb__20260719\00_raw_snapshot\from_temp_staging__20260806\羽搧綸巾   经典酷黑   灵动版\company\ZTYY\600865.html
8762	4	4	D:\Stock\trading_assistant\10_source_library_archive\batch_149_tdx_custom_terminal_external_folder_absorb__20260719\00_raw_snapshot\from_temp_staging__20260806\羽搧綸巾   经典酷黑   灵动版\company\ZTYY\002515.html|D:\Stock\trading_assistant\10_source_library_archive\batch_149_tdx_custom_terminal_external_folder_absorb__20260719\00_raw_snapshot\from_temp_staging__20260806\羽搧綸巾   经典酷黑   灵动版\company\ZTYY\002825.html|D:\Stock\trading_assistant\10_source_library_archive\batch_149_tdx_custom_terminal_external_folder_absorb__20260719\00_raw_snapshot\from_temp_staging__20260806\羽搧綸巾   经典酷黑   灵动版\company\ZTYY\600617.html|D:\Stock\trading_assistant\10_source_library_archive\batch_149_tdx_custom_terminal_external_folder_absorb__20260719\00_raw_snapshot\from_temp_staging__20260806\羽搧綸巾   经典酷黑   灵动版\company\ZTYY\601968.html
8215	4	4	D:\Stock\trading_assistant\10_source_library_archive\batch_149_tdx_custom_terminal_external_folder_absorb__20260719\00_raw_snapshot\from_temp_staging__20260806\羽搧綸巾   经典酷黑   灵动版\company\ZTYY\001256.html|D:\Stock\trading_assistant\10_source_library_archive\batch_149_tdx_custom_terminal_external_folder_absorb__20260719\00_raw_snapshot\from_temp_staging__20260806\羽搧綸巾   经典酷黑   灵动版\company\ZTYY\002351.html|D:\Stock\trading_assistant\10_source_library_archive\batch_149_tdx_custom_terminal_external_folder_absorb__20260719\00_raw_snapshot\from_temp_staging__20260806\羽搧綸巾   经典酷黑   灵动版\company\ZTYY\002370.html|D:\Stock\trading_assistant\10_source_library_archive\batch_149_tdx_custom_terminal_external_folder_absorb__20260719\00_raw_snapshot\from_temp_staging__20260806\羽搧綸巾   经典酷黑   灵动版\company\ZTYY\603968.html
1920	4	4	D:\Stock\trading_assistant\10_source_library_archive\batch_149_tdx_custom_terminal_external_folder_absorb__20260719\00_raw_snapshot\from_temp_staging__20260806\羽搧綸巾   经典酷黑   灵动版\company\ZTYY\300516.html|D:\Stock\trading_assistant\10_source_library_archive\batch_149_tdx_custom_terminal_external_folder_absorb__20260719\00_raw_snapshot\from_temp_staging__20260806\羽搧綸巾   经典酷黑   灵动版\company\ZTYY\300852.html|D:\Stock\trading_assistant\10_source_library_archive\batch_149_tdx_custom_terminal_external_folder_absorb__20260719\00_raw_snapshot\from_temp_staging__20260806\羽搧綸巾   经典酷黑   灵动版\company\ZTYY\301286.html|D:\Stock\trading_assistant\10_source_library_archive\batch_149_tdx_custom_terminal_external_folder_absorb__20260719\00_raw_snapshot\from_temp_staging__20260806\羽搧綸巾   经典酷黑   灵动版\company\ZTYY\301502.html
7341	4	4	D:\Stock\trading_assistant\10_source_library_archive\batch_149_tdx_custom_terminal_external_folder_absorb__20260719\00_raw_snapshot\from_temp_staging__20260806\羽搧綸巾   经典酷黑   灵动版\company\ZTYY\301117.html|D:\Stock\trading_assistant\10_source_library_archive\batch_149_tdx_custom_terminal_external_folder_absorb__20260719\00_raw_snapshot\from_temp_staging__20260806\羽搧綸巾   经典酷黑   灵动版\company\ZTYY\600746.html|D:\Stock\trading_assistant\10_source_library_archive\batch_149_tdx_custom_terminal_external_folder_absorb__20260719\00_raw_snapshot\from_temp_staging__20260806\羽搧綸巾   经典酷黑   灵动版\company\ZTYY\603006.html|D:\Stock\trading_assistant\10_source_library_archive\batch_149_tdx_custom_terminal_external_folder_absorb__20260719\00_raw_snapshot\from_temp_staging__20260806\羽搧綸巾   经典酷黑   灵动版\company\ZTYY\603578.html
1907	4	4	D:\Stock\trading_assistant\10_source_library_archive\batch_149_tdx_custom_terminal_external_folder_absorb__20260719\00_raw_snapshot\from_temp_staging__20260806\羽搧綸巾   经典酷黑   灵动版\company\ZTYY\000538.html|D:\Stock\trading_assistant\10_source_library_archive\batch_149_tdx_custom_terminal_external_folder_absorb__20260719\00_raw_snapshot\from_temp_staging__20260806\羽搧綸巾   经典酷黑   灵动版\company\ZTYY\300097.html|D:\Stock\trading_assistant\10_source_library_archive\batch_149_tdx_custom_terminal_external_folder_absorb__20260719\00_raw_snapshot\from_temp_staging__20260806\羽搧綸巾   经典酷黑   灵动版\company\ZTYY\300580.html|D:\Stock\trading_assistant\10_source_library_archive\batch_149_tdx_custom_terminal_external_folder_absorb__20260719\00_raw_snapshot\from_temp_staging__20260806\羽搧綸巾   经典酷黑   灵动版\company\ZTYY\601818.html
6322	4	4	D:\Stock\trading_assistant\10_source_library_archive\batch_149_tdx_custom_terminal_external_folder_absorb__20260719\00_raw_snapshot\from_temp_staging__20260806\羽搧綸巾   经典酷黑   灵动版\company\ZTYY\002081.html|D:\Stock\trading_assistant\10_source_library_archive\batch_149_tdx_custom_terminal_external_folder_absorb__20260719\00_raw_snapshot\from_temp_staging__20260806\羽搧綸巾   经典酷黑   灵动版\company\ZTYY\301136.html|D:\Stock\trading_assistant\10_source_library_archive\batch_149_tdx_custom_terminal_external_folder_absorb__20260719\00_raw_snapshot\from_temp_staging__20260806\羽搧綸巾   经典酷黑   灵动版\company\ZTYY\301596.html|D:\Stock\trading_assistant\10_source_library_archive\batch_149_tdx_custom_terminal_external_folder_absorb__20260719\00_raw_snapshot\from_temp_staging__20260806\羽搧綸巾   经典酷黑   灵动版\company\ZTYY\603987.html
6936	4	4	D:\Stock\trading_assistant\10_source_library_archive\batch_149_tdx_custom_terminal_external_folder_absorb__20260719\00_raw_snapshot\from_temp_staging__20260806\羽搧綸巾   经典酷黑   灵动版\company\ZTYY\300961.html|D:\Stock\trading_assistant\10_source_library_archive\batch_149_tdx_custom_terminal_external_folder_absorb__20260719\00_raw_snapshot\from_temp_staging__20260806\羽搧綸巾   经典酷黑   灵动版\company\ZTYY\301393.html|D:\Stock\trading_assistant\10_source_library_archive\batch_149_tdx_custom_terminal_external_folder_absorb__20260719\00_raw_snapshot\from_temp_staging__20260806\羽搧綸巾   经典酷黑   灵动版\company\ZTYY\605318.html|D:\Stock\trading_assistant\10_source_library_archive\batch_149_tdx_custom_terminal_external_folder_absorb__20260719\00_raw_snapshot\from_temp_staging__20260806\羽搧綸巾   经典酷黑   灵动版\company\ZTYY\688435.html
8589	4	4	D:\Stock\trading_assistant\10_source_library_archive\batch_149_tdx_custom_terminal_external_folder_absorb__20260719\00_raw_snapshot\from_temp_staging__20260806\羽搧綸巾   经典酷黑   灵动版\company\ZTYY\001330.html|D:\Stock\trading_assistant\10_source_library_archive\batch_149_tdx_custom_terminal_external_folder_absorb__20260719\00_raw_snapshot\from_temp_staging__20260806\羽搧綸巾   经典酷黑   灵动版\company\ZTYY\002219.html|D:\Stock\trading_assistant\10_source_library_archive\batch_149_tdx_custom_terminal_external_folder_absorb__20260719\00_raw_snapshot\from_temp_staging__20260806\羽搧綸巾   经典酷黑   灵动版\company\ZTYY\600155.html|D:\Stock\trading_assistant\10_source_library_archive\batch_149_tdx_custom_terminal_external_folder_absorb__20260719\00_raw_snapshot\from_temp_staging__20260806\羽搧綸巾   经典酷黑   灵动版\company\ZTYY\603580.html
8536	4	4	D:\Stock\trading_assistant\10_source_library_archive\batch_149_tdx_custom_terminal_external_folder_absorb__20260719\00_raw_snapshot\from_temp_staging__20260806\羽搧綸巾   经典酷黑   灵动版\company\ZTYY\600055.html|D:\Stock\trading_assistant\10_source_library_archive\batch_149_tdx_custom_terminal_external_folder_absorb__20260719\00_raw_snapshot\from_temp_staging__20260806\羽搧綸巾   经典酷黑   灵动版\company\ZTYY\600854.html|D:\Stock\trading_assistant\10_source_library_archive\batch_149_tdx_custom_terminal_external_folder_absorb__20260719\00_raw_snapshot\from_temp_staging__20260806\羽搧綸巾   经典酷黑   灵动版\company\ZTYY\601456.html|D:\Stock\trading_assistant\10_source_library_archive\batch_149_tdx_custom_terminal_external_folder_absorb__20260719\00_raw_snapshot\from_temp_staging__20260806\羽搧綸巾   经典酷黑   灵动版\company\ZTYY\603303.html
2019	4	4	D:\Stock\trading_assistant\10_source_library_archive\batch_149_tdx_custom_terminal_external_folder_absorb__20260719\00_raw_snapshot\from_temp_staging__20260806\羽搧綸巾   经典酷黑   灵动版\company\ZTYY\300915.html|D:\Stock\trading_assistant\10_source_library_archive\batch_149_tdx_custom_terminal_external_folder_absorb__20260719\00_raw_snapshot\from_temp_staging__20260806\羽搧綸巾   经典酷黑   灵动版\company\ZTYY\301052.html|D:\Stock\trading_assistant\10_source_library_archive\batch_149_tdx_custom_terminal_external_folder_absorb__20260719\00_raw_snapshot\from_temp_staging__20260806\羽搧綸巾   经典酷黑   灵动版\company\ZTYY\688012.html|D:\Stock\trading_assistant\10_source_library_archive\batch_149_tdx_custom_terminal_external_folder_absorb__20260719\00_raw_snapshot\from_temp_staging__20260806\羽搧綸巾   经典酷黑   灵动版\company\ZTYY\688337.html
1814	4	4	D:\Stock\trading_assistant\10_source_library_archive\batch_149_tdx_custom_terminal_external_folder_absorb__20260719\00_raw_snapshot\from_temp_staging__20260806\羽搧綸巾   经典酷黑   灵动版\company\ZTYY\002714.html|D:\Stock\trading_assistant\10_source_library_archive\batch_149_tdx_custom_terminal_external_folder_absorb__20260719\00_raw_snapshot\from_temp_staging__20260806\羽搧綸巾   经典酷黑   灵动版\company\ZTYY\601989.html|D:\Stock\trading_assistant\10_source_library_archive\batch_149_tdx_custom_terminal_external_folder_absorb__20260719\00_raw_snapshot\from_temp_staging__20260806\羽搧綸巾   经典酷黑   灵动版\company\ZTYY\688075.html|D:\Stock\trading_assistant\10_source_library_archive\batch_149_tdx_custom_terminal_external_folder_absorb__20260719\00_raw_snapshot\from_temp_staging__20260806\羽搧綸巾   经典酷黑   灵动版\company\ZTYY\688335.html
2017	4	4	D:\Stock\trading_assistant\10_source_library_archive\batch_149_tdx_custom_terminal_external_folder_absorb__20260719\00_raw_snapshot\from_temp_staging__20260806\羽搧綸巾   经典酷黑   灵动版\company\ZTYY\300024.html|D:\Stock\trading_assistant\10_source_library_archive\batch_149_tdx_custom_terminal_external_folder_absorb__20260719\00_raw_snapshot\from_temp_staging__20260806\羽搧綸巾   经典酷黑   灵动版\company\ZTYY\301439.html|D:\Stock\trading_assistant\10_source_library_archive\batch_149_tdx_custom_terminal_external_folder_absorb__20260719\00_raw_snapshot\from_temp_staging__20260806\羽搧綸巾   经典酷黑   灵动版\company\ZTYY\688076.html|D:\Stock\trading_assistant\10_source_library_archive\batch_149_tdx_custom_terminal_external_folder_absorb__20260719\00_raw_snapshot\from_temp_staging__20260806\羽搧綸巾   经典酷黑   灵动版\company\ZTYY\688800.html
8355	4	4	D:\Stock\trading_assistant\10_source_library_archive\batch_149_tdx_custom_terminal_external_folder_absorb__20260719\00_raw_snapshot\from_temp_staging__20260806\羽搧綸巾   经典酷黑   灵动版\company\ZTYY\002439.html|D:\Stock\trading_assistant\10_source_library_archive\batch_149_tdx_custom_terminal_external_folder_absorb__20260719\00_raw_snapshot\from_temp_staging__20260806\羽搧綸巾   经典酷黑   灵动版\company\ZTYY\003015.html|D:\Stock\trading_assistant\10_source_library_archive\batch_149_tdx_custom_terminal_external_folder_absorb__20260719\00_raw_snapshot\from_temp_staging__20260806\羽搧綸巾   经典酷黑   灵动版\company\ZTYY\605122.html|D:\Stock\trading_assistant\10_source_library_archive\batch_149_tdx_custom_terminal_external_folder_absorb__20260719\00_raw_snapshot\from_temp_staging__20260806\羽搧綸巾   经典酷黑   灵动版\company\ZTYY\605259.html
1926	4	4	D:\Stock\trading_assistant\10_source_library_archive\batch_149_tdx_custom_terminal_external_folder_absorb__20260719\00_raw_snapshot\from_temp_staging__20260806\羽搧綸巾   经典酷黑   灵动版\company\ZTYY\300099.html|D:\Stock\trading_assistant\10_source_library_archive\batch_149_tdx_custom_terminal_external_folder_absorb__20260719\00_raw_snapshot\from_temp_staging__20260806\羽搧綸巾   经典酷黑   灵动版\company\ZTYY\301122.html|D:\Stock\trading_assistant\10_source_library_archive\batch_149_tdx_custom_terminal_external_folder_absorb__20260719\00_raw_snapshot\from_temp_staging__20260806\羽搧綸巾   经典酷黑   灵动版\company\ZTYY\688298.html|D:\Stock\trading_assistant\10_source_library_archive\batch_149_tdx_custom_terminal_external_folder_absorb__20260719\00_raw_snapshot\from_temp_staging__20260806\羽搧綸巾   经典酷黑   灵动版\company\ZTYY\688629.html
9331	4	4	D:\Stock\trading_assistant\10_source_library_archive\batch_149_tdx_custom_terminal_external_folder_absorb__20260719\00_raw_snapshot\from_temp_staging__20260806\羽搧綸巾   经典酷黑   灵动版\company\ZTYY\601595.html|D:\Stock\trading_assistant\10_source_library_archive\batch_149_tdx_custom_terminal_external_folder_absorb__20260719\00_raw_snapshot\from_temp_staging__20260806\羽搧綸巾   经典酷黑   灵动版\company\ZTYY\601890.html|D:\Stock\trading_assistant\10_source_library_archive\batch_149_tdx_custom_terminal_external_folder_absorb__20260719\00_raw_snapshot\from_temp_staging__20260806\羽搧綸巾   经典酷黑   灵动版\company\ZTYY\603192.html|D:\Stock\trading_assistant\10_source_library_archive\batch_149_tdx_custom_terminal_external_folder_absorb__20260719\00_raw_snapshot\from_temp_staging__20260806\羽搧綸巾   经典酷黑   灵动版\company\ZTYY\603358.html
9932	4	4	D:\Stock\trading_assistant\10_source_library_archive\batch_149_tdx_custom_terminal_external_folder_absorb__20260719\00_raw_snapshot\from_temp_staging__20260806\羽搧綸巾   经典酷黑   灵动版\company\ZTYY\002580.html|D:\Stock\trading_assistant\10_source_library_archive\batch_149_tdx_custom_terminal_external_folder_absorb__20260719\00_raw_snapshot\from_temp_staging__20260806\羽搧綸巾   经典酷黑   灵动版\company\ZTYY\002634.html|D:\Stock\trading_assistant\10_source_library_archive\batch_149_tdx_custom_terminal_external_folder_absorb__20260719\00_raw_snapshot\from_temp_staging__20260806\羽搧綸巾   经典酷黑   灵动版\company\ZTYY\603183.html|D:\Stock\trading_assistant\10_source_library_archive\batch_149_tdx_custom_terminal_external_folder_absorb__20260719\00_raw_snapshot\from_temp_staging__20260806\羽搧綸巾   经典酷黑   灵动版\company\ZTYY\603711.html
6478	4	4	D:\Stock\trading_assistant\10_source_library_archive\batch_149_tdx_custom_terminal_external_folder_absorb__20260719\00_raw_snapshot\from_temp_staging__20260806\羽搧綸巾   经典酷黑   灵动版\company\ZTYY\001205.html|D:\Stock\trading_assistant\10_source_library_archive\batch_149_tdx_custom_terminal_external_folder_absorb__20260719\00_raw_snapshot\from_temp_staging__20260806\羽搧綸巾   经典酷黑   灵动版\company\ZTYY\002092.html|D:\Stock\trading_assistant\10_source_library_archive\batch_149_tdx_custom_terminal_external_folder_absorb__20260719\00_raw_snapshot\from_temp_staging__20260806\羽搧綸巾   经典酷黑   灵动版\company\ZTYY\300956.html|D:\Stock\trading_assistant\10_source_library_archive\batch_149_tdx_custom_terminal_external_folder_absorb__20260719\00_raw_snapshot\from_temp_staging__20260806\羽搧綸巾   经典酷黑   灵动版\company\ZTYY\688680.html
1738	4	4	D:\Stock\trading_assistant\10_source_library_archive\batch_149_tdx_custom_terminal_external_folder_absorb__20260719\00_raw_snapshot\from_temp_staging__20260806\羽搧綸巾   经典酷黑   灵动版\company\ZTYY\301030.html|D:\Stock\trading_assistant\10_source_library_archive\batch_149_tdx_custom_terminal_external_folder_absorb__20260719\00_raw_snapshot\from_temp_staging__20260806\羽搧綸巾   经典酷黑   灵动版\company\ZTYY\603323.html|D:\Stock\trading_assistant\10_source_library_archive\batch_149_tdx_custom_terminal_external_folder_absorb__20260719\00_raw_snapshot\from_temp_staging__20260806\羽搧綸巾   经典酷黑   灵动版\company\ZTYY\688041.html|D:\Stock\trading_assistant\10_source_library_archive\batch_149_tdx_custom_terminal_external_folder_absorb__20260719\00_raw_snapshot\from_temp_staging__20260806\羽搧綸巾   经典酷黑   灵动版\company\ZTYY\688316.html
9274	4	4	D:\Stock\trading_assistant\10_source_library_archive\batch_149_tdx_custom_terminal_external_folder_absorb__20260719\00_raw_snapshot\from_temp_staging__20260806\羽搧綸巾   经典酷黑   灵动版\company\ZTYY\000403.html|D:\Stock\trading_assistant\10_source_library_archive\batch_149_tdx_custom_terminal_external_folder_absorb__20260719\00_raw_snapshot\from_temp_staging__20260806\羽搧綸巾   经典酷黑   灵动版\company\ZTYY\600302.html|D:\Stock\trading_assistant\10_source_library_archive\batch_149_tdx_custom_terminal_external_folder_absorb__20260719\00_raw_snapshot\from_temp_staging__20260806\羽搧綸巾   经典酷黑   灵动版\company\ZTYY\600329.html|D:\Stock\trading_assistant\10_source_library_archive\batch_149_tdx_custom_terminal_external_folder_absorb__20260719\00_raw_snapshot\from_temp_staging__20260806\羽搧綸巾   经典酷黑   灵动版\company\ZTYY\601921.html
8311	4	4	D:\Stock\trading_assistant\10_source_library_archive\batch_149_tdx_custom_terminal_external_folder_absorb__20260719\00_raw_snapshot\from_temp_staging__20260806\羽搧綸巾   经典酷黑   灵动版\company\ZTYY\000059.html|D:\Stock\trading_assistant\10_source_library_archive\batch_149_tdx_custom_terminal_external_folder_absorb__20260719\00_raw_snapshot\from_temp_staging__20260806\羽搧綸巾   经典酷黑   灵动版\company\ZTYY\002170.html|D:\Stock\trading_assistant\10_source_library_archive\batch_149_tdx_custom_terminal_external_folder_absorb__20260719\00_raw_snapshot\from_temp_staging__20260806\羽搧綸巾   经典酷黑   灵动版\company\ZTYY\002687.html|D:\Stock\trading_assistant\10_source_library_archive\batch_149_tdx_custom_terminal_external_folder_absorb__20260719\00_raw_snapshot\from_temp_staging__20260806\羽搧綸巾   经典酷黑   灵动版\company\ZTYY\600170.html
3108	4	4	D:\Stock\trading_assistant\10_source_library_archive\batch_149_tdx_custom_terminal_external_folder_absorb__20260719\00_raw_snapshot\from_temp_staging__20260806\羽搧綸巾   经典酷黑   灵动版\company\ZTYY\300335.html|D:\Stock\trading_assistant\10_source_library_archive\batch_149_tdx_custom_terminal_external_folder_absorb__20260719\00_raw_snapshot\from_temp_staging__20260806\羽搧綸巾   经典酷黑   灵动版\company\ZTYY\688113.html|D:\Stock\trading_assistant\10_source_library_archive\batch_149_tdx_custom_terminal_external_folder_absorb__20260719\00_raw_snapshot\from_temp_staging__20260806\羽搧綸巾   经典酷黑   灵动版\company\ZTYY\688247.html|D:\Stock\trading_assistant\10_source_library_archive\batch_149_tdx_custom_terminal_external_folder_absorb__20260719\00_raw_snapshot\from_temp_staging__20260806\羽搧綸巾   经典酷黑   灵动版\company\ZTYY\688249.html
9575	3	3	D:\Stock\trading_assistant\10_source_library_archive\batch_149_tdx_custom_terminal_external_folder_absorb__20260719\00_raw_snapshot\from_temp_staging__20260806\羽搧綸巾   经典酷黑   灵动版\company\ZTYY\002922.html|D:\Stock\trading_assistant\10_source_library_archive\batch_149_tdx_custom_terminal_external_folder_absorb__20260719\00_raw_snapshot\from_temp_staging__20260806\羽搧綸巾   经典酷黑   灵动版\company\ZTYY\601678.html|D:\Stock\trading_assistant\10_source_library_archive\batch_149_tdx_custom_terminal_external_folder_absorb__20260719\00_raw_snapshot\from_temp_staging__20260806\羽搧綸巾   经典酷黑   灵动版\company\ZTYY\603160.html
9839	3	3	D:\Stock\trading_assistant\10_source_library_archive\batch_149_tdx_custom_terminal_external_folder_absorb__20260719\00_raw_snapshot\from_temp_staging__20260806\羽搧綸巾   经典酷黑   灵动版\company\ZTYY\600416.html|D:\Stock\trading_assistant\10_source_library_archive\batch_149_tdx_custom_terminal_external_folder_absorb__20260719\00_raw_snapshot\from_temp_staging__20260806\羽搧綸巾   经典酷黑   灵动版\company\ZTYY\601222.html|D:\Stock\trading_assistant\10_source_library_archive\batch_149_tdx_custom_terminal_external_folder_absorb__20260719\00_raw_snapshot\from_temp_staging__20260806\羽搧綸巾   经典酷黑   灵动版\company\ZTYY\603959.html
8367	3	3	D:\Stock\trading_assistant\10_source_library_archive\batch_149_tdx_custom_terminal_external_folder_absorb__20260719\00_raw_snapshot\from_temp_staging__20260806\羽搧綸巾   经典酷黑   灵动版\company\ZTYY\600420.html|D:\Stock\trading_assistant\10_source_library_archive\batch_149_tdx_custom_terminal_external_folder_absorb__20260719\00_raw_snapshot\from_temp_staging__20260806\羽搧綸巾   经典酷黑   灵动版\company\ZTYY\600727.html|D:\Stock\trading_assistant\10_source_library_archive\batch_149_tdx_custom_terminal_external_folder_absorb__20260719\00_raw_snapshot\from_temp_staging__20260806\羽搧綸巾   经典酷黑   灵动版\company\ZTYY\601099.html
8440	3	3	D:\Stock\trading_assistant\10_source_library_archive\batch_149_tdx_custom_terminal_external_folder_absorb__20260719\00_raw_snapshot\from_temp_staging__20260806\羽搧綸巾   经典酷黑   灵动版\company\ZTYY\002058.html|D:\Stock\trading_assistant\10_source_library_archive\batch_149_tdx_custom_terminal_external_folder_absorb__20260719\00_raw_snapshot\from_temp_staging__20260806\羽搧綸巾   经典酷黑   灵动版\company\ZTYY\003017.html|D:\Stock\trading_assistant\10_source_library_archive\batch_149_tdx_custom_terminal_external_folder_absorb__20260719\00_raw_snapshot\from_temp_staging__20260806\羽搧綸巾   经典酷黑   灵动版\company\ZTYY\600610.html
5617	3	3	D:\Stock\trading_assistant\10_source_library_archive\batch_149_tdx_custom_terminal_external_folder_absorb__20260719\00_raw_snapshot\from_temp_staging__20260806\羽搧綸巾   经典酷黑   灵动版\company\ZTYY\600438.html|D:\Stock\trading_assistant\10_source_library_archive\batch_149_tdx_custom_terminal_external_folder_absorb__20260719\00_raw_snapshot\from_temp_staging__20260806\羽搧綸巾   经典酷黑   灵动版\company\ZTYY\605058.html|D:\Stock\trading_assistant\10_source_library_archive\batch_149_tdx_custom_terminal_external_folder_absorb__20260719\00_raw_snapshot\from_temp_staging__20260806\羽搧綸巾   经典酷黑   灵动版\HGPlugins\transaction\RES\Zyy\ajax\condition\html\triggered_prompt_push.html
1725	3	3	D:\Stock\trading_assistant\10_source_library_archive\batch_149_tdx_custom_terminal_external_folder_absorb__20260719\00_raw_snapshot\from_temp_staging__20260806\羽搧綸巾   经典酷黑   灵动版\company\ZTYY\001965.html|D:\Stock\trading_assistant\10_source_library_archive\batch_149_tdx_custom_terminal_external_folder_absorb__20260719\00_raw_snapshot\from_temp_staging__20260806\羽搧綸巾   经典酷黑   灵动版\company\ZTYY\300689.html|D:\Stock\trading_assistant\10_source_library_archive\batch_149_tdx_custom_terminal_external_folder_absorb__20260719\00_raw_snapshot\from_temp_staging__20260806\羽搧綸巾   经典酷黑   灵动版\company\ZTYY\301372.html
2074	3	3	D:\Stock\trading_assistant\10_source_library_archive\batch_149_tdx_custom_terminal_external_folder_absorb__20260719\00_raw_snapshot\from_temp_staging__20260806\羽搧綸巾   经典酷黑   灵动版\company\ZTYY\300765.html|D:\Stock\trading_assistant\10_source_library_archive\batch_149_tdx_custom_terminal_external_folder_absorb__20260719\00_raw_snapshot\from_temp_staging__20260806\羽搧綸巾   经典酷黑   灵动版\company\ZTYY\300977.html|D:\Stock\trading_assistant\10_source_library_archive\batch_149_tdx_custom_terminal_external_folder_absorb__20260719\00_raw_snapshot\from_temp_staging__20260806\羽搧綸巾   经典酷黑   灵动版\company\ZTYY\301127.html
9727	3	3	D:\Stock\trading_assistant\10_source_library_archive\batch_149_tdx_custom_terminal_external_folder_absorb__20260719\00_raw_snapshot\from_temp_staging__20260806\羽搧綸巾   经典酷黑   灵动版\company\ZTYY\600571.html|D:\Stock\trading_assistant\10_source_library_archive\batch_149_tdx_custom_terminal_external_folder_absorb__20260719\00_raw_snapshot\from_temp_staging__20260806\羽搧綸巾   经典酷黑   灵动版\company\ZTYY\601007.html|D:\Stock\trading_assistant\10_source_library_archive\batch_149_tdx_custom_terminal_external_folder_absorb__20260719\00_raw_snapshot\from_temp_staging__20260806\羽搧綸巾   经典酷黑   灵动版\company\ZTYY\601700.html
8545	3	3	D:\Stock\trading_assistant\10_source_library_archive\batch_149_tdx_custom_terminal_external_folder_absorb__20260719\00_raw_snapshot\from_temp_staging__20260806\羽搧綸巾   经典酷黑   灵动版\company\ZTYY\002002.html|D:\Stock\trading_assistant\10_source_library_archive\batch_149_tdx_custom_terminal_external_folder_absorb__20260719\00_raw_snapshot\from_temp_staging__20260806\羽搧綸巾   经典酷黑   灵动版\company\ZTYY\002546.html|D:\Stock\trading_assistant\10_source_library_archive\batch_149_tdx_custom_terminal_external_folder_absorb__20260719\00_raw_snapshot\from_temp_staging__20260806\羽搧綸巾   经典酷黑   灵动版\company\ZTYY\600336.html
1676	3	3	D:\Stock\trading_assistant\10_source_library_archive\batch_149_tdx_custom_terminal_external_folder_absorb__20260719\00_raw_snapshot\from_temp_staging__20260806\羽搧綸巾   经典酷黑   灵动版\company\ZTYY\300796.html|D:\Stock\trading_assistant\10_source_library_archive\batch_149_tdx_custom_terminal_external_folder_absorb__20260719\00_raw_snapshot\from_temp_staging__20260806\羽搧綸巾   经典酷黑   灵动版\company\ZTYY\300866.html|D:\Stock\trading_assistant\10_source_library_archive\batch_149_tdx_custom_terminal_external_folder_absorb__20260719\00_raw_snapshot\from_temp_staging__20260806\羽搧綸巾   经典酷黑   灵动版\company\ZTYY\688269.html
5873	3	3	D:\Stock\trading_assistant\10_source_library_archive\batch_149_tdx_custom_terminal_external_folder_absorb__20260719\00_raw_snapshot\from_temp_staging__20260806\羽搧綸巾   经典酷黑   灵动版\company\ZTYY\002024.html|D:\Stock\trading_assistant\10_source_library_archive\batch_149_tdx_custom_terminal_external_folder_absorb__20260719\00_raw_snapshot\from_temp_staging__20260806\羽搧綸巾   经典酷黑   灵动版\company\ZTYY\600167.html|D:\Stock\trading_assistant\10_source_library_archive\batch_149_tdx_custom_terminal_external_folder_absorb__20260719\00_raw_snapshot\from_temp_staging__20260806\羽搧綸巾   经典酷黑   灵动版\company\开盘啦.html
1758	3	3	D:\Stock\trading_assistant\10_source_library_archive\batch_149_tdx_custom_terminal_external_folder_absorb__20260719\00_raw_snapshot\from_temp_staging__20260806\羽搧綸巾   经典酷黑   灵动版\company\ZTYY\300783.html|D:\Stock\trading_assistant\10_source_library_archive\batch_149_tdx_custom_terminal_external_folder_absorb__20260719\00_raw_snapshot\from_temp_staging__20260806\羽搧綸巾   经典酷黑   灵动版\company\ZTYY\688611.html|D:\Stock\trading_assistant\10_source_library_archive\batch_149_tdx_custom_terminal_external_folder_absorb__20260719\00_raw_snapshot\from_temp_staging__20260806\羽搧綸巾   经典酷黑   灵动版\company\ZTYY\688793.html
3319	3	3	D:\Stock\trading_assistant\10_source_library_archive\batch_149_tdx_custom_terminal_external_folder_absorb__20260719\00_raw_snapshot\from_temp_staging__20260806\羽搧綸巾   经典酷黑   灵动版\company\ZTYY\002074.html|D:\Stock\trading_assistant\10_source_library_archive\batch_149_tdx_custom_terminal_external_folder_absorb__20260719\00_raw_snapshot\from_temp_staging__20260806\羽搧綸巾   经典酷黑   灵动版\company\ZTYY\688357.html|D:\Stock\trading_assistant\10_source_library_archive\batch_149_tdx_custom_terminal_external_folder_absorb__20260719\00_raw_snapshot\from_temp_staging__20260806\羽搧綸巾   经典酷黑   灵动版\company\ZTYY\688601.html
10096	3	3	D:\Stock\trading_assistant\10_source_library_archive\batch_149_tdx_custom_terminal_external_folder_absorb__20260719\00_raw_snapshot\from_temp_staging__20260806\羽搧綸巾   经典酷黑   灵动版\company\ZTYY\002111.html|D:\Stock\trading_assistant\10_source_library_archive\batch_149_tdx_custom_terminal_external_folder_absorb__20260719\00_raw_snapshot\from_temp_staging__20260806\羽搧綸巾   经典酷黑   灵动版\company\ZTYY\002636.html|D:\Stock\trading_assistant\10_source_library_archive\batch_149_tdx_custom_terminal_external_folder_absorb__20260719\00_raw_snapshot\from_temp_staging__20260806\羽搧綸巾   经典酷黑   灵动版\company\ZTYY\600110.html
3559	3	3	D:\Stock\trading_assistant\10_source_library_archive\batch_149_tdx_custom_terminal_external_folder_absorb__20260719\00_raw_snapshot\from_temp_staging__20260806\羽搧綸巾   经典酷黑   灵动版\company\ZTYY\300835.html|D:\Stock\trading_assistant\10_source_library_archive\batch_149_tdx_custom_terminal_external_folder_absorb__20260719\00_raw_snapshot\from_temp_staging__20260806\羽搧綸巾   经典酷黑   灵动版\company\ZTYY\301132.html|D:\Stock\trading_assistant\10_source_library_archive\batch_149_tdx_custom_terminal_external_folder_absorb__20260719\00_raw_snapshot\from_temp_staging__20260806\羽搧綸巾   经典酷黑   灵动版\company\ZTYY\688652.html
8908	3	3	D:\Stock\trading_assistant\10_source_library_archive\batch_149_tdx_custom_terminal_external_folder_absorb__20260719\00_raw_snapshot\from_temp_staging__20260806\羽搧綸巾   经典酷黑   灵动版\company\ZTYY\002873.html|D:\Stock\trading_assistant\10_source_library_archive\batch_149_tdx_custom_terminal_external_folder_absorb__20260719\00_raw_snapshot\from_temp_staging__20260806\羽搧綸巾   经典酷黑   灵动版\company\ZTYY\600190.html|D:\Stock\trading_assistant\10_source_library_archive\batch_149_tdx_custom_terminal_external_folder_absorb__20260719\00_raw_snapshot\from_temp_staging__20260806\羽搧綸巾   经典酷黑   灵动版\company\ZTYY\603218.html
8121	3	3	D:\Stock\trading_assistant\10_source_library_archive\batch_149_tdx_custom_terminal_external_folder_absorb__20260719\00_raw_snapshot\from_temp_staging__20260806\羽搧綸巾   经典酷黑   灵动版\company\ZTYY\002125.html|D:\Stock\trading_assistant\10_source_library_archive\batch_149_tdx_custom_terminal_external_folder_absorb__20260719\00_raw_snapshot\from_temp_staging__20260806\羽搧綸巾   经典酷黑   灵动版\company\ZTYY\600180.html|D:\Stock\trading_assistant\10_source_library_archive\batch_149_tdx_custom_terminal_external_folder_absorb__20260719\00_raw_snapshot\from_temp_staging__20260806\羽搧綸巾   经典酷黑   灵动版\company\ZTYY\600200.html
4455	3	3	D:\Stock\trading_assistant\10_source_library_archive\batch_149_tdx_custom_terminal_external_folder_absorb__20260719\00_raw_snapshot\from_temp_staging__20260806\羽搧綸巾   经典酷黑   灵动版\company\ZTYY\002120.html|D:\Stock\trading_assistant\10_source_library_archive\batch_149_tdx_custom_terminal_external_folder_absorb__20260719\00_raw_snapshot\from_temp_staging__20260806\羽搧綸巾   经典酷黑   灵动版\company\ZTYY\600332.html|D:\Stock\trading_assistant\10_source_library_archive\batch_149_tdx_custom_terminal_external_folder_absorb__20260719\00_raw_snapshot\from_temp_staging__20260806\羽搧綸巾   经典酷黑   灵动版\company\AI挖掘机附件1.html
9202	3	3	D:\Stock\trading_assistant\10_source_library_archive\batch_149_tdx_custom_terminal_external_folder_absorb__20260719\00_raw_snapshot\from_temp_staging__20260806\羽搧綸巾   经典酷黑   灵动版\company\ZTYY\002114.html|D:\Stock\trading_assistant\10_source_library_archive\batch_149_tdx_custom_terminal_external_folder_absorb__20260719\00_raw_snapshot\from_temp_staging__20260806\羽搧綸巾   经典酷黑   灵动版\company\ZTYY\002981.html|D:\Stock\trading_assistant\10_source_library_archive\batch_149_tdx_custom_terminal_external_folder_absorb__20260719\00_raw_snapshot\from_temp_staging__20260806\羽搧綸巾   经典酷黑   灵动版\company\ZTYY\600477.html
4999	3	3	D:\Stock\trading_assistant\10_source_library_archive\batch_149_tdx_custom_terminal_external_folder_absorb__20260719\00_raw_snapshot\from_temp_staging__20260806\羽搧綸巾   经典酷黑   灵动版\company\ZTYY\300823.html|D:\Stock\trading_assistant\10_source_library_archive\batch_149_tdx_custom_terminal_external_folder_absorb__20260719\00_raw_snapshot\from_temp_staging__20260806\羽搧綸巾   经典酷黑   灵动版\company\ZTYY\601615.html|D:\Stock\trading_assistant\10_source_library_archive\batch_149_tdx_custom_terminal_external_folder_absorb__20260719\00_raw_snapshot\from_temp_staging__20260806\羽搧綸巾   经典酷黑   灵动版\company\选股宝大事提醒(定).html
1633	3	3	D:\Stock\trading_assistant\10_source_library_archive\batch_149_tdx_custom_terminal_external_folder_absorb__20260719\00_raw_snapshot\from_temp_staging__20260806\羽搧綸巾   经典酷黑   灵动版\jspages\guba\appiframe.html|D:\Stock\trading_assistant\10_source_library_archive\batch_149_tdx_custom_terminal_external_folder_absorb__20260719\00_raw_snapshot\from_temp_staging__20260806\羽搧綸巾   经典酷黑   灵动版\jspages\guba\min-video.html|D:\Stock\trading_assistant\10_source_library_archive\batch_149_tdx_custom_terminal_external_folder_absorb__20260719\00_raw_snapshot\from_temp_staging__20260806\羽搧綸巾   经典酷黑   灵动版\jspages\guba\tdxdialog.html
9630	3	3	D:\Stock\trading_assistant\10_source_library_archive\batch_149_tdx_custom_terminal_external_folder_absorb__20260719\00_raw_snapshot\from_temp_staging__20260806\羽搧綸巾   经典酷黑   灵动版\company\ZTYY\002075.html|D:\Stock\trading_assistant\10_source_library_archive\batch_149_tdx_custom_terminal_external_folder_absorb__20260719\00_raw_snapshot\from_temp_staging__20260806\羽搧綸巾   经典酷黑   灵动版\company\ZTYY\002300.html|D:\Stock\trading_assistant\10_source_library_archive\batch_149_tdx_custom_terminal_external_folder_absorb__20260719\00_raw_snapshot\from_temp_staging__20260806\羽搧綸巾   经典酷黑   灵动版\company\ZTYY\603186.html
7429	3	3	D:\Stock\trading_assistant\10_source_library_archive\batch_149_tdx_custom_terminal_external_folder_absorb__20260719\00_raw_snapshot\from_temp_staging__20260806\羽搧綸巾   经典酷黑   灵动版\company\ZTYY\002880.html|D:\Stock\trading_assistant\10_source_library_archive\batch_149_tdx_custom_terminal_external_folder_absorb__20260719\00_raw_snapshot\from_temp_staging__20260806\羽搧綸巾   经典酷黑   灵动版\company\ZTYY\605068.html|D:\Stock\trading_assistant\10_source_library_archive\batch_149_tdx_custom_terminal_external_folder_absorb__20260719\00_raw_snapshot\from_temp_staging__20260806\羽搧綸巾   经典酷黑   灵动版\company\ZTYY\688549.html
9325	3	3	D:\Stock\trading_assistant\10_source_library_archive\batch_149_tdx_custom_terminal_external_folder_absorb__20260719\00_raw_snapshot\from_temp_staging__20260806\羽搧綸巾   经典酷黑   灵动版\company\ZTYY\002098.html|D:\Stock\trading_assistant\10_source_library_archive\batch_149_tdx_custom_terminal_external_folder_absorb__20260719\00_raw_snapshot\from_temp_staging__20260806\羽搧綸巾   经典酷黑   灵动版\company\ZTYY\600162.html|D:\Stock\trading_assistant\10_source_library_archive\batch_149_tdx_custom_terminal_external_folder_absorb__20260719\00_raw_snapshot\from_temp_staging__20260806\羽搧綸巾   经典酷黑   灵动版\company\ZTYY\600965.html
3293	3	3	D:\Stock\trading_assistant\10_source_library_archive\batch_149_tdx_custom_terminal_external_folder_absorb__20260719\00_raw_snapshot\from_temp_staging__20260806\羽搧綸巾   经典酷黑   灵动版\company\ZTYY\002089.html|D:\Stock\trading_assistant\10_source_library_archive\batch_149_tdx_custom_terminal_external_folder_absorb__20260719\00_raw_snapshot\from_temp_staging__20260806\羽搧綸巾   经典酷黑   灵动版\company\ZTYY\300773.html|D:\Stock\trading_assistant\10_source_library_archive\batch_149_tdx_custom_terminal_external_folder_absorb__20260719\00_raw_snapshot\from_temp_staging__20260806\羽搧綸巾   经典酷黑   灵动版\company\ZTYY\688722.html
7960	3	3	D:\Stock\trading_assistant\10_source_library_archive\batch_149_tdx_custom_terminal_external_folder_absorb__20260719\00_raw_snapshot\from_temp_staging__20260806\羽搧綸巾   经典酷黑   灵动版\company\ZTYY\003035.html|D:\Stock\trading_assistant\10_source_library_archive\batch_149_tdx_custom_terminal_external_folder_absorb__20260719\00_raw_snapshot\from_temp_staging__20260806\羽搧綸巾   经典酷黑   灵动版\company\ZTYY\300178.html|D:\Stock\trading_assistant\10_source_library_archive\batch_149_tdx_custom_terminal_external_folder_absorb__20260719\00_raw_snapshot\from_temp_staging__20260806\羽搧綸巾   经典酷黑   灵动版\company\ZTYY\301000.html
1680	3	3	D:\Stock\trading_assistant\10_source_library_archive\batch_149_tdx_custom_terminal_external_folder_absorb__20260719\00_raw_snapshot\from_temp_staging__20260806\羽搧綸巾   经典酷黑   灵动版\company\ZTYY\300659.html|D:\Stock\trading_assistant\10_source_library_archive\batch_149_tdx_custom_terminal_external_folder_absorb__20260719\00_raw_snapshot\from_temp_staging__20260806\羽搧綸巾   经典酷黑   灵动版\company\ZTYY\300838.html|D:\Stock\trading_assistant\10_source_library_archive\batch_149_tdx_custom_terminal_external_folder_absorb__20260719\00_raw_snapshot\from_temp_staging__20260806\羽搧綸巾   经典酷黑   灵动版\company\ZTYY\300906.html
1833	3	3	D:\Stock\trading_assistant\10_source_library_archive\batch_149_tdx_custom_terminal_external_folder_absorb__20260719\00_raw_snapshot\from_temp_staging__20260806\羽搧綸巾   经典酷黑   灵动版\company\ZTYY\600886.html|D:\Stock\trading_assistant\10_source_library_archive\batch_149_tdx_custom_terminal_external_folder_absorb__20260719\00_raw_snapshot\from_temp_staging__20260806\羽搧綸巾   经典酷黑   灵动版\company\ZTYY\603833.html|D:\Stock\trading_assistant\10_source_library_archive\batch_149_tdx_custom_terminal_external_folder_absorb__20260719\00_raw_snapshot\from_temp_staging__20260806\羽搧綸巾   经典酷黑   灵动版\webs\wenda\page-ex.html
8165	3	3	D:\Stock\trading_assistant\10_source_library_archive\batch_149_tdx_custom_terminal_external_folder_absorb__20260719\00_raw_snapshot\from_temp_staging__20260806\羽搧綸巾   经典酷黑   灵动版\company\ZTYY\300050.html|D:\Stock\trading_assistant\10_source_library_archive\batch_149_tdx_custom_terminal_external_folder_absorb__20260719\00_raw_snapshot\from_temp_staging__20260806\羽搧綸巾   经典酷黑   灵动版\company\ZTYY\600351.html|D:\Stock\trading_assistant\10_source_library_archive\batch_149_tdx_custom_terminal_external_folder_absorb__20260719\00_raw_snapshot\from_temp_staging__20260806\羽搧綸巾   经典酷黑   灵动版\company\ZTYY\600740.html
2101	3	3	D:\Stock\trading_assistant\10_source_library_archive\batch_149_tdx_custom_terminal_external_folder_absorb__20260719\00_raw_snapshot\from_temp_staging__20260806\羽搧綸巾   经典酷黑   灵动版\company\ZTYY\001218.html|D:\Stock\trading_assistant\10_source_library_archive\batch_149_tdx_custom_terminal_external_folder_absorb__20260719\00_raw_snapshot\from_temp_staging__20260806\羽搧綸巾   经典酷黑   灵动版\company\ZTYY\002415.html|D:\Stock\trading_assistant\10_source_library_archive\batch_149_tdx_custom_terminal_external_folder_absorb__20260719\00_raw_snapshot\from_temp_staging__20260806\羽搧綸巾   经典酷黑   灵动版\company\ZTYY\300572.html
6555	3	3	D:\Stock\trading_assistant\10_source_library_archive\batch_149_tdx_custom_terminal_external_folder_absorb__20260719\00_raw_snapshot\from_temp_staging__20260806\羽搧綸巾   经典酷黑   灵动版\company\ZTYY\600823.html|D:\Stock\trading_assistant\10_source_library_archive\batch_149_tdx_custom_terminal_external_folder_absorb__20260719\00_raw_snapshot\from_temp_staging__20260806\羽搧綸巾   经典酷黑   灵动版\company\ZTYY\603193.html|D:\Stock\trading_assistant\10_source_library_archive\batch_149_tdx_custom_terminal_external_folder_absorb__20260719\00_raw_snapshot\from_temp_staging__20260806\羽搧綸巾   经典酷黑   灵动版\company\ZTYY\603659.html
3079	3	3	D:\Stock\trading_assistant\10_source_library_archive\batch_149_tdx_custom_terminal_external_folder_absorb__20260719\00_raw_snapshot\from_temp_staging__20260806\羽搧綸巾   经典酷黑   灵动版\company\ZTYY\300666.html|D:\Stock\trading_assistant\10_source_library_archive\batch_149_tdx_custom_terminal_external_folder_absorb__20260719\00_raw_snapshot\from_temp_staging__20260806\羽搧綸巾   经典酷黑   灵动版\company\ZTYY\688613.html|D:\Stock\trading_assistant\10_source_library_archive\batch_149_tdx_custom_terminal_external_folder_absorb__20260719\00_raw_snapshot\from_temp_staging__20260806\羽搧綸巾   经典酷黑   灵动版\company\ZTYY\833454.html
5088	3	2	D:\Stock\trading_assistant\10_source_library_archive\batch_149_tdx_custom_terminal_external_folder_absorb__20260719\00_raw_snapshot\from_temp_staging__20260806\羽搧綸巾   经典酷黑   灵动版\company\ZTYY\300647.html|D:\Stock\trading_assistant\10_source_library_archive\batch_149_tdx_custom_terminal_external_folder_absorb__20260719\00_raw_snapshot\from_temp_staging__20260806\羽搧綸巾   经典酷黑   灵动版\company\通达信F11.html|D:\Stock\trading_assistant\10_source_library_archive\batch_149_tdx_custom_terminal_external_folder_absorb__20260719\00_raw_snapshot\pages\通达信F11.html
1732	3	3	D:\Stock\trading_assistant\10_source_library_archive\batch_149_tdx_custom_terminal_external_folder_absorb__20260719\00_raw_snapshot\from_temp_staging__20260806\羽搧綸巾   经典酷黑   灵动版\company\ZTYY\300059.html|D:\Stock\trading_assistant\10_source_library_archive\batch_149_tdx_custom_terminal_external_folder_absorb__20260719\00_raw_snapshot\from_temp_staging__20260806\羽搧綸巾   经典酷黑   灵动版\company\ZTYY\600926.html|D:\Stock\trading_assistant\10_source_library_archive\batch_149_tdx_custom_terminal_external_folder_absorb__20260719\00_raw_snapshot\from_temp_staging__20260806\羽搧綸巾   经典酷黑   灵动版\company\ZTYY\688108.html
3222	3	3	D:\Stock\trading_assistant\10_source_library_archive\batch_149_tdx_custom_terminal_external_folder_absorb__20260719\00_raw_snapshot\from_temp_staging__20260806\羽搧綸巾   经典酷黑   灵动版\company\ZTYY\300070.html|D:\Stock\trading_assistant\10_source_library_archive\batch_149_tdx_custom_terminal_external_folder_absorb__20260719\00_raw_snapshot\from_temp_staging__20260806\羽搧綸巾   经典酷黑   灵动版\company\ZTYY\300217.html|D:\Stock\trading_assistant\10_source_library_archive\batch_149_tdx_custom_terminal_external_folder_absorb__20260719\00_raw_snapshot\from_temp_staging__20260806\羽搧綸巾   经典酷黑   灵动版\company\ZTYY\688238.html
1804	3	3	D:\Stock\trading_assistant\10_source_library_archive\batch_149_tdx_custom_terminal_external_folder_absorb__20260719\00_raw_snapshot\from_temp_staging__20260806\羽搧綸巾   经典酷黑   灵动版\company\ZTYY\300051.html|D:\Stock\trading_assistant\10_source_library_archive\batch_149_tdx_custom_terminal_external_folder_absorb__20260719\00_raw_snapshot\from_temp_staging__20260806\羽搧綸巾   经典酷黑   灵动版\company\ZTYY\300536.html|D:\Stock\trading_assistant\10_source_library_archive\batch_149_tdx_custom_terminal_external_folder_absorb__20260719\00_raw_snapshot\from_temp_staging__20260806\羽搧綸巾   经典酷黑   灵动版\company\ZTYY\301177.html
1840	3	3	D:\Stock\trading_assistant\10_source_library_archive\batch_149_tdx_custom_terminal_external_folder_absorb__20260719\00_raw_snapshot\from_temp_staging__20260806\羽搧綸巾   经典酷黑   灵动版\company\ZTYY\300651.html|D:\Stock\trading_assistant\10_source_library_archive\batch_149_tdx_custom_terminal_external_folder_absorb__20260719\00_raw_snapshot\from_temp_staging__20260806\羽搧綸巾   经典酷黑   灵动版\company\ZTYY\300808.html|D:\Stock\trading_assistant\10_source_library_archive\batch_149_tdx_custom_terminal_external_folder_absorb__20260719\00_raw_snapshot\from_temp_staging__20260806\羽搧綸巾   经典酷黑   灵动版\company\ZTYY\688333.html
9014	3	3	D:\Stock\trading_assistant\10_source_library_archive\batch_149_tdx_custom_terminal_external_folder_absorb__20260719\00_raw_snapshot\from_temp_staging__20260806\羽搧綸巾   经典酷黑   灵动版\company\ZTYY\600963.html|D:\Stock\trading_assistant\10_source_library_archive\batch_149_tdx_custom_terminal_external_folder_absorb__20260719\00_raw_snapshot\from_temp_staging__20260806\羽搧綸巾   经典酷黑   灵动版\company\ZTYY\603336.html|D:\Stock\trading_assistant\10_source_library_archive\batch_149_tdx_custom_terminal_external_folder_absorb__20260719\00_raw_snapshot\from_temp_staging__20260806\羽搧綸巾   经典酷黑   灵动版\company\ZTYY\605116.html
2036	3	3	D:\Stock\trading_assistant\10_source_library_archive\batch_149_tdx_custom_terminal_external_folder_absorb__20260719\00_raw_snapshot\from_temp_staging__20260806\羽搧綸巾   经典酷黑   灵动版\company\ZTYY\300680.html|D:\Stock\trading_assistant\10_source_library_archive\batch_149_tdx_custom_terminal_external_folder_absorb__20260719\00_raw_snapshot\from_temp_staging__20260806\羽搧綸巾   经典酷黑   灵动版\company\ZTYY\688355.html|D:\Stock\trading_assistant\10_source_library_archive\batch_149_tdx_custom_terminal_external_folder_absorb__20260719\00_raw_snapshot\from_temp_staging__20260806\羽搧綸巾   经典酷黑   灵动版\webs\cfg\pcservice.html
4312	3	3	D:\Stock\trading_assistant\10_source_library_archive\batch_149_tdx_custom_terminal_external_folder_absorb__20260719\00_raw_snapshot\from_temp_staging__20260806\羽搧綸巾   经典酷黑   灵动版\company\ZTYY\300005.html|D:\Stock\trading_assistant\10_source_library_archive\batch_149_tdx_custom_terminal_external_folder_absorb__20260719\00_raw_snapshot\from_temp_staging__20260806\羽搧綸巾   经典酷黑   灵动版\company\ZTYY\300203.html|D:\Stock\trading_assistant\10_source_library_archive\batch_149_tdx_custom_terminal_external_folder_absorb__20260719\00_raw_snapshot\from_temp_staging__20260806\羽搧綸巾   经典酷黑   灵动版\company\ZTYY\301568.html
2737	3	3	D:\Stock\trading_assistant\10_source_library_archive\batch_149_tdx_custom_terminal_external_folder_absorb__20260719\00_raw_snapshot\from_temp_staging__20260806\羽搧綸巾   经典酷黑   灵动版\company\ZTYY\300016.html|D:\Stock\trading_assistant\10_source_library_archive\batch_149_tdx_custom_terminal_external_folder_absorb__20260719\00_raw_snapshot\from_temp_staging__20260806\羽搧綸巾   经典酷黑   灵动版\company\ZTYY\688233.html|D:\Stock\trading_assistant\10_source_library_archive\batch_149_tdx_custom_terminal_external_folder_absorb__20260719\00_raw_snapshot\from_temp_staging__20260806\羽搧綸巾   经典酷黑   灵动版\company\ZTYY\688508.html
7911	3	3	D:\Stock\trading_assistant\10_source_library_archive\batch_149_tdx_custom_terminal_external_folder_absorb__20260719\00_raw_snapshot\from_temp_staging__20260806\羽搧綸巾   经典酷黑   灵动版\company\ZTYY\600676.html|D:\Stock\trading_assistant\10_source_library_archive\batch_149_tdx_custom_terminal_external_folder_absorb__20260719\00_raw_snapshot\from_temp_staging__20260806\羽搧綸巾   经典酷黑   灵动版\company\ZTYY\603182.html|D:\Stock\trading_assistant\10_source_library_archive\batch_149_tdx_custom_terminal_external_folder_absorb__20260719\00_raw_snapshot\from_temp_staging__20260806\羽搧綸巾   经典酷黑   灵动版\company\ZTYY\603613.html
9719	3	3	D:\Stock\trading_assistant\10_source_library_archive\batch_149_tdx_custom_terminal_external_folder_absorb__20260719\00_raw_snapshot\from_temp_staging__20260806\羽搧綸巾   经典酷黑   灵动版\company\ZTYY\003041.html|D:\Stock\trading_assistant\10_source_library_archive\batch_149_tdx_custom_terminal_external_folder_absorb__20260719\00_raw_snapshot\from_temp_staging__20260806\羽搧綸巾   经典酷黑   灵动版\company\ZTYY\600639.html|D:\Stock\trading_assistant\10_source_library_archive\batch_149_tdx_custom_terminal_external_folder_absorb__20260719\00_raw_snapshot\from_temp_staging__20260806\羽搧綸巾   经典酷黑   灵动版\company\ZTYY\603828.html
2634	3	3	D:\Stock\trading_assistant\10_source_library_archive\batch_149_tdx_custom_terminal_external_folder_absorb__20260719\00_raw_snapshot\from_temp_staging__20260806\羽搧綸巾   经典酷黑   灵动版\company\ZTYY\001323.html|D:\Stock\trading_assistant\10_source_library_archive\batch_149_tdx_custom_terminal_external_folder_absorb__20260719\00_raw_snapshot\from_temp_staging__20260806\羽搧綸巾   经典酷黑   灵动版\company\ZTYY\300014.html|D:\Stock\trading_assistant\10_source_library_archive\batch_149_tdx_custom_terminal_external_folder_absorb__20260719\00_raw_snapshot\from_temp_staging__20260806\羽搧綸巾   经典酷黑   灵动版\company\ZTYY\300715.html
8844	3	3	D:\Stock\trading_assistant\10_source_library_archive\batch_149_tdx_custom_terminal_external_folder_absorb__20260719\00_raw_snapshot\from_temp_staging__20260806\羽搧綸巾   经典酷黑   灵动版\company\ZTYY\003042.html|D:\Stock\trading_assistant\10_source_library_archive\batch_149_tdx_custom_terminal_external_folder_absorb__20260719\00_raw_snapshot\from_temp_staging__20260806\羽搧綸巾   经典酷黑   灵动版\company\ZTYY\603915.html|D:\Stock\trading_assistant\10_source_library_archive\batch_149_tdx_custom_terminal_external_folder_absorb__20260719\00_raw_snapshot\from_temp_staging__20260806\羽搧綸巾   经典酷黑   灵动版\company\ZTYY\605028.html
8115	3	3	D:\Stock\trading_assistant\10_source_library_archive\batch_149_tdx_custom_terminal_external_folder_absorb__20260719\00_raw_snapshot\from_temp_staging__20260806\羽搧綸巾   经典酷黑   灵动版\company\ZTYY\300337.html|D:\Stock\trading_assistant\10_source_library_archive\batch_149_tdx_custom_terminal_external_folder_absorb__20260719\00_raw_snapshot\from_temp_staging__20260806\羽搧綸巾   经典酷黑   灵动版\company\ZTYY\300462.html|D:\Stock\trading_assistant\10_source_library_archive\batch_149_tdx_custom_terminal_external_folder_absorb__20260719\00_raw_snapshot\from_temp_staging__20260806\羽搧綸巾   经典酷黑   灵动版\company\ZTYY\603700.html
9748	3	3	D:\Stock\trading_assistant\10_source_library_archive\batch_149_tdx_custom_terminal_external_folder_absorb__20260719\00_raw_snapshot\from_temp_staging__20260806\羽搧綸巾   经典酷黑   灵动版\company\ZTYY\001239.html|D:\Stock\trading_assistant\10_source_library_archive\batch_149_tdx_custom_terminal_external_folder_absorb__20260719\00_raw_snapshot\from_temp_staging__20260806\羽搧綸巾   经典酷黑   灵动版\company\ZTYY\002587.html|D:\Stock\trading_assistant\10_source_library_archive\batch_149_tdx_custom_terminal_external_folder_absorb__20260719\00_raw_snapshot\from_temp_staging__20260806\羽搧綸巾   经典酷黑   灵动版\company\ZTYY\600825.html
3047	3	3	D:\Stock\trading_assistant\10_source_library_archive\batch_149_tdx_custom_terminal_external_folder_absorb__20260719\00_raw_snapshot\from_temp_staging__20260806\羽搧綸巾   经典酷黑   灵动版\company\ZTYY\300033.html|D:\Stock\trading_assistant\10_source_library_archive\batch_149_tdx_custom_terminal_external_folder_absorb__20260719\00_raw_snapshot\from_temp_staging__20260806\羽搧綸巾   经典酷黑   灵动版\company\ZTYY\300804.html|D:\Stock\trading_assistant\10_source_library_archive\batch_149_tdx_custom_terminal_external_folder_absorb__20260719\00_raw_snapshot\from_temp_staging__20260806\羽搧綸巾   经典酷黑   灵动版\company\ZTYY\688070.html
3324	3	3	D:\Stock\trading_assistant\10_source_library_archive\batch_149_tdx_custom_terminal_external_folder_absorb__20260719\00_raw_snapshot\from_temp_staging__20260806\羽搧綸巾   经典酷黑   灵动版\company\ZTYY\300021.html|D:\Stock\trading_assistant\10_source_library_archive\batch_149_tdx_custom_terminal_external_folder_absorb__20260719\00_raw_snapshot\from_temp_staging__20260806\羽搧綸巾   经典酷黑   灵动版\company\ZTYY\300079.html|D:\Stock\trading_assistant\10_source_library_archive\batch_149_tdx_custom_terminal_external_folder_absorb__20260719\00_raw_snapshot\from_temp_staging__20260806\羽搧綸巾   经典酷黑   灵动版\company\ZTYY\300929.html
3097	3	3	D:\Stock\trading_assistant\10_source_library_archive\batch_149_tdx_custom_terminal_external_folder_absorb__20260719\00_raw_snapshot\from_temp_staging__20260806\羽搧綸巾   经典酷黑   灵动版\company\ZTYY\300346.html|D:\Stock\trading_assistant\10_source_library_archive\batch_149_tdx_custom_terminal_external_folder_absorb__20260719\00_raw_snapshot\from_temp_staging__20260806\羽搧綸巾   经典酷黑   灵动版\company\ZTYY\300726.html|D:\Stock\trading_assistant\10_source_library_archive\batch_149_tdx_custom_terminal_external_folder_absorb__20260719\00_raw_snapshot\from_temp_staging__20260806\羽搧綸巾   经典酷黑   灵动版\company\ZTYY\688432.html
8943	3	3	D:\Stock\trading_assistant\10_source_library_archive\batch_149_tdx_custom_terminal_external_folder_absorb__20260719\00_raw_snapshot\from_temp_staging__20260806\羽搧綸巾   经典酷黑   灵动版\company\ZTYY\001259.html|D:\Stock\trading_assistant\10_source_library_archive\batch_149_tdx_custom_terminal_external_folder_absorb__20260719\00_raw_snapshot\from_temp_staging__20260806\羽搧綸巾   经典酷黑   灵动版\company\ZTYY\002399.html|D:\Stock\trading_assistant\10_source_library_archive\batch_149_tdx_custom_terminal_external_folder_absorb__20260719\00_raw_snapshot\from_temp_staging__20260806\羽搧綸巾   经典酷黑   灵动版\company\ZTYY\603131.html
2158	3	3	D:\Stock\trading_assistant\10_source_library_archive\batch_149_tdx_custom_terminal_external_folder_absorb__20260719\00_raw_snapshot\from_temp_staging__20260806\羽搧綸巾   经典酷黑   灵动版\company\ZTYY\300844.html|D:\Stock\trading_assistant\10_source_library_archive\batch_149_tdx_custom_terminal_external_folder_absorb__20260719\00_raw_snapshot\from_temp_staging__20260806\羽搧綸巾   经典酷黑   灵动版\company\ZTYY\688320.html|D:\Stock\trading_assistant\10_source_library_archive\batch_149_tdx_custom_terminal_external_folder_absorb__20260719\00_raw_snapshot\from_temp_staging__20260806\羽搧綸巾   经典酷黑   灵动版\company\ZTYY\688686.html
8923	3	3	D:\Stock\trading_assistant\10_source_library_archive\batch_149_tdx_custom_terminal_external_folder_absorb__20260719\00_raw_snapshot\from_temp_staging__20260806\羽搧綸巾   经典酷黑   灵动版\company\ZTYY\301302.html|D:\Stock\trading_assistant\10_source_library_archive\batch_149_tdx_custom_terminal_external_folder_absorb__20260719\00_raw_snapshot\from_temp_staging__20260806\羽搧綸巾   经典酷黑   灵动版\company\ZTYY\600217.html|D:\Stock\trading_assistant\10_source_library_archive\batch_149_tdx_custom_terminal_external_folder_absorb__20260719\00_raw_snapshot\from_temp_staging__20260806\羽搧綸巾   经典酷黑   灵动版\company\ZTYY\600539.html
6066	3	3	D:\Stock\trading_assistant\10_source_library_archive\batch_149_tdx_custom_terminal_external_folder_absorb__20260719\00_raw_snapshot\from_temp_staging__20260806\羽搧綸巾   经典酷黑   灵动版\company\ZTYY\002588.html|D:\Stock\trading_assistant\10_source_library_archive\batch_149_tdx_custom_terminal_external_folder_absorb__20260719\00_raw_snapshot\from_temp_staging__20260806\羽搧綸巾   经典酷黑   灵动版\company\ZTYY\300623.html|D:\Stock\trading_assistant\10_source_library_archive\batch_149_tdx_custom_terminal_external_folder_absorb__20260719\00_raw_snapshot\from_temp_staging__20260806\羽搧綸巾   经典酷黑   灵动版\company\ZTYY\600694.html
10789	3	3	D:\Stock\trading_assistant\10_source_library_archive\batch_149_tdx_custom_terminal_external_folder_absorb__20260719\00_raw_snapshot\from_temp_staging__20260806\羽搧綸巾   经典酷黑   灵动版\company\ZTYY\002591.html|D:\Stock\trading_assistant\10_source_library_archive\batch_149_tdx_custom_terminal_external_folder_absorb__20260719\00_raw_snapshot\from_temp_staging__20260806\羽搧綸巾   经典酷黑   灵动版\company\ZTYY\603556.html|D:\Stock\trading_assistant\10_source_library_archive\batch_149_tdx_custom_terminal_external_folder_absorb__20260719\00_raw_snapshot\from_temp_staging__20260806\羽搧綸巾   经典酷黑   灵动版\company\ZTYY\605589.html
9041	3	3	D:\Stock\trading_assistant\10_source_library_archive\batch_149_tdx_custom_terminal_external_folder_absorb__20260719\00_raw_snapshot\from_temp_staging__20260806\羽搧綸巾   经典酷黑   灵动版\company\ZTYY\000020.html|D:\Stock\trading_assistant\10_source_library_archive\batch_149_tdx_custom_terminal_external_folder_absorb__20260719\00_raw_snapshot\from_temp_staging__20260806\羽搧綸巾   经典酷黑   灵动版\company\ZTYY\002012.html|D:\Stock\trading_assistant\10_source_library_archive\batch_149_tdx_custom_terminal_external_folder_absorb__20260719\00_raw_snapshot\from_temp_staging__20260806\羽搧綸巾   经典酷黑   灵动版\company\ZTYY\600516.html
3466	3	3	D:\Stock\trading_assistant\10_source_library_archive\batch_149_tdx_custom_terminal_external_folder_absorb__20260719\00_raw_snapshot\from_temp_staging__20260806\羽搧綸巾   经典酷黑   灵动版\company\ZTYY\301278.html|D:\Stock\trading_assistant\10_source_library_archive\batch_149_tdx_custom_terminal_external_folder_absorb__20260719\00_raw_snapshot\from_temp_staging__20260806\羽搧綸巾   经典酷黑   灵动版\company\ZTYY\600652.html|D:\Stock\trading_assistant\10_source_library_archive\batch_149_tdx_custom_terminal_external_folder_absorb__20260719\00_raw_snapshot\from_temp_staging__20260806\羽搧綸巾   经典酷黑   灵动版\company\ZTYY\837212.html
8824	3	3	D:\Stock\trading_assistant\10_source_library_archive\batch_149_tdx_custom_terminal_external_folder_absorb__20260719\00_raw_snapshot\from_temp_staging__20260806\羽搧綸巾   经典酷黑   灵动版\company\ZTYY\301297.html|D:\Stock\trading_assistant\10_source_library_archive\batch_149_tdx_custom_terminal_external_folder_absorb__20260719\00_raw_snapshot\from_temp_staging__20260806\羽搧綸巾   经典酷黑   灵动版\company\ZTYY\600500.html|D:\Stock\trading_assistant\10_source_library_archive\batch_149_tdx_custom_terminal_external_folder_absorb__20260719\00_raw_snapshot\from_temp_staging__20260806\羽搧綸巾   经典酷黑   灵动版\company\ZTYY\603223.html
11533	3	3	D:\Stock\trading_assistant\10_source_library_archive\batch_149_tdx_custom_terminal_external_folder_absorb__20260719\00_raw_snapshot\from_temp_staging__20260806\羽搧綸巾   经典酷黑   灵动版\company\ZTYY\002593.html|D:\Stock\trading_assistant\10_source_library_archive\batch_149_tdx_custom_terminal_external_folder_absorb__20260719\00_raw_snapshot\from_temp_staging__20260806\羽搧綸巾   经典酷黑   灵动版\company\ZTYY\002629.html|D:\Stock\trading_assistant\10_source_library_archive\batch_149_tdx_custom_terminal_external_folder_absorb__20260719\00_raw_snapshot\from_temp_staging__20260806\羽搧綸巾   经典酷黑   灵动版\company\ZTYY\601113.html
6817	3	3	D:\Stock\trading_assistant\10_source_library_archive\batch_149_tdx_custom_terminal_external_folder_absorb__20260719\00_raw_snapshot\from_temp_staging__20260806\羽搧綸巾   经典酷黑   灵动版\company\ZTYY\002366.html|D:\Stock\trading_assistant\10_source_library_archive\batch_149_tdx_custom_terminal_external_folder_absorb__20260719\00_raw_snapshot\from_temp_staging__20260806\羽搧綸巾   经典酷黑   灵动版\company\ZTYY\300810.html|D:\Stock\trading_assistant\10_source_library_archive\batch_149_tdx_custom_terminal_external_folder_absorb__20260719\00_raw_snapshot\from_temp_staging__20260806\羽搧綸巾   经典酷黑   灵动版\company\ZTYY\600861.html
10024	3	3	D:\Stock\trading_assistant\10_source_library_archive\batch_149_tdx_custom_terminal_external_folder_absorb__20260719\00_raw_snapshot\from_temp_staging__20260806\羽搧綸巾   经典酷黑   灵动版\company\ZTYY\002613.html|D:\Stock\trading_assistant\10_source_library_archive\batch_149_tdx_custom_terminal_external_folder_absorb__20260719\00_raw_snapshot\from_temp_staging__20260806\羽搧綸巾   经典酷黑   灵动版\company\ZTYY\601519.html|D:\Stock\trading_assistant\10_source_library_archive\batch_149_tdx_custom_terminal_external_folder_absorb__20260719\00_raw_snapshot\from_temp_staging__20260806\羽搧綸巾   经典酷黑   灵动版\company\ZTYY\603299.html
10213	3	3	D:\Stock\trading_assistant\10_source_library_archive\batch_149_tdx_custom_terminal_external_folder_absorb__20260719\00_raw_snapshot\from_temp_staging__20260806\羽搧綸巾   经典酷黑   灵动版\company\ZTYY\002358.html|D:\Stock\trading_assistant\10_source_library_archive\batch_149_tdx_custom_terminal_external_folder_absorb__20260719\00_raw_snapshot\from_temp_staging__20260806\羽搧綸巾   经典酷黑   灵动版\company\ZTYY\002753.html|D:\Stock\trading_assistant\10_source_library_archive\batch_149_tdx_custom_terminal_external_folder_absorb__20260719\00_raw_snapshot\from_temp_staging__20260806\羽搧綸巾   经典酷黑   灵动版\company\ZTYY\600822.html
7608	3	3	D:\Stock\trading_assistant\10_source_library_archive\batch_149_tdx_custom_terminal_external_folder_absorb__20260719\00_raw_snapshot\from_temp_staging__20260806\羽搧綸巾   经典酷黑   灵动版\company\ZTYY\300997.html|D:\Stock\trading_assistant\10_source_library_archive\batch_149_tdx_custom_terminal_external_folder_absorb__20260719\00_raw_snapshot\from_temp_staging__20260806\羽搧綸巾   经典酷黑   灵动版\company\ZTYY\603307.html|D:\Stock\trading_assistant\10_source_library_archive\batch_149_tdx_custom_terminal_external_folder_absorb__20260719\00_raw_snapshot\from_temp_staging__20260806\羽搧綸巾   经典酷黑   灵动版\company\ZTYY\603818.html
5477	3	3	D:\Stock\trading_assistant\10_source_library_archive\batch_149_tdx_custom_terminal_external_folder_absorb__20260719\00_raw_snapshot\from_temp_staging__20260806\羽搧綸巾   经典酷黑   灵动版\company\ZTYY\002603.html|D:\Stock\trading_assistant\10_source_library_archive\batch_149_tdx_custom_terminal_external_folder_absorb__20260719\00_raw_snapshot\from_temp_staging__20260806\羽搧綸巾   经典酷黑   灵动版\company\ZTYY\002627.html|D:\Stock\trading_assistant\10_source_library_archive\batch_149_tdx_custom_terminal_external_folder_absorb__20260719\00_raw_snapshot\from_temp_staging__20260806\羽搧綸巾   经典酷黑   灵动版\company\ZTYY\300417.html
9624	3	3	D:\Stock\trading_assistant\10_source_library_archive\batch_149_tdx_custom_terminal_external_folder_absorb__20260719\00_raw_snapshot\from_temp_staging__20260806\羽搧綸巾   经典酷黑   灵动版\company\ZTYY\002606.html|D:\Stock\trading_assistant\10_source_library_archive\batch_149_tdx_custom_terminal_external_folder_absorb__20260719\00_raw_snapshot\from_temp_staging__20260806\羽搧綸巾   经典酷黑   灵动版\company\ZTYY\002828.html|D:\Stock\trading_assistant\10_source_library_archive\batch_149_tdx_custom_terminal_external_folder_absorb__20260719\00_raw_snapshot\from_temp_staging__20260806\羽搧綸巾   经典酷黑   灵动版\company\ZTYY\600185.html
9043	3	3	D:\Stock\trading_assistant\10_source_library_archive\batch_149_tdx_custom_terminal_external_folder_absorb__20260719\00_raw_snapshot\from_temp_staging__20260806\羽搧綸巾   经典酷黑   灵动版\company\ZTYY\002486.html|D:\Stock\trading_assistant\10_source_library_archive\batch_149_tdx_custom_terminal_external_folder_absorb__20260719\00_raw_snapshot\from_temp_staging__20260806\羽搧綸巾   经典酷黑   灵动版\company\ZTYY\600316.html|D:\Stock\trading_assistant\10_source_library_archive\batch_149_tdx_custom_terminal_external_folder_absorb__20260719\00_raw_snapshot\from_temp_staging__20260806\羽搧綸巾   经典酷黑   灵动版\company\ZTYY\600533.html
1859	3	3	D:\Stock\trading_assistant\10_source_library_archive\batch_149_tdx_custom_terminal_external_folder_absorb__20260719\00_raw_snapshot\from_temp_staging__20260806\羽搧綸巾   经典酷黑   灵动版\company\ZTYY\301048.html|D:\Stock\trading_assistant\10_source_library_archive\batch_149_tdx_custom_terminal_external_folder_absorb__20260719\00_raw_snapshot\from_temp_staging__20260806\羽搧綸巾   经典酷黑   灵动版\company\ZTYY\301088.html|D:\Stock\trading_assistant\10_source_library_archive\batch_149_tdx_custom_terminal_external_folder_absorb__20260719\00_raw_snapshot\from_temp_staging__20260806\羽搧綸巾   经典酷黑   灵动版\company\ZTYY\688289.html
3525	3	3	D:\Stock\trading_assistant\10_source_library_archive\batch_149_tdx_custom_terminal_external_folder_absorb__20260719\00_raw_snapshot\from_temp_staging__20260806\羽搧綸巾   经典酷黑   灵动版\company\ZTYY\002475.html|D:\Stock\trading_assistant\10_source_library_archive\batch_149_tdx_custom_terminal_external_folder_absorb__20260719\00_raw_snapshot\from_temp_staging__20260806\羽搧綸巾   经典酷黑   灵动版\company\ZTYY\301235.html|D:\Stock\trading_assistant\10_source_library_archive\batch_149_tdx_custom_terminal_external_folder_absorb__20260719\00_raw_snapshot\from_temp_staging__20260806\羽搧綸巾   经典酷黑   灵动版\company\ZTYY\834021.html
12752	3	2	D:\Stock\trading_assistant\10_source_library_archive\batch_149_tdx_custom_terminal_external_folder_absorb__20260719\00_raw_snapshot\from_temp_staging__20260806\羽搧綸巾   经典酷黑   灵动版\company\ZTYY\000004.html|D:\Stock\trading_assistant\10_source_library_archive\batch_149_tdx_custom_terminal_external_folder_absorb__20260719\00_raw_snapshot\from_temp_staging__20260806\羽搧綸巾   经典酷黑   灵动版\company\直播.html|D:\Stock\trading_assistant\10_source_library_archive\batch_149_tdx_custom_terminal_external_folder_absorb__20260719\00_raw_snapshot\pages\直播.html
10395	3	3	D:\Stock\trading_assistant\10_source_library_archive\batch_149_tdx_custom_terminal_external_folder_absorb__20260719\00_raw_snapshot\from_temp_staging__20260806\羽搧綸巾   经典酷黑   灵动版\company\ZTYY\002501.html|D:\Stock\trading_assistant\10_source_library_archive\batch_149_tdx_custom_terminal_external_folder_absorb__20260719\00_raw_snapshot\from_temp_staging__20260806\羽搧綸巾   经典酷黑   灵动版\company\ZTYY\002823.html|D:\Stock\trading_assistant\10_source_library_archive\batch_149_tdx_custom_terminal_external_folder_absorb__20260719\00_raw_snapshot\from_temp_staging__20260806\羽搧綸巾   经典酷黑   灵动版\company\ZTYY\003038.html
3680	3	3	D:\Stock\trading_assistant\10_source_library_archive\batch_149_tdx_custom_terminal_external_folder_absorb__20260719\00_raw_snapshot\from_temp_staging__20260806\羽搧綸巾   经典酷黑   灵动版\company\ZTYY\000005.html|D:\Stock\trading_assistant\10_source_library_archive\batch_149_tdx_custom_terminal_external_folder_absorb__20260719\00_raw_snapshot\from_temp_staging__20260806\羽搧綸巾   经典酷黑   灵动版\company\ZTYY\301025.html|D:\Stock\trading_assistant\10_source_library_archive\batch_149_tdx_custom_terminal_external_folder_absorb__20260719\00_raw_snapshot\from_temp_staging__20260806\羽搧綸巾   经典酷黑   灵动版\company\ZTYY\688275.html
3273	3	3	D:\Stock\trading_assistant\10_source_library_archive\batch_149_tdx_custom_terminal_external_folder_absorb__20260719\00_raw_snapshot\from_temp_staging__20260806\羽搧綸巾   经典酷黑   灵动版\company\ZTYY\300393.html|D:\Stock\trading_assistant\10_source_library_archive\batch_149_tdx_custom_terminal_external_folder_absorb__20260719\00_raw_snapshot\from_temp_staging__20260806\羽搧綸巾   经典酷黑   灵动版\company\ZTYY\300683.html|D:\Stock\trading_assistant\10_source_library_archive\batch_149_tdx_custom_terminal_external_folder_absorb__20260719\00_raw_snapshot\from_temp_staging__20260806\羽搧綸巾   经典酷黑   灵动版\company\ZTYY\872374.html
9175	3	3	D:\Stock\trading_assistant\10_source_library_archive\batch_149_tdx_custom_terminal_external_folder_absorb__20260719\00_raw_snapshot\from_temp_staging__20260806\羽搧綸巾   经典酷黑   灵动版\company\ZTYY\002427.html|D:\Stock\trading_assistant\10_source_library_archive\batch_149_tdx_custom_terminal_external_folder_absorb__20260719\00_raw_snapshot\from_temp_staging__20260806\羽搧綸巾   经典酷黑   灵动版\company\ZTYY\600053.html|D:\Stock\trading_assistant\10_source_library_archive\batch_149_tdx_custom_terminal_external_folder_absorb__20260719\00_raw_snapshot\from_temp_staging__20260806\羽搧綸巾   经典酷黑   灵动版\company\ZTYY\603903.html
10025	3	3	D:\Stock\trading_assistant\10_source_library_archive\batch_149_tdx_custom_terminal_external_folder_absorb__20260719\00_raw_snapshot\from_temp_staging__20260806\羽搧綸巾   经典酷黑   灵动版\company\ZTYY\002424.html|D:\Stock\trading_assistant\10_source_library_archive\batch_149_tdx_custom_terminal_external_folder_absorb__20260719\00_raw_snapshot\from_temp_staging__20260806\羽搧綸巾   经典酷黑   灵动版\company\ZTYY\002577.html|D:\Stock\trading_assistant\10_source_library_archive\batch_149_tdx_custom_terminal_external_folder_absorb__20260719\00_raw_snapshot\from_temp_staging__20260806\羽搧綸巾   经典酷黑   灵动版\company\ZTYY\603096.html
13215	3	3	D:\Stock\trading_assistant\10_source_library_archive\batch_149_tdx_custom_terminal_external_folder_absorb__20260719\00_raw_snapshot\from_temp_staging__20260806\羽搧綸巾   经典酷黑   灵动版\company\ZTYY\002401.html|D:\Stock\trading_assistant\10_source_library_archive\batch_149_tdx_custom_terminal_external_folder_absorb__20260719\00_raw_snapshot\from_temp_staging__20260806\羽搧綸巾   经典酷黑   灵动版\company\ZTYY\600327.html|D:\Stock\trading_assistant\10_source_library_archive\batch_149_tdx_custom_terminal_external_folder_absorb__20260719\00_raw_snapshot\from_temp_staging__20260806\羽搧綸巾   经典酷黑   灵动版\company\ZTYY\600405.html
3207	3	3	D:\Stock\trading_assistant\10_source_library_archive\batch_149_tdx_custom_terminal_external_folder_absorb__20260719\00_raw_snapshot\from_temp_staging__20260806\羽搧綸巾   经典酷黑   灵动版\company\ZTYY\002555.html|D:\Stock\trading_assistant\10_source_library_archive\batch_149_tdx_custom_terminal_external_folder_absorb__20260719\00_raw_snapshot\from_temp_staging__20260806\羽搧綸巾   经典酷黑   灵动版\company\ZTYY\688390.html|D:\Stock\trading_assistant\10_source_library_archive\batch_149_tdx_custom_terminal_external_folder_absorb__20260719\00_raw_snapshot\from_temp_staging__20260806\羽搧綸巾   经典酷黑   灵动版\company\ZTYY\873305.html
11303	3	3	D:\Stock\trading_assistant\10_source_library_archive\batch_149_tdx_custom_terminal_external_folder_absorb__20260719\00_raw_snapshot\from_temp_staging__20260806\羽搧綸巾   经典酷黑   灵动版\company\ZTYY\002556.html|D:\Stock\trading_assistant\10_source_library_archive\batch_149_tdx_custom_terminal_external_folder_absorb__20260719\00_raw_snapshot\from_temp_staging__20260806\羽搧綸巾   经典酷黑   灵动版\company\ZTYY\600475.html|D:\Stock\trading_assistant\10_source_library_archive\batch_149_tdx_custom_terminal_external_folder_absorb__20260719\00_raw_snapshot\from_temp_staging__20260806\羽搧綸巾   经典酷黑   灵动版\company\ZTYY\600834.html
1423	3	3	D:\Stock\trading_assistant\10_source_library_archive\batch_149_tdx_custom_terminal_external_folder_absorb__20260719\00_raw_snapshot\from_temp_staging__20260806\羽搧綸巾   经典酷黑   灵动版\jspages\web-center\information.html|D:\Stock\trading_assistant\10_source_library_archive\batch_149_tdx_custom_terminal_external_folder_absorb__20260719\00_raw_snapshot\from_temp_staging__20260806\羽搧綸巾   经典酷黑   灵动版\jspages\web-center\invite-page.html|D:\Stock\trading_assistant\10_source_library_archive\batch_149_tdx_custom_terminal_external_folder_absorb__20260719\00_raw_snapshot\from_temp_staging__20260806\羽搧綸巾   经典酷黑   灵动版\jspages\web-center\qrcode-page.html
8805	3	3	D:\Stock\trading_assistant\10_source_library_archive\batch_149_tdx_custom_terminal_external_folder_absorb__20260719\00_raw_snapshot\from_temp_staging__20260806\羽搧綸巾   经典酷黑   灵动版\company\ZTYY\002619.html|D:\Stock\trading_assistant\10_source_library_archive\batch_149_tdx_custom_terminal_external_folder_absorb__20260719\00_raw_snapshot\from_temp_staging__20260806\羽搧綸巾   经典酷黑   灵动版\company\ZTYY\600812.html|D:\Stock\trading_assistant\10_source_library_archive\batch_149_tdx_custom_terminal_external_folder_absorb__20260719\00_raw_snapshot\from_temp_staging__20260806\羽搧綸巾   经典酷黑   灵动版\company\ZTYY\603122.html
7005	3	3	D:\Stock\trading_assistant\10_source_library_archive\batch_149_tdx_custom_terminal_external_folder_absorb__20260719\00_raw_snapshot\from_temp_staging__20260806\羽搧綸巾   经典酷黑   灵动版\company\ZTYY\002738.html|D:\Stock\trading_assistant\10_source_library_archive\batch_149_tdx_custom_terminal_external_folder_absorb__20260719\00_raw_snapshot\from_temp_staging__20260806\羽搧綸巾   经典酷黑   灵动版\company\ZTYY\600146.html|D:\Stock\trading_assistant\10_source_library_archive\batch_149_tdx_custom_terminal_external_folder_absorb__20260719\00_raw_snapshot\from_temp_staging__20260806\羽搧綸巾   经典酷黑   灵动版\company\ZTYY\600488.html
10069	3	3	D:\Stock\trading_assistant\10_source_library_archive\batch_149_tdx_custom_terminal_external_folder_absorb__20260719\00_raw_snapshot\from_temp_staging__20260806\羽搧綸巾   经典酷黑   灵动版\company\ZTYY\002743.html|D:\Stock\trading_assistant\10_source_library_archive\batch_149_tdx_custom_terminal_external_folder_absorb__20260719\00_raw_snapshot\from_temp_staging__20260806\羽搧綸巾   经典酷黑   灵动版\company\ZTYY\605080.html|D:\Stock\trading_assistant\10_source_library_archive\batch_149_tdx_custom_terminal_external_folder_absorb__20260719\00_raw_snapshot\from_temp_staging__20260806\羽搧綸巾   经典酷黑   灵动版\company\主题机会.html
8533	3	3	D:\Stock\trading_assistant\10_source_library_archive\batch_149_tdx_custom_terminal_external_folder_absorb__20260719\00_raw_snapshot\from_temp_staging__20260806\羽搧綸巾   经典酷黑   灵动版\company\ZTYY\002751.html|D:\Stock\trading_assistant\10_source_library_archive\batch_149_tdx_custom_terminal_external_folder_absorb__20260719\00_raw_snapshot\from_temp_staging__20260806\羽搧綸巾   经典酷黑   灵动版\company\ZTYY\003012.html|D:\Stock\trading_assistant\10_source_library_archive\batch_149_tdx_custom_terminal_external_folder_absorb__20260719\00_raw_snapshot\from_temp_staging__20260806\羽搧綸巾   经典酷黑   灵动版\company\ZTYY\603025.html
6306	3	3	D:\Stock\trading_assistant\10_source_library_archive\batch_149_tdx_custom_terminal_external_folder_absorb__20260719\00_raw_snapshot\from_temp_staging__20260806\羽搧綸巾   经典酷黑   灵动版\company\ZTYY\000027.html|D:\Stock\trading_assistant\10_source_library_archive\batch_149_tdx_custom_terminal_external_folder_absorb__20260719\00_raw_snapshot\from_temp_staging__20260806\羽搧綸巾   经典酷黑   灵动版\company\ZTYY\600260.html|D:\Stock\trading_assistant\10_source_library_archive\batch_149_tdx_custom_terminal_external_folder_absorb__20260719\00_raw_snapshot\from_temp_staging__20260806\羽搧綸巾   经典酷黑   灵动版\company\ZTYY\603055.html
10898	3	3	D:\Stock\trading_assistant\10_source_library_archive\batch_149_tdx_custom_terminal_external_folder_absorb__20260719\00_raw_snapshot\from_temp_staging__20260806\羽搧綸巾   经典酷黑   灵动版\company\ZTYY\002716.html|D:\Stock\trading_assistant\10_source_library_archive\batch_149_tdx_custom_terminal_external_folder_absorb__20260719\00_raw_snapshot\from_temp_staging__20260806\羽搧綸巾   经典酷黑   灵动版\company\ZTYY\002903.html|D:\Stock\trading_assistant\10_source_library_archive\batch_149_tdx_custom_terminal_external_folder_absorb__20260719\00_raw_snapshot\from_temp_staging__20260806\羽搧綸巾   经典酷黑   灵动版\company\ZTYY\601126.html
1661	3	3	D:\Stock\trading_assistant\10_source_library_archive\batch_149_tdx_custom_terminal_external_folder_absorb__20260719\00_raw_snapshot\from_temp_staging__20260806\羽搧綸巾   经典酷黑   灵动版\company\ZTYY\300911.html|D:\Stock\trading_assistant\10_source_library_archive\batch_149_tdx_custom_terminal_external_folder_absorb__20260719\00_raw_snapshot\from_temp_staging__20260806\羽搧綸巾   经典酷黑   灵动版\company\ZTYY\600004.html|D:\Stock\trading_assistant\10_source_library_archive\batch_149_tdx_custom_terminal_external_folder_absorb__20260719\00_raw_snapshot\from_temp_staging__20260806\羽搧綸巾   经典酷黑   灵动版\company\ZTYY\838837.html
1880	3	3	D:\Stock\trading_assistant\10_source_library_archive\batch_149_tdx_custom_terminal_external_folder_absorb__20260719\00_raw_snapshot\from_temp_staging__20260806\羽搧綸巾   经典酷黑   灵动版\company\ZTYY\300893.html|D:\Stock\trading_assistant\10_source_library_archive\batch_149_tdx_custom_terminal_external_folder_absorb__20260719\00_raw_snapshot\from_temp_staging__20260806\羽搧綸巾   经典酷黑   灵动版\company\ZTYY\688155.html|D:\Stock\trading_assistant\10_source_library_archive\batch_149_tdx_custom_terminal_external_folder_absorb__20260719\00_raw_snapshot\from_temp_staging__20260806\羽搧綸巾   经典酷黑   灵动版\company\ZTYY\688160.html
9407	3	3	D:\Stock\trading_assistant\10_source_library_archive\batch_149_tdx_custom_terminal_external_folder_absorb__20260719\00_raw_snapshot\from_temp_staging__20260806\羽搧綸巾   经典酷黑   灵动版\company\ZTYY\002152.html|D:\Stock\trading_assistant\10_source_library_archive\batch_149_tdx_custom_terminal_external_folder_absorb__20260719\00_raw_snapshot\from_temp_staging__20260806\羽搧綸巾   经典酷黑   灵动版\company\ZTYY\603356.html|D:\Stock\trading_assistant\10_source_library_archive\batch_149_tdx_custom_terminal_external_folder_absorb__20260719\00_raw_snapshot\from_temp_staging__20260806\羽搧綸巾   经典酷黑   灵动版\company\ZTYY\605298.html
3850	3	3	D:\Stock\trading_assistant\10_source_library_archive\batch_149_tdx_custom_terminal_external_folder_absorb__20260719\00_raw_snapshot\from_temp_staging__20260806\羽搧綸巾   经典酷黑   灵动版\company\ZTYY\300854.html|D:\Stock\trading_assistant\10_source_library_archive\batch_149_tdx_custom_terminal_external_folder_absorb__20260719\00_raw_snapshot\from_temp_staging__20260806\羽搧綸巾   经典酷黑   灵动版\company\ZTYY\301167.html|D:\Stock\trading_assistant\10_source_library_archive\batch_149_tdx_custom_terminal_external_folder_absorb__20260719\00_raw_snapshot\from_temp_staging__20260806\羽搧綸巾   经典酷黑   灵动版\company\ZTYY\688157.html
7159	3	3	D:\Stock\trading_assistant\10_source_library_archive\batch_149_tdx_custom_terminal_external_folder_absorb__20260719\00_raw_snapshot\from_temp_staging__20260806\羽搧綸巾   经典酷黑   灵动版\company\ZTYY\002797.html|D:\Stock\trading_assistant\10_source_library_archive\batch_149_tdx_custom_terminal_external_folder_absorb__20260719\00_raw_snapshot\from_temp_staging__20260806\羽搧綸巾   经典酷黑   灵动版\company\ZTYY\300805.html|D:\Stock\trading_assistant\10_source_library_archive\batch_149_tdx_custom_terminal_external_folder_absorb__20260719\00_raw_snapshot\from_temp_staging__20260806\羽搧綸巾   经典酷黑   灵动版\company\ZTYY\301192.html
10767	3	3	D:\Stock\trading_assistant\10_source_library_archive\batch_149_tdx_custom_terminal_external_folder_absorb__20260719\00_raw_snapshot\from_temp_staging__20260806\羽搧綸巾   经典酷黑   灵动版\company\ZTYY\002195.html|D:\Stock\trading_assistant\10_source_library_archive\batch_149_tdx_custom_terminal_external_folder_absorb__20260719\00_raw_snapshot\from_temp_staging__20260806\羽搧綸巾   经典酷黑   灵动版\company\ZTYY\002819.html|D:\Stock\trading_assistant\10_source_library_archive\batch_149_tdx_custom_terminal_external_folder_absorb__20260719\00_raw_snapshot\from_temp_staging__20260806\羽搧綸巾   经典酷黑   灵动版\company\ZTYY\605258.html
9835	3	3	D:\Stock\trading_assistant\10_source_library_archive\batch_149_tdx_custom_terminal_external_folder_absorb__20260719\00_raw_snapshot\from_temp_staging__20260806\羽搧綸巾   经典酷黑   灵动版\company\ZTYY\600178.html|D:\Stock\trading_assistant\10_source_library_archive\batch_149_tdx_custom_terminal_external_folder_absorb__20260719\00_raw_snapshot\from_temp_staging__20260806\羽搧綸巾   经典酷黑   灵动版\company\ZTYY\600876.html|D:\Stock\trading_assistant\10_source_library_archive\batch_149_tdx_custom_terminal_external_folder_absorb__20260719\00_raw_snapshot\from_temp_staging__20260806\羽搧綸巾   经典酷黑   灵动版\company\ZTYY\601811.html
10864	3	3	D:\Stock\trading_assistant\10_source_library_archive\batch_149_tdx_custom_terminal_external_folder_absorb__20260719\00_raw_snapshot\from_temp_staging__20260806\羽搧綸巾   经典酷黑   灵动版\company\ZTYY\002766.html|D:\Stock\trading_assistant\10_source_library_archive\batch_149_tdx_custom_terminal_external_folder_absorb__20260719\00_raw_snapshot\from_temp_staging__20260806\羽搧綸巾   经典酷黑   灵动版\company\ZTYY\600202.html|D:\Stock\trading_assistant\10_source_library_archive\batch_149_tdx_custom_terminal_external_folder_absorb__20260719\00_raw_snapshot\from_temp_staging__20260806\羽搧綸巾   经典酷黑   灵动版\company\ZTYY\600579.html
10610	3	3	D:\Stock\trading_assistant\10_source_library_archive\batch_149_tdx_custom_terminal_external_folder_absorb__20260719\00_raw_snapshot\from_temp_staging__20260806\羽搧綸巾   经典酷黑   灵动版\company\ZTYY\002310.html|D:\Stock\trading_assistant\10_source_library_archive\batch_149_tdx_custom_terminal_external_folder_absorb__20260719\00_raw_snapshot\from_temp_staging__20260806\羽搧綸巾   经典酷黑   灵动版\company\ZTYY\002997.html|D:\Stock\trading_assistant\10_source_library_archive\batch_149_tdx_custom_terminal_external_folder_absorb__20260719\00_raw_snapshot\from_temp_staging__20260806\羽搧綸巾   经典酷黑   灵动版\company\ZTYY\603239.html
9051	3	3	D:\Stock\trading_assistant\10_source_library_archive\batch_149_tdx_custom_terminal_external_folder_absorb__20260719\00_raw_snapshot\from_temp_staging__20260806\羽搧綸巾   经典酷黑   灵动版\company\ZTYY\002652.html|D:\Stock\trading_assistant\10_source_library_archive\batch_149_tdx_custom_terminal_external_folder_absorb__20260719\00_raw_snapshot\from_temp_staging__20260806\羽搧綸巾   经典酷黑   灵动版\company\ZTYY\600508.html|D:\Stock\trading_assistant\10_source_library_archive\batch_149_tdx_custom_terminal_external_folder_absorb__20260719\00_raw_snapshot\from_temp_staging__20260806\羽搧綸巾   经典酷黑   灵动版\company\ZTYY\601107.html
1433	3	3	D:\Stock\trading_assistant\10_source_library_archive\batch_149_tdx_custom_terminal_external_folder_absorb__20260719\00_raw_snapshot\from_temp_staging__20260806\羽搧綸巾   经典酷黑   灵动版\jspages\web-center\bind-sfqq-iframe.html|D:\Stock\trading_assistant\10_source_library_archive\batch_149_tdx_custom_terminal_external_folder_absorb__20260719\00_raw_snapshot\from_temp_staging__20260806\羽搧綸巾   经典酷黑   灵动版\jspages\web-center\bind-sfwx-iframe.html|D:\Stock\trading_assistant\10_source_library_archive\batch_149_tdx_custom_terminal_external_folder_absorb__20260719\00_raw_snapshot\from_temp_staging__20260806\羽搧綸巾   经典酷黑   灵动版\jspages\web-center\icon-click-forPC.html
1749	3	3	D:\Stock\trading_assistant\10_source_library_archive\batch_149_tdx_custom_terminal_external_folder_absorb__20260719\00_raw_snapshot\from_temp_staging__20260806\羽搧綸巾   经典酷黑   灵动版\company\ZTYY\002352.html|D:\Stock\trading_assistant\10_source_library_archive\batch_149_tdx_custom_terminal_external_folder_absorb__20260719\00_raw_snapshot\from_temp_staging__20260806\羽搧綸巾   经典酷黑   灵动版\company\ZTYY\601225.html|D:\Stock\trading_assistant\10_source_library_archive\batch_149_tdx_custom_terminal_external_folder_absorb__20260719\00_raw_snapshot\from_temp_staging__20260806\羽搧綸巾   经典酷黑   灵动版\company\同花顺板块掘金.html
9866	3	3	D:\Stock\trading_assistant\10_source_library_archive\batch_149_tdx_custom_terminal_external_folder_absorb__20260719\00_raw_snapshot\from_temp_staging__20260806\羽搧綸巾   经典酷黑   灵动版\company\ZTYY\002339.html|D:\Stock\trading_assistant\10_source_library_archive\batch_149_tdx_custom_terminal_external_folder_absorb__20260719\00_raw_snapshot\from_temp_staging__20260806\羽搧綸巾   经典酷黑   灵动版\company\ZTYY\002912.html|D:\Stock\trading_assistant\10_source_library_archive\batch_149_tdx_custom_terminal_external_folder_absorb__20260719\00_raw_snapshot\from_temp_staging__20260806\羽搧綸巾   经典酷黑   灵动版\company\ZTYY\605098.html
4695	3	3	D:\Stock\trading_assistant\10_source_library_archive\batch_149_tdx_custom_terminal_external_folder_absorb__20260719\00_raw_snapshot\from_temp_staging__20260806\羽搧綸巾   经典酷黑   灵动版\company\ZTYY\300984.html|D:\Stock\trading_assistant\10_source_library_archive\batch_149_tdx_custom_terminal_external_folder_absorb__20260719\00_raw_snapshot\from_temp_staging__20260806\羽搧綸巾   经典酷黑   灵动版\company\ZTYY\600038.html|D:\Stock\trading_assistant\10_source_library_archive\batch_149_tdx_custom_terminal_external_folder_absorb__20260719\00_raw_snapshot\from_temp_staging__20260806\羽搧綸巾   经典酷黑   灵动版\company\ZTYY\688047.html
11287	3	3	D:\Stock\trading_assistant\10_source_library_archive\batch_149_tdx_custom_terminal_external_folder_absorb__20260719\00_raw_snapshot\from_temp_staging__20260806\羽搧綸巾   经典酷黑   灵动版\company\ZTYY\002676.html|D:\Stock\trading_assistant\10_source_library_archive\batch_149_tdx_custom_terminal_external_folder_absorb__20260719\00_raw_snapshot\from_temp_staging__20260806\羽搧綸巾   经典酷黑   灵动版\company\ZTYY\603085.html|D:\Stock\trading_assistant\10_source_library_archive\batch_149_tdx_custom_terminal_external_folder_absorb__20260719\00_raw_snapshot\from_temp_staging__20260806\羽搧綸巾   经典酷黑   灵动版\company\ZTYY\603669.html
8581	3	3	D:\Stock\trading_assistant\10_source_library_archive\batch_149_tdx_custom_terminal_external_folder_absorb__20260719\00_raw_snapshot\from_temp_staging__20260806\羽搧綸巾   经典酷黑   灵动版\company\ZTYY\002707.html|D:\Stock\trading_assistant\10_source_library_archive\batch_149_tdx_custom_terminal_external_folder_absorb__20260719\00_raw_snapshot\from_temp_staging__20260806\羽搧綸巾   经典酷黑   灵动版\company\ZTYY\003043.html|D:\Stock\trading_assistant\10_source_library_archive\batch_149_tdx_custom_terminal_external_folder_absorb__20260719\00_raw_snapshot\from_temp_staging__20260806\羽搧綸巾   经典酷黑   灵动版\company\ZTYY\605208.html
7918	3	3	D:\Stock\trading_assistant\10_source_library_archive\batch_149_tdx_custom_terminal_external_folder_absorb__20260719\00_raw_snapshot\from_temp_staging__20260806\羽搧綸巾   经典酷黑   灵动版\company\ZTYY\600060.html|D:\Stock\trading_assistant\10_source_library_archive\batch_149_tdx_custom_terminal_external_folder_absorb__20260719\00_raw_snapshot\from_temp_staging__20260806\羽搧綸巾   经典酷黑   灵动版\company\ZTYY\600734.html|D:\Stock\trading_assistant\10_source_library_archive\batch_149_tdx_custom_terminal_external_folder_absorb__20260719\00_raw_snapshot\from_temp_staging__20260806\羽搧綸巾   经典酷黑   灵动版\company\ZTYY\603822.html
2291	3	3	D:\Stock\trading_assistant\10_source_library_archive\batch_149_tdx_custom_terminal_external_folder_absorb__20260719\00_raw_snapshot\from_temp_staging__20260806\羽搧綸巾   经典酷黑   灵动版\company\ZTYY\002711.html|D:\Stock\trading_assistant\10_source_library_archive\batch_149_tdx_custom_terminal_external_folder_absorb__20260719\00_raw_snapshot\from_temp_staging__20260806\羽搧綸巾   经典酷黑   灵动版\company\ZTYY\688586.html|D:\Stock\trading_assistant\10_source_library_archive\batch_149_tdx_custom_terminal_external_folder_absorb__20260719\00_raw_snapshot\from_temp_staging__20260806\羽搧綸巾   经典酷黑   灵动版\company\ZTYY\833580.html
2103	3	3	D:\Stock\trading_assistant\10_source_library_archive\batch_149_tdx_custom_terminal_external_folder_absorb__20260719\00_raw_snapshot\from_temp_staging__20260806\羽搧綸巾   经典酷黑   灵动版\company\ZTYY\600017.html|D:\Stock\trading_assistant\10_source_library_archive\batch_149_tdx_custom_terminal_external_folder_absorb__20260719\00_raw_snapshot\from_temp_staging__20260806\羽搧綸巾   经典酷黑   灵动版\company\ZTYY\688312.html|D:\Stock\trading_assistant\10_source_library_archive\batch_149_tdx_custom_terminal_external_folder_absorb__20260719\00_raw_snapshot\from_temp_staging__20260806\羽搧綸巾   经典酷黑   灵动版\company\ZTYY\870299.html
2207	3	3	D:\Stock\trading_assistant\10_source_library_archive\batch_149_tdx_custom_terminal_external_folder_absorb__20260719\00_raw_snapshot\from_temp_staging__20260806\羽搧綸巾   经典酷黑   灵动版\company\ZTYY\600022.html|D:\Stock\trading_assistant\10_source_library_archive\batch_149_tdx_custom_terminal_external_folder_absorb__20260719\00_raw_snapshot\from_temp_staging__20260806\羽搧綸巾   经典酷黑   灵动版\company\ZTYY\688035.html|D:\Stock\trading_assistant\10_source_library_archive\batch_149_tdx_custom_terminal_external_folder_absorb__20260719\00_raw_snapshot\from_temp_staging__20260806\羽搧綸巾   经典酷黑   灵动版\company\ZTYY\688367.html
7665	3	3	D:\Stock\trading_assistant\10_source_library_archive\batch_149_tdx_custom_terminal_external_folder_absorb__20260719\00_raw_snapshot\from_temp_staging__20260806\羽搧綸巾   经典酷黑   灵动版\company\ZTYY\002706.html|D:\Stock\trading_assistant\10_source_library_archive\batch_149_tdx_custom_terminal_external_folder_absorb__20260719\00_raw_snapshot\from_temp_staging__20260806\羽搧綸巾   经典酷黑   灵动版\company\ZTYY\301161.html|D:\Stock\trading_assistant\10_source_library_archive\batch_149_tdx_custom_terminal_external_folder_absorb__20260719\00_raw_snapshot\from_temp_staging__20260806\羽搧綸巾   经典酷黑   灵动版\company\ZTYY\603207.html
2002	3	3	D:\Stock\trading_assistant\10_source_library_archive\batch_149_tdx_custom_terminal_external_folder_absorb__20260719\00_raw_snapshot\from_temp_staging__20260806\羽搧綸巾   经典酷黑   灵动版\company\ZTYY\300583.html|D:\Stock\trading_assistant\10_source_library_archive\batch_149_tdx_custom_terminal_external_folder_absorb__20260719\00_raw_snapshot\from_temp_staging__20260806\羽搧綸巾   经典酷黑   灵动版\company\ZTYY\300970.html|D:\Stock\trading_assistant\10_source_library_archive\batch_149_tdx_custom_terminal_external_folder_absorb__20260719\00_raw_snapshot\from_temp_staging__20260806\羽搧綸巾   经典酷黑   灵动版\company\ZTYY\839371.html
11005	3	3	D:\Stock\trading_assistant\10_source_library_archive\batch_149_tdx_custom_terminal_external_folder_absorb__20260719\00_raw_snapshot\from_temp_staging__20260806\羽搧綸巾   经典酷黑   灵动版\company\ZTYY\000586.html|D:\Stock\trading_assistant\10_source_library_archive\batch_149_tdx_custom_terminal_external_folder_absorb__20260719\00_raw_snapshot\from_temp_staging__20260806\羽搧綸巾   经典酷黑   灵动版\company\ZTYY\000970.html|D:\Stock\trading_assistant\10_source_library_archive\batch_149_tdx_custom_terminal_external_folder_absorb__20260719\00_raw_snapshot\from_temp_staging__20260806\羽搧綸巾   经典酷黑   灵动版\company\ZTYY\003005.html
10282	3	3	D:\Stock\trading_assistant\10_source_library_archive\batch_149_tdx_custom_terminal_external_folder_absorb__20260719\00_raw_snapshot\from_temp_staging__20260806\羽搧綸巾   经典酷黑   灵动版\company\ZTYY\000555.html|D:\Stock\trading_assistant\10_source_library_archive\batch_149_tdx_custom_terminal_external_folder_absorb__20260719\00_raw_snapshot\from_temp_staging__20260806\羽搧綸巾   经典酷黑   灵动版\company\ZTYY\002929.html|D:\Stock\trading_assistant\10_source_library_archive\batch_149_tdx_custom_terminal_external_folder_absorb__20260719\00_raw_snapshot\from_temp_staging__20260806\羽搧綸巾   经典酷黑   灵动版\company\ZTYY\600824.html
1687	3	3	D:\Stock\trading_assistant\10_source_library_archive\batch_149_tdx_custom_terminal_external_folder_absorb__20260719\00_raw_snapshot\from_temp_staging__20260806\羽搧綸巾   经典酷黑   灵动版\company\ZTYY\300258.html|D:\Stock\trading_assistant\10_source_library_archive\batch_149_tdx_custom_terminal_external_folder_absorb__20260719\00_raw_snapshot\from_temp_staging__20260806\羽搧綸巾   经典酷黑   灵动版\company\ZTYY\301029.html|D:\Stock\trading_assistant\10_source_library_archive\batch_149_tdx_custom_terminal_external_folder_absorb__20260719\00_raw_snapshot\from_temp_staging__20260806\羽搧綸巾   经典酷黑   灵动版\company\ZTYY\601919.html
1522	3	3	D:\Stock\trading_assistant\10_source_library_archive\batch_149_tdx_custom_terminal_external_folder_absorb__20260719\00_raw_snapshot\from_temp_staging__20260806\羽搧綸巾   经典酷黑   灵动版\company\ZTYY\300247.html|D:\Stock\trading_assistant\10_source_library_archive\batch_149_tdx_custom_terminal_external_folder_absorb__20260719\00_raw_snapshot\from_temp_staging__20260806\羽搧綸巾   经典酷黑   灵动版\company\ZTYY\601128.html|D:\Stock\trading_assistant\10_source_library_archive\batch_149_tdx_custom_terminal_external_folder_absorb__20260719\00_raw_snapshot\from_temp_staging__20260806\羽搧綸巾   经典酷黑   灵动版\company\ZTYY\831278.html
1534	3	3	D:\Stock\trading_assistant\10_source_library_archive\batch_149_tdx_custom_terminal_external_folder_absorb__20260719\00_raw_snapshot\from_temp_staging__20260806\羽搧綸巾   经典酷黑   灵动版\company\ZTYY\688096.html|D:\Stock\trading_assistant\10_source_library_archive\batch_149_tdx_custom_terminal_external_folder_absorb__20260719\00_raw_snapshot\from_temp_staging__20260806\羽搧綸巾   经典酷黑   灵动版\company\ZTYY\839719.html|D:\Stock\trading_assistant\10_source_library_archive\batch_149_tdx_custom_terminal_external_folder_absorb__20260719\00_raw_snapshot\from_temp_staging__20260806\羽搧綸巾   经典酷黑   灵动版\webs\simt\share.html
6772	3	3	D:\Stock\trading_assistant\10_source_library_archive\batch_149_tdx_custom_terminal_external_folder_absorb__20260719\00_raw_snapshot\from_temp_staging__20260806\羽搧綸巾   经典酷黑   灵动版\company\ZTYY\000806.html|D:\Stock\trading_assistant\10_source_library_archive\batch_149_tdx_custom_terminal_external_folder_absorb__20260719\00_raw_snapshot\from_temp_staging__20260806\羽搧綸巾   经典酷黑   灵动版\company\ZTYY\301230.html|D:\Stock\trading_assistant\10_source_library_archive\batch_149_tdx_custom_terminal_external_folder_absorb__20260719\00_raw_snapshot\from_temp_staging__20260806\羽搧綸巾   经典酷黑   灵动版\company\ZTYY\600810.html
10228	3	3	D:\Stock\trading_assistant\10_source_library_archive\batch_149_tdx_custom_terminal_external_folder_absorb__20260719\00_raw_snapshot\from_temp_staging__20260806\羽搧綸巾   经典酷黑   灵动版\company\ZTYY\000400.html|D:\Stock\trading_assistant\10_source_library_archive\batch_149_tdx_custom_terminal_external_folder_absorb__20260719\00_raw_snapshot\from_temp_staging__20260806\羽搧綸巾   经典酷黑   灵动版\company\ZTYY\002388.html|D:\Stock\trading_assistant\10_source_library_archive\batch_149_tdx_custom_terminal_external_folder_absorb__20260719\00_raw_snapshot\from_temp_staging__20260806\羽搧綸巾   经典酷黑   灵动版\company\ZTYY\600546.html
1915	3	3	D:\Stock\trading_assistant\10_source_library_archive\batch_149_tdx_custom_terminal_external_folder_absorb__20260719\00_raw_snapshot\from_temp_staging__20260806\羽搧綸巾   经典酷黑   灵动版\company\ZTYY\300138.html|D:\Stock\trading_assistant\10_source_library_archive\batch_149_tdx_custom_terminal_external_folder_absorb__20260719\00_raw_snapshot\from_temp_staging__20260806\羽搧綸巾   经典酷黑   灵动版\company\ZTYY\688561.html|D:\Stock\trading_assistant\10_source_library_archive\batch_149_tdx_custom_terminal_external_folder_absorb__20260719\00_raw_snapshot\from_temp_staging__20260806\羽搧綸巾   经典酷黑   灵动版\company\ZTYY\870357.html
8383	3	3	D:\Stock\trading_assistant\10_source_library_archive\batch_149_tdx_custom_terminal_external_folder_absorb__20260719\00_raw_snapshot\from_temp_staging__20260806\羽搧綸巾   经典酷黑   灵动版\company\ZTYY\000541.html|D:\Stock\trading_assistant\10_source_library_archive\batch_149_tdx_custom_terminal_external_folder_absorb__20260719\00_raw_snapshot\from_temp_staging__20260806\羽搧綸巾   经典酷黑   灵动版\company\ZTYY\002838.html|D:\Stock\trading_assistant\10_source_library_archive\batch_149_tdx_custom_terminal_external_folder_absorb__20260719\00_raw_snapshot\from_temp_staging__20260806\羽搧綸巾   经典酷黑   灵动版\company\ZTYY\600433.html
1883	3	3	D:\Stock\trading_assistant\10_source_library_archive\batch_149_tdx_custom_terminal_external_folder_absorb__20260719\00_raw_snapshot\from_temp_staging__20260806\羽搧綸巾   经典酷黑   灵动版\company\ZTYY\300274.html|D:\Stock\trading_assistant\10_source_library_archive\batch_149_tdx_custom_terminal_external_folder_absorb__20260719\00_raw_snapshot\from_temp_staging__20260806\羽搧綸巾   经典酷黑   灵动版\company\ZTYY\301327.html|D:\Stock\trading_assistant\10_source_library_archive\batch_149_tdx_custom_terminal_external_folder_absorb__20260719\00_raw_snapshot\from_temp_staging__20260806\羽搧綸巾   经典酷黑   灵动版\company\ZTYY\688401.html
10909	3	3	D:\Stock\trading_assistant\10_source_library_archive\batch_149_tdx_custom_terminal_external_folder_absorb__20260719\00_raw_snapshot\from_temp_staging__20260806\羽搧綸巾   经典酷黑   灵动版\company\ZTYY\000863.html|D:\Stock\trading_assistant\10_source_library_archive\batch_149_tdx_custom_terminal_external_folder_absorb__20260719\00_raw_snapshot\from_temp_staging__20260806\羽搧綸巾   经典酷黑   灵动版\company\ZTYY\600318.html|D:\Stock\trading_assistant\10_source_library_archive\batch_149_tdx_custom_terminal_external_folder_absorb__20260719\00_raw_snapshot\from_temp_staging__20260806\羽搧綸巾   经典酷黑   灵动版\company\ZTYY\603967.html
1722	3	3	D:\Stock\trading_assistant\10_source_library_archive\batch_149_tdx_custom_terminal_external_folder_absorb__20260719\00_raw_snapshot\from_temp_staging__20260806\羽搧綸巾   经典酷黑   灵动版\company\ZTYY\300126.html|D:\Stock\trading_assistant\10_source_library_archive\batch_149_tdx_custom_terminal_external_folder_absorb__20260719\00_raw_snapshot\from_temp_staging__20260806\羽搧綸巾   经典酷黑   灵动版\company\ZTYY\600150.html|D:\Stock\trading_assistant\10_source_library_archive\batch_149_tdx_custom_terminal_external_folder_absorb__20260719\00_raw_snapshot\from_temp_staging__20260806\羽搧綸巾   经典酷黑   灵动版\company\ZTYY\688399.html
1794	3	3	D:\Stock\trading_assistant\10_source_library_archive\batch_149_tdx_custom_terminal_external_folder_absorb__20260719\00_raw_snapshot\from_temp_staging__20260806\羽搧綸巾   经典酷黑   灵动版\company\ZTYY\300587.html|D:\Stock\trading_assistant\10_source_library_archive\batch_149_tdx_custom_terminal_external_folder_absorb__20260719\00_raw_snapshot\from_temp_staging__20260806\羽搧綸巾   经典酷黑   灵动版\company\ZTYY\301013.html|D:\Stock\trading_assistant\10_source_library_archive\batch_149_tdx_custom_terminal_external_folder_absorb__20260719\00_raw_snapshot\from_temp_staging__20260806\羽搧綸巾   经典酷黑   灵动版\company\ZTYY\601000.html
10433	3	3	D:\Stock\trading_assistant\10_source_library_archive\batch_149_tdx_custom_terminal_external_folder_absorb__20260719\00_raw_snapshot\from_temp_staging__20260806\羽搧綸巾   经典酷黑   灵动版\company\ZTYY\000554.html|D:\Stock\trading_assistant\10_source_library_archive\batch_149_tdx_custom_terminal_external_folder_absorb__20260719\00_raw_snapshot\from_temp_staging__20260806\羽搧綸巾   经典酷黑   灵动版\company\ZTYY\600198.html|D:\Stock\trading_assistant\10_source_library_archive\batch_149_tdx_custom_terminal_external_folder_absorb__20260719\00_raw_snapshot\from_temp_staging__20260806\羽搧綸巾   经典酷黑   灵动版\company\ZTYY\600819.html
5803	3	3	D:\Stock\trading_assistant\10_source_library_archive\batch_149_tdx_custom_terminal_external_folder_absorb__20260719\00_raw_snapshot\from_temp_staging__20260806\羽搧綸巾   经典酷黑   灵动版\company\ZTYY\000848.html|D:\Stock\trading_assistant\10_source_library_archive\batch_149_tdx_custom_terminal_external_folder_absorb__20260719\00_raw_snapshot\from_temp_staging__20260806\羽搧綸巾   经典酷黑   灵动版\company\ZTYY\688369.html|D:\Stock\trading_assistant\10_source_library_archive\batch_149_tdx_custom_terminal_external_folder_absorb__20260719\00_raw_snapshot\from_temp_staging__20260806\羽搧綸巾   经典酷黑   灵动版\company\ZTYY\688521.html
10803	3	3	D:\Stock\trading_assistant\10_source_library_archive\batch_149_tdx_custom_terminal_external_folder_absorb__20260719\00_raw_snapshot\from_temp_staging__20260806\羽搧綸巾   经典酷黑   灵动版\company\ZTYY\000550.html|D:\Stock\trading_assistant\10_source_library_archive\batch_149_tdx_custom_terminal_external_folder_absorb__20260719\00_raw_snapshot\from_temp_staging__20260806\羽搧綸巾   经典酷黑   灵动版\company\ZTYY\300168.html|D:\Stock\trading_assistant\10_source_library_archive\batch_149_tdx_custom_terminal_external_folder_absorb__20260719\00_raw_snapshot\from_temp_staging__20260806\羽搧綸巾   经典酷黑   灵动版\company\ZTYY\601933.html
11172	3	2	D:\Stock\trading_assistant\10_source_library_archive\batch_149_tdx_custom_terminal_external_folder_absorb__20260719\00_raw_snapshot\from_temp_staging__20260806\羽搧綸巾   经典酷黑   灵动版\company\ZTYY\603375.html|D:\Stock\trading_assistant\10_source_library_archive\batch_149_tdx_custom_terminal_external_folder_absorb__20260719\00_raw_snapshot\from_temp_staging__20260806\羽搧綸巾   经典酷黑   灵动版\company\选股宝直播.html|D:\Stock\trading_assistant\10_source_library_archive\batch_149_tdx_custom_terminal_external_folder_absorb__20260719\00_raw_snapshot\pages\选股宝直播.html
8542	3	3	D:\Stock\trading_assistant\10_source_library_archive\batch_149_tdx_custom_terminal_external_folder_absorb__20260719\00_raw_snapshot\from_temp_staging__20260806\羽搧綸巾   经典酷黑   灵动版\company\ZTYY\000655.html|D:\Stock\trading_assistant\10_source_library_archive\batch_149_tdx_custom_terminal_external_folder_absorb__20260719\00_raw_snapshot\from_temp_staging__20260806\羽搧綸巾   经典酷黑   灵动版\company\ZTYY\300959.html|D:\Stock\trading_assistant\10_source_library_archive\batch_149_tdx_custom_terminal_external_folder_absorb__20260719\00_raw_snapshot\from_temp_staging__20260806\羽搧綸巾   经典酷黑   灵动版\company\ZTYY\601969.html
3821	3	3	D:\Stock\trading_assistant\10_source_library_archive\batch_149_tdx_custom_terminal_external_folder_absorb__20260719\00_raw_snapshot\from_temp_staging__20260806\羽搧綸巾   经典酷黑   灵动版\company\ZTYY\300175.html|D:\Stock\trading_assistant\10_source_library_archive\batch_149_tdx_custom_terminal_external_folder_absorb__20260719\00_raw_snapshot\from_temp_staging__20260806\羽搧綸巾   经典酷黑   灵动版\company\ZTYY\301005.html|D:\Stock\trading_assistant\10_source_library_archive\batch_149_tdx_custom_terminal_external_folder_absorb__20260719\00_raw_snapshot\from_temp_staging__20260806\羽搧綸巾   经典酷黑   灵动版\company\ZTYY\301207.html
8434	3	3	D:\Stock\trading_assistant\10_source_library_archive\batch_149_tdx_custom_terminal_external_folder_absorb__20260719\00_raw_snapshot\from_temp_staging__20260806\羽搧綸巾   经典酷黑   灵动版\company\ZTYY\000739.html|D:\Stock\trading_assistant\10_source_library_archive\batch_149_tdx_custom_terminal_external_folder_absorb__20260719\00_raw_snapshot\from_temp_staging__20260806\羽搧綸巾   经典酷黑   灵动版\company\ZTYY\000897.html|D:\Stock\trading_assistant\10_source_library_archive\batch_149_tdx_custom_terminal_external_folder_absorb__20260719\00_raw_snapshot\from_temp_staging__20260806\羽搧綸巾   经典酷黑   灵动版\company\ZTYY\300010.html
8781	3	3	D:\Stock\trading_assistant\10_source_library_archive\batch_149_tdx_custom_terminal_external_folder_absorb__20260719\00_raw_snapshot\from_temp_staging__20260806\羽搧綸巾   经典酷黑   灵动版\company\ZTYY\000662.html|D:\Stock\trading_assistant\10_source_library_archive\batch_149_tdx_custom_terminal_external_folder_absorb__20260719\00_raw_snapshot\from_temp_staging__20260806\羽搧綸巾   经典酷黑   灵动版\company\ZTYY\603332.html|D:\Stock\trading_assistant\10_source_library_archive\batch_149_tdx_custom_terminal_external_folder_absorb__20260719\00_raw_snapshot\from_temp_staging__20260806\羽搧綸巾   经典酷黑   灵动版\company\ZTYY\603663.html
3721	3	3	D:\Stock\trading_assistant\10_source_library_archive\batch_149_tdx_custom_terminal_external_folder_absorb__20260719\00_raw_snapshot\from_temp_staging__20260806\羽搧綸巾   经典酷黑   灵动版\company\ZTYY\300513.html|D:\Stock\trading_assistant\10_source_library_archive\batch_149_tdx_custom_terminal_external_folder_absorb__20260719\00_raw_snapshot\from_temp_staging__20260806\羽搧綸巾   经典酷黑   灵动版\company\ZTYY\301128.html|D:\Stock\trading_assistant\10_source_library_archive\batch_149_tdx_custom_terminal_external_folder_absorb__20260719\00_raw_snapshot\from_temp_staging__20260806\羽搧綸巾   经典酷黑   灵动版\company\ZTYY\688299.html
8813	3	3	D:\Stock\trading_assistant\10_source_library_archive\batch_149_tdx_custom_terminal_external_folder_absorb__20260719\00_raw_snapshot\from_temp_staging__20260806\羽搧綸巾   经典酷黑   灵动版\company\ZTYY\000659.html|D:\Stock\trading_assistant\10_source_library_archive\batch_149_tdx_custom_terminal_external_folder_absorb__20260719\00_raw_snapshot\from_temp_staging__20260806\羽搧綸巾   经典酷黑   灵动版\company\ZTYY\600251.html|D:\Stock\trading_assistant\10_source_library_archive\batch_149_tdx_custom_terminal_external_folder_absorb__20260719\00_raw_snapshot\from_temp_staging__20260806\羽搧綸巾   经典酷黑   灵动版\company\ZTYY\603399.html
4228	3	3	D:\Stock\trading_assistant\10_source_library_archive\batch_149_tdx_custom_terminal_external_folder_absorb__20260719\00_raw_snapshot\from_temp_staging__20260806\羽搧綸巾   经典酷黑   灵动版\company\ZTYY\000661.html|D:\Stock\trading_assistant\10_source_library_archive\batch_149_tdx_custom_terminal_external_folder_absorb__20260719\00_raw_snapshot\from_temp_staging__20260806\羽搧綸巾   经典酷黑   灵动版\company\ZTYY\300402.html|D:\Stock\trading_assistant\10_source_library_archive\batch_149_tdx_custom_terminal_external_folder_absorb__20260719\00_raw_snapshot\from_temp_staging__20260806\羽搧綸巾   经典酷黑   灵动版\company\ZTYY\603259.html
8948	3	3	D:\Stock\trading_assistant\10_source_library_archive\batch_149_tdx_custom_terminal_external_folder_absorb__20260719\00_raw_snapshot\from_temp_staging__20260806\羽搧綸巾   经典酷黑   灵动版\company\ZTYY\000753.html|D:\Stock\trading_assistant\10_source_library_archive\batch_149_tdx_custom_terminal_external_folder_absorb__20260719\00_raw_snapshot\from_temp_staging__20260806\羽搧綸巾   经典酷黑   灵动版\company\ZTYY\002490.html|D:\Stock\trading_assistant\10_source_library_archive\batch_149_tdx_custom_terminal_external_folder_absorb__20260719\00_raw_snapshot\from_temp_staging__20260806\羽搧綸巾   经典酷黑   灵动版\company\ZTYY\002551.html
7322	3	3	D:\Stock\trading_assistant\10_source_library_archive\batch_149_tdx_custom_terminal_external_folder_absorb__20260719\00_raw_snapshot\from_temp_staging__20260806\羽搧綸巾   经典酷黑   灵动版\company\ZTYY\300240.html|D:\Stock\trading_assistant\10_source_library_archive\batch_149_tdx_custom_terminal_external_folder_absorb__20260719\00_raw_snapshot\from_temp_staging__20260806\羽搧綸巾   经典酷黑   灵动版\company\ZTYY\603225.html|D:\Stock\trading_assistant\10_source_library_archive\batch_149_tdx_custom_terminal_external_folder_absorb__20260719\00_raw_snapshot\from_temp_staging__20260806\羽搧綸巾   经典酷黑   灵动版\company\ZTYY\605133.html
1888	3	3	D:\Stock\trading_assistant\10_source_library_archive\batch_149_tdx_custom_terminal_external_folder_absorb__20260719\00_raw_snapshot\from_temp_staging__20260806\羽搧綸巾   经典酷黑   灵动版\company\ZTYY\000786.html|D:\Stock\trading_assistant\10_source_library_archive\batch_149_tdx_custom_terminal_external_folder_absorb__20260719\00_raw_snapshot\from_temp_staging__20260806\羽搧綸巾   经典酷黑   灵动版\company\ZTYY\300564.html|D:\Stock\trading_assistant\10_source_library_archive\batch_149_tdx_custom_terminal_external_folder_absorb__20260719\00_raw_snapshot\from_temp_staging__20260806\羽搧綸巾   经典酷黑   灵动版\company\ZTYY\300653.html
5013	3	3	D:\Stock\trading_assistant\10_source_library_archive\batch_149_tdx_custom_terminal_external_folder_absorb__20260719\00_raw_snapshot\from_temp_staging__20260806\羽搧綸巾   经典酷黑   灵动版\company\ZTYY\000100.html|D:\Stock\trading_assistant\10_source_library_archive\batch_149_tdx_custom_terminal_external_folder_absorb__20260719\00_raw_snapshot\from_temp_staging__20260806\羽搧綸巾   经典酷黑   灵动版\company\ZTYY\688348.html|D:\Stock\trading_assistant\10_source_library_archive\batch_149_tdx_custom_terminal_external_folder_absorb__20260719\00_raw_snapshot\from_temp_staging__20260806\羽搧綸巾   经典酷黑   灵动版\company\异动解析(个股).html
1906	3	3	D:\Stock\trading_assistant\10_source_library_archive\batch_149_tdx_custom_terminal_external_folder_absorb__20260719\00_raw_snapshot\from_temp_staging__20260806\羽搧綸巾   经典酷黑   灵动版\company\ZTYY\000792.html|D:\Stock\trading_assistant\10_source_library_archive\batch_149_tdx_custom_terminal_external_folder_absorb__20260719\00_raw_snapshot\from_temp_staging__20260806\羽搧綸巾   经典酷黑   灵动版\company\ZTYY\600009.html|D:\Stock\trading_assistant\10_source_library_archive\batch_149_tdx_custom_terminal_external_folder_absorb__20260719\00_raw_snapshot\from_temp_staging__20260806\羽搧綸巾   经典酷黑   灵动版\company\ZTYY\600372.html
8765	3	3	D:\Stock\trading_assistant\10_source_library_archive\batch_149_tdx_custom_terminal_external_folder_absorb__20260719\00_raw_snapshot\from_temp_staging__20260806\羽搧綸巾   经典酷黑   灵动版\company\ZTYY\000608.html|D:\Stock\trading_assistant\10_source_library_archive\batch_149_tdx_custom_terminal_external_folder_absorb__20260719\00_raw_snapshot\from_temp_staging__20260806\羽搧綸巾   经典酷黑   灵动版\company\ZTYY\002597.html|D:\Stock\trading_assistant\10_source_library_archive\batch_149_tdx_custom_terminal_external_folder_absorb__20260719\00_raw_snapshot\from_temp_staging__20260806\羽搧綸巾   经典酷黑   灵动版\company\ZTYY\601139.html
1892	3	3	D:\Stock\trading_assistant\10_source_library_archive\batch_149_tdx_custom_terminal_external_folder_absorb__20260719\00_raw_snapshot\from_temp_staging__20260806\羽搧綸巾   经典酷黑   灵动版\company\ZTYY\300228.html|D:\Stock\trading_assistant\10_source_library_archive\batch_149_tdx_custom_terminal_external_folder_absorb__20260719\00_raw_snapshot\from_temp_staging__20260806\羽搧綸巾   经典酷黑   灵动版\company\ZTYY\300384.html|D:\Stock\trading_assistant\10_source_library_archive\batch_149_tdx_custom_terminal_external_folder_absorb__20260719\00_raw_snapshot\from_temp_staging__20260806\羽搧綸巾   经典酷黑   灵动版\company\ZTYY\688345.html
3495	3	3	D:\Stock\trading_assistant\10_source_library_archive\batch_149_tdx_custom_terminal_external_folder_absorb__20260719\00_raw_snapshot\from_temp_staging__20260806\羽搧綸巾   经典酷黑   灵动版\company\ZTYY\000776.html|D:\Stock\trading_assistant\10_source_library_archive\batch_149_tdx_custom_terminal_external_folder_absorb__20260719\00_raw_snapshot\from_temp_staging__20260806\羽搧綸巾   经典酷黑   灵动版\company\ZTYY\300902.html|D:\Stock\trading_assistant\10_source_library_archive\batch_149_tdx_custom_terminal_external_folder_absorb__20260719\00_raw_snapshot\from_temp_staging__20260806\羽搧綸巾   经典酷黑   灵动版\company\ZTYY\301155.html
3910	3	3	D:\Stock\trading_assistant\10_source_library_archive\batch_149_tdx_custom_terminal_external_folder_absorb__20260719\00_raw_snapshot\from_temp_staging__20260806\羽搧綸巾   经典酷黑   灵动版\company\ZTYY\300561.html|D:\Stock\trading_assistant\10_source_library_archive\batch_149_tdx_custom_terminal_external_folder_absorb__20260719\00_raw_snapshot\from_temp_staging__20260806\羽搧綸巾   经典酷黑   灵动版\company\ZTYY\688158.html|D:\Stock\trading_assistant\10_source_library_archive\batch_149_tdx_custom_terminal_external_folder_absorb__20260719\00_raw_snapshot\from_temp_staging__20260806\羽搧綸巾   经典酷黑   灵动版\company\ZTYY\688306.html
1911	3	3	D:\Stock\trading_assistant\10_source_library_archive\batch_149_tdx_custom_terminal_external_folder_absorb__20260719\00_raw_snapshot\from_temp_staging__20260806\羽搧綸巾   经典酷黑   灵动版\company\ZTYY\000876.html|D:\Stock\trading_assistant\10_source_library_archive\batch_149_tdx_custom_terminal_external_folder_absorb__20260719\00_raw_snapshot\from_temp_staging__20260806\羽搧綸巾   经典酷黑   灵动版\company\ZTYY\601699.html|D:\Stock\trading_assistant\10_source_library_archive\batch_149_tdx_custom_terminal_external_folder_absorb__20260719\00_raw_snapshot\from_temp_staging__20260806\羽搧綸巾   经典酷黑   灵动版\company\热榜.html
2954	3	3	D:\Stock\trading_assistant\10_source_library_archive\batch_149_tdx_custom_terminal_external_folder_absorb__20260719\00_raw_snapshot\from_temp_staging__20260806\羽搧綸巾   经典酷黑   灵动版\company\ZTYY\300118.html|D:\Stock\trading_assistant\10_source_library_archive\batch_149_tdx_custom_terminal_external_folder_absorb__20260719\00_raw_snapshot\from_temp_staging__20260806\羽搧綸巾   经典酷黑   灵动版\company\ZTYY\600018.html|D:\Stock\trading_assistant\10_source_library_archive\batch_149_tdx_custom_terminal_external_folder_absorb__20260719\00_raw_snapshot\from_temp_staging__20260806\羽搧綸巾   经典酷黑   灵动版\HGPlugins\transaction\RES\Zyy\ajax\condition\html\instruction.html
5270	3	3	D:\Stock\trading_assistant\10_source_library_archive\batch_149_tdx_custom_terminal_external_folder_absorb__20260719\00_raw_snapshot\from_temp_staging__20260806\羽搧綸巾   经典酷黑   灵动版\company\ZTYY\300075.html|D:\Stock\trading_assistant\10_source_library_archive\batch_149_tdx_custom_terminal_external_folder_absorb__20260719\00_raw_snapshot\from_temp_staging__20260806\羽搧綸巾   经典酷黑   灵动版\company\ZTYY\301390.html|D:\Stock\trading_assistant\10_source_library_archive\batch_149_tdx_custom_terminal_external_folder_absorb__20260719\00_raw_snapshot\from_temp_staging__20260806\羽搧綸巾   经典酷黑   灵动版\company\ZTYY\688733.html
1652	3	3	D:\Stock\trading_assistant\10_source_library_archive\batch_149_tdx_custom_terminal_external_folder_absorb__20260719\00_raw_snapshot\from_temp_staging__20260806\羽搧綸巾   经典酷黑   灵动版\company\ZTYY\000408.html|D:\Stock\trading_assistant\10_source_library_archive\batch_149_tdx_custom_terminal_external_folder_absorb__20260719\00_raw_snapshot\from_temp_staging__20260806\羽搧綸巾   经典酷黑   灵动版\company\ZTYY\300681.html|D:\Stock\trading_assistant\10_source_library_archive\batch_149_tdx_custom_terminal_external_folder_absorb__20260719\00_raw_snapshot\from_temp_staging__20260806\羽搧綸巾   经典酷黑   灵动版\company\ZTYY\688087.html
1560	3	3	D:\Stock\trading_assistant\10_source_library_archive\batch_149_tdx_custom_terminal_external_folder_absorb__20260719\00_raw_snapshot\from_temp_staging__20260806\羽搧綸巾   经典酷黑   灵动版\company\ZTYY\300326.html|D:\Stock\trading_assistant\10_source_library_archive\batch_149_tdx_custom_terminal_external_folder_absorb__20260719\00_raw_snapshot\from_temp_staging__20260806\羽搧綸巾   经典酷黑   灵动版\company\ZTYY\600887.html|D:\Stock\trading_assistant\10_source_library_archive\batch_149_tdx_custom_terminal_external_folder_absorb__20260719\00_raw_snapshot\from_temp_staging__20260806\羽搧綸巾   经典酷黑   灵动版\company\ZTYY\601872.html
1958	3	3	D:\Stock\trading_assistant\10_source_library_archive\batch_149_tdx_custom_terminal_external_folder_absorb__20260719\00_raw_snapshot\from_temp_staging__20260806\羽搧綸巾   经典酷黑   灵动版\company\ZTYY\601838.html|D:\Stock\trading_assistant\10_source_library_archive\batch_149_tdx_custom_terminal_external_folder_absorb__20260719\00_raw_snapshot\from_temp_staging__20260806\羽搧綸巾   经典酷黑   灵动版\company\ZTYY\688212.html|D:\Stock\trading_assistant\10_source_library_archive\batch_149_tdx_custom_terminal_external_folder_absorb__20260719\00_raw_snapshot\from_temp_staging__20260806\羽搧綸巾   经典酷黑   灵动版\webs\cfg\dsqd.html
3573	3	3	D:\Stock\trading_assistant\10_source_library_archive\batch_149_tdx_custom_terminal_external_folder_absorb__20260719\00_raw_snapshot\from_temp_staging__20260806\羽搧綸巾   经典酷黑   灵动版\company\ZTYY\300306.html|D:\Stock\trading_assistant\10_source_library_archive\batch_149_tdx_custom_terminal_external_folder_absorb__20260719\00_raw_snapshot\from_temp_staging__20260806\羽搧綸巾   经典酷黑   灵动版\company\ZTYY\301071.html|D:\Stock\trading_assistant\10_source_library_archive\batch_149_tdx_custom_terminal_external_folder_absorb__20260719\00_raw_snapshot\from_temp_staging__20260806\羽搧綸巾   经典酷黑   灵动版\HGPlugins\Webs\yyksc\jgzjlx_detail.html
10351	3	3	D:\Stock\trading_assistant\10_source_library_archive\batch_149_tdx_custom_terminal_external_folder_absorb__20260719\00_raw_snapshot\from_temp_staging__20260806\羽搧綸巾   经典酷黑   灵动版\company\ZTYY\000411.html|D:\Stock\trading_assistant\10_source_library_archive\batch_149_tdx_custom_terminal_external_folder_absorb__20260719\00_raw_snapshot\from_temp_staging__20260806\羽搧綸巾   经典酷黑   灵动版\company\ZTYY\000615.html|D:\Stock\trading_assistant\10_source_library_archive\batch_149_tdx_custom_terminal_external_folder_absorb__20260719\00_raw_snapshot\from_temp_staging__20260806\羽搧綸巾   经典酷黑   灵动版\company\ZTYY\002827.html
3328	3	3	D:\Stock\trading_assistant\10_source_library_archive\batch_149_tdx_custom_terminal_external_folder_absorb__20260719\00_raw_snapshot\from_temp_staging__20260806\羽搧綸巾   经典酷黑   灵动版\company\ZTYY\688326.html|D:\Stock\trading_assistant\10_source_library_archive\batch_149_tdx_custom_terminal_external_folder_absorb__20260719\00_raw_snapshot\from_temp_staging__20260806\羽搧綸巾   经典酷黑   灵动版\company\ZTYY\688625.html|D:\Stock\trading_assistant\10_source_library_archive\batch_149_tdx_custom_terminal_external_folder_absorb__20260719\00_raw_snapshot\from_temp_staging__20260806\羽搧綸巾   经典酷黑   灵动版\company\ZTYY\836826.html
8672	3	3	D:\Stock\trading_assistant\10_source_library_archive\batch_149_tdx_custom_terminal_external_folder_absorb__20260719\00_raw_snapshot\from_temp_staging__20260806\羽搧綸巾   经典酷黑   灵动版\company\ZTYY\000920.html|D:\Stock\trading_assistant\10_source_library_archive\batch_149_tdx_custom_terminal_external_folder_absorb__20260719\00_raw_snapshot\from_temp_staging__20260806\羽搧綸巾   经典酷黑   灵动版\company\ZTYY\002503.html|D:\Stock\trading_assistant\10_source_library_archive\batch_149_tdx_custom_terminal_external_folder_absorb__20260719\00_raw_snapshot\from_temp_staging__20260806\羽搧綸巾   经典酷黑   灵动版\company\ZTYY\603393.html
1829	3	3	D:\Stock\trading_assistant\10_source_library_archive\batch_149_tdx_custom_terminal_external_folder_absorb__20260719\00_raw_snapshot\from_temp_staging__20260806\羽搧綸巾   经典酷黑   灵动版\company\ZTYY\300602.html|D:\Stock\trading_assistant\10_source_library_archive\batch_149_tdx_custom_terminal_external_folder_absorb__20260719\00_raw_snapshot\from_temp_staging__20260806\羽搧綸巾   经典酷黑   灵动版\company\ZTYY\688517.html|D:\Stock\trading_assistant\10_source_library_archive\batch_149_tdx_custom_terminal_external_folder_absorb__20260719\00_raw_snapshot\from_temp_staging__20260806\羽搧綸巾   经典酷黑   灵动版\company\ZTYY\688610.html
1793	3	3	D:\Stock\trading_assistant\10_source_library_archive\batch_149_tdx_custom_terminal_external_folder_absorb__20260719\00_raw_snapshot\from_temp_staging__20260806\羽搧綸巾   经典酷黑   灵动版\company\ZTYY\300449.html|D:\Stock\trading_assistant\10_source_library_archive\batch_149_tdx_custom_terminal_external_folder_absorb__20260719\00_raw_snapshot\from_temp_staging__20260806\羽搧綸巾   经典酷黑   灵动版\company\ZTYY\300926.html|D:\Stock\trading_assistant\10_source_library_archive\batch_149_tdx_custom_terminal_external_folder_absorb__20260719\00_raw_snapshot\from_temp_staging__20260806\羽搧綸巾   经典酷黑   灵动版\company\ZTYY\688073.html
8119	3	3	D:\Stock\trading_assistant\10_source_library_archive\batch_149_tdx_custom_terminal_external_folder_absorb__20260719\00_raw_snapshot\from_temp_staging__20260806\羽搧綸巾   经典酷黑   灵动版\company\ZTYY\300468.html|D:\Stock\trading_assistant\10_source_library_archive\batch_149_tdx_custom_terminal_external_folder_absorb__20260719\00_raw_snapshot\from_temp_staging__20260806\羽搧綸巾   经典酷黑   灵动版\company\ZTYY\300531.html|D:\Stock\trading_assistant\10_source_library_archive\batch_149_tdx_custom_terminal_external_folder_absorb__20260719\00_raw_snapshot\from_temp_staging__20260806\羽搧綸巾   经典酷黑   灵动版\company\ZTYY\603282.html
1590	3	3	D:\Stock\trading_assistant\10_source_library_archive\batch_149_tdx_custom_terminal_external_folder_absorb__20260719\00_raw_snapshot\from_temp_staging__20260806\羽搧綸巾   经典酷黑   灵动版\company\ZTYY\300595.html|D:\Stock\trading_assistant\10_source_library_archive\batch_149_tdx_custom_terminal_external_folder_absorb__20260719\00_raw_snapshot\from_temp_staging__20260806\羽搧綸巾   经典酷黑   灵动版\company\ZTYY\301188.html|D:\Stock\trading_assistant\10_source_library_archive\batch_149_tdx_custom_terminal_external_folder_absorb__20260719\00_raw_snapshot\from_temp_staging__20260806\羽搧綸巾   经典酷黑   灵动版\company\ZTYY\600938.html
7850	3	3	D:\Stock\trading_assistant\10_source_library_archive\batch_149_tdx_custom_terminal_external_folder_absorb__20260719\00_raw_snapshot\from_temp_staging__20260806\羽搧綸巾   经典酷黑   灵动版\company\ZTYY\603032.html|D:\Stock\trading_assistant\10_source_library_archive\batch_149_tdx_custom_terminal_external_folder_absorb__20260719\00_raw_snapshot\from_temp_staging__20260806\羽搧綸巾   经典酷黑   灵动版\company\ZTYY\605338.html|D:\Stock\trading_assistant\10_source_library_archive\batch_149_tdx_custom_terminal_external_folder_absorb__20260719\00_raw_snapshot\from_temp_staging__20260806\羽搧綸巾   经典酷黑   灵动版\company\ZTYY\605378.html
10004	3	3	D:\Stock\trading_assistant\10_source_library_archive\batch_149_tdx_custom_terminal_external_folder_absorb__20260719\00_raw_snapshot\from_temp_staging__20260806\羽搧綸巾   经典酷黑   灵动版\company\ZTYY\000899.html|D:\Stock\trading_assistant\10_source_library_archive\batch_149_tdx_custom_terminal_external_folder_absorb__20260719\00_raw_snapshot\from_temp_staging__20260806\羽搧綸巾   经典酷黑   灵动版\company\ZTYY\002191.html|D:\Stock\trading_assistant\10_source_library_archive\batch_149_tdx_custom_terminal_external_folder_absorb__20260719\00_raw_snapshot\from_temp_staging__20260806\羽搧綸巾   经典酷黑   灵动版\company\ZTYY\600667.html
1753	3	3	D:\Stock\trading_assistant\10_source_library_archive\batch_149_tdx_custom_terminal_external_folder_absorb__20260719\00_raw_snapshot\from_temp_staging__20260806\羽搧綸巾   经典酷黑   灵动版\company\ZTYY\300282.html|D:\Stock\trading_assistant\10_source_library_archive\batch_149_tdx_custom_terminal_external_folder_absorb__20260719\00_raw_snapshot\from_temp_staging__20260806\羽搧綸巾   经典酷黑   灵动版\company\ZTYY\300761.html|D:\Stock\trading_assistant\10_source_library_archive\batch_149_tdx_custom_terminal_external_folder_absorb__20260719\00_raw_snapshot\from_temp_staging__20260806\羽搧綸巾   经典酷黑   灵动版\company\ZTYY\301195.html
9847	3	3	D:\Stock\trading_assistant\10_source_library_archive\batch_149_tdx_custom_terminal_external_folder_absorb__20260719\00_raw_snapshot\from_temp_staging__20260806\羽搧綸巾   经典酷黑   灵动版\company\ZTYY\000524.html|D:\Stock\trading_assistant\10_source_library_archive\batch_149_tdx_custom_terminal_external_folder_absorb__20260719\00_raw_snapshot\from_temp_staging__20260806\羽搧綸巾   经典酷黑   灵动版\company\ZTYY\600130.html|D:\Stock\trading_assistant\10_source_library_archive\batch_149_tdx_custom_terminal_external_folder_absorb__20260719\00_raw_snapshot\from_temp_staging__20260806\羽搧綸巾   经典酷黑   灵动版\company\ZTYY\601886.html
6234	3	3	D:\Stock\trading_assistant\10_source_library_archive\batch_149_tdx_custom_terminal_external_folder_absorb__20260719\00_raw_snapshot\from_temp_staging__20260806\羽搧綸巾   经典酷黑   灵动版\company\ZTYY\300643.html|D:\Stock\trading_assistant\10_source_library_archive\batch_149_tdx_custom_terminal_external_folder_absorb__20260719\00_raw_snapshot\from_temp_staging__20260806\羽搧綸巾   经典酷黑   灵动版\company\ZTYY\600462.html|D:\Stock\trading_assistant\10_source_library_archive\batch_149_tdx_custom_terminal_external_folder_absorb__20260719\00_raw_snapshot\from_temp_staging__20260806\羽搧綸巾   经典酷黑   灵动版\company\ZTYY\601555.html
3286	2	2	D:\Stock\trading_assistant\10_source_library_archive\batch_149_tdx_custom_terminal_external_folder_absorb__20260719\00_raw_snapshot\from_temp_staging__20260806\羽搧綸巾   经典酷黑   灵动版\company\ZTYY\300439.html|D:\Stock\trading_assistant\10_source_library_archive\batch_149_tdx_custom_terminal_external_folder_absorb__20260719\00_raw_snapshot\from_temp_staging__20260806\羽搧綸巾   经典酷黑   灵动版\company\ZTYY\301045.html
2000	2	2	D:\Stock\trading_assistant\10_source_library_archive\batch_149_tdx_custom_terminal_external_folder_absorb__20260719\00_raw_snapshot\from_temp_staging__20260806\羽搧綸巾   经典酷黑   灵动版\company\ZTYY\300503.html|D:\Stock\trading_assistant\10_source_library_archive\batch_149_tdx_custom_terminal_external_folder_absorb__20260719\00_raw_snapshot\from_temp_staging__20260806\羽搧綸巾   经典酷黑   灵动版\company\ZTYY\601100.html
2447	2	2	D:\Stock\trading_assistant\10_source_library_archive\batch_149_tdx_custom_terminal_external_folder_absorb__20260719\00_raw_snapshot\from_temp_staging__20260806\羽搧綸巾   经典酷黑   灵动版\company\ZTYY\301069.html|D:\Stock\trading_assistant\10_source_library_archive\batch_149_tdx_custom_terminal_external_folder_absorb__20260719\00_raw_snapshot\from_temp_staging__20260806\羽搧綸巾   经典酷黑   灵动版\company\ZTYY\832278.html
4733	2	2	D:\Stock\trading_assistant\10_source_library_archive\batch_149_tdx_custom_terminal_external_folder_absorb__20260719\00_raw_snapshot\from_temp_staging__20260806\羽搧綸巾   经典酷黑   灵动版\company\ZTYY\300504.html|D:\Stock\trading_assistant\10_source_library_archive\batch_149_tdx_custom_terminal_external_folder_absorb__20260719\00_raw_snapshot\from_temp_staging__20260806\羽搧綸巾   经典酷黑   灵动版\company\ZTYY\688416.html
3140	2	2	D:\Stock\trading_assistant\10_source_library_archive\batch_149_tdx_custom_terminal_external_folder_absorb__20260719\00_raw_snapshot\from_temp_staging__20260806\羽搧綸巾   经典酷黑   灵动版\company\ZTYY\300908.html|D:\Stock\trading_assistant\10_source_library_archive\batch_149_tdx_custom_terminal_external_folder_absorb__20260719\00_raw_snapshot\from_temp_staging__20260806\羽搧綸巾   经典酷黑   灵动版\company\ZTYY\600597.html
2867	2	2	D:\Stock\trading_assistant\10_source_library_archive\batch_149_tdx_custom_terminal_external_folder_absorb__20260719\00_raw_snapshot\from_temp_staging__20260806\羽搧綸巾   经典酷黑   灵动版\company\ZTYY\300955.html|D:\Stock\trading_assistant\10_source_library_archive\batch_149_tdx_custom_terminal_external_folder_absorb__20260719\00_raw_snapshot\from_temp_staging__20260806\羽搧綸巾   经典酷黑   灵动版\company\ZTYY\301320.html
4575	2	2	D:\Stock\trading_assistant\10_source_library_archive\batch_149_tdx_custom_terminal_external_folder_absorb__20260719\00_raw_snapshot\from_temp_staging__20260806\羽搧綸巾   经典酷黑   灵动版\company\ZTYY\300440.html|D:\Stock\trading_assistant\10_source_library_archive\batch_149_tdx_custom_terminal_external_folder_absorb__20260719\00_raw_snapshot\from_temp_staging__20260806\羽搧綸巾   经典酷黑   灵动版\company\ZTYY\300733.html
4658	2	2	D:\Stock\trading_assistant\10_source_library_archive\batch_149_tdx_custom_terminal_external_folder_absorb__20260719\00_raw_snapshot\from_temp_staging__20260806\羽搧綸巾   经典酷黑   灵动版\company\ZTYY\300899.html|D:\Stock\trading_assistant\10_source_library_archive\batch_149_tdx_custom_terminal_external_folder_absorb__20260719\00_raw_snapshot\from_temp_staging__20260806\羽搧綸巾   经典酷黑   灵动版\company\ZTYY\688721.html
5512	2	2	D:\Stock\trading_assistant\10_source_library_archive\batch_149_tdx_custom_terminal_external_folder_absorb__20260719\00_raw_snapshot\from_temp_staging__20260806\羽搧綸巾   经典酷黑   灵动版\company\ZTYY\300400.html|D:\Stock\trading_assistant\10_source_library_archive\batch_149_tdx_custom_terminal_external_folder_absorb__20260719\00_raw_snapshot\from_temp_staging__20260806\羽搧綸巾   经典酷黑   灵动版\company\ZTYY\603517.html
7467	2	2	D:\Stock\trading_assistant\10_source_library_archive\batch_149_tdx_custom_terminal_external_folder_absorb__20260719\00_raw_snapshot\from_temp_staging__20260806\羽搧綸巾   经典酷黑   灵动版\company\ZTYY\300941.html|D:\Stock\trading_assistant\10_source_library_archive\batch_149_tdx_custom_terminal_external_folder_absorb__20260719\00_raw_snapshot\from_temp_staging__20260806\羽搧綸巾   经典酷黑   灵动版\company\ZTYY\600059.html
1547	2	2	D:\Stock\trading_assistant\10_source_library_archive\batch_149_tdx_custom_terminal_external_folder_absorb__20260719\00_raw_snapshot\from_temp_staging__20260806\羽搧綸巾   经典酷黑   灵动版\company\ZTYY\300950.html|D:\Stock\trading_assistant\10_source_library_archive\batch_149_tdx_custom_terminal_external_folder_absorb__20260719\00_raw_snapshot\from_temp_staging__20260806\羽搧綸巾   经典酷黑   灵动版\company\ZTYY\601088.html
3617	2	2	D:\Stock\trading_assistant\10_source_library_archive\batch_149_tdx_custom_terminal_external_folder_absorb__20260719\00_raw_snapshot\from_temp_staging__20260806\羽搧綸巾   经典酷黑   灵动版\company\ZTYY\301056.html|D:\Stock\trading_assistant\10_source_library_archive\batch_149_tdx_custom_terminal_external_folder_absorb__20260719\00_raw_snapshot\from_temp_staging__20260806\羽搧綸巾   经典酷黑   灵动版\company\ZTYY\301185.html
3744	2	2	D:\Stock\trading_assistant\10_source_library_archive\batch_149_tdx_custom_terminal_external_folder_absorb__20260719\00_raw_snapshot\from_temp_staging__20260806\羽搧綸巾   经典酷黑   灵动版\company\ZTYY\300936.html|D:\Stock\trading_assistant\10_source_library_archive\batch_149_tdx_custom_terminal_external_folder_absorb__20260719\00_raw_snapshot\from_temp_staging__20260806\羽搧綸巾   经典酷黑   灵动版\company\ZTYY\837748.html
4707	2	2	D:\Stock\trading_assistant\10_source_library_archive\batch_149_tdx_custom_terminal_external_folder_absorb__20260719\00_raw_snapshot\from_temp_staging__20260806\羽搧綸巾   经典酷黑   灵动版\company\ZTYY\300918.html|D:\Stock\trading_assistant\10_source_library_archive\batch_149_tdx_custom_terminal_external_folder_absorb__20260719\00_raw_snapshot\from_temp_staging__20260806\羽搧綸巾   经典酷黑   灵动版\company\ZTYY\301023.html
2544	2	2	D:\Stock\trading_assistant\10_source_library_archive\batch_149_tdx_custom_terminal_external_folder_absorb__20260719\00_raw_snapshot\from_temp_staging__20260806\羽搧綸巾   经典酷黑   灵动版\company\ZTYY\300387.html|D:\Stock\trading_assistant\10_source_library_archive\batch_149_tdx_custom_terminal_external_folder_absorb__20260719\00_raw_snapshot\from_temp_staging__20260806\羽搧綸巾   经典酷黑   灵动版\company\ZTYY\300747.html
3506	2	2	D:\Stock\trading_assistant\10_source_library_archive\batch_149_tdx_custom_terminal_external_folder_absorb__20260719\00_raw_snapshot\from_temp_staging__20260806\羽搧綸巾   经典酷黑   灵动版\company\ZTYY\300514.html|D:\Stock\trading_assistant\10_source_library_archive\batch_149_tdx_custom_terminal_external_folder_absorb__20260719\00_raw_snapshot\from_temp_staging__20260806\羽搧綸巾   经典酷黑   灵动版\company\ZTYY\833943.html
2903	2	2	D:\Stock\trading_assistant\10_source_library_archive\batch_149_tdx_custom_terminal_external_folder_absorb__20260719\00_raw_snapshot\from_temp_staging__20260806\羽搧綸巾   经典酷黑   灵动版\company\ZTYY\300403.html|D:\Stock\trading_assistant\10_source_library_archive\batch_149_tdx_custom_terminal_external_folder_absorb__20260719\00_raw_snapshot\from_temp_staging__20260806\羽搧綸巾   经典酷黑   灵动版\company\ZTYY\688410.html
3396	2	2	D:\Stock\trading_assistant\10_source_library_archive\batch_149_tdx_custom_terminal_external_folder_absorb__20260719\00_raw_snapshot\from_temp_staging__20260806\羽搧綸巾   经典酷黑   灵动版\company\ZTYY\300512.html|D:\Stock\trading_assistant\10_source_library_archive\batch_149_tdx_custom_terminal_external_folder_absorb__20260719\00_raw_snapshot\from_temp_staging__20260806\羽搧綸巾   经典酷黑   灵动版\company\ZTYY\688662.html
6707	2	2	D:\Stock\trading_assistant\10_source_library_archive\batch_149_tdx_custom_terminal_external_folder_absorb__20260719\00_raw_snapshot\from_temp_staging__20260806\羽搧綸巾   经典酷黑   灵动版\company\ZTYY\300505.html|D:\Stock\trading_assistant\10_source_library_archive\batch_149_tdx_custom_terminal_external_folder_absorb__20260719\00_raw_snapshot\from_temp_staging__20260806\羽搧綸巾   经典酷黑   灵动版\company\ZTYY\601882.html
2146	2	2	D:\Stock\trading_assistant\10_source_library_archive\batch_149_tdx_custom_terminal_external_folder_absorb__20260719\00_raw_snapshot\from_temp_staging__20260806\羽搧綸巾   经典酷黑   灵动版\company\ZTYY\300515.html|D:\Stock\trading_assistant\10_source_library_archive\batch_149_tdx_custom_terminal_external_folder_absorb__20260719\00_raw_snapshot\from_temp_staging__20260806\羽搧綸巾   经典酷黑   灵动版\company\ZTYY\300532.html
2094	2	2	D:\Stock\trading_assistant\10_source_library_archive\batch_149_tdx_custom_terminal_external_folder_absorb__20260719\00_raw_snapshot\from_temp_staging__20260806\羽搧綸巾   经典酷黑   灵动版\company\ZTYY\300932.html|D:\Stock\trading_assistant\10_source_library_archive\batch_149_tdx_custom_terminal_external_folder_absorb__20260719\00_raw_snapshot\from_temp_staging__20260806\羽搧綸巾   经典酷黑   灵动版\company\ZTYY\872541.html
5863	2	2	D:\Stock\trading_assistant\10_source_library_archive\batch_149_tdx_custom_terminal_external_folder_absorb__20260719\00_raw_snapshot\from_temp_staging__20260806\羽搧綸巾   经典酷黑   灵动版\company\ZTYY\300933.html|D:\Stock\trading_assistant\10_source_library_archive\batch_149_tdx_custom_terminal_external_folder_absorb__20260719\00_raw_snapshot\from_temp_staging__20260806\羽搧綸巾   经典酷黑   灵动版\company\ZTYY\600275.html
6595	2	2	D:\Stock\trading_assistant\10_source_library_archive\batch_149_tdx_custom_terminal_external_folder_absorb__20260719\00_raw_snapshot\from_temp_staging__20260806\羽搧綸巾   经典酷黑   灵动版\company\ZTYY\301076.html|D:\Stock\trading_assistant\10_source_library_archive\batch_149_tdx_custom_terminal_external_folder_absorb__20260719\00_raw_snapshot\from_temp_staging__20260806\羽搧綸巾   经典酷黑   灵动版\company\ZTYY\600529.html
1561	2	2	D:\Stock\trading_assistant\10_source_library_archive\batch_149_tdx_custom_terminal_external_folder_absorb__20260719\00_raw_snapshot\from_temp_staging__20260806\羽搧綸巾   经典酷黑   灵动版\company\ZTYY\300401.html|D:\Stock\trading_assistant\10_source_library_archive\batch_149_tdx_custom_terminal_external_folder_absorb__20260719\00_raw_snapshot\from_temp_staging__20260806\羽搧綸巾   经典酷黑   灵动版\company\ZTYY\301290.html
4910	2	2	D:\Stock\trading_assistant\10_source_library_archive\batch_149_tdx_custom_terminal_external_folder_absorb__20260719\00_raw_snapshot\from_temp_staging__20260806\羽搧綸巾   经典酷黑   灵动版\company\ZTYY\301079.html|D:\Stock\trading_assistant\10_source_library_archive\batch_149_tdx_custom_terminal_external_folder_absorb__20260719\00_raw_snapshot\from_temp_staging__20260806\羽搧綸巾   经典酷黑   灵动版\company\ZTYY\688592.html
4536	2	2	D:\Stock\trading_assistant\10_source_library_archive\batch_149_tdx_custom_terminal_external_folder_absorb__20260719\00_raw_snapshot\from_temp_staging__20260806\羽搧綸巾   经典酷黑   灵动版\company\ZTYY\300921.html|D:\Stock\trading_assistant\10_source_library_archive\batch_149_tdx_custom_terminal_external_folder_absorb__20260719\00_raw_snapshot\from_temp_staging__20260806\羽搧綸巾   经典酷黑   灵动版\company\ZTYY\301065.html
5122	2	2	D:\Stock\trading_assistant\10_source_library_archive\batch_149_tdx_custom_terminal_external_folder_absorb__20260719\00_raw_snapshot\from_temp_staging__20260806\羽搧綸巾   经典酷黑   灵动版\company\ZTYY\300989.html|D:\Stock\trading_assistant\10_source_library_archive\batch_149_tdx_custom_terminal_external_folder_absorb__20260719\00_raw_snapshot\from_temp_staging__20260806\羽搧綸巾   经典酷黑   灵动版\company\ZTYY\834475.html
3121	2	2	D:\Stock\trading_assistant\10_source_library_archive\batch_149_tdx_custom_terminal_external_folder_absorb__20260719\00_raw_snapshot\from_temp_staging__20260806\羽搧綸巾   经典酷黑   灵动版\company\ZTYY\300485.html|D:\Stock\trading_assistant\10_source_library_archive\batch_149_tdx_custom_terminal_external_folder_absorb__20260719\00_raw_snapshot\from_temp_staging__20260806\羽搧綸巾   经典酷黑   灵动版\company\ZTYY\688017.html
1930	2	2	D:\Stock\trading_assistant\10_source_library_archive\batch_149_tdx_custom_terminal_external_folder_absorb__20260719\00_raw_snapshot\from_temp_staging__20260806\羽搧綸巾   经典酷黑   灵动版\company\ZTYY\300999.html|D:\Stock\trading_assistant\10_source_library_archive\batch_149_tdx_custom_terminal_external_folder_absorb__20260719\00_raw_snapshot\from_temp_staging__20260806\羽搧綸巾   经典酷黑   灵动版\company\ZTYY\688063.html
4611	2	2	D:\Stock\trading_assistant\10_source_library_archive\batch_149_tdx_custom_terminal_external_folder_absorb__20260719\00_raw_snapshot\from_temp_staging__20260806\羽搧綸巾   经典酷黑   灵动版\company\ZTYY\300459.html|D:\Stock\trading_assistant\10_source_library_archive\batch_149_tdx_custom_terminal_external_folder_absorb__20260719\00_raw_snapshot\from_temp_staging__20260806\羽搧綸巾   经典酷黑   灵动版\company\ZTYY\301158.html
6509	2	2	D:\Stock\trading_assistant\10_source_library_archive\batch_149_tdx_custom_terminal_external_folder_absorb__20260719\00_raw_snapshot\from_temp_staging__20260806\羽搧綸巾   经典酷黑   灵动版\company\ZTYY\301036.html|D:\Stock\trading_assistant\10_source_library_archive\batch_149_tdx_custom_terminal_external_folder_absorb__20260719\00_raw_snapshot\from_temp_staging__20260806\羽搧綸巾   经典酷黑   灵动版\company\ZTYY\603272.html
2186	2	2	D:\Stock\trading_assistant\10_source_library_archive\batch_149_tdx_custom_terminal_external_folder_absorb__20260719\00_raw_snapshot\from_temp_staging__20260806\羽搧綸巾   经典酷黑   灵动版\company\ZTYY\300986.html|D:\Stock\trading_assistant\10_source_library_archive\batch_149_tdx_custom_terminal_external_folder_absorb__20260719\00_raw_snapshot\from_temp_staging__20260806\羽搧綸巾   经典酷黑   灵动版\company\ZTYY\688533.html
4208	2	2	D:\Stock\trading_assistant\10_source_library_archive\batch_149_tdx_custom_terminal_external_folder_absorb__20260719\00_raw_snapshot\from_temp_staging__20260806\羽搧綸巾   经典酷黑   灵动版\company\ZTYY\300487.html|D:\Stock\trading_assistant\10_source_library_archive\batch_149_tdx_custom_terminal_external_folder_absorb__20260719\00_raw_snapshot\from_temp_staging__20260806\羽搧綸巾   经典酷黑   灵动版\company\ZTYY\688566.html
1865	2	2	D:\Stock\trading_assistant\10_source_library_archive\batch_149_tdx_custom_terminal_external_folder_absorb__20260719\00_raw_snapshot\from_temp_staging__20260806\羽搧綸巾   经典酷黑   灵动版\company\ZTYY\301004.html|D:\Stock\trading_assistant\10_source_library_archive\batch_149_tdx_custom_terminal_external_folder_absorb__20260719\00_raw_snapshot\from_temp_staging__20260806\羽搧綸巾   经典酷黑   灵动版\company\ZTYY\688208.html
3326	2	2	D:\Stock\trading_assistant\10_source_library_archive\batch_149_tdx_custom_terminal_external_folder_absorb__20260719\00_raw_snapshot\from_temp_staging__20260806\羽搧綸巾   经典酷黑   灵动版\company\ZTYY\300475.html|D:\Stock\trading_assistant\10_source_library_archive\batch_149_tdx_custom_terminal_external_folder_absorb__20260719\00_raw_snapshot\from_temp_staging__20260806\羽搧綸巾   经典酷黑   灵动版\company\ZTYY\300716.html
1689	2	2	D:\Stock\trading_assistant\10_source_library_archive\batch_149_tdx_custom_terminal_external_folder_absorb__20260719\00_raw_snapshot\from_temp_staging__20260806\羽搧綸巾   经典酷黑   灵动版\company\ZTYY\301019.html|D:\Stock\trading_assistant\10_source_library_archive\batch_149_tdx_custom_terminal_external_folder_absorb__20260719\00_raw_snapshot\from_temp_staging__20260806\羽搧綸巾   经典酷黑   灵动版\webs\xmlweb\tree\page_tree.html
3179	2	2	D:\Stock\trading_assistant\10_source_library_archive\batch_149_tdx_custom_terminal_external_folder_absorb__20260719\00_raw_snapshot\from_temp_staging__20260806\羽搧綸巾   经典酷黑   灵动版\company\ZTYY\301026.html|D:\Stock\trading_assistant\10_source_library_archive\batch_149_tdx_custom_terminal_external_folder_absorb__20260719\00_raw_snapshot\from_temp_staging__20260806\羽搧綸巾   经典酷黑   灵动版\company\ZTYY\301399.html
1754	2	2	D:\Stock\trading_assistant\10_source_library_archive\batch_149_tdx_custom_terminal_external_folder_absorb__20260719\00_raw_snapshot\from_temp_staging__20260806\羽搧綸巾   经典酷黑   灵动版\company\ZTYY\300481.html|D:\Stock\trading_assistant\10_source_library_archive\batch_149_tdx_custom_terminal_external_folder_absorb__20260719\00_raw_snapshot\from_temp_staging__20260806\羽搧綸巾   经典酷黑   灵动版\company\ZTYY\688543.html
1622	2	2	D:\Stock\trading_assistant\10_source_library_archive\batch_149_tdx_custom_terminal_external_folder_absorb__20260719\00_raw_snapshot\from_temp_staging__20260806\羽搧綸巾   经典酷黑   灵动版\company\ZTYY\300483.html|D:\Stock\trading_assistant\10_source_library_archive\batch_149_tdx_custom_terminal_external_folder_absorb__20260719\00_raw_snapshot\from_temp_staging__20260806\羽搧綸巾   经典酷黑   灵动版\company\ZTYY\430425.html
3327	2	2	D:\Stock\trading_assistant\10_source_library_archive\batch_149_tdx_custom_terminal_external_folder_absorb__20260719\00_raw_snapshot\from_temp_staging__20260806\羽搧綸巾   经典酷黑   灵动版\company\ZTYY\300394.html|D:\Stock\trading_assistant\10_source_library_archive\batch_149_tdx_custom_terminal_external_folder_absorb__20260719\00_raw_snapshot\from_temp_staging__20260806\羽搧綸巾   经典酷黑   灵动版\company\ZTYY\605339.html
6652	2	2	D:\Stock\trading_assistant\10_source_library_archive\batch_149_tdx_custom_terminal_external_folder_absorb__20260719\00_raw_snapshot\from_temp_staging__20260806\羽搧綸巾   经典酷黑   灵动版\company\ZTYY\301017.html|D:\Stock\trading_assistant\10_source_library_archive\batch_149_tdx_custom_terminal_external_folder_absorb__20260719\00_raw_snapshot\from_temp_staging__20260806\羽搧綸巾   经典酷黑   灵动版\company\ZTYY\600874.html
6445	2	2	D:\Stock\trading_assistant\10_source_library_archive\batch_149_tdx_custom_terminal_external_folder_absorb__20260719\00_raw_snapshot\from_temp_staging__20260806\羽搧綸巾   经典酷黑   灵动版\company\ZTYY\300971.html|D:\Stock\trading_assistant\10_source_library_archive\batch_149_tdx_custom_terminal_external_folder_absorb__20260719\00_raw_snapshot\from_temp_staging__20260806\羽搧綸巾   经典酷黑   灵动版\company\ZTYY\300972.html
1614	2	2	D:\Stock\trading_assistant\10_source_library_archive\batch_149_tdx_custom_terminal_external_folder_absorb__20260719\00_raw_snapshot\from_temp_staging__20260806\羽搧綸巾   经典酷黑   灵动版\company\ZTYY\300973.html|D:\Stock\trading_assistant\10_source_library_archive\batch_149_tdx_custom_terminal_external_folder_absorb__20260719\00_raw_snapshot\from_temp_staging__20260806\羽搧綸巾   经典酷黑   灵动版\company\ZTYY\301591.html
3133	2	2	D:\Stock\trading_assistant\10_source_library_archive\batch_149_tdx_custom_terminal_external_folder_absorb__20260719\00_raw_snapshot\from_temp_staging__20260806\羽搧綸巾   经典酷黑   灵动版\company\ZTYY\300446.html|D:\Stock\trading_assistant\10_source_library_archive\batch_149_tdx_custom_terminal_external_folder_absorb__20260719\00_raw_snapshot\from_temp_staging__20260806\羽搧綸巾   经典酷黑   灵动版\company\ZTYY\301251.html
3134	2	2	D:\Stock\trading_assistant\10_source_library_archive\batch_149_tdx_custom_terminal_external_folder_absorb__20260719\00_raw_snapshot\from_temp_staging__20260806\羽搧綸巾   经典酷黑   灵动版\company\ZTYY\300967.html|D:\Stock\trading_assistant\10_source_library_archive\batch_149_tdx_custom_terminal_external_folder_absorb__20260719\00_raw_snapshot\from_temp_staging__20260806\羽搧綸巾   经典酷黑   灵动版\company\ZTYY\688507.html
4613	2	2	D:\Stock\trading_assistant\10_source_library_archive\batch_149_tdx_custom_terminal_external_folder_absorb__20260719\00_raw_snapshot\from_temp_staging__20260806\羽搧綸巾   经典酷黑   灵动版\company\ZTYY\300966.html|D:\Stock\trading_assistant\10_source_library_archive\batch_149_tdx_custom_terminal_external_folder_absorb__20260719\00_raw_snapshot\from_temp_staging__20260806\羽搧綸巾   经典酷黑   灵动版\company\ZTYY\688466.html
1845	2	2	D:\Stock\trading_assistant\10_source_library_archive\batch_149_tdx_custom_terminal_external_folder_absorb__20260719\00_raw_snapshot\from_temp_staging__20260806\羽搧綸巾   经典酷黑   灵动版\company\ZTYY\300443.html|D:\Stock\trading_assistant\10_source_library_archive\batch_149_tdx_custom_terminal_external_folder_absorb__20260719\00_raw_snapshot\from_temp_staging__20260806\羽搧綸巾   经典酷黑   灵动版\company\ZTYY\601877.html
3030	2	2	D:\Stock\trading_assistant\10_source_library_archive\batch_149_tdx_custom_terminal_external_folder_absorb__20260719\00_raw_snapshot\from_temp_staging__20260806\羽搧綸巾   经典酷黑   灵动版\company\ZTYY\300502.html|D:\Stock\trading_assistant\10_source_library_archive\batch_149_tdx_custom_terminal_external_folder_absorb__20260719\00_raw_snapshot\from_temp_staging__20260806\羽搧綸巾   经典酷黑   灵动版\company\ZTYY\300755.html
2205	2	2	D:\Stock\trading_assistant\10_source_library_archive\batch_149_tdx_custom_terminal_external_folder_absorb__20260719\00_raw_snapshot\from_temp_staging__20260806\羽搧綸巾   经典酷黑   灵动版\company\ZTYY\300979.html|D:\Stock\trading_assistant\10_source_library_archive\batch_149_tdx_custom_terminal_external_folder_absorb__20260719\00_raw_snapshot\from_temp_staging__20260806\羽搧綸巾   经典酷黑   灵动版\webs\cfg\daolan1.html
4160	2	2	D:\Stock\trading_assistant\10_source_library_archive\batch_149_tdx_custom_terminal_external_folder_absorb__20260719\00_raw_snapshot\from_temp_staging__20260806\羽搧綸巾   经典酷黑   灵动版\company\ZTYY\300985.html|D:\Stock\trading_assistant\10_source_library_archive\batch_149_tdx_custom_terminal_external_folder_absorb__20260719\00_raw_snapshot\from_temp_staging__20260806\羽搧綸巾   经典酷黑   灵动版\company\ZTYY\832149.html
1925	2	2	D:\Stock\trading_assistant\10_source_library_archive\batch_149_tdx_custom_terminal_external_folder_absorb__20260719\00_raw_snapshot\from_temp_staging__20260806\羽搧綸巾   经典酷黑   灵动版\company\ZTYY\300496.html|D:\Stock\trading_assistant\10_source_library_archive\batch_149_tdx_custom_terminal_external_folder_absorb__20260719\00_raw_snapshot\from_temp_staging__20260806\羽搧綸巾   经典酷黑   灵动版\company\ZTYY\301368.html
2197	2	2	D:\Stock\trading_assistant\10_source_library_archive\batch_149_tdx_custom_terminal_external_folder_absorb__20260719\00_raw_snapshot\from_temp_staging__20260806\羽搧綸巾   经典酷黑   灵动版\company\ZTYY\301037.html|D:\Stock\trading_assistant\10_source_library_archive\batch_149_tdx_custom_terminal_external_folder_absorb__20260719\00_raw_snapshot\from_temp_staging__20260806\羽搧綸巾   经典酷黑   灵动版\company\ZTYY\688371.html
3977	2	2	D:\Stock\trading_assistant\10_source_library_archive\batch_149_tdx_custom_terminal_external_folder_absorb__20260719\00_raw_snapshot\from_temp_staging__20260806\羽搧綸巾   经典酷黑   灵动版\company\ZTYY\301039.html|D:\Stock\trading_assistant\10_source_library_archive\batch_149_tdx_custom_terminal_external_folder_absorb__20260719\00_raw_snapshot\from_temp_staging__20260806\羽搧綸巾   经典酷黑   灵动版\company\ZTYY\301288.html
4879	2	2	D:\Stock\trading_assistant\10_source_library_archive\batch_149_tdx_custom_terminal_external_folder_absorb__20260719\00_raw_snapshot\from_temp_staging__20260806\羽搧綸巾   经典酷黑   灵动版\company\ZTYY\300390.html|D:\Stock\trading_assistant\10_source_library_archive\batch_149_tdx_custom_terminal_external_folder_absorb__20260719\00_raw_snapshot\from_temp_staging__20260806\羽搧綸巾   经典酷黑   灵动版\company\ZTYY\688261.html
2183	2	2	D:\Stock\trading_assistant\10_source_library_archive\batch_149_tdx_custom_terminal_external_folder_absorb__20260719\00_raw_snapshot\from_temp_staging__20260806\羽搧綸巾   经典酷黑   灵动版\company\ZTYY\301043.html|D:\Stock\trading_assistant\10_source_library_archive\batch_149_tdx_custom_terminal_external_folder_absorb__20260719\00_raw_snapshot\from_temp_staging__20260806\羽搧綸巾   经典酷黑   灵动版\company\ZTYY\688376.html
1800	2	2	D:\Stock\trading_assistant\10_source_library_archive\batch_149_tdx_custom_terminal_external_folder_absorb__20260719\00_raw_snapshot\from_temp_staging__20260806\羽搧綸巾   经典酷黑   灵动版\company\ZTYY\300501.html|D:\Stock\trading_assistant\10_source_library_archive\batch_149_tdx_custom_terminal_external_folder_absorb__20260719\00_raw_snapshot\from_temp_staging__20260806\羽搧綸巾   经典酷黑   灵动版\company\ZTYY\300729.html
4215	2	2	D:\Stock\trading_assistant\10_source_library_archive\batch_149_tdx_custom_terminal_external_folder_absorb__20260719\00_raw_snapshot\from_temp_staging__20260806\羽搧綸巾   经典酷黑   灵动版\company\ZTYY\300895.html|D:\Stock\trading_assistant\10_source_library_archive\batch_149_tdx_custom_terminal_external_folder_absorb__20260719\00_raw_snapshot\from_temp_staging__20260806\羽搧綸巾   经典酷黑   灵动版\company\ZTYY\688088.html
5272	2	2	D:\Stock\trading_assistant\10_source_library_archive\batch_149_tdx_custom_terminal_external_folder_absorb__20260719\00_raw_snapshot\from_temp_staging__20260806\羽搧綸巾   经典酷黑   灵动版\company\ZTYY\300739.html|D:\Stock\trading_assistant\10_source_library_archive\batch_149_tdx_custom_terminal_external_folder_absorb__20260719\00_raw_snapshot\from_temp_staging__20260806\羽搧綸巾   经典酷黑   灵动版\company\ZTYY\600143.html
1847	2	2	D:\Stock\trading_assistant\10_source_library_archive\batch_149_tdx_custom_terminal_external_folder_absorb__20260719\00_raw_snapshot\from_temp_staging__20260806\羽搧綸巾   经典酷黑   灵动版\company\ZTYY\300736.html|D:\Stock\trading_assistant\10_source_library_archive\batch_149_tdx_custom_terminal_external_folder_absorb__20260719\00_raw_snapshot\from_temp_staging__20260806\羽搧綸巾   经典酷黑   灵动版\company\ZTYY\688719.html
2315	2	2	D:\Stock\trading_assistant\10_source_library_archive\batch_149_tdx_custom_terminal_external_folder_absorb__20260719\00_raw_snapshot\from_temp_staging__20260806\羽搧綸巾   经典酷黑   灵动版\company\ZTYY\300589.html|D:\Stock\trading_assistant\10_source_library_archive\batch_149_tdx_custom_terminal_external_folder_absorb__20260719\00_raw_snapshot\from_temp_staging__20260806\羽搧綸巾   经典酷黑   灵动版\company\ZTYY\600346.html
5800	2	2	D:\Stock\trading_assistant\10_source_library_archive\batch_149_tdx_custom_terminal_external_folder_absorb__20260719\00_raw_snapshot\from_temp_staging__20260806\羽搧綸巾   经典酷黑   灵动版\company\ZTYY\300588.html|D:\Stock\trading_assistant\10_source_library_archive\batch_149_tdx_custom_terminal_external_folder_absorb__20260719\00_raw_snapshot\from_temp_staging__20260806\羽搧綸巾   经典酷黑   灵动版\company\ZTYY\301070.html
1807	2	2	D:\Stock\trading_assistant\10_source_library_archive\batch_149_tdx_custom_terminal_external_folder_absorb__20260719\00_raw_snapshot\from_temp_staging__20260806\羽搧綸巾   经典酷黑   灵动版\company\ZTYY\300760.html|D:\Stock\trading_assistant\10_source_library_archive\batch_149_tdx_custom_terminal_external_folder_absorb__20260719\00_raw_snapshot\from_temp_staging__20260806\羽搧綸巾   经典酷黑   灵动版\company\ZTYY\300873.html
4249	2	2	D:\Stock\trading_assistant\10_source_library_archive\batch_149_tdx_custom_terminal_external_folder_absorb__20260719\00_raw_snapshot\from_temp_staging__20260806\羽搧綸巾   经典酷黑   灵动版\company\ZTYY\300718.html|D:\Stock\trading_assistant\10_source_library_archive\batch_149_tdx_custom_terminal_external_folder_absorb__20260719\00_raw_snapshot\from_temp_staging__20260806\羽搧綸巾   经典酷黑   灵动版\company\ZTYY\300829.html
2914	2	2	D:\Stock\trading_assistant\10_source_library_archive\batch_149_tdx_custom_terminal_external_folder_absorb__20260719\00_raw_snapshot\from_temp_staging__20260806\羽搧綸巾   经典酷黑   灵动版\company\ZTYY\300717.html|D:\Stock\trading_assistant\10_source_library_archive\batch_149_tdx_custom_terminal_external_folder_absorb__20260719\00_raw_snapshot\from_temp_staging__20260806\羽搧綸巾   经典酷黑   灵动版\company\ZTYY\688078.html
4599	2	2	D:\Stock\trading_assistant\10_source_library_archive\batch_149_tdx_custom_terminal_external_folder_absorb__20260719\00_raw_snapshot\from_temp_staging__20260806\羽搧綸巾   经典酷黑   灵动版\company\ZTYY\300731.html|D:\Stock\trading_assistant\10_source_library_archive\batch_149_tdx_custom_terminal_external_folder_absorb__20260719\00_raw_snapshot\from_temp_staging__20260806\羽搧綸巾   经典酷黑   灵动版\company\ZTYY\600583.html
1653	2	2	D:\Stock\trading_assistant\10_source_library_archive\batch_149_tdx_custom_terminal_external_folder_absorb__20260719\00_raw_snapshot\from_temp_staging__20260806\羽搧綸巾   经典酷黑   灵动版\company\ZTYY\300405.html|D:\Stock\trading_assistant\10_source_library_archive\batch_149_tdx_custom_terminal_external_folder_absorb__20260719\00_raw_snapshot\from_temp_staging__20260806\羽搧綸巾   经典酷黑   灵动版\company\ZTYY\688633.html
1660	2	2	D:\Stock\trading_assistant\10_source_library_archive\batch_149_tdx_custom_terminal_external_folder_absorb__20260719\00_raw_snapshot\from_temp_staging__20260806\羽搧綸巾   经典酷黑   灵动版\company\ZTYY\300591.html|D:\Stock\trading_assistant\10_source_library_archive\batch_149_tdx_custom_terminal_external_folder_absorb__20260719\00_raw_snapshot\from_temp_staging__20260806\羽搧綸巾   经典酷黑   灵动版\company\ZTYY\601633.html
2783	2	2	D:\Stock\trading_assistant\10_source_library_archive\batch_149_tdx_custom_terminal_external_folder_absorb__20260719\00_raw_snapshot\from_temp_staging__20260806\羽搧綸巾   经典酷黑   灵动版\company\ZTYY\300789.html|D:\Stock\trading_assistant\10_source_library_archive\batch_149_tdx_custom_terminal_external_folder_absorb__20260719\00_raw_snapshot\from_temp_staging__20260806\羽搧綸巾   经典酷黑   灵动版\company\ZTYY\688032.html
3070	2	2	D:\Stock\trading_assistant\10_source_library_archive\batch_149_tdx_custom_terminal_external_folder_absorb__20260719\00_raw_snapshot\from_temp_staging__20260806\羽搧綸巾   经典酷黑   灵动版\company\ZTYY\300788.html|D:\Stock\trading_assistant\10_source_library_archive\batch_149_tdx_custom_terminal_external_folder_absorb__20260719\00_raw_snapshot\from_temp_staging__20260806\羽搧綸巾   经典酷黑   灵动版\company\ZTYY\688081.html
1844	2	2	D:\Stock\trading_assistant\10_source_library_archive\batch_149_tdx_custom_terminal_external_folder_absorb__20260719\00_raw_snapshot\from_temp_staging__20260806\羽搧綸巾   经典酷黑   灵动版\company\ZTYY\300792.html|D:\Stock\trading_assistant\10_source_library_archive\batch_149_tdx_custom_terminal_external_folder_absorb__20260719\00_raw_snapshot\from_temp_staging__20260806\羽搧綸巾   经典酷黑   灵动版\company\ZTYY\688480.html
1895	2	2	D:\Stock\trading_assistant\10_source_library_archive\batch_149_tdx_custom_terminal_external_folder_absorb__20260719\00_raw_snapshot\from_temp_staging__20260806\羽搧綸巾   经典酷黑   灵动版\company\ZTYY\300799.html|D:\Stock\trading_assistant\10_source_library_archive\batch_149_tdx_custom_terminal_external_folder_absorb__20260719\00_raw_snapshot\from_temp_staging__20260806\羽搧綸巾   经典酷黑   灵动版\company\ZTYY\301229.html
3430	2	2	D:\Stock\trading_assistant\10_source_library_archive\batch_149_tdx_custom_terminal_external_folder_absorb__20260719\00_raw_snapshot\from_temp_staging__20260806\羽搧綸巾   经典酷黑   灵动版\company\ZTYY\300578.html|D:\Stock\trading_assistant\10_source_library_archive\batch_149_tdx_custom_terminal_external_folder_absorb__20260719\00_raw_snapshot\from_temp_staging__20260806\羽搧綸巾   经典酷黑   灵动版\company\ZTYY\837092.html
3210	2	2	D:\Stock\trading_assistant\10_source_library_archive\batch_149_tdx_custom_terminal_external_folder_absorb__20260719\00_raw_snapshot\from_temp_staging__20260806\羽搧綸巾   经典酷黑   灵动版\company\ZTYY\300775.html|D:\Stock\trading_assistant\10_source_library_archive\batch_149_tdx_custom_terminal_external_folder_absorb__20260719\00_raw_snapshot\from_temp_staging__20260806\羽搧綸巾   经典酷黑   灵动版\company\ZTYY\301003.html
2282	2	2	D:\Stock\trading_assistant\10_source_library_archive\batch_149_tdx_custom_terminal_external_folder_absorb__20260719\00_raw_snapshot\from_temp_staging__20260806\羽搧綸巾   经典酷黑   灵动版\company\ZTYY\300774.html|D:\Stock\trading_assistant\10_source_library_archive\batch_149_tdx_custom_terminal_external_folder_absorb__20260719\00_raw_snapshot\from_temp_staging__20260806\羽搧綸巾   经典酷黑   灵动版\company\ZTYY\601988.html
2659	2	2	D:\Stock\trading_assistant\10_source_library_archive\batch_149_tdx_custom_terminal_external_folder_absorb__20260719\00_raw_snapshot\from_temp_staging__20260806\羽搧綸巾   经典酷黑   灵动版\company\ZTYY\300777.html|D:\Stock\trading_assistant\10_source_library_archive\batch_149_tdx_custom_terminal_external_folder_absorb__20260719\00_raw_snapshot\from_temp_staging__20260806\羽搧綸巾   经典酷黑   灵动版\company\ZTYY\688379.html
3423	2	2	D:\Stock\trading_assistant\10_source_library_archive\batch_149_tdx_custom_terminal_external_folder_absorb__20260719\00_raw_snapshot\from_temp_staging__20260806\羽搧綸巾   经典酷黑   灵动版\company\ZTYY\300586.html|D:\Stock\trading_assistant\10_source_library_archive\batch_149_tdx_custom_terminal_external_folder_absorb__20260719\00_raw_snapshot\from_temp_staging__20260806\羽搧綸巾   经典酷黑   灵动版\company\ZTYY\300891.html
1905	2	2	D:\Stock\trading_assistant\10_source_library_archive\batch_149_tdx_custom_terminal_external_folder_absorb__20260719\00_raw_snapshot\from_temp_staging__20260806\羽搧綸巾   经典酷黑   灵动版\company\ZTYY\300779.html|D:\Stock\trading_assistant\10_source_library_archive\batch_149_tdx_custom_terminal_external_folder_absorb__20260719\00_raw_snapshot\from_temp_staging__20260806\羽搧綸巾   经典酷黑   灵动版\company\ZTYY\600020.html
2048	2	2	D:\Stock\trading_assistant\10_source_library_archive\batch_149_tdx_custom_terminal_external_folder_absorb__20260719\00_raw_snapshot\from_temp_staging__20260806\羽搧綸巾   经典酷黑   灵动版\company\ZTYY\300697.html|D:\Stock\trading_assistant\10_source_library_archive\batch_149_tdx_custom_terminal_external_folder_absorb__20260719\00_raw_snapshot\from_temp_staging__20260806\羽搧綸巾   经典酷黑   灵动版\company\ZTYY\300791.html
2167	2	2	D:\Stock\trading_assistant\10_source_library_archive\batch_149_tdx_custom_terminal_external_folder_absorb__20260719\00_raw_snapshot\from_temp_staging__20260806\羽搧綸巾   经典酷黑   灵动版\company\ZTYY\300626.html|D:\Stock\trading_assistant\10_source_library_archive\batch_149_tdx_custom_terminal_external_folder_absorb__20260719\00_raw_snapshot\from_temp_staging__20260806\羽搧綸巾   经典酷黑   灵动版\company\ZTYY\688210.html
1916	2	2	D:\Stock\trading_assistant\10_source_library_archive\batch_149_tdx_custom_terminal_external_folder_absorb__20260719\00_raw_snapshot\from_temp_staging__20260806\羽搧綸巾   经典酷黑   灵动版\company\ZTYY\300628.html|D:\Stock\trading_assistant\10_source_library_archive\batch_149_tdx_custom_terminal_external_folder_absorb__20260719\00_raw_snapshot\from_temp_staging__20260806\羽搧綸巾   经典酷黑   灵动版\company\ZTYY\600031.html
3274	2	2	D:\Stock\trading_assistant\10_source_library_archive\batch_149_tdx_custom_terminal_external_folder_absorb__20260719\00_raw_snapshot\from_temp_staging__20260806\羽搧綸巾   经典酷黑   灵动版\company\ZTYY\300616.html|D:\Stock\trading_assistant\10_source_library_archive\batch_149_tdx_custom_terminal_external_folder_absorb__20260719\00_raw_snapshot\from_temp_staging__20260806\羽搧綸巾   经典酷黑   灵动版\company\ZTYY\300687.html
3183	2	2	D:\Stock\trading_assistant\10_source_library_archive\batch_149_tdx_custom_terminal_external_folder_absorb__20260719\00_raw_snapshot\from_temp_staging__20260806\羽搧綸巾   经典酷黑   灵动版\company\ZTYY\300662.html|D:\Stock\trading_assistant\10_source_library_archive\batch_149_tdx_custom_terminal_external_folder_absorb__20260719\00_raw_snapshot\from_temp_staging__20260806\羽搧綸巾   经典酷黑   灵动版\company\ZTYY\603806.html
2027	2	2	D:\Stock\trading_assistant\10_source_library_archive\batch_149_tdx_custom_terminal_external_folder_absorb__20260719\00_raw_snapshot\from_temp_staging__20260806\羽搧綸巾   经典酷黑   灵动版\company\ZTYY\300413.html|D:\Stock\trading_assistant\10_source_library_archive\batch_149_tdx_custom_terminal_external_folder_absorb__20260719\00_raw_snapshot\from_temp_staging__20260806\羽搧綸巾   经典酷黑   灵动版\company\ZTYY\688129.html
5085	2	2	D:\Stock\trading_assistant\10_source_library_archive\batch_149_tdx_custom_terminal_external_folder_absorb__20260719\00_raw_snapshot\from_temp_staging__20260806\羽搧綸巾   经典酷黑   灵动版\company\ZTYY\300642.html|D:\Stock\trading_assistant\10_source_library_archive\batch_149_tdx_custom_terminal_external_folder_absorb__20260719\00_raw_snapshot\from_temp_staging__20260806\羽搧綸巾   经典酷黑   灵动版\company\ZTYY\688631.html
4210	2	2	D:\Stock\trading_assistant\10_source_library_archive\batch_149_tdx_custom_terminal_external_folder_absorb__20260719\00_raw_snapshot\from_temp_staging__20260806\羽搧綸巾   经典酷黑   灵动版\company\ZTYY\300411.html|D:\Stock\trading_assistant\10_source_library_archive\batch_149_tdx_custom_terminal_external_folder_absorb__20260719\00_raw_snapshot\from_temp_staging__20260806\羽搧綸巾   经典酷黑   灵动版\company\ZTYY\300981.html
4801	2	2	D:\Stock\trading_assistant\10_source_library_archive\batch_149_tdx_custom_terminal_external_folder_absorb__20260719\00_raw_snapshot\from_temp_staging__20260806\羽搧綸巾   经典酷黑   灵动版\company\ZTYY\300648.html|D:\Stock\trading_assistant\10_source_library_archive\batch_149_tdx_custom_terminal_external_folder_absorb__20260719\00_raw_snapshot\from_temp_staging__20260806\羽搧綸巾   经典酷黑   灵动版\company\ZTYY\300724.html
3909	2	2	D:\Stock\trading_assistant\10_source_library_archive\batch_149_tdx_custom_terminal_external_folder_absorb__20260719\00_raw_snapshot\from_temp_staging__20260806\羽搧綸巾   经典酷黑   灵动版\company\ZTYY\300631.html|D:\Stock\trading_assistant\10_source_library_archive\batch_149_tdx_custom_terminal_external_folder_absorb__20260719\00_raw_snapshot\from_temp_staging__20260806\羽搧綸巾   经典酷黑   灵动版\company\ZTYY\688668.html
1666	2	2	D:\Stock\trading_assistant\10_source_library_archive\batch_149_tdx_custom_terminal_external_folder_absorb__20260719\00_raw_snapshot\from_temp_staging__20260806\羽搧綸巾   经典酷黑   灵动版\company\ZTYY\300639.html|D:\Stock\trading_assistant\10_source_library_archive\batch_149_tdx_custom_terminal_external_folder_absorb__20260719\00_raw_snapshot\from_temp_staging__20260806\羽搧綸巾   经典酷黑   灵动版\company\ZTYY\688585.html
2980	2	2	D:\Stock\trading_assistant\10_source_library_archive\batch_149_tdx_custom_terminal_external_folder_absorb__20260719\00_raw_snapshot\from_temp_staging__20260806\羽搧綸巾   经典酷黑   灵动版\company\ZTYY\300684.html|D:\Stock\trading_assistant\10_source_library_archive\batch_149_tdx_custom_terminal_external_folder_absorb__20260719\00_raw_snapshot\from_temp_staging__20260806\羽搧綸巾   经典酷黑   灵动版\company\ZTYY\688478.html
4102	2	2	D:\Stock\trading_assistant\10_source_library_archive\batch_149_tdx_custom_terminal_external_folder_absorb__20260719\00_raw_snapshot\from_temp_staging__20260806\羽搧綸巾   经典酷黑   灵动版\company\ZTYY\300605.html|D:\Stock\trading_assistant\10_source_library_archive\batch_149_tdx_custom_terminal_external_folder_absorb__20260719\00_raw_snapshot\from_temp_staging__20260806\羽搧綸巾   经典酷黑   灵动版\company\ZTYY\600562.html
2799	2	2	D:\Stock\trading_assistant\10_source_library_archive\batch_149_tdx_custom_terminal_external_folder_absorb__20260719\00_raw_snapshot\from_temp_staging__20260806\羽搧綸巾   经典酷黑   灵动版\company\ZTYY\300685.html|D:\Stock\trading_assistant\10_source_library_archive\batch_149_tdx_custom_terminal_external_folder_absorb__20260719\00_raw_snapshot\from_temp_staging__20260806\羽搧綸巾   经典酷黑   灵动版\company\ZTYY\688598.html
2054	2	2	D:\Stock\trading_assistant\10_source_library_archive\batch_149_tdx_custom_terminal_external_folder_absorb__20260719\00_raw_snapshot\from_temp_staging__20260806\羽搧綸巾   经典酷黑   灵动版\company\ZTYY\300601.html|D:\Stock\trading_assistant\10_source_library_archive\batch_149_tdx_custom_terminal_external_folder_absorb__20260719\00_raw_snapshot\from_temp_staging__20260806\羽搧綸巾   经典酷黑   灵动版\company\ZTYY\301150.html
1186	2	2	D:\Stock\trading_assistant\10_source_library_archive\batch_149_tdx_custom_terminal_external_folder_absorb__20260719\00_raw_snapshot\from_temp_staging__20260806\羽搧綸巾   经典酷黑   灵动版\company\ZTYY\300695.html|D:\Stock\trading_assistant\10_source_library_archive\batch_149_tdx_custom_terminal_external_folder_absorb__20260719\00_raw_snapshot\from_temp_staging__20260806\羽搧綸巾   经典酷黑   灵动版\company\ZTYY\836433.html
2489	2	2	D:\Stock\trading_assistant\10_source_library_archive\batch_149_tdx_custom_terminal_external_folder_absorb__20260719\00_raw_snapshot\from_temp_staging__20260806\羽搧綸巾   经典酷黑   灵动版\company\ZTYY\300415.html|D:\Stock\trading_assistant\10_source_library_archive\batch_149_tdx_custom_terminal_external_folder_absorb__20260719\00_raw_snapshot\from_temp_staging__20260806\羽搧綸巾   经典酷黑   灵动版\company\ZTYY\830964.html
9608	2	2	D:\Stock\trading_assistant\10_source_library_archive\batch_149_tdx_custom_terminal_external_folder_absorb__20260719\00_raw_snapshot\from_temp_staging__20260806\羽搧綸巾   经典酷黑   灵动版\company\ZTYY\300663.html|D:\Stock\trading_assistant\10_source_library_archive\batch_149_tdx_custom_terminal_external_folder_absorb__20260719\00_raw_snapshot\from_temp_staging__20260806\羽搧綸巾   经典酷黑   灵动版\company\ZTYY\603937.html
1507	2	2	D:\Stock\trading_assistant\10_source_library_archive\batch_149_tdx_custom_terminal_external_folder_absorb__20260719\00_raw_snapshot\from_temp_staging__20260806\羽搧綸巾   经典酷黑   灵动版\company\ZTYY\300614.html|D:\Stock\trading_assistant\10_source_library_archive\batch_149_tdx_custom_terminal_external_folder_absorb__20260719\00_raw_snapshot\from_temp_staging__20260806\羽搧綸巾   经典酷黑   灵动版\company\ZTYY\688211.html
4413	2	2	D:\Stock\trading_assistant\10_source_library_archive\batch_149_tdx_custom_terminal_external_folder_absorb__20260719\00_raw_snapshot\from_temp_staging__20260806\羽搧綸巾   经典酷黑   灵动版\company\ZTYY\300673.html|D:\Stock\trading_assistant\10_source_library_archive\batch_149_tdx_custom_terminal_external_folder_absorb__20260719\00_raw_snapshot\from_temp_staging__20260806\羽搧綸巾   经典酷黑   灵动版\company\ZTYY\300690.html
2551	2	2	D:\Stock\trading_assistant\10_source_library_archive\batch_149_tdx_custom_terminal_external_folder_absorb__20260719\00_raw_snapshot\from_temp_staging__20260806\羽搧綸巾   经典酷黑   灵动版\company\ZTYY\300669.html|D:\Stock\trading_assistant\10_source_library_archive\batch_149_tdx_custom_terminal_external_folder_absorb__20260719\00_raw_snapshot\from_temp_staging__20260806\羽搧綸巾   经典酷黑   灵动版\company\ZTYY\688776.html
2531	2	2	D:\Stock\trading_assistant\10_source_library_archive\batch_149_tdx_custom_terminal_external_folder_absorb__20260719\00_raw_snapshot\from_temp_staging__20260806\羽搧綸巾   经典酷黑   灵动版\company\ZTYY\300545.html|D:\Stock\trading_assistant\10_source_library_archive\batch_149_tdx_custom_terminal_external_folder_absorb__20260719\00_raw_snapshot\from_temp_staging__20260806\羽搧綸巾   经典酷黑   灵动版\company\ZTYY\871753.html
3703	2	2	D:\Stock\trading_assistant\10_source_library_archive\batch_149_tdx_custom_terminal_external_folder_absorb__20260719\00_raw_snapshot\from_temp_staging__20260806\羽搧綸巾   经典酷黑   灵动版\company\ZTYY\300850.html|D:\Stock\trading_assistant\10_source_library_archive\batch_149_tdx_custom_terminal_external_folder_absorb__20260719\00_raw_snapshot\from_temp_staging__20260806\羽搧綸巾   经典酷黑   灵动版\company\ZTYY\301196.html
1744	2	2	D:\Stock\trading_assistant\10_source_library_archive\batch_149_tdx_custom_terminal_external_folder_absorb__20260719\00_raw_snapshot\from_temp_staging__20260806\羽搧綸巾   经典酷黑   灵动版\company\ZTYY\300543.html|D:\Stock\trading_assistant\10_source_library_archive\batch_149_tdx_custom_terminal_external_folder_absorb__20260719\00_raw_snapshot\from_temp_staging__20260806\羽搧綸巾   经典酷黑   灵动版\company\ZTYY\600029.html
1621	2	2	D:\Stock\trading_assistant\10_source_library_archive\batch_149_tdx_custom_terminal_external_folder_absorb__20260719\00_raw_snapshot\from_temp_staging__20260806\羽搧綸巾   经典酷黑   灵动版\company\ZTYY\300529.html|D:\Stock\trading_assistant\10_source_library_archive\batch_149_tdx_custom_terminal_external_folder_absorb__20260719\00_raw_snapshot\from_temp_staging__20260806\羽搧綸巾   经典酷黑   灵动版\company\ZTYY\871694.html
3956	2	2	D:\Stock\trading_assistant\10_source_library_archive\batch_149_tdx_custom_terminal_external_folder_absorb__20260719\00_raw_snapshot\from_temp_staging__20260806\羽搧綸巾   经典酷黑   灵动版\company\ZTYY\300857.html|D:\Stock\trading_assistant\10_source_library_archive\batch_149_tdx_custom_terminal_external_folder_absorb__20260719\00_raw_snapshot\from_temp_staging__20260806\羽搧綸巾   经典酷黑   灵动版\company\ZTYY\603515.html
1957	2	2	D:\Stock\trading_assistant\10_source_library_archive\batch_149_tdx_custom_terminal_external_folder_absorb__20260719\00_raw_snapshot\from_temp_staging__20260806\羽搧綸巾   经典酷黑   灵动版\company\ZTYY\300841.html|D:\Stock\trading_assistant\10_source_library_archive\batch_149_tdx_custom_terminal_external_folder_absorb__20260719\00_raw_snapshot\from_temp_staging__20260806\羽搧綸巾   经典酷黑   灵动版\company\ZTYY\688627.html
1848	2	2	D:\Stock\trading_assistant\10_source_library_archive\batch_149_tdx_custom_terminal_external_folder_absorb__20260719\00_raw_snapshot\from_temp_staging__20260806\羽搧綸巾   经典酷黑   灵动版\company\ZTYY\300558.html|D:\Stock\trading_assistant\10_source_library_archive\batch_149_tdx_custom_terminal_external_folder_absorb__20260719\00_raw_snapshot\from_temp_staging__20260806\羽搧綸巾   经典酷黑   灵动版\company\ZTYY\300617.html
5973	2	2	D:\Stock\trading_assistant\10_source_library_archive\batch_149_tdx_custom_terminal_external_folder_absorb__20260719\00_raw_snapshot\from_temp_staging__20260806\羽搧綸巾   经典酷黑   灵动版\company\ZTYY\300843.html|D:\Stock\trading_assistant\10_source_library_archive\batch_149_tdx_custom_terminal_external_folder_absorb__20260719\00_raw_snapshot\from_temp_staging__20260806\羽搧綸巾   经典酷黑   灵动版\company\ZTYY\301277.html
4144	2	2	D:\Stock\trading_assistant\10_source_library_archive\batch_149_tdx_custom_terminal_external_folder_absorb__20260719\00_raw_snapshot\from_temp_staging__20260806\羽搧綸巾   经典酷黑   灵动版\company\ZTYY\300549.html|D:\Stock\trading_assistant\10_source_library_archive\batch_149_tdx_custom_terminal_external_folder_absorb__20260719\00_raw_snapshot\from_temp_staging__20260806\羽搧綸巾   经典酷黑   灵动版\company\ZTYY\300851.html
5923	2	2	D:\Stock\trading_assistant\10_source_library_archive\batch_149_tdx_custom_terminal_external_folder_absorb__20260719\00_raw_snapshot\from_temp_staging__20260806\羽搧綸巾   经典酷黑   灵动版\company\ZTYY\300555.html|D:\Stock\trading_assistant\10_source_library_archive\batch_149_tdx_custom_terminal_external_folder_absorb__20260719\00_raw_snapshot\from_temp_staging__20260806\羽搧綸巾   经典酷黑   灵动版\company\ZTYY\688328.html
3238	2	2	D:\Stock\trading_assistant\10_source_library_archive\batch_149_tdx_custom_terminal_external_folder_absorb__20260719\00_raw_snapshot\from_temp_staging__20260806\羽搧綸巾   经典酷黑   灵动版\company\ZTYY\300528.html|D:\Stock\trading_assistant\10_source_library_archive\batch_149_tdx_custom_terminal_external_folder_absorb__20260719\00_raw_snapshot\from_temp_staging__20260806\羽搧綸巾   经典酷黑   灵动版\company\ZTYY\873169.html
3063	2	2	D:\Stock\trading_assistant\10_source_library_archive\batch_149_tdx_custom_terminal_external_folder_absorb__20260719\00_raw_snapshot\from_temp_staging__20260806\羽搧綸巾   经典酷黑   灵动版\company\ZTYY\300890.html|D:\Stock\trading_assistant\10_source_library_archive\batch_149_tdx_custom_terminal_external_folder_absorb__20260719\00_raw_snapshot\from_temp_staging__20260806\羽搧綸巾   经典酷黑   灵动版\company\ZTYY\688329.html
4054	2	2	D:\Stock\trading_assistant\10_source_library_archive\batch_149_tdx_custom_terminal_external_folder_absorb__20260719\00_raw_snapshot\from_temp_staging__20260806\羽搧綸巾   经典酷黑   灵动版\company\ZTYY\300437.html|D:\Stock\trading_assistant\10_source_library_archive\batch_149_tdx_custom_terminal_external_folder_absorb__20260719\00_raw_snapshot\from_temp_staging__20260806\羽搧綸巾   经典酷黑   灵动版\company\ZTYY\300444.html
5439	2	2	D:\Stock\trading_assistant\10_source_library_archive\batch_149_tdx_custom_terminal_external_folder_absorb__20260719\00_raw_snapshot\from_temp_staging__20260806\羽搧綸巾   经典酷黑   灵动版\company\ZTYY\300520.html|D:\Stock\trading_assistant\10_source_library_archive\batch_149_tdx_custom_terminal_external_folder_absorb__20260719\00_raw_snapshot\from_temp_staging__20260806\羽搧綸巾   经典酷黑   灵动版\company\ZTYY\300787.html
3663	2	2	D:\Stock\trading_assistant\10_source_library_archive\batch_149_tdx_custom_terminal_external_folder_absorb__20260719\00_raw_snapshot\from_temp_staging__20260806\羽搧綸巾   经典酷黑   灵动版\company\ZTYY\300521.html|D:\Stock\trading_assistant\10_source_library_archive\batch_149_tdx_custom_terminal_external_folder_absorb__20260719\00_raw_snapshot\from_temp_staging__20260806\羽搧綸巾   经典酷黑   灵动版\files\f11\tdxf11_gg.htm
3840	2	2	D:\Stock\trading_assistant\10_source_library_archive\batch_149_tdx_custom_terminal_external_folder_absorb__20260719\00_raw_snapshot\from_temp_staging__20260806\羽搧綸巾   经典酷黑   灵动版\company\ZTYY\300872.html|D:\Stock\trading_assistant\10_source_library_archive\batch_149_tdx_custom_terminal_external_folder_absorb__20260719\00_raw_snapshot\from_temp_staging__20260806\羽搧綸巾   经典酷黑   灵动版\company\ZTYY\601800.html
2215	2	2	D:\Stock\trading_assistant\10_source_library_archive\batch_149_tdx_custom_terminal_external_folder_absorb__20260719\00_raw_snapshot\from_temp_staging__20260806\羽搧綸巾   经典酷黑   灵动版\company\ZTYY\300867.html|D:\Stock\trading_assistant\10_source_library_archive\batch_149_tdx_custom_terminal_external_folder_absorb__20260719\00_raw_snapshot\from_temp_staging__20260806\羽搧綸巾   经典酷黑   灵动版\company\ZTYY\300952.html
2028	2	2	D:\Stock\trading_assistant\10_source_library_archive\batch_149_tdx_custom_terminal_external_folder_absorb__20260719\00_raw_snapshot\from_temp_staging__20260806\羽搧綸巾   经典酷黑   灵动版\company\ZTYY\300877.html|D:\Stock\trading_assistant\10_source_library_archive\batch_149_tdx_custom_terminal_external_folder_absorb__20260719\00_raw_snapshot\from_temp_staging__20260806\羽搧綸巾   经典酷黑   灵动版\company\ZTYY\300909.html
4337	2	2	D:\Stock\trading_assistant\10_source_library_archive\batch_149_tdx_custom_terminal_external_folder_absorb__20260719\00_raw_snapshot\from_temp_staging__20260806\羽搧綸巾   经典酷黑   灵动版\company\ZTYY\300881.html|D:\Stock\trading_assistant\10_source_library_archive\batch_149_tdx_custom_terminal_external_folder_absorb__20260719\00_raw_snapshot\from_temp_staging__20260806\羽搧綸巾   经典酷黑   灵动版\company\ZTYY\301551.html
3679	2	2	D:\Stock\trading_assistant\10_source_library_archive\batch_149_tdx_custom_terminal_external_folder_absorb__20260719\00_raw_snapshot\from_temp_staging__20260806\羽搧綸巾   经典酷黑   灵动版\company\ZTYY\300428.html|D:\Stock\trading_assistant\10_source_library_archive\batch_149_tdx_custom_terminal_external_folder_absorb__20260719\00_raw_snapshot\from_temp_staging__20260806\羽搧綸巾   经典酷黑   灵动版\company\ZTYY\300951.html
2905	2	2	D:\Stock\trading_assistant\10_source_library_archive\batch_149_tdx_custom_terminal_external_folder_absorb__20260719\00_raw_snapshot\from_temp_staging__20260806\羽搧綸巾   经典酷黑   灵动版\company\ZTYY\300839.html|D:\Stock\trading_assistant\10_source_library_archive\batch_149_tdx_custom_terminal_external_folder_absorb__20260719\00_raw_snapshot\from_temp_staging__20260806\羽搧綸巾   经典酷黑   灵动版\company\ZTYY\688579.html
3091	2	2	D:\Stock\trading_assistant\10_source_library_archive\batch_149_tdx_custom_terminal_external_folder_absorb__20260719\00_raw_snapshot\from_temp_staging__20260806\羽搧綸巾   经典酷黑   灵动版\company\ZTYY\300811.html|D:\Stock\trading_assistant\10_source_library_archive\batch_149_tdx_custom_terminal_external_folder_absorb__20260719\00_raw_snapshot\from_temp_staging__20260806\羽搧綸巾   经典酷黑   灵动版\company\ZTYY\830799.html
6134	2	2	D:\Stock\trading_assistant\10_source_library_archive\batch_149_tdx_custom_terminal_external_folder_absorb__20260719\00_raw_snapshot\from_temp_staging__20260806\羽搧綸巾   经典酷黑   灵动版\company\ZTYY\300576.html|D:\Stock\trading_assistant\10_source_library_archive\batch_149_tdx_custom_terminal_external_folder_absorb__20260719\00_raw_snapshot\from_temp_staging__20260806\羽搧綸巾   经典酷黑   灵动版\company\ZTYY\300621.html
2060	2	2	D:\Stock\trading_assistant\10_source_library_archive\batch_149_tdx_custom_terminal_external_folder_absorb__20260719\00_raw_snapshot\from_temp_staging__20260806\羽搧綸巾   经典酷黑   灵动版\company\ZTYY\300812.html|D:\Stock\trading_assistant\10_source_library_archive\batch_149_tdx_custom_terminal_external_folder_absorb__20260719\00_raw_snapshot\from_temp_staging__20260806\羽搧綸巾   经典酷黑   灵动版\company\ZTYY\300863.html
2689	2	2	D:\Stock\trading_assistant\10_source_library_archive\batch_149_tdx_custom_terminal_external_folder_absorb__20260719\00_raw_snapshot\from_temp_staging__20260806\羽搧綸巾   经典酷黑   灵动版\company\ZTYY\300815.html|D:\Stock\trading_assistant\10_source_library_archive\batch_149_tdx_custom_terminal_external_folder_absorb__20260719\00_raw_snapshot\from_temp_staging__20260806\羽搧綸巾   经典酷黑   灵动版\company\ZTYY\688597.html
4290	2	2	D:\Stock\trading_assistant\10_source_library_archive\batch_149_tdx_custom_terminal_external_folder_absorb__20260719\00_raw_snapshot\from_temp_staging__20260806\羽搧綸巾   经典酷黑   灵动版\company\ZTYY\300423.html|D:\Stock\trading_assistant\10_source_library_archive\batch_149_tdx_custom_terminal_external_folder_absorb__20260719\00_raw_snapshot\from_temp_staging__20260806\羽搧綸巾   经典酷黑   灵动版\company\ZTYY\600068.html
5718	2	2	D:\Stock\trading_assistant\10_source_library_archive\batch_149_tdx_custom_terminal_external_folder_absorb__20260719\00_raw_snapshot\from_temp_staging__20260806\羽搧綸巾   经典酷黑   灵动版\company\ZTYY\300404.html|D:\Stock\trading_assistant\10_source_library_archive\batch_149_tdx_custom_terminal_external_folder_absorb__20260719\00_raw_snapshot\from_temp_staging__20260806\羽搧綸巾   经典酷黑   灵动版\company\ZTYY\600368.html
3245	2	2	D:\Stock\trading_assistant\10_source_library_archive\batch_149_tdx_custom_terminal_external_folder_absorb__20260719\00_raw_snapshot\from_temp_staging__20260806\羽搧綸巾   经典酷黑   灵动版\company\ZTYY\300802.html|D:\Stock\trading_assistant\10_source_library_archive\batch_149_tdx_custom_terminal_external_folder_absorb__20260719\00_raw_snapshot\from_temp_staging__20260806\羽搧綸巾   经典酷黑   灵动版\company\ZTYY\601558.html
4845	2	2	D:\Stock\trading_assistant\10_source_library_archive\batch_149_tdx_custom_terminal_external_folder_absorb__20260719\00_raw_snapshot\from_temp_staging__20260806\羽搧綸巾   经典酷黑   灵动版\company\ZTYY\300803.html|D:\Stock\trading_assistant\10_source_library_archive\batch_149_tdx_custom_terminal_external_folder_absorb__20260719\00_raw_snapshot\from_temp_staging__20260806\羽搧綸巾   经典酷黑   灵动版\company\ZTYY\600093.html
1842	2	2	D:\Stock\trading_assistant\10_source_library_archive\batch_149_tdx_custom_terminal_external_folder_absorb__20260719\00_raw_snapshot\from_temp_staging__20260806\羽搧綸巾   经典酷黑   灵动版\company\ZTYY\300809.html|D:\Stock\trading_assistant\10_source_library_archive\batch_149_tdx_custom_terminal_external_folder_absorb__20260719\00_raw_snapshot\from_temp_staging__20260806\羽搧綸巾   经典酷黑   灵动版\company\ZTYY\600025.html
9925	2	2	D:\Stock\trading_assistant\10_source_library_archive\batch_149_tdx_custom_terminal_external_folder_absorb__20260719\00_raw_snapshot\from_temp_staging__20260806\羽搧綸巾   经典酷黑   灵动版\company\ZTYY\300807.html|D:\Stock\trading_assistant\10_source_library_archive\batch_149_tdx_custom_terminal_external_folder_absorb__20260719\00_raw_snapshot\from_temp_staging__20260806\羽搧綸巾   经典酷黑   灵动版\company\ZTYY\600173.html
3626	2	2	D:\Stock\trading_assistant\10_source_library_archive\batch_149_tdx_custom_terminal_external_folder_absorb__20260719\00_raw_snapshot\from_temp_staging__20260806\羽搧綸巾   经典酷黑   灵动版\company\ZTYY\300830.html|D:\Stock\trading_assistant\10_source_library_archive\batch_149_tdx_custom_terminal_external_folder_absorb__20260719\00_raw_snapshot\from_temp_staging__20260806\羽搧綸巾   经典酷黑   灵动版\company\ZTYY\688302.html
4239	2	2	D:\Stock\trading_assistant\10_source_library_archive\batch_149_tdx_custom_terminal_external_folder_absorb__20260719\00_raw_snapshot\from_temp_staging__20260806\羽搧綸巾   经典酷黑   灵动版\company\ZTYY\300828.html|D:\Stock\trading_assistant\10_source_library_archive\batch_149_tdx_custom_terminal_external_folder_absorb__20260719\00_raw_snapshot\from_temp_staging__20260806\羽搧綸巾   经典酷黑   灵动版\company\ZTYY\600918.html
1300	2	2	D:\Stock\trading_assistant\10_source_library_archive\batch_149_tdx_custom_terminal_external_folder_absorb__20260719\00_raw_snapshot\from_temp_staging__20260806\羽搧綸巾   经典酷黑   灵动版\company\ZTYY\300559.html|D:\Stock\trading_assistant\10_source_library_archive\batch_149_tdx_custom_terminal_external_folder_absorb__20260719\00_raw_snapshot\from_temp_staging__20260806\羽搧綸巾   经典酷黑   灵动版\company\ZTYY\833523.html
1858	2	2	D:\Stock\trading_assistant\10_source_library_archive\batch_149_tdx_custom_terminal_external_folder_absorb__20260719\00_raw_snapshot\from_temp_staging__20260806\羽搧綸巾   经典酷黑   灵动版\company\ZTYY\300837.html|D:\Stock\trading_assistant\10_source_library_archive\batch_149_tdx_custom_terminal_external_folder_absorb__20260719\00_raw_snapshot\from_temp_staging__20260806\羽搧綸巾   经典酷黑   灵动版\company\ZTYY\600028.html
2090	2	2	D:\Stock\trading_assistant\10_source_library_archive\batch_149_tdx_custom_terminal_external_folder_absorb__20260719\00_raw_snapshot\from_temp_staging__20260806\羽搧綸巾   经典酷黑   灵动版\company\ZTYY\300836.html|D:\Stock\trading_assistant\10_source_library_archive\batch_149_tdx_custom_terminal_external_folder_absorb__20260719\00_raw_snapshot\from_temp_staging__20260806\羽搧綸巾   经典酷黑   灵动版\company\ZTYY\688287.html
2274	2	2	D:\Stock\trading_assistant\10_source_library_archive\batch_149_tdx_custom_terminal_external_folder_absorb__20260719\00_raw_snapshot\from_temp_staging__20260806\羽搧綸巾   经典酷黑   灵动版\company\ZTYY\300825.html|D:\Stock\trading_assistant\10_source_library_archive\batch_149_tdx_custom_terminal_external_folder_absorb__20260719\00_raw_snapshot\from_temp_staging__20260806\羽搧綸巾   经典酷黑   灵动版\company\ZTYY\688059.html
5597	2	2	D:\Stock\trading_assistant\10_source_library_archive\batch_149_tdx_custom_terminal_external_folder_absorb__20260719\00_raw_snapshot\from_temp_staging__20260806\羽搧綸巾   经典酷黑   灵动版\company\ZTYY\300563.html|D:\Stock\trading_assistant\10_source_library_archive\batch_149_tdx_custom_terminal_external_folder_absorb__20260719\00_raw_snapshot\from_temp_staging__20260806\羽搧綸巾   经典酷黑   灵动版\company\ZTYY\301060.html
1970	2	2	D:\Stock\trading_assistant\10_source_library_archive\batch_149_tdx_custom_terminal_external_folder_absorb__20260719\00_raw_snapshot\from_temp_staging__20260806\羽搧綸巾   经典酷黑   灵动版\company\ZTYY\300560.html|D:\Stock\trading_assistant\10_source_library_archive\batch_149_tdx_custom_terminal_external_folder_absorb__20260719\00_raw_snapshot\from_temp_staging__20260806\羽搧綸巾   经典酷黑   灵动版\company\ZTYY\688778.html
2139	2	2	D:\Stock\trading_assistant\10_source_library_archive\batch_149_tdx_custom_terminal_external_folder_absorb__20260719\00_raw_snapshot\from_temp_staging__20260806\羽搧綸巾   经典酷黑   灵动版\company\ZTYY\300426.html|D:\Stock\trading_assistant\10_source_library_archive\batch_149_tdx_custom_terminal_external_folder_absorb__20260719\00_raw_snapshot\from_temp_staging__20260806\羽搧綸巾   经典酷黑   灵动版\company\ZTYY\688218.html
2064	2	2	D:\Stock\trading_assistant\10_source_library_archive\batch_149_tdx_custom_terminal_external_folder_absorb__20260719\00_raw_snapshot\from_temp_staging__20260806\羽搧綸巾   经典酷黑   灵动版\company\ZTYY\300827.html|D:\Stock\trading_assistant\10_source_library_archive\batch_149_tdx_custom_terminal_external_folder_absorb__20260719\00_raw_snapshot\from_temp_staging__20260806\羽搧綸巾   经典酷黑   灵动版\company\ZTYY\688102.html
7889	2	2	D:\Stock\trading_assistant\10_source_library_archive\batch_149_tdx_custom_terminal_external_folder_absorb__20260719\00_raw_snapshot\from_temp_staging__20260806\羽搧綸巾   经典酷黑   灵动版\company\ZTYY\603061.html|D:\Stock\trading_assistant\10_source_library_archive\batch_149_tdx_custom_terminal_external_folder_absorb__20260719\00_raw_snapshot\from_temp_staging__20260806\羽搧綸巾   经典酷黑   灵动版\company\东财个股资金流.html
9373	2	2	D:\Stock\trading_assistant\10_source_library_archive\batch_149_tdx_custom_terminal_external_folder_absorb__20260719\00_raw_snapshot\from_temp_staging__20260806\羽搧綸巾   经典酷黑   灵动版\company\ZTYY\603059.html|D:\Stock\trading_assistant\10_source_library_archive\batch_149_tdx_custom_terminal_external_folder_absorb__20260719\00_raw_snapshot\from_temp_staging__20260806\羽搧綸巾   经典酷黑   灵动版\company\ZTYY\603518.html
8785	2	2	D:\Stock\trading_assistant\10_source_library_archive\batch_149_tdx_custom_terminal_external_folder_absorb__20260719\00_raw_snapshot\from_temp_staging__20260806\羽搧綸巾   经典酷黑   灵动版\company\ZTYY\603056.html|D:\Stock\trading_assistant\10_source_library_archive\batch_149_tdx_custom_terminal_external_folder_absorb__20260719\00_raw_snapshot\from_temp_staging__20260806\羽搧綸巾   经典酷黑   灵动版\company\ZTYY\603693.html
8957	2	2	D:\Stock\trading_assistant\10_source_library_archive\batch_149_tdx_custom_terminal_external_folder_absorb__20260719\00_raw_snapshot\from_temp_staging__20260806\羽搧綸巾   经典酷黑   灵动版\company\ZTYY\603069.html|D:\Stock\trading_assistant\10_source_library_archive\batch_149_tdx_custom_terminal_external_folder_absorb__20260719\00_raw_snapshot\from_temp_staging__20260806\羽搧綸巾   经典酷黑   灵动版\company\ZTYY\603927.html
6269	2	2	D:\Stock\trading_assistant\10_source_library_archive\batch_149_tdx_custom_terminal_external_folder_absorb__20260719\00_raw_snapshot\from_temp_staging__20260806\羽搧綸巾   经典酷黑   灵动版\company\ZTYY\603187.html|D:\Stock\trading_assistant\10_source_library_archive\batch_149_tdx_custom_terminal_external_folder_absorb__20260719\00_raw_snapshot\from_temp_staging__20260806\羽搧綸巾   经典酷黑   灵动版\company\ZTYY\605507.html
11481	2	2	D:\Stock\trading_assistant\10_source_library_archive\batch_149_tdx_custom_terminal_external_folder_absorb__20260719\00_raw_snapshot\from_temp_staging__20260806\羽搧綸巾   经典酷黑   灵动版\company\ZTYY\603155.html|D:\Stock\trading_assistant\10_source_library_archive\batch_149_tdx_custom_terminal_external_folder_absorb__20260719\00_raw_snapshot\from_temp_staging__20260806\羽搧綸巾   经典酷黑   灵动版\webs\cfg\hkzjlx.html
4114	2	2	D:\Stock\trading_assistant\10_source_library_archive\batch_149_tdx_custom_terminal_external_folder_absorb__20260719\00_raw_snapshot\from_temp_staging__20260806\羽搧綸巾   经典酷黑   灵动版\company\ZTYY\603137.html|D:\Stock\trading_assistant\10_source_library_archive\batch_149_tdx_custom_terminal_external_folder_absorb__20260719\00_raw_snapshot\from_temp_staging__20260806\羽搧綸巾   经典酷黑   灵动版\company\ZTYY\603156.html
4553	2	2	D:\Stock\trading_assistant\10_source_library_archive\batch_149_tdx_custom_terminal_external_folder_absorb__20260719\00_raw_snapshot\from_temp_staging__20260806\羽搧綸巾   经典酷黑   灵动版\company\ZTYY\601688.html|D:\Stock\trading_assistant\10_source_library_archive\batch_149_tdx_custom_terminal_external_folder_absorb__20260719\00_raw_snapshot\from_temp_staging__20260806\羽搧綸巾   经典酷黑   灵动版\company\ZTYY\603325.html
2156	2	2	D:\Stock\trading_assistant\10_source_library_archive\batch_149_tdx_custom_terminal_external_folder_absorb__20260719\00_raw_snapshot\from_temp_staging__20260806\羽搧綸巾   经典酷黑   灵动版\company\ZTYY\601668.html|D:\Stock\trading_assistant\10_source_library_archive\batch_149_tdx_custom_terminal_external_folder_absorb__20260719\00_raw_snapshot\from_temp_staging__20260806\羽搧綸巾   经典酷黑   灵动版\company\ZTYY\688101.html
9215	2	2	D:\Stock\trading_assistant\10_source_library_archive\batch_149_tdx_custom_terminal_external_folder_absorb__20260719\00_raw_snapshot\from_temp_staging__20260806\羽搧綸巾   经典酷黑   灵动版\company\ZTYY\601216.html|D:\Stock\trading_assistant\10_source_library_archive\batch_149_tdx_custom_terminal_external_folder_absorb__20260719\00_raw_snapshot\from_temp_staging__20260806\羽搧綸巾   经典酷黑   灵动版\company\ZTYY\603306.html
1802	2	2	D:\Stock\trading_assistant\10_source_library_archive\batch_149_tdx_custom_terminal_external_folder_absorb__20260719\00_raw_snapshot\from_temp_staging__20260806\羽搧綸巾   经典酷黑   灵动版\company\ZTYY\601766.html|D:\Stock\trading_assistant\10_source_library_archive\batch_149_tdx_custom_terminal_external_folder_absorb__20260719\00_raw_snapshot\from_temp_staging__20260806\羽搧綸巾   经典酷黑   灵动版\company\ZTYY\688239.html
12729	2	2	D:\Stock\trading_assistant\10_source_library_archive\batch_149_tdx_custom_terminal_external_folder_absorb__20260719\00_raw_snapshot\from_temp_staging__20260806\羽搧綸巾   经典酷黑   灵动版\company\ZTYY\603000.html|D:\Stock\trading_assistant\10_source_library_archive\batch_149_tdx_custom_terminal_external_folder_absorb__20260719\00_raw_snapshot\from_temp_staging__20260806\羽搧綸巾   经典酷黑   灵动版\company\ZTYY\603956.html
11597	2	2	D:\Stock\trading_assistant\10_source_library_archive\batch_149_tdx_custom_terminal_external_folder_absorb__20260719\00_raw_snapshot\from_temp_staging__20260806\羽搧綸巾   经典酷黑   灵动版\company\ZTYY\601858.html|D:\Stock\trading_assistant\10_source_library_archive\batch_149_tdx_custom_terminal_external_folder_absorb__20260719\00_raw_snapshot\from_temp_staging__20260806\羽搧綸巾   经典酷黑   灵动版\company\ZTYY\603861.html
1620	2	2	D:\Stock\trading_assistant\10_source_library_archive\batch_149_tdx_custom_terminal_external_folder_absorb__20260719\00_raw_snapshot\from_temp_staging__20260806\羽搧綸巾   经典酷黑   灵动版\company\ZTYY\601816.html|D:\Stock\trading_assistant\10_source_library_archive\batch_149_tdx_custom_terminal_external_folder_absorb__20260719\00_raw_snapshot\from_temp_staging__20260806\羽搧綸巾   经典酷黑   灵动版\company\ZTYY\688393.html
9302	2	2	D:\Stock\trading_assistant\10_source_library_archive\batch_149_tdx_custom_terminal_external_folder_absorb__20260719\00_raw_snapshot\from_temp_staging__20260806\羽搧綸巾   经典酷黑   灵动版\company\ZTYY\603200.html|D:\Stock\trading_assistant\10_source_library_archive\batch_149_tdx_custom_terminal_external_folder_absorb__20260719\00_raw_snapshot\from_temp_staging__20260806\羽搧綸巾   经典酷黑   灵动版\company\ZTYY\603759.html
8246	2	2	D:\Stock\trading_assistant\10_source_library_archive\batch_149_tdx_custom_terminal_external_folder_absorb__20260719\00_raw_snapshot\from_temp_staging__20260806\羽搧綸巾   经典酷黑   灵动版\company\ZTYY\603327.html|D:\Stock\trading_assistant\10_source_library_archive\batch_149_tdx_custom_terminal_external_folder_absorb__20260719\00_raw_snapshot\from_temp_staging__20260806\羽搧綸巾   经典酷黑   灵动版\company\ZTYY\603811.html
9227	2	2	D:\Stock\trading_assistant\10_source_library_archive\batch_149_tdx_custom_terminal_external_folder_absorb__20260719\00_raw_snapshot\from_temp_staging__20260806\羽搧綸巾   经典酷黑   灵动版\company\ZTYY\603326.html|D:\Stock\trading_assistant\10_source_library_archive\batch_149_tdx_custom_terminal_external_folder_absorb__20260719\00_raw_snapshot\from_temp_staging__20260806\羽搧綸巾   经典酷黑   灵动版\webs\cfg\tel_login.html
2479	2	2	D:\Stock\trading_assistant\10_source_library_archive\batch_149_tdx_custom_terminal_external_folder_absorb__20260719\00_raw_snapshot\from_temp_staging__20260806\羽搧綸巾   经典酷黑   灵动版\company\ZTYY\603281.html|D:\Stock\trading_assistant\10_source_library_archive\batch_149_tdx_custom_terminal_external_folder_absorb__20260719\00_raw_snapshot\from_temp_staging__20260806\羽搧綸巾   经典酷黑   灵动版\company\ZTYY\839792.html
2093	2	2	D:\Stock\trading_assistant\10_source_library_archive\batch_149_tdx_custom_terminal_external_folder_absorb__20260719\00_raw_snapshot\from_temp_staging__20260806\羽搧綸巾   经典酷黑   灵动版\company\ZTYY\603344.html|D:\Stock\trading_assistant\10_source_library_archive\batch_149_tdx_custom_terminal_external_folder_absorb__20260719\00_raw_snapshot\from_temp_staging__20260806\羽搧綸巾   经典酷黑   灵动版\HGPlugins\transaction\RES\Zyy\ajax\condition\html\remsg_ui.html
12335	2	2	D:\Stock\trading_assistant\10_source_library_archive\batch_149_tdx_custom_terminal_external_folder_absorb__20260719\00_raw_snapshot\from_temp_staging__20260806\羽搧綸巾   经典酷黑   灵动版\company\ZTYY\603499.html|D:\Stock\trading_assistant\10_source_library_archive\batch_149_tdx_custom_terminal_external_folder_absorb__20260719\00_raw_snapshot\from_temp_staging__20260806\羽搧綸巾   经典酷黑   灵动版\company\ZTYY\603985.html
9306	2	2	D:\Stock\trading_assistant\10_source_library_archive\batch_149_tdx_custom_terminal_external_folder_absorb__20260719\00_raw_snapshot\from_temp_staging__20260806\羽搧綸巾   经典酷黑   灵动版\company\ZTYY\603489.html|D:\Stock\trading_assistant\10_source_library_archive\batch_149_tdx_custom_terminal_external_folder_absorb__20260719\00_raw_snapshot\from_temp_staging__20260806\羽搧綸巾   经典酷黑   灵动版\company\ZTYY\603566.html
8456	2	2	D:\Stock\trading_assistant\10_source_library_archive\batch_149_tdx_custom_terminal_external_folder_absorb__20260719\00_raw_snapshot\from_temp_staging__20260806\羽搧綸巾   经典酷黑   灵动版\company\ZTYY\603477.html|D:\Stock\trading_assistant\10_source_library_archive\batch_149_tdx_custom_terminal_external_folder_absorb__20260719\00_raw_snapshot\from_temp_staging__20260806\羽搧綸巾   经典酷黑   灵动版\company\ZTYY\603511.html
8354	2	2	D:\Stock\trading_assistant\10_source_library_archive\batch_149_tdx_custom_terminal_external_folder_absorb__20260719\00_raw_snapshot\from_temp_staging__20260806\羽搧綸巾   经典酷黑   灵动版\company\ZTYY\603230.html|D:\Stock\trading_assistant\10_source_library_archive\batch_149_tdx_custom_terminal_external_folder_absorb__20260719\00_raw_snapshot\from_temp_staging__20260806\羽搧綸巾   经典酷黑   灵动版\company\ZTYY\603527.html
8152	2	2	D:\Stock\trading_assistant\10_source_library_archive\batch_149_tdx_custom_terminal_external_folder_absorb__20260719\00_raw_snapshot\from_temp_staging__20260806\羽搧綸巾   经典酷黑   灵动版\company\ZTYY\603229.html|D:\Stock\trading_assistant\10_source_library_archive\batch_149_tdx_custom_terminal_external_folder_absorb__20260719\00_raw_snapshot\from_temp_staging__20260806\羽搧綸巾   经典酷黑   灵动版\company\直播(定).html
7872	2	2	D:\Stock\trading_assistant\10_source_library_archive\batch_149_tdx_custom_terminal_external_folder_absorb__20260719\00_raw_snapshot\from_temp_staging__20260806\羽搧綸巾   经典酷黑   灵动版\company\ZTYY\603216.html|D:\Stock\trading_assistant\10_source_library_archive\batch_149_tdx_custom_terminal_external_folder_absorb__20260719\00_raw_snapshot\from_temp_staging__20260806\羽搧綸巾   经典酷黑   灵动版\company\ZTYY\603948.html
2459	2	2	D:\Stock\trading_assistant\10_source_library_archive\batch_149_tdx_custom_terminal_external_folder_absorb__20260719\00_raw_snapshot\from_temp_staging__20260806\羽搧綸巾   经典酷黑   灵动版\company\ZTYY\603235.html|D:\Stock\trading_assistant\10_source_library_archive\batch_149_tdx_custom_terminal_external_folder_absorb__20260719\00_raw_snapshot\from_temp_staging__20260806\羽搧綸巾   经典酷黑   灵动版\company\ZTYY\688170.html
12151	2	2	D:\Stock\trading_assistant\10_source_library_archive\batch_149_tdx_custom_terminal_external_folder_absorb__20260719\00_raw_snapshot\from_temp_staging__20260806\羽搧綸巾   经典酷黑   灵动版\company\ZTYY\603270.html|D:\Stock\trading_assistant\10_source_library_archive\batch_149_tdx_custom_terminal_external_folder_absorb__20260719\00_raw_snapshot\from_temp_staging__20260806\羽搧綸巾   经典酷黑   灵动版\company\可比扫雷.html
10051	2	2	D:\Stock\trading_assistant\10_source_library_archive\batch_149_tdx_custom_terminal_external_folder_absorb__20260719\00_raw_snapshot\from_temp_staging__20260806\羽搧綸巾   经典酷黑   灵动版\company\ZTYY\603261.html|D:\Stock\trading_assistant\10_source_library_archive\batch_149_tdx_custom_terminal_external_folder_absorb__20260719\00_raw_snapshot\from_temp_staging__20260806\羽搧綸巾   经典酷黑   灵动版\company\ZTYY\603319.html
10336	2	2	D:\Stock\trading_assistant\10_source_library_archive\batch_149_tdx_custom_terminal_external_folder_absorb__20260719\00_raw_snapshot\from_temp_staging__20260806\羽搧綸巾   经典酷黑   灵动版\company\ZTYY\603258.html|D:\Stock\trading_assistant\10_source_library_archive\batch_149_tdx_custom_terminal_external_folder_absorb__20260719\00_raw_snapshot\from_temp_staging__20260806\羽搧綸巾   经典酷黑   灵动版\company\ZTYY\603739.html
9768	2	2	D:\Stock\trading_assistant\10_source_library_archive\batch_149_tdx_custom_terminal_external_folder_absorb__20260719\00_raw_snapshot\from_temp_staging__20260806\羽搧綸巾   经典酷黑   灵动版\company\ZTYY\600826.html|D:\Stock\trading_assistant\10_source_library_archive\batch_149_tdx_custom_terminal_external_folder_absorb__20260719\00_raw_snapshot\from_temp_staging__20260806\羽搧綸巾   经典酷黑   灵动版\company\ZTYY\605199.html
9860	2	2	D:\Stock\trading_assistant\10_source_library_archive\batch_149_tdx_custom_terminal_external_folder_absorb__20260719\00_raw_snapshot\from_temp_staging__20260806\羽搧綸巾   经典酷黑   灵动版\company\ZTYY\600798.html|D:\Stock\trading_assistant\10_source_library_archive\batch_149_tdx_custom_terminal_external_folder_absorb__20260719\00_raw_snapshot\from_temp_staging__20260806\羽搧綸巾   经典酷黑   灵动版\company\ZTYY\605598.html
9598	2	2	D:\Stock\trading_assistant\10_source_library_archive\batch_149_tdx_custom_terminal_external_folder_absorb__20260719\00_raw_snapshot\from_temp_staging__20260806\羽搧綸巾   经典酷黑   灵动版\company\ZTYY\600792.html|D:\Stock\trading_assistant\10_source_library_archive\batch_149_tdx_custom_terminal_external_folder_absorb__20260719\00_raw_snapshot\from_temp_staging__20260806\羽搧綸巾   经典酷黑   灵动版\company\ZTYY\603161.html
7630	2	2	D:\Stock\trading_assistant\10_source_library_archive\batch_149_tdx_custom_terminal_external_folder_absorb__20260719\00_raw_snapshot\from_temp_staging__20260806\羽搧綸巾   经典酷黑   灵动版\company\ZTYY\600864.html|D:\Stock\trading_assistant\10_source_library_archive\batch_149_tdx_custom_terminal_external_folder_absorb__20260719\00_raw_snapshot\from_temp_staging__20260806\羽搧綸巾   经典酷黑   灵动版\webs\cfg\Cha操盘.html
1520	2	2	D:\Stock\trading_assistant\10_source_library_archive\batch_149_tdx_custom_terminal_external_folder_absorb__20260719\00_raw_snapshot\from_temp_staging__20260806\羽搧綸巾   经典酷黑   灵动版\company\ZTYY\600891.html|D:\Stock\trading_assistant\10_source_library_archive\batch_149_tdx_custom_terminal_external_folder_absorb__20260719\00_raw_snapshot\from_temp_staging__20260806\羽搧綸巾   经典酷黑   灵动版\company\ZTYY\601600.html
2636	2	2	D:\Stock\trading_assistant\10_source_library_archive\batch_149_tdx_custom_terminal_external_folder_absorb__20260719\00_raw_snapshot\from_temp_staging__20260806\羽搧綸巾   经典酷黑   灵动版\company\ZTYY\600873.html|D:\Stock\trading_assistant\10_source_library_archive\batch_149_tdx_custom_terminal_external_folder_absorb__20260719\00_raw_snapshot\from_temp_staging__20260806\羽搧綸巾   经典酷黑   灵动版\company\ZTYY\870199.html
2014	2	2	D:\Stock\trading_assistant\10_source_library_archive\batch_149_tdx_custom_terminal_external_folder_absorb__20260719\00_raw_snapshot\from_temp_staging__20260806\羽搧綸巾   经典酷黑   灵动版\company\ZTYY\600867.html|D:\Stock\trading_assistant\10_source_library_archive\batch_149_tdx_custom_terminal_external_folder_absorb__20260719\00_raw_snapshot\from_temp_staging__20260806\羽搧綸巾   经典酷黑   灵动版\company\ZTYY\688271.html
2190	2	2	D:\Stock\trading_assistant\10_source_library_archive\batch_149_tdx_custom_terminal_external_folder_absorb__20260719\00_raw_snapshot\from_temp_staging__20260806\羽搧綸巾   经典酷黑   灵动版\company\ZTYY\600741.html|D:\Stock\trading_assistant\10_source_library_archive\batch_149_tdx_custom_terminal_external_folder_absorb__20260719\00_raw_snapshot\from_temp_staging__20260806\羽搧綸巾   经典酷黑   灵动版\company\ZTYY\688139.html
11472	2	2	D:\Stock\trading_assistant\10_source_library_archive\batch_149_tdx_custom_terminal_external_folder_absorb__20260719\00_raw_snapshot\from_temp_staging__20260806\羽搧綸巾   经典酷黑   灵动版\company\ZTYY\600710.html|D:\Stock\trading_assistant\10_source_library_archive\batch_149_tdx_custom_terminal_external_folder_absorb__20260719\00_raw_snapshot\from_temp_staging__20260806\羽搧綸巾   经典酷黑   灵动版\company\ZTYY\600996.html
10416	2	2	D:\Stock\trading_assistant\10_source_library_archive\batch_149_tdx_custom_terminal_external_folder_absorb__20260719\00_raw_snapshot\from_temp_staging__20260806\羽搧綸巾   经典酷黑   灵动版\company\ZTYY\600705.html|D:\Stock\trading_assistant\10_source_library_archive\batch_149_tdx_custom_terminal_external_folder_absorb__20260719\00_raw_snapshot\from_temp_staging__20260806\羽搧綸巾   经典酷黑   灵动版\company\ZTYY\601022.html
10174	2	2	D:\Stock\trading_assistant\10_source_library_archive\batch_149_tdx_custom_terminal_external_folder_absorb__20260719\00_raw_snapshot\from_temp_staging__20260806\羽搧綸巾   经典酷黑   灵动版\company\ZTYY\600749.html|D:\Stock\trading_assistant\10_source_library_archive\batch_149_tdx_custom_terminal_external_folder_absorb__20260719\00_raw_snapshot\from_temp_staging__20260806\羽搧綸巾   经典酷黑   灵动版\company\ZTYY\603051.html
3397	2	2	D:\Stock\trading_assistant\10_source_library_archive\batch_149_tdx_custom_terminal_external_folder_absorb__20260719\00_raw_snapshot\from_temp_staging__20260806\羽搧綸巾   经典酷黑   灵动版\company\ZTYY\600781.html|D:\Stock\trading_assistant\10_source_library_archive\batch_149_tdx_custom_terminal_external_folder_absorb__20260719\00_raw_snapshot\from_temp_staging__20260806\羽搧綸巾   经典酷黑   灵动版\company\ZTYY\688051.html
2806	2	2	D:\Stock\trading_assistant\10_source_library_archive\batch_149_tdx_custom_terminal_external_folder_absorb__20260719\00_raw_snapshot\from_temp_staging__20260806\羽搧綸巾   经典酷黑   灵动版\company\ZTYY\600761.html|D:\Stock\trading_assistant\10_source_library_archive\batch_149_tdx_custom_terminal_external_folder_absorb__20260719\00_raw_snapshot\from_temp_staging__20260806\羽搧綸巾   经典酷黑   灵动版\company\ZTYY\603797.html
9131	2	2	D:\Stock\trading_assistant\10_source_library_archive\batch_149_tdx_custom_terminal_external_folder_absorb__20260719\00_raw_snapshot\from_temp_staging__20260806\羽搧綸巾   经典酷黑   灵动版\company\ZTYY\600756.html|D:\Stock\trading_assistant\10_source_library_archive\batch_149_tdx_custom_terminal_external_folder_absorb__20260719\00_raw_snapshot\from_temp_staging__20260806\羽搧綸巾   经典酷黑   灵动版\company\ZTYY\603221.html
8483	2	2	D:\Stock\trading_assistant\10_source_library_archive\batch_149_tdx_custom_terminal_external_folder_absorb__20260719\00_raw_snapshot\from_temp_staging__20260806\羽搧綸巾   经典酷黑   灵动版\company\ZTYY\600895.html|D:\Stock\trading_assistant\10_source_library_archive\batch_149_tdx_custom_terminal_external_folder_absorb__20260719\00_raw_snapshot\from_temp_staging__20260806\羽搧綸巾   经典酷黑   灵动版\company\ZTYY\601598.html
2113	2	2	D:\Stock\trading_assistant\10_source_library_archive\batch_149_tdx_custom_terminal_external_folder_absorb__20260719\00_raw_snapshot\from_temp_staging__20260806\羽搧綸巾   经典酷黑   灵动版\company\ZTYY\601089.html|D:\Stock\trading_assistant\10_source_library_archive\batch_149_tdx_custom_terminal_external_folder_absorb__20260719\00_raw_snapshot\from_temp_staging__20260806\羽搧綸巾   经典酷黑   灵动版\company\ZTYY\688428.html
3377	2	2	D:\Stock\trading_assistant\10_source_library_archive\batch_149_tdx_custom_terminal_external_folder_absorb__20260719\00_raw_snapshot\from_temp_staging__20260806\羽搧綸巾   经典酷黑   灵动版\company\ZTYY\601018.html|D:\Stock\trading_assistant\10_source_library_archive\batch_149_tdx_custom_terminal_external_folder_absorb__20260719\00_raw_snapshot\from_temp_staging__20260806\羽搧綸巾   经典酷黑   灵动版\company\ZTYY\688687.html
8587	2	2	D:\Stock\trading_assistant\10_source_library_archive\batch_149_tdx_custom_terminal_external_folder_absorb__20260719\00_raw_snapshot\from_temp_staging__20260806\羽搧綸巾   经典酷黑   灵动版\company\ZTYY\601005.html|D:\Stock\trading_assistant\10_source_library_archive\batch_149_tdx_custom_terminal_external_folder_absorb__20260719\00_raw_snapshot\from_temp_staging__20260806\羽搧綸巾   经典酷黑   灵动版\company\ZTYY\603801.html
2539	2	2	D:\Stock\trading_assistant\10_source_library_archive\batch_149_tdx_custom_terminal_external_folder_absorb__20260719\00_raw_snapshot\from_temp_staging__20260806\羽搧綸巾   经典酷黑   灵动版\company\ZTYY\601117.html|D:\Stock\trading_assistant\10_source_library_archive\batch_149_tdx_custom_terminal_external_folder_absorb__20260719\00_raw_snapshot\from_temp_staging__20260806\羽搧綸巾   经典酷黑   灵动版\company\ZTYY\839493.html
3963	2	2	D:\Stock\trading_assistant\10_source_library_archive\batch_149_tdx_custom_terminal_external_folder_absorb__20260719\00_raw_snapshot\from_temp_staging__20260806\羽搧綸巾   经典酷黑   灵动版\company\ZTYY\601211.html|D:\Stock\trading_assistant\10_source_library_archive\batch_149_tdx_custom_terminal_external_folder_absorb__20260719\00_raw_snapshot\from_temp_staging__20260806\羽搧綸巾   经典酷黑   灵动版\company\ZTYY\688560.html
8154	2	2	D:\Stock\trading_assistant\10_source_library_archive\batch_149_tdx_custom_terminal_external_folder_absorb__20260719\00_raw_snapshot\from_temp_staging__20260806\羽搧綸巾   经典酷黑   灵动版\company\ZTYY\601208.html|D:\Stock\trading_assistant\10_source_library_archive\batch_149_tdx_custom_terminal_external_folder_absorb__20260719\00_raw_snapshot\from_temp_staging__20260806\羽搧綸巾   经典酷黑   灵动版\company\ZTYY\603977.html
7294	2	2	D:\Stock\trading_assistant\10_source_library_archive\batch_149_tdx_custom_terminal_external_folder_absorb__20260719\00_raw_snapshot\from_temp_staging__20260806\羽搧綸巾   经典酷黑   灵动版\company\ZTYY\601118.html|D:\Stock\trading_assistant\10_source_library_archive\batch_149_tdx_custom_terminal_external_folder_absorb__20260719\00_raw_snapshot\from_temp_staging__20260806\羽搧綸巾   经典酷黑   灵动版\company\ZTYY\603151.html
7684	2	2	D:\Stock\trading_assistant\10_source_library_archive\batch_149_tdx_custom_terminal_external_folder_absorb__20260719\00_raw_snapshot\from_temp_staging__20260806\羽搧綸巾   经典酷黑   灵动版\company\ZTYY\600971.html|D:\Stock\trading_assistant\10_source_library_archive\batch_149_tdx_custom_terminal_external_folder_absorb__20260719\00_raw_snapshot\from_temp_staging__20260806\羽搧綸巾   经典酷黑   灵动版\company\同花顺热榜(定).html
10760	2	2	D:\Stock\trading_assistant\10_source_library_archive\batch_149_tdx_custom_terminal_external_folder_absorb__20260719\00_raw_snapshot\from_temp_staging__20260806\羽搧綸巾   经典酷黑   灵动版\company\ZTYY\600903.html|D:\Stock\trading_assistant\10_source_library_archive\batch_149_tdx_custom_terminal_external_folder_absorb__20260719\00_raw_snapshot\from_temp_staging__20260806\羽搧綸巾   经典酷黑   灵动版\company\ZTYY\603280.html
1670	2	2	D:\Stock\trading_assistant\10_source_library_archive\batch_149_tdx_custom_terminal_external_folder_absorb__20260719\00_raw_snapshot\from_temp_staging__20260806\羽搧綸巾   经典酷黑   灵动版\company\ZTYY\600900.html|D:\Stock\trading_assistant\10_source_library_archive\batch_149_tdx_custom_terminal_external_folder_absorb__20260719\00_raw_snapshot\from_temp_staging__20260806\羽搧綸巾   经典酷黑   灵动版\company\ZTYY\603288.html
7859	2	2	D:\Stock\trading_assistant\10_source_library_archive\batch_149_tdx_custom_terminal_external_folder_absorb__20260719\00_raw_snapshot\from_temp_staging__20260806\羽搧綸巾   经典酷黑   灵动版\company\ZTYY\600975.html|D:\Stock\trading_assistant\10_source_library_archive\batch_149_tdx_custom_terminal_external_folder_absorb__20260719\00_raw_snapshot\from_temp_staging__20260806\羽搧綸巾   经典酷黑   灵动版\company\ZTYY\603829.html
7592	2	2	D:\Stock\trading_assistant\10_source_library_archive\batch_149_tdx_custom_terminal_external_folder_absorb__20260719\00_raw_snapshot\from_temp_staging__20260806\羽搧綸巾   经典酷黑   灵动版\company\ZTYY\601001.html|D:\Stock\trading_assistant\10_source_library_archive\batch_149_tdx_custom_terminal_external_folder_absorb__20260719\00_raw_snapshot\from_temp_staging__20260806\羽搧綸巾   经典酷黑   灵动版\company\ZTYY\603444.html
3805	2	2	D:\Stock\trading_assistant\10_source_library_archive\batch_149_tdx_custom_terminal_external_folder_absorb__20260719\00_raw_snapshot\from_temp_staging__20260806\羽搧綸巾   经典酷黑   灵动版\company\ZTYY\600999.html|D:\Stock\trading_assistant\10_source_library_archive\batch_149_tdx_custom_terminal_external_folder_absorb__20260719\00_raw_snapshot\from_temp_staging__20260806\羽搧綸巾   经典酷黑   灵动版\company\ZTYY\688237.html
7471	2	2	D:\Stock\trading_assistant\10_source_library_archive\batch_149_tdx_custom_terminal_external_folder_absorb__20260719\00_raw_snapshot\from_temp_staging__20260806\羽搧綸巾   经典酷黑   灵动版\company\ZTYY\600995.html|D:\Stock\trading_assistant\10_source_library_archive\batch_149_tdx_custom_terminal_external_folder_absorb__20260719\00_raw_snapshot\from_temp_staging__20260806\羽搧綸巾   经典酷黑   灵动版\company\ZTYY\603713.html
8689	2	2	D:\Stock\trading_assistant\10_source_library_archive\batch_149_tdx_custom_terminal_external_folder_absorb__20260719\00_raw_snapshot\from_temp_staging__20260806\羽搧綸巾   经典酷黑   灵动版\company\ZTYY\603583.html|D:\Stock\trading_assistant\10_source_library_archive\batch_149_tdx_custom_terminal_external_folder_absorb__20260719\00_raw_snapshot\from_temp_staging__20260806\羽搧綸巾   经典酷黑   灵动版\company\ZTYY\605081.html
2273	2	2	D:\Stock\trading_assistant\10_source_library_archive\batch_149_tdx_custom_terminal_external_folder_absorb__20260719\00_raw_snapshot\from_temp_staging__20260806\羽搧綸巾   经典酷黑   灵动版\company\ZTYY\688529.html|D:\Stock\trading_assistant\10_source_library_archive\batch_149_tdx_custom_terminal_external_folder_absorb__20260719\00_raw_snapshot\from_temp_staging__20260806\羽搧綸巾   经典酷黑   灵动版\company\ZTYY\871634.html
1991	2	2	D:\Stock\trading_assistant\10_source_library_archive\batch_149_tdx_custom_terminal_external_folder_absorb__20260719\00_raw_snapshot\from_temp_staging__20260806\羽搧綸巾   经典酷黑   灵动版\company\ZTYY\688513.html|D:\Stock\trading_assistant\10_source_library_archive\batch_149_tdx_custom_terminal_external_folder_absorb__20260719\00_raw_snapshot\from_temp_staging__20260806\羽搧綸巾   经典酷黑   灵动版\company\ZTYY\688520.html
1712	2	2	D:\Stock\trading_assistant\10_source_library_archive\batch_149_tdx_custom_terminal_external_folder_absorb__20260719\00_raw_snapshot\from_temp_staging__20260806\羽搧綸巾   经典酷黑   灵动版\company\ZTYY\688503.html|D:\Stock\trading_assistant\10_source_library_archive\batch_149_tdx_custom_terminal_external_folder_absorb__20260719\00_raw_snapshot\from_temp_staging__20260806\羽搧綸巾   经典酷黑   灵动版\company\ZTYY\830946.html
3648	2	2	D:\Stock\trading_assistant\10_source_library_archive\batch_149_tdx_custom_terminal_external_folder_absorb__20260719\00_raw_snapshot\from_temp_staging__20260806\羽搧綸巾   经典酷黑   灵动版\company\ZTYY\688535.html|D:\Stock\trading_assistant\10_source_library_archive\batch_149_tdx_custom_terminal_external_folder_absorb__20260719\00_raw_snapshot\from_temp_staging__20260806\羽搧綸巾   经典酷黑   灵动版\company\ZTYY\831526.html
1699	2	2	D:\Stock\trading_assistant\10_source_library_archive\batch_149_tdx_custom_terminal_external_folder_absorb__20260719\00_raw_snapshot\from_temp_staging__20260806\羽搧綸巾   经典酷黑   灵动版\company\ZTYY\688615.html|D:\Stock\trading_assistant\10_source_library_archive\batch_149_tdx_custom_terminal_external_folder_absorb__20260719\00_raw_snapshot\from_temp_staging__20260806\羽搧綸巾   经典酷黑   灵动版\company\ZTYY\920008.html
843	2	2	D:\Stock\trading_assistant\10_source_library_archive\batch_149_tdx_custom_terminal_external_folder_absorb__20260719\00_raw_snapshot\from_temp_staging__20260806\羽搧綸巾   经典酷黑   灵动版\company\ZTYY\688563.html|D:\Stock\trading_assistant\10_source_library_archive\batch_149_tdx_custom_terminal_external_folder_absorb__20260719\00_raw_snapshot\from_temp_staging__20260806\羽搧綸巾   经典酷黑   灵动版\company\ZTYY\920019.html
3024	2	2	D:\Stock\trading_assistant\10_source_library_archive\batch_149_tdx_custom_terminal_external_folder_absorb__20260719\00_raw_snapshot\from_temp_staging__20260806\羽搧綸巾   经典酷黑   灵动版\company\ZTYY\688556.html|D:\Stock\trading_assistant\10_source_library_archive\batch_149_tdx_custom_terminal_external_folder_absorb__20260719\00_raw_snapshot\from_temp_staging__20260806\羽搧綸巾   经典酷黑   灵动版\company\ZTYY\833873.html
1788	2	2	D:\Stock\trading_assistant\10_source_library_archive\batch_149_tdx_custom_terminal_external_folder_absorb__20260719\00_raw_snapshot\from_temp_staging__20260806\羽搧綸巾   经典酷黑   灵动版\company\ZTYY\688309.html|D:\Stock\trading_assistant\10_source_library_archive\batch_149_tdx_custom_terminal_external_folder_absorb__20260719\00_raw_snapshot\from_temp_staging__20260806\羽搧綸巾   经典酷黑   灵动版\company\ZTYY\688382.html
1639	2	2	D:\Stock\trading_assistant\10_source_library_archive\batch_149_tdx_custom_terminal_external_folder_absorb__20260719\00_raw_snapshot\from_temp_staging__20260806\羽搧綸巾   经典酷黑   灵动版\company\ZTYY\688305.html|D:\Stock\trading_assistant\10_source_library_archive\batch_149_tdx_custom_terminal_external_folder_absorb__20260719\00_raw_snapshot\from_temp_staging__20260806\羽搧綸巾   经典酷黑   灵动版\jspages\guba\deletedialog.html
2787	2	2	D:\Stock\trading_assistant\10_source_library_archive\batch_149_tdx_custom_terminal_external_folder_absorb__20260719\00_raw_snapshot\from_temp_staging__20260806\羽搧綸巾   经典酷黑   灵动版\company\ZTYY\688293.html|D:\Stock\trading_assistant\10_source_library_archive\batch_149_tdx_custom_terminal_external_folder_absorb__20260719\00_raw_snapshot\from_temp_staging__20260806\羽搧綸巾   经典酷黑   灵动版\company\ZTYY\688636.html
3373	2	2	D:\Stock\trading_assistant\10_source_library_archive\batch_149_tdx_custom_terminal_external_folder_absorb__20260719\00_raw_snapshot\from_temp_staging__20260806\羽搧綸巾   经典酷黑   灵动版\company\ZTYY\688380.html|D:\Stock\trading_assistant\10_source_library_archive\batch_149_tdx_custom_terminal_external_folder_absorb__20260719\00_raw_snapshot\from_temp_staging__20260806\羽搧綸巾   经典酷黑   灵动版\company\fxzj.html
2771	2	2	D:\Stock\trading_assistant\10_source_library_archive\batch_149_tdx_custom_terminal_external_folder_absorb__20260719\00_raw_snapshot\from_temp_staging__20260806\羽搧綸巾   经典酷黑   灵动版\company\ZTYY\688420.html|D:\Stock\trading_assistant\10_source_library_archive\batch_149_tdx_custom_terminal_external_folder_absorb__20260719\00_raw_snapshot\from_temp_staging__20260806\羽搧綸巾   经典酷黑   灵动版\webs\cfg\Cha快捷键1.html
3110	2	2	D:\Stock\trading_assistant\10_source_library_archive\batch_149_tdx_custom_terminal_external_folder_absorb__20260719\00_raw_snapshot\from_temp_staging__20260806\羽搧綸巾   经典酷黑   灵动版\company\ZTYY\688396.html|D:\Stock\trading_assistant\10_source_library_archive\batch_149_tdx_custom_terminal_external_folder_absorb__20260719\00_raw_snapshot\from_temp_staging__20260806\羽搧綸巾   经典酷黑   灵动版\company\ZTYY\835305.html
3023	2	2	D:\Stock\trading_assistant\10_source_library_archive\batch_149_tdx_custom_terminal_external_folder_absorb__20260719\00_raw_snapshot\from_temp_staging__20260806\羽搧綸巾   经典酷黑   灵动版\company\ZTYY\688386.html|D:\Stock\trading_assistant\10_source_library_archive\batch_149_tdx_custom_terminal_external_folder_absorb__20260719\00_raw_snapshot\from_temp_staging__20260806\羽搧綸巾   经典酷黑   灵动版\jspages\pc-zcfx\stockMore.html
4510	2	2	D:\Stock\trading_assistant\10_source_library_archive\batch_149_tdx_custom_terminal_external_folder_absorb__20260719\00_raw_snapshot\from_temp_staging__20260806\羽搧綸巾   经典酷黑   灵动版\company\ZTYY\688646.html|D:\Stock\trading_assistant\10_source_library_archive\batch_149_tdx_custom_terminal_external_folder_absorb__20260719\00_raw_snapshot\from_temp_staging__20260806\羽搧綸巾   经典酷黑   灵动版\HGPlugins\Webs\yyksc\index.html
3025	2	2	D:\Stock\trading_assistant\10_source_library_archive\batch_149_tdx_custom_terminal_external_folder_absorb__20260719\00_raw_snapshot\from_temp_staging__20260806\羽搧綸巾   经典酷黑   灵动版\jspages\pc-zcfx\stockClear.html|D:\Stock\trading_assistant\10_source_library_archive\batch_149_tdx_custom_terminal_external_folder_absorb__20260719\00_raw_snapshot\from_temp_staging__20260806\羽搧綸巾   经典酷黑   灵动版\jspages\pc-zcfx\tOperation.html
3028	2	2	D:\Stock\trading_assistant\10_source_library_archive\batch_149_tdx_custom_terminal_external_folder_absorb__20260719\00_raw_snapshot\from_temp_staging__20260806\羽搧綸巾   经典酷黑   灵动版\jspages\pc-yuntu\page-dp.html|D:\Stock\trading_assistant\10_source_library_archive\batch_149_tdx_custom_terminal_external_folder_absorb__20260719\00_raw_snapshot\from_temp_staging__20260806\羽搧綸巾   经典酷黑   灵动版\jspages\pc-yuntu-qh\page-dp.html
1631	2	2	D:\Stock\trading_assistant\10_source_library_archive\batch_149_tdx_custom_terminal_external_folder_absorb__20260719\00_raw_snapshot\from_temp_staging__20260806\羽搧綸巾   经典酷黑   灵动版\jspages\guba\jbdialog.html|D:\Stock\trading_assistant\10_source_library_archive\batch_149_tdx_custom_terminal_external_folder_absorb__20260719\00_raw_snapshot\from_temp_staging__20260806\羽搧綸巾   经典酷黑   灵动版\jspages\guba\sendpost.html
1419	2	2	D:\Stock\trading_assistant\10_source_library_archive\batch_149_tdx_custom_terminal_external_folder_absorb__20260719\00_raw_snapshot\from_temp_staging__20260806\羽搧綸巾   经典酷黑   灵动版\jspages\web-center\data-auth.html|D:\Stock\trading_assistant\10_source_library_archive\batch_149_tdx_custom_terminal_external_folder_absorb__20260719\00_raw_snapshot\from_temp_staging__20260806\羽搧綸巾   经典酷黑   灵动版\jspages\web-center\myservice.html
2625	2	2	D:\Stock\trading_assistant\10_source_library_archive\batch_149_tdx_custom_terminal_external_folder_absorb__20260719\00_raw_snapshot\from_temp_staging__20260806\羽搧綸巾   经典酷黑   灵动版\company\ZTYY\000001.html|D:\Stock\trading_assistant\10_source_library_archive\batch_149_tdx_custom_terminal_external_folder_absorb__20260719\00_raw_snapshot\from_temp_staging__20260806\羽搧綸巾   经典酷黑   灵动版\company\ZTYY\301073.html
2203	2	2	D:\Stock\trading_assistant\10_source_library_archive\batch_149_tdx_custom_terminal_external_folder_absorb__20260719\00_raw_snapshot\from_temp_staging__20260806\羽搧綸巾   经典酷黑   灵动版\webs\cfg\Cha自选股.html|D:\Stock\trading_assistant\10_source_library_archive\batch_149_tdx_custom_terminal_external_folder_absorb__20260719\00_raw_snapshot\from_temp_staging__20260806\羽搧綸巾   经典酷黑   灵动版\webs\cfg\daolan.html
106	2	2	D:\Stock\trading_assistant\10_source_library_archive\batch_149_tdx_custom_terminal_external_folder_absorb__20260719\00_raw_snapshot\from_temp_staging__20260806\羽搧綸巾   经典酷黑   灵动版\T0002\msg_zx\realinfo_16914711.html|D:\Stock\trading_assistant\10_source_library_archive\batch_149_tdx_custom_terminal_external_folder_absorb__20260719\00_raw_snapshot\from_temp_staging__20260806\羽搧綸巾   经典酷黑   灵动版\T0002\msg_zx\realinfo_21705931.html
1273	2	2	D:\Stock\trading_assistant\10_source_library_archive\batch_149_tdx_custom_terminal_external_folder_absorb__20260719\00_raw_snapshot\from_temp_staging__20260806\羽搧綸巾   经典酷黑   灵动版\company\ZTYY\831167.html|D:\Stock\trading_assistant\10_source_library_archive\batch_149_tdx_custom_terminal_external_folder_absorb__20260719\00_raw_snapshot\from_temp_staging__20260806\羽搧綸巾   经典酷黑   灵动版\company\ZTYY\836871.html
1748	2	2	D:\Stock\trading_assistant\10_source_library_archive\batch_149_tdx_custom_terminal_external_folder_absorb__20260719\00_raw_snapshot\from_temp_staging__20260806\羽搧綸巾   经典酷黑   灵动版\company\ZTYY\688702.html|D:\Stock\trading_assistant\10_source_library_archive\batch_149_tdx_custom_terminal_external_folder_absorb__20260719\00_raw_snapshot\from_temp_staging__20260806\羽搧綸巾   经典酷黑   灵动版\company\关联板块.html
2057	2	2	D:\Stock\trading_assistant\10_source_library_archive\batch_149_tdx_custom_terminal_external_folder_absorb__20260719\00_raw_snapshot\from_temp_staging__20260806\羽搧綸巾   经典酷黑   灵动版\company\ZTYY\688667.html|D:\Stock\trading_assistant\10_source_library_archive\batch_149_tdx_custom_terminal_external_folder_absorb__20260719\00_raw_snapshot\from_temp_staging__20260806\羽搧綸巾   经典酷黑   灵动版\company\ZTYY\831832.html
1113	2	2	D:\Stock\trading_assistant\10_source_library_archive\batch_149_tdx_custom_terminal_external_folder_absorb__20260719\00_raw_snapshot\from_temp_staging__20260806\羽搧綸巾   经典酷黑   灵动版\company\ZTYY\831304.html|D:\Stock\trading_assistant\10_source_library_archive\batch_149_tdx_custom_terminal_external_folder_absorb__20260719\00_raw_snapshot\from_temp_staging__20260806\羽搧綸巾   经典酷黑   灵动版\company\板块解读.html
5488	2	2	D:\Stock\trading_assistant\10_source_library_archive\batch_149_tdx_custom_terminal_external_folder_absorb__20260719\00_raw_snapshot\from_temp_staging__20260806\羽搧綸巾   经典酷黑   灵动版\company\AI挖掘机附件.html|D:\Stock\trading_assistant\10_source_library_archive\batch_149_tdx_custom_terminal_external_folder_absorb__20260719\00_raw_snapshot\from_temp_staging__20260806\羽搧綸巾   经典酷黑   灵动版\company\AI挖掘机附件2.html
1015	2	2	D:\Stock\trading_assistant\10_source_library_archive\batch_149_tdx_custom_terminal_external_folder_absorb__20260719\00_raw_snapshot\from_temp_staging__20260806\羽搧綸巾   经典酷黑   灵动版\company\AI挖掘机.html|D:\Stock\trading_assistant\10_source_library_archive\batch_149_tdx_custom_terminal_external_folder_absorb__20260719\00_raw_snapshot\from_temp_staging__20260806\羽搧綸巾   经典酷黑   灵动版\webs\cfg\zsd.html
5029	2	2	D:\Stock\trading_assistant\10_source_library_archive\batch_149_tdx_custom_terminal_external_folder_absorb__20260719\00_raw_snapshot\from_temp_staging__20260806\羽搧綸巾   经典酷黑   灵动版\company\ZTYY\835207.html|D:\Stock\trading_assistant\10_source_library_archive\batch_149_tdx_custom_terminal_external_folder_absorb__20260719\00_raw_snapshot\from_temp_staging__20260806\羽搧綸巾   经典酷黑   灵动版\company\ZTYY\838971.html
6556	2	2	D:\Stock\trading_assistant\10_source_library_archive\batch_149_tdx_custom_terminal_external_folder_absorb__20260719\00_raw_snapshot\from_temp_staging__20260806\羽搧綸巾   经典酷黑   灵动版\company\ZTYY\605296.html|D:\Stock\trading_assistant\10_source_library_archive\batch_149_tdx_custom_terminal_external_folder_absorb__20260719\00_raw_snapshot\from_temp_staging__20260806\羽搧綸巾   经典酷黑   灵动版\company\东财资金流.html
8105	2	2	D:\Stock\trading_assistant\10_source_library_archive\batch_149_tdx_custom_terminal_external_folder_absorb__20260719\00_raw_snapshot\from_temp_staging__20260806\羽搧綸巾   经典酷黑   灵动版\company\ZTYY\605089.html|D:\Stock\trading_assistant\10_source_library_archive\batch_149_tdx_custom_terminal_external_folder_absorb__20260719\00_raw_snapshot\from_temp_staging__20260806\羽搧綸巾   经典酷黑   灵动版\company\ZTYY\605099.html
6370	2	2	D:\Stock\trading_assistant\10_source_library_archive\batch_149_tdx_custom_terminal_external_folder_absorb__20260719\00_raw_snapshot\from_temp_staging__20260806\羽搧綸巾   经典酷黑   灵动版\company\ZTYY\605077.html|D:\Stock\trading_assistant\10_source_library_archive\batch_149_tdx_custom_terminal_external_folder_absorb__20260719\00_raw_snapshot\from_temp_staging__20260806\羽搧綸巾   经典酷黑   灵动版\company\昨日关注.html
2940	2	2	D:\Stock\trading_assistant\10_source_library_archive\batch_149_tdx_custom_terminal_external_folder_absorb__20260719\00_raw_snapshot\from_temp_staging__20260806\羽搧綸巾   经典酷黑   灵动版\company\ZTYY\688001.html|D:\Stock\trading_assistant\10_source_library_archive\batch_149_tdx_custom_terminal_external_folder_absorb__20260719\00_raw_snapshot\from_temp_staging__20260806\羽搧綸巾   经典酷黑   灵动版\company\ZTYY\688272.html
1728	2	2	D:\Stock\trading_assistant\10_source_library_archive\batch_149_tdx_custom_terminal_external_folder_absorb__20260719\00_raw_snapshot\from_temp_staging__20260806\羽搧綸巾   经典酷黑   灵动版\company\ZTYY\688019.html|D:\Stock\trading_assistant\10_source_library_archive\batch_149_tdx_custom_terminal_external_folder_absorb__20260719\00_raw_snapshot\from_temp_staging__20260806\羽搧綸巾   经典酷黑   灵动版\company\ZTYY\688670.html
1630	2	2	D:\Stock\trading_assistant\10_source_library_archive\batch_149_tdx_custom_terminal_external_folder_absorb__20260719\00_raw_snapshot\from_temp_staging__20260806\羽搧綸巾   经典酷黑   灵动版\company\ZTYY\688016.html|D:\Stock\trading_assistant\10_source_library_archive\batch_149_tdx_custom_terminal_external_folder_absorb__20260719\00_raw_snapshot\from_temp_staging__20260806\羽搧綸巾   经典酷黑   灵动版\company\ZTYY\688626.html
4679	2	2	D:\Stock\trading_assistant\10_source_library_archive\batch_149_tdx_custom_terminal_external_folder_absorb__20260719\00_raw_snapshot\from_temp_staging__20260806\羽搧綸巾   经典酷黑   灵动版\company\ZTYY\688015.html|D:\Stock\trading_assistant\10_source_library_archive\batch_149_tdx_custom_terminal_external_folder_absorb__20260719\00_raw_snapshot\from_temp_staging__20260806\羽搧綸巾   经典酷黑   灵动版\company\ZTYY\688717.html
11686	2	2	D:\Stock\trading_assistant\10_source_library_archive\batch_149_tdx_custom_terminal_external_folder_absorb__20260719\00_raw_snapshot\from_temp_staging__20260806\羽搧綸巾   经典酷黑   灵动版\company\ZTYY\603777.html|D:\Stock\trading_assistant\10_source_library_archive\batch_149_tdx_custom_terminal_external_folder_absorb__20260719\00_raw_snapshot\from_temp_staging__20260806\羽搧綸巾   经典酷黑   灵动版\company\ZTYY\605179.html
7978	2	2	D:\Stock\trading_assistant\10_source_library_archive\batch_149_tdx_custom_terminal_external_folder_absorb__20260719\00_raw_snapshot\from_temp_staging__20260806\羽搧綸巾   经典酷黑   灵动版\company\ZTYY\603615.html|D:\Stock\trading_assistant\10_source_library_archive\batch_149_tdx_custom_terminal_external_folder_absorb__20260719\00_raw_snapshot\from_temp_staging__20260806\羽搧綸巾   经典酷黑   灵动版\company\ZTYY\603929.html
11155	2	2	D:\Stock\trading_assistant\10_source_library_archive\batch_149_tdx_custom_terminal_external_folder_absorb__20260719\00_raw_snapshot\from_temp_staging__20260806\羽搧綸巾   经典酷黑   灵动版\company\ZTYY\603611.html|D:\Stock\trading_assistant\10_source_library_archive\batch_149_tdx_custom_terminal_external_folder_absorb__20260719\00_raw_snapshot\from_temp_staging__20260806\羽搧綸巾   经典酷黑   灵动版\webs\cfg\Cha工具1.html
7390	2	2	D:\Stock\trading_assistant\10_source_library_archive\batch_149_tdx_custom_terminal_external_folder_absorb__20260719\00_raw_snapshot\from_temp_staging__20260806\羽搧綸巾   经典酷黑   灵动版\company\ZTYY\603779.html|D:\Stock\trading_assistant\10_source_library_archive\batch_149_tdx_custom_terminal_external_folder_absorb__20260719\00_raw_snapshot\from_temp_staging__20260806\羽搧綸巾   经典酷黑   灵动版\company\ZTYY\688653.html
10006	2	2	D:\Stock\trading_assistant\10_source_library_archive\batch_149_tdx_custom_terminal_external_folder_absorb__20260719\00_raw_snapshot\from_temp_staging__20260806\羽搧綸巾   经典酷黑   灵动版\company\ZTYY\603979.html|D:\Stock\trading_assistant\10_source_library_archive\batch_149_tdx_custom_terminal_external_folder_absorb__20260719\00_raw_snapshot\from_temp_staging__20260806\羽搧綸巾   经典酷黑   灵动版\company\主题机会A.html
8386	2	2	D:\Stock\trading_assistant\10_source_library_archive\batch_149_tdx_custom_terminal_external_folder_absorb__20260719\00_raw_snapshot\from_temp_staging__20260806\羽搧綸巾   经典酷黑   灵动版\company\ZTYY\603906.html|D:\Stock\trading_assistant\10_source_library_archive\batch_149_tdx_custom_terminal_external_folder_absorb__20260719\00_raw_snapshot\from_temp_staging__20260806\羽搧綸巾   经典酷黑   灵动版\company\ZTYY\605007.html
8804	2	2	D:\Stock\trading_assistant\10_source_library_archive\batch_149_tdx_custom_terminal_external_folder_absorb__20260719\00_raw_snapshot\from_temp_staging__20260806\羽搧綸巾   经典酷黑   灵动版\company\ZTYY\603788.html|D:\Stock\trading_assistant\10_source_library_archive\batch_149_tdx_custom_terminal_external_folder_absorb__20260719\00_raw_snapshot\from_temp_staging__20260806\羽搧綸巾   经典酷黑   灵动版\company\ZTYY\605177.html
3426	2	2	D:\Stock\trading_assistant\10_source_library_archive\batch_149_tdx_custom_terminal_external_folder_absorb__20260719\00_raw_snapshot\from_temp_staging__20260806\羽搧綸巾   经典酷黑   灵动版\company\ZTYY\688025.html|D:\Stock\trading_assistant\10_source_library_archive\batch_149_tdx_custom_terminal_external_folder_absorb__20260719\00_raw_snapshot\from_temp_staging__20260806\羽搧綸巾   经典酷黑   灵动版\company\ZTYY\836414.html
1789	2	2	D:\Stock\trading_assistant\10_source_library_archive\batch_149_tdx_custom_terminal_external_folder_absorb__20260719\00_raw_snapshot\from_temp_staging__20260806\羽搧綸巾   经典酷黑   灵动版\company\ZTYY\688177.html|D:\Stock\trading_assistant\10_source_library_archive\batch_149_tdx_custom_terminal_external_folder_absorb__20260719\00_raw_snapshot\from_temp_staging__20260806\羽搧綸巾   经典酷黑   灵动版\company\ZTYY\688319.html
2031	2	2	D:\Stock\trading_assistant\10_source_library_archive\batch_149_tdx_custom_terminal_external_folder_absorb__20260719\00_raw_snapshot\from_temp_staging__20260806\羽搧綸巾   经典酷黑   灵动版\company\ZTYY\688161.html|D:\Stock\trading_assistant\10_source_library_archive\batch_149_tdx_custom_terminal_external_folder_absorb__20260719\00_raw_snapshot\from_temp_staging__20260806\羽搧綸巾   经典酷黑   灵动版\company\ZTYY\688215.html
2336	2	2	D:\Stock\trading_assistant\10_source_library_archive\batch_149_tdx_custom_terminal_external_folder_absorb__20260719\00_raw_snapshot\from_temp_staging__20260806\羽搧綸巾   经典酷黑   灵动版\company\ZTYY\688150.html|D:\Stock\trading_assistant\10_source_library_archive\batch_149_tdx_custom_terminal_external_folder_absorb__20260719\00_raw_snapshot\from_temp_staging__20260806\羽搧綸巾   经典酷黑   灵动版\company\ZTYY\688351.html
3314	2	2	D:\Stock\trading_assistant\10_source_library_archive\batch_149_tdx_custom_terminal_external_folder_absorb__20260719\00_raw_snapshot\from_temp_staging__20260806\羽搧綸巾   经典酷黑   灵动版\company\ZTYY\688179.html|D:\Stock\trading_assistant\10_source_library_archive\batch_149_tdx_custom_terminal_external_folder_absorb__20260719\00_raw_snapshot\from_temp_staging__20260806\羽搧綸巾   经典酷黑   灵动版\company\ZTYY\688981.html
3809	2	2	D:\Stock\trading_assistant\10_source_library_archive\batch_149_tdx_custom_terminal_external_folder_absorb__20260719\00_raw_snapshot\from_temp_staging__20260806\羽搧綸巾   经典酷黑   灵动版\company\ZTYY\688291.html|D:\Stock\trading_assistant\10_source_library_archive\batch_149_tdx_custom_terminal_external_folder_absorb__20260719\00_raw_snapshot\from_temp_staging__20260806\羽搧綸巾   经典酷黑   灵动版\company\ZTYY\688300.html
2166	2	2	D:\Stock\trading_assistant\10_source_library_archive\batch_149_tdx_custom_terminal_external_folder_absorb__20260719\00_raw_snapshot\from_temp_staging__20260806\羽搧綸巾   经典酷黑   灵动版\company\ZTYY\688255.html|D:\Stock\trading_assistant\10_source_library_archive\batch_149_tdx_custom_terminal_external_folder_absorb__20260719\00_raw_snapshot\from_temp_staging__20260806\羽搧綸巾   经典酷黑   灵动版\webs\cfg\fpmm.html
3038	2	2	D:\Stock\trading_assistant\10_source_library_archive\batch_149_tdx_custom_terminal_external_folder_absorb__20260719\00_raw_snapshot\from_temp_staging__20260806\羽搧綸巾   经典酷黑   灵动版\company\ZTYY\688183.html|D:\Stock\trading_assistant\10_source_library_archive\batch_149_tdx_custom_terminal_external_folder_absorb__20260719\00_raw_snapshot\from_temp_staging__20260806\羽搧綸巾   经典酷黑   灵动版\company\ZTYY\839680.html
2008	2	2	D:\Stock\trading_assistant\10_source_library_archive\batch_149_tdx_custom_terminal_external_folder_absorb__20260719\00_raw_snapshot\from_temp_staging__20260806\羽搧綸巾   经典酷黑   灵动版\company\ZTYY\688092.html|D:\Stock\trading_assistant\10_source_library_archive\batch_149_tdx_custom_terminal_external_folder_absorb__20260719\00_raw_snapshot\from_temp_staging__20260806\羽搧綸巾   经典酷黑   灵动版\company\ZTYY\688628.html
3585	2	2	D:\Stock\trading_assistant\10_source_library_archive\batch_149_tdx_custom_terminal_external_folder_absorb__20260719\00_raw_snapshot\from_temp_staging__20260806\羽搧綸巾   经典酷黑   灵动版\company\ZTYY\688072.html|D:\Stock\trading_assistant\10_source_library_archive\batch_149_tdx_custom_terminal_external_folder_absorb__20260719\00_raw_snapshot\from_temp_staging__20260806\羽搧綸巾   经典酷黑   灵动版\company\ZTYY\688720.html
4593	2	2	D:\Stock\trading_assistant\10_source_library_archive\batch_149_tdx_custom_terminal_external_folder_absorb__20260719\00_raw_snapshot\from_temp_staging__20260806\羽搧綸巾   经典酷黑   灵动版\company\ZTYY\688028.html|D:\Stock\trading_assistant\10_source_library_archive\batch_149_tdx_custom_terminal_external_folder_absorb__20260719\00_raw_snapshot\from_temp_staging__20260806\羽搧綸巾   经典酷黑   灵动版\webs\cfg\Cha行业.html
2471	2	2	D:\Stock\trading_assistant\10_source_library_archive\batch_149_tdx_custom_terminal_external_folder_absorb__20260719\00_raw_snapshot\from_temp_staging__20260806\羽搧綸巾   经典酷黑   灵动版\company\ZTYY\688106.html|D:\Stock\trading_assistant\10_source_library_archive\batch_149_tdx_custom_terminal_external_folder_absorb__20260719\00_raw_snapshot\from_temp_staging__20260806\羽搧綸巾   经典酷黑   灵动版\company\ZTYY\688695.html
2122	2	2	D:\Stock\trading_assistant\10_source_library_archive\batch_149_tdx_custom_terminal_external_folder_absorb__20260719\00_raw_snapshot\from_temp_staging__20260806\羽搧綸巾   经典酷黑   灵动版\company\ZTYY\688136.html|D:\Stock\trading_assistant\10_source_library_archive\batch_149_tdx_custom_terminal_external_folder_absorb__20260719\00_raw_snapshot\from_temp_staging__20260806\羽搧綸巾   经典酷黑   灵动版\webs\cfg\tel_login_ok.html
1706	2	2	D:\Stock\trading_assistant\10_source_library_archive\batch_149_tdx_custom_terminal_external_folder_absorb__20260719\00_raw_snapshot\from_temp_staging__20260806\羽搧綸巾   经典酷黑   灵动版\company\ZTYY\688126.html|D:\Stock\trading_assistant\10_source_library_archive\batch_149_tdx_custom_terminal_external_folder_absorb__20260719\00_raw_snapshot\from_temp_staging__20260806\羽搧綸巾   经典酷黑   灵动版\company\ZTYY\688236.html
3090	2	2	D:\Stock\trading_assistant\10_source_library_archive\batch_149_tdx_custom_terminal_external_folder_absorb__20260719\00_raw_snapshot\from_temp_staging__20260806\羽搧綸巾   经典酷黑   灵动版\company\ZTYY\688120.html|D:\Stock\trading_assistant\10_source_library_archive\batch_149_tdx_custom_terminal_external_folder_absorb__20260719\00_raw_snapshot\from_temp_staging__20260806\羽搧綸巾   经典酷黑   灵动版\company\ZTYY\688234.html
8949	2	2	D:\Stock\trading_assistant\10_source_library_archive\batch_149_tdx_custom_terminal_external_folder_absorb__20260719\00_raw_snapshot\from_temp_staging__20260806\羽搧綸巾   经典酷黑   灵动版\company\ZTYY\600695.html|D:\Stock\trading_assistant\10_source_library_archive\batch_149_tdx_custom_terminal_external_folder_absorb__20260719\00_raw_snapshot\from_temp_staging__20260806\羽搧綸巾   经典酷黑   灵动版\webs\cfg\Cha投研.html
4377	2	2	D:\Stock\trading_assistant\10_source_library_archive\batch_149_tdx_custom_terminal_external_folder_absorb__20260719\00_raw_snapshot\from_temp_staging__20260806\羽搧綸巾   经典酷黑   灵动版\company\ZTYY\430198.html|D:\Stock\trading_assistant\10_source_library_archive\batch_149_tdx_custom_terminal_external_folder_absorb__20260719\00_raw_snapshot\from_temp_staging__20260806\羽搧綸巾   经典酷黑   灵动版\company\ZTYY\688327.html
1401	2	2	D:\Stock\trading_assistant\10_source_library_archive\batch_149_tdx_custom_terminal_external_folder_absorb__20260719\00_raw_snapshot\from_temp_staging__20260806\羽搧綸巾   经典酷黑   灵动版\company\ZTYY\301589.html|D:\Stock\trading_assistant\10_source_library_archive\batch_149_tdx_custom_terminal_external_folder_absorb__20260719\00_raw_snapshot\from_temp_staging__20260806\羽搧綸巾   经典酷黑   灵动版\company\ZTYY\688193.html
771	2	2	D:\Stock\trading_assistant\10_source_library_archive\batch_149_tdx_custom_terminal_external_folder_absorb__20260719\00_raw_snapshot\from_temp_staging__20260806\羽搧綸巾   经典酷黑   灵动版\company\ZTYY\301559.html|D:\Stock\trading_assistant\10_source_library_archive\batch_149_tdx_custom_terminal_external_folder_absorb__20260719\00_raw_snapshot\from_temp_staging__20260806\羽搧綸巾   经典酷黑   灵动版\company\ZTYY\301618.html
3230	2	2	D:\Stock\trading_assistant\10_source_library_archive\batch_149_tdx_custom_terminal_external_folder_absorb__20260719\00_raw_snapshot\from_temp_staging__20260806\羽搧綸巾   经典酷黑   灵动版\company\ZTYY\430300.html|D:\Stock\trading_assistant\10_source_library_archive\batch_149_tdx_custom_terminal_external_folder_absorb__20260719\00_raw_snapshot\from_temp_staging__20260806\羽搧綸巾   经典酷黑   灵动版\company\ZTYY\688387.html
3823	2	2	D:\Stock\trading_assistant\10_source_library_archive\batch_149_tdx_custom_terminal_external_folder_absorb__20260719\00_raw_snapshot\from_temp_staging__20260806\羽搧綸巾   经典酷黑   灵动版\company\ZTYY\430510.html|D:\Stock\trading_assistant\10_source_library_archive\batch_149_tdx_custom_terminal_external_folder_absorb__20260719\00_raw_snapshot\from_temp_staging__20260806\羽搧綸巾   经典酷黑   灵动版\company\ZTYY\837821.html
3550	2	2	D:\Stock\trading_assistant\10_source_library_archive\batch_149_tdx_custom_terminal_external_folder_absorb__20260719\00_raw_snapshot\from_temp_staging__20260806\羽搧綸巾   经典酷黑   灵动版\company\ZTYY\430489.html|D:\Stock\trading_assistant\10_source_library_archive\batch_149_tdx_custom_terminal_external_folder_absorb__20260719\00_raw_snapshot\from_temp_staging__20260806\羽搧綸巾   经典酷黑   灵动版\company\ZTYY\600188.html
1747	2	2	D:\Stock\trading_assistant\10_source_library_archive\batch_149_tdx_custom_terminal_external_folder_absorb__20260719\00_raw_snapshot\from_temp_staging__20260806\羽搧綸巾   经典酷黑   灵动版\company\ZTYY\430478.html|D:\Stock\trading_assistant\10_source_library_archive\batch_149_tdx_custom_terminal_external_folder_absorb__20260719\00_raw_snapshot\from_temp_staging__20260806\羽搧綸巾   经典酷黑   灵动版\company\ZTYY\688188.html
2808	2	2	D:\Stock\trading_assistant\10_source_library_archive\batch_149_tdx_custom_terminal_external_folder_absorb__20260719\00_raw_snapshot\from_temp_staging__20260806\羽搧綸巾   经典酷黑   灵动版\company\ZTYY\301377.html|D:\Stock\trading_assistant\10_source_library_archive\batch_149_tdx_custom_terminal_external_folder_absorb__20260719\00_raw_snapshot\from_temp_staging__20260806\羽搧綸巾   经典酷黑   灵动版\company\ZTYY\836221.html
3113	2	2	D:\Stock\trading_assistant\10_source_library_archive\batch_149_tdx_custom_terminal_external_folder_absorb__20260719\00_raw_snapshot\from_temp_staging__20260806\羽搧綸巾   经典酷黑   灵动版\company\ZTYY\301376.html|D:\Stock\trading_assistant\10_source_library_archive\batch_149_tdx_custom_terminal_external_folder_absorb__20260719\00_raw_snapshot\from_temp_staging__20260806\羽搧綸巾   经典酷黑   灵动版\company\ZTYY\688522.html
4457	2	2	D:\Stock\trading_assistant\10_source_library_archive\batch_149_tdx_custom_terminal_external_folder_absorb__20260719\00_raw_snapshot\from_temp_staging__20260806\羽搧綸巾   经典酷黑   灵动版\company\ZTYY\301369.html|D:\Stock\trading_assistant\10_source_library_archive\batch_149_tdx_custom_terminal_external_folder_absorb__20260719\00_raw_snapshot\from_temp_staging__20260806\羽搧綸巾   经典酷黑   灵动版\company\ZTYY\688606.html
2082	2	2	D:\Stock\trading_assistant\10_source_library_archive\batch_149_tdx_custom_terminal_external_folder_absorb__20260719\00_raw_snapshot\from_temp_staging__20260806\羽搧綸巾   经典酷黑   灵动版\company\ZTYY\301379.html|D:\Stock\trading_assistant\10_source_library_archive\batch_149_tdx_custom_terminal_external_folder_absorb__20260719\00_raw_snapshot\from_temp_staging__20260806\羽搧綸巾   经典酷黑   灵动版\company\ZTYY\688256.html
1240	2	2	D:\Stock\trading_assistant\10_source_library_archive\batch_149_tdx_custom_terminal_external_folder_absorb__20260719\00_raw_snapshot\from_temp_staging__20260806\羽搧綸巾   经典酷黑   灵动版\company\ZTYY\301518.html|D:\Stock\trading_assistant\10_source_library_archive\batch_149_tdx_custom_terminal_external_folder_absorb__20260719\00_raw_snapshot\from_temp_staging__20260806\羽搧綸巾   经典酷黑   灵动版\company\ZTYY\301606.html
3819	2	2	D:\Stock\trading_assistant\10_source_library_archive\batch_149_tdx_custom_terminal_external_folder_absorb__20260719\00_raw_snapshot\from_temp_staging__20260806\羽搧綸巾   经典酷黑   灵动版\company\ZTYY\301511.html|D:\Stock\trading_assistant\10_source_library_archive\batch_149_tdx_custom_terminal_external_folder_absorb__20260719\00_raw_snapshot\from_temp_staging__20260806\羽搧綸巾   经典酷黑   灵动版\company\ZTYY\603599.html
4220	2	2	D:\Stock\trading_assistant\10_source_library_archive\batch_149_tdx_custom_terminal_external_folder_absorb__20260719\00_raw_snapshot\from_temp_staging__20260806\羽搧綸巾   经典酷黑   灵动版\company\ZTYY\301383.html|D:\Stock\trading_assistant\10_source_library_archive\batch_149_tdx_custom_terminal_external_folder_absorb__20260719\00_raw_snapshot\from_temp_staging__20260806\羽搧綸巾   经典酷黑   灵动版\company\ZTYY\601390.html
1825	2	2	D:\Stock\trading_assistant\10_source_library_archive\batch_149_tdx_custom_terminal_external_folder_absorb__20260719\00_raw_snapshot\from_temp_staging__20260806\羽搧綸巾   经典酷黑   灵动版\company\ZTYY\600011.html|D:\Stock\trading_assistant\10_source_library_archive\batch_149_tdx_custom_terminal_external_folder_absorb__20260719\00_raw_snapshot\from_temp_staging__20260806\羽搧綸巾   经典酷黑   灵动版\company\ZTYY\688510.html
5924	2	2	D:\Stock\trading_assistant\10_source_library_archive\batch_149_tdx_custom_terminal_external_folder_absorb__20260719\00_raw_snapshot\from_temp_staging__20260806\羽搧綸巾   经典酷黑   灵动版\company\ZTYY\600078.html|D:\Stock\trading_assistant\10_source_library_archive\batch_149_tdx_custom_terminal_external_folder_absorb__20260719\00_raw_snapshot\from_temp_staging__20260806\羽搧綸巾   经典酷黑   灵动版\company\ZTYY\605189.html
9323	2	2	D:\Stock\trading_assistant\10_source_library_archive\batch_149_tdx_custom_terminal_external_folder_absorb__20260719\00_raw_snapshot\from_temp_staging__20260806\羽搧綸巾   经典酷黑   灵动版\company\ZTYY\600077.html|D:\Stock\trading_assistant\10_source_library_archive\batch_149_tdx_custom_terminal_external_folder_absorb__20260719\00_raw_snapshot\from_temp_staging__20260806\羽搧綸巾   经典酷黑   灵动版\company\ZTYY\603798.html
8460	2	2	D:\Stock\trading_assistant\10_source_library_archive\batch_149_tdx_custom_terminal_external_folder_absorb__20260719\00_raw_snapshot\from_temp_staging__20260806\羽搧綸巾   经典酷黑   灵动版\company\ZTYY\600075.html|D:\Stock\trading_assistant\10_source_library_archive\batch_149_tdx_custom_terminal_external_folder_absorb__20260719\00_raw_snapshot\from_temp_staging__20260806\羽搧綸巾   经典酷黑   灵动版\company\ZTYY\600877.html
8365	2	2	D:\Stock\trading_assistant\10_source_library_archive\batch_149_tdx_custom_terminal_external_folder_absorb__20260719\00_raw_snapshot\from_temp_staging__20260806\羽搧綸巾   经典酷黑   灵动版\company\ZTYY\600080.html|D:\Stock\trading_assistant\10_source_library_archive\batch_149_tdx_custom_terminal_external_folder_absorb__20260719\00_raw_snapshot\from_temp_staging__20260806\羽搧綸巾   经典酷黑   灵动版\company\ZTYY\603690.html
10709	2	2	D:\Stock\trading_assistant\10_source_library_archive\batch_149_tdx_custom_terminal_external_folder_absorb__20260719\00_raw_snapshot\from_temp_staging__20260806\羽搧綸巾   经典酷黑   灵动版\company\ZTYY\600119.html|D:\Stock\trading_assistant\10_source_library_archive\batch_149_tdx_custom_terminal_external_folder_absorb__20260719\00_raw_snapshot\from_temp_staging__20260806\羽搧綸巾   经典酷黑   灵动版\company\ZTYY\600467.html
6789	2	2	D:\Stock\trading_assistant\10_source_library_archive\batch_149_tdx_custom_terminal_external_folder_absorb__20260719\00_raw_snapshot\from_temp_staging__20260806\羽搧綸巾   经典酷黑   灵动版\company\ZTYY\600112.html|D:\Stock\trading_assistant\10_source_library_archive\batch_149_tdx_custom_terminal_external_folder_absorb__20260719\00_raw_snapshot\from_temp_staging__20260806\羽搧綸巾   经典酷黑   灵动版\company\ZTYY\600688.html
2834	2	2	D:\Stock\trading_assistant\10_source_library_archive\batch_149_tdx_custom_terminal_external_folder_absorb__20260719\00_raw_snapshot\from_temp_staging__20260806\羽搧綸巾   经典酷黑   灵动版\company\ZTYY\600085.html|D:\Stock\trading_assistant\10_source_library_archive\batch_149_tdx_custom_terminal_external_folder_absorb__20260719\00_raw_snapshot\from_temp_staging__20260806\羽搧綸巾   经典酷黑   灵动版\jspages1\dist\index.html
1642	2	2	D:\Stock\trading_assistant\10_source_library_archive\batch_149_tdx_custom_terminal_external_folder_absorb__20260719\00_raw_snapshot\from_temp_staging__20260806\羽搧綸巾   经典酷黑   灵动版\company\ZTYY\600036.html|D:\Stock\trading_assistant\10_source_library_archive\batch_149_tdx_custom_terminal_external_folder_absorb__20260719\00_raw_snapshot\from_temp_staging__20260806\羽搧綸巾   经典酷黑   灵动版\company\ZTYY\688137.html
3607	2	2	D:\Stock\trading_assistant\10_source_library_archive\batch_149_tdx_custom_terminal_external_folder_absorb__20260719\00_raw_snapshot\from_temp_staging__20260806\羽搧綸巾   经典酷黑   灵动版\company\ZTYY\600033.html|D:\Stock\trading_assistant\10_source_library_archive\batch_149_tdx_custom_terminal_external_folder_absorb__20260719\00_raw_snapshot\from_temp_staging__20260806\羽搧綸巾   经典酷黑   灵动版\company\ZTYY\688069.html
9705	2	2	D:\Stock\trading_assistant\10_source_library_archive\batch_149_tdx_custom_terminal_external_folder_absorb__20260719\00_raw_snapshot\from_temp_staging__20260806\羽搧綸巾   经典酷黑   灵动版\company\ZTYY\600021.html|D:\Stock\trading_assistant\10_source_library_archive\batch_149_tdx_custom_terminal_external_folder_absorb__20260719\00_raw_snapshot\from_temp_staging__20260806\羽搧綸巾   经典酷黑   灵动版\company\ZTYY\603360.html
3240	2	2	D:\Stock\trading_assistant\10_source_library_archive\batch_149_tdx_custom_terminal_external_folder_absorb__20260719\00_raw_snapshot\from_temp_staging__20260806\羽搧綸巾   经典酷黑   灵动版\company\ZTYY\600050.html|D:\Stock\trading_assistant\10_source_library_archive\batch_149_tdx_custom_terminal_external_folder_absorb__20260719\00_raw_snapshot\from_temp_staging__20260806\羽搧綸巾   经典酷黑   灵动版\company\ZTYY\688213.html
10266	2	2	D:\Stock\trading_assistant\10_source_library_archive\batch_149_tdx_custom_terminal_external_folder_absorb__20260719\00_raw_snapshot\from_temp_staging__20260806\羽搧綸巾   经典酷黑   灵动版\company\ZTYY\600071.html|D:\Stock\trading_assistant\10_source_library_archive\batch_149_tdx_custom_terminal_external_folder_absorb__20260719\00_raw_snapshot\from_temp_staging__20260806\羽搧綸巾   经典酷黑   灵动版\company\ZTYY\603439.html
5481	2	2	D:\Stock\trading_assistant\10_source_library_archive\batch_149_tdx_custom_terminal_external_folder_absorb__20260719\00_raw_snapshot\from_temp_staging__20260806\羽搧綸巾   经典酷黑   灵动版\company\ZTYY\600057.html|D:\Stock\trading_assistant\10_source_library_archive\batch_149_tdx_custom_terminal_external_folder_absorb__20260719\00_raw_snapshot\from_temp_staging__20260806\羽搧綸巾   经典酷黑   灵动版\company\ZTYY\601236.html
8191	2	2	D:\Stock\trading_assistant\10_source_library_archive\batch_149_tdx_custom_terminal_external_folder_absorb__20260719\00_raw_snapshot\from_temp_staging__20260806\羽搧綸巾   经典酷黑   灵动版\company\ZTYY\600051.html|D:\Stock\trading_assistant\10_source_library_archive\batch_149_tdx_custom_terminal_external_folder_absorb__20260719\00_raw_snapshot\from_temp_staging__20260806\羽搧綸巾   经典酷黑   灵动版\company\ZTYY\603712.html
6429	2	2	D:\Stock\trading_assistant\10_source_library_archive\batch_149_tdx_custom_terminal_external_folder_absorb__20260719\00_raw_snapshot\from_temp_staging__20260806\羽搧綸巾   经典酷黑   灵动版\company\ZTYY\301162.html|D:\Stock\trading_assistant\10_source_library_archive\batch_149_tdx_custom_terminal_external_folder_absorb__20260719\00_raw_snapshot\from_temp_staging__20260806\羽搧綸巾   经典酷黑   灵动版\company\ZTYY\301281.html
4623	2	2	D:\Stock\trading_assistant\10_source_library_archive\batch_149_tdx_custom_terminal_external_folder_absorb__20260719\00_raw_snapshot\from_temp_staging__20260806\羽搧綸巾   经典酷黑   灵动版\company\ZTYY\301153.html|D:\Stock\trading_assistant\10_source_library_archive\batch_149_tdx_custom_terminal_external_folder_absorb__20260719\00_raw_snapshot\from_temp_staging__20260806\羽搧綸巾   经典酷黑   灵动版\jspages\pc-zbpt\index.html
3797	2	2	D:\Stock\trading_assistant\10_source_library_archive\batch_149_tdx_custom_terminal_external_folder_absorb__20260719\00_raw_snapshot\from_temp_staging__20260806\羽搧綸巾   经典酷黑   灵动版\company\ZTYY\301137.html|D:\Stock\trading_assistant\10_source_library_archive\batch_149_tdx_custom_terminal_external_folder_absorb__20260719\00_raw_snapshot\from_temp_staging__20260806\羽搧綸巾   经典酷黑   灵动版\company\ZTYY\688090.html
1796	2	2	D:\Stock\trading_assistant\10_source_library_archive\batch_149_tdx_custom_terminal_external_folder_absorb__20260719\00_raw_snapshot\from_temp_staging__20260806\羽搧綸巾   经典酷黑   灵动版\company\ZTYY\301175.html|D:\Stock\trading_assistant\10_source_library_archive\batch_149_tdx_custom_terminal_external_folder_absorb__20260719\00_raw_snapshot\from_temp_staging__20260806\羽搧綸巾   经典酷黑   灵动版\company\ZTYY\600276.html
3213	2	2	D:\Stock\trading_assistant\10_source_library_archive\batch_149_tdx_custom_terminal_external_folder_absorb__20260719\00_raw_snapshot\from_temp_staging__20260806\羽搧綸巾   经典酷黑   灵动版\company\ZTYY\301199.html|D:\Stock\trading_assistant\10_source_library_archive\batch_149_tdx_custom_terminal_external_folder_absorb__20260719\00_raw_snapshot\from_temp_staging__20260806\羽搧綸巾   经典酷黑   灵动版\company\ZTYY\688655.html
5565	2	2	D:\Stock\trading_assistant\10_source_library_archive\batch_149_tdx_custom_terminal_external_folder_absorb__20260719\00_raw_snapshot\from_temp_staging__20260806\羽搧綸巾   经典酷黑   灵动版\company\ZTYY\301197.html|D:\Stock\trading_assistant\10_source_library_archive\batch_149_tdx_custom_terminal_external_folder_absorb__20260719\00_raw_snapshot\from_temp_staging__20260806\羽搧綸巾   经典酷黑   灵动版\company\ZTYY\603157.html
4048	2	2	D:\Stock\trading_assistant\10_source_library_archive\batch_149_tdx_custom_terminal_external_folder_absorb__20260719\00_raw_snapshot\from_temp_staging__20260806\羽搧綸巾   经典酷黑   灵动版\company\ZTYY\301189.html|D:\Stock\trading_assistant\10_source_library_archive\batch_149_tdx_custom_terminal_external_folder_absorb__20260719\00_raw_snapshot\from_temp_staging__20260806\羽搧綸巾   经典酷黑   灵动版\company\ZTYY\688590.html
2418	2	2	D:\Stock\trading_assistant\10_source_library_archive\batch_149_tdx_custom_terminal_external_folder_absorb__20260719\00_raw_snapshot\from_temp_staging__20260806\羽搧綸巾   经典酷黑   灵动版\company\ZTYY\301087.html|D:\Stock\trading_assistant\10_source_library_archive\batch_149_tdx_custom_terminal_external_folder_absorb__20260719\00_raw_snapshot\from_temp_staging__20260806\羽搧綸巾   经典酷黑   灵动版\company\ZTYY\688388.html
8713	2	2	D:\Stock\trading_assistant\10_source_library_archive\batch_149_tdx_custom_terminal_external_folder_absorb__20260719\00_raw_snapshot\from_temp_staging__20260806\羽搧綸巾   经典酷黑   灵动版\company\ZTYY\301085.html|D:\Stock\trading_assistant\10_source_library_archive\batch_149_tdx_custom_terminal_external_folder_absorb__20260719\00_raw_snapshot\from_temp_staging__20260806\羽搧綸巾   经典酷黑   灵动版\company\同花顺可比公司.html
6773	2	2	D:\Stock\trading_assistant\10_source_library_archive\batch_149_tdx_custom_terminal_external_folder_absorb__20260719\00_raw_snapshot\from_temp_staging__20260806\羽搧綸巾   经典酷黑   灵动版\company\ZTYY\301082.html|D:\Stock\trading_assistant\10_source_library_archive\batch_149_tdx_custom_terminal_external_folder_absorb__20260719\00_raw_snapshot\from_temp_staging__20260806\羽搧綸巾   经典酷黑   灵动版\company\异动解读(定).html
1150	2	2	D:\Stock\trading_assistant\10_source_library_archive\batch_149_tdx_custom_terminal_external_folder_absorb__20260719\00_raw_snapshot\from_temp_staging__20260806\羽搧綸巾   经典酷黑   灵动版\company\ZTYY\301093.html|D:\Stock\trading_assistant\10_source_library_archive\batch_149_tdx_custom_terminal_external_folder_absorb__20260719\00_raw_snapshot\from_temp_staging__20260806\羽搧綸巾   经典酷黑   灵动版\company\ZTYY\601997.html
3710	2	2	D:\Stock\trading_assistant\10_source_library_archive\batch_149_tdx_custom_terminal_external_folder_absorb__20260719\00_raw_snapshot\from_temp_staging__20260806\羽搧綸巾   经典酷黑   灵动版\company\ZTYY\301133.html|D:\Stock\trading_assistant\10_source_library_archive\batch_149_tdx_custom_terminal_external_folder_absorb__20260719\00_raw_snapshot\from_temp_staging__20260806\羽搧綸巾   经典酷黑   灵动版\company\ZTYY\688116.html
5489	2	2	D:\Stock\trading_assistant\10_source_library_archive\batch_149_tdx_custom_terminal_external_folder_absorb__20260719\00_raw_snapshot\from_temp_staging__20260806\羽搧綸巾   经典酷黑   灵动版\company\ZTYY\301120.html|D:\Stock\trading_assistant\10_source_library_archive\batch_149_tdx_custom_terminal_external_folder_absorb__20260719\00_raw_snapshot\from_temp_staging__20260806\羽搧綸巾   经典酷黑   灵动版\company\ZTYY\603558.html
1952	2	2	D:\Stock\trading_assistant\10_source_library_archive\batch_149_tdx_custom_terminal_external_folder_absorb__20260719\00_raw_snapshot\from_temp_staging__20260806\羽搧綸巾   经典酷黑   灵动版\company\ZTYY\301106.html|D:\Stock\trading_assistant\10_source_library_archive\batch_149_tdx_custom_terminal_external_folder_absorb__20260719\00_raw_snapshot\from_temp_staging__20260806\羽搧綸巾   经典酷黑   灵动版\company\ZTYY\688372.html
4139	2	2	D:\Stock\trading_assistant\10_source_library_archive\batch_149_tdx_custom_terminal_external_folder_absorb__20260719\00_raw_snapshot\from_temp_staging__20260806\羽搧綸巾   经典酷黑   灵动版\company\ZTYY\301209.html|D:\Stock\trading_assistant\10_source_library_archive\batch_149_tdx_custom_terminal_external_folder_absorb__20260719\00_raw_snapshot\from_temp_staging__20260806\羽搧綸巾   经典酷黑   灵动版\company\ZTYY\688112.html
1224	2	2	D:\Stock\trading_assistant\10_source_library_archive\batch_149_tdx_custom_terminal_external_folder_absorb__20260719\00_raw_snapshot\from_temp_staging__20260806\羽搧綸巾   经典酷黑   灵动版\company\ZTYY\301356.html|D:\Stock\trading_assistant\10_source_library_archive\batch_149_tdx_custom_terminal_external_folder_absorb__20260719\00_raw_snapshot\from_temp_staging__20260806\羽搧綸巾   经典酷黑   灵动版\company\ZTYY\835640.html
3402	2	2	D:\Stock\trading_assistant\10_source_library_archive\batch_149_tdx_custom_terminal_external_folder_absorb__20260719\00_raw_snapshot\from_temp_staging__20260806\羽搧綸巾   经典酷黑   灵动版\company\ZTYY\301353.html|D:\Stock\trading_assistant\10_source_library_archive\batch_149_tdx_custom_terminal_external_folder_absorb__20260719\00_raw_snapshot\from_temp_staging__20260806\羽搧綸巾   经典酷黑   灵动版\company\ZTYY\688709.html
3618	2	2	D:\Stock\trading_assistant\10_source_library_archive\batch_149_tdx_custom_terminal_external_folder_absorb__20260719\00_raw_snapshot\from_temp_staging__20260806\羽搧綸巾   经典酷黑   灵动版\company\ZTYY\301349.html|D:\Stock\trading_assistant\10_source_library_archive\batch_149_tdx_custom_terminal_external_folder_absorb__20260719\00_raw_snapshot\from_temp_staging__20260806\羽搧綸巾   经典酷黑   灵动版\company\ZTYY\600893.html
3408	2	2	D:\Stock\trading_assistant\10_source_library_archive\batch_149_tdx_custom_terminal_external_folder_absorb__20260719\00_raw_snapshot\from_temp_staging__20260806\羽搧綸巾   经典酷黑   灵动版\company\ZTYY\301359.html|D:\Stock\trading_assistant\10_source_library_archive\batch_149_tdx_custom_terminal_external_folder_absorb__20260719\00_raw_snapshot\from_temp_staging__20260806\羽搧綸巾   经典酷黑   灵动版\company\ZTYY\600090.html
2990	2	2	D:\Stock\trading_assistant\10_source_library_archive\batch_149_tdx_custom_terminal_external_folder_absorb__20260719\00_raw_snapshot\from_temp_staging__20260806\羽搧綸巾   经典酷黑   灵动版\company\ZTYY\301367.html|D:\Stock\trading_assistant\10_source_library_archive\batch_149_tdx_custom_terminal_external_folder_absorb__20260719\00_raw_snapshot\from_temp_staging__20260806\羽搧綸巾   经典酷黑   灵动版\company\ZTYY\838670.html
2068	2	2	D:\Stock\trading_assistant\10_source_library_archive\batch_149_tdx_custom_terminal_external_folder_absorb__20260719\00_raw_snapshot\from_temp_staging__20260806\羽搧綸巾   经典酷黑   灵动版\company\ZTYY\301361.html|D:\Stock\trading_assistant\10_source_library_archive\batch_149_tdx_custom_terminal_external_folder_absorb__20260719\00_raw_snapshot\from_temp_staging__20260806\羽搧綸巾   经典酷黑   灵动版\company\ZTYY\688426.html
3596	2	2	D:\Stock\trading_assistant\10_source_library_archive\batch_149_tdx_custom_terminal_external_folder_absorb__20260719\00_raw_snapshot\from_temp_staging__20260806\羽搧綸巾   经典酷黑   灵动版\company\ZTYY\301360.html|D:\Stock\trading_assistant\10_source_library_archive\batch_149_tdx_custom_terminal_external_folder_absorb__20260719\00_raw_snapshot\from_temp_staging__20260806\羽搧綸巾   经典酷黑   灵动版\company\ZTYY\600317.html
3482	2	2	D:\Stock\trading_assistant\10_source_library_archive\batch_149_tdx_custom_terminal_external_folder_absorb__20260719\00_raw_snapshot\from_temp_staging__20260806\羽搧綸巾   经典酷黑   灵动版\company\ZTYY\301301.html|D:\Stock\trading_assistant\10_source_library_archive\batch_149_tdx_custom_terminal_external_folder_absorb__20260719\00_raw_snapshot\from_temp_staging__20260806\羽搧綸巾   经典酷黑   灵动版\company\ZTYY\688244.html
2157	2	2	D:\Stock\trading_assistant\10_source_library_archive\batch_149_tdx_custom_terminal_external_folder_absorb__20260719\00_raw_snapshot\from_temp_staging__20260806\羽搧綸巾   经典酷黑   灵动版\company\ZTYY\301263.html|D:\Stock\trading_assistant\10_source_library_archive\batch_149_tdx_custom_terminal_external_folder_absorb__20260719\00_raw_snapshot\from_temp_staging__20260806\羽搧綸巾   经典酷黑   灵动版\company\ZTYY\301328.html
1830	2	2	D:\Stock\trading_assistant\10_source_library_archive\batch_149_tdx_custom_terminal_external_folder_absorb__20260719\00_raw_snapshot\from_temp_staging__20260806\羽搧綸巾   经典酷黑   灵动版\company\ZTYY\301239.html|D:\Stock\trading_assistant\10_source_library_archive\batch_149_tdx_custom_terminal_external_folder_absorb__20260719\00_raw_snapshot\from_temp_staging__20260806\羽搧綸巾   经典酷黑   灵动版\company\ZTYY\601319.html
1729	2	2	D:\Stock\trading_assistant\10_source_library_archive\batch_149_tdx_custom_terminal_external_folder_absorb__20260719\00_raw_snapshot\from_temp_staging__20260806\羽搧綸巾   经典酷黑   灵动版\company\ZTYY\301322.html|D:\Stock\trading_assistant\10_source_library_archive\batch_149_tdx_custom_terminal_external_folder_absorb__20260719\00_raw_snapshot\from_temp_staging__20260806\羽搧綸巾   经典酷黑   灵动版\company\ZTYY\831087.html
3774	2	2	D:\Stock\trading_assistant\10_source_library_archive\batch_149_tdx_custom_terminal_external_folder_absorb__20260719\00_raw_snapshot\from_temp_staging__20260806\羽搧綸巾   经典酷黑   灵动版\company\ZTYY\301336.html|D:\Stock\trading_assistant\10_source_library_archive\batch_149_tdx_custom_terminal_external_folder_absorb__20260719\00_raw_snapshot\from_temp_staging__20260806\羽搧綸巾   经典酷黑   灵动版\company\ZTYY\688663.html
4412	2	2	D:\Stock\trading_assistant\10_source_library_archive\batch_149_tdx_custom_terminal_external_folder_absorb__20260719\00_raw_snapshot\from_temp_staging__20260806\羽搧綸巾   经典酷黑   灵动版\company\ZTYY\301332.html|D:\Stock\trading_assistant\10_source_library_archive\batch_149_tdx_custom_terminal_external_folder_absorb__20260719\00_raw_snapshot\from_temp_staging__20260806\羽搧綸巾   经典酷黑   灵动版\company\ZTYY\688003.html
1990	2	2	D:\Stock\trading_assistant\10_source_library_archive\batch_149_tdx_custom_terminal_external_folder_absorb__20260719\00_raw_snapshot\from_temp_staging__20260806\羽搧綸巾   经典酷黑   灵动版\company\ZTYY\301331.html|D:\Stock\trading_assistant\10_source_library_archive\batch_149_tdx_custom_terminal_external_folder_absorb__20260719\00_raw_snapshot\from_temp_staging__20260806\羽搧綸巾   经典酷黑   灵动版\company\ZTYY\688127.html
8716	2	2	D:\Stock\trading_assistant\10_source_library_archive\batch_149_tdx_custom_terminal_external_folder_absorb__20260719\00_raw_snapshot\from_temp_staging__20260806\羽搧綸巾   经典酷黑   灵动版\company\ZTYY\600120.html|D:\Stock\trading_assistant\10_source_library_archive\batch_149_tdx_custom_terminal_external_folder_absorb__20260719\00_raw_snapshot\from_temp_staging__20260806\羽搧綸巾   经典酷黑   灵动版\company\ZTYY\603040.html
8898	2	2	D:\Stock\trading_assistant\10_source_library_archive\batch_149_tdx_custom_terminal_external_folder_absorb__20260719\00_raw_snapshot\from_temp_staging__20260806\羽搧綸巾   经典酷黑   灵动版\company\ZTYY\600505.html|D:\Stock\trading_assistant\10_source_library_archive\batch_149_tdx_custom_terminal_external_folder_absorb__20260719\00_raw_snapshot\from_temp_staging__20260806\羽搧綸巾   经典酷黑   灵动版\company\ZTYY\600984.html
2602	2	2	D:\Stock\trading_assistant\10_source_library_archive\batch_149_tdx_custom_terminal_external_folder_absorb__20260719\00_raw_snapshot\from_temp_staging__20260806\羽搧綸巾   经典酷黑   灵动版\company\ZTYY\600485.html|D:\Stock\trading_assistant\10_source_library_archive\batch_149_tdx_custom_terminal_external_folder_absorb__20260719\00_raw_snapshot\from_temp_staging__20260806\羽搧綸巾   经典酷黑   灵动版\company\ZTYY\688301.html
7771	2	2	D:\Stock\trading_assistant\10_source_library_archive\batch_149_tdx_custom_terminal_external_folder_absorb__20260719\00_raw_snapshot\from_temp_staging__20260806\羽搧綸巾   经典酷黑   灵动版\company\ZTYY\600483.html|D:\Stock\trading_assistant\10_source_library_archive\batch_149_tdx_custom_terminal_external_folder_absorb__20260719\00_raw_snapshot\from_temp_staging__20260806\羽搧綸巾   经典酷黑   灵动版\company\ZTYY\601619.html
5174	2	2	D:\Stock\trading_assistant\10_source_library_archive\batch_149_tdx_custom_terminal_external_folder_absorb__20260719\00_raw_snapshot\from_temp_staging__20260806\羽搧綸巾   经典酷黑   灵动版\company\ZTYY\600515.html|D:\Stock\trading_assistant\10_source_library_archive\batch_149_tdx_custom_terminal_external_folder_absorb__20260719\00_raw_snapshot\from_temp_staging__20260806\羽搧綸巾   经典酷黑   灵动版\company\ZTYY\600993.html
3475	2	2	D:\Stock\trading_assistant\10_source_library_archive\batch_149_tdx_custom_terminal_external_folder_absorb__20260719\00_raw_snapshot\from_temp_staging__20260806\羽搧綸巾   经典酷黑   灵动版\company\ZTYY\600535.html|D:\Stock\trading_assistant\10_source_library_archive\batch_149_tdx_custom_terminal_external_folder_absorb__20260719\00_raw_snapshot\from_temp_staging__20260806\羽搧綸巾   经典酷黑   灵动版\company\ZTYY\688138.html
8136	2	2	D:\Stock\trading_assistant\10_source_library_archive\batch_149_tdx_custom_terminal_external_folder_absorb__20260719\00_raw_snapshot\from_temp_staging__20260806\羽搧綸巾   经典酷黑   灵动版\company\ZTYY\600521.html|D:\Stock\trading_assistant\10_source_library_archive\batch_149_tdx_custom_terminal_external_folder_absorb__20260719\00_raw_snapshot\from_temp_staging__20260806\羽搧綸巾   经典酷黑   灵动版\company\ZTYY\601003.html
2041	2	2	D:\Stock\trading_assistant\10_source_library_archive\batch_149_tdx_custom_terminal_external_folder_absorb__20260719\00_raw_snapshot\from_temp_staging__20260806\羽搧綸巾   经典酷黑   灵动版\company\ZTYY\600519.html|D:\Stock\trading_assistant\10_source_library_archive\batch_149_tdx_custom_terminal_external_folder_absorb__20260719\00_raw_snapshot\from_temp_staging__20260806\羽搧綸巾   经典酷黑   灵动版\company\ZTYY\835857.html
8874	2	2	D:\Stock\trading_assistant\10_source_library_archive\batch_149_tdx_custom_terminal_external_folder_absorb__20260719\00_raw_snapshot\from_temp_staging__20260806\羽搧綸巾   经典酷黑   灵动版\company\ZTYY\600428.html|D:\Stock\trading_assistant\10_source_library_archive\batch_149_tdx_custom_terminal_external_folder_absorb__20260719\00_raw_snapshot\from_temp_staging__20260806\羽搧綸巾   经典酷黑   灵动版\company\ZTYY\603768.html
8812	2	2	D:\Stock\trading_assistant\10_source_library_archive\batch_149_tdx_custom_terminal_external_folder_absorb__20260719\00_raw_snapshot\from_temp_staging__20260806\羽搧綸巾   经典酷黑   灵动版\company\ZTYY\600422.html|D:\Stock\trading_assistant\10_source_library_archive\batch_149_tdx_custom_terminal_external_folder_absorb__20260719\00_raw_snapshot\from_temp_staging__20260806\羽搧綸巾   经典酷黑   灵动版\company\ZTYY\600850.html
7606	2	2	D:\Stock\trading_assistant\10_source_library_archive\batch_149_tdx_custom_terminal_external_folder_absorb__20260719\00_raw_snapshot\from_temp_staging__20260806\羽搧綸巾   经典酷黑   灵动版\company\ZTYY\600419.html|D:\Stock\trading_assistant\10_source_library_archive\batch_149_tdx_custom_terminal_external_folder_absorb__20260719\00_raw_snapshot\from_temp_staging__20260806\羽搧綸巾   经典酷黑   灵动版\company\ZTYY\603681.html
8289	2	2	D:\Stock\trading_assistant\10_source_library_archive\batch_149_tdx_custom_terminal_external_folder_absorb__20260719\00_raw_snapshot\from_temp_staging__20260806\羽搧綸巾   经典酷黑   灵动版\company\ZTYY\600429.html|D:\Stock\trading_assistant\10_source_library_archive\batch_149_tdx_custom_terminal_external_folder_absorb__20260719\00_raw_snapshot\from_temp_staging__20260806\羽搧綸巾   经典酷黑   灵动版\company\ZTYY\601019.html
8740	2	2	D:\Stock\trading_assistant\10_source_library_archive\batch_149_tdx_custom_terminal_external_folder_absorb__20260719\00_raw_snapshot\from_temp_staging__20260806\羽搧綸巾   经典酷黑   灵动版\company\ZTYY\600456.html|D:\Stock\trading_assistant\10_source_library_archive\batch_149_tdx_custom_terminal_external_folder_absorb__20260719\00_raw_snapshot\from_temp_staging__20260806\羽搧綸巾   经典酷黑   灵动版\company\ZTYY\603305.html
2886	2	2	D:\Stock\trading_assistant\10_source_library_archive\batch_149_tdx_custom_terminal_external_folder_absorb__20260719\00_raw_snapshot\from_temp_staging__20260806\羽搧綸巾   经典酷黑   灵动版\company\ZTYY\600436.html|D:\Stock\trading_assistant\10_source_library_archive\batch_149_tdx_custom_terminal_external_folder_absorb__20260719\00_raw_snapshot\from_temp_staging__20260806\羽搧綸巾   经典酷黑   灵动版\webs\cfg\yydx.html
9917	2	2	D:\Stock\trading_assistant\10_source_library_archive\batch_149_tdx_custom_terminal_external_folder_absorb__20260719\00_raw_snapshot\from_temp_staging__20260806\羽搧綸巾   经典酷黑   灵动版\company\ZTYY\600435.html|D:\Stock\trading_assistant\10_source_library_archive\batch_149_tdx_custom_terminal_external_folder_absorb__20260719\00_raw_snapshot\from_temp_staging__20260806\羽搧綸巾   经典酷黑   灵动版\company\ZTYY\603066.html
8579	2	2	D:\Stock\trading_assistant\10_source_library_archive\batch_149_tdx_custom_terminal_external_folder_absorb__20260719\00_raw_snapshot\from_temp_staging__20260806\羽搧綸巾   经典酷黑   灵动版\company\ZTYY\600536.html|D:\Stock\trading_assistant\10_source_library_archive\batch_149_tdx_custom_terminal_external_folder_absorb__20260719\00_raw_snapshot\from_temp_staging__20260806\羽搧綸巾   经典酷黑   灵动版\company\ZTYY\603683.html
9196	2	2	D:\Stock\trading_assistant\10_source_library_archive\batch_149_tdx_custom_terminal_external_folder_absorb__20260719\00_raw_snapshot\from_temp_staging__20260806\羽搧綸巾   经典酷黑   灵动版\company\ZTYY\600620.html|D:\Stock\trading_assistant\10_source_library_archive\batch_149_tdx_custom_terminal_external_folder_absorb__20260719\00_raw_snapshot\from_temp_staging__20260806\羽搧綸巾   经典酷黑   灵动版\company\ZTYY\603359.html
6739	2	2	D:\Stock\trading_assistant\10_source_library_archive\batch_149_tdx_custom_terminal_external_folder_absorb__20260719\00_raw_snapshot\from_temp_staging__20260806\羽搧綸巾   经典酷黑   灵动版\company\ZTYY\600612.html|D:\Stock\trading_assistant\10_source_library_archive\batch_149_tdx_custom_terminal_external_folder_absorb__20260719\00_raw_snapshot\from_temp_staging__20260806\羽搧綸巾   经典酷黑   灵动版\company\ZTYY\601016.html
8820	2	2	D:\Stock\trading_assistant\10_source_library_archive\batch_149_tdx_custom_terminal_external_folder_absorb__20260719\00_raw_snapshot\from_temp_staging__20260806\羽搧綸巾   经典酷黑   灵动版\company\ZTYY\600611.html|D:\Stock\trading_assistant\10_source_library_archive\batch_149_tdx_custom_terminal_external_folder_absorb__20260719\00_raw_snapshot\from_temp_staging__20260806\羽搧綸巾   经典酷黑   灵动版\company\ZTYY\603727.html
8464	2	2	D:\Stock\trading_assistant\10_source_library_archive\batch_149_tdx_custom_terminal_external_folder_absorb__20260719\00_raw_snapshot\from_temp_staging__20260806\羽搧綸巾   经典酷黑   灵动版\company\ZTYY\600638.html|D:\Stock\trading_assistant\10_source_library_archive\batch_149_tdx_custom_terminal_external_folder_absorb__20260719\00_raw_snapshot\from_temp_staging__20260806\羽搧綸巾   经典酷黑   灵动版\company\ZTYY\601518.html
9366	2	2	D:\Stock\trading_assistant\10_source_library_archive\batch_149_tdx_custom_terminal_external_folder_absorb__20260719\00_raw_snapshot\from_temp_staging__20260806\羽搧綸巾   经典酷黑   灵动版\company\ZTYY\600689.html|D:\Stock\trading_assistant\10_source_library_archive\batch_149_tdx_custom_terminal_external_folder_absorb__20260719\00_raw_snapshot\from_temp_staging__20260806\羽搧綸巾   经典酷黑   灵动版\company\ZTYY\603922.html
5343	2	2	D:\Stock\trading_assistant\10_source_library_archive\batch_149_tdx_custom_terminal_external_folder_absorb__20260719\00_raw_snapshot\from_temp_staging__20260806\羽搧綸巾   经典酷黑   灵动版\company\ZTYY\600681.html|D:\Stock\trading_assistant\10_source_library_archive\batch_149_tdx_custom_terminal_external_folder_absorb__20260719\00_raw_snapshot\from_temp_staging__20260806\羽搧綸巾   经典酷黑   灵动版\webs\cfg\phzst.html
8737	2	2	D:\Stock\trading_assistant\10_source_library_archive\batch_149_tdx_custom_terminal_external_folder_absorb__20260719\00_raw_snapshot\from_temp_staging__20260806\羽搧綸巾   经典酷黑   灵动版\company\ZTYY\600662.html|D:\Stock\trading_assistant\10_source_library_archive\batch_149_tdx_custom_terminal_external_folder_absorb__20260719\00_raw_snapshot\from_temp_staging__20260806\羽搧綸巾   经典酷黑   灵动版\company\ZTYY\603315.html
10045	2	2	D:\Stock\trading_assistant\10_source_library_archive\batch_149_tdx_custom_terminal_external_folder_absorb__20260719\00_raw_snapshot\from_temp_staging__20260806\羽搧綸巾   经典酷黑   灵动版\company\ZTYY\600567.html|D:\Stock\trading_assistant\10_source_library_archive\batch_149_tdx_custom_terminal_external_folder_absorb__20260719\00_raw_snapshot\from_temp_staging__20260806\羽搧綸巾   经典酷黑   灵动版\company\ZTYY\603708.html
12044	2	2	D:\Stock\trading_assistant\10_source_library_archive\batch_149_tdx_custom_terminal_external_folder_absorb__20260719\00_raw_snapshot\from_temp_staging__20260806\羽搧綸巾   经典酷黑   灵动版\company\ZTYY\600552.html|D:\Stock\trading_assistant\10_source_library_archive\batch_149_tdx_custom_terminal_external_folder_absorb__20260719\00_raw_snapshot\from_temp_staging__20260806\羽搧綸巾   经典酷黑   灵动版\company\ZTYY\600775.html
13231	2	2	D:\Stock\trading_assistant\10_source_library_archive\batch_149_tdx_custom_terminal_external_folder_absorb__20260719\00_raw_snapshot\from_temp_staging__20260806\羽搧綸巾   经典酷黑   灵动版\company\ZTYY\600551.html|D:\Stock\trading_assistant\10_source_library_archive\batch_149_tdx_custom_terminal_external_folder_absorb__20260719\00_raw_snapshot\from_temp_staging__20260806\羽搧綸巾   经典酷黑   灵动版\company\ZTYY\603728.html
10958	2	2	D:\Stock\trading_assistant\10_source_library_archive\batch_149_tdx_custom_terminal_external_folder_absorb__20260719\00_raw_snapshot\from_temp_staging__20260806\羽搧綸巾   经典酷黑   灵动版\company\ZTYY\600590.html|D:\Stock\trading_assistant\10_source_library_archive\batch_149_tdx_custom_terminal_external_folder_absorb__20260719\00_raw_snapshot\from_temp_staging__20260806\羽搧綸巾   经典酷黑   灵动版\company\ZTYY\603860.html
3050	2	2	D:\Stock\trading_assistant\10_source_library_archive\batch_149_tdx_custom_terminal_external_folder_absorb__20260719\00_raw_snapshot\from_temp_staging__20260806\羽搧綸巾   经典酷黑   灵动版\company\ZTYY\600598.html|D:\Stock\trading_assistant\10_source_library_archive\batch_149_tdx_custom_terminal_external_folder_absorb__20260719\00_raw_snapshot\from_temp_staging__20260806\羽搧綸巾   经典酷黑   灵动版\company\ZTYY\603588.html
7866	2	2	D:\Stock\trading_assistant\10_source_library_archive\batch_149_tdx_custom_terminal_external_folder_absorb__20260719\00_raw_snapshot\from_temp_staging__20260806\羽搧綸巾   经典酷黑   灵动版\company\ZTYY\600596.html|D:\Stock\trading_assistant\10_source_library_archive\batch_149_tdx_custom_terminal_external_folder_absorb__20260719\00_raw_snapshot\from_temp_staging__20260806\羽搧綸巾   经典酷黑   灵动版\company\ZTYY\688262.html
10454	2	2	D:\Stock\trading_assistant\10_source_library_archive\batch_149_tdx_custom_terminal_external_folder_absorb__20260719\00_raw_snapshot\from_temp_staging__20260806\羽搧綸巾   经典酷黑   灵动版\company\ZTYY\600593.html|D:\Stock\trading_assistant\10_source_library_archive\batch_149_tdx_custom_terminal_external_folder_absorb__20260719\00_raw_snapshot\from_temp_staging__20260806\羽搧綸巾   经典酷黑   灵动版\company\ZTYY\603507.html
7810	2	2	D:\Stock\trading_assistant\10_source_library_archive\batch_149_tdx_custom_terminal_external_folder_absorb__20260719\00_raw_snapshot\from_temp_staging__20260806\羽搧綸巾   经典酷黑   灵动版\company\ZTYY\600239.html|D:\Stock\trading_assistant\10_source_library_archive\batch_149_tdx_custom_terminal_external_folder_absorb__20260719\00_raw_snapshot\from_temp_staging__20260806\羽搧綸巾   经典酷黑   灵动版\company\ZTYY\603826.html
8952	2	2	D:\Stock\trading_assistant\10_source_library_archive\batch_149_tdx_custom_terminal_external_folder_absorb__20260719\00_raw_snapshot\from_temp_staging__20260806\羽搧綸巾   经典酷黑   灵动版\company\ZTYY\600231.html|D:\Stock\trading_assistant\10_source_library_archive\batch_149_tdx_custom_terminal_external_folder_absorb__20260719\00_raw_snapshot\from_temp_staging__20260806\羽搧綸巾   经典酷黑   灵动版\company\ZTYY\601101.html
10699	2	2	D:\Stock\trading_assistant\10_source_library_archive\batch_149_tdx_custom_terminal_external_folder_absorb__20260719\00_raw_snapshot\from_temp_staging__20260806\羽搧綸巾   经典酷黑   灵动版\company\ZTYY\600228.html|D:\Stock\trading_assistant\10_source_library_archive\batch_149_tdx_custom_terminal_external_folder_absorb__20260719\00_raw_snapshot\from_temp_staging__20260806\羽搧綸巾   经典酷黑   灵动版\company\ZTYY\603177.html
3665	2	2	D:\Stock\trading_assistant\10_source_library_archive\batch_149_tdx_custom_terminal_external_folder_absorb__20260719\00_raw_snapshot\from_temp_staging__20260806\羽搧綸巾   经典酷黑   灵动版\company\ZTYY\600242.html|D:\Stock\trading_assistant\10_source_library_archive\batch_149_tdx_custom_terminal_external_folder_absorb__20260719\00_raw_snapshot\from_temp_staging__20260806\羽搧綸巾   经典酷黑   灵动版\company\ZTYY\838227.html
9865	2	2	D:\Stock\trading_assistant\10_source_library_archive\batch_149_tdx_custom_terminal_external_folder_absorb__20260719\00_raw_snapshot\from_temp_staging__20260806\羽搧綸巾   经典酷黑   灵动版\company\ZTYY\600295.html|D:\Stock\trading_assistant\10_source_library_archive\batch_149_tdx_custom_terminal_external_folder_absorb__20260719\00_raw_snapshot\from_temp_staging__20260806\羽搧綸巾   经典酷黑   灵动版\company\ZTYY\600381.html
10918	2	2	D:\Stock\trading_assistant\10_source_library_archive\batch_149_tdx_custom_terminal_external_folder_absorb__20260719\00_raw_snapshot\from_temp_staging__20260806\羽搧綸巾   经典酷黑   灵动版\company\ZTYY\600277.html|D:\Stock\trading_assistant\10_source_library_archive\batch_149_tdx_custom_terminal_external_folder_absorb__20260719\00_raw_snapshot\from_temp_staging__20260806\羽搧綸巾   经典酷黑   灵动版\company\ZTYY\603048.html
10682	2	2	D:\Stock\trading_assistant\10_source_library_archive\batch_149_tdx_custom_terminal_external_folder_absorb__20260719\00_raw_snapshot\from_temp_staging__20260806\羽搧綸巾   经典酷黑   灵动版\company\ZTYY\600272.html|D:\Stock\trading_assistant\10_source_library_archive\batch_149_tdx_custom_terminal_external_folder_absorb__20260719\00_raw_snapshot\from_temp_staging__20260806\羽搧綸巾   经典酷黑   灵动版\company\ZTYY\603123.html
9305	2	2	D:\Stock\trading_assistant\10_source_library_archive\batch_149_tdx_custom_terminal_external_folder_absorb__20260719\00_raw_snapshot\from_temp_staging__20260806\羽搧綸巾   经典酷黑   灵动版\company\ZTYY\600141.html|D:\Stock\trading_assistant\10_source_library_archive\batch_149_tdx_custom_terminal_external_folder_absorb__20260719\00_raw_snapshot\from_temp_staging__20260806\羽搧綸巾   经典酷黑   灵动版\company\ZTYY\600392.html
9662	2	2	D:\Stock\trading_assistant\10_source_library_archive\batch_149_tdx_custom_terminal_external_folder_absorb__20260719\00_raw_snapshot\from_temp_staging__20260806\羽搧綸巾   经典酷黑   灵动版\company\ZTYY\600127.html|D:\Stock\trading_assistant\10_source_library_archive\batch_149_tdx_custom_terminal_external_folder_absorb__20260719\00_raw_snapshot\from_temp_staging__20260806\羽搧綸巾   经典酷黑   灵动版\company\ZTYY\603617.html
8836	2	2	D:\Stock\trading_assistant\10_source_library_archive\batch_149_tdx_custom_terminal_external_folder_absorb__20260719\00_raw_snapshot\from_temp_staging__20260806\羽搧綸巾   经典酷黑   灵动版\company\ZTYY\600121.html|D:\Stock\trading_assistant\10_source_library_archive\batch_149_tdx_custom_terminal_external_folder_absorb__20260719\00_raw_snapshot\from_temp_staging__20260806\羽搧綸巾   经典酷黑   灵动版\company\ZTYY\600743.html
9336	2	2	D:\Stock\trading_assistant\10_source_library_archive\batch_149_tdx_custom_terminal_external_folder_absorb__20260719\00_raw_snapshot\from_temp_staging__20260806\羽搧綸巾   经典酷黑   灵动版\company\ZTYY\600151.html|D:\Stock\trading_assistant\10_source_library_archive\batch_149_tdx_custom_terminal_external_folder_absorb__20260719\00_raw_snapshot\from_temp_staging__20260806\羽搧綸巾   经典酷黑   灵动版\company\个股全情A.html
9713	2	2	D:\Stock\trading_assistant\10_source_library_archive\batch_149_tdx_custom_terminal_external_folder_absorb__20260719\00_raw_snapshot\from_temp_staging__20260806\羽搧綸巾   经典酷黑   灵动版\company\ZTYY\600218.html|D:\Stock\trading_assistant\10_source_library_archive\batch_149_tdx_custom_terminal_external_folder_absorb__20260719\00_raw_snapshot\from_temp_staging__20260806\羽搧綸巾   经典酷黑   灵动版\company\ZTYY\605198.html
10389	2	2	D:\Stock\trading_assistant\10_source_library_archive\batch_149_tdx_custom_terminal_external_folder_absorb__20260719\00_raw_snapshot\from_temp_staging__20260806\羽搧綸巾   经典酷黑   灵动版\company\ZTYY\600216.html|D:\Stock\trading_assistant\10_source_library_archive\batch_149_tdx_custom_terminal_external_folder_absorb__20260719\00_raw_snapshot\from_temp_staging__20260806\羽搧綸巾   经典酷黑   灵动版\company\ZTYY\605118.html
1635	2	2	D:\Stock\trading_assistant\10_source_library_archive\batch_149_tdx_custom_terminal_external_folder_absorb__20260719\00_raw_snapshot\from_temp_staging__20260806\羽搧綸巾   经典酷黑   灵动版\company\ZTYY\600183.html|D:\Stock\trading_assistant\10_source_library_archive\batch_149_tdx_custom_terminal_external_folder_absorb__20260719\00_raw_snapshot\from_temp_staging__20260806\羽搧綸巾   经典酷黑   灵动版\company\ZTYY\601658.html
4174	2	2	D:\Stock\trading_assistant\10_source_library_archive\batch_149_tdx_custom_terminal_external_folder_absorb__20260719\00_raw_snapshot\from_temp_staging__20260806\羽搧綸巾   经典酷黑   灵动版\company\ZTYY\600299.html|D:\Stock\trading_assistant\10_source_library_archive\batch_149_tdx_custom_terminal_external_folder_absorb__20260719\00_raw_snapshot\from_temp_staging__20260806\羽搧綸巾   经典酷黑   灵动版\company\ZTYY\688147.html
3486	2	2	D:\Stock\trading_assistant\10_source_library_archive\batch_149_tdx_custom_terminal_external_folder_absorb__20260719\00_raw_snapshot\from_temp_staging__20260806\羽搧綸巾   经典酷黑   灵动版\company\ZTYY\600387.html|D:\Stock\trading_assistant\10_source_library_archive\batch_149_tdx_custom_terminal_external_folder_absorb__20260719\00_raw_snapshot\from_temp_staging__20260806\羽搧綸巾   经典酷黑   灵动版\company\ZTYY\600870.html
9799	2	2	D:\Stock\trading_assistant\10_source_library_archive\batch_149_tdx_custom_terminal_external_folder_absorb__20260719\00_raw_snapshot\from_temp_staging__20260806\羽搧綸巾   经典酷黑   灵动版\company\ZTYY\600382.html|D:\Stock\trading_assistant\10_source_library_archive\batch_149_tdx_custom_terminal_external_folder_absorb__20260719\00_raw_snapshot\from_temp_staging__20260806\羽搧綸巾   经典酷黑   灵动版\company\ZTYY\600699.html
2564	2	2	D:\Stock\trading_assistant\10_source_library_archive\batch_149_tdx_custom_terminal_external_folder_absorb__20260719\00_raw_snapshot\from_temp_staging__20260806\羽搧綸巾   经典酷黑   灵动版\company\ZTYY\600380.html|D:\Stock\trading_assistant\10_source_library_archive\batch_149_tdx_custom_terminal_external_folder_absorb__20260719\00_raw_snapshot\from_temp_staging__20260806\羽搧綸巾   经典酷黑   灵动版\company\ZTYY\871553.html
2945	2	2	D:\Stock\trading_assistant\10_source_library_archive\batch_149_tdx_custom_terminal_external_folder_absorb__20260719\00_raw_snapshot\from_temp_staging__20260806\羽搧綸巾   经典酷黑   灵动版\company\ZTYY\600388.html|D:\Stock\trading_assistant\10_source_library_archive\batch_149_tdx_custom_terminal_external_folder_absorb__20260719\00_raw_snapshot\from_temp_staging__20260806\羽搧綸巾   经典酷黑   灵动版\company\ZTYY\837046.html
7878	2	2	D:\Stock\trading_assistant\10_source_library_archive\batch_149_tdx_custom_terminal_external_folder_absorb__20260719\00_raw_snapshot\from_temp_staging__20260806\羽搧綸巾   经典酷黑   灵动版\company\ZTYY\600395.html|D:\Stock\trading_assistant\10_source_library_archive\batch_149_tdx_custom_terminal_external_folder_absorb__20260719\00_raw_snapshot\from_temp_staging__20260806\羽搧綸巾   经典酷黑   灵动版\company\ZTYY\600967.html
8928	2	2	D:\Stock\trading_assistant\10_source_library_archive\batch_149_tdx_custom_terminal_external_folder_absorb__20260719\00_raw_snapshot\from_temp_staging__20260806\羽搧綸巾   经典酷黑   灵动版\company\ZTYY\600391.html|D:\Stock\trading_assistant\10_source_library_archive\batch_149_tdx_custom_terminal_external_folder_absorb__20260719\00_raw_snapshot\from_temp_staging__20260806\羽搧綸巾   经典酷黑   灵动版\company\ZTYY\600859.html
7239	2	2	D:\Stock\trading_assistant\10_source_library_archive\batch_149_tdx_custom_terminal_external_folder_absorb__20260719\00_raw_snapshot\from_temp_staging__20260806\羽搧綸巾   经典酷黑   灵动版\company\ZTYY\600390.html|D:\Stock\trading_assistant\10_source_library_archive\batch_149_tdx_custom_terminal_external_folder_absorb__20260719\00_raw_snapshot\from_temp_staging__20260806\羽搧綸巾   经典酷黑   灵动版\company\ZTYY\603916.html
8310	2	2	D:\Stock\trading_assistant\10_source_library_archive\batch_149_tdx_custom_terminal_external_folder_absorb__20260719\00_raw_snapshot\from_temp_staging__20260806\羽搧綸巾   经典酷黑   灵动版\company\ZTYY\600322.html|D:\Stock\trading_assistant\10_source_library_archive\batch_149_tdx_custom_terminal_external_folder_absorb__20260719\00_raw_snapshot\from_temp_staging__20260806\羽搧綸巾   经典酷黑   灵动版\company\ZTYY\603276.html
4143	2	2	D:\Stock\trading_assistant\10_source_library_archive\batch_149_tdx_custom_terminal_external_folder_absorb__20260719\00_raw_snapshot\from_temp_staging__20260806\羽搧綸巾   经典酷黑   灵动版\company\ZTYY\600311.html|D:\Stock\trading_assistant\10_source_library_archive\batch_149_tdx_custom_terminal_external_folder_absorb__20260719\00_raw_snapshot\from_temp_staging__20260806\羽搧綸巾   经典酷黑   灵动版\company\ZTYY\601868.html
6956	2	2	D:\Stock\trading_assistant\10_source_library_archive\batch_149_tdx_custom_terminal_external_folder_absorb__20260719\00_raw_snapshot\from_temp_staging__20260806\羽搧綸巾   经典酷黑   灵动版\company\ZTYY\600301.html|D:\Stock\trading_assistant\10_source_library_archive\batch_149_tdx_custom_terminal_external_folder_absorb__20260719\00_raw_snapshot\from_temp_staging__20260806\羽搧綸巾   经典酷黑   灵动版\company\ZTYY\600333.html
3087	2	2	D:\Stock\trading_assistant\10_source_library_archive\batch_149_tdx_custom_terminal_external_folder_absorb__20260719\00_raw_snapshot\from_temp_staging__20260806\羽搧綸巾   经典酷黑   灵动版\company\ZTYY\600352.html|D:\Stock\trading_assistant\10_source_library_archive\batch_149_tdx_custom_terminal_external_folder_absorb__20260719\00_raw_snapshot\from_temp_staging__20260806\羽搧綸巾   经典酷黑   灵动版\company\ZTYY\688685.html
8997	2	2	D:\Stock\trading_assistant\10_source_library_archive\batch_149_tdx_custom_terminal_external_folder_absorb__20260719\00_raw_snapshot\from_temp_staging__20260806\羽搧綸巾   经典酷黑   灵动版\company\ZTYY\600379.html|D:\Stock\trading_assistant\10_source_library_archive\batch_149_tdx_custom_terminal_external_folder_absorb__20260719\00_raw_snapshot\from_temp_staging__20260806\羽搧綸巾   经典酷黑   灵动版\company\ZTYY\603997.html
8081	2	2	D:\Stock\trading_assistant\10_source_library_archive\batch_149_tdx_custom_terminal_external_folder_absorb__20260719\00_raw_snapshot\from_temp_staging__20260806\羽搧綸巾   经典酷黑   灵动版\company\ZTYY\600370.html|D:\Stock\trading_assistant\10_source_library_archive\batch_149_tdx_custom_terminal_external_folder_absorb__20260719\00_raw_snapshot\from_temp_staging__20260806\羽搧綸巾   经典酷黑   灵动版\company\ZTYY\603102.html
1647	2	2	D:\Stock\trading_assistant\10_source_library_archive\batch_149_tdx_custom_terminal_external_folder_absorb__20260719\00_raw_snapshot\from_temp_staging__20260806\羽搧綸巾   经典酷黑   灵动版\company\ZTYY\600362.html|D:\Stock\trading_assistant\10_source_library_archive\batch_149_tdx_custom_terminal_external_folder_absorb__20260719\00_raw_snapshot\from_temp_staging__20260806\羽搧綸巾   经典酷黑   灵动版\company\ZTYY\871396.html
6060	2	2	D:\Stock\trading_assistant\10_source_library_archive\batch_149_tdx_custom_terminal_external_folder_absorb__20260719\00_raw_snapshot\from_temp_staging__20260806\羽搧綸巾   经典酷黑   灵动版\company\ZTYY\300386.html|D:\Stock\trading_assistant\10_source_library_archive\batch_149_tdx_custom_terminal_external_folder_absorb__20260719\00_raw_snapshot\from_temp_staging__20260806\羽搧綸巾   经典酷黑   灵动版\company\ZTYY\688661.html
7604	2	2	D:\Stock\trading_assistant\10_source_library_archive\batch_149_tdx_custom_terminal_external_folder_absorb__20260719\00_raw_snapshot\from_temp_staging__20260806\羽搧綸巾   经典酷黑   灵动版\company\ZTYY\001914.html|D:\Stock\trading_assistant\10_source_library_archive\batch_149_tdx_custom_terminal_external_folder_absorb__20260719\00_raw_snapshot\from_temp_staging__20260806\羽搧綸巾   经典酷黑   灵动版\company\ZTYY\600113.html
8904	2	2	D:\Stock\trading_assistant\10_source_library_archive\batch_149_tdx_custom_terminal_external_folder_absorb__20260719\00_raw_snapshot\from_temp_staging__20260806\羽搧綸巾   经典酷黑   灵动版\company\ZTYY\001896.html|D:\Stock\trading_assistant\10_source_library_archive\batch_149_tdx_custom_terminal_external_folder_absorb__20260719\00_raw_snapshot\from_temp_staging__20260806\羽搧綸巾   经典酷黑   灵动版\company\ZTYY\601096.html
7933	2	2	D:\Stock\trading_assistant\10_source_library_archive\batch_149_tdx_custom_terminal_external_folder_absorb__20260719\00_raw_snapshot\from_temp_staging__20260806\羽搧綸巾   经典酷黑   灵动版\company\ZTYY\001380.html|D:\Stock\trading_assistant\10_source_library_archive\batch_149_tdx_custom_terminal_external_folder_absorb__20260719\00_raw_snapshot\from_temp_staging__20260806\羽搧綸巾   经典酷黑   灵动版\company\ZTYY\002159.html
2192	2	2	D:\Stock\trading_assistant\10_source_library_archive\batch_149_tdx_custom_terminal_external_folder_absorb__20260719\00_raw_snapshot\from_temp_staging__20260806\羽搧綸巾   经典酷黑   灵动版\company\ZTYY\002003.html|D:\Stock\trading_assistant\10_source_library_archive\batch_149_tdx_custom_terminal_external_folder_absorb__20260719\00_raw_snapshot\from_temp_staging__20260806\羽搧綸巾   经典酷黑   灵动版\company\ZTYY\688267.html
2128	2	2	D:\Stock\trading_assistant\10_source_library_archive\batch_149_tdx_custom_terminal_external_folder_absorb__20260719\00_raw_snapshot\from_temp_staging__20260806\羽搧綸巾   经典酷黑   灵动版\company\ZTYY\002001.html|D:\Stock\trading_assistant\10_source_library_archive\batch_149_tdx_custom_terminal_external_folder_absorb__20260719\00_raw_snapshot\from_temp_staging__20260806\羽搧綸巾   经典酷黑   灵动版\company\ZTYY\300752.html
3484	2	2	D:\Stock\trading_assistant\10_source_library_archive\batch_149_tdx_custom_terminal_external_folder_absorb__20260719\00_raw_snapshot\from_temp_staging__20260806\羽搧綸巾   经典酷黑   灵动版\company\ZTYY\001979.html|D:\Stock\trading_assistant\10_source_library_archive\batch_149_tdx_custom_terminal_external_folder_absorb__20260719\00_raw_snapshot\from_temp_staging__20260806\羽搧綸巾   经典酷黑   灵动版\company\ZTYY\300467.html
7612	2	2	D:\Stock\trading_assistant\10_source_library_archive\batch_149_tdx_custom_terminal_external_folder_absorb__20260719\00_raw_snapshot\from_temp_staging__20260806\羽搧綸巾   经典酷黑   灵动版\company\ZTYY\001376.html|D:\Stock\trading_assistant\10_source_library_archive\batch_149_tdx_custom_terminal_external_folder_absorb__20260719\00_raw_snapshot\from_temp_staging__20260806\羽搧綸巾   经典酷黑   灵动版\company\ZTYY\600459.html
8617	2	2	D:\Stock\trading_assistant\10_source_library_archive\batch_149_tdx_custom_terminal_external_folder_absorb__20260719\00_raw_snapshot\from_temp_staging__20260806\羽搧綸巾   经典酷黑   灵动版\company\ZTYY\001317.html|D:\Stock\trading_assistant\10_source_library_archive\batch_149_tdx_custom_terminal_external_folder_absorb__20260719\00_raw_snapshot\from_temp_staging__20260806\羽搧綸巾   经典酷黑   灵动版\company\ZTYY\600058.html
8402	2	2	D:\Stock\trading_assistant\10_source_library_archive\batch_149_tdx_custom_terminal_external_folder_absorb__20260719\00_raw_snapshot\from_temp_staging__20260806\羽搧綸巾   经典酷黑   灵动版\company\ZTYY\001313.html|D:\Stock\trading_assistant\10_source_library_archive\batch_149_tdx_custom_terminal_external_folder_absorb__20260719\00_raw_snapshot\from_temp_staging__20260806\羽搧綸巾   经典酷黑   灵动版\company\ZTYY\603815.html
10412	2	2	D:\Stock\trading_assistant\10_source_library_archive\batch_149_tdx_custom_terminal_external_folder_absorb__20260719\00_raw_snapshot\from_temp_staging__20260806\羽搧綸巾   经典酷黑   灵动版\company\ZTYY\001311.html|D:\Stock\trading_assistant\10_source_library_archive\batch_149_tdx_custom_terminal_external_folder_absorb__20260719\00_raw_snapshot\from_temp_staging__20260806\羽搧綸巾   经典酷黑   灵动版\company\ZTYY\002187.html
4779	2	2	D:\Stock\trading_assistant\10_source_library_archive\batch_149_tdx_custom_terminal_external_folder_absorb__20260719\00_raw_snapshot\from_temp_staging__20260806\羽搧綸巾   经典酷黑   灵动版\company\ZTYY\001359.html|D:\Stock\trading_assistant\10_source_library_archive\batch_149_tdx_custom_terminal_external_folder_absorb__20260719\00_raw_snapshot\from_temp_staging__20260806\羽搧綸巾   经典酷黑   灵动版\company\ZTYY\300927.html
11136	2	2	D:\Stock\trading_assistant\10_source_library_archive\batch_149_tdx_custom_terminal_external_folder_absorb__20260719\00_raw_snapshot\from_temp_staging__20260806\羽搧綸巾   经典酷黑   灵动版\company\ZTYY\001338.html|D:\Stock\trading_assistant\10_source_library_archive\batch_149_tdx_custom_terminal_external_folder_absorb__20260719\00_raw_snapshot\from_temp_staging__20260806\羽搧綸巾   经典酷黑   灵动版\company\ZTYY\601677.html
7087	2	2	D:\Stock\trading_assistant\10_source_library_archive\batch_149_tdx_custom_terminal_external_folder_absorb__20260719\00_raw_snapshot\from_temp_staging__20260806\羽搧綸巾   经典酷黑   灵动版\company\ZTYY\001331.html|D:\Stock\trading_assistant\10_source_library_archive\batch_149_tdx_custom_terminal_external_folder_absorb__20260719\00_raw_snapshot\from_temp_staging__20260806\羽搧綸巾   经典酷黑   灵动版\company\ZTYY\688002.html
6417	2	2	D:\Stock\trading_assistant\10_source_library_archive\batch_149_tdx_custom_terminal_external_folder_absorb__20260719\00_raw_snapshot\from_temp_staging__20260806\羽搧綸巾   经典酷黑   灵动版\company\ZTYY\002004.html|D:\Stock\trading_assistant\10_source_library_archive\batch_149_tdx_custom_terminal_external_folder_absorb__20260719\00_raw_snapshot\from_temp_staging__20260806\羽搧綸巾   经典酷黑   灵动版\company\ZTYY\300300.html
10527	2	2	D:\Stock\trading_assistant\10_source_library_archive\batch_149_tdx_custom_terminal_external_folder_absorb__20260719\00_raw_snapshot\from_temp_staging__20260806\羽搧綸巾   经典酷黑   灵动版\company\ZTYY\002053.html|D:\Stock\trading_assistant\10_source_library_archive\batch_149_tdx_custom_terminal_external_folder_absorb__20260719\00_raw_snapshot\from_temp_staging__20260806\羽搧綸巾   经典酷黑   灵动版\company\ZTYY\002285.html
5166	2	2	D:\Stock\trading_assistant\10_source_library_archive\batch_149_tdx_custom_terminal_external_folder_absorb__20260719\00_raw_snapshot\from_temp_staging__20260806\羽搧綸巾   经典酷黑   灵动版\company\ZTYY\002052.html|D:\Stock\trading_assistant\10_source_library_archive\batch_149_tdx_custom_terminal_external_folder_absorb__20260719\00_raw_snapshot\from_temp_staging__20260806\羽搧綸巾   经典酷黑   灵动版\company\ZTYY\300942.html
4778	2	2	D:\Stock\trading_assistant\10_source_library_archive\batch_149_tdx_custom_terminal_external_folder_absorb__20260719\00_raw_snapshot\from_temp_staging__20260806\羽搧綸巾   经典酷黑   灵动版\company\ZTYY\002049.html|D:\Stock\trading_assistant\10_source_library_archive\batch_149_tdx_custom_terminal_external_folder_absorb__20260719\00_raw_snapshot\from_temp_staging__20260806\羽搧綸巾   经典酷黑   灵动版\company\ZTYY\300898.html
9942	2	2	D:\Stock\trading_assistant\10_source_library_archive\batch_149_tdx_custom_terminal_external_folder_absorb__20260719\00_raw_snapshot\from_temp_staging__20260806\羽搧綸巾   经典酷黑   灵动版\company\ZTYY\002062.html|D:\Stock\trading_assistant\10_source_library_archive\batch_149_tdx_custom_terminal_external_folder_absorb__20260719\00_raw_snapshot\from_temp_staging__20260806\羽搧綸巾   经典酷黑   灵动版\company\ZTYY\603612.html
9545	2	2	D:\Stock\trading_assistant\10_source_library_archive\batch_149_tdx_custom_terminal_external_folder_absorb__20260719\00_raw_snapshot\from_temp_staging__20260806\羽搧綸巾   经典酷黑   灵动版\company\ZTYY\002057.html|D:\Stock\trading_assistant\10_source_library_archive\batch_149_tdx_custom_terminal_external_folder_absorb__20260719\00_raw_snapshot\from_temp_staging__20260806\羽搧綸巾   经典酷黑   灵动版\company\ZTYY\600307.html
11862	2	2	D:\Stock\trading_assistant\10_source_library_archive\batch_149_tdx_custom_terminal_external_folder_absorb__20260719\00_raw_snapshot\from_temp_staging__20260806\羽搧綸巾   经典酷黑   灵动版\company\ZTYY\002055.html|D:\Stock\trading_assistant\10_source_library_archive\batch_149_tdx_custom_terminal_external_folder_absorb__20260719\00_raw_snapshot\from_temp_staging__20260806\羽搧綸巾   经典酷黑   灵动版\company\ZTYY\002184.html
6714	2	2	D:\Stock\trading_assistant\10_source_library_archive\batch_149_tdx_custom_terminal_external_folder_absorb__20260719\00_raw_snapshot\from_temp_staging__20260806\羽搧綸巾   经典酷黑   灵动版\company\ZTYY\002040.html|D:\Stock\trading_assistant\10_source_library_archive\batch_149_tdx_custom_terminal_external_folder_absorb__20260719\00_raw_snapshot\from_temp_staging__20260806\羽搧綸巾   经典酷黑   灵动版\company\ZTYY\300398.html
3997	2	2	D:\Stock\trading_assistant\10_source_library_archive\batch_149_tdx_custom_terminal_external_folder_absorb__20260719\00_raw_snapshot\from_temp_staging__20260806\羽搧綸巾   经典酷黑   灵动版\company\ZTYY\002014.html|D:\Stock\trading_assistant\10_source_library_archive\batch_149_tdx_custom_terminal_external_folder_absorb__20260719\00_raw_snapshot\from_temp_staging__20260806\羽搧綸巾   经典酷黑   灵动版\company\ZTYY\300442.html
9802	2	2	D:\Stock\trading_assistant\10_source_library_archive\batch_149_tdx_custom_terminal_external_folder_absorb__20260719\00_raw_snapshot\from_temp_staging__20260806\羽搧綸巾   经典酷黑   灵动版\company\ZTYY\002010.html|D:\Stock\trading_assistant\10_source_library_archive\batch_149_tdx_custom_terminal_external_folder_absorb__20260719\00_raw_snapshot\from_temp_staging__20260806\羽搧綸巾   经典酷黑   灵动版\company\ZTYY\002502.html
3477	2	2	D:\Stock\trading_assistant\10_source_library_archive\batch_149_tdx_custom_terminal_external_folder_absorb__20260719\00_raw_snapshot\from_temp_staging__20260806\羽搧綸巾   经典酷黑   灵动版\company\ZTYY\002005.html|D:\Stock\trading_assistant\10_source_library_archive\batch_149_tdx_custom_terminal_external_folder_absorb__20260719\00_raw_snapshot\from_temp_staging__20260806\羽搧綸巾   经典酷黑   灵动版\HGPlugins\Webs\yyksc\hgtye_detail.html
10821	2	2	D:\Stock\trading_assistant\10_source_library_archive\batch_149_tdx_custom_terminal_external_folder_absorb__20260719\00_raw_snapshot\from_temp_staging__20260806\羽搧綸巾   经典酷黑   灵动版\company\ZTYY\002031.html|D:\Stock\trading_assistant\10_source_library_archive\batch_149_tdx_custom_terminal_external_folder_absorb__20260719\00_raw_snapshot\from_temp_staging__20260806\羽搧綸巾   经典酷黑   灵动版\company\ZTYY\002972.html
6017	2	2	D:\Stock\trading_assistant\10_source_library_archive\batch_149_tdx_custom_terminal_external_folder_absorb__20260719\00_raw_snapshot\from_temp_staging__20260806\羽搧綸巾   经典酷黑   灵动版\company\ZTYY\002025.html|D:\Stock\trading_assistant\10_source_library_archive\batch_149_tdx_custom_terminal_external_folder_absorb__20260719\00_raw_snapshot\from_temp_staging__20260806\羽搧綸巾   经典酷黑   灵动版\company\ZTYY\688618.html
10144	2	2	D:\Stock\trading_assistant\10_source_library_archive\batch_149_tdx_custom_terminal_external_folder_absorb__20260719\00_raw_snapshot\from_temp_staging__20260806\羽搧綸巾   经典酷黑   灵动版\company\ZTYY\002016.html|D:\Stock\trading_assistant\10_source_library_archive\batch_149_tdx_custom_terminal_external_folder_absorb__20260719\00_raw_snapshot\from_temp_staging__20260806\羽搧綸巾   经典酷黑   灵动版\company\ZTYY\002135.html
8429	2	2	D:\Stock\trading_assistant\10_source_library_archive\batch_149_tdx_custom_terminal_external_folder_absorb__20260719\00_raw_snapshot\from_temp_staging__20260806\羽搧綸巾   经典酷黑   灵动版\company\ZTYY\001207.html|D:\Stock\trading_assistant\10_source_library_archive\batch_149_tdx_custom_terminal_external_folder_absorb__20260719\00_raw_snapshot\from_temp_staging__20260806\羽搧綸巾   经典酷黑   灵动版\company\异动提醒(定).html
5329	2	2	D:\Stock\trading_assistant\10_source_library_archive\batch_149_tdx_custom_terminal_external_folder_absorb__20260719\00_raw_snapshot\from_temp_staging__20260806\羽搧綸巾   经典酷黑   灵动版\company\ZTYY\001201.html|D:\Stock\trading_assistant\10_source_library_archive\batch_149_tdx_custom_terminal_external_folder_absorb__20260719\00_raw_snapshot\from_temp_staging__20260806\羽搧綸巾   经典酷黑   灵动版\company\ZTYY\301516.html
8707	2	2	D:\Stock\trading_assistant\10_source_library_archive\batch_149_tdx_custom_terminal_external_folder_absorb__20260719\00_raw_snapshot\from_temp_staging__20260806\羽搧綸巾   经典酷黑   灵动版\company\ZTYY\000995.html|D:\Stock\trading_assistant\10_source_library_archive\batch_149_tdx_custom_terminal_external_folder_absorb__20260719\00_raw_snapshot\from_temp_staging__20260806\羽搧綸巾   经典酷黑   灵动版\company\ZTYY\002696.html
8010	2	2	D:\Stock\trading_assistant\10_source_library_archive\batch_149_tdx_custom_terminal_external_folder_absorb__20260719\00_raw_snapshot\from_temp_staging__20260806\羽搧綸巾   经典酷黑   灵动版\company\ZTYY\001213.html|D:\Stock\trading_assistant\10_source_library_archive\batch_149_tdx_custom_terminal_external_folder_absorb__20260719\00_raw_snapshot\from_temp_staging__20260806\羽搧綸巾   经典酷黑   灵动版\company\ZTYY\600106.html
7556	2	2	D:\Stock\trading_assistant\10_source_library_archive\batch_149_tdx_custom_terminal_external_folder_absorb__20260719\00_raw_snapshot\from_temp_staging__20260806\羽搧綸巾   经典酷黑   灵动版\company\ZTYY\001210.html|D:\Stock\trading_assistant\10_source_library_archive\batch_149_tdx_custom_terminal_external_folder_absorb__20260719\00_raw_snapshot\from_temp_staging__20260806\羽搧綸巾   经典酷黑   灵动版\company\ZTYY\002860.html
11829	2	2	D:\Stock\trading_assistant\10_source_library_archive\batch_149_tdx_custom_terminal_external_folder_absorb__20260719\00_raw_snapshot\from_temp_staging__20260806\羽搧綸巾   经典酷黑   灵动版\company\ZTYY\001209.html|D:\Stock\trading_assistant\10_source_library_archive\batch_149_tdx_custom_terminal_external_folder_absorb__20260719\00_raw_snapshot\from_temp_staging__20260806\羽搧綸巾   经典酷黑   灵动版\company\ZTYY\002042.html
9615	2	2	D:\Stock\trading_assistant\10_source_library_archive\batch_149_tdx_custom_terminal_external_folder_absorb__20260719\00_raw_snapshot\from_temp_staging__20260806\羽搧綸巾   经典酷黑   灵动版\company\ZTYY\000993.html|D:\Stock\trading_assistant\10_source_library_archive\batch_149_tdx_custom_terminal_external_folder_absorb__20260719\00_raw_snapshot\from_temp_staging__20260806\羽搧綸巾   经典酷黑   灵动版\company\ZTYY\603227.html
7733	2	2	D:\Stock\trading_assistant\10_source_library_archive\batch_149_tdx_custom_terminal_external_folder_absorb__20260719\00_raw_snapshot\from_temp_staging__20260806\羽搧綸巾   经典酷黑   灵动版\company\ZTYY\000966.html|D:\Stock\trading_assistant\10_source_library_archive\batch_149_tdx_custom_terminal_external_folder_absorb__20260719\00_raw_snapshot\from_temp_staging__20260806\羽搧綸巾   经典酷黑   灵动版\company\ZTYY\300169.html
9732	2	2	D:\Stock\trading_assistant\10_source_library_archive\batch_149_tdx_custom_terminal_external_folder_absorb__20260719\00_raw_snapshot\from_temp_staging__20260806\羽搧綸巾   经典酷黑   灵动版\company\ZTYY\000962.html|D:\Stock\trading_assistant\10_source_library_archive\batch_149_tdx_custom_terminal_external_folder_absorb__20260719\00_raw_snapshot\from_temp_staging__20260806\羽搧綸巾   经典酷黑   灵动版\company\ZTYY\002691.html
9890	2	2	D:\Stock\trading_assistant\10_source_library_archive\batch_149_tdx_custom_terminal_external_folder_absorb__20260719\00_raw_snapshot\from_temp_staging__20260806\羽搧綸巾   经典酷黑   灵动版\company\ZTYY\000961.html|D:\Stock\trading_assistant\10_source_library_archive\batch_149_tdx_custom_terminal_external_folder_absorb__20260719\00_raw_snapshot\from_temp_staging__20260806\羽搧綸巾   经典酷黑   灵动版\company\ZTYY\600715.html
6453	2	2	D:\Stock\trading_assistant\10_source_library_archive\batch_149_tdx_custom_terminal_external_folder_absorb__20260719\00_raw_snapshot\from_temp_staging__20260806\羽搧綸巾   经典酷黑   灵动版\company\ZTYY\000977.html|D:\Stock\trading_assistant\10_source_library_archive\batch_149_tdx_custom_terminal_external_folder_absorb__20260719\00_raw_snapshot\from_temp_staging__20260806\羽搧綸巾   经典酷黑   灵动版\company\ZTYY\603298.html
6676	2	2	D:\Stock\trading_assistant\10_source_library_archive\batch_149_tdx_custom_terminal_external_folder_absorb__20260719\00_raw_snapshot\from_temp_staging__20260806\羽搧綸巾   经典酷黑   灵动版\company\ZTYY\000971.html|D:\Stock\trading_assistant\10_source_library_archive\batch_149_tdx_custom_terminal_external_folder_absorb__20260719\00_raw_snapshot\from_temp_staging__20260806\羽搧綸巾   经典酷黑   灵动版\company\ZTYY\301592.html
11710	2	2	D:\Stock\trading_assistant\10_source_library_archive\batch_149_tdx_custom_terminal_external_folder_absorb__20260719\00_raw_snapshot\from_temp_staging__20260806\羽搧綸巾   经典酷黑   灵动版\company\ZTYY\000969.html|D:\Stock\trading_assistant\10_source_library_archive\batch_149_tdx_custom_terminal_external_folder_absorb__20260719\00_raw_snapshot\from_temp_staging__20260806\羽搧綸巾   经典酷黑   灵动版\company\ZTYY\002799.html
9347	2	2	D:\Stock\trading_assistant\10_source_library_archive\batch_149_tdx_custom_terminal_external_folder_absorb__20260719\00_raw_snapshot\from_temp_staging__20260806\羽搧綸巾   经典酷黑   灵动版\company\ZTYY\001225.html|D:\Stock\trading_assistant\10_source_library_archive\batch_149_tdx_custom_terminal_external_folder_absorb__20260719\00_raw_snapshot\from_temp_staging__20260806\羽搧綸巾   经典酷黑   灵动版\company\ZTYY\600292.html
9951	2	2	D:\Stock\trading_assistant\10_source_library_archive\batch_149_tdx_custom_terminal_external_folder_absorb__20260719\00_raw_snapshot\from_temp_staging__20260806\羽搧綸巾   经典酷黑   灵动版\company\ZTYY\001298.html|D:\Stock\trading_assistant\10_source_library_archive\batch_149_tdx_custom_terminal_external_folder_absorb__20260719\00_raw_snapshot\from_temp_staging__20260806\羽搧綸巾   经典酷黑   灵动版\company\ZTYY\603416.html
466	2	2	D:\Stock\trading_assistant\10_source_library_archive\batch_149_tdx_custom_terminal_external_folder_absorb__20260719\00_raw_snapshot\from_temp_staging__20260806\羽搧綸巾   经典酷黑   灵动版\company\ZTYY\001286.html|D:\Stock\trading_assistant\10_source_library_archive\batch_149_tdx_custom_terminal_external_folder_absorb__20260719\00_raw_snapshot\from_temp_staging__20260806\羽搧綸巾   经典酷黑   灵动版\company\ZTYY\603205.html
1742	2	2	D:\Stock\trading_assistant\10_source_library_archive\batch_149_tdx_custom_terminal_external_folder_absorb__20260719\00_raw_snapshot\from_temp_staging__20260806\羽搧綸巾   经典酷黑   灵动版\company\ZTYY\001279.html|D:\Stock\trading_assistant\10_source_library_archive\batch_149_tdx_custom_terminal_external_folder_absorb__20260719\00_raw_snapshot\from_temp_staging__20260806\羽搧綸巾   经典酷黑   灵动版\company\ZTYY\300862.html
7680	2	2	D:\Stock\trading_assistant\10_source_library_archive\batch_149_tdx_custom_terminal_external_folder_absorb__20260719\00_raw_snapshot\from_temp_staging__20260806\羽搧綸巾   经典酷黑   灵动版\company\ZTYY\001309.html|D:\Stock\trading_assistant\10_source_library_archive\batch_149_tdx_custom_terminal_external_folder_absorb__20260719\00_raw_snapshot\from_temp_staging__20260806\羽搧綸巾   经典酷黑   灵动版\company\ZTYY\002607.html
8188	2	2	D:\Stock\trading_assistant\10_source_library_archive\batch_149_tdx_custom_terminal_external_folder_absorb__20260719\00_raw_snapshot\from_temp_staging__20260806\羽搧綸巾   经典酷黑   灵动版\company\ZTYY\001306.html|D:\Stock\trading_assistant\10_source_library_archive\batch_149_tdx_custom_terminal_external_folder_absorb__20260719\00_raw_snapshot\from_temp_staging__20260806\羽搧綸巾   经典酷黑   灵动版\company\ZTYY\003010.html
8350	2	2	D:\Stock\trading_assistant\10_source_library_archive\batch_149_tdx_custom_terminal_external_folder_absorb__20260719\00_raw_snapshot\from_temp_staging__20260806\羽搧綸巾   经典酷黑   灵动版\company\ZTYY\001301.html|D:\Stock\trading_assistant\10_source_library_archive\batch_149_tdx_custom_terminal_external_folder_absorb__20260719\00_raw_snapshot\from_temp_staging__20260806\羽搧綸巾   经典酷黑   灵动版\company\ZTYY\300064.html
5055	2	2	D:\Stock\trading_assistant\10_source_library_archive\batch_149_tdx_custom_terminal_external_folder_absorb__20260719\00_raw_snapshot\from_temp_staging__20260806\羽搧綸巾   经典酷黑   灵动版\company\ZTYY\001277.html|D:\Stock\trading_assistant\10_source_library_archive\batch_149_tdx_custom_terminal_external_folder_absorb__20260719\00_raw_snapshot\from_temp_staging__20260806\羽搧綸巾   经典酷黑   灵动版\company\ZTYY\688701.html
8784	2	2	D:\Stock\trading_assistant\10_source_library_archive\batch_149_tdx_custom_terminal_external_folder_absorb__20260719\00_raw_snapshot\from_temp_staging__20260806\羽搧綸巾   经典酷黑   灵动版\company\ZTYY\001231.html|D:\Stock\trading_assistant\10_source_library_archive\batch_149_tdx_custom_terminal_external_folder_absorb__20260719\00_raw_snapshot\from_temp_staging__20260806\羽搧綸巾   经典酷黑   灵动版\company\ZTYY\603876.html
10058	2	2	D:\Stock\trading_assistant\10_source_library_archive\batch_149_tdx_custom_terminal_external_folder_absorb__20260719\00_raw_snapshot\from_temp_staging__20260806\羽搧綸巾   经典酷黑   灵动版\company\ZTYY\001228.html|D:\Stock\trading_assistant\10_source_library_archive\batch_149_tdx_custom_terminal_external_folder_absorb__20260719\00_raw_snapshot\from_temp_staging__20260806\羽搧綸巾   经典酷黑   灵动版\company\ZTYY\002238.html
7851	2	2	D:\Stock\trading_assistant\10_source_library_archive\batch_149_tdx_custom_terminal_external_folder_absorb__20260719\00_raw_snapshot\from_temp_staging__20260806\羽搧綸巾   经典酷黑   灵动版\company\ZTYY\001227.html|D:\Stock\trading_assistant\10_source_library_archive\batch_149_tdx_custom_terminal_external_folder_absorb__20260719\00_raw_snapshot\from_temp_staging__20260806\羽搧綸巾   经典酷黑   灵动版\company\ZTYY\603309.html
11060	2	2	D:\Stock\trading_assistant\10_source_library_archive\batch_149_tdx_custom_terminal_external_folder_absorb__20260719\00_raw_snapshot\from_temp_staging__20260806\羽搧綸巾   经典酷黑   灵动版\company\ZTYY\001258.html|D:\Stock\trading_assistant\10_source_library_archive\batch_149_tdx_custom_terminal_external_folder_absorb__20260719\00_raw_snapshot\from_temp_staging__20260806\羽搧綸巾   经典酷黑   灵动版\company\ZTYY\002536.html
10195	2	2	D:\Stock\trading_assistant\10_source_library_archive\batch_149_tdx_custom_terminal_external_folder_absorb__20260719\00_raw_snapshot\from_temp_staging__20260806\羽搧綸巾   经典酷黑   灵动版\company\ZTYY\001255.html|D:\Stock\trading_assistant\10_source_library_archive\batch_149_tdx_custom_terminal_external_folder_absorb__20260719\00_raw_snapshot\from_temp_staging__20260806\羽搧綸巾   经典酷黑   灵动版\company\ZTYY\600172.html
9584	2	2	D:\Stock\trading_assistant\10_source_library_archive\batch_149_tdx_custom_terminal_external_folder_absorb__20260719\00_raw_snapshot\from_temp_staging__20260806\羽搧綸巾   经典酷黑   灵动版\company\ZTYY\001234.html|D:\Stock\trading_assistant\10_source_library_archive\batch_149_tdx_custom_terminal_external_folder_absorb__20260719\00_raw_snapshot\from_temp_staging__20260806\羽搧綸巾   经典酷黑   灵动版\company\ZTYY\002231.html
6510	2	2	D:\Stock\trading_assistant\10_source_library_archive\batch_149_tdx_custom_terminal_external_folder_absorb__20260719\00_raw_snapshot\from_temp_staging__20260806\羽搧綸巾   经典酷黑   灵动版\company\ZTYY\002068.html|D:\Stock\trading_assistant\10_source_library_archive\batch_149_tdx_custom_terminal_external_folder_absorb__20260719\00_raw_snapshot\from_temp_staging__20260806\羽搧綸巾   经典酷黑   灵动版\company\ZTYY\300081.html
6218	2	2	D:\Stock\trading_assistant\10_source_library_archive\batch_149_tdx_custom_terminal_external_folder_absorb__20260719\00_raw_snapshot\from_temp_staging__20260806\羽搧綸巾   经典酷黑   灵动版\company\ZTYY\002216.html|D:\Stock\trading_assistant\10_source_library_archive\batch_149_tdx_custom_terminal_external_folder_absorb__20260719\00_raw_snapshot\from_temp_staging__20260806\羽搧綸巾   经典酷黑   灵动版\company\ZTYY\002690.html
2299	2	2	D:\Stock\trading_assistant\10_source_library_archive\batch_149_tdx_custom_terminal_external_folder_absorb__20260719\00_raw_snapshot\from_temp_staging__20260806\羽搧綸巾   经典酷黑   灵动版\company\ZTYY\002215.html|D:\Stock\trading_assistant\10_source_library_archive\batch_149_tdx_custom_terminal_external_folder_absorb__20260719\00_raw_snapshot\from_temp_staging__20260806\羽搧綸巾   经典酷黑   灵动版\company\ZTYY\688182.html
10727	2	2	D:\Stock\trading_assistant\10_source_library_archive\batch_149_tdx_custom_terminal_external_folder_absorb__20260719\00_raw_snapshot\from_temp_staging__20260806\羽搧綸巾   经典酷黑   灵动版\company\ZTYY\002213.html|D:\Stock\trading_assistant\10_source_library_archive\batch_149_tdx_custom_terminal_external_folder_absorb__20260719\00_raw_snapshot\from_temp_staging__20260806\羽搧綸巾   经典酷黑   灵动版\company\ZTYY\603666.html
12377	2	2	D:\Stock\trading_assistant\10_source_library_archive\batch_149_tdx_custom_terminal_external_folder_absorb__20260719\00_raw_snapshot\from_temp_staging__20260806\羽搧綸巾   经典酷黑   灵动版\company\ZTYY\002235.html|D:\Stock\trading_assistant\10_source_library_archive\batch_149_tdx_custom_terminal_external_folder_absorb__20260719\00_raw_snapshot\from_temp_staging__20260806\羽搧綸巾   经典酷黑   灵动版\company\ZTYY\003025.html
6542	2	2	D:\Stock\trading_assistant\10_source_library_archive\batch_149_tdx_custom_terminal_external_folder_absorb__20260719\00_raw_snapshot\from_temp_staging__20260806\羽搧綸巾   经典酷黑   灵动版\company\ZTYY\002234.html|D:\Stock\trading_assistant\10_source_library_archive\batch_149_tdx_custom_terminal_external_folder_absorb__20260719\00_raw_snapshot\from_temp_staging__20260806\羽搧綸巾   经典酷黑   灵动版\company\ZTYY\300925.html
9068	2	2	D:\Stock\trading_assistant\10_source_library_archive\batch_149_tdx_custom_terminal_external_folder_absorb__20260719\00_raw_snapshot\from_temp_staging__20260806\羽搧綸巾   经典酷黑   灵动版\company\ZTYY\002222.html|D:\Stock\trading_assistant\10_source_library_archive\batch_149_tdx_custom_terminal_external_folder_absorb__20260719\00_raw_snapshot\from_temp_staging__20260806\羽搧綸巾   经典酷黑   灵动版\company\ZTYY\600802.html
10642	2	2	D:\Stock\trading_assistant\10_source_library_archive\batch_149_tdx_custom_terminal_external_folder_absorb__20260719\00_raw_snapshot\from_temp_staging__20260806\羽搧綸巾   经典酷黑   灵动版\company\ZTYY\002209.html|D:\Stock\trading_assistant\10_source_library_archive\batch_149_tdx_custom_terminal_external_folder_absorb__20260719\00_raw_snapshot\from_temp_staging__20260806\羽搧綸巾   经典酷黑   灵动版\company\ZTYY\603901.html
2202	2	2	D:\Stock\trading_assistant\10_source_library_archive\batch_149_tdx_custom_terminal_external_folder_absorb__20260719\00_raw_snapshot\from_temp_staging__20260806\羽搧綸巾   经典酷黑   灵动版\company\ZTYY\002203.html|D:\Stock\trading_assistant\10_source_library_archive\batch_149_tdx_custom_terminal_external_folder_absorb__20260719\00_raw_snapshot\from_temp_staging__20260806\羽搧綸巾   经典酷黑   灵动版\company\ZTYY\300286.html
9003	2	2	D:\Stock\trading_assistant\10_source_library_archive\batch_149_tdx_custom_terminal_external_folder_absorb__20260719\00_raw_snapshot\from_temp_staging__20260806\羽搧綸巾   经典酷黑   灵动版\company\ZTYY\002201.html|D:\Stock\trading_assistant\10_source_library_archive\batch_149_tdx_custom_terminal_external_folder_absorb__20260719\00_raw_snapshot\from_temp_staging__20260806\羽搧綸巾   经典酷黑   灵动版\company\ZTYY\002416.html
7959	2	2	D:\Stock\trading_assistant\10_source_library_archive\batch_149_tdx_custom_terminal_external_folder_absorb__20260719\00_raw_snapshot\from_temp_staging__20260806\羽搧綸巾   经典酷黑   灵动版\company\ZTYY\002193.html|D:\Stock\trading_assistant\10_source_library_archive\batch_149_tdx_custom_terminal_external_folder_absorb__20260719\00_raw_snapshot\from_temp_staging__20260806\羽搧綸巾   经典酷黑   灵动版\company\ZTYY\600084.html
8190	2	2	D:\Stock\trading_assistant\10_source_library_archive\batch_149_tdx_custom_terminal_external_folder_absorb__20260719\00_raw_snapshot\from_temp_staging__20260806\羽搧綸巾   经典酷黑   灵动版\company\ZTYY\002208.html|D:\Stock\trading_assistant\10_source_library_archive\batch_149_tdx_custom_terminal_external_folder_absorb__20260719\00_raw_snapshot\from_temp_staging__20260806\羽搧綸巾   经典酷黑   灵动版\company\ZTYY\002566.html
8620	2	2	D:\Stock\trading_assistant\10_source_library_archive\batch_149_tdx_custom_terminal_external_folder_absorb__20260719\00_raw_snapshot\from_temp_staging__20260806\羽搧綸巾   经典酷黑   灵动版\company\ZTYY\002207.html|D:\Stock\trading_assistant\10_source_library_archive\batch_149_tdx_custom_terminal_external_folder_absorb__20260719\00_raw_snapshot\from_temp_staging__20260806\羽搧綸巾   经典酷黑   灵动版\company\ZTYY\600330.html
8139	2	2	D:\Stock\trading_assistant\10_source_library_archive\batch_149_tdx_custom_terminal_external_folder_absorb__20260719\00_raw_snapshot\from_temp_staging__20260806\羽搧綸巾   经典酷黑   灵动版\company\ZTYY\002205.html|D:\Stock\trading_assistant\10_source_library_archive\batch_149_tdx_custom_terminal_external_folder_absorb__20260719\00_raw_snapshot\from_temp_staging__20260806\羽搧綸巾   经典酷黑   灵动版\company\ZTYY\002336.html
8494	2	2	D:\Stock\trading_assistant\10_source_library_archive\batch_149_tdx_custom_terminal_external_folder_absorb__20260719\00_raw_snapshot\from_temp_staging__20260806\羽搧綸巾   经典酷黑   灵动版\company\ZTYY\002240.html|D:\Stock\trading_assistant\10_source_library_archive\batch_149_tdx_custom_terminal_external_folder_absorb__20260719\00_raw_snapshot\from_temp_staging__20260806\羽搧綸巾   经典酷黑   灵动版\company\ZTYY\601279.html
9518	2	2	D:\Stock\trading_assistant\10_source_library_archive\batch_149_tdx_custom_terminal_external_folder_absorb__20260719\00_raw_snapshot\from_temp_staging__20260806\羽搧綸巾   经典酷黑   灵动版\company\ZTYY\002273.html|D:\Stock\trading_assistant\10_source_library_archive\batch_149_tdx_custom_terminal_external_folder_absorb__20260719\00_raw_snapshot\from_temp_staging__20260806\羽搧綸巾   经典酷黑   灵动版\company\ZTYY\002733.html
9832	2	2	D:\Stock\trading_assistant\10_source_library_archive\batch_149_tdx_custom_terminal_external_folder_absorb__20260719\00_raw_snapshot\from_temp_staging__20260806\羽搧綸巾   经典酷黑   灵动版\company\ZTYY\002269.html|D:\Stock\trading_assistant\10_source_library_archive\batch_149_tdx_custom_terminal_external_folder_absorb__20260719\00_raw_snapshot\from_temp_staging__20260806\羽搧綸巾   经典酷黑   灵动版\company\ZTYY\603039.html
9557	2	2	D:\Stock\trading_assistant\10_source_library_archive\batch_149_tdx_custom_terminal_external_folder_absorb__20260719\00_raw_snapshot\from_temp_staging__20260806\羽搧綸巾   经典酷黑   灵动版\company\ZTYY\002264.html|D:\Stock\trading_assistant\10_source_library_archive\batch_149_tdx_custom_terminal_external_folder_absorb__20260719\00_raw_snapshot\from_temp_staging__20260806\羽搧綸巾   经典酷黑   灵动版\company\ZTYY\002494.html
8555	2	2	D:\Stock\trading_assistant\10_source_library_archive\batch_149_tdx_custom_terminal_external_folder_absorb__20260719\00_raw_snapshot\from_temp_staging__20260806\羽搧綸巾   经典酷黑   灵动版\company\ZTYY\002290.html|D:\Stock\trading_assistant\10_source_library_archive\batch_149_tdx_custom_terminal_external_folder_absorb__20260719\00_raw_snapshot\from_temp_staging__20260806\羽搧綸巾   经典酷黑   灵动版\company\ZTYY\600497.html
8857	2	2	D:\Stock\trading_assistant\10_source_library_archive\batch_149_tdx_custom_terminal_external_folder_absorb__20260719\00_raw_snapshot\from_temp_staging__20260806\羽搧綸巾   经典酷黑   灵动版\company\ZTYY\002286.html|D:\Stock\trading_assistant\10_source_library_archive\batch_149_tdx_custom_terminal_external_folder_absorb__20260719\00_raw_snapshot\from_temp_staging__20260806\羽搧綸巾   经典酷黑   灵动版\company\ZTYY\002790.html
8969	2	2	D:\Stock\trading_assistant\10_source_library_archive\batch_149_tdx_custom_terminal_external_folder_absorb__20260719\00_raw_snapshot\from_temp_staging__20260806\羽搧綸巾   经典酷黑   灵动版\company\ZTYY\002274.html|D:\Stock\trading_assistant\10_source_library_archive\batch_149_tdx_custom_terminal_external_folder_absorb__20260719\00_raw_snapshot\from_temp_staging__20260806\羽搧綸巾   经典酷黑   灵动版\company\ZTYY\002826.html
7805	2	2	D:\Stock\trading_assistant\10_source_library_archive\batch_149_tdx_custom_terminal_external_folder_absorb__20260719\00_raw_snapshot\from_temp_staging__20260806\羽搧綸巾   经典酷黑   灵动版\company\ZTYY\002263.html|D:\Stock\trading_assistant\10_source_library_archive\batch_149_tdx_custom_terminal_external_folder_absorb__20260719\00_raw_snapshot\from_temp_staging__20260806\羽搧綸巾   经典酷黑   灵动版\company\ZTYY\002495.html
8796	2	2	D:\Stock\trading_assistant\10_source_library_archive\batch_149_tdx_custom_terminal_external_folder_absorb__20260719\00_raw_snapshot\from_temp_staging__20260806\羽搧綸巾   经典酷黑   灵动版\company\ZTYY\002245.html|D:\Stock\trading_assistant\10_source_library_archive\batch_149_tdx_custom_terminal_external_folder_absorb__20260719\00_raw_snapshot\from_temp_staging__20260806\羽搧綸巾   经典酷黑   灵动版\company\ZTYY\002247.html
9579	2	2	D:\Stock\trading_assistant\10_source_library_archive\batch_149_tdx_custom_terminal_external_folder_absorb__20260719\00_raw_snapshot\from_temp_staging__20260806\羽搧綸巾   经典酷黑   灵动版\company\ZTYY\002244.html|D:\Stock\trading_assistant\10_source_library_archive\batch_149_tdx_custom_terminal_external_folder_absorb__20260719\00_raw_snapshot\from_temp_staging__20260806\羽搧綸巾   经典酷黑   灵动版\company\ZTYY\600586.html
11961	2	2	D:\Stock\trading_assistant\10_source_library_archive\batch_149_tdx_custom_terminal_external_folder_absorb__20260719\00_raw_snapshot\from_temp_staging__20260806\羽搧綸巾   经典酷黑   灵动版\company\ZTYY\002243.html|D:\Stock\trading_assistant\10_source_library_archive\batch_149_tdx_custom_terminal_external_folder_absorb__20260719\00_raw_snapshot\from_temp_staging__20260806\羽搧綸巾   经典酷黑   灵动版\company\ZTYY\002861.html
5762	2	2	D:\Stock\trading_assistant\10_source_library_archive\batch_149_tdx_custom_terminal_external_folder_absorb__20260719\00_raw_snapshot\from_temp_staging__20260806\羽搧綸巾   经典酷黑   灵动版\company\ZTYY\002262.html|D:\Stock\trading_assistant\10_source_library_archive\batch_149_tdx_custom_terminal_external_folder_absorb__20260719\00_raw_snapshot\from_temp_staging__20260806\羽搧綸巾   经典酷黑   灵动版\company\ZTYY\300500.html
3762	2	2	D:\Stock\trading_assistant\10_source_library_archive\batch_149_tdx_custom_terminal_external_folder_absorb__20260719\00_raw_snapshot\from_temp_staging__20260806\羽搧綸巾   经典酷黑   灵动版\company\ZTYY\002259.html|D:\Stock\trading_assistant\10_source_library_archive\batch_149_tdx_custom_terminal_external_folder_absorb__20260719\00_raw_snapshot\from_temp_staging__20260806\羽搧綸巾   经典酷黑   灵动版\company\ZTYY\300633.html
11260	2	2	D:\Stock\trading_assistant\10_source_library_archive\batch_149_tdx_custom_terminal_external_folder_absorb__20260719\00_raw_snapshot\from_temp_staging__20260806\羽搧綸巾   经典酷黑   灵动版\company\ZTYY\002246.html|D:\Stock\trading_assistant\10_source_library_archive\batch_149_tdx_custom_terminal_external_folder_absorb__20260719\00_raw_snapshot\from_temp_staging__20260806\羽搧綸巾   经典酷黑   灵动版\company\ZTYY\002723.html
6415	2	2	D:\Stock\trading_assistant\10_source_library_archive\batch_149_tdx_custom_terminal_external_folder_absorb__20260719\00_raw_snapshot\from_temp_staging__20260806\羽搧綸巾   经典酷黑   灵动版\company\ZTYY\002106.html|D:\Stock\trading_assistant\10_source_library_archive\batch_149_tdx_custom_terminal_external_folder_absorb__20260719\00_raw_snapshot\from_temp_staging__20260806\羽搧綸巾   经典酷黑   灵动版\company\ZTYY\301232.html
6973	2	2	D:\Stock\trading_assistant\10_source_library_archive\batch_149_tdx_custom_terminal_external_folder_absorb__20260719\00_raw_snapshot\from_temp_staging__20260806\羽搧綸巾   经典酷黑   灵动版\company\ZTYY\002105.html|D:\Stock\trading_assistant\10_source_library_archive\batch_149_tdx_custom_terminal_external_folder_absorb__20260719\00_raw_snapshot\from_temp_staging__20260806\羽搧綸巾   经典酷黑   灵动版\company\ZTYY\603538.html
9530	2	2	D:\Stock\trading_assistant\10_source_library_archive\batch_149_tdx_custom_terminal_external_folder_absorb__20260719\00_raw_snapshot\from_temp_staging__20260806\羽搧綸巾   经典酷黑   灵动版\company\ZTYY\002104.html|D:\Stock\trading_assistant\10_source_library_archive\batch_149_tdx_custom_terminal_external_folder_absorb__20260719\00_raw_snapshot\from_temp_staging__20260806\羽搧綸巾   经典酷黑   灵动版\company\ZTYY\002789.html
7795	2	2	D:\Stock\trading_assistant\10_source_library_archive\batch_149_tdx_custom_terminal_external_folder_absorb__20260719\00_raw_snapshot\from_temp_staging__20260806\羽搧綸巾   经典酷黑   灵动版\company\ZTYY\002110.html|D:\Stock\trading_assistant\10_source_library_archive\batch_149_tdx_custom_terminal_external_folder_absorb__20260719\00_raw_snapshot\from_temp_staging__20260806\羽搧綸巾   经典酷黑   灵动版\company\ZTYY\605069.html
7908	2	2	D:\Stock\trading_assistant\10_source_library_archive\batch_149_tdx_custom_terminal_external_folder_absorb__20260719\00_raw_snapshot\from_temp_staging__20260806\羽搧綸巾   经典酷黑   灵动版\company\ZTYY\002109.html|D:\Stock\trading_assistant\10_source_library_archive\batch_149_tdx_custom_terminal_external_folder_absorb__20260719\00_raw_snapshot\from_temp_staging__20260806\羽搧綸巾   经典酷黑   灵动版\company\ZTYY\002192.html
8298	2	2	D:\Stock\trading_assistant\10_source_library_archive\batch_149_tdx_custom_terminal_external_folder_absorb__20260719\00_raw_snapshot\from_temp_staging__20260806\羽搧綸巾   经典酷黑   灵动版\company\ZTYY\002107.html|D:\Stock\trading_assistant\10_source_library_archive\batch_149_tdx_custom_terminal_external_folder_absorb__20260719\00_raw_snapshot\from_temp_staging__20260806\羽搧綸巾   经典酷黑   灵动版\company\ZTYY\603316.html
9199	2	2	D:\Stock\trading_assistant\10_source_library_archive\batch_149_tdx_custom_terminal_external_folder_absorb__20260719\00_raw_snapshot\from_temp_staging__20260806\羽搧綸巾   经典酷黑   灵动版\company\ZTYY\002100.html|D:\Stock\trading_assistant\10_source_library_archive\batch_149_tdx_custom_terminal_external_folder_absorb__20260719\00_raw_snapshot\from_temp_staging__20260806\羽搧綸巾   经典酷黑   灵动版\company\ZTYY\003002.html
10455	2	2	D:\Stock\trading_assistant\10_source_library_archive\batch_149_tdx_custom_terminal_external_folder_absorb__20260719\00_raw_snapshot\from_temp_staging__20260806\羽搧綸巾   经典酷黑   灵动版\company\ZTYY\002079.html|D:\Stock\trading_assistant\10_source_library_archive\batch_149_tdx_custom_terminal_external_folder_absorb__20260719\00_raw_snapshot\from_temp_staging__20260806\羽搧綸巾   经典酷黑   灵动版\company\ZTYY\002297.html
8846	2	2	D:\Stock\trading_assistant\10_source_library_archive\batch_149_tdx_custom_terminal_external_folder_absorb__20260719\00_raw_snapshot\from_temp_staging__20260806\羽搧綸巾   经典酷黑   灵动版\company\ZTYY\002071.html|D:\Stock\trading_assistant\10_source_library_archive\batch_149_tdx_custom_terminal_external_folder_absorb__20260719\00_raw_snapshot\from_temp_staging__20260806\羽搧綸巾   经典酷黑   灵动版\webs\cfg\Cha常用聚合.html
9486	2	2	D:\Stock\trading_assistant\10_source_library_archive\batch_149_tdx_custom_terminal_external_folder_absorb__20260719\00_raw_snapshot\from_temp_staging__20260806\羽搧綸巾   经典酷黑   灵动版\company\ZTYY\002069.html|D:\Stock\trading_assistant\10_source_library_archive\batch_149_tdx_custom_terminal_external_folder_absorb__20260719\00_raw_snapshot\from_temp_staging__20260806\羽搧綸巾   经典酷黑   灵动版\company\ZTYY\600397.html
8435	2	2	D:\Stock\trading_assistant\10_source_library_archive\batch_149_tdx_custom_terminal_external_folder_absorb__20260719\00_raw_snapshot\from_temp_staging__20260806\羽搧綸巾   经典酷黑   灵动版\company\ZTYY\002096.html|D:\Stock\trading_assistant\10_source_library_archive\batch_149_tdx_custom_terminal_external_folder_absorb__20260719\00_raw_snapshot\from_temp_staging__20260806\羽搧綸巾   经典酷黑   灵动版\company\ZTYY\002188.html
8809	2	2	D:\Stock\trading_assistant\10_source_library_archive\batch_149_tdx_custom_terminal_external_folder_absorb__20260719\00_raw_snapshot\from_temp_staging__20260806\羽搧綸巾   经典酷黑   灵动版\company\ZTYY\002088.html|D:\Stock\trading_assistant\10_source_library_archive\batch_149_tdx_custom_terminal_external_folder_absorb__20260719\00_raw_snapshot\from_temp_staging__20260806\羽搧綸巾   经典酷黑   灵动版\company\ZTYY\002993.html
10728	2	2	D:\Stock\trading_assistant\10_source_library_archive\batch_149_tdx_custom_terminal_external_folder_absorb__20260719\00_raw_snapshot\from_temp_staging__20260806\羽搧綸巾   经典酷黑   灵动版\company\ZTYY\002082.html|D:\Stock\trading_assistant\10_source_library_archive\batch_149_tdx_custom_terminal_external_folder_absorb__20260719\00_raw_snapshot\from_temp_staging__20260806\羽搧綸巾   经典酷黑   灵动版\company\ZTYY\601388.html
5534	2	2	D:\Stock\trading_assistant\10_source_library_archive\batch_149_tdx_custom_terminal_external_folder_absorb__20260719\00_raw_snapshot\from_temp_staging__20260806\羽搧綸巾   经典酷黑   灵动版\company\ZTYY\002113.html|D:\Stock\trading_assistant\10_source_library_archive\batch_149_tdx_custom_terminal_external_folder_absorb__20260719\00_raw_snapshot\from_temp_staging__20260806\羽搧綸巾   经典酷黑   灵动版\company\ZTYY\002705.html
9475	2	2	D:\Stock\trading_assistant\10_source_library_archive\batch_149_tdx_custom_terminal_external_folder_absorb__20260719\00_raw_snapshot\from_temp_staging__20260806\羽搧綸巾   经典酷黑   灵动版\company\ZTYY\002163.html|D:\Stock\trading_assistant\10_source_library_archive\batch_149_tdx_custom_terminal_external_folder_absorb__20260719\00_raw_snapshot\from_temp_staging__20260806\羽搧綸巾   经典酷黑   灵动版\company\ZTYY\002810.html
9536	2	2	D:\Stock\trading_assistant\10_source_library_archive\batch_149_tdx_custom_terminal_external_folder_absorb__20260719\00_raw_snapshot\from_temp_staging__20260806\羽搧綸巾   经典酷黑   灵动版\company\ZTYY\002161.html|D:\Stock\trading_assistant\10_source_library_archive\batch_149_tdx_custom_terminal_external_folder_absorb__20260719\00_raw_snapshot\from_temp_staging__20260806\羽搧綸巾   经典酷黑   灵动版\company\ZTYY\002323.html
9115	2	2	D:\Stock\trading_assistant\10_source_library_archive\batch_149_tdx_custom_terminal_external_folder_absorb__20260719\00_raw_snapshot\from_temp_staging__20260806\羽搧綸巾   经典酷黑   灵动版\company\ZTYY\002160.html|D:\Stock\trading_assistant\10_source_library_archive\batch_149_tdx_custom_terminal_external_folder_absorb__20260719\00_raw_snapshot\from_temp_staging__20260806\羽搧綸巾   经典酷黑   灵动版\company\ZTYY\003026.html
9316	2	2	D:\Stock\trading_assistant\10_source_library_archive\batch_149_tdx_custom_terminal_external_folder_absorb__20260719\00_raw_snapshot\from_temp_staging__20260806\羽搧綸巾   经典酷黑   灵动版\company\ZTYY\002177.html|D:\Stock\trading_assistant\10_source_library_archive\batch_149_tdx_custom_terminal_external_folder_absorb__20260719\00_raw_snapshot\from_temp_staging__20260806\羽搧綸巾   经典酷黑   灵动版\company\ZTYY\601015.html
10330	2	2	D:\Stock\trading_assistant\10_source_library_archive\batch_149_tdx_custom_terminal_external_folder_absorb__20260719\00_raw_snapshot\from_temp_staging__20260806\羽搧綸巾   经典酷黑   灵动版\company\ZTYY\002167.html|D:\Stock\trading_assistant\10_source_library_archive\batch_149_tdx_custom_terminal_external_folder_absorb__20260719\00_raw_snapshot\from_temp_staging__20260806\羽搧綸巾   经典酷黑   灵动版\company\ZTYY\002406.html
10545	2	2	D:\Stock\trading_assistant\10_source_library_archive\batch_149_tdx_custom_terminal_external_folder_absorb__20260719\00_raw_snapshot\from_temp_staging__20260806\羽搧綸巾   经典酷黑   灵动版\company\ZTYY\002165.html|D:\Stock\trading_assistant\10_source_library_archive\batch_149_tdx_custom_terminal_external_folder_absorb__20260719\00_raw_snapshot\from_temp_staging__20260806\羽搧綸巾   经典酷黑   灵动版\company\ZTYY\601399.html
8760	2	2	D:\Stock\trading_assistant\10_source_library_archive\batch_149_tdx_custom_terminal_external_folder_absorb__20260719\00_raw_snapshot\from_temp_staging__20260806\羽搧綸巾   经典酷黑   灵动版\company\ZTYY\002151.html|D:\Stock\trading_assistant\10_source_library_archive\batch_149_tdx_custom_terminal_external_folder_absorb__20260719\00_raw_snapshot\from_temp_staging__20260806\羽搧綸巾   经典酷黑   灵动版\company\ZTYY\600220.html
6584	2	2	D:\Stock\trading_assistant\10_source_library_archive\batch_149_tdx_custom_terminal_external_folder_absorb__20260719\00_raw_snapshot\from_temp_staging__20260806\羽搧綸巾   经典酷黑   灵动版\company\ZTYY\002129.html|D:\Stock\trading_assistant\10_source_library_archive\batch_149_tdx_custom_terminal_external_folder_absorb__20260719\00_raw_snapshot\from_temp_staging__20260806\羽搧綸巾   经典酷黑   灵动版\company\ZTYY\605368.html
8176	2	2	D:\Stock\trading_assistant\10_source_library_archive\batch_149_tdx_custom_terminal_external_folder_absorb__20260719\00_raw_snapshot\from_temp_staging__20260806\羽搧綸巾   经典酷黑   灵动版\company\ZTYY\002124.html|D:\Stock\trading_assistant\10_source_library_archive\batch_149_tdx_custom_terminal_external_folder_absorb__20260719\00_raw_snapshot\from_temp_staging__20260806\羽搧綸巾   经典酷黑   灵动版\company\ZTYY\600961.html
9479	2	2	D:\Stock\trading_assistant\10_source_library_archive\batch_149_tdx_custom_terminal_external_folder_absorb__20260719\00_raw_snapshot\from_temp_staging__20260806\羽搧綸巾   经典酷黑   灵动版\company\ZTYY\002123.html|D:\Stock\trading_assistant\10_source_library_archive\batch_149_tdx_custom_terminal_external_folder_absorb__20260719\00_raw_snapshot\from_temp_staging__20260806\羽搧綸巾   经典酷黑   灵动版\company\ZTYY\603505.html
6176	2	2	D:\Stock\trading_assistant\10_source_library_archive\batch_149_tdx_custom_terminal_external_folder_absorb__20260719\00_raw_snapshot\from_temp_staging__20260806\羽搧綸巾   经典酷黑   灵动版\company\ZTYY\002147.html|D:\Stock\trading_assistant\10_source_library_archive\batch_149_tdx_custom_terminal_external_folder_absorb__20260719\00_raw_snapshot\from_temp_staging__20260806\羽搧綸巾   经典酷黑   灵动版\company\ZTYY\300149.html
8187	2	2	D:\Stock\trading_assistant\10_source_library_archive\batch_149_tdx_custom_terminal_external_folder_absorb__20260719\00_raw_snapshot\from_temp_staging__20260806\羽搧綸巾   经典酷黑   灵动版\company\ZTYY\002145.html|D:\Stock\trading_assistant\10_source_library_archive\batch_149_tdx_custom_terminal_external_folder_absorb__20260719\00_raw_snapshot\from_temp_staging__20260806\羽搧綸巾   经典酷黑   灵动版\company\ZTYY\600748.html
1811	2	2	D:\Stock\trading_assistant\10_source_library_archive\batch_149_tdx_custom_terminal_external_folder_absorb__20260719\00_raw_snapshot\from_temp_staging__20260806\羽搧綸巾   经典酷黑   灵动版\company\ZTYY\002142.html|D:\Stock\trading_assistant\10_source_library_archive\batch_149_tdx_custom_terminal_external_folder_absorb__20260719\00_raw_snapshot\from_temp_staging__20260806\羽搧綸巾   经典酷黑   灵动版\company\ZTYY\688125.html
6032	2	2	D:\Stock\trading_assistant\10_source_library_archive\batch_149_tdx_custom_terminal_external_folder_absorb__20260719\00_raw_snapshot\from_temp_staging__20260806\羽搧綸巾   经典酷黑   灵动版\company\ZTYY\000959.html|D:\Stock\trading_assistant\10_source_library_archive\batch_149_tdx_custom_terminal_external_folder_absorb__20260719\00_raw_snapshot\from_temp_staging__20260806\羽搧綸巾   经典酷黑   灵动版\company\ZTYY\300606.html
10691	2	2	D:\Stock\trading_assistant\10_source_library_archive\batch_149_tdx_custom_terminal_external_folder_absorb__20260719\00_raw_snapshot\from_temp_staging__20260806\羽搧綸巾   经典酷黑   灵动版\company\ZTYY\000539.html|D:\Stock\trading_assistant\10_source_library_archive\batch_149_tdx_custom_terminal_external_folder_absorb__20260719\00_raw_snapshot\from_temp_staging__20260806\羽搧綸巾   经典酷黑   灵动版\company\ZTYY\002084.html
10391	2	2	D:\Stock\trading_assistant\10_source_library_archive\batch_149_tdx_custom_terminal_external_folder_absorb__20260719\00_raw_snapshot\from_temp_staging__20260806\羽搧綸巾   经典酷黑   灵动版\company\ZTYY\000537.html|D:\Stock\trading_assistant\10_source_library_archive\batch_149_tdx_custom_terminal_external_folder_absorb__20260719\00_raw_snapshot\from_temp_staging__20260806\羽搧綸巾   经典酷黑   灵动版\company\ZTYY\002484.html
8068	2	2	D:\Stock\trading_assistant\10_source_library_archive\batch_149_tdx_custom_terminal_external_folder_absorb__20260719\00_raw_snapshot\from_temp_staging__20260806\羽搧綸巾   经典酷黑   灵动版\company\ZTYY\000536.html|D:\Stock\trading_assistant\10_source_library_archive\batch_149_tdx_custom_terminal_external_folder_absorb__20260719\00_raw_snapshot\from_temp_staging__20260806\羽搧綸巾   经典酷黑   灵动版\company\ZTYY\688225.html
8527	2	2	D:\Stock\trading_assistant\10_source_library_archive\batch_149_tdx_custom_terminal_external_folder_absorb__20260719\00_raw_snapshot\from_temp_staging__20260806\羽搧綸巾   经典酷黑   灵动版\company\ZTYY\000552.html|D:\Stock\trading_assistant\10_source_library_archive\batch_149_tdx_custom_terminal_external_folder_absorb__20260719\00_raw_snapshot\from_temp_staging__20260806\羽搧綸巾   经典酷黑   灵动版\company\ZTYY\600773.html
9796	2	2	D:\Stock\trading_assistant\10_source_library_archive\batch_149_tdx_custom_terminal_external_folder_absorb__20260719\00_raw_snapshot\from_temp_staging__20260806\羽搧綸巾   经典酷黑   灵动版\company\ZTYY\000548.html|D:\Stock\trading_assistant\10_source_library_archive\batch_149_tdx_custom_terminal_external_folder_absorb__20260719\00_raw_snapshot\from_temp_staging__20260806\羽搧綸巾   经典酷黑   灵动版\company\ZTYY\600800.html
8694	2	2	D:\Stock\trading_assistant\10_source_library_archive\batch_149_tdx_custom_terminal_external_folder_absorb__20260719\00_raw_snapshot\from_temp_staging__20260806\羽搧綸巾   经典酷黑   灵动版\company\ZTYY\000543.html|D:\Stock\trading_assistant\10_source_library_archive\batch_149_tdx_custom_terminal_external_folder_absorb__20260719\00_raw_snapshot\from_temp_staging__20260806\羽搧綸巾   经典酷黑   灵动版\company\ZTYY\000980.html
11233	2	2	D:\Stock\trading_assistant\10_source_library_archive\batch_149_tdx_custom_terminal_external_folder_absorb__20260719\00_raw_snapshot\from_temp_staging__20260806\羽搧綸巾   经典酷黑   灵动版\company\ZTYY\000518.html|D:\Stock\trading_assistant\10_source_library_archive\batch_149_tdx_custom_terminal_external_folder_absorb__20260719\00_raw_snapshot\from_temp_staging__20260806\羽搧綸巾   经典酷黑   灵动版\company\ZTYY\002306.html
8842	2	2	D:\Stock\trading_assistant\10_source_library_archive\batch_149_tdx_custom_terminal_external_folder_absorb__20260719\00_raw_snapshot\from_temp_staging__20260806\羽搧綸巾   经典酷黑   灵动版\company\ZTYY\000498.html|D:\Stock\trading_assistant\10_source_library_archive\batch_149_tdx_custom_terminal_external_folder_absorb__20260719\00_raw_snapshot\from_temp_staging__20260806\羽搧綸巾   经典酷黑   灵动版\company\ZTYY\000565.html
6620	2	2	D:\Stock\trading_assistant\10_source_library_archive\batch_149_tdx_custom_terminal_external_folder_absorb__20260719\00_raw_snapshot\from_temp_staging__20260806\羽搧綸巾   经典酷黑   灵动版\company\ZTYY\000426.html|D:\Stock\trading_assistant\10_source_library_archive\batch_149_tdx_custom_terminal_external_folder_absorb__20260719\00_raw_snapshot\from_temp_staging__20260806\羽搧綸巾   经典酷黑   灵动版\company\ZTYY\301110.html
9585	2	2	D:\Stock\trading_assistant\10_source_library_archive\batch_149_tdx_custom_terminal_external_folder_absorb__20260719\00_raw_snapshot\from_temp_staging__20260806\羽搧綸巾   经典酷黑   灵动版\company\ZTYY\000422.html|D:\Stock\trading_assistant\10_source_library_archive\batch_149_tdx_custom_terminal_external_folder_absorb__20260719\00_raw_snapshot\from_temp_staging__20260806\羽搧綸巾   经典酷黑   灵动版\company\ZTYY\000973.html
9276	2	2	D:\Stock\trading_assistant\10_source_library_archive\batch_149_tdx_custom_terminal_external_folder_absorb__20260719\00_raw_snapshot\from_temp_staging__20260806\羽搧綸巾   经典酷黑   灵动版\company\ZTYY\000517.html|D:\Stock\trading_assistant\10_source_library_archive\batch_149_tdx_custom_terminal_external_folder_absorb__20260719\00_raw_snapshot\from_temp_staging__20260806\羽搧綸巾   经典酷黑   灵动版\company\ZTYY\605287.html
9547	2	2	D:\Stock\trading_assistant\10_source_library_archive\batch_149_tdx_custom_terminal_external_folder_absorb__20260719\00_raw_snapshot\from_temp_staging__20260806\羽搧綸巾   经典酷黑   灵动版\company\ZTYY\000505.html|D:\Stock\trading_assistant\10_source_library_archive\batch_149_tdx_custom_terminal_external_folder_absorb__20260719\00_raw_snapshot\from_temp_staging__20260806\羽搧綸巾   经典酷黑   灵动版\company\ZTYY\603881.html
11845	2	2	D:\Stock\trading_assistant\10_source_library_archive\batch_149_tdx_custom_terminal_external_folder_absorb__20260719\00_raw_snapshot\from_temp_staging__20260806\羽搧綸巾   经典酷黑   灵动版\company\ZTYY\000503.html|D:\Stock\trading_assistant\10_source_library_archive\batch_149_tdx_custom_terminal_external_folder_absorb__20260719\00_raw_snapshot\from_temp_staging__20260806\羽搧綸巾   经典酷黑   灵动版\company\ZTYY\001324.html
9252	2	2	D:\Stock\trading_assistant\10_source_library_archive\batch_149_tdx_custom_terminal_external_folder_absorb__20260719\00_raw_snapshot\from_temp_staging__20260806\羽搧綸巾   经典酷黑   灵动版\company\ZTYY\000567.html|D:\Stock\trading_assistant\10_source_library_archive\batch_149_tdx_custom_terminal_external_folder_absorb__20260719\00_raw_snapshot\from_temp_staging__20260806\羽搧綸巾   经典酷黑   灵动版\company\ZTYY\603117.html
9070	2	2	D:\Stock\trading_assistant\10_source_library_archive\batch_149_tdx_custom_terminal_external_folder_absorb__20260719\00_raw_snapshot\from_temp_staging__20260806\羽搧綸巾   经典酷黑   灵动版\company\ZTYY\000620.html|D:\Stock\trading_assistant\10_source_library_archive\batch_149_tdx_custom_terminal_external_folder_absorb__20260719\00_raw_snapshot\from_temp_staging__20260806\羽搧綸巾   经典酷黑   灵动版\company\ZTYY\600107.html
8989	2	2	D:\Stock\trading_assistant\10_source_library_archive\batch_149_tdx_custom_terminal_external_folder_absorb__20260719\00_raw_snapshot\from_temp_staging__20260806\羽搧綸巾   经典酷黑   灵动版\company\ZTYY\000603.html|D:\Stock\trading_assistant\10_source_library_archive\batch_149_tdx_custom_terminal_external_folder_absorb__20260719\00_raw_snapshot\from_temp_staging__20260806\羽搧綸巾   经典酷黑   灵动版\company\ZTYY\000680.html
8715	2	2	D:\Stock\trading_assistant\10_source_library_archive\batch_149_tdx_custom_terminal_external_folder_absorb__20260719\00_raw_snapshot\from_temp_staging__20260806\羽搧綸巾   经典酷黑   灵动版\company\ZTYY\000601.html|D:\Stock\trading_assistant\10_source_library_archive\batch_149_tdx_custom_terminal_external_folder_absorb__20260719\00_raw_snapshot\from_temp_staging__20260806\羽搧綸巾   经典酷黑   灵动版\company\ZTYY\601798.html
10011	2	2	D:\Stock\trading_assistant\10_source_library_archive\batch_149_tdx_custom_terminal_external_folder_absorb__20260719\00_raw_snapshot\from_temp_staging__20260806\羽搧綸巾   经典酷黑   灵动版\company\ZTYY\000670.html|D:\Stock\trading_assistant\10_source_library_archive\batch_149_tdx_custom_terminal_external_folder_absorb__20260719\00_raw_snapshot\from_temp_staging__20260806\羽搧綸巾   经典酷黑   灵动版\company\ZTYY\001283.html
1486	2	2	D:\Stock\trading_assistant\10_source_library_archive\batch_149_tdx_custom_terminal_external_folder_absorb__20260719\00_raw_snapshot\from_temp_staging__20260806\羽搧綸巾   经典酷黑   灵动版\company\ZTYY\000651.html|D:\Stock\trading_assistant\10_source_library_archive\batch_149_tdx_custom_terminal_external_folder_absorb__20260719\00_raw_snapshot\from_temp_staging__20260806\羽搧綸巾   经典酷黑   灵动版\company\ZTYY\301090.html
8808	2	2	D:\Stock\trading_assistant\10_source_library_archive\batch_149_tdx_custom_terminal_external_folder_absorb__20260719\00_raw_snapshot\from_temp_staging__20260806\羽搧綸巾   经典酷黑   灵动版\company\ZTYY\000639.html|D:\Stock\trading_assistant\10_source_library_archive\batch_149_tdx_custom_terminal_external_folder_absorb__20260719\00_raw_snapshot\from_temp_staging__20260806\羽搧綸巾   经典酷黑   灵动版\company\ZTYY\002573.html
1805	2	2	D:\Stock\trading_assistant\10_source_library_archive\batch_149_tdx_custom_terminal_external_folder_absorb__20260719\00_raw_snapshot\from_temp_staging__20260806\羽搧綸巾   经典酷黑   灵动版\company\ZTYY\000598.html|D:\Stock\trading_assistant\10_source_library_archive\batch_149_tdx_custom_terminal_external_folder_absorb__20260719\00_raw_snapshot\from_temp_staging__20260806\羽搧綸巾   经典酷黑   灵动版\company\ZTYY\301217.html
8955	2	2	D:\Stock\trading_assistant\10_source_library_archive\batch_149_tdx_custom_terminal_external_folder_absorb__20260719\00_raw_snapshot\from_temp_staging__20260806\羽搧綸巾   经典酷黑   灵动版\company\ZTYY\000592.html|D:\Stock\trading_assistant\10_source_library_archive\batch_149_tdx_custom_terminal_external_folder_absorb__20260719\00_raw_snapshot\from_temp_staging__20260806\羽搧綸巾   经典酷黑   灵动版\company\ZTYY\002820.html
7576	2	2	D:\Stock\trading_assistant\10_source_library_archive\batch_149_tdx_custom_terminal_external_folder_absorb__20260719\00_raw_snapshot\from_temp_staging__20260806\羽搧綸巾   经典酷黑   灵动版\company\ZTYY\000587.html|D:\Stock\trading_assistant\10_source_library_archive\batch_149_tdx_custom_terminal_external_folder_absorb__20260719\00_raw_snapshot\from_temp_staging__20260806\羽搧綸巾   经典酷黑   灵动版\company\ZTYY\600648.html
10319	2	2	D:\Stock\trading_assistant\10_source_library_archive\batch_149_tdx_custom_terminal_external_folder_absorb__20260719\00_raw_snapshot\from_temp_staging__20260806\羽搧綸巾   经典酷黑   灵动版\company\ZTYY\000570.html|D:\Stock\trading_assistant\10_source_library_archive\batch_149_tdx_custom_terminal_external_folder_absorb__20260719\00_raw_snapshot\from_temp_staging__20260806\羽搧綸巾   经典酷黑   灵动版\company\ZTYY\603196.html
11346	2	2	D:\Stock\trading_assistant\10_source_library_archive\batch_149_tdx_custom_terminal_external_folder_absorb__20260719\00_raw_snapshot\from_temp_staging__20260806\羽搧綸巾   经典酷黑   灵动版\company\ZTYY\000597.html|D:\Stock\trading_assistant\10_source_library_archive\batch_149_tdx_custom_terminal_external_folder_absorb__20260719\00_raw_snapshot\from_temp_staging__20260806\羽搧綸巾   经典酷黑   灵动版\company\ZTYY\002307.html
11075	2	2	D:\Stock\trading_assistant\10_source_library_archive\batch_149_tdx_custom_terminal_external_folder_absorb__20260719\00_raw_snapshot\from_temp_staging__20260806\羽搧綸巾   经典酷黑   灵动版\company\ZTYY\000595.html|D:\Stock\trading_assistant\10_source_library_archive\batch_149_tdx_custom_terminal_external_folder_absorb__20260719\00_raw_snapshot\from_temp_staging__20260806\羽搧綸巾   经典酷黑   灵动版\company\ZTYY\603535.html
9328	2	2	D:\Stock\trading_assistant\10_source_library_archive\batch_149_tdx_custom_terminal_external_folder_absorb__20260719\00_raw_snapshot\from_temp_staging__20260806\羽搧綸巾   经典酷黑   灵动版\company\ZTYY\000593.html|D:\Stock\trading_assistant\10_source_library_archive\batch_149_tdx_custom_terminal_external_folder_absorb__20260719\00_raw_snapshot\from_temp_staging__20260806\羽搧綸巾   经典酷黑   灵动版\company\ZTYY\002734.html
8436	2	2	D:\Stock\trading_assistant\10_source_library_archive\batch_149_tdx_custom_terminal_external_folder_absorb__20260719\00_raw_snapshot\from_temp_staging__20260806\羽搧綸巾   经典酷黑   灵动版\company\ZTYY\000031.html|D:\Stock\trading_assistant\10_source_library_archive\batch_149_tdx_custom_terminal_external_folder_absorb__20260719\00_raw_snapshot\from_temp_staging__20260806\羽搧綸巾   经典酷黑   灵动版\company\ZTYY\603159.html
7091	2	2	D:\Stock\trading_assistant\10_source_library_archive\batch_149_tdx_custom_terminal_external_folder_absorb__20260719\00_raw_snapshot\from_temp_staging__20260806\羽搧綸巾   经典酷黑   灵动版\company\ZTYY\000030.html|D:\Stock\trading_assistant\10_source_library_archive\batch_149_tdx_custom_terminal_external_folder_absorb__20260719\00_raw_snapshot\from_temp_staging__20260806\羽搧綸巾   经典酷黑   灵动版\company\ZTYY\600027.html
9724	2	2	D:\Stock\trading_assistant\10_source_library_archive\batch_149_tdx_custom_terminal_external_folder_absorb__20260719\00_raw_snapshot\from_temp_staging__20260806\羽搧綸巾   经典酷黑   灵动版\company\ZTYY\000026.html|D:\Stock\trading_assistant\10_source_library_archive\batch_149_tdx_custom_terminal_external_folder_absorb__20260719\00_raw_snapshot\from_temp_staging__20260806\羽搧綸巾   经典酷黑   灵动版\company\ZTYY\000881.html
10164	2	2	D:\Stock\trading_assistant\10_source_library_archive\batch_149_tdx_custom_terminal_external_folder_absorb__20260719\00_raw_snapshot\from_temp_staging__20260806\羽搧綸巾   经典酷黑   灵动版\company\ZTYY\000040.html|D:\Stock\trading_assistant\10_source_library_archive\batch_149_tdx_custom_terminal_external_folder_absorb__20260719\00_raw_snapshot\from_temp_staging__20260806\羽搧綸巾   经典酷黑   灵动版\company\ZTYY\603005.html
4913	2	2	D:\Stock\trading_assistant\10_source_library_archive\batch_149_tdx_custom_terminal_external_folder_absorb__20260719\00_raw_snapshot\from_temp_staging__20260806\羽搧綸巾   经典酷黑   灵动版\company\ZTYY\000039.html|D:\Stock\trading_assistant\10_source_library_archive\batch_149_tdx_custom_terminal_external_folder_absorb__20260719\00_raw_snapshot\from_temp_staging__20260806\羽搧綸巾   经典酷黑   灵动版\company\ZTYY\600532.html
11159	2	2	D:\Stock\trading_assistant\10_source_library_archive\batch_149_tdx_custom_terminal_external_folder_absorb__20260719\00_raw_snapshot\from_temp_staging__20260806\羽搧綸巾   经典酷黑   灵动版\company\ZTYY\000034.html|D:\Stock\trading_assistant\10_source_library_archive\batch_149_tdx_custom_terminal_external_folder_absorb__20260719\00_raw_snapshot\from_temp_staging__20260806\羽搧綸巾   经典酷黑   灵动版\company\ZTYY\002658.html
6522	2	2	D:\Stock\trading_assistant\10_source_library_archive\batch_149_tdx_custom_terminal_external_folder_absorb__20260719\00_raw_snapshot\from_temp_staging__20260806\羽搧綸巾   经典酷黑   灵动版\company\ZTYY\000023.html|D:\Stock\trading_assistant\10_source_library_archive\batch_149_tdx_custom_terminal_external_folder_absorb__20260719\00_raw_snapshot\from_temp_staging__20260806\羽搧綸巾   经典酷黑   灵动版\company\ZTYY\301183.html
9200	2	2	D:\Stock\trading_assistant\10_source_library_archive\batch_149_tdx_custom_terminal_external_folder_absorb__20260719\00_raw_snapshot\from_temp_staging__20260806\羽搧綸巾   经典酷黑   灵动版\company\ZTYY\000012.html|D:\Stock\trading_assistant\10_source_library_archive\batch_149_tdx_custom_terminal_external_folder_absorb__20260719\00_raw_snapshot\from_temp_staging__20260806\羽搧綸巾   经典酷黑   灵动版\company\ZTYY\001389.html
10543	2	2	D:\Stock\trading_assistant\10_source_library_archive\batch_149_tdx_custom_terminal_external_folder_absorb__20260719\00_raw_snapshot\from_temp_staging__20260806\羽搧綸巾   经典酷黑   灵动版\company\ZTYY\000006.html|D:\Stock\trading_assistant\10_source_library_archive\batch_149_tdx_custom_terminal_external_folder_absorb__20260719\00_raw_snapshot\from_temp_staging__20260806\羽搧綸巾   经典酷黑   灵动版\company\ZTYY\002631.html
6343	2	2	D:\Stock\trading_assistant\10_source_library_archive\batch_149_tdx_custom_terminal_external_folder_absorb__20260719\00_raw_snapshot\from_temp_staging__20260806\羽搧綸巾   经典酷黑   灵动版\company\ZTYY\000002.html|D:\Stock\trading_assistant\10_source_library_archive\batch_149_tdx_custom_terminal_external_folder_absorb__20260719\00_raw_snapshot\from_temp_staging__20260806\羽搧綸巾   经典酷黑   灵动版\company\ZTYY\301292.html
8528	2	2	D:\Stock\trading_assistant\10_source_library_archive\batch_149_tdx_custom_terminal_external_folder_absorb__20260719\00_raw_snapshot\from_temp_staging__20260806\羽搧綸巾   经典酷黑   灵动版\company\ZTYY\000021.html|D:\Stock\trading_assistant\10_source_library_archive\batch_149_tdx_custom_terminal_external_folder_absorb__20260719\00_raw_snapshot\from_temp_staging__20260806\羽搧綸巾   经典酷黑   灵动版\company\ZTYY\000656.html
8159	2	2	D:\Stock\trading_assistant\10_source_library_archive\batch_149_tdx_custom_terminal_external_folder_absorb__20260719\00_raw_snapshot\from_temp_staging__20260806\羽搧綸巾   经典酷黑   灵动版\company\ZTYY\000019.html|D:\Stock\trading_assistant\10_source_library_archive\batch_149_tdx_custom_terminal_external_folder_absorb__20260719\00_raw_snapshot\from_temp_staging__20260806\羽搧綸巾   经典酷黑   灵动版\company\ZTYY\002774.html
9345	2	2	D:\Stock\trading_assistant\10_source_library_archive\batch_149_tdx_custom_terminal_external_folder_absorb__20260719\00_raw_snapshot\from_temp_staging__20260806\羽搧綸巾   经典酷黑   灵动版\company\ZTYY\000014.html|D:\Stock\trading_assistant\10_source_library_archive\batch_149_tdx_custom_terminal_external_folder_absorb__20260719\00_raw_snapshot\from_temp_staging__20260806\羽搧綸巾   经典酷黑   灵动版\company\ZTYY\600098.html
9312	2	2	D:\Stock\trading_assistant\10_source_library_archive\batch_149_tdx_custom_terminal_external_folder_absorb__20260719\00_raw_snapshot\from_temp_staging__20260806\羽搧綸巾   经典酷黑   灵动版\company\ZTYY\000042.html|D:\Stock\trading_assistant\10_source_library_archive\batch_149_tdx_custom_terminal_external_folder_absorb__20260719\00_raw_snapshot\from_temp_staging__20260806\羽搧綸巾   经典酷黑   灵动版\company\ZTYY\601369.html
1636	2	2	D:\Stock\trading_assistant\10_source_library_archive\batch_149_tdx_custom_terminal_external_folder_absorb__20260719\00_raw_snapshot\from_temp_staging__20260806\羽搧綸巾   经典酷黑   灵动版\company\ZTYY\000333.html|D:\Stock\trading_assistant\10_source_library_archive\batch_149_tdx_custom_terminal_external_folder_absorb__20260719\00_raw_snapshot\from_temp_staging__20260806\羽搧綸巾   经典酷黑   灵动版\company\ZTYY\688166.html
3620	2	2	D:\Stock\trading_assistant\10_source_library_archive\batch_149_tdx_custom_terminal_external_folder_absorb__20260719\00_raw_snapshot\from_temp_staging__20260806\羽搧綸巾   经典酷黑   灵动版\company\ZTYY\000301.html|D:\Stock\trading_assistant\10_source_library_archive\batch_149_tdx_custom_terminal_external_folder_absorb__20260719\00_raw_snapshot\from_temp_staging__20260806\羽搧綸巾   经典酷黑   灵动版\company\ZTYY\300832.html
9517	2	2	D:\Stock\trading_assistant\10_source_library_archive\batch_149_tdx_custom_terminal_external_folder_absorb__20260719\00_raw_snapshot\from_temp_staging__20260806\羽搧綸巾   经典酷黑   灵动版\company\ZTYY\000155.html|D:\Stock\trading_assistant\10_source_library_archive\batch_149_tdx_custom_terminal_external_folder_absorb__20260719\00_raw_snapshot\from_temp_staging__20260806\羽搧綸巾   经典酷黑   灵动版\company\ZTYY\601188.html
8843	2	2	D:\Stock\trading_assistant\10_source_library_archive\batch_149_tdx_custom_terminal_external_folder_absorb__20260719\00_raw_snapshot\from_temp_staging__20260806\羽搧綸巾   经典酷黑   灵动版\company\ZTYY\000410.html|D:\Stock\trading_assistant\10_source_library_archive\batch_149_tdx_custom_terminal_external_folder_absorb__20260719\00_raw_snapshot\from_temp_staging__20260806\羽搧綸巾   经典酷黑   灵动版\company\ZTYY\600359.html
9443	2	2	D:\Stock\trading_assistant\10_source_library_archive\batch_149_tdx_custom_terminal_external_folder_absorb__20260719\00_raw_snapshot\from_temp_staging__20260806\羽搧綸巾   经典酷黑   灵动版\company\ZTYY\000407.html|D:\Stock\trading_assistant\10_source_library_archive\batch_149_tdx_custom_terminal_external_folder_absorb__20260719\00_raw_snapshot\from_temp_staging__20260806\羽搧綸巾   经典酷黑   灵动版\company\ZTYY\603213.html
4098	2	2	D:\Stock\trading_assistant\10_source_library_archive\batch_149_tdx_custom_terminal_external_folder_absorb__20260719\00_raw_snapshot\from_temp_staging__20260806\羽搧綸巾   经典酷黑   灵动版\company\ZTYY\000338.html|D:\Stock\trading_assistant\10_source_library_archive\batch_149_tdx_custom_terminal_external_folder_absorb__20260719\00_raw_snapshot\from_temp_staging__20260806\羽搧綸巾   经典酷黑   灵动版\company\ZTYY\300771.html
11156	2	2	D:\Stock\trading_assistant\10_source_library_archive\batch_149_tdx_custom_terminal_external_folder_absorb__20260719\00_raw_snapshot\from_temp_staging__20260806\羽搧綸巾   经典酷黑   灵动版\company\ZTYY\000151.html|D:\Stock\trading_assistant\10_source_library_archive\batch_149_tdx_custom_terminal_external_folder_absorb__20260719\00_raw_snapshot\from_temp_staging__20260806\羽搧綸巾   经典酷黑   灵动版\company\ZTYY\002534.html
6040	2	2	D:\Stock\trading_assistant\10_source_library_archive\batch_149_tdx_custom_terminal_external_folder_absorb__20260719\00_raw_snapshot\from_temp_staging__20260806\羽搧綸巾   经典酷黑   灵动版\company\ZTYY\000048.html|D:\Stock\trading_assistant\10_source_library_archive\batch_149_tdx_custom_terminal_external_folder_absorb__20260719\00_raw_snapshot\from_temp_staging__20260806\羽搧綸巾   经典酷黑   灵动版\company\ZTYY\600032.html
8254	2	2	D:\Stock\trading_assistant\10_source_library_archive\batch_149_tdx_custom_terminal_external_folder_absorb__20260719\00_raw_snapshot\from_temp_staging__20260806\羽搧綸巾   经典酷黑   灵动版\company\ZTYY\000046.html|D:\Stock\trading_assistant\10_source_library_archive\batch_149_tdx_custom_terminal_external_folder_absorb__20260719\00_raw_snapshot\from_temp_staging__20260806\羽搧綸巾   经典酷黑   灵动版\company\ZTYY\002022.html
10020	2	2	D:\Stock\trading_assistant\10_source_library_archive\batch_149_tdx_custom_terminal_external_folder_absorb__20260719\00_raw_snapshot\from_temp_staging__20260806\羽搧綸巾   经典酷黑   灵动版\company\ZTYY\000045.html|D:\Stock\trading_assistant\10_source_library_archive\batch_149_tdx_custom_terminal_external_folder_absorb__20260719\00_raw_snapshot\from_temp_staging__20260806\羽搧綸巾   经典酷黑   灵动版\company\ZTYY\600787.html
10628	2	2	D:\Stock\trading_assistant\10_source_library_archive\batch_149_tdx_custom_terminal_external_folder_absorb__20260719\00_raw_snapshot\from_temp_staging__20260806\羽搧綸巾   经典酷黑   灵动版\company\ZTYY\000062.html|D:\Stock\trading_assistant\10_source_library_archive\batch_149_tdx_custom_terminal_external_folder_absorb__20260719\00_raw_snapshot\from_temp_staging__20260806\羽搧綸巾   经典酷黑   灵动版\company\ZTYY\600156.html
5938	2	2	D:\Stock\trading_assistant\10_source_library_archive\batch_149_tdx_custom_terminal_external_folder_absorb__20260719\00_raw_snapshot\from_temp_staging__20260806\羽搧綸巾   经典酷黑   灵动版\company\ZTYY\000061.html|D:\Stock\trading_assistant\10_source_library_archive\batch_149_tdx_custom_terminal_external_folder_absorb__20260719\00_raw_snapshot\from_temp_staging__20260806\羽搧綸巾   经典酷黑   灵动版\company\ZTYY\300785.html
7535	2	2	D:\Stock\trading_assistant\10_source_library_archive\batch_149_tdx_custom_terminal_external_folder_absorb__20260719\00_raw_snapshot\from_temp_staging__20260806\羽搧綸巾   经典酷黑   灵动版\company\ZTYY\000050.html|D:\Stock\trading_assistant\10_source_library_archive\batch_149_tdx_custom_terminal_external_folder_absorb__20260719\00_raw_snapshot\from_temp_staging__20260806\羽搧綸巾   经典酷黑   灵动版\company\ZTYY\002041.html
9362	2	2	D:\Stock\trading_assistant\10_source_library_archive\batch_149_tdx_custom_terminal_external_folder_absorb__20260719\00_raw_snapshot\from_temp_staging__20260806\羽搧綸巾   经典酷黑   灵动版\company\ZTYY\000671.html|D:\Stock\trading_assistant\10_source_library_archive\batch_149_tdx_custom_terminal_external_folder_absorb__20260719\00_raw_snapshot\from_temp_staging__20260806\羽搧綸巾   经典酷黑   灵动版\company\ZTYY\002218.html
10698	2	2	D:\Stock\trading_assistant\10_source_library_archive\batch_149_tdx_custom_terminal_external_folder_absorb__20260719\00_raw_snapshot\from_temp_staging__20260806\羽搧綸巾   经典酷黑   灵动版\company\ZTYY\000887.html|D:\Stock\trading_assistant\10_source_library_archive\batch_149_tdx_custom_terminal_external_folder_absorb__20260719\00_raw_snapshot\from_temp_staging__20260806\羽搧綸巾   经典酷黑   灵动版\company\ZTYY\601801.html
10849	2	2	D:\Stock\trading_assistant\10_source_library_archive\batch_149_tdx_custom_terminal_external_folder_absorb__20260719\00_raw_snapshot\from_temp_staging__20260806\羽搧綸巾   经典酷黑   灵动版\company\ZTYY\000886.html|D:\Stock\trading_assistant\10_source_library_archive\batch_149_tdx_custom_terminal_external_folder_absorb__20260719\00_raw_snapshot\from_temp_staging__20260806\羽搧綸巾   经典酷黑   灵动版\company\ZTYY\002131.html
8060	2	2	D:\Stock\trading_assistant\10_source_library_archive\batch_149_tdx_custom_terminal_external_folder_absorb__20260719\00_raw_snapshot\from_temp_staging__20260806\羽搧綸巾   经典酷黑   灵动版\company\ZTYY\000885.html|D:\Stock\trading_assistant\10_source_library_archive\batch_149_tdx_custom_terminal_external_folder_absorb__20260719\00_raw_snapshot\from_temp_staging__20260806\羽搧綸巾   经典酷黑   灵动版\company\ZTYY\600259.html
10150	2	2	D:\Stock\trading_assistant\10_source_library_archive\batch_149_tdx_custom_terminal_external_folder_absorb__20260719\00_raw_snapshot\from_temp_staging__20260806\羽搧綸巾   经典酷黑   灵动版\company\ZTYY\000909.html|D:\Stock\trading_assistant\10_source_library_archive\batch_149_tdx_custom_terminal_external_folder_absorb__20260719\00_raw_snapshot\from_temp_staging__20260806\羽搧綸巾   经典酷黑   灵动版\company\ZTYY\002918.html
7007	2	2	D:\Stock\trading_assistant\10_source_library_archive\batch_149_tdx_custom_terminal_external_folder_absorb__20260719\00_raw_snapshot\from_temp_staging__20260806\羽搧綸巾   经典酷黑   灵动版\company\ZTYY\000898.html|D:\Stock\trading_assistant\10_source_library_archive\batch_149_tdx_custom_terminal_external_folder_absorb__20260719\00_raw_snapshot\from_temp_staging__20260806\羽搧綸巾   经典酷黑   灵动版\company\ZTYY\603075.html
10091	2	2	D:\Stock\trading_assistant\10_source_library_archive\batch_149_tdx_custom_terminal_external_folder_absorb__20260719\00_raw_snapshot\from_temp_staging__20260806\羽搧綸巾   经典酷黑   灵动版\company\ZTYY\000889.html|D:\Stock\trading_assistant\10_source_library_archive\batch_149_tdx_custom_terminal_external_folder_absorb__20260719\00_raw_snapshot\from_temp_staging__20260806\羽搧綸巾   经典酷黑   灵动版\company\ZTYY\603026.html
4759	2	2	D:\Stock\trading_assistant\10_source_library_archive\batch_149_tdx_custom_terminal_external_folder_absorb__20260719\00_raw_snapshot\from_temp_staging__20260806\羽搧綸巾   经典酷黑   灵动版\company\ZTYY\000877.html|D:\Stock\trading_assistant\10_source_library_archive\batch_149_tdx_custom_terminal_external_folder_absorb__20260719\00_raw_snapshot\from_temp_staging__20260806\羽搧綸巾   经典酷黑   灵动版\company\ZTYY\301202.html
8450	2	2	D:\Stock\trading_assistant\10_source_library_archive\batch_149_tdx_custom_terminal_external_folder_absorb__20260719\00_raw_snapshot\from_temp_staging__20260806\羽搧綸巾   经典酷黑   灵动版\company\ZTYY\000838.html|D:\Stock\trading_assistant\10_source_library_archive\batch_149_tdx_custom_terminal_external_folder_absorb__20260719\00_raw_snapshot\from_temp_staging__20260806\羽搧綸巾   经典酷黑   灵动版\company\ZTYY\001299.html
6977	2	2	D:\Stock\trading_assistant\10_source_library_archive\batch_149_tdx_custom_terminal_external_folder_absorb__20260719\00_raw_snapshot\from_temp_staging__20260806\羽搧綸巾   经典酷黑   灵动版\company\ZTYY\000835.html|D:\Stock\trading_assistant\10_source_library_archive\batch_149_tdx_custom_terminal_external_folder_absorb__20260719\00_raw_snapshot\from_temp_staging__20260806\羽搧綸巾   经典酷黑   灵动版\company\ZTYY\002572.html
7650	2	2	D:\Stock\trading_assistant\10_source_library_archive\batch_149_tdx_custom_terminal_external_folder_absorb__20260719\00_raw_snapshot\from_temp_staging__20260806\羽搧綸巾   经典酷黑   灵动版\company\ZTYY\000825.html|D:\Stock\trading_assistant\10_source_library_archive\batch_149_tdx_custom_terminal_external_folder_absorb__20260719\00_raw_snapshot\from_temp_staging__20260806\羽搧綸巾   经典酷黑   灵动版\company\ZTYY\300865.html
10194	2	2	D:\Stock\trading_assistant\10_source_library_archive\batch_149_tdx_custom_terminal_external_folder_absorb__20260719\00_raw_snapshot\from_temp_staging__20260806\羽搧綸巾   经典酷黑   灵动版\company\ZTYY\000861.html|D:\Stock\trading_assistant\10_source_library_archive\batch_149_tdx_custom_terminal_external_folder_absorb__20260719\00_raw_snapshot\from_temp_staging__20260806\羽搧綸巾   经典酷黑   灵动版\company\ZTYY\002284.html
7880	2	2	D:\Stock\trading_assistant\10_source_library_archive\batch_149_tdx_custom_terminal_external_folder_absorb__20260719\00_raw_snapshot\from_temp_staging__20260806\羽搧綸巾   经典酷黑   灵动版\company\ZTYY\000860.html|D:\Stock\trading_assistant\10_source_library_archive\batch_149_tdx_custom_terminal_external_folder_absorb__20260719\00_raw_snapshot\from_temp_staging__20260806\羽搧綸巾   经典酷黑   灵动版\company\ZTYY\605060.html
7964	2	2	D:\Stock\trading_assistant\10_source_library_archive\batch_149_tdx_custom_terminal_external_folder_absorb__20260719\00_raw_snapshot\from_temp_staging__20260806\羽搧綸巾   经典酷黑   灵动版\company\ZTYY\000850.html|D:\Stock\trading_assistant\10_source_library_archive\batch_149_tdx_custom_terminal_external_folder_absorb__20260719\00_raw_snapshot\from_temp_staging__20260806\羽搧綸巾   经典酷黑   灵动版\company\ZTYY\002321.html
9271	2	2	D:\Stock\trading_assistant\10_source_library_archive\batch_149_tdx_custom_terminal_external_folder_absorb__20260719\00_raw_snapshot\from_temp_staging__20260806\羽搧綸巾   经典酷黑   灵动版\company\ZTYY\000911.html|D:\Stock\trading_assistant\10_source_library_archive\batch_149_tdx_custom_terminal_external_folder_absorb__20260719\00_raw_snapshot\from_temp_staging__20260806\羽搧綸巾   经典酷黑   灵动版\company\ZTYY\600527.html
12271	2	2	D:\Stock\trading_assistant\10_source_library_archive\batch_149_tdx_custom_terminal_external_folder_absorb__20260719\00_raw_snapshot\from_temp_staging__20260806\羽搧綸巾   经典酷黑   灵动版\company\ZTYY\000948.html|D:\Stock\trading_assistant\10_source_library_archive\batch_149_tdx_custom_terminal_external_folder_absorb__20260719\00_raw_snapshot\from_temp_staging__20260806\羽搧綸巾   经典酷黑   灵动版\company\ZTYY\600692.html
8807	2	2	D:\Stock\trading_assistant\10_source_library_archive\batch_149_tdx_custom_terminal_external_folder_absorb__20260719\00_raw_snapshot\from_temp_staging__20260806\羽搧綸巾   经典酷黑   灵动版\company\ZTYY\000937.html|D:\Stock\trading_assistant\10_source_library_archive\batch_149_tdx_custom_terminal_external_folder_absorb__20260719\00_raw_snapshot\from_temp_staging__20260806\羽搧綸巾   经典酷黑   灵动版\company\ZTYY\603637.html
9226	2	2	D:\Stock\trading_assistant\10_source_library_archive\batch_149_tdx_custom_terminal_external_folder_absorb__20260719\00_raw_snapshot\from_temp_staging__20260806\羽搧綸巾   经典酷黑   灵动版\company\ZTYY\000935.html|D:\Stock\trading_assistant\10_source_library_archive\batch_149_tdx_custom_terminal_external_folder_absorb__20260719\00_raw_snapshot\from_temp_staging__20260806\羽搧綸巾   经典酷黑   灵动版\company\ZTYY\603963.html
10494	2	2	D:\Stock\trading_assistant\10_source_library_archive\batch_149_tdx_custom_terminal_external_folder_absorb__20260719\00_raw_snapshot\from_temp_staging__20260806\羽搧綸巾   经典酷黑   灵动版\company\ZTYY\000955.html|D:\Stock\trading_assistant\10_source_library_archive\batch_149_tdx_custom_terminal_external_folder_absorb__20260719\00_raw_snapshot\from_temp_staging__20260806\羽搧綸巾   经典酷黑   灵动版\company\ZTYY\002121.html
8693	2	2	D:\Stock\trading_assistant\10_source_library_archive\batch_149_tdx_custom_terminal_external_folder_absorb__20260719\00_raw_snapshot\from_temp_staging__20260806\羽搧綸巾   经典酷黑   灵动版\company\ZTYY\000953.html|D:\Stock\trading_assistant\10_source_library_archive\batch_149_tdx_custom_terminal_external_folder_absorb__20260719\00_raw_snapshot\from_temp_staging__20260806\羽搧綸巾   经典酷黑   灵动版\company\直播2.html
10260	2	2	D:\Stock\trading_assistant\10_source_library_archive\batch_149_tdx_custom_terminal_external_folder_absorb__20260719\00_raw_snapshot\from_temp_staging__20260806\羽搧綸巾   经典酷黑   灵动版\company\ZTYY\000951.html|D:\Stock\trading_assistant\10_source_library_archive\batch_149_tdx_custom_terminal_external_folder_absorb__20260719\00_raw_snapshot\from_temp_staging__20260806\羽搧綸巾   经典酷黑   灵动版\company\ZTYY\600716.html
7002	2	2	D:\Stock\trading_assistant\10_source_library_archive\batch_149_tdx_custom_terminal_external_folder_absorb__20260719\00_raw_snapshot\from_temp_staging__20260806\羽搧綸巾   经典酷黑   灵动版\company\ZTYY\000932.html|D:\Stock\trading_assistant\10_source_library_archive\batch_149_tdx_custom_terminal_external_folder_absorb__20260719\00_raw_snapshot\from_temp_staging__20260806\羽搧綸巾   经典酷黑   灵动版\company\ZTYY\600289.html
11496	2	2	D:\Stock\trading_assistant\10_source_library_archive\batch_149_tdx_custom_terminal_external_folder_absorb__20260719\00_raw_snapshot\from_temp_staging__20260806\羽搧綸巾   经典酷黑   灵动版\company\ZTYY\000922.html|D:\Stock\trading_assistant\10_source_library_archive\batch_149_tdx_custom_terminal_external_folder_absorb__20260719\00_raw_snapshot\from_temp_staging__20260806\羽搧綸巾   经典酷黑   灵动版\company\ZTYY\300840.html
9307	2	2	D:\Stock\trading_assistant\10_source_library_archive\batch_149_tdx_custom_terminal_external_folder_absorb__20260719\00_raw_snapshot\from_temp_staging__20260806\羽搧綸巾   经典酷黑   灵动版\company\ZTYY\000921.html|D:\Stock\trading_assistant\10_source_library_archive\batch_149_tdx_custom_terminal_external_folder_absorb__20260719\00_raw_snapshot\from_temp_staging__20260806\羽搧綸巾   经典酷黑   灵动版\company\ZTYY\301378.html
8885	2	2	D:\Stock\trading_assistant\10_source_library_archive\batch_149_tdx_custom_terminal_external_folder_absorb__20260719\00_raw_snapshot\from_temp_staging__20260806\羽搧綸巾   经典酷黑   灵动版\company\ZTYY\000912.html|D:\Stock\trading_assistant\10_source_library_archive\batch_149_tdx_custom_terminal_external_folder_absorb__20260719\00_raw_snapshot\from_temp_staging__20260806\羽搧綸巾   经典酷黑   灵动版\company\ZTYY\605151.html
7215	2	2	D:\Stock\trading_assistant\10_source_library_archive\batch_149_tdx_custom_terminal_external_folder_absorb__20260719\00_raw_snapshot\from_temp_staging__20260806\羽搧綸巾   经典酷黑   灵动版\company\ZTYY\000931.html|D:\Stock\trading_assistant\10_source_library_archive\batch_149_tdx_custom_terminal_external_folder_absorb__20260719\00_raw_snapshot\from_temp_staging__20260806\羽搧綸巾   经典酷黑   灵动版\company\fxjcjA.html
11027	2	2	D:\Stock\trading_assistant\10_source_library_archive\batch_149_tdx_custom_terminal_external_folder_absorb__20260719\00_raw_snapshot\from_temp_staging__20260806\羽搧綸巾   经典酷黑   灵动版\company\ZTYY\000928.html|D:\Stock\trading_assistant\10_source_library_archive\batch_149_tdx_custom_terminal_external_folder_absorb__20260719\00_raw_snapshot\from_temp_staging__20260806\羽搧綸巾   经典酷黑   灵动版\company\ZTYY\002943.html
8497	2	2	D:\Stock\trading_assistant\10_source_library_archive\batch_149_tdx_custom_terminal_external_folder_absorb__20260719\00_raw_snapshot\from_temp_staging__20260806\羽搧綸巾   经典酷黑   灵动版\company\ZTYY\000926.html|D:\Stock\trading_assistant\10_source_library_archive\batch_149_tdx_custom_terminal_external_folder_absorb__20260719\00_raw_snapshot\from_temp_staging__20260806\羽搧綸巾   经典酷黑   灵动版\company\ZTYY\603355.html
8364	2	2	D:\Stock\trading_assistant\10_source_library_archive\batch_149_tdx_custom_terminal_external_folder_absorb__20260719\00_raw_snapshot\from_temp_staging__20260806\羽搧綸巾   经典酷黑   灵动版\company\ZTYY\000723.html|D:\Stock\trading_assistant\10_source_library_archive\batch_149_tdx_custom_terminal_external_folder_absorb__20260719\00_raw_snapshot\from_temp_staging__20260806\羽搧綸巾   经典酷黑   灵动版\company\ZTYY\600399.html
11630	2	2	D:\Stock\trading_assistant\10_source_library_archive\batch_149_tdx_custom_terminal_external_folder_absorb__20260719\00_raw_snapshot\from_temp_staging__20260806\羽搧綸巾   经典酷黑   灵动版\company\ZTYY\000716.html|D:\Stock\trading_assistant\10_source_library_archive\batch_149_tdx_custom_terminal_external_folder_absorb__20260719\00_raw_snapshot\from_temp_staging__20260806\羽搧綸巾   经典酷黑   灵动版\company\ZTYY\603680.html
7067	2	2	D:\Stock\trading_assistant\10_source_library_archive\batch_149_tdx_custom_terminal_external_folder_absorb__20260719\00_raw_snapshot\from_temp_staging__20260806\羽搧綸巾   经典酷黑   灵动版\company\ZTYY\000713.html|D:\Stock\trading_assistant\10_source_library_archive\batch_149_tdx_custom_terminal_external_folder_absorb__20260719\00_raw_snapshot\from_temp_staging__20260806\羽搧綸巾   经典酷黑   灵动版\company\ZTYY\003036.html
8749	2	2	D:\Stock\trading_assistant\10_source_library_archive\batch_149_tdx_custom_terminal_external_folder_absorb__20260719\00_raw_snapshot\from_temp_staging__20260806\羽搧綸巾   经典酷黑   灵动版\company\ZTYY\000732.html|D:\Stock\trading_assistant\10_source_library_archive\batch_149_tdx_custom_terminal_external_folder_absorb__20260719\00_raw_snapshot\from_temp_staging__20260806\羽搧綸巾   经典酷黑   灵动版\company\ZTYY\001288.html
8431	2	2	D:\Stock\trading_assistant\10_source_library_archive\batch_149_tdx_custom_terminal_external_folder_absorb__20260719\00_raw_snapshot\from_temp_staging__20260806\羽搧綸巾   经典酷黑   灵动版\company\ZTYY\000727.html|D:\Stock\trading_assistant\10_source_library_archive\batch_149_tdx_custom_terminal_external_folder_absorb__20260719\00_raw_snapshot\from_temp_staging__20260806\羽搧綸巾   经典酷黑   灵动版\company\ZTYY\603255.html
1431	2	2	D:\Stock\trading_assistant\10_source_library_archive\batch_149_tdx_custom_terminal_external_folder_absorb__20260719\00_raw_snapshot\from_temp_staging__20260806\羽搧綸巾   经典酷黑   灵动版\company\ZTYY\000725.html|D:\Stock\trading_assistant\10_source_library_archive\batch_149_tdx_custom_terminal_external_folder_absorb__20260719\00_raw_snapshot\from_temp_staging__20260806\羽搧綸巾   经典酷黑   灵动版\company\ZTYY\832469.html
7864	2	2	D:\Stock\trading_assistant\10_source_library_archive\batch_149_tdx_custom_terminal_external_folder_absorb__20260719\00_raw_snapshot\from_temp_staging__20260806\羽搧綸巾   经典酷黑   灵动版\company\ZTYY\000710.html|D:\Stock\trading_assistant\10_source_library_archive\batch_149_tdx_custom_terminal_external_folder_absorb__20260719\00_raw_snapshot\from_temp_staging__20260806\羽搧綸巾   经典酷黑   灵动版\company\ZTYY\603595.html
7833	2	2	D:\Stock\trading_assistant\10_source_library_archive\batch_149_tdx_custom_terminal_external_folder_absorb__20260719\00_raw_snapshot\from_temp_staging__20260806\羽搧綸巾   经典酷黑   灵动版\company\ZTYY\000687.html|D:\Stock\trading_assistant\10_source_library_archive\batch_149_tdx_custom_terminal_external_folder_absorb__20260719\00_raw_snapshot\from_temp_staging__20260806\羽搧綸巾   经典酷黑   灵动版\company\ZTYY\002667.html
11654	2	2	D:\Stock\trading_assistant\10_source_library_archive\batch_149_tdx_custom_terminal_external_folder_absorb__20260719\00_raw_snapshot\from_temp_staging__20260806\羽搧綸巾   经典酷黑   灵动版\company\ZTYY\000681.html|D:\Stock\trading_assistant\10_source_library_archive\batch_149_tdx_custom_terminal_external_folder_absorb__20260719\00_raw_snapshot\from_temp_staging__20260806\羽搧綸巾   经典酷黑   灵动版\company\ZTYY\600640.html
10731	2	2	D:\Stock\trading_assistant\10_source_library_archive\batch_149_tdx_custom_terminal_external_folder_absorb__20260719\00_raw_snapshot\from_temp_staging__20260806\羽搧綸巾   经典酷黑   灵动版\company\ZTYY\000679.html|D:\Stock\trading_assistant\10_source_library_archive\batch_149_tdx_custom_terminal_external_folder_absorb__20260719\00_raw_snapshot\from_temp_staging__20260806\羽搧綸巾   经典酷黑   灵动版\company\ZTYY\002476.html
9337	2	2	D:\Stock\trading_assistant\10_source_library_archive\batch_149_tdx_custom_terminal_external_folder_absorb__20260719\00_raw_snapshot\from_temp_staging__20260806\羽搧綸巾   经典酷黑   灵动版\company\ZTYY\000691.html|D:\Stock\trading_assistant\10_source_library_archive\batch_149_tdx_custom_terminal_external_folder_absorb__20260719\00_raw_snapshot\from_temp_staging__20260806\羽搧綸巾   经典酷黑   灵动版\company\ZTYY\002643.html
5815	2	2	D:\Stock\trading_assistant\10_source_library_archive\batch_149_tdx_custom_terminal_external_folder_absorb__20260719\00_raw_snapshot\from_temp_staging__20260806\羽搧綸巾   经典酷黑   灵动版\company\ZTYY\000690.html|D:\Stock\trading_assistant\10_source_library_archive\batch_149_tdx_custom_terminal_external_folder_absorb__20260719\00_raw_snapshot\from_temp_staging__20260806\羽搧綸巾   经典酷黑   灵动版\company\ZTYY\688584.html
7899	2	2	D:\Stock\trading_assistant\10_source_library_archive\batch_149_tdx_custom_terminal_external_folder_absorb__20260719\00_raw_snapshot\from_temp_staging__20260806\羽搧綸巾   经典酷黑   灵动版\company\ZTYY\000688.html|D:\Stock\trading_assistant\10_source_library_archive\batch_149_tdx_custom_terminal_external_folder_absorb__20260719\00_raw_snapshot\from_temp_staging__20260806\羽搧綸巾   经典酷黑   灵动版\company\ZTYY\603036.html
11286	2	2	D:\Stock\trading_assistant\10_source_library_archive\batch_149_tdx_custom_terminal_external_folder_absorb__20260719\00_raw_snapshot\from_temp_staging__20260806\羽搧綸巾   经典酷黑   灵动版\company\ZTYY\000735.html|D:\Stock\trading_assistant\10_source_library_archive\batch_149_tdx_custom_terminal_external_folder_absorb__20260719\00_raw_snapshot\from_temp_staging__20260806\羽搧綸巾   经典酷黑   灵动版\company\ZTYY\002400.html
8250	2	2	D:\Stock\trading_assistant\10_source_library_archive\batch_149_tdx_custom_terminal_external_folder_absorb__20260719\00_raw_snapshot\from_temp_staging__20260806\羽搧綸巾   经典酷黑   灵动版\company\ZTYY\000802.html|D:\Stock\trading_assistant\10_source_library_archive\batch_149_tdx_custom_terminal_external_folder_absorb__20260719\00_raw_snapshot\from_temp_staging__20260806\羽搧綸巾   经典酷黑   灵动版\company\ZTYY\000987.html
10483	2	2	D:\Stock\trading_assistant\10_source_library_archive\batch_149_tdx_custom_terminal_external_folder_absorb__20260719\00_raw_snapshot\from_temp_staging__20260806\羽搧綸巾   经典酷黑   灵动版\company\ZTYY\000801.html|D:\Stock\trading_assistant\10_source_library_archive\batch_149_tdx_custom_terminal_external_folder_absorb__20260719\00_raw_snapshot\from_temp_staging__20260806\羽搧綸巾   经典酷黑   灵动版\company\ZTYY\002919.html
9826	2	2	D:\Stock\trading_assistant\10_source_library_archive\batch_149_tdx_custom_terminal_external_folder_absorb__20260719\00_raw_snapshot\from_temp_staging__20260806\羽搧綸巾   经典酷黑   灵动版\company\ZTYY\000777.html|D:\Stock\trading_assistant\10_source_library_archive\batch_149_tdx_custom_terminal_external_folder_absorb__20260719\00_raw_snapshot\from_temp_staging__20260806\羽搧綸巾   经典酷黑   灵动版\company\ZTYY\600056.html
6649	2	2	D:\Stock\trading_assistant\10_source_library_archive\batch_149_tdx_custom_terminal_external_folder_absorb__20260719\00_raw_snapshot\from_temp_staging__20260806\羽搧綸巾   经典酷黑   灵动版\company\ZTYY\000822.html|D:\Stock\trading_assistant\10_source_library_archive\batch_149_tdx_custom_terminal_external_folder_absorb__20260719\00_raw_snapshot\from_temp_staging__20260806\羽搧綸巾   经典酷黑   灵动版\company\ZTYY\300958.html
8531	2	2	D:\Stock\trading_assistant\10_source_library_archive\batch_149_tdx_custom_terminal_external_folder_absorb__20260719\00_raw_snapshot\from_temp_staging__20260806\羽搧綸巾   经典酷黑   灵动版\company\ZTYY\000820.html|D:\Stock\trading_assistant\10_source_library_archive\batch_149_tdx_custom_terminal_external_folder_absorb__20260719\00_raw_snapshot\from_temp_staging__20260806\羽搧綸巾   经典酷黑   灵动版\company\ZTYY\002449.html
1763	2	2	D:\Stock\trading_assistant\10_source_library_archive\batch_149_tdx_custom_terminal_external_folder_absorb__20260719\00_raw_snapshot\from_temp_staging__20260806\羽搧綸巾   经典酷黑   灵动版\company\ZTYY\000807.html|D:\Stock\trading_assistant\10_source_library_archive\batch_149_tdx_custom_terminal_external_folder_absorb__20260719\00_raw_snapshot\from_temp_staging__20260806\羽搧綸巾   经典酷黑   灵动版\webs\cfg\zzmm.html
1919	2	2	D:\Stock\trading_assistant\10_source_library_archive\batch_149_tdx_custom_terminal_external_folder_absorb__20260719\00_raw_snapshot\from_temp_staging__20260806\羽搧綸巾   经典酷黑   灵动版\company\ZTYY\000768.html|D:\Stock\trading_assistant\10_source_library_archive\batch_149_tdx_custom_terminal_external_folder_absorb__20260719\00_raw_snapshot\from_temp_staging__20260806\羽搧綸巾   经典酷黑   灵动版\company\ZTYY\301296.html
2644	2	2	D:\Stock\trading_assistant\10_source_library_archive\batch_149_tdx_custom_terminal_external_folder_absorb__20260719\00_raw_snapshot\from_temp_staging__20260806\羽搧綸巾   经典酷黑   灵动版\company\ZTYY\000752.html|D:\Stock\trading_assistant\10_source_library_archive\batch_149_tdx_custom_terminal_external_folder_absorb__20260719\00_raw_snapshot\from_temp_staging__20260806\羽搧綸巾   经典酷黑   灵动版\company\ZTYY\002592.html
9062	2	2	D:\Stock\trading_assistant\10_source_library_archive\batch_149_tdx_custom_terminal_external_folder_absorb__20260719\00_raw_snapshot\from_temp_staging__20260806\羽搧綸巾   经典酷黑   灵动版\company\ZTYY\000751.html|D:\Stock\trading_assistant\10_source_library_archive\batch_149_tdx_custom_terminal_external_folder_absorb__20260719\00_raw_snapshot\from_temp_staging__20260806\羽搧綸巾   经典酷黑   灵动版\company\ZTYY\601996.html
8076	2	2	D:\Stock\trading_assistant\10_source_library_archive\batch_149_tdx_custom_terminal_external_folder_absorb__20260719\00_raw_snapshot\from_temp_staging__20260806\羽搧綸巾   经典酷黑   灵动版\company\ZTYY\000738.html|D:\Stock\trading_assistant\10_source_library_archive\batch_149_tdx_custom_terminal_external_folder_absorb__20260719\00_raw_snapshot\from_temp_staging__20260806\羽搧綸巾   经典酷黑   灵动版\company\ZTYY\002570.html
10053	2	2	D:\Stock\trading_assistant\10_source_library_archive\batch_149_tdx_custom_terminal_external_folder_absorb__20260719\00_raw_snapshot\from_temp_staging__20260806\羽搧綸巾   经典酷黑   灵动版\company\ZTYY\000767.html|D:\Stock\trading_assistant\10_source_library_archive\batch_149_tdx_custom_terminal_external_folder_absorb__20260719\00_raw_snapshot\from_temp_staging__20260806\羽搧綸巾   经典酷黑   灵动版\company\同花顺个股看点.html
9966	2	2	D:\Stock\trading_assistant\10_source_library_archive\batch_149_tdx_custom_terminal_external_folder_absorb__20260719\00_raw_snapshot\from_temp_staging__20260806\羽搧綸巾   经典酷黑   灵动版\company\ZTYY\000756.html|D:\Stock\trading_assistant\10_source_library_archive\batch_149_tdx_custom_terminal_external_folder_absorb__20260719\00_raw_snapshot\from_temp_staging__20260806\羽搧綸巾   经典酷黑   灵动版\company\ZTYY\600704.html
10910	2	2	D:\Stock\trading_assistant\10_source_library_archive\batch_149_tdx_custom_terminal_external_folder_absorb__20260719\00_raw_snapshot\from_temp_staging__20260806\羽搧綸巾   经典酷黑   灵动版\company\ZTYY\000755.html|D:\Stock\trading_assistant\10_source_library_archive\batch_149_tdx_custom_terminal_external_folder_absorb__20260719\00_raw_snapshot\from_temp_staging__20260806\羽搧綸巾   经典酷黑   灵动版\company\东财主力排名(表).html
10410	2	2	D:\Stock\trading_assistant\10_source_library_archive\batch_149_tdx_custom_terminal_external_folder_absorb__20260719\00_raw_snapshot\from_temp_staging__20260806\羽搧綸巾   经典酷黑   灵动版\company\ZTYY\002292.html|D:\Stock\trading_assistant\10_source_library_archive\batch_149_tdx_custom_terminal_external_folder_absorb__20260719\00_raw_snapshot\from_temp_staging__20260806\羽搧綸巾   经典酷黑   灵动版\company\ZTYY\600227.html
5531	2	2	D:\Stock\trading_assistant\10_source_library_archive\batch_149_tdx_custom_terminal_external_folder_absorb__20260719\00_raw_snapshot\from_temp_staging__20260806\羽搧綸巾   经典酷黑   灵动版\company\ZTYY\300082.html|D:\Stock\trading_assistant\10_source_library_archive\batch_149_tdx_custom_terminal_external_folder_absorb__20260719\00_raw_snapshot\from_temp_staging__20260806\羽搧綸巾   经典酷黑   灵动版\company\ZTYY\300270.html
9741	2	2	D:\Stock\trading_assistant\10_source_library_archive\batch_149_tdx_custom_terminal_external_folder_absorb__20260719\00_raw_snapshot\from_temp_staging__20260806\羽搧綸巾   经典酷黑   灵动版\company\ZTYY\300071.html|D:\Stock\trading_assistant\10_source_library_archive\batch_149_tdx_custom_terminal_external_folder_absorb__20260719\00_raw_snapshot\from_temp_staging__20260806\羽搧綸巾   经典酷黑   灵动版\company\ZTYY\600817.html
2045	2	2	D:\Stock\trading_assistant\10_source_library_archive\batch_149_tdx_custom_terminal_external_folder_absorb__20260719\00_raw_snapshot\from_temp_staging__20260806\羽搧綸巾   经典酷黑   灵动版\company\ZTYY\300057.html|D:\Stock\trading_assistant\10_source_library_archive\batch_149_tdx_custom_terminal_external_folder_absorb__20260719\00_raw_snapshot\from_temp_staging__20260806\羽搧綸巾   经典酷黑   灵动版\company\ZTYY\688485.html
8500	2	2	D:\Stock\trading_assistant\10_source_library_archive\batch_149_tdx_custom_terminal_external_folder_absorb__20260719\00_raw_snapshot\from_temp_staging__20260806\羽搧綸巾   经典酷黑   灵动版\company\ZTYY\300093.html|D:\Stock\trading_assistant\10_source_library_archive\batch_149_tdx_custom_terminal_external_folder_absorb__20260719\00_raw_snapshot\from_temp_staging__20260806\羽搧綸巾   经典酷黑   灵动版\company\ZTYY\600538.html
6526	2	2	D:\Stock\trading_assistant\10_source_library_archive\batch_149_tdx_custom_terminal_external_folder_absorb__20260719\00_raw_snapshot\from_temp_staging__20260806\羽搧綸巾   经典酷黑   灵动版\company\ZTYY\300086.html|D:\Stock\trading_assistant\10_source_library_archive\batch_149_tdx_custom_terminal_external_folder_absorb__20260719\00_raw_snapshot\from_temp_staging__20260806\羽搧綸巾   经典酷黑   灵动版\company\ZTYY\603279.html
2765	2	2	D:\Stock\trading_assistant\10_source_library_archive\batch_149_tdx_custom_terminal_external_folder_absorb__20260719\00_raw_snapshot\from_temp_staging__20260806\羽搧綸巾   经典酷黑   灵动版\company\ZTYY\300083.html|D:\Stock\trading_assistant\10_source_library_archive\batch_149_tdx_custom_terminal_external_folder_absorb__20260719\00_raw_snapshot\from_temp_staging__20260806\羽搧綸巾   经典酷黑   灵动版\company\ZTYY\688005.html
6396	2	2	D:\Stock\trading_assistant\10_source_library_archive\batch_149_tdx_custom_terminal_external_folder_absorb__20260719\00_raw_snapshot\from_temp_staging__20260806\羽搧綸巾   经典酷黑   灵动版\company\ZTYY\300056.html|D:\Stock\trading_assistant\10_source_library_archive\batch_149_tdx_custom_terminal_external_folder_absorb__20260719\00_raw_snapshot\from_temp_staging__20260806\羽搧綸巾   经典酷黑   灵动版\company\ZTYY\600563.html
3691	2	2	D:\Stock\trading_assistant\10_source_library_archive\batch_149_tdx_custom_terminal_external_folder_absorb__20260719\00_raw_snapshot\from_temp_staging__20260806\羽搧綸巾   经典酷黑   灵动版\company\ZTYY\300046.html|D:\Stock\trading_assistant\10_source_library_archive\batch_149_tdx_custom_terminal_external_folder_absorb__20260719\00_raw_snapshot\from_temp_staging__20260806\羽搧綸巾   经典酷黑   灵动版\company\ZTYY\833030.html
5755	2	2	D:\Stock\trading_assistant\10_source_library_archive\batch_149_tdx_custom_terminal_external_folder_absorb__20260719\00_raw_snapshot\from_temp_staging__20260806\羽搧綸巾   经典酷黑   灵动版\company\ZTYY\300044.html|D:\Stock\trading_assistant\10_source_library_archive\batch_149_tdx_custom_terminal_external_folder_absorb__20260719\00_raw_snapshot\from_temp_staging__20260806\羽搧綸巾   经典酷黑   灵动版\company\ZTYY\603689.html
3955	2	2	D:\Stock\trading_assistant\10_source_library_archive\batch_149_tdx_custom_terminal_external_folder_absorb__20260719\00_raw_snapshot\from_temp_staging__20260806\羽搧綸巾   经典酷黑   灵动版\company\ZTYY\300043.html|D:\Stock\trading_assistant\10_source_library_archive\batch_149_tdx_custom_terminal_external_folder_absorb__20260719\00_raw_snapshot\from_temp_staging__20260806\羽搧綸巾   经典酷黑   灵动版\company\ZTYY\688389.html
1945	2	2	D:\Stock\trading_assistant\10_source_library_archive\batch_149_tdx_custom_terminal_external_folder_absorb__20260719\00_raw_snapshot\from_temp_staging__20260806\羽搧綸巾   经典酷黑   灵动版\company\ZTYY\300054.html|D:\Stock\trading_assistant\10_source_library_archive\batch_149_tdx_custom_terminal_external_folder_absorb__20260719\00_raw_snapshot\from_temp_staging__20260806\羽搧綸巾   经典酷黑   灵动版\company\ZTYY\300641.html
2225	2	2	D:\Stock\trading_assistant\10_source_library_archive\batch_149_tdx_custom_terminal_external_folder_absorb__20260719\00_raw_snapshot\from_temp_staging__20260806\羽搧綸巾   经典酷黑   灵动版\company\ZTYY\300049.html|D:\Stock\trading_assistant\10_source_library_archive\batch_149_tdx_custom_terminal_external_folder_absorb__20260719\00_raw_snapshot\from_temp_staging__20260806\羽搧綸巾   经典酷黑   灵动版\company\ZTYY\300136.html
5982	2	2	D:\Stock\trading_assistant\10_source_library_archive\batch_149_tdx_custom_terminal_external_folder_absorb__20260719\00_raw_snapshot\from_temp_staging__20260806\羽搧綸巾   经典酷黑   灵动版\company\ZTYY\300047.html|D:\Stock\trading_assistant\10_source_library_archive\batch_149_tdx_custom_terminal_external_folder_absorb__20260719\00_raw_snapshot\from_temp_staging__20260806\羽搧綸巾   经典酷黑   灵动版\webs\cfg\ydjd.html
2997	2	2	D:\Stock\trading_assistant\10_source_library_archive\batch_149_tdx_custom_terminal_external_folder_absorb__20260719\00_raw_snapshot\from_temp_staging__20260806\羽搧綸巾   经典酷黑   灵动版\company\ZTYY\300094.html|D:\Stock\trading_assistant\10_source_library_archive\batch_149_tdx_custom_terminal_external_folder_absorb__20260719\00_raw_snapshot\from_temp_staging__20260806\羽搧綸巾   经典酷黑   灵动版\company\ZTYY\301418.html
1612	2	2	D:\Stock\trading_assistant\10_source_library_archive\batch_149_tdx_custom_terminal_external_folder_absorb__20260719\00_raw_snapshot\from_temp_staging__20260806\羽搧綸巾   经典酷黑   灵动版\company\ZTYY\300137.html|D:\Stock\trading_assistant\10_source_library_archive\batch_149_tdx_custom_terminal_external_folder_absorb__20260719\00_raw_snapshot\from_temp_staging__20260806\羽搧綸巾   经典酷黑   灵动版\company\ZTYY\600584.html
5414	2	2	D:\Stock\trading_assistant\10_source_library_archive\batch_149_tdx_custom_terminal_external_folder_absorb__20260719\00_raw_snapshot\from_temp_staging__20260806\羽搧綸巾   经典酷黑   灵动版\company\ZTYY\300130.html|D:\Stock\trading_assistant\10_source_library_archive\batch_149_tdx_custom_terminal_external_folder_absorb__20260719\00_raw_snapshot\from_temp_staging__20260806\羽搧綸巾   经典酷黑   灵动版\company\ZTYY\300738.html
5371	2	2	D:\Stock\trading_assistant\10_source_library_archive\batch_149_tdx_custom_terminal_external_folder_absorb__20260719\00_raw_snapshot\from_temp_staging__20260806\羽搧綸巾   经典酷黑   灵动版\company\ZTYY\300127.html|D:\Stock\trading_assistant\10_source_library_archive\batch_149_tdx_custom_terminal_external_folder_absorb__20260719\00_raw_snapshot\from_temp_staging__20260806\羽搧綸巾   经典酷黑   灵动版\company\ZTYY\603609.html
5111	2	2	D:\Stock\trading_assistant\10_source_library_archive\batch_149_tdx_custom_terminal_external_folder_absorb__20260719\00_raw_snapshot\from_temp_staging__20260806\羽搧綸巾   经典酷黑   灵动版\company\ZTYY\300147.html|D:\Stock\trading_assistant\10_source_library_archive\batch_149_tdx_custom_terminal_external_folder_absorb__20260719\00_raw_snapshot\from_temp_staging__20260806\羽搧綸巾   经典酷黑   灵动版\company\ZTYY\688525.html
3237	2	2	D:\Stock\trading_assistant\10_source_library_archive\batch_149_tdx_custom_terminal_external_folder_absorb__20260719\00_raw_snapshot\from_temp_staging__20260806\羽搧綸巾   经典酷黑   灵动版\company\ZTYY\300146.html|D:\Stock\trading_assistant\10_source_library_archive\batch_149_tdx_custom_terminal_external_folder_absorb__20260719\00_raw_snapshot\from_temp_staging__20260806\羽搧綸巾   经典酷黑   灵动版\company\ZTYY\688322.html
4530	2	2	D:\Stock\trading_assistant\10_source_library_archive\batch_149_tdx_custom_terminal_external_folder_absorb__20260719\00_raw_snapshot\from_temp_staging__20260806\羽搧綸巾   经典酷黑   灵动版\company\ZTYY\300141.html|D:\Stock\trading_assistant\10_source_library_archive\batch_149_tdx_custom_terminal_external_folder_absorb__20260719\00_raw_snapshot\from_temp_staging__20260806\羽搧綸巾   经典酷黑   灵动版\company\ZTYY\603568.html
1968	2	2	D:\Stock\trading_assistant\10_source_library_archive\batch_149_tdx_custom_terminal_external_folder_absorb__20260719\00_raw_snapshot\from_temp_staging__20260806\羽搧綸巾   经典酷黑   灵动版\company\ZTYY\300125.html|D:\Stock\trading_assistant\10_source_library_archive\batch_149_tdx_custom_terminal_external_folder_absorb__20260719\00_raw_snapshot\from_temp_staging__20260806\羽搧綸巾   经典酷黑   灵动版\company\ZTYY\300900.html
4011	2	2	D:\Stock\trading_assistant\10_source_library_archive\batch_149_tdx_custom_terminal_external_folder_absorb__20260719\00_raw_snapshot\from_temp_staging__20260806\羽搧綸巾   经典酷黑   灵动版\company\ZTYY\300109.html|D:\Stock\trading_assistant\10_source_library_archive\batch_149_tdx_custom_terminal_external_folder_absorb__20260719\00_raw_snapshot\from_temp_staging__20260806\羽搧綸巾   经典酷黑   灵动版\webs\cfg\Cha基金.html
1831	2	2	D:\Stock\trading_assistant\10_source_library_archive\batch_149_tdx_custom_terminal_external_folder_absorb__20260719\00_raw_snapshot\from_temp_staging__20260806\羽搧綸巾   经典酷黑   灵动版\company\ZTYY\300105.html|D:\Stock\trading_assistant\10_source_library_archive\batch_149_tdx_custom_terminal_external_folder_absorb__20260719\00_raw_snapshot\from_temp_staging__20260806\羽搧綸巾   经典酷黑   灵动版\company\ZTYY\300652.html
2433	2	2	D:\Stock\trading_assistant\10_source_library_archive\batch_149_tdx_custom_terminal_external_folder_absorb__20260719\00_raw_snapshot\from_temp_staging__20260806\羽搧綸巾   经典酷黑   灵动版\company\ZTYY\300095.html|D:\Stock\trading_assistant\10_source_library_archive\batch_149_tdx_custom_terminal_external_folder_absorb__20260719\00_raw_snapshot\from_temp_staging__20260806\羽搧綸巾   经典酷黑   灵动版\company\ZTYY\688378.html
4843	2	2	D:\Stock\trading_assistant\10_source_library_archive\batch_149_tdx_custom_terminal_external_folder_absorb__20260719\00_raw_snapshot\from_temp_staging__20260806\羽搧綸巾   经典酷黑   灵动版\company\ZTYY\300122.html|D:\Stock\trading_assistant\10_source_library_archive\batch_149_tdx_custom_terminal_external_folder_absorb__20260719\00_raw_snapshot\from_temp_staging__20260806\羽搧綸巾   经典酷黑   灵动版\company\ZTYY\300667.html
1812	2	2	D:\Stock\trading_assistant\10_source_library_archive\batch_149_tdx_custom_terminal_external_folder_absorb__20260719\00_raw_snapshot\from_temp_staging__20260806\羽搧綸巾   经典酷黑   灵动版\company\ZTYY\300119.html|D:\Stock\trading_assistant\10_source_library_archive\batch_149_tdx_custom_terminal_external_folder_absorb__20260719\00_raw_snapshot\from_temp_staging__20260806\羽搧綸巾   经典酷黑   灵动版\company\ZTYY\688789.html
3333	2	2	D:\Stock\trading_assistant\10_source_library_archive\batch_149_tdx_custom_terminal_external_folder_absorb__20260719\00_raw_snapshot\from_temp_staging__20260806\羽搧綸巾   经典酷黑   灵动版\company\ZTYY\300115.html|D:\Stock\trading_assistant\10_source_library_archive\batch_149_tdx_custom_terminal_external_folder_absorb__20260719\00_raw_snapshot\from_temp_staging__20260806\羽搧綸巾   经典酷黑   灵动版\company\ZTYY\688536.html
1087	2	2	D:\Stock\trading_assistant\10_source_library_archive\batch_149_tdx_custom_terminal_external_folder_absorb__20260719\00_raw_snapshot\from_temp_staging__20260806\羽搧綸巾   经典酷黑   灵动版\company\ZTYY\002966.html|D:\Stock\trading_assistant\10_source_library_archive\batch_149_tdx_custom_terminal_external_folder_absorb__20260719\00_raw_snapshot\from_temp_staging__20260806\羽搧綸巾   经典酷黑   灵动版\company\ZTYY\688425.html
5572	2	2	D:\Stock\trading_assistant\10_source_library_archive\batch_149_tdx_custom_terminal_external_folder_absorb__20260719\00_raw_snapshot\from_temp_staging__20260806\羽搧綸巾   经典酷黑   灵动版\company\ZTYY\002960.html|D:\Stock\trading_assistant\10_source_library_archive\batch_149_tdx_custom_terminal_external_folder_absorb__20260719\00_raw_snapshot\from_temp_staging__20260806\羽搧綸巾   经典酷黑   灵动版\company\ZTYY\603062.html
5455	2	2	D:\Stock\trading_assistant\10_source_library_archive\batch_149_tdx_custom_terminal_external_folder_absorb__20260719\00_raw_snapshot\from_temp_staging__20260806\羽搧綸巾   经典酷黑   灵动版\company\ZTYY\002958.html|D:\Stock\trading_assistant\10_source_library_archive\batch_149_tdx_custom_terminal_external_folder_absorb__20260719\00_raw_snapshot\from_temp_staging__20260806\羽搧綸巾   经典酷黑   灵动版\company\ZTYY\300976.html
8667	2	2	D:\Stock\trading_assistant\10_source_library_archive\batch_149_tdx_custom_terminal_external_folder_absorb__20260719\00_raw_snapshot\from_temp_staging__20260806\羽搧綸巾   经典酷黑   灵动版\company\ZTYY\002992.html|D:\Stock\trading_assistant\10_source_library_archive\batch_149_tdx_custom_terminal_external_folder_absorb__20260719\00_raw_snapshot\from_temp_staging__20260806\羽搧綸巾   经典酷黑   灵动版\company\ZTYY\603889.html
9950	2	2	D:\Stock\trading_assistant\10_source_library_archive\batch_149_tdx_custom_terminal_external_folder_absorb__20260719\00_raw_snapshot\from_temp_staging__20260806\羽搧綸巾   经典酷黑   灵动版\company\ZTYY\002989.html|D:\Stock\trading_assistant\10_source_library_archive\batch_149_tdx_custom_terminal_external_folder_absorb__20260719\00_raw_snapshot\from_temp_staging__20260806\羽搧綸巾   经典酷黑   灵动版\company\ZTYY\600189.html
7028	2	2	D:\Stock\trading_assistant\10_source_library_archive\batch_149_tdx_custom_terminal_external_folder_absorb__20260719\00_raw_snapshot\from_temp_staging__20260806\羽搧綸巾   经典酷黑   灵动版\company\ZTYY\002985.html|D:\Stock\trading_assistant\10_source_library_archive\batch_149_tdx_custom_terminal_external_folder_absorb__20260719\00_raw_snapshot\from_temp_staging__20260806\羽搧綸巾   经典酷黑   灵动版\company\ZTYY\300238.html
8058	2	2	D:\Stock\trading_assistant\10_source_library_archive\batch_149_tdx_custom_terminal_external_folder_absorb__20260719\00_raw_snapshot\from_temp_staging__20260806\羽搧綸巾   经典酷黑   灵动版\company\ZTYY\002950.html|D:\Stock\trading_assistant\10_source_library_archive\batch_149_tdx_custom_terminal_external_folder_absorb__20260719\00_raw_snapshot\from_temp_staging__20260806\羽搧綸巾   经典酷黑   灵动版\company\ZTYY\301203.html
11309	2	2	D:\Stock\trading_assistant\10_source_library_archive\batch_149_tdx_custom_terminal_external_folder_absorb__20260719\00_raw_snapshot\from_temp_staging__20260806\羽搧綸巾   经典酷黑   灵动版\company\ZTYY\002937.html|D:\Stock\trading_assistant\10_source_library_archive\batch_149_tdx_custom_terminal_external_folder_absorb__20260719\00_raw_snapshot\from_temp_staging__20260806\羽搧綸巾   经典酷黑   灵动版\company\ZTYY\603809.html
9291	2	2	D:\Stock\trading_assistant\10_source_library_archive\batch_149_tdx_custom_terminal_external_folder_absorb__20260719\00_raw_snapshot\from_temp_staging__20260806\羽搧綸巾   经典酷黑   灵动版\company\ZTYY\002933.html|D:\Stock\trading_assistant\10_source_library_archive\batch_149_tdx_custom_terminal_external_folder_absorb__20260719\00_raw_snapshot\from_temp_staging__20260806\羽搧綸巾   经典酷黑   灵动版\HGPlugins\transaction\RES\Zyy\ajax\condition\html\instruction_details.html
5224	2	2	D:\Stock\trading_assistant\10_source_library_archive\batch_149_tdx_custom_terminal_external_folder_absorb__20260719\00_raw_snapshot\from_temp_staging__20260806\羽搧綸巾   经典酷黑   灵动版\company\ZTYY\002925.html|D:\Stock\trading_assistant\10_source_library_archive\batch_149_tdx_custom_terminal_external_folder_absorb__20260719\00_raw_snapshot\from_temp_staging__20260806\羽搧綸巾   经典酷黑   灵动版\company\ZTYY\688660.html
11367	2	2	D:\Stock\trading_assistant\10_source_library_archive\batch_149_tdx_custom_terminal_external_folder_absorb__20260719\00_raw_snapshot\from_temp_staging__20260806\羽搧綸巾   经典酷黑   灵动版\company\ZTYY\002949.html|D:\Stock\trading_assistant\10_source_library_archive\batch_149_tdx_custom_terminal_external_folder_absorb__20260719\00_raw_snapshot\from_temp_staging__20260806\羽搧綸巾   经典酷黑   灵动版\webs\cfg\ckjl.html
6341	2	2	D:\Stock\trading_assistant\10_source_library_archive\batch_149_tdx_custom_terminal_external_folder_absorb__20260719\00_raw_snapshot\from_temp_staging__20260806\羽搧綸巾   经典酷黑   灵动版\company\ZTYY\002948.html|D:\Stock\trading_assistant\10_source_library_archive\batch_149_tdx_custom_terminal_external_folder_absorb__20260719\00_raw_snapshot\from_temp_staging__20260806\羽搧綸巾   经典酷黑   灵动版\company\ZTYY\300903.html
11847	2	2	D:\Stock\trading_assistant\10_source_library_archive\batch_149_tdx_custom_terminal_external_folder_absorb__20260719\00_raw_snapshot\from_temp_staging__20260806\羽搧綸巾   经典酷黑   灵动版\company\ZTYY\002947.html|D:\Stock\trading_assistant\10_source_library_archive\batch_149_tdx_custom_terminal_external_folder_absorb__20260719\00_raw_snapshot\from_temp_staging__20260806\羽搧綸巾   经典酷黑   灵动版\company\抢筹(表).html
9156	2	2	D:\Stock\trading_assistant\10_source_library_archive\batch_149_tdx_custom_terminal_external_folder_absorb__20260719\00_raw_snapshot\from_temp_staging__20260806\羽搧綸巾   经典酷黑   灵动版\company\ZTYY\003000.html|D:\Stock\trading_assistant\10_source_library_archive\batch_149_tdx_custom_terminal_external_folder_absorb__20260719\00_raw_snapshot\from_temp_staging__20260806\羽搧綸巾   经典酷黑   灵动版\company\ZTYY\603656.html
4107	2	2	D:\Stock\trading_assistant\10_source_library_archive\batch_149_tdx_custom_terminal_external_folder_absorb__20260719\00_raw_snapshot\from_temp_staging__20260806\羽搧綸巾   经典酷黑   灵动版\company\ZTYY\300031.html|D:\Stock\trading_assistant\10_source_library_archive\batch_149_tdx_custom_terminal_external_folder_absorb__20260719\00_raw_snapshot\from_temp_staging__20260806\羽搧綸巾   经典酷黑   灵动版\company\ZTYY\836149.html
1768	2	2	D:\Stock\trading_assistant\10_source_library_archive\batch_149_tdx_custom_terminal_external_folder_absorb__20260719\00_raw_snapshot\from_temp_staging__20260806\羽搧綸巾   经典酷黑   灵动版\company\ZTYY\300026.html|D:\Stock\trading_assistant\10_source_library_archive\batch_149_tdx_custom_terminal_external_folder_absorb__20260719\00_raw_snapshot\from_temp_staging__20260806\羽搧綸巾   经典酷黑   灵动版\company\ZTYY\300263.html
2284	2	2	D:\Stock\trading_assistant\10_source_library_archive\batch_149_tdx_custom_terminal_external_folder_absorb__20260719\00_raw_snapshot\from_temp_staging__20260806\羽搧綸巾   经典酷黑   灵动版\company\ZTYY\300020.html|D:\Stock\trading_assistant\10_source_library_archive\batch_149_tdx_custom_terminal_external_folder_absorb__20260719\00_raw_snapshot\from_temp_staging__20260806\羽搧綸巾   经典酷黑   灵动版\company\ZTYY\300416.html
4117	2	2	D:\Stock\trading_assistant\10_source_library_archive\batch_149_tdx_custom_terminal_external_folder_absorb__20260719\00_raw_snapshot\from_temp_staging__20260806\羽搧綸巾   经典酷黑   灵动版\company\ZTYY\300040.html|D:\Stock\trading_assistant\10_source_library_archive\batch_149_tdx_custom_terminal_external_folder_absorb__20260719\00_raw_snapshot\from_temp_staging__20260806\羽搧綸巾   经典酷黑   灵动版\company\ZTYY\300701.html
3244	2	2	D:\Stock\trading_assistant\10_source_library_archive\batch_149_tdx_custom_terminal_external_folder_absorb__20260719\00_raw_snapshot\from_temp_staging__20260806\羽搧綸巾   经典酷黑   灵动版\company\ZTYY\300037.html|D:\Stock\trading_assistant\10_source_library_archive\batch_149_tdx_custom_terminal_external_folder_absorb__20260719\00_raw_snapshot\from_temp_staging__20260806\羽搧綸巾   经典酷黑   灵动版\company\ZTYY\300323.html
3906	2	2	D:\Stock\trading_assistant\10_source_library_archive\batch_149_tdx_custom_terminal_external_folder_absorb__20260719\00_raw_snapshot\from_temp_staging__20260806\羽搧綸巾   经典酷黑   灵动版\company\ZTYY\300035.html|D:\Stock\trading_assistant\10_source_library_archive\batch_149_tdx_custom_terminal_external_folder_absorb__20260719\00_raw_snapshot\from_temp_staging__20260806\羽搧綸巾   经典酷黑   灵动版\company\ZTYY\301538.html
4857	2	2	D:\Stock\trading_assistant\10_source_library_archive\batch_149_tdx_custom_terminal_external_folder_absorb__20260719\00_raw_snapshot\from_temp_staging__20260806\羽搧綸巾   经典酷黑   灵动版\company\ZTYY\300019.html|D:\Stock\trading_assistant\10_source_library_archive\batch_149_tdx_custom_terminal_external_folder_absorb__20260719\00_raw_snapshot\from_temp_staging__20260806\羽搧綸巾   经典酷黑   灵动版\company\ZTYY\300537.html
9962	2	2	D:\Stock\trading_assistant\10_source_library_archive\batch_149_tdx_custom_terminal_external_folder_absorb__20260719\00_raw_snapshot\from_temp_staging__20260806\羽搧綸巾   经典酷黑   灵动版\company\ZTYY\003037.html|D:\Stock\trading_assistant\10_source_library_archive\batch_149_tdx_custom_terminal_external_folder_absorb__20260719\00_raw_snapshot\from_temp_staging__20260806\羽搧綸巾   经典酷黑   灵动版\webs\cfg\YDZB.html
5539	2	2	D:\Stock\trading_assistant\10_source_library_archive\batch_149_tdx_custom_terminal_external_folder_absorb__20260719\00_raw_snapshot\from_temp_staging__20260806\羽搧綸巾   经典酷黑   灵动版\company\ZTYY\003018.html|D:\Stock\trading_assistant\10_source_library_archive\batch_149_tdx_custom_terminal_external_folder_absorb__20260719\00_raw_snapshot\from_temp_staging__20260806\羽搧綸巾   经典酷黑   灵动版\company\ZTYY\300085.html
8931	2	2	D:\Stock\trading_assistant\10_source_library_archive\batch_149_tdx_custom_terminal_external_folder_absorb__20260719\00_raw_snapshot\from_temp_staging__20260806\羽搧綸巾   经典酷黑   灵动版\company\ZTYY\003001.html|D:\Stock\trading_assistant\10_source_library_archive\batch_149_tdx_custom_terminal_external_folder_absorb__20260719\00_raw_snapshot\from_temp_staging__20260806\羽搧綸巾   经典酷黑   灵动版\company\ZTYY\600094.html
2617	2	2	D:\Stock\trading_assistant\10_source_library_archive\batch_149_tdx_custom_terminal_external_folder_absorb__20260719\00_raw_snapshot\from_temp_staging__20260806\羽搧綸巾   经典酷黑   灵动版\company\ZTYY\300018.html|D:\Stock\trading_assistant\10_source_library_archive\batch_149_tdx_custom_terminal_external_folder_absorb__20260719\00_raw_snapshot\from_temp_staging__20260806\羽搧綸巾   经典酷黑   灵动版\company\ZTYY\300887.html
4935	2	2	D:\Stock\trading_assistant\10_source_library_archive\batch_149_tdx_custom_terminal_external_folder_absorb__20260719\00_raw_snapshot\from_temp_staging__20260806\羽搧綸巾   经典酷黑   灵动版\company\ZTYY\300006.html|D:\Stock\trading_assistant\10_source_library_archive\batch_149_tdx_custom_terminal_external_folder_absorb__20260719\00_raw_snapshot\from_temp_staging__20260806\羽搧綸巾   经典酷黑   灵动版\company\ZTYY\301219.html
11030	2	2	D:\Stock\trading_assistant\10_source_library_archive\batch_149_tdx_custom_terminal_external_folder_absorb__20260719\00_raw_snapshot\from_temp_staging__20260806\羽搧綸巾   经典酷黑   灵动版\company\ZTYY\003040.html|D:\Stock\trading_assistant\10_source_library_archive\batch_149_tdx_custom_terminal_external_folder_absorb__20260719\00_raw_snapshot\from_temp_staging__20260806\羽搧綸巾   经典酷黑   灵动版\company\ZTYY\600131.html
3588	2	2	D:\Stock\trading_assistant\10_source_library_archive\batch_149_tdx_custom_terminal_external_folder_absorb__20260719\00_raw_snapshot\from_temp_staging__20260806\羽搧綸巾   经典酷黑   灵动版\company\ZTYY\300150.html|D:\Stock\trading_assistant\10_source_library_archive\batch_149_tdx_custom_terminal_external_folder_absorb__20260719\00_raw_snapshot\from_temp_staging__20260806\羽搧綸巾   经典酷黑   灵动版\company\ZTYY\300353.html
1717	2	2	D:\Stock\trading_assistant\10_source_library_archive\batch_149_tdx_custom_terminal_external_folder_absorb__20260719\00_raw_snapshot\from_temp_staging__20260806\羽搧綸巾   经典酷黑   灵动版\company\ZTYY\300303.html|D:\Stock\trading_assistant\10_source_library_archive\batch_149_tdx_custom_terminal_external_folder_absorb__20260719\00_raw_snapshot\from_temp_staging__20260806\羽搧綸巾   经典酷黑   灵动版\company\ZTYY\601021.html
6558	2	2	D:\Stock\trading_assistant\10_source_library_archive\batch_149_tdx_custom_terminal_external_folder_absorb__20260719\00_raw_snapshot\from_temp_staging__20260806\羽搧綸巾   经典酷黑   灵动版\company\ZTYY\300293.html|D:\Stock\trading_assistant\10_source_library_archive\batch_149_tdx_custom_terminal_external_folder_absorb__20260719\00_raw_snapshot\from_temp_staging__20260806\羽搧綸巾   经典酷黑   灵动版\company\板块轮动A.html
1784	2	2	D:\Stock\trading_assistant\10_source_library_archive\batch_149_tdx_custom_terminal_external_folder_absorb__20260719\00_raw_snapshot\from_temp_staging__20260806\羽搧綸巾   经典酷黑   灵动版\company\ZTYY\300289.html|D:\Stock\trading_assistant\10_source_library_archive\batch_149_tdx_custom_terminal_external_folder_absorb__20260719\00_raw_snapshot\from_temp_staging__20260806\羽搧綸巾   经典酷黑   灵动版\company\ZTYY\600377.html
9137	2	2	D:\Stock\trading_assistant\10_source_library_archive\batch_149_tdx_custom_terminal_external_folder_absorb__20260719\00_raw_snapshot\from_temp_staging__20260806\羽搧綸巾   经典酷黑   灵动版\company\ZTYY\300312.html|D:\Stock\trading_assistant\10_source_library_archive\batch_149_tdx_custom_terminal_external_folder_absorb__20260719\00_raw_snapshot\from_temp_staging__20260806\羽搧綸巾   经典酷黑   灵动版\company\ZTYY\603871.html
8790	2	2	D:\Stock\trading_assistant\10_source_library_archive\batch_149_tdx_custom_terminal_external_folder_absorb__20260719\00_raw_snapshot\from_temp_staging__20260806\羽搧綸巾   经典酷黑   灵动版\company\ZTYY\300311.html|D:\Stock\trading_assistant\10_source_library_archive\batch_149_tdx_custom_terminal_external_folder_absorb__20260719\00_raw_snapshot\from_temp_staging__20260806\羽搧綸巾   经典酷黑   灵动版\company\ZTYY\603070.html
3267	2	2	D:\Stock\trading_assistant\10_source_library_archive\batch_149_tdx_custom_terminal_external_folder_absorb__20260719\00_raw_snapshot\from_temp_staging__20260806\羽搧綸巾   经典酷黑   灵动版\company\ZTYY\300308.html|D:\Stock\trading_assistant\10_source_library_archive\batch_149_tdx_custom_terminal_external_folder_absorb__20260719\00_raw_snapshot\from_temp_staging__20260806\羽搧綸巾   经典酷黑   灵动版\webs\cfg\cllb.html
2675	2	2	D:\Stock\trading_assistant\10_source_library_archive\batch_149_tdx_custom_terminal_external_folder_absorb__20260719\00_raw_snapshot\from_temp_staging__20260806\羽搧綸巾   经典酷黑   灵动版\company\ZTYY\300288.html|D:\Stock\trading_assistant\10_source_library_archive\batch_149_tdx_custom_terminal_external_folder_absorb__20260719\00_raw_snapshot\from_temp_staging__20260806\羽搧綸巾   经典酷黑   灵动版\company\ZTYY\300665.html
5234	2	2	D:\Stock\trading_assistant\10_source_library_archive\batch_149_tdx_custom_terminal_external_folder_absorb__20260719\00_raw_snapshot\from_temp_staging__20260806\羽搧綸巾   经典酷黑   灵动版\company\ZTYY\300272.html|D:\Stock\trading_assistant\10_source_library_archive\batch_149_tdx_custom_terminal_external_folder_absorb__20260719\00_raw_snapshot\from_temp_staging__20260806\羽搧綸巾   经典酷黑   灵动版\company\ZTYY\688589.html
4136	2	2	D:\Stock\trading_assistant\10_source_library_archive\batch_149_tdx_custom_terminal_external_folder_absorb__20260719\00_raw_snapshot\from_temp_staging__20260806\羽搧綸巾   经典酷黑   灵动版\company\ZTYY\300265.html|D:\Stock\trading_assistant\10_source_library_archive\batch_149_tdx_custom_terminal_external_folder_absorb__20260719\00_raw_snapshot\from_temp_staging__20260806\羽搧綸巾   经典酷黑   灵动版\company\ZTYY\301500.html
5058	2	2	D:\Stock\trading_assistant\10_source_library_archive\batch_149_tdx_custom_terminal_external_folder_absorb__20260719\00_raw_snapshot\from_temp_staging__20260806\羽搧綸巾   经典酷黑   灵动版\company\ZTYY\300262.html|D:\Stock\trading_assistant\10_source_library_archive\batch_149_tdx_custom_terminal_external_folder_absorb__20260719\00_raw_snapshot\from_temp_staging__20260806\羽搧綸巾   经典酷黑   灵动版\company\ZTYY\688045.html
1980	2	2	D:\Stock\trading_assistant\10_source_library_archive\batch_149_tdx_custom_terminal_external_folder_absorb__20260719\00_raw_snapshot\from_temp_staging__20260806\羽搧綸巾   经典酷黑   灵动版\company\ZTYY\300285.html|D:\Stock\trading_assistant\10_source_library_archive\batch_149_tdx_custom_terminal_external_folder_absorb__20260719\00_raw_snapshot\from_temp_staging__20260806\羽搧綸巾   经典酷黑   灵动版\company\ZTYY\688100.html
5807	2	2	D:\Stock\trading_assistant\10_source_library_archive\batch_149_tdx_custom_terminal_external_folder_absorb__20260719\00_raw_snapshot\from_temp_staging__20260806\羽搧綸巾   经典酷黑   灵动版\company\ZTYY\300280.html|D:\Stock\trading_assistant\10_source_library_archive\batch_149_tdx_custom_terminal_external_folder_absorb__20260719\00_raw_snapshot\from_temp_staging__20260806\羽搧綸巾   经典酷黑   灵动版\company\ZTYY\601177.html
5766	2	2	D:\Stock\trading_assistant\10_source_library_archive\batch_149_tdx_custom_terminal_external_folder_absorb__20260719\00_raw_snapshot\from_temp_staging__20260806\羽搧綸巾   经典酷黑   灵动版\company\ZTYY\300279.html|D:\Stock\trading_assistant\10_source_library_archive\batch_149_tdx_custom_terminal_external_folder_absorb__20260719\00_raw_snapshot\from_temp_staging__20260806\羽搧綸巾   经典酷黑   灵动版\company\ZTYY\300550.html
4189	2	2	D:\Stock\trading_assistant\10_source_library_archive\batch_149_tdx_custom_terminal_external_folder_absorb__20260719\00_raw_snapshot\from_temp_staging__20260806\羽搧綸巾   经典酷黑   灵动版\company\ZTYY\300317.html|D:\Stock\trading_assistant\10_source_library_archive\batch_149_tdx_custom_terminal_external_folder_absorb__20260719\00_raw_snapshot\from_temp_staging__20260806\羽搧綸巾   经典酷黑   灵动版\company\ZTYY\600837.html
4301	2	2	D:\Stock\trading_assistant\10_source_library_archive\batch_149_tdx_custom_terminal_external_folder_absorb__20260719\00_raw_snapshot\from_temp_staging__20260806\羽搧綸巾   经典酷黑   灵动版\company\ZTYY\300373.html|D:\Stock\trading_assistant\10_source_library_archive\batch_149_tdx_custom_terminal_external_folder_absorb__20260719\00_raw_snapshot\from_temp_staging__20260806\羽搧綸巾   经典酷黑   灵动版\company\ZTYY\833346.html
6516	2	2	D:\Stock\trading_assistant\10_source_library_archive\batch_149_tdx_custom_terminal_external_folder_absorb__20260719\00_raw_snapshot\from_temp_staging__20260806\羽搧綸巾   经典酷黑   灵动版\company\ZTYY\300369.html|D:\Stock\trading_assistant\10_source_library_archive\batch_149_tdx_custom_terminal_external_folder_absorb__20260719\00_raw_snapshot\from_temp_staging__20260806\羽搧綸巾   经典酷黑   灵动版\company\ZTYY\688787.html
3639	2	2	D:\Stock\trading_assistant\10_source_library_archive\batch_149_tdx_custom_terminal_external_folder_absorb__20260719\00_raw_snapshot\from_temp_staging__20260806\羽搧綸巾   经典酷黑   灵动版\company\ZTYY\300368.html|D:\Stock\trading_assistant\10_source_library_archive\batch_149_tdx_custom_terminal_external_folder_absorb__20260719\00_raw_snapshot\from_temp_staging__20260806\羽搧綸巾   经典酷黑   灵动版\company\ZTYY\873570.html
2610	2	2	D:\Stock\trading_assistant\10_source_library_archive\batch_149_tdx_custom_terminal_external_folder_absorb__20260719\00_raw_snapshot\from_temp_staging__20260806\羽搧綸巾   经典酷黑   灵动版\company\ZTYY\300385.html|D:\Stock\trading_assistant\10_source_library_archive\batch_149_tdx_custom_terminal_external_folder_absorb__20260719\00_raw_snapshot\from_temp_staging__20260806\羽搧綸巾   经典酷黑   灵动版\company\ZTYY\688728.html
1799	2	2	D:\Stock\trading_assistant\10_source_library_archive\batch_149_tdx_custom_terminal_external_folder_absorb__20260719\00_raw_snapshot\from_temp_staging__20260806\羽搧綸巾   经典酷黑   灵动版\company\ZTYY\300383.html|D:\Stock\trading_assistant\10_source_library_archive\batch_149_tdx_custom_terminal_external_folder_absorb__20260719\00_raw_snapshot\from_temp_staging__20260806\羽搧綸巾   经典酷黑   灵动版\company\ZTYY\603799.html
4534	2	2	D:\Stock\trading_assistant\10_source_library_archive\batch_149_tdx_custom_terminal_external_folder_absorb__20260719\00_raw_snapshot\from_temp_staging__20260806\羽搧綸巾   经典酷黑   灵动版\company\ZTYY\300382.html|D:\Stock\trading_assistant\10_source_library_archive\batch_149_tdx_custom_terminal_external_folder_absorb__20260719\00_raw_snapshot\from_temp_staging__20260806\羽搧綸巾   经典酷黑   灵动版\company\ZTYY\301299.html
3301	2	2	D:\Stock\trading_assistant\10_source_library_archive\batch_149_tdx_custom_terminal_external_folder_absorb__20260719\00_raw_snapshot\from_temp_staging__20260806\羽搧綸巾   经典酷黑   灵动版\company\ZTYY\300363.html|D:\Stock\trading_assistant\10_source_library_archive\batch_149_tdx_custom_terminal_external_folder_absorb__20260719\00_raw_snapshot\from_temp_staging__20260806\羽搧綸巾   经典酷黑   灵动版\company\ZTYY\300707.html
1981	2	2	D:\Stock\trading_assistant\10_source_library_archive\batch_149_tdx_custom_terminal_external_folder_absorb__20260719\00_raw_snapshot\from_temp_staging__20260806\羽搧綸巾   经典酷黑   灵动版\company\ZTYY\300329.html|D:\Stock\trading_assistant\10_source_library_archive\batch_149_tdx_custom_terminal_external_folder_absorb__20260719\00_raw_snapshot\from_temp_staging__20260806\羽搧綸巾   经典酷黑   灵动版\company\ZTYY\300569.html
3625	2	2	D:\Stock\trading_assistant\10_source_library_archive\batch_149_tdx_custom_terminal_external_folder_absorb__20260719\00_raw_snapshot\from_temp_staging__20260806\羽搧綸巾   经典酷黑   灵动版\company\ZTYY\300327.html|D:\Stock\trading_assistant\10_source_library_archive\batch_149_tdx_custom_terminal_external_folder_absorb__20260719\00_raw_snapshot\from_temp_staging__20260806\羽搧綸巾   经典酷黑   灵动版\company\ZTYY\688385.html
3696	2	2	D:\Stock\trading_assistant\10_source_library_archive\batch_149_tdx_custom_terminal_external_folder_absorb__20260719\00_raw_snapshot\from_temp_staging__20260806\羽搧綸巾   经典酷黑   灵动版\company\ZTYY\300318.html|D:\Stock\trading_assistant\10_source_library_archive\batch_149_tdx_custom_terminal_external_folder_absorb__20260719\00_raw_snapshot\from_temp_staging__20260806\羽搧綸巾   经典酷黑   灵动版\company\ZTYY\688082.html
7238	2	2	D:\Stock\trading_assistant\10_source_library_archive\batch_149_tdx_custom_terminal_external_folder_absorb__20260719\00_raw_snapshot\from_temp_staging__20260806\羽搧綸巾   经典酷黑   灵动版\company\ZTYY\300355.html|D:\Stock\trading_assistant\10_source_library_archive\batch_149_tdx_custom_terminal_external_folder_absorb__20260719\00_raw_snapshot\from_temp_staging__20260806\羽搧綸巾   经典酷黑   灵动版\company\ZTYY\603001.html
3064	2	2	D:\Stock\trading_assistant\10_source_library_archive\batch_149_tdx_custom_terminal_external_folder_absorb__20260719\00_raw_snapshot\from_temp_staging__20260806\羽搧綸巾   经典酷黑   灵动版\company\ZTYY\300350.html|D:\Stock\trading_assistant\10_source_library_archive\batch_149_tdx_custom_terminal_external_folder_absorb__20260719\00_raw_snapshot\from_temp_staging__20260806\羽搧綸巾   经典酷黑   灵动版\company\ZTYY\688766.html
3345	2	2	D:\Stock\trading_assistant\10_source_library_archive\batch_149_tdx_custom_terminal_external_folder_absorb__20260719\00_raw_snapshot\from_temp_staging__20260806\羽搧綸巾   经典酷黑   灵动版\company\ZTYY\300330.html|D:\Stock\trading_assistant\10_source_library_archive\batch_149_tdx_custom_terminal_external_folder_absorb__20260719\00_raw_snapshot\from_temp_staging__20260806\羽搧綸巾   经典酷黑   灵动版\company\ZTYY\301429.html
4448	2	2	D:\Stock\trading_assistant\10_source_library_archive\batch_149_tdx_custom_terminal_external_folder_absorb__20260719\00_raw_snapshot\from_temp_staging__20260806\羽搧綸巾   经典酷黑   灵动版\company\ZTYY\300180.html|D:\Stock\trading_assistant\10_source_library_archive\batch_149_tdx_custom_terminal_external_folder_absorb__20260719\00_raw_snapshot\from_temp_staging__20260806\羽搧綸巾   经典酷黑   灵动版\company\ZTYY\688678.html
2016	2	2	D:\Stock\trading_assistant\10_source_library_archive\batch_149_tdx_custom_terminal_external_folder_absorb__20260719\00_raw_snapshot\from_temp_staging__20260806\羽搧綸巾   经典酷黑   灵动版\company\ZTYY\300179.html|D:\Stock\trading_assistant\10_source_library_archive\batch_149_tdx_custom_terminal_external_folder_absorb__20260719\00_raw_snapshot\from_temp_staging__20260806\羽搧綸巾   经典酷黑   灵动版\company\ZTYY\688189.html
4472	2	2	D:\Stock\trading_assistant\10_source_library_archive\batch_149_tdx_custom_terminal_external_folder_absorb__20260719\00_raw_snapshot\from_temp_staging__20260806\羽搧綸巾   经典酷黑   灵动版\company\ZTYY\300177.html|D:\Stock\trading_assistant\10_source_library_archive\batch_149_tdx_custom_terminal_external_folder_absorb__20260719\00_raw_snapshot\from_temp_staging__20260806\羽搧綸巾   经典酷黑   灵动版\company\ZTYY\688366.html
1989	2	2	D:\Stock\trading_assistant\10_source_library_archive\batch_149_tdx_custom_terminal_external_folder_absorb__20260719\00_raw_snapshot\from_temp_staging__20260806\羽搧綸巾   经典酷黑   灵动版\company\ZTYY\300194.html|D:\Stock\trading_assistant\10_source_library_archive\batch_149_tdx_custom_terminal_external_folder_absorb__20260719\00_raw_snapshot\from_temp_staging__20260806\羽搧綸巾   经典酷黑   灵动版\company\ZTYY\601728.html
4711	2	2	D:\Stock\trading_assistant\10_source_library_archive\batch_149_tdx_custom_terminal_external_folder_absorb__20260719\00_raw_snapshot\from_temp_staging__20260806\羽搧綸巾   经典酷黑   灵动版\company\ZTYY\300191.html|D:\Stock\trading_assistant\10_source_library_archive\batch_149_tdx_custom_terminal_external_folder_absorb__20260719\00_raw_snapshot\from_temp_staging__20260806\羽搧綸巾   经典酷黑   灵动版\company\ZTYY\835508.html
3637	2	2	D:\Stock\trading_assistant\10_source_library_archive\batch_149_tdx_custom_terminal_external_folder_absorb__20260719\00_raw_snapshot\from_temp_staging__20260806\羽搧綸巾   经典酷黑   灵动版\company\ZTYY\300188.html|D:\Stock\trading_assistant\10_source_library_archive\batch_149_tdx_custom_terminal_external_folder_absorb__20260719\00_raw_snapshot\from_temp_staging__20260806\羽搧綸巾   经典酷黑   灵动版\company\ZTYY\300727.html
3673	2	2	D:\Stock\trading_assistant\10_source_library_archive\batch_149_tdx_custom_terminal_external_folder_absorb__20260719\00_raw_snapshot\from_temp_staging__20260806\羽搧綸巾   经典酷黑   灵动版\company\ZTYY\300176.html|D:\Stock\trading_assistant\10_source_library_archive\batch_149_tdx_custom_terminal_external_folder_absorb__20260719\00_raw_snapshot\from_temp_staging__20260806\羽搧綸巾   经典酷黑   灵动版\company\ZTYY\833284.html
5083	2	2	D:\Stock\trading_assistant\10_source_library_archive\batch_149_tdx_custom_terminal_external_folder_absorb__20260719\00_raw_snapshot\from_temp_staging__20260806\羽搧綸巾   经典酷黑   灵动版\company\ZTYY\300155.html|D:\Stock\trading_assistant\10_source_library_archive\batch_149_tdx_custom_terminal_external_folder_absorb__20260719\00_raw_snapshot\from_temp_staging__20260806\羽搧綸巾   经典酷黑   灵动版\company\ZTYY\301306.html
5562	2	2	D:\Stock\trading_assistant\10_source_library_archive\batch_149_tdx_custom_terminal_external_folder_absorb__20260719\00_raw_snapshot\from_temp_staging__20260806\羽搧綸巾   经典酷黑   灵动版\company\ZTYY\300153.html|D:\Stock\trading_assistant\10_source_library_archive\batch_149_tdx_custom_terminal_external_folder_absorb__20260719\00_raw_snapshot\from_temp_staging__20260806\羽搧綸巾   经典酷黑   灵动版\company\ZTYY\600211.html
1564	2	2	D:\Stock\trading_assistant\10_source_library_archive\batch_149_tdx_custom_terminal_external_folder_absorb__20260719\00_raw_snapshot\from_temp_staging__20260806\羽搧綸巾   经典酷黑   灵动版\company\ZTYY\300151.html|D:\Stock\trading_assistant\10_source_library_archive\batch_149_tdx_custom_terminal_external_folder_absorb__20260719\00_raw_snapshot\from_temp_staging__20260806\羽搧綸巾   经典酷黑   灵动版\company\ZTYY\688696.html
1902	2	2	D:\Stock\trading_assistant\10_source_library_archive\batch_149_tdx_custom_terminal_external_folder_absorb__20260719\00_raw_snapshot\from_temp_staging__20260806\羽搧綸巾   经典酷黑   灵动版\company\ZTYY\300170.html|D:\Stock\trading_assistant\10_source_library_archive\batch_149_tdx_custom_terminal_external_folder_absorb__20260719\00_raw_snapshot\from_temp_staging__20260806\羽搧綸巾   经典酷黑   灵动版\company\ZTYY\688163.html
3753	2	2	D:\Stock\trading_assistant\10_source_library_archive\batch_149_tdx_custom_terminal_external_folder_absorb__20260719\00_raw_snapshot\from_temp_staging__20260806\羽搧綸巾   经典酷黑   灵动版\company\ZTYY\300161.html|D:\Stock\trading_assistant\10_source_library_archive\batch_149_tdx_custom_terminal_external_folder_absorb__20260719\00_raw_snapshot\from_temp_staging__20260806\羽搧綸巾   经典酷黑   灵动版\jspages1\dist\client.html
2953	2	2	D:\Stock\trading_assistant\10_source_library_archive\batch_149_tdx_custom_terminal_external_folder_absorb__20260719\00_raw_snapshot\from_temp_staging__20260806\羽搧綸巾   经典酷黑   灵动版\company\ZTYY\300160.html|D:\Stock\trading_assistant\10_source_library_archive\batch_149_tdx_custom_terminal_external_folder_absorb__20260719\00_raw_snapshot\from_temp_staging__20260806\羽搧綸巾   经典酷黑   灵动版\company\ZTYY\300741.html
2859	2	2	D:\Stock\trading_assistant\10_source_library_archive\batch_149_tdx_custom_terminal_external_folder_absorb__20260719\00_raw_snapshot\from_temp_staging__20260806\羽搧綸巾   经典酷黑   灵动版\company\ZTYY\300195.html|D:\Stock\trading_assistant\10_source_library_archive\batch_149_tdx_custom_terminal_external_folder_absorb__20260719\00_raw_snapshot\from_temp_staging__20260806\羽搧綸巾   经典酷黑   灵动版\company\ZTYY\300237.html
4645	2	2	D:\Stock\trading_assistant\10_source_library_archive\batch_149_tdx_custom_terminal_external_folder_absorb__20260719\00_raw_snapshot\from_temp_staging__20260806\羽搧綸巾   经典酷黑   灵动版\company\ZTYY\300231.html|D:\Stock\trading_assistant\10_source_library_archive\batch_149_tdx_custom_terminal_external_folder_absorb__20260719\00_raw_snapshot\from_temp_staging__20260806\羽搧綸巾   经典酷黑   灵动版\company\ZTYY\688018.html
1897	2	2	D:\Stock\trading_assistant\10_source_library_archive\batch_149_tdx_custom_terminal_external_folder_absorb__20260719\00_raw_snapshot\from_temp_staging__20260806\羽搧綸巾   经典酷黑   灵动版\company\ZTYY\300225.html|D:\Stock\trading_assistant\10_source_library_archive\batch_149_tdx_custom_terminal_external_folder_absorb__20260719\00_raw_snapshot\from_temp_staging__20260806\羽搧綸巾   经典酷黑   灵动版\company\ZTYY\300919.html
5308	2	2	D:\Stock\trading_assistant\10_source_library_archive\batch_149_tdx_custom_terminal_external_folder_absorb__20260719\00_raw_snapshot\from_temp_staging__20260806\羽搧綸巾   经典酷黑   灵动版\company\ZTYY\300224.html|D:\Stock\trading_assistant\10_source_library_archive\batch_149_tdx_custom_terminal_external_folder_absorb__20260719\00_raw_snapshot\from_temp_staging__20260806\羽搧綸巾   经典酷黑   灵动版\company\选股宝.html
9279	2	2	D:\Stock\trading_assistant\10_source_library_archive\batch_149_tdx_custom_terminal_external_folder_absorb__20260719\00_raw_snapshot\from_temp_staging__20260806\羽搧綸巾   经典酷黑   灵动版\company\ZTYY\300256.html|D:\Stock\trading_assistant\10_source_library_archive\batch_149_tdx_custom_terminal_external_folder_absorb__20260719\00_raw_snapshot\from_temp_staging__20260806\羽搧綸巾   经典酷黑   灵动版\company\ZTYY\600713.html
2112	2	2	D:\Stock\trading_assistant\10_source_library_archive\batch_149_tdx_custom_terminal_external_folder_absorb__20260719\00_raw_snapshot\from_temp_staging__20260806\羽搧綸巾   经典酷黑   灵动版\company\ZTYY\300244.html|D:\Stock\trading_assistant\10_source_library_archive\batch_149_tdx_custom_terminal_external_folder_absorb__20260719\00_raw_snapshot\from_temp_staging__20260806\羽搧綸巾   经典酷黑   灵动版\company\ZTYY\688229.html
1557	2	2	D:\Stock\trading_assistant\10_source_library_archive\batch_149_tdx_custom_terminal_external_folder_absorb__20260719\00_raw_snapshot\from_temp_staging__20260806\羽搧綸巾   经典酷黑   灵动版\company\ZTYY\300241.html|D:\Stock\trading_assistant\10_source_library_archive\batch_149_tdx_custom_terminal_external_folder_absorb__20260719\00_raw_snapshot\from_temp_staging__20260806\羽搧綸巾   经典酷黑   灵动版\company\ZTYY\836263.html
2973	2	2	D:\Stock\trading_assistant\10_source_library_archive\batch_149_tdx_custom_terminal_external_folder_absorb__20260719\00_raw_snapshot\from_temp_staging__20260806\羽搧綸巾   经典酷黑   灵动版\company\ZTYY\300221.html|D:\Stock\trading_assistant\10_source_library_archive\batch_149_tdx_custom_terminal_external_folder_absorb__20260719\00_raw_snapshot\from_temp_staging__20260806\羽搧綸巾   经典酷黑   灵动版\company\ZTYY\688677.html
2624	2	2	D:\Stock\trading_assistant\10_source_library_archive\batch_149_tdx_custom_terminal_external_folder_absorb__20260719\00_raw_snapshot\from_temp_staging__20260806\羽搧綸巾   经典酷黑   灵动版\company\ZTYY\300199.html|D:\Stock\trading_assistant\10_source_library_archive\batch_149_tdx_custom_terminal_external_folder_absorb__20260719\00_raw_snapshot\from_temp_staging__20260806\羽搧綸巾   经典酷黑   灵动版\company\ZTYY\300213.html
6742	2	2	D:\Stock\trading_assistant\10_source_library_archive\batch_149_tdx_custom_terminal_external_folder_absorb__20260719\00_raw_snapshot\from_temp_staging__20260806\羽搧綸巾   经典酷黑   灵动版\company\ZTYY\300198.html|D:\Stock\trading_assistant\10_source_library_archive\batch_149_tdx_custom_terminal_external_folder_absorb__20260719\00_raw_snapshot\from_temp_staging__20260806\羽搧綸巾   经典酷黑   灵动版\company\ZTYY\300211.html
3040	2	2	D:\Stock\trading_assistant\10_source_library_archive\batch_149_tdx_custom_terminal_external_folder_absorb__20260719\00_raw_snapshot\from_temp_staging__20260806\羽搧綸巾   经典酷黑   灵动版\company\ZTYY\300196.html|D:\Stock\trading_assistant\10_source_library_archive\batch_149_tdx_custom_terminal_external_folder_absorb__20260719\00_raw_snapshot\from_temp_staging__20260806\羽搧綸巾   经典酷黑   灵动版\company\ZTYY\300566.html
7912	2	2	D:\Stock\trading_assistant\10_source_library_archive\batch_149_tdx_custom_terminal_external_folder_absorb__20260719\00_raw_snapshot\from_temp_staging__20260806\羽搧綸巾   经典酷黑   灵动版\company\ZTYY\300220.html|D:\Stock\trading_assistant\10_source_library_archive\batch_149_tdx_custom_terminal_external_folder_absorb__20260719\00_raw_snapshot\from_temp_staging__20260806\羽搧綸巾   经典酷黑   灵动版\company\ZTYY\600526.html
2496	2	2	D:\Stock\trading_assistant\10_source_library_archive\batch_149_tdx_custom_terminal_external_folder_absorb__20260719\00_raw_snapshot\from_temp_staging__20260806\羽搧綸巾   经典酷黑   灵动版\company\ZTYY\300214.html|D:\Stock\trading_assistant\10_source_library_archive\batch_149_tdx_custom_terminal_external_folder_absorb__20260719\00_raw_snapshot\from_temp_staging__20260806\羽搧綸巾   经典酷黑   灵动版\company\ZTYY\300962.html
6764	2	2	D:\Stock\trading_assistant\10_source_library_archive\batch_149_tdx_custom_terminal_external_folder_absorb__20260719\00_raw_snapshot\from_temp_staging__20260806\羽搧綸巾   经典酷黑   灵动版\company\ZTYY\300208.html|D:\Stock\trading_assistant\10_source_library_archive\batch_149_tdx_custom_terminal_external_folder_absorb__20260719\00_raw_snapshot\from_temp_staging__20260806\羽搧綸巾   经典酷黑   灵动版\company\ZTYY\300584.html
3394	2	2	D:\Stock\trading_assistant\10_source_library_archive\batch_149_tdx_custom_terminal_external_folder_absorb__20260719\00_raw_snapshot\from_temp_staging__20260806\羽搧綸巾   经典酷黑   灵动版\company\ZTYY\002920.html|D:\Stock\trading_assistant\10_source_library_archive\batch_149_tdx_custom_terminal_external_folder_absorb__20260719\00_raw_snapshot\from_temp_staging__20260806\羽搧綸巾   经典酷黑   灵动版\company\ZTYY\834770.html
9596	2	2	D:\Stock\trading_assistant\10_source_library_archive\batch_149_tdx_custom_terminal_external_folder_absorb__20260719\00_raw_snapshot\from_temp_staging__20260806\羽搧綸巾   经典酷黑   灵动版\company\ZTYY\002467.html|D:\Stock\trading_assistant\10_source_library_archive\batch_149_tdx_custom_terminal_external_folder_absorb__20260719\00_raw_snapshot\from_temp_staging__20260806\羽搧綸巾   经典酷黑   灵动版\company\ZTYY\002497.html
10218	2	2	D:\Stock\trading_assistant\10_source_library_archive\batch_149_tdx_custom_terminal_external_folder_absorb__20260719\00_raw_snapshot\from_temp_staging__20260806\羽搧綸巾   经典酷黑   灵动版\company\ZTYY\002462.html|D:\Stock\trading_assistant\10_source_library_archive\batch_149_tdx_custom_terminal_external_folder_absorb__20260719\00_raw_snapshot\from_temp_staging__20260806\羽搧綸巾   经典酷黑   灵动版\company\ZTYY\603729.html
5212	2	2	D:\Stock\trading_assistant\10_source_library_archive\batch_149_tdx_custom_terminal_external_folder_absorb__20260719\00_raw_snapshot\from_temp_staging__20260806\羽搧綸巾   经典酷黑   灵动版\company\ZTYY\002460.html|D:\Stock\trading_assistant\10_source_library_archive\batch_149_tdx_custom_terminal_external_folder_absorb__20260719\00_raw_snapshot\from_temp_staging__20260806\羽搧綸巾   经典酷黑   灵动版\company\ZTYY\301508.html
8802	2	2	D:\Stock\trading_assistant\10_source_library_archive\batch_149_tdx_custom_terminal_external_folder_absorb__20260719\00_raw_snapshot\from_temp_staging__20260806\羽搧綸巾   经典酷黑   灵动版\company\ZTYY\002492.html|D:\Stock\trading_assistant\10_source_library_archive\batch_149_tdx_custom_terminal_external_folder_absorb__20260719\00_raw_snapshot\from_temp_staging__20260806\羽搧綸巾   经典酷黑   灵动版\company\ZTYY\300551.html
8026	2	2	D:\Stock\trading_assistant\10_source_library_archive\batch_149_tdx_custom_terminal_external_folder_absorb__20260719\00_raw_snapshot\from_temp_staging__20260806\羽搧綸巾   经典酷黑   灵动版\company\ZTYY\002481.html|D:\Stock\trading_assistant\10_source_library_archive\batch_149_tdx_custom_terminal_external_folder_absorb__20260719\00_raw_snapshot\from_temp_staging__20260806\羽搧綸巾   经典酷黑   灵动版\company\ZTYY\002876.html
8495	2	2	D:\Stock\trading_assistant\10_source_library_archive\batch_149_tdx_custom_terminal_external_folder_absorb__20260719\00_raw_snapshot\from_temp_staging__20260806\羽搧綸巾   经典酷黑   灵动版\company\ZTYY\002468.html|D:\Stock\trading_assistant\10_source_library_archive\batch_149_tdx_custom_terminal_external_folder_absorb__20260719\00_raw_snapshot\from_temp_staging__20260806\羽搧綸巾   经典酷黑   灵动版\company\ZTYY\600101.html
11215	2	2	D:\Stock\trading_assistant\10_source_library_archive\batch_149_tdx_custom_terminal_external_folder_absorb__20260719\00_raw_snapshot\from_temp_staging__20260806\羽搧綸巾   经典酷黑   灵动版\company\ZTYY\002455.html|D:\Stock\trading_assistant\10_source_library_archive\batch_149_tdx_custom_terminal_external_folder_absorb__20260719\00_raw_snapshot\from_temp_staging__20260806\羽搧綸巾   经典酷黑   灵动版\company\ZTYY\002590.html
9694	2	2	D:\Stock\trading_assistant\10_source_library_archive\batch_149_tdx_custom_terminal_external_folder_absorb__20260719\00_raw_snapshot\from_temp_staging__20260806\羽搧綸巾   经典酷黑   灵动版\company\ZTYY\002431.html|D:\Stock\trading_assistant\10_source_library_archive\batch_149_tdx_custom_terminal_external_folder_absorb__20260719\00_raw_snapshot\from_temp_staging__20260806\羽搧綸巾   经典酷黑   灵动版\company\ZTYY\605577.html
10246	2	2	D:\Stock\trading_assistant\10_source_library_archive\batch_149_tdx_custom_terminal_external_folder_absorb__20260719\00_raw_snapshot\from_temp_staging__20260806\羽搧綸巾   经典酷黑   灵动版\company\ZTYY\002423.html|D:\Stock\trading_assistant\10_source_library_archive\batch_149_tdx_custom_terminal_external_folder_absorb__20260719\00_raw_snapshot\from_temp_staging__20260806\羽搧綸巾   经典酷黑   灵动版\company\ZTYY\603991.html
9762	2	2	D:\Stock\trading_assistant\10_source_library_archive\batch_149_tdx_custom_terminal_external_folder_absorb__20260719\00_raw_snapshot\from_temp_staging__20260806\羽搧綸巾   经典酷黑   灵动版\company\ZTYY\002421.html|D:\Stock\trading_assistant\10_source_library_archive\batch_149_tdx_custom_terminal_external_folder_absorb__20260719\00_raw_snapshot\from_temp_staging__20260806\羽搧綸巾   经典酷黑   灵动版\company\ZTYY\600171.html
10773	2	2	D:\Stock\trading_assistant\10_source_library_archive\batch_149_tdx_custom_terminal_external_folder_absorb__20260719\00_raw_snapshot\from_temp_staging__20260806\羽搧綸巾   经典酷黑   灵动版\company\ZTYY\002451.html|D:\Stock\trading_assistant\10_source_library_archive\batch_149_tdx_custom_terminal_external_folder_absorb__20260719\00_raw_snapshot\from_temp_staging__20260806\羽搧綸巾   经典酷黑   灵动版\company\ZTYY\002605.html
10525	2	2	D:\Stock\trading_assistant\10_source_library_archive\batch_149_tdx_custom_terminal_external_folder_absorb__20260719\00_raw_snapshot\from_temp_staging__20260806\羽搧綸巾   经典酷黑   灵动版\company\ZTYY\002445.html|D:\Stock\trading_assistant\10_source_library_archive\batch_149_tdx_custom_terminal_external_folder_absorb__20260719\00_raw_snapshot\from_temp_staging__20260806\羽搧綸巾   经典酷黑   灵动版\company\ZTYY\603220.html
12534	2	2	D:\Stock\trading_assistant\10_source_library_archive\batch_149_tdx_custom_terminal_external_folder_absorb__20260719\00_raw_snapshot\from_temp_staging__20260806\羽搧綸巾   经典酷黑   灵动版\company\ZTYY\002444.html|D:\Stock\trading_assistant\10_source_library_archive\batch_149_tdx_custom_terminal_external_folder_absorb__20260719\00_raw_snapshot\from_temp_staging__20260806\羽搧綸巾   经典酷黑   灵动版\company\ZTYY\300284.html
9377	2	2	D:\Stock\trading_assistant\10_source_library_archive\batch_149_tdx_custom_terminal_external_folder_absorb__20260719\00_raw_snapshot\from_temp_staging__20260806\羽搧綸巾   经典酷黑   灵动版\company\ZTYY\002505.html|D:\Stock\trading_assistant\10_source_library_archive\batch_149_tdx_custom_terminal_external_folder_absorb__20260719\00_raw_snapshot\from_temp_staging__20260806\羽搧綸巾   经典酷黑   灵动版\company\ZTYY\603590.html
9044	2	2	D:\Stock\trading_assistant\10_source_library_archive\batch_149_tdx_custom_terminal_external_folder_absorb__20260719\00_raw_snapshot\from_temp_staging__20260806\羽搧綸巾   经典酷黑   灵动版\company\ZTYY\002538.html|D:\Stock\trading_assistant\10_source_library_archive\batch_149_tdx_custom_terminal_external_folder_absorb__20260719\00_raw_snapshot\from_temp_staging__20260806\羽搧綸巾   经典酷黑   灵动版\company\ZTYY\600831.html
10039	2	2	D:\Stock\trading_assistant\10_source_library_archive\batch_149_tdx_custom_terminal_external_folder_absorb__20260719\00_raw_snapshot\from_temp_staging__20260806\羽搧綸巾   经典酷黑   灵动版\company\ZTYY\002527.html|D:\Stock\trading_assistant\10_source_library_archive\batch_149_tdx_custom_terminal_external_folder_absorb__20260719\00_raw_snapshot\from_temp_staging__20260806\羽搧綸巾   经典酷黑   灵动版\company\ZTYY\600960.html
10176	2	2	D:\Stock\trading_assistant\10_source_library_archive\batch_149_tdx_custom_terminal_external_folder_absorb__20260719\00_raw_snapshot\from_temp_staging__20260806\羽搧綸巾   经典酷黑   灵动版\company\ZTYY\002524.html|D:\Stock\trading_assistant\10_source_library_archive\batch_149_tdx_custom_terminal_external_folder_absorb__20260719\00_raw_snapshot\from_temp_staging__20260806\羽搧綸巾   经典酷黑   灵动版\company\ZTYY\003003.html
8563	2	2	D:\Stock\trading_assistant\10_source_library_archive\batch_149_tdx_custom_terminal_external_folder_absorb__20260719\00_raw_snapshot\from_temp_staging__20260806\羽搧綸巾   经典酷黑   灵动版\company\ZTYY\002549.html|D:\Stock\trading_assistant\10_source_library_archive\batch_149_tdx_custom_terminal_external_folder_absorb__20260719\00_raw_snapshot\from_temp_staging__20260806\羽搧綸巾   经典酷黑   灵动版\company\ZTYY\002589.html
7942	2	2	D:\Stock\trading_assistant\10_source_library_archive\batch_149_tdx_custom_terminal_external_folder_absorb__20260719\00_raw_snapshot\from_temp_staging__20260806\羽搧綸巾   经典酷黑   灵动版\company\ZTYY\002548.html|D:\Stock\trading_assistant\10_source_library_archive\batch_149_tdx_custom_terminal_external_folder_absorb__20260719\00_raw_snapshot\from_temp_staging__20260806\羽搧綸巾   经典酷黑   灵动版\company\ZTYY\600315.html
12744	2	2	D:\Stock\trading_assistant\10_source_library_archive\batch_149_tdx_custom_terminal_external_folder_absorb__20260719\00_raw_snapshot\from_temp_staging__20260806\羽搧綸巾   经典酷黑   灵动版\company\ZTYY\002542.html|D:\Stock\trading_assistant\10_source_library_archive\batch_149_tdx_custom_terminal_external_folder_absorb__20260719\00_raw_snapshot\from_temp_staging__20260806\羽搧綸巾   经典酷黑   灵动版\company\ZTYY\600207.html
4459	2	2	D:\Stock\trading_assistant\10_source_library_archive\batch_149_tdx_custom_terminal_external_folder_absorb__20260719\00_raw_snapshot\from_temp_staging__20260806\羽搧綸巾   经典酷黑   灵动版\company\ZTYY\002522.html|D:\Stock\trading_assistant\10_source_library_archive\batch_149_tdx_custom_terminal_external_folder_absorb__20260719\00_raw_snapshot\from_temp_staging__20260806\羽搧綸巾   经典酷黑   灵动版\company\ZTYY\300519.html
9898	2	2	D:\Stock\trading_assistant\10_source_library_archive\batch_149_tdx_custom_terminal_external_folder_absorb__20260719\00_raw_snapshot\from_temp_staging__20260806\羽搧綸巾   经典酷黑   灵动版\company\ZTYY\002510.html|D:\Stock\trading_assistant\10_source_library_archive\batch_149_tdx_custom_terminal_external_folder_absorb__20260719\00_raw_snapshot\from_temp_staging__20260806\羽搧綸巾   经典酷黑   灵动版\company\ZTYY\600545.html
6143	2	2	D:\Stock\trading_assistant\10_source_library_archive\batch_149_tdx_custom_terminal_external_folder_absorb__20260719\00_raw_snapshot\from_temp_staging__20260806\羽搧綸巾   经典酷黑   灵动版\company\ZTYY\002508.html|D:\Stock\trading_assistant\10_source_library_archive\batch_149_tdx_custom_terminal_external_folder_absorb__20260719\00_raw_snapshot\from_temp_staging__20260806\羽搧綸巾   经典酷黑   灵动版\company\韭菜热搜.html
5366	2	2	D:\Stock\trading_assistant\10_source_library_archive\batch_149_tdx_custom_terminal_external_folder_absorb__20260719\00_raw_snapshot\from_temp_staging__20260806\羽搧綸巾   经典酷黑   灵动版\company\ZTYY\002507.html|D:\Stock\trading_assistant\10_source_library_archive\batch_149_tdx_custom_terminal_external_folder_absorb__20260719\00_raw_snapshot\from_temp_staging__20260806\羽搧綸巾   经典酷黑   灵动版\company\ZTYY\688216.html
5471	2	2	D:\Stock\trading_assistant\10_source_library_archive\batch_149_tdx_custom_terminal_external_folder_absorb__20260719\00_raw_snapshot\from_temp_staging__20260806\羽搧綸巾   经典酷黑   灵动版\company\ZTYY\002521.html|D:\Stock\trading_assistant\10_source_library_archive\batch_149_tdx_custom_terminal_external_folder_absorb__20260719\00_raw_snapshot\from_temp_staging__20260806\羽搧綸巾   经典酷黑   灵动版\company\ZTYY\601628.html
9686	2	2	D:\Stock\trading_assistant\10_source_library_archive\batch_149_tdx_custom_terminal_external_folder_absorb__20260719\00_raw_snapshot\from_temp_staging__20260806\羽搧綸巾   经典酷黑   灵动版\company\ZTYY\002516.html|D:\Stock\trading_assistant\10_source_library_archive\batch_149_tdx_custom_terminal_external_folder_absorb__20260719\00_raw_snapshot\from_temp_staging__20260806\羽搧綸巾   经典酷黑   灵动版\company\ZTYY\603219.html
2005	2	2	D:\Stock\trading_assistant\10_source_library_archive\batch_149_tdx_custom_terminal_external_folder_absorb__20260719\00_raw_snapshot\from_temp_staging__20260806\羽搧綸巾   经典酷黑   灵动版\company\ZTYY\002511.html|D:\Stock\trading_assistant\10_source_library_archive\batch_149_tdx_custom_terminal_external_folder_absorb__20260719\00_raw_snapshot\from_temp_staging__20260806\羽搧綸巾   经典酷黑   灵动版\company\ZTYY\300861.html
10219	2	2	D:\Stock\trading_assistant\10_source_library_archive\batch_149_tdx_custom_terminal_external_folder_absorb__20260719\00_raw_snapshot\from_temp_staging__20260806\羽搧綸巾   经典酷黑   灵动版\company\ZTYY\002350.html|D:\Stock\trading_assistant\10_source_library_archive\batch_149_tdx_custom_terminal_external_folder_absorb__20260719\00_raw_snapshot\from_temp_staging__20260806\羽搧綸巾   经典酷黑   灵动版\company\ZTYY\003009.html
9514	2	2	D:\Stock\trading_assistant\10_source_library_archive\batch_149_tdx_custom_terminal_external_folder_absorb__20260719\00_raw_snapshot\from_temp_staging__20260806\羽搧綸巾   经典酷黑   灵动版\company\ZTYY\002338.html|D:\Stock\trading_assistant\10_source_library_archive\batch_149_tdx_custom_terminal_external_folder_absorb__20260719\00_raw_snapshot\from_temp_staging__20260806\羽搧綸巾   经典酷黑   灵动版\files\f11\tdxf11_zs.htm
11624	2	2	D:\Stock\trading_assistant\10_source_library_archive\batch_149_tdx_custom_terminal_external_folder_absorb__20260719\00_raw_snapshot\from_temp_staging__20260806\羽搧綸巾   经典酷黑   灵动版\company\ZTYY\002335.html|D:\Stock\trading_assistant\10_source_library_archive\batch_149_tdx_custom_terminal_external_folder_absorb__20260719\00_raw_snapshot\from_temp_staging__20260806\羽搧綸巾   经典酷黑   灵动版\company\ZTYY\002866.html
8011	2	2	D:\Stock\trading_assistant\10_source_library_archive\batch_149_tdx_custom_terminal_external_folder_absorb__20260719\00_raw_snapshot\from_temp_staging__20260806\羽搧綸巾   经典酷黑   灵动版\company\ZTYY\002365.html|D:\Stock\trading_assistant\10_source_library_archive\batch_149_tdx_custom_terminal_external_folder_absorb__20260719\00_raw_snapshot\from_temp_staging__20260806\羽搧綸巾   经典酷黑   灵动版\company\ZTYY\002842.html
8655	2	2	D:\Stock\trading_assistant\10_source_library_archive\batch_149_tdx_custom_terminal_external_folder_absorb__20260719\00_raw_snapshot\from_temp_staging__20260806\羽搧綸巾   经典酷黑   灵动版\company\ZTYY\002363.html|D:\Stock\trading_assistant\10_source_library_archive\batch_149_tdx_custom_terminal_external_folder_absorb__20260719\00_raw_snapshot\from_temp_staging__20260806\羽搧綸巾   经典酷黑   灵动版\company\ZTYY\603678.html
10998	2	2	D:\Stock\trading_assistant\10_source_library_archive\batch_149_tdx_custom_terminal_external_folder_absorb__20260719\00_raw_snapshot\from_temp_staging__20260806\羽搧綸巾   经典酷黑   灵动版\company\ZTYY\002356.html|D:\Stock\trading_assistant\10_source_library_archive\batch_149_tdx_custom_terminal_external_folder_absorb__20260719\00_raw_snapshot\from_temp_staging__20260806\羽搧綸巾   经典酷黑   灵动版\company\ZTYY\002374.html
9939	2	2	D:\Stock\trading_assistant\10_source_library_archive\batch_149_tdx_custom_terminal_external_folder_absorb__20260719\00_raw_snapshot\from_temp_staging__20260806\羽搧綸巾   经典酷黑   灵动版\company\ZTYY\002328.html|D:\Stock\trading_assistant\10_source_library_archive\batch_149_tdx_custom_terminal_external_folder_absorb__20260719\00_raw_snapshot\from_temp_staging__20260806\羽搧綸巾   经典酷黑   灵动版\company\ZTYY\601900.html
9613	2	2	D:\Stock\trading_assistant\10_source_library_archive\batch_149_tdx_custom_terminal_external_folder_absorb__20260719\00_raw_snapshot\from_temp_staging__20260806\羽搧綸巾   经典酷黑   灵动版\company\ZTYY\002296.html|D:\Stock\trading_assistant\10_source_library_archive\batch_149_tdx_custom_terminal_external_folder_absorb__20260719\00_raw_snapshot\from_temp_staging__20260806\羽搧綸巾   经典酷黑   灵动版\company\ZTYY\603368.html
9578	2	2	D:\Stock\trading_assistant\10_source_library_archive\batch_149_tdx_custom_terminal_external_folder_absorb__20260719\00_raw_snapshot\from_temp_staging__20260806\羽搧綸巾   经典酷黑   灵动版\company\ZTYY\002294.html|D:\Stock\trading_assistant\10_source_library_archive\batch_149_tdx_custom_terminal_external_folder_absorb__20260719\00_raw_snapshot\from_temp_staging__20260806\羽搧綸巾   经典酷黑   灵动版\company\ZTYY\600686.html
2126	2	2	D:\Stock\trading_assistant\10_source_library_archive\batch_149_tdx_custom_terminal_external_folder_absorb__20260719\00_raw_snapshot\from_temp_staging__20260806\羽搧綸巾   经典酷黑   灵动版\company\ZTYY\002293.html|D:\Stock\trading_assistant\10_source_library_archive\batch_149_tdx_custom_terminal_external_folder_absorb__20260719\00_raw_snapshot\from_temp_staging__20260806\羽搧綸巾   经典酷黑   灵动版\company\ZTYY\600365.html
2822	2	2	D:\Stock\trading_assistant\10_source_library_archive\batch_149_tdx_custom_terminal_external_folder_absorb__20260719\00_raw_snapshot\from_temp_staging__20260806\羽搧綸巾   经典酷黑   灵动版\company\ZTYY\002327.html|D:\Stock\trading_assistant\10_source_library_archive\batch_149_tdx_custom_terminal_external_folder_absorb__20260719\00_raw_snapshot\from_temp_staging__20260806\羽搧綸巾   经典酷黑   灵动版\company\ZTYY\301267.html
9998	2	2	D:\Stock\trading_assistant\10_source_library_archive\batch_149_tdx_custom_terminal_external_folder_absorb__20260719\00_raw_snapshot\from_temp_staging__20260806\羽搧綸巾   经典酷黑   灵动版\company\ZTYY\002320.html|D:\Stock\trading_assistant\10_source_library_archive\batch_149_tdx_custom_terminal_external_folder_absorb__20260719\00_raw_snapshot\from_temp_staging__20260806\羽搧綸巾   经典酷黑   灵动版\company\ZTYY\002730.html
1566	2	2	D:\Stock\trading_assistant\10_source_library_archive\batch_149_tdx_custom_terminal_external_folder_absorb__20260719\00_raw_snapshot\from_temp_staging__20260806\羽搧綸巾   经典酷黑   灵动版\company\ZTYY\002304.html|D:\Stock\trading_assistant\10_source_library_archive\batch_149_tdx_custom_terminal_external_folder_absorb__20260719\00_raw_snapshot\from_temp_staging__20260806\羽搧綸巾   经典酷黑   灵动版\company\ZTYY\688036.html
10507	2	2	D:\Stock\trading_assistant\10_source_library_archive\batch_149_tdx_custom_terminal_external_folder_absorb__20260719\00_raw_snapshot\from_temp_staging__20260806\羽搧綸巾   经典酷黑   灵动版\company\ZTYY\002367.html|D:\Stock\trading_assistant\10_source_library_archive\batch_149_tdx_custom_terminal_external_folder_absorb__20260719\00_raw_snapshot\from_temp_staging__20260806\羽搧綸巾   经典酷黑   灵动版\company\ZTYY\600006.html
8493	2	2	D:\Stock\trading_assistant\10_source_library_archive\batch_149_tdx_custom_terminal_external_folder_absorb__20260719\00_raw_snapshot\from_temp_staging__20260806\羽搧綸巾   经典酷黑   灵动版\company\ZTYY\002393.html|D:\Stock\trading_assistant\10_source_library_archive\batch_149_tdx_custom_terminal_external_folder_absorb__20260719\00_raw_snapshot\from_temp_staging__20260806\羽搧綸巾   经典酷黑   灵动版\company\ZTYY\600448.html
7522	2	2	D:\Stock\trading_assistant\10_source_library_archive\batch_149_tdx_custom_terminal_external_folder_absorb__20260719\00_raw_snapshot\from_temp_staging__20260806\羽搧綸巾   经典酷黑   灵动版\company\ZTYY\002392.html|D:\Stock\trading_assistant\10_source_library_archive\batch_149_tdx_custom_terminal_external_folder_absorb__20260719\00_raw_snapshot\from_temp_staging__20260806\羽搧綸巾   经典酷黑   灵动版\company\ZTYY\603823.html
9692	2	2	D:\Stock\trading_assistant\10_source_library_archive\batch_149_tdx_custom_terminal_external_folder_absorb__20260719\00_raw_snapshot\from_temp_staging__20260806\羽搧綸巾   经典酷黑   灵动版\company\ZTYY\002390.html|D:\Stock\trading_assistant\10_source_library_archive\batch_149_tdx_custom_terminal_external_folder_absorb__20260719\00_raw_snapshot\from_temp_staging__20260806\羽搧綸巾   经典酷黑   灵动版\company\ZTYY\002644.html
13030	2	2	D:\Stock\trading_assistant\10_source_library_archive\batch_149_tdx_custom_terminal_external_folder_absorb__20260719\00_raw_snapshot\from_temp_staging__20260806\羽搧綸巾   经典酷黑   灵动版\company\ZTYY\002398.html|D:\Stock\trading_assistant\10_source_library_archive\batch_149_tdx_custom_terminal_external_folder_absorb__20260719\00_raw_snapshot\from_temp_staging__20260806\羽搧綸巾   经典酷黑   灵动版\company\ZTYY\002808.html
9969	2	2	D:\Stock\trading_assistant\10_source_library_archive\batch_149_tdx_custom_terminal_external_folder_absorb__20260719\00_raw_snapshot\from_temp_staging__20260806\羽搧綸巾   经典酷黑   灵动版\company\ZTYY\002395.html|D:\Stock\trading_assistant\10_source_library_archive\batch_149_tdx_custom_terminal_external_folder_absorb__20260719\00_raw_snapshot\from_temp_staging__20260806\羽搧綸巾   经典酷黑   灵动版\company\ZTYY\603060.html
8946	2	2	D:\Stock\trading_assistant\10_source_library_archive\batch_149_tdx_custom_terminal_external_folder_absorb__20260719\00_raw_snapshot\from_temp_staging__20260806\羽搧綸巾   经典酷黑   灵动版\company\ZTYY\002394.html|D:\Stock\trading_assistant\10_source_library_archive\batch_149_tdx_custom_terminal_external_folder_absorb__20260719\00_raw_snapshot\from_temp_staging__20260806\羽搧綸巾   经典酷黑   灵动版\company\ZTYY\002420.html
8472	2	2	D:\Stock\trading_assistant\10_source_library_archive\batch_149_tdx_custom_terminal_external_folder_absorb__20260719\00_raw_snapshot\from_temp_staging__20260806\羽搧綸巾   经典酷黑   灵动版\company\ZTYY\002386.html|D:\Stock\trading_assistant\10_source_library_archive\batch_149_tdx_custom_terminal_external_folder_absorb__20260719\00_raw_snapshot\from_temp_staging__20260806\羽搧綸巾   经典酷黑   灵动版\company\ZTYY\600969.html
2379	2	2	D:\Stock\trading_assistant\10_source_library_archive\batch_149_tdx_custom_terminal_external_folder_absorb__20260719\00_raw_snapshot\from_temp_staging__20260806\羽搧綸巾   经典酷黑   灵动版\company\ZTYY\002371.html|D:\Stock\trading_assistant\10_source_library_archive\batch_149_tdx_custom_terminal_external_folder_absorb__20260719\00_raw_snapshot\from_temp_staging__20260806\羽搧綸巾   经典酷黑   灵动版\company\ZTYY\831195.html
10269	2	2	D:\Stock\trading_assistant\10_source_library_archive\batch_149_tdx_custom_terminal_external_folder_absorb__20260719\00_raw_snapshot\from_temp_staging__20260806\羽搧綸巾   经典酷黑   灵动版\company\ZTYY\002369.html|D:\Stock\trading_assistant\10_source_library_archive\batch_149_tdx_custom_terminal_external_folder_absorb__20260719\00_raw_snapshot\from_temp_staging__20260806\羽搧綸巾   经典酷黑   灵动版\company\ZTYY\600838.html
9573	2	2	D:\Stock\trading_assistant\10_source_library_archive\batch_149_tdx_custom_terminal_external_folder_absorb__20260719\00_raw_snapshot\from_temp_staging__20260806\羽搧綸巾   经典酷黑   灵动版\company\ZTYY\002368.html|D:\Stock\trading_assistant\10_source_library_archive\batch_149_tdx_custom_terminal_external_folder_absorb__20260719\00_raw_snapshot\from_temp_staging__20260806\羽搧綸巾   经典酷黑   灵动版\company\ZTYY\002988.html
10491	2	2	D:\Stock\trading_assistant\10_source_library_archive\batch_149_tdx_custom_terminal_external_folder_absorb__20260719\00_raw_snapshot\from_temp_staging__20260806\羽搧綸巾   经典酷黑   灵动版\company\ZTYY\002380.html|D:\Stock\trading_assistant\10_source_library_archive\batch_149_tdx_custom_terminal_external_folder_absorb__20260719\00_raw_snapshot\from_temp_staging__20260806\羽搧綸巾   经典酷黑   灵动版\company\ZTYY\605303.html
8003	2	2	D:\Stock\trading_assistant\10_source_library_archive\batch_149_tdx_custom_terminal_external_folder_absorb__20260719\00_raw_snapshot\from_temp_staging__20260806\羽搧綸巾   经典酷黑   灵动版\company\ZTYY\002378.html|D:\Stock\trading_assistant\10_source_library_archive\batch_149_tdx_custom_terminal_external_folder_absorb__20260719\00_raw_snapshot\from_temp_staging__20260806\羽搧綸巾   经典酷黑   灵动版\company\东财主力排名.html
8919	2	2	D:\Stock\trading_assistant\10_source_library_archive\batch_149_tdx_custom_terminal_external_folder_absorb__20260719\00_raw_snapshot\from_temp_staging__20260806\羽搧綸巾   经典酷黑   灵动版\company\ZTYY\002377.html|D:\Stock\trading_assistant\10_source_library_archive\batch_149_tdx_custom_terminal_external_folder_absorb__20260719\00_raw_snapshot\from_temp_staging__20260806\羽搧綸巾   经典酷黑   灵动版\company\ZTYY\002471.html
10359	2	2	D:\Stock\trading_assistant\10_source_library_archive\batch_149_tdx_custom_terminal_external_folder_absorb__20260719\00_raw_snapshot\from_temp_staging__20260806\羽搧綸巾   经典酷黑   灵动版\company\ZTYY\002554.html|D:\Stock\trading_assistant\10_source_library_archive\batch_149_tdx_custom_terminal_external_folder_absorb__20260719\00_raw_snapshot\from_temp_staging__20260806\羽搧綸巾   经典酷黑   灵动版\company\ZTYY\600358.html
9040	2	2	D:\Stock\trading_assistant\10_source_library_archive\batch_149_tdx_custom_terminal_external_folder_absorb__20260719\00_raw_snapshot\from_temp_staging__20260806\羽搧綸巾   经典酷黑   灵动版\company\ZTYY\002772.html|D:\Stock\trading_assistant\10_source_library_archive\batch_149_tdx_custom_terminal_external_folder_absorb__20260719\00_raw_snapshot\from_temp_staging__20260806\羽搧綸巾   经典酷黑   灵动版\company\ZTYY\603696.html
7387	2	2	D:\Stock\trading_assistant\10_source_library_archive\batch_149_tdx_custom_terminal_external_folder_absorb__20260719\00_raw_snapshot\from_temp_staging__20260806\羽搧綸巾   经典酷黑   灵动版\company\ZTYY\002770.html|D:\Stock\trading_assistant\10_source_library_archive\batch_149_tdx_custom_terminal_external_folder_absorb__20260719\00_raw_snapshot\from_temp_staging__20260806\羽搧綸巾   经典酷黑   灵动版\company\ZTYY\300892.html
9318	2	2	D:\Stock\trading_assistant\10_source_library_archive\batch_149_tdx_custom_terminal_external_folder_absorb__20260719\00_raw_snapshot\from_temp_staging__20260806\羽搧綸巾   经典酷黑   灵动版\company\ZTYY\002768.html|D:\Stock\trading_assistant\10_source_library_archive\batch_149_tdx_custom_terminal_external_folder_absorb__20260719\00_raw_snapshot\from_temp_staging__20260806\羽搧綸巾   经典酷黑   灵动版\company\ZTYY\603657.html
5081	2	2	D:\Stock\trading_assistant\10_source_library_archive\batch_149_tdx_custom_terminal_external_folder_absorb__20260719\00_raw_snapshot\from_temp_staging__20260806\羽搧綸巾   经典酷黑   灵动版\company\ZTYY\002812.html|D:\Stock\trading_assistant\10_source_library_archive\batch_149_tdx_custom_terminal_external_folder_absorb__20260719\00_raw_snapshot\from_temp_staging__20260806\羽搧綸巾   经典酷黑   灵动版\company\ZTYY\688052.html
11569	2	2	D:\Stock\trading_assistant\10_source_library_archive\batch_149_tdx_custom_terminal_external_folder_absorb__20260719\00_raw_snapshot\from_temp_staging__20260806\羽搧綸巾   经典酷黑   灵动版\company\ZTYY\002792.html|D:\Stock\trading_assistant\10_source_library_archive\batch_149_tdx_custom_terminal_external_folder_absorb__20260719\00_raw_snapshot\from_temp_staging__20260806\羽搧綸巾   经典酷黑   灵动版\company\ZTYY\600992.html
10680	2	2	D:\Stock\trading_assistant\10_source_library_archive\batch_149_tdx_custom_terminal_external_folder_absorb__20260719\00_raw_snapshot\from_temp_staging__20260806\羽搧綸巾   经典酷黑   灵动版\company\ZTYY\002775.html|D:\Stock\trading_assistant\10_source_library_archive\batch_149_tdx_custom_terminal_external_folder_absorb__20260719\00_raw_snapshot\from_temp_staging__20260806\羽搧綸巾   经典酷黑   灵动版\company\ZTYY\600310.html
9168	2	2	D:\Stock\trading_assistant\10_source_library_archive\batch_149_tdx_custom_terminal_external_folder_absorb__20260719\00_raw_snapshot\from_temp_staging__20260806\羽搧綸巾   经典酷黑   灵动版\company\ZTYY\002759.html|D:\Stock\trading_assistant\10_source_library_archive\batch_149_tdx_custom_terminal_external_folder_absorb__20260719\00_raw_snapshot\from_temp_staging__20260806\羽搧綸巾   经典酷黑   灵动版\company\ZTYY\003039.html
4761	2	2	D:\Stock\trading_assistant\10_source_library_archive\batch_149_tdx_custom_terminal_external_folder_absorb__20260719\00_raw_snapshot\from_temp_staging__20260806\羽搧綸巾   经典酷黑   灵动版\company\ZTYY\002745.html|D:\Stock\trading_assistant\10_source_library_archive\batch_149_tdx_custom_terminal_external_folder_absorb__20260719\00_raw_snapshot\from_temp_staging__20260806\羽搧綸巾   经典酷黑   灵动版\company\ZTYY\600111.html
5252	2	2	D:\Stock\trading_assistant\10_source_library_archive\batch_149_tdx_custom_terminal_external_folder_absorb__20260719\00_raw_snapshot\from_temp_staging__20260806\羽搧綸巾   经典酷黑   灵动版\company\ZTYY\002742.html|D:\Stock\trading_assistant\10_source_library_archive\batch_149_tdx_custom_terminal_external_folder_absorb__20260719\00_raw_snapshot\from_temp_staging__20260806\羽搧綸巾   经典酷黑   灵动版\company\ZTYY\301126.html
9399	2	2	D:\Stock\trading_assistant\10_source_library_archive\batch_149_tdx_custom_terminal_external_folder_absorb__20260719\00_raw_snapshot\from_temp_staging__20260806\羽搧綸巾   经典酷黑   灵动版\company\ZTYY\002728.html|D:\Stock\trading_assistant\10_source_library_archive\batch_149_tdx_custom_terminal_external_folder_absorb__20260719\00_raw_snapshot\from_temp_staging__20260806\羽搧綸巾   经典酷黑   灵动版\company\ZTYY\600962.html
10627	2	2	D:\Stock\trading_assistant\10_source_library_archive\batch_149_tdx_custom_terminal_external_folder_absorb__20260719\00_raw_snapshot\from_temp_staging__20260806\羽搧綸巾   经典酷黑   灵动版\company\ZTYY\002758.html|D:\Stock\trading_assistant\10_source_library_archive\batch_149_tdx_custom_terminal_external_folder_absorb__20260719\00_raw_snapshot\from_temp_staging__20260806\羽搧綸巾   经典酷黑   灵动版\company\ZTYY\603308.html
9327	2	2	D:\Stock\trading_assistant\10_source_library_archive\batch_149_tdx_custom_terminal_external_folder_absorb__20260719\00_raw_snapshot\from_temp_staging__20260806\羽搧綸巾   经典酷黑   灵动版\company\ZTYY\002756.html|D:\Stock\trading_assistant\10_source_library_archive\batch_149_tdx_custom_terminal_external_folder_absorb__20260719\00_raw_snapshot\from_temp_staging__20260806\羽搧綸巾   经典酷黑   灵动版\company\ZTYY\600889.html
10915	2	2	D:\Stock\trading_assistant\10_source_library_archive\batch_149_tdx_custom_terminal_external_folder_absorb__20260719\00_raw_snapshot\from_temp_staging__20260806\羽搧綸巾   经典酷黑   灵动版\company\ZTYY\002747.html|D:\Stock\trading_assistant\10_source_library_archive\batch_149_tdx_custom_terminal_external_folder_absorb__20260719\00_raw_snapshot\from_temp_staging__20260806\羽搧綸巾   经典酷黑   灵动版\company\ZTYY\600466.html
2991	2	2	D:\Stock\trading_assistant\10_source_library_archive\batch_149_tdx_custom_terminal_external_folder_absorb__20260719\00_raw_snapshot\from_temp_staging__20260806\羽搧綸巾   经典酷黑   灵动版\company\ZTYY\002821.html|D:\Stock\trading_assistant\10_source_library_archive\batch_149_tdx_custom_terminal_external_folder_absorb__20260719\00_raw_snapshot\from_temp_staging__20260806\羽搧綸巾   经典酷黑   灵动版\company\ZTYY\300706.html
8954	2	2	D:\Stock\trading_assistant\10_source_library_archive\batch_149_tdx_custom_terminal_external_folder_absorb__20260719\00_raw_snapshot\from_temp_staging__20260806\羽搧綸巾   经典酷黑   灵动版\company\ZTYY\002893.html|D:\Stock\trading_assistant\10_source_library_archive\batch_149_tdx_custom_terminal_external_folder_absorb__20260719\00_raw_snapshot\from_temp_staging__20260806\羽搧綸巾   经典酷黑   灵动版\webs\cfg\search.html
7021	2	2	D:\Stock\trading_assistant\10_source_library_archive\batch_149_tdx_custom_terminal_external_folder_absorb__20260719\00_raw_snapshot\from_temp_staging__20260806\羽搧綸巾   经典酷黑   灵动版\company\ZTYY\002891.html|D:\Stock\trading_assistant\10_source_library_archive\batch_149_tdx_custom_terminal_external_folder_absorb__20260719\00_raw_snapshot\from_temp_staging__20260806\羽搧綸巾   经典酷黑   灵动版\company\ZTYY\600452.html
11068	2	2	D:\Stock\trading_assistant\10_source_library_archive\batch_149_tdx_custom_terminal_external_folder_absorb__20260719\00_raw_snapshot\from_temp_staging__20260806\羽搧綸巾   经典酷黑   灵动版\company\ZTYY\002882.html|D:\Stock\trading_assistant\10_source_library_archive\batch_149_tdx_custom_terminal_external_folder_absorb__20260719\00_raw_snapshot\from_temp_staging__20260806\羽搧綸巾   经典酷黑   灵动版\company\ZTYY\600158.html
10868	2	2	D:\Stock\trading_assistant\10_source_library_archive\batch_149_tdx_custom_terminal_external_folder_absorb__20260719\00_raw_snapshot\from_temp_staging__20260806\羽搧綸巾   经典酷黑   灵动版\company\ZTYY\002915.html|D:\Stock\trading_assistant\10_source_library_archive\batch_149_tdx_custom_terminal_external_folder_absorb__20260719\00_raw_snapshot\from_temp_staging__20260806\羽搧綸巾   经典酷黑   灵动版\company\ZTYY\600513.html
6840	2	2	D:\Stock\trading_assistant\10_source_library_archive\batch_149_tdx_custom_terminal_external_folder_absorb__20260719\00_raw_snapshot\from_temp_staging__20260806\羽搧綸巾   经典酷黑   灵动版\company\ZTYY\002905.html|D:\Stock\trading_assistant\10_source_library_archive\batch_149_tdx_custom_terminal_external_folder_absorb__20260719\00_raw_snapshot\from_temp_staging__20260806\羽搧綸巾   经典酷黑   灵动版\company\ZTYY\603966.html
11599	2	2	D:\Stock\trading_assistant\10_source_library_archive\batch_149_tdx_custom_terminal_external_folder_absorb__20260719\00_raw_snapshot\from_temp_staging__20260806\羽搧綸巾   经典酷黑   灵动版\company\ZTYY\002897.html|D:\Stock\trading_assistant\10_source_library_archive\batch_149_tdx_custom_terminal_external_folder_absorb__20260719\00_raw_snapshot\from_temp_staging__20260806\羽搧綸巾   经典酷黑   灵动版\company\ZTYY\600774.html
9680	2	2	D:\Stock\trading_assistant\10_source_library_archive\batch_149_tdx_custom_terminal_external_folder_absorb__20260719\00_raw_snapshot\from_temp_staging__20260806\羽搧綸巾   经典酷黑   灵动版\company\ZTYY\002877.html|D:\Stock\trading_assistant\10_source_library_archive\batch_149_tdx_custom_terminal_external_folder_absorb__20260719\00_raw_snapshot\from_temp_staging__20260806\羽搧綸巾   经典酷黑   灵动版\company\ZTYY\600719.html
9067	2	2	D:\Stock\trading_assistant\10_source_library_archive\batch_149_tdx_custom_terminal_external_folder_absorb__20260719\00_raw_snapshot\from_temp_staging__20260806\羽搧綸巾   经典酷黑   灵动版\company\ZTYY\002837.html|D:\Stock\trading_assistant\10_source_library_archive\batch_149_tdx_custom_terminal_external_folder_absorb__20260719\00_raw_snapshot\from_temp_staging__20260806\羽搧綸巾   经典酷黑   灵动版\company\ZTYY\600149.html
9351	2	2	D:\Stock\trading_assistant\10_source_library_archive\batch_149_tdx_custom_terminal_external_folder_absorb__20260719\00_raw_snapshot\from_temp_staging__20260806\羽搧綸巾   经典酷黑   灵动版\company\ZTYY\002833.html|D:\Stock\trading_assistant\10_source_library_archive\batch_149_tdx_custom_terminal_external_folder_absorb__20260719\00_raw_snapshot\from_temp_staging__20260806\羽搧綸巾   经典酷黑   灵动版\company\ZTYY\605136.html
8788	2	2	D:\Stock\trading_assistant\10_source_library_archive\batch_149_tdx_custom_terminal_external_folder_absorb__20260719\00_raw_snapshot\from_temp_staging__20260806\羽搧綸巾   经典酷黑   灵动版\company\ZTYY\002824.html|D:\Stock\trading_assistant\10_source_library_archive\batch_149_tdx_custom_terminal_external_folder_absorb__20260719\00_raw_snapshot\from_temp_staging__20260806\羽搧綸巾   经典酷黑   灵动版\company\ZTYY\600771.html
10879	2	2	D:\Stock\trading_assistant\10_source_library_archive\batch_149_tdx_custom_terminal_external_folder_absorb__20260719\00_raw_snapshot\from_temp_staging__20260806\羽搧綸巾   经典酷黑   灵动版\company\ZTYY\002870.html|D:\Stock\trading_assistant\10_source_library_archive\batch_149_tdx_custom_terminal_external_folder_absorb__20260719\00_raw_snapshot\from_temp_staging__20260806\羽搧綸巾   经典酷黑   灵动版\company\ZTYY\601179.html
9164	2	2	D:\Stock\trading_assistant\10_source_library_archive\batch_149_tdx_custom_terminal_external_folder_absorb__20260719\00_raw_snapshot\from_temp_staging__20260806\羽搧綸巾   经典酷黑   灵动版\company\ZTYY\002863.html|D:\Stock\trading_assistant\10_source_library_archive\batch_149_tdx_custom_terminal_external_folder_absorb__20260719\00_raw_snapshot\from_temp_staging__20260806\羽搧綸巾   经典酷黑   灵动版\company\ZTYY\600765.html
9821	2	2	D:\Stock\trading_assistant\10_source_library_archive\batch_149_tdx_custom_terminal_external_folder_absorb__20260719\00_raw_snapshot\from_temp_staging__20260806\羽搧綸巾   经典酷黑   灵动版\company\ZTYY\002840.html|D:\Stock\trading_assistant\10_source_library_archive\batch_149_tdx_custom_terminal_external_folder_absorb__20260719\00_raw_snapshot\from_temp_staging__20260806\羽搧綸巾   经典酷黑   灵动版\company\ZTYY\603353.html
8083	2	2	D:\Stock\trading_assistant\10_source_library_archive\batch_149_tdx_custom_terminal_external_folder_absorb__20260719\00_raw_snapshot\from_temp_staging__20260806\羽搧綸巾   经典酷黑   灵动版\company\ZTYY\002621.html|D:\Stock\trading_assistant\10_source_library_archive\batch_149_tdx_custom_terminal_external_folder_absorb__20260719\00_raw_snapshot\from_temp_staging__20260806\羽搧綸巾   经典酷黑   灵动版\company\ZTYY\600804.html
8896	2	2	D:\Stock\trading_assistant\10_source_library_archive\batch_149_tdx_custom_terminal_external_folder_absorb__20260719\00_raw_snapshot\from_temp_staging__20260806\羽搧綸巾   经典酷黑   灵动版\company\ZTYY\002608.html|D:\Stock\trading_assistant\10_source_library_archive\batch_149_tdx_custom_terminal_external_folder_absorb__20260719\00_raw_snapshot\from_temp_staging__20260806\羽搧綸巾   经典酷黑   灵动版\company\ZTYY\600241.html
1866	2	2	D:\Stock\trading_assistant\10_source_library_archive\batch_149_tdx_custom_terminal_external_folder_absorb__20260719\00_raw_snapshot\from_temp_staging__20260806\羽搧綸巾   经典酷黑   灵动版\company\ZTYY\002601.html|D:\Stock\trading_assistant\10_source_library_archive\batch_149_tdx_custom_terminal_external_folder_absorb__20260719\00_raw_snapshot\from_temp_staging__20260806\羽搧綸巾   经典酷黑   灵动版\company\ZTYY\301015.html
9634	2	2	D:\Stock\trading_assistant\10_source_library_archive\batch_149_tdx_custom_terminal_external_folder_absorb__20260719\00_raw_snapshot\from_temp_staging__20260806\羽搧綸巾   经典酷黑   灵动版\company\ZTYY\002642.html|D:\Stock\trading_assistant\10_source_library_archive\batch_149_tdx_custom_terminal_external_folder_absorb__20260719\00_raw_snapshot\from_temp_staging__20260806\羽搧綸巾   经典酷黑   灵动版\company\ZTYY\002787.html
11127	2	2	D:\Stock\trading_assistant\10_source_library_archive\batch_149_tdx_custom_terminal_external_folder_absorb__20260719\00_raw_snapshot\from_temp_staging__20260806\羽搧綸巾   经典酷黑   灵动版\company\ZTYY\002640.html|D:\Stock\trading_assistant\10_source_library_archive\batch_149_tdx_custom_terminal_external_folder_absorb__20260719\00_raw_snapshot\from_temp_staging__20260806\羽搧綸巾   经典酷黑   灵动版\company\ZTYY\600589.html
11406	2	2	D:\Stock\trading_assistant\10_source_library_archive\batch_149_tdx_custom_terminal_external_folder_absorb__20260719\00_raw_snapshot\from_temp_staging__20260806\羽搧綸巾   经典酷黑   灵动版\company\ZTYY\002630.html|D:\Stock\trading_assistant\10_source_library_archive\batch_149_tdx_custom_terminal_external_folder_absorb__20260719\00_raw_snapshot\from_temp_staging__20260806\羽搧綸巾   经典酷黑   灵动版\company\ZTYY\003027.html
11487	2	2	D:\Stock\trading_assistant\10_source_library_archive\batch_149_tdx_custom_terminal_external_folder_absorb__20260719\00_raw_snapshot\from_temp_staging__20260806\羽搧綸巾   经典酷黑   灵动版\company\ZTYY\002599.html|D:\Stock\trading_assistant\10_source_library_archive\batch_149_tdx_custom_terminal_external_folder_absorb__20260719\00_raw_snapshot\from_temp_staging__20260806\羽搧綸巾   经典酷黑   灵动版\company\ZTYY\600491.html
10193	2	2	D:\Stock\trading_assistant\10_source_library_archive\batch_149_tdx_custom_terminal_external_folder_absorb__20260719\00_raw_snapshot\from_temp_staging__20260806\羽搧綸巾   经典酷黑   灵动版\company\ZTYY\002578.html|D:\Stock\trading_assistant\10_source_library_archive\batch_149_tdx_custom_terminal_external_folder_absorb__20260719\00_raw_snapshot\from_temp_staging__20260806\羽搧綸巾   经典酷黑   灵动版\company\ZTYY\600714.html
9850	2	2	D:\Stock\trading_assistant\10_source_library_archive\batch_149_tdx_custom_terminal_external_folder_absorb__20260719\00_raw_snapshot\from_temp_staging__20260806\羽搧綸巾   经典酷黑   灵动版\company\ZTYY\002561.html|D:\Stock\trading_assistant\10_source_library_archive\batch_149_tdx_custom_terminal_external_folder_absorb__20260719\00_raw_snapshot\from_temp_staging__20260806\羽搧綸巾   经典酷黑   灵动版\company\ZTYY\603380.html
10751	2	2	D:\Stock\trading_assistant\10_source_library_archive\batch_149_tdx_custom_terminal_external_folder_absorb__20260719\00_raw_snapshot\from_temp_staging__20260806\羽搧綸巾   经典酷黑   灵动版\company\ZTYY\002558.html|D:\Stock\trading_assistant\10_source_library_archive\batch_149_tdx_custom_terminal_external_folder_absorb__20260719\00_raw_snapshot\from_temp_staging__20260806\羽搧綸巾   经典酷黑   灵动版\company\ZTYY\300448.html
6389	2	2	D:\Stock\trading_assistant\10_source_library_archive\batch_149_tdx_custom_terminal_external_folder_absorb__20260719\00_raw_snapshot\from_temp_staging__20260806\羽搧綸巾   经典酷黑   灵动版\company\ZTYY\002595.html|D:\Stock\trading_assistant\10_source_library_archive\batch_149_tdx_custom_terminal_external_folder_absorb__20260719\00_raw_snapshot\from_temp_staging__20260806\羽搧綸巾   经典酷黑   灵动版\company\ZTYY\300192.html
1985	2	2	D:\Stock\trading_assistant\10_source_library_archive\batch_149_tdx_custom_terminal_external_folder_absorb__20260719\00_raw_snapshot\from_temp_staging__20260806\羽搧綸巾   经典酷黑   灵动版\company\ZTYY\002594.html|D:\Stock\trading_assistant\10_source_library_archive\batch_149_tdx_custom_terminal_external_folder_absorb__20260719\00_raw_snapshot\from_temp_staging__20260806\羽搧綸巾   经典酷黑   灵动版\company\ZTYY\600323.html
7949	2	2	D:\Stock\trading_assistant\10_source_library_archive\batch_149_tdx_custom_terminal_external_folder_absorb__20260719\00_raw_snapshot\from_temp_staging__20260806\羽搧綸巾   经典酷黑   灵动版\company\ZTYY\002585.html|D:\Stock\trading_assistant\10_source_library_archive\batch_149_tdx_custom_terminal_external_folder_absorb__20260719\00_raw_snapshot\from_temp_staging__20260806\羽搧綸巾   经典酷黑   灵动版\company\ZTYY\600566.html
7852	2	2	D:\Stock\trading_assistant\10_source_library_archive\batch_149_tdx_custom_terminal_external_folder_absorb__20260719\00_raw_snapshot\from_temp_staging__20260806\羽搧綸巾   经典酷黑   灵动版\company\ZTYY\002646.html|D:\Stock\trading_assistant\10_source_library_archive\batch_149_tdx_custom_terminal_external_folder_absorb__20260719\00_raw_snapshot\from_temp_staging__20260806\羽搧綸巾   经典酷黑   灵动版\company\ZTYY\002853.html
8020	2	2	D:\Stock\trading_assistant\10_source_library_archive\batch_149_tdx_custom_terminal_external_folder_absorb__20260719\00_raw_snapshot\from_temp_staging__20260806\羽搧綸巾   经典酷黑   灵动版\company\ZTYY\002697.html|D:\Stock\trading_assistant\10_source_library_archive\batch_149_tdx_custom_terminal_external_folder_absorb__20260719\00_raw_snapshot\from_temp_staging__20260806\羽搧綸巾   经典酷黑   灵动版\company\百日新高.html
9182	2	2	D:\Stock\trading_assistant\10_source_library_archive\batch_149_tdx_custom_terminal_external_folder_absorb__20260719\00_raw_snapshot\from_temp_staging__20260806\羽搧綸巾   经典酷黑   灵动版\company\ZTYY\002683.html|D:\Stock\trading_assistant\10_source_library_archive\batch_149_tdx_custom_terminal_external_folder_absorb__20260719\00_raw_snapshot\from_temp_staging__20260806\羽搧綸巾   经典酷黑   灵动版\company\ZTYY\600455.html
10444	2	2	D:\Stock\trading_assistant\10_source_library_archive\batch_149_tdx_custom_terminal_external_folder_absorb__20260719\00_raw_snapshot\from_temp_staging__20260806\羽搧綸巾   经典酷黑   灵动版\company\ZTYY\002678.html|D:\Stock\trading_assistant\10_source_library_archive\batch_149_tdx_custom_terminal_external_folder_absorb__20260719\00_raw_snapshot\from_temp_staging__20260806\羽搧綸巾   经典酷黑   灵动版\company\ZTYY\002855.html
11323	2	2	D:\Stock\trading_assistant\10_source_library_archive\batch_149_tdx_custom_terminal_external_folder_absorb__20260719\00_raw_snapshot\from_temp_staging__20260806\羽搧綸巾   经典酷黑   灵动版\company\ZTYY\002713.html|D:\Stock\trading_assistant\10_source_library_archive\batch_149_tdx_custom_terminal_external_folder_absorb__20260719\00_raw_snapshot\from_temp_staging__20260806\羽搧綸巾   经典酷黑   灵动版\company\ZTYY\603163.html
3633	2	2	D:\Stock\trading_assistant\10_source_library_archive\batch_149_tdx_custom_terminal_external_folder_absorb__20260719\00_raw_snapshot\from_temp_staging__20260806\羽搧綸巾   经典酷黑   灵动版\company\ZTYY\002709.html|D:\Stock\trading_assistant\10_source_library_archive\batch_149_tdx_custom_terminal_external_folder_absorb__20260719\00_raw_snapshot\from_temp_staging__20260806\羽搧綸巾   经典酷黑   灵动版\company\ZTYY\300114.html
8200	2	2	D:\Stock\trading_assistant\10_source_library_archive\batch_149_tdx_custom_terminal_external_folder_absorb__20260719\00_raw_snapshot\from_temp_staging__20260806\羽搧綸巾   经典酷黑   灵动版\company\ZTYY\002702.html|D:\Stock\trading_assistant\10_source_library_archive\batch_149_tdx_custom_terminal_external_folder_absorb__20260719\00_raw_snapshot\from_temp_staging__20260806\羽搧綸巾   经典酷黑   灵动版\company\ZTYY\301611.html
6963	2	2	D:\Stock\trading_assistant\10_source_library_archive\batch_149_tdx_custom_terminal_external_folder_absorb__20260719\00_raw_snapshot\from_temp_staging__20260806\羽搧綸巾   经典酷黑   灵动版\company\ZTYY\002675.html|D:\Stock\trading_assistant\10_source_library_archive\batch_149_tdx_custom_terminal_external_folder_absorb__20260719\00_raw_snapshot\from_temp_staging__20260806\羽搧綸巾   经典酷黑   灵动版\company\ZTYY\601918.html
12653	2	2	D:\Stock\trading_assistant\10_source_library_archive\batch_149_tdx_custom_terminal_external_folder_absorb__20260719\00_raw_snapshot\from_temp_staging__20260806\羽搧綸巾   经典酷黑   灵动版\company\ZTYY\002657.html|D:\Stock\trading_assistant\10_source_library_archive\batch_149_tdx_custom_terminal_external_folder_absorb__20260719\00_raw_snapshot\from_temp_staging__20260806\羽搧綸巾   经典酷黑   灵动版\company\ZTYY\603357.html
4621	2	2	D:\Stock\trading_assistant\10_source_library_archive\batch_149_tdx_custom_terminal_external_folder_absorb__20260719\00_raw_snapshot\from_temp_staging__20260806\羽搧綸巾   经典酷黑   灵动版\company\ZTYY\002656.html|D:\Stock\trading_assistant\10_source_library_archive\batch_149_tdx_custom_terminal_external_folder_absorb__20260719\00_raw_snapshot\from_temp_staging__20260806\羽搧綸巾   经典酷黑   灵动版\jspages\pc-zbpt\ycsm.html
7744	2	2	D:\Stock\trading_assistant\10_source_library_archive\batch_149_tdx_custom_terminal_external_folder_absorb__20260719\00_raw_snapshot\from_temp_staging__20260806\羽搧綸巾   经典酷黑   灵动版\company\ZTYY\002650.html|D:\Stock\trading_assistant\10_source_library_archive\batch_149_tdx_custom_terminal_external_folder_absorb__20260719\00_raw_snapshot\from_temp_staging__20260806\羽搧綸巾   经典酷黑   灵动版\company\ZTYY\600726.html
8845	2	2	D:\Stock\trading_assistant\10_source_library_archive\batch_149_tdx_custom_terminal_external_folder_absorb__20260719\00_raw_snapshot\from_temp_staging__20260806\羽搧綸巾   经典酷黑   灵动版\company\ZTYY\002674.html|D:\Stock\trading_assistant\10_source_library_archive\batch_149_tdx_custom_terminal_external_folder_absorb__20260719\00_raw_snapshot\from_temp_staging__20260806\羽搧綸巾   经典酷黑   灵动版\company\ZTYY\600328.html
9504	2	2	D:\Stock\trading_assistant\10_source_library_archive\batch_149_tdx_custom_terminal_external_folder_absorb__20260719\00_raw_snapshot\from_temp_staging__20260806\羽搧綸巾   经典酷黑   灵动版\company\ZTYY\002666.html|D:\Stock\trading_assistant\10_source_library_archive\batch_149_tdx_custom_terminal_external_folder_absorb__20260719\00_raw_snapshot\from_temp_staging__20260806\羽搧綸巾   经典酷黑   灵动版\company\ZTYY\603530.html
9527	2	2	D:\Stock\trading_assistant\10_source_library_archive\batch_149_tdx_custom_terminal_external_folder_absorb__20260719\00_raw_snapshot\from_temp_staging__20260806\羽搧綸巾   经典酷黑   灵动版\company\ZTYY\002660.html|D:\Stock\trading_assistant\10_source_library_archive\batch_149_tdx_custom_terminal_external_folder_absorb__20260719\00_raw_snapshot\from_temp_staging__20260806\羽搧綸巾   经典酷黑   灵动版\company\ZTYY\300063.html
