symbol,timeframe,bar_time,atr_value,atr_ratio,atr_percentile,atr_percentile_regime,squeeze_is_on,squeeze_tier,squeeze_fired,compression_quality_score
XAUUSD,H4,2025-01-02T00:00:00Z,na,na,na,unknown,0,off,0,na
XAUUSD,H4,2025-01-02T04:00:00Z,na,na,na,unknown,0,off,0,na
XAUUSD,H4,2025-01-02T08:00:00Z,na,na,na,unknown,0,off,0,na
XAUUSD,H4,2025-01-02T12:00:00Z,na,na,na,unknown,0,off,0,na
XAUUSD,H4,2025-01-02T16:00:00Z,na,na,na,unknown,0,off,0,na
XAUUSD,H4,2025-01-02T20:00:00Z,na,na,na,unknown,0,off,0,na
XAUUSD,H4,2025-01-03T00:00:00Z,na,na,na,unknown,0,off,0,na
XAUUSD,H4,2025-01-03T04:00:00Z,na,na,na,unknown,0,off,0,na
XAUUSD,H4,2025-01-03T08:00:00Z,na,na,na,unknown,0,off,0,na
XAUUSD,H4,2025-01-03T12:00:00Z,na,na,na,unknown,0,off,0,na
XAUUSD,H4,2025-01-03T16:00:00Z,na,na,na,unknown,0,off,0,na
XAUUSD,H4,2025-01-03T20:00:00Z,na,na,na,unknown,0,off,0,na
XAUUSD,H4,2025-01-06T00:00:00Z,na,na,na,unknown,0,off,0,na
XAUUSD,H4,2025-01-06T04:00:00Z,10.870000,na,na,unknown,0,off,0,na
XAUUSD,H4,2025-01-06T08:00:00Z,10.705000,na,na,unknown,0,off,0,na
XAUUSD,H4,2025-01-06T12:00:00Z,12.275000,na,na,unknown,0,off,0,na
XAUUSD,H4,2025-01-06T16:00:00Z,13.537143,na,na,unknown,0,off,0,na
XAUUSD,H4,2025-01-06T20:00:00Z,12.902857,na,na,unknown,0,off,0,na
XAUUSD,H4,2025-01-07T00:00:00Z,12.061429,na,na,unknown,0,off,0,na
XAUUSD,H4,2025-01-07T04:00:00Z,12.212143,na,na,unknown,1,low,0,na
XAUUSD,H4,2025-01-07T08:00:00Z,12.407143,na,na,unknown,1,low,0,na
XAUUSD,H4,2025-01-07T12:00:00Z,13.370714,na,na,unknown,1,low,0,na
XAUUSD,H4,2025-01-07T16:00:00Z,14.113571,na,na,unknown,1,low,0,na
XAUUSD,H4,2025-01-07T20:00:00Z,13.385714,na,na,unknown,1,low,0,na
XAUUSD,H4,2025-01-08T00:00:00Z,12.732143,na,na,unknown,1,low,0,na
XAUUSD,H4,2025-01-08T04:00:00Z,12.670714,na,na,unknown,1,low,0,na
XAUUSD,H4,2025-01-08T08:00:00Z,12.480714,na,na,unknown,1,low,0,na
XAUUSD,H4,2025-01-08T12:00:00Z,12.538571,na,na,unknown,1,low,0,na
XAUUSD,H4,2025-01-08T16:00:00Z,13.250714,na,na,unknown,1,medium,0,na
XAUUSD,H4,2025-01-08T20:00:00Z,12.175714,na,na,unknown,1,low,0,na
XAUUSD,H4,2025-01-09T00:00:00Z,10.707143,na,na,unknown,1,low,0,na
XAUUSD,H4,2025-01-09T04:00:00Z,10.771429,na,na,unknown,1,low,0,na
XAUUSD,H4,2025-01-09T08:00:00Z,10.790000,na,na,unknown,1,low,0,na
XAUUSD,H4,2025-01-09T12:00:00Z,11.147857,na,na,unknown,1,low,0,na
XAUUSD,H4,2025-01-09T16:00:00Z,11.456429,na,na,unknown,1,low,0,na
XAUUSD,H4,2025-01-09T20:00:00Z,10.356429,na,na,unknown,1,low,0,na
XAUUSD,H4,2025-01-10T00:00:00Z,9.124286,na,na,unknown,0,off,1,na
XAUUSD,H4,2025-01-10T04:00:00Z,9.105000,na,na,unknown,0,off,0,na
XAUUSD,H4,2025-01-10T08:00:00Z,9.420000,na,na,unknown,0,off,0,na
XAUUSD,H4,2025-01-10T12:00:00Z,10.437857,na,na,unknown,0,off,0,na
XAUUSD,H4,2025-01-10T16:00:00Z,11.211429,na,na,unknown,0,off,0,na
XAUUSD,H4,2025-01-10T20:00:00Z,11.076429,na,na,unknown,0,off,0,na
XAUUSD,H4,2025-01-13T00:00:00Z,10.619286,na,na,unknown,0,off,0,na
XAUUSD,H4,2025-01-13T04:00:00Z,10.264286,na,na,unknown,0,off,0,na
XAUUSD,H4,2025-01-13T08:00:00Z,10.410000,na,na,unknown,0,off,0,na
XAUUSD,H4,2025-01-13T12:00:00Z,11.460714,na,na,unknown,0,off,0,na
XAUUSD,H4,2025-01-13T16:00:00Z,11.926429,na,na,unknown,1,low,0,na
XAUUSD,H4,2025-01-13T20:00:00Z,11.472857,na,na,unknown,0,off,1,na
XAUUSD,H4,2025-01-14T00:00:00Z,11.205000,na,na,unknown,0,off,0,na
XAUUSD,H4,2025-01-14T04:00:00Z,11.235000,na,na,unknown,1,low,0,na
XAUUSD,H4,2025-01-14T08:00:00Z,11.661429,na,na,unknown,1,low,0,na
XAUUSD,H4,2025-01-14T12:00:00Z,12.230714,na,na,unknown,1,low,0,na
XAUUSD,H4,2025-01-14T16:00:00Z,12.602857,na,na,unknown,1,low,0,na
XAUUSD,H4,2025-01-14T20:00:00Z,12.025000,na,na,unknown,1,low,0,na
XAUUSD,H4,2025-01-15T00:00:00Z,11.485000,na,na,unknown,1,low,0,na
XAUUSD,H4,2025-01-15T04:00:00Z,11.307143,na,na,unknown,1,low,0,na
XAUUSD,H4,2025-01-15T08:00:00Z,10.969286,na,na,unknown,1,low,0,na
XAUUSD,H4,2025-01-15T12:00:00Z,11.297143,na,na,unknown,1,low,0,na
XAUUSD,H4,2025-01-15T16:00:00Z,12.104286,na,na,unknown,1,low,0,na
XAUUSD,H4,2025-01-15T20:00:00Z,11.032143,na,na,unknown,1,low,0,na
XAUUSD,H4,2025-01-16T00:00:00Z,10.607857,na,na,unknown,0,off,1,na
XAUUSD,H4,2025-01-16T04:00:00Z,10.407143,na,na,unknown,0,off,0,na
XAUUSD,H4,2025-01-16T08:00:00Z,10.913571,0.9465,na,unknown,0,off,0,50.33
XAUUSD,H4,2025-01-16T12:00:00Z,11.633571,1.0076,na,unknown,0,off,0,39.71
XAUUSD,H4,2025-01-16T16:00:00Z,11.825000,1.0222,na,unknown,0,off,0,35.35
XAUUSD,H4,2025-01-16T20:00:00Z,11.631429,1.0066,na,unknown,0,off,0,32.15
XAUUSD,H4,2025-01-17T00:00:00Z,11.074286,0.9625,na,unknown,0,off,0,30.35
XAUUSD,H4,2025-01-17T04:00:00Z,10.693571,0.9330,na,unknown,0,off,0,33.40
XAUUSD,H4,2025-01-17T08:00:00Z,10.780000,0.9426,na,unknown,0,off,0,34.55
XAUUSD,H4,2025-01-17T12:00:00Z,10.719286,0.9398,na,unknown,0,off,0,35.71
XAUUSD,H4,2025-01-17T16:00:00Z,11.095000,0.9749,na,unknown,0,off,0,34.68
XAUUSD,H4,2025-01-17T20:00:00Z,11.240714,0.9915,na,unknown,0,off,0,35.24
XAUUSD,H4,2025-01-20T00:00:00Z,10.951429,0.9714,na,unknown,0,off,0,42.87
XAUUSD,H4,2025-01-20T04:00:00Z,11.495000,1.0230,na,unknown,0,off,0,43.07
XAUUSD,H4,2025-01-20T08:00:00Z,11.618571,1.0360,na,unknown,1,low,0,42.83
XAUUSD,H4,2025-01-20T12:00:00Z,12.067857,1.0773,na,unknown,1,low,0,46.79
XAUUSD,H4,2025-01-20T16:00:00Z,11.545714,1.0324,na,unknown,1,medium,0,48.81
XAUUSD,H4,2025-01-20T20:00:00Z,10.655000,0.9560,na,unknown,1,medium,0,51.89
XAUUSD,H4,2025-01-21T00:00:00Z,10.953571,0.9868,na,unknown,1,medium,0,57.52
XAUUSD,H4,2025-01-21T04:00:00Z,11.003571,0.9934,na,unknown,1,medium,0,60.80
XAUUSD,H4,2025-01-21T08:00:00Z,11.625714,1.0478,na,unknown,1,medium,0,56.03
XAUUSD,H4,2025-01-21T12:00:00Z,12.143571,1.0918,na,unknown,1,medium,0,52.75
XAUUSD,H4,2025-01-21T16:00:00Z,12.835714,1.1498,na,unknown,1,low,0,42.49
XAUUSD,H4,2025-01-21T20:00:00Z,12.597143,1.1255,na,unknown,0,off,1,40.43
XAUUSD,H4,2025-01-22T00:00:00Z,12.223571,1.0907,na,unknown,0,off,0,38.28
XAUUSD,H4,2025-01-22T04:00:00Z,12.108571,1.0770,na,unknown,0,off,0,31.08
XAUUSD,H4,2025-01-22T08:00:00Z,12.220714,1.0810,na,unknown,0,off,0,28.27
XAUUSD,H4,2025-01-22T12:00:00Z,12.111429,1.0657,na,unknown,0,off,0,29.73
XAUUSD,H4,2025-01-22T16:00:00Z,12.045714,1.0551,na,unknown,0,off,0,28.70
XAUUSD,H4,2025-01-22T20:00:00Z,11.600714,1.0140,na,unknown,0,off,0,29.02
XAUUSD,H4,2025-01-23T00:00:00Z,11.375000,0.9940,na,unknown,0,off,0,28.31
XAUUSD,H4,2025-01-23T04:00:00Z,11.362143,0.9924,na,unknown,0,off,0,25.06
XAUUSD,H4,2025-01-23T08:00:00Z,11.235000,0.9802,na,unknown,0,off,0,28.70
XAUUSD,H4,2025-01-23T12:00:00Z,11.733571,1.0211,na,unknown,0,off,0,33.51
XAUUSD,H4,2025-01-23T16:00:00Z,11.981429,1.0398,na,unknown,0,off,0,32.64
XAUUSD,H4,2025-01-23T20:00:00Z,11.505000,0.9984,na,unknown,0,off,0,34.24
XAUUSD,H4,2025-01-24T00:00:00Z,10.702143,0.9307,na,unknown,0,off,0,40.39
XAUUSD,H4,2025-01-24T04:00:00Z,11.349286,0.9872,na,unknown,0,off,0,37.25
XAUUSD,H4,2025-01-24T08:00:00Z,11.265000,0.9798,na,unknown,0,off,0,45.06
XAUUSD,H4,2025-01-24T12:00:00Z,11.311429,0.9837,na,unknown,0,off,0,40.70
XAUUSD,H4,2025-01-24T16:00:00Z,11.259286,0.9798,na,unknown,0,off,0,39.52
XAUUSD,H4,2025-01-24T20:00:00Z,10.719286,0.9353,na,unknown,0,off,0,47.38
XAUUSD,H4,2025-01-27T00:00:00Z,10.704286,0.9371,na,unknown,1,low,0,53.29
XAUUSD,H4,2025-01-27T04:00:00Z,11.142143,0.9769,na,unknown,1,low,0,54.16
XAUUSD,H4,2025-01-27T08:00:00Z,11.982857,1.0497,na,unknown,1,low,0,51.64
XAUUSD,H4,2025-01-27T12:00:00Z,13.005000,1.1359,na,unknown,1,low,0,49.57
XAUUSD,H4,2025-01-27T16:00:00Z,13.914286,1.2091,na,unknown,1,low,0,47.27
XAUUSD,H4,2025-01-27T20:00:00Z,13.370714,1.1577,na,unknown,1,low,0,45.88
XAUUSD,H4,2025-01-28T00:00:00Z,12.467857,1.0788,na,unknown,0,off,1,46.11
XAUUSD,H4,2025-01-28T04:00:00Z,12.487143,1.0778,na,unknown,0,off,0,45.37
XAUUSD,H4,2025-01-28T08:00:00Z,12.575714,1.0818,na,unknown,0,off,0,44.45
XAUUSD,H4,2025-01-28T12:00:00Z,12.107857,1.0385,na,unknown,0,off,0,47.89
XAUUSD,H4,2025-01-28T16:00:00Z,12.324286,1.0545,na,unknown,0,off,0,46.66
XAUUSD,H4,2025-01-28T20:00:00Z,11.787857,1.0083,na,unknown,0,off,0,47.47
XAUUSD,H4,2025-01-29T00:00:00Z,10.930000,0.9364,na,unknown,0,off,0,49.10
XAUUSD,H4,2025-01-29T04:00:00Z,10.975714,0.9413,na,unknown,0,off,0,48.28
XAUUSD,H4,2025-01-29T08:00:00Z,10.901429,0.9353,na,unknown,0,off,0,47.70
XAUUSD,H4,2025-01-29T12:00:00Z,10.925000,0.9369,na,unknown,0,off,0,46.64
XAUUSD,H4,2025-01-29T16:00:00Z,10.576429,0.9073,na,unknown,0,off,0,49.70
XAUUSD,H4,2025-01-29T20:00:00Z,10.245000,0.8796,na,unknown,1,low,0,51.73
XAUUSD,H4,2025-01-30T00:00:00Z,8.608571,0.7423,na,unknown,1,low,0,66.52
XAUUSD,H4,2025-01-30T04:00:00Z,8.170000,0.7082,na,unknown,1,low,0,70.91
XAUUSD,H4,2025-01-30T08:00:00Z,8.917143,0.7757,na,unknown,1,low,0,64.59
XAUUSD,H4,2025-01-30T12:00:00Z,9.277857,0.8102,na,unknown,0,off,1,55.55
XAUUSD,H4,2025-01-30T16:00:00Z,9.845000,0.8624,na,unknown,0,off,0,44.47
XAUUSD,H4,2025-01-30T20:00:00Z,9.925714,0.8728,na,unknown,0,off,0,39.79
XAUUSD,H4,2025-01-31T00:00:00Z,9.642143,0.8507,na,unknown,0,off,0,37.38
XAUUSD,H4,2025-01-31T04:00:00Z,9.542143,0.8435,na,unknown,0,off,0,36.12
XAUUSD,H4,2025-01-31T08:00:00Z,9.913571,0.8780,na,unknown,0,off,0,33.46
XAUUSD,H4,2025-01-31T12:00:00Z,10.760714,0.9534,na,unknown,0,off,0,27.90
XAUUSD,H4,2025-01-31T16:00:00Z,11.148571,0.9886,na,unknown,0,off,0,28.25
XAUUSD,H4,2025-01-31T20:00:00Z,11.392143,1.0115,na,unknown,0,off,0,27.94
XAUUSD,H4,2025-02-03T00:00:00Z,12.517143,1.1121,na,unknown,0,off,0,25.69
XAUUSD,H4,2025-02-03T04:00:00Z,12.370000,1.0994,na,unknown,0,off,0,26.58
XAUUSD,H4,2025-02-03T08:00:00Z,13.330000,1.1824,na,unknown,0,off,0,28.91
XAUUSD,H4,2025-02-03T12:00:00Z,14.342857,1.2673,na,unknown,0,off,0,30.61
XAUUSD,H4,2025-02-03T16:00:00Z,14.647143,1.2886,na,unknown,0,off,0,24.81
XAUUSD,H4,2025-02-03T20:00:00Z,14.540000,1.2737,na,unknown,0,off,0,24.17
XAUUSD,H4,2025-02-04T00:00:00Z,14.072143,1.2284,na,unknown,0,off,0,24.78
XAUUSD,H4,2025-02-04T04:00:00Z,14.180000,1.2323,na,unknown,0,off,0,32.31
XAUUSD,H4,2025-02-04T08:00:00Z,14.689286,1.2692,na,unknown,0,off,0,34.65
XAUUSD,H4,2025-02-04T12:00:00Z,16.136429,1.3828,na,unknown,0,off,0,35.39
XAUUSD,H4,2025-02-04T16:00:00Z,16.651429,1.4138,na,unknown,0,off,0,40.99
XAUUSD,H4,2025-02-04T20:00:00Z,15.707143,1.3247,na,unknown,0,off,0,40.57
XAUUSD,H4,2025-02-05T00:00:00Z,15.375000,1.2893,na,unknown,0,off,0,35.32
XAUUSD,H4,2025-02-05T04:00:00Z,15.522143,1.2930,na,unknown,0,off,0,28.68
XAUUSD,H4,2025-02-05T08:00:00Z,14.708571,1.2171,na,unknown,0,off,0,21.48
XAUUSD,H4,2025-02-05T12:00:00Z,15.099286,1.2417,na,unknown,0,off,0,21.81
XAUUSD,H4,2025-02-05T16:00:00Z,15.360000,1.2547,na,unknown,0,off,0,20.59
XAUUSD,H4,2025-02-05T20:00:00Z,14.985000,1.2168,na,unknown,0,off,0,20.25
XAUUSD,H4,2025-02-06T00:00:00Z,14.238571,1.1506,na,unknown,0,off,0,19.95
XAUUSD,H4,2025-02-06T04:00:00Z,14.124286,1.1351,na,unknown,0,off,0,19.22
XAUUSD,H4,2025-02-06T08:00:00Z,14.891429,1.1887,na,unknown,0,off,0,19.33
XAUUSD,H4,2025-02-06T12:00:00Z,15.142143,1.2011,na,unknown,0,off,0,20.70
XAUUSD,H4,2025-02-06T16:00:00Z,15.937143,1.2563,na,unknown,0,off,0,27.91
XAUUSD,H4,2025-02-06T20:00:00Z,14.729286,1.1579,na,unknown,0,off,0,33.15
XAUUSD,H4,2025-02-07T00:00:00Z,14.447143,1.1348,na,unknown,0,off,0,32.78
XAUUSD,H4,2025-02-07T04:00:00Z,14.756429,1.1566,na,unknown,0,off,0,34.12
XAUUSD,H4,2025-02-07T08:00:00Z,14.923571,1.1652,na,unknown,0,off,0,34.20
XAUUSD,H4,2025-02-07T12:00:00Z,15.075714,1.1723,na,unknown,1,low,0,34.40
XAUUSD,H4,2025-02-07T16:00:00Z,16.237857,1.2555,na,unknown,1,medium,0,39.13
XAUUSD,H4,2025-02-07T20:00:00Z,15.362143,1.1819,na,unknown,1,medium,0,46.28
XAUUSD,H4,2025-02-10T00:00:00Z,15.382143,1.1779,na,unknown,1,medium,0,50.31
XAUUSD,H4,2025-02-10T04:00:00Z,15.035000,1.1456,na,unknown,1,medium,0,51.70
XAUUSD,H4,2025-02-10T08:00:00Z,16.059286,1.2141,na,unknown,1,medium,0,51.64
XAUUSD,H4,2025-02-10T12:00:00Z,16.325000,1.2243,na,unknown,1,low,0,43.41
XAUUSD,H4,2025-02-10T16:00:00Z,15.835000,1.1789,na,unknown,1,low,0,40.85
XAUUSD,H4,2025-02-10T20:00:00Z,15.315714,1.1328,na,unknown,0,off,1,40.10
XAUUSD,H4,2025-02-11T00:00:00Z,15.509286,1.1388,na,unknown,0,off,0,28.51
XAUUSD,H4,2025-02-11T04:00:00Z,17.595000,1.2782,na,unknown,0,off,0,26.69
XAUUSD,H4,2025-02-11T08:00:00Z,18.595000,1.3315,na,unknown,0,off,0,30.90
XAUUSD,H4,2025-02-11T12:00:00Z,19.812143,1.3954,na,unknown,0,off,0,33.39
XAUUSD,H4,2025-02-11T16:00:00Z,20.244286,1.4034,na,unknown,0,off,0,31.96
XAUUSD,H4,2025-02-11T20:00:00Z,19.844286,1.3558,na,unknown,0,off,0,30.84
XAUUSD,H4,2025-02-12T00:00:00Z,18.687857,1.2616,na,unknown,0,off,0,36.97
XAUUSD,H4,2025-02-12T04:00:00Z,19.244286,1.2830,na,unknown,0,off,0,40.22
XAUUSD,H4,2025-02-12T08:00:00Z,18.409286,1.2131,na,unknown,0,off,0,40.03
XAUUSD,H4,2025-02-12T12:00:00Z,19.622857,1.2761,na,unknown,0,off,0,41.54
XAUUSD,H4,2025-02-12T16:00:00Z,19.825714,1.2729,na,unknown,1,low,0,39.52
XAUUSD,H4,2025-02-12T20:00:00Z,19.666429,1.2484,na,unknown,1,low,0,39.63
XAUUSD,H4,2025-02-13T00:00:00Z,19.167857,1.2045,na,unknown,1,low,0,37.57
XAUUSD,H4,2025-02-13T04:00:00Z,19.894286,1.2369,na,unknown,1,low,0,40.93
XAUUSD,H4,2025-02-13T08:00:00Z,18.693571,1.1534,na,unknown,1,medium,0,44.82
XAUUSD,H4,2025-02-13T12:00:00Z,17.176429,1.0536,na,unknown,1,medium,0,48.91
XAUUSD,H4,2025-02-13T16:00:00Z,16.316429,0.9972,na,unknown,1,medium,0,52.09
XAUUSD,H4,2025-02-13T20:00:00Z,15.575714,0.9505,na,unknown,1,medium,0,55.92
XAUUSD,H4,2025-02-14T00:00:00Z,14.772143,0.9013,na,unknown,1,low,0,58.92
XAUUSD,H4,2025-02-14T04:00:00Z,14.485714,0.8839,na,unknown,1,low,0,60.81
XAUUSD,H4,2025-02-14T08:00:00Z,13.892857,0.8479,na,unknown,1,low,0,59.57
XAUUSD,H4,2025-02-14T12:00:00Z,14.486429,0.8838,na,unknown,1,low,0,57.16
XAUUSD,H4,2025-02-14T16:00:00Z,16.826429,1.0239,na,unknown,1,low,0,51.61
XAUUSD,H4,2025-02-14T20:00:00Z,15.782143,0.9607,na,unknown,0,off,1,52.97
XAUUSD,H4,2025-02-17T00:00:00Z,15.172857,0.9253,na,unknown,0,off,0,55.92
XAUUSD,H4,2025-02-17T04:00:00Z,15.231429,0.9294,na,unknown,0,off,0,55.48
XAUUSD,H4,2025-02-17T08:00:00Z,15.916429,0.9706,na,unknown,0,off,0,52.61
XAUUSD,H4,2025-02-17T12:00:00Z,15.270000,0.9315,na,unknown,0,off,0,53.70
XAUUSD,H4,2025-02-17T16:00:00Z,14.994286,0.9143,na,unknown,1,low,0,53.57
XAUUSD,H4,2025-02-17T20:00:00Z,14.052857,0.8580,na,unknown,0,off,1,61.56
XAUUSD,H4,2025-02-18T00:00:00Z,13.612143,0.8329,na,unknown,0,off,0,60.10
XAUUSD,H4,2025-02-18T04:00:00Z,13.994286,0.8573,na,unknown,0,off,0,59.61
XAUUSD,H4,2025-02-18T08:00:00Z,14.041429,0.8604,na,unknown,0,off,0,58.52
XAUUSD,H4,2025-02-18T12:00:00Z,14.399286,0.8820,na,unknown,0,off,0,56.50
XAUUSD,H4,2025-02-18T16:00:00Z,14.896429,0.9125,na,unknown,0,off,0,54.76
XAUUSD,H4,2025-02-18T20:00:00Z,13.915714,0.8537,na,unknown,0,off,0,56.99
XAUUSD,H4,2025-02-19T00:00:00Z,11.671429,0.7198,na,unknown,0,off,0,64.23
XAUUSD,H4,2025-02-19T04:00:00Z,11.997857,0.7424,na,unknown,0,off,0,61.69
XAUUSD,H4,2025-02-19T08:00:00Z,11.810000,0.7332,na,unknown,0,off,0,59.75
XAUUSD,H4,2025-02-19T12:00:00Z,12.115714,0.7546,na,unknown,0,off,0,58.79
XAUUSD,H4,2025-02-19T16:00:00Z,12.185000,0.7615,na,unknown,0,off,0,60.96
XAUUSD,H4,2025-02-19T20:00:00Z,12.920714,0.8097,na,unknown,0,off,0,55.79
XAUUSD,H4,2025-02-20T00:00:00Z,13.050714,0.8211,na,unknown,0,off,0,49.76
XAUUSD,H4,2025-02-20T04:00:00Z,13.814286,0.8709,na,unknown,0,off,0,48.37
XAUUSD,H4,2025-02-20T08:00:00Z,14.014286,0.8850,na,unknown,0,off,0,47.95
XAUUSD,H4,2025-02-20T12:00:00Z,14.060714,0.8890,na,unknown,0,off,0,49.38
XAUUSD,H4,2025-02-20T16:00:00Z,15.175714,0.9606,na,unknown,0,off,0,48.36
XAUUSD,H4,2025-02-20T20:00:00Z,14.802143,0.9388,na,unknown,0,off,0,48.62
XAUUSD,H4,2025-02-21T00:00:00Z,15.307857,0.9715,na,unknown,0,off,0,48.94
XAUUSD,H4,2025-02-21T04:00:00Z,15.896429,1.0081,na,unknown,1,low,0,48.18
XAUUSD,H4,2025-02-21T08:00:00Z,16.242143,1.0291,na,unknown,1,medium,0,51.50
XAUUSD,H4,2025-02-21T12:00:00Z,15.775000,1.0018,na,unknown,1,medium,0,57.43
XAUUSD,H4,2025-02-21T16:00:00Z,16.064286,1.0234,na,unknown,1,high,0,56.20
XAUUSD,H4,2025-02-21T20:00:00Z,15.725714,1.0071,na,unknown,1,high,0,56.86
XAUUSD,H4,2025-02-24T00:00:00Z,15.730714,1.0133,na,unknown,1,high,0,58.63
XAUUSD,H4,2025-02-24T04:00:00Z,15.795000,1.0228,na,unknown,1,high,0,56.64
XAUUSD,H4,2025-02-24T08:00:00Z,16.095000,1.0457,na,unknown,1,high,0,56.29
XAUUSD,H4,2025-02-24T12:00:00Z,16.561429,1.0798,na,unknown,1,high,0,54.75
XAUUSD,H4,2025-02-24T16:00:00Z,17.587143,1.1479,na,unknown,1,high,0,54.44
XAUUSD,H4,2025-02-24T20:00:00Z,16.810714,1.1012,na,unknown,1,medium,0,54.76
XAUUSD,H4,2025-02-25T00:00:00Z,15.786429,1.0396,na,unknown,1,medium,0,57.92
XAUUSD,H4,2025-02-25T04:00:00Z,16.371429,1.0829,na,unknown,1,medium,0,56.02
XAUUSD,H4,2025-02-25T08:00:00Z,15.652143,1.0401,na,unknown,1,medium,0,58.05
XAUUSD,H4,2025-02-25T12:00:00Z,15.705714,1.0495,na,unknown,1,high,0,56.49
XAUUSD,H4,2025-02-25T16:00:00Z,18.582857,1.2420,na,unknown,1,medium,0,49.27
XAUUSD,H4,2025-02-25T20:00:00Z,18.780000,1.2525,na,unknown,1,medium,0,48.11
XAUUSD,H4,2025-02-26T00:00:00Z,18.528571,1.2321,na,unknown,1,medium,0,46.92
XAUUSD,H4,2025-02-26T04:00:00Z,18.507143,1.2259,na,unknown,1,medium,0,47.52
XAUUSD,H4,2025-02-26T08:00:00Z,18.079286,1.1923,na,unknown,1,low,0,47.65
XAUUSD,H4,2025-02-26T12:00:00Z,17.477857,1.1481,na,unknown,1,low,0,47.29
XAUUSD,H4,2025-02-26T16:00:00Z,18.353571,1.1986,na,unknown,1,low,0,48.47
XAUUSD,H4,2025-02-26T20:00:00Z,17.442143,1.1347,na,unknown,1,low,0,48.36
XAUUSD,H4,2025-02-27T00:00:00Z,16.327143,1.0628,na,unknown,1,low,0,50.03
XAUUSD,H4,2025-02-27T04:00:00Z,17.475714,1.1351,na,unknown,1,low,0,49.58
XAUUSD,H4,2025-02-27T08:00:00Z,18.382857,1.1891,na,unknown,0,off,1,41.03
XAUUSD,H4,2025-02-27T12:00:00Z,18.155000,1.1699,na,unknown,0,off,0,38.27
XAUUSD,H4,2025-02-27T16:00:00Z,18.987857,1.2188,na,unknown,0,off,0,34.19
XAUUSD,H4,2025-02-27T20:00:00Z,18.904286,1.2078,na,unknown,0,off,0,33.99
XAUUSD,H4,2025-02-28T00:00:00Z,15.666429,1.0000,na,unknown,0,off,0,38.68
XAUUSD,H4,2025-02-28T04:00:00Z,16.312857,1.0383,na,unknown,0,off,0,35.20
XAUUSD,H4,2025-02-28T08:00:00Z,16.233571,1.0298,na,unknown,0,off,0,34.29
XAUUSD,H4,2025-02-28T12:00:00Z,16.667143,1.0538,na,unknown,0,off,0,37.21
XAUUSD,H4,2025-02-28T16:00:00Z,17.238571,1.0855,na,unknown,0,off,0,30.18
XAUUSD,H4,2025-02-28T20:00:00Z,17.947857,1.1251,na,unknown,0,off,0,29.00
XAUUSD,H4,2025-03-03T00:00:00Z,17.601429,1.0997,na,unknown,0,off,0,33.23
XAUUSD,H4,2025-03-03T04:00:00Z,18.023571,1.1203,na,unknown,0,off,0,34.77
XAUUSD,H4,2025-03-03T08:00:00Z,18.220000,1.1234,na,unknown,0,off,0,38.17
XAUUSD,H4,2025-03-03T12:00:00Z,17.078571,1.0464,na,unknown,0,off,0,43.60
XAUUSD,H4,2025-03-03T16:00:00Z,17.118571,1.0421,na,unknown,0,off,0,40.91
XAUUSD,H4,2025-03-03T20:00:00Z,17.333571,1.0485,na,unknown,0,off,0,41.56
XAUUSD,H4,2025-03-04T00:00:00Z,16.429286,0.9888,na,unknown,0,off,0,43.80
XAUUSD,H4,2025-03-04T04:00:00Z,15.939286,0.9558,na,unknown,1,low,0,45.44
XAUUSD,H4,2025-03-04T08:00:00Z,17.759286,1.0590,na,unknown,1,low,0,43.99
XAUUSD,H4,2025-03-04T12:00:00Z,17.392143,1.0327,na,unknown,0,off,1,40.44
XAUUSD,H4,2025-03-04T16:00:00Z,17.902143,1.0581,na,unknown,0,off,0,38.80
XAUUSD,H4,2025-03-04T20:00:00Z,17.594286,1.0355,na,unknown,0,off,0,39.86
XAUUSD,H4,2025-03-05T00:00:00Z,17.130000,1.0059,84.33,elevated,0,off,0,40.29
XAUUSD,H4,2025-03-05T04:00:00Z,16.820000,0.9854,82.74,elevated,0,off,0,40.42
XAUUSD,H4,2025-03-05T08:00:00Z,15.992143,0.9361,75.60,elevated,0,off,0,41.13
XAUUSD,H4,2025-03-05T12:00:00Z,16.861429,0.9859,83.13,elevated,0,off,0,39.60
XAUUSD,H4,2025-03-05T16:00:00Z,18.263571,1.0653,91.47,extreme,0,off,0,35.44
XAUUSD,H4,2025-03-05T20:00:00Z,18.353571,1.0674,91.47,extreme,0,off,0,33.97
XAUUSD,H4,2025-03-06T00:00:00Z,17.496429,1.0158,86.31,elevated,0,off,0,37.04
XAUUSD,H4,2025-03-06T04:00:00Z,17.131429,0.9930,83.13,elevated,0,off,0,45.79
XAUUSD,H4,2025-03-06T08:00:00Z,18.564286,1.0726,93.45,extreme,0,off,0,44.86
XAUUSD,H4,2025-03-06T12:00:00Z,19.125000,1.1007,96.23,extreme,1,low,0,44.67
XAUUSD,H4,2025-03-06T16:00:00Z,17.883571,1.0272,87.50,elevated,1,low,0,53.41
XAUUSD,H4,2025-03-06T20:00:00Z,17.635714,1.0117,86.71,elevated,1,medium,0,52.56
XAUUSD,H4,2025-03-07T00:00:00Z,17.214286,0.9879,81.94,elevated,1,medium,0,56.58
XAUUSD,H4,2025-03-07T04:00:00Z,17.136429,0.9831,81.15,elevated,1,medium,0,56.97
XAUUSD,H4,2025-03-07T08:00:00Z,17.167143,0.9833,81.15,elevated,1,medium,0,57.38
XAUUSD,H4,2025-03-07T12:00:00Z,17.109286,0.9791,79.17,elevated,1,high,0,58.17
XAUUSD,H4,2025-03-07T16:00:00Z,18.320000,1.0452,90.28,extreme,1,high,0,54.37
XAUUSD,H4,2025-03-07T20:00:00Z,17.281429,0.9842,81.94,elevated,1,high,0,59.03
XAUUSD,H4,2025-03-10T00:00:00Z,15.563571,0.8894,62.90,normal,1,high,0,66.27
XAUUSD,H4,2025-03-10T04:00:00Z,15.461429,0.8870,61.71,normal,1,high,0,66.23
XAUUSD,H4,2025-03-10T08:00:00Z,16.032143,0.9223,69.64,normal,1,high,0,64.95
XAUUSD,H4,2025-03-10T12:00:00Z,16.607143,0.9575,75.20,elevated,1,high,0,63.16
XAUUSD,H4,2025-03-10T16:00:00Z,15.378571,0.8895,60.12,normal,1,high,0,67.08
XAUUSD,H4,2025-03-10T20:00:00Z,15.275000,0.8857,57.74,normal,1,medium,0,66.72
XAUUSD,H4,2025-03-11T00:00:00Z,14.449286,0.8417,48.21,normal,1,medium,0,68.31
XAUUSD,H4,2025-03-11T04:00:00Z,15.021429,0.8775,54.17,normal,1,medium,0,66.43
XAUUSD,H4,2025-03-11T08:00:00Z,15.096429,0.8831,54.96,normal,1,medium,0,68.20
XAUUSD,H4,2025-03-11T12:00:00Z,14.802857,0.8686,51.39,normal,1,medium,0,69.18
XAUUSD,H4,2025-03-11T16:00:00Z,14.804286,0.8724,51.39,normal,1,medium,0,69.53
XAUUSD,H4,2025-03-11T20:00:00Z,14.164286,0.8386,44.25,normal,1,medium,0,71.02
XAUUSD,H4,2025-03-12T00:00:00Z,12.830714,0.7652,36.71,normal,1,medium,0,74.79
XAUUSD,H4,2025-03-12T04:00:00Z,12.751429,0.7661,36.31,normal,1,medium,0,74.71
XAUUSD,H4,2025-03-12T08:00:00Z,13.107143,0.7899,38.29,normal,1,medium,0,71.76
XAUUSD,H4,2025-03-12T12:00:00Z,13.326429,0.8061,38.29,normal,1,medium,0,70.31
XAUUSD,H4,2025-03-12T16:00:00Z,14.408571,0.8734,45.83,normal,1,low,0,64.42
XAUUSD,H4,2025-03-12T20:00:00Z,13.685714,0.8326,39.09,normal,1,low,0,63.42
XAUUSD,H4,2025-03-13T00:00:00Z,13.080714,0.7999,36.71,normal,0,off,1,61.15
XAUUSD,H4,2025-03-13T04:00:00Z,12.693571,0.7812,33.93,normal,0,off,0,56.40
XAUUSD,H4,2025-03-13T08:00:00Z,13.005714,0.8050,35.91,normal,0,off,0,54.80
XAUUSD,H4,2025-03-13T12:00:00Z,12.141429,0.7570,28.37,calm,0,off,0,54.35
XAUUSD,H4,2025-03-13T16:00:00Z,14.171429,0.8881,43.85,normal,0,off,0,36.19
XAUUSD,H4,2025-03-13T20:00:00Z,14.572857,0.9161,47.82,normal,0,off,0,33.68
XAUUSD,H4,2025-03-14T00:00:00Z,13.996429,0.8833,40.28,normal,0,off,0,34.57
XAUUSD,H4,2025-03-14T04:00:00Z,14.367857,0.9102,44.64,normal,0,off,0,32.38
XAUUSD,H4,2025-03-14T08:00:00Z,14.718571,0.9344,49.01,normal,0,off,0,30.96
XAUUSD,H4,2025-03-14T12:00:00Z,15.377143,0.9769,59.72,normal,0,off,0,27.82
XAUUSD,H4,2025-03-14T16:00:00Z,15.705000,1.0004,63.29,normal,0,off,0,25.13
XAUUSD,H4,2025-03-14T20:00:00Z,15.377143,0.9820,58.93,normal,0,off,0,26.61
XAUUSD,H4,2025-03-17T00:00:00Z,13.792857,0.8855,35.91,normal,0,off,0,32.79
XAUUSD,H4,2025-03-17T04:00:00Z,13.854286,0.8937,36.31,normal,0,off,0,27.60
XAUUSD,H4,2025-03-17T08:00:00Z,14.015000,0.9077,38.69,normal,0,off,0,25.98
XAUUSD,H4,2025-03-17T12:00:00Z,14.432143,0.9376,43.85,normal,0,off,0,23.34
XAUUSD,H4,2025-03-17T16:00:00Z,14.592143,0.9498,46.23,normal,0,off,0,22.20
XAUUSD,H4,2025-03-17T20:00:00Z,14.517857,0.9478,45.04,normal,0,off,0,24.06
XAUUSD,H4,2025-03-18T00:00:00Z,11.505714,0.7578,16.07,calm,0,off,0,43.40
XAUUSD,H4,2025-03-18T04:00:00Z,11.868571,0.7885,19.25,calm,0,off,0,42.86
XAUUSD,H4,2025-03-18T08:00:00Z,12.874286,0.8606,29.17,calm,0,off,0,39.10
XAUUSD,H4,2025-03-18T12:00:00Z,13.268571,0.8915,31.55,normal,0,off,0,39.54
XAUUSD,H4,2025-03-18T16:00:00Z,13.335000,0.9024,32.34,normal,0,off,0,35.58
XAUUSD,H4,2025-03-18T20:00:00Z,12.602857,0.8604,26.39,calm,0,off,0,37.39
XAUUSD,H4,2025-03-19T00:00:00Z,11.660714,0.8029,15.67,calm,0,off,0,56.46
XAUUSD,H4,2025-03-19T04:00:00Z,11.875000,0.8242,17.66,calm,0,off,0,56.47
XAUUSD,H4,2025-03-19T08:00:00Z,12.597857,0.8800,25.99,calm,0,off,0,51.35
XAUUSD,H4,2025-03-19T12:00:00Z,13.155000,0.9241,30.75,normal,0,off,0,48.82
XAUUSD,H4,2025-03-19T16:00:00Z,13.426429,0.9481,32.74,normal,0,off,0,39.37
XAUUSD,H4,2025-03-19T20:00:00Z,13.854286,0.9828,34.72,normal,0,off,0,32.98
XAUUSD,H4,2025-03-20T00:00:00Z,13.442143,0.9603,32.34,normal,0,off,0,34.84
XAUUSD,H4,2025-03-20T04:00:00Z,13.832857,0.9931,33.93,normal,0,off,0,33.22
XAUUSD,H4,2025-03-20T08:00:00Z,14.587857,1.0487,45.83,normal,0,off,0,32.03
XAUUSD,H4,2025-03-20T12:00:00Z,14.788571,1.0642,49.01,normal,0,off,0,32.61
XAUUSD,H4,2025-03-20T16:00:00Z,14.216429,1.0257,39.88,normal,0,off,0,38.38
XAUUSD,H4,2025-03-20T20:00:00Z,13.750000,0.9962,31.55,normal,0,off,0,39.47
XAUUSD,H4,2025-03-21T00:00:00Z,13.145714,0.9555,27.18,calm,0,off,0,45.49
XAUUSD,H4,2025-03-21T04:00:00Z,13.753571,1.0019,31.55,normal,1,low,0,48.90
XAUUSD,H4,2025-03-21T08:00:00Z,14.358571,1.0461,40.67,normal,1,medium,0,47.31
XAUUSD,H4,2025-03-21T12:00:00Z,14.282143,1.0416,39.88,normal,1,medium,0,51.05
XAUUSD,H4,2025-03-21T16:00:00Z,15.475000,1.1280,60.52,normal,1,medium,0,46.81
XAUUSD,H4,2025-03-21T20:00:00Z,14.983571,1.0919,50.99,normal,1,medium,0,49.27
XAUUSD,H4,2025-03-24T00:00:00Z,14.846429,1.0818,49.40,normal,1,medium,0,49.04
XAUUSD,H4,2025-03-24T04:00:00Z,14.101429,1.0276,35.91,normal,1,medium,0,52.20
XAUUSD,H4,2025-03-24T08:00:00Z,14.320714,1.0414,38.69,normal,1,medium,0,53.69
XAUUSD,H4,2025-03-24T12:00:00Z,14.203571,1.0307,37.10,normal,1,medium,0,54.09
XAUUSD,H4,2025-03-24T16:00:00Z,14.781429,1.0700,47.42,normal,1,low,0,51.60
XAUUSD,H4,2025-03-24T20:00:00Z,14.152143,1.0232,35.12,normal,1,low,0,51.94
XAUUSD,H4,2025-03-25T00:00:00Z,13.632143,0.9867,26.39,calm,1,low,0,53.56
XAUUSD,H4,2025-03-25T04:00:00Z,13.457857,0.9744,25.60,calm,1,low,0,53.08
XAUUSD,H4,2025-03-25T08:00:00Z,13.901429,1.0054,29.96,calm,1,low,0,52.25
XAUUSD,H4,2025-03-25T12:00:00Z,13.591429,0.9817,25.20,calm,1,low,0,56.10
XAUUSD,H4,2025-03-25T16:00:00Z,13.942857,1.0057,30.75,normal,1,low,0,59.22
XAUUSD,H4,2025-03-25T20:00:00Z,13.595714,0.9786,24.80,calm,1,medium,0,60.05
XAUUSD,H4,2025-03-26T00:00:00Z,11.246429,0.8129,7.34,squeeze,1,medium,0,69.56
XAUUSD,H4,2025-03-26T04:00:00Z,11.346429,0.8240,7.34,squeeze,1,medium,0,67.17
XAUUSD,H4,2025-03-26T08:00:00Z,11.947857,0.8703,10.91,calm,1,high,0,68.53
XAUUSD,H4,2025-03-26T12:00:00Z,12.046429,0.8804,11.71,calm,1,high,0,68.82
XAUUSD,H4,2025-03-26T16:00:00Z,12.295714,0.9018,13.69,calm,1,high,0,68.25
XAUUSD,H4,2025-03-26T20:00:00Z,11.967143,0.8821,11.31,calm,1,high,0,70.18
XAUUSD,H4,2025-03-27T00:00:00Z,10.961429,0.8137,6.15,squeeze,1,high,0,74.87
XAUUSD,H4,2025-03-27T04:00:00Z,11.229286,0.8387,7.34,squeeze,1,high,0,72.46
XAUUSD,H4,2025-03-27T08:00:00Z,11.605714,0.8697,9.33,squeeze,1,medium,0,71.35
XAUUSD,H4,2025-03-27T12:00:00Z,12.492857,0.9381,16.07,calm,1,medium,0,59.93
XAUUSD,H4,2025-03-27T16:00:00Z,13.555714,1.0186,24.40,calm,1,low,0,49.57
XAUUSD,H4,2025-03-27T20:00:00Z,13.384286,1.0073,22.82,calm,1,low,0,50.04
XAUUSD,H4,2025-03-28T00:00:00Z,12.768571,0.9636,17.26,calm,0,off,1,47.59
XAUUSD,H4,2025-03-28T04:00:00Z,13.502857,1.0206,24.01,calm,0,off,0,38.91
XAUUSD,H4,2025-03-28T08:00:00Z,14.588571,1.0975,43.85,normal,0,off,0,27.72
XAUUSD,H4,2025-03-28T12:00:00Z,14.702143,1.1014,45.04,normal,0,off,0,28.95
XAUUSD,H4,2025-03-28T16:00:00Z,14.741429,1.1013,46.23,normal,0,off,0,30.08
XAUUSD,H4,2025-03-28T20:00:00Z,14.672857,1.0938,43.85,normal,0,off,0,27.19
XAUUSD,H4,2025-03-31T00:00:00Z,15.035000,1.1180,52.18,normal,0,off,0,21.66
XAUUSD,H4,2025-03-31T04:00:00Z,17.380000,1.2833,82.34,elevated,0,off,0,19.18
XAUUSD,H4,2025-03-31T08:00:00Z,18.220714,1.3324,89.48,elevated,0,off,0,18.46
XAUUSD,H4,2025-03-31T12:00:00Z,18.154286,1.3155,88.29,elevated,0,off,0,17.57
XAUUSD,H4,2025-03-31T16:00:00Z,19.305714,1.3855,97.02,extreme,0,off,0,16.39
XAUUSD,H4,2025-03-31T20:00:00Z,18.418571,1.3119,91.47,extreme,0,off,0,16.30
XAUUSD,H4,2025-04-01T00:00:00Z,17.117143,1.2128,76.39,elevated,0,off,0,17.57
XAUUSD,H4,2025-04-01T04:00:00Z,17.933571,1.2633,85.91,elevated,0,off,0,19.12
XAUUSD,H4,2025-04-01T08:00:00Z,19.043571,1.3310,95.44,extreme,0,off,0,18.85
XAUUSD,H4,2025-04-01T12:00:00Z,18.708571,1.2988,93.85,extreme,0,off,0,19.11
XAUUSD,H4,2025-04-01T16:00:00Z,19.874286,1.3696,99.01,extreme,0,off,0,26.09
XAUUSD,H4,2025-04-01T20:00:00Z,19.903571,1.3621,99.40,extreme,0,off,0,24.90
XAUUSD,H4,2025-04-02T00:00:00Z,19.652143,1.3349,96.63,extreme,0,off,0,29.68
XAUUSD,H4,2025-04-02T04:00:00Z,20.212143,1.3610,99.40,extreme,0,off,0,34.95
XAUUSD,H4,2025-04-02T08:00:00Z,20.556429,1.3705,99.80,extreme,0,off,0,39.87
XAUUSD,H4,2025-04-02T12:00:00Z,19.273571,1.2756,94.64,extreme,0,off,0,41.42
XAUUSD,H4,2025-04-02T16:00:00Z,19.082143,1.2551,93.06,extreme,1,low,0,42.86
XAUUSD,H4,2025-04-02T20:00:00Z,20.823571,1.3579,99.80,extreme,1,low,0,44.48
XAUUSD,H4,2025-04-03T00:00:00Z,22.511429,1.4547,99.80,extreme,1,medium,0,44.59
XAUUSD,H4,2025-04-03T04:00:00Z,23.589286,1.5075,99.80,extreme,1,medium,0,47.86
XAUUSD,H4,2025-04-03T08:00:00Z,24.760714,1.5626,99.80,extreme,1,high,0,49.21
XAUUSD,H4,2025-04-03T12:00:00Z,28.050714,1.7396,99.80,extreme,1,medium,0,46.41
XAUUSD,H4,2025-04-03T16:00:00Z,32.084286,1.9468,99.80,extreme,1,medium,0,48.58
XAUUSD,H4,2025-04-03T20:00:00Z,32.696429,1.9404,99.80,extreme,1,medium,0,49.49
XAUUSD,H4,2025-04-04T00:00:00Z,30.881429,1.7984,99.01,extreme,1,medium,0,48.99
XAUUSD,H4,2025-04-04T04:00:00Z,31.858571,1.8178,99.01,extreme,1,medium,0,50.81
XAUUSD,H4,2025-04-04T08:00:00Z,32.980714,1.8412,99.80,extreme,1,medium,0,52.23
XAUUSD,H4,2025-04-04T12:00:00Z,36.297143,1.9759,99.80,extreme,1,medium,0,54.10
XAUUSD,H4,2025-04-04T16:00:00Z,39.520714,2.0930,99.80,extreme,1,low,0,44.32
XAUUSD,H4,2025-04-04T20:00:00Z,39.805000,2.0511,99.80,extreme,1,low,0,43.06
XAUUSD,H4,2025-04-07T00:00:00Z,43.310714,2.1662,99.80,extreme,0,off,1,31.33
XAUUSD,H4,2025-04-07T04:00:00Z,46.466429,2.2501,99.80,extreme,0,off,0,36.19
XAUUSD,H4,2025-04-07T08:00:00Z,45.063571,2.1129,99.40,extreme,0,off,0,36.93
XAUUSD,H4,2025-04-07T12:00:00Z,45.584286,2.0708,99.40,extreme,0,off,0,37.89
XAUUSD,H4,2025-04-07T16:00:00Z,48.682857,2.1402,99.80,extreme,0,off,0,39.16
XAUUSD,H4,2025-04-07T20:00:00Z,45.969286,1.9624,99.01,extreme,0,off,0,34.51
XAUUSD,H4,2025-04-08T00:00:00Z,41.171429,1.7153,97.42,extreme,0,off,0,33.89
XAUUSD,H4,2025-04-08T04:00:00Z,41.275714,1.6786,97.42,extreme,0,off,0,33.83
XAUUSD,H4,2025-04-08T08:00:00Z,41.674286,1.6535,97.42,extreme,0,off,0,33.21
XAUUSD,H4,2025-04-08T12:00:00Z,41.391429,1.6039,97.02,extreme,0,off,0,37.96
XAUUSD,H4,2025-04-08T16:00:00Z,41.893571,1.5861,97.42,extreme,0,off,0,40.21
XAUUSD,H4,2025-04-08T20:00:00Z,38.395714,1.4257,94.64,extreme,0,off,0,37.72
XAUUSD,H4,2025-04-09T00:00:00Z,34.862143,1.2744,93.85,extreme,0,off,0,34.01
XAUUSD,H4,2025-04-09T04:00:00Z,36.027857,1.2955,93.85,extreme,0,off,0,35.55
XAUUSD,H4,2025-04-09T08:00:00Z,34.610714,1.2253,93.06,extreme,1,low,0,40.36
XAUUSD,H4,2025-04-09T12:00:00Z,31.311429,1.0947,91.07,extreme,1,low,0,40.72
XAUUSD,H4,2025-04-09T16:00:00Z,32.465000,1.1210,91.87,extreme,1,low,0,42.28
XAUUSD,H4,2025-04-09T20:00:00Z,33.862143,1.1540,92.66,extreme,1,low,0,49.19
XAUUSD,H4,2025-04-10T00:00:00Z,31.159286,1.0501,89.88,elevated,0,off,1,50.23
XAUUSD,H4,2025-04-10T04:00:00Z,32.876429,1.0946,91.87,extreme,0,off,0,42.25
XAUUSD,H4,2025-04-10T08:00:00Z,33.878571,1.1140,92.66,extreme,0,off,0,38.63
XAUUSD,H4,2025-04-10T12:00:00Z,34.542857,1.1231,92.66,extreme,0,off,0,34.05
XAUUSD,H4,2025-04-10T16:00:00Z,37.580714,1.2067,94.25,extreme,0,off,0,26.01
XAUUSD,H4,2025-04-10T20:00:00Z,37.593571,1.1922,94.25,extreme,0,off,0,24.24
XAUUSD,H4,2025-04-11T00:00:00Z,37.889286,1.1876,94.25,extreme,0,off,0,20.54
XAUUSD,H4,2025-04-11T04:00:00Z,37.998571,1.1766,94.25,extreme,0,off,0,19.78
XAUUSD,H4,2025-04-11T08:00:00Z,39.362143,1.2023,94.64,extreme,0,off,0,19.31
XAUUSD,H4,2025-04-11T12:00:00Z,38.365714,1.1574,93.85,extreme,0,off,0,19.71
XAUUSD,H4,2025-04-11T16:00:00Z,36.850714,1.0999,91.87,extreme,0,off,0,19.00
XAUUSD,H4,2025-04-11T20:00:00Z,35.279286,1.0426,90.67,extreme,0,off,0,23.86
XAUUSD,H4,2025-04-14T00:00:00Z,33.841429,0.9920,88.29,elevated,0,off,0,26.46
XAUUSD,H4,2025-04-14T04:00:00Z,32.387857,0.9425,86.31,elevated,0,off,0,28.29
XAUUSD,H4,2025-04-14T08:00:00Z,31.788571,0.9185,85.12,elevated,0,off,0,28.32
XAUUSD,H4,2025-04-14T12:00:00Z,30.176429,0.8670,83.53,elevated,0,off,0,31.37
XAUUSD,H4,2025-04-14T16:00:00Z,29.726429,0.8496,83.13,elevated,0,off,0,35.03
XAUUSD,H4,2025-04-14T20:00:00Z,28.619286,0.8136,82.74,elevated,0,off,0,38.48
XAUUSD,H4,2025-04-15T00:00:00Z,24.763571,0.7017,81.94,elevated,0,off,0,41.67
XAUUSD,H4,2025-04-15T04:00:00Z,24.602143,0.6956,81.15,elevated,0,off,0,45.46
XAUUSD,H4,2025-04-15T08:00:00Z,22.610000,0.6393,80.36,elevated,0,off,0,48.64
XAUUSD,H4,2025-04-15T12:00:00Z,22.370714,0.6329,79.56,elevated,0,off,0,52.63
XAUUSD,H4,2025-04-15T16:00:00Z,20.611429,0.5845,78.77,elevated,0,off,0,52.57
XAUUSD,H4,2025-04-15T20:00:00Z,19.583571,0.5581,76.39,elevated,1,low,0,55.12
XAUUSD,H4,2025-04-16T00:00:00Z,20.508571,0.5883,77.98,elevated,1,medium,0,63.40
XAUUSD,H4,2025-04-16T04:00:00Z,21.697143,0.6264,79.17,elevated,1,low,0,73.85
XAUUSD,H4,2025-04-16T08:00:00Z,22.176429,0.6434,79.17,elevated,0,off,1,65.99
XAUUSD,H4,2025-04-16T12:00:00Z,21.480714,0.6270,78.37,elevated,0,off,0,66.89
XAUUSD,H4,2025-04-16T16:00:00Z,22.522857,0.6615,79.96,elevated,0,off,0,61.55
XAUUSD,H4,2025-04-16T20:00:00Z,21.637857,0.6410,77.98,elevated,0,off,0,52.54
XAUUSD,H4,2025-04-17T00:00:00Z,21.197857,0.6349,77.18,elevated,0,off,0,45.74
XAUUSD,H4,2025-04-17T04:00:00Z,22.659286,0.6857,80.36,elevated,0,off,0,41.69
XAUUSD,H4,2025-04-17T08:00:00Z,24.643571,0.7542,81.15,elevated,0,off,0,37.24
XAUUSD,H4,2025-04-17T12:00:00Z,24.555714,0.7618,80.36,elevated,0,off,0,35.61
XAUUSD,H4,2025-04-17T16:00:00Z,26.952857,0.8456,81.94,elevated,0,off,0,30.56
XAUUSD,H4,2025-04-17T20:00:00Z,27.087143,0.8598,81.94,elevated,0,off,0,27.68
XAUUSD,H4,2025-04-21T00:00:00Z,29.180714,0.9379,82.74,elevated,0,off,0,23.98
XAUUSD,H4,2025-04-21T04:00:00Z,29.512143,0.9587,82.74,elevated,0,off,0,25.82
XAUUSD,H4,2025-04-21T08:00:00Z,28.202857,0.9239,81.55,elevated,0,off,0,30.75
XAUUSD,H4,2025-04-21T12:00:00Z,28.040714,0.9267,80.75,elevated,0,off,0,30.47
XAUUSD,H4,2025-04-21T16:00:00Z,27.413571,0.9145,80.36,elevated,0,off,0,31.85
XAUUSD,H4,2025-04-21T20:00:00Z,27.692857,0.9324,80.36,elevated,0,off,0,29.76
XAUUSD,H4,2025-04-22T00:00:00Z,27.409286,0.9319,79.56,elevated,0,off,0,30.53
XAUUSD,H4,2025-04-22T04:00:00Z,31.299286,1.0694,84.33,elevated,0,off,0,26.26
XAUUSD,H4,2025-04-22T08:00:00Z,34.240000,1.1703,89.09,elevated,0,off,0,26.73
XAUUSD,H4,2025-04-22T12:00:00Z,34.840714,1.1918,89.88,elevated,0,off,0,27.35
XAUUSD,H4,2025-04-22T16:00:00Z,38.048571,1.2985,93.45,extreme,0,off,0,30.64
XAUUSD,H4,2025-04-22T20:00:00Z,39.627857,1.3448,95.04,extreme,0,off,0,33.85
XAUUSD,H4,2025-04-23T00:00:00Z,41.033571,1.3844,95.44,extreme,0,off,0,33.80
XAUUSD,H4,2025-04-23T04:00:00Z,43.869286,1.4702,97.82,extreme,0,off,0,34.72
XAUUSD,H4,2025-04-23T08:00:00Z,44.814286,1.4882,97.82,extreme,0,off,0,38.38
XAUUSD,H4,2025-04-23T12:00:00Z,45.680714,1.5042,98.61,extreme,0,off,0,38.02
XAUUSD,H4,2025-04-23T16:00:00Z,48.042143,1.5673,99.40,extreme,0,off,0,37.12
XAUUSD,H4,2025-04-23T20:00:00Z,47.645714,1.5412,99.01,extreme,0,off,0,36.31
XAUUSD,H4,2025-04-24T00:00:00Z,49.482143,1.5884,99.80,extreme,0,off,0,36.06
XAUUSD,H4,2025-04-24T04:00:00Z,51.075000,1.6255,99.80,extreme,0,off,0,36.89
XAUUSD,H4,2025-04-24T08:00:00Z,50.708571,1.6007,99.40,extreme,0,off,0,35.13
XAUUSD,H4,2025-04-24T12:00:00Z,46.860000,1.4710,97.42,extreme,0,off,0,34.23
XAUUSD,H4,2025-04-24T16:00:00Z,44.912143,1.4050,95.04,extreme,0,off,0,35.34
XAUUSD,H4,2025-04-24T20:00:00Z,43.190714,1.3471,93.45,extreme,0,off,0,34.88
XAUUSD,H4,2025-04-25T00:00:00Z,39.761429,1.2379,90.28,extreme,0,off,0,34.87
XAUUSD,H4,2025-04-25T04:00:00Z,39.985000,1.2412,90.67,extreme,0,off,0,35.97
XAUUSD,H4,2025-04-25T08:00:00Z,38.020000,1.1771,87.10,elevated,0,off,0,35.90
XAUUSD,H4,2025-04-25T12:00:00Z,35.413571,1.0944,83.93,elevated,1,low,0,33.43
XAUUSD,H4,2025-04-25T16:00:00Z,33.281429,1.0275,79.96,elevated,1,low,0,41.49
XAUUSD,H4,2025-04-25T20:00:00Z,33.806429,1.0414,79.96,elevated,1,medium,0,44.60
XAUUSD,H4,2025-04-28T00:00:00Z,32.775000,1.0078,78.37,elevated,1,medium,0,52.61
XAUUSD,H4,2025-04-28T04:00:00Z,34.433571,1.0550,81.55,elevated,1,medium,0,54.64
XAUUSD,H4,2025-04-28T08:00:00Z,32.447857,0.9895,76.79,elevated,1,medium,0,60.14
XAUUSD,H4,2025-04-28T12:00:00Z,31.192143,0.9474,74.01,elevated,1,medium,0,62.98
XAUUSD,H4,2025-04-28T16:00:00Z,32.997143,0.9959,78.77,elevated,1,medium,0,62.24
XAUUSD,H4,2025-04-28T20:00:00Z,33.049286,0.9911,78.77,elevated,1,medium,0,63.72
XAUUSD,H4,2025-04-29T00:00:00Z,32.430000,0.9657,75.60,elevated,1,medium,0,65.74
XAUUSD,H4,2025-04-29T04:00:00Z,33.376429,0.9858,79.17,elevated,1,medium,0,63.82
XAUUSD,H4,2025-04-29T08:00:00Z,32.671429,0.9581,75.99,elevated,1,medium,0,65.29
XAUUSD,H4,2025-04-29T12:00:00Z,30.454286,0.8885,70.83,elevated,1,medium,0,67.73
XAUUSD,H4,2025-04-29T16:00:00Z,29.733571,0.8637,70.04,elevated,1,medium,0,69.75
XAUUSD,H4,2025-04-29T20:00:00Z,29.418571,0.8506,68.85,normal,1,medium,0,71.17
XAUUSD,H4,2025-04-30T00:00:00Z,28.642857,0.8252,68.06,normal,1,medium,0,71.68
XAUUSD,H4,2025-04-30T04:00:00Z,27.515000,0.7901,65.67,normal,1,medium,0,73.59
XAUUSD,H4,2025-04-30T08:00:00Z,27.193571,0.7782,64.48,normal,1,medium,0,75.05
XAUUSD,H4,2025-04-30T12:00:00Z,26.537143,0.7577,63.29,normal,1,medium,0,76.29
XAUUSD,H4,2025-04-30T16:00:00Z,26.798571,0.7642,63.29,normal,1,medium,0,75.54
XAUUSD,H4,2025-04-30T20:00:00Z,26.882143,0.7656,63.29,normal,1,medium,0,75.62
XAUUSD,H4,2025-05-01T00:00:00Z,26.649286,0.7591,62.50,normal,1,medium,0,75.88
XAUUSD,H4,2025-05-01T04:00:00Z,27.405714,0.7805,64.48,normal,1,low,0,66.63
XAUUSD,H4,2025-05-01T08:00:00Z,27.320714,0.7789,64.09,normal,0,off,1,64.47
XAUUSD,H4,2025-05-01T12:00:00Z,27.399286,0.7821,64.09,normal,0,off,0,54.38
XAUUSD,H4,2025-05-01T16:00:00Z,28.020000,0.7999,66.07,normal,0,off,0,53.24
XAUUSD,H4,2025-05-01T20:00:00Z,29.027857,0.8282,68.06,normal,0,off,0,51.48
XAUUSD,H4,2025-05-02T00:00:00Z,28.060714,0.8003,66.47,normal,0,off,0,48.86
XAUUSD,H4,2025-05-02T04:00:00Z,28.835714,0.8219,67.66,normal,0,off,0,49.63
XAUUSD,H4,2025-05-02T08:00:00Z,28.837857,0.8212,67.66,normal,0,off,0,52.65
XAUUSD,H4,2025-05-02T12:00:00Z,28.652857,0.8172,66.87,normal,0,off,0,53.95
XAUUSD,H4,2025-05-02T16:00:00Z,29.202857,0.8353,68.45,normal,0,off,0,54.27
XAUUSD,H4,2025-05-02T20:00:00Z,27.777857,0.7978,63.29,normal,0,off,0,56.16
XAUUSD,H4,2025-05-05T00:00:00Z,26.927857,0.7783,58.93,normal,0,off,0,55.23
XAUUSD,H4,2025-05-05T04:00:00Z,26.592143,0.7744,57.34,normal,0,off,0,57.76
XAUUSD,H4,2025-05-05T08:00:00Z,25.155000,0.7394,56.55,normal,0,off,0,64.77
XAUUSD,H4,2025-05-05T12:00:00Z,25.858571,0.7683,56.55,normal,0,off,0,65.40
XAUUSD,H4,2025-05-05T16:00:00Z,26.105000,0.7843,56.55,normal,0,off,0,61.71
XAUUSD,H4,2025-05-05T20:00:00Z,25.694286,0.7813,55.75,normal,0,off,0,57.92
XAUUSD,H4,2025-05-06T00:00:00Z,24.703571,0.7620,54.17,normal,0,off,0,58.09
XAUUSD,H4,2025-05-06T04:00:00Z,26.679286,0.8338,57.74,normal,0,off,0,41.08
XAUUSD,H4,2025-05-06T08:00:00Z,27.821429,0.8814,63.29,normal,0,off,0,36.05
XAUUSD,H4,2025-05-06T12:00:00Z,27.366429,0.8802,60.12,normal,0,off,0,34.49
XAUUSD,H4,2025-05-06T16:00:00Z,28.535000,0.9311,65.28,normal,0,off,0,29.00
XAUUSD,H4,2025-05-06T20:00:00Z,29.121429,0.9613,67.66,normal,0,off,0,26.09
XAUUSD,H4,2025-05-07T00:00:00Z,31.631429,1.0534,72.82,elevated,0,off,0,20.59
XAUUSD,H4,2025-05-07T04:00:00Z,32.741429,1.0980,76.39,elevated,0,off,0,16.74
XAUUSD,H4,2025-05-07T08:00:00Z,33.049286,1.1133,78.37,elevated,0,off,0,16.68
XAUUSD,H4,2025-05-07T12:00:00Z,32.965000,1.1158,76.79,elevated,0,off,0,17.39
XAUUSD,H4,2025-05-07T16:00:00Z,32.516429,1.1047,74.40,elevated,0,off,0,17.00
XAUUSD,H4,2025-05-07T20:00:00Z,32.087143,1.0926,72.42,elevated,0,off,0,20.04
XAUUSD,H4,2025-05-08T00:00:00Z,32.042857,1.0920,71.63,elevated,0,off,0,20.61
XAUUSD,H4,2025-05-08T04:00:00Z,32.560714,1.1106,74.40,elevated,0,off,0,22.69
XAUUSD,H4,2025-05-08T08:00:00Z,36.090714,1.2282,84.33,elevated,0,off,0,29.75
XAUUSD,H4,2025-05-08T12:00:00Z,34.010714,1.1578,80.36,elevated,0,off,0,32.49
XAUUSD,H4,2025-05-08T16:00:00Z,36.315714,1.2330,84.72,elevated,1,low,0,42.81
XAUUSD,H4,2025-05-08T20:00:00Z,36.423571,1.2323,84.72,elevated,1,low,0,44.45
XAUUSD,H4,2025-05-09T00:00:00Z,35.426429,1.1966,82.74,elevated,1,low,0,45.68
XAUUSD,H4,2025-05-09T04:00:00Z,37.247143,1.2545,85.12,elevated,1,low,0,46.22
XAUUSD,H4,2025-05-09T08:00:00Z,33.108571,1.1146,75.99,elevated,1,low,0,44.87
XAUUSD,H4,2025-05-09T12:00:00Z,31.880714,1.0744,68.06,normal,1,low,0,44.04
XAUUSD,H4,2025-05-09T16:00:00Z,32.449286,1.0937,70.44,elevated,0,off,1,42.62
XAUUSD,H4,2025-05-09T20:00:00Z,31.956429,1.0760,67.66,normal,0,off,0,44.17
XAUUSD,H4,2025-05-12T00:00:00Z,34.712857,1.1649,80.36,elevated,0,off,0,42.20
XAUUSD,H4,2025-05-12T04:00:00Z,34.111429,1.1411,78.37,elevated,0,off,0,40.08
XAUUSD,H4,2025-05-12T08:00:00Z,37.173571,1.2365,84.72,elevated,0,off,0,31.81
XAUUSD,H4,2025-05-12T12:00:00Z,36.517857,1.2075,83.93,elevated,0,off,0,27.24
XAUUSD,H4,2025-05-12T16:00:00Z,33.773571,1.1119,75.20,elevated,0,off,0,26.41
XAUUSD,H4,2025-05-12T20:00:00Z,33.073571,1.0842,73.61,elevated,0,off,0,27.00
XAUUSD,H4,2025-05-13T00:00:00Z,29.380714,0.9615,58.93,normal,0,off,0,31.16
XAUUSD,H4,2025-05-13T04:00:00Z,30.462143,0.9945,61.31,normal,0,off,0,29.50
XAUUSD,H4,2025-05-13T08:00:00Z,30.367143,0.9890,60.52,normal,0,off,0,30.12
XAUUSD,H4,2025-05-13T12:00:00Z,28.123571,0.9155,53.37,normal,0,off,0,41.17
XAUUSD,H4,2025-05-13T16:00:00Z,29.052143,0.9447,56.55,normal,0,off,0,40.66
XAUUSD,H4,2025-05-13T20:00:00Z,28.792857,0.9354,54.96,normal,0,off,0,39.50
XAUUSD,H4,2025-05-14T00:00:00Z,28.032143,0.9107,50.99,normal,0,off,0,43.94
XAUUSD,H4,2025-05-14T04:00:00Z,28.866429,0.9379,55.75,normal,0,off,0,45.12
XAUUSD,H4,2025-05-14T08:00:00Z,26.077143,0.8484,41.47,normal,0,off,0,49.91
XAUUSD,H4,2025-05-14T12:00:00Z,28.166429,0.9167,52.18,normal,0,off,0,41.69
XAUUSD,H4,2025-05-14T16:00:00Z,25.237143,0.8233,39.88,normal,0,off,0,42.99
XAUUSD,H4,2025-05-14T20:00:00Z,24.948571,0.8159,39.09,normal,0,off,0,41.85
XAUUSD,H4,2025-05-15T00:00:00Z,23.884286,0.7838,36.31,normal,0,off,0,44.71
XAUUSD,H4,2025-05-15T04:00:00Z,26.642143,0.8750,42.26,normal,0,off,0,45.37
XAUUSD,H4,2025-05-15T08:00:00Z,28.801429,0.9447,54.56,normal,0,off,0,44.44
XAUUSD,H4,2025-05-15T12:00:00Z,28.296429,0.9271,52.18,normal,0,off,0,48.75
XAUUSD,H4,2025-05-15T16:00:00Z,29.675000,0.9694,58.93,normal,0,off,0,50.46
XAUUSD,H4,2025-05-15T20:00:00Z,29.872857,0.9733,59.72,normal,0,off,0,49.83
XAUUSD,H4,2025-05-16T00:00:00Z,29.004286,0.9432,54.96,normal,0,off,0,48.94
XAUUSD,H4,2025-05-16T04:00:00Z,30.815714,0.9988,61.31,normal,0,off,0,46.05
XAUUSD,H4,2025-05-16T08:00:00Z,32.185714,1.0382,66.47,normal,0,off,0,42.09
XAUUSD,H4,2025-05-16T12:00:00Z,34.275714,1.1002,77.98,elevated,0,off,0,41.33
XAUUSD,H4,2025-05-16T16:00:00Z,34.393571,1.0994,77.98,elevated,0,off,0,43.07
XAUUSD,H4,2025-05-16T20:00:00Z,31.840000,1.0148,62.90,normal,0,off,0,49.31
XAUUSD,H4,2025-05-19T00:00:00Z,33.579286,1.0668,74.01,elevated,1,low,0,47.51
XAUUSD,H4,2025-05-19T04:00:00Z,34.828571,1.1025,79.56,elevated,1,low,0,47.21
XAUUSD,H4,2025-05-19T08:00:00Z,36.204286,1.1428,82.34,elevated,1,low,0,48.70
XAUUSD,H4,2025-05-19T12:00:00Z,33.530714,1.0579,72.82,elevated,1,low,0,49.36
XAUUSD,H4,2025-05-19T16:00:00Z,32.161429,1.0152,63.69,normal,1,low,0,51.98
XAUUSD,H4,2025-05-19T20:00:00Z,30.728571,0.9714,57.34,normal,1,low,0,50.85
XAUUSD,H4,2025-05-20T00:00:00Z,29.257857,0.9268,52.58,normal,1,low,0,51.55
XAUUSD,H4,2025-05-20T04:00:00Z,29.535714,0.9371,53.77,normal,1,low,0,52.26
XAUUSD,H4,2025-05-20T08:00:00Z,30.094286,0.9560,55.36,normal,1,low,0,51.80
XAUUSD,H4,2025-05-20T12:00:00Z,28.820000,0.9177,47.82,normal,1,low,0,50.64
XAUUSD,H4,2025-05-20T16:00:00Z,30.041429,0.9603,54.96,normal,1,low,0,57.75
XAUUSD,H4,2025-05-20T20:00:00Z,27.088571,0.8698,36.71,normal,1,low,0,58.96
XAUUSD,H4,2025-05-21T00:00:00Z,26.502857,0.8564,32.34,normal,0,off,1,55.19
XAUUSD,H4,2025-05-21T04:00:00Z,27.195000,0.8840,37.10,normal,0,off,0,49.76
XAUUSD,H4,2025-05-21T08:00:00Z,25.287857,0.8275,29.96,calm,0,off,0,50.07
XAUUSD,H4,2025-05-21T12:00:00Z,24.402143,0.8052,25.99,calm,0,off,0,49.94
XAUUSD,H4,2025-05-21T16:00:00Z,23.691429,0.7867,25.20,calm,0,off,0,47.55
XAUUSD,H4,2025-05-21T20:00:00Z,23.869286,0.7968,25.20,calm,0,off,0,45.94
XAUUSD,H4,2025-05-22T00:00:00Z,22.934286,0.7705,24.01,calm,0,off,0,51.20
XAUUSD,H4,2025-05-22T04:00:00Z,23.975714,0.8098,25.60,calm,0,off,0,49.64
XAUUSD,H4,2025-05-22T08:00:00Z,24.867143,0.8456,28.37,calm,0,off,0,44.47
XAUUSD,H4,2025-05-22T12:00:00Z,25.139286,0.8601,28.77,calm,0,off,0,42.17
XAUUSD,H4,2025-05-22T16:00:00Z,25.754286,0.8880,30.36,normal,0,off,0,43.16
XAUUSD,H4,2025-05-22T20:00:00Z,25.218571,0.8764,28.77,calm,0,off,0,42.76
XAUUSD,H4,2025-05-23T00:00:00Z,23.006429,0.8056,22.02,calm,0,off,0,46.70
XAUUSD,H4,2025-05-23T04:00:00Z,23.567143,0.8307,22.02,calm,0,off,0,47.74
XAUUSD,H4,2025-05-23T08:00:00Z,24.015714,0.8497,24.01,calm,0,off,0,47.05
XAUUSD,H4,2025-05-23T12:00:00Z,24.565714,0.8728,24.80,calm,0,off,0,44.54
XAUUSD,H4,2025-05-23T16:00:00Z,24.996429,0.8916,27.58,calm,1,low,0,49.58
XAUUSD,H4,2025-05-23T20:00:00Z,23.705000,0.8482,21.63,calm,1,low,0,50.94
XAUUSD,H4,2025-05-26T00:00:00Z,24.163571,0.8676,23.21,calm,1,low,0,63.62
XAUUSD,H4,2025-05-26T04:00:00Z,24.102857,0.8684,22.82,calm,1,low,0,64.58
XAUUSD,H4,2025-05-26T08:00:00Z,24.769286,0.8945,26.39,calm,1,low,0,63.70
XAUUSD,H4,2025-05-26T12:00:00Z,23.880714,0.8655,20.83,calm,1,low,0,64.19
XAUUSD,H4,2025-05-26T16:00:00Z,22.652143,0.8230,17.26,calm,1,low,0,67.59
XAUUSD,H4,2025-05-26T20:00:00Z,20.574286,0.7517,12.50,calm,1,low,0,70.14
XAUUSD,H4,2025-05-27T00:00:00Z,18.510000,0.6796,7.34,squeeze,1,low,0,72.18
XAUUSD,H4,2025-05-27T04:00:00Z,18.789286,0.6930,7.74,squeeze,1,low,0,70.31
XAUUSD,H4,2025-05-27T08:00:00Z,20.099286,0.7434,10.91,calm,1,low,0,70.53
XAUUSD,H4,2025-05-27T12:00:00Z,19.862143,0.7383,9.72,squeeze,0,off,1,69.89
XAUUSD,H4,2025-05-27T16:00:00Z,19.695714,0.7371,9.33,squeeze,0,off,0,67.84
XAUUSD,H4,2025-05-27T20:00:00Z,17.877857,0.6743,3.77,squeeze,0,off,0,69.39
XAUUSD,H4,2025-05-28T00:00:00Z,17.198571,0.6549,2.98,squeeze,0,off,0,71.15
XAUUSD,H4,2025-05-28T04:00:00Z,18.065714,0.6941,4.17,squeeze,0,off,0,69.55
XAUUSD,H4,2025-05-28T08:00:00Z,18.170000,0.7040,4.56,squeeze,0,off,0,69.27
XAUUSD,H4,2025-05-28T12:00:00Z,18.089286,0.7079,3.77,squeeze,0,off,0,68.54
XAUUSD,H4,2025-05-28T16:00:00Z,18.592143,0.7354,5.75,squeeze,0,off,0,67.71
XAUUSD,H4,2025-05-28T20:00:00Z,19.561429,0.7828,8.13,squeeze,0,off,0,59.92
XAUUSD,H4,2025-05-29T00:00:00Z,21.892143,0.8849,14.88,calm,0,off,0,45.14
XAUUSD,H4,2025-05-29T04:00:00Z,24.179286,0.9835,22.82,calm,0,off,0,43.02
XAUUSD,H4,2025-05-29T08:00:00Z,25.290000,1.0356,29.56,calm,0,off,0,40.03
XAUUSD,H4,2025-05-29T12:00:00Z,27.056429,1.1151,35.52,normal,0,off,0,41.80
XAUUSD,H4,2025-05-29T16:00:00Z,26.072143,1.0835,30.36,normal,0,off,0,45.19
XAUUSD,H4,2025-05-29T20:00:00Z,25.263571,1.0572,27.98,calm,1,low,0,44.75
XAUUSD,H4,2025-05-30T00:00:00Z,24.676429,1.0391,23.21,calm,1,low,0,46.67
XAUUSD,H4,2025-05-30T04:00:00Z,26.111429,1.1039,31.15,normal,1,low,0,46.34
XAUUSD,H4,2025-05-30T08:00:00Z,26.035714,1.1037,29.56,calm,1,medium,0,47.99
XAUUSD,H4,2025-05-30T12:00:00Z,26.215000,1.1144,31.15,normal,1,medium,0,54.14
XAUUSD,H4,2025-05-30T16:00:00Z,26.852143,1.1446,33.93,normal,1,medium,0,55.01
XAUUSD,H4,2025-05-30T20:00:00Z,25.924286,1.1078,28.37,calm,1,medium,0,55.67
XAUUSD,H4,2025-06-02T00:00:00Z,25.934286,1.1122,28.37,calm,1,medium,0,55.74
XAUUSD,H4,2025-06-02T04:00:00Z,25.256429,1.0848,25.20,calm,1,medium,0,51.85
XAUUSD,H4,2025-06-02T08:00:00Z,25.286429,1.0872,25.60,calm,1,medium,0,50.34
XAUUSD,H4,2025-06-02T12:00:00Z,24.176429,1.0422,17.26,calm,1,low,0,50.07
XAUUSD,H4,2025-06-02T16:00:00Z,24.580714,1.0603,18.85,calm,0,off,1,42.98
XAUUSD,H4,2025-06-02T20:00:00Z,22.483571,0.9714,9.33,squeeze,0,off,0,46.00
XAUUSD,H4,2025-06-03T00:00:00Z,21.907143,0.9480,8.53,squeeze,0,off,0,43.83
XAUUSD,H4,2025-06-03T04:00:00Z,22.501429,0.9749,10.12,calm,0,off,0,41.72
XAUUSD,H4,2025-06-03T08:00:00Z,22.875714,0.9911,12.10,calm,0,off,0,36.47
XAUUSD,H4,2025-06-03T12:00:00Z,21.639286,0.9394,7.74,squeeze,0,off,0,44.18
XAUUSD,H4,2025-06-03T16:00:00Z,22.532857,0.9802,11.31,calm,0,off,0,44.21
XAUUSD,H4,2025-06-03T20:00:00Z,21.390714,0.9336,6.94,squeeze,0,off,0,43.33
XAUUSD,H4,2025-06-04T00:00:00Z,19.608571,0.8604,4.17,squeeze,0,off,0,45.41
XAUUSD,H4,2025-06-04T04:00:00Z,20.969286,0.9236,6.94,squeeze,0,off,0,41.30
XAUUSD,H4,2025-06-04T08:00:00Z,20.203571,0.8921,5.75,squeeze,0,off,0,44.57
XAUUSD,H4,2025-06-04T12:00:00Z,20.520000,0.9085,6.55,squeeze,0,off,0,41.48
XAUUSD,H4,2025-06-04T16:00:00Z,19.706429,0.8758,4.96,squeeze,0,off,0,43.94
XAUUSD,H4,2025-06-04T20:00:00Z,19.152857,0.8553,3.37,squeeze,0,off,0,41.58
XAUUSD,H4,2025-06-05T00:00:00Z,17.752857,0.7979,0.60,squeeze,0,off,0,48.76
XAUUSD,H4,2025-06-05T04:00:00Z,18.342857,0.8285,2.58,squeeze,1,low,0,51.58
XAUUSD,H4,2025-06-05T08:00:00Z,18.157857,0.8246,2.18,squeeze,1,low,0,53.10
XAUUSD,H4,2025-06-05T12:00:00Z,18.916429,0.8631,4.56,squeeze,1,medium,0,54.31
XAUUSD,H4,2025-06-05T16:00:00Z,21.235000,0.9720,10.91,calm,1,medium,0,57.59
XAUUSD,H4,2025-06-05T20:00:00Z,21.119286,0.9692,10.52,calm,1,medium,0,60.52
XAUUSD,H4,2025-06-06T00:00:00Z,19.795000,0.9108,7.34,squeeze,1,medium,0,63.49
XAUUSD,H4,2025-06-06T04:00:00Z,20.529286,0.9446,9.72,squeeze,1,medium,0,65.08
XAUUSD,H4,2025-06-06T08:00:00Z,21.317143,0.9783,12.50,calm,1,medium,0,63.25
XAUUSD,H4,2025-06-06T12:00:00Z,21.015000,0.9625,11.31,calm,1,medium,0,65.50
XAUUSD,H4,2025-06-06T16:00:00Z,22.950000,1.0484,20.44,calm,1,medium,0,56.06
XAUUSD,H4,2025-06-06T20:00:00Z,22.840714,1.0406,19.64,calm,1,low,0,52.00
XAUUSD,H4,2025-06-09T00:00:00Z,22.055714,1.0026,16.07,calm,1,low,0,48.91
XAUUSD,H4,2025-06-09T04:00:00Z,22.660000,1.0257,20.04,calm,0,off,1,46.86
XAUUSD,H4,2025-06-09T08:00:00Z,23.345714,1.0508,22.42,calm,0,off,0,44.99
XAUUSD,H4,2025-06-09T12:00:00Z,22.717143,1.0183,20.44,calm,0,off,0,45.10
XAUUSD,H4,2025-06-09T16:00:00Z,23.535000,1.0499,23.21,calm,0,off,0,44.45
XAUUSD,H4,2025-06-09T20:00:00Z,22.392143,0.9951,17.26,calm,0,off,0,47.16
XAUUSD,H4,2025-06-10T00:00:00Z,19.838571,0.8806,7.74,squeeze,0,off,0,51.43
XAUUSD,H4,2025-06-10T04:00:00Z,20.232143,0.8976,9.33,squeeze,0,off,0,50.28
XAUUSD,H4,2025-06-10T08:00:00Z,21.415000,0.9505,14.48,calm,0,off,0,48.63
XAUUSD,H4,2025-06-10T12:00:00Z,21.201429,0.9435,13.29,calm,0,off,0,48.50
XAUUSD,H4,2025-06-10T16:00:00Z,21.657143,0.9669,16.47,calm,0,off,0,48.81
XAUUSD,H4,2025-06-10T20:00:00Z,21.172857,0.9502,12.90,calm,1,low,0,53.52
XAUUSD,H4,2025-06-11T00:00:00Z,19.414286,0.8766,5.36,squeeze,1,low,0,61.72
XAUUSD,H4,2025-06-11T04:00:00Z,19.142143,0.8691,4.96,squeeze,1,low,0,63.27
XAUUSD,H4,2025-06-11T08:00:00Z,18.660000,0.8518,4.17,squeeze,1,low,0,64.62
XAUUSD,H4,2025-06-11T12:00:00Z,19.708571,0.9050,8.53,squeeze,1,medium,0,62.02
XAUUSD,H4,2025-06-11T16:00:00Z,19.535714,0.9024,6.55,squeeze,1,medium,0,65.50
XAUUSD,H4,2025-06-11T20:00:00Z,21.293571,0.9881,16.47,calm,1,medium,0,60.71
XAUUSD,H4,2025-06-12T00:00:00Z,20.692857,0.9658,13.69,calm,1,medium,0,57.17
XAUUSD,H4,2025-06-12T04:00:00Z,20.822857,0.9765,14.09,calm,1,low,0,54.62
XAUUSD,H4,2025-06-12T08:00:00Z,22.531429,1.0600,24.40,calm,1,low,0,50.63
XAUUSD,H4,2025-06-12T12:00:00Z,23.756429,1.1192,31.15,normal,1,low,0,48.29
XAUUSD,H4,2025-06-12T16:00:00Z,23.256429,1.0978,29.17,calm,1,low,0,43.36
XAUUSD,H4,2025-06-12T20:00:00Z,22.945000,1.0843,28.37,calm,0,off,1,43.06
XAUUSD,H4,2025-06-13T00:00:00Z,23.732143,1.1224,31.94,normal,0,off,0,36.45
XAUUSD,H4,2025-06-13T04:00:00Z,24.840000,1.1722,39.48,normal,0,off,0,23.99
XAUUSD,H4,2025-06-13T08:00:00Z,24.925000,1.1729,39.88,normal,0,off,0,24.37
XAUUSD,H4,2025-06-13T12:00:00Z,25.701429,1.2058,44.64,normal,0,off,0,26.21
XAUUSD,H4,2025-06-13T16:00:00Z,26.517857,1.2399,49.01,normal,0,off,0,26.73
XAUUSD,H4,2025-06-13T20:00:00Z,24.917857,1.1615,38.69,normal,0,off,0,26.44
XAUUSD,H4,2025-06-16T00:00:00Z,25.635000,1.1915,43.45,normal,0,off,0,25.13
XAUUSD,H4,2025-06-16T04:00:00Z,24.452143,1.1333,34.33,normal,0,off,0,24.14
XAUUSD,H4,2025-06-16T08:00:00Z,24.602143,1.1350,35.52,normal,0,off,0,27.74
XAUUSD,H4,2025-06-16T12:00:00Z,24.360714,1.1203,33.13,normal,0,off,0,27.41
XAUUSD,H4,2025-06-16T16:00:00Z,24.222857,1.1099,32.74,normal,0,off,0,29.11
XAUUSD,H4,2025-06-16T20:00:00Z,22.953571,1.0494,25.20,calm,0,off,0,32.60
XAUUSD,H4,2025-06-17T00:00:00Z,22.747143,1.0371,22.82,calm,0,off,0,34.89
XAUUSD,H4,2025-06-17T04:00:00Z,24.005000,1.0896,30.36,normal,0,off,0,38.33
XAUUSD,H4,2025-06-17T08:00:00Z,22.393571,1.0122,19.64,calm,1,low,0,45.19
XAUUSD,H4,2025-06-17T12:00:00Z,21.945000,0.9887,18.85,calm,1,low,0,47.60
XAUUSD,H4,2025-06-17T16:00:00Z,22.687857,1.0180,22.82,calm,1,low,0,51.87
XAUUSD,H4,2025-06-17T20:00:00Z,21.587143,0.9663,17.26,calm,1,low,0,55.09
XAUUSD,H4,2025-06-18T00:00:00Z,20.556429,0.9207,12.10,calm,1,low,0,57.63
XAUUSD,H4,2025-06-18T04:00:00Z,21.787143,0.9753,18.85,calm,1,low,0,55.94
XAUUSD,H4,2025-06-18T08:00:00Z,21.221429,0.9487,15.67,calm,1,low,0,58.08
XAUUSD,H4,2025-06-18T12:00:00Z,20.856429,0.9321,13.69,calm,1,low,0,51.07
XAUUSD,H4,2025-06-18T16:00:00Z,21.030000,0.9401,14.88,calm,1,low,0,51.87
XAUUSD,H4,2025-06-18T20:00:00Z,22.556429,1.0070,24.40,calm,1,low,0,49.74
XAUUSD,H4,2025-06-19T00:00:00Z,21.147143,0.9456,15.67,calm,1,low,0,51.35
XAUUSD,H4,2025-06-19T04:00:00Z,21.215000,0.9500,16.87,calm,1,low,0,50.71
XAUUSD,H4,2025-06-19T08:00:00Z,21.891429,0.9804,21.23,calm,1,medium,0,48.22
XAUUSD,H4,2025-06-19T12:00:00Z,20.940714,0.9393,14.09,calm,1,medium,0,56.91
XAUUSD,H4,2025-06-19T16:00:00Z,20.490714,0.9215,11.31,calm,1,medium,0,60.37
XAUUSD,H4,2025-06-19T20:00:00Z,19.425714,0.8762,6.55,squeeze,1,high,0,64.49
XAUUSD,H4,2025-06-20T00:00:00Z,17.812143,0.8076,0.99,squeeze,1,high,0,68.74
XAUUSD,H4,2025-06-20T04:00:00Z,18.692143,0.8503,4.96,squeeze,1,medium,0,70.03
XAUUSD,H4,2025-06-20T08:00:00Z,18.827857,0.8573,5.75,squeeze,1,medium,0,70.25
XAUUSD,H4,2025-06-20T12:00:00Z,17.960000,0.8195,1.79,squeeze,1,medium,0,71.91
XAUUSD,H4,2025-06-20T16:00:00Z,18.876429,0.8633,6.55,squeeze,1,medium,0,66.15
XAUUSD,H4,2025-06-20T20:00:00Z,18.364286,0.8420,4.17,squeeze,1,medium,0,67.01
XAUUSD,H4,2025-06-23T00:00:00Z,19.445714,0.8934,9.33,squeeze,1,medium,0,65.34
XAUUSD,H4,2025-06-23T04:00:00Z,18.220714,0.8394,3.77,squeeze,1,medium,0,68.07
XAUUSD,H4,2025-06-23T08:00:00Z,18.200714,0.8394,3.77,squeeze,1,medium,0,67.99
XAUUSD,H4,2025-06-23T12:00:00Z,18.758571,0.8655,6.94,squeeze,1,medium,0,66.68
XAUUSD,H4,2025-06-23T16:00:00Z,19.176429,0.8843,9.72,squeeze,1,medium,0,64.96
XAUUSD,H4,2025-06-23T20:00:00Z,19.812143,0.9136,14.09,calm,1,medium,0,63.83
XAUUSD,H4,2025-06-24T00:00:00Z,21.624286,0.9952,25.99,calm,1,high,0,60.95
XAUUSD,H4,2025-06-24T04:00:00Z,22.073571,1.0152,29.56,calm,1,medium,0,60.04
XAUUSD,H4,2025-06-24T08:00:00Z,23.792143,1.0911,40.67,normal,1,medium,0,53.06
XAUUSD,H4,2025-06-24T12:00:00Z,23.856429,1.0910,41.07,normal,1,low,0,48.11
XAUUSD,H4,2025-06-24T16:00:00Z,24.572143,1.1216,47.42,normal,1,low,0,42.33
XAUUSD,H4,2025-06-24T20:00:00Z,24.030000,1.0966,43.85,normal,1,low,0,42.58
XAUUSD,H4,2025-06-25T00:00:00Z,22.445000,1.0250,30.75,normal,1,low,0,48.19
XAUUSD,H4,2025-06-25T04:00:00Z,22.608571,1.0328,33.13,normal,1,low,0,49.15
XAUUSD,H4,2025-06-25T08:00:00Z,20.623571,0.9448,18.45,calm,1,low,0,53.43
XAUUSD,H4,2025-06-25T12:00:00Z,20.284286,0.9332,16.47,calm,0,off,1,51.64
XAUUSD,H4,2025-06-25T16:00:00Z,20.856429,0.9631,20.44,calm,0,off,0,50.31
XAUUSD,H4,2025-06-25T20:00:00Z,19.790714,0.9189,13.69,calm,0,off,0,51.85
XAUUSD,H4,2025-06-26T00:00:00Z,18.023571,0.8435,2.18,squeeze,0,off,0,52.55
XAUUSD,H4,2025-06-26T04:00:00Z,17.287143,0.8149,0.60,squeeze,0,off,0,54.35
XAUUSD,H4,2025-06-26T08:00:00Z,16.037857,0.7629,0.20,squeeze,0,off,0,56.92
XAUUSD,H4,2025-06-26T12:00:00Z,16.845000,0.8071,0.60,squeeze,1,low,0,55.68
XAUUSD,H4,2025-06-26T16:00:00Z,16.177857,0.7815,0.60,squeeze,1,low,0,58.53
XAUUSD,H4,2025-06-26T20:00:00Z,15.057857,0.7340,0.20,squeeze,1,low,0,59.89
XAUUSD,H4,2025-06-27T00:00:00Z,14.334286,0.7055,0.20,squeeze,1,medium,0,60.13
XAUUSD,H4,2025-06-27T04:00:00Z,15.855714,0.7859,0.99,squeeze,1,medium,0,66.24
XAUUSD,H4,2025-06-27T08:00:00Z,16.557143,0.8257,2.18,squeeze,1,low,0,63.44
XAUUSD,H4,2025-06-27T12:00:00Z,17.404286,0.8737,3.77,squeeze,1,low,0,59.51
XAUUSD,H4,2025-06-27T16:00:00Z,18.275000,0.9212,8.53,squeeze,0,off,1,49.52
XAUUSD,H4,2025-06-27T20:00:00Z,18.495714,0.9356,9.72,squeeze,0,off,0,45.79
XAUUSD,H4,2025-06-30T00:00:00Z,19.272857,0.9783,14.88,calm,0,off,0,36.74
XAUUSD,H4,2025-06-30T04:00:00Z,20.393571,1.0364,22.42,calm,0,off,0,33.03
XAUUSD,H4,2025-06-30T08:00:00Z,20.630714,1.0484,25.20,calm,0,off,0,33.99
XAUUSD,H4,2025-06-30T12:00:00Z,20.680714,1.0521,25.60,calm,0,off,0,33.97
XAUUSD,H4,2025-06-30T16:00:00Z,20.696429,1.0535,26.39,calm,0,off,0,34.73
XAUUSD,H4,2025-06-30T20:00:00Z,20.005000,1.0192,20.83,calm,0,off,0,36.86
XAUUSD,H4,2025-07-01T00:00:00Z,19.222857,0.9811,14.88,calm,0,off,0,39.56
XAUUSD,H4,2025-07-01T04:00:00Z,19.245714,0.9856,15.28,calm,0,off,0,40.44
XAUUSD,H4,2025-07-01T08:00:00Z,19.585000,1.0046,18.06,calm,0,off,0,42.02
XAUUSD,H4,2025-07-01T12:00:00Z,18.787857,0.9661,12.10,calm,0,off,0,41.46
XAUUSD,H4,2025-07-01T16:00:00Z,18.754286,0.9675,11.71,calm,0,off,0,42.04
XAUUSD,H4,2025-07-01T20:00:00Z,17.607857,0.9115,4.17,squeeze,0,off,0,42.09
XAUUSD,H4,2025-07-02T00:00:00Z,16.703571,0.8681,2.58,squeeze,0,off,0,42.33
XAUUSD,H4,2025-07-02T04:00:00Z,16.690000,0.8699,2.58,squeeze,0,off,0,43.11
XAUUSD,H4,2025-07-02T08:00:00Z,15.404286,0.8049,0.99,squeeze,0,off,0,46.07
XAUUSD,H4,2025-07-02T12:00:00Z,14.777857,0.7753,0.60,squeeze,0,off,0,44.95
XAUUSD,H4,2025-07-02T16:00:00Z,14.992143,0.7897,0.99,squeeze,0,off,0,42.32
XAUUSD,H4,2025-07-02T20:00:00Z,14.846429,0.7846,0.99,squeeze,0,off,0,38.90
XAUUSD,H4,2025-07-03T00:00:00Z,15.040714,0.7981,1.79,squeeze,0,off,0,36.76
XAUUSD,H4,2025-07-03T04:00:00Z,14.502143,0.7727,0.60,squeeze,0,off,0,37.26
XAUUSD,H4,2025-07-03T08:00:00Z,14.580000,0.7809,0.99,squeeze,0,off,0,35.52
XAUUSD,H4,2025-07-03T12:00:00Z,17.118571,0.9180,6.55,squeeze,0,off,0,38.80
XAUUSD,H4,2025-07-03T16:00:00Z,16.882857,0.9066,6.55,squeeze,0,off,0,40.27
XAUUSD,H4,2025-07-03T20:00:00Z,16.158571,0.8702,4.56,squeeze,0,off,0,45.45
XAUUSD,H4,2025-07-04T00:00:00Z,15.427857,0.8342,3.77,squeeze,1,low,0,54.73
XAUUSD,H4,2025-07-04T04:00:00Z,16.198571,0.8793,5.75,squeeze,1,medium,0,59.36
XAUUSD,H4,2025-07-04T08:00:00Z,16.095714,0.8790,4.96,squeeze,1,medium,0,65.21
XAUUSD,H4,2025-07-04T12:00:00Z,15.907143,0.8746,4.56,squeeze,1,medium,0,66.71
XAUUSD,H4,2025-07-04T16:00:00Z,15.262857,0.8471,3.37,squeeze,1,medium,0,68.54
XAUUSD,H4,2025-07-07T00:00:00Z,15.471429,0.8667,4.56,squeeze,1,medium,0,67.39
XAUUSD,H4,2025-07-07T04:00:00Z,15.987857,0.9044,5.75,squeeze,1,low,0,63.05
XAUUSD,H4,2025-07-07T08:00:00Z,16.128571,0.9206,6.94,squeeze,1,low,0,58.91
XAUUSD,H4,2025-07-07T12:00:00Z,15.702143,0.9032,4.96,squeeze,1,low,0,55.90
XAUUSD,H4,2025-07-07T16:00:00Z,16.560714,0.9592,9.33,squeeze,1,low,0,54.23
XAUUSD,H4,2025-07-07T20:00:00Z,16.517143,0.9613,8.93,squeeze,1,low,0,54.12
XAUUSD,H4,2025-07-08T00:00:00Z,14.380714,0.8427,0.60,squeeze,1,low,0,59.63
XAUUSD,H4,2025-07-08T04:00:00Z,13.976429,0.8257,0.20,squeeze,1,low,0,60.99
XAUUSD,H4,2025-07-08T08:00:00Z,14.447857,0.8590,1.39,squeeze,1,low,0,59.47
XAUUSD,H4,2025-07-08T12:00:00Z,14.547857,0.8685,2.18,squeeze,1,low,0,58.52
XAUUSD,H4,2025-07-08T16:00:00Z,16.401429,0.9802,10.52,calm,1,low,0,51.85
XAUUSD,H4,2025-07-08T20:00:00Z,16.564286,0.9893,12.10,calm,1,medium,0,53.88
XAUUSD,H4,2025-07-09T00:00:00Z,16.505000,0.9862,10.91,calm,1,low,0,57.92
XAUUSD,H4,2025-07-09T04:00:00Z,17.586429,1.0490,16.07,calm,1,low,0,53.80
XAUUSD,H4,2025-07-09T08:00:00Z,17.168571,1.0215,14.88,calm,0,off,1,54.44
XAUUSD,H4,2025-07-09T12:00:00Z,16.598571,0.9850,12.90,calm,0,off,0,56.64
XAUUSD,H4,2025-07-09T16:00:00Z,17.085714,1.0124,14.88,calm,0,off,0,52.81
XAUUSD,H4,2025-07-09T20:00:00Z,16.553571,0.9809,11.71,calm,1,low,0,55.20
XAUUSD,H4,2025-07-10T00:00:00Z,15.590714,0.9258,6.55,squeeze,1,low,0,58.87
XAUUSD,H4,2025-07-10T04:00:00Z,15.487143,0.9227,6.55,squeeze,1,low,0,60.03
XAUUSD,H4,2025-07-10T08:00:00Z,15.160000,0.9068,4.96,squeeze,1,low,0,61.20
XAUUSD,H4,2025-07-10T12:00:00Z,15.283571,0.9186,5.75,squeeze,1,low,0,59.97
XAUUSD,H4,2025-07-10T16:00:00Z,15.504286,0.9374,7.74,squeeze,1,low,0,60.81
XAUUSD,H4,2025-07-10T20:00:00Z,15.611429,0.9496,8.53,squeeze,1,low,0,59.99
XAUUSD,H4,2025-07-11T00:00:00Z,13.625000,0.8360,0.20,squeeze,1,low,0,65.46
XAUUSD,H4,2025-07-11T04:00:00Z,13.606429,0.8421,0.20,squeeze,1,low,0,63.05
XAUUSD,H4,2025-07-11T08:00:00Z,13.750000,0.8577,0.99,squeeze,1,low,0,61.31
XAUUSD,H4,2025-07-11T12:00:00Z,13.900714,0.8729,1.39,squeeze,0,off,1,57.91
XAUUSD,H4,2025-07-11T16:00:00Z,14.147857,0.8941,2.18,squeeze,0,off,0,47.58
XAUUSD,H4,2025-07-11T20:00:00Z,13.880000,0.8835,1.39,squeeze,0,off,0,46.58
XAUUSD,H4,2025-07-14T00:00:00Z,13.677857,0.8764,0.99,squeeze,0,off,0,38.94
XAUUSD,H4,2025-07-14T04:00:00Z,14.222143,0.9166,3.37,squeeze,0,off,0,36.25
XAUUSD,H4,2025-07-14T08:00:00Z,15.123571,0.9778,8.13,squeeze,0,off,0,32.89
XAUUSD,H4,2025-07-14T12:00:00Z,16.100000,1.0417,14.88,calm,0,off,0,28.77
XAUUSD,H4,2025-07-14T16:00:00Z,16.658571,1.0779,20.04,calm,0,off,0,27.76
XAUUSD,H4,2025-07-14T20:00:00Z,16.536429,1.0685,18.06,calm,0,off,0,33.98
XAUUSD,H4,2025-07-15T00:00:00Z,15.729286,1.0151,12.90,calm,0,off,0,44.77
XAUUSD,H4,2025-07-15T04:00:00Z,16.032857,1.0333,14.48,calm,0,off,0,46.25
XAUUSD,H4,2025-07-15T08:00:00Z,15.653571,1.0078,12.50,calm,0,off,0,48.49
XAUUSD,H4,2025-07-15T12:00:00Z,16.314286,1.0486,18.06,calm,1,low,0,47.97
XAUUSD,H4,2025-07-15T16:00:00Z,17.705714,1.1334,27.18,calm,1,low,0,46.02
XAUUSD,H4,2025-07-15T20:00:00Z,16.486429,1.0527,18.85,calm,1,low,0,49.14
XAUUSD,H4,2025-07-16T00:00:00Z,15.787857,1.0098,13.69,calm,1,low,0,54.43
XAUUSD,H4,2025-07-16T04:00:00Z,16.004286,1.0248,15.28,calm,1,low,0,57.62
XAUUSD,H4,2025-07-16T08:00:00Z,15.180714,0.9733,8.93,squeeze,1,low,0,60.55
XAUUSD,H4,2025-07-16T12:00:00Z,14.865714,0.9538,6.94,squeeze,1,low,0,62.95
XAUUSD,H4,2025-07-16T16:00:00Z,17.497857,1.1208,28.37,calm,1,medium,0,56.95
XAUUSD,H4,2025-07-16T20:00:00Z,16.507143,1.0568,21.23,calm,1,medium,0,55.53
XAUUSD,H4,2025-07-17T00:00:00Z,16.113571,1.0313,18.06,calm,1,medium,0,58.69
XAUUSD,H4,2025-07-17T04:00:00Z,15.952857,1.0202,15.67,calm,1,medium,0,58.87
XAUUSD,H4,2025-07-17T08:00:00Z,16.653571,1.0634,25.20,calm,1,medium,0,55.85
XAUUSD,H4,2025-07-17T12:00:00Z,17.160714,1.0941,28.37,calm,1,medium,0,50.91
XAUUSD,H4,2025-07-17T16:00:00Z,18.577857,1.1808,38.29,normal,1,medium,0,51.11
XAUUSD,H4,2025-07-17T20:00:00Z,17.530714,1.1116,30.75,normal,1,medium,0,48.20
XAUUSD,H4,2025-07-18T00:00:00Z,15.649286,0.9935,13.29,calm,1,medium,0,53.99
XAUUSD,H4,2025-07-18T04:00:00Z,15.870714,1.0084,15.67,calm,1,medium,0,52.57
XAUUSD,H4,2025-07-18T08:00:00Z,16.565714,1.0496,25.60,calm,1,medium,0,52.61
XAUUSD,H4,2025-07-18T12:00:00Z,16.575000,1.0467,25.99,calm,1,medium,0,53.63
XAUUSD,H4,2025-07-18T16:00:00Z,16.722857,1.0531,28.37,calm,1,medium,0,53.48
XAUUSD,H4,2025-07-18T20:00:00Z,16.300714,1.0242,21.23,calm,1,medium,0,54.64
XAUUSD,H4,2025-07-21T00:00:00Z,12.850714,0.8111,0.20,squeeze,1,medium,0,63.11
XAUUSD,H4,2025-07-21T04:00:00Z,12.617143,0.8003,0.20,squeeze,1,medium,0,64.45
XAUUSD,H4,2025-07-21T08:00:00Z,12.662857,0.8071,0.60,squeeze,1,low,0,64.26
XAUUSD,H4,2025-07-21T12:00:00Z,13.909286,0.8908,3.77,squeeze,1,low,0,53.92
XAUUSD,H4,2025-07-21T16:00:00Z,13.919286,0.8951,4.17,squeeze,0,off,1,48.35
XAUUSD,H4,2025-07-21T20:00:00Z,12.892857,0.8331,1.39,squeeze,0,off,0,51.90
XAUUSD,H4,2025-07-22T00:00:00Z,11.695714,0.7610,0.20,squeeze,0,off,0,47.25
XAUUSD,H4,2025-07-22T04:00:00Z,12.080000,0.7906,0.60,squeeze,0,off,0,44.40
XAUUSD,H4,2025-07-22T08:00:00Z,12.266429,0.8064,0.99,squeeze,0,off,0,41.99
XAUUSD,H4,2025-07-22T12:00:00Z,13.180714,0.8691,2.98,squeeze,0,off,0,37.70
XAUUSD,H4,2025-07-22T16:00:00Z,13.834286,0.9138,4.96,squeeze,0,off,0,36.65
XAUUSD,H4,2025-07-22T20:00:00Z,13.347857,0.8839,3.37,squeeze,0,off,0,36.20
XAUUSD,H4,2025-07-23T00:00:00Z,13.585714,0.9020,3.77,squeeze,0,off,0,33.80
XAUUSD,H4,2025-07-23T04:00:00Z,13.968571,0.9294,7.74,squeeze,0,off,0,30.79
XAUUSD,H4,2025-07-23T08:00:00Z,14.235714,0.9464,9.33,squeeze,0,off,0,29.02
XAUUSD,H4,2025-07-23T12:00:00Z,14.654286,0.9729,12.10,calm,0,off,0,28.08
XAUUSD,H4,2025-07-23T16:00:00Z,16.498571,1.0913,29.17,calm,0,off,0,22.32
XAUUSD,H4,2025-07-23T20:00:00Z,15.387143,1.0158,16.87,calm,0,off,0,26.62
XAUUSD,H4,2025-07-24T00:00:00Z,14.586429,0.9624,12.10,calm,0,off,0,30.46
XAUUSD,H4,2025-07-24T04:00:00Z,15.330714,1.0096,17.26,calm,0,off,0,29.87
XAUUSD,H4,2025-07-24T08:00:00Z,15.697857,1.0310,21.63,calm,0,off,0,32.83
XAUUSD,H4,2025-07-24T12:00:00Z,16.179286,1.0599,28.77,calm,0,off,0,34.89
XAUUSD,H4,2025-07-24T16:00:00Z,17.425714,1.1381,41.47,normal,0,off,0,33.47
XAUUSD,H4,2025-07-24T20:00:00Z,16.276429,1.0628,29.56,calm,0,off,0,33.09
XAUUSD,H4,2025-07-25T00:00:00Z,14.890714,0.9746,14.09,calm,0,off,0,36.65
XAUUSD,H4,2025-07-25T04:00:00Z,15.454286,1.0129,19.25,calm,0,off,0,35.07
XAUUSD,H4,2025-07-25T08:00:00Z,15.844286,1.0383,24.01,calm,0,off,0,33.10
XAUUSD,H4,2025-07-25T12:00:00Z,15.910714,1.0428,25.60,calm,0,off,0,29.75
XAUUSD,H4,2025-07-25T16:00:00Z,16.572143,1.0849,37.10,normal,0,off,0,25.52
XAUUSD,H4,2025-07-25T20:00:00Z,16.341429,1.0697,32.34,normal,0,off,0,25.27
XAUUSD,H4,2025-07-28T00:00:00Z,14.818571,0.9737,13.29,calm,0,off,0,29.70
XAUUSD,H4,2025-07-28T04:00:00Z,15.092143,0.9935,16.07,calm,0,off,0,27.00
XAUUSD,H4,2025-07-28T08:00:00Z,15.537143,1.0232,21.63,calm,0,off,0,23.45
XAUUSD,H4,2025-07-28T12:00:00Z,15.290000,1.0078,18.45,calm,0,off,0,23.96
XAUUSD,H4,2025-07-28T16:00:00Z,16.129286,1.0618,31.15,normal,0,off,0,25.66
XAUUSD,H4,2025-07-28T20:00:00Z,15.601429,1.0261,22.82,calm,0,off,0,26.45
XAUUSD,H4,2025-07-29T00:00:00Z,14.302857,0.9446,9.72,squeeze,0,off,0,33.93
XAUUSD,H4,2025-07-29T04:00:00Z,14.675714,0.9716,13.29,calm,0,off,0,33.63
XAUUSD,H4,2025-07-29T08:00:00Z,15.414286,1.0215,20.83,calm,0,off,0,33.37
XAUUSD,H4,2025-07-29T12:00:00Z,15.303571,1.0150,19.64,calm,0,off,0,38.26
XAUUSD,H4,2025-07-29T16:00:00Z,15.610714,1.0368,24.80,calm,0,off,0,41.16
XAUUSD,H4,2025-07-29T20:00:00Z,15.317143,1.0198,20.04,calm,0,off,0,40.75
XAUUSD,H4,2025-07-30T00:00:00Z,14.249286,0.9542,9.72,squeeze,0,off,0,45.34
XAUUSD,H4,2025-07-30T04:00:00Z,14.309286,0.9624,10.52,calm,0,off,0,44.60
XAUUSD,H4,2025-07-30T08:00:00Z,13.789286,0.9297,5.75,squeeze,1,low,0,47.23
XAUUSD,H4,2025-07-30T12:00:00Z,14.457857,0.9767,12.50,calm,1,medium,0,51.83
XAUUSD,H4,2025-07-30T16:00:00Z,15.494286,1.0482,25.20,calm,1,medium,0,53.90
XAUUSD,H4,2025-07-30T20:00:00Z,17.042143,1.1522,48.21,normal,1,low,0,44.32
XAUUSD,H4,2025-07-31T00:00:00Z,16.024286,1.0844,33.53,normal,0,off,1,45.69
XAUUSD,H4,2025-07-31T04:00:00Z,16.272857,1.1013,38.29,normal,0,off,0,44.34
XAUUSD,H4,2025-07-31T08:00:00Z,17.150000,1.1539,50.20,normal,1,low,0,41.89
XAUUSD,H4,2025-07-31T12:00:00Z,17.643571,1.1791,54.17,normal,1,low,0,41.56
XAUUSD,H4,2025-07-31T16:00:00Z,17.780714,1.1802,55.36,normal,1,low,0,43.95
XAUUSD,H4,2025-07-31T20:00:00Z,17.452143,1.1530,52.58,normal,1,low,0,48.60
XAUUSD,H4,2025-08-01T00:00:00Z,16.477857,1.0850,40.67,normal,0,off,1,47.43
XAUUSD,H4,2025-08-01T04:00:00Z,17.000000,1.1133,49.40,normal,0,off,0,47.02
XAUUSD,H4,2025-08-01T08:00:00Z,17.544286,1.1402,54.56,normal,0,off,0,47.26
XAUUSD,H4,2025-08-01T12:00:00Z,20.470000,1.3160,73.21,elevated,1,low,0,47.64
XAUUSD,H4,2025-08-01T16:00:00Z,20.892857,1.3285,77.98,elevated,0,off,1,45.47
XAUUSD,H4,2025-08-01T20:00:00Z,20.477857,1.2901,73.21,elevated,0,off,0,39.56
XAUUSD,H4,2025-08-04T00:00:00Z,19.857857,1.2416,70.83,elevated,0,off,0,35.71
XAUUSD,H4,2025-08-04T04:00:00Z,18.444286,1.1459,60.52,normal,0,off,0,35.82
XAUUSD,H4,2025-08-04T08:00:00Z,18.178571,1.1230,58.53,normal,0,off,0,34.00
XAUUSD,H4,2025-08-04T12:00:00Z,18.535000,1.1386,60.91,normal,0,off,0,32.78
XAUUSD,H4,2025-08-04T16:00:00Z,18.412857,1.1253,60.12,normal,0,off,0,26.89
XAUUSD,H4,2025-08-04T20:00:00Z,17.505000,1.0661,54.17,normal,0,off,0,26.04
XAUUSD,H4,2025-08-05T00:00:00Z,16.607857,1.0114,46.63,normal,0,off,0,26.30
XAUUSD,H4,2025-08-05T04:00:00Z,16.807857,1.0218,49.01,normal,0,off,0,22.67
XAUUSD,H4,2025-08-05T08:00:00Z,16.896429,1.0243,50.20,normal,0,off,0,25.21
XAUUSD,H4,2025-08-05T12:00:00Z,17.005000,1.0288,50.99,normal,0,off,0,23.50
XAUUSD,H4,2025-08-05T16:00:00Z,17.675714,1.0668,58.13,normal,0,off,0,19.84
XAUUSD,H4,2025-08-05T20:00:00Z,14.264286,0.8629,10.52,calm,0,off,0,29.36
XAUUSD,H4,2025-08-06T00:00:00Z,13.622857,0.8279,4.56,squeeze,0,off,0,31.82
XAUUSD,H4,2025-08-06T04:00:00Z,13.172143,0.8036,2.98,squeeze,0,off,0,33.33
XAUUSD,H4,2025-08-06T08:00:00Z,12.815714,0.7838,2.18,squeeze,0,off,0,34.18
XAUUSD,H4,2025-08-06T12:00:00Z,12.381429,0.7601,1.39,squeeze,0,off,0,35.07
XAUUSD,H4,2025-08-06T16:00:00Z,12.658571,0.7802,2.18,squeeze,1,medium,0,38.48
XAUUSD,H4,2025-08-06T20:00:00Z,12.087143,0.7485,0.99,squeeze,1,medium,0,61.27
XAUUSD,H4,2025-08-07T00:00:00Z,11.455714,0.7139,0.20,squeeze,1,medium,0,66.29
XAUUSD,H4,2025-08-07T04:00:00Z,11.986429,0.7510,0.99,squeeze,1,medium,0,64.17
XAUUSD,H4,2025-08-07T08:00:00Z,13.262857,0.8326,6.15,squeeze,1,medium,0,61.14
XAUUSD,H4,2025-08-07T12:00:00Z,13.744286,0.8643,8.93,squeeze,1,high,0,69.68
XAUUSD,H4,2025-08-07T16:00:00Z,14.413571,0.9077,16.47,calm,1,high,0,69.52
XAUUSD,H4,2025-08-07T20:00:00Z,14.462143,0.9117,17.66,calm,1,medium,0,62.81
XAUUSD,H4,2025-08-08T00:00:00Z,14.284286,0.9026,14.88,calm,1,medium,0,60.80
XAUUSD,H4,2025-08-08T04:00:00Z,15.251429,0.9641,25.60,calm,1,medium,0,58.87
XAUUSD,H4,2025-08-08T08:00:00Z,15.832857,0.9990,36.31,normal,1,medium,0,57.71
XAUUSD,H4,2025-08-08T12:00:00Z,16.537857,1.0410,49.80,normal,1,medium,0,56.19
XAUUSD,H4,2025-08-08T16:00:00Z,17.012143,1.0687,58.13,normal,1,medium,0,54.30
XAUUSD,H4,2025-08-08T20:00:00Z,18.024286,1.1284,67.66,normal,1,medium,0,53.58
XAUUSD,H4,2025-08-11T00:00:00Z,18.667143,1.1642,72.02,elevated,1,medium,0,54.50
XAUUSD,H4,2025-08-11T04:00:00Z,19.066429,1.1836,74.80,elevated,1,medium,0,54.78
XAUUSD,H4,2025-08-11T08:00:00Z,20.030000,1.2345,79.56,elevated,1,medium,0,54.22
XAUUSD,H4,2025-08-11T12:00:00Z,20.429286,1.2497,80.75,elevated,1,medium,0,51.05
XAUUSD,H4,2025-08-11T16:00:00Z,20.105714,1.2205,79.96,elevated,1,low,0,50.11
XAUUSD,H4,2025-08-11T20:00:00Z,20.065000,1.2098,79.96,elevated,1,low,0,50.12
XAUUSD,H4,2025-08-12T00:00:00Z,19.638571,1.1782,77.98,elevated,1,low,0,49.75
XAUUSD,H4,2025-08-12T04:00:00Z,19.171429,1.1472,75.20,elevated,1,low,0,48.79
XAUUSD,H4,2025-08-12T08:00:00Z,18.726429,1.1170,72.82,elevated,1,low,0,49.24
XAUUSD,H4,2025-08-12T12:00:00Z,18.995000,1.1293,75.20,elevated,0,off,1,47.10
XAUUSD,H4,2025-08-12T16:00:00Z,19.895714,1.1790,80.75,elevated,0,off,0,42.68
XAUUSD,H4,2025-08-12T20:00:00Z,18.757143,1.1101,73.61,elevated,0,off,0,40.52
XAUUSD,H4,2025-08-13T00:00:00Z,18.079286,1.0696,68.06,normal,0,off,0,40.49
XAUUSD,H4,2025-08-13T04:00:00Z,17.109286,1.0126,59.33,normal,0,off,0,43.28
XAUUSD,H4,2025-08-13T08:00:00Z,16.681429,0.9871,54.56,normal,0,off,0,46.30
XAUUSD,H4,2025-08-13T12:00:00Z,16.358571,0.9687,46.63,normal,0,off,0,46.86
XAUUSD,H4,2025-08-13T16:00:00Z,15.897143,0.9432,37.90,normal,1,low,0,47.92
XAUUSD,H4,2025-08-13T20:00:00Z,15.177143,0.9062,25.20,calm,1,low,0,50.00
XAUUSD,H4,2025-08-14T00:00:00Z,14.996429,0.9017,23.21,calm,1,low,0,52.15
XAUUSD,H4,2025-08-14T04:00:00Z,14.833571,0.8980,21.63,calm,1,medium,0,52.76
XAUUSD,H4,2025-08-14T08:00:00Z,15.672143,0.9537,35.91,normal,1,medium,0,59.91
XAUUSD,H4,2025-08-14T12:00:00Z,16.095000,0.9822,43.06,normal,1,high,0,58.41
XAUUSD,H4,2025-08-14T16:00:00Z,16.832143,1.0289,59.33,normal,1,high,0,56.66
XAUUSD,H4,2025-08-14T20:00:00Z,15.916429,0.9760,40.67,normal,1,medium,0,58.40
XAUUSD,H4,2025-08-15T00:00:00Z,14.381429,0.8863,16.87,calm,1,medium,0,66.41
XAUUSD,H4,2025-08-15T04:00:00Z,14.961429,0.9249,23.61,calm,1,medium,0,65.54
XAUUSD,H4,2025-08-15T08:00:00Z,14.923571,0.9245,23.61,calm,1,medium,0,65.52
XAUUSD,H4,2025-08-15T12:00:00Z,14.908571,0.9257,23.61,calm,1,medium,0,65.31
XAUUSD,H4,2025-08-15T16:00:00Z,14.561429,0.9068,19.64,calm,1,medium,0,65.13
XAUUSD,H4,2025-08-15T20:00:00Z,14.100714,0.8813,12.90,calm,1,medium,0,65.66
XAUUSD,H4,2025-08-18T00:00:00Z,14.298571,0.8975,15.67,calm,1,medium,0,62.90
XAUUSD,H4,2025-08-18T04:00:00Z,14.948571,0.9375,25.60,calm,1,medium,0,63.54
XAUUSD,H4,2025-08-18T08:00:00Z,14.582857,0.9134,21.23,calm,1,medium,0,65.31
XAUUSD,H4,2025-08-18T12:00:00Z,14.092857,0.8817,12.90,calm,1,medium,0,67.38
XAUUSD,H4,2025-08-18T16:00:00Z,13.252143,0.8287,6.15,squeeze,1,medium,0,70.13
XAUUSD,H4,2025-08-18T20:00:00Z,12.359286,0.7729,2.58,squeeze,1,medium,0,72.02
XAUUSD,H4,2025-08-19T00:00:00Z,11.425714,0.7156,0.20,squeeze,1,medium,0,73.82
XAUUSD,H4,2025-08-19T04:00:00Z,11.640714,0.7295,0.99,squeeze,1,medium,0,74.02
XAUUSD,H4,2025-08-19T08:00:00Z,11.694286,0.7326,1.39,squeeze,1,medium,0,74.48
XAUUSD,H4,2025-08-19T12:00:00Z,11.522857,0.7223,0.99,squeeze,1,high,0,75.80
XAUUSD,H4,2025-08-19T16:00:00Z,12.372143,0.7764,4.56,squeeze,1,medium,0,77.50
XAUUSD,H4,2025-08-19T20:00:00Z,11.928571,0.7503,2.58,squeeze,1,medium,0,76.66
XAUUSD,H4,2025-08-20T00:00:00Z,11.340000,0.7160,0.20,squeeze,1,low,0,71.74
XAUUSD,H4,2025-08-20T04:00:00Z,11.649286,0.7382,2.18,squeeze,1,low,0,69.15
XAUUSD,H4,2025-08-20T08:00:00Z,10.937143,0.6960,0.20,squeeze,1,low,0,70.32
XAUUSD,H4,2025-08-20T12:00:00Z,11.129286,0.7119,0.60,squeeze,1,low,0,72.74
XAUUSD,H4,2025-08-20T16:00:00Z,10.957857,0.7054,0.60,squeeze,1,low,0,73.38
XAUUSD,H4,2025-08-20T20:00:00Z,10.727857,0.6958,0.20,squeeze,1,low,0,72.66
XAUUSD,H4,2025-08-21T00:00:00Z,10.553571,0.6903,0.20,squeeze,0,off,1,73.57
XAUUSD,H4,2025-08-21T04:00:00Z,10.820000,0.7144,0.99,squeeze,0,off,0,72.92
XAUUSD,H4,2025-08-21T08:00:00Z,10.408571,0.6948,0.20,squeeze,0,off,0,70.68
XAUUSD,H4,2025-08-21T12:00:00Z,10.955714,0.7394,2.18,squeeze,1,low,0,68.50
XAUUSD,H4,2025-08-21T16:00:00Z,11.307857,0.7722,3.37,squeeze,1,low,0,70.85
XAUUSD,H4,2025-08-21T20:00:00Z,10.911429,0.7550,1.79,squeeze,1,low,0,71.31
XAUUSD,H4,2025-08-22T00:00:00Z,9.717143,0.6821,0.20,squeeze,1,low,0,73.02
XAUUSD,H4,2025-08-22T04:00:00Z,10.222143,0.7276,0.60,squeeze,1,low,0,71.87
XAUUSD,H4,2025-08-22T08:00:00Z,10.578571,0.7628,1.79,squeeze,1,low,0,65.89
XAUUSD,H4,2025-08-22T12:00:00Z,10.635000,0.7765,2.18,squeeze,1,low,0,65.56
XAUUSD,H4,2025-08-22T16:00:00Z,13.930000,1.0242,21.63,calm,0,off,1,39.39
XAUUSD,H4,2025-08-22T20:00:00Z,12.885714,0.9560,14.09,calm,0,off,0,41.96
XAUUSD,H4,2025-08-25T00:00:00Z,12.709286,0.9531,13.29,calm,0,off,0,38.89
XAUUSD,H4,2025-08-25T04:00:00Z,12.927857,0.9780,15.28,calm,0,off,0,37.24
XAUUSD,H4,2025-08-25T08:00:00Z,12.648571,0.9648,12.50,calm,0,off,0,37.22
XAUUSD,H4,2025-08-25T12:00:00Z,12.735000,0.9780,14.09,calm,0,off,0,40.16
XAUUSD,H4,2025-08-25T16:00:00Z,13.215714,1.0203,17.26,calm,0,off,0,42.19
XAUUSD,H4,2025-08-25T20:00:00Z,12.562857,0.9756,12.10,calm,0,off,0,42.89
XAUUSD,H4,2025-08-26T00:00:00Z,14.201429,1.1058,26.79,calm,0,off,0,37.25
XAUUSD,H4,2025-08-26T04:00:00Z,14.897857,1.1605,38.29,normal,0,off,0,38.65
XAUUSD,H4,2025-08-26T08:00:00Z,15.399286,1.1988,46.63,normal,0,off,0,37.81
XAUUSD,H4,2025-08-26T12:00:00Z,15.451429,1.2017,48.21,normal,0,off,0,38.58
XAUUSD,H4,2025-08-26T16:00:00Z,16.135000,1.2540,62.50,normal,0,off,0,39.06
XAUUSD,H4,2025-08-26T20:00:00Z,16.348571,1.2701,66.07,normal,0,off,0,36.21
XAUUSD,H4,2025-08-27T00:00:00Z,12.768571,0.9983,14.88,calm,0,off,0,39.67
XAUUSD,H4,2025-08-27T04:00:00Z,13.451429,1.0557,19.64,calm,0,off,0,39.96
XAUUSD,H4,2025-08-27T08:00:00Z,13.622143,1.0704,20.83,calm,0,off,0,39.36
XAUUSD,H4,2025-08-27T12:00:00Z,13.857857,1.0908,24.01,calm,0,off,0,36.52
XAUUSD,H4,2025-08-27T16:00:00Z,15.030000,1.1829,42.66,normal,1,low,0,36.27
XAUUSD,H4,2025-08-27T20:00:00Z,14.744286,1.1607,37.50,normal,1,medium,0,36.49
XAUUSD,H4,2025-08-28T00:00:00Z,14.319286,1.1277,31.94,normal,1,low,0,47.57
XAUUSD,H4,2025-08-28T04:00:00Z,14.148571,1.1141,28.37,calm,1,low,0,48.16
XAUUSD,H4,2025-08-28T08:00:00Z,12.590714,0.9941,12.50,calm,1,low,0,53.58
XAUUSD,H4,2025-08-28T12:00:00Z,12.575000,0.9966,12.50,calm,1,low,0,51.73
XAUUSD,H4,2025-08-28T16:00:00Z,13.354286,1.0605,20.44,calm,1,low,0,45.69
XAUUSD,H4,2025-08-28T20:00:00Z,13.040714,1.0373,18.06,calm,1,low,0,42.32
XAUUSD,H4,2025-08-29T00:00:00Z,12.055714,0.9608,9.72,squeeze,0,off,1,45.20
XAUUSD,H4,2025-08-29T04:00:00Z,11.572143,0.9234,7.34,squeeze,1,low,0,47.90
XAUUSD,H4,2025-08-29T08:00:00Z,11.778571,0.9393,9.33,squeeze,0,off,1,52.08
XAUUSD,H4,2025-08-29T12:00:00Z,11.519286,0.9188,6.94,squeeze,0,off,0,53.79
XAUUSD,H4,2025-08-29T16:00:00Z,13.276429,1.0563,22.02,calm,0,off,0,34.47
XAUUSD,H4,2025-08-29T20:00:00Z,13.365714,1.0603,23.21,calm,0,off,0,32.03
XAUUSD,H4,2025-09-01T00:00:00Z,12.430714,0.9860,13.69,calm,0,off,0,33.13
XAUUSD,H4,2025-09-01T04:00:00Z,15.540714,1.2257,56.55,normal,0,off,0,20.65
XAUUSD,H4,2025-09-01T08:00:00Z,16.535000,1.2935,75.20,elevated,0,off,0,18.01
XAUUSD,H4,2025-09-01T12:00:00Z,16.707857,1.2968,80.36,elevated,0,off,0,18.76
XAUUSD,H4,2025-09-01T16:00:00Z,16.655714,1.2814,79.56,elevated,0,off,0,17.33
XAUUSD,H4,2025-09-01T20:00:00Z,15.796429,1.2066,60.52,normal,0,off,0,16.93
XAUUSD,H4,2025-09-02T00:00:00Z,14.872857,1.1293,43.45,normal,0,off,0,16.51
XAUUSD,H4,2025-09-02T04:00:00Z,16.525000,1.2438,74.80,elevated,0,off,0,17.43
XAUUSD,H4,2025-09-02T08:00:00Z,18.106429,1.3475,91.47,extreme,0,off,0,17.13
XAUUSD,H4,2025-09-02T12:00:00Z,19.056429,1.4010,95.04,extreme,0,off,0,17.65
XAUUSD,H4,2025-09-02T16:00:00Z,22.082857,1.5961,99.80,extreme,0,off,0,18.76
XAUUSD,H4,2025-09-02T20:00:00Z,22.485000,1.5986,99.80,extreme,0,off,0,19.14
XAUUSD,H4,2025-09-03T00:00:00Z,21.380000,1.4985,99.01,extreme,0,off,0,19.82
XAUUSD,H4,2025-09-03T04:00:00Z,21.634286,1.4939,99.01,extreme,0,off,0,19.50
XAUUSD,H4,2025-09-03T08:00:00Z,21.925000,1.4889,99.01,extreme,0,off,0,19.53
XAUUSD,H4,2025-09-03T12:00:00Z,19.790714,1.3267,94.25,extreme,0,off,0,20.30
XAUUSD,H4,2025-09-03T16:00:00Z,19.877143,1.3161,94.64,extreme,0,off,0,21.21
XAUUSD,H4,2025-09-03T20:00:00Z,20.514286,1.3407,97.42,extreme,0,off,0,22.23
XAUUSD,H4,2025-09-04T00:00:00Z,20.476429,1.3269,96.63,extreme,0,off,0,21.30
XAUUSD,H4,2025-09-04T04:00:00Z,23.952857,1.5302,99.80,extreme,0,off,0,25.65
XAUUSD,H4,2025-09-04T08:00:00Z,24.700000,1.5542,99.80,extreme,0,off,0,25.69
XAUUSD,H4,2025-09-04T12:00:00Z,23.686429,1.4705,99.01,extreme,0,off,0,33.96
XAUUSD,H4,2025-09-04T16:00:00Z,23.408571,1.4341,98.61,extreme,0,off,0,35.02
XAUUSD,H4,2025-09-04T20:00:00Z,22.915714,1.3866,98.21,extreme,0,off,0,36.35
XAUUSD,H4,2025-09-05T00:00:00Z,20.467143,1.2276,93.85,extreme,0,off,0,36.92
XAUUSD,H4,2025-09-05T04:00:00Z,20.102857,1.1950,92.66,extreme,0,off,0,33.68
XAUUSD,H4,2025-09-05T08:00:00Z,19.801429,1.1693,90.28,extreme,0,off,0,34.83
XAUUSD,H4,2025-09-05T12:00:00Z,21.542143,1.2622,96.23,extreme,0,off,0,34.33
XAUUSD,H4,2025-09-05T16:00:00Z,22.447143,1.3044,97.42,extreme,1,low,0,34.57
XAUUSD,H4,2025-09-05T20:00:00Z,21.873571,1.2617,96.23,extreme,1,low,0,35.45
XAUUSD,H4,2025-09-08T00:00:00Z,21.545000,1.2350,95.44,extreme,1,low,0,45.83
XAUUSD,H4,2025-09-08T04:00:00Z,21.395714,1.2194,94.64,extreme,1,low,0,45.60
XAUUSD,H4,2025-09-08T08:00:00Z,23.099286,1.3012,98.21,extreme,0,off,1,42.55
XAUUSD,H4,2025-09-08T12:00:00Z,20.654286,1.1541,93.06,extreme,0,off,0,41.54
XAUUSD,H4,2025-09-08T16:00:00Z,21.023571,1.1651,93.45,extreme,0,off,0,31.66
XAUUSD,H4,2025-09-08T20:00:00Z,20.437143,1.1244,90.28,extreme,0,off,0,30.50
XAUUSD,H4,2025-09-09T00:00:00Z,19.653571,1.0758,85.91,elevated,0,off,0,29.77
XAUUSD,H4,2025-09-09T04:00:00Z,20.237143,1.1011,89.48,elevated,0,off,0,23.15
XAUUSD,H4,2025-09-09T08:00:00Z,20.682857,1.1176,92.66,extreme,0,off,0,21.96
XAUUSD,H4,2025-09-09T12:00:00Z,20.667143,1.1090,92.26,extreme,0,off,0,20.71
XAUUSD,H4,2025-09-09T16:00:00Z,22.934286,1.2171,97.82,extreme,0,off,0,20.93
XAUUSD,H4,2025-09-09T20:00:00Z,21.477857,1.1292,93.85,extreme,0,off,0,22.23
XAUUSD,H4,2025-09-10T00:00:00Z,21.134286,1.1021,92.66,extreme,0,off,0,23.18
XAUUSD,H4,2025-09-10T04:00:00Z,21.962857,1.1347,95.83,extreme,0,off,0,23.15
XAUUSD,H4,2025-09-10T08:00:00Z,21.241429,1.0871,92.26,extreme,0,off,0,25.93
XAUUSD,H4,2025-09-10T12:00:00Z,21.217857,1.0753,91.87,extreme,0,off,0,26.55
XAUUSD,H4,2025-09-10T16:00:00Z,19.850000,0.9978,83.13,elevated,0,off,0,32.42
XAUUSD,H4,2025-09-10T20:00:00Z,19.640714,0.9793,81.55,elevated,0,off,0,42.56
XAUUSD,H4,2025-09-11T00:00:00Z,18.420000,0.9138,76.79,elevated,0,off,0,45.89
XAUUSD,H4,2025-09-11T04:00:00Z,19.122143,0.9432,80.36,elevated,1,low,0,46.15
XAUUSD,H4,2025-09-11T08:00:00Z,19.298571,0.9455,80.75,elevated,1,low,0,47.49
XAUUSD,H4,2025-09-11T12:00:00Z,19.995000,0.9754,84.33,elevated,1,medium,0,49.40
XAUUSD,H4,2025-09-11T16:00:00Z,20.067143,0.9755,85.12,elevated,1,high,0,62.03
XAUUSD,H4,2025-09-11T20:00:00Z,19.667143,0.9533,81.15,elevated,1,high,0,62.89
XAUUSD,H4,2025-09-12T00:00:00Z,16.802143,0.8143,64.88,normal,1,high,0,71.98
XAUUSD,H4,2025-09-12T04:00:00Z,16.743571,0.8108,64.48,normal,1,high,0,73.48
XAUUSD,H4,2025-09-12T08:00:00Z,16.380714,0.7920,58.13,normal,1,high,0,75.04
XAUUSD,H4,2025-09-12T12:00:00Z,15.787143,0.7639,49.80,normal,1,high,0,76.10
XAUUSD,H4,2025-09-12T16:00:00Z,16.064286,0.7788,53.77,normal,1,high,0,75.63
XAUUSD,H4,2025-09-12T20:00:00Z,15.515714,0.7548,47.02,normal,1,high,0,76.18
XAUUSD,H4,2025-09-15T00:00:00Z,15.332143,0.7508,44.64,normal,1,medium,0,78.25
XAUUSD,H4,2025-09-15T04:00:00Z,15.762143,0.7770,50.60,normal,1,high,0,76.80
XAUUSD,H4,2025-09-15T08:00:00Z,16.003571,0.7931,54.17,normal,1,high,0,75.47
XAUUSD,H4,2025-09-15T12:00:00Z,15.718571,0.7836,50.60,normal,1,high,0,76.04
XAUUSD,H4,2025-09-15T16:00:00Z,17.397143,0.8712,69.64,normal,1,medium,0,60.68
XAUUSD,H4,2025-09-15T20:00:00Z,15.690000,0.7889,50.20,normal,1,low,0,63.22
XAUUSD,H4,2025-09-16T00:00:00Z,14.775714,0.7468,37.50,normal,0,off,1,63.86
XAUUSD,H4,2025-09-16T04:00:00Z,15.324286,0.7786,44.64,normal,0,off,0,58.98
XAUUSD,H4,2025-09-16T08:00:00Z,15.975000,0.8154,54.96,normal,0,off,0,51.61
XAUUSD,H4,2025-09-16T12:00:00Z,15.496429,0.7978,48.21,normal,0,off,0,48.69
XAUUSD,H4,2025-09-16T16:00:00Z,16.009286,0.8317,56.15,normal,0,off,0,45.82
XAUUSD,H4,2025-09-16T20:00:00Z,15.507143,0.8125,48.61,normal,0,off,0,45.25
XAUUSD,H4,2025-09-17T00:00:00Z,15.055000,0.7958,41.87,normal,0,off,0,48.41
XAUUSD,H4,2025-09-17T04:00:00Z,15.630714,0.8326,50.60,normal,0,off,0,47.59
XAUUSD,H4,2025-09-17T08:00:00Z,16.272143,0.8707,58.93,normal,0,off,0,48.86
XAUUSD,H4,2025-09-17T12:00:00Z,16.185000,0.8697,58.53,normal,0,off,0,49.76
XAUUSD,H4,2025-09-17T16:00:00Z,16.415000,0.8853,61.31,normal,0,off,0,45.66
XAUUSD,H4,2025-09-17T20:00:00Z,19.710714,1.0651,81.15,elevated,0,off,0,41.15
XAUUSD,H4,2025-09-18T00:00:00Z,18.190714,0.9875,74.01,elevated,0,off,0,46.85
XAUUSD,H4,2025-09-18T04:00:00Z,18.906429,1.0297,76.79,elevated,1,low,0,45.50
XAUUSD,H4,2025-09-18T08:00:00Z,20.407143,1.1128,86.31,elevated,1,low,0,43.74
XAUUSD,H4,2025-09-18T12:00:00Z,20.047857,1.0948,83.93,elevated,1,low,0,46.91
XAUUSD,H4,2025-09-18T16:00:00Z,21.426429,1.1722,93.06,extreme,1,medium,0,46.15
XAUUSD,H4,2025-09-18T20:00:00Z,20.976429,1.1472,90.28,extreme,1,low,0,44.96
XAUUSD,H4,2025-09-19T00:00:00Z,19.828571,1.0858,80.36,elevated,1,low,0,43.16
XAUUSD,H4,2025-09-19T04:00:00Z,21.274286,1.1640,91.87,extreme,1,low,0,44.57
XAUUSD,H4,2025-09-19T08:00:00Z,22.112857,1.2066,96.23,extreme,1,low,0,45.76
XAUUSD,H4,2025-09-19T12:00:00Z,21.902143,1.1929,94.64,extreme,1,low,0,46.38
XAUUSD,H4,2025-09-19T16:00:00Z,22.547857,1.2256,97.02,extreme,1,low,0,48.06
XAUUSD,H4,2025-09-19T20:00:00Z,22.419286,1.2163,95.83,extreme,1,low,0,49.43
XAUUSD,H4,2025-09-22T00:00:00Z,21.903571,1.1896,93.85,extreme,1,low,0,47.89
XAUUSD,H4,2025-09-22T04:00:00Z,18.375000,1.0014,69.25,normal,1,low,0,53.23
XAUUSD,H4,2025-09-22T08:00:00Z,19.314286,1.0547,74.80,elevated,1,low,0,50.59
XAUUSD,H4,2025-09-22T12:00:00Z,19.257143,1.0547,74.01,elevated,0,off,1,46.93
XAUUSD,H4,2025-09-22T16:00:00Z,18.827857,1.0339,71.23,elevated,0,off,0,42.04
XAUUSD,H4,2025-09-22T20:00:00Z,18.952857,1.0433,71.63,elevated,0,off,0,36.69
XAUUSD,H4,2025-09-23T00:00:00Z,17.252857,0.9525,62.50,normal,0,off,0,40.03
XAUUSD,H4,2025-09-23T04:00:00Z,18.394286,1.0169,67.66,normal,0,off,0,27.00
XAUUSD,H4,2025-09-23T08:00:00Z,20.100000,1.1091,81.55,elevated,0,off,0,21.05
XAUUSD,H4,2025-09-23T12:00:00Z,19.327857,1.0663,74.40,elevated,0,off,0,21.70
XAUUSD,H4,2025-09-23T16:00:00Z,19.737857,1.0884,76.39,elevated,0,off,0,18.68
XAUUSD,H4,2025-09-23T20:00:00Z,21.095714,1.1618,88.29,elevated,0,off,0,18.45
XAUUSD,H4,2025-09-24T00:00:00Z,19.587857,1.0794,73.61,elevated,0,off,0,17.84
XAUUSD,H4,2025-09-24T04:00:00Z,19.855714,1.0939,77.58,elevated,0,off,0,17.05
XAUUSD,H4,2025-09-24T08:00:00Z,20.115714,1.1042,81.94,elevated,0,off,0,16.06
XAUUSD,H4,2025-09-24T12:00:00Z,20.123571,1.1005,81.94,elevated,0,off,0,14.55
XAUUSD,H4,2025-09-24T16:00:00Z,20.840714,1.1342,86.71,elevated,0,off,0,16.93
XAUUSD,H4,2025-09-24T20:00:00Z,21.209286,1.1475,88.69,elevated,0,off,0,17.62
XAUUSD,H4,2025-09-25T00:00:00Z,20.485000,1.1030,84.33,elevated,0,off,0,23.63
XAUUSD,H4,2025-09-25T04:00:00Z,21.135000,1.1312,88.29,elevated,0,off,0,31.71
XAUUSD,H4,2025-09-25T08:00:00Z,22.212857,1.1802,95.44,extreme,0,off,0,34.69
XAUUSD,H4,2025-09-25T12:00:00Z,22.777143,1.2012,97.02,extreme,1,low,0,40.17
XAUUSD,H4,2025-09-25T16:00:00Z,22.168571,1.1616,94.64,extreme,1,low,0,47.22
XAUUSD,H4,2025-09-25T20:00:00Z,22.814286,1.1866,97.02,extreme,1,medium,0,50.25
XAUUSD,H4,2025-09-26T00:00:00Z,22.093571,1.1435,93.45,extreme,1,medium,0,52.21
XAUUSD,H4,2025-09-26T04:00:00Z,21.022857,1.0821,84.72,elevated,1,medium,0,54.57
XAUUSD,H4,2025-09-26T08:00:00Z,21.364286,1.0923,87.90,elevated,1,medium,0,54.97
XAUUSD,H4,2025-09-26T12:00:00Z,20.877857,1.0614,83.13,elevated,1,medium,0,56.99
XAUUSD,H4,2025-09-26T16:00:00Z,22.331429,1.1280,94.64,extreme,1,medium,0,51.16
XAUUSD,H4,2025-09-26T20:00:00Z,23.116429,1.1587,98.21,extreme,1,medium,0,51.38
XAUUSD,H4,2025-09-29T00:00:00Z,22.444286,1.1178,94.64,extreme,1,medium,0,50.99
XAUUSD,H4,2025-09-29T04:00:00Z,23.855714,1.1783,99.01,extreme,1,low,0,45.94
XAUUSD,H4,2025-09-29T08:00:00Z,24.062857,1.1781,99.40,extreme,1,low,0,43.69
XAUUSD,H4,2025-09-29T12:00:00Z,24.358571,1.1824,99.40,extreme,0,off,1,37.62
XAUUSD,H4,2025-09-29T16:00:00Z,24.127143,1.1623,99.01,extreme,0,off,0,37.98
XAUUSD,H4,2025-09-29T20:00:00Z,22.767857,1.0899,94.25,extreme,0,off,0,38.37
XAUUSD,H4,2025-09-30T00:00:00Z,22.166429,1.0553,90.67,extreme,0,off,0,35.23
XAUUSD,H4,2025-09-30T04:00:00Z,22.395000,1.0635,91.87,extreme,0,off,0,25.65
XAUUSD,H4,2025-09-30T08:00:00Z,26.005714,1.2259,99.80,extreme,0,off,0,28.24
XAUUSD,H4,2025-09-30T12:00:00Z,26.705714,1.2497,99.80,extreme,0,off,0,28.34
XAUUSD,H4,2025-09-30T16:00:00Z,28.628571,1.3294,99.80,extreme,0,off,0,29.33
XAUUSD,H4,2025-09-30T20:00:00Z,29.101429,1.3401,99.80,extreme,0,off,0,28.62
XAUUSD,H4,2025-10-01T00:00:00Z,27.535000,1.2609,99.01,extreme,0,off,0,30.68
XAUUSD,H4,2025-10-01T04:00:00Z,27.297857,1.2428,98.61,extreme,0,off,0,30.22
XAUUSD,H4,2025-10-01T08:00:00Z,28.075000,1.2687,99.01,extreme,0,off,0,27.02
XAUUSD,H4,2025-10-01T12:00:00Z,27.323571,1.2280,98.21,extreme,0,off,0,29.77
XAUUSD,H4,2025-10-01T16:00:00Z,27.565714,1.2329,98.61,extreme,0,off,0,30.43
XAUUSD,H4,2025-10-01T20:00:00Z,26.987857,1.2016,97.02,extreme,0,off,0,31.57
XAUUSD,H4,2025-10-02T00:00:00Z,26.282857,1.1663,96.23,extreme,0,off,0,32.17
XAUUSD,H4,2025-10-02T04:00:00Z,26.683571,1.1796,96.23,extreme,0,off,0,32.41
XAUUSD,H4,2025-10-02T08:00:00Z,26.805714,1.1799,96.63,extreme,1,low,0,35.09
XAUUSD,H4,2025-10-02T12:00:00Z,26.067857,1.1397,95.04,extreme,1,low,0,42.11
XAUUSD,H4,2025-10-02T16:00:00Z,27.025000,1.1736,97.02,extreme,1,low,0,47.17
XAUUSD,H4,2025-10-02T20:00:00Z,26.325714,1.1363,95.04,extreme,1,medium,0,47.54
XAUUSD,H4,2025-10-03T00:00:00Z,24.093571,1.0352,92.26,extreme,1,medium,0,52.12
XAUUSD,H4,2025-10-03T04:00:00Z,24.347857,1.0413,92.66,extreme,1,medium,0,53.96
XAUUSD,H4,2025-10-03T08:00:00Z,25.153571,1.0686,93.45,extreme,1,medium,0,54.88
XAUUSD,H4,2025-10-03T12:00:00Z,25.182143,1.0636,93.45,extreme,1,medium,0,54.80
XAUUSD,H4,2025-10-03T16:00:00Z,23.982857,1.0097,90.28,extreme,1,medium,0,54.72
XAUUSD,H4,2025-10-03T20:00:00Z,22.682857,0.9523,85.52,elevated,1,medium,0,62.49
XAUUSD,H4,2025-10-06T00:00:00Z,23.712857,0.9922,89.09,elevated,1,medium,0,55.77
XAUUSD,H4,2025-10-06T04:00:00Z,25.398571,1.0589,93.45,extreme,1,low,0,48.34
XAUUSD,H4,2025-10-06T08:00:00Z,26.335000,1.0918,95.04,extreme,1,low,0,44.59
XAUUSD,H4,2025-10-06T12:00:00Z,26.541429,1.0943,95.04,extreme,0,off,1,41.11
XAUUSD,H4,2025-10-06T16:00:00Z,28.397143,1.1629,99.01,extreme,0,off,0,31.84
XAUUSD,H4,2025-10-06T20:00:00Z,28.050714,1.1413,98.21,extreme,0,off,0,29.82
XAUUSD,H4,2025-10-07T00:00:00Z,23.863571,0.9685,87.50,elevated,0,off,0,33.61
XAUUSD,H4,2025-10-07T04:00:00Z,24.040714,0.9735,88.29,elevated,0,off,0,33.22
XAUUSD,H4,2025-10-07T08:00:00Z,25.783571,1.0396,91.87,extreme,0,off,0,30.54
XAUUSD,H4,2025-10-07T12:00:00Z,26.090714,1.0478,92.66,extreme,0,off,0,30.82
XAUUSD,H4,2025-10-07T16:00:00Z,26.619286,1.0653,94.25,extreme,0,off,0,26.50
XAUUSD,H4,2025-10-07T20:00:00Z,26.157143,1.0439,92.26,extreme,0,off,0,25.25
XAUUSD,H4,2025-10-08T00:00:00Z,25.491429,1.0147,90.28,extreme,0,off,0,25.63
XAUUSD,H4,2025-10-08T04:00:00Z,27.659286,1.0967,97.82,extreme,0,off,0,22.09
XAUUSD,H4,2025-10-08T08:00:00Z,26.433571,1.0445,93.06,extreme,0,off,0,26.95
XAUUSD,H4,2025-10-08T12:00:00Z,24.890000,0.9805,87.90,elevated,0,off,0,29.55
XAUUSD,H4,2025-10-08T16:00:00Z,25.272143,0.9925,88.69,elevated,0,off,0,28.52
XAUUSD,H4,2025-10-08T20:00:00Z,25.703571,1.0057,89.48,elevated,0,off,0,27.67
XAUUSD,H4,2025-10-09T00:00:00Z,25.771429,1.0056,89.48,elevated,0,off,0,28.35
XAUUSD,H4,2025-10-09T04:00:00Z,27.522143,1.0703,96.63,extreme,0,off,0,28.77
XAUUSD,H4,2025-10-09T08:00:00Z,27.685714,1.0722,97.82,extreme,0,off,0,31.17
XAUUSD,H4,2025-10-09T12:00:00Z,27.605714,1.0661,97.02,extreme,0,off,0,36.75
XAUUSD,H4,2025-10-09T16:00:00Z,31.732143,1.2182,99.80,extreme,0,off,0,41.82
XAUUSD,H4,2025-10-09T20:00:00Z,32.307143,1.2327,99.80,extreme,0,off,0,42.47
XAUUSD,H4,2025-10-10T00:00:00Z,32.787143,1.2428,99.80,extreme,0,off,0,45.02
XAUUSD,H4,2025-10-10T04:00:00Z,35.043571,1.3161,99.80,extreme,0,off,0,45.77
XAUUSD,H4,2025-10-10T08:00:00Z,36.902143,1.3708,99.80,extreme,1,low,0,47.89
XAUUSD,H4,2025-10-10T12:00:00Z,35.754286,1.3151,99.40,extreme,1,low,0,47.89
XAUUSD,H4,2025-10-10T16:00:00Z,38.107143,1.3892,99.80,extreme,1,low,0,47.61
XAUUSD,H4,2025-10-10T20:00:00Z,40.061429,1.4464,99.80,extreme,1,low,0,48.73
XAUUSD,H4,2025-10-13T00:00:00Z,42.286429,1.5118,99.80,extreme,1,low,0,50.22
XAUUSD,H4,2025-10-13T04:00:00Z,42.107857,1.4916,99.40,extreme,1,low,0,49.67
XAUUSD,H4,2025-10-13T08:00:00Z,40.695000,1.4282,99.01,extreme,1,low,0,52.19
XAUUSD,H4,2025-10-13T12:00:00Z,39.068571,1.3599,98.21,extreme,1,low,0,48.43
XAUUSD,H4,2025-10-13T16:00:00Z,40.340714,1.3923,98.61,extreme,0,off,1,42.94
XAUUSD,H4,2025-10-13T20:00:00Z,40.655000,1.3903,98.61,extreme,0,off,0,43.35
XAUUSD,H4,2025-10-14T00:00:00Z,35.764286,1.2163,96.23,extreme,0,off,0,39.94
XAUUSD,H4,2025-10-14T04:00:00Z,36.440714,1.2313,96.23,extreme,0,off,0,33.33
XAUUSD,H4,2025-10-14T08:00:00Z,40.249286,1.3473,97.82,extreme,0,off,0,33.61
XAUUSD,H4,2025-10-14T12:00:00Z,39.923571,1.3247,97.02,extreme,0,off,0,34.17
XAUUSD,H4,2025-10-14T16:00:00Z,41.018571,1.3483,99.01,extreme,0,off,0,34.79
XAUUSD,H4,2025-10-14T20:00:00Z,40.422143,1.3163,97.82,extreme,0,off,0,33.27
XAUUSD,H4,2025-10-15T00:00:00Z,38.762143,1.2526,95.44,extreme,0,off,0,28.07
XAUUSD,H4,2025-10-15T04:00:00Z,37.534286,1.2042,94.64,extreme,0,off,0,26.10
XAUUSD,H4,2025-10-15T08:00:00Z,35.939286,1.1444,93.45,extreme,0,off,0,22.57
XAUUSD,H4,2025-10-15T12:00:00Z,37.666429,1.1893,94.64,extreme,0,off,0,21.37
XAUUSD,H4,2025-10-15T16:00:00Z,38.283571,1.1988,95.04,extreme,0,off,0,23.77
XAUUSD,H4,2025-10-15T20:00:00Z,39.352857,1.2215,95.83,extreme,0,off,0,23.78
XAUUSD,H4,2025-10-16T00:00:00Z,38.537857,1.1855,94.64,extreme,0,off,0,20.61
XAUUSD,H4,2025-10-16T04:00:00Z,39.050714,1.1893,95.04,extreme,0,off,0,22.83
XAUUSD,H4,2025-10-16T08:00:00Z,39.560714,1.1933,95.83,extreme,0,off,0,28.83
XAUUSD,H4,2025-10-16T12:00:00Z,38.323571,1.1470,93.45,extreme,0,off,0,32.05
XAUUSD,H4,2025-10-16T16:00:00Z,36.005000,1.0714,90.67,extreme,0,off,0,33.33
XAUUSD,H4,2025-10-16T20:00:00Z,37.192143,1.0998,91.47,extreme,0,off,0,28.54
XAUUSD,H4,2025-10-17T00:00:00Z,36.918571,1.0862,91.07,extreme,0,off,0,23.86
XAUUSD,H4,2025-10-17T04:00:00Z,42.595000,1.2426,99.80,extreme,0,off,0,24.18
XAUUSD,H4,2025-10-17T08:00:00Z,45.200714,1.3024,99.80,extreme,0,off,0,23.90
XAUUSD,H4,2025-10-17T12:00:00Z,47.760714,1.3576,99.80,extreme,0,off,0,25.29
XAUUSD,H4,2025-10-17T16:00:00Z,53.146429,1.4875,99.80,extreme,0,off,0,29.40
XAUUSD,H4,2025-10-17T20:00:00Z,54.487143,1.5012,99.80,extreme,0,off,0,31.57
XAUUSD,H4,2025-10-20T00:00:00Z,56.099286,1.5209,99.80,extreme,0,off,0,38.96
XAUUSD,H4,2025-10-20T04:00:00Z,56.883571,1.5169,99.80,extreme,0,off,0,40.84
XAUUSD,H4,2025-10-20T08:00:00Z,58.153571,1.5242,99.80,extreme,0,off,0,44.48
XAUUSD,H4,2025-10-20T12:00:00Z,61.715000,1.5892,99.80,extreme,0,off,0,46.17
XAUUSD,H4,2025-10-20T16:00:00Z,63.897143,1.6142,99.80,extreme,0,off,0,45.90
XAUUSD,H4,2025-10-20T20:00:00Z,64.957143,1.6084,99.80,extreme,0,off,0,47.72
XAUUSD,H4,2025-10-21T00:00:00Z,62.512857,1.5199,99.01,extreme,0,off,0,46.47
XAUUSD,H4,2025-10-21T04:00:00Z,61.232857,1.4635,98.21,extreme,0,off,0,46.94
XAUUSD,H4,2025-10-21T08:00:00Z,64.525714,1.5141,99.40,extreme,1,low,0,49.53
XAUUSD,H4,2025-10-21T12:00:00Z,62.677857,1.4469,98.61,extreme,1,low,0,50.35
XAUUSD,H4,2025-10-21T16:00:00Z,68.245714,1.5465,99.80,extreme,0,off,1,42.53
XAUUSD,H4,2025-10-21T20:00:00Z,66.236429,1.4751,99.40,extreme,0,off,0,41.80
XAUUSD,H4,2025-10-22T00:00:00Z,66.992143,1.4689,99.40,extreme,0,off,0,35.17
XAUUSD,H4,2025-10-22T04:00:00Z,67.879286,1.4655,99.40,extreme,0,off,0,35.13
XAUUSD,H4,2025-10-22T08:00:00Z,71.001429,1.5080,99.80,extreme,0,off,0,35.44
XAUUSD,H4,2025-10-22T12:00:00Z,74.188571,1.5499,99.80,extreme,0,off,0,34.57
XAUUSD,H4,2025-10-22T16:00:00Z,76.217143,1.5666,99.80,extreme,0,off,0,33.63
XAUUSD,H4,2025-10-22T20:00:00Z,75.337857,1.5237,99.40,extreme,0,off,0,33.61
XAUUSD,H4,2025-10-23T00:00:00Z,74.432857,1.4836,99.01,extreme,0,off,0,30.26
XAUUSD,H4,2025-10-23T04:00:00Z,73.354286,1.4429,98.21,extreme,0,off,0,27.48
XAUUSD,H4,2025-10-23T08:00:00Z,75.598571,1.4679,99.40,extreme,0,off,0,28.61
XAUUSD,H4,2025-10-23T12:00:00Z,74.872143,1.4355,98.61,extreme,0,off,0,29.69
XAUUSD,H4,2025-10-23T16:00:00Z,69.835714,1.3241,96.63,extreme,0,off,0,29.41
XAUUSD,H4,2025-10-23T20:00:00Z,67.290714,1.2624,95.44,extreme,0,off,0,26.95
XAUUSD,H4,2025-10-24T00:00:00Z,59.052143,1.1001,91.47,extreme,0,off,0,24.35
XAUUSD,H4,2025-10-24T04:00:00Z,59.397857,1.0989,91.47,extreme,0,off,0,25.27
XAUUSD,H4,2025-10-24T08:00:00Z,55.317143,1.0160,89.48,elevated,0,off,0,32.24
XAUUSD,H4,2025-10-24T12:00:00Z,53.179286,0.9708,88.69,elevated,1,low,0,38.82
XAUUSD,H4,2025-10-24T16:00:00Z,50.377857,0.9162,87.90,elevated,1,medium,0,52.05
XAUUSD,H4,2025-10-24T20:00:00Z,46.919286,0.8512,87.10,elevated,1,high,0,63.76
XAUUSD,H4,2025-10-27T00:00:00Z,45.508571,0.8242,86.71,elevated,1,high,0,66.74
XAUUSD,H4,2025-10-27T04:00:00Z,43.691429,0.7904,85.91,elevated,1,high,0,68.65
XAUUSD,H4,2025-10-27T08:00:00Z,44.469286,0.8028,85.91,elevated,1,medium,0,71.31
XAUUSD,H4,2025-10-27T12:00:00Z,44.900000,0.8084,85.91,elevated,1,medium,0,73.32
XAUUSD,H4,2025-10-27T16:00:00Z,46.662857,0.8369,86.71,elevated,1,medium,0,66.18
XAUUSD,H4,2025-10-27T20:00:00Z,46.807857,0.8368,86.71,elevated,1,low,0,64.47
XAUUSD,H4,2025-10-28T00:00:00Z,47.301429,0.8429,87.10,elevated,1,low,0,61.95
XAUUSD,H4,2025-10-28T04:00:00Z,48.688571,0.8647,87.50,elevated,0,off,1,57.56
XAUUSD,H4,2025-10-28T08:00:00Z,52.661429,0.9306,87.90,elevated,0,off,0,43.89
XAUUSD,H4,2025-10-28T12:00:00Z,52.860000,0.9296,87.90,elevated,0,off,0,40.49
XAUUSD,H4,2025-10-28T16:00:00Z,51.912143,0.9090,87.10,elevated,0,off,0,42.69
XAUUSD,H4,2025-10-28T20:00:00Z,50.215000,0.8756,86.31,elevated,0,off,0,43.79
XAUUSD,H4,2025-10-29T00:00:00Z,50.817143,0.8816,86.71,elevated,0,off,0,47.12
XAUUSD,H4,2025-10-29T04:00:00Z,50.638571,0.8744,86.31,elevated,0,off,0,48.33
XAUUSD,H4,2025-10-29T08:00:00Z,51.592857,0.8864,86.71,elevated,0,off,0,50.10
XAUUSD,H4,2025-10-29T12:00:00Z,49.658571,0.8511,84.72,elevated,0,off,0,53.50
XAUUSD,H4,2025-10-29T16:00:00Z,47.877857,0.8198,83.93,elevated,0,off,0,54.95
XAUUSD,H4,2025-10-29T20:00:00Z,51.072857,0.8735,86.31,elevated,0,off,0,53.37
XAUUSD,H4,2025-10-30T00:00:00Z,48.886429,0.8374,83.93,elevated,0,off,0,55.05
XAUUSD,H4,2025-10-30T04:00:00Z,51.450714,0.8822,86.31,elevated,1,low,0,59.61
XAUUSD,H4,2025-10-30T08:00:00Z,51.114286,0.8779,85.91,elevated,1,low,0,60.69
XAUUSD,H4,2025-10-30T12:00:00Z,50.766429,0.8738,84.72,elevated,1,low,0,64.38
XAUUSD,H4,2025-10-30T16:00:00Z,48.692143,0.8408,82.34,elevated,1,medium,0,72.39
XAUUSD,H4,2025-10-30T20:00:00Z,47.838571,0.8301,81.15,elevated,1,medium,0,73.69
XAUUSD,H4,2025-10-31T00:00:00Z,46.348571,0.8091,78.77,elevated,1,medium,0,73.61
XAUUSD,H4,2025-10-31T04:00:00Z,48.126429,0.8451,81.55,elevated,1,medium,0,71.24
XAUUSD,H4,2025-10-31T08:00:00Z,45.590000,0.8054,77.98,elevated,1,medium,0,69.47
XAUUSD,H4,2025-10-31T12:00:00Z,45.746429,0.8126,77.98,elevated,1,low,0,69.02
XAUUSD,H4,2025-10-31T16:00:00Z,45.458571,0.8130,76.79,elevated,1,medium,0,67.80
XAUUSD,H4,2025-10-31T20:00:00Z,46.372857,0.8342,78.37,elevated,1,medium,0,66.63
XAUUSD,H4,2025-11-03T00:00:00Z,46.609286,0.8450,78.37,elevated,1,medium,0,67.10
XAUUSD,H4,2025-11-03T04:00:00Z,42.932857,0.7850,74.01,elevated,1,medium,0,70.35
XAUUSD,H4,2025-11-03T08:00:00Z,41.975000,0.7746,72.42,elevated,1,medium,0,70.72
XAUUSD,H4,2025-11-03T12:00:00Z,39.040714,0.7282,67.26,normal,1,medium,0,72.75
XAUUSD,H4,2025-11-03T16:00:00Z,39.319286,0.7422,68.06,normal,1,medium,0,72.30
XAUUSD,H4,2025-11-03T20:00:00Z,37.087857,0.7100,63.29,normal,1,medium,0,74.64
XAUUSD,H4,2025-11-04T00:00:00Z,35.137143,0.6834,60.12,normal,1,medium,0,76.80
XAUUSD,H4,2025-11-04T04:00:00Z,34.725000,0.6862,59.33,normal,1,medium,0,77.49
XAUUSD,H4,2025-11-04T08:00:00Z,34.554286,0.6938,58.93,normal,1,high,0,77.16
XAUUSD,H4,2025-11-04T12:00:00Z,32.996429,0.6734,58.53,normal,1,high,0,79.48
XAUUSD,H4,2025-11-04T16:00:00Z,34.168571,0.7093,58.53,normal,1,medium,0,78.06
XAUUSD,H4,2025-11-04T20:00:00Z,33.364286,0.7048,58.13,normal,1,medium,0,79.27
XAUUSD,H4,2025-11-05T00:00:00Z,30.287143,0.6506,56.15,normal,1,low,0,80.72
XAUUSD,H4,2025-11-05T04:00:00Z,31.257143,0.6820,56.15,normal,1,low,0,80.82
XAUUSD,H4,2025-11-05T08:00:00Z,30.235000,0.6681,55.36,normal,1,medium,0,81.80
XAUUSD,H4,2025-11-05T12:00:00Z,29.897143,0.6694,54.96,normal,1,low,0,81.62
XAUUSD,H4,2025-11-05T16:00:00Z,29.307143,0.6639,54.56,normal,1,medium,0,81.50
XAUUSD,H4,2025-11-05T20:00:00Z,28.337143,0.6493,52.98,normal,1,medium,0,82.38
XAUUSD,H4,2025-11-06T00:00:00Z,27.267857,0.6314,48.61,normal,1,low,0,82.03
XAUUSD,H4,2025-11-06T04:00:00Z,27.042143,0.6320,48.21,normal,1,low,0,80.01
XAUUSD,H4,2025-11-06T08:00:00Z,27.559286,0.6496,50.20,normal,1,low,0,79.02
XAUUSD,H4,2025-11-06T12:00:00Z,26.837857,0.6376,46.63,normal,1,low,0,78.51
XAUUSD,H4,2025-11-06T16:00:00Z,27.849286,0.6669,51.79,normal,1,low,0,77.50
XAUUSD,H4,2025-11-06T20:00:00Z,27.169286,0.6562,47.42,normal,1,low,0,77.51
XAUUSD,H4,2025-11-07T00:00:00Z,25.698571,0.6271,39.09,normal,1,low,0,82.11
XAUUSD,H4,2025-11-07T04:00:00Z,25.087143,0.6187,36.71,normal,1,medium,0,83.13
XAUUSD,H4,2025-11-07T08:00:00Z,25.210000,0.6286,37.50,normal,1,low,0,82.12
XAUUSD,H4,2025-11-07T12:00:00Z,23.597143,0.5958,31.55,normal,1,low,0,84.16
XAUUSD,H4,2025-11-07T16:00:00Z,24.899286,0.6376,35.91,normal,1,low,0,79.74
XAUUSD,H4,2025-11-07T20:00:00Z,24.275714,0.6309,34.33,normal,1,low,0,78.22
XAUUSD,H4,2025-11-10T00:00:00Z,26.353571,0.6941,43.06,normal,1,low,0,67.71
XAUUSD,H4,2025-11-10T04:00:00Z,27.749286,0.7396,51.39,normal,0,off,1,60.76
XAUUSD,H4,2025-11-10T08:00:00Z,27.700000,0.7475,50.99,normal,0,off,0,55.84
XAUUSD,H4,2025-11-10T12:00:00Z,28.684286,0.7834,53.77,normal,0,off,0,51.71
XAUUSD,H4,2025-11-10T16:00:00Z,28.239286,0.7812,52.18,normal,0,off,0,52.02
XAUUSD,H4,2025-11-10T20:00:00Z,28.117143,0.7872,51.79,normal,0,off,0,51.33
XAUUSD,H4,2025-11-11T00:00:00Z,26.543571,0.7521,41.87,normal,0,off,0,42.78
XAUUSD,H4,2025-11-11T04:00:00Z,26.935000,0.7738,43.85,normal,0,off,0,37.80
XAUUSD,H4,2025-11-11T08:00:00Z,26.400714,0.7684,40.28,normal,0,off,0,38.60
XAUUSD,H4,2025-11-11T12:00:00Z,26.102857,0.7711,37.90,normal,0,off,0,37.83
XAUUSD,H4,2025-11-11T16:00:00Z,27.828571,0.8335,50.20,normal,0,off,0,33.40
XAUUSD,H4,2025-11-11T20:00:00Z,28.164286,0.8552,51.79,normal,0,off,0,32.03
XAUUSD,H4,2025-11-12T00:00:00Z,26.422857,0.8133,39.48,normal,0,off,0,33.20
XAUUSD,H4,2025-11-12T04:00:00Z,27.994286,0.8723,50.20,normal,0,off,0,31.35
XAUUSD,H4,2025-11-12T08:00:00Z,26.204286,0.8269,36.71,normal,0,off,0,37.18
XAUUSD,H4,2025-11-12T12:00:00Z,25.450000,0.8148,32.34,normal,0,off,0,36.35
XAUUSD,H4,2025-11-12T16:00:00Z,29.883571,0.9664,54.56,normal,0,off,0,30.64
XAUUSD,H4,2025-11-12T20:00:00Z,29.241429,0.9559,53.77,normal,0,off,0,31.25
XAUUSD,H4,2025-11-13T00:00:00Z,29.297857,0.9679,53.77,normal,0,off,0,30.02
XAUUSD,H4,2025-11-13T04:00:00Z,30.807143,1.0284,55.75,normal,0,off,0,27.09
XAUUSD,H4,2025-11-13T08:00:00Z,31.522143,1.0630,56.15,normal,0,off,0,24.74
XAUUSD,H4,2025-11-13T12:00:00Z,31.622143,1.0745,56.15,normal,0,off,0,29.18
XAUUSD,H4,2025-11-13T16:00:00Z,33.558571,1.1469,58.13,normal,0,off,0,33.46
XAUUSD,H4,2025-11-13T20:00:00Z,36.721429,1.2570,62.10,normal,0,off,0,36.72
XAUUSD,H4,2025-11-14T00:00:00Z,35.140714,1.2063,59.72,normal,0,off,0,42.21
XAUUSD,H4,2025-11-14T04:00:00Z,35.286429,1.2128,59.72,normal,0,off,0,42.24
XAUUSD,H4,2025-11-14T08:00:00Z,36.378571,1.2493,61.31,normal,0,off,0,42.94
XAUUSD,H4,2025-11-14T12:00:00Z,43.009286,1.4686,74.01,elevated,0,off,0,37.31
XAUUSD,H4,2025-11-14T16:00:00Z,46.475000,1.5742,77.98,elevated,0,off,0,38.41
XAUUSD,H4,2025-11-14T20:00:00Z,46.956429,1.5756,79.56,elevated,0,off,0,37.75
XAUUSD,H4,2025-11-17T00:00:00Z,43.600000,1.4538,73.21,elevated,0,off,0,36.55
XAUUSD,H4,2025-11-17T04:00:00Z,45.225714,1.4961,74.80,elevated,0,off,0,37.11
XAUUSD,H4,2025-11-17T08:00:00Z,46.085000,1.5088,76.39,elevated,0,off,0,36.73
XAUUSD,H4,2025-11-17T12:00:00Z,45.745000,1.4836,75.60,elevated,0,off,0,35.63
XAUUSD,H4,2025-11-17T16:00:00Z,45.295000,1.4548,74.01,elevated,0,off,0,34.09
XAUUSD,H4,2025-11-17T20:00:00Z,48.406429,1.5364,81.55,elevated,0,off,0,31.43
XAUUSD,H4,2025-11-18T00:00:00Z,47.307143,1.4846,79.56,elevated,0,off,0,27.96
XAUUSD,H4,2025-11-18T04:00:00Z,45.387857,1.4093,73.21,elevated,0,off,0,27.73
XAUUSD,H4,2025-11-18T08:00:00Z,47.190000,1.4473,78.77,elevated,0,off,0,26.46
XAUUSD,H4,2025-11-18T12:00:00Z,48.177857,1.4587,81.15,elevated,0,off,0,27.46
XAUUSD,H4,2025-11-18T16:00:00Z,48.694286,1.4557,82.34,elevated,0,off,0,29.16
XAUUSD,H4,2025-11-18T20:00:00Z,40.812857,1.2100,66.07,normal,0,off,0,31.39
XAUUSD,H4,2025-11-19T00:00:00Z,36.727857,1.0832,56.15,normal,0,off,0,35.62
XAUUSD,H4,2025-11-19T04:00:00Z,37.700000,1.1050,58.53,normal,0,off,0,35.09
XAUUSD,H4,2025-11-19T08:00:00Z,37.937857,1.1040,58.53,normal,1,low,0,37.52
XAUUSD,H4,2025-11-19T12:00:00Z,36.154286,1.0454,53.77,normal,1,low,0,45.60
XAUUSD,H4,2025-11-19T16:00:00Z,38.730714,1.1112,60.12,normal,1,medium,0,48.40
XAUUSD,H4,2025-11-19T20:00:00Z,38.322143,1.0903,58.93,normal,1,medium,0,54.16
XAUUSD,H4,2025-11-20T00:00:00Z,38.567857,1.0888,59.72,normal,1,medium,0,52.26
XAUUSD,H4,2025-11-20T04:00:00Z,36.749286,1.0302,54.17,normal,1,medium,0,56.27
XAUUSD,H4,2025-11-20T08:00:00Z,37.181429,1.0360,55.36,normal,1,medium,0,58.24
XAUUSD,H4,2025-11-20T12:00:00Z,38.196429,1.0581,57.74,normal,1,medium,0,54.90
XAUUSD,H4,2025-11-20T16:00:00Z,39.209286,1.0793,61.71,normal,1,medium,0,55.13
XAUUSD,H4,2025-11-20T20:00:00Z,38.484286,1.0537,58.53,normal,1,medium,0,55.33
XAUUSD,H4,2025-11-21T00:00:00Z,37.522857,1.0222,54.56,normal,1,medium,0,56.89
XAUUSD,H4,2025-11-21T04:00:00Z,39.003571,1.0562,60.12,normal,1,medium,0,53.83
XAUUSD,H4,2025-11-21T08:00:00Z,40.526429,1.0892,64.88,normal,1,medium,0,51.96
XAUUSD,H4,2025-11-21T12:00:00Z,41.126429,1.0970,66.47,normal,1,high,0,52.99
XAUUSD,H4,2025-11-21T16:00:00Z,41.698571,1.1032,66.47,normal,1,high,0,53.54
XAUUSD,H4,2025-11-21T20:00:00Z,43.030000,1.1284,68.85,normal,1,high,0,53.23
XAUUSD,H4,2025-11-24T00:00:00Z,40.025000,1.0429,61.71,normal,1,high,0,58.99
XAUUSD,H4,2025-11-24T04:00:00Z,39.700714,1.0283,60.91,normal,1,high,0,60.33
XAUUSD,H4,2025-11-24T08:00:00Z,39.366429,1.0128,60.12,normal,1,high,0,61.13
XAUUSD,H4,2025-11-24T12:00:00Z,37.872143,0.9694,52.58,normal,1,high,0,64.20
XAUUSD,H4,2025-11-24T16:00:00Z,37.400714,0.9519,50.60,normal,1,high,0,65.53
XAUUSD,H4,2025-11-24T20:00:00Z,37.870000,0.9578,52.18,normal,1,high,0,64.29
XAUUSD,H4,2025-11-25T00:00:00Z,34.890714,0.8802,42.26,normal,1,medium,0,70.27
XAUUSD,H4,2025-11-25T04:00:00Z,34.330000,0.8639,41.07,normal,1,low,0,68.50
XAUUSD,H4,2025-11-25T08:00:00Z,35.346429,0.8867,43.85,normal,1,low,0,67.26
XAUUSD,H4,2025-11-25T12:00:00Z,34.977143,0.8756,41.87,normal,1,low,0,66.13
XAUUSD,H4,2025-11-25T16:00:00Z,35.354286,0.8834,43.85,normal,1,low,0,63.45
XAUUSD,H4,2025-11-25T20:00:00Z,33.436429,0.8347,38.69,normal,1,low,0,65.35
XAUUSD,H4,2025-11-26T00:00:00Z,31.806429,0.7947,36.71,normal,0,off,1,64.02
XAUUSD,H4,2025-11-26T04:00:00Z,30.690000,0.7691,34.33,normal,0,off,0,63.02
XAUUSD,H4,2025-11-26T08:00:00Z,29.738571,0.7473,32.34,normal,0,off,0,62.49
XAUUSD,H4,2025-11-26T12:00:00Z,30.017857,0.7563,33.13,normal,0,off,0,59.58
XAUUSD,H4,2025-11-26T16:00:00Z,30.356429,0.7672,33.93,normal,0,off,0,59.76
XAUUSD,H4,2025-11-26T20:00:00Z,29.690000,0.7554,31.15,normal,0,off,0,59.33
XAUUSD,H4,2025-11-27T00:00:00Z,28.827143,0.7401,29.17,calm,0,off,0,58.08
XAUUSD,H4,2025-11-27T04:00:00Z,26.102143,0.6774,10.52,calm,0,off,0,60.65
XAUUSD,H4,2025-11-27T08:00:00Z,25.988571,0.6807,9.33,squeeze,0,off,0,58.59
XAUUSD,H4,2025-11-27T12:00:00Z,25.290000,0.6694,6.55,squeeze,0,off,0,58.16
XAUUSD,H4,2025-11-27T16:00:00Z,22.995000,0.6162,0.60,squeeze,1,low,0,63.94
XAUUSD,H4,2025-11-27T20:00:00Z,20.853571,0.5663,0.20,squeeze,1,medium,0,64.04
XAUUSD,H4,2025-11-28T00:00:00Z,19.949286,0.5493,0.20,squeeze,1,medium,0,70.63
XAUUSD,H4,2025-11-28T04:00:00Z,19.539286,0.5468,0.20,squeeze,1,medium,0,77.05
XAUUSD,H4,2025-11-28T08:00:00Z,20.342857,0.5780,0.99,squeeze,1,medium,0,80.21
XAUUSD,H4,2025-11-28T12:00:00Z,20.368571,0.5870,1.39,squeeze,1,medium,0,80.20
XAUUSD,H4,2025-11-28T16:00:00Z,21.277143,0.6225,2.18,squeeze,1,low,0,76.54
XAUUSD,H4,2025-11-28T20:00:00Z,20.638571,0.6137,1.79,squeeze,1,low,0,69.14
XAUUSD,H4,2025-12-01T00:00:00Z,21.892857,0.6616,2.98,squeeze,0,off,1,63.09
XAUUSD,H4,2025-12-01T04:00:00Z,23.850000,0.7282,4.96,squeeze,0,off,0,61.48
XAUUSD,H4,2025-12-01T08:00:00Z,24.374286,0.7498,7.74,squeeze,0,off,0,62.91
XAUUSD,H4,2025-12-01T12:00:00Z,24.857857,0.7708,8.13,squeeze,0,off,0,56.84
XAUUSD,H4,2025-12-01T16:00:00Z,25.572143,0.7991,12.90,calm,0,off,0,51.77
XAUUSD,H4,2025-12-01T20:00:00Z,25.717857,0.8089,14.09,calm,0,off,0,47.93
XAUUSD,H4,2025-12-02T00:00:00Z,27.654286,0.8759,23.61,calm,0,off,0,46.96
XAUUSD,H4,2025-12-02T04:00:00Z,28.205000,0.8991,27.58,calm,0,off,0,45.33
XAUUSD,H4,2025-12-02T08:00:00Z,28.877143,0.9263,29.56,calm,0,off,0,45.83
XAUUSD,H4,2025-12-02T12:00:00Z,29.977857,0.9658,32.34,normal,0,off,0,47.42
XAUUSD,H4,2025-12-02T16:00:00Z,32.300714,1.0439,36.71,normal,0,off,0,46.98
XAUUSD,H4,2025-12-02T20:00:00Z,32.782857,1.0632,37.10,normal,1,low,0,47.99
XAUUSD,H4,2025-12-03T00:00:00Z,31.640000,1.0312,35.12,normal,1,low,0,52.32
XAUUSD,H4,2025-12-03T04:00:00Z,32.310000,1.0573,36.71,normal,1,low,0,52.27
XAUUSD,H4,2025-12-03T08:00:00Z,29.722857,0.9776,29.17,calm,1,low,0,56.59
XAUUSD,H4,2025-12-03T12:00:00Z,29.949286,0.9910,30.36,normal,1,medium,0,57.67
XAUUSD,H4,2025-12-03T16:00:00Z,31.272857,1.0411,33.53,normal,1,medium,0,57.24
XAUUSD,H4,2025-12-03T20:00:00Z,31.069286,1.0413,32.74,normal,1,medium,0,58.71
XAUUSD,H4,2025-12-04T00:00:00Z,29.920000,1.0108,29.17,calm,1,medium,0,60.04
XAUUSD,H4,2025-12-04T04:00:00Z,31.273571,1.0650,33.53,normal,1,medium,0,56.24
XAUUSD,H4,2025-12-04T08:00:00Z,30.286429,1.0383,30.36,normal,1,medium,0,59.40
XAUUSD,H4,2025-12-04T12:00:00Z,30.890714,1.0654,31.94,normal,1,medium,0,56.60
XAUUSD,H4,2025-12-04T16:00:00Z,29.665714,1.0301,25.60,calm,1,medium,0,59.07
XAUUSD,H4,2025-12-04T20:00:00Z,28.584286,0.9989,22.82,calm,1,high,0,61.50
XAUUSD,H4,2025-12-05T00:00:00Z,24.922857,0.8787,6.55,squeeze,1,high,0,70.13
XAUUSD,H4,2025-12-05T04:00:00Z,24.589286,0.8751,5.36,squeeze,1,high,0,70.22
XAUUSD,H4,2025-12-05T08:00:00Z,24.317857,0.8720,4.96,squeeze,1,high,0,70.73
XAUUSD,H4,2025-12-05T12:00:00Z,23.865000,0.8622,4.56,squeeze,1,high,0,69.57
XAUUSD,H4,2025-12-05T16:00:00Z,27.143571,0.9865,15.67,calm,1,high,0,64.47
XAUUSD,H4,2025-12-05T20:00:00Z,25.941429,0.9491,10.91,calm,1,high,0,67.06
XAUUSD,H4,2025-12-08T00:00:00Z,24.238571,0.8940,4.96,squeeze,1,high,0,69.84
XAUUSD,H4,2025-12-08T04:00:00Z,24.317857,0.9030,5.95,squeeze,1,medium,0,70.99
XAUUSD,H4,2025-12-08T08:00:00Z,24.452143,0.9130,6.94,squeeze,1,medium,0,70.28
XAUUSD,H4,2025-12-08T12:00:00Z,23.262857,0.8734,3.77,squeeze,1,medium,0,72.55
XAUUSD,H4,2025-12-08T16:00:00Z,24.105000,0.9089,5.36,squeeze,1,medium,0,70.78
XAUUSD,H4,2025-12-08T20:00:00Z,23.431429,0.8879,4.17,squeeze,1,high,0,70.03
XAUUSD,H4,2025-12-09T00:00:00Z,22.036429,0.8404,3.37,squeeze,1,medium,0,70.36
XAUUSD,H4,2025-12-09T04:00:00Z,22.238571,0.8529,3.77,squeeze,1,medium,0,69.29
XAUUSD,H4,2025-12-09T08:00:00Z,24.175000,0.9305,6.94,squeeze,1,medium,0,64.55
XAUUSD,H4,2025-12-09T12:00:00Z,23.335000,0.9001,4.96,squeeze,1,medium,0,64.88
XAUUSD,H4,2025-12-09T16:00:00Z,24.558571,0.9483,10.12,calm,1,medium,0,61.53
XAUUSD,H4,2025-12-09T20:00:00Z,24.260000,0.9375,8.13,squeeze,1,medium,0,61.60
XAUUSD,H4,2025-12-10T00:00:00Z,20.723571,0.8023,2.18,squeeze,1,medium,0,68.37
XAUUSD,H4,2025-12-10T04:00:00Z,19.990714,0.7744,0.99,squeeze,1,medium,0,69.88
XAUUSD,H4,2025-12-10T08:00:00Z,19.785000,0.7666,0.60,squeeze,1,medium,0,71.62
XAUUSD,H4,2025-12-10T12:00:00Z,19.694286,0.7630,0.60,squeeze,1,medium,0,71.25
XAUUSD,H4,2025-12-10T16:00:00Z,19.855714,0.7695,1.39,squeeze,1,medium,0,70.27
XAUUSD,H4,2025-12-10T20:00:00Z,22.663571,0.8768,6.15,squeeze,1,high,0,66.26
XAUUSD,H4,2025-12-11T00:00:00Z,22.076429,0.8535,5.75,squeeze,1,medium,0,69.69
XAUUSD,H4,2025-12-11T04:00:00Z,23.732857,0.9154,8.93,squeeze,1,medium,0,67.55
XAUUSD,H4,2025-12-11T08:00:00Z,24.355000,0.9376,12.90,calm,1,medium,0,66.10
XAUUSD,H4,2025-12-11T12:00:00Z,24.357857,0.9373,13.29,calm,1,medium,0,65.96
XAUUSD,H4,2025-12-11T16:00:00Z,25.862857,0.9941,19.25,calm,1,low,0,52.02
XAUUSD,H4,2025-12-11T20:00:00Z,26.583571,1.0204,23.21,calm,0,off,1,48.44
XAUUSD,H4,2025-12-12T00:00:00Z,25.675714,0.9855,18.45,calm,0,off,0,47.81
XAUUSD,H4,2025-12-12T04:00:00Z,25.651429,0.9846,18.45,calm,0,off,0,47.53
XAUUSD,H4,2025-12-12T08:00:00Z,27.986429,1.0740,29.17,calm,0,off,0,31.84
XAUUSD,H4,2025-12-12T12:00:00Z,29.010000,1.1126,33.53,normal,0,off,0,20.62
XAUUSD,H4,2025-12-12T16:00:00Z,34.495714,1.3173,48.61,normal,0,off,0,27.76
XAUUSD,H4,2025-12-12T20:00:00Z,34.372143,1.3082,48.61,normal,0,off,0,28.07
XAUUSD,H4,2025-12-15T00:00:00Z,35.396429,1.3440,52.98,normal,0,off,0,28.21
XAUUSD,H4,2025-12-15T04:00:00Z,33.112857,1.2570,46.63,normal,0,off,0,30.09
XAUUSD,H4,2025-12-15T08:00:00Z,32.383571,1.2286,45.83,normal,0,off,0,27.13
XAUUSD,H4,2025-12-15T12:00:00Z,31.150000,1.1828,42.26,normal,0,off,0,28.55
XAUUSD,H4,2025-12-15T16:00:00Z,33.602143,1.2722,49.01,normal,0,off,0,32.53
XAUUSD,H4,2025-12-15T20:00:00Z,33.414286,1.2618,48.21,normal,0,off,0,32.08
XAUUSD,H4,2025-12-16T00:00:00Z,30.192857,1.1411,39.09,normal,0,off,0,31.90
XAUUSD,H4,2025-12-16T04:00:00Z,31.481429,1.1894,44.25,normal,0,off,0,37.68
XAUUSD,H4,2025-12-16T08:00:00Z,31.301429,1.1814,44.25,normal,0,off,0,38.04
XAUUSD,H4,2025-12-16T12:00:00Z,33.090714,1.2472,48.61,normal,0,off,0,38.46
XAUUSD,H4,2025-12-16T16:00:00Z,33.097143,1.2448,49.01,normal,1,low,0,39.99
XAUUSD,H4,2025-12-16T20:00:00Z,32.203571,1.2100,46.63,normal,1,medium,0,42.88
XAUUSD,H4,2025-12-17T00:00:00Z,27.153571,1.0222,25.99,calm,1,medium,0,55.19
XAUUSD,H4,2025-12-17T04:00:00Z,28.272143,1.0645,31.94,normal,1,medium,0,52.13
XAUUSD,H4,2025-12-17T08:00:00Z,28.056429,1.0539,30.36,normal,1,medium,0,52.82
XAUUSD,H4,2025-12-17T12:00:00Z,28.949286,1.0839,34.72,normal,1,medium,0,53.00
XAUUSD,H4,2025-12-17T16:00:00Z,29.779286,1.1104,38.29,normal,1,medium,0,49.95
XAUUSD,H4,2025-12-17T20:00:00Z,29.783571,1.1057,38.69,normal,1,medium,0,48.86
XAUUSD,H4,2025-12-18T00:00:00Z,27.427143,1.0180,27.18,calm,1,medium,0,54.54
XAUUSD,H4,2025-12-18T04:00:00Z,26.780000,0.9934,24.40,calm,1,medium,0,55.12
XAUUSD,H4,2025-12-18T08:00:00Z,26.650000,0.9868,24.40,calm,1,medium,0,55.43
XAUUSD,H4,2025-12-18T12:00:00Z,25.775000,0.9534,20.04,calm,1,medium,0,57.97
XAUUSD,H4,2025-12-18T16:00:00Z,29.325714,1.0808,38.29,normal,1,medium,0,54.29
XAUUSD,H4,2025-12-18T20:00:00Z,27.818571,1.0218,30.36,normal,1,medium,0,58.24
XAUUSD,H4,2025-12-19T00:00:00Z,26.660000,0.9774,25.20,calm,1,medium,0,59.81
XAUUSD,H4,2025-12-19T04:00:00Z,26.494286,0.9692,24.01,calm,1,medium,0,58.89
XAUUSD,H4,2025-12-19T08:00:00Z,25.586429,0.9336,18.45,calm,1,medium,0,61.63
XAUUSD,H4,2025-12-19T12:00:00Z,24.412143,0.8893,14.09,calm,1,medium,0,62.53
XAUUSD,H4,2025-12-19T16:00:00Z,24.893571,0.9064,16.07,calm,1,high,0,62.40
XAUUSD,H4,2025-12-19T20:00:00Z,23.635000,0.8603,8.93,squeeze,1,high,0,69.14
XAUUSD,H4,2025-12-22T00:00:00Z,24.933571,0.9074,17.66,calm,1,medium,0,66.78
XAUUSD,H4,2025-12-22T04:00:00Z,25.895714,0.9413,22.82,calm,1,medium,0,57.98
XAUUSD,H4,2025-12-22T08:00:00Z,26.095000,0.9448,24.01,calm,1,low,0,57.14
XAUUSD,H4,2025-12-22T12:00:00Z,26.959286,0.9712,29.96,calm,0,off,1,49.80
XAUUSD,H4,2025-12-22T16:00:00Z,27.906429,0.9995,35.52,normal,0,off,0,38.01
XAUUSD,H4,2025-12-22T20:00:00Z,27.322857,0.9733,32.34,normal,0,off,0,33.71
XAUUSD,H4,2025-12-23T00:00:00Z,25.958571,0.9207,23.61,calm,0,off,0,28.78
XAUUSD,H4,2025-12-23T04:00:00Z,26.286429,0.9299,25.99,calm,0,off,0,28.00
XAUUSD,H4,2025-12-23T08:00:00Z,26.010714,0.9176,24.40,calm,0,off,0,28.08
XAUUSD,H4,2025-12-23T12:00:00Z,26.553571,0.9349,28.77,calm,0,off,0,26.05
XAUUSD,H4,2025-12-23T16:00:00Z,29.217143,1.0252,43.85,normal,0,off,0,21.71
XAUUSD,H4,2025-12-23T20:00:00Z,30.087857,1.0515,50.60,normal,0,off,0,18.63
XAUUSD,H4,2025-12-24T00:00:00Z,30.435000,1.0602,52.98,normal,0,off,0,17.10
XAUUSD,H4,2025-12-24T04:00:00Z,32.445714,1.1257,60.52,normal,0,off,0,14.17
XAUUSD,H4,2025-12-24T08:00:00Z,30.502857,1.0547,53.37,normal,0,off,0,16.06
XAUUSD,H4,2025-12-24T12:00:00Z,30.115000,1.0381,50.99,normal,0,off,0,16.50
XAUUSD,H4,2025-12-24T16:00:00Z,31.527143,1.0841,58.53,normal,0,off,0,13.86
XAUUSD,H4,2025-12-24T20:00:00Z,30.393571,1.0442,53.37,normal,0,off,0,15.94
XAUUSD,H4,2025-12-26T00:00:00Z,31.939286,1.0992,60.52,normal,0,off,0,18.67
XAUUSD,H4,2025-12-26T04:00:00Z,32.090000,1.1061,60.91,normal,0,off,0,19.55
XAUUSD,H4,2025-12-26T08:00:00Z,29.680000,1.0271,46.23,normal,0,off,0,33.71
XAUUSD,H4,2025-12-26T12:00:00Z,29.866429,1.0359,48.61,normal,0,off,0,38.99
XAUUSD,H4,2025-12-26T16:00:00Z,31.000714,1.0763,56.55,normal,1,low,0,40.22
XAUUSD,H4,2025-12-26T20:00:00Z,30.793571,1.0693,55.75,normal,1,low,0,42.31
XAUUSD,H4,2025-12-29T00:00:00Z,32.751429,1.1380,64.88,normal,1,medium,0,48.32
XAUUSD,H4,2025-12-29T04:00:00Z,32.541429,1.1314,64.88,normal,1,medium,0,49.25
XAUUSD,H4,2025-12-29T08:00:00Z,34.271429,1.1882,70.04,elevated,1,medium,0,50.86
XAUUSD,H4,2025-12-29T12:00:00Z,35.665714,1.2329,75.60,elevated,1,medium,0,48.49
XAUUSD,H4,2025-12-29T16:00:00Z,42.780000,1.4672,87.90,elevated,0,off,1,25.58
XAUUSD,H4,2025-12-29T20:00:00Z,42.510714,1.4486,87.90,elevated,0,off,0,23.85
XAUUSD,H4,2025-12-30T00:00:00Z,42.215714,1.4297,87.90,elevated,0,off,0,22.82
XAUUSD,H4,2025-12-30T04:00:00Z,44.056429,1.4801,90.67,extreme,0,off,0,23.82
XAUUSD,H4,2025-12-30T08:00:00Z,42.717143,1.4203,88.69,elevated,0,off,0,23.29
XAUUSD,H4,2025-12-30T12:00:00Z,43.721429,1.4389,91.07,extreme,0,off,0,22.30
XAUUSD,H4,2025-12-30T16:00:00Z,45.437857,1.4785,93.06,extreme,0,off,0,23.48
XAUUSD,H4,2025-12-30T20:00:00Z,46.757143,1.5040,97.02,extreme,0,off,0,24.94
XAUUSD,H4,2025-12-31T00:00:00Z,47.088571,1.4979,97.42,extreme,0,off,0,25.52
XAUUSD,H4,2025-12-31T04:00:00Z,52.352857,1.6418,99.80,extreme,0,off,0,25.23
XAUUSD,H4,2025-12-31T08:00:00Z,51.308571,1.5853,99.40,extreme,0,off,0,25.36
XAUUSD,H4,2025-12-31T12:00:00Z,52.815714,1.6061,99.80,extreme,0,off,0,27.84
XAUUSD,H4,2025-12-31T16:00:00Z,50.734286,1.5205,98.61,extreme,0,off,0,27.57
XAUUSD,H4,2025-12-31T20:00:00Z,47.833571,1.4149,97.02,extreme,0,off,0,26.78
XAUUSD,H4,2026-01-02T00:00:00Z,41.983571,1.2326,87.90,elevated,0,off,0,28.17
XAUUSD,H4,2026-01-02T04:00:00Z,43.039286,1.2524,90.67,extreme,0,off,0,31.01
XAUUSD,H4,2026-01-02T08:00:00Z,42.217857,1.2175,88.29,elevated,0,off,0,34.24
XAUUSD,H4,2026-01-02T12:00:00Z,42.874286,1.2248,89.48,elevated,1,low,0,37.38
XAUUSD,H4,2026-01-02T16:00:00Z,44.695714,1.2631,91.87,extreme,1,medium,0,44.61
XAUUSD,H4,2026-01-02T20:00:00Z,43.897143,1.2270,91.07,extreme,1,medium,0,51.71
XAUUSD,H4,2026-01-05T00:00:00Z,47.515714,1.3115,96.63,extreme,1,medium,0,52.39
XAUUSD,H4,2026-01-05T04:00:00Z,46.213571,1.2599,93.85,extreme,1,medium,0,53.77
XAUUSD,H4,2026-01-05T08:00:00Z,44.972857,1.2128,91.07,extreme,1,low,0,53.64
XAUUSD,H4,2026-01-05T12:00:00Z,41.302857,1.1047,84.33,elevated,1,low,0,54.22
XAUUSD,H4,2026-01-05T16:00:00Z,39.610714,1.0518,81.94,elevated,1,low,0,52.75
XAUUSD,H4,2026-01-05T20:00:00Z,37.392143,0.9874,75.99,elevated,0,off,1,54.11
XAUUSD,H4,2026-01-06T00:00:00Z,37.101429,0.9750,75.20,elevated,0,off,0,54.14
XAUUSD,H4,2026-01-06T04:00:00Z,36.995000,0.9673,74.80,elevated,0,off,0,48.46
XAUUSD,H4,2026-01-06T08:00:00Z,36.540714,0.9502,73.21,elevated,0,off,0,46.84
XAUUSD,H4,2026-01-06T12:00:00Z,35.927857,0.9296,72.02,elevated,0,off,0,43.27
XAUUSD,H4,2026-01-06T16:00:00Z,36.132857,0.9300,72.02,elevated,0,off,0,43.60
XAUUSD,H4,2026-01-06T20:00:00Z,34.689286,0.8891,68.06,normal,0,off,0,42.16
XAUUSD,H4,2026-01-07T00:00:00Z,33.321429,0.8523,64.48,normal,0,off,0,43.70
XAUUSD,H4,2026-01-07T04:00:00Z,34.147857,0.8716,66.07,normal,0,off,0,45.04
XAUUSD,H4,2026-01-07T08:00:00Z,30.214286,0.7713,50.20,normal,0,off,0,49.59
XAUUSD,H4,2026-01-07T12:00:00Z,31.257857,0.7984,54.96,normal,0,off,0,47.45
XAUUSD,H4,2026-01-07T16:00:00Z,32.542143,0.8303,61.71,normal,0,off,0,46.77
XAUUSD,H4,2026-01-07T20:00:00Z,30.595714,0.7805,51.39,normal,0,off,0,50.96
XAUUSD,H4,2026-01-08T00:00:00Z,29.565000,0.7550,42.26,normal,0,off,0,51.21
XAUUSD,H4,2026-01-08T04:00:00Z,30.980714,0.7909,52.98,normal,1,medium,0,58.49
XAUUSD,H4,2026-01-08T08:00:00Z,30.382143,0.7762,49.40,normal,1,medium,0,66.77
XAUUSD,H4,2026-01-08T12:00:00Z,30.631429,0.7832,50.99,normal,1,medium,0,68.79
XAUUSD,H4,2026-01-08T16:00:00Z,31.722857,0.8102,57.74,normal,1,medium,0,66.87
XAUUSD,H4,2026-01-08T20:00:00Z,32.207143,0.8216,59.33,normal,1,medium,0,68.60
XAUUSD,H4,2026-01-09T00:00:00Z,32.405714,0.8261,60.52,normal,1,medium,0,70.92
XAUUSD,H4,2026-01-09T04:00:00Z,32.277857,0.8222,58.93,normal,1,medium,0,70.86
XAUUSD,H4,2026-01-09T08:00:00Z,30.432857,0.7761,47.82,normal,1,medium,0,73.91
XAUUSD,H4,2026-01-09T12:00:00Z,30.213571,0.7714,45.44,normal,1,medium,0,74.05
XAUUSD,H4,2026-01-09T16:00:00Z,30.565714,0.7819,48.61,normal,1,medium,0,72.22
XAUUSD,H4,2026-01-09T20:00:00Z,29.670714,0.7613,38.69,normal,1,medium,0,73.52
XAUUSD,H4,2026-01-12T00:00:00Z,33.030000,0.8518,62.50,normal,1,low,0,45.97
XAUUSD,H4,2026-01-12T04:00:00Z,33.515714,0.8684,64.88,normal,0,off,1,46.03
XAUUSD,H4,2026-01-12T08:00:00Z,33.873571,0.8814,65.67,normal,0,off,0,43.69
XAUUSD,H4,2026-01-12T12:00:00Z,34.440000,0.9007,67.26,normal,0,off,0,37.15
XAUUSD,H4,2026-01-12T16:00:00Z,35.973571,0.9441,71.63,elevated,0,off,0,32.54
XAUUSD,H4,2026-01-12T20:00:00Z,36.042143,0.9498,71.63,elevated,0,off,0,31.30
XAUUSD,H4,2026-01-13T00:00:00Z,35.073571,0.9293,68.06,normal,0,off,0,31.45
XAUUSD,H4,2026-01-13T04:00:00Z,34.407857,0.9177,65.67,normal,0,off,0,32.67
XAUUSD,H4,2026-01-13T08:00:00Z,33.848571,0.9092,63.29,normal,0,off,0,31.94
XAUUSD,H4,2026-01-13T12:00:00Z,35.619286,0.9654,70.04,elevated,0,off,0,28.33
XAUUSD,H4,2026-01-13T16:00:00Z,38.067143,1.0392,78.37,elevated,0,off,0,23.16
XAUUSD,H4,2026-01-13T20:00:00Z,37.970714,1.0451,77.98,elevated,0,off,0,25.47
XAUUSD,H4,2026-01-14T00:00:00Z,37.660000,1.0440,75.99,elevated,0,off,0,31.41
XAUUSD,H4,2026-01-14T04:00:00Z,37.540714,1.0467,75.60,elevated,0,off,0,32.26
XAUUSD,H4,2026-01-14T08:00:00Z,32.483571,0.9105,55.36,normal,0,off,0,42.32
XAUUSD,H4,2026-01-14T12:00:00Z,32.107143,0.9055,51.79,normal,0,off,0,39.86
XAUUSD,H4,2026-01-14T16:00:00Z,32.842857,0.9312,57.34,normal,0,off,0,40.56
XAUUSD,H4,2026-01-14T20:00:00Z,32.002857,0.9130,51.39,normal,0,off,0,46.27
XAUUSD,H4,2026-01-15T00:00:00Z,32.263571,0.9270,53.37,normal,1,low,0,47.56
XAUUSD,H4,2026-01-15T04:00:00Z,32.530714,0.9408,56.55,normal,1,medium,0,55.16
XAUUSD,H4,2026-01-15T08:00:00Z,31.624286,0.9231,49.80,normal,1,medium,0,58.26
XAUUSD,H4,2026-01-15T12:00:00Z,32.719286,0.9627,58.13,normal,1,high,0,58.23
XAUUSD,H4,2026-01-15T16:00:00Z,33.997143,1.0067,64.09,normal,1,high,0,54.59
XAUUSD,H4,2026-01-15T20:00:00Z,32.400714,0.9646,55.75,normal,1,high,0,56.55
XAUUSD,H4,2026-01-16T00:00:00Z,30.900714,0.9247,45.83,normal,1,medium,0,64.95
XAUUSD,H4,2026-01-16T04:00:00Z,30.332143,0.9115,41.07,normal,1,medium,0,65.12
XAUUSD,H4,2026-01-16T08:00:00Z,29.231429,0.8826,32.74,normal,1,high,0,66.93
XAUUSD,H4,2026-01-16T12:00:00Z,29.760714,0.9026,36.31,normal,1,high,0,65.20
XAUUSD,H4,2026-01-16T16:00:00Z,34.229286,1.0395,66.87,normal,1,high,0,55.85
XAUUSD,H4,2026-01-16T20:00:00Z,34.264286,1.0417,67.26,normal,1,high,0,56.63
XAUUSD,H4,2026-01-19T00:00:00Z,38.223571,1.1605,82.74,elevated,1,medium,0,48.75
XAUUSD,H4,2026-01-19T04:00:00Z,37.572143,1.1388,79.56,elevated,1,medium,0,47.88
XAUUSD,H4,2026-01-19T08:00:00Z,35.326429,1.0694,71.63,elevated,1,medium,0,47.11
XAUUSD,H4,2026-01-19T12:00:00Z,33.933571,1.0274,66.07,normal,1,low,0,48.24
XAUUSD,H4,2026-01-19T16:00:00Z,33.734286,1.0192,65.28,normal,1,low,0,47.59
XAUUSD,H4,2026-01-19T20:00:00Z,31.767143,0.9594,52.58,normal,1,low,0,50.01
XAUUSD,H4,2026-01-20T00:00:00Z,30.073571,0.9096,39.48,normal,0,off,1,50.66
XAUUSD,H4,2026-01-20T04:00:00Z,32.249286,0.9745,56.15,normal,0,off,0,45.70
XAUUSD,H4,2026-01-20T08:00:00Z,32.599286,0.9833,61.31,normal,0,off,0,39.19
XAUUSD,H4,2026-01-20T12:00:00Z,32.479286,0.9788,59.72,normal,0,off,0,36.63
XAUUSD,H4,2026-01-20T16:00:00Z,34.020714,1.0230,69.25,normal,0,off,0,29.11
XAUUSD,H4,2026-01-20T20:00:00Z,32.958571,0.9896,63.69,normal,0,off,0,30.32
XAUUSD,H4,2026-01-21T00:00:00Z,33.150714,0.9946,65.67,normal,0,off,0,28.57
XAUUSD,H4,2026-01-21T04:00:00Z,36.184286,1.0830,79.56,elevated,0,off,0,22.77
XAUUSD,H4,2026-01-21T08:00:00Z,33.366429,0.9981,66.47,normal,0,off,0,27.27
XAUUSD,H4,2026-01-21T12:00:00Z,33.662857,1.0061,68.45,normal,0,off,0,26.68
XAUUSD,H4,2026-01-21T16:00:00Z,38.030714,1.1315,85.52,elevated,0,off,0,21.81
XAUUSD,H4,2026-01-21T20:00:00Z,44.038571,1.2996,94.64,extreme,0,off,0,20.05
XAUUSD,H4,2026-01-22T00:00:00Z,47.226429,1.3801,97.42,extreme,0,off,0,20.29
XAUUSD,H4,2026-01-22T04:00:00Z,49.641429,1.4339,98.21,extreme,0,off,0,25.35
XAUUSD,H4,2026-01-22T08:00:00Z,50.179286,1.4352,98.21,extreme,0,off,0,27.73
XAUUSD,H4,2026-01-22T12:00:00Z,48.388571,1.3723,97.42,extreme,0,off,0,28.56
XAUUSD,H4,2026-01-22T16:00:00Z,52.255714,1.4667,99.01,extreme,0,off,0,30.09
XAUUSD,H4,2026-01-22T20:00:00Z,53.416429,1.4835,99.80,extreme,0,off,0,23.21
XAUUSD,H4,2026-01-23T00:00:00Z,53.172857,1.4627,99.40,extreme,0,off,0,21.74
XAUUSD,H4,2026-01-23T04:00:00Z,53.924286,1.4690,99.80,extreme,0,off,0,21.79
XAUUSD,H4,2026-01-23T08:00:00Z,52.305714,1.4116,97.82,extreme,0,off,0,25.58
XAUUSD,H4,2026-01-23T12:00:00Z,50.522857,1.3517,96.23,extreme,0,off,0,32.77
XAUUSD,H4,2026-01-23T16:00:00Z,50.494286,1.3391,95.83,extreme,0,off,0,32.38
XAUUSD,H4,2026-01-23T20:00:00Z,50.940714,1.3400,96.63,extreme,0,off,0,34.05
XAUUSD,H4,2026-01-26T00:00:00Z,52.307143,1.3657,97.82,extreme,0,off,0,29.66
XAUUSD,H4,2026-01-26T04:00:00Z,48.202143,1.2518,93.45,extreme,0,off,0,31.62
XAUUSD,H4,2026-01-26T08:00:00Z,47.055714,1.2161,91.47,extreme,0,off,0,25.71
XAUUSD,H4,2026-01-26T12:00:00Z,46.742143,1.2023,90.67,extreme,0,off,0,24.51
XAUUSD,H4,2026-01-26T16:00:00Z,48.310000,1.2326,93.45,extreme,0,off,0,19.41
XAUUSD,H4,2026-01-26T20:00:00Z,54.542857,1.3759,99.80,extreme,0,off,0,24.08
XAUUSD,H4,2026-01-27T00:00:00Z,53.279286,1.3303,98.61,extreme,0,off,0,23.67
XAUUSD,H4,2026-01-27T04:00:00Z,53.044286,1.3107,97.82,extreme,0,off,0,22.26
XAUUSD,H4,2026-01-27T08:00:00Z,52.410714,1.2822,97.02,extreme,0,off,0,19.98
XAUUSD,H4,2026-01-27T12:00:00Z,52.595714,1.2743,97.02,extreme,0,off,0,24.02
XAUUSD,H4,2026-01-27T16:00:00Z,52.086429,1.2495,94.64,extreme,0,off,0,24.20
XAUUSD,H4,2026-01-27T20:00:00Z,57.697857,1.3677,99.80,extreme,0,off,0,25.02
XAUUSD,H4,2026-01-28T00:00:00Z,58.597143,1.3731,99.80,extreme,0,off,0,33.77
XAUUSD,H4,2026-01-28T04:00:00Z,60.986429,1.4101,99.80,extreme,0,off,0,28.08
XAUUSD,H4,2026-01-28T08:00:00Z,58.265000,1.3304,99.01,extreme,0,off,0,27.50
XAUUSD,H4,2026-01-28T12:00:00Z,58.985000,1.3294,99.40,extreme,0,off,0,25.01
XAUUSD,H4,2026-01-28T16:00:00Z,60.767143,1.3504,99.40,extreme,0,off,0,21.48
XAUUSD,H4,2026-01-28T20:00:00Z,68.452143,1.4955,99.80,extreme,0,off,0,23.37
XAUUSD,H4,2026-01-29T00:00:00Z,78.038571,1.6729,99.80,extreme,0,off,0,23.29
XAUUSD,H4,2026-01-29T04:00:00Z,74.257857,1.5650,99.40,extreme,0,off,0,23.34
XAUUSD,H4,2026-01-29T08:00:00Z,78.041429,1.6176,99.80,extreme,0,off,0,19.87
XAUUSD,H4,2026-01-29T12:00:00Z,80.629286,1.6419,99.80,extreme,0,off,0,17.06
XAUUSD,H4,2026-01-29T16:00:00Z,110.416429,2.1818,99.80,extreme,0,off,0,19.99
XAUUSD,H4,2026-01-29T20:00:00Z,118.387143,2.2637,99.80,extreme,0,off,0,22.25
XAUUSD,H4,2026-01-30T00:00:00Z,125.730714,2.3224,99.80,extreme,0,off,0,26.24
XAUUSD,H4,2026-01-30T04:00:00Z,131.884286,2.3492,99.80,extreme,0,off,0,32.08
XAUUSD,H4,2026-01-30T08:00:00Z,145.765714,2.4937,99.80,extreme,0,off,0,31.03
XAUUSD,H4,2026-01-30T12:00:00Z,152.085000,2.4993,99.80,extreme,0,off,0,31.66
XAUUSD,H4,2026-01-30T16:00:00Z,170.105714,2.6746,99.80,extreme,0,off,0,32.43
XAUUSD,H4,2026-01-30T20:00:00Z,185.157857,2.7779,99.80,extreme,0,off,0,27.72
XAUUSD,H4,2026-02-02T00:00:00Z,201.610714,2.8799,99.80,extreme,0,off,0,26.19
XAUUSD,H4,2026-02-02T04:00:00Z,210.500000,2.8617,99.80,extreme,0,off,0,23.54
XAUUSD,H4,2026-02-02T08:00:00Z,220.995000,2.8584,99.80,extreme,0,off,0,23.16
XAUUSD,H4,2026-02-02T12:00:00Z,227.782143,2.8071,99.80,extreme,0,off,0,24.31
XAUUSD,H4,2026-02-02T16:00:00Z,233.176429,2.7387,99.80,extreme,0,off,0,25.04
XAUUSD,H4,2026-02-02T20:00:00Z,234.725714,2.6325,99.80,extreme,0,off,0,24.18
XAUUSD,H4,2026-02-03T00:00:00Z,216.881429,2.3386,98.21,extreme,0,off,0,26.16
XAUUSD,H4,2026-02-03T04:00:00Z,213.518571,2.2212,97.82,extreme,0,off,0,25.65
XAUUSD,H4,2026-02-03T08:00:00Z,211.620714,2.1286,97.42,extreme,0,off,0,25.34
XAUUSD,H4,2026-02-03T12:00:00Z,202.070000,1.9721,96.63,extreme,0,off,0,26.18
XAUUSD,H4,2026-02-03T16:00:00Z,190.497143,1.8096,95.83,extreme,0,off,0,27.06
XAUUSD,H4,2026-02-03T20:00:00Z,185.500000,1.7174,95.44,extreme,0,off,0,27.40
XAUUSD,H4,2026-02-04T00:00:00Z,173.485000,1.5709,94.64,extreme,0,off,0,29.66
XAUUSD,H4,2026-02-04T04:00:00Z,158.712143,1.4102,93.85,extreme,0,off,0,29.97
XAUUSD,H4,2026-02-04T08:00:00Z,140.738571,1.2313,92.66,extreme,1,low,0,35.92
XAUUSD,H4,2026-02-04T12:00:00Z,124.744286,1.0780,91.47,extreme,1,low,0,42.28
XAUUSD,H4,2026-02-04T16:00:00Z,116.233571,0.9935,90.67,extreme,1,low,0,51.94
XAUUSD,H4,2026-02-04T20:00:00Z,112.125000,0.9484,90.28,extreme,1,low,0,57.32
XAUUSD,H4,2026-02-05T00:00:00Z,104.330714,0.8745,89.48,elevated,1,low,0,59.49
XAUUSD,H4,2026-02-05T04:00:00Z,109.938571,0.9125,89.48,elevated,0,off,1,52.55
XAUUSD,H4,2026-02-05T08:00:00Z,102.729286,0.8456,88.69,elevated,0,off,0,54.47
XAUUSD,H4,2026-02-05T12:00:00Z,102.452857,0.8358,88.29,elevated,1,low,0,50.90
XAUUSD,H4,2026-02-05T16:00:00Z,100.559286,0.8133,87.90,elevated,0,off,1,59.71
XAUUSD,H4,2026-02-05T20:00:00Z,104.012143,0.8335,88.69,elevated,0,off,0,58.06
XAUUSD,H4,2026-02-06T00:00:00Z,106.797857,0.8479,89.09,elevated,1,low,0,57.57
XAUUSD,H4,2026-02-06T04:00:00Z,110.621429,0.8705,89.88,elevated,1,low,0,61.21
XAUUSD,H4,2026-02-06T08:00:00Z,105.955714,0.8269,88.29,elevated,1,low,0,63.08
XAUUSD,H4,2026-02-06T12:00:00Z,108.237143,0.8375,88.69,elevated,1,low,0,63.17
XAUUSD,H4,2026-02-06T16:00:00Z,110.009286,0.8437,89.09,elevated,1,low,0,63.00
XAUUSD,H4,2026-02-06T20:00:00Z,108.865714,0.8278,88.29,elevated,1,low,0,63.88
XAUUSD,H4,2026-02-09T00:00:00Z,99.804286,0.7534,84.72,elevated,1,low,0,67.39
XAUUSD,H4,2026-02-09T04:00:00Z,97.990714,0.7352,84.33,elevated,1,low,0,68.79
XAUUSD,H4,2026-02-09T08:00:00Z,95.163571,0.7101,83.93,elevated,1,low,0,67.88
XAUUSD,H4,2026-02-09T12:00:00Z,85.877857,0.6385,83.53,elevated,1,low,0,70.01
XAUUSD,H4,2026-02-09T16:00:00Z,84.768571,0.6278,83.13,elevated,1,low,0,72.02
XAUUSD,H4,2026-02-09T20:00:00Z,81.196429,0.5993,82.74,elevated,1,low,0,71.82
XAUUSD,H4,2026-02-10T00:00:00Z,79.929286,0.5883,81.94,elevated,1,low,0,68.94
XAUUSD,H4,2026-02-10T04:00:00Z,74.922143,0.5509,80.75,elevated,0,off,1,66.21
XAUUSD,H4,2026-02-10T08:00:00Z,68.160714,0.5019,79.56,elevated,0,off,0,63.88
XAUUSD,H4,2026-02-10T12:00:00Z,61.162143,0.4513,79.17,elevated,0,off,0,59.89
XAUUSD,H4,2026-02-10T16:00:00Z,61.250000,0.4530,79.17,elevated,0,off,0,58.42
XAUUSD,H4,2026-02-10T20:00:00Z,57.965714,0.4302,76.39,elevated,0,off,0,55.40
XAUUSD,H4,2026-02-11T00:00:00Z,54.852857,0.4105,75.60,elevated,0,off,0,51.56
XAUUSD,H4,2026-02-11T04:00:00Z,54.605714,0.4126,75.20,elevated,0,off,0,47.83
XAUUSD,H4,2026-02-11T08:00:00Z,50.622143,0.3869,68.06,normal,1,low,0,56.91
XAUUSD,H4,2026-02-11T12:00:00Z,52.609286,0.4070,72.02,elevated,1,low,0,60.41
XAUUSD,H4,2026-02-11T16:00:00Z,53.682143,0.4213,74.01,elevated,1,medium,0,63.89
XAUUSD,H4,2026-02-11T20:00:00Z,52.599286,0.4193,71.23,elevated,1,medium,0,67.31
XAUUSD,H4,2026-02-12T00:00:00Z,50.925000,0.4138,67.26,normal,1,medium,0,76.56
XAUUSD,H4,2026-02-12T04:00:00Z,49.842857,0.4142,64.88,normal,1,high,0,77.90
XAUUSD,H4,2026-02-12T08:00:00Z,45.907143,0.3916,59.72,normal,1,high,0,79.47
XAUUSD,H4,2026-02-12T12:00:00Z,45.182857,0.3966,58.93,normal,1,high,0,82.03
XAUUSD,H4,2026-02-12T16:00:00Z,56.222143,0.5082,75.60,elevated,1,medium,0,72.72
XAUUSD,H4,2026-02-12T20:00:00Z,57.135000,0.5329,75.60,elevated,1,medium,0,72.71
XAUUSD,H4,2026-02-13T00:00:00Z,58.820714,0.5670,77.18,elevated,1,low,0,73.12
XAUUSD,H4,2026-02-13T04:00:00Z,59.647857,0.5951,77.58,elevated,1,low,0,73.71
XAUUSD,H4,2026-02-13T08:00:00Z,60.562143,0.6237,77.58,elevated,1,low,0,71.03
XAUUSD,H4,2026-02-13T12:00:00Z,63.027857,0.6698,79.17,elevated,1,low,0,68.92
XAUUSD,H4,2026-02-13T16:00:00Z,66.082857,0.7247,79.17,elevated,1,low,0,67.00
XAUUSD,H4,2026-02-13T20:00:00Z,61.100714,0.6915,77.58,elevated,1,low,0,69.69
XAUUSD,H4,2026-02-16T00:00:00Z,60.420000,0.7045,75.99,elevated,1,low,0,68.20
XAUUSD,H4,2026-02-16T04:00:00Z,63.159286,0.7581,78.77,elevated,1,low,0,67.11
XAUUSD,H4,2026-02-16T08:00:00Z,61.545000,0.7591,77.98,elevated,1,low,0,66.55
XAUUSD,H4,2026-02-16T12:00:00Z,61.552143,0.7778,77.98,elevated,1,low,0,65.61
XAUUSD,H4,2026-02-16T16:00:00Z,61.339286,0.7910,77.18,elevated,1,low,0,65.07
XAUUSD,H4,2026-02-16T20:00:00Z,59.486429,0.7803,73.61,elevated,1,low,0,65.14
XAUUSD,H4,2026-02-17T00:00:00Z,50.796429,0.6779,61.31,normal,1,low,0,71.09
XAUUSD,H4,2026-02-17T04:00:00Z,55.068571,0.7463,70.04,elevated,1,low,0,66.37
XAUUSD,H4,2026-02-17T08:00:00Z,50.973571,0.7009,61.71,normal,1,low,0,71.94
XAUUSD,H4,2026-02-17T12:00:00Z,52.530714,0.7339,64.48,normal,1,low,0,71.34
XAUUSD,H4,2026-02-17T16:00:00Z,54.077857,0.7660,68.45,normal,1,low,0,67.68
XAUUSD,H4,2026-02-17T20:00:00Z,52.817143,0.7588,65.67,normal,1,low,0,68.84
XAUUSD,H4,2026-02-18T00:00:00Z,50.645000,0.7382,58.53,normal,0,off,1,68.46
XAUUSD,H4,2026-02-18T04:00:00Z,52.316429,0.7742,62.50,normal,1,low,0,67.50
XAUUSD,H4,2026-02-18T08:00:00Z,50.584286,0.7612,57.34,normal,0,off,1,67.18
XAUUSD,H4,2026-02-18T12:00:00Z,50.370000,0.7720,56.15,normal,0,off,0,67.42
XAUUSD,H4,2026-02-18T16:00:00Z,52.258571,0.8143,61.31,normal,0,off,0,64.94
XAUUSD,H4,2026-02-18T20:00:00Z,52.465714,0.8320,63.29,normal,0,off,0,62.79
XAUUSD,H4,2026-02-19T00:00:00Z,52.290714,0.8447,60.91,normal,0,off,0,60.05
XAUUSD,H4,2026-02-19T04:00:00Z,53.997857,0.8880,68.06,normal,0,off,0,56.91
XAUUSD,H4,2026-02-19T08:00:00Z,50.540000,0.8449,55.36,normal,0,off,0,62.42
XAUUSD,H4,2026-02-19T12:00:00Z,44.560714,0.7584,46.23,normal,0,off,0,67.02
XAUUSD,H4,2026-02-19T16:00:00Z,45.445000,0.7868,47.82,normal,0,off,0,66.40
XAUUSD,H4,2026-02-19T20:00:00Z,42.220000,0.7422,41.87,normal,0,off,0,69.36
XAUUSD,H4,2026-02-20T00:00:00Z,39.667857,0.7086,39.88,normal,0,off,0,63.77
XAUUSD,H4,2026-02-20T04:00:00Z,38.386429,0.6963,39.09,normal,0,off,0,65.95
XAUUSD,H4,2026-02-20T08:00:00Z,38.297143,0.7054,38.69,normal,0,off,0,60.19
XAUUSD,H4,2026-02-20T12:00:00Z,37.412857,0.6987,35.52,normal,0,off,0,59.80
XAUUSD,H4,2026-02-20T16:00:00Z,41.430000,0.7816,40.28,normal,0,off,0,53.92
XAUUSD,H4,2026-02-20T20:00:00Z,40.787857,0.7754,39.48,normal,0,off,0,47.26
XAUUSD,H4,2026-02-23T00:00:00Z,41.785000,0.8003,40.28,normal,0,off,0,41.24
XAUUSD,H4,2026-02-23T04:00:00Z,41.362143,0.7973,39.48,normal,0,off,0,41.99
XAUUSD,H4,2026-02-23T08:00:00Z,42.161429,0.8167,40.67,normal,0,off,0,40.01
XAUUSD,H4,2026-02-23T12:00:00Z,41.372857,0.8055,39.09,normal,0,off,0,42.28
XAUUSD,H4,2026-02-23T16:00:00Z,44.839286,0.8750,46.23,normal,0,off,0,36.61
XAUUSD,H4,2026-02-23T20:00:00Z,45.482143,0.8900,47.82,normal,0,off,0,36.00
XAUUSD,H4,2026-02-24T00:00:00Z,48.770714,0.9562,52.58,normal,0,off,0,34.78
XAUUSD,H4,2026-02-24T04:00:00Z,48.888571,0.9599,52.58,normal,0,off,0,32.85
XAUUSD,H4,2026-02-24T08:00:00Z,48.813571,0.9592,52.18,normal,0,off,0,33.06
XAUUSD,H4,2026-02-24T12:00:00Z,51.782857,1.0168,58.93,normal,0,off,0,28.00
XAUUSD,H4,2026-02-24T16:00:00Z,54.206429,1.0609,68.45,normal,0,off,0,27.98
XAUUSD,H4,2026-02-24T20:00:00Z,53.595714,1.0455,66.47,normal,0,off,0,30.83
XAUUSD,H4,2026-02-25T00:00:00Z,52.360000,1.0230,61.31,normal,0,off,0,35.31
XAUUSD,H4,2026-02-25T04:00:00Z,51.678571,1.0118,57.34,normal,0,off,0,39.05
XAUUSD,H4,2026-02-25T08:00:00Z,48.276429,0.9491,48.61,normal,0,off,0,41.37
XAUUSD,H4,2026-02-25T12:00:00Z,49.390000,0.9749,50.60,normal,0,off,0,42.02
XAUUSD,H4,2026-02-25T16:00:00Z,50.770714,1.0061,54.96,normal,1,low,0,40.06
XAUUSD,H4,2026-02-25T20:00:00Z,53.689286,1.0679,66.87,normal,1,medium,0,38.78
XAUUSD,H4,2026-02-26T00:00:00Z,51.202857,1.0245,56.15,normal,1,medium,0,50.30
XAUUSD,H4,2026-02-26T04:00:00Z,50.812857,1.0209,54.56,normal,1,medium,0,55.38
XAUUSD,H4,2026-02-26T08:00:00Z,45.659286,0.9228,42.26,normal,1,medium,0,60.83
XAUUSD,H4,2026-02-26T12:00:00Z,45.787857,0.9320,42.26,normal,1,medium,0,61.73
XAUUSD,H4,2026-02-26T16:00:00Z,48.209286,0.9866,46.23,normal,1,medium,0,61.35
XAUUSD,H4,2026-02-26T20:00:00Z,45.980714,0.9470,42.26,normal,1,high,0,65.81
XAUUSD,H4,2026-02-27T00:00:00Z,42.878571,0.8899,35.52,normal,1,high,0,69.07
XAUUSD,H4,2026-02-27T04:00:00Z,42.437143,0.8870,34.72,normal,1,high,0,69.76
XAUUSD,H4,2026-02-27T08:00:00Z,39.487857,0.8293,29.96,calm,1,high,0,73.84
XAUUSD,H4,2026-02-27T12:00:00Z,41.486429,0.8763,33.13,normal,1,medium,0,70.16
XAUUSD,H4,2026-02-27T16:00:00Z,42.826429,0.9077,35.91,normal,1,medium,0,65.15
XAUUSD,H4,2026-02-27T20:00:00Z,44.131429,0.9387,38.29,normal,1,medium,0,60.46
XAUUSD,H4,2026-03-02T00:00:00Z,48.057143,1.0248,45.44,normal,1,low,0,37.81
XAUUSD,H4,2026-03-02T04:00:00Z,47.156429,1.0080,44.25,normal,0,off,1,39.77
XAUUSD,H4,2026-03-02T08:00:00Z,48.062143,1.0285,46.23,normal,0,off,0,35.37
XAUUSD,H4,2026-03-02T12:00:00Z,48.787143,1.0456,49.01,normal,0,off,0,33.66
XAUUSD,H4,2026-03-02T16:00:00Z,56.078571,1.1991,70.04,elevated,0,off,0,30.16
XAUUSD,H4,2026-03-02T20:00:00Z,57.830000,1.2326,71.23,elevated,0,off,0,31.92
XAUUSD,H4,2026-03-03T00:00:00Z,57.535714,1.2236,70.44,elevated,0,off,0,30.06
XAUUSD,H4,2026-03-03T04:00:00Z,59.695714,1.2656,74.01,elevated,0,off,0,30.14
XAUUSD,H4,2026-03-03T08:00:00Z,65.534286,1.3816,78.77,elevated,0,off,0,33.93
XAUUSD,H4,2026-03-03T12:00:00Z,78.950000,1.6472,81.55,elevated,0,off,0,39.61
XAUUSD,H4,2026-03-03T16:00:00Z,89.830000,1.8439,83.53,elevated,0,off,0,32.78
XAUUSD,H4,2026-03-03T20:00:00Z,89.657143,1.8069,83.13,elevated,0,off,0,31.62
XAUUSD,H4,2026-03-04T00:00:00Z,93.292857,1.8446,83.53,elevated,0,off,0,33.02
XAUUSD,H4,2026-03-04T04:00:00Z,92.671429,1.7965,83.13,elevated,0,off,0,33.66
XAUUSD,H4,2026-03-04T08:00:00Z,89.115000,1.6950,81.94,elevated,0,off,0,34.32
XAUUSD,H4,2026-03-04T12:00:00Z,89.091429,1.6625,81.55,elevated,0,off,0,34.42
XAUUSD,H4,2026-03-04T16:00:00Z,89.752857,1.6433,82.34,elevated,0,off,0,36.30
XAUUSD,H4,2026-03-04T20:00:00Z,89.442857,1.6070,81.55,elevated,0,off,0,34.32
XAUUSD,H4,2026-03-05T00:00:00Z,83.107857,1.4712,79.56,elevated,0,off,0,34.60
XAUUSD,H4,2026-03-05T04:00:00Z,82.375000,1.4370,79.17,elevated,0,off,0,33.61
XAUUSD,H4,2026-03-05T08:00:00Z,82.488571,1.4189,79.17,elevated,0,off,0,31.68
XAUUSD,H4,2026-03-05T12:00:00Z,83.837143,1.4213,79.56,elevated,0,off,0,32.77
XAUUSD,H4,2026-03-05T16:00:00Z,81.405714,1.3619,77.98,elevated,0,off,0,33.40
XAUUSD,H4,2026-03-05T20:00:00Z,69.188571,1.1469,74.40,elevated,0,off,0,35.16
XAUUSD,H4,2026-03-06T00:00:00Z,61.906429,1.0204,71.63,elevated,0,off,0,41.93
XAUUSD,H4,2026-03-06T04:00:00Z,58.880000,0.9662,65.67,normal,1,low,0,45.06
XAUUSD,H4,2026-03-06T08:00:00Z,54.962143,0.9001,60.91,normal,1,low,0,50.12
XAUUSD,H4,2026-03-06T12:00:00Z,56.314286,0.9200,62.10,normal,1,medium,0,52.69
XAUUSD,H4,2026-03-06T16:00:00Z,58.219286,0.9482,64.09,normal,1,high,0,57.09
XAUUSD,H4,2026-03-06T20:00:00Z,57.238571,0.9306,62.10,normal,1,medium,0,64.80
XAUUSD,H4,2026-03-09T00:00:00Z,64.696429,1.0483,72.42,elevated,1,medium,0,58.52
XAUUSD,H4,2026-03-09T04:00:00Z,68.280714,1.1011,73.61,elevated,1,medium,0,57.29
XAUUSD,H4,2026-03-09T08:00:00Z,69.283571,1.1112,74.40,elevated,1,medium,0,59.52
XAUUSD,H4,2026-03-09T12:00:00Z,69.702143,1.1115,74.40,elevated,1,medium,0,54.19
XAUUSD,H4,2026-03-09T16:00:00Z,69.378571,1.0990,74.01,elevated,1,medium,0,52.75
XAUUSD,H4,2026-03-09T20:00:00Z,67.183571,1.0582,71.63,elevated,1,medium,0,55.05
XAUUSD,H4,2026-03-10T00:00:00Z,64.535000,1.0121,70.04,elevated,1,medium,0,57.27
XAUUSD,H4,2026-03-10T04:00:00Z,65.853571,1.0289,70.83,elevated,1,medium,0,56.99
XAUUSD,H4,2026-03-10T08:00:00Z,62.947143,0.9799,68.45,normal,1,medium,0,59.82
XAUUSD,H4,2026-03-10T12:00:00Z,63.532857,0.9851,69.25,normal,1,medium,0,58.93
XAUUSD,H4,2026-03-10T16:00:00Z,64.531429,0.9947,69.25,normal,1,medium,0,59.19
XAUUSD,H4,2026-03-10T20:00:00Z,64.964286,0.9955,70.04,elevated,1,low,0,57.34
XAUUSD,H4,2026-03-11T00:00:00Z,61.068571,0.9322,64.09,normal,1,low,0,60.31
XAUUSD,H4,2026-03-11T04:00:00Z,60.557857,0.9203,62.50,normal,1,low,0,60.28
XAUUSD,H4,2026-03-11T08:00:00Z,50.978571,0.7728,41.07,normal,1,low,0,67.50
XAUUSD,H4,2026-03-11T12:00:00Z,46.918571,0.7103,28.37,calm,1,low,0,72.12
XAUUSD,H4,2026-03-11T16:00:00Z,46.024286,0.6954,27.58,calm,1,low,0,73.97
XAUUSD,H4,2026-03-11T20:00:00Z,44.320714,0.6691,23.61,calm,1,low,0,73.60
XAUUSD,H4,2026-03-12T00:00:00Z,44.533571,0.6719,23.61,calm,1,low,0,71.63
XAUUSD,H4,2026-03-12T04:00:00Z,42.802143,0.6461,21.23,calm,1,low,0,73.43
XAUUSD,H4,2026-03-12T08:00:00Z,43.803571,0.6620,22.02,calm,1,low,0,67.95
XAUUSD,H4,2026-03-12T12:00:00Z,41.366429,0.6263,17.66,calm,1,low,0,76.48
XAUUSD,H4,2026-03-12T16:00:00Z,44.225714,0.6704,22.82,calm,1,medium,0,74.33
XAUUSD,H4,2026-03-12T20:00:00Z,47.028571,0.7132,28.37,calm,1,low,0,71.75
XAUUSD,H4,2026-03-13T00:00:00Z,46.203571,0.7028,27.18,calm,1,low,0,72.53
XAUUSD,H4,2026-03-13T04:00:00Z,42.707857,0.6526,19.25,calm,1,low,0,74.68
XAUUSD,H4,2026-03-13T08:00:00Z,43.685000,0.6704,20.44,calm,1,low,0,74.29
XAUUSD,H4,2026-03-13T12:00:00Z,44.606429,0.6877,23.21,calm,1,low,0,74.30
XAUUSD,H4,2026-03-13T16:00:00Z,49.396429,0.7654,34.33,normal,0,off,1,63.59
XAUUSD,H4,2026-03-13T20:00:00Z,51.082857,0.7984,41.07,normal,0,off,0,59.10
XAUUSD,H4,2026-03-16T00:00:00Z,52.262143,0.8266,43.45,normal,0,off,0,47.14
XAUUSD,H4,2026-03-16T04:00:00Z,53.345000,0.8535,49.40,normal,0,off,0,45.67
XAUUSD,H4,2026-03-16T08:00:00Z,52.850714,0.8567,47.82,normal,0,off,0,45.77
XAUUSD,H4,2026-03-16T12:00:00Z,54.279286,0.8909,52.58,normal,0,off,0,47.05
XAUUSD,H4,2026-03-16T16:00:00Z,55.095714,0.9145,54.56,normal,0,off,0,48.76
XAUUSD,H4,2026-03-16T20:00:00Z,55.786429,0.9363,54.56,normal,0,off,0,46.46
XAUUSD,H4,2026-03-17T00:00:00Z,51.598571,0.8773,39.09,normal,0,off,0,49.48
XAUUSD,H4,2026-03-17T04:00:00Z,49.637143,0.8555,31.15,normal,0,off,0,51.51
XAUUSD,H4,2026-03-17T08:00:00Z,49.423571,0.8619,30.75,normal,0,off,0,49.28
XAUUSD,H4,2026-03-17T12:00:00Z,50.000000,0.8819,31.94,normal,0,off,0,49.30
XAUUSD,H4,2026-03-17T16:00:00Z,50.582857,0.9023,33.93,normal,0,off,0,48.71
XAUUSD,H4,2026-03-17T20:00:00Z,48.502857,0.8762,27.18,calm,1,low,0,50.04
XAUUSD,H4,2026-03-18T00:00:00Z,42.572857,0.7801,12.50,calm,1,low,0,63.68
XAUUSD,H4,2026-03-18T04:00:00Z,41.133571,0.7615,8.53,squeeze,1,low,0,64.21
XAUUSD,H4,2026-03-18T08:00:00Z,39.380000,0.7352,6.94,squeeze,1,low,0,65.05
XAUUSD,H4,2026-03-18T12:00:00Z,45.181429,0.8478,18.06,calm,1,low,0,54.35
XAUUSD,H4,2026-03-18T16:00:00Z,45.817857,0.8627,20.04,calm,1,low,0,44.87
XAUUSD,H4,2026-03-18T20:00:00Z,48.498571,0.9159,26.79,calm,0,off,1,40.46
XAUUSD,H4,2026-03-19T00:00:00Z,47.084286,0.8929,22.82,calm,0,off,0,47.81
XAUUSD,H4,2026-03-19T04:00:00Z,46.838571,0.8918,21.23,calm,0,off,0,49.43
XAUUSD,H4,2026-03-19T08:00:00Z,57.494286,1.0977,56.55,normal,0,off,0,22.06
XAUUSD,H4,2026-03-19T12:00:00Z,68.010000,1.2986,71.63,elevated,0,off,0,13.53
XAUUSD,H4,2026-03-19T16:00:00Z,75.642143,1.4408,75.20,elevated,0,off,0,12.86
XAUUSD,H4,2026-03-19T20:00:00Z,79.620714,1.5109,76.39,elevated,0,off,0,14.62
XAUUSD,H4,2026-03-20T00:00:00Z,78.555000,1.4855,75.60,elevated,0,off,0,15.69
XAUUSD,H4,2026-03-20T04:00:00Z,84.532143,1.5881,79.56,elevated,0,off,0,16.40
XAUUSD,H4,2026-03-20T08:00:00Z,88.408571,1.6462,80.36,elevated,0,off,0,17.64
XAUUSD,H4,2026-03-20T12:00:00Z,90.509286,1.6700,82.74,elevated,0,off,0,18.38
XAUUSD,H4,2026-03-20T16:00:00Z,97.622143,1.7784,83.93,elevated,0,off,0,19.29
XAUUSD,H4,2026-03-20T20:00:00Z,97.500714,1.7545,83.53,elevated,0,off,0,21.00
XAUUSD,H4,2026-03-23T00:00:00Z,108.643571,1.9245,87.90,elevated,0,off,0,20.50
XAUUSD,H4,2026-03-23T04:00:00Z,110.871429,1.9325,89.88,elevated,0,off,0,19.68
XAUUSD,H4,2026-03-23T08:00:00Z,127.805000,2.1770,91.87,extreme,0,off,0,19.56
XAUUSD,H4,2026-03-23T12:00:00Z,144.557143,2.3939,92.66,extreme,0,off,0,20.54
XAUUSD,H4,2026-03-23T16:00:00Z,144.167143,2.3159,92.26,extreme,0,off,0,22.01
XAUUSD,H4,2026-03-23T20:00:00Z,137.152143,2.1412,91.47,extreme,0,off,0,26.00
XAUUSD,H4,2026-03-24T00:00:00Z,135.160714,2.0529,91.07,extreme,0,off,0,27.54
XAUUSD,H4,2026-03-24T04:00:00Z,134.010714,1.9815,90.67,extreme,0,off,0,30.42
XAUUSD,H4,2026-03-24T08:00:00Z,139.052143,2.0001,91.47,extreme,0,off,0,32.06
XAUUSD,H4,2026-03-24T12:00:00Z,137.867857,1.9303,91.07,extreme,0,off,0,32.01
XAUUSD,H4,2026-03-24T16:00:00Z,138.597857,1.8903,91.07,extreme,0,off,0,39.35
XAUUSD,H4,2026-03-24T20:00:00Z,142.061429,1.8858,91.87,extreme,0,off,0,38.19
XAUUSD,H4,2026-03-25T00:00:00Z,140.452143,1.8180,91.07,extreme,0,off,0,39.58
XAUUSD,H4,2026-03-25T04:00:00Z,135.210714,1.7111,89.09,elevated,0,off,0,39.33
XAUUSD,H4,2026-03-25T08:00:00Z,122.652857,1.5227,86.31,elevated,0,off,0,36.47
XAUUSD,H4,2026-03-25T12:00:00Z,118.397143,1.4427,85.91,elevated,1,low,0,36.35
XAUUSD,H4,2026-03-25T16:00:00Z,102.160714,1.2274,78.77,elevated,1,low,0,38.46
XAUUSD,H4,2026-03-25T20:00:00Z,88.819286,1.0559,72.42,elevated,1,low,0,44.11
XAUUSD,H4,2026-03-26T00:00:00Z,80.853571,0.9541,68.06,normal,1,low,0,55.03
XAUUSD,H4,2026-03-26T04:00:00Z,77.125714,0.9045,64.88,normal,1,low,0,57.36
XAUUSD,H4,2026-03-26T08:00:00Z,76.482143,0.8919,64.48,normal,1,low,0,54.91
XAUUSD,H4,2026-03-26T12:00:00Z,74.239286,0.8615,62.90,normal,1,low,0,53.02
XAUUSD,H4,2026-03-26T16:00:00Z,74.145000,0.8562,62.50,normal,1,low,0,57.51
XAUUSD,H4,2026-03-26T20:00:00Z,73.425000,0.8442,62.10,normal,1,low,0,64.06
XAUUSD,H4,2026-03-27T00:00:00Z,70.304286,0.8055,61.71,normal,1,low,0,63.02
XAUUSD,H4,2026-03-27T04:00:00Z,67.452857,0.7707,58.13,normal,0,off,1,66.22
XAUUSD,H4,2026-03-27T08:00:00Z,62.835000,0.7161,52.98,normal,0,off,0,69.89
XAUUSD,H4,2026-03-27T12:00:00Z,62.186429,0.7067,52.58,normal,1,low,0,66.82
XAUUSD,H4,2026-03-27T16:00:00Z,69.422143,0.7854,60.91,normal,1,low,0,67.97
XAUUSD,H4,2026-03-27T20:00:00Z,67.875000,0.7648,58.13,normal,1,low,0,67.99
XAUUSD,H4,2026-03-30T00:00:00Z,70.832857,0.7945,62.10,normal,1,low,0,67.91
XAUUSD,H4,2026-03-30T04:00:00Z,71.090000,0.7934,62.50,normal,1,low,0,68.40
XAUUSD,H4,2026-03-30T08:00:00Z,71.345000,0.7911,62.90,normal,1,low,0,68.47
XAUUSD,H4,2026-03-30T12:00:00Z,72.265714,0.7958,63.29,normal,1,low,0,71.72
XAUUSD,H4,2026-03-30T16:00:00Z,69.187143,0.7570,59.72,normal,1,low,0,73.55
XAUUSD,H4,2026-03-30T20:00:00Z,69.710714,0.7586,62.10,normal,1,low,0,73.71
XAUUSD,H4,2026-03-31T00:00:00Z,66.397857,0.7193,57.34,normal,1,low,0,76.22
XAUUSD,H4,2026-03-31T04:00:00Z,67.660714,0.7300,58.53,normal,1,low,0,73.42
XAUUSD,H4,2026-03-31T08:00:00Z,67.522143,0.7253,58.53,normal,1,low,0,73.36
XAUUSD,H4,2026-03-31T12:00:00Z,67.242857,0.7192,58.13,normal,1,low,0,72.95
XAUUSD,H4,2026-03-31T16:00:00Z,69.561429,0.7420,63.29,normal,0,off,1,69.83
XAUUSD,H4,2026-03-31T20:00:00Z,70.279286,0.7493,64.48,normal,0,off,0,61.46
XAUUSD,H4,2026-04-01T00:00:00Z,64.285000,0.6871,54.56,normal,0,off,0,56.95
XAUUSD,H4,2026-04-01T04:00:00Z,65.346429,0.7006,56.55,normal,0,off,0,57.99
XAUUSD,H4,2026-04-01T08:00:00Z,63.737857,0.6855,54.56,normal,0,off,0,57.00
XAUUSD,H4,2026-04-01T12:00:00Z,61.187143,0.6614,50.20,normal,0,off,0,58.44
XAUUSD,H4,2026-04-01T16:00:00Z,62.662857,0.6811,52.98,normal,0,off,0,55.93
XAUUSD,H4,2026-04-01T20:00:00Z,62.222143,0.6805,52.98,normal,0,off,0,57.25
XAUUSD,H4,2026-04-02T00:00:00Z,60.952857,0.6720,49.01,normal,0,off,0,53.73
XAUUSD,H4,2026-04-02T04:00:00Z,67.234286,0.7463,60.91,normal,0,off,0,52.64
XAUUSD,H4,2026-04-02T08:00:00Z,71.570000,0.8010,69.64,normal,0,off,0,52.41
XAUUSD,H4,2026-04-02T12:00:00Z,68.342857,0.7722,64.48,normal,0,off,0,59.95
XAUUSD,H4,2026-04-02T16:00:00Z,74.142857,0.8480,71.23,elevated,0,off,0,56.17
XAUUSD,H4,2026-04-02T20:00:00Z,71.862143,0.8358,70.44,elevated,0,off,0,57.55
XAUUSD,H4,2026-04-06T00:00:00Z,71.245714,0.8430,69.64,normal,0,off,0,58.17
XAUUSD,H4,2026-04-06T04:00:00Z,71.274286,0.8567,70.04,elevated,0,off,0,57.46
XAUUSD,H4,2026-04-06T08:00:00Z,71.063571,0.8675,69.25,normal,1,low,0,63.72
XAUUSD,H4,2026-04-06T12:00:00Z,70.335000,0.8722,68.85,normal,1,low,0,62.19
XAUUSD,H4,2026-04-06T16:00:00Z,68.381429,0.8631,64.88,normal,1,low,0,64.17
XAUUSD,H4,2026-04-06T20:00:00Z,66.301429,0.8522,60.12,normal,1,low,0,67.23
XAUUSD,H4,2026-04-07T00:00:00Z,62.327857,0.8172,53.77,normal,1,low,0,66.65
XAUUSD,H4,2026-04-07T04:00:00Z,62.150714,0.8323,52.98,normal,1,low,0,66.61
XAUUSD,H4,2026-04-07T08:00:00Z,63.536429,0.8687,56.94,normal,1,low,0,65.34
XAUUSD,H4,2026-04-07T12:00:00Z,58.419286,0.8159,45.83,normal,1,low,0,68.74
XAUUSD,H4,2026-04-07T16:00:00Z,53.745714,0.7654,37.90,normal,1,low,0,70.61
XAUUSD,H4,2026-04-07T20:00:00Z,55.357143,0.8027,41.87,normal,1,low,0,68.83
XAUUSD,H4,2026-04-08T00:00:00Z,57.656429,0.8470,45.44,normal,1,low,0,59.60
XAUUSD,H4,2026-04-08T04:00:00Z,57.720714,0.8558,45.83,normal,1,low,0,57.17
XAUUSD,H4,2026-04-08T08:00:00Z,56.158571,0.8387,43.06,normal,1,low,0,57.28
XAUUSD,H4,2026-04-08T12:00:00Z,55.303571,0.8314,41.87,normal,0,off,1,53.20
XAUUSD,H4,2026-04-08T16:00:00Z,56.710714,0.8576,44.64,normal,0,off,0,54.40
XAUUSD,H4,2026-04-08T20:00:00Z,57.963571,0.8809,47.82,normal,1,low,0,54.54
XAUUSD,H4,2026-04-09T00:00:00Z,57.164286,0.8733,45.44,normal,0,off,1,56.61
XAUUSD,H4,2026-04-09T04:00:00Z,58.067143,0.8913,49.01,normal,0,off,0,55.36
XAUUSD,H4,2026-04-09T08:00:00Z,58.825714,0.9061,50.60,normal,0,off,0,54.79
XAUUSD,H4,2026-04-09T12:00:00Z,58.000000,0.8960,49.01,normal,0,off,0,55.34
XAUUSD,H4,2026-04-09T16:00:00Z,57.595714,0.8912,47.02,normal,0,off,0,50.72
XAUUSD,H4,2026-04-09T20:00:00Z,55.802143,0.8651,43.06,normal,0,off,0,51.71
XAUUSD,H4,2026-04-10T00:00:00Z,53.556429,0.8344,36.71,normal,0,off,0,55.03
XAUUSD,H4,2026-04-10T04:00:00Z,51.698571,0.8096,31.55,normal,0,off,0,58.63
XAUUSD,H4,2026-04-10T08:00:00Z,43.627143,0.6890,8.93,squeeze,1,low,0,66.55
XAUUSD,H4,2026-04-10T12:00:00Z,43.959286,0.7003,10.12,calm,1,low,0,65.16
XAUUSD,H4,2026-04-10T16:00:00Z,43.550000,0.7000,8.93,squeeze,1,low,0,64.90
XAUUSD,H4,2026-04-10T20:00:00Z,43.025000,0.6981,8.93,squeeze,1,low,0,64.50
XAUUSD,H4,2026-04-13T00:00:00Z,45.211429,0.7393,14.88,calm,1,medium,0,70.58
XAUUSD,H4,2026-04-13T04:00:00Z,43.065000,0.7104,9.33,squeeze,1,medium,0,71.90
XAUUSD,H4,2026-04-13T08:00:00Z,42.302143,0.7034,6.55,squeeze,1,medium,0,69.37
XAUUSD,H4,2026-04-13T12:00:00Z,41.738571,0.7001,5.36,squeeze,1,medium,0,69.08
XAUUSD,H4,2026-04-13T16:00:00Z,42.935000,0.7261,9.72,squeeze,1,medium,0,76.37
XAUUSD,H4,2026-04-13T20:00:00Z,42.229286,0.7203,6.94,squeeze,1,medium,0,76.56
XAUUSD,H4,2026-04-14T00:00:00Z,40.324286,0.6947,2.58,squeeze,1,medium,0,77.95
XAUUSD,H4,2026-04-14T04:00:00Z,38.567857,0.6718,1.39,squeeze,1,medium,0,77.99
XAUUSD,H4,2026-04-14T08:00:00Z,39.224286,0.6893,1.79,squeeze,1,medium,0,74.03
XAUUSD,H4,2026-04-14T12:00:00Z,39.135000,0.6941,1.79,squeeze,1,medium,0,73.25
XAUUSD,H4,2026-04-14T16:00:00Z,39.910000,0.7139,3.77,squeeze,1,medium,0,72.32
XAUUSD,H4,2026-04-14T20:00:00Z,39.557143,0.7131,3.37,squeeze,1,low,0,67.55
XAUUSD,H4,2026-04-15T00:00:00Z,37.859286,0.6886,0.60,squeeze,1,low,0,63.68
XAUUSD,H4,2026-04-15T04:00:00Z,39.472857,0.7240,3.37,squeeze,1,low,0,58.00
XAUUSD,H4,2026-04-15T08:00:00Z,33.864286,0.6273,0.20,squeeze,0,off,1,62.82
XAUUSD,H4,2026-04-15T12:00:00Z,33.784286,0.6337,0.20,squeeze,0,off,0,61.99
XAUUSD,H4,2026-04-15T16:00:00Z,35.222857,0.6698,0.99,squeeze,0,off,0,59.30
XAUUSD,H4,2026-04-15T20:00:00Z,34.907857,0.6724,0.99,squeeze,0,off,0,58.24
XAUUSD,H4,2026-04-16T00:00:00Z,35.010000,0.6847,1.39,squeeze,0,off,0,57.48
XAUUSD,H4,2026-04-16T04:00:00Z,34.890000,0.6923,0.99,squeeze,0,off,0,55.12
XAUUSD,H4,2026-04-16T08:00:00Z,34.625714,0.6972,0.99,squeeze,0,off,0,61.73
XAUUSD,H4,2026-04-16T12:00:00Z,34.778571,0.7107,1.39,squeeze,0,off,0,59.65
XAUUSD,H4,2026-04-16T16:00:00Z,35.697143,0.7402,3.37,squeeze,1,low,0,59.57
XAUUSD,H4,2026-04-16T20:00:00Z,34.265000,0.7213,0.99,squeeze,1,low,0,60.01
XAUUSD,H4,2026-04-17T00:00:00Z,31.845000,0.6808,0.20,squeeze,1,low,0,65.90
XAUUSD,H4,2026-04-17T04:00:00Z,31.856429,0.6913,0.60,squeeze,1,medium,0,71.57
XAUUSD,H4,2026-04-17T08:00:00Z,32.119286,0.7062,0.99,squeeze,1,medium,0,72.61
XAUUSD,H4,2026-04-17T12:00:00Z,32.899286,0.7328,1.39,squeeze,1,medium,0,73.50
XAUUSD,H4,2026-04-17T16:00:00Z,35.055714,0.7909,4.96,squeeze,1,medium,0,69.88
XAUUSD,H4,2026-04-17T20:00:00Z,35.473571,0.8087,5.75,squeeze,1,medium,0,71.73
XAUUSD,H4,2026-04-20T00:00:00Z,39.162143,0.8987,8.93,squeeze,1,medium,0,60.90
XAUUSD,H4,2026-04-20T04:00:00Z,40.759286,0.9417,12.50,calm,1,medium,0,59.81
XAUUSD,H4,2026-04-20T08:00:00Z,39.272143,0.9151,9.72,squeeze,1,medium,0,61.27
XAUUSD,H4,2026-04-20T12:00:00Z,40.260714,0.9458,12.50,calm,1,medium,0,60.29
XAUUSD,H4,2026-04-20T16:00:00Z,40.509286,0.9587,13.29,calm,1,medium,0,59.78
XAUUSD,H4,2026-04-20T20:00:00Z,40.506429,0.9654,13.29,calm,1,medium,0,60.12
XAUUSD,H4,2026-04-21T00:00:00Z,37.995714,0.9137,7.34,squeeze,1,medium,0,62.34
XAUUSD,H4,2026-04-21T04:00:00Z,39.325714,0.9543,10.52,calm,1,medium,0,60.35
XAUUSD,H4,2026-04-21T08:00:00Z,39.976429,0.9782,13.29,calm,1,medium,0,58.00
XAUUSD,H4,2026-04-21T12:00:00Z,39.714286,0.9806,12.90,calm,1,medium,0,57.34
XAUUSD,H4,2026-04-21T16:00:00Z,43.903571,1.0921,26.39,calm,1,low,0,47.57
XAUUSD,H4,2026-04-21T20:00:00Z,43.061429,1.0792,24.01,calm,1,low,0,39.83
XAUUSD,H4,2026-04-22T00:00:00Z,41.290000,1.0433,16.47,calm,1,low,0,41.24
XAUUSD,H4,2026-04-22T04:00:00Z,40.572857,1.0331,14.88,calm,1,low,0,43.01
XAUUSD,H4,2026-04-22T08:00:00Z,35.226429,0.9055,5.75,squeeze,1,low,0,51.07
XAUUSD,H4,2026-04-22T12:00:00Z,33.522143,0.8698,1.79,squeeze,0,off,1,51.31
XAUUSD,H4,2026-04-22T16:00:00Z,34.263571,0.8934,2.98,squeeze,0,off,0,51.43
XAUUSD,H4,2026-04-22T20:00:00Z,33.025714,0.8660,1.79,squeeze,0,off,0,49.04
XAUUSD,H4,2026-04-23T00:00:00Z,34.786429,0.9164,4.96,squeeze,1,low,0,51.16
XAUUSD,H4,2026-04-23T04:00:00Z,37.213571,0.9834,8.53,squeeze,1,low,0,55.58
XAUUSD,H4,2026-04-23T08:00:00Z,38.365000,1.0175,9.72,squeeze,0,off,1,48.96
XAUUSD,H4,2026-04-23T12:00:00Z,40.008571,1.0628,15.28,calm,0,off,0,47.98
XAUUSD,H4,2026-04-23T16:00:00Z,40.095714,1.0663,15.67,calm,0,off,0,45.83
XAUUSD,H4,2026-04-23T20:00:00Z,42.748571,1.1363,22.42,calm,1,low,0,42.88
XAUUSD,H4,2026-04-24T00:00:00Z,38.095714,1.0152,9.72,squeeze,1,low,0,46.43
XAUUSD,H4,2026-04-24T04:00:00Z,38.077143,1.0170,9.72,squeeze,1,low,0,47.59
XAUUSD,H4,2026-04-24T08:00:00Z,37.993571,1.0160,9.33,squeeze,1,low,0,50.41
XAUUSD,H4,2026-04-24T12:00:00Z,38.968571,1.0419,11.71,calm,1,medium,0,54.58
XAUUSD,H4,2026-04-24T16:00:00Z,41.116429,1.0982,20.04,calm,1,medium,0,54.17
XAUUSD,H4,2026-04-24T20:00:00Z,41.483571,1.1066,21.63,calm,1,medium,0,54.23
XAUUSD,H4,2026-04-27T00:00:00Z,41.504286,1.1062,22.42,calm,1,medium,0,54.00
XAUUSD,H4,2026-04-27T04:00:00Z,42.771429,1.1380,25.60,calm,1,medium,0,55.76
XAUUSD,H4,2026-04-27T08:00:00Z,39.932143,1.0613,16.47,calm,1,medium,0,59.19
XAUUSD,H4,2026-04-27T12:00:00Z,37.341429,0.9936,8.93,squeeze,1,medium,0,64.59
XAUUSD,H4,2026-04-27T16:00:00Z,37.615000,0.9989,9.33,squeeze,1,medium,0,62.20
XAUUSD,H4,2026-04-27T20:00:00Z,34.680714,0.9205,4.56,squeeze,1,medium,0,65.67
XAUUSD,H4,2026-04-28T00:00:00Z,34.255000,0.9097,3.37,squeeze,1,medium,0,66.07
XAUUSD,H4,2026-04-28T04:00:00Z,31.017143,0.8254,0.20,squeeze,1,medium,0,71.49
XAUUSD,H4,2026-04-28T08:00:00Z,33.327857,0.8877,2.58,squeeze,1,medium,0,64.94
XAUUSD,H4,2026-04-28T12:00:00Z,34.890714,0.9293,7.34,squeeze,1,low,0,50.51
XAUUSD,H4,2026-04-28T16:00:00Z,35.385714,0.9421,9.72,squeeze,0,off,1,47.32
XAUUSD,H4,2026-04-28T20:00:00Z,33.363571,0.8889,2.98,squeeze,0,off,0,47.74
XAUUSD,H4,2026-04-29T00:00:00Z,31.349286,0.8372,0.60,squeeze,0,off,0,49.16
XAUUSD,H4,2026-04-29T04:00:00Z,31.717857,0.8482,0.99,squeeze,0,off,0,43.56
XAUUSD,H4,2026-04-29T08:00:00Z,32.644286,0.8726,2.58,squeeze,0,off,0,44.18
XAUUSD,H4,2026-04-29T12:00:00Z,32.668571,0.8729,2.98,squeeze,0,off,0,42.82
XAUUSD,H4,2026-04-29T16:00:00Z,35.140714,0.9374,10.91,calm,0,off,0,31.65
XAUUSD,H4,2026-04-29T20:00:00Z,36.622143,0.9750,13.29,calm,0,off,0,27.07
XAUUSD,H4,2026-04-30T00:00:00Z,36.510714,0.9713,13.29,calm,0,off,0,28.82
XAUUSD,H4,2026-04-30T04:00:00Z,38.200714,1.0148,17.26,calm,0,off,0,26.41
XAUUSD,H4,2026-04-30T08:00:00Z,43.076429,1.1419,33.93,normal,0,off,0,26.98
XAUUSD,H4,2026-04-30T12:00:00Z,43.623571,1.1547,34.72,normal,0,off,0,28.96
XAUUSD,H4,2026-04-30T16:00:00Z,42.703571,1.1283,30.75,normal,0,off,0,32.55
XAUUSD,H4,2026-04-30T20:00:00Z,38.736429,1.0243,18.45,calm,0,off,0,41.06
XAUUSD,H4,2026-05-01T00:00:00Z,37.285714,0.9876,14.48,calm,0,off,0,42.46
XAUUSD,H4,2026-05-01T04:00:00Z,38.175714,1.0124,17.66,calm,0,off,0,42.48
XAUUSD,H4,2026-05-01T08:00:00Z,40.220000,1.0654,25.60,calm,1,low,0,44.96
XAUUSD,H4,2026-05-01T12:00:00Z,41.483571,1.0976,30.36,normal,1,medium,0,50.65
XAUUSD,H4,2026-05-01T16:00:00Z,43.155714,1.1399,36.71,normal,1,medium,0,54.33
XAUUSD,H4,2026-05-01T20:00:00Z,42.880000,1.1307,34.72,normal,1,low,0,53.56
XAUUSD,H4,2026-05-04T00:00:00Z,41.599286,1.0983,31.15,normal,1,low,0,54.03
XAUUSD,H4,2026-05-04T04:00:00Z,40.966429,1.0828,28.37,calm,1,low,0,53.81
XAUUSD,H4,2026-05-04T08:00:00Z,41.296429,1.0915,29.96,calm,1,low,0,55.32
XAUUSD,H4,2026-05-04T12:00:00Z,42.504286,1.1223,33.53,normal,1,medium,0,55.69
XAUUSD,H4,2026-05-04T16:00:00Z,42.122857,1.1082,32.74,normal,1,low,0,57.09
XAUUSD,H4,2026-05-04T20:00:00Z,41.337143,1.0831,30.36,normal,1,low,0,56.31
XAUUSD,H4,2026-05-05T00:00:00Z,39.645714,1.0358,23.21,calm,1,low,0,56.80
XAUUSD,H4,2026-05-05T04:00:00Z,39.754286,1.0350,24.01,calm,1,low,0,54.97
XAUUSD,H4,2026-05-05T08:00:00Z,40.538571,1.0523,28.37,calm,1,low,0,54.57
XAUUSD,H4,2026-05-05T12:00:00Z,41.115000,1.0651,29.96,calm,1,low,0,52.84
XAUUSD,H4,2026-05-05T16:00:00Z,39.823571,1.0309,24.40,calm,0,off,1,51.09
XAUUSD,H4,2026-05-05T20:00:00Z,37.444286,0.9706,15.28,calm,1,low,0,53.78
XAUUSD,H4,2026-05-06T00:00:00Z,37.418571,0.9712,15.28,calm,1,low,0,54.91
XAUUSD,H4,2026-05-06T04:00:00Z,38.020000,0.9893,17.66,calm,1,low,0,54.91
XAUUSD,H4,2026-05-06T08:00:00Z,39.548571,1.0283,24.01,calm,0,off,1,48.59
XAUUSD,H4,2026-05-06T12:00:00Z,42.088571,1.0920,36.71,normal,0,off,0,40.55
XAUUSD,H4,2026-05-06T16:00:00Z,42.747143,1.1064,39.88,normal,0,off,0,38.63
XAUUSD,H4,2026-05-06T20:00:00Z,40.087143,1.0369,27.98,calm,0,off,0,39.80
XAUUSD,H4,2026-05-07T00:00:00Z,35.310714,0.9161,12.10,calm,0,off,0,41.72
XAUUSD,H4,2026-05-07T04:00:00Z,36.342143,0.9454,13.69,calm,0,off,0,39.20
XAUUSD,H4,2026-05-07T08:00:00Z,39.343571,1.0247,24.01,calm,0,off,0,28.95
XAUUSD,H4,2026-05-07T12:00:00Z,40.036429,1.0442,29.17,calm,0,off,0,28.25
XAUUSD,H4,2026-05-07T16:00:00Z,42.343571,1.1030,40.28,normal,0,off,0,23.01
XAUUSD,H4,2026-05-07T20:00:00Z,42.241429,1.0975,39.88,normal,0,off,0,21.59
XAUUSD,H4,2026-05-08T00:00:00Z,42.174286,1.0932,39.48,normal,0,off,0,19.28
XAUUSD,H4,2026-05-08T04:00:00Z,43.476429,1.1218,47.42,normal,0,off,0,19.53
XAUUSD,H4,2026-05-08T08:00:00Z,40.914286,1.0521,33.53,normal,0,off,0,26.58
XAUUSD,H4,2026-05-08T12:00:00Z,39.960000,1.0229,28.37,calm,0,off,0,29.99
XAUUSD,H4,2026-05-08T16:00:00Z,39.180714,0.9999,22.82,calm,0,off,0,34.80
XAUUSD,H4,2026-05-08T20:00:00Z,35.878571,0.9152,13.69,calm,0,off,0,40.39
XAUUSD,H4,2026-05-11T00:00:00Z,35.657143,0.9094,13.29,calm,0,off,0,41.11
XAUUSD,H4,2026-05-11T04:00:00Z,36.780000,0.9364,15.67,calm,1,medium,0,41.81
XAUUSD,H4,2026-05-11T08:00:00Z,37.986429,0.9639,18.85,calm,1,medium,0,52.18
XAUUSD,H4,2026-05-11T12:00:00Z,39.022857,0.9865,23.61,calm,1,medium,0,56.39
XAUUSD,H4,2026-05-11T16:00:00Z,38.378571,0.9674,22.42,calm,1,medium,0,57.00
XAUUSD,H4,2026-05-11T20:00:00Z,37.787857,0.9501,18.45,calm,1,medium,0,58.74
XAUUSD,H4,2026-05-12T00:00:00Z,36.235000,0.9105,14.48,calm,1,medium,0,66.17
XAUUSD,H4,2026-05-12T04:00:00Z,37.006429,0.9297,16.47,calm,1,medium,0,66.01
XAUUSD,H4,2026-05-12T08:00:00Z,37.263571,0.9358,17.26,calm,1,medium,0,66.31
XAUUSD,H4,2026-05-12T12:00:00Z,36.827857,0.9255,16.47,calm,1,medium,0,66.79
XAUUSD,H4,2026-05-12T16:00:00Z,39.196429,0.9870,27.58,calm,1,medium,0,62.22
XAUUSD,H4,2026-05-12T20:00:00Z,40.430000,1.0197,37.10,normal,1,medium,0,61.18
XAUUSD,H4,2026-05-13T00:00:00Z,38.079286,0.9626,22.82,calm,1,medium,0,62.63
XAUUSD,H4,2026-05-13T04:00:00Z,38.978571,0.9853,26.39,calm,1,medium,0,60.92
XAUUSD,H4,2026-05-13T08:00:00Z,37.277857,0.9423,18.06,calm,1,medium,0,62.05
XAUUSD,H4,2026-05-13T12:00:00Z,37.138571,0.9392,17.26,calm,1,medium,0,62.14
XAUUSD,H4,2026-05-13T16:00:00Z,37.694286,0.9545,20.83,calm,1,medium,0,61.26
XAUUSD,H4,2026-05-13T20:00:00Z,35.769286,0.9084,14.09,calm,1,medium,0,62.41
XAUUSD,H4,2026-05-14T00:00:00Z,33.507143,0.8551,4.96,squeeze,1,medium,0,64.83
XAUUSD,H4,2026-05-14T04:00:00Z,35.011429,0.8971,10.91,calm,1,medium,0,63.53
XAUUSD,H4,2026-05-14T08:00:00Z,34.570000,0.8890,7.74,squeeze,1,medium,0,63.73
XAUUSD,H4,2026-05-14T12:00:00Z,32.951429,0.8509,3.77,squeeze,1,medium,0,64.76
XAUUSD,H4,2026-05-14T16:00:00Z,33.350714,0.8648,4.96,squeeze,1,high,0,64.56
XAUUSD,H4,2026-05-14T20:00:00Z,34.230714,0.8914,7.34,squeeze,1,medium,0,62.38
XAUUSD,H4,2026-05-15T00:00:00Z,32.871429,0.8602,3.37,squeeze,1,medium,0,59.27
XAUUSD,H4,2026-05-15T04:00:00Z,31.390000,0.8257,0.99,squeeze,1,low,0,60.41
XAUUSD,H4,2026-05-15T08:00:00Z,34.399286,0.9074,9.72,squeeze,0,off,1,49.95
XAUUSD,H4,2026-05-15T12:00:00Z,35.210714,0.9310,14.88,calm,0,off,0,47.18
XAUUSD,H4,2026-05-15T16:00:00Z,37.609286,0.9960,24.80,calm,0,off,0,39.30
XAUUSD,H4,2026-05-15T20:00:00Z,37.347857,0.9910,24.01,calm,0,off,0,40.12
XAUUSD,H4,2026-05-18T00:00:00Z,39.799286,1.0561,39.48,normal,0,off,0,22.14
XAUUSD,H4,2026-05-18T04:00:00Z,42.413571,1.1225,54.56,normal,0,off,0,19.42
XAUUSD,H4,2026-05-18T08:00:00Z,43.285000,1.1420,59.33,normal,0,off,0,22.78
XAUUSD,H4,2026-05-18T12:00:00Z,43.368571,1.1410,59.72,normal,0,off,0,24.40
XAUUSD,H4,2026-05-18T16:00:00Z,44.782143,1.1749,62.50,normal,0,off,0,26.63
XAUUSD,H4,2026-05-18T20:00:00Z,45.545000,1.1928,63.29,normal,0,off,0,26.15
XAUUSD,H4,2026-05-19T00:00:00Z,44.614286,1.1673,62.50,normal,0,off,0,25.39
XAUUSD,H4,2026-05-19T04:00:00Z,44.305714,1.1566,62.50,normal,0,off,0,27.46
XAUUSD,H4,2026-05-19T08:00:00Z,42.640000,1.1089,54.96,normal,0,off,0,28.31
XAUUSD,H4,2026-05-19T12:00:00Z,42.294286,1.0965,53.37,normal,0,off,0,26.67
XAUUSD,H4,2026-05-19T16:00:00Z,43.434286,1.1237,60.91,normal,0,off,0,30.08
XAUUSD,H4,2026-05-19T20:00:00Z,42.671429,1.1025,55.75,normal,0,off,0,31.68
XAUUSD,H4,2026-05-20T00:00:00Z,40.965714,1.0591,47.02,normal,1,low,0,38.49
XAUUSD,H4,2026-05-20T04:00:00Z,42.481429,1.0982,55.36,normal,1,low,0,38.55
XAUUSD,H4,2026-05-20T08:00:00Z,39.194286,1.0148,34.72,normal,1,low,0,49.15
XAUUSD,H4,2026-05-20T12:00:00Z,37.223571,0.9669,22.42,calm,1,medium,0,57.98
XAUUSD,H4,2026-05-20T16:00:00Z,41.170000,1.0693,49.40,normal,1,medium,0,55.20
XAUUSD,H4,2026-05-20T20:00:00Z,39.465714,1.0253,37.50,normal,1,medium,0,59.86
XAUUSD,H4,2026-05-21T00:00:00Z,37.052143,0.9636,21.63,calm,1,medium,0,65.39
XAUUSD,H4,2026-05-21T04:00:00Z,37.848571,0.9833,27.58,calm,1,medium,0,64.31
XAUUSD,H4,2026-05-21T08:00:00Z,37.888571,0.9832,28.37,calm,1,low,0,61.57
XAUUSD,H4,2026-05-21T12:00:00Z,38.370714,0.9949,32.74,normal,1,low,0,60.45
XAUUSD,H4,2026-05-21T16:00:00Z,38.695714,1.0030,33.93,normal,1,low,0,59.94
XAUUSD,H4,2026-05-21T20:00:00Z,40.310714,1.0441,47.02,normal,1,medium,0,57.78
XAUUSD,H4,2026-05-22T00:00:00Z,36.645000,0.9500,20.44,calm,1,medium,0,61.41
XAUUSD,H4,2026-05-22T04:00:00Z,35.743571,0.9277,18.06,calm,1,medium,0,61.00
XAUUSD,H4,2026-05-22T08:00:00Z,35.462857,0.9207,16.87,calm,1,medium,0,63.95
XAUUSD,H4,2026-05-22T12:00:00Z,33.612143,0.8742,7.34,squeeze,1,medium,0,66.70
XAUUSD,H4,2026-05-22T16:00:00Z,34.767857,0.9055,11.71,calm,1,medium,0,64.84
XAUUSD,H4,2026-05-22T20:00:00Z,34.138571,0.8903,8.53,squeeze,1,medium,0,66.77
XAUUSD,H4,2026-05-25T00:00:00Z,33.192143,0.8684,5.36,squeeze,1,medium,0,67.37
XAUUSD,H4,2026-05-25T04:00:00Z,33.093571,0.8691,5.36,squeeze,1,medium,0,65.42
XAUUSD,H4,2026-05-25T08:00:00Z,32.852143,0.8652,3.77,squeeze,1,medium,0,64.24
XAUUSD,H4,2026-05-25T12:00:00Z,31.470714,0.8321,1.39,squeeze,1,medium,0,66.06
XAUUSD,H4,2026-05-25T16:00:00Z,30.467143,0.8084,0.20,squeeze,1,medium,0,67.66
XAUUSD,H4,2026-05-25T20:00:00Z,28.567857,0.7615,0.20,squeeze,1,medium,0,69.84
XAUUSD,H4,2026-05-26T00:00:00Z,29.125000,0.7799,0.60,squeeze,1,medium,0,70.16
XAUUSD,H4,2026-05-26T04:00:00Z,27.839286,0.7487,0.20,squeeze,1,medium,0,75.21
XAUUSD,H4,2026-05-26T08:00:00Z,27.677143,0.7467,0.20,squeeze,1,medium,0,75.88
XAUUSD,H4,2026-05-26T12:00:00Z,29.283571,0.7924,1.79,squeeze,1,medium,0,73.43
XAUUSD,H4,2026-05-26T16:00:00Z,29.585000,0.8028,2.18,squeeze,1,low,0,71.47
XAUUSD,H4,2026-05-26T20:00:00Z,29.700714,0.8073,2.58,squeeze,1,low,0,70.38
XAUUSD,H4,2026-05-27T00:00:00Z,29.342143,0.7993,2.18,squeeze,1,low,0,71.16
XAUUSD,H4,2026-05-27T04:00:00Z,29.438571,0.8040,2.58,squeeze,1,low,0,69.81
XAUUSD,H4,2026-05-27T08:00:00Z,26.992143,0.7396,0.20,squeeze,1,low,0,73.83
XAUUSD,H4,2026-05-27T12:00:00Z,30.790000,0.8439,4.56,squeeze,1,low,0,55.57
XAUUSD,H4,2026-05-27T16:00:00Z,33.558571,0.9203,13.69,calm,0,off,1,45.51
XAUUSD,H4,2026-05-27T20:00:00Z,33.087143,0.9084,10.91,calm,0,off,0,45.59
XAUUSD,H4,2026-05-28T00:00:00Z,33.702143,0.9273,14.88,calm,0,off,0,43.03
XAUUSD,H4,2026-05-28T04:00:00Z,39.267857,1.0792,48.21,normal,0,off,0,29.70
XAUUSD,H4,2026-05-28T08:00:00Z,38.424286,1.0569,43.45,normal,0,off,0,26.75
XAUUSD,H4,2026-05-28T12:00:00Z,40.667857,1.1196,60.52,normal,0,off,0,29.07
XAUUSD,H4,2026-05-28T16:00:00Z,45.962857,1.2636,81.94,elevated,0,off,0,35.66
XAUUSD,H4,2026-05-28T20:00:00Z,44.665714,1.2270,80.75,elevated,0,off,0,35.64
XAUUSD,H4,2026-05-29T00:00:00Z,43.217857,1.1883,76.39,elevated,0,off,0,35.45
XAUUSD,H4,2026-05-29T04:00:00Z,43.210714,1.1896,76.39,elevated,0,off,0,37.49
XAUUSD,H4,2026-05-29T08:00:00Z,42.050714,1.1593,66.87,normal,0,off,0,43.76
XAUUSD,H4,2026-05-29T12:00:00Z,42.435000,1.1711,70.83,elevated,0,off,0,46.40
XAUUSD,H4,2026-05-29T16:00:00Z,45.315000,1.2487,83.53,elevated,0,off,0,39.36
XAUUSD,H4,2026-05-29T20:00:00Z,42.187857,1.1626,68.45,normal,0,off,0,38.70
XAUUSD,H4,2026-06-01T00:00:00Z,40.338571,1.1136,58.53,normal,0,off,0,37.85
XAUUSD,H4,2026-06-01T04:00:00Z,41.437143,1.1447,65.28,normal,0,off,0,38.16
XAUUSD,H4,2026-06-01T08:00:00Z,42.257857,1.1665,70.44,elevated,0,off,0,37.94
XAUUSD,H4,2026-06-01T12:00:00Z,37.348571,1.0339,35.12,normal,0,off,0,41.07
XAUUSD,H4,2026-06-01T16:00:00Z,39.296429,1.0878,49.80,normal,0,off,0,38.62
XAUUSD,H4,2026-06-01T20:00:00Z,36.827857,1.0197,30.95,normal,0,off,0,38.50
XAUUSD,H4,2026-06-02T00:00:00Z,31.647857,0.8809,6.55,squeeze,0,off,0,43.92
XAUUSD,H4,2026-06-02T04:00:00Z,34.037143,0.9503,16.47,calm,0,off,0,42.24
XAUUSD,H4,2026-06-02T08:00:00Z,35.100000,0.9810,24.01,calm,0,off,0,40.90
XAUUSD,H4,2026-06-02T12:00:00Z,34.674286,0.9708,20.04,calm,0,off,0,35.73
XAUUSD,H4,2026-06-02T16:00:00Z,35.736429,1.0018,28.77,calm,1,medium,0,37.29
XAUUSD,H4,2026-06-02T20:00:00Z,34.582143,0.9715,19.64,calm,1,medium,0,45.94
XAUUSD,H4,2026-06-03T00:00:00Z,31.451429,0.8872,6.15,squeeze,1,medium,0,55.38
XAUUSD,H4,2026-06-03T04:00:00Z,31.122857,0.8825,5.36,squeeze,1,medium,0,57.98
XAUUSD,H4,2026-06-03T08:00:00Z,31.542857,0.8970,7.34,squeeze,1,low,0,58.44
XAUUSD,H4,2026-06-03T12:00:00Z,31.279286,0.8917,5.75,squeeze,1,low,0,59.01
XAUUSD,H4,2026-06-03T16:00:00Z,31.632857,0.9038,8.13,squeeze,1,low,0,55.79
XAUUSD,H4,2026-06-03T20:00:00Z,31.500000,0.9011,7.74,squeeze,0,off,1,54.13
XAUUSD,H4,2026-06-04T00:00:00Z,30.454286,0.8733,4.17,squeeze,1,low,0,58.97
XAUUSD,H4,2026-06-04T04:00:00Z,31.670714,0.9095,9.72,squeeze,1,low,0,64.02
XAUUSD,H4,2026-06-04T08:00:00Z,31.908571,0.9170,11.31,calm,1,low,0,63.43
XAUUSD,H4,2026-06-04T12:00:00Z,31.804286,0.9147,10.52,calm,1,low,0,64.67
XAUUSD,H4,2026-06-04T16:00:00Z,34.078571,0.9794,20.83,calm,1,medium,0,62.25
XAUUSD,H4,2026-06-04T20:00:00Z,33.256429,0.9548,16.47,calm,1,medium,0,62.35
XAUUSD,H4,2026-06-05T00:00:00Z,32.876429,0.9426,14.09,calm,1,low,0,61.71
XAUUSD,H4,2026-06-05T04:00:00Z,34.325714,0.9809,24.01,calm,1,low,0,60.32
XAUUSD,H4,2026-06-05T08:00:00Z,34.702143,0.9885,26.79,calm,1,low,0,60.13
XAUUSD,H4,2026-06-05T12:00:00Z,38.028571,1.0770,49.40,normal,1,low,0,53.80
XAUUSD,H4,2026-06-05T16:00:00Z,42.572143,1.1956,83.53,elevated,1,low,0,37.06
XAUUSD,H4,2026-06-05T20:00:00Z,43.036429,1.1994,87.50,elevated,0,off,1,36.24
XAUUSD,H4,2026-06-08T00:00:00Z,43.295714,1.1974,90.67,extreme,0,off,0,36.91
XAUUSD,H4,2026-06-08T04:00:00Z,44.995000,1.2340,95.83,extreme,0,off,0,35.57
XAUUSD,H4,2026-06-08T08:00:00Z,45.495000,1.2368,97.02,extreme,0,off,0,28.90
XAUUSD,H4,2026-06-08T12:00:00Z,47.325000,1.2741,98.21,extreme,0,off,0,29.95
XAUUSD,H4,2026-06-08T16:00:00Z,47.893571,1.2751,98.61,extreme,0,off,0,28.31
XAUUSD,H4,2026-06-08T20:00:00Z,45.665000,1.2062,97.82,extreme,0,off,0,28.02
XAUUSD,H4,2026-06-09T00:00:00Z,42.977857,1.1296,87.10,elevated,0,off,0,27.75
XAUUSD,H4,2026-06-09T04:00:00Z,43.888571,1.1470,93.85,extreme,0,off,0,27.72
XAUUSD,H4,2026-06-09T08:00:00Z,43.681429,1.1357,93.45,extreme,0,off,0,24.96
XAUUSD,H4,2026-06-09T12:00:00Z,42.628571,1.1064,83.93,elevated,0,off,0,24.82
XAUUSD,H4,2026-06-09T16:00:00Z,48.853571,1.2611,99.80,extreme,0,off,0,27.76
XAUUSD,H4,2026-06-09T20:00:00Z,45.516429,1.1720,97.42,extreme,0,off,0,24.05
XAUUSD,H4,2026-06-10T00:00:00Z,42.861429,1.1054,86.71,elevated,0,off,0,23.07
XAUUSD,H4,2026-06-10T04:00:00Z,43.658571,1.1266,93.06,extreme,0,off,0,21.41
XAUUSD,H4,2026-06-10T08:00:00Z,44.895714,1.1575,95.83,extreme,0,off,0,23.82
XAUUSD,H4,2026-06-10T12:00:00Z,45.137857,1.1626,96.23,extreme,0,off,0,22.14
XAUUSD,H4,2026-06-10T16:00:00Z,47.356429,1.2164,99.01,extreme,0,off,0,22.27
XAUUSD,H4,2026-06-10T20:00:00Z,47.450714,1.2157,99.01,extreme,0,off,0,24.01
XAUUSD,H4,2026-06-11T00:00:00Z,49.252143,1.2593,99.80,extreme,0,off,0,25.43
XAUUSD,H4,2026-06-11T04:00:00Z,52.346429,1.3315,99.80,extreme,0,off,0,25.14
XAUUSD,H4,2026-06-11T08:00:00Z,53.726429,1.3574,99.80,extreme,0,off,0,24.81
XAUUSD,H4,2026-06-11T12:00:00Z,54.822857,1.3757,99.80,extreme,0,off,0,16.98
XAUUSD,H4,2026-06-11T16:00:00Z,56.575714,1.4096,99.80,extreme,0,off,0,14.53
XAUUSD,H4,2026-06-11T20:00:00Z,65.736429,1.6150,99.80,extreme,0,off,0,18.59
XAUUSD,H4,2026-06-12T00:00:00Z,59.937143,1.4577,99.40,extreme,0,off,0,19.46
XAUUSD,H4,2026-06-12T04:00:00Z,61.023571,1.4669,99.40,extreme,0,off,0,21.17
XAUUSD,H4,2026-06-12T08:00:00Z,60.685000,1.4387,99.01,extreme,0,off,0,23.40
XAUUSD,H4,2026-06-12T12:00:00Z,59.146429,1.3857,98.21,extreme,0,off,0,24.03
