symbol,timeframe,bar_time,open,high,low,close
US500,H4,2025-01-02T00:00:00Z,5893.6,5903.4,5858.9,5894.9
US500,H4,2025-01-02T04:00:00Z,5894.6,5913.6,5893.6,5911.9
US500,H4,2025-01-02T08:00:00Z,5912.1,5922.9,5901.3,5920.2
US500,H4,2025-01-02T12:00:00Z,5920.4,5943.2,5911.7,5925.9
US500,H4,2025-01-02T16:00:00Z,5926.2,5936.1,5830.8,5849.9
US500,H4,2025-01-02T20:00:00Z,5850.1,5875.1,5825.9,5870.2
US500,H4,2025-01-03T00:00:00Z,5870.5,5881.8,5861.6,5876.1
US500,H4,2025-01-03T04:00:00Z,5876.0,5884.1,5874.1,5877.6
US500,H4,2025-01-03T08:00:00Z,5877.5,5892.1,5874.3,5889.0
US500,H4,2025-01-03T12:00:00Z,5888.8,5889.1,5874.1,5880.6
US500,H4,2025-01-03T16:00:00Z,5880.7,5932.7,5880.7,5929.0
US500,H4,2025-01-03T20:00:00Z,5928.7,5948.2,5924.0,5935.9
US500,H4,2025-01-06T00:00:00Z,5947.4,5949.3,5933.8,5936.8
US500,H4,2025-01-06T04:00:00Z,5936.6,5946.1,5933.2,5944.1
US500,H4,2025-01-06T08:00:00Z,5943.9,5970.1,5942.8,5969.6
US500,H4,2025-01-06T12:00:00Z,5969.8,5993.6,5960.2,5993.3
US500,H4,2025-01-06T16:00:00Z,5993.6,6020.0,5968.1,5999.0
US500,H4,2025-01-06T20:00:00Z,5999.3,5999.8,5957.4,5979.9
US500,H4,2025-01-07T00:00:00Z,5981.2,5984.7,5972.2,5976.0
US500,H4,2025-01-07T04:00:00Z,5975.7,5979.2,5959.7,5967.6
US500,H4,2025-01-07T08:00:00Z,5967.7,5980.5,5963.2,5972.5
US500,H4,2025-01-07T12:00:00Z,5972.6,5991.0,5970.5,5990.7
US500,H4,2025-01-07T16:00:00Z,5990.5,5998.8,5917.3,5930.2
US500,H4,2025-01-07T20:00:00Z,5930.3,5945.5,5889.6,5909.0
US500,H4,2025-01-08T00:00:00Z,5908.2,5923.4,5903.3,5922.9
US500,H4,2025-01-08T04:00:00Z,5922.7,5927.2,5916.9,5926.9
US500,H4,2025-01-08T08:00:00Z,5926.7,5927.4,5912.4,5926.2
US500,H4,2025-01-08T12:00:00Z,5926.3,5929.9,5881.7,5914.4
US500,H4,2025-01-08T16:00:00Z,5914.2,5921.5,5873.3,5890.8
US500,H4,2025-01-08T20:00:00Z,5890.5,5927.8,5890.0,5911.4
US500,H4,2025-01-09T00:00:00Z,5909.7,5913.4,5897.0,5902.2
US500,H4,2025-01-09T04:00:00Z,5902.1,5909.2,5897.7,5905.9
US500,H4,2025-01-09T08:00:00Z,5906.0,5911.2,5886.2,5909.5
US500,H4,2025-01-09T12:00:00Z,5909.7,5914.0,5900.1,5903.4
US500,H4,2025-01-09T16:00:00Z,5903.2,5903.2,5893.2,5901.2
US500,H4,2025-01-10T00:00:00Z,5899.6,5901.9,5877.4,5892.2
US500,H4,2025-01-10T04:00:00Z,5892.4,5907.8,5890.4,5905.0
US500,H4,2025-01-10T08:00:00Z,5905.0,5910.0,5893.8,5898.8
US500,H4,2025-01-10T12:00:00Z,5898.9,5918.3,5847.8,5862.7
US500,H4,2025-01-10T16:00:00Z,5862.7,5881.1,5805.4,5835.6
US500,H4,2025-01-10T20:00:00Z,5835.4,5866.9,5817.9,5820.5
US500,H4,2025-01-13T00:00:00Z,5819.1,5827.8,5799.0,5805.3
US500,H4,2025-01-13T04:00:00Z,5805.1,5809.8,5791.5,5799.6
US500,H4,2025-01-13T08:00:00Z,5799.5,5809.0,5770.0,5773.0
US500,H4,2025-01-13T12:00:00Z,5772.8,5796.0,5770.5,5788.5
US500,H4,2025-01-13T16:00:00Z,5788.3,5817.3,5774.1,5816.6
US500,H4,2025-01-13T20:00:00Z,5816.6,5843.9,5810.6,5842.9
US500,H4,2025-01-14T00:00:00Z,5850.7,5862.3,5848.2,5850.1
US500,H4,2025-01-14T04:00:00Z,5850.3,5857.1,5844.3,5857.1
US500,H4,2025-01-14T08:00:00Z,5857.3,5874.3,5849.3,5866.6
US500,H4,2025-01-14T12:00:00Z,5866.6,5879.5,5835.7,5858.3
US500,H4,2025-01-14T16:00:00Z,5858.3,5870.6,5804.1,5822.9
US500,H4,2025-01-14T20:00:00Z,5822.6,5860.1,5809.9,5852.3
US500,H4,2025-01-15T00:00:00Z,5851.1,5851.5,5845.0,5848.0
US500,H4,2025-01-15T04:00:00Z,5848.1,5848.5,5841.9,5843.7
US500,H4,2025-01-15T08:00:00Z,5844.0,5852.2,5840.2,5849.4
US500,H4,2025-01-15T12:00:00Z,5849.5,5940.2,5844.4,5931.0
US500,H4,2025-01-15T16:00:00Z,5931.2,5952.3,5913.3,5931.8
US500,H4,2025-01-15T20:00:00Z,5932.1,5961.0,5931.6,5946.9
US500,H4,2025-01-16T00:00:00Z,5948.7,5962.4,5947.2,5952.2
US500,H4,2025-01-16T04:00:00Z,5951.9,5955.4,5943.7,5946.2
US500,H4,2025-01-16T08:00:00Z,5946.4,5978.1,5944.4,5962.4
US500,H4,2025-01-16T12:00:00Z,5962.2,5970.7,5947.3,5956.9
US500,H4,2025-01-16T16:00:00Z,5956.7,5964.8,5933.8,5950.7
US500,H4,2025-01-16T20:00:00Z,5950.7,5956.4,5923.4,5930.4
US500,H4,2025-01-17T00:00:00Z,5931.4,5947.7,5929.9,5945.7
US500,H4,2025-01-17T04:00:00Z,5945.8,5953.2,5940.9,5950.2
US500,H4,2025-01-17T08:00:00Z,5950.2,5962.7,5940.9,5958.9
US500,H4,2025-01-17T12:00:00Z,5959.2,5984.9,5953.9,5983.1
US500,H4,2025-01-17T16:00:00Z,5983.4,6012.6,5977.2,6010.3
US500,H4,2025-01-17T20:00:00Z,6010.3,6015.3,5992.5,5995.5
US500,H4,2025-01-20T00:00:00Z,6003.2,6004.2,5983.7,5991.2
US500,H4,2025-01-20T04:00:00Z,5991.0,5996.5,5988.7,5996.0
US500,H4,2025-01-20T08:00:00Z,5995.7,6007.0,5994.7,6002.3
US500,H4,2025-01-20T12:00:00Z,6002.4,6022.4,5982.8,6021.0
US500,H4,2025-01-20T16:00:00Z,6021.0,6041.9,6001.1,6020.1
US500,H4,2025-01-21T00:00:00Z,6025.9,6035.1,5959.5,6001.2
US500,H4,2025-01-21T04:00:00Z,6001.6,6015.4,5999.1,6003.0
US500,H4,2025-01-21T08:00:00Z,6003.0,6024.8,6000.3,6024.8
US500,H4,2025-01-21T12:00:00Z,6024.6,6031.8,6009.6,6026.8
US500,H4,2025-01-21T16:00:00Z,6027.0,6046.2,6008.0,6045.5
US500,H4,2025-01-21T20:00:00Z,6045.5,6057.0,6038.3,6055.5
US500,H4,2025-01-22T00:00:00Z,6057.6,6066.5,6052.1,6064.5
US500,H4,2025-01-22T04:00:00Z,6064.2,6068.7,6062.9,6066.7
US500,H4,2025-01-22T08:00:00Z,6066.9,6078.4,6061.9,6074.4
US500,H4,2025-01-22T12:00:00Z,6074.2,6082.7,6071.7,6082.4
US500,H4,2025-01-22T16:00:00Z,6082.7,6100.1,6075.3,6095.1
US500,H4,2025-01-22T20:00:00Z,6095.1,6097.4,6079.0,6083.8
US500,H4,2025-01-23T00:00:00Z,6082.3,6084.5,6077.5,6078.3
US500,H4,2025-01-23T04:00:00Z,6078.3,6081.5,6074.5,6078.3
US500,H4,2025-01-23T08:00:00Z,6078.3,6080.3,6066.3,6073.3
US500,H4,2025-01-23T12:00:00Z,6073.3,6082.0,6070.8,6079.5
US500,H4,2025-01-23T16:00:00Z,6079.8,6099.9,6076.1,6097.9
US500,H4,2025-01-23T20:00:00Z,6097.9,6118.0,6094.7,6112.9
US500,H4,2025-01-24T00:00:00Z,6111.3,6115.9,6109.9,6113.7
US500,H4,2025-01-24T04:00:00Z,6113.6,6121.4,6109.2,6111.7
US500,H4,2025-01-24T08:00:00Z,6111.4,6115.2,6108.4,6111.2
US500,H4,2025-01-24T12:00:00Z,6111.0,6114.9,6105.0,6109.2
US500,H4,2025-01-24T16:00:00Z,6109.0,6128.0,6105.5,6107.0
US500,H4,2025-01-24T20:00:00Z,6106.8,6109.3,6088.5,6097.6
US500,H4,2025-01-27T00:00:00Z,6072.9,6074.1,6038.8,6044.1
US500,H4,2025-01-27T04:00:00Z,6044.3,6052.3,6023.8,6026.5
US500,H4,2025-01-27T08:00:00Z,6026.8,6028.0,5973.5,5977.3
US500,H4,2025-01-27T12:00:00Z,5977.3,5981.3,5914.8,5974.3
US500,H4,2025-01-27T16:00:00Z,5974.3,6015.3,5962.7,5981.1
US500,H4,2025-01-27T20:00:00Z,5981.3,6023.7,5979.6,6017.7
US500,H4,2025-01-28T00:00:00Z,6023.6,6027.3,6001.7,6003.3
US500,H4,2025-01-28T04:00:00Z,6003.2,6019.3,6000.3,6011.6
US500,H4,2025-01-28T08:00:00Z,6011.6,6037.2,6005.1,6035.6
US500,H4,2025-01-28T12:00:00Z,6035.8,6040.8,6014.1,6022.6
US500,H4,2025-01-28T16:00:00Z,6022.5,6061.0,5991.5,6058.6
US500,H4,2025-01-28T20:00:00Z,6058.9,6073.9,6052.6,6059.3
US500,H4,2025-01-29T00:00:00Z,6057.7,6064.1,6055.8,6061.3
US500,H4,2025-01-29T04:00:00Z,6061.6,6069.1,6058.3,6063.8
US500,H4,2025-01-29T08:00:00Z,6066.6,6080.5,6064.6,6070.8
US500,H4,2025-01-29T12:00:00Z,6071.0,6076.1,6048.6,6055.1
US500,H4,2025-01-29T16:00:00Z,6054.8,6060.8,6038.9,6040.4
US500,H4,2025-01-29T20:00:00Z,6040.7,6057.2,6011.7,6045.6
US500,H4,2025-01-30T00:00:00Z,6041.7,6062.6,6031.8,6059.6
US500,H4,2025-01-30T04:00:00Z,6059.6,6064.1,6057.3,6060.1
US500,H4,2025-01-30T08:00:00Z,6060.3,6071.3,6055.1,6060.3
US500,H4,2025-01-30T12:00:00Z,6060.0,6064.5,6044.0,6060.3
US500,H4,2025-01-30T16:00:00Z,6060.4,6079.9,6026.9,6053.4
US500,H4,2025-01-30T20:00:00Z,6053.1,6086.6,6037.9,6062.8
US500,H4,2025-01-31T00:00:00Z,6074.2,6089.0,6070.0,6088.4
US500,H4,2025-01-31T04:00:00Z,6088.2,6090.2,6081.5,6084.5
US500,H4,2025-01-31T08:00:00Z,6084.2,6099.0,6083.2,6095.0
US500,H4,2025-01-31T12:00:00Z,6095.2,6100.7,6092.3,6098.3
US500,H4,2025-01-31T16:00:00Z,6098.3,6119.2,6088.2,6110.2
US500,H4,2025-01-31T20:00:00Z,6110.4,6112.9,6029.6,6034.1
US500,H4,2025-02-03T00:00:00Z,5937.3,5948.6,5916.5,5934.2
US500,H4,2025-02-03T04:00:00Z,5934.5,5935.0,5908.7,5924.7
US500,H4,2025-02-03T08:00:00Z,5924.5,5960.6,5919.2,5938.7
US500,H4,2025-02-03T12:00:00Z,5938.6,5959.9,5932.4,5941.6
US500,H4,2025-02-03T16:00:00Z,5941.6,6010.9,5922.2,5992.3
US500,H4,2025-02-03T20:00:00Z,5992.2,6033.9,5979.4,6028.1
US500,H4,2025-02-04T00:00:00Z,6039.1,6039.2,6009.9,6016.2
US500,H4,2025-02-04T04:00:00Z,6016.3,6016.9,5960.9,5984.9
US500,H4,2025-02-04T08:00:00Z,5984.8,5996.6,5967.9,5980.9
US500,H4,2025-02-04T12:00:00Z,5980.9,6004.9,5978.3,5995.7
US500,H4,2025-02-04T16:00:00Z,5995.4,6040.7,5992.0,6029.4
US500,H4,2025-02-04T20:00:00Z,6029.3,6042.9,6016.6,6019.6
US500,H4,2025-02-05T00:00:00Z,6017.6,6027.7,6014.6,6016.6
US500,H4,2025-02-05T04:00:00Z,6016.4,6019.4,6007.1,6007.9
US500,H4,2025-02-05T08:00:00Z,6008.1,6014.9,5995.6,5997.1
US500,H4,2025-02-05T12:00:00Z,5996.9,6020.9,5994.9,6019.0
US500,H4,2025-02-05T16:00:00Z,6018.9,6051.8,6005.0,6046.3
US500,H4,2025-02-05T20:00:00Z,6046.5,6066.7,6041.8,6064.7
US500,H4,2025-02-06T00:00:00Z,6063.5,6071.0,6062.3,6067.0
US500,H4,2025-02-06T04:00:00Z,6066.8,6078.3,6065.5,6077.8
US500,H4,2025-02-06T08:00:00Z,6078.0,6080.3,6068.0,6074.0
US500,H4,2025-02-06T12:00:00Z,6074.3,6076.8,6062.0,6076.1
US500,H4,2025-02-06T16:00:00Z,6076.3,6081.3,6060.9,6075.5
US500,H4,2025-02-06T20:00:00Z,6075.5,6083.7,6045.5,6070.9
US500,H4,2025-02-07T00:00:00Z,6067.3,6085.1,6066.6,6083.9
US500,H4,2025-02-07T04:00:00Z,6084.1,6085.1,6075.3,6076.1
US500,H4,2025-02-07T08:00:00Z,6076.4,6083.6,6071.1,6081.4
US500,H4,2025-02-07T12:00:00Z,6081.3,6091.1,6065.0,6086.4
US500,H4,2025-02-07T16:00:00Z,6086.1,6100.2,6024.5,6039.8
US500,H4,2025-02-07T20:00:00Z,6040.0,6056.0,6019.0,6027.4
US500,H4,2025-02-10T00:00:00Z,6006.4,6048.9,6003.8,6042.9
US500,H4,2025-02-10T04:00:00Z,6042.7,6049.2,6039.9,6045.2
US500,H4,2025-02-10T08:00:00Z,6045.5,6050.5,6040.5,6049.0
US500,H4,2025-02-10T12:00:00Z,6048.7,6063.5,6047.2,6063.0
US500,H4,2025-02-10T16:00:00Z,6063.2,6072.3,6045.8,6064.4
US500,H4,2025-02-10T20:00:00Z,6064.4,6073.5,6060.7,6065.1
US500,H4,2025-02-11T00:00:00Z,6060.9,6062.3,6049.7,6053.7
US500,H4,2025-02-11T04:00:00Z,6053.9,6055.2,6045.9,6053.9
US500,H4,2025-02-11T08:00:00Z,6053.7,6054.2,6040.4,6046.3
US500,H4,2025-02-11T12:00:00Z,6046.4,6052.5,6036.0,6037.0
US500,H4,2025-02-11T16:00:00Z,6036.9,6069.9,6035.5,6054.9
US500,H4,2025-02-11T20:00:00Z,6054.6,6076.4,6052.6,6068.0
US500,H4,2025-02-12T00:00:00Z,6071.0,6074.5,6064.2,6073.2
US500,H4,2025-02-12T04:00:00Z,6073.5,6073.6,6063.2,6064.0
US500,H4,2025-02-12T08:00:00Z,6064.2,6070.0,6053.2,6060.1
US500,H4,2025-02-12T12:00:00Z,6060.0,6074.7,6002.5,6009.0
US500,H4,2025-02-12T16:00:00Z,6009.2,6063.8,5998.7,6062.6
US500,H4,2025-02-12T20:00:00Z,6062.3,6064.1,6043.8,6059.5
US500,H4,2025-02-13T00:00:00Z,6058.9,6066.8,6057.0,6063.8
US500,H4,2025-02-13T04:00:00Z,6063.5,6070.1,6060.0,6065.5
US500,H4,2025-02-13T08:00:00Z,6065.4,6068.6,6033.6,6051.0
US500,H4,2025-02-13T12:00:00Z,6051.0,6066.5,6043.3,6064.5
US500,H4,2025-02-13T16:00:00Z,6064.8,6093.6,6050.6,6079.5
US500,H4,2025-02-13T20:00:00Z,6079.7,6117.2,6067.5,6111.9
US500,H4,2025-02-14T00:00:00Z,6112.8,6122.1,6110.6,6122.1
US500,H4,2025-02-14T04:00:00Z,6121.9,6123.6,6117.6,6118.3
US500,H4,2025-02-14T08:00:00Z,6118.1,6125.6,6111.1,6113.3
US500,H4,2025-02-14T12:00:00Z,6113.2,6113.3,6100.1,6111.6
US500,H4,2025-02-14T16:00:00Z,6111.6,6123.9,6105.9,6114.1
US500,H4,2025-02-14T20:00:00Z,6114.4,6122.9,6108.8,6112.5
US500,H4,2025-02-17T00:00:00Z,6118.9,6121.1,6111.9,6119.6
US500,H4,2025-02-17T04:00:00Z,6119.9,6127.1,6119.1,6125.6
US500,H4,2025-02-17T08:00:00Z,6125.6,6126.1,6118.9,6124.1
US500,H4,2025-02-17T12:00:00Z,6123.9,6126.9,6122.1,6126.6
US500,H4,2025-02-17T16:00:00Z,6126.4,6127.9,6117.2,6126.0
US500,H4,2025-02-18T00:00:00Z,6126.2,6126.4,6117.7,6124.0
US500,H4,2025-02-18T04:00:00Z,6124.2,6126.5,6122.2,6124.5
US500,H4,2025-02-18T08:00:00Z,6124.2,6137.7,6124.0,6128.0
US500,H4,2025-02-18T12:00:00Z,6127.7,6138.2,6125.2,6137.2
US500,H4,2025-02-18T16:00:00Z,6137.4,6138.0,6108.3,6118.8
US500,H4,2025-02-18T20:00:00Z,6118.6,6130.0,6098.8,6125.0
US500,H4,2025-02-19T00:00:00Z,6130.6,6137.3,6127.8,6136.3
US500,H4,2025-02-19T04:00:00Z,6136.0,6138.3,6132.5,6134.3
US500,H4,2025-02-19T08:00:00Z,6134.1,6136.0,6129.8,6130.8
US500,H4,2025-02-19T12:00:00Z,6131.0,6131.3,6113.3,6116.5
US500,H4,2025-02-19T16:00:00Z,6116.5,6135.1,6110.9,6131.1
US500,H4,2025-02-19T20:00:00Z,6131.4,6147.6,6121.6,6136.3
US500,H4,2025-02-20T00:00:00Z,6138.3,6139.0,6127.6,6128.8
US500,H4,2025-02-20T04:00:00Z,6128.6,6131.3,6125.1,6125.6
US500,H4,2025-02-20T08:00:00Z,6125.6,6134.3,6123.3,6133.8
US500,H4,2025-02-20T12:00:00Z,6133.8,6136.3,6122.6,6127.8
US500,H4,2025-02-20T16:00:00Z,6127.6,6131.8,6084.4,6094.4
US500,H4,2025-02-20T20:00:00Z,6094.2,6121.4,6090.4,6114.6
US500,H4,2025-02-21T00:00:00Z,6115.5,6122.7,6115.4,6116.5
US500,H4,2025-02-21T04:00:00Z,6116.7,6119.2,6111.4,6113.4
US500,H4,2025-02-21T08:00:00Z,6113.3,6120.7,6110.4,6120.7
US500,H4,2025-02-21T12:00:00Z,6120.9,6124.7,6115.4,6122.7
US500,H4,2025-02-21T16:00:00Z,6122.3,6125.4,6049.3,6051.5
US500,H4,2025-02-21T20:00:00Z,6051.3,6051.8,6008.3,6012.7
US500,H4,2025-02-24T00:00:00Z,6022.8,6043.1,6017.8,6034.3
US500,H4,2025-02-24T04:00:00Z,6034.6,6046.6,6033.8,6045.3
US500,H4,2025-02-24T08:00:00Z,6045.1,6051.3,6025.6,6045.8
US500,H4,2025-02-24T12:00:00Z,6045.6,6046.8,6037.6,6045.6
US500,H4,2025-02-24T16:00:00Z,6045.3,6046.3,5977.9,6019.7
US500,H4,2025-02-24T20:00:00Z,6019.4,6030.4,5979.9,5989.5
US500,H4,2025-02-25T00:00:00Z,5992.4,5998.4,5979.6,5998.1
US500,H4,2025-02-25T04:00:00Z,5998.1,6000.4,5989.9,5995.1
US500,H4,2025-02-25T08:00:00Z,5995.0,5996.6,5964.1,5964.4
US500,H4,2025-02-25T12:00:00Z,5964.5,5995.4,5962.4,5987.1
US500,H4,2025-02-25T16:00:00Z,5987.4,5992.1,5908.7,5961.0
US500,H4,2025-02-25T20:00:00Z,5961.2,5980.0,5943.2,5963.9
US500,H4,2025-02-26T00:00:00Z,5971.4,5974.1,5965.1,5966.6
US500,H4,2025-02-26T04:00:00Z,5966.8,5979.9,5962.9,5979.6
US500,H4,2025-02-26T08:00:00Z,5979.4,5987.6,5975.4,5983.1
US500,H4,2025-02-26T12:00:00Z,5983.4,5989.4,5974.5,5978.1
US500,H4,2025-02-26T16:00:00Z,5977.9,6009.0,5963.7,5969.2
US500,H4,2025-02-26T20:00:00Z,5969.0,5981.0,5931.0,5974.4
US500,H4,2025-02-27T00:00:00Z,5966.0,5969.7,5947.2,5956.5
US500,H4,2025-02-27T04:00:00Z,5956.4,5979.5,5954.7,5976.2
US500,H4,2025-02-27T08:00:00Z,5976.2,5993.0,5975.5,5991.2
US500,H4,2025-02-27T12:00:00Z,5991.4,6000.5,5963.9,5972.2
US500,H4,2025-02-27T16:00:00Z,5972.0,5993.3,5917.8,5946.8
US500,H4,2025-02-27T20:00:00Z,5947.1,5964.3,5859.3,5867.7
US500,H4,2025-02-28T00:00:00Z,5872.9,5876.1,5846.2,5863.6
US500,H4,2025-02-28T04:00:00Z,5863.6,5871.3,5844.9,5867.4
US500,H4,2025-02-28T08:00:00Z,5867.2,5884.4,5857.2,5880.4
US500,H4,2025-02-28T12:00:00Z,5880.2,5887.9,5868.9,5874.2
US500,H4,2025-02-28T16:00:00Z,5874.2,5901.8,5844.8,5848.0
US500,H4,2025-02-28T20:00:00Z,5848.0,5958.8,5835.8,5946.9
US500,H4,2025-03-03T00:00:00Z,5958.2,5973.7,5937.0,5954.8
US500,H4,2025-03-03T04:00:00Z,5954.5,5968.8,5946.8,5966.8
US500,H4,2025-03-03T08:00:00Z,5966.5,5972.0,5945.3,5971.5
US500,H4,2025-03-03T12:00:00Z,5971.5,5989.8,5964.3,5974.8
US500,H4,2025-03-03T16:00:00Z,5975.0,5986.4,5920.3,5932.3
US500,H4,2025-03-03T20:00:00Z,5932.6,5933.8,5811.1,5864.0
US500,H4,2025-03-04T00:00:00Z,5860.0,5870.0,5848.8,5850.3
US500,H4,2025-03-04T04:00:00Z,5850.2,5872.8,5848.4,5866.7
US500,H4,2025-03-04T08:00:00Z,5866.5,5870.2,5845.5,5851.8
US500,H4,2025-03-04T12:00:00Z,5852.0,5854.5,5800.8,5809.3
US500,H4,2025-03-04T16:00:00Z,5808.3,5824.0,5732.9,5775.4
US500,H4,2025-03-04T20:00:00Z,5775.6,5864.4,5757.4,5815.4
US500,H4,2025-03-05T00:00:00Z,5817.2,5827.3,5797.6,5809.3
US500,H4,2025-03-05T04:00:00Z,5809.4,5823.3,5797.8,5816.6
US500,H4,2025-03-05T08:00:00Z,5816.4,5833.6,5806.7,5829.2
US500,H4,2025-03-05T12:00:00Z,5829.3,5832.3,5773.2,5777.9
US500,H4,2025-03-05T16:00:00Z,5778.1,5820.3,5741.6,5818.6
US500,H4,2025-03-05T20:00:00Z,5818.6,5860.1,5788.5,5835.9
US500,H4,2025-03-06T00:00:00Z,5838.4,5844.7,5829.4,5834.7
US500,H4,2025-03-06T04:00:00Z,5834.9,5841.2,5829.9,5834.2
US500,H4,2025-03-06T08:00:00Z,5834.4,5841.2,5777.7,5783.7
US500,H4,2025-03-06T12:00:00Z,5783.9,5789.2,5760.7,5770.9
US500,H4,2025-03-06T16:00:00Z,5770.9,5813.5,5721.5,5741.8
US500,H4,2025-03-06T20:00:00Z,5741.8,5763.2,5711.6,5753.7
US500,H4,2025-03-07T00:00:00Z,5757.1,5766.0,5748.0,5760.0
US500,H4,2025-03-07T04:00:00Z,5760.3,5765.6,5746.0,5748.5
US500,H4,2025-03-07T08:00:00Z,5748.5,5764.5,5741.5,5759.3
US500,H4,2025-03-07T12:00:00Z,5759.5,5777.9,5720.9,5725.8
US500,H4,2025-03-07T16:00:00Z,5725.8,5769.1,5664.6,5710.0
US500,H4,2025-03-07T20:00:00Z,5709.9,5782.6,5709.6,5764.0
US500,H4,2025-03-10T00:00:00Z,5731.6,5740.2,5703.2,5731.2
US500,H4,2025-03-10T04:00:00Z,5731.3,5750.0,5730.2,5738.6
US500,H4,2025-03-10T08:00:00Z,5738.5,5746.7,5696.0,5698.5
US500,H4,2025-03-10T12:00:00Z,5698.2,5724.2,5680.2,5694.0
US500,H4,2025-03-10T16:00:00Z,5693.7,5704.1,5632.5,5638.2
US500,H4,2025-03-10T20:00:00Z,5638.0,5639.7,5563.7,5621.3
US500,H4,2025-03-11T00:00:00Z,5613.4,5618.4,5551.7,5566.1
US500,H4,2025-03-11T04:00:00Z,5566.1,5630.2,5551.0,5623.4
US500,H4,2025-03-11T08:00:00Z,5623.2,5636.7,5608.7,5636.7
US500,H4,2025-03-11T12:00:00Z,5636.6,5644.2,5609.2,5612.2
US500,H4,2025-03-11T16:00:00Z,5612.1,5629.3,5543.8,5550.8
US500,H4,2025-03-11T20:00:00Z,5551.1,5637.1,5528.3,5569.9
US500,H4,2025-03-12T00:00:00Z,5578.4,5592.8,5569.1,5586.7
US500,H4,2025-03-12T04:00:00Z,5586.6,5593.1,5579.6,5585.2
US500,H4,2025-03-12T08:00:00Z,5585.3,5607.6,5571.8,5605.6
US500,H4,2025-03-12T12:00:00Z,5605.8,5668.6,5600.1,5638.1
US500,H4,2025-03-12T16:00:00Z,5638.3,5640.6,5544.9,5598.8
US500,H4,2025-03-12T20:00:00Z,5598.9,5627.7,5586.3,5591.9
US500,H4,2025-03-13T00:00:00Z,5594.3,5617.8,5590.3,5605.8
US500,H4,2025-03-13T04:00:00Z,5605.5,5608.4,5572.1,5575.5
US500,H4,2025-03-13T08:00:00Z,5575.4,5580.0,5554.5,5574.8
US500,H4,2025-03-13T12:00:00Z,5574.5,5604.5,5567.0,5589.5
US500,H4,2025-03-13T16:00:00Z,5589.5,5598.5,5520.8,5533.4
US500,H4,2025-03-13T20:00:00Z,5533.3,5553.4,5504.0,5532.2
US500,H4,2025-03-14T00:00:00Z,5536.2,5561.2,5534.0,5556.0
US500,H4,2025-03-14T04:00:00Z,5556.2,5566.5,5553.0,5563.2
US500,H4,2025-03-14T08:00:00Z,5563.0,5567.0,5547.2,5561.7
US500,H4,2025-03-14T12:00:00Z,5562.0,5582.2,5553.2,5576.0
US500,H4,2025-03-14T16:00:00Z,5576.0,5630.1,5562.0,5626.6
US500,H4,2025-03-14T20:00:00Z,5626.3,5643.8,5608.1,5623.2
US500,H4,2025-03-17T00:00:00Z,5623.6,5628.6,5599.3,5610.3
US500,H4,2025-03-17T04:00:00Z,5610.2,5614.3,5603.8,5606.8
US500,H4,2025-03-17T08:00:00Z,5607.1,5611.6,5595.8,5610.0
US500,H4,2025-03-17T12:00:00Z,5609.8,5645.7,5606.8,5638.3
US500,H4,2025-03-17T16:00:00Z,5638.1,5670.4,5628.6,5652.4
US500,H4,2025-03-17T20:00:00Z,5652.2,5703.7,5645.9,5676.3
US500,H4,2025-03-18T00:00:00Z,5677.7,5683.3,5669.3,5672.3
US500,H4,2025-03-18T04:00:00Z,5672.2,5674.5,5652.8,5655.0
US500,H4,2025-03-18T08:00:00Z,5654.8,5680.3,5654.5,5677.0
US500,H4,2025-03-18T12:00:00Z,5677.2,5680.3,5650.3,5651.8
US500,H4,2025-03-18T16:00:00Z,5651.5,5656.2,5596.8,5614.2
US500,H4,2025-03-18T20:00:00Z,5614.2,5627.5,5598.5,5615.1
US500,H4,2025-03-19T00:00:00Z,5616.1,5635.5,5606.9,5632.3
US500,H4,2025-03-19T04:00:00Z,5632.1,5632.9,5620.8,5622.0
US500,H4,2025-03-19T08:00:00Z,5622.1,5627.5,5603.8,5619.4
US500,H4,2025-03-19T12:00:00Z,5619.3,5634.5,5614.5,5626.5
US500,H4,2025-03-19T16:00:00Z,5626.8,5669.5,5622.1,5655.7
US500,H4,2025-03-19T20:00:00Z,5655.7,5716.5,5630.5,5676.4
US500,H4,2025-03-20T00:00:00Z,5679.7,5698.4,5678.5,5696.9
US500,H4,2025-03-20T04:00:00Z,5696.6,5705.6,5691.9,5701.9
US500,H4,2025-03-20T08:00:00Z,5701.8,5704.4,5694.4,5699.6
US500,H4,2025-03-20T12:00:00Z,5699.9,5700.3,5628.4,5647.9
US500,H4,2025-03-20T16:00:00Z,5647.6,5711.0,5630.4,5663.2
US500,H4,2025-03-20T20:00:00Z,5663.0,5676.7,5641.0,5663.6
US500,H4,2025-03-21T00:00:00Z,5664.5,5670.9,5654.0,5667.7
US500,H4,2025-03-21T04:00:00Z,5667.4,5671.9,5657.7,5658.9
US500,H4,2025-03-21T08:00:00Z,5658.9,5665.4,5632.4,5639.9
US500,H4,2025-03-21T12:00:00Z,5640.2,5653.2,5612.9,5614.2
US500,H4,2025-03-21T16:00:00Z,5614.0,5658.8,5600.1,5658.5
US500,H4,2025-03-21T20:00:00Z,5658.3,5671.1,5636.5,5666.8
US500,H4,2025-03-24T00:00:00Z,5689.65,5706.05,5689.4,5704.5
US500,H4,2025-03-24T04:00:00Z,5704.45,5706.3,5700.55,5703.5
US500,H4,2025-03-24T08:00:00Z,5703.45,5727.3,5703.45,5725.25
US500,H4,2025-03-24T12:00:00Z,5725.3,5736.65,5717.35,5735.1
US500,H4,2025-03-24T16:00:00Z,5735.15,5767.3,5724.85,5754.15
US500,H4,2025-03-24T20:00:00Z,5754.1,5773.6,5743.15,5761.15
US500,H4,2025-03-25T00:00:00Z,5763.03,5763.03,5754.8,5762.15
US500,H4,2025-03-25T04:00:00Z,5762.1,5764.05,5753.35,5753.95
US500,H4,2025-03-25T08:00:00Z,5753.95,5761.2,5749.65,5753.25
US500,H4,2025-03-25T12:00:00Z,5753.25,5781.65,5750.1,5774.6
US500,H4,2025-03-25T16:00:00Z,5774.55,5785.0,5760.2,5770.2
US500,H4,2025-03-25T20:00:00Z,5770.15,5780.15,5757.65,5779.9
US500,H4,2025-03-26T00:00:00Z,5780.8,5785.3,5777.6,5783.2
US500,H4,2025-03-26T04:00:00Z,5783.2,5783.2,5771.65,5774.95
US500,H4,2025-03-26T08:00:00Z,5774.95,5777.15,5765.05,5767.4
US500,H4,2025-03-26T12:00:00Z,5767.45,5780.2,5762.55,5778.4
US500,H4,2025-03-26T16:00:00Z,5778.25,5783.3,5712.8,5714.85
US500,H4,2025-03-26T20:00:00Z,5714.75,5722.15,5692.05,5703.25
US500,H4,2025-03-27T00:00:00Z,5688.7,5704.2,5682.35,5699.95
US500,H4,2025-03-27T04:00:00Z,5700.05,5719.3,5698.95,5717.65
US500,H4,2025-03-27T08:00:00Z,5717.6,5722.35,5692.55,5713.65
US500,H4,2025-03-27T12:00:00Z,5713.65,5719.45,5694.15,5701.55
US500,H4,2025-03-27T16:00:00Z,5701.5,5729.25,5669.8,5686.4
US500,H4,2025-03-27T20:00:00Z,5686.5,5720.75,5683.7,5691.05
US500,H4,2025-03-28T00:00:00Z,5691.78,5695.9,5679.85,5692.5
US500,H4,2025-03-28T04:00:00Z,5692.5,5696.8,5688.9,5695.05
US500,H4,2025-03-28T08:00:00Z,5695.05,5699.15,5663.15,5676.9
US500,H4,2025-03-28T12:00:00Z,5677.0,5691.0,5663.75,5663.75
US500,H4,2025-03-28T16:00:00Z,5663.5,5685.95,5582.35,5583.5
US500,H4,2025-03-28T20:00:00Z,5583.6,5587.85,5555.2,5555.95
US500,H4,2025-03-31T00:00:00Z,5542.33,5553.05,5518.25,5533.45
US500,H4,2025-03-31T04:00:00Z,5533.5,5545.1,5527.2,5539.95
US500,H4,2025-03-31T08:00:00Z,5539.65,5544.4,5525.25,5525.6
US500,H4,2025-03-31T12:00:00Z,5525.2,5530.5,5504.85,5527.15
US500,H4,2025-03-31T16:00:00Z,5527.0,5563.6,5486.75,5550.75
US500,H4,2025-03-31T20:00:00Z,5550.75,5624.5,5544.6,5596.7
US500,H4,2025-04-01T00:00:00Z,5597.53,5601.1,5575.3,5581.15
US500,H4,2025-04-01T04:00:00Z,5581.15,5596.75,5574.4,5588.9
US500,H4,2025-04-01T08:00:00Z,5588.9,5616.15,5586.75,5608.75
US500,H4,2025-04-01T12:00:00Z,5608.75,5618.35,5573.05,5589.65
US500,H4,2025-04-01T16:00:00Z,5589.65,5649.2,5555.35,5626.15
US500,H4,2025-04-01T20:00:00Z,5626.1,5634.85,5580.85,5626.95
US500,H4,2025-04-02T00:00:00Z,5629.59,5651.2,5618.85,5621.85
US500,H4,2025-04-02T04:00:00Z,5621.8,5628.3,5619.9,5624.9
US500,H4,2025-04-02T08:00:00Z,5624.9,5627.9,5608.55,5614.3
US500,H4,2025-04-02T12:00:00Z,5614.2,5620.35,5569.35,5581.5
US500,H4,2025-04-02T16:00:00Z,5581.5,5681.75,5567.85,5678.1
US500,H4,2025-04-02T20:00:00Z,5677.8,5729.2,5523.25,5541.45
US500,H4,2025-04-03T00:00:00Z,5490.86,5511.35,5438.45,5488.2
US500,H4,2025-04-03T04:00:00Z,5488.15,5520.4,5487.85,5512.55
US500,H4,2025-04-03T08:00:00Z,5512.55,5518.1,5480.25,5507.95
US500,H4,2025-04-03T12:00:00Z,5507.3,5512.75,5452.1,5453.8
US500,H4,2025-04-03T16:00:00Z,5453.7,5496.5,5411.6,5450.95
US500,H4,2025-04-03T20:00:00Z,5450.95,5460.6,5371.8,5377.45
US500,H4,2025-04-04T00:00:00Z,5381.44,5393.85,5366.7,5382.5
US500,H4,2025-04-04T04:00:00Z,5382.4,5388.2,5342.25,5344.35
US500,H4,2025-04-04T08:00:00Z,5344.3,5387.75,5339.75,5350.4
US500,H4,2025-04-04T12:00:00Z,5350.4,5354.75,5169.9,5262.5
US500,H4,2025-04-04T16:00:00Z,5262.65,5280.6,5112.75,5132.75
US500,H4,2025-04-04T20:00:00Z,5132.9,5170.75,5033.1,5059.25
US500,H4,2025-04-07T00:00:00Z,4952.5,4952.5,4799.9,4896.65
US500,H4,2025-04-07T04:00:00Z,4896.65,4957.6,4866.75,4889.8
US500,H4,2025-04-07T08:00:00Z,4889.85,4930.85,4805.35,4889.05
US500,H4,2025-04-07T12:00:00Z,4889.2,5002.55,4858.1,4974.85
US500,H4,2025-04-07T16:00:00Z,4974.85,5247.25,4829.95,4969.85
US500,H4,2025-04-07T20:00:00Z,4970.1,5120.05,4969.35,5080.05
US500,H4,2025-04-08T00:00:00Z,5089.09,5137.2,5081.25,5103.65
US500,H4,2025-04-08T04:00:00Z,5103.65,5150.0,5089.8,5129.5
US500,H4,2025-04-08T08:00:00Z,5129.25,5154.65,5104.65,5143.65
US500,H4,2025-04-08T12:00:00Z,5143.65,5210.85,5115.0,5187.35
US500,H4,2025-04-08T16:00:00Z,5186.85,5267.4,5085.0,5086.3
US500,H4,2025-04-08T20:00:00Z,5086.75,5105.55,4904.2,4973.0
US500,H4,2025-04-09T00:00:00Z,4974.12,4975.4,4883.65,4894.75
US500,H4,2025-04-09T04:00:00Z,4894.85,4962.7,4848.45,4865.85
US500,H4,2025-04-09T08:00:00Z,4865.8,5017.5,4836.85,4992.6
US500,H4,2025-04-09T12:00:00Z,4992.65,5004.85,4865.7,4926.1
US500,H4,2025-04-09T16:00:00Z,4926.2,5046.9,4926.05,5026.05
US500,H4,2025-04-09T20:00:00Z,5026.05,5483.0,4989.75,5477.3
US500,H4,2025-04-10T00:00:00Z,5462.46,5488.45,5435.45,5456.35
US500,H4,2025-04-10T04:00:00Z,5456.25,5466.35,5400.85,5410.85
US500,H4,2025-04-10T08:00:00Z,5410.85,5447.5,5319.45,5332.2
US500,H4,2025-04-10T12:00:00Z,5332.15,5386.55,5319.95,5345.4
US500,H4,2025-04-10T16:00:00Z,5345.45,5364.4,5107.15,5209.0
US500,H4,2025-04-10T20:00:00Z,5208.95,5310.75,5140.3,5263.95
US500,H4,2025-04-11T00:00:00Z,5277.7,5301.7,5178.45,5202.65
US500,H4,2025-04-11T04:00:00Z,5202.55,5291.65,5195.4,5279.7
US500,H4,2025-04-11T08:00:00Z,5280.2,5350.6,5229.85,5248.2
US500,H4,2025-04-11T12:00:00Z,5248.1,5330.6,5237.6,5279.05
US500,H4,2025-04-11T16:00:00Z,5279.05,5352.45,5224.55,5341.55
US500,H4,2025-04-11T20:00:00Z,5341.55,5389.3,5312.3,5369.2
US500,H4,2025-04-14T00:00:00Z,5418.94,5422.9,5375.6,5391.95
US500,H4,2025-04-14T04:00:00Z,5392.0,5422.65,5380.8,5419.95
US500,H4,2025-04-14T08:00:00Z,5420.0,5439.1,5407.35,5433.25
US500,H4,2025-04-14T12:00:00Z,5433.3,5447.7,5410.45,5445.75
US500,H4,2025-04-14T16:00:00Z,5445.75,5463.15,5356.55,5373.15
US500,H4,2025-04-14T20:00:00Z,5373.15,5444.5,5371.1,5398.1
US500,H4,2025-04-15T00:00:00Z,5395.9,5402.8,5378.2,5399.05
US500,H4,2025-04-15T04:00:00Z,5399.1,5406.95,5390.2,5401.15
US500,H4,2025-04-15T08:00:00Z,5401.15,5429.2,5391.85,5417.25
US500,H4,2025-04-15T12:00:00Z,5417.4,5424.65,5378.95,5399.8
US500,H4,2025-04-15T16:00:00Z,5399.75,5450.55,5398.65,5408.1
US500,H4,2025-04-15T20:00:00Z,5407.9,5416.8,5385.3,5390.85
US500,H4,2025-04-16T00:00:00Z,5344.8,5360.25,5333.15,5343.25
US500,H4,2025-04-16T04:00:00Z,5343.2,5356.55,5339.65,5341.85
US500,H4,2025-04-16T08:00:00Z,5342.1,5390.65,5305.7,5355.2
US500,H4,2025-04-16T12:00:00Z,5355.25,5370.25,5339.15,5341.75
US500,H4,2025-04-16T16:00:00Z,5341.9,5366.5,5312.0,5324.05
US500,H4,2025-04-16T20:00:00Z,5324.1,5332.2,5216.9,5265.05
US500,H4,2025-04-17T00:00:00Z,5277.91,5298.5,5261.2,5296.5
US500,H4,2025-04-17T04:00:00Z,5296.1,5314.7,5290.75,5312.75
US500,H4,2025-04-17T08:00:00Z,5312.8,5338.65,5309.95,5313.5
US500,H4,2025-04-17T12:00:00Z,5313.55,5326.35,5286.45,5301.9
US500,H4,2025-04-17T16:00:00Z,5301.85,5319.1,5252.7,5314.2
US500,H4,2025-04-17T20:00:00Z,5314.25,5326.9,5271.95,5293.65
US500,H4,2025-04-21T00:00:00Z,5258.7,5275.25,5248.15,5254.7
US500,H4,2025-04-21T04:00:00Z,5254.95,5256.6,5228.4,5237.5
US500,H4,2025-04-21T08:00:00Z,5237.6,5246.6,5221.05,5227.0
US500,H4,2025-04-21T12:00:00Z,5227.0,5238.9,5207.1,5223.9
US500,H4,2025-04-21T16:00:00Z,5223.85,5231.3,5120.85,5125.2
US500,H4,2025-04-21T20:00:00Z,5125.25,5161.9,5096.8,5152.7
US500,H4,2025-04-22T00:00:00Z,5159.49,5179.75,5142.75,5176.65
US500,H4,2025-04-22T04:00:00Z,5176.65,5194.85,5168.85,5175.0
US500,H4,2025-04-22T08:00:00Z,5174.85,5225.1,5172.1,5207.4
US500,H4,2025-04-22T12:00:00Z,5207.35,5209.5,5187.95,5209.1
US500,H4,2025-04-22T16:00:00Z,5209.05,5310.0,5206.9,5292.05
US500,H4,2025-04-22T20:00:00Z,5291.95,5303.05,5233.2,5285.3
US500,H4,2025-04-23T00:00:00Z,5359.44,5394.05,5349.85,5367.4
US500,H4,2025-04-23T04:00:00Z,5367.35,5373.0,5348.35,5368.6
US500,H4,2025-04-23T08:00:00Z,5368.55,5404.25,5358.35,5395.4
US500,H4,2025-04-23T12:00:00Z,5395.4,5426.65,5388.8,5425.65
US500,H4,2025-04-23T16:00:00Z,5425.65,5469.1,5355.85,5398.15
US500,H4,2025-04-23T20:00:00Z,5397.85,5411.55,5354.75,5383.75
US500,H4,2025-04-24T00:00:00Z,5380.4,5391.1,5359.15,5381.55
US500,H4,2025-04-24T04:00:00Z,5381.55,5383.95,5354.15,5365.0
US500,H4,2025-04-24T08:00:00Z,5365.0,5369.55,5325.8,5335.05
US500,H4,2025-04-24T12:00:00Z,5334.95,5380.05,5334.95,5375.15
US500,H4,2025-04-24T16:00:00Z,5375.1,5474.2,5369.15,5470.0
US500,H4,2025-04-24T20:00:00Z,5469.95,5509.5,5455.65,5489.35
US500,H4,2025-04-25T00:00:00Z,5503.95,5513.15,5488.9,5511.05
US500,H4,2025-04-25T04:00:00Z,5511.0,5523.2,5491.0,5503.65
US500,H4,2025-04-25T08:00:00Z,5503.55,5519.7,5493.55,5502.9
US500,H4,2025-04-25T12:00:00Z,5502.9,5505.65,5457.35,5466.75
US500,H4,2025-04-25T16:00:00Z,5466.7,5506.2,5450.75,5505.25
US500,H4,2025-04-25T20:00:00Z,5505.2,5531.55,5481.75,5523.3
US500,H4,2025-04-28T00:00:00Z,5517.67,5517.67,5493.3,5495.45
US500,H4,2025-04-28T04:00:00Z,5495.4,5502.25,5490.4,5494.5
US500,H4,2025-04-28T08:00:00Z,5494.4,5517.55,5490.45,5513.8
US500,H4,2025-04-28T12:00:00Z,5513.85,5528.05,5503.9,5525.8
US500,H4,2025-04-28T16:00:00Z,5525.8,5552.3,5473.6,5481.05
US500,H4,2025-04-28T20:00:00Z,5481.1,5539.5,5466.15,5519.15
US500,H4,2025-04-29T00:00:00Z,5515.99,5533.2,5511.9,5531.75
US500,H4,2025-04-29T04:00:00Z,5531.75,5546.85,5528.65,5530.85
US500,H4,2025-04-29T08:00:00Z,5530.75,5546.95,5525.8,5539.55
US500,H4,2025-04-29T12:00:00Z,5539.5,5540.8,5506.55,5509.65
US500,H4,2025-04-29T16:00:00Z,5509.65,5550.25,5494.8,5525.95
US500,H4,2025-04-29T20:00:00Z,5525.9,5570.3,5522.85,5555.55
US500,H4,2025-04-30T00:00:00Z,5555.15,5557.1,5534.9,5537.2
US500,H4,2025-04-30T04:00:00Z,5537.15,5540.2,5523.7,5533.85
US500,H4,2025-04-30T08:00:00Z,5533.85,5557.05,5529.6,5545.9
US500,H4,2025-04-30T12:00:00Z,5545.85,5555.75,5477.1,5486.65
US500,H4,2025-04-30T16:00:00Z,5486.9,5518.55,5430.4,5511.7
US500,H4,2025-04-30T20:00:00Z,5511.65,5600.9,5487.05,5594.55
US500,H4,2025-05-01T00:00:00Z,5591.86,5618.55,5590.9,5615.6
US500,H4,2025-05-01T04:00:00Z,5615.55,5623.8,5609.85,5619.1
US500,H4,2025-05-01T08:00:00Z,5619.15,5627.85,5609.95,5626.55
US500,H4,2025-05-01T12:00:00Z,5626.7,5637.1,5611.75,5614.5
US500,H4,2025-05-01T16:00:00Z,5614.4,5656.2,5603.5,5611.5
US500,H4,2025-05-01T20:00:00Z,5611.3,5642.25,5575.95,5585.65
US500,H4,2025-05-02T00:00:00Z,5582.32,5638.55,5576.8,5633.75
US500,H4,2025-05-02T04:00:00Z,5633.55,5649.1,5629.65,5643.5
US500,H4,2025-05-02T08:00:00Z,5643.45,5644.6,5611.3,5611.6
US500,H4,2025-05-02T12:00:00Z,5611.55,5669.05,5609.3,5666.85
US500,H4,2025-05-02T16:00:00Z,5667.15,5698.0,5639.4,5692.1
US500,H4,2025-05-02T20:00:00Z,5692.1,5701.05,5676.75,5684.65
US500,H4,2025-05-05T00:00:00Z,5680.55,5680.65,5646.95,5656.8
US500,H4,2025-05-05T04:00:00Z,5656.75,5657.0,5636.25,5639.95
US500,H4,2025-05-05T08:00:00Z,5639.95,5656.15,5631.05,5635.25
US500,H4,2025-05-05T12:00:00Z,5635.3,5644.35,5631.25,5640.65
US500,H4,2025-05-05T16:00:00Z,5640.65,5674.45,5631.3,5671.35
US500,H4,2025-05-05T20:00:00Z,5671.3,5681.7,5641.15,5647.05
US500,H4,2025-05-06T00:00:00Z,5645.76,5650.9,5639.05,5643.0
US500,H4,2025-05-06T04:00:00Z,5642.95,5645.2,5629.9,5636.95
US500,H4,2025-05-06T08:00:00Z,5637.0,5638.3,5603.35,5612.05
US500,H4,2025-05-06T12:00:00Z,5612.1,5620.3,5594.3,5604.85
US500,H4,2025-05-06T16:00:00Z,5604.8,5649.45,5584.9,5607.55
US500,H4,2025-05-06T20:00:00Z,5607.9,5629.2,5582.75,5593.0
US500,H4,2025-05-07T00:00:00Z,5588.75,5667.8,5588.5,5654.8
US500,H4,2025-05-07T04:00:00Z,5654.7,5659.75,5631.8,5640.05
US500,H4,2025-05-07T08:00:00Z,5640.2,5641.8,5625.4,5638.95
US500,H4,2025-05-07T12:00:00Z,5639.0,5646.3,5621.45,5624.55
US500,H4,2025-05-07T16:00:00Z,5624.5,5635.55,5599.3,5628.65
US500,H4,2025-05-07T20:00:00Z,5628.55,5654.1,5575.65,5625.3
US500,H4,2025-05-08T00:00:00Z,5622.65,5649.75,5617.25,5645.25
US500,H4,2025-05-08T04:00:00Z,5645.05,5681.0,5641.75,5678.5
US500,H4,2025-05-08T08:00:00Z,5678.45,5687.35,5663.65,5686.9
US500,H4,2025-05-08T12:00:00Z,5686.85,5698.15,5662.15,5674.05
US500,H4,2025-05-08T16:00:00Z,5674.25,5720.75,5633.85,5718.9
US500,H4,2025-05-08T20:00:00Z,5718.7,5719.75,5662.5,5664.7
US500,H4,2025-05-09T00:00:00Z,5667.6,5670.05,5644.5,5654.15
US500,H4,2025-05-09T04:00:00Z,5654.1,5674.5,5652.6,5670.1
US500,H4,2025-05-09T08:00:00Z,5670.1,5677.25,5661.6,5664.95
US500,H4,2025-05-09T12:00:00Z,5664.8,5693.45,5655.15,5682.4
US500,H4,2025-05-09T16:00:00Z,5682.45,5689.45,5641.8,5647.6
US500,H4,2025-05-09T20:00:00Z,5647.6,5673.05,5642.25,5662.25
US500,H4,2025-05-12T00:00:00Z,5741.93,5741.93,5715.7,5732.15
US500,H4,2025-05-12T04:00:00Z,5732.2,5743.4,5731.05,5741.8
US500,H4,2025-05-12T08:00:00Z,5741.85,5833.1,5740.05,5811.0
US500,H4,2025-05-12T12:00:00Z,5811.05,5846.35,5809.8,5829.25
US500,H4,2025-05-12T16:00:00Z,5829.5,5835.6,5786.75,5827.65
US500,H4,2025-05-12T20:00:00Z,5827.75,5856.95,5824.8,5848.9
US500,H4,2025-05-13T00:00:00Z,5848.4,5849.0,5827.15,5828.45
US500,H4,2025-05-13T04:00:00Z,5828.5,5833.6,5815.2,5819.9
US500,H4,2025-05-13T08:00:00Z,5819.85,5830.25,5817.4,5818.35
US500,H4,2025-05-13T12:00:00Z,5818.45,5862.45,5817.05,5847.85
US500,H4,2025-05-13T16:00:00Z,5847.8,5899.05,5843.1,5894.45
US500,H4,2025-05-13T20:00:00Z,5894.55,5905.55,5878.5,5879.75
US500,H4,2025-05-14T00:00:00Z,5882.49,5888.85,5880.75,5883.1
US500,H4,2025-05-14T04:00:00Z,5883.05,5890.45,5878.15,5887.95
US500,H4,2025-05-14T08:00:00Z,5888.0,5896.85,5882.1,5884.8
US500,H4,2025-05-14T12:00:00Z,5884.75,5903.1,5875.75,5894.8
US500,H4,2025-05-14T16:00:00Z,5894.85,5904.2,5872.3,5889.1
US500,H4,2025-05-14T20:00:00Z,5889.15,5896.65,5869.6,5885.35
US500,H4,2025-05-15T00:00:00Z,5884.35,5884.4,5872.3,5879.45
US500,H4,2025-05-15T04:00:00Z,5879.45,5882.95,5874.4,5878.35
US500,H4,2025-05-15T08:00:00Z,5878.35,5878.95,5847.3,5850.55
US500,H4,2025-05-15T12:00:00Z,5850.55,5878.2,5846.85,5867.1
US500,H4,2025-05-15T16:00:00Z,5866.85,5916.6,5864.65,5916.3
US500,H4,2025-05-15T20:00:00Z,5916.3,5924.4,5897.75,5914.05
US500,H4,2025-05-16T00:00:00Z,5914.07,5918.3,5903.25,5903.8
US500,H4,2025-05-16T04:00:00Z,5903.75,5914.25,5901.65,5911.5
US500,H4,2025-05-16T08:00:00Z,5911.45,5930.55,5905.65,5927.15
US500,H4,2025-05-16T12:00:00Z,5927.15,5936.4,5921.55,5923.8
US500,H4,2025-05-16T16:00:00Z,5923.8,5935.8,5903.45,5933.1
US500,H4,2025-05-16T20:00:00Z,5933.15,5955.8,5918.65,5919.45
US500,H4,2025-05-19T00:00:00Z,5908.61,5927.9,5903.4,5911.55
US500,H4,2025-05-19T04:00:00Z,5911.55,5915.5,5889.7,5892.6
US500,H4,2025-05-19T08:00:00Z,5892.6,5903.45,5873.05,5878.05
US500,H4,2025-05-19T12:00:00Z,5877.9,5899.35,5874.0,5897.95
US500,H4,2025-05-19T16:00:00Z,5898.0,5959.65,5883.1,5957.6
US500,H4,2025-05-19T20:00:00Z,5957.55,5967.75,5943.8,5960.85
US500,H4,2025-05-20T00:00:00Z,5957.9,5972.4,5956.45,5961.85
US500,H4,2025-05-20T04:00:00Z,5961.8,5961.8,5943.0,5947.0
US500,H4,2025-05-20T08:00:00Z,5947.0,5954.0,5935.15,5942.05
US500,H4,2025-05-20T12:00:00Z,5942.0,5954.2,5938.45,5946.05
US500,H4,2025-05-20T16:00:00Z,5946.05,5950.85,5930.6,5944.35
US500,H4,2025-05-20T20:00:00Z,5944.4,5948.7,5906.65,5934.2
US500,H4,2025-05-21T00:00:00Z,5934.9,5938.7,5917.9,5933.85
US500,H4,2025-05-21T04:00:00Z,5933.8,5936.3,5916.55,5918.8
US500,H4,2025-05-21T08:00:00Z,5918.75,5924.4,5901.25,5907.7
US500,H4,2025-05-21T12:00:00Z,5907.9,5915.45,5886.45,5904.45
US500,H4,2025-05-21T16:00:00Z,5904.7,5936.8,5890.75,5926.95
US500,H4,2025-05-21T20:00:00Z,5926.95,5928.45,5829.35,5840.05
US500,H4,2025-05-22T00:00:00Z,5839.67,5854.5,5833.5,5853.9
US500,H4,2025-05-22T04:00:00Z,5853.8,5856.35,5843.65,5845.05
US500,H4,2025-05-22T08:00:00Z,5844.95,5858.5,5843.35,5851.15
US500,H4,2025-05-22T12:00:00Z,5851.2,5857.2,5811.3,5841.75
US500,H4,2025-05-22T16:00:00Z,5841.7,5867.05,5825.1,5841.9
US500,H4,2025-05-22T20:00:00Z,5841.9,5877.05,5836.0,5849.8
US500,H4,2025-05-23T00:00:00Z,5851.72,5854.7,5832.9,5847.25
US500,H4,2025-05-23T04:00:00Z,5847.25,5850.0,5834.0,5836.3
US500,H4,2025-05-23T08:00:00Z,5836.3,5853.45,5823.65,5843.05
US500,H4,2025-05-23T12:00:00Z,5842.9,5843.3,5739.7,5757.65
US500,H4,2025-05-23T16:00:00Z,5757.65,5804.95,5746.65,5797.65
US500,H4,2025-05-23T20:00:00Z,5797.7,5826.4,5789.85,5793.45
US500,H4,2025-05-26T00:00:00Z,5799.48,5861.55,5798.5,5850.35
US500,H4,2025-05-26T04:00:00Z,5850.35,5864.55,5846.6,5863.1
US500,H4,2025-05-26T08:00:00Z,5863.05,5879.7,5855.05,5868.25
US500,H4,2025-05-26T12:00:00Z,5868.25,5876.7,5867.05,5869.75
US500,H4,2025-05-26T16:00:00Z,5869.75,5877.95,5855.95,5876.0
US500,H4,2025-05-27T00:00:00Z,5875.74,5875.74,5858.9,5868.05
US500,H4,2025-05-27T04:00:00Z,5867.95,5867.95,5848.7,5855.15
US500,H4,2025-05-27T08:00:00Z,5855.15,5898.45,5852.15,5886.9
US500,H4,2025-05-27T12:00:00Z,5886.85,5895.85,5871.85,5877.2
US500,H4,2025-05-27T16:00:00Z,5877.25,5917.4,5853.95,5909.9
US500,H4,2025-05-27T20:00:00Z,5909.95,5926.85,5909.4,5925.6
US500,H4,2025-05-28T00:00:00Z,5925.72,5927.45,5920.2,5921.4
US500,H4,2025-05-28T04:00:00Z,5921.45,5924.0,5913.4,5913.85
US500,H4,2025-05-28T08:00:00Z,5913.9,5918.3,5907.55,5907.95
US500,H4,2025-05-28T12:00:00Z,5908.0,5931.8,5904.25,5924.6
US500,H4,2025-05-28T16:00:00Z,5924.4,5937.35,5899.45,5909.2
US500,H4,2025-05-28T20:00:00Z,5909.2,5918.15,5878.9,5911.45
US500,H4,2025-05-29T00:00:00Z,5909.17,5988.95,5903.55,5986.75
US500,H4,2025-05-29T04:00:00Z,5986.55,5991.6,5970.85,5985.35
US500,H4,2025-05-29T08:00:00Z,5985.4,5994.0,5971.5,5977.35
US500,H4,2025-05-29T12:00:00Z,5977.3,5981.0,5927.7,5933.8
US500,H4,2025-05-29T16:00:00Z,5933.8,5944.65,5871.3,5908.7
US500,H4,2025-05-29T20:00:00Z,5908.7,5917.85,5886.9,5904.85
US500,H4,2025-05-30T00:00:00Z,5902.16,5908.05,5892.15,5895.35
US500,H4,2025-05-30T04:00:00Z,5895.35,5900.8,5878.95,5897.9
US500,H4,2025-05-30T08:00:00Z,5897.9,5910.85,5890.25,5900.05
US500,H4,2025-05-30T12:00:00Z,5900.05,5910.95,5864.8,5887.05
US500,H4,2025-05-30T16:00:00Z,5887.15,5908.7,5841.45,5853.25
US500,H4,2025-05-30T20:00:00Z,5853.15,5920.8,5848.95,5900.0
US500,H4,2025-06-02T00:00:00Z,5887.9,5899.1,5883.75,5890.05
US500,H4,2025-06-02T04:00:00Z,5890.15,5894.4,5874.45,5877.15
US500,H4,2025-06-02T08:00:00Z,5877.15,5884.55,5857.8,5877.8
US500,H4,2025-06-02T12:00:00Z,5877.8,5891.7,5866.85,5889.25
US500,H4,2025-06-02T16:00:00Z,5889.15,5912.6,5861.05,5910.85
US500,H4,2025-06-02T20:00:00Z,5910.95,5945.75,5905.8,5939.7
US500,H4,2025-06-03T00:00:00Z,5939.05,5939.35,5920.55,5923.75
US500,H4,2025-06-03T04:00:00Z,5923.75,5926.05,5910.85,5913.15
US500,H4,2025-06-03T08:00:00Z,5913.2,5918.65,5900.05,5910.35
US500,H4,2025-06-03T12:00:00Z,5910.3,5934.1,5907.85,5930.65
US500,H4,2025-06-03T16:00:00Z,5930.65,5977.1,5928.35,5975.3
US500,H4,2025-06-03T20:00:00Z,5975.5,5981.15,5957.9,5969.6
US500,H4,2025-06-04T00:00:00Z,5969.79,5977.55,5969.15,5972.25
US500,H4,2025-06-04T04:00:00Z,5972.25,5974.55,5964.3,5965.45
US500,H4,2025-06-04T08:00:00Z,5965.45,5985.4,5964.95,5978.3
US500,H4,2025-06-04T12:00:00Z,5978.25,5986.1,5963.8,5972.1
US500,H4,2025-06-04T16:00:00Z,5972.1,5988.3,5963.4,5976.3
US500,H4,2025-06-04T20:00:00Z,5976.3,5988.2,5964.3,5965.65
US500,H4,2025-06-05T00:00:00Z,5966.65,5971.05,5962.6,5965.9
US500,H4,2025-06-05T04:00:00Z,5965.9,5968.4,5962.65,5967.35
US500,H4,2025-06-05T08:00:00Z,5967.2,5985.9,5961.85,5976.8
US500,H4,2025-06-05T12:00:00Z,5976.75,6004.1,5961.25,5981.55
US500,H4,2025-06-05T16:00:00Z,5981.55,5998.0,5947.5,5955.65
US500,H4,2025-06-05T20:00:00Z,5955.65,5978.15,5918.9,5929.9
US500,H4,2025-06-06T00:00:00Z,5926.34,5948.3,5923.1,5944.95
US500,H4,2025-06-06T04:00:00Z,5945.0,5958.15,5942.75,5958.1
US500,H4,2025-06-06T08:00:00Z,5957.85,5965.75,5954.7,5961.5
US500,H4,2025-06-06T12:00:00Z,5961.5,5988.55,5953.8,5984.65
US500,H4,2025-06-06T16:00:00Z,5984.65,6016.05,5975.2,5982.65
US500,H4,2025-06-06T20:00:00Z,5982.75,6011.1,5977.85,6001.15
US500,H4,2025-06-09T00:00:00Z,6002.65,6007.9,5987.35,5992.2
US500,H4,2025-06-09T04:00:00Z,5992.2,5993.15,5985.0,5990.95
US500,H4,2025-06-09T08:00:00Z,5990.95,6008.2,5987.05,6007.1
US500,H4,2025-06-09T12:00:00Z,6007.15,6012.3,5999.1,6006.05
US500,H4,2025-06-09T16:00:00Z,6006.1,6019.2,5992.85,6014.85
US500,H4,2025-06-09T20:00:00Z,6014.9,6020.55,5999.8,6004.9
US500,H4,2025-06-10T00:00:00Z,6007.04,6013.5,6001.65,6012.0
US500,H4,2025-06-10T04:00:00Z,6012.0,6033.35,6011.9,6023.5
US500,H4,2025-06-10T08:00:00Z,6023.45,6026.25,5983.95,6001.0
US500,H4,2025-06-10T12:00:00Z,6000.9,6014.75,5999.1,6011.5
US500,H4,2025-06-10T16:00:00Z,6011.75,6029.95,5997.75,6028.7
US500,H4,2025-06-10T20:00:00Z,6028.7,6041.3,6007.55,6032.4
US500,H4,2025-06-11T00:00:00Z,6034.1,6044.45,6024.55,6025.2
US500,H4,2025-06-11T04:00:00Z,6025.15,6027.4,6015.45,6016.25
US500,H4,2025-06-11T08:00:00Z,6016.3,6033.4,6014.1,6030.55
US500,H4,2025-06-11T12:00:00Z,6030.55,6067.5,6017.3,6051.95
US500,H4,2025-06-11T16:00:00Z,6051.9,6057.25,6026.15,6040.7
US500,H4,2025-06-11T20:00:00Z,6040.65,6051.2,5998.95,6020.65
US500,H4,2025-06-12T00:00:00Z,6019.83,6026.2,5998.9,6002.6
US500,H4,2025-06-12T04:00:00Z,6002.65,6007.2,5991.15,6006.85
US500,H4,2025-06-12T08:00:00Z,6006.8,6014.25,5981.85,5998.2
US500,H4,2025-06-12T12:00:00Z,5998.2,6009.5,5984.4,6008.05
US500,H4,2025-06-12T16:00:00Z,6008.05,6044.45,6003.25,6032.4
US500,H4,2025-06-12T20:00:00Z,6032.45,6045.45,6031.65,6037.25
US500,H4,2025-06-13T00:00:00Z,6089.75,6089.75,5944.9,5954.35
US500,H4,2025-06-13T04:00:00Z,5954.35,5961.5,5922.65,5949.3
US500,H4,2025-06-13T08:00:00Z,5949.4,5980.5,5944.55,5969.65
US500,H4,2025-06-13T12:00:00Z,5969.5,5996.55,5963.55,5986.7
US500,H4,2025-06-13T16:00:00Z,5986.7,6024.35,5972.25,6016.45
US500,H4,2025-06-13T20:00:00Z,6016.3,6017.75,5961.0,5975.85
US500,H4,2025-06-16T00:00:00Z,5955.9,5987.8,5948.9,5986.3
US500,H4,2025-06-16T04:00:00Z,5986.4,5991.1,5981.5,5983.1
US500,H4,2025-06-16T08:00:00Z,5983.1,6011.6,5982.9,6008.8
US500,H4,2025-06-16T12:00:00Z,6009.1,6020.3,5996.7,6013.8
US500,H4,2025-06-16T16:00:00Z,6014.1,6051.4,6009.9,6034.1
US500,H4,2025-06-16T20:00:00Z,6033.9,6043.6,6023.1,6033.3
US500,H4,2025-06-17T00:00:00Z,6035.4,6036.7,5994.7,6013.1
US500,H4,2025-06-17T04:00:00Z,6013.4,6020.2,5997.2,6008.8
US500,H4,2025-06-17T08:00:00Z,6008.9,6018.4,5988.9,6004.7
US500,H4,2025-06-17T12:00:00Z,6004.4,6013.4,5988.2,6002.1
US500,H4,2025-06-17T16:00:00Z,6001.9,6023.9,5998.8,6004.4
US500,H4,2025-06-17T20:00:00Z,6004.4,6008.4,5973.6,5981.7
US500,H4,2025-06-18T00:00:00Z,5978.0,5989.1,5962.2,5987.1
US500,H4,2025-06-18T04:00:00Z,5987.2,5993.2,5980.8,5987.6
US500,H4,2025-06-18T08:00:00Z,5987.6,6001.1,5987.3,5999.1
US500,H4,2025-06-18T12:00:00Z,5999.3,6007.1,5978.8,5986.3
US500,H4,2025-06-18T16:00:00Z,5986.6,6017.9,5978.9,6000.2
US500,H4,2025-06-18T20:00:00Z,6000.4,6015.9,5970.8,5981.1
US500,H4,2025-06-19T00:00:00Z,5981.7,5982.3,5959.0,5968.7
US500,H4,2025-06-19T04:00:00Z,5968.8,5973.7,5945.3,5972.9
US500,H4,2025-06-19T08:00:00Z,5972.8,5972.9,5941.3,5953.7
US500,H4,2025-06-19T12:00:00Z,5953.7,5959.8,5934.9,5938.0
US500,H4,2025-06-19T16:00:00Z,5937.7,5944.4,5915.5,5921.8
US500,H4,2025-06-20T00:00:00Z,5945.1,5974.2,5944.2,5964.2
US500,H4,2025-06-20T04:00:00Z,5964.4,5970.6,5953.0,5967.7
US500,H4,2025-06-20T08:00:00Z,5967.6,5979.1,5957.4,5958.7
US500,H4,2025-06-20T12:00:00Z,5958.6,6000.7,5958.4,5998.9
US500,H4,2025-06-20T16:00:00Z,5999.1,6016.5,5956.7,5976.6
US500,H4,2025-06-20T20:00:00Z,5976.8,5982.8,5951.3,5973.7
US500,H4,2025-06-23T00:00:00Z,5919.8,5956.1,5915.2,5942.6
US500,H4,2025-06-23T04:00:00Z,5942.8,5953.0,5939.4,5950.8
US500,H4,2025-06-23T08:00:00Z,5951.0,5988.4,5950.5,5982.3
US500,H4,2025-06-23T12:00:00Z,5982.1,5987.3,5951.8,5976.0
US500,H4,2025-06-23T16:00:00Z,5975.8,6007.4,5941.9,5959.1
US500,H4,2025-06-23T20:00:00Z,5959.4,6030.1,5955.4,6025.9
US500,H4,2025-06-24T00:00:00Z,6026.3,6061.8,6024.4,6055.8
US500,H4,2025-06-24T04:00:00Z,6055.9,6064.7,6052.3,6060.5
US500,H4,2025-06-24T08:00:00Z,6060.3,6091.5,6060.0,6073.5
US500,H4,2025-06-24T12:00:00Z,6073.3,6083.8,6061.4,6067.0
US500,H4,2025-06-24T16:00:00Z,6066.8,6096.1,6058.2,6090.4
US500,H4,2025-06-24T20:00:00Z,6090.6,6101.9,6087.1,6090.5
US500,H4,2025-06-25T00:00:00Z,6089.7,6096.0,6086.0,6095.0
US500,H4,2025-06-25T04:00:00Z,6094.9,6095.3,6088.0,6095.2
US500,H4,2025-06-25T08:00:00Z,6095.0,6097.3,6088.8,6095.5
US500,H4,2025-06-25T12:00:00Z,6095.5,6104.5,6089.0,6104.3
US500,H4,2025-06-25T16:00:00Z,6104.5,6107.7,6088.4,6091.2
US500,H4,2025-06-25T20:00:00Z,6091.4,6097.3,6078.9,6093.5
US500,H4,2025-06-26T00:00:00Z,6092.0,6099.0,6089.5,6097.0
US500,H4,2025-06-26T04:00:00Z,6097.1,6103.8,6093.0,6103.2
US500,H4,2025-06-26T08:00:00Z,6103.0,6118.7,6101.2,6114.7
US500,H4,2025-06-26T12:00:00Z,6114.7,6119.2,6106.2,6114.7
US500,H4,2025-06-26T16:00:00Z,6114.2,6135.6,6107.7,6132.1
US500,H4,2025-06-26T20:00:00Z,6132.1,6147.3,6130.1,6143.0
US500,H4,2025-06-27T00:00:00Z,6144.6,6153.1,6142.6,6144.3
US500,H4,2025-06-27T04:00:00Z,6144.0,6152.8,6142.7,6148.8
US500,H4,2025-06-27T08:00:00Z,6148.5,6163.3,6148.5,6160.5
US500,H4,2025-06-27T12:00:00Z,6160.7,6169.2,6156.0,6158.0
US500,H4,2025-06-27T16:00:00Z,6158.0,6187.6,6150.9,6183.4
US500,H4,2025-06-27T20:00:00Z,6183.1,6183.4,6132.1,6168.4
US500,H4,2025-06-30T00:00:00Z,6176.2,6193.1,6173.8,6188.3
US500,H4,2025-06-30T04:00:00Z,6188.1,6198.1,6184.8,6195.8
US500,H4,2025-06-30T08:00:00Z,6195.6,6203.1,6192.1,6194.8
US500,H4,2025-06-30T12:00:00Z,6195.1,6201.6,6190.3,6193.3
US500,H4,2025-06-30T16:00:00Z,6193.3,6198.8,6179.7,6189.2
US500,H4,2025-06-30T20:00:00Z,6189.2,6214.7,6172.6,6195.6
US500,H4,2025-07-01T00:00:00Z,6195.8,6206.3,6192.3,6205.3
US500,H4,2025-07-01T04:00:00Z,6205.4,6207.8,6193.6,6194.3
US500,H4,2025-07-01T08:00:00Z,6194.6,6200.1,6188.1,6193.8
US500,H4,2025-07-01T12:00:00Z,6193.6,6194.6,6177.4,6184.4
US500,H4,2025-07-01T16:00:00Z,6184.4,6204.2,6177.7,6193.4
US500,H4,2025-07-01T20:00:00Z,6193.7,6211.4,6190.0,6198.0
US500,H4,2025-07-02T00:00:00Z,6198.0,6204.9,6196.8,6203.0
US500,H4,2025-07-02T04:00:00Z,6203.1,6217.4,6194.9,6215.4
US500,H4,2025-07-02T08:00:00Z,6215.3,6220.1,6201.8,6204.6
US500,H4,2025-07-02T12:00:00Z,6204.5,6208.0,6185.2,6189.5
US500,H4,2025-07-02T16:00:00Z,6189.7,6218.6,6187.2,6218.4
US500,H4,2025-07-02T20:00:00Z,6218.1,6229.8,6213.6,6227.5
US500,H4,2025-07-03T00:00:00Z,6225.8,6229.9,6223.4,6227.7
US500,H4,2025-07-03T04:00:00Z,6227.5,6233.8,6220.9,6230.5
US500,H4,2025-07-03T08:00:00Z,6230.4,6235.2,6224.9,6224.9
US500,H4,2025-07-03T12:00:00Z,6224.7,6245.8,6222.9,6235.7
US500,H4,2025-07-03T16:00:00Z,6235.4,6282.9,6235.2,6273.2
US500,H4,2025-07-03T20:00:00Z,6272.9,6276.9,6269.9,6271.9
US500,H4,2025-07-04T00:00:00Z,6270.3,6272.0,6263.9,6264.3
US500,H4,2025-07-04T04:00:00Z,6264.4,6270.7,6256.7,6258.8
US500,H4,2025-07-04T08:00:00Z,6258.9,6261.2,6237.9,6238.8
US500,H4,2025-07-04T12:00:00Z,6238.7,6243.2,6228.7,6237.1
US500,H4,2025-07-04T16:00:00Z,6237.2,6244.8,6231.9,6237.3
US500,H4,2025-07-07T00:00:00Z,6256.5,6267.5,6251.6,6254.6
US500,H4,2025-07-07T04:00:00Z,6254.3,6258.8,6244.3,6250.5
US500,H4,2025-07-07T08:00:00Z,6250.3,6251.3,6243.8,6246.8
US500,H4,2025-07-07T12:00:00Z,6247.1,6267.8,6245.8,6255.6
US500,H4,2025-07-07T16:00:00Z,6255.7,6261.4,6214.1,6219.8
US500,H4,2025-07-07T20:00:00Z,6219.9,6235.9,6200.1,6217.0
US500,H4,2025-07-08T00:00:00Z,6218.9,6230.4,6209.3,6228.3
US500,H4,2025-07-08T04:00:00Z,6228.1,6234.6,6225.1,6230.9
US500,H4,2025-07-08T08:00:00Z,6231.1,6243.8,6229.8,6237.8
US500,H4,2025-07-08T12:00:00Z,6237.6,6241.3,6228.3,6236.8
US500,H4,2025-07-08T16:00:00Z,6237.1,6243.2,6217.0,6230.0
US500,H4,2025-07-08T20:00:00Z,6230.2,6234.9,6220.2,6226.1
US500,H4,2025-07-09T00:00:00Z,6228.6,6231.4,6217.4,6219.9
US500,H4,2025-07-09T04:00:00Z,6219.7,6225.6,6214.9,6223.4
US500,H4,2025-07-09T08:00:00Z,6223.2,6229.4,6215.4,6226.9
US500,H4,2025-07-09T12:00:00Z,6227.0,6245.4,6226.9,6241.9
US500,H4,2025-07-09T16:00:00Z,6241.6,6270.2,6230.7,6242.2
US500,H4,2025-07-09T20:00:00Z,6242.1,6264.4,6238.7,6260.9
US500,H4,2025-07-10T00:00:00Z,6259.3,6266.4,6250.6,6251.1
US500,H4,2025-07-10T04:00:00Z,6251.4,6253.9,6244.9,6246.5
US500,H4,2025-07-10T08:00:00Z,6246.6,6255.9,6242.1,6254.9
US500,H4,2025-07-10T12:00:00Z,6255.0,6265.6,6249.1,6256.9
US500,H4,2025-07-10T16:00:00Z,6256.9,6279.2,6250.7,6276.7
US500,H4,2025-07-10T20:00:00Z,6276.9,6290.2,6273.2,6276.1
US500,H4,2025-07-11T00:00:00Z,6277.6,6287.1,6241.0,6249.1
US500,H4,2025-07-11T04:00:00Z,6249.4,6268.3,6244.6,6266.1
US500,H4,2025-07-11T08:00:00Z,6265.9,6267.1,6241.6,6247.6
US500,H4,2025-07-11T12:00:00Z,6247.9,6251.6,6233.4,6245.1
US500,H4,2025-07-11T16:00:00Z,6245.0,6266.8,6235.3,6264.0
US500,H4,2025-07-11T20:00:00Z,6264.3,6269.5,6249.9,6252.9
US500,H4,2025-07-14T00:00:00Z,6230.0,6238.3,6223.3,6229.0
US500,H4,2025-07-14T04:00:00Z,6229.0,6232.8,6226.5,6229.0
US500,H4,2025-07-14T08:00:00Z,6229.1,6239.6,6217.8,6237.3
US500,H4,2025-07-14T12:00:00Z,6237.4,6243.8,6235.1,6240.8
US500,H4,2025-07-14T16:00:00Z,6240.5,6266.3,6237.8,6264.3
US500,H4,2025-07-14T20:00:00Z,6264.5,6273.5,6264.3,6267.3
US500,H4,2025-07-15T00:00:00Z,6265.7,6265.7,6259.1,6261.1
US500,H4,2025-07-15T04:00:00Z,6260.8,6293.8,6259.3,6281.3
US500,H4,2025-07-15T08:00:00Z,6281.4,6291.6,6280.8,6287.1
US500,H4,2025-07-15T12:00:00Z,6286.9,6301.1,6283.3,6293.6
US500,H4,2025-07-15T16:00:00Z,6293.8,6300.3,6250.9,6252.9
US500,H4,2025-07-15T20:00:00Z,6253.1,6270.1,6231.0,6232.5
US500,H4,2025-07-16T00:00:00Z,6235.0,6236.4,6223.9,6231.6
US500,H4,2025-07-16T04:00:00Z,6231.9,6237.1,6231.2,6233.7
US500,H4,2025-07-16T08:00:00Z,6234.9,6240.4,6216.7,6238.4
US500,H4,2025-07-16T12:00:00Z,6238.2,6259.6,6232.9,6256.6
US500,H4,2025-07-16T16:00:00Z,6256.9,6261.2,6201.2,6252.5
US500,H4,2025-07-16T20:00:00Z,6252.5,6267.8,6248.2,6258.2
US500,H4,2025-07-17T00:00:00Z,6259.0,6259.2,6250.0,6256.5
US500,H4,2025-07-17T04:00:00Z,6256.5,6257.7,6248.2,6253.0
US500,H4,2025-07-17T08:00:00Z,6253.2,6271.5,6252.7,6265.7
US500,H4,2025-07-17T12:00:00Z,6265.9,6274.7,6257.2,6274.0
US500,H4,2025-07-17T16:00:00Z,6273.7,6296.6,6262.1,6289.3
US500,H4,2025-07-17T20:00:00Z,6289.1,6305.3,6287.6,6301.6
US500,H4,2025-07-18T00:00:00Z,6299.4,6311.3,6298.7,6307.8
US500,H4,2025-07-18T04:00:00Z,6307.8,6313.3,6305.8,6311.5
US500,H4,2025-07-18T08:00:00Z,6311.8,6317.5,6305.7,6308.5
US500,H4,2025-07-18T12:00:00Z,6308.5,6310.0,6299.2,6307.2
US500,H4,2025-07-18T16:00:00Z,6307.2,6313.4,6283.8,6285.5
US500,H4,2025-07-18T20:00:00Z,6285.8,6297.0,6283.5,6294.4
US500,H4,2025-07-21T00:00:00Z,6296.3,6305.6,6291.9,6303.9
US500,H4,2025-07-21T04:00:00Z,6304.1,6306.9,6300.6,6305.1
US500,H4,2025-07-21T08:00:00Z,6304.9,6316.1,6303.2,6313.9
US500,H4,2025-07-21T12:00:00Z,6314.1,6315.9,6303.9,6304.4
US500,H4,2025-07-21T16:00:00Z,6304.1,6336.2,6301.9,6333.0
US500,H4,2025-07-21T20:00:00Z,6333.2,6335.7,6303.2,6310.4
US500,H4,2025-07-22T00:00:00Z,6310.6,6314.4,6308.8,6310.9
US500,H4,2025-07-22T04:00:00Z,6310.6,6315.1,6303.5,6304.4
US500,H4,2025-07-22T08:00:00Z,6304.1,6309.9,6298.4,6300.4
US500,H4,2025-07-22T12:00:00Z,6300.6,6312.1,6298.9,6311.1
US500,H4,2025-07-22T16:00:00Z,6311.1,6312.4,6282.0,6299.0
US500,H4,2025-07-22T20:00:00Z,6298.7,6316.7,6295.7,6310.4
US500,H4,2025-07-23T00:00:00Z,6312.6,6327.3,6306.7,6314.7
US500,H4,2025-07-23T04:00:00Z,6314.4,6326.9,6312.7,6326.2
US500,H4,2025-07-23T08:00:00Z,6325.9,6335.4,6323.9,6334.9
US500,H4,2025-07-23T12:00:00Z,6334.7,6337.9,6327.7,6333.2
US500,H4,2025-07-23T16:00:00Z,6332.9,6348.7,6317.5,6339.2
US500,H4,2025-07-23T20:00:00Z,6339.0,6370.7,6335.7,6369.7
US500,H4,2025-07-24T00:00:00Z,6366.4,6369.2,6365.0,6366.2
US500,H4,2025-07-24T04:00:00Z,6366.0,6371.1,6363.5,6365.2
US500,H4,2025-07-24T08:00:00Z,6365.5,6367.4,6358.0,6365.2
US500,H4,2025-07-24T12:00:00Z,6365.5,6371.0,6356.0,6362.5
US500,H4,2025-07-24T16:00:00Z,6362.2,6380.0,6359.0,6370.0
US500,H4,2025-07-24T20:00:00Z,6369.8,6381.6,6362.7,6369.5
US500,H4,2025-07-25T00:00:00Z,6370.4,6378.9,6368.9,6378.2
US500,H4,2025-07-25T04:00:00Z,6378.2,6385.4,6374.9,6375.8
US500,H4,2025-07-25T08:00:00Z,6375.9,6378.7,6365.7,6370.7
US500,H4,2025-07-25T12:00:00Z,6370.6,6374.4,6367.9,6371.2
US500,H4,2025-07-25T16:00:00Z,6371.3,6389.6,6366.2,6388.6
US500,H4,2025-07-25T20:00:00Z,6388.3,6395.8,6386.3,6391.7
US500,H4,2025-07-28T00:00:00Z,6418.4,6422.1,6408.9,6416.8
US500,H4,2025-07-28T04:00:00Z,6417.0,6420.3,6413.9,6419.8
US500,H4,2025-07-28T08:00:00Z,6419.5,6423.8,6409.8,6410.3
US500,H4,2025-07-28T12:00:00Z,6410.3,6411.5,6399.3,6405.3
US500,H4,2025-07-28T16:00:00Z,6405.3,6405.5,6383.3,6389.1
US500,H4,2025-07-28T20:00:00Z,6389.3,6391.8,6375.4,6390.8
US500,H4,2025-07-29T00:00:00Z,6391.6,6395.9,6390.9,6394.4
US500,H4,2025-07-29T04:00:00Z,6394.3,6400.4,6393.4,6398.7
US500,H4,2025-07-29T08:00:00Z,6398.8,6406.4,6395.9,6403.9
US500,H4,2025-07-29T12:00:00Z,6403.9,6409.4,6399.7,6401.2
US500,H4,2025-07-29T16:00:00Z,6401.2,6407.0,6367.4,6382.4
US500,H4,2025-07-29T20:00:00Z,6382.1,6386.1,6363.6,6370.3
US500,H4,2025-07-30T00:00:00Z,6373.0,6381.1,6372.5,6380.1
US500,H4,2025-07-30T04:00:00Z,6379.9,6383.9,6375.9,6383.5
US500,H4,2025-07-30T08:00:00Z,6383.4,6384.6,6373.1,6377.9
US500,H4,2025-07-30T12:00:00Z,6377.7,6385.4,6374.6,6378.9
US500,H4,2025-07-30T16:00:00Z,6378.9,6388.6,6369.9,6384.9
US500,H4,2025-07-30T20:00:00Z,6385.1,6402.5,6334.6,6392.5
US500,H4,2025-07-31T00:00:00Z,6401.3,6416.2,6399.3,6415.7
US500,H4,2025-07-31T04:00:00Z,6415.5,6427.2,6413.7,6425.9
US500,H4,2025-07-31T08:00:00Z,6425.7,6436.4,6420.2,6429.7
US500,H4,2025-07-31T12:00:00Z,6429.9,6430.7,6416.7,6423.9
US500,H4,2025-07-31T16:00:00Z,6423.7,6424.2,6369.9,6397.7
US500,H4,2025-07-31T20:00:00Z,6397.5,6397.7,6326.0,6336.8
US500,H4,2025-08-01T00:00:00Z,6337.8,6341.1,6316.5,6327.0
US500,H4,2025-08-01T04:00:00Z,6326.5,6342.2,6325.3,6334.2
US500,H4,2025-08-01T08:00:00Z,6334.1,6335.5,6274.7,6285.2
US500,H4,2025-08-01T12:00:00Z,6285.0,6300.5,6265.2,6276.7
US500,H4,2025-08-01T16:00:00Z,6276.7,6284.5,6213.8,6232.0
US500,H4,2025-08-01T20:00:00Z,6231.9,6251.6,6211.7,6236.6
US500,H4,2025-08-04T00:00:00Z,6236.7,6254.5,6224.1,6252.8
US500,H4,2025-08-04T04:00:00Z,6252.9,6263.0,6248.0,6258.3
US500,H4,2025-08-04T08:00:00Z,6258.5,6279.3,6251.8,6278.5
US500,H4,2025-08-04T12:00:00Z,6278.1,6282.5,6267.3,6272.5
US500,H4,2025-08-04T16:00:00Z,6273.0,6323.9,6271.0,6320.9
US500,H4,2025-08-04T20:00:00Z,6320.6,6342.5,6312.9,6342.3
US500,H4,2025-08-05T00:00:00Z,6342.4,6349.0,6333.5,6341.8
US500,H4,2025-08-05T04:00:00Z,6341.8,6346.3,6336.0,6342.3
US500,H4,2025-08-05T08:00:00Z,6342.5,6350.8,6332.0,6336.3
US500,H4,2025-08-05T12:00:00Z,6336.5,6350.0,6335.3,6337.5
US500,H4,2025-08-05T16:00:00Z,6337.7,6345.1,6289.5,6308.4
US500,H4,2025-08-05T20:00:00Z,6308.2,6322.5,6294.6,6297.6
US500,H4,2025-08-06T00:00:00Z,6301.4,6302.4,6288.0,6295.5
US500,H4,2025-08-06T04:00:00Z,6295.5,6317.0,6293.7,6315.7
US500,H4,2025-08-06T08:00:00Z,6315.9,6333.0,6314.5,6320.2
US500,H4,2025-08-06T12:00:00Z,6320.0,6323.0,6305.5,6313.7
US500,H4,2025-08-06T16:00:00Z,6313.7,6349.5,6300.6,6342.0
US500,H4,2025-08-06T20:00:00Z,6341.7,6353.5,6339.0,6344.4
US500,H4,2025-08-07T00:00:00Z,6347.0,6363.0,6339.0,6360.3
US500,H4,2025-08-07T04:00:00Z,6360.2,6366.0,6355.3,6357.2
US500,H4,2025-08-07T08:00:00Z,6357.3,6384.2,6354.8,6380.5
US500,H4,2025-08-07T12:00:00Z,6380.3,6401.3,6376.7,6382.5
US500,H4,2025-08-07T16:00:00Z,6382.7,6389.3,6319.3,6331.1
US500,H4,2025-08-07T20:00:00Z,6331.1,6350.7,6309.8,6348.2
US500,H4,2025-08-08T00:00:00Z,6348.4,6363.4,6347.6,6360.4
US500,H4,2025-08-08T04:00:00Z,6360.5,6363.2,6353.3,6354.4
US500,H4,2025-08-08T08:00:00Z,6354.7,6358.8,6344.9,6356.6
US500,H4,2025-08-08T12:00:00Z,6356.6,6365.8,6352.6,6355.3
US500,H4,2025-08-08T16:00:00Z,6355.6,6392.2,6353.3,6384.2
US500,H4,2025-08-08T20:00:00Z,6384.2,6402.1,6379.2,6399.1
US500,H4,2025-08-11T00:00:00Z,6399.3,6403.1,6389.6,6398.3
US500,H4,2025-08-11T04:00:00Z,6398.0,6405.8,6396.8,6397.8
US500,H4,2025-08-11T08:00:00Z,6397.8,6404.8,6385.0,6389.8
US500,H4,2025-08-11T12:00:00Z,6389.8,6403.0,6389.5,6394.5
US500,H4,2025-08-11T16:00:00Z,6394.4,6407.6,6383.1,6391.1
US500,H4,2025-08-11T20:00:00Z,6391.1,6393.9,6364.1,6372.5
US500,H4,2025-08-12T00:00:00Z,6374.2,6383.2,6370.0,6378.5
US500,H4,2025-08-12T04:00:00Z,6378.0,6387.0,6376.5,6386.2
US500,H4,2025-08-12T08:00:00Z,6386.0,6388.0,6369.5,6379.2
US500,H4,2025-08-12T12:00:00Z,6379.3,6419.0,6368.5,6409.2
US500,H4,2025-08-12T16:00:00Z,6409.0,6437.5,6385.0,6434.5
US500,H4,2025-08-12T20:00:00Z,6434.5,6446.5,6432.0,6445.1
US500,H4,2025-08-13T00:00:00Z,6443.8,6449.3,6441.3,6443.3
US500,H4,2025-08-13T04:00:00Z,6443.1,6448.1,6438.3,6446.6
US500,H4,2025-08-13T08:00:00Z,6446.8,6461.3,6440.3,6456.3
US500,H4,2025-08-13T12:00:00Z,6456.1,6465.6,6454.8,6463.3
US500,H4,2025-08-13T16:00:00Z,6463.3,6479.7,6444.7,6447.9
US500,H4,2025-08-13T20:00:00Z,6447.9,6470.7,6444.9,6462.0
US500,H4,2025-08-14T00:00:00Z,6462.8,6468.6,6458.1,6463.1
US500,H4,2025-08-14T04:00:00Z,6463.1,6464.9,6459.6,6463.6
US500,H4,2025-08-14T08:00:00Z,6463.4,6466.4,6455.4,6463.3
US500,H4,2025-08-14T12:00:00Z,6463.1,6469.9,6431.5,6443.9
US500,H4,2025-08-14T16:00:00Z,6443.4,6473.7,6438.4,6459.7
US500,H4,2025-08-14T20:00:00Z,6459.7,6473.7,6456.7,6468.1
US500,H4,2025-08-15T00:00:00Z,6466.2,6473.8,6464.2,6470.5
US500,H4,2025-08-15T04:00:00Z,6470.3,6483.5,6470.0,6481.8
US500,H4,2025-08-15T08:00:00Z,6481.8,6486.5,6472.0,6472.5
US500,H4,2025-08-15T12:00:00Z,6472.5,6480.0,6468.0,6476.3
US500,H4,2025-08-15T16:00:00Z,6476.0,6478.3,6440.5,6456.5
US500,H4,2025-08-15T20:00:00Z,6456.5,6464.5,6443.1,6445.6
US500,H4,2025-08-18T00:00:00Z,6452.1,6462.8,6451.8,6460.3
US500,H4,2025-08-18T04:00:00Z,6460.0,6464.0,6457.8,6458.3
US500,H4,2025-08-18T08:00:00Z,6458.5,6459.8,6437.0,6444.3
US500,H4,2025-08-18T12:00:00Z,6444.0,6446.8,6436.0,6446.5
US500,H4,2025-08-18T16:00:00Z,6446.5,6455.1,6437.6,6440.6
US500,H4,2025-08-18T20:00:00Z,6440.3,6454.3,6439.8,6446.9
US500,H4,2025-08-19T00:00:00Z,6448.7,6457.2,6441.8,6445.6
US500,H4,2025-08-19T04:00:00Z,6445.8,6448.6,6436.3,6438.8
US500,H4,2025-08-19T08:00:00Z,6439.1,6445.1,6433.8,6444.8
US500,H4,2025-08-19T12:00:00Z,6444.8,6448.6,6439.1,6442.8
US500,H4,2025-08-19T16:00:00Z,6443.1,6456.8,6408.5,6412.0
US500,H4,2025-08-19T20:00:00Z,6412.0,6416.5,6399.9,6415.3
US500,H4,2025-08-20T00:00:00Z,6417.1,6418.2,6403.2,6405.7
US500,H4,2025-08-20T04:00:00Z,6405.7,6408.2,6390.2,6393.7
US500,H4,2025-08-20T08:00:00Z,6393.6,6406.2,6390.0,6400.5
US500,H4,2025-08-20T12:00:00Z,6400.5,6410.5,6398.5,6407.7
US500,H4,2025-08-20T16:00:00Z,6407.5,6411.6,6343.8,6377.8
US500,H4,2025-08-20T20:00:00Z,6377.6,6405.1,6366.6,6395.2
US500,H4,2025-08-21T00:00:00Z,6395.4,6398.7,6382.3,6386.1
US500,H4,2025-08-21T04:00:00Z,6385.8,6399.8,6382.1,6393.1
US500,H4,2025-08-21T08:00:00Z,6392.8,6399.8,6384.1,6384.3
US500,H4,2025-08-21T12:00:00Z,6384.6,6389.3,6365.8,6367.8
US500,H4,2025-08-21T16:00:00Z,6367.7,6393.4,6356.7,6362.0
US500,H4,2025-08-21T20:00:00Z,6362.4,6378.4,6351.4,6371.7
US500,H4,2025-08-22T00:00:00Z,6375.7,6382.1,6368.0,6374.2
US500,H4,2025-08-22T04:00:00Z,6374.5,6377.5,6368.2,6371.7
US500,H4,2025-08-22T08:00:00Z,6372.0,6385.5,6347.0,6385.0
US500,H4,2025-08-22T12:00:00Z,6384.7,6388.7,6381.0,6383.0
US500,H4,2025-08-22T16:00:00Z,6383.2,6479.1,6382.2,6460.8
US500,H4,2025-08-22T20:00:00Z,6460.8,6478.1,6457.1,6467.2
US500,H4,2025-08-25T00:00:00Z,6472.0,6472.9,6461.4,6462.7
US500,H4,2025-08-25T04:00:00Z,6462.9,6463.2,6454.7,6462.4
US500,H4,2025-08-25T08:00:00Z,6462.2,6465.7,6454.3,6454.4
US500,H4,2025-08-25T12:00:00Z,6454.2,6454.8,6444.2,6447.7
US500,H4,2025-08-25T16:00:00Z,6447.7,6466.0,6447.2,6463.0
US500,H4,2025-08-25T20:00:00Z,6463.3,6463.3,6436.8,6443.5
US500,H4,2025-08-26T00:00:00Z,6444.3,6447.8,6415.0,6425.8
US500,H4,2025-08-26T04:00:00Z,6425.6,6436.5,6423.8,6432.1
US500,H4,2025-08-26T08:00:00Z,6432.3,6439.1,6419.5,6430.5
US500,H4,2025-08-26T12:00:00Z,6430.8,6437.9,6427.5,6435.1
US500,H4,2025-08-26T16:00:00Z,6435.3,6449.2,6429.1,6447.0
US500,H4,2025-08-26T20:00:00Z,6446.7,6471.2,6437.7,6471.2
US500,H4,2025-08-27T00:00:00Z,6470.5,6473.3,6468.1,6468.6
US500,H4,2025-08-27T04:00:00Z,6468.8,6473.8,6468.6,6472.1
US500,H4,2025-08-27T08:00:00Z,6471.8,6472.3,6462.8,6466.8
US500,H4,2025-08-27T12:00:00Z,6466.7,6473.3,6462.6,6465.3
US500,H4,2025-08-27T16:00:00Z,6465.1,6481.2,6457.1,6477.0
US500,H4,2025-08-27T20:00:00Z,6476.7,6489.9,6444.9,6469.6
US500,H4,2025-08-28T00:00:00Z,6468.1,6468.4,6456.9,6464.9
US500,H4,2025-08-28T04:00:00Z,6465.0,6479.6,6464.4,6473.9
US500,H4,2025-08-28T08:00:00Z,6473.8,6492.5,6470.6,6484.9
US500,H4,2025-08-28T12:00:00Z,6484.9,6488.9,6476.4,6484.5
US500,H4,2025-08-28T16:00:00Z,6484.5,6497.3,6466.7,6490.3
US500,H4,2025-08-28T20:00:00Z,6490.3,6509.0,6488.0,6502.7
US500,H4,2025-08-29T00:00:00Z,6501.7,6503.6,6497.8,6500.3
US500,H4,2025-08-29T04:00:00Z,6500.6,6501.6,6495.6,6496.1
US500,H4,2025-08-29T08:00:00Z,6496.2,6500.4,6481.1,6481.9
US500,H4,2025-08-29T12:00:00Z,6481.9,6494.6,6477.9,6490.1
US500,H4,2025-08-29T16:00:00Z,6490.1,6492.9,6444.5,6460.5
US500,H4,2025-08-29T20:00:00Z,6460.2,6467.7,6448.0,6463.4
US500,H4,2025-09-01T00:00:00Z,6468.3,6480.0,6463.2,6477.3
US500,H4,2025-09-01T04:00:00Z,6477.5,6477.7,6453.8,6457.5
US500,H4,2025-09-01T08:00:00Z,6457.7,6473.8,6448.0,6470.7
US500,H4,2025-09-01T12:00:00Z,6470.5,6471.0,6459.2,6462.8
US500,H4,2025-09-01T16:00:00Z,6462.7,6472.6,6456.9,6471.1
US500,H4,2025-09-02T00:00:00Z,6468.6,6469.3,6454.1,6462.1
US500,H4,2025-09-02T04:00:00Z,6461.8,6464.6,6452.2,6457.6
US500,H4,2025-09-02T08:00:00Z,6457.7,6460.7,6416.1,6429.8
US500,H4,2025-09-02T12:00:00Z,6430.1,6432.8,6375.8,6384.3
US500,H4,2025-09-02T16:00:00Z,6384.8,6412.6,6360.2,6380.7
US500,H4,2025-09-02T20:00:00Z,6380.4,6435.6,6376.4,6435.3
US500,H4,2025-09-03T00:00:00Z,6434.9,6436.9,6421.2,6423.6
US500,H4,2025-09-03T04:00:00Z,6423.4,6423.7,6415.4,6420.2
US500,H4,2025-09-03T08:00:00Z,6420.1,6442.9,6414.7,6440.7
US500,H4,2025-09-03T12:00:00Z,6440.9,6449.2,6433.4,6434.9
US500,H4,2025-09-03T16:00:00Z,6435.4,6454.0,6426.0,6430.0
US500,H4,2025-09-03T20:00:00Z,6429.7,6452.4,6416.3,6450.1
US500,H4,2025-09-04T00:00:00Z,6447.7,6461.2,6444.5,6457.6
US500,H4,2025-09-04T04:00:00Z,6457.5,6462.2,6448.7,6456.0
US500,H4,2025-09-04T08:00:00Z,6455.7,6459.7,6448.5,6456.7
US500,H4,2025-09-04T12:00:00Z,6457.0,6464.0,6451.7,6455.2
US500,H4,2025-09-04T16:00:00Z,6455.0,6476.6,6445.8,6470.4
US500,H4,2025-09-04T20:00:00Z,6470.6,6506.3,6470.1,6502.3
US500,H4,2025-09-05T00:00:00Z,6504.1,6510.0,6502.6,6509.5
US500,H4,2025-09-05T04:00:00Z,6509.8,6512.8,6507.8,6510.8
US500,H4,2025-09-05T08:00:00Z,6510.7,6520.9,6509.5,6516.5
US500,H4,2025-09-05T12:00:00Z,6516.8,6525.8,6493.1,6525.8
US500,H4,2025-09-05T16:00:00Z,6526.0,6531.9,6442.4,6473.9
US500,H4,2025-09-05T20:00:00Z,6473.6,6484.3,6455.4,6479.2
US500,H4,2025-09-08T00:00:00Z,6479.2,6499.7,6472.5,6492.5
US500,H4,2025-09-08T04:00:00Z,6492.5,6496.2,6486.2,6487.2
US500,H4,2025-09-08T08:00:00Z,6487.0,6499.5,6486.0,6495.7
US500,H4,2025-09-08T12:00:00Z,6496.0,6500.5,6489.2,6497.2
US500,H4,2025-09-08T16:00:00Z,6497.5,6508.8,6487.8,6496.1
US500,H4,2025-09-08T20:00:00Z,6496.1,6500.4,6482.6,6498.9
US500,H4,2025-09-09T00:00:00Z,6500.4,6506.9,6499.9,6500.9
US500,H4,2025-09-09T04:00:00Z,6500.7,6508.4,6496.9,6506.4
US500,H4,2025-09-09T08:00:00Z,6506.2,6516.2,6501.2,6505.4
US500,H4,2025-09-09T12:00:00Z,6505.4,6507.9,6499.9,6504.4
US500,H4,2025-09-09T16:00:00Z,6504.2,6507.5,6481.9,6500.3
US500,H4,2025-09-09T20:00:00Z,6500.5,6528.4,6500.3,6522.6
US500,H4,2025-09-10T00:00:00Z,6525.8,6530.2,6519.9,6524.4
US500,H4,2025-09-10T04:00:00Z,6524.4,6532.7,6522.9,6532.4
US500,H4,2025-09-10T08:00:00Z,6532.2,6536.7,6523.9,6525.7
US500,H4,2025-09-10T12:00:00Z,6525.9,6557.3,6522.7,6547.9
US500,H4,2025-09-10T16:00:00Z,6548.2,6556.1,6531.8,6539.6
US500,H4,2025-09-10T20:00:00Z,6539.3,6544.6,6516.3,6530.4
US500,H4,2025-09-11T00:00:00Z,6530.7,6542.1,6530.1,6540.1
US500,H4,2025-09-11T04:00:00Z,6539.8,6541.8,6533.6,6533.8
US500,H4,2025-09-11T08:00:00Z,6534.1,6545.3,6531.6,6541.6
US500,H4,2025-09-11T12:00:00Z,6541.8,6555.8,6531.0,6552.1
US500,H4,2025-09-11T16:00:00Z,6551.8,6587.8,6546.3,6581.5
US500,H4,2025-09-11T20:00:00Z,6581.5,6593.3,6578.8,6585.2
US500,H4,2025-09-12T00:00:00Z,6587.5,6590.0,6584.8,6586.5
US500,H4,2025-09-12T04:00:00Z,6586.8,6588.8,6581.8,6587.0
US500,H4,2025-09-12T08:00:00Z,6586.8,6589.8,6571.5,6578.5
US500,H4,2025-09-12T12:00:00Z,6578.3,6586.3,6577.1,6586.0
US500,H4,2025-09-12T16:00:00Z,6585.8,6594.1,6580.6,6590.5
US500,H4,2025-09-12T20:00:00Z,6590.7,6600.9,6578.6,6583.7
US500,H4,2025-09-15T00:00:00Z,6585.8,6588.1,6580.7,6584.1
US500,H4,2025-09-15T04:00:00Z,6584.3,6589.4,6583.8,6589.3
US500,H4,2025-09-15T08:00:00Z,6589.6,6596.3,6581.6,6589.6
US500,H4,2025-09-15T12:00:00Z,6589.4,6605.1,6586.6,6604.9
US500,H4,2025-09-15T16:00:00Z,6604.8,6618.9,6602.3,6609.4
US500,H4,2025-09-15T20:00:00Z,6609.2,6618.0,6602.0,6612.2
US500,H4,2025-09-16T00:00:00Z,6612.2,6617.1,6610.1,6615.1
US500,H4,2025-09-16T04:00:00Z,6615.2,6623.8,6614.3,6623.1
US500,H4,2025-09-16T08:00:00Z,6623.1,6635.2,6621.6,6633.1
US500,H4,2025-09-16T12:00:00Z,6633.2,6634.8,6621.1,6622.8
US500,H4,2025-09-16T16:00:00Z,6622.8,6626.4,6600.7,6607.7
US500,H4,2025-09-16T20:00:00Z,6607.4,6615.7,6604.9,6608.2
US500,H4,2025-09-17T00:00:00Z,6608.8,6613.9,6606.9,6611.4
US500,H4,2025-09-17T04:00:00Z,6611.7,6612.4,6603.4,6605.2
US500,H4,2025-09-17T08:00:00Z,6604.9,6612.4,6593.3,6605.2
US500,H4,2025-09-17T12:00:00Z,6605.2,6609.2,6599.4,6607.4
US500,H4,2025-09-17T16:00:00Z,6607.2,6615.3,6588.9,6590.9
US500,H4,2025-09-17T20:00:00Z,6590.9,6625.4,6550.2,6605.1
US500,H4,2025-09-18T00:00:00Z,6605.0,6624.1,6604.0,6617.6
US500,H4,2025-09-18T04:00:00Z,6617.7,6633.1,6617.1,6632.3
US500,H4,2025-09-18T08:00:00Z,6632.1,6658.6,6619.6,6657.6
US500,H4,2025-09-18T12:00:00Z,6657.8,6659.3,6632.6,6632.8
US500,H4,2025-09-18T16:00:00Z,6633.1,6657.4,6610.2,6648.7
US500,H4,2025-09-18T20:00:00Z,6648.4,6650.7,6628.2,6638.3
US500,H4,2025-09-19T00:00:00Z,6639.7,6647.2,6634.9,6637.9
US500,H4,2025-09-19T04:00:00Z,6637.8,6644.4,6631.7,6639.9
US500,H4,2025-09-19T08:00:00Z,6640.2,6640.7,6620.9,6634.2
US500,H4,2025-09-19T12:00:00Z,6634.4,6647.4,6632.7,6643.9
US500,H4,2025-09-19T16:00:00Z,6643.7,6654.2,6629.5,6652.2
US500,H4,2025-09-19T20:00:00Z,6652.0,6673.5,6649.0,6660.9
US500,H4,2025-09-22T00:00:00Z,6660.4,6664.5,6651.5,6652.3
US500,H4,2025-09-22T04:00:00Z,6652.4,6660.0,6651.5,6656.5
US500,H4,2025-09-22T08:00:00Z,6656.8,6659.3,6636.0,6645.3
US500,H4,2025-09-22T12:00:00Z,6645.5,6649.3,6639.5,6644.0
US500,H4,2025-09-22T16:00:00Z,6643.9,6691.4,6641.0,6690.4
US500,H4,2025-09-22T20:00:00Z,6690.7,6698.9,6686.7,6692.1
US500,H4,2025-09-23T00:00:00Z,6692.6,6695.5,6688.8,6692.7
US500,H4,2025-09-23T04:00:00Z,6692.8,6696.2,6689.5,6690.5
US500,H4,2025-09-23T08:00:00Z,6690.3,6697.7,6690.0,6693.7
US500,H4,2025-09-23T12:00:00Z,6693.8,6696.2,6687.2,6695.0
US500,H4,2025-09-23T16:00:00Z,6695.2,6699.6,6674.5,6677.3
US500,H4,2025-09-23T20:00:00Z,6677.5,6678.3,6645.0,6659.5
US500,H4,2025-09-24T00:00:00Z,6662.2,6666.5,6656.0,6661.8
US500,H4,2025-09-24T04:00:00Z,6661.7,6665.0,6657.0,6664.8
US500,H4,2025-09-24T08:00:00Z,6665.0,6672.0,6659.5,6668.5
US500,H4,2025-09-24T12:00:00Z,6668.5,6672.8,6665.8,6670.5
US500,H4,2025-09-24T16:00:00Z,6670.2,6672.3,6621.8,6630.7
US500,H4,2025-09-24T20:00:00Z,6631.0,6643.3,6625.0,6640.4
US500,H4,2025-09-25T00:00:00Z,6641.2,6647.2,6639.0,6646.7
US500,H4,2025-09-25T04:00:00Z,6646.5,6649.7,6643.1,6644.2
US500,H4,2025-09-25T08:00:00Z,6644.2,6644.7,6628.2,6634.5
US500,H4,2025-09-25T12:00:00Z,6634.4,6636.7,6597.9,6603.0
US500,H4,2025-09-25T16:00:00Z,6602.7,6619.4,6575.8,6603.4
US500,H4,2025-09-25T20:00:00Z,6603.4,6610.8,6568.9,6606.8
US500,H4,2025-09-26T00:00:00Z,6605.9,6613.5,6603.4,6608.1
US500,H4,2025-09-26T04:00:00Z,6607.9,6610.1,6599.6,6599.9
US500,H4,2025-09-26T08:00:00Z,6600.1,6620.6,6599.6,6606.6
US500,H4,2025-09-26T12:00:00Z,6606.6,6636.6,6603.1,6627.6
US500,H4,2025-09-26T16:00:00Z,6627.9,6649.0,6603.7,6638.7
US500,H4,2025-09-26T20:00:00Z,6638.7,6649.1,6632.7,6644.4
US500,H4,2025-09-29T00:00:00Z,6648.2,6661.0,6644.8,6658.5
US500,H4,2025-09-29T04:00:00Z,6658.7,6666.5,6654.7,6665.0
US500,H4,2025-09-29T08:00:00Z,6665.2,6679.0,6662.7,6678.7
US500,H4,2025-09-29T12:00:00Z,6678.7,6683.5,6671.2,6681.0
US500,H4,2025-09-29T16:00:00Z,6680.7,6683.2,6652.9,6654.9
US500,H4,2025-09-29T20:00:00Z,6655.1,6662.8,6643.3,6655.4
US500,H4,2025-09-30T00:00:00Z,6656.6,6662.4,6653.9,6661.6
US500,H4,2025-09-30T04:00:00Z,6661.4,6663.9,6654.6,6655.9
US500,H4,2025-09-30T08:00:00Z,6655.9,6662.6,6641.4,6649.9
US500,H4,2025-09-30T12:00:00Z,6649.6,6657.4,6642.9,6655.1
US500,H4,2025-09-30T16:00:00Z,6654.9,6665.6,6640.9,6652.9
US500,H4,2025-09-30T20:00:00Z,6652.8,6691.4,6641.9,6671.8
US500,H4,2025-10-01T00:00:00Z,6673.7,6681.3,6661.8,6662.8
US500,H4,2025-10-01T04:00:00Z,6663.1,6665.1,6654.3,6656.8
US500,H4,2025-10-01T08:00:00Z,6656.8,6657.8,6628.3,6644.3
US500,H4,2025-10-01T12:00:00Z,6644.1,6663.6,6643.6,6658.8
US500,H4,2025-10-01T16:00:00Z,6658.8,6695.6,6653.6,6692.4
US500,H4,2025-10-01T20:00:00Z,6692.4,6718.4,6691.4,6705.8
US500,H4,2025-10-02T00:00:00Z,6707.3,6718.6,6705.8,6717.3
US500,H4,2025-10-02T04:00:00Z,6717.4,6721.6,6713.6,6718.6
US500,H4,2025-10-02T08:00:00Z,6718.3,6724.6,6713.6,6723.6
US500,H4,2025-10-02T12:00:00Z,6723.3,6730.8,6715.3,6728.8
US500,H4,2025-10-02T16:00:00Z,6729.1,6731.8,6692.6,6709.3
US500,H4,2025-10-02T20:00:00Z,6709.1,6722.3,6704.3,6716.0
US500,H4,2025-10-03T00:00:00Z,6715.5,6726.7,6709.6,6724.7
US500,H4,2025-10-03T04:00:00Z,6725.0,6733.0,6723.2,6733.0
US500,H4,2025-10-03T08:00:00Z,6732.7,6737.2,6728.6,6736.0
US500,H4,2025-10-03T12:00:00Z,6736.0,6739.0,6718.0,6722.2
US500,H4,2025-10-03T16:00:00Z,6722.0,6751.6,6719.5,6747.1
US500,H4,2025-10-03T20:00:00Z,6746.8,6746.8,6705.3,6714.2
US500,H4,2025-10-06T00:00:00Z,6725.2,6734.9,6719.4,6729.2
US500,H4,2025-10-06T04:00:00Z,6729.4,6738.9,6727.4,6737.4
US500,H4,2025-10-06T08:00:00Z,6737.7,6737.7,6723.4,6734.2
US500,H4,2025-10-06T12:00:00Z,6734.1,6745.7,6733.2,6734.2
US500,H4,2025-10-06T16:00:00Z,6733.9,6743.3,6718.3,6741.3
US500,H4,2025-10-06T20:00:00Z,6741.0,6749.3,6737.3,6741.9
US500,H4,2025-10-07T00:00:00Z,6742.6,6745.3,6727.8,6729.5
US500,H4,2025-10-07T04:00:00Z,6729.8,6738.5,6727.8,6737.8
US500,H4,2025-10-07T08:00:00Z,6737.5,6738.3,6726.5,6735.5
US500,H4,2025-10-07T12:00:00Z,6735.5,6751.8,6734.8,6751.3
US500,H4,2025-10-07T16:00:00Z,6751.3,6755.0,6699.9,6706.9
US500,H4,2025-10-07T20:00:00Z,6707.1,6720.0,6701.1,6717.8
US500,H4,2025-10-08T00:00:00Z,6719.0,6723.4,6711.6,6718.4
US500,H4,2025-10-08T04:00:00Z,6718.4,6725.6,6718.1,6723.6
US500,H4,2025-10-08T08:00:00Z,6723.6,6727.9,6712.4,6723.4
US500,H4,2025-10-08T12:00:00Z,6723.6,6729.4,6717.5,6724.6
US500,H4,2025-10-08T16:00:00Z,6724.4,6755.7,6717.7,6751.7
US500,H4,2025-10-08T20:00:00Z,6751.9,6760.6,6745.4,6755.6
US500,H4,2025-10-09T00:00:00Z,6755.8,6765.8,6755.8,6759.8
US500,H4,2025-10-09T04:00:00Z,6759.5,6760.8,6748.0,6755.3
US500,H4,2025-10-09T08:00:00Z,6755.3,6761.0,6749.5,6751.0
US500,H4,2025-10-09T12:00:00Z,6751.0,6759.3,6749.5,6758.5
US500,H4,2025-10-09T16:00:00Z,6758.5,6763.1,6720.0,6721.5
US500,H4,2025-10-09T20:00:00Z,6720.8,6736.9,6715.3,6734.1
US500,H4,2025-10-10T00:00:00Z,6735.5,6747.5,6733.9,6745.7
US500,H4,2025-10-10T04:00:00Z,6746.0,6748.5,6737.0,6738.2
US500,H4,2025-10-10T08:00:00Z,6738.5,6748.2,6735.0,6744.0
US500,H4,2025-10-10T12:00:00Z,6744.2,6746.0,6728.2,6739.0
US500,H4,2025-10-10T16:00:00Z,6739.2,6762.1,6609.1,6611.1
US500,H4,2025-10-10T20:00:00Z,6610.8,6629.1,6502.0,6507.2
US500,H4,2025-10-13T00:00:00Z,6621.4,6637.4,6600.6,6636.0
US500,H4,2025-10-13T04:00:00Z,6636.3,6642.8,6626.8,6637.5
US500,H4,2025-10-13T08:00:00Z,6637.3,6665.3,6631.4,6647.8
US500,H4,2025-10-13T12:00:00Z,6647.7,6649.1,6612.4,6628.6
US500,H4,2025-10-13T16:00:00Z,6628.3,6667.9,6621.2,6666.1
US500,H4,2025-10-13T20:00:00Z,6666.3,6669.8,6640.3,6648.5
US500,H4,2025-10-14T00:00:00Z,6652.2,6677.7,6647.5,6670.0
US500,H4,2025-10-14T04:00:00Z,6669.7,6672.2,6620.2,6631.6
US500,H4,2025-10-14T08:00:00Z,6631.7,6632.7,6583.2,6607.0
US500,H4,2025-10-14T12:00:00Z,6606.8,6611.5,6565.2,6590.2
US500,H4,2025-10-14T16:00:00Z,6590.0,6680.0,6553.1,6667.5
US500,H4,2025-10-14T20:00:00Z,6667.3,6682.3,6625.6,6643.3
US500,H4,2025-10-15T00:00:00Z,6646.1,6658.6,6643.1,6655.1
US500,H4,2025-10-15T04:00:00Z,6654.9,6665.9,6647.1,6664.9
US500,H4,2025-10-15T08:00:00Z,6669.6,6681.1,6666.4,6677.1
US500,H4,2025-10-15T12:00:00Z,6677.4,6700.6,6676.4,6698.4
US500,H4,2025-10-15T16:00:00Z,6698.6,6725.3,6660.8,6662.5
US500,H4,2025-10-15T20:00:00Z,6662.5,6683.2,6610.3,6672.2
US500,H4,2025-10-16T00:00:00Z,6674.5,6685.8,6662.3,6669.5
US500,H4,2025-10-16T04:00:00Z,6669.3,6675.5,6665.3,6672.0
US500,H4,2025-10-16T08:00:00Z,6672.3,6696.0,6670.2,6688.8
US500,H4,2025-10-16T12:00:00Z,6688.5,6705.7,6687.3,6701.2
US500,H4,2025-10-16T16:00:00Z,6701.3,6709.4,6613.9,6654.8
US500,H4,2025-10-16T20:00:00Z,6654.4,6663.8,6591.2,6618.3
US500,H4,2025-10-17T00:00:00Z,6619.3,6630.4,6602.9,6612.4
US500,H4,2025-10-17T04:00:00Z,6612.5,6623.9,6598.0,6599.3
US500,H4,2025-10-17T08:00:00Z,6599.5,6600.0,6533.8,6553.4
US500,H4,2025-10-17T12:00:00Z,6553.3,6634.3,6552.0,6620.8
US500,H4,2025-10-17T16:00:00Z,6620.0,6659.9,6603.4,6642.6
US500,H4,2025-10-17T20:00:00Z,6642.9,6680.4,6627.6,6673.0
US500,H4,2025-10-20T00:00:00Z,6687.1,6687.8,6656.8,6677.3
US500,H4,2025-10-20T04:00:00Z,6677.6,6691.1,6672.1,6690.0
US500,H4,2025-10-20T08:00:00Z,6689.8,6700.1,6681.3,6682.8
US500,H4,2025-10-20T12:00:00Z,6682.7,6697.1,6674.3,6696.6
US500,H4,2025-10-20T16:00:00Z,6696.7,6738.2,6694.8,6733.9
US500,H4,2025-10-20T20:00:00Z,6733.9,6745.0,6731.9,6742.2
US500,H4,2025-10-21T00:00:00Z,6742.2,6744.8,6738.8,6744.6
US500,H4,2025-10-21T04:00:00Z,6744.3,6747.6,6734.1,6736.6
US500,H4,2025-10-21T08:00:00Z,6736.7,6738.6,6725.9,6727.3
US500,H4,2025-10-21T12:00:00Z,6727.6,6740.3,6726.8,6736.8
US500,H4,2025-10-21T16:00:00Z,6736.6,6752.3,6721.8,6737.0
US500,H4,2025-10-21T20:00:00Z,6737.3,6747.3,6727.2,6734.7
US500,H4,2025-10-22T00:00:00Z,6737.7,6740.2,6728.4,6729.4
US500,H4,2025-10-22T04:00:00Z,6729.2,6750.9,6727.4,6747.7
US500,H4,2025-10-22T08:00:00Z,6747.8,6751.9,6735.2,6738.7
US500,H4,2025-10-22T12:00:00Z,6738.6,6745.7,6728.7,6742.2
US500,H4,2025-10-22T16:00:00Z,6742.4,6744.7,6661.7,6695.0
US500,H4,2025-10-22T20:00:00Z,6694.7,6706.7,6654.0,6700.2
US500,H4,2025-10-23T00:00:00Z,6696.6,6704.5,6681.2,6700.7
US500,H4,2025-10-23T04:00:00Z,6700.6,6714.0,6700.0,6705.5
US500,H4,2025-10-23T08:00:00Z,6705.7,6715.5,6702.2,6708.5
US500,H4,2025-10-23T12:00:00Z,6708.5,6710.6,6683.7,6700.0
US500,H4,2025-10-23T16:00:00Z,6700.0,6737.5,6687.7,6736.5
US500,H4,2025-10-23T20:00:00Z,6736.8,6749.3,6726.0,6740.7
US500,H4,2025-10-24T00:00:00Z,6743.7,6746.8,6741.8,6746.0
US500,H4,2025-10-24T04:00:00Z,6745.8,6753.3,6745.8,6752.6
US500,H4,2025-10-24T08:00:00Z,6752.6,6763.1,6749.0,6755.8
US500,H4,2025-10-24T12:00:00Z,6755.5,6800.7,6755.3,6779.0
US500,H4,2025-10-24T16:00:00Z,6779.3,6807.1,6778.5,6801.7
US500,H4,2025-10-24T20:00:00Z,6801.5,6806.7,6789.7,6791.4
US500,H4,2025-10-27T00:00:00Z,6849.2,6849.9,6834.4,6839.1
US500,H4,2025-10-27T04:00:00Z,6839.3,6847.8,6834.1,6845.8
US500,H4,2025-10-27T08:00:00Z,6845.8,6855.6,6843.3,6847.8
US500,H4,2025-10-27T12:00:00Z,6847.9,6855.6,6845.6,6849.6
US500,H4,2025-10-27T16:00:00Z,6849.3,6861.4,6843.7,6860.1
US500,H4,2025-10-27T20:00:00Z,6860.4,6882.5,6854.4,6880.0
US500,H4,2025-10-28T00:00:00Z,6879.8,6884.6,6875.6,6876.4
US500,H4,2025-10-28T04:00:00Z,6876.3,6877.4,6872.1,6872.4
US500,H4,2025-10-28T08:00:00Z,6872.6,6876.9,6867.9,6872.9
US500,H4,2025-10-28T12:00:00Z,6873.0,6884.4,6870.1,6882.4
US500,H4,2025-10-28T16:00:00Z,6882.6,6896.2,6870.5,6891.4
US500,H4,2025-10-28T20:00:00Z,6891.2,6911.7,6888.6,6894.6
US500,H4,2025-10-29T00:00:00Z,6896.6,6899.1,6892.2,6893.7
US500,H4,2025-10-29T04:00:00Z,6893.6,6907.7,6893.2,6906.4
US500,H4,2025-10-29T08:00:00Z,6906.4,6916.9,6903.7,6905.2
US500,H4,2025-10-29T12:00:00Z,6904.9,6916.4,6898.7,6909.9
US500,H4,2025-10-29T16:00:00Z,6909.7,6920.2,6898.7,6908.2
US500,H4,2025-10-29T20:00:00Z,6908.2,6912.8,6851.5,6887.0
US500,H4,2025-10-30T00:00:00Z,6883.1,6909.0,6871.9,6902.3
US500,H4,2025-10-30T04:00:00Z,6902.5,6922.5,6870.0,6883.4
US500,H4,2025-10-30T08:00:00Z,6883.3,6907.1,6880.8,6891.0
US500,H4,2025-10-30T12:00:00Z,6891.1,6898.8,6859.5,6860.0
US500,H4,2025-10-30T16:00:00Z,6859.8,6882.9,6837.1,6867.6
US500,H4,2025-10-30T20:00:00Z,6867.4,6869.6,6819.9,6862.4
US500,H4,2025-10-31T00:00:00Z,6865.2,6872.1,6857.1,6869.8
US500,H4,2025-10-31T04:00:00Z,6869.8,6873.6,6862.1,6869.8
US500,H4,2025-10-31T08:00:00Z,6869.6,6875.1,6862.1,6872.3
US500,H4,2025-10-31T12:00:00Z,6872.6,6887.3,6862.3,6874.8
US500,H4,2025-10-31T16:00:00Z,6874.6,6875.3,6821.9,6824.4
US500,H4,2025-10-31T20:00:00Z,6824.1,6869.1,6812.9,6840.8
US500,H4,2025-11-03T00:00:00Z,6849.2,6868.8,6848.3,6861.3
US500,H4,2025-11-03T04:00:00Z,6861.3,6865.6,6850.7,6854.6
US500,H4,2025-11-03T08:00:00Z,6854.6,6872.3,6843.1,6865.1
US500,H4,2025-11-03T12:00:00Z,6865.2,6873.1,6856.2,6866.8
US500,H4,2025-11-03T16:00:00Z,6867.0,6879.7,6819.9,6859.4
US500,H4,2025-11-03T20:00:00Z,6859.7,6863.4,6846.2,6854.3
US500,H4,2025-11-04T00:00:00Z,6852.8,6854.9,6832.9,6836.9
US500,H4,2025-11-04T04:00:00Z,6836.8,6837.2,6797.8,6801.1
US500,H4,2025-11-04T08:00:00Z,6800.9,6801.7,6762.7,6763.9
US500,H4,2025-11-04T12:00:00Z,6763.7,6791.7,6757.4,6779.9
US500,H4,2025-11-04T16:00:00Z,6779.7,6820.9,6767.0,6780.9
US500,H4,2025-11-04T20:00:00Z,6780.6,6787.4,6766.6,6777.8
US500,H4,2025-11-05T00:00:00Z,6777.1,6778.6,6720.9,6732.1
US500,H4,2025-11-05T04:00:00Z,6732.2,6770.9,6725.2,6761.2
US500,H4,2025-11-05T08:00:00Z,6760.9,6773.4,6754.4,6766.2
US500,H4,2025-11-05T12:00:00Z,6766.1,6779.9,6744.2,6777.7
US500,H4,2025-11-05T16:00:00Z,6777.6,6830.4,6762.3,6823.9
US500,H4,2025-11-05T20:00:00Z,6823.6,6830.4,6792.8,6800.3
US500,H4,2025-11-06T00:00:00Z,6802.4,6807.3,6778.0,6787.5
US500,H4,2025-11-06T04:00:00Z,6787.3,6799.8,6780.3,6790.3
US500,H4,2025-11-06T08:00:00Z,6790.2,6800.0,6776.3,6796.3
US500,H4,2025-11-06T12:00:00Z,6796.3,6816.0,6795.3,6804.3
US500,H4,2025-11-06T16:00:00Z,6804.3,6806.3,6706.9,6730.9
US500,H4,2025-11-06T20:00:00Z,6730.7,6757.2,6711.1,6738.6
US500,H4,2025-11-07T00:00:00Z,6733.4,6745.7,6716.5,6729.2
US500,H4,2025-11-07T04:00:00Z,6729.2,6739.0,6707.2,6738.5
US500,H4,2025-11-07T08:00:00Z,6738.6,6744.8,6722.5,6726.0
US500,H4,2025-11-07T12:00:00Z,6726.2,6729.8,6686.3,6697.5
US500,H4,2025-11-07T16:00:00Z,6697.2,6699.5,6630.8,6658.3
US500,H4,2025-11-07T20:00:00Z,6658.8,6740.5,6655.1,6740.5
US500,H4,2025-11-10T00:00:00Z,6770.0,6772.8,6747.1,6772.1
US500,H4,2025-11-10T04:00:00Z,6772.0,6781.1,6768.3,6778.6
US500,H4,2025-11-10T08:00:00Z,6778.3,6797.3,6771.3,6794.3
US500,H4,2025-11-10T12:00:00Z,6794.6,6796.6,6786.1,6794.6
US500,H4,2025-11-10T16:00:00Z,6794.8,6817.7,6770.0,6814.5
US500,H4,2025-11-10T20:00:00Z,6814.5,6841.7,6813.7,6833.8
US500,H4,2025-11-11T00:00:00Z,6837.0,6843.7,6831.2,6837.8
US500,H4,2025-11-11T04:00:00Z,6837.7,6841.0,6824.5,6824.5
US500,H4,2025-11-11T08:00:00Z,6824.2,6833.5,6816.2,6817.0
US500,H4,2025-11-11T12:00:00Z,6816.7,6824.0,6812.7,6818.0
US500,H4,2025-11-11T16:00:00Z,6818.0,6842.5,6807.2,6841.0
US500,H4,2025-11-11T20:00:00Z,6840.7,6855.5,6840.5,6849.5
US500,H4,2025-11-12T00:00:00Z,6850.9,6861.7,6844.4,6860.4
US500,H4,2025-11-12T04:00:00Z,6860.7,6865.4,6853.4,6862.2
US500,H4,2025-11-12T08:00:00Z,6861.9,6876.7,6861.7,6874.7
US500,H4,2025-11-12T12:00:00Z,6874.4,6876.7,6858.4,6871.7
US500,H4,2025-11-12T16:00:00Z,6871.4,6871.7,6829.0,6856.0
US500,H4,2025-11-12T20:00:00Z,6855.7,6861.0,6840.5,6849.2
US500,H4,2025-11-13T00:00:00Z,6850.7,6866.3,6828.7,6861.5
US500,H4,2025-11-13T04:00:00Z,6861.2,6867.5,6852.0,6865.0
US500,H4,2025-11-13T08:00:00Z,6864.7,6869.5,6836.2,6842.7
US500,H4,2025-11-13T12:00:00Z,6842.8,6853.2,6826.7,6828.5
US500,H4,2025-11-13T16:00:00Z,6828.5,6830.5,6757.9,6759.7
US500,H4,2025-11-13T20:00:00Z,6759.9,6765.9,6723.4,6739.6
US500,H4,2025-11-14T00:00:00Z,6742.3,6753.2,6742.0,6746.9
US500,H4,2025-11-14T04:00:00Z,6747.2,6752.9,6722.2,6742.2
US500,H4,2025-11-14T08:00:00Z,6741.9,6742.7,6706.6,6716.4
US500,H4,2025-11-14T12:00:00Z,6716.2,6726.7,6655.9,6670.4
US500,H4,2025-11-14T16:00:00Z,6670.2,6773.8,6649.0,6757.5
US500,H4,2025-11-14T20:00:00Z,6757.8,6768.3,6728.8,6743.2
US500,H4,2025-11-17T00:00:00Z,6741.8,6759.1,6719.5,6749.6
US500,H4,2025-11-17T04:00:00Z,6749.8,6767.3,6749.1,6759.8
US500,H4,2025-11-17T08:00:00Z,6759.6,6780.3,6757.3,6766.3
US500,H4,2025-11-17T12:00:00Z,6766.1,6766.6,6713.6,6726.6
US500,H4,2025-11-17T16:00:00Z,6726.5,6753.7,6694.4,6708.4
US500,H4,2025-11-17T20:00:00Z,6708.7,6715.4,6637.4,6676.3
US500,H4,2025-11-18T00:00:00Z,6676.5,6688.0,6664.4,6683.5
US500,H4,2025-11-18T04:00:00Z,6683.3,6687.0,6618.3,6635.5
US500,H4,2025-11-18T08:00:00Z,6635.6,6664.8,6615.0,6660.0
US500,H4,2025-11-18T12:00:00Z,6660.1,6661.6,6622.8,6641.0
US500,H4,2025-11-18T16:00:00Z,6640.8,6659.4,6573.4,6652.0
US500,H4,2025-11-18T20:00:00Z,6652.1,6666.6,6604.5,6606.8
US500,H4,2025-11-19T00:00:00Z,6613.8,6627.7,6602.7,6613.7
US500,H4,2025-11-19T04:00:00Z,6613.8,6632.7,6593.7,6610.5
US500,H4,2025-11-19T08:00:00Z,6610.6,6639.2,6607.0,6638.5
US500,H4,2025-11-19T12:00:00Z,6638.6,6648.7,6630.2,6633.0
US500,H4,2025-11-19T16:00:00Z,6632.7,6689.1,6602.6,6628.6
US500,H4,2025-11-19T20:00:00Z,6628.8,6684.2,6608.6,6675.0
US500,H4,2025-11-20T00:00:00Z,6680.8,6723.5,6678.5,6722.2
US500,H4,2025-11-20T04:00:00Z,6722.0,6734.0,6717.5,6726.7
US500,H4,2025-11-20T08:00:00Z,6727.0,6737.0,6705.7,6709.0
US500,H4,2025-11-20T12:00:00Z,6709.2,6752.7,6704.2,6747.7
US500,H4,2025-11-20T16:00:00Z,6748.0,6770.8,6568.3,6586.3
US500,H4,2025-11-20T20:00:00Z,6586.5,6633.5,6530.2,6532.4
US500,H4,2025-11-21T00:00:00Z,6541.2,6570.9,6519.8,6564.9
US500,H4,2025-11-21T04:00:00Z,6565.0,6575.9,6547.9,6553.9
US500,H4,2025-11-21T08:00:00Z,6554.1,6566.6,6533.4,6534.4
US500,H4,2025-11-21T12:00:00Z,6534.3,6580.6,6506.9,6572.6
US500,H4,2025-11-21T16:00:00Z,6572.4,6628.6,6521.6,6615.5
US500,H4,2025-11-21T20:00:00Z,6615.2,6660.0,6582.2,6612.9
US500,H4,2025-11-24T00:00:00Z,6649.5,6650.6,6620.6,6630.6
US500,H4,2025-11-24T04:00:00Z,6630.6,6645.8,6627.3,6640.1
US500,H4,2025-11-24T08:00:00Z,6640.1,6652.9,6609.0,6621.6
US500,H4,2025-11-24T12:00:00Z,6621.9,6650.6,6608.9,6636.6
US500,H4,2025-11-24T16:00:00Z,6636.4,6708.7,6630.5,6705.4
US500,H4,2025-11-24T20:00:00Z,6705.4,6715.0,6693.4,6708.1
US500,H4,2025-11-25T00:00:00Z,6710.7,6711.4,6698.2,6698.7
US500,H4,2025-11-25T04:00:00Z,6698.9,6707.2,6697.4,6700.4
US500,H4,2025-11-25T08:00:00Z,6700.4,6704.9,6685.2,6691.4
US500,H4,2025-11-25T12:00:00Z,6691.4,6715.9,6686.5,6701.4
US500,H4,2025-11-25T16:00:00Z,6701.4,6757.8,6658.3,6747.8
US500,H4,2025-11-25T20:00:00Z,6747.9,6776.3,6739.1,6765.0
US500,H4,2025-11-26T00:00:00Z,6764.9,6782.5,6763.5,6782.0
US500,H4,2025-11-26T04:00:00Z,6781.8,6788.8,6780.3,6787.8
US500,H4,2025-11-26T08:00:00Z,6787.6,6795.3,6778.0,6779.8
US500,H4,2025-11-26T12:00:00Z,6780.0,6789.8,6771.6,6788.5
US500,H4,2025-11-26T16:00:00Z,6788.3,6831.8,6780.9,6825.5
US500,H4,2025-11-26T20:00:00Z,6825.5,6830.3,6810.3,6815.2
US500,H4,2025-11-27T00:00:00Z,6816.6,6819.0,6812.6,6817.8
US500,H4,2025-11-27T04:00:00Z,6818.0,6818.5,6811.8,6815.8
US500,H4,2025-11-27T08:00:00Z,6815.9,6817.8,6809.5,6810.5
US500,H4,2025-11-27T12:00:00Z,6810.3,6815.3,6809.3,6813.0
US500,H4,2025-11-27T16:00:00Z,6812.8,6817.1,6810.2,6813.5
US500,H4,2025-11-28T00:00:00Z,6815.7,6828.5,6815.0,6822.6
US500,H4,2025-11-28T04:00:00Z,6822.5,6824.4,6820.0,6822.5
US500,H4,2025-11-28T08:00:00Z,6822.5,6822.5,6822.5,6822.5
US500,H4,2025-11-28T12:00:00Z,6828.0,6828.0,6824.1,6824.5
US500,H4,2025-11-28T16:00:00Z,6824.4,6851.2,6818.9,6847.7
US500,H4,2025-11-28T20:00:00Z,6847.4,6851.1,6842.9,6844.2
US500,H4,2025-12-01T00:00:00Z,6849.9,6852.6,6805.6,6813.6
US500,H4,2025-12-01T04:00:00Z,6813.7,6815.1,6790.3,6799.9
US500,H4,2025-12-01T08:00:00Z,6799.8,6817.9,6796.6,6804.4
US500,H4,2025-12-01T12:00:00Z,6804.6,6813.7,6793.3,6805.3
US500,H4,2025-12-01T16:00:00Z,6805.6,6841.7,6800.1,6834.2
US500,H4,2025-12-01T20:00:00Z,6834.2,6843.9,6807.8,6815.1
US500,H4,2025-12-02T00:00:00Z,6818.3,6822.0,6811.0,6816.0
US500,H4,2025-12-02T04:00:00Z,6814.3,6820.0,6804.3,6809.8
US500,H4,2025-12-02T08:00:00Z,6809.5,6825.8,6801.4,6823.4
US500,H4,2025-12-02T12:00:00Z,6823.3,6837.8,6822.3,6837.3
US500,H4,2025-12-02T16:00:00Z,6837.0,6852.7,6807.2,6815.4
US500,H4,2025-12-02T20:00:00Z,6815.4,6842.2,6813.4,6830.7
US500,H4,2025-12-03T00:00:00Z,6834.4,6840.9,6826.7,6838.9
US500,H4,2025-12-03T04:00:00Z,6838.7,6846.8,6838.2,6842.9
US500,H4,2025-12-03T08:00:00Z,6843.1,6846.2,6835.2,6841.2
US500,H4,2025-12-03T12:00:00Z,6841.3,6851.4,6835.7,6844.9
US500,H4,2025-12-03T16:00:00Z,6844.7,6855.0,6806.9,6852.0
US500,H4,2025-12-03T20:00:00Z,6852.2,6862.2,6847.7,6854.1
US500,H4,2025-12-04T00:00:00Z,6854.6,6856.3,6847.6,6851.1
US500,H4,2025-12-04T04:00:00Z,6850.8,6854.1,6846.6,6852.6
US500,H4,2025-12-04T08:00:00Z,6852.8,6859.6,6843.8,6858.1
US500,H4,2025-12-04T12:00:00Z,6858.2,6860.8,6849.8,6853.8
US500,H4,2025-12-04T16:00:00Z,6854.1,6870.3,6834.2,6855.7
US500,H4,2025-12-04T20:00:00Z,6855.5,6860.5,6826.0,6855.4
US500,H4,2025-12-05T00:00:00Z,6857.3,6866.4,6851.9,6865.9
US500,H4,2025-12-05T04:00:00Z,6865.6,6872.6,6865.1,6872.4
US500,H4,2025-12-05T08:00:00Z,6872.5,6876.9,6867.1,6869.1
US500,H4,2025-12-05T12:00:00Z,6869.4,6872.6,6847.4,6854.4
US500,H4,2025-12-05T16:00:00Z,6854.6,6895.8,6854.1,6874.3
US500,H4,2025-12-05T20:00:00Z,6874.0,6881.5,6857.8,6871.2
US500,H4,2025-12-08T00:00:00Z,6878.7,6878.8,6864.4,6874.9
US500,H4,2025-12-08T04:00:00Z,6875.1,6883.6,6873.9,6881.6
US500,H4,2025-12-08T08:00:00Z,6881.9,6885.1,6874.6,6876.1
US500,H4,2025-12-08T12:00:00Z,6876.1,6884.6,6872.4,6880.1
US500,H4,2025-12-08T16:00:00Z,6880.4,6883.1,6833.7,6853.2
US500,H4,2025-12-08T20:00:00Z,6853.1,6856.2,6827.0,6856.2
US500,H4,2025-12-09T00:00:00Z,6856.5,6861.3,6852.3,6854.3
US500,H4,2025-12-09T04:00:00Z,6854.6,6857.8,6850.6,6850.6
US500,H4,2025-12-09T08:00:00Z,6850.8,6860.8,6847.8,6850.1
US500,H4,2025-12-09T12:00:00Z,6849.8,6855.6,6838.6,6843.3
US500,H4,2025-12-09T16:00:00Z,6843.1,6865.5,6837.4,6853.8
US500,H4,2025-12-09T20:00:00Z,6853.8,6856.1,6836.2,6839.2
US500,H4,2025-12-10T00:00:00Z,6841.2,6844.0,6835.5,6837.0
US500,H4,2025-12-10T04:00:00Z,6836.8,6847.2,6836.8,6841.2
US500,H4,2025-12-10T08:00:00Z,6841.5,6852.5,6841.1,6845.5
US500,H4,2025-12-10T12:00:00Z,6845.5,6850.2,6827.5,6840.0
US500,H4,2025-12-10T16:00:00Z,6839.7,6853.0,6823.8,6849.5
US500,H4,2025-12-10T20:00:00Z,6849.3,6901.0,6835.4,6886.4
US500,H4,2025-12-11T00:00:00Z,6883.6,6885.2,6862.8,6863.6
US500,H4,2025-12-11T04:00:00Z,6863.3,6863.6,6811.5,6829.8
US500,H4,2025-12-11T08:00:00Z,6830.1,6851.8,6822.3,6849.1
US500,H4,2025-12-11T12:00:00Z,6849.3,6870.8,6844.6,6858.3
US500,H4,2025-12-11T16:00:00Z,6858.6,6891.4,6832.2,6883.9
US500,H4,2025-12-11T20:00:00Z,6883.6,6923.2,6882.2,6919.8
US500,H4,2025-12-12T00:00:00Z,6906.8,6910.2,6894.5,6902.2
US500,H4,2025-12-12T04:00:00Z,6902.5,6908.6,6899.1,6907.0
US500,H4,2025-12-12T08:00:00Z,6907.2,6909.0,6888.0,6892.7
US500,H4,2025-12-12T12:00:00Z,6892.8,6903.8,6885.5,6903.7
US500,H4,2025-12-12T16:00:00Z,6903.7,6904.7,6801.3,6836.7
US500,H4,2025-12-12T20:00:00Z,6836.7,6853.2,6810.7,6830.4
US500,H4,2025-12-15T00:00:00Z,6830.8,6844.1,6815.0,6843.6
US500,H4,2025-12-15T04:00:00Z,6843.6,6847.8,6838.3,6846.3
US500,H4,2025-12-15T08:00:00Z,6846.1,6859.1,6838.2,6857.8
US500,H4,2025-12-15T12:00:00Z,6857.6,6864.5,6854.8,6863.8
US500,H4,2025-12-15T16:00:00Z,6863.8,6868.8,6802.4,6814.7
US500,H4,2025-12-15T20:00:00Z,6814.7,6827.7,6804.7,6819.7
US500,H4,2025-12-16T00:00:00Z,6822.5,6824.8,6776.4,6784.7
US500,H4,2025-12-16T04:00:00Z,6784.9,6791.4,6776.1,6777.1
US500,H4,2025-12-16T08:00:00Z,6777.4,6799.1,6771.4,6788.6
US500,H4,2025-12-16T12:00:00Z,6788.7,6829.4,6785.4,6806.5
US500,H4,2025-12-16T16:00:00Z,6806.5,6819.5,6763.4,6764.6
US500,H4,2025-12-16T20:00:00Z,6764.4,6813.9,6758.4,6789.1
US500,H4,2025-12-17T00:00:00Z,6792.7,6798.2,6777.8,6797.9
US500,H4,2025-12-17T04:00:00Z,6797.9,6799.9,6785.2,6795.4
US500,H4,2025-12-17T08:00:00Z,6795.4,6820.2,6795.2,6818.7
US500,H4,2025-12-17T12:00:00Z,6818.4,6825.2,6805.9,6816.2
US500,H4,2025-12-17T16:00:00Z,6816.4,6820.2,6737.3,6745.8
US500,H4,2025-12-17T20:00:00Z,6745.8,6756.4,6720.7,6736.2
US500,H4,2025-12-18T00:00:00Z,6737.6,6738.8,6721.8,6730.3
US500,H4,2025-12-18T04:00:00Z,6730.6,6740.6,6717.1,6731.6
US500,H4,2025-12-18T08:00:00Z,6731.3,6753.3,6726.1,6753.1
US500,H4,2025-12-18T12:00:00Z,6753.3,6783.3,6746.8,6775.0
US500,H4,2025-12-18T16:00:00Z,6774.3,6816.6,6756.8,6792.1
US500,H4,2025-12-18T20:00:00Z,6792.1,6805.6,6761.6,6768.3
US500,H4,2025-12-19T00:00:00Z,6771.8,6778.7,6765.7,6776.5
US500,H4,2025-12-19T04:00:00Z,6776.2,6783.0,6768.5,6773.7
US500,H4,2025-12-19T08:00:00Z,6773.9,6800.4,6766.7,6799.0
US500,H4,2025-12-19T12:00:00Z,6799.2,6799.5,6775.0,6782.0
US500,H4,2025-12-19T16:00:00Z,6782.2,6839.3,6777.7,6835.3
US500,H4,2025-12-19T20:00:00Z,6835.6,6840.9,6826.0,6838.2
US500,H4,2025-12-22T00:00:00Z,6853.1,6854.9,6846.3,6852.6
US500,H4,2025-12-22T04:00:00Z,6852.6,6854.9,6847.1,6848.9
US500,H4,2025-12-22T08:00:00Z,6849.0,6858.9,6849.0,6856.4
US500,H4,2025-12-22T12:00:00Z,6856.6,6865.4,6855.1,6864.9
US500,H4,2025-12-22T16:00:00Z,6864.9,6882.4,6854.7,6880.9
US500,H4,2025-12-22T20:00:00Z,6880.7,6880.9,6870.4,6876.3
US500,H4,2025-12-23T00:00:00Z,6876.5,6880.4,6875.4,6878.0
US500,H4,2025-12-23T04:00:00Z,6877.9,6882.7,6871.4,6871.9
US500,H4,2025-12-23T08:00:00Z,6871.7,6883.7,6869.2,6882.4
US500,H4,2025-12-23T12:00:00Z,6882.4,6883.4,6860.2,6862.7
US500,H4,2025-12-23T16:00:00Z,6862.4,6901.3,6860.7,6898.8
US500,H4,2025-12-23T20:00:00Z,6899.1,6910.7,6898.3,6905.1
US500,H4,2025-12-24T00:00:00Z,6904.8,6907.4,6903.3,6903.9
US500,H4,2025-12-24T04:00:00Z,6903.7,6905.1,6901.1,6902.6
US500,H4,2025-12-24T08:00:00Z,6902.7,6907.4,6901.1,6904.8
US500,H4,2025-12-24T12:00:00Z,6904.6,6911.1,6903.1,6910.1
US500,H4,2025-12-24T16:00:00Z,6910.1,6936.4,6905.9,6931.2
US500,H4,2025-12-24T20:00:00Z,6930.9,6931.7,6925.4,6929.4
US500,H4,2025-12-26T00:00:00Z,6930.9,6939.1,6930.2,6931.8
US500,H4,2025-12-26T04:00:00Z,6931.9,6933.7,6928.6,6929.3
US500,H4,2025-12-26T08:00:00Z,6929.4,6930.5,6924.3,6929.5
US500,H4,2025-12-26T12:00:00Z,6929.6,6935.5,6925.5,6932.5
US500,H4,2025-12-26T16:00:00Z,6932.8,6944.1,6922.2,6926.2
US500,H4,2025-12-26T20:00:00Z,6926.4,6932.9,6920.7,6929.1
US500,H4,2025-12-29T00:00:00Z,6934.4,6936.5,6925.3,6926.3
US500,H4,2025-12-29T04:00:00Z,6926.5,6931.0,6922.8,6923.5
US500,H4,2025-12-29T08:00:00Z,6923.4,6928.3,6909.3,6916.0
US500,H4,2025-12-29T12:00:00Z,6915.8,6918.3,6897.5,6903.7
US500,H4,2025-12-29T16:00:00Z,6903.8,6919.4,6887.9,6897.4
US500,H4,2025-12-29T20:00:00Z,6897.4,6914.1,6895.3,6907.8
US500,H4,2025-12-30T00:00:00Z,6908.3,6908.4,6900.3,6905.2
US500,H4,2025-12-30T04:00:00Z,6905.4,6909.4,6900.2,6907.4
US500,H4,2025-12-30T08:00:00Z,6907.2,6908.9,6895.4,6906.4
US500,H4,2025-12-30T12:00:00Z,6906.4,6907.7,6898.7,6904.2
US500,H4,2025-12-30T16:00:00Z,6904.2,6913.7,6893.0,6903.5
US500,H4,2025-12-30T20:00:00Z,6903.5,6906.7,6895.5,6898.1
US500,H4,2025-12-31T00:00:00Z,6899.9,6901.2,6881.7,6886.4
US500,H4,2025-12-31T04:00:00Z,6886.4,6891.9,6882.4,6883.4
US500,H4,2025-12-31T08:00:00Z,6883.4,6885.7,6875.6,6877.9
US500,H4,2025-12-31T12:00:00Z,6877.9,6904.4,6875.9,6902.2
US500,H4,2025-12-31T16:00:00Z,6901.9,6904.2,6867.1,6874.9
US500,H4,2025-12-31T20:00:00Z,6874.7,6889.7,6844.6,6847.7
US500,H4,2026-01-02T00:00:00Z,6855.3,6867.8,6851.4,6867.3
US500,H4,2026-01-02T04:00:00Z,6867.3,6879.0,6867.3,6878.8
US500,H4,2026-01-02T08:00:00Z,6878.7,6892.3,6874.8,6891.5
US500,H4,2026-01-02T12:00:00Z,6891.8,6892.8,6880.3,6882.8
US500,H4,2026-01-02T16:00:00Z,6882.6,6894.6,6827.5,6836.5
US500,H4,2026-01-02T20:00:00Z,6836.2,6864.8,6822.5,6855.5
US500,H4,2026-01-05T00:00:00Z,6864.6,6870.1,6857.6,6866.6
US500,H4,2026-01-05T04:00:00Z,6866.6,6870.6,6864.6,6870.1
US500,H4,2026-01-05T08:00:00Z,6870.2,6878.6,6864.1,6872.1
US500,H4,2026-01-05T12:00:00Z,6872.0,6883.6,6870.4,6880.9
US500,H4,2026-01-05T16:00:00Z,6881.1,6921.5,6880.6,6912.2
US500,H4,2026-01-05T20:00:00Z,6912.0,6914.2,6897.7,6901.4
US500,H4,2026-01-06T00:00:00Z,6903.7,6906.4,6897.4,6905.4
US500,H4,2026-01-06T04:00:00Z,6905.4,6912.7,6904.2,6910.7
US500,H4,2026-01-06T08:00:00Z,6910.7,6916.7,6888.9,6897.2
US500,H4,2026-01-06T12:00:00Z,6897.4,6907.2,6896.2,6901.4
US500,H4,2026-01-06T16:00:00Z,6901.4,6937.0,6897.7,6935.7
US500,H4,2026-01-06T20:00:00Z,6936.0,6948.5,6931.7,6945.9
US500,H4,2026-01-07T00:00:00Z,6945.7,6949.7,6944.2,6946.2
US500,H4,2026-01-07T04:00:00Z,6946.0,6949.0,6941.5,6942.2
US500,H4,2026-01-07T08:00:00Z,6942.3,6945.2,6934.0,6937.0
US500,H4,2026-01-07T12:00:00Z,6936.8,6948.0,6933.5,6947.5
US500,H4,2026-01-07T16:00:00Z,6947.5,6965.5,6935.5,6955.7
US500,H4,2026-01-07T20:00:00Z,6956.0,6957.2,6916.9,6925.9
US500,H4,2026-01-08T00:00:00Z,6928.4,6928.7,6921.9,6927.4
US500,H4,2026-01-08T04:00:00Z,6927.4,6928.2,6905.7,6905.7
US500,H4,2026-01-08T08:00:00Z,6905.7,6916.9,6894.9,6909.2
US500,H4,2026-01-08T12:00:00Z,6908.9,6919.2,6903.9,6915.9
US500,H4,2026-01-08T16:00:00Z,6915.7,6931.5,6899.8,6926.2
US500,H4,2026-01-08T20:00:00Z,6926.2,6936.2,6908.5,6930.0
US500,H4,2026-01-09T00:00:00Z,6932.2,6933.0,6914.5,6918.0
US500,H4,2026-01-09T04:00:00Z,6917.7,6924.7,6917.0,6923.0
US500,H4,2026-01-09T08:00:00Z,6923.2,6928.2,6916.5,6927.7
US500,H4,2026-01-09T12:00:00Z,6928.0,6948.7,6925.5,6947.0
US500,H4,2026-01-09T16:00:00Z,6947.0,6970.3,6916.3,6965.0
US500,H4,2026-01-09T20:00:00Z,6964.8,6978.4,6958.5,6964.8
US500,H4,2026-01-12T00:00:00Z,6965.0,6965.0,6928.3,6938.4
US500,H4,2026-01-12T04:00:00Z,6938.1,6938.3,6919.4,6923.4
US500,H4,2026-01-12T08:00:00Z,6923.6,6931.8,6911.4,6918.9
US500,H4,2026-01-12T12:00:00Z,6919.0,6931.4,6916.6,6927.8
US500,H4,2026-01-12T16:00:00Z,6927.8,6974.6,6925.8,6972.2
US500,H4,2026-01-12T20:00:00Z,6972.0,6986.4,6971.1,6972.3
US500,H4,2026-01-13T00:00:00Z,6974.0,6974.6,6960.8,6967.8
US500,H4,2026-01-13T04:00:00Z,6967.8,6972.5,6966.8,6971.5
US500,H4,2026-01-13T08:00:00Z,6971.6,6975.8,6967.5,6970.3
US500,H4,2026-01-13T12:00:00Z,6970.3,6998.0,6964.3,6981.8
US500,H4,2026-01-13T16:00:00Z,6981.5,6989.3,6945.3,6954.0
US500,H4,2026-01-13T20:00:00Z,6953.8,6965.4,6938.0,6960.2
US500,H4,2026-01-14T00:00:00Z,6962.6,6964.4,6954.1,6954.6
US500,H4,2026-01-14T04:00:00Z,6954.5,6962.1,6947.4,6948.4
US500,H4,2026-01-14T08:00:00Z,6948.6,6956.0,6945.4,6952.1
US500,H4,2026-01-14T12:00:00Z,6951.9,6952.1,6925.6,6932.9
US500,H4,2026-01-14T16:00:00Z,6932.6,6941.2,6885.7,6890.7
US500,H4,2026-01-14T20:00:00Z,6890.4,6931.6,6886.9,6920.6
US500,H4,2026-01-15T00:00:00Z,6918.8,6926.8,6911.0,6925.8
US500,H4,2026-01-15T04:00:00Z,6926.0,6929.8,6917.3,6925.0
US500,H4,2026-01-15T08:00:00Z,6924.9,6954.3,6923.0,6950.0
US500,H4,2026-01-15T12:00:00Z,6949.8,6963.5,6948.8,6959.8
US500,H4,2026-01-15T16:00:00Z,6960.0,6979.3,6954.6,6964.3
US500,H4,2026-01-15T20:00:00Z,6964.1,6977.1,6937.0,6945.5
US500,H4,2026-01-16T00:00:00Z,6948.3,6959.1,6946.3,6957.4
US500,H4,2026-01-16T04:00:00Z,6957.1,6967.9,6955.6,6965.4
US500,H4,2026-01-16T08:00:00Z,6965.4,6970.9,6960.7,6962.1
US500,H4,2026-01-16T12:00:00Z,6962.0,6968.1,6951.6,6954.9
US500,H4,2026-01-16T16:00:00Z,6955.0,6966.2,6924.7,6943.3
US500,H4,2026-01-16T20:00:00Z,6943.0,6961.5,6937.4,6941.9
US500,H4,2026-01-19T00:00:00Z,6884.5,6900.5,6877.1,6878.7
US500,H4,2026-01-19T04:00:00Z,6878.7,6885.7,6875.5,6879.7
US500,H4,2026-01-19T08:00:00Z,6879.5,6887.2,6853.2,6857.5
US500,H4,2026-01-19T12:00:00Z,6857.1,6872.5,6854.2,6865.5
US500,H4,2026-01-19T16:00:00Z,6865.2,6879.8,6850.6,6876.1
US500,H4,2026-01-20T00:00:00Z,6877.1,6879.9,6859.6,6874.1
US500,H4,2026-01-20T04:00:00Z,6873.8,6877.1,6865.1,6868.3
US500,H4,2026-01-20T08:00:00Z,6868.1,6868.8,6810.6,6815.8
US500,H4,2026-01-20T12:00:00Z,6815.6,6850.4,6810.8,6830.8
US500,H4,2026-01-20T16:00:00Z,6830.8,6871.6,6828.0,6834.2
US500,H4,2026-01-20T20:00:00Z,6834.0,6838.5,6789.5,6804.4
US500,H4,2026-01-21T00:00:00Z,6805.4,6818.3,6796.6,6816.1
US500,H4,2026-01-21T04:00:00Z,6816.2,6821.6,6809.8,6819.8
US500,H4,2026-01-21T08:00:00Z,6819.8,6824.6,6803.6,6803.8
US500,H4,2026-01-21T12:00:00Z,6804.1,6816.3,6781.8,6791.8
US500,H4,2026-01-21T16:00:00Z,6791.6,6875.7,6789.1,6829.8
US500,H4,2026-01-21T20:00:00Z,6829.4,6912.0,6809.7,6881.9
US500,H4,2026-01-22T00:00:00Z,6891.5,6901.6,6886.9,6900.6
US500,H4,2026-01-22T04:00:00Z,6900.9,6902.4,6886.5,6887.4
US500,H4,2026-01-22T08:00:00Z,6887.2,6922.7,6877.9,6919.9
US500,H4,2026-01-22T12:00:00Z,6919.9,6925.0,6908.7,6924.4
US500,H4,2026-01-22T16:00:00Z,6924.4,6934.6,6892.4,6933.4
US500,H4,2026-01-22T20:00:00Z,6933.1,6934.9,6899.1,6905.3
US500,H4,2026-01-23T00:00:00Z,6905.5,6924.2,6900.2,6923.9
US500,H4,2026-01-23T04:00:00Z,6924.2,6927.9,6918.7,6927.9
US500,H4,2026-01-23T08:00:00Z,6927.7,6930.7,6893.5,6897.3
US500,H4,2026-01-23T12:00:00Z,6897.0,6911.5,6893.5,6895.7
US500,H4,2026-01-23T16:00:00Z,6895.5,6931.9,6892.8,6901.6
US500,H4,2026-01-23T20:00:00Z,6901.4,6924.7,6900.4,6902.6
US500,H4,2026-01-26T00:00:00Z,6858.3,6902.8,6851.1,6899.3
US500,H4,2026-01-26T04:00:00Z,6899.6,6903.4,6889.8,6902.8
US500,H4,2026-01-26T08:00:00Z,6902.9,6919.6,6891.3,6897.8
US500,H4,2026-01-26T12:00:00Z,6897.7,6922.1,6896.9,6921.2
US500,H4,2026-01-26T16:00:00Z,6921.1,6960.4,6920.4,6955.7
US500,H4,2026-01-26T20:00:00Z,6955.5,6964.4,6945.8,6946.3
US500,H4,2026-01-27T00:00:00Z,6946.0,6958.4,6942.4,6957.6
US500,H4,2026-01-27T04:00:00Z,6957.4,6973.6,6957.4,6973.1
US500,H4,2026-01-27T08:00:00Z,6973.4,6976.9,6964.6,6965.6
US500,H4,2026-01-27T12:00:00Z,6965.4,6973.9,6964.4,6965.4
US500,H4,2026-01-27T16:00:00Z,6965.6,6989.4,6958.5,6977.9
US500,H4,2026-01-27T20:00:00Z,6978.2,6987.4,6972.7,6979.3
US500,H4,2026-01-28T00:00:00Z,6983.4,6998.4,6982.4,6994.4
US500,H4,2026-01-28T04:00:00Z,6994.1,7003.4,6993.9,7002.6
US500,H4,2026-01-28T08:00:00Z,7003.8,7013.9,6996.9,7002.6
US500,H4,2026-01-28T12:00:00Z,7002.9,7007.1,6988.9,6993.4
US500,H4,2026-01-28T16:00:00Z,6993.1,7002.0,6968.1,6971.8
US500,H4,2026-01-28T20:00:00Z,6971.7,6994.2,6948.6,6988.2
US500,H4,2026-01-29T00:00:00Z,6990.4,6993.6,6957.5,6966.5
US500,H4,2026-01-29T04:00:00Z,6966.7,6991.7,6965.5,6989.5
US500,H4,2026-01-29T08:00:00Z,6989.7,7001.2,6989.0,6991.0
US500,H4,2026-01-29T12:00:00Z,6991.2,6998.5,6982.0,6995.4
US500,H4,2026-01-29T16:00:00Z,6995.5,6995.7,6870.0,6911.0
US500,H4,2026-01-29T20:00:00Z,6911.1,6974.5,6909.5,6962.4
US500,H4,2026-01-30T00:00:00Z,6964.2,6967.2,6924.7,6935.0
US500,H4,2026-01-30T04:00:00Z,6935.2,6945.7,6915.7,6929.0
US500,H4,2026-01-30T08:00:00Z,6929.2,6930.2,6890.0,6899.0
US500,H4,2026-01-30T12:00:00Z,6898.9,6948.0,6898.5,6929.5
US500,H4,2026-01-30T16:00:00Z,6929.2,6963.2,6908.6,6912.8
US500,H4,2026-01-30T20:00:00Z,6912.6,6950.1,6892.3,6935.2
US500,H4,2026-02-02T00:00:00Z,6914.8,6941.0,6891.1,6892.6
US500,H4,2026-02-02T04:00:00Z,6892.7,6899.8,6849.1,6856.1
US500,H4,2026-02-02T08:00:00Z,6855.8,6903.8,6840.3,6900.7
US500,H4,2026-02-02T12:00:00Z,6900.6,6920.3,6890.0,6916.9
US500,H4,2026-02-02T16:00:00Z,6916.9,6992.0,6915.9,6986.5
US500,H4,2026-02-02T20:00:00Z,6986.8,6991.3,6972.2,6977.4
US500,H4,2026-02-03T00:00:00Z,6982.0,6998.9,6978.0,6992.6
US500,H4,2026-02-03T04:00:00Z,6992.7,6998.7,6983.5,6996.7
US500,H4,2026-02-03T08:00:00Z,6996.9,7002.7,6987.5,6989.6
US500,H4,2026-02-03T12:00:00Z,6989.7,6998.5,6982.4,6990.7
US500,H4,2026-02-03T16:00:00Z,6990.7,6992.3,6895.6,6898.6
US500,H4,2026-02-03T20:00:00Z,6898.1,6921.2,6861.8,6914.0
US500,H4,2026-02-04T00:00:00Z,6912.2,6923.0,6907.7,6920.5
US500,H4,2026-02-04T04:00:00Z,6920.7,6927.3,6915.8,6924.8
US500,H4,2026-02-04T08:00:00Z,6924.9,6937.0,6908.5,6916.9
US500,H4,2026-02-04T12:00:00Z,6917.0,6941.3,6915.0,6922.5
US500,H4,2026-02-04T16:00:00Z,6922.5,6936.8,6838.1,6857.3
US500,H4,2026-02-04T20:00:00Z,6857.1,6917.3,6843.8,6905.1
US500,H4,2026-02-05T00:00:00Z,6897.6,6911.6,6888.4,6907.6
US500,H4,2026-02-05T04:00:00Z,6907.7,6909.4,6864.6,6877.1
US500,H4,2026-02-05T08:00:00Z,6877.4,6900.6,6872.1,6882.1
US500,H4,2026-02-05T12:00:00Z,6882.2,6897.1,6832.1,6833.9
US500,H4,2026-02-05T16:00:00Z,6834.1,6858.0,6778.5,6825.3
US500,H4,2026-02-05T20:00:00Z,6825.3,6835.8,6761.9,6766.9
US500,H4,2026-02-06T00:00:00Z,6766.6,6782.6,6729.0,6781.6
US500,H4,2026-02-06T04:00:00Z,6781.7,6791.6,6760.4,6788.6
US500,H4,2026-02-06T08:00:00Z,6788.4,6827.0,6775.1,6821.5
US500,H4,2026-02-06T12:00:00Z,6821.4,6848.1,6813.4,6835.1
US500,H4,2026-02-06T16:00:00Z,6834.9,6916.0,6828.7,6910.0
US500,H4,2026-02-06T20:00:00Z,6910.1,6944.7,6906.5,6923.1
US500,H4,2026-02-09T00:00:00Z,6948.1,6960.3,6939.1,6942.3
US500,H4,2026-02-09T04:00:00Z,6942.3,6948.6,6936.5,6942.8
US500,H4,2026-02-09T08:00:00Z,6942.9,6945.9,6921.0,6923.4
US500,H4,2026-02-09T12:00:00Z,6923.5,6933.8,6900.5,6918.0
US500,H4,2026-02-09T16:00:00Z,6918.0,6978.0,6903.9,6967.3
US500,H4,2026-02-09T20:00:00Z,6967.4,6980.5,6957.4,6963.7
US500,H4,2026-02-10T00:00:00Z,6966.0,6970.0,6953.9,6961.1
US500,H4,2026-02-10T04:00:00Z,6961.1,6966.6,6952.9,6965.4
US500,H4,2026-02-10T08:00:00Z,6965.4,6978.1,6954.9,6969.4
US500,H4,2026-02-10T12:00:00Z,6969.1,6976.6,6951.1,6964.4
US500,H4,2026-02-10T16:00:00Z,6964.6,6986.9,6955.7,6975.9
US500,H4,2026-02-10T20:00:00Z,6975.9,6976.2,6937.7,6950.6
US500,H4,2026-02-11T00:00:00Z,6952.8,6964.7,6952.6,6962.4
US500,H4,2026-02-11T04:00:00Z,6962.7,6967.2,6955.9,6957.4
US500,H4,2026-02-11T08:00:00Z,6957.3,6961.7,6944.9,6946.9
US500,H4,2026-02-11T12:00:00Z,6946.7,6987.2,6934.1,6985.7
US500,H4,2026-02-11T16:00:00Z,6985.4,6992.5,6912.3,6947.8
US500,H4,2026-02-11T20:00:00Z,6947.9,6959.8,6934.3,6943.7
US500,H4,2026-02-12T00:00:00Z,6947.2,6955.0,6933.2,6951.5
US500,H4,2026-02-12T04:00:00Z,6951.7,6965.0,6946.5,6963.2
US500,H4,2026-02-12T08:00:00Z,6963.0,6966.0,6953.5,6964.2
US500,H4,2026-02-12T12:00:00Z,6964.2,6972.2,6954.2,6967.2
US500,H4,2026-02-12T16:00:00Z,6967.5,6973.6,6848.6,6848.8
US500,H4,2026-02-12T20:00:00Z,6848.8,6878.8,6822.8,6842.5
US500,H4,2026-02-13T00:00:00Z,6842.3,6849.3,6821.3,6837.7
US500,H4,2026-02-13T04:00:00Z,6837.7,6845.7,6818.6,6821.2
US500,H4,2026-02-13T08:00:00Z,6821.4,6838.0,6807.7,6830.0
US500,H4,2026-02-13T12:00:00Z,6829.9,6847.2,6803.5,6838.2
US500,H4,2026-02-13T16:00:00Z,6838.0,6881.3,6792.6,6869.6
US500,H4,2026-02-13T20:00:00Z,6869.8,6881.1,6816.3,6831.0
US500,H4,2026-02-16T00:00:00Z,6842.7,6856.2,6830.0,6854.5
US500,H4,2026-02-16T04:00:00Z,6854.7,6857.0,6842.0,6844.5
US500,H4,2026-02-16T08:00:00Z,6844.2,6869.8,6842.1,6867.7
US500,H4,2026-02-16T12:00:00Z,6867.6,6868.1,6855.7,6857.8
US500,H4,2026-02-16T16:00:00Z,6857.6,6857.9,6825.4,6838.9
US500,H4,2026-02-17T00:00:00Z,6842.1,6853.6,6809.9,6813.4
US500,H4,2026-02-17T04:00:00Z,6813.1,6818.1,6794.1,6797.4
US500,H4,2026-02-17T08:00:00Z,6797.3,6831.9,6797.3,6825.1
US500,H4,2026-02-17T12:00:00Z,6825.3,6828.1,6789.9,6809.9
US500,H4,2026-02-17T16:00:00Z,6809.6,6851.0,6775.2,6827.5
US500,H4,2026-02-17T20:00:00Z,6827.8,6867.3,6815.5,6845.7
US500,H4,2026-02-18T00:00:00Z,6846.4,6846.4,6832.7,6840.7
US500,H4,2026-02-18T04:00:00Z,6840.9,6861.0,6838.6,6857.2
US500,H4,2026-02-18T08:00:00Z,6857.4,6887.7,6854.0,6879.7
US500,H4,2026-02-18T12:00:00Z,6880.0,6886.5,6854.7,6857.5
US500,H4,2026-02-18T16:00:00Z,6857.7,6908.2,6845.7,6903.9
US500,H4,2026-02-18T20:00:00Z,6903.7,6910.1,6856.9,6876.8
US500,H4,2026-02-19T00:00:00Z,6877.3,6886.3,6871.0,6881.0
US500,H4,2026-02-19T04:00:00Z,6880.8,6887.8,6874.3,6886.0
US500,H4,2026-02-19T08:00:00Z,6886.3,6896.5,6856.5,6865.5
US500,H4,2026-02-19T12:00:00Z,6865.3,6870.5,6848.0,6856.0
US500,H4,2026-02-19T16:00:00Z,6855.9,6878.6,6837.9,6840.9
US500,H4,2026-02-19T20:00:00Z,6840.7,6867.5,6832.1,6856.5
US500,H4,2026-02-20T00:00:00Z,6856.5,6877.6,6856.1,6873.1
US500,H4,2026-02-20T04:00:00Z,6873.2,6882.8,6868.6,6882.1
US500,H4,2026-02-20T08:00:00Z,6882.2,6889.6,6872.1,6877.2
US500,H4,2026-02-20T12:00:00Z,6877.1,6878.8,6836.4,6846.6
US500,H4,2026-02-20T16:00:00Z,6846.4,6910.0,6832.7,6890.5
US500,H4,2026-02-20T20:00:00Z,6890.5,6915.7,6872.7,6909.6
US500,H4,2026-02-23T00:00:00Z,6906.0,6909.9,6862.0,6862.5
US500,H4,2026-02-23T04:00:00Z,6862.3,6865.8,6854.5,6861.3
US500,H4,2026-02-23T08:00:00Z,6861.0,6897.0,6860.0,6894.8
US500,H4,2026-02-23T12:00:00Z,6895.0,6899.0,6873.8,6886.8
US500,H4,2026-02-23T16:00:00Z,6887.0,6917.4,6820.4,6837.1
US500,H4,2026-02-23T20:00:00Z,6837.0,6856.4,6821.9,6844.3
US500,H4,2026-02-24T00:00:00Z,6848.4,6851.5,6840.6,6849.2
US500,H4,2026-02-24T04:00:00Z,6849.4,6862.5,6848.0,6852.7
US500,H4,2026-02-24T08:00:00Z,6852.7,6860.2,6837.7,6855.5
US500,H4,2026-02-24T12:00:00Z,6855.5,6858.7,6833.0,6850.5
US500,H4,2026-02-24T16:00:00Z,6850.7,6894.0,6816.1,6889.8
US500,H4,2026-02-24T20:00:00Z,6889.5,6899.3,6880.8,6886.2
US500,H4,2026-02-25T00:00:00Z,6888.8,6903.6,6882.8,6901.8
US500,H4,2026-02-25T04:00:00Z,6901.6,6904.6,6881.1,6891.6
US500,H4,2026-02-25T08:00:00Z,6891.3,6902.8,6888.3,6902.1
US500,H4,2026-02-25T12:00:00Z,6902.3,6916.6,6898.1,6914.3
US500,H4,2026-02-25T16:00:00Z,6914.4,6942.5,6913.8,6942.0
US500,H4,2026-02-25T20:00:00Z,6942.0,6968.7,6938.5,6963.1
US500,H4,2026-02-26T00:00:00Z,6954.2,6957.4,6929.7,6939.9
US500,H4,2026-02-26T04:00:00Z,6939.8,6941.4,6932.2,6935.4
US500,H4,2026-02-26T08:00:00Z,6935.7,6951.7,6935.4,6946.9
US500,H4,2026-02-26T12:00:00Z,6947.0,6958.9,6939.9,6954.7
US500,H4,2026-02-26T16:00:00Z,6954.4,6956.4,6858.9,6870.4
US500,H4,2026-02-26T20:00:00Z,6870.1,6914.1,6863.4,6891.8
US500,H4,2026-02-27T00:00:00Z,6885.9,6889.1,6871.6,6881.0
US500,H4,2026-02-27T04:00:00Z,6881.1,6896.0,6881.0,6890.5
US500,H4,2026-02-27T08:00:00Z,6890.8,6904.8,6881.8,6890.7
US500,H4,2026-02-27T12:00:00Z,6890.8,6891.5,6840.8,6854.8
US500,H4,2026-02-27T16:00:00Z,6855.0,6877.9,6830.9,6858.9
US500,H4,2026-02-27T20:00:00Z,6858.8,6883.6,6844.9,6864.8
US500,H4,2026-03-02T00:00:00Z,6821.4,6847.1,6799.8,6839.8
US500,H4,2026-03-02T04:00:00Z,6840.1,6843.1,6804.8,6805.6
US500,H4,2026-03-02T08:00:00Z,6805.3,6810.6,6759.2,6802.6
US500,H4,2026-03-02T12:00:00Z,6802.3,6823.3,6794.8,6797.7
US500,H4,2026-03-02T16:00:00Z,6797.8,6889.1,6792.5,6887.9
US500,H4,2026-03-02T20:00:00Z,6888.1,6901.9,6864.1,6874.8
US500,H4,2026-03-03T00:00:00Z,6877.2,6877.5,6845.1,6846.0
US500,H4,2026-03-03T04:00:00Z,6846.0,6847.3,6820.6,6822.8
US500,H4,2026-03-03T08:00:00Z,6823.1,6828.2,6758.3,6759.3
US500,H4,2026-03-03T12:00:00Z,6759.5,6792.6,6736.2,6760.5
US500,H4,2026-03-03T16:00:00Z,6760.3,6799.1,6709.9,6787.3
US500,H4,2026-03-03T20:00:00Z,6788.3,6840.6,6787.8,6804.7
US500,H4,2026-03-04T00:00:00Z,6801.6,6824.5,6787.0,6798.2
US500,H4,2026-03-04T04:00:00Z,6798.7,6804.0,6769.0,6780.1
US500,H4,2026-03-04T08:00:00Z,6780.2,6818.0,6765.2,6816.7
US500,H4,2026-03-04T12:00:00Z,6816.5,6847.6,6804.7,6839.7
US500,H4,2026-03-04T16:00:00Z,6839.7,6881.3,6810.3,6876.8
US500,H4,2026-03-04T20:00:00Z,6877.0,6885.8,6857.7,6870.7
US500,H4,2026-03-05T00:00:00Z,6873.8,6893.1,6849.6,6855.6
US500,H4,2026-03-05T04:00:00Z,6855.7,6865.4,6842.6,6846.6
US500,H4,2026-03-05T08:00:00Z,6846.8,6885.6,6832.7,6863.7
US500,H4,2026-03-05T12:00:00Z,6863.8,6872.9,6834.9,6836.8
US500,H4,2026-03-05T16:00:00Z,6837.1,6869.4,6773.7,6777.9
US500,H4,2026-03-05T20:00:00Z,6777.7,6830.7,6769.4,6817.4
US500,H4,2026-03-06T00:00:00Z,6818.4,6842.3,6814.3,6832.5
US500,H4,2026-03-06T04:00:00Z,6833.0,6847.3,6830.3,6841.0
US500,H4,2026-03-06T08:00:00Z,6841.0,6844.3,6792.3,6799.0
US500,H4,2026-03-06T12:00:00Z,6799.3,6815.7,6732.3,6738.8
US500,H4,2026-03-06T16:00:00Z,6737.7,6772.6,6709.6,6743.4
US500,H4,2026-03-06T20:00:00Z,6743.1,6774.0,6723.4,6737.3
US500,H4,2026-03-09T00:00:00Z,6674.6,6676.3,6607.4,6614.2
US500,H4,2026-03-09T04:00:00Z,6614.4,6618.2,6579.8,6606.6
US500,H4,2026-03-09T08:00:00Z,6606.7,6655.7,6603.4,6651.3
US500,H4,2026-03-09T12:00:00Z,6651.8,6696.7,6644.2,6665.4
US500,H4,2026-03-09T16:00:00Z,6665.4,6736.0,6636.5,6726.0
US500,H4,2026-03-09T20:00:00Z,6726.0,6813.0,6693.8,6788.1
US500,H4,2026-03-10T00:00:00Z,6789.2,6792.5,6756.2,6776.4
US500,H4,2026-03-10T04:00:00Z,6776.5,6789.7,6758.2,6771.5
US500,H4,2026-03-10T08:00:00Z,6771.2,6827.5,6771.0,6814.0
US500,H4,2026-03-10T12:00:00Z,6814.2,6826.2,6762.5,6779.5
US500,H4,2026-03-10T16:00:00Z,6779.5,6832.0,6759.5,6826.9
US500,H4,2026-03-10T20:00:00Z,6826.7,6846.2,6774.2,6791.4
US500,H4,2026-03-11T00:00:00Z,6790.8,6808.4,6777.8,6803.5
US500,H4,2026-03-11T04:00:00Z,6803.8,6817.5,6801.5,6810.3
US500,H4,2026-03-11T08:00:00Z,6810.2,6811.2,6770.5,6776.9
US500,H4,2026-03-11T12:00:00Z,6777.2,6800.8,6759.3,6766.5
US500,H4,2026-03-11T16:00:00Z,6766.7,6812.4,6746.4,6773.9
US500,H4,2026-03-11T20:00:00Z,6773.6,6779.1,6744.9,6764.0
US500,H4,2026-03-12T00:00:00Z,6762.3,6762.7,6710.3,6723.1
US500,H4,2026-03-12T04:00:00Z,6723.3,6733.6,6701.1,6705.6
US500,H4,2026-03-12T08:00:00Z,6705.8,6751.8,6705.3,6745.2
US500,H4,2026-03-12T12:00:00Z,6745.2,6755.6,6724.4,6732.8
US500,H4,2026-03-12T16:00:00Z,6732.6,6736.3,6679.7,6699.5
US500,H4,2026-03-12T20:00:00Z,6699.2,6714.2,6666.9,6680.9
US500,H4,2026-03-13T00:00:00Z,6682.7,6702.4,6666.4,6697.7
US500,H4,2026-03-13T04:00:00Z,6697.4,6706.4,6683.4,6686.7
US500,H4,2026-03-13T08:00:00Z,6686.9,6691.9,6635.3,6664.4
US500,H4,2026-03-13T12:00:00Z,6664.7,6720.1,6664.2,6705.4
US500,H4,2026-03-13T16:00:00Z,6705.3,6732.5,6640.3,6643.0
US500,H4,2026-03-13T20:00:00Z,6642.8,6660.5,6621.4,6624.4
US500,H4,2026-03-16T00:00:00Z,6610.9,6666.4,6609.9,6661.5
US500,H4,2026-03-16T04:00:00Z,6661.7,6672.0,6652.9,6662.0
US500,H4,2026-03-16T08:00:00Z,6662.1,6679.7,6656.5,6663.4
US500,H4,2026-03-16T12:00:00Z,6663.2,6701.0,6648.7,6691.2
US500,H4,2026-03-16T16:00:00Z,6691.5,6724.6,6681.0,6693.9
US500,H4,2026-03-16T20:00:00Z,6694.0,6730.3,6689.5,6695.4
US500,H4,2026-03-17T00:00:00Z,6695.3,6699.0,6681.0,6682.6
US500,H4,2026-03-17T04:00:00Z,6682.5,6691.1,6677.3,6688.3
US500,H4,2026-03-17T08:00:00Z,6688.3,6691.3,6662.3,6674.8
US500,H4,2026-03-17T12:00:00Z,6675.0,6720.8,6674.8,6718.3
US500,H4,2026-03-17T16:00:00Z,6718.3,6754.4,6710.7,6719.4
US500,H4,2026-03-17T20:00:00Z,6719.6,6732.2,6714.7,6719.6
US500,H4,2026-03-18T00:00:00Z,6715.9,6726.6,6710.1,6725.9
US500,H4,2026-03-18T04:00:00Z,6726.1,6746.3,6726.1,6744.3
US500,H4,2026-03-18T08:00:00Z,6744.6,6759.1,6743.1,6751.6
US500,H4,2026-03-18T12:00:00Z,6751.4,6756.8,6679.1,6682.1
US500,H4,2026-03-18T16:00:00Z,6682.3,6704.9,6665.4,6674.4
US500,H4,2026-03-18T20:00:00Z,6674.1,6683.9,6601.3,6610.7
US500,H4,2026-03-19T00:00:00Z,6616.1,6622.4,6603.7,6616.8
US500,H4,2026-03-19T04:00:00Z,6616.9,6641.7,6612.9,6622.7
US500,H4,2026-03-19T08:00:00Z,6622.9,6625.9,6594.4,6604.4
US500,H4,2026-03-19T12:00:00Z,6604.6,6628.8,6570.7,6576.2
US500,H4,2026-03-19T16:00:00Z,6576.4,6605.0,6558.5,6579.2
US500,H4,2026-03-19T20:00:00Z,6579.3,6639.4,6563.2,6617.8
US500,H4,2026-03-20T00:00:00Z,6624.8,6629.8,6614.3,6617.4
US500,H4,2026-03-20T04:00:00Z,6617.7,6633.7,6613.7,6613.9
US500,H4,2026-03-20T08:00:00Z,6613.4,6623.2,6591.4,6610.1
US500,H4,2026-03-20T12:00:00Z,6610.2,6616.2,6555.9,6591.7
US500,H4,2026-03-20T16:00:00Z,6591.6,6595.9,6535.8,6551.8
US500,H4,2026-03-20T20:00:00Z,6552.0,6556.8,6473.4,6537.0
US500,H4,2026-03-23T00:00:00Z,6475.5,6510.5,6464.2,6474.4
US500,H4,2026-03-23T04:00:00Z,6474.5,6502.8,6471.4,6483.5
US500,H4,2026-03-23T08:00:00Z,6483.5,6491.3,6432.5,6467.5
US500,H4,2026-03-23T12:00:00Z,6467.7,6695.5,6438.8,6639.4
US500,H4,2026-03-23T16:00:00Z,6639.5,6653.4,6564.9,6581.5
US500,H4,2026-03-23T20:00:00Z,6581.6,6623.0,6568.6,6581.3
US500,H4,2026-03-24T00:00:00Z,6581.4,6601.8,6547.6,6562.4
US500,H4,2026-03-24T04:00:00Z,6562.7,6563.2,6539.6,6547.6
US500,H4,2026-03-24T08:00:00Z,6547.4,6602.8,6532.1,6572.2
US500,H4,2026-03-24T12:00:00Z,6572.7,6584.6,6545.8,6549.3
US500,H4,2026-03-24T16:00:00Z,6549.1,6595.4,6523.3,6576.2
US500,H4,2026-03-24T20:00:00Z,6575.8,6628.6,6548.3,6595.9
US500,H4,2026-03-25T00:00:00Z,6606.2,6621.6,6592.0,6610.8
US500,H4,2026-03-25T04:00:00Z,6610.6,6614.8,6584.6,6607.6
US500,H4,2026-03-25T08:00:00Z,6607.7,6631.6,6587.1,6607.1
US500,H4,2026-03-25T12:00:00Z,6607.2,6630.6,6589.3,6610.7
US500,H4,2026-03-25T16:00:00Z,6610.8,6619.8,6567.5,6603.5
US500,H4,2026-03-25T20:00:00Z,6603.5,6620.1,6581.5,6592.4
US500,H4,2026-03-26T00:00:00Z,6588.5,6598.4,6573.0,6585.1
US500,H4,2026-03-26T04:00:00Z,6585.1,6598.5,6563.8,6577.9
US500,H4,2026-03-26T08:00:00Z,6578.1,6581.8,6544.9,6553.4
US500,H4,2026-03-26T12:00:00Z,6553.4,6555.1,6526.1,6537.8
US500,H4,2026-03-26T16:00:00Z,6538.1,6573.5,6512.9,6520.5
US500,H4,2026-03-26T20:00:00Z,6520.7,6549.0,6469.1,6487.6
US500,H4,2026-03-27T00:00:00Z,6490.4,6510.5,6487.0,6489.6
US500,H4,2026-03-27T04:00:00Z,6489.5,6509.8,6487.0,6508.8
US500,H4,2026-03-27T08:00:00Z,6508.9,6522.0,6475.8,6476.7
US500,H4,2026-03-27T12:00:00Z,6476.8,6485.3,6440.5,6444.0
US500,H4,2026-03-27T16:00:00Z,6444.5,6450.3,6404.5,6410.7
US500,H4,2026-03-27T20:00:00Z,6410.5,6422.7,6345.5,6356.2
US500,H4,2026-03-30T00:00:00Z,6334.4,6353.1,6318.8,6328.9
US500,H4,2026-03-30T04:00:00Z,6328.8,6376.4,6326.6,6369.7
US500,H4,2026-03-30T08:00:00Z,6369.8,6405.6,6369.4,6404.2
US500,H4,2026-03-30T12:00:00Z,6404.2,6439.7,6390.4,6422.2
US500,H4,2026-03-30T16:00:00Z,6422.2,6429.3,6371.9,6377.4
US500,H4,2026-03-30T20:00:00Z,6377.8,6382.7,6316.9,6340.3
US500,H4,2026-03-31T00:00:00Z,6345.1,6385.8,6312.5,6368.9
US500,H4,2026-03-31T04:00:00Z,6369.4,6418.6,6356.8,6391.5
US500,H4,2026-03-31T08:00:00Z,6391.3,6413.8,6379.3,6397.8
US500,H4,2026-03-31T12:00:00Z,6397.9,6426.9,6381.0,6411.0
US500,H4,2026-03-31T16:00:00Z,6411.5,6519.7,6404.0,6491.5
US500,H4,2026-03-31T20:00:00Z,6491.7,6539.6,6486.2,6523.9
US500,H4,2026-04-01T00:00:00Z,6530.7,6550.2,6526.7,6549.9
US500,H4,2026-04-01T04:00:00Z,6550.2,6551.4,6532.9,6543.0
US500,H4,2026-04-01T08:00:00Z,6543.2,6579.9,6542.0,6558.8
US500,H4,2026-04-01T12:00:00Z,6559.0,6599.3,6543.7,6553.5
US500,H4,2026-04-01T16:00:00Z,6553.3,6606.2,6547.4,6602.7
US500,H4,2026-04-01T20:00:00Z,6603.0,6610.0,6560.7,6573.6
US500,H4,2026-04-02T00:00:00Z,6573.6,6591.7,6566.7,6589.9
US500,H4,2026-04-02T04:00:00Z,6589.4,6590.6,6490.4,6492.7
US500,H4,2026-04-02T08:00:00Z,6492.8,6509.9,6479.4,6501.4
US500,H4,2026-04-02T12:00:00Z,6501.7,6506.9,6463.1,6476.3
US500,H4,2026-04-02T16:00:00Z,6477.4,6603.2,6474.0,6559.9
US500,H4,2026-04-02T20:00:00Z,6559.3,6587.8,6549.8,6582.7
US500,H4,2026-04-03T00:00:00Z,6581.3,6591.1,6579.2,6583.5
US500,H4,2026-04-03T04:00:00Z,6583.6,6584.4,6568.0,6570.4
US500,H4,2026-04-03T08:00:00Z,6570.3,6575.5,6558.0,6565.4
US500,H4,2026-04-03T12:00:00Z,6565.3,6594.8,6557.8,6559.6
US500,H4,2026-04-03T16:00:00Z,6559.6,6565.6,6558.0,6561.9
US500,H4,2026-04-06T00:00:00Z,6539.0,6571.8,6528.4,6570.5
US500,H4,2026-04-06T04:00:00Z,6570.4,6596.9,6556.9,6582.0
US500,H4,2026-04-06T08:00:00Z,6582.1,6610.8,6574.4,6606.0
US500,H4,2026-04-06T12:00:00Z,6606.1,6612.1,6581.9,6590.5
US500,H4,2026-04-06T16:00:00Z,6590.5,6621.0,6579.4,6602.8
US500,H4,2026-04-06T20:00:00Z,6603.1,6614.0,6578.9,6610.2
US500,H4,2026-04-07T00:00:00Z,6610.3,6619.8,6598.5,6601.6
US500,H4,2026-04-07T04:00:00Z,6601.7,6604.0,6569.8,6586.5
US500,H4,2026-04-07T08:00:00Z,6586.6,6619.7,6578.0,6615.5
US500,H4,2026-04-07T12:00:00Z,6615.1,6627.5,6563.1,6584.6
US500,H4,2026-04-07T16:00:00Z,6584.7,6599.3,6534.2,6584.7
US500,H4,2026-04-07T20:00:00Z,6584.5,6634.1,6557.8,6624.6
US500,H4,2026-04-08T00:00:00Z,6664.9,6780.3,6617.3,6765.4
US500,H4,2026-04-08T04:00:00Z,6765.3,6785.4,6760.5,6780.4
US500,H4,2026-04-08T08:00:00Z,6780.5,6798.6,6778.0,6794.6
US500,H4,2026-04-08T12:00:00Z,6794.7,6807.9,6781.7,6792.5
US500,H4,2026-04-08T16:00:00Z,6792.4,6797.5,6741.2,6784.8
US500,H4,2026-04-08T20:00:00Z,6784.6,6790.3,6751.6,6774.7
US500,H4,2026-04-09T00:00:00Z,6776.0,6782.3,6766.1,6770.8
US500,H4,2026-04-09T04:00:00Z,6771.1,6774.1,6763.1,6768.0
US500,H4,2026-04-09T08:00:00Z,6768.1,6776.3,6752.0,6754.6
US500,H4,2026-04-09T12:00:00Z,6754.3,6772.0,6751.8,6766.2
US500,H4,2026-04-09T16:00:00Z,6766.1,6830.9,6761.2,6822.2
US500,H4,2026-04-09T20:00:00Z,6822.3,6835.2,6807.9,6818.6
US500,H4,2026-04-10T00:00:00Z,6819.3,6826.7,6813.0,6826.1
US500,H4,2026-04-10T04:00:00Z,6826.0,6831.0,6821.7,6824.5
US500,H4,2026-04-10T08:00:00Z,6824.5,6827.7,6812.5,6813.3
US500,H4,2026-04-10T12:00:00Z,6813.5,6847.5,6813.5,6833.2
US500,H4,2026-04-10T16:00:00Z,6833.1,6844.8,6808.8,6818.8
US500,H4,2026-04-10T20:00:00Z,6818.8,6823.7,6808.3,6822.1
US500,H4,2026-04-13T00:00:00Z,6745.9,6762.2,6728.8,6762.1
US500,H4,2026-04-13T04:00:00Z,6762.3,6772.4,6761.6,6769.3
US500,H4,2026-04-13T08:00:00Z,6769.4,6781.3,6764.2,6775.1
US500,H4,2026-04-13T12:00:00Z,6775.3,6792.4,6764.3,6784.3
US500,H4,2026-04-13T16:00:00Z,6784.3,6852.3,6783.3,6847.0
US500,H4,2026-04-13T20:00:00Z,6847.3,6890.2,6842.8,6888.9
US500,H4,2026-04-14T00:00:00Z,6887.1,6893.8,6883.1,6888.3
US500,H4,2026-04-14T04:00:00Z,6888.1,6889.8,6884.6,6887.8
US500,H4,2026-04-14T08:00:00Z,6887.7,6902.8,6882.6,6902.3
US500,H4,2026-04-14T12:00:00Z,6902.6,6911.7,6890.6,6902.3
US500,H4,2026-04-14T16:00:00Z,6902.1,6961.8,6899.8,6953.6
US500,H4,2026-04-14T20:00:00Z,6953.8,6970.6,6946.1,6966.1
US500,H4,2026-04-15T00:00:00Z,6964.2,6975.7,6964.0,6970.9
US500,H4,2026-04-15T04:00:00Z,6970.7,6974.7,6965.9,6969.7
US500,H4,2026-04-15T08:00:00Z,6969.8,6978.4,6962.8,6970.7
US500,H4,2026-04-15T12:00:00Z,6970.9,6979.3,6954.4,6970.7
US500,H4,2026-04-15T16:00:00Z,6970.9,7002.5,6966.3,6989.7
US500,H4,2026-04-15T20:00:00Z,6989.8,7026.7,6988.7,7020.4
US500,H4,2026-04-16T00:00:00Z,7019.7,7038.9,7018.7,7036.9
US500,H4,2026-04-16T04:00:00Z,7036.7,7040.4,7032.9,7034.4
US500,H4,2026-04-16T08:00:00Z,7034.5,7041.4,7025.1,7030.6
US500,H4,2026-04-16T12:00:00Z,7030.7,7035.9,7022.1,7032.4
US500,H4,2026-04-16T16:00:00Z,7032.6,7051.0,7009.5,7031.5
US500,H4,2026-04-16T20:00:00Z,7031.3,7042.5,7018.3,7040.2
US500,H4,2026-04-17T00:00:00Z,7038.6,7048.9,7038.6,7046.2
US500,H4,2026-04-17T04:00:00Z,7046.1,7048.1,7039.9,7042.9
US500,H4,2026-04-17T08:00:00Z,7043.1,7054.4,7038.9,7054.1
US500,H4,2026-04-17T12:00:00Z,7054.2,7100.4,7051.4,7099.4
US500,H4,2026-04-17T16:00:00Z,7099.6,7147.8,7081.0,7143.3
US500,H4,2026-04-17T20:00:00Z,7143.3,7145.8,7113.6,7127.0
US500,H4,2026-04-20T00:00:00Z,7064.6,7079.6,7050.0,7075.7
US500,H4,2026-04-20T04:00:00Z,7075.6,7089.3,7075.1,7083.3
US500,H4,2026-04-20T08:00:00Z,7083.6,7094.1,7072.6,7092.3
US500,H4,2026-04-20T12:00:00Z,7092.5,7103.8,7083.8,7099.3
US500,H4,2026-04-20T16:00:00Z,7099.5,7122.4,7084.7,7099.7
US500,H4,2026-04-20T20:00:00Z,7099.7,7123.5,7095.9,7115.0
US500,H4,2026-04-21T00:00:00Z,7117.3,7124.9,7113.4,7121.7
US500,H4,2026-04-21T04:00:00Z,7121.9,7125.7,7116.9,7123.9
US500,H4,2026-04-21T08:00:00Z,7124.1,7129.9,7117.9,7127.2
US500,H4,2026-04-21T12:00:00Z,7127.3,7146.2,7121.9,7127.4
US500,H4,2026-04-21T16:00:00Z,7127.7,7137.4,7079.1,7079.4
US500,H4,2026-04-21T20:00:00Z,7079.4,7103.7,7050.0,7088.2
US500,H4,2026-04-22T00:00:00Z,7090.8,7104.7,7087.7,7099.8
US500,H4,2026-04-22T04:00:00Z,7099.9,7108.3,7095.0,7095.5
US500,H4,2026-04-22T08:00:00Z,7095.7,7112.8,7094.5,7103.9
US500,H4,2026-04-22T12:00:00Z,7104.0,7121.9,7098.4,7104.4
US500,H4,2026-04-22T16:00:00Z,7104.7,7130.9,7103.0,7112.5
US500,H4,2026-04-22T20:00:00Z,7112.7,7137.7,7112.5,7128.9
US500,H4,2026-04-23T00:00:00Z,7127.3,7129.7,7071.2,7120.3
US500,H4,2026-04-23T04:00:00Z,7120.3,7120.7,7084.7,7100.7
US500,H4,2026-04-23T08:00:00Z,7100.8,7114.4,7096.4,7098.4
US500,H4,2026-04-23T12:00:00Z,7098.2,7134.7,7091.3,7117.5
US500,H4,2026-04-23T16:00:00Z,7117.7,7147.4,7108.3,7132.1
US500,H4,2026-04-23T20:00:00Z,7132.4,7134.2,7045.9,7097.5
US500,H4,2026-04-24T00:00:00Z,7107.2,7129.1,7106.8,7124.0
US500,H4,2026-04-24T04:00:00Z,7124.1,7125.4,7104.1,7112.1
US500,H4,2026-04-24T08:00:00Z,7112.2,7127.1,7107.6,7111.2
US500,H4,2026-04-24T12:00:00Z,7111.4,7157.1,7103.1,7130.1
US500,H4,2026-04-24T16:00:00Z,7130.4,7164.8,7113.2,7159.5
US500,H4,2026-04-24T20:00:00Z,7159.5,7168.0,7150.7,7164.1
US500,H4,2026-04-27T00:00:00Z,7155.8,7161.9,7141.6,7159.8
US500,H4,2026-04-27T04:00:00Z,7160.4,7177.6,7159.2,7169.9
US500,H4,2026-04-27T08:00:00Z,7169.8,7170.2,7150.7,7158.2
US500,H4,2026-04-27T12:00:00Z,7158.3,7167.7,7154.4,7157.7
US500,H4,2026-04-27T16:00:00Z,7157.8,7168.0,7146.5,7165.0
US500,H4,2026-04-27T20:00:00Z,7165.3,7179.3,7162.7,7173.9
US500,H4,2026-04-28T00:00:00Z,7176.7,7192.0,7175.8,7182.7
US500,H4,2026-04-28T04:00:00Z,7182.5,7188.0,7173.5,7178.2
US500,H4,2026-04-28T08:00:00Z,7178.4,7179.0,7157.4,7169.5
US500,H4,2026-04-28T12:00:00Z,7169.4,7169.7,7116.5,7138.2
US500,H4,2026-04-28T16:00:00Z,7138.0,7151.8,7115.7,7124.7
US500,H4,2026-04-28T20:00:00Z,7125.0,7145.5,7117.5,7141.5
US500,H4,2026-04-29T00:00:00Z,7144.6,7158.0,7143.8,7153.5
US500,H4,2026-04-29T04:00:00Z,7153.5,7156.1,7139.8,7153.9
US500,H4,2026-04-29T08:00:00Z,7154.1,7157.6,7135.7,7141.9
US500,H4,2026-04-29T12:00:00Z,7142.0,7150.2,7130.4,7138.1
US500,H4,2026-04-29T16:00:00Z,7138.4,7145.5,7111.8,7119.8
US500,H4,2026-04-29T20:00:00Z,7120.0,7159.8,7101.1,7111.2
US500,H4,2026-04-30T00:00:00Z,7121.4,7171.0,7119.0,7169.3
US500,H4,2026-04-30T04:00:00Z,7169.2,7170.8,7114.8,7115.3
US500,H4,2026-04-30T08:00:00Z,7115.4,7141.0,7104.0,7135.0
US500,H4,2026-04-30T12:00:00Z,7134.9,7181.4,7128.7,7174.3
US500,H4,2026-04-30T16:00:00Z,7174.2,7179.8,7127.4,7166.0
US500,H4,2026-04-30T20:00:00Z,7165.8,7221.4,7165.8,7215.7
US500,H4,2026-05-01T00:00:00Z,7223.3,7232.9,7215.9,7227.4
US500,H4,2026-05-01T04:00:00Z,7227.3,7235.4,7225.2,7227.6
US500,H4,2026-05-01T08:00:00Z,7227.7,7229.8,7217.3,7219.9
US500,H4,2026-05-01T12:00:00Z,7219.8,7240.9,7216.1,7227.9
US500,H4,2026-05-01T16:00:00Z,7227.7,7270.0,7227.4,7240.6
US500,H4,2026-05-01T20:00:00Z,7240.6,7254.1,7217.1,7218.6
US500,H4,2026-05-04T00:00:00Z,7250.4,7252.4,7227.8,7239.8
US500,H4,2026-05-04T04:00:00Z,7239.9,7243.8,7233.1,7241.3
US500,H4,2026-05-04T08:00:00Z,7241.1,7247.8,7228.8,7235.8
US500,H4,2026-05-04T12:00:00Z,7235.8,7241.1,7187.3,7222.6
US500,H4,2026-05-04T16:00:00Z,7222.7,7245.0,7173.8,7189.0
US500,H4,2026-05-04T20:00:00Z,7189.1,7213.8,7188.6,7199.7
US500,H4,2026-05-05T00:00:00Z,7206.2,7210.2,7198.4,7206.4
US500,H4,2026-05-05T04:00:00Z,7206.2,7218.4,7202.1,7214.6
US500,H4,2026-05-05T08:00:00Z,7214.5,7231.9,7210.6,7229.4
US500,H4,2026-05-05T12:00:00Z,7229.5,7243.9,7223.5,7236.5
US500,H4,2026-05-05T16:00:00Z,7236.4,7262.1,7236.1,7258.4
US500,H4,2026-05-05T20:00:00Z,7258.1,7278.1,7254.6,7269.8
US500,H4,2026-05-06T00:00:00Z,7269.5,7294.7,7268.5,7278.2
US500,H4,2026-05-06T04:00:00Z,7278.5,7286.0,7277.2,7283.5
US500,H4,2026-05-06T08:00:00Z,7283.2,7318.0,7279.0,7310.0
US500,H4,2026-05-06T12:00:00Z,7310.1,7340.5,7297.8,7313.2
US500,H4,2026-05-06T16:00:00Z,7313.5,7348.7,7302.6,7333.2
US500,H4,2026-05-06T20:00:00Z,7333.3,7369.3,7330.2,7361.2
US500,H4,2026-05-07T00:00:00Z,7356.3,7360.1,7351.6,7359.3
US500,H4,2026-05-07T04:00:00Z,7359.1,7368.6,7355.6,7367.8
US500,H4,2026-05-07T08:00:00Z,7367.6,7384.9,7364.8,7369.8
US500,H4,2026-05-07T12:00:00Z,7369.7,7377.1,7364.3,7376.3
US500,H4,2026-05-07T16:00:00Z,7376.3,7384.2,7338.7,7343.0
US500,H4,2026-05-07T20:00:00Z,7343.2,7353.1,7320.3,7327.8
US500,H4,2026-05-08T00:00:00Z,7320.9,7347.1,7318.9,7346.9
US500,H4,2026-05-08T04:00:00Z,7346.6,7357.2,7341.5,7354.3
US500,H4,2026-05-08T08:00:00Z,7354.2,7369.4,7353.7,7368.8
US500,H4,2026-05-08T12:00:00Z,7368.9,7387.2,7365.5,7373.3
US500,H4,2026-05-08T16:00:00Z,7373.2,7399.3,7364.4,7391.0
US500,H4,2026-05-08T20:00:00Z,7390.8,7402.5,7382.8,7396.7
US500,H4,2026-05-11T00:00:00Z,7385.2,7389.1,7367.9,7378.8
US500,H4,2026-05-11T04:00:00Z,7378.3,7391.6,7374.3,7389.3
US500,H4,2026-05-11T08:00:00Z,7389.6,7394.1,7386.1,7390.3
US500,H4,2026-05-11T12:00:00Z,7390.1,7396.8,7379.3,7385.3
US500,H4,2026-05-11T16:00:00Z,7385.1,7426.6,7383.3,7415.6
US500,H4,2026-05-11T20:00:00Z,7415.9,7429.9,7403.3,7411.0
US500,H4,2026-05-12T00:00:00Z,7413.6,7420.5,7404.1,7405.3
US500,H4,2026-05-12T04:00:00Z,7405.1,7407.3,7386.6,7396.3
US500,H4,2026-05-12T08:00:00Z,7396.1,7399.6,7377.8,7385.1
US500,H4,2026-05-12T12:00:00Z,7384.8,7396.1,7374.3,7394.9
US500,H4,2026-05-12T16:00:00Z,7395.1,7396.3,7338.8,7341.7
US500,H4,2026-05-12T20:00:00Z,7341.8,7409.0,7340.8,7395.7
US500,H4,2026-05-13T00:00:00Z,7396.9,7403.4,7386.1,7396.4
US500,H4,2026-05-13T04:00:00Z,7396.1,7414.4,7395.9,7413.4
US500,H4,2026-05-13T08:00:00Z,7413.4,7429.9,7410.1,7423.4
US500,H4,2026-05-13T12:00:00Z,7423.1,7424.9,7392.5,7397.1
US500,H4,2026-05-13T16:00:00Z,7397.4,7444.4,7375.2,7442.2
US500,H4,2026-05-13T20:00:00Z,7442.4,7460.7,7442.4,7452.4
US500,H4,2026-05-14T00:00:00Z,7451.5,7465.3,7449.9,7464.1
US500,H4,2026-05-14T04:00:00Z,7464.0,7464.1,7447.5,7453.8
US500,H4,2026-05-14T08:00:00Z,7453.9,7468.0,7449.8,7464.3
US500,H4,2026-05-14T12:00:00Z,7464.5,7475.5,7451.5,7466.0
US500,H4,2026-05-14T16:00:00Z,7465.8,7517.2,7456.6,7500.0
US500,H4,2026-05-14T20:00:00Z,7500.0,7508.5,7484.5,7499.4
US500,H4,2026-05-15T00:00:00Z,7498.3,7504.9,7489.7,7495.7
US500,H4,2026-05-15T04:00:00Z,7495.7,7496.7,7469.4,7470.4
US500,H4,2026-05-15T08:00:00Z,7470.7,7470.7,7412.7,7426.7
US500,H4,2026-05-15T12:00:00Z,7427.7,7448.2,7406.7,7414.7
US500,H4,2026-05-15T16:00:00Z,7414.7,7444.5,7397.3,7429.3
US500,H4,2026-05-15T20:00:00Z,7429.5,7454.5,7388.3,7397.2
US500,H4,2026-05-18T00:00:00Z,7399.5,7413.9,7360.6,7376.4
US500,H4,2026-05-18T04:00:00Z,7376.6,7378.8,7354.1,7363.6
US500,H4,2026-05-18T08:00:00Z,7364.1,7395.8,7355.1,7395.4
US500,H4,2026-05-18T12:00:00Z,7395.3,7432.1,7365.6,7428.9
US500,H4,2026-05-18T16:00:00Z,7428.9,7433.2,7361.2,7384.0
US500,H4,2026-05-18T20:00:00Z,7383.5,7407.0,7353.0,7398.4
US500,H4,2026-05-19T00:00:00Z,7405.0,7418.8,7401.3,7402.5
US500,H4,2026-05-19T04:00:00Z,7402.4,7405.0,7375.5,7383.3
US500,H4,2026-05-19T08:00:00Z,7383.4,7411.5,7370.0,7391.4
US500,H4,2026-05-19T12:00:00Z,7391.4,7391.5,7362.6,7379.5
US500,H4,2026-05-19T16:00:00Z,7380.0,7381.8,7333.7,7379.5
US500,H4,2026-05-19T20:00:00Z,7379.5,7394.7,7344.7,7351.6
US500,H4,2026-05-20T00:00:00Z,7355.8,7373.9,7336.6,7355.3
US500,H4,2026-05-20T04:00:00Z,7355.3,7366.9,7336.1,7344.1
US500,H4,2026-05-20T08:00:00Z,7344.1,7383.6,7344.0,7377.9
US500,H4,2026-05-20T12:00:00Z,7377.6,7396.4,7372.3,7382.6
US500,H4,2026-05-20T16:00:00Z,7382.4,7437.7,7357.1,7412.8
US500,H4,2026-05-20T20:00:00Z,7413.3,7434.1,7406.6,7414.0
US500,H4,2026-05-21T00:00:00Z,7410.2,7412.1,7387.4,7403.0
US500,H4,2026-05-21T04:00:00Z,7403.3,7434.3,7403.3,7433.4
US500,H4,2026-05-21T08:00:00Z,7433.5,7450.0,7406.9,7433.0
US500,H4,2026-05-21T12:00:00Z,7432.8,7444.3,7395.5,7399.8
US500,H4,2026-05-21T16:00:00Z,7399.8,7424.3,7389.8,7406.8
US500,H4,2026-05-21T20:00:00Z,7407.0,7467.0,7407.0,7446.9
US500,H4,2026-05-22T00:00:00Z,7448.5,7469.6,7448.2,7465.6
US500,H4,2026-05-22T04:00:00Z,7465.4,7476.4,7455.4,7476.0
US500,H4,2026-05-22T08:00:00Z,7475.9,7483.4,7464.4,7468.1
US500,H4,2026-05-22T12:00:00Z,7467.9,7485.9,7452.4,7485.9
US500,H4,2026-05-22T16:00:00Z,7486.4,7499.0,7461.7,7490.0
US500,H4,2026-05-22T20:00:00Z,7490.0,7506.5,7465.9,7468.1
US500,H4,2026-05-25T00:00:00Z,7509.3,7530.4,7508.9,7525.2
US500,H4,2026-05-25T04:00:00Z,7525.3,7544.2,7523.7,7541.9
US500,H4,2026-05-25T08:00:00Z,7542.2,7548.8,7531.2,7542.7
US500,H4,2026-05-25T12:00:00Z,7542.4,7551.2,7540.9,7541.9
US500,H4,2026-05-25T16:00:00Z,7541.7,7552.5,7537.0,7546.8
US500,H4,2026-05-26T00:00:00Z,7541.5,7542.9,7519.1,7523.1
US500,H4,2026-05-26T04:00:00Z,7522.9,7525.6,7515.0,7521.9
US500,H4,2026-05-26T08:00:00Z,7521.8,7527.4,7509.1,7515.9
US500,H4,2026-05-26T12:00:00Z,7516.1,7534.4,7513.1,7527.1
US500,H4,2026-05-26T16:00:00Z,7527.0,7538.5,7500.5,7506.9
US500,H4,2026-05-26T20:00:00Z,7507.0,7525.6,7501.7,7516.6
US500,H4,2026-05-27T00:00:00Z,7520.4,7531.1,7513.9,7529.9
US500,H4,2026-05-27T04:00:00Z,7530.1,7532.8,7519.8,7525.6
US500,H4,2026-05-27T08:00:00Z,7525.3,7543.6,7521.3,7541.8
US500,H4,2026-05-27T12:00:00Z,7541.6,7554.6,7529.6,7536.9
US500,H4,2026-05-27T16:00:00Z,7536.8,7537.8,7500.9,7515.2
US500,H4,2026-05-27T20:00:00Z,7515.4,7538.4,7499.4,7537.1
US500,H4,2026-05-28T00:00:00Z,7538.7,7541.6,7516.2,7533.1
US500,H4,2026-05-28T04:00:00Z,7533.2,7534.6,7489.9,7493.9
US500,H4,2026-05-28T08:00:00Z,7494.1,7518.4,7491.0,7517.1
US500,H4,2026-05-28T12:00:00Z,7517.1,7523.4,7499.4,7522.1
US500,H4,2026-05-28T16:00:00Z,7522.4,7566.1,7509.7,7564.6
US500,H4,2026-05-28T20:00:00Z,7564.6,7573.1,7558.6,7570.4
US500,H4,2026-05-29T00:00:00Z,7571.3,7575.5,7558.8,7560.6
US500,H4,2026-05-29T04:00:00Z,7560.6,7571.4,7555.8,7569.3
US500,H4,2026-05-29T08:00:00Z,7569.5,7576.8,7564.3,7570.0
US500,H4,2026-05-29T12:00:00Z,7570.3,7580.0,7568.8,7575.5
US500,H4,2026-05-29T16:00:00Z,7575.8,7595.6,7562.5,7583.0
US500,H4,2026-05-29T20:00:00Z,7583.0,7593.6,7567.8,7577.2
US500,H4,2026-06-01T00:00:00Z,7584.9,7601.1,7573.6,7598.6
US500,H4,2026-06-01T04:00:00Z,7598.9,7606.9,7595.6,7604.6
US500,H4,2026-06-01T08:00:00Z,7604.4,7607.6,7593.1,7601.4
US500,H4,2026-06-01T12:00:00Z,7601.4,7609.4,7593.7,7595.9
US500,H4,2026-06-01T16:00:00Z,7596.1,7597.4,7563.7,7596.1
US500,H4,2026-06-01T20:00:00Z,7595.9,7620.0,7587.1,7597.3
US500,H4,2026-06-02T00:00:00Z,7595.7,7595.7,7569.0,7570.7
US500,H4,2026-06-02T04:00:00Z,7570.5,7578.8,7564.6,7578.6
US500,H4,2026-06-02T08:00:00Z,7578.6,7598.6,7576.6,7593.8
US500,H4,2026-06-02T12:00:00Z,7593.6,7594.0,7583.3,7585.0
US500,H4,2026-06-02T16:00:00Z,7585.1,7621.6,7576.0,7615.8
US500,H4,2026-06-02T20:00:00Z,7615.8,7618.2,7603.0,7616.7
US500,H4,2026-06-03T00:00:00Z,7615.1,7616.4,7591.9,7614.6
US500,H4,2026-06-03T04:00:00Z,7614.6,7615.1,7608.4,7611.6
US500,H4,2026-06-03T08:00:00Z,7611.5,7613.6,7604.6,7607.9
US500,H4,2026-06-03T12:00:00Z,7607.9,7611.0,7593.1,7596.1
US500,H4,2026-06-03T16:00:00Z,7595.9,7604.0,7552.0,7567.2
US500,H4,2026-06-03T20:00:00Z,7567.5,7577.2,7530.6,7535.9
US500,H4,2026-06-04T00:00:00Z,7527.2,7537.2,7517.8,7535.2
US500,H4,2026-06-04T04:00:00Z,7534.9,7539.7,7516.2,7534.7
US500,H4,2026-06-04T08:00:00Z,7534.4,7546.4,7525.9,7529.1
US500,H4,2026-06-04T12:00:00Z,7528.9,7540.9,7513.2,7538.7
US500,H4,2026-06-04T16:00:00Z,7538.7,7584.9,7530.8,7583.9
US500,H4,2026-06-04T20:00:00Z,7583.9,7598.5,7574.4,7576.4
US500,H4,2026-06-05T00:00:00Z,7575.5,7577.7,7544.7,7547.1
US500,H4,2026-06-05T04:00:00Z,7546.9,7554.3,7534.8,7551.8
US500,H4,2026-06-05T08:00:00Z,7551.8,7556.3,7535.1,7548.3
US500,H4,2026-06-05T12:00:00Z,7548.3,7566.7,7534.3,7537.7
US500,H4,2026-06-05T16:00:00Z,7537.6,7540.7,7437.4,7457.9
US500,H4,2026-06-05T20:00:00Z,7457.9,7465.7,7347.3,7357.4
US500,H4,2026-06-08T00:00:00Z,7357.9,7410.9,7343.7,7403.4
US500,H4,2026-06-08T04:00:00Z,7403.9,7407.4,7372.4,7389.2
US500,H4,2026-06-08T08:00:00Z,7389.2,7416.9,7374.4,7401.7
US500,H4,2026-06-08T12:00:00Z,7401.9,7455.4,7395.2,7447.4
US500,H4,2026-06-08T16:00:00Z,7447.3,7464.6,7417.4,7429.5
US500,H4,2026-06-08T20:00:00Z,7429.8,7435.0,7392.0,7400.2
US500,H4,2026-06-09T00:00:00Z,7404.4,7408.0,7379.2,7384.2
US500,H4,2026-06-09T04:00:00Z,7384.4,7426.2,7382.4,7422.9
US500,H4,2026-06-09T08:00:00Z,7423.1,7437.9,7417.2,7431.1
US500,H4,2026-06-09T12:00:00Z,7430.9,7445.4,7423.7,7444.9
US500,H4,2026-06-09T16:00:00Z,7445.4,7480.0,7238.8,7278.4
US500,H4,2026-06-09T20:00:00Z,7279.1,7390.0,7276.7,7380.5
US500,H4,2026-06-10T00:00:00Z,7374.5,7385.4,7356.0,7373.7
US500,H4,2026-06-10T04:00:00Z,7374.2,7382.1,7348.4,7350.1
US500,H4,2026-06-10T08:00:00Z,7350.2,7367.9,7325.1,7328.5
US500,H4,2026-06-10T12:00:00Z,7328.4,7358.7,7297.7,7342.6
US500,H4,2026-06-10T16:00:00Z,7342.4,7397.1,7297.7,7316.6
US500,H4,2026-06-10T20:00:00Z,7316.8,7330.6,7248.5,7258.5
US500,H4,2026-06-11T00:00:00Z,7257.2,7276.5,7226.1,7270.7
US500,H4,2026-06-11T04:00:00Z,7270.7,7311.2,7267.5,7306.4
US500,H4,2026-06-11T08:00:00Z,7306.5,7331.2,7288.5,7330.0
US500,H4,2026-06-11T12:00:00Z,7330.2,7332.2,7282.1,7310.0
US500,H4,2026-06-11T16:00:00Z,7309.7,7328.5,7256.2,7277.5
US500,H4,2026-06-11T20:00:00Z,7277.7,7412.6,7265.0,7391.1
US500,H4,2026-06-12T00:00:00Z,7392.8,7415.2,7392.5,7406.4
US500,H4,2026-06-12T04:00:00Z,7406.5,7408.7,7390.7,7404.5
US500,H4,2026-06-12T08:00:00Z,7404.4,7422.4,7368.7,7409.4
US500,H4,2026-06-12T12:00:00Z,7409.7,7445.3,7409.7,7433.2
