symbol,timeframe,bar_time,open,high,low,close
USTEC,H4,2025-01-02T00:00:00Z,21009.44,21067.19,20869.19,21041.82
USTEC,H4,2025-01-02T04:00:00Z,21040.82,21123.19,21034.82,21117.32
USTEC,H4,2025-01-02T08:00:00Z,21117.44,21170.92,21065.42,21149.17
USTEC,H4,2025-01-02T12:00:00Z,21149.04,21236.92,21106.67,21164.17
USTEC,H4,2025-01-02T16:00:00Z,21164.17,21190.52,20731.14,20822.02
USTEC,H4,2025-01-02T20:00:00Z,20822.64,20949.69,20735.52,20929.07
USTEC,H4,2025-01-03T00:00:00Z,20926.16,20996.04,20892.16,20972.54
USTEC,H4,2025-01-03T04:00:00Z,20972.54,21007.41,20955.04,20973.79
USTEC,H4,2025-01-03T08:00:00Z,20973.79,21035.39,20958.89,21019.26
USTEC,H4,2025-01-03T12:00:00Z,21018.76,21021.14,20956.76,20975.76
USTEC,H4,2025-01-03T16:00:00Z,20975.39,21237.74,20975.39,21218.49
USTEC,H4,2025-01-03T20:00:00Z,21218.49,21306.99,21197.74,21232.79
USTEC,H4,2025-01-06T00:00:00Z,21297.12,21297.62,21238.25,21259.0
USTEC,H4,2025-01-06T04:00:00Z,21259.0,21309.75,21242.37,21297.75
USTEC,H4,2025-01-06T08:00:00Z,21297.62,21429.6,21289.12,21428.1
USTEC,H4,2025-01-06T12:00:00Z,21428.1,21518.85,21401.22,21507.97
USTEC,H4,2025-01-06T16:00:00Z,21507.97,21654.82,21401.47,21552.07
USTEC,H4,2025-01-06T20:00:00Z,21553.07,21554.2,21407.57,21538.5
USTEC,H4,2025-01-07T00:00:00Z,21546.63,21558.38,21509.26,21531.01
USTEC,H4,2025-01-07T04:00:00Z,21530.76,21547.76,21422.88,21468.01
USTEC,H4,2025-01-07T08:00:00Z,21468.26,21536.73,21446.63,21490.23
USTEC,H4,2025-01-07T12:00:00Z,21490.23,21541.11,21479.61,21540.86
USTEC,H4,2025-01-07T16:00:00Z,21540.86,21567.23,21149.83,21207.83
USTEC,H4,2025-01-07T20:00:00Z,21207.71,21278.96,21042.33,21137.76
USTEC,H4,2025-01-08T00:00:00Z,21133.03,21199.41,21109.28,21194.16
USTEC,H4,2025-01-08T04:00:00Z,21194.03,21201.41,21150.78,21194.91
USTEC,H4,2025-01-08T08:00:00Z,21194.91,21199.16,21125.63,21194.63
USTEC,H4,2025-01-08T12:00:00Z,21194.51,21212.63,20986.01,21141.51
USTEC,H4,2025-01-08T16:00:00Z,21141.88,21183.23,20931.11,21032.98
USTEC,H4,2025-01-08T20:00:00Z,21032.98,21195.48,21029.98,21091.03
USTEC,H4,2025-01-09T00:00:00Z,21092.87,21114.62,21039.62,21082.37
USTEC,H4,2025-01-09T04:00:00Z,21082.24,21115.24,21062.12,21091.12
USTEC,H4,2025-01-09T08:00:00Z,21091.12,21096.37,20986.09,21078.97
USTEC,H4,2025-01-09T12:00:00Z,21079.09,21103.09,21044.97,21072.84
USTEC,H4,2025-01-09T16:00:00Z,21072.72,21078.47,21033.34,21069.72
USTEC,H4,2025-01-10T00:00:00Z,21068.61,21079.86,20951.11,21018.48
USTEC,H4,2025-01-10T04:00:00Z,21018.86,21099.48,21009.98,21072.61
USTEC,H4,2025-01-10T08:00:00Z,21072.61,21072.73,21005.58,21049.08
USTEC,H4,2025-01-10T12:00:00Z,21048.96,21143.58,20817.46,20888.46
USTEC,H4,2025-01-10T16:00:00Z,20888.33,20967.33,20648.06,20805.68
USTEC,H4,2025-01-10T20:00:00Z,20805.43,20947.56,20754.06,20766.11
USTEC,H4,2025-01-13T00:00:00Z,20771.95,20819.08,20671.7,20708.45
USTEC,H4,2025-01-13T04:00:00Z,20708.2,20730.7,20642.58,20669.95
USTEC,H4,2025-01-13T08:00:00Z,20669.45,20711.83,20477.55,20504.18
USTEC,H4,2025-01-13T12:00:00Z,20504.3,20628.18,20491.93,20592.55
USTEC,H4,2025-01-13T16:00:00Z,20592.68,20677.4,20485.78,20672.15
USTEC,H4,2025-01-13T20:00:00Z,20672.65,20778.45,20618.78,20774.08
USTEC,H4,2025-01-14T00:00:00Z,20805.89,20874.64,20799.27,20812.64
USTEC,H4,2025-01-14T04:00:00Z,20812.77,20845.52,20783.64,20844.27
USTEC,H4,2025-01-14T08:00:00Z,20844.27,20929.87,20808.12,20887.37
USTEC,H4,2025-01-14T12:00:00Z,20887.37,20924.37,20730.62,20842.62
USTEC,H4,2025-01-14T16:00:00Z,20843.74,20915.72,20579.22,20649.84
USTEC,H4,2025-01-14T20:00:00Z,20649.59,20798.47,20560.72,20763.27
USTEC,H4,2025-01-15T00:00:00Z,20757.85,20761.1,20727.98,20743.35
USTEC,H4,2025-01-15T04:00:00Z,20743.35,20746.6,20716.98,20732.73
USTEC,H4,2025-01-15T08:00:00Z,20732.6,20761.7,20699.33,20749.95
USTEC,H4,2025-01-15T12:00:00Z,20750.33,21118.83,20722.58,21071.33
USTEC,H4,2025-01-15T16:00:00Z,21071.2,21197.3,20977.43,21112.43
USTEC,H4,2025-01-15T20:00:00Z,21112.55,21242.8,21111.8,21166.1
USTEC,H4,2025-01-16T00:00:00Z,21180.32,21240.95,21172.45,21194.95
USTEC,H4,2025-01-16T04:00:00Z,21194.95,21205.95,21149.45,21160.45
USTEC,H4,2025-01-16T08:00:00Z,21160.32,21359.55,21146.82,21268.67
USTEC,H4,2025-01-16T12:00:00Z,21268.67,21312.05,21214.17,21268.55
USTEC,H4,2025-01-16T16:00:00Z,21268.17,21293.05,21112.02,21180.02
USTEC,H4,2025-01-16T20:00:00Z,21180.02,21207.02,20966.2,21008.2
USTEC,H4,2025-01-17T00:00:00Z,21009.07,21071.41,21006.66,21063.03
USTEC,H4,2025-01-17T04:00:00Z,21063.41,21106.91,21043.78,21095.91
USTEC,H4,2025-01-17T08:00:00Z,21095.78,21154.13,21050.51,21140.63
USTEC,H4,2025-01-17T12:00:00Z,21140.63,21343.01,21104.63,21338.51
USTEC,H4,2025-01-17T16:00:00Z,21339.13,21475.01,21279.48,21423.73
USTEC,H4,2025-01-17T20:00:00Z,21423.48,21469.73,21369.66,21382.53
USTEC,H4,2025-01-20T00:00:00Z,21422.39,21426.14,21336.39,21372.89
USTEC,H4,2025-01-20T04:00:00Z,21372.89,21383.14,21354.89,21377.51
USTEC,H4,2025-01-20T08:00:00Z,21378.14,21446.49,21373.51,21431.24
USTEC,H4,2025-01-20T12:00:00Z,21431.24,21501.49,21348.99,21496.99
USTEC,H4,2025-01-20T16:00:00Z,21496.86,21586.09,21433.84,21491.59
USTEC,H4,2025-01-21T00:00:00Z,21525.35,21557.97,21192.22,21397.6
USTEC,H4,2025-01-21T04:00:00Z,21397.6,21459.35,21374.47,21402.97
USTEC,H4,2025-01-21T08:00:00Z,21403.1,21520.57,21395.47,21520.32
USTEC,H4,2025-01-21T12:00:00Z,21520.45,21542.95,21456.45,21537.95
USTEC,H4,2025-01-21T16:00:00Z,21537.95,21555.42,21338.67,21553.67
USTEC,H4,2025-01-21T20:00:00Z,21553.67,21595.35,21509.92,21585.47
USTEC,H4,2025-01-22T00:00:00Z,21603.92,21658.92,21586.3,21650.55
USTEC,H4,2025-01-22T04:00:00Z,21650.55,21692.8,21646.17,21674.3
USTEC,H4,2025-01-22T08:00:00Z,21674.3,21723.4,21655.92,21699.4
USTEC,H4,2025-01-22T12:00:00Z,21699.4,21750.52,21685.4,21746.27
USTEC,H4,2025-01-22T16:00:00Z,21746.27,21909.5,21715.52,21873.37
USTEC,H4,2025-01-22T20:00:00Z,21873.37,21877.87,21784.3,21801.17
USTEC,H4,2025-01-23T00:00:00Z,21796.76,21804.01,21763.63,21768.38
USTEC,H4,2025-01-23T04:00:00Z,21768.26,21788.88,21746.76,21772.63
USTEC,H4,2025-01-23T08:00:00Z,21772.76,21783.76,21675.86,21714.11
USTEC,H4,2025-01-23T12:00:00Z,21714.11,21737.36,21692.73,21716.23
USTEC,H4,2025-01-23T16:00:00Z,21716.23,21791.33,21686.23,21758.83
USTEC,H4,2025-01-23T20:00:00Z,21758.83,21869.01,21744.21,21841.88
USTEC,H4,2025-01-24T00:00:00Z,21833.58,21857.33,21819.58,21833.83
USTEC,H4,2025-01-24T04:00:00Z,21833.96,21882.08,21803.33,21819.71
USTEC,H4,2025-01-24T08:00:00Z,21819.46,21845.56,21795.81,21828.68
USTEC,H4,2025-01-24T12:00:00Z,21828.68,21867.31,21809.18,21834.81
USTEC,H4,2025-01-24T16:00:00Z,21834.81,21901.53,21755.78,21765.66
USTEC,H4,2025-01-24T20:00:00Z,21765.28,21776.28,21667.91,21726.83
USTEC,H4,2025-01-27T00:00:00Z,21566.62,21569.99,21323.62,21362.87
USTEC,H4,2025-01-27T04:00:00Z,21362.99,21397.62,21246.87,21267.12
USTEC,H4,2025-01-27T08:00:00Z,21267.24,21274.62,20989.97,20998.84
USTEC,H4,2025-01-27T12:00:00Z,20998.47,21008.72,20599.34,20996.84
USTEC,H4,2025-01-27T16:00:00Z,20994.59,21252.19,20941.22,20976.94
USTEC,H4,2025-01-27T20:00:00Z,20977.32,21164.49,20931.94,21139.49
USTEC,H4,2025-01-28T00:00:00Z,21175.96,21194.84,21067.21,21075.46
USTEC,H4,2025-01-28T04:00:00Z,21075.71,21169.96,21058.71,21131.34
USTEC,H4,2025-01-28T08:00:00Z,21131.46,21243.19,21103.96,21234.19
USTEC,H4,2025-01-28T12:00:00Z,21234.19,21261.69,21096.06,21139.81
USTEC,H4,2025-01-28T16:00:00Z,21138.56,21401.79,20999.91,21383.16
USTEC,H4,2025-01-28T20:00:00Z,21383.16,21464.16,21352.29,21396.46
USTEC,H4,2025-01-29T00:00:00Z,21384.05,21420.67,21373.55,21409.05
USTEC,H4,2025-01-29T04:00:00Z,21409.05,21450.3,21401.17,21422.3
USTEC,H4,2025-01-29T08:00:00Z,21422.3,21539.02,21422.3,21509.65
USTEC,H4,2025-01-29T12:00:00Z,21509.9,21532.27,21402.9,21445.02
USTEC,H4,2025-01-29T16:00:00Z,21445.02,21468.52,21299.62,21327.12
USTEC,H4,2025-01-29T20:00:00Z,21327.12,21450.67,21211.12,21416.8
USTEC,H4,2025-01-30T00:00:00Z,21400.87,21512.87,21352.0,21496.12
USTEC,H4,2025-01-30T04:00:00Z,21496.12,21525.62,21492.0,21505.12
USTEC,H4,2025-01-30T08:00:00Z,21505.25,21555.22,21469.62,21480.85
USTEC,H4,2025-01-30T12:00:00Z,21480.97,21516.47,21420.97,21513.85
USTEC,H4,2025-01-30T16:00:00Z,21513.85,21594.57,21266.07,21398.7
USTEC,H4,2025-01-30T20:00:00Z,21398.57,21545.95,21371.07,21457.12
USTEC,H4,2025-01-31T00:00:00Z,21530.6,21627.35,21508.23,21622.6
USTEC,H4,2025-01-31T04:00:00Z,21622.23,21634.23,21569.98,21584.48
USTEC,H4,2025-01-31T08:00:00Z,21584.48,21654.7,21579.23,21629.7
USTEC,H4,2025-01-31T12:00:00Z,21630.2,21660.45,21605.2,21639.33
USTEC,H4,2025-01-31T16:00:00Z,21638.83,21813.05,21598.33,21762.8
USTEC,H4,2025-01-31T20:00:00Z,21762.93,21774.3,21382.48,21407.73
USTEC,H4,2025-02-03T00:00:00Z,20856.36,21014.11,20839.99,20933.49
USTEC,H4,2025-02-03T04:00:00Z,20933.11,20936.74,20835.86,20930.49
USTEC,H4,2025-02-03T08:00:00Z,20930.49,21109.09,20902.61,21041.09
USTEC,H4,2025-02-03T12:00:00Z,21041.09,21130.34,21015.84,21061.21
USTEC,H4,2025-02-03T16:00:00Z,21060.96,21326.31,20972.69,21260.81
USTEC,H4,2025-02-03T20:00:00Z,21260.31,21434.99,21210.06,21411.11
USTEC,H4,2025-02-04T00:00:00Z,21457.18,21457.18,21342.8,21371.8
USTEC,H4,2025-02-04T04:00:00Z,21372.43,21377.8,21105.8,21220.8
USTEC,H4,2025-02-04T08:00:00Z,21220.43,21287.03,21175.53,21232.9
USTEC,H4,2025-02-04T12:00:00Z,21232.65,21359.78,21220.53,21297.15
USTEC,H4,2025-02-04T16:00:00Z,21297.28,21556.63,21268.15,21486.0
USTEC,H4,2025-02-04T20:00:00Z,21486.0,21553.93,21433.0,21445.3
USTEC,H4,2025-02-05T00:00:00Z,21424.53,21489.78,21422.03,21436.78
USTEC,H4,2025-02-05T04:00:00Z,21436.78,21453.03,21397.28,21405.41
USTEC,H4,2025-02-05T08:00:00Z,21405.41,21415.03,21303.38,21307.01
USTEC,H4,2025-02-05T12:00:00Z,21307.76,21418.26,21296.88,21395.76
USTEC,H4,2025-02-05T16:00:00Z,21395.76,21608.11,21367.98,21571.48
USTEC,H4,2025-02-05T20:00:00Z,21571.61,21661.53,21539.11,21636.66
USTEC,H4,2025-02-06T00:00:00Z,21629.26,21667.51,21620.26,21637.89
USTEC,H4,2025-02-06T04:00:00Z,21637.89,21702.26,21628.64,21698.51
USTEC,H4,2025-02-06T08:00:00Z,21698.64,21700.64,21641.49,21664.49
USTEC,H4,2025-02-06T12:00:00Z,21664.49,21679.24,21576.86,21646.36
USTEC,H4,2025-02-06T16:00:00Z,21646.36,21718.84,21608.49,21685.71
USTEC,H4,2025-02-06T20:00:00Z,21685.59,21751.71,21582.59,21715.01
USTEC,H4,2025-02-07T00:00:00Z,21693.31,21768.81,21685.56,21764.19
USTEC,H4,2025-02-07T04:00:00Z,21764.19,21771.69,21717.81,21725.44
USTEC,H4,2025-02-07T08:00:00Z,21725.56,21754.41,21699.31,21727.79
USTEC,H4,2025-02-07T12:00:00Z,21727.79,21778.79,21666.16,21751.04
USTEC,H4,2025-02-07T16:00:00Z,21751.16,21840.14,21458.14,21525.39
USTEC,H4,2025-02-07T20:00:00Z,21525.39,21603.26,21427.26,21450.44
USTEC,H4,2025-02-10T00:00:00Z,21347.35,21580.9,21344.6,21552.4
USTEC,H4,2025-02-10T04:00:00Z,21552.4,21611.85,21540.65,21595.23
USTEC,H4,2025-02-10T08:00:00Z,21595.73,21596.83,21564.35,21590.2
USTEC,H4,2025-02-10T12:00:00Z,21590.2,21666.33,21576.45,21661.95
USTEC,H4,2025-02-10T16:00:00Z,21661.45,21774.8,21625.45,21747.3
USTEC,H4,2025-02-10T20:00:00Z,21747.05,21766.18,21702.35,21716.85
USTEC,H4,2025-02-11T00:00:00Z,21703.57,21709.2,21659.07,21679.2
USTEC,H4,2025-02-11T04:00:00Z,21679.45,21681.82,21634.82,21673.2
USTEC,H4,2025-02-11T08:00:00Z,21673.2,21674.45,21604.42,21633.05
USTEC,H4,2025-02-11T12:00:00Z,21632.92,21674.9,21579.8,21581.3
USTEC,H4,2025-02-11T16:00:00Z,21581.3,21776.5,21575.3,21669.5
USTEC,H4,2025-02-11T20:00:00Z,21669.4,21745.8,21653.4,21697.9
USTEC,H4,2025-02-12T00:00:00Z,21714.5,21738.6,21687.8,21734.5
USTEC,H4,2025-02-12T04:00:00Z,21734.5,21735.8,21674.2,21682.3
USTEC,H4,2025-02-12T08:00:00Z,21682.7,21721.3,21643.3,21676.8
USTEC,H4,2025-02-12T12:00:00Z,21676.8,21755.8,21423.8,21452.0
USTEC,H4,2025-02-12T16:00:00Z,21452.5,21733.4,21419.0,21726.4
USTEC,H4,2025-02-12T20:00:00Z,21726.4,21770.0,21667.6,21768.5
USTEC,H4,2025-02-13T00:00:00Z,21768.5,21824.1,21756.1,21802.0
USTEC,H4,2025-02-13T04:00:00Z,21801.6,21836.9,21783.3,21809.8
USTEC,H4,2025-02-13T08:00:00Z,21809.4,21830.5,21663.6,21738.6
USTEC,H4,2025-02-13T12:00:00Z,21738.6,21809.9,21698.5,21788.1
USTEC,H4,2025-02-13T16:00:00Z,21788.0,21968.2,21745.8,21877.4
USTEC,H4,2025-02-13T20:00:00Z,21877.2,22033.9,21802.0,21987.9
USTEC,H4,2025-02-14T00:00:00Z,21990.4,22053.9,21981.2,22053.4
USTEC,H4,2025-02-14T04:00:00Z,22053.5,22058.0,22023.1,22029.9
USTEC,H4,2025-02-14T08:00:00Z,22030.0,22074.6,22015.6,22037.7
USTEC,H4,2025-02-14T12:00:00Z,22037.7,22039.4,21955.7,22017.9
USTEC,H4,2025-02-14T16:00:00Z,22018.1,22085.4,22004.8,22071.9
USTEC,H4,2025-02-14T20:00:00Z,22072.4,22135.4,22059.6,22120.4
USTEC,H4,2025-02-17T00:00:00Z,22143.3,22170.1,22118.6,22165.2
USTEC,H4,2025-02-17T04:00:00Z,22165.1,22199.7,22160.9,22188.4
USTEC,H4,2025-02-17T08:00:00Z,22188.2,22195.0,22144.5,22165.2
USTEC,H4,2025-02-17T12:00:00Z,22165.1,22187.9,22156.9,22172.4
USTEC,H4,2025-02-17T16:00:00Z,22172.0,22177.5,22111.1,22150.0
USTEC,H4,2025-02-18T00:00:00Z,22153.9,22164.6,22116.6,22161.7
USTEC,H4,2025-02-18T04:00:00Z,22161.7,22187.6,22153.4,22170.9
USTEC,H4,2025-02-18T08:00:00Z,22171.0,22237.7,22168.9,22192.4
USTEC,H4,2025-02-18T12:00:00Z,22192.7,22232.3,22182.2,22228.8
USTEC,H4,2025-02-18T16:00:00Z,22229.1,22237.2,22044.4,22114.4
USTEC,H4,2025-02-18T20:00:00Z,22114.7,22168.8,22023.4,22144.0
USTEC,H4,2025-02-19T00:00:00Z,22166.4,22208.5,22156.3,22196.3
USTEC,H4,2025-02-19T04:00:00Z,22195.4,22213.7,22175.8,22185.4
USTEC,H4,2025-02-19T08:00:00Z,22185.3,22198.5,22164.0,22169.9
USTEC,H4,2025-02-19T12:00:00Z,22169.8,22178.4,22102.8,22127.8
USTEC,H4,2025-02-19T16:00:00Z,22127.8,22179.2,22041.4,22168.6
USTEC,H4,2025-02-19T20:00:00Z,22168.6,22223.2,22118.6,22145.8
USTEC,H4,2025-02-20T00:00:00Z,22149.3,22157.3,22085.0,22092.0
USTEC,H4,2025-02-20T04:00:00Z,22091.5,22113.5,22080.2,22091.4
USTEC,H4,2025-02-20T08:00:00Z,22091.3,22130.3,22063.5,22127.9
USTEC,H4,2025-02-20T12:00:00Z,22127.8,22142.2,22096.5,22125.8
USTEC,H4,2025-02-20T16:00:00Z,22125.9,22147.3,21873.7,21962.7
USTEC,H4,2025-02-20T20:00:00Z,21962.6,22071.8,21950.3,22060.3
USTEC,H4,2025-02-21T00:00:00Z,22058.7,22104.0,22056.4,22070.6
USTEC,H4,2025-02-21T04:00:00Z,22071.0,22087.9,22042.6,22056.4
USTEC,H4,2025-02-21T08:00:00Z,22056.3,22100.2,22035.3,22098.6
USTEC,H4,2025-02-21T12:00:00Z,22098.4,22175.9,22083.7,22154.9
USTEC,H4,2025-02-21T16:00:00Z,22154.7,22167.4,21769.1,21783.6
USTEC,H4,2025-02-21T20:00:00Z,21783.3,21785.1,21583.3,21587.6
USTEC,H4,2025-02-24T00:00:00Z,21644.2,21729.8,21614.7,21682.7
USTEC,H4,2025-02-24T04:00:00Z,21682.7,21735.6,21677.7,21727.6
USTEC,H4,2025-02-24T08:00:00Z,21727.4,21746.8,21636.6,21717.1
USTEC,H4,2025-02-24T12:00:00Z,21717.0,21737.1,21674.1,21734.1
USTEC,H4,2025-02-24T16:00:00Z,21734.0,21739.4,21371.2,21539.3
USTEC,H4,2025-02-24T20:00:00Z,21539.3,21594.3,21341.6,21365.4
USTEC,H4,2025-02-25T00:00:00Z,21382.7,21388.5,21302.9,21378.4
USTEC,H4,2025-02-25T04:00:00Z,21378.2,21387.9,21333.0,21373.2
USTEC,H4,2025-02-25T08:00:00Z,21373.2,21381.2,21238.8,21241.5
USTEC,H4,2025-02-25T12:00:00Z,21240.9,21387.9,21222.7,21340.2
USTEC,H4,2025-02-25T16:00:00Z,21340.2,21349.7,20927.6,21156.8
USTEC,H4,2025-02-25T20:00:00Z,21156.7,21217.4,21059.4,21131.3
USTEC,H4,2025-02-26T00:00:00Z,21168.6,21189.7,21149.2,21155.9
USTEC,H4,2025-02-26T04:00:00Z,21155.8,21218.9,21139.2,21217.9
USTEC,H4,2025-02-26T08:00:00Z,21217.3,21266.7,21200.9,21244.1
USTEC,H4,2025-02-26T12:00:00Z,21243.8,21270.6,21194.9,21211.7
USTEC,H4,2025-02-26T16:00:00Z,21211.8,21347.7,21128.8,21188.5
USTEC,H4,2025-02-26T20:00:00Z,21188.0,21264.8,21004.2,21212.9
USTEC,H4,2025-02-27T00:00:00Z,21182.3,21202.5,21048.8,21108.9
USTEC,H4,2025-02-27T04:00:00Z,21108.8,21204.2,21089.0,21186.0
USTEC,H4,2025-02-27T08:00:00Z,21185.7,21275.0,21180.3,21265.0
USTEC,H4,2025-02-27T12:00:00Z,21265.3,21326.9,21211.5,21249.5
USTEC,H4,2025-02-27T16:00:00Z,21249.4,21322.4,20838.5,20980.9
USTEC,H4,2025-02-27T20:00:00Z,20980.8,21059.9,20525.9,20575.8
USTEC,H4,2025-02-28T00:00:00Z,20599.4,20634.9,20486.2,20573.2
USTEC,H4,2025-02-28T04:00:00Z,20573.0,20592.7,20464.0,20569.9
USTEC,H4,2025-02-28T08:00:00Z,20570.1,20630.7,20501.4,20605.6
USTEC,H4,2025-02-28T12:00:00Z,20605.5,20625.9,20508.9,20547.1
USTEC,H4,2025-02-28T16:00:00Z,20547.0,20724.8,20407.5,20487.4
USTEC,H4,2025-02-28T20:00:00Z,20487.8,20891.4,20432.8,20854.1
USTEC,H4,2025-03-03T00:00:00Z,20933.5,20990.2,20794.8,20898.5
USTEC,H4,2025-03-03T04:00:00Z,20898.3,20955.8,20839.1,20941.7
USTEC,H4,2025-03-03T08:00:00Z,20941.5,20975.5,20843.1,20968.5
USTEC,H4,2025-03-03T12:00:00Z,20968.3,21054.8,20939.5,21020.1
USTEC,H4,2025-03-03T16:00:00Z,21020.0,21074.6,20716.1,20804.9
USTEC,H4,2025-03-03T20:00:00Z,20804.5,20811.4,20273.1,20483.3
USTEC,H4,2025-03-04T00:00:00Z,20459.1,20526.0,20423.5,20433.8
USTEC,H4,2025-03-04T04:00:00Z,20433.7,20546.5,20428.1,20525.8
USTEC,H4,2025-03-04T08:00:00Z,20525.7,20538.7,20422.2,20452.2
USTEC,H4,2025-03-04T12:00:00Z,20451.8,20470.5,20218.5,20281.3
USTEC,H4,2025-03-04T16:00:00Z,20281.3,20387.7,20032.9,20293.5
USTEC,H4,2025-03-04T20:00:00Z,20293.7,20689.0,20269.2,20497.7
USTEC,H4,2025-03-05T00:00:00Z,20502.5,20553.0,20412.2,20461.0
USTEC,H4,2025-03-05T04:00:00Z,20461.1,20525.5,20400.1,20508.0
USTEC,H4,2025-03-05T08:00:00Z,20508.1,20587.5,20471.9,20567.1
USTEC,H4,2025-03-05T12:00:00Z,20567.4,20580.2,20364.9,20377.4
USTEC,H4,2025-03-05T16:00:00Z,20377.2,20533.8,20175.8,20528.1
USTEC,H4,2025-03-05T20:00:00Z,20528.5,20683.0,20405.3,20568.9
USTEC,H4,2025-03-06T00:00:00Z,20574.7,20602.0,20543.1,20573.2
USTEC,H4,2025-03-06T04:00:00Z,20573.6,20606.2,20549.7,20571.0
USTEC,H4,2025-03-06T08:00:00Z,20571.0,20601.1,20335.5,20367.6
USTEC,H4,2025-03-06T12:00:00Z,20367.7,20397.7,20258.7,20287.7
USTEC,H4,2025-03-06T16:00:00Z,20285.4,20472.0,20050.1,20131.4
USTEC,H4,2025-03-06T20:00:00Z,20131.1,20175.4,19962.3,20135.7
USTEC,H4,2025-03-07T00:00:00Z,20173.3,20184.6,20101.5,20156.6
USTEC,H4,2025-03-07T04:00:00Z,20156.8,20176.8,20099.2,20114.0
USTEC,H4,2025-03-07T08:00:00Z,20113.8,20187.3,20073.7,20157.2
USTEC,H4,2025-03-07T12:00:00Z,20158.3,20230.3,19999.6,20025.8
USTEC,H4,2025-03-07T16:00:00Z,20026.5,20201.2,19726.9,19905.2
USTEC,H4,2025-03-07T20:00:00Z,19904.9,20245.0,19903.6,20167.1
USTEC,H4,2025-03-10T00:00:00Z,20043.5,20076.9,19899.7,20031.4
USTEC,H4,2025-03-10T04:00:00Z,20031.3,20119.4,20026.4,20059.9
USTEC,H4,2025-03-10T08:00:00Z,20060.0,20105.4,19914.9,19924.3
USTEC,H4,2025-03-10T12:00:00Z,19924.2,20020.7,19826.9,19878.8
USTEC,H4,2025-03-10T16:00:00Z,19878.9,19903.5,19487.1,19509.1
USTEC,H4,2025-03-10T20:00:00Z,19509.1,19517.8,19238.1,19439.5
USTEC,H4,2025-03-11T00:00:00Z,19396.1,19428.4,19111.4,19175.2
USTEC,H4,2025-03-11T04:00:00Z,19175.2,19462.2,19114.2,19434.6
USTEC,H4,2025-03-11T08:00:00Z,19434.4,19536.3,19372.9,19531.9
USTEC,H4,2025-03-11T12:00:00Z,19531.8,19550.6,19408.3,19420.8
USTEC,H4,2025-03-11T16:00:00Z,19420.7,19580.6,19233.3,19290.3
USTEC,H4,2025-03-11T20:00:00Z,19292.1,19654.3,19170.3,19364.7
USTEC,H4,2025-03-12T00:00:00Z,19402.1,19469.4,19371.4,19436.8
USTEC,H4,2025-03-12T04:00:00Z,19436.7,19462.2,19405.7,19424.2
USTEC,H4,2025-03-12T08:00:00Z,19425.2,19525.4,19356.7,19516.6
USTEC,H4,2025-03-12T12:00:00Z,19516.3,19757.1,19493.7,19692.3
USTEC,H4,2025-03-12T16:00:00Z,19692.2,19745.0,19365.8,19596.3
USTEC,H4,2025-03-12T20:00:00Z,19597.0,19689.6,19502.0,19541.2
USTEC,H4,2025-03-13T00:00:00Z,19553.9,19665.0,19540.0,19615.4
USTEC,H4,2025-03-13T04:00:00Z,19615.0,19627.5,19436.5,19452.9
USTEC,H4,2025-03-13T08:00:00Z,19453.0,19482.9,19371.9,19463.6
USTEC,H4,2025-03-13T12:00:00Z,19464.0,19602.8,19432.3,19526.9
USTEC,H4,2025-03-13T16:00:00Z,19526.9,19561.9,19212.9,19259.4
USTEC,H4,2025-03-13T20:00:00Z,19259.0,19367.3,19141.7,19264.6
USTEC,H4,2025-03-14T00:00:00Z,19280.8,19395.8,19275.8,19371.2
USTEC,H4,2025-03-14T04:00:00Z,19370.9,19429.3,19358.2,19412.3
USTEC,H4,2025-03-14T08:00:00Z,19411.9,19425.4,19340.8,19398.4
USTEC,H4,2025-03-14T12:00:00Z,19398.3,19503.4,19369.4,19466.1
USTEC,H4,2025-03-14T16:00:00Z,19465.8,19679.6,19413.0,19659.4
USTEC,H4,2025-03-14T20:00:00Z,19659.3,19715.3,19585.2,19641.0
USTEC,H4,2025-03-17T00:00:00Z,19629.58,19667.3,19531.7,19582.55
USTEC,H4,2025-03-17T04:00:00Z,19582.65,19610.6,19568.35,19580.9
USTEC,H4,2025-03-17T08:00:00Z,19580.55,19610.4,19538.75,19602.45
USTEC,H4,2025-03-17T12:00:00Z,19602.25,19758.7,19588.05,19731.8
USTEC,H4,2025-03-17T16:00:00Z,19732.0,19827.35,19602.55,19673.7
USTEC,H4,2025-03-17T20:00:00Z,19673.7,19940.35,19647.6,19811.2
USTEC,H4,2025-03-18T00:00:00Z,19808.59,19843.5,19768.5,19781.35
USTEC,H4,2025-03-18T04:00:00Z,19781.4,19793.85,19698.05,19706.05
USTEC,H4,2025-03-18T08:00:00Z,19706.05,19815.75,19705.5,19801.9
USTEC,H4,2025-03-18T12:00:00Z,19802.4,19814.9,19680.05,19684.2
USTEC,H4,2025-03-18T16:00:00Z,19684.05,19708.4,19379.85,19506.0
USTEC,H4,2025-03-18T20:00:00Z,19505.8,19555.8,19427.05,19478.5
USTEC,H4,2025-03-19T00:00:00Z,19482.24,19580.7,19450.45,19559.25
USTEC,H4,2025-03-19T04:00:00Z,19558.55,19568.9,19513.5,19517.9
USTEC,H4,2025-03-19T08:00:00Z,19517.8,19544.65,19442.9,19504.0
USTEC,H4,2025-03-19T12:00:00Z,19503.95,19572.0,19488.25,19543.35
USTEC,H4,2025-03-19T16:00:00Z,19543.8,19716.1,19490.55,19654.6
USTEC,H4,2025-03-19T20:00:00Z,19654.4,19924.3,19553.8,19728.9
USTEC,H4,2025-03-20T00:00:00Z,19732.48,19837.95,19732.48,19829.0
USTEC,H4,2025-03-20T04:00:00Z,19828.5,19873.2,19806.65,19861.05
USTEC,H4,2025-03-20T08:00:00Z,19861.05,19870.95,19817.55,19836.4
USTEC,H4,2025-03-20T12:00:00Z,19836.5,19840.25,19516.4,19609.35
USTEC,H4,2025-03-20T16:00:00Z,19608.9,19884.9,19538.05,19657.9
USTEC,H4,2025-03-20T20:00:00Z,19658.0,19723.35,19578.05,19676.25
USTEC,H4,2025-03-21T00:00:00Z,19687.55,19718.1,19639.7,19705.1
USTEC,H4,2025-03-21T04:00:00Z,19704.55,19724.05,19653.3,19660.75
USTEC,H4,2025-03-21T08:00:00Z,19660.75,19688.35,19556.05,19589.0
USTEC,H4,2025-03-21T12:00:00Z,19589.45,19636.3,19465.8,19473.4
USTEC,H4,2025-03-21T16:00:00Z,19473.35,19690.45,19401.5,19689.4
USTEC,H4,2025-03-21T20:00:00Z,19689.4,19771.8,19596.45,19758.25
USTEC,H4,2025-03-24T00:00:00Z,19847.75,19933.8,19847.75,19918.1
USTEC,H4,2025-03-24T04:00:00Z,19918.0,19921.85,19891.85,19907.8
USTEC,H4,2025-03-24T08:00:00Z,19907.8,20022.1,19905.9,20005.95
USTEC,H4,2025-03-24T12:00:00Z,20006.0,20071.7,19974.7,20068.3
USTEC,H4,2025-03-24T16:00:00Z,20068.4,20175.95,20024.85,20137.25
USTEC,H4,2025-03-24T20:00:00Z,20136.95,20203.05,20104.05,20152.4
USTEC,H4,2025-03-25T00:00:00Z,20158.55,20163.3,20128.2,20161.75
USTEC,H4,2025-03-25T04:00:00Z,20161.55,20167.95,20122.05,20129.55
USTEC,H4,2025-03-25T08:00:00Z,20129.55,20165.25,20086.85,20097.8
USTEC,H4,2025-03-25T12:00:00Z,20097.8,20240.8,20090.3,20200.25
USTEC,H4,2025-03-25T16:00:00Z,20200.25,20289.45,20156.05,20245.75
USTEC,H4,2025-03-25T20:00:00Z,20245.85,20319.65,20197.85,20312.2
USTEC,H4,2025-03-26T00:00:00Z,20311.62,20332.35,20299.7,20322.9
USTEC,H4,2025-03-26T04:00:00Z,20322.9,20322.9,20265.05,20279.4
USTEC,H4,2025-03-26T08:00:00Z,20279.4,20293.4,20236.35,20248.1
USTEC,H4,2025-03-26T12:00:00Z,20248.1,20288.3,20225.25,20275.85
USTEC,H4,2025-03-26T16:00:00Z,20275.8,20281.7,19919.65,19927.65
USTEC,H4,2025-03-26T20:00:00Z,19927.25,19952.15,19840.05,19884.3
USTEC,H4,2025-03-27T00:00:00Z,19834.55,19896.1,19804.6,19871.95
USTEC,H4,2025-03-27T04:00:00Z,19871.95,19946.7,19869.85,19933.35
USTEC,H4,2025-03-27T08:00:00Z,19933.25,19943.1,19819.8,19911.05
USTEC,H4,2025-03-27T12:00:00Z,19911.35,19937.25,19830.45,19864.0
USTEC,H4,2025-03-27T16:00:00Z,19864.2,19997.95,19737.55,19807.95
USTEC,H4,2025-03-27T20:00:00Z,19808.1,19928.7,19774.55,19796.55
USTEC,H4,2025-03-28T00:00:00Z,19794.24,19814.85,19735.1,19787.65
USTEC,H4,2025-03-28T04:00:00Z,19787.5,19800.8,19766.05,19784.85
USTEC,H4,2025-03-28T08:00:00Z,19784.85,19811.85,19649.2,19707.95
USTEC,H4,2025-03-28T12:00:00Z,19708.3,19772.5,19667.15,19668.15
USTEC,H4,2025-03-28T16:00:00Z,19667.3,19768.65,19288.95,19295.6
USTEC,H4,2025-03-28T20:00:00Z,19296.05,19321.55,19175.25,19176.85
USTEC,H4,2025-03-31T00:00:00Z,19135.51,19180.4,18976.0,19027.85
USTEC,H4,2025-03-31T04:00:00Z,19028.05,19087.0,18995.1,19044.25
USTEC,H4,2025-03-31T08:00:00Z,19044.25,19092.1,19014.05,19024.2
USTEC,H4,2025-03-31T12:00:00Z,19024.2,19053.3,18938.55,19040.75
USTEC,H4,2025-03-31T16:00:00Z,19040.65,19106.1,18797.05,19037.2
USTEC,H4,2025-03-31T20:00:00Z,19037.4,19309.45,19028.2,19232.0
USTEC,H4,2025-04-01T00:00:00Z,19227.47,19231.95,19114.25,19140.05
USTEC,H4,2025-04-01T04:00:00Z,19140.05,19207.45,19105.05,19186.9
USTEC,H4,2025-04-01T08:00:00Z,19186.9,19300.3,19171.5,19290.35
USTEC,H4,2025-04-01T12:00:00Z,19290.35,19331.9,19133.05,19204.05
USTEC,H4,2025-04-01T16:00:00Z,19203.95,19464.45,19082.85,19385.3
USTEC,H4,2025-04-01T20:00:00Z,19384.9,19450.1,19206.6,19419.3
USTEC,H4,2025-04-02T00:00:00Z,19426.26,19515.9,19383.55,19398.25
USTEC,H4,2025-04-02T04:00:00Z,19398.05,19428.85,19387.5,19416.65
USTEC,H4,2025-04-02T08:00:00Z,19416.55,19417.7,19325.4,19355.9
USTEC,H4,2025-04-02T12:00:00Z,19355.9,19380.7,19171.5,19214.55
USTEC,H4,2025-04-02T16:00:00Z,19214.4,19656.4,19145.05,19641.05
USTEC,H4,2025-04-02T20:00:00Z,19641.75,19871.85,18907.05,18935.4
USTEC,H4,2025-04-03T00:00:00Z,18847.56,18892.55,18644.85,18819.7
USTEC,H4,2025-04-03T04:00:00Z,18819.8,18972.55,18818.9,18946.7
USTEC,H4,2025-04-03T08:00:00Z,18946.7,18995.8,18848.25,18977.6
USTEC,H4,2025-04-03T12:00:00Z,18977.6,19001.0,18670.2,18675.8
USTEC,H4,2025-04-03T16:00:00Z,18675.65,18897.7,18545.1,18699.5
USTEC,H4,2025-04-03T20:00:00Z,18699.6,18742.85,18439.55,18473.0
USTEC,H4,2025-04-04T00:00:00Z,18496.05,18545.95,18426.9,18506.2
USTEC,H4,2025-04-04T04:00:00Z,18506.3,18532.5,18308.75,18317.15
USTEC,H4,2025-04-04T08:00:00Z,18316.7,18507.9,18295.4,18420.25
USTEC,H4,2025-04-04T12:00:00Z,18420.25,18433.15,17657.05,18044.85
USTEC,H4,2025-04-04T16:00:00Z,18045.1,18104.6,17489.4,17583.5
USTEC,H4,2025-04-04T20:00:00Z,17584.0,17744.4,17220.15,17331.5
USTEC,H4,2025-04-07T00:00:00Z,16800.8,16800.8,16313.25,16619.9
USTEC,H4,2025-04-07T04:00:00Z,16619.05,16876.15,16520.7,16587.55
USTEC,H4,2025-04-07T08:00:00Z,16587.7,16807.3,16331.55,16694.6
USTEC,H4,2025-04-07T12:00:00Z,16695.1,17128.25,16600.05,17018.15
USTEC,H4,2025-04-07T16:00:00Z,17018.0,18205.15,16526.85,17105.45
USTEC,H4,2025-04-07T20:00:00Z,17106.0,17669.55,17099.45,17482.4
USTEC,H4,2025-04-08T00:00:00Z,17520.72,17714.35,17503.3,17572.3
USTEC,H4,2025-04-08T04:00:00Z,17571.95,17742.95,17522.0,17639.8
USTEC,H4,2025-04-08T08:00:00Z,17639.15,17749.6,17527.6,17683.95
USTEC,H4,2025-04-08T12:00:00Z,17684.0,17919.85,17552.5,17843.05
USTEC,H4,2025-04-08T16:00:00Z,17841.2,18214.15,17514.05,17520.25
USTEC,H4,2025-04-08T20:00:00Z,17522.2,17618.45,16833.0,17087.0
USTEC,H4,2025-04-09T00:00:00Z,17094.7,17094.8,16705.05,16761.8
USTEC,H4,2025-04-09T04:00:00Z,16762.15,17062.65,16614.65,16686.05
USTEC,H4,2025-04-09T08:00:00Z,16686.05,17287.95,16600.8,17215.05
USTEC,H4,2025-04-09T12:00:00Z,17214.9,17261.95,16734.55,16993.85
USTEC,H4,2025-04-09T16:00:00Z,16993.2,17450.2,16989.55,17394.45
USTEC,H4,2025-04-09T20:00:00Z,17394.95,19245.8,17287.35,19216.55
USTEC,H4,2025-04-10T00:00:00Z,19146.78,19238.25,18998.45,19081.85
USTEC,H4,2025-04-10T04:00:00Z,19081.1,19132.3,18825.5,18901.55
USTEC,H4,2025-04-10T08:00:00Z,18901.55,19040.65,18561.5,18637.65
USTEC,H4,2025-04-10T12:00:00Z,18637.5,18858.65,18588.2,18678.35
USTEC,H4,2025-04-10T16:00:00Z,18678.4,18754.75,17775.75,18166.65
USTEC,H4,2025-04-10T20:00:00Z,18165.9,18523.2,17892.65,18355.75
USTEC,H4,2025-04-11T00:00:00Z,18352.84,18452.45,17925.85,18039.7
USTEC,H4,2025-04-11T04:00:00Z,18039.8,18401.7,18015.65,18341.65
USTEC,H4,2025-04-11T08:00:00Z,18343.7,18647.0,18170.4,18252.05
USTEC,H4,2025-04-11T12:00:00Z,18252.0,18555.0,18213.4,18344.55
USTEC,H4,2025-04-11T16:00:00Z,18344.95,18639.2,18132.3,18590.4
USTEC,H4,2025-04-11T20:00:00Z,18590.5,18727.3,18449.5,18677.35
USTEC,H4,2025-04-14T00:00:00Z,18970.3,18992.8,18793.05,18868.05
USTEC,H4,2025-04-14T04:00:00Z,18868.55,18992.05,18817.05,18978.55
USTEC,H4,2025-04-14T08:00:00Z,18979.05,19042.3,18925.05,18981.4
USTEC,H4,2025-04-14T12:00:00Z,18981.4,19057.15,18886.4,19047.55
USTEC,H4,2025-04-14T16:00:00Z,19047.45,19117.15,18600.05,18645.75
USTEC,H4,2025-04-14T20:00:00Z,18646.0,18956.15,18636.45,18765.95
USTEC,H4,2025-04-15T00:00:00Z,18759.47,18785.4,18672.9,18776.4
USTEC,H4,2025-04-15T04:00:00Z,18775.25,18811.45,18723.45,18775.65
USTEC,H4,2025-04-15T08:00:00Z,18775.45,18902.65,18731.7,18862.0
USTEC,H4,2025-04-15T12:00:00Z,18863.05,18888.35,18698.25,18797.95
USTEC,H4,2025-04-15T16:00:00Z,18798.35,19006.45,18788.55,18827.1
USTEC,H4,2025-04-15T20:00:00Z,18826.5,18871.7,18747.05,18799.5
USTEC,H4,2025-04-16T00:00:00Z,18576.22,18639.1,18499.7,18532.6
USTEC,H4,2025-04-16T04:00:00Z,18532.6,18592.65,18520.3,18529.25
USTEC,H4,2025-04-16T08:00:00Z,18530.4,18722.1,18367.3,18573.6
USTEC,H4,2025-04-16T12:00:00Z,18574.2,18625.05,18493.5,18498.6
USTEC,H4,2025-04-16T16:00:00Z,18499.35,18597.2,18373.6,18422.95
USTEC,H4,2025-04-16T20:00:00Z,18422.95,18457.65,17979.25,18231.3
USTEC,H4,2025-04-17T00:00:00Z,18283.2,18369.55,18217.4,18359.55
USTEC,H4,2025-04-17T04:00:00Z,18357.05,18414.9,18324.6,18407.75
USTEC,H4,2025-04-17T08:00:00Z,18407.85,18522.7,18389.4,18409.4
USTEC,H4,2025-04-17T12:00:00Z,18409.45,18493.6,18328.5,18402.0
USTEC,H4,2025-04-17T16:00:00Z,18401.7,18417.35,18133.35,18325.9
USTEC,H4,2025-04-17T20:00:00Z,18325.35,18397.2,18201.95,18295.5
USTEC,H4,2025-04-21T00:00:00Z,18178.06,18260.05,18131.05,18180.9
USTEC,H4,2025-04-21T04:00:00Z,18180.9,18193.35,18069.15,18099.4
USTEC,H4,2025-04-21T08:00:00Z,18099.5,18135.45,18024.25,18050.85
USTEC,H4,2025-04-21T12:00:00Z,18051.15,18092.4,17959.0,18000.45
USTEC,H4,2025-04-21T16:00:00Z,18000.15,18043.05,17665.6,17673.3
USTEC,H4,2025-04-21T20:00:00Z,17673.6,17830.75,17580.1,17792.35
USTEC,H4,2025-04-22T00:00:00Z,17814.12,17907.6,17751.3,17882.45
USTEC,H4,2025-04-22T04:00:00Z,17882.95,17953.45,17836.25,17872.6
USTEC,H4,2025-04-22T08:00:00Z,17872.4,18057.6,17858.55,18000.15
USTEC,H4,2025-04-22T12:00:00Z,18000.05,18026.35,17931.1,18025.2
USTEC,H4,2025-04-22T16:00:00Z,18024.35,18399.7,17987.55,18336.85
USTEC,H4,2025-04-22T20:00:00Z,18336.8,18379.35,18098.3,18246.15
USTEC,H4,2025-04-23T00:00:00Z,18540.8,18683.05,18529.0,18584.25
USTEC,H4,2025-04-23T04:00:00Z,18584.1,18619.05,18507.2,18607.05
USTEC,H4,2025-04-23T08:00:00Z,18607.0,18741.35,18564.5,18713.55
USTEC,H4,2025-04-23T12:00:00Z,18713.45,18852.9,18698.55,18847.5
USTEC,H4,2025-04-23T16:00:00Z,18847.5,19049.45,18632.4,18800.9
USTEC,H4,2025-04-23T20:00:00Z,18800.9,18849.9,18614.8,18735.8
USTEC,H4,2025-04-24T00:00:00Z,18712.08,18760.15,18625.45,18725.3
USTEC,H4,2025-04-24T04:00:00Z,18725.4,18734.25,18598.15,18648.15
USTEC,H4,2025-04-24T08:00:00Z,18648.15,18666.05,18479.65,18514.4
USTEC,H4,2025-04-24T12:00:00Z,18514.15,18750.05,18514.15,18738.65
USTEC,H4,2025-04-24T16:00:00Z,18738.8,19162.1,18710.95,19146.55
USTEC,H4,2025-04-24T20:00:00Z,19146.45,19294.3,19088.55,19236.7
USTEC,H4,2025-04-25T00:00:00Z,19299.76,19344.9,19239.05,19339.1
USTEC,H4,2025-04-25T04:00:00Z,19339.35,19379.3,19246.7,19291.35
USTEC,H4,2025-04-25T08:00:00Z,19291.4,19357.25,19256.6,19288.75
USTEC,H4,2025-04-25T12:00:00Z,19288.65,19292.25,19102.6,19132.6
USTEC,H4,2025-04-25T16:00:00Z,19132.4,19355.2,19103.75,19353.35
USTEC,H4,2025-04-25T20:00:00Z,19353.4,19463.45,19261.45,19440.4
USTEC,H4,2025-04-28T00:00:00Z,19401.75,19407.25,19299.05,19308.75
USTEC,H4,2025-04-28T04:00:00Z,19308.7,19345.35,19287.8,19307.0
USTEC,H4,2025-04-28T08:00:00Z,19307.05,19411.85,19299.65,19393.95
USTEC,H4,2025-04-28T12:00:00Z,19394.15,19442.2,19359.1,19432.15
USTEC,H4,2025-04-28T16:00:00Z,19432.15,19516.9,19162.05,19212.2
USTEC,H4,2025-04-28T20:00:00Z,19212.25,19475.85,19152.95,19380.55
USTEC,H4,2025-04-29T00:00:00Z,19368.37,19456.6,19350.6,19449.8
USTEC,H4,2025-04-29T04:00:00Z,19449.65,19526.75,19438.05,19449.1
USTEC,H4,2025-04-29T08:00:00Z,19448.65,19516.65,19422.45,19474.75
USTEC,H4,2025-04-29T12:00:00Z,19474.8,19482.2,19340.5,19343.55
USTEC,H4,2025-04-29T16:00:00Z,19344.75,19509.25,19273.55,19388.45
USTEC,H4,2025-04-29T20:00:00Z,19388.4,19582.15,19378.1,19508.7
USTEC,H4,2025-04-30T00:00:00Z,19485.22,19504.4,19415.2,19426.8
USTEC,H4,2025-04-30T04:00:00Z,19426.8,19439.75,19380.85,19414.95
USTEC,H4,2025-04-30T08:00:00Z,19415.0,19515.85,19400.4,19468.6
USTEC,H4,2025-04-30T12:00:00Z,19468.45,19507.55,19151.3,19178.2
USTEC,H4,2025-04-30T16:00:00Z,19177.95,19364.05,18998.05,19329.65
USTEC,H4,2025-04-30T20:00:00Z,19329.7,19768.65,19228.95,19738.0
USTEC,H4,2025-05-01T00:00:00Z,19717.54,19855.3,19715.3,19847.25
USTEC,H4,2025-05-01T04:00:00Z,19847.2,19867.8,19807.9,19841.85
USTEC,H4,2025-05-01T08:00:00Z,19841.95,19888.55,19802.15,19885.45
USTEC,H4,2025-05-01T12:00:00Z,19885.45,19934.35,19849.9,19853.8
USTEC,H4,2025-05-01T16:00:00Z,19853.75,20021.05,19766.9,19838.15
USTEC,H4,2025-05-01T20:00:00Z,19837.55,19944.8,19653.9,19693.3
USTEC,H4,2025-05-02T00:00:00Z,19680.59,19870.05,19652.55,19844.35
USTEC,H4,2025-05-02T04:00:00Z,19843.05,19903.25,19808.6,19886.6
USTEC,H4,2025-05-02T08:00:00Z,19886.65,19890.1,19767.05,19769.65
USTEC,H4,2025-05-02T12:00:00Z,19769.5,20004.5,19763.55,19994.6
USTEC,H4,2025-05-02T16:00:00Z,19994.6,20163.95,19919.6,20139.8
USTEC,H4,2025-05-02T20:00:00Z,20139.85,20175.1,20051.05,20102.15
USTEC,H4,2025-05-05T00:00:00Z,20096.5,20096.8,19954.05,20004.05
USTEC,H4,2025-05-05T04:00:00Z,20004.05,20004.1,19892.3,19937.0
USTEC,H4,2025-05-05T08:00:00Z,19937.0,19999.15,19878.05,19900.75
USTEC,H4,2025-05-05T12:00:00Z,19900.85,19928.55,19868.7,19905.1
USTEC,H4,2025-05-05T16:00:00Z,19905.2,20046.2,19886.75,20035.15
USTEC,H4,2025-05-05T20:00:00Z,20035.05,20091.45,19903.0,19943.0
USTEC,H4,2025-05-06T00:00:00Z,19926.61,19945.0,19884.55,19902.2
USTEC,H4,2025-05-06T04:00:00Z,19902.05,19912.15,19841.55,19881.65
USTEC,H4,2025-05-06T08:00:00Z,19881.65,19884.45,19741.05,19781.6
USTEC,H4,2025-05-06T12:00:00Z,19781.65,19815.6,19712.05,19749.05
USTEC,H4,2025-05-06T16:00:00Z,19748.55,19934.5,19647.55,19773.15
USTEC,H4,2025-05-06T20:00:00Z,19773.0,19880.95,19717.2,19755.4
USTEC,H4,2025-05-07T00:00:00Z,19716.5,20040.25,19716.0,19992.7
USTEC,H4,2025-05-07T04:00:00Z,19992.55,20015.55,19886.15,19922.9
USTEC,H4,2025-05-07T08:00:00Z,19922.95,19934.35,19862.55,19916.5
USTEC,H4,2025-05-07T12:00:00Z,19916.5,19938.55,19818.45,19842.65
USTEC,H4,2025-05-07T16:00:00Z,19842.3,19886.75,19697.6,19808.55
USTEC,H4,2025-05-07T20:00:00Z,19808.4,19963.65,19588.85,19867.4
USTEC,H4,2025-05-08T00:00:00Z,19842.21,19953.3,19825.8,19941.75
USTEC,H4,2025-05-08T04:00:00Z,19941.75,20112.85,19928.85,20099.0
USTEC,H4,2025-05-08T08:00:00Z,20099.05,20145.7,20039.3,20141.05
USTEC,H4,2025-05-08T12:00:00Z,20140.55,20180.2,20054.1,20092.7
USTEC,H4,2025-05-08T16:00:00Z,20093.6,20252.25,19898.35,20247.0
USTEC,H4,2025-05-08T20:00:00Z,20246.7,20250.9,20057.8,20070.8
USTEC,H4,2025-05-09T00:00:00Z,20082.94,20095.45,19997.3,20037.35
USTEC,H4,2025-05-09T04:00:00Z,20037.2,20116.3,20028.45,20099.1
USTEC,H4,2025-05-09T08:00:00Z,20098.9,20147.65,20072.05,20090.1
USTEC,H4,2025-05-09T12:00:00Z,20089.45,20201.55,20057.05,20148.1
USTEC,H4,2025-05-09T16:00:00Z,20148.1,20194.95,19973.05,20003.55
USTEC,H4,2025-05-09T20:00:00Z,20003.7,20100.35,19977.3,20062.45
USTEC,H4,2025-05-12T00:00:00Z,20366.69,20425.6,20296.55,20411.35
USTEC,H4,2025-05-12T04:00:00Z,20411.0,20464.5,20406.6,20448.8
USTEC,H4,2025-05-12T08:00:00Z,20448.85,20847.35,20441.5,20793.1
USTEC,H4,2025-05-12T12:00:00Z,20793.25,20908.2,20790.9,20833.5
USTEC,H4,2025-05-12T16:00:00Z,20833.65,20856.55,20607.15,20794.7
USTEC,H4,2025-05-12T20:00:00Z,20794.9,20912.7,20776.05,20875.15
USTEC,H4,2025-05-13T00:00:00Z,20868.77,20877.6,20780.3,20789.0
USTEC,H4,2025-05-13T04:00:00Z,20789.2,20808.55,20732.25,20753.8
USTEC,H4,2025-05-13T08:00:00Z,20753.65,20796.1,20739.6,20748.15
USTEC,H4,2025-05-13T12:00:00Z,20748.35,20972.65,20742.15,20922.5
USTEC,H4,2025-05-13T16:00:00Z,20922.15,21252.2,20887.55,21235.6
USTEC,H4,2025-05-13T20:00:00Z,21235.25,21260.05,21161.4,21168.8
USTEC,H4,2025-05-14T00:00:00Z,21169.83,21217.15,21168.55,21185.0
USTEC,H4,2025-05-14T04:00:00Z,21185.1,21232.25,21164.15,21223.95
USTEC,H4,2025-05-14T08:00:00Z,21223.85,21270.55,21174.1,21191.0
USTEC,H4,2025-05-14T12:00:00Z,21190.9,21299.75,21155.3,21241.6
USTEC,H4,2025-05-14T16:00:00Z,21241.65,21335.85,21192.6,21283.55
USTEC,H4,2025-05-14T20:00:00Z,21283.6,21329.75,21199.0,21317.0
USTEC,H4,2025-05-15T00:00:00Z,21292.01,21305.85,21273.05,21297.05
USTEC,H4,2025-05-15T04:00:00Z,21297.0,21327.8,21280.95,21300.05
USTEC,H4,2025-05-15T08:00:00Z,21300.25,21302.75,21114.75,21131.1
USTEC,H4,2025-05-15T12:00:00Z,21131.3,21245.45,21107.85,21204.25
USTEC,H4,2025-05-15T16:00:00Z,21203.55,21408.0,21164.05,21407.65
USTEC,H4,2025-05-15T20:00:00Z,21407.45,21445.15,21219.9,21312.05
USTEC,H4,2025-05-16T00:00:00Z,21306.88,21348.0,21271.0,21273.5
USTEC,H4,2025-05-16T04:00:00Z,21273.4,21331.55,21262.25,21315.15
USTEC,H4,2025-05-16T08:00:00Z,21315.15,21393.3,21274.3,21375.7
USTEC,H4,2025-05-16T12:00:00Z,21375.9,21415.6,21345.35,21353.7
USTEC,H4,2025-05-16T16:00:00Z,21353.7,21418.35,21235.3,21342.0
USTEC,H4,2025-05-16T20:00:00Z,21342.25,21424.55,21297.3,21319.7
USTEC,H4,2025-05-19T00:00:00Z,21227.33,21337.55,21185.5,21223.25
USTEC,H4,2025-05-19T04:00:00Z,21222.95,21229.1,21116.8,21141.4
USTEC,H4,2025-05-19T08:00:00Z,21141.55,21209.15,21032.55,21053.95
USTEC,H4,2025-05-19T12:00:00Z,21053.25,21136.8,21037.05,21129.3
USTEC,H4,2025-05-19T16:00:00Z,21129.35,21419.9,21072.3,21415.8
USTEC,H4,2025-05-19T20:00:00Z,21415.85,21461.2,21361.4,21434.4
USTEC,H4,2025-05-20T00:00:00Z,21423.78,21481.75,21415.1,21434.2
USTEC,H4,2025-05-20T04:00:00Z,21434.0,21434.0,21342.9,21367.1
USTEC,H4,2025-05-20T08:00:00Z,21366.9,21406.15,21313.55,21353.6
USTEC,H4,2025-05-20T12:00:00Z,21353.65,21403.35,21335.15,21355.35
USTEC,H4,2025-05-20T16:00:00Z,21355.6,21397.55,21274.05,21384.5
USTEC,H4,2025-05-20T20:00:00Z,21384.5,21398.6,21224.3,21346.3
USTEC,H4,2025-05-21T00:00:00Z,21345.59,21371.1,21273.2,21350.55
USTEC,H4,2025-05-21T04:00:00Z,21351.25,21362.35,21277.5,21285.75
USTEC,H4,2025-05-21T08:00:00Z,21285.5,21311.85,21214.2,21250.3
USTEC,H4,2025-05-21T12:00:00Z,21250.45,21284.75,21159.55,21241.5
USTEC,H4,2025-05-21T16:00:00Z,21242.45,21487.65,21192.7,21444.55
USTEC,H4,2025-05-21T20:00:00Z,21444.75,21452.5,21004.2,21077.15
USTEC,H4,2025-05-22T00:00:00Z,21074.05,21133.0,21045.35,21130.65
USTEC,H4,2025-05-22T04:00:00Z,21130.6,21141.1,21078.9,21098.2
USTEC,H4,2025-05-22T08:00:00Z,21097.4,21159.4,21088.25,21130.6
USTEC,H4,2025-05-22T12:00:00Z,21130.65,21176.35,20973.6,21124.7
USTEC,H4,2025-05-22T16:00:00Z,21124.65,21261.95,21047.05,21147.75
USTEC,H4,2025-05-22T20:00:00Z,21147.85,21266.8,21096.45,21144.75
USTEC,H4,2025-05-23T00:00:00Z,21151.81,21167.55,21066.85,21130.35
USTEC,H4,2025-05-23T04:00:00Z,21130.5,21138.05,21072.05,21082.8
USTEC,H4,2025-05-23T08:00:00Z,21082.8,21167.7,21023.25,21124.25
USTEC,H4,2025-05-23T12:00:00Z,21124.05,21128.45,20657.95,20732.25
USTEC,H4,2025-05-23T16:00:00Z,20732.25,20938.7,20693.6,20913.75
USTEC,H4,2025-05-23T20:00:00Z,20913.8,21013.2,20861.4,20885.85
USTEC,H4,2025-05-26T00:00:00Z,20902.35,21168.1,20896.3,21128.25
USTEC,H4,2025-05-26T04:00:00Z,21127.3,21174.55,21109.9,21161.6
USTEC,H4,2025-05-26T08:00:00Z,21161.55,21227.45,21131.05,21187.75
USTEC,H4,2025-05-26T12:00:00Z,21187.65,21229.95,21184.7,21203.4
USTEC,H4,2025-05-26T16:00:00Z,21203.4,21248.55,21157.4,21228.25
USTEC,H4,2025-05-27T00:00:00Z,21219.26,21225.05,21144.05,21182.4
USTEC,H4,2025-05-27T04:00:00Z,21182.45,21182.45,21083.35,21117.5
USTEC,H4,2025-05-27T08:00:00Z,21117.45,21300.85,21101.2,21255.3
USTEC,H4,2025-05-27T12:00:00Z,21255.3,21293.75,21196.1,21217.75
USTEC,H4,2025-05-27T16:00:00Z,21217.75,21400.35,21134.55,21371.95
USTEC,H4,2025-05-27T20:00:00Z,21372.3,21429.6,21355.75,21417.4
USTEC,H4,2025-05-28T00:00:00Z,21413.84,21428.25,21397.05,21412.95
USTEC,H4,2025-05-28T04:00:00Z,21412.95,21427.0,21379.05,21381.9
USTEC,H4,2025-05-28T08:00:00Z,21381.9,21406.0,21360.3,21362.9
USTEC,H4,2025-05-28T12:00:00Z,21362.95,21481.05,21350.7,21450.0
USTEC,H4,2025-05-28T16:00:00Z,21450.1,21507.7,21370.3,21408.65
USTEC,H4,2025-05-28T20:00:00Z,21408.65,21472.0,21275.4,21468.65
USTEC,H4,2025-05-29T00:00:00Z,21456.15,21778.7,21436.05,21767.75
USTEC,H4,2025-05-29T04:00:00Z,21767.25,21769.65,21699.85,21742.8
USTEC,H4,2025-05-29T08:00:00Z,21742.7,21806.35,21692.95,21730.05
USTEC,H4,2025-05-29T12:00:00Z,21730.1,21765.85,21567.55,21592.15
USTEC,H4,2025-05-29T16:00:00Z,21592.35,21640.35,21250.7,21403.55
USTEC,H4,2025-05-29T20:00:00Z,21404.35,21428.65,21266.05,21329.8
USTEC,H4,2025-05-30T00:00:00Z,21309.3,21341.15,21262.5,21289.0
USTEC,H4,2025-05-30T04:00:00Z,21288.85,21312.0,21216.95,21296.7
USTEC,H4,2025-05-30T08:00:00Z,21296.8,21359.4,21266.75,21307.9
USTEC,H4,2025-05-30T12:00:00Z,21307.6,21368.6,21174.7,21282.15
USTEC,H4,2025-05-30T16:00:00Z,21282.5,21346.4,21019.25,21056.85
USTEC,H4,2025-05-30T20:00:00Z,21056.45,21379.85,21037.05,21315.8
USTEC,H4,2025-06-02T00:00:00Z,21252.45,21300.6,21232.0,21249.2
USTEC,H4,2025-06-02T04:00:00Z,21249.25,21268.25,21173.75,21190.95
USTEC,H4,2025-06-02T08:00:00Z,21190.95,21221.85,21118.0,21190.1
USTEC,H4,2025-06-02T12:00:00Z,21190.15,21249.05,21156.45,21240.2
USTEC,H4,2025-06-02T16:00:00Z,21239.9,21412.75,21190.8,21401.15
USTEC,H4,2025-06-02T20:00:00Z,21401.0,21531.1,21380.55,21508.9
USTEC,H4,2025-06-03T00:00:00Z,21510.49,21511.15,21424.5,21441.1
USTEC,H4,2025-06-03T04:00:00Z,21441.3,21457.45,21394.75,21410.65
USTEC,H4,2025-06-03T08:00:00Z,21410.4,21437.9,21356.55,21401.4
USTEC,H4,2025-06-03T12:00:00Z,21401.15,21500.65,21388.15,21492.15
USTEC,H4,2025-06-03T16:00:00Z,21492.15,21704.95,21467.85,21695.6
USTEC,H4,2025-06-03T20:00:00Z,21696.1,21716.9,21594.05,21645.25
USTEC,H4,2025-06-04T00:00:00Z,21643.55,21685.95,21643.55,21659.1
USTEC,H4,2025-06-04T04:00:00Z,21659.3,21670.05,21626.7,21637.25
USTEC,H4,2025-06-04T08:00:00Z,21637.25,21705.9,21632.05,21675.15
USTEC,H4,2025-06-04T12:00:00Z,21674.95,21724.4,21613.1,21669.45
USTEC,H4,2025-06-04T16:00:00Z,21669.4,21753.45,21601.9,21714.45
USTEC,H4,2025-06-04T20:00:00Z,21714.4,21762.3,21701.05,21708.2
USTEC,H4,2025-06-05T00:00:00Z,21702.55,21731.65,21692.7,21705.9
USTEC,H4,2025-06-05T04:00:00Z,21705.6,21719.65,21692.35,21708.9
USTEC,H4,2025-06-05T08:00:00Z,21708.95,21801.9,21685.05,21750.15
USTEC,H4,2025-06-05T12:00:00Z,21749.95,21853.9,21673.3,21761.2
USTEC,H4,2025-06-05T16:00:00Z,21761.2,21889.55,21631.85,21647.95
USTEC,H4,2025-06-05T20:00:00Z,21647.55,21749.85,21463.55,21473.55
USTEC,H4,2025-06-06T00:00:00Z,21453.23,21549.55,21439.55,21532.6
USTEC,H4,2025-06-06T04:00:00Z,21532.6,21612.35,21524.4,21611.15
USTEC,H4,2025-06-06T08:00:00Z,21610.45,21647.35,21591.05,21622.8
USTEC,H4,2025-06-06T12:00:00Z,21622.85,21743.45,21604.15,21722.9
USTEC,H4,2025-06-06T16:00:00Z,21722.9,21830.8,21686.5,21720.15
USTEC,H4,2025-06-06T20:00:00Z,21719.7,21834.55,21701.5,21773.45
USTEC,H4,2025-06-09T00:00:00Z,21768.3,21786.4,21696.5,21717.4
USTEC,H4,2025-06-09T04:00:00Z,21717.5,21724.4,21685.8,21715.45
USTEC,H4,2025-06-09T08:00:00Z,21715.45,21768.85,21698.4,21760.7
USTEC,H4,2025-06-09T12:00:00Z,21760.7,21792.7,21733.3,21766.05
USTEC,H4,2025-06-09T16:00:00Z,21766.1,21856.8,21721.75,21838.75
USTEC,H4,2025-06-09T20:00:00Z,21838.75,21850.0,21765.9,21790.85
USTEC,H4,2025-06-10T00:00:00Z,21802.67,21844.35,21787.7,21836.3
USTEC,H4,2025-06-10T04:00:00Z,21836.3,21945.5,21835.5,21889.9
USTEC,H4,2025-06-10T08:00:00Z,21889.8,21903.1,21707.15,21787.65
USTEC,H4,2025-06-10T12:00:00Z,21786.95,21841.7,21779.1,21828.8
USTEC,H4,2025-06-10T16:00:00Z,21829.95,21888.2,21717.35,21884.0
USTEC,H4,2025-06-10T20:00:00Z,21883.95,21966.1,21795.55,21925.1
USTEC,H4,2025-06-11T00:00:00Z,21921.05,21975.1,21888.25,21891.05
USTEC,H4,2025-06-11T04:00:00Z,21890.75,21900.1,21849.2,21852.95
USTEC,H4,2025-06-11T08:00:00Z,21853.0,21934.4,21842.55,21919.1
USTEC,H4,2025-06-11T12:00:00Z,21918.9,22067.95,21858.05,22003.85
USTEC,H4,2025-06-11T16:00:00Z,22003.85,22040.55,21882.7,21951.95
USTEC,H4,2025-06-11T20:00:00Z,21951.95,21992.45,21765.45,21856.3
USTEC,H4,2025-06-12T00:00:00Z,21845.61,21871.5,21759.8,21777.75
USTEC,H4,2025-06-12T04:00:00Z,21777.9,21807.2,21731.4,21806.6
USTEC,H4,2025-06-12T08:00:00Z,21806.15,21835.2,21694.05,21775.6
USTEC,H4,2025-06-12T12:00:00Z,21775.45,21824.1,21703.55,21811.6
USTEC,H4,2025-06-12T16:00:00Z,21811.55,21953.5,21797.15,21900.35
USTEC,H4,2025-06-12T20:00:00Z,21900.35,21943.85,21870.2,21884.95
USTEC,H4,2025-06-13T00:00:00Z,22105.39,22106.35,21501.9,21542.2
USTEC,H4,2025-06-13T04:00:00Z,21541.95,21592.85,21446.55,21517.35
USTEC,H4,2025-06-13T08:00:00Z,21517.6,21638.3,21497.25,21576.45
USTEC,H4,2025-06-13T12:00:00Z,21576.7,21678.35,21553.65,21634.2
USTEC,H4,2025-06-13T16:00:00Z,21634.45,21829.7,21594.4,21803.7
USTEC,H4,2025-06-13T20:00:00Z,21803.85,21810.15,21579.55,21629.7
USTEC,H4,2025-06-16T00:00:00Z,21556.3,21691.9,21529.2,21681.5
USTEC,H4,2025-06-16T04:00:00Z,21681.4,21705.7,21653.3,21667.5
USTEC,H4,2025-06-16T08:00:00Z,21667.7,21776.0,21666.7,21766.0
USTEC,H4,2025-06-16T12:00:00Z,21765.5,21826.9,21717.9,21801.2
USTEC,H4,2025-06-16T16:00:00Z,21801.3,21981.8,21776.0,21924.6
USTEC,H4,2025-06-16T20:00:00Z,21924.5,21966.2,21898.7,21925.7
USTEC,H4,2025-06-17T00:00:00Z,21933.2,21937.6,21772.1,21849.5
USTEC,H4,2025-06-17T04:00:00Z,21849.7,21877.2,21784.1,21831.4
USTEC,H4,2025-06-17T08:00:00Z,21831.5,21886.9,21770.5,21827.1
USTEC,H4,2025-06-17T12:00:00Z,21827.1,21858.6,21760.9,21816.2
USTEC,H4,2025-06-17T16:00:00Z,21816.2,21896.1,21790.4,21800.7
USTEC,H4,2025-06-17T20:00:00Z,21800.0,21821.5,21675.0,21716.9
USTEC,H4,2025-06-18T00:00:00Z,21691.8,21753.5,21630.4,21744.3
USTEC,H4,2025-06-18T04:00:00Z,21744.3,21777.1,21712.8,21746.6
USTEC,H4,2025-06-18T08:00:00Z,21746.6,21803.6,21745.1,21798.1
USTEC,H4,2025-06-18T12:00:00Z,21798.5,21831.6,21718.6,21754.9
USTEC,H4,2025-06-18T16:00:00Z,21755.4,21864.1,21695.0,21796.4
USTEC,H4,2025-06-18T20:00:00Z,21796.6,21848.4,21653.2,21729.5
USTEC,H4,2025-06-19T00:00:00Z,21726.4,21730.6,21618.1,21661.9
USTEC,H4,2025-06-19T04:00:00Z,21662.3,21672.4,21560.7,21667.8
USTEC,H4,2025-06-19T08:00:00Z,21667.8,21668.2,21552.8,21596.3
USTEC,H4,2025-06-19T12:00:00Z,21596.7,21625.8,21514.7,21533.8
USTEC,H4,2025-06-19T16:00:00Z,21533.2,21556.2,21420.7,21468.2
USTEC,H4,2025-06-20T00:00:00Z,21551.1,21698.9,21549.3,21657.3
USTEC,H4,2025-06-20T04:00:00Z,21657.4,21691.1,21618.0,21678.1
USTEC,H4,2025-06-20T08:00:00Z,21678.1,21722.4,21632.9,21638.7
USTEC,H4,2025-06-20T12:00:00Z,21638.7,21812.6,21637.2,21802.9
USTEC,H4,2025-06-20T16:00:00Z,21802.9,21903.7,21552.8,21665.1
USTEC,H4,2025-06-20T20:00:00Z,21665.1,21693.2,21546.6,21655.1
USTEC,H4,2025-06-23T00:00:00Z,21404.2,21568.5,21392.7,21516.1
USTEC,H4,2025-06-23T04:00:00Z,21516.3,21558.6,21497.5,21549.6
USTEC,H4,2025-06-23T08:00:00Z,21549.3,21728.8,21548.6,21692.0
USTEC,H4,2025-06-23T12:00:00Z,21692.1,21718.8,21560.5,21667.8
USTEC,H4,2025-06-23T16:00:00Z,21668.2,21801.8,21521.6,21622.7
USTEC,H4,2025-06-23T20:00:00Z,21623.4,21875.5,21604.9,21853.6
USTEC,H4,2025-06-24T00:00:00Z,21857.4,22038.8,21849.9,22010.9
USTEC,H4,2025-06-24T04:00:00Z,22011.0,22054.3,21998.0,22026.7
USTEC,H4,2025-06-24T08:00:00Z,22026.5,22163.8,22025.0,22085.4
USTEC,H4,2025-06-24T12:00:00Z,22085.3,22133.3,22033.4,22067.4
USTEC,H4,2025-06-24T16:00:00Z,22067.6,22196.5,22041.9,22179.0
USTEC,H4,2025-06-24T20:00:00Z,22179.8,22224.5,22159.2,22186.6
USTEC,H4,2025-06-25T00:00:00Z,22182.4,22212.2,22164.9,22203.4
USTEC,H4,2025-06-25T04:00:00Z,22203.4,22205.2,22171.7,22203.9
USTEC,H4,2025-06-25T08:00:00Z,22203.8,22215.1,22184.3,22212.9
USTEC,H4,2025-06-25T12:00:00Z,22213.3,22287.9,22192.9,22286.7
USTEC,H4,2025-06-25T16:00:00Z,22286.4,22326.9,22191.5,22222.5
USTEC,H4,2025-06-25T20:00:00Z,22223.4,22258.5,22167.3,22250.8
USTEC,H4,2025-06-26T00:00:00Z,22235.8,22268.5,22219.4,22257.0
USTEC,H4,2025-06-26T04:00:00Z,22257.0,22286.6,22242.1,22285.9
USTEC,H4,2025-06-26T08:00:00Z,22285.8,22357.4,22275.0,22342.5
USTEC,H4,2025-06-26T12:00:00Z,22342.6,22365.6,22301.5,22335.6
USTEC,H4,2025-06-26T16:00:00Z,22335.4,22411.5,22257.6,22385.1
USTEC,H4,2025-06-26T20:00:00Z,22385.1,22470.1,22375.5,22448.2
USTEC,H4,2025-06-27T00:00:00Z,22456.1,22490.5,22448.0,22449.5
USTEC,H4,2025-06-27T04:00:00Z,22449.1,22489.3,22443.5,22471.0
USTEC,H4,2025-06-27T08:00:00Z,22471.0,22541.7,22470.2,22529.8
USTEC,H4,2025-06-27T12:00:00Z,22529.8,22569.2,22506.8,22514.1
USTEC,H4,2025-06-27T16:00:00Z,22513.1,22602.9,22469.4,22577.7
USTEC,H4,2025-06-27T20:00:00Z,22577.8,22580.7,22383.2,22522.3
USTEC,H4,2025-06-30T00:00:00Z,22557.9,22628.3,22539.7,22615.7
USTEC,H4,2025-06-30T04:00:00Z,22615.5,22667.0,22594.9,22656.3
USTEC,H4,2025-06-30T08:00:00Z,22655.9,22683.4,22631.9,22656.0
USTEC,H4,2025-06-30T12:00:00Z,22656.2,22696.8,22636.7,22649.4
USTEC,H4,2025-06-30T16:00:00Z,22649.9,22671.4,22578.2,22624.0
USTEC,H4,2025-06-30T20:00:00Z,22623.9,22716.0,22564.4,22653.7
USTEC,H4,2025-07-01T00:00:00Z,22655.6,22691.4,22633.2,22687.2
USTEC,H4,2025-07-01T04:00:00Z,22687.9,22701.2,22642.0,22645.8
USTEC,H4,2025-07-01T08:00:00Z,22645.8,22653.8,22607.6,22633.9
USTEC,H4,2025-07-01T12:00:00Z,22634.0,22637.5,22544.6,22582.5
USTEC,H4,2025-07-01T16:00:00Z,22582.6,22632.9,22384.2,22489.3
USTEC,H4,2025-07-01T20:00:00Z,22489.8,22550.6,22436.2,22480.4
USTEC,H4,2025-07-02T00:00:00Z,22482.2,22517.0,22477.1,22501.5
USTEC,H4,2025-07-02T04:00:00Z,22501.6,22569.1,22463.8,22560.7
USTEC,H4,2025-07-02T08:00:00Z,22560.8,22566.8,22491.0,22498.1
USTEC,H4,2025-07-02T12:00:00Z,22498.0,22506.2,22373.7,22404.8
USTEC,H4,2025-07-02T16:00:00Z,22404.6,22634.7,22392.7,22630.3
USTEC,H4,2025-07-02T20:00:00Z,22630.6,22646.3,22598.6,22643.0
USTEC,H4,2025-07-03T00:00:00Z,22633.1,22650.7,22622.0,22641.5
USTEC,H4,2025-07-03T04:00:00Z,22641.0,22672.1,22617.7,22657.6
USTEC,H4,2025-07-03T08:00:00Z,22657.6,22691.3,22641.5,22646.9
USTEC,H4,2025-07-03T12:00:00Z,22646.5,22727.1,22624.6,22686.0
USTEC,H4,2025-07-03T16:00:00Z,22686.0,22900.9,22684.4,22858.2
USTEC,H4,2025-07-03T20:00:00Z,22857.4,22869.4,22833.4,22851.9
USTEC,H4,2025-07-04T00:00:00Z,22852.2,22864.9,22820.0,22828.6
USTEC,H4,2025-07-04T04:00:00Z,22828.7,22852.4,22795.2,22808.5
USTEC,H4,2025-07-04T08:00:00Z,22808.5,22813.0,22722.6,22727.1
USTEC,H4,2025-07-04T12:00:00Z,22727.1,22751.5,22681.9,22722.0
USTEC,H4,2025-07-04T16:00:00Z,22722.2,22742.0,22687.9,22707.7
USTEC,H4,2025-07-07T00:00:00Z,22774.2,22831.1,22761.1,22771.1
USTEC,H4,2025-07-07T04:00:00Z,22770.6,22791.3,22715.3,22747.6
USTEC,H4,2025-07-07T08:00:00Z,22747.9,22752.6,22709.5,22714.0
USTEC,H4,2025-07-07T12:00:00Z,22713.9,22802.1,22709.6,22751.9
USTEC,H4,2025-07-07T16:00:00Z,22752.3,22775.8,22634.5,22671.0
USTEC,H4,2025-07-07T20:00:00Z,22671.4,22727.6,22584.3,22640.5
USTEC,H4,2025-07-08T00:00:00Z,22646.4,22717.8,22613.8,22710.4
USTEC,H4,2025-07-08T04:00:00Z,22710.4,22742.5,22690.4,22714.2
USTEC,H4,2025-07-08T08:00:00Z,22714.4,22775.8,22708.8,22750.3
USTEC,H4,2025-07-08T12:00:00Z,22750.0,22760.8,22710.4,22743.5
USTEC,H4,2025-07-08T16:00:00Z,22743.8,22766.6,22645.3,22720.5
USTEC,H4,2025-07-08T20:00:00Z,22720.6,22745.2,22675.6,22706.5
USTEC,H4,2025-07-09T00:00:00Z,22716.7,22729.6,22670.8,22681.6
USTEC,H4,2025-07-09T04:00:00Z,22681.6,22707.1,22660.9,22698.4
USTEC,H4,2025-07-09T08:00:00Z,22698.6,22709.6,22650.2,22696.6
USTEC,H4,2025-07-09T12:00:00Z,22696.6,22761.2,22696.6,22741.9
USTEC,H4,2025-07-09T16:00:00Z,22742.1,22917.1,22726.5,22789.0
USTEC,H4,2025-07-09T20:00:00Z,22788.9,22865.8,22767.6,22849.6
USTEC,H4,2025-07-10T00:00:00Z,22846.9,22873.9,22812.8,22813.8
USTEC,H4,2025-07-10T04:00:00Z,22813.9,22829.9,22795.9,22803.6
USTEC,H4,2025-07-10T08:00:00Z,22803.8,22855.0,22786.9,22854.3
USTEC,H4,2025-07-10T12:00:00Z,22854.4,22885.1,22820.8,22857.6
USTEC,H4,2025-07-10T16:00:00Z,22857.5,22898.2,22710.7,22805.0
USTEC,H4,2025-07-10T20:00:00Z,22805.1,22862.5,22801.4,22822.5
USTEC,H4,2025-07-11T00:00:00Z,22825.2,22866.2,22649.1,22699.7
USTEC,H4,2025-07-11T04:00:00Z,22700.7,22791.8,22683.5,22783.7
USTEC,H4,2025-07-11T08:00:00Z,22783.7,22792.5,22688.7,22721.2
USTEC,H4,2025-07-11T12:00:00Z,22720.8,22741.3,22670.6,22721.5
USTEC,H4,2025-07-11T16:00:00Z,22721.5,22826.5,22681.4,22820.7
USTEC,H4,2025-07-11T20:00:00Z,22820.7,22838.6,22742.3,22752.4
USTEC,H4,2025-07-14T00:00:00Z,22657.7,22708.8,22639.2,22672.6
USTEC,H4,2025-07-14T04:00:00Z,22672.8,22700.7,22663.0,22683.8
USTEC,H4,2025-07-14T08:00:00Z,22683.7,22719.5,22627.0,22708.6
USTEC,H4,2025-07-14T12:00:00Z,22708.7,22730.5,22686.0,22720.3
USTEC,H4,2025-07-14T16:00:00Z,22720.1,22861.2,22664.4,22854.7
USTEC,H4,2025-07-14T20:00:00Z,22854.7,22886.8,22836.9,22856.4
USTEC,H4,2025-07-15T00:00:00Z,22849.7,22849.9,22820.7,22828.8
USTEC,H4,2025-07-15T04:00:00Z,22829.0,22996.7,22820.9,22938.9
USTEC,H4,2025-07-15T08:00:00Z,22938.8,23001.7,22936.9,22978.8
USTEC,H4,2025-07-15T12:00:00Z,22978.8,23030.8,22958.7,23018.9
USTEC,H4,2025-07-15T16:00:00Z,23018.8,23045.5,22908.4,22923.4
USTEC,H4,2025-07-15T20:00:00Z,22923.6,23004.6,22835.5,22844.4
USTEC,H4,2025-07-16T00:00:00Z,22854.0,22859.0,22802.2,22827.4
USTEC,H4,2025-07-16T04:00:00Z,22826.7,22861.4,22824.7,22848.5
USTEC,H4,2025-07-16T08:00:00Z,22852.0,22872.7,22757.4,22830.2
USTEC,H4,2025-07-16T12:00:00Z,22830.4,22912.0,22807.1,22901.2
USTEC,H4,2025-07-16T16:00:00Z,22901.0,22917.4,22664.7,22873.7
USTEC,H4,2025-07-16T20:00:00Z,22873.8,22927.9,22843.1,22891.5
USTEC,H4,2025-07-17T00:00:00Z,22894.6,22896.2,22855.5,22882.5
USTEC,H4,2025-07-17T04:00:00Z,22882.2,22889.5,22848.1,22871.8
USTEC,H4,2025-07-17T08:00:00Z,22871.7,22982.3,22870.0,22934.6
USTEC,H4,2025-07-17T12:00:00Z,22934.7,22978.1,22903.7,22976.8
USTEC,H4,2025-07-17T16:00:00Z,22976.3,23104.8,22897.0,23086.5
USTEC,H4,2025-07-17T20:00:00Z,23086.3,23108.5,23061.4,23092.6
USTEC,H4,2025-07-18T00:00:00Z,23078.5,23120.7,23075.2,23099.8
USTEC,H4,2025-07-18T04:00:00Z,23099.8,23119.3,23092.0,23111.1
USTEC,H4,2025-07-18T08:00:00Z,23111.0,23141.8,23094.0,23113.7
USTEC,H4,2025-07-18T12:00:00Z,23113.7,23121.3,23083.5,23100.2
USTEC,H4,2025-07-18T16:00:00Z,23100.3,23150.2,23002.0,23018.8
USTEC,H4,2025-07-18T20:00:00Z,23018.9,23062.3,23004.5,23059.3
USTEC,H4,2025-07-21T00:00:00Z,23065.1,23102.1,23043.9,23091.4
USTEC,H4,2025-07-21T04:00:00Z,23091.4,23116.1,23081.4,23109.0
USTEC,H4,2025-07-21T08:00:00Z,23109.0,23147.5,23101.6,23128.7
USTEC,H4,2025-07-21T12:00:00Z,23128.7,23144.2,23075.1,23076.9
USTEC,H4,2025-07-21T16:00:00Z,23077.1,23263.4,23063.0,23244.5
USTEC,H4,2025-07-21T20:00:00Z,23244.4,23264.1,23169.7,23186.8
USTEC,H4,2025-07-22T00:00:00Z,23186.6,23204.1,23178.9,23183.3
USTEC,H4,2025-07-22T04:00:00Z,23182.8,23210.1,23140.5,23149.3
USTEC,H4,2025-07-22T08:00:00Z,23149.4,23190.6,23115.1,23119.9
USTEC,H4,2025-07-22T12:00:00Z,23119.8,23183.9,23111.3,23177.8
USTEC,H4,2025-07-22T16:00:00Z,23177.6,23190.8,22953.8,23042.9
USTEC,H4,2025-07-22T20:00:00Z,23042.0,23101.9,23016.4,23044.2
USTEC,H4,2025-07-23T00:00:00Z,23047.3,23114.7,23018.8,23052.0
USTEC,H4,2025-07-23T04:00:00Z,23051.9,23102.8,23046.5,23096.9
USTEC,H4,2025-07-23T08:00:00Z,23096.4,23129.5,23091.4,23127.3
USTEC,H4,2025-07-23T12:00:00Z,23127.4,23130.9,23078.5,23084.7
USTEC,H4,2025-07-23T16:00:00Z,23084.5,23140.2,22995.0,23076.5
USTEC,H4,2025-07-23T20:00:00Z,23076.5,23263.8,23062.6,23259.8
USTEC,H4,2025-07-24T00:00:00Z,23241.6,23256.0,23232.3,23244.5
USTEC,H4,2025-07-24T04:00:00Z,23244.3,23272.3,23223.1,23230.0
USTEC,H4,2025-07-24T08:00:00Z,23229.8,23241.7,23197.7,23241.0
USTEC,H4,2025-07-24T12:00:00Z,23240.8,23252.7,23177.6,23210.1
USTEC,H4,2025-07-24T16:00:00Z,23210.2,23250.9,23148.8,23220.5
USTEC,H4,2025-07-24T20:00:00Z,23220.6,23270.5,23214.3,23242.7
USTEC,H4,2025-07-25T00:00:00Z,23241.0,23276.7,23235.5,23268.2
USTEC,H4,2025-07-25T04:00:00Z,23268.4,23294.7,23246.5,23251.2
USTEC,H4,2025-07-25T08:00:00Z,23251.4,23266.3,23203.2,23228.8
USTEC,H4,2025-07-25T12:00:00Z,23229.0,23244.7,23210.2,23225.3
USTEC,H4,2025-07-25T16:00:00Z,23225.3,23330.7,23185.6,23305.1
USTEC,H4,2025-07-25T20:00:00Z,23305.2,23313.3,23261.2,23300.8
USTEC,H4,2025-07-28T00:00:00Z,23405.3,23419.6,23361.7,23400.1
USTEC,H4,2025-07-28T04:00:00Z,23400.2,23423.1,23387.8,23416.4
USTEC,H4,2025-07-28T08:00:00Z,23416.4,23441.6,23390.3,23393.6
USTEC,H4,2025-07-28T12:00:00Z,23393.7,23399.1,23341.8,23371.1
USTEC,H4,2025-07-28T16:00:00Z,23371.3,23383.9,23298.3,23346.7
USTEC,H4,2025-07-28T20:00:00Z,23346.8,23370.6,23301.8,23368.6
USTEC,H4,2025-07-29T00:00:00Z,23366.3,23396.9,23365.0,23393.3
USTEC,H4,2025-07-29T04:00:00Z,23393.3,23413.1,23383.6,23404.5
USTEC,H4,2025-07-29T08:00:00Z,23404.6,23460.2,23402.7,23444.1
USTEC,H4,2025-07-29T12:00:00Z,23444.1,23474.6,23434.1,23440.6
USTEC,H4,2025-07-29T16:00:00Z,23440.6,23513.8,23300.2,23367.3
USTEC,H4,2025-07-29T20:00:00Z,23367.3,23381.9,23282.8,23311.9
USTEC,H4,2025-07-30T00:00:00Z,23321.5,23353.3,23318.9,23349.3
USTEC,H4,2025-07-30T04:00:00Z,23349.2,23371.0,23330.0,23366.9
USTEC,H4,2025-07-30T08:00:00Z,23366.8,23375.3,23326.5,23346.2
USTEC,H4,2025-07-30T12:00:00Z,23346.3,23384.8,23335.5,23353.5
USTEC,H4,2025-07-30T16:00:00Z,23353.4,23410.0,23314.1,23397.3
USTEC,H4,2025-07-30T20:00:00Z,23397.5,23550.9,23221.3,23520.3
USTEC,H4,2025-07-31T00:00:00Z,23556.9,23622.4,23551.7,23618.6
USTEC,H4,2025-07-31T04:00:00Z,23618.6,23673.3,23610.9,23669.7
USTEC,H4,2025-07-31T08:00:00Z,23669.8,23709.1,23642.1,23663.9
USTEC,H4,2025-07-31T12:00:00Z,23664.9,23672.9,23617.2,23666.2
USTEC,H4,2025-07-31T16:00:00Z,23666.2,23668.4,23348.7,23434.5
USTEC,H4,2025-07-31T20:00:00Z,23434.7,23436.2,23157.5,23194.1
USTEC,H4,2025-08-01T00:00:00Z,23200.4,23213.9,23101.8,23150.1
USTEC,H4,2025-08-01T04:00:00Z,23150.3,23212.3,23142.6,23188.7
USTEC,H4,2025-08-01T08:00:00Z,23188.9,23194.9,22932.8,22984.3
USTEC,H4,2025-08-01T12:00:00Z,22984.3,23036.8,22901.9,22937.8
USTEC,H4,2025-08-01T16:00:00Z,22938.6,22972.1,22670.2,22750.1
USTEC,H4,2025-08-01T20:00:00Z,22749.6,22820.6,22660.1,22747.3
USTEC,H4,2025-08-04T00:00:00Z,22756.6,22847.3,22706.1,22840.0
USTEC,H4,2025-08-04T04:00:00Z,22840.1,22872.3,22816.8,22853.7
USTEC,H4,2025-08-04T08:00:00Z,22853.8,22947.2,22832.2,22944.6
USTEC,H4,2025-08-04T12:00:00Z,22944.5,22965.8,22916.3,22960.0
USTEC,H4,2025-08-04T16:00:00Z,22959.7,23161.6,22954.6,23152.6
USTEC,H4,2025-08-04T20:00:00Z,23152.6,23234.5,23124.5,23233.0
USTEC,H4,2025-08-05T00:00:00Z,23229.6,23259.3,23199.3,23231.6
USTEC,H4,2025-08-05T04:00:00Z,23231.8,23256.1,23210.0,23244.0
USTEC,H4,2025-08-05T08:00:00Z,23244.2,23281.7,23198.3,23216.1
USTEC,H4,2025-08-05T12:00:00Z,23216.1,23288.6,23211.0,23245.7
USTEC,H4,2025-08-05T16:00:00Z,23245.8,23281.6,22999.7,23065.8
USTEC,H4,2025-08-05T20:00:00Z,23065.7,23137.2,22971.3,22976.3
USTEC,H4,2025-08-06T00:00:00Z,22997.4,23000.7,22934.8,22961.0
USTEC,H4,2025-08-06T04:00:00Z,22961.2,23062.3,22954.0,23050.8
USTEC,H4,2025-08-06T08:00:00Z,23051.0,23115.8,23043.9,23055.4
USTEC,H4,2025-08-06T12:00:00Z,23055.7,23085.4,22996.5,23068.4
USTEC,H4,2025-08-06T16:00:00Z,23068.5,23278.3,23039.3,23260.0
USTEC,H4,2025-08-06T20:00:00Z,23259.7,23332.5,23247.7,23299.2
USTEC,H4,2025-08-07T00:00:00Z,23318.7,23391.5,23276.0,23378.4
USTEC,H4,2025-08-07T04:00:00Z,23378.5,23401.0,23347.7,23354.8
USTEC,H4,2025-08-07T08:00:00Z,23355.2,23464.9,23344.8,23445.3
USTEC,H4,2025-08-07T12:00:00Z,23445.5,23527.7,23428.0,23487.3
USTEC,H4,2025-08-07T16:00:00Z,23487.3,23560.8,23285.6,23355.7
USTEC,H4,2025-08-07T20:00:00Z,23356.0,23428.7,23225.9,23416.2
USTEC,H4,2025-08-08T00:00:00Z,23417.4,23480.5,23412.7,23469.8
USTEC,H4,2025-08-08T04:00:00Z,23470.0,23477.1,23434.5,23440.9
USTEC,H4,2025-08-08T08:00:00Z,23441.3,23456.8,23401.0,23451.5
USTEC,H4,2025-08-08T12:00:00Z,23451.3,23479.4,23416.1,23430.9
USTEC,H4,2025-08-08T16:00:00Z,23431.1,23601.7,23419.1,23574.4
USTEC,H4,2025-08-08T20:00:00Z,23574.4,23663.6,23553.2,23662.2
USTEC,H4,2025-08-11T00:00:00Z,23657.0,23671.3,23595.2,23626.4
USTEC,H4,2025-08-11T04:00:00Z,23626.2,23666.4,23620.5,23636.0
USTEC,H4,2025-08-11T08:00:00Z,23636.2,23658.2,23561.9,23594.0
USTEC,H4,2025-08-11T12:00:00Z,23594.2,23649.7,23591.9,23615.9
USTEC,H4,2025-08-11T16:00:00Z,23615.9,23699.6,23574.8,23632.0
USTEC,H4,2025-08-11T20:00:00Z,23632.0,23648.0,23484.3,23524.5
USTEC,H4,2025-08-12T00:00:00Z,23529.2,23566.4,23514.6,23538.9
USTEC,H4,2025-08-12T04:00:00Z,23539.0,23576.1,23532.1,23571.5
USTEC,H4,2025-08-12T08:00:00Z,23571.5,23575.2,23496.0,23541.2
USTEC,H4,2025-08-12T12:00:00Z,23540.6,23721.5,23508.2,23673.5
USTEC,H4,2025-08-12T16:00:00Z,23673.4,23809.3,23522.2,23798.8
USTEC,H4,2025-08-12T20:00:00Z,23798.9,23848.1,23784.5,23845.6
USTEC,H4,2025-08-13T00:00:00Z,23835.8,23869.0,23825.1,23840.9
USTEC,H4,2025-08-13T04:00:00Z,23841.0,23862.0,23821.5,23855.5
USTEC,H4,2025-08-13T08:00:00Z,23855.6,23915.9,23834.3,23893.9
USTEC,H4,2025-08-13T12:00:00Z,23893.6,23932.6,23883.9,23919.0
USTEC,H4,2025-08-13T16:00:00Z,23919.3,23967.7,23786.4,23799.1
USTEC,H4,2025-08-13T20:00:00Z,23798.7,23859.0,23787.1,23826.5
USTEC,H4,2025-08-14T00:00:00Z,23834.3,23865.6,23814.1,23834.0
USTEC,H4,2025-08-14T04:00:00Z,23833.6,23846.8,23818.8,23836.8
USTEC,H4,2025-08-14T08:00:00Z,23836.7,23845.4,23801.0,23828.0
USTEC,H4,2025-08-14T12:00:00Z,23828.0,23868.4,23697.2,23747.5
USTEC,H4,2025-08-14T16:00:00Z,23747.8,23908.6,23720.0,23850.7
USTEC,H4,2025-08-14T20:00:00Z,23850.8,23882.1,23770.4,23793.1
USTEC,H4,2025-08-15T00:00:00Z,23784.2,23820.0,23774.1,23798.0
USTEC,H4,2025-08-15T04:00:00Z,23798.1,23852.5,23796.4,23843.6
USTEC,H4,2025-08-15T08:00:00Z,23843.1,23869.0,23784.0,23789.8
USTEC,H4,2025-08-15T12:00:00Z,23789.8,23833.5,23778.8,23811.5
USTEC,H4,2025-08-15T16:00:00Z,23811.4,23830.3,23646.0,23729.6
USTEC,H4,2025-08-15T20:00:00Z,23729.9,23758.6,23686.8,23708.0
USTEC,H4,2025-08-18T00:00:00Z,23733.5,23778.8,23729.1,23770.1
USTEC,H4,2025-08-18T04:00:00Z,23769.7,23794.2,23758.2,23761.7
USTEC,H4,2025-08-18T08:00:00Z,23761.6,23770.0,23656.5,23691.1
USTEC,H4,2025-08-18T12:00:00Z,23691.5,23704.5,23652.3,23688.0
USTEC,H4,2025-08-18T16:00:00Z,23687.6,23736.9,23631.9,23647.4
USTEC,H4,2025-08-18T20:00:00Z,23647.6,23728.5,23645.6,23702.0
USTEC,H4,2025-08-19T00:00:00Z,23711.2,23752.4,23677.7,23695.9
USTEC,H4,2025-08-19T04:00:00Z,23695.9,23707.4,23654.0,23672.7
USTEC,H4,2025-08-19T08:00:00Z,23673.0,23702.9,23645.9,23701.8
USTEC,H4,2025-08-19T12:00:00Z,23702.0,23719.5,23654.3,23658.8
USTEC,H4,2025-08-19T16:00:00Z,23659.0,23685.3,23388.1,23397.6
USTEC,H4,2025-08-19T20:00:00Z,23397.5,23430.8,23343.6,23390.4
USTEC,H4,2025-08-20T00:00:00Z,23395.0,23405.5,23318.8,23334.7
USTEC,H4,2025-08-20T04:00:00Z,23334.2,23344.9,23259.3,23272.2
USTEC,H4,2025-08-20T08:00:00Z,23271.5,23350.3,23254.9,23334.5
USTEC,H4,2025-08-20T12:00:00Z,23334.5,23371.9,23306.3,23346.5
USTEC,H4,2025-08-20T16:00:00Z,23346.8,23351.6,22955.0,23153.7
USTEC,H4,2025-08-20T20:00:00Z,23152.0,23290.6,23113.6,23241.6
USTEC,H4,2025-08-21T00:00:00Z,23243.5,23263.4,23190.5,23213.4
USTEC,H4,2025-08-21T04:00:00Z,23213.2,23290.2,23188.9,23261.9
USTEC,H4,2025-08-21T08:00:00Z,23262.0,23288.9,23218.0,23219.6
USTEC,H4,2025-08-21T12:00:00Z,23218.9,23255.1,23136.9,23145.1
USTEC,H4,2025-08-21T16:00:00Z,23145.0,23268.8,23072.7,23083.1
USTEC,H4,2025-08-21T20:00:00Z,23085.1,23176.8,23042.1,23143.0
USTEC,H4,2025-08-22T00:00:00Z,23154.3,23175.8,23106.0,23137.8
USTEC,H4,2025-08-22T04:00:00Z,23137.7,23157.4,23116.5,23133.7
USTEC,H4,2025-08-22T08:00:00Z,23133.5,23180.5,23002.7,23177.9
USTEC,H4,2025-08-22T12:00:00Z,23177.8,23204.4,23155.3,23166.5
USTEC,H4,2025-08-22T16:00:00Z,23166.8,23577.3,23131.8,23456.2
USTEC,H4,2025-08-22T20:00:00Z,23455.7,23552.2,23455.7,23509.0
USTEC,H4,2025-08-25T00:00:00Z,23526.5,23528.1,23476.1,23486.9
USTEC,H4,2025-08-25T04:00:00Z,23486.9,23490.1,23451.7,23485.9
USTEC,H4,2025-08-25T08:00:00Z,23486.0,23499.0,23438.2,23440.4
USTEC,H4,2025-08-25T12:00:00Z,23440.5,23443.6,23393.0,23409.9
USTEC,H4,2025-08-25T16:00:00Z,23410.0,23546.9,23375.8,23526.8
USTEC,H4,2025-08-25T20:00:00Z,23527.3,23528.7,23416.5,23433.2
USTEC,H4,2025-08-26T00:00:00Z,23437.7,23453.9,23305.1,23351.0
USTEC,H4,2025-08-26T04:00:00Z,23350.9,23408.1,23343.9,23389.2
USTEC,H4,2025-08-26T08:00:00Z,23389.1,23417.6,23349.5,23393.0
USTEC,H4,2025-08-26T12:00:00Z,23393.1,23439.0,23373.1,23404.0
USTEC,H4,2025-08-26T16:00:00Z,23404.9,23489.0,23360.8,23473.0
USTEC,H4,2025-08-26T20:00:00Z,23472.8,23543.1,23412.8,23539.7
USTEC,H4,2025-08-27T00:00:00Z,23539.0,23558.1,23529.5,23533.0
USTEC,H4,2025-08-27T04:00:00Z,23533.3,23563.6,23533.0,23551.5
USTEC,H4,2025-08-27T08:00:00Z,23551.5,23553.9,23502.6,23522.1
USTEC,H4,2025-08-27T12:00:00Z,23522.1,23556.3,23499.3,23517.6
USTEC,H4,2025-08-27T16:00:00Z,23517.5,23568.7,23425.3,23539.1
USTEC,H4,2025-08-27T20:00:00Z,23539.2,23609.2,23373.7,23479.1
USTEC,H4,2025-08-28T00:00:00Z,23477.1,23479.6,23429.0,23461.6
USTEC,H4,2025-08-28T04:00:00Z,23461.7,23524.6,23459.1,23502.3
USTEC,H4,2025-08-28T08:00:00Z,23502.3,23602.6,23481.0,23557.6
USTEC,H4,2025-08-28T12:00:00Z,23557.1,23593.7,23524.0,23574.3
USTEC,H4,2025-08-28T16:00:00Z,23574.3,23706.8,23513.8,23673.0
USTEC,H4,2025-08-28T20:00:00Z,23673.3,23740.5,23663.5,23700.5
USTEC,H4,2025-08-29T00:00:00Z,23690.3,23700.2,23673.7,23684.7
USTEC,H4,2025-08-29T04:00:00Z,23684.6,23690.1,23656.9,23659.2
USTEC,H4,2025-08-29T08:00:00Z,23659.2,23678.9,23572.4,23579.6
USTEC,H4,2025-08-29T12:00:00Z,23579.6,23627.5,23559.8,23614.0
USTEC,H4,2025-08-29T16:00:00Z,23613.8,23617.3,23363.6,23428.1
USTEC,H4,2025-08-29T20:00:00Z,23426.9,23444.9,23347.9,23408.2
USTEC,H4,2025-09-01T00:00:00Z,23430.8,23504.7,23418.7,23490.6
USTEC,H4,2025-09-01T04:00:00Z,23490.6,23492.9,23360.1,23380.5
USTEC,H4,2025-09-01T08:00:00Z,23380.0,23455.0,23324.1,23443.1
USTEC,H4,2025-09-01T12:00:00Z,23442.6,23453.4,23399.0,23429.6
USTEC,H4,2025-09-01T16:00:00Z,23429.6,23459.3,23396.7,23453.9
USTEC,H4,2025-09-02T00:00:00Z,23450.8,23453.5,23383.2,23428.2
USTEC,H4,2025-09-02T04:00:00Z,23428.0,23438.5,23370.2,23392.1
USTEC,H4,2025-09-02T08:00:00Z,23392.2,23406.1,23222.7,23265.2
USTEC,H4,2025-09-02T12:00:00Z,23265.1,23286.0,23024.1,23050.7
USTEC,H4,2025-09-02T16:00:00Z,23055.0,23234.0,22981.1,23081.1
USTEC,H4,2025-09-02T20:00:00Z,23081.1,23339.5,23059.1,23332.9
USTEC,H4,2025-09-03T00:00:00Z,23333.2,23342.3,23274.1,23287.8
USTEC,H4,2025-09-03T04:00:00Z,23286.8,23296.4,23256.3,23287.9
USTEC,H4,2025-09-03T08:00:00Z,23287.8,23387.7,23264.7,23375.3
USTEC,H4,2025-09-03T12:00:00Z,23375.6,23414.7,23355.4,23379.2
USTEC,H4,2025-09-03T16:00:00Z,23379.1,23481.7,23326.6,23367.2
USTEC,H4,2025-09-03T20:00:00Z,23367.5,23428.9,23276.3,23412.3
USTEC,H4,2025-09-04T00:00:00Z,23406.7,23472.8,23389.4,23462.2
USTEC,H4,2025-09-04T04:00:00Z,23461.9,23489.8,23417.2,23448.8
USTEC,H4,2025-09-04T08:00:00Z,23448.8,23467.4,23409.3,23455.3
USTEC,H4,2025-09-04T12:00:00Z,23455.6,23492.4,23427.8,23443.3
USTEC,H4,2025-09-04T16:00:00Z,23443.1,23522.0,23368.7,23495.3
USTEC,H4,2025-09-04T20:00:00Z,23495.0,23664.7,23493.5,23640.8
USTEC,H4,2025-09-05T00:00:00Z,23662.0,23693.3,23650.5,23691.3
USTEC,H4,2025-09-05T04:00:00Z,23691.2,23713.1,23680.8,23706.6
USTEC,H4,2025-09-05T08:00:00Z,23706.6,23750.0,23702.8,23749.0
USTEC,H4,2025-09-05T12:00:00Z,23749.0,23836.7,23689.2,23836.0
USTEC,H4,2025-09-05T16:00:00Z,23836.5,23862.9,23467.9,23616.4
USTEC,H4,2025-09-05T20:00:00Z,23615.9,23659.0,23548.8,23636.7
USTEC,H4,2025-09-08T00:00:00Z,23647.4,23757.9,23617.3,23730.7
USTEC,H4,2025-09-08T04:00:00Z,23731.0,23745.8,23693.8,23700.3
USTEC,H4,2025-09-08T08:00:00Z,23700.0,23747.8,23695.8,23731.0
USTEC,H4,2025-09-08T12:00:00Z,23731.3,23756.4,23710.5,23745.2
USTEC,H4,2025-09-08T16:00:00Z,23745.4,23854.3,23733.7,23773.5
USTEC,H4,2025-09-08T20:00:00Z,23773.5,23783.1,23723.9,23760.9
USTEC,H4,2025-09-09T00:00:00Z,23769.0,23796.0,23767.4,23773.5
USTEC,H4,2025-09-09T04:00:00Z,23773.4,23813.4,23757.2,23803.9
USTEC,H4,2025-09-09T08:00:00Z,23803.8,23851.2,23781.3,23809.3
USTEC,H4,2025-09-09T12:00:00Z,23809.4,23824.4,23778.0,23805.4
USTEC,H4,2025-09-09T16:00:00Z,23805.4,23823.0,23693.1,23787.5
USTEC,H4,2025-09-09T20:00:00Z,23787.5,23881.8,23787.2,23856.4
USTEC,H4,2025-09-10T00:00:00Z,23871.2,23880.7,23844.0,23855.3
USTEC,H4,2025-09-10T04:00:00Z,23855.5,23893.7,23847.2,23891.3
USTEC,H4,2025-09-10T08:00:00Z,23891.3,23922.8,23856.6,23865.2
USTEC,H4,2025-09-10T12:00:00Z,23865.7,24006.8,23851.7,23973.5
USTEC,H4,2025-09-10T16:00:00Z,23973.5,23984.2,23866.8,23893.5
USTEC,H4,2025-09-10T20:00:00Z,23893.8,23909.4,23755.1,23828.7
USTEC,H4,2025-09-11T00:00:00Z,23831.0,23885.7,23829.2,23876.8
USTEC,H4,2025-09-11T04:00:00Z,23876.3,23891.0,23850.0,23851.8
USTEC,H4,2025-09-11T08:00:00Z,23852.2,23913.9,23843.5,23894.5
USTEC,H4,2025-09-11T12:00:00Z,23894.8,23946.9,23835.0,23931.8
USTEC,H4,2025-09-11T16:00:00Z,23932.4,24018.0,23883.5,23979.9
USTEC,H4,2025-09-11T20:00:00Z,23979.9,24014.7,23968.5,23977.8
USTEC,H4,2025-09-12T00:00:00Z,23988.9,24005.8,23974.3,23990.2
USTEC,H4,2025-09-12T04:00:00Z,23990.3,24005.5,23972.8,24000.3
USTEC,H4,2025-09-12T08:00:00Z,24000.5,24020.0,23949.5,23983.1
USTEC,H4,2025-09-12T12:00:00Z,23983.2,24028.1,23976.5,24022.5
USTEC,H4,2025-09-12T16:00:00Z,24021.8,24102.5,23983.1,24090.8
USTEC,H4,2025-09-12T20:00:00Z,24091.5,24137.9,24066.9,24092.8
USTEC,H4,2025-09-15T00:00:00Z,24097.7,24110.2,24073.2,24090.3
USTEC,H4,2025-09-15T04:00:00Z,24090.3,24112.9,24086.2,24111.8
USTEC,H4,2025-09-15T08:00:00Z,24111.8,24139.8,24056.9,24076.2
USTEC,H4,2025-09-15T12:00:00Z,24075.6,24153.7,24061.1,24153.6
USTEC,H4,2025-09-15T16:00:00Z,24153.4,24273.9,24143.2,24248.9
USTEC,H4,2025-09-15T20:00:00Z,24248.9,24295.9,24229.7,24279.2
USTEC,H4,2025-09-16T00:00:00Z,24273.6,24292.4,24268.9,24287.5
USTEC,H4,2025-09-16T04:00:00Z,24287.8,24329.4,24284.3,24323.1
USTEC,H4,2025-09-16T08:00:00Z,24322.9,24387.9,24319.9,24380.5
USTEC,H4,2025-09-16T12:00:00Z,24380.5,24386.1,24326.0,24337.3
USTEC,H4,2025-09-16T16:00:00Z,24337.0,24350.4,24244.3,24269.6
USTEC,H4,2025-09-16T20:00:00Z,24269.6,24307.3,24266.0,24278.1
USTEC,H4,2025-09-17T00:00:00Z,24277.9,24301.0,24273.5,24290.2
USTEC,H4,2025-09-17T04:00:00Z,24290.3,24296.5,24257.5,24268.7
USTEC,H4,2025-09-17T08:00:00Z,24268.9,24302.4,24206.0,24262.9
USTEC,H4,2025-09-17T12:00:00Z,24263.2,24278.2,24236.8,24274.3
USTEC,H4,2025-09-17T16:00:00Z,24274.4,24290.2,24124.7,24139.5
USTEC,H4,2025-09-17T20:00:00Z,24139.6,24299.8,23993.3,24252.5
USTEC,H4,2025-09-18T00:00:00Z,24253.1,24339.9,24248.3,24316.9
USTEC,H4,2025-09-18T04:00:00Z,24317.1,24405.9,24313.3,24398.3
USTEC,H4,2025-09-18T08:00:00Z,24397.9,24484.7,24339.1,24480.4
USTEC,H4,2025-09-18T12:00:00Z,24480.4,24515.2,24442.1,24442.7
USTEC,H4,2025-09-18T16:00:00Z,24442.9,24567.7,24351.6,24540.4
USTEC,H4,2025-09-18T20:00:00Z,24540.2,24549.1,24437.7,24468.2
USTEC,H4,2025-09-19T00:00:00Z,24474.0,24504.5,24450.4,24465.8
USTEC,H4,2025-09-19T04:00:00Z,24465.4,24492.4,24437.4,24475.6
USTEC,H4,2025-09-19T08:00:00Z,24475.8,24478.9,24410.5,24460.9
USTEC,H4,2025-09-19T12:00:00Z,24461.1,24510.1,24456.0,24493.5
USTEC,H4,2025-09-19T16:00:00Z,24493.8,24590.1,24464.2,24576.9
USTEC,H4,2025-09-19T20:00:00Z,24577.4,24643.1,24552.3,24614.3
USTEC,H4,2025-09-22T00:00:00Z,24609.4,24626.2,24577.6,24582.2
USTEC,H4,2025-09-22T04:00:00Z,24582.5,24615.0,24579.6,24602.6
USTEC,H4,2025-09-22T08:00:00Z,24602.6,24612.3,24499.2,24532.1
USTEC,H4,2025-09-22T12:00:00Z,24532.5,24558.1,24511.0,24549.3
USTEC,H4,2025-09-22T16:00:00Z,24549.3,24744.3,24536.0,24737.0
USTEC,H4,2025-09-22T20:00:00Z,24737.0,24778.9,24725.3,24750.0
USTEC,H4,2025-09-23T00:00:00Z,24750.9,24761.0,24732.0,24747.0
USTEC,H4,2025-09-23T04:00:00Z,24747.1,24765.1,24735.3,24745.0
USTEC,H4,2025-09-23T08:00:00Z,24744.8,24783.7,24737.8,24760.3
USTEC,H4,2025-09-23T12:00:00Z,24760.6,24773.8,24730.8,24767.1
USTEC,H4,2025-09-23T16:00:00Z,24766.8,24768.2,24673.0,24686.1
USTEC,H4,2025-09-23T20:00:00Z,24686.4,24687.9,24538.5,24593.6
USTEC,H4,2025-09-24T00:00:00Z,24603.8,24622.4,24571.4,24597.7
USTEC,H4,2025-09-24T04:00:00Z,24597.8,24612.1,24577.3,24611.4
USTEC,H4,2025-09-24T08:00:00Z,24611.3,24666.2,24606.2,24656.1
USTEC,H4,2025-09-24T12:00:00Z,24656.2,24672.4,24629.6,24641.7
USTEC,H4,2025-09-24T16:00:00Z,24641.3,24658.2,24386.6,24442.6
USTEC,H4,2025-09-24T20:00:00Z,24444.2,24512.8,24441.0,24505.5
USTEC,H4,2025-09-25T00:00:00Z,24508.7,24539.3,24500.9,24536.2
USTEC,H4,2025-09-25T04:00:00Z,24536.0,24553.0,24515.5,24521.0
USTEC,H4,2025-09-25T08:00:00Z,24520.9,24523.5,24455.9,24489.8
USTEC,H4,2025-09-25T12:00:00Z,24489.9,24498.3,24306.8,24329.4
USTEC,H4,2025-09-25T16:00:00Z,24329.2,24457.3,24184.0,24390.6
USTEC,H4,2025-09-25T20:00:00Z,24390.2,24413.9,24219.9,24401.3
USTEC,H4,2025-09-26T00:00:00Z,24396.7,24433.4,24374.3,24394.2
USTEC,H4,2025-09-26T04:00:00Z,24394.3,24394.3,24347.8,24351.1
USTEC,H4,2025-09-26T08:00:00Z,24351.2,24441.8,24348.4,24355.8
USTEC,H4,2025-09-26T12:00:00Z,24355.8,24517.6,24340.4,24464.8
USTEC,H4,2025-09-26T16:00:00Z,24466.7,24503.5,24291.2,24466.6
USTEC,H4,2025-09-26T20:00:00Z,24465.3,24519.3,24440.8,24500.8
USTEC,H4,2025-09-29T00:00:00Z,24516.5,24582.3,24500.0,24568.5
USTEC,H4,2025-09-29T04:00:00Z,24568.5,24609.8,24550.8,24603.8
USTEC,H4,2025-09-29T08:00:00Z,24603.8,24670.3,24589.3,24669.4
USTEC,H4,2025-09-29T12:00:00Z,24670.3,24684.9,24629.9,24675.3
USTEC,H4,2025-09-29T16:00:00Z,24675.3,24749.1,24597.3,24608.4
USTEC,H4,2025-09-29T20:00:00Z,24608.9,24642.8,24554.9,24585.7
USTEC,H4,2025-09-30T00:00:00Z,24594.3,24617.4,24581.8,24612.7
USTEC,H4,2025-09-30T04:00:00Z,24612.7,24632.2,24586.5,24599.0
USTEC,H4,2025-09-30T08:00:00Z,24598.9,24631.4,24530.3,24576.5
USTEC,H4,2025-09-30T12:00:00Z,24575.5,24620.8,24549.8,24608.9
USTEC,H4,2025-09-30T16:00:00Z,24609.0,24637.1,24498.7,24559.7
USTEC,H4,2025-09-30T20:00:00Z,24558.7,24689.5,24508.0,24614.0
USTEC,H4,2025-10-01T00:00:00Z,24621.8,24653.5,24563.5,24571.0
USTEC,H4,2025-10-01T04:00:00Z,24571.2,24587.6,24540.6,24551.0
USTEC,H4,2025-10-01T08:00:00Z,24551.0,24556.3,24412.5,24498.6
USTEC,H4,2025-10-01T12:00:00Z,24498.5,24583.5,24492.5,24555.8
USTEC,H4,2025-10-01T16:00:00Z,24556.3,24736.2,24505.4,24733.7
USTEC,H4,2025-10-01T20:00:00Z,24733.8,24814.1,24730.9,24787.3
USTEC,H4,2025-10-02T00:00:00Z,24790.3,24848.2,24787.7,24844.9
USTEC,H4,2025-10-02T04:00:00Z,24845.2,24861.3,24828.2,24851.8
USTEC,H4,2025-10-02T08:00:00Z,24851.9,24898.7,24838.7,24898.2
USTEC,H4,2025-10-02T12:00:00Z,24898.2,24948.7,24860.9,24947.0
USTEC,H4,2025-10-02T16:00:00Z,24946.5,24964.5,24778.6,24862.0
USTEC,H4,2025-10-02T20:00:00Z,24861.3,24912.4,24844.3,24893.1
USTEC,H4,2025-10-03T00:00:00Z,24884.6,24947.0,24863.2,24936.5
USTEC,H4,2025-10-03T04:00:00Z,24936.3,24966.3,24927.8,24963.9
USTEC,H4,2025-10-03T08:00:00Z,24963.8,24983.2,24945.9,24972.8
USTEC,H4,2025-10-03T12:00:00Z,24972.7,24986.0,24894.9,24911.5
USTEC,H4,2025-10-03T16:00:00Z,24911.7,24958.6,24843.5,24909.3
USTEC,H4,2025-10-03T20:00:00Z,24909.5,24909.5,24714.8,24774.2
USTEC,H4,2025-10-06T00:00:00Z,24821.7,24882.5,24806.6,24860.0
USTEC,H4,2025-10-06T04:00:00Z,24860.0,24904.2,24851.5,24897.2
USTEC,H4,2025-10-06T08:00:00Z,24897.2,24910.5,24841.6,24902.7
USTEC,H4,2025-10-06T12:00:00Z,24902.7,25037.1,24900.0,24986.7
USTEC,H4,2025-10-06T16:00:00Z,24987.0,25017.3,24907.3,24995.9
USTEC,H4,2025-10-06T20:00:00Z,24995.8,25045.4,24965.1,24972.1
USTEC,H4,2025-10-07T00:00:00Z,24978.8,24989.9,24916.2,24924.7
USTEC,H4,2025-10-07T04:00:00Z,24924.7,24976.3,24920.4,24975.2
USTEC,H4,2025-10-07T08:00:00Z,24975.2,24979.7,24921.9,24965.9
USTEC,H4,2025-10-07T12:00:00Z,24966.2,25050.7,24962.3,25047.6
USTEC,H4,2025-10-07T16:00:00Z,25047.6,25068.1,24779.7,24818.6
USTEC,H4,2025-10-07T20:00:00Z,24818.4,24867.3,24786.9,24852.0
USTEC,H4,2025-10-08T00:00:00Z,24856.1,24881.3,24826.1,24859.8
USTEC,H4,2025-10-08T04:00:00Z,24859.8,24892.4,24857.8,24886.3
USTEC,H4,2025-10-08T08:00:00Z,24886.2,24912.0,24825.1,24887.2
USTEC,H4,2025-10-08T12:00:00Z,24887.4,24905.4,24843.9,24863.9
USTEC,H4,2025-10-08T16:00:00Z,24864.1,25074.5,24856.2,25048.3
USTEC,H4,2025-10-08T20:00:00Z,25048.1,25162.3,25036.5,25149.8
USTEC,H4,2025-10-09T00:00:00Z,25144.5,25193.3,25144.5,25162.8
USTEC,H4,2025-10-09T04:00:00Z,25162.9,25169.3,25107.3,25140.8
USTEC,H4,2025-10-09T08:00:00Z,25140.8,25167.5,25094.8,25100.5
USTEC,H4,2025-10-09T12:00:00Z,25100.8,25141.4,25096.0,25132.7
USTEC,H4,2025-10-09T16:00:00Z,25132.7,25137.2,24993.7,25008.5
USTEC,H4,2025-10-09T20:00:00Z,25005.4,25104.0,24965.7,25091.0
USTEC,H4,2025-10-10T00:00:00Z,25100.0,25158.0,25094.9,25148.6
USTEC,H4,2025-10-10T04:00:00Z,25148.7,25167.1,25112.7,25119.2
USTEC,H4,2025-10-10T08:00:00Z,25119.6,25166.2,25107.1,25148.8
USTEC,H4,2025-10-10T12:00:00Z,25148.6,25151.0,25063.6,25110.0
USTEC,H4,2025-10-10T16:00:00Z,25109.8,25200.0,24460.9,24470.8
USTEC,H4,2025-10-10T20:00:00Z,24469.8,24562.6,23970.1,23998.5
USTEC,H4,2025-10-13T00:00:00Z,24527.9,24658.1,24436.3,24651.2
USTEC,H4,2025-10-13T04:00:00Z,24651.5,24679.7,24588.0,24643.1
USTEC,H4,2025-10-13T08:00:00Z,24643.0,24770.0,24611.7,24699.3
USTEC,H4,2025-10-13T12:00:00Z,24699.0,24705.3,24558.7,24612.0
USTEC,H4,2025-10-13T16:00:00Z,24611.7,24778.8,24549.4,24768.6
USTEC,H4,2025-10-13T20:00:00Z,24768.7,24781.9,24702.8,24724.6
USTEC,H4,2025-10-14T00:00:00Z,24735.4,24866.3,24720.0,24829.0
USTEC,H4,2025-10-14T04:00:00Z,24829.0,24842.8,24572.7,24627.9
USTEC,H4,2025-10-14T08:00:00Z,24627.7,24636.8,24408.5,24513.9
USTEC,H4,2025-10-14T12:00:00Z,24514.0,24534.8,24324.9,24442.3
USTEC,H4,2025-10-14T16:00:00Z,24442.0,24769.5,24246.1,24714.5
USTEC,H4,2025-10-14T20:00:00Z,24714.1,24760.0,24509.3,24575.0
USTEC,H4,2025-10-15T00:00:00Z,24586.6,24641.7,24565.8,24622.3
USTEC,H4,2025-10-15T04:00:00Z,24621.8,24680.1,24588.8,24668.8
USTEC,H4,2025-10-15T08:00:00Z,24685.7,24759.4,24680.3,24754.2
USTEC,H4,2025-10-15T12:00:00Z,24754.1,24849.8,24750.3,24846.8
USTEC,H4,2025-10-15T16:00:00Z,24846.6,24939.5,24703.5,24727.5
USTEC,H4,2025-10-15T20:00:00Z,24727.6,24788.2,24489.4,24769.3
USTEC,H4,2025-10-16T00:00:00Z,24766.9,24819.5,24702.4,24741.1
USTEC,H4,2025-10-16T04:00:00Z,24741.1,24776.9,24723.6,24756.8
USTEC,H4,2025-10-16T08:00:00Z,24757.0,24883.9,24747.0,24847.1
USTEC,H4,2025-10-16T12:00:00Z,24847.1,24927.0,24833.9,24907.8
USTEC,H4,2025-10-16T16:00:00Z,24907.6,25006.5,24559.5,24755.0
USTEC,H4,2025-10-16T20:00:00Z,24753.6,24791.0,24471.8,24619.9
USTEC,H4,2025-10-17T00:00:00Z,24631.6,24690.4,24552.5,24609.7
USTEC,H4,2025-10-17T04:00:00Z,24609.9,24667.7,24532.4,24538.6
USTEC,H4,2025-10-17T08:00:00Z,24538.2,24542.7,24242.4,24323.5
USTEC,H4,2025-10-17T12:00:00Z,24323.2,24633.6,24315.0,24569.6
USTEC,H4,2025-10-17T16:00:00Z,24570.1,24804.8,24505.0,24734.8
USTEC,H4,2025-10-17T20:00:00Z,24735.5,24884.9,24662.2,24865.0
USTEC,H4,2025-10-20T00:00:00Z,24925.6,24927.3,24792.3,24882.6
USTEC,H4,2025-10-20T04:00:00Z,24882.6,24955.5,24862.5,24947.8
USTEC,H4,2025-10-20T08:00:00Z,24947.8,24988.5,24902.3,24909.8
USTEC,H4,2025-10-20T12:00:00Z,24910.1,24967.8,24874.6,24966.0
USTEC,H4,2025-10-20T16:00:00Z,24965.3,25180.9,24951.8,25150.3
USTEC,H4,2025-10-20T20:00:00Z,25149.6,25186.8,25122.3,25155.4
USTEC,H4,2025-10-21T00:00:00Z,25160.1,25179.3,25143.2,25176.8
USTEC,H4,2025-10-21T04:00:00Z,25176.9,25203.1,25130.3,25142.6
USTEC,H4,2025-10-21T08:00:00Z,25142.8,25152.1,25088.3,25102.8
USTEC,H4,2025-10-21T12:00:00Z,25102.8,25150.3,25094.2,25133.9
USTEC,H4,2025-10-21T16:00:00Z,25133.8,25182.9,25038.7,25120.5
USTEC,H4,2025-10-21T20:00:00Z,25121.1,25169.0,25064.1,25099.6
USTEC,H4,2025-10-22T00:00:00Z,25113.5,25121.5,25058.8,25064.1
USTEC,H4,2025-10-22T04:00:00Z,25064.1,25170.6,25054.9,25155.3
USTEC,H4,2025-10-22T08:00:00Z,25155.4,25176.3,25089.6,25105.1
USTEC,H4,2025-10-22T12:00:00Z,25104.9,25143.1,25044.9,25098.6
USTEC,H4,2025-10-22T16:00:00Z,25098.5,25127.1,24708.7,24830.2
USTEC,H4,2025-10-22T20:00:00Z,24828.7,24918.5,24643.4,24880.4
USTEC,H4,2025-10-23T00:00:00Z,24853.3,24909.3,24796.6,24894.4
USTEC,H4,2025-10-23T04:00:00Z,24894.5,24958.4,24891.4,24916.5
USTEC,H4,2025-10-23T08:00:00Z,24916.5,24972.6,24898.7,24929.3
USTEC,H4,2025-10-23T12:00:00Z,24929.3,24937.1,24781.9,24853.8
USTEC,H4,2025-10-23T16:00:00Z,24854.3,25084.1,24787.8,25083.1
USTEC,H4,2025-10-23T20:00:00Z,25083.0,25138.1,25033.3,25118.6
USTEC,H4,2025-10-24T00:00:00Z,25131.3,25153.4,25131.1,25149.4
USTEC,H4,2025-10-24T04:00:00Z,25148.6,25183.9,25146.0,25181.0
USTEC,H4,2025-10-24T08:00:00Z,25180.9,25229.5,25172.6,25206.0
USTEC,H4,2025-10-24T12:00:00Z,25205.0,25374.5,25204.6,25311.2
USTEC,H4,2025-10-24T16:00:00Z,25311.2,25413.4,25283.3,25402.8
USTEC,H4,2025-10-24T20:00:00Z,25402.6,25419.3,25348.5,25360.3
USTEC,H4,2025-10-27T00:00:00Z,25607.4,25611.3,25553.8,25576.4
USTEC,H4,2025-10-27T04:00:00Z,25576.9,25626.4,25564.9,25616.0
USTEC,H4,2025-10-27T08:00:00Z,25616.3,25669.9,25614.8,25656.2
USTEC,H4,2025-10-27T12:00:00Z,25656.3,25706.0,25643.9,25684.7
USTEC,H4,2025-10-27T16:00:00Z,25684.4,25770.6,25650.5,25767.3
USTEC,H4,2025-10-27T20:00:00Z,25767.3,25866.0,25746.0,25856.8
USTEC,H4,2025-10-28T00:00:00Z,25852.1,25874.2,25830.7,25831.9
USTEC,H4,2025-10-28T04:00:00Z,25831.4,25845.2,25812.6,25814.1
USTEC,H4,2025-10-28T08:00:00Z,25814.2,25841.1,25799.4,25824.7
USTEC,H4,2025-10-28T12:00:00Z,25824.9,25880.8,25819.2,25869.1
USTEC,H4,2025-10-28T16:00:00Z,25868.7,25999.2,25864.4,25964.9
USTEC,H4,2025-10-28T20:00:00Z,25964.1,26086.2,25960.1,26027.1
USTEC,H4,2025-10-29T00:00:00Z,26038.9,26051.6,26022.9,26032.7
USTEC,H4,2025-10-29T04:00:00Z,26032.6,26110.2,26030.4,26103.7
USTEC,H4,2025-10-29T08:00:00Z,26103.6,26167.6,26102.8,26126.8
USTEC,H4,2025-10-29T12:00:00Z,26126.7,26154.4,26084.3,26118.3
USTEC,H4,2025-10-29T16:00:00Z,26118.1,26183.9,26061.6,26111.3
USTEC,H4,2025-10-29T20:00:00Z,26111.3,26234.3,25906.2,26080.1
USTEC,H4,2025-10-30T00:00:00Z,26060.4,26177.6,26015.1,26149.2
USTEC,H4,2025-10-30T04:00:00Z,26149.4,26258.9,25999.7,26065.8
USTEC,H4,2025-10-30T08:00:00Z,26065.7,26188.2,26049.7,26130.1
USTEC,H4,2025-10-30T12:00:00Z,26130.8,26151.1,25946.2,25947.6
USTEC,H4,2025-10-30T16:00:00Z,25947.4,26038.9,25803.9,25933.6
USTEC,H4,2025-10-30T20:00:00Z,25933.4,26008.2,25714.6,26007.6
USTEC,H4,2025-10-31T00:00:00Z,26031.7,26062.9,25991.2,26057.8
USTEC,H4,2025-10-31T04:00:00Z,26057.3,26077.0,26024.8,26056.2
USTEC,H4,2025-10-31T08:00:00Z,26056.3,26083.2,26008.0,26062.0
USTEC,H4,2025-10-31T12:00:00Z,26062.0,26136.3,26025.0,26075.7
USTEC,H4,2025-10-31T16:00:00Z,26074.8,26080.5,25795.7,25813.1
USTEC,H4,2025-10-31T20:00:00Z,25810.6,25981.3,25753.1,25848.0
USTEC,H4,2025-11-03T00:00:00Z,25892.8,25988.5,25889.1,25955.0
USTEC,H4,2025-11-03T04:00:00Z,25954.8,25979.9,25916.5,25933.0
USTEC,H4,2025-11-03T08:00:00Z,25933.3,26021.2,25882.9,25995.5
USTEC,H4,2025-11-03T12:00:00Z,25995.9,26056.7,25989.4,26053.7
USTEC,H4,2025-11-03T16:00:00Z,26054.5,26131.1,25883.3,26015.5
USTEC,H4,2025-11-03T20:00:00Z,26015.8,26041.9,25932.2,25974.9
USTEC,H4,2025-11-04T00:00:00Z,25958.2,25967.5,25853.2,25878.6
USTEC,H4,2025-11-04T04:00:00Z,25878.5,25878.5,25678.2,25692.6
USTEC,H4,2025-11-04T08:00:00Z,25692.5,25695.6,25539.4,25545.1
USTEC,H4,2025-11-04T12:00:00Z,25544.6,25662.4,25515.5,25586.4
USTEC,H4,2025-11-04T16:00:00Z,25586.0,25763.9,25513.5,25549.8
USTEC,H4,2025-11-04T20:00:00Z,25547.3,25557.3,25393.5,25447.4
USTEC,H4,2025-11-05T00:00:00Z,25436.8,25447.0,25156.6,25211.3
USTEC,H4,2025-11-05T04:00:00Z,25211.6,25408.8,25170.1,25355.2
USTEC,H4,2025-11-05T08:00:00Z,25355.1,25426.7,25327.8,25392.7
USTEC,H4,2025-11-05T12:00:00Z,25392.6,25469.3,25278.0,25460.6
USTEC,H4,2025-11-05T16:00:00Z,25460.6,25701.6,25361.5,25685.9
USTEC,H4,2025-11-05T20:00:00Z,25685.1,25750.9,25568.3,25602.8
USTEC,H4,2025-11-06T00:00:00Z,25625.6,25650.7,25493.5,25549.9
USTEC,H4,2025-11-06T04:00:00Z,25549.6,25619.0,25515.7,25569.1
USTEC,H4,2025-11-06T08:00:00Z,25568.7,25623.4,25505.6,25604.0
USTEC,H4,2025-11-06T12:00:00Z,25604.9,25698.4,25602.5,25643.0
USTEC,H4,2025-11-06T16:00:00Z,25643.2,25650.4,25078.2,25217.4
USTEC,H4,2025-11-06T20:00:00Z,25216.4,25317.8,25105.7,25192.4
USTEC,H4,2025-11-07T00:00:00Z,25171.6,25235.6,25086.6,25157.7
USTEC,H4,2025-11-07T04:00:00Z,25157.4,25221.0,25048.6,25221.0
USTEC,H4,2025-11-07T08:00:00Z,25221.8,25243.6,25129.5,25148.1
USTEC,H4,2025-11-07T12:00:00Z,25148.3,25166.2,24952.3,25000.3
USTEC,H4,2025-11-07T16:00:00Z,24999.3,25012.8,24600.0,24732.0
USTEC,H4,2025-11-07T20:00:00Z,24733.4,25121.6,24712.6,25121.0
USTEC,H4,2025-11-10T00:00:00Z,25270.3,25330.9,25163.2,25322.6
USTEC,H4,2025-11-10T04:00:00Z,25322.6,25389.7,25303.6,25377.4
USTEC,H4,2025-11-10T08:00:00Z,25377.4,25462.4,25351.2,25446.6
USTEC,H4,2025-11-10T12:00:00Z,25447.4,25452.7,25398.4,25449.2
USTEC,H4,2025-11-10T16:00:00Z,25449.6,25560.8,25350.4,25532.4
USTEC,H4,2025-11-10T20:00:00Z,25532.5,25656.0,25526.3,25616.7
USTEC,H4,2025-11-11T00:00:00Z,25633.5,25667.6,25601.3,25641.9
USTEC,H4,2025-11-11T04:00:00Z,25641.9,25652.9,25551.5,25552.0
USTEC,H4,2025-11-11T08:00:00Z,25552.1,25603.1,25495.5,25501.8
USTEC,H4,2025-11-11T12:00:00Z,25501.8,25542.3,25471.4,25495.6
USTEC,H4,2025-11-11T16:00:00Z,25495.5,25543.9,25378.9,25516.6
USTEC,H4,2025-11-11T20:00:00Z,25516.4,25591.7,25506.2,25551.8
USTEC,H4,2025-11-12T00:00:00Z,25561.8,25634.5,25525.5,25626.5
USTEC,H4,2025-11-12T04:00:00Z,25626.7,25656.8,25590.4,25639.3
USTEC,H4,2025-11-12T08:00:00Z,25639.2,25721.0,25637.2,25715.2
USTEC,H4,2025-11-12T12:00:00Z,25715.3,25725.8,25617.3,25696.3
USTEC,H4,2025-11-12T16:00:00Z,25696.4,25697.3,25385.1,25506.2
USTEC,H4,2025-11-12T20:00:00Z,25506.1,25551.3,25442.3,25522.5
USTEC,H4,2025-11-13T00:00:00Z,25527.7,25619.2,25402.0,25590.7
USTEC,H4,2025-11-13T04:00:00Z,25590.5,25608.9,25533.0,25596.4
USTEC,H4,2025-11-13T08:00:00Z,25596.5,25620.7,25430.7,25466.7
USTEC,H4,2025-11-13T12:00:00Z,25467.2,25528.4,25391.5,25397.6
USTEC,H4,2025-11-13T16:00:00Z,25397.4,25408.7,25025.4,25035.9
USTEC,H4,2025-11-13T20:00:00Z,25036.7,25067.7,24902.7,24987.7
USTEC,H4,2025-11-14T00:00:00Z,25001.0,25055.8,24999.4,25022.2
USTEC,H4,2025-11-14T04:00:00Z,25023.3,25057.6,24879.1,25005.6
USTEC,H4,2025-11-14T08:00:00Z,25005.6,25007.6,24804.8,24845.1
USTEC,H4,2025-11-14T12:00:00Z,24845.2,24898.1,24562.2,24621.7
USTEC,H4,2025-11-14T16:00:00Z,24621.6,25198.6,24530.6,25108.9
USTEC,H4,2025-11-14T20:00:00Z,25109.5,25157.1,24980.4,25052.3
USTEC,H4,2025-11-17T00:00:00Z,25043.8,25169.3,24935.9,25112.4
USTEC,H4,2025-11-17T04:00:00Z,25112.0,25199.3,25112.0,25159.2
USTEC,H4,2025-11-17T08:00:00Z,25159.4,25274.2,25142.3,25196.8
USTEC,H4,2025-11-17T12:00:00Z,25197.4,25203.0,24923.7,24992.2
USTEC,H4,2025-11-17T16:00:00Z,24992.0,25167.0,24859.6,24912.4
USTEC,H4,2025-11-17T20:00:00Z,24912.8,24962.5,24644.5,24817.6
USTEC,H4,2025-11-18T00:00:00Z,24818.5,24873.2,24744.9,24849.0
USTEC,H4,2025-11-18T04:00:00Z,24848.0,24867.5,24521.7,24622.3
USTEC,H4,2025-11-18T08:00:00Z,24623.4,24773.3,24518.3,24751.5
USTEC,H4,2025-11-18T12:00:00Z,24751.8,24760.7,24573.7,24645.8
USTEC,H4,2025-11-18T16:00:00Z,24646.2,24745.7,24295.5,24664.3
USTEC,H4,2025-11-18T20:00:00Z,24665.8,24723.7,24438.2,24447.0
USTEC,H4,2025-11-19T00:00:00Z,24481.0,24545.6,24414.6,24467.8
USTEC,H4,2025-11-19T04:00:00Z,24467.5,24572.6,24363.4,24451.6
USTEC,H4,2025-11-19T08:00:00Z,24451.5,24598.8,24437.5,24593.5
USTEC,H4,2025-11-19T12:00:00Z,24593.6,24646.0,24557.5,24581.4
USTEC,H4,2025-11-19T16:00:00Z,24581.5,24903.1,24426.1,24550.9
USTEC,H4,2025-11-19T20:00:00Z,24551.1,24892.4,24487.3,24871.0
USTEC,H4,2025-11-20T00:00:00Z,24895.3,25081.4,24881.8,25071.4
USTEC,H4,2025-11-20T04:00:00Z,25071.0,25123.3,25044.2,25083.3
USTEC,H4,2025-11-20T08:00:00Z,25083.3,25121.3,24961.2,24974.3
USTEC,H4,2025-11-20T12:00:00Z,24974.0,25179.2,24936.9,25144.7
USTEC,H4,2025-11-20T16:00:00Z,25145.9,25223.5,24224.0,24308.8
USTEC,H4,2025-11-20T20:00:00Z,24309.5,24513.5,23988.3,23994.3
USTEC,H4,2025-11-21T00:00:00Z,24032.4,24160.4,23945.1,24130.8
USTEC,H4,2025-11-21T04:00:00Z,24130.9,24161.9,24023.9,24066.6
USTEC,H4,2025-11-21T08:00:00Z,24066.4,24142.1,23956.6,23960.6
USTEC,H4,2025-11-21T12:00:00Z,23960.4,24216.9,23829.5,24169.3
USTEC,H4,2025-11-21T16:00:00Z,24168.8,24339.9,23854.1,24276.3
USTEC,H4,2025-11-21T20:00:00Z,24275.1,24521.3,24129.4,24273.9
USTEC,H4,2025-11-24T00:00:00Z,24460.5,24465.8,24334.8,24379.9
USTEC,H4,2025-11-24T04:00:00Z,24380.6,24453.1,24362.6,24426.2
USTEC,H4,2025-11-24T08:00:00Z,24426.3,24493.2,24297.7,24353.2
USTEC,H4,2025-11-24T12:00:00Z,24353.3,24494.4,24293.2,24429.3
USTEC,H4,2025-11-24T16:00:00Z,24427.9,24866.6,24425.6,24847.7
USTEC,H4,2025-11-24T20:00:00Z,24847.8,24919.9,24821.1,24889.7
USTEC,H4,2025-11-25T00:00:00Z,24906.8,24915.8,24848.5,24852.8
USTEC,H4,2025-11-25T04:00:00Z,24853.1,24888.3,24843.0,24850.3
USTEC,H4,2025-11-25T08:00:00Z,24850.4,24868.0,24751.6,24786.5
USTEC,H4,2025-11-25T12:00:00Z,24786.3,24904.8,24765.1,24813.0
USTEC,H4,2025-11-25T16:00:00Z,24813.1,24989.7,24531.9,24916.2
USTEC,H4,2025-11-25T20:00:00Z,24916.6,25067.0,24870.3,24997.4
USTEC,H4,2025-11-26T00:00:00Z,25002.1,25103.7,24995.7,25098.8
USTEC,H4,2025-11-26T04:00:00Z,25098.6,25135.3,25089.9,25132.6
USTEC,H4,2025-11-26T08:00:00Z,25132.9,25168.7,25071.7,25085.5
USTEC,H4,2025-11-26T12:00:00Z,25085.7,25156.1,25056.0,25151.5
USTEC,H4,2025-11-26T16:00:00Z,25151.1,25312.5,25072.5,25274.0
USTEC,H4,2025-11-26T20:00:00Z,25274.4,25295.4,25217.6,25251.2
USTEC,H4,2025-11-27T00:00:00Z,25259.1,25277.1,25242.4,25272.1
USTEC,H4,2025-11-27T04:00:00Z,25272.2,25275.9,25243.1,25262.1
USTEC,H4,2025-11-27T08:00:00Z,25261.9,25266.7,25231.3,25241.4
USTEC,H4,2025-11-27T12:00:00Z,25242.2,25263.2,25228.3,25238.6
USTEC,H4,2025-11-27T16:00:00Z,25238.4,25255.9,25223.9,25238.9
USTEC,H4,2025-11-28T00:00:00Z,25247.4,25306.0,25241.9,25281.8
USTEC,H4,2025-11-28T04:00:00Z,25281.5,25290.6,25277.8,25285.3
USTEC,H4,2025-11-28T08:00:00Z,25285.3,25285.3,25283.8,25283.8
USTEC,H4,2025-11-28T12:00:00Z,25328.6,25328.6,25310.8,25310.9
USTEC,H4,2025-11-28T16:00:00Z,25311.4,25433.0,25271.4,25430.0
USTEC,H4,2025-11-28T20:00:00Z,25431.4,25443.4,25412.6,25424.0
USTEC,H4,2025-12-01T00:00:00Z,25460.0,25477.3,25216.1,25267.5
USTEC,H4,2025-12-01T04:00:00Z,25267.1,25276.7,25143.4,25201.4
USTEC,H4,2025-12-01T08:00:00Z,25201.0,25292.2,25182.1,25230.7
USTEC,H4,2025-12-01T12:00:00Z,25230.9,25282.7,25160.6,25215.7
USTEC,H4,2025-12-01T16:00:00Z,25215.6,25445.0,25158.9,25400.2
USTEC,H4,2025-12-01T20:00:00Z,25400.2,25441.9,25304.3,25348.6
USTEC,H4,2025-12-02T00:00:00Z,25363.8,25394.8,25329.3,25363.7
USTEC,H4,2025-12-02T04:00:00Z,25363.6,25382.3,25299.2,25323.4
USTEC,H4,2025-12-02T08:00:00Z,25322.6,25401.1,25275.8,25392.1
USTEC,H4,2025-12-02T12:00:00Z,25391.4,25464.6,25386.8,25456.7
USTEC,H4,2025-12-02T16:00:00Z,25457.4,25620.0,25365.0,25456.7
USTEC,H4,2025-12-02T20:00:00Z,25454.4,25596.9,25447.4,25553.2
USTEC,H4,2025-12-03T00:00:00Z,25579.4,25600.5,25527.9,25591.1
USTEC,H4,2025-12-03T04:00:00Z,25591.1,25628.8,25588.4,25611.6
USTEC,H4,2025-12-03T08:00:00Z,25611.6,25628.1,25564.8,25589.0
USTEC,H4,2025-12-03T12:00:00Z,25589.1,25628.3,25557.1,25600.3
USTEC,H4,2025-12-03T16:00:00Z,25600.3,25604.3,25372.9,25578.7
USTEC,H4,2025-12-03T20:00:00Z,25579.0,25638.7,25561.3,25600.1
USTEC,H4,2025-12-04T00:00:00Z,25608.8,25620.1,25577.8,25596.1
USTEC,H4,2025-12-04T04:00:00Z,25596.4,25610.5,25569.1,25594.8
USTEC,H4,2025-12-04T08:00:00Z,25594.8,25647.1,25558.6,25639.1
USTEC,H4,2025-12-04T12:00:00Z,25639.4,25646.1,25573.8,25586.8
USTEC,H4,2025-12-04T16:00:00Z,25587.0,25687.1,25463.6,25572.7
USTEC,H4,2025-12-04T20:00:00Z,25572.3,25592.5,25446.3,25587.0
USTEC,H4,2025-12-05T00:00:00Z,25596.1,25641.8,25566.9,25639.9
USTEC,H4,2025-12-05T04:00:00Z,25639.9,25682.4,25637.7,25681.4
USTEC,H4,2025-12-05T08:00:00Z,25681.2,25712.2,25662.2,25676.3
USTEC,H4,2025-12-05T12:00:00Z,25676.3,25690.9,25538.7,25572.2
USTEC,H4,2025-12-05T16:00:00Z,25572.7,25826.0,25569.9,25689.0
USTEC,H4,2025-12-05T20:00:00Z,25689.0,25718.9,25639.1,25696.2
USTEC,H4,2025-12-08T00:00:00Z,25731.9,25735.4,25664.9,25732.5
USTEC,H4,2025-12-08T04:00:00Z,25732.4,25768.1,25726.1,25758.5
USTEC,H4,2025-12-08T08:00:00Z,25758.4,25783.9,25731.5,25737.0
USTEC,H4,2025-12-08T12:00:00Z,25737.2,25795.8,25725.4,25773.3
USTEC,H4,2025-12-08T16:00:00Z,25773.0,25823.6,25558.1,25643.6
USTEC,H4,2025-12-08T20:00:00Z,25643.5,25670.9,25528.3,25670.1
USTEC,H4,2025-12-09T00:00:00Z,25673.1,25694.6,25651.7,25658.3
USTEC,H4,2025-12-09T04:00:00Z,25658.2,25674.4,25629.2,25629.4
USTEC,H4,2025-12-09T08:00:00Z,25629.8,25678.7,25613.3,25622.6
USTEC,H4,2025-12-09T12:00:00Z,25622.7,25657.9,25572.3,25583.2
USTEC,H4,2025-12-09T16:00:00Z,25582.7,25699.0,25526.2,25682.4
USTEC,H4,2025-12-09T20:00:00Z,25682.3,25700.8,25640.6,25644.3
USTEC,H4,2025-12-10T00:00:00Z,25653.5,25661.8,25608.3,25623.8
USTEC,H4,2025-12-10T04:00:00Z,25624.1,25677.8,25622.9,25649.9
USTEC,H4,2025-12-10T08:00:00Z,25649.9,25713.8,25649.4,25677.4
USTEC,H4,2025-12-10T12:00:00Z,25677.4,25701.6,25584.4,25641.4
USTEC,H4,2025-12-10T16:00:00Z,25641.3,25650.9,25499.5,25634.6
USTEC,H4,2025-12-10T20:00:00Z,25634.3,25835.8,25565.0,25772.3
USTEC,H4,2025-12-11T00:00:00Z,25753.2,25761.7,25623.8,25632.2
USTEC,H4,2025-12-11T04:00:00Z,25631.9,25633.3,25356.1,25486.2
USTEC,H4,2025-12-11T08:00:00Z,25486.4,25595.1,25444.4,25575.8
USTEC,H4,2025-12-11T12:00:00Z,25576.9,25672.9,25552.4,25615.8
USTEC,H4,2025-12-11T16:00:00Z,25616.3,25652.9,25362.2,25567.5
USTEC,H4,2025-12-11T20:00:00Z,25565.0,25836.1,25557.3,25816.0
USTEC,H4,2025-12-12T00:00:00Z,25690.2,25709.0,25621.2,25657.0
USTEC,H4,2025-12-12T04:00:00Z,25656.9,25682.2,25632.5,25669.3
USTEC,H4,2025-12-12T08:00:00Z,25669.4,25682.9,25541.0,25566.4
USTEC,H4,2025-12-12T12:00:00Z,25566.8,25604.7,25511.5,25604.2
USTEC,H4,2025-12-12T16:00:00Z,25603.9,25611.2,25101.3,25260.6
USTEC,H4,2025-12-12T20:00:00Z,25261.1,25352.1,25129.9,25186.1
USTEC,H4,2025-12-15T00:00:00Z,25213.0,25250.4,25122.5,25248.5
USTEC,H4,2025-12-15T04:00:00Z,25248.1,25269.2,25219.1,25262.9
USTEC,H4,2025-12-15T08:00:00Z,25262.9,25318.9,25216.9,25311.0
USTEC,H4,2025-12-15T12:00:00Z,25310.9,25369.0,25303.0,25365.9
USTEC,H4,2025-12-15T16:00:00Z,25365.9,25394.7,25021.0,25109.7
USTEC,H4,2025-12-15T20:00:00Z,25108.7,25160.2,25056.6,25076.4
USTEC,H4,2025-12-16T00:00:00Z,25090.6,25103.6,24846.1,24884.7
USTEC,H4,2025-12-16T04:00:00Z,24885.5,24919.7,24837.2,24848.2
USTEC,H4,2025-12-16T08:00:00Z,24848.8,24965.2,24809.8,24917.1
USTEC,H4,2025-12-16T12:00:00Z,24917.2,25115.6,24902.0,24988.0
USTEC,H4,2025-12-16T16:00:00Z,24988.2,25145.0,24918.1,24941.0
USTEC,H4,2025-12-16T20:00:00Z,24938.5,25177.1,24915.0,25068.1
USTEC,H4,2025-12-17T00:00:00Z,25085.2,25111.6,25016.7,25107.2
USTEC,H4,2025-12-17T04:00:00Z,25106.7,25129.9,25041.8,25102.7
USTEC,H4,2025-12-17T08:00:00Z,25102.2,25219.8,25101.7,25213.9
USTEC,H4,2025-12-17T12:00:00Z,25212.9,25257.9,25148.3,25214.4
USTEC,H4,2025-12-17T16:00:00Z,25215.6,25231.2,24739.4,24784.0
USTEC,H4,2025-12-17T20:00:00Z,24784.3,24839.8,24653.0,24729.4
USTEC,H4,2025-12-18T00:00:00Z,24760.3,24764.8,24668.7,24728.5
USTEC,H4,2025-12-18T04:00:00Z,24729.0,24778.9,24669.8,24752.3
USTEC,H4,2025-12-18T08:00:00Z,24752.3,24862.8,24721.2,24861.7
USTEC,H4,2025-12-18T12:00:00Z,24862.0,25028.9,24830.4,24988.7
USTEC,H4,2025-12-18T16:00:00Z,24985.9,25176.3,24927.8,25120.8
USTEC,H4,2025-12-18T20:00:00Z,25121.0,25157.7,24950.0,24978.6
USTEC,H4,2025-12-19T00:00:00Z,24996.3,25039.7,24968.8,25029.7
USTEC,H4,2025-12-19T04:00:00Z,25028.7,25084.7,25000.1,25054.2
USTEC,H4,2025-12-19T08:00:00Z,25054.5,25155.7,25030.0,25146.8
USTEC,H4,2025-12-19T12:00:00Z,25146.6,25147.5,25036.8,25085.8
USTEC,H4,2025-12-19T16:00:00Z,25085.8,25362.9,25061.7,25341.1
USTEC,H4,2025-12-19T20:00:00Z,25341.0,25360.6,25305.3,25356.6
USTEC,H4,2025-12-22T00:00:00Z,25415.5,25459.8,25394.8,25451.4
USTEC,H4,2025-12-22T04:00:00Z,25451.3,25461.9,25425.3,25436.9
USTEC,H4,2025-12-22T08:00:00Z,25436.8,25487.9,25436.8,25475.1
USTEC,H4,2025-12-22T12:00:00Z,25475.1,25519.6,25460.5,25515.6
USTEC,H4,2025-12-22T16:00:00Z,25516.1,25557.2,25393.2,25485.3
USTEC,H4,2025-12-22T20:00:00Z,25485.2,25486.2,25438.0,25464.7
USTEC,H4,2025-12-23T00:00:00Z,25468.4,25496.4,25462.7,25477.2
USTEC,H4,2025-12-23T04:00:00Z,25477.0,25504.8,25444.5,25444.7
USTEC,H4,2025-12-23T08:00:00Z,25444.4,25494.9,25420.4,25485.7
USTEC,H4,2025-12-23T12:00:00Z,25485.4,25491.3,25375.4,25386.8
USTEC,H4,2025-12-23T16:00:00Z,25387.0,25544.3,25375.8,25521.7
USTEC,H4,2025-12-23T20:00:00Z,25521.3,25589.5,25518.8,25578.4
USTEC,H4,2025-12-24T00:00:00Z,25577.5,25594.4,25570.5,25576.8
USTEC,H4,2025-12-24T04:00:00Z,25576.8,25584.0,25551.5,25564.5
USTEC,H4,2025-12-24T08:00:00Z,25564.7,25580.3,25557.0,25572.6
USTEC,H4,2025-12-24T12:00:00Z,25572.3,25604.9,25559.2,25596.2
USTEC,H4,2025-12-24T16:00:00Z,25596.1,25665.2,25557.9,25651.6
USTEC,H4,2025-12-24T20:00:00Z,25651.7,25655.0,25626.1,25638.1
USTEC,H4,2025-12-26T00:00:00Z,25655.1,25694.9,25645.1,25668.2
USTEC,H4,2025-12-26T04:00:00Z,25668.2,25681.2,25650.6,25654.2
USTEC,H4,2025-12-26T08:00:00Z,25654.2,25659.1,25621.9,25654.7
USTEC,H4,2025-12-26T12:00:00Z,25654.4,25701.6,25645.2,25675.3
USTEC,H4,2025-12-26T16:00:00Z,25675.6,25713.1,25613.1,25650.1
USTEC,H4,2025-12-26T20:00:00Z,25650.6,25677.1,25632.3,25635.1
USTEC,H4,2025-12-29T00:00:00Z,25654.2,25679.0,25621.9,25627.7
USTEC,H4,2025-12-29T04:00:00Z,25627.7,25653.2,25603.5,25606.1
USTEC,H4,2025-12-29T08:00:00Z,25606.1,25628.1,25517.5,25548.6
USTEC,H4,2025-12-29T12:00:00Z,25548.6,25562.1,25447.2,25479.2
USTEC,H4,2025-12-29T16:00:00Z,25480.0,25603.7,25435.1,25486.6
USTEC,H4,2025-12-29T20:00:00Z,25486.2,25561.0,25467.6,25530.5
USTEC,H4,2025-12-30T00:00:00Z,25529.7,25531.6,25483.6,25511.4
USTEC,H4,2025-12-30T04:00:00Z,25511.5,25540.7,25488.4,25531.6
USTEC,H4,2025-12-30T08:00:00Z,25531.4,25538.9,25472.0,25526.1
USTEC,H4,2025-12-30T12:00:00Z,25526.0,25532.7,25478.7,25501.1
USTEC,H4,2025-12-30T16:00:00Z,25501.2,25581.0,25461.8,25516.0
USTEC,H4,2025-12-30T20:00:00Z,25516.0,25531.0,25456.7,25462.9
USTEC,H4,2025-12-31T00:00:00Z,25475.7,25479.1,25378.1,25407.9
USTEC,H4,2025-12-31T04:00:00Z,25407.7,25425.4,25384.2,25389.1
USTEC,H4,2025-12-31T08:00:00Z,25388.9,25399.1,25343.1,25358.4
USTEC,H4,2025-12-31T12:00:00Z,25358.5,25504.6,25350.9,25492.9
USTEC,H4,2025-12-31T16:00:00Z,25492.4,25506.5,25332.5,25371.5
USTEC,H4,2025-12-31T20:00:00Z,25371.0,25423.8,25219.0,25220.9
USTEC,H4,2026-01-02T00:00:00Z,25267.8,25348.3,25242.4,25347.3
USTEC,H4,2026-01-02T04:00:00Z,25347.5,25435.5,25347.2,25431.0
USTEC,H4,2026-01-02T08:00:00Z,25430.9,25530.3,25417.2,25525.4
USTEC,H4,2026-01-02T12:00:00Z,25526.4,25534.7,25471.7,25484.6
USTEC,H4,2026-01-02T16:00:00Z,25484.6,25592.1,25097.4,25133.5
USTEC,H4,2026-01-02T20:00:00Z,25132.3,25270.4,25075.0,25210.8
USTEC,H4,2026-01-05T00:00:00Z,25247.4,25304.5,25224.8,25275.9
USTEC,H4,2026-01-05T04:00:00Z,25275.4,25314.8,25271.1,25312.5
USTEC,H4,2026-01-05T08:00:00Z,25312.3,25373.5,25273.1,25329.5
USTEC,H4,2026-01-05T12:00:00Z,25329.6,25408.1,25328.5,25393.6
USTEC,H4,2026-01-05T16:00:00Z,25393.4,25524.8,25357.6,25443.2
USTEC,H4,2026-01-05T20:00:00Z,25443.1,25448.2,25365.5,25394.6
USTEC,H4,2026-01-06T00:00:00Z,25405.1,25420.7,25371.3,25415.7
USTEC,H4,2026-01-06T04:00:00Z,25415.7,25471.1,25410.7,25461.4
USTEC,H4,2026-01-06T08:00:00Z,25461.3,25492.2,25345.2,25403.6
USTEC,H4,2026-01-06T12:00:00Z,25403.9,25467.8,25389.8,25434.9
USTEC,H4,2026-01-06T16:00:00Z,25434.4,25604.5,25410.8,25578.8
USTEC,H4,2026-01-06T20:00:00Z,25579.0,25651.4,25564.5,25645.8
USTEC,H4,2026-01-07T00:00:00Z,25641.0,25660.4,25628.0,25632.6
USTEC,H4,2026-01-07T04:00:00Z,25632.5,25648.3,25591.6,25599.0
USTEC,H4,2026-01-07T08:00:00Z,25599.3,25615.6,25543.0,25569.5
USTEC,H4,2026-01-07T12:00:00Z,25569.3,25609.8,25544.3,25604.6
USTEC,H4,2026-01-07T16:00:00Z,25604.4,25815.7,25578.1,25790.2
USTEC,H4,2026-01-07T20:00:00Z,25790.6,25798.1,25634.8,25656.5
USTEC,H4,2026-01-08T00:00:00Z,25670.1,25671.2,25629.0,25659.2
USTEC,H4,2026-01-08T04:00:00Z,25659.5,25662.1,25559.7,25560.0
USTEC,H4,2026-01-08T08:00:00Z,25560.2,25625.2,25493.3,25591.6
USTEC,H4,2026-01-08T12:00:00Z,25591.3,25640.2,25565.7,25621.7
USTEC,H4,2026-01-08T16:00:00Z,25621.6,25633.0,25392.5,25505.4
USTEC,H4,2026-01-08T20:00:00Z,25505.6,25563.9,25422.4,25534.5
USTEC,H4,2026-01-09T00:00:00Z,25546.6,25551.1,25452.1,25475.8
USTEC,H4,2026-01-09T04:00:00Z,25476.1,25519.4,25473.6,25517.6
USTEC,H4,2026-01-09T08:00:00Z,25517.5,25549.9,25476.6,25546.4
USTEC,H4,2026-01-09T12:00:00Z,25547.0,25631.9,25538.8,25628.8
USTEC,H4,2026-01-09T16:00:00Z,25628.6,25761.3,25443.9,25748.8
USTEC,H4,2026-01-09T20:00:00Z,25748.6,25811.7,25707.8,25759.8
USTEC,H4,2026-01-12T00:00:00Z,25766.9,25767.9,25554.6,25608.3
USTEC,H4,2026-01-12T04:00:00Z,25608.3,25608.7,25507.7,25529.8
USTEC,H4,2026-01-12T08:00:00Z,25530.2,25580.7,25464.1,25528.8
USTEC,H4,2026-01-12T12:00:00Z,25528.7,25593.1,25517.1,25573.9
USTEC,H4,2026-01-12T16:00:00Z,25574.1,25805.2,25550.9,25799.5
USTEC,H4,2026-01-12T20:00:00Z,25799.6,25851.4,25764.1,25771.2
USTEC,H4,2026-01-13T00:00:00Z,25775.7,25778.4,25680.4,25713.4
USTEC,H4,2026-01-13T04:00:00Z,25714.1,25741.1,25695.7,25735.6
USTEC,H4,2026-01-13T08:00:00Z,25735.9,25770.6,25727.4,25743.9
USTEC,H4,2026-01-13T12:00:00Z,25743.6,25879.4,25705.4,25804.6
USTEC,H4,2026-01-13T16:00:00Z,25802.0,25876.5,25644.4,25710.9
USTEC,H4,2026-01-13T20:00:00Z,25709.4,25762.5,25639.8,25734.2
USTEC,H4,2026-01-14T00:00:00Z,25744.0,25761.2,25716.0,25723.0
USTEC,H4,2026-01-14T04:00:00Z,25723.1,25762.5,25690.0,25693.1
USTEC,H4,2026-01-14T08:00:00Z,25693.0,25715.4,25672.6,25689.0
USTEC,H4,2026-01-14T12:00:00Z,25689.5,25689.9,25539.2,25591.2
USTEC,H4,2026-01-14T16:00:00Z,25590.5,25624.9,25274.7,25290.8
USTEC,H4,2026-01-14T20:00:00Z,25290.0,25494.9,25262.2,25446.9
USTEC,H4,2026-01-15T00:00:00Z,25434.4,25482.1,25402.0,25468.9
USTEC,H4,2026-01-15T04:00:00Z,25469.3,25487.0,25409.1,25461.6
USTEC,H4,2026-01-15T08:00:00Z,25461.5,25672.1,25450.6,25651.9
USTEC,H4,2026-01-15T12:00:00Z,25651.6,25756.0,25639.6,25733.0
USTEC,H4,2026-01-15T16:00:00Z,25734.1,25791.5,25644.2,25691.9
USTEC,H4,2026-01-15T20:00:00Z,25692.1,25748.9,25517.0,25544.2
USTEC,H4,2026-01-16T00:00:00Z,25561.4,25627.4,25545.6,25613.8
USTEC,H4,2026-01-16T04:00:00Z,25613.8,25664.4,25607.0,25652.0
USTEC,H4,2026-01-16T08:00:00Z,25652.0,25689.5,25639.5,25659.4
USTEC,H4,2026-01-16T12:00:00Z,25659.6,25716.5,25646.4,25670.3
USTEC,H4,2026-01-16T16:00:00Z,25670.4,25734.7,25435.9,25503.7
USTEC,H4,2026-01-16T20:00:00Z,25504.7,25591.9,25497.7,25526.4
USTEC,H4,2026-01-19T00:00:00Z,25259.0,25322.9,25220.7,25243.2
USTEC,H4,2026-01-19T04:00:00Z,25243.4,25265.7,25208.7,25238.1
USTEC,H4,2026-01-19T08:00:00Z,25238.1,25258.4,25108.0,25125.0
USTEC,H4,2026-01-19T12:00:00Z,25125.0,25193.0,25102.0,25164.9
USTEC,H4,2026-01-19T16:00:00Z,25164.7,25261.2,25081.9,25243.9
USTEC,H4,2026-01-20T00:00:00Z,25241.5,25279.1,25171.8,25267.0
USTEC,H4,2026-01-20T04:00:00Z,25266.9,25284.6,25213.9,25229.6
USTEC,H4,2026-01-20T08:00:00Z,25228.6,25236.9,24942.5,24981.3
USTEC,H4,2026-01-20T12:00:00Z,24981.9,25130.5,24956.3,25059.4
USTEC,H4,2026-01-20T16:00:00Z,25057.6,25278.4,25048.4,25145.5
USTEC,H4,2026-01-20T20:00:00Z,25142.1,25163.9,24951.7,24996.3
USTEC,H4,2026-01-21T00:00:00Z,25002.3,25073.7,24958.9,25057.0
USTEC,H4,2026-01-21T04:00:00Z,25057.3,25082.4,25023.3,25075.2
USTEC,H4,2026-01-21T08:00:00Z,25075.2,25101.7,24983.8,24984.4
USTEC,H4,2026-01-21T12:00:00Z,24984.7,25043.2,24881.7,24939.4
USTEC,H4,2026-01-21T16:00:00Z,24938.8,25349.1,24929.0,25101.1
USTEC,H4,2026-01-21T20:00:00Z,25098.7,25507.3,25005.8,25362.9
USTEC,H4,2026-01-22T00:00:00Z,25408.5,25458.8,25381.5,25452.5
USTEC,H4,2026-01-22T04:00:00Z,25452.8,25460.8,25386.0,25391.8
USTEC,H4,2026-01-22T08:00:00Z,25391.8,25573.8,25341.5,25557.0
USTEC,H4,2026-01-22T12:00:00Z,25557.1,25597.8,25517.4,25594.5
USTEC,H4,2026-01-22T16:00:00Z,25594.0,25597.1,25395.8,25569.7
USTEC,H4,2026-01-22T20:00:00Z,25569.9,25578.7,25442.9,25483.4
USTEC,H4,2026-01-23T00:00:00Z,25465.8,25548.3,25439.7,25547.0
USTEC,H4,2026-01-23T04:00:00Z,25547.7,25577.6,25528.5,25576.3
USTEC,H4,2026-01-23T08:00:00Z,25576.4,25594.8,25405.5,25423.6
USTEC,H4,2026-01-23T12:00:00Z,25423.1,25522.7,25415.0,25436.3
USTEC,H4,2026-01-23T16:00:00Z,25435.3,25710.4,25422.1,25558.9
USTEC,H4,2026-01-23T20:00:00Z,25558.0,25639.6,25537.5,25542.5
USTEC,H4,2026-01-26T00:00:00Z,25315.8,25538.7,25273.6,25518.4
USTEC,H4,2026-01-26T04:00:00Z,25519.7,25546.1,25468.2,25544.6
USTEC,H4,2026-01-26T08:00:00Z,25544.7,25611.8,25452.4,25488.2
USTEC,H4,2026-01-26T12:00:00Z,25488.2,25591.2,25483.9,25587.3
USTEC,H4,2026-01-26T16:00:00Z,25586.6,25800.6,25574.6,25758.2
USTEC,H4,2026-01-26T20:00:00Z,25758.3,25797.4,25701.8,25728.5
USTEC,H4,2026-01-27T00:00:00Z,25724.5,25796.0,25711.5,25792.8
USTEC,H4,2026-01-27T04:00:00Z,25792.6,25879.6,25791.7,25878.5
USTEC,H4,2026-01-27T08:00:00Z,25878.2,25898.2,25837.6,25844.6
USTEC,H4,2026-01-27T12:00:00Z,25844.5,25912.8,25840.7,25860.7
USTEC,H4,2026-01-27T16:00:00Z,25860.6,25976.9,25787.8,25931.0
USTEC,H4,2026-01-27T20:00:00Z,25931.4,25986.9,25907.9,25978.1
USTEC,H4,2026-01-28T00:00:00Z,26003.8,26099.5,25997.8,26076.2
USTEC,H4,2026-01-28T04:00:00Z,26076.0,26119.8,26064.0,26116.7
USTEC,H4,2026-01-28T08:00:00Z,26116.8,26219.9,26116.8,26156.2
USTEC,H4,2026-01-28T12:00:00Z,26156.0,26197.5,26126.5,26144.8
USTEC,H4,2026-01-28T16:00:00Z,26144.7,26168.0,25972.1,26012.1
USTEC,H4,2026-01-28T20:00:00Z,26012.2,26158.9,25869.0,26140.0
USTEC,H4,2026-01-29T00:00:00Z,26157.4,26167.5,25959.4,26002.1
USTEC,H4,2026-01-29T04:00:00Z,26002.2,26122.9,25996.5,26107.2
USTEC,H4,2026-01-29T08:00:00Z,26107.0,26153.7,26083.7,26084.9
USTEC,H4,2026-01-29T12:00:00Z,26084.7,26110.1,26024.2,26067.2
USTEC,H4,2026-01-29T16:00:00Z,26067.0,26070.0,25410.3,25637.3
USTEC,H4,2026-01-29T20:00:00Z,25637.7,25917.9,25635.5,25864.1
USTEC,H4,2026-01-30T00:00:00Z,25878.1,25897.2,25675.2,25731.3
USTEC,H4,2026-01-30T04:00:00Z,25731.1,25774.6,25615.2,25711.6
USTEC,H4,2026-01-30T08:00:00Z,25713.0,25717.7,25528.6,25576.1
USTEC,H4,2026-01-30T12:00:00Z,25576.2,25783.7,25572.8,25703.7
USTEC,H4,2026-01-30T16:00:00Z,25704.5,25817.5,25560.7,25562.5
USTEC,H4,2026-01-30T20:00:00Z,25562.1,25663.0,25451.2,25516.3
USTEC,H4,2026-02-02T00:00:00Z,25405.9,25535.3,25264.2,25296.8
USTEC,H4,2026-02-02T04:00:00Z,25297.3,25339.5,25106.9,25139.4
USTEC,H4,2026-02-02T08:00:00Z,25139.4,25352.7,25071.7,25343.3
USTEC,H4,2026-02-02T12:00:00Z,25343.2,25428.0,25280.7,25417.5
USTEC,H4,2026-02-02T16:00:00Z,25417.7,25826.5,25408.5,25808.7
USTEC,H4,2026-02-02T20:00:00Z,25809.1,25833.8,25707.1,25756.7
USTEC,H4,2026-02-03T00:00:00Z,25775.4,25878.2,25754.7,25847.6
USTEC,H4,2026-02-03T04:00:00Z,25847.7,25884.5,25788.6,25875.1
USTEC,H4,2026-02-03T08:00:00Z,25875.2,25915.5,25846.1,25857.4
USTEC,H4,2026-02-03T12:00:00Z,25857.4,25890.7,25811.0,25855.0
USTEC,H4,2026-02-03T16:00:00Z,25855.2,25864.7,25235.9,25278.2
USTEC,H4,2026-02-03T20:00:00Z,25274.9,25368.5,25111.5,25313.0
USTEC,H4,2026-02-04T00:00:00Z,25288.2,25349.2,25257.7,25333.6
USTEC,H4,2026-02-04T04:00:00Z,25335.7,25368.2,25294.4,25337.7
USTEC,H4,2026-02-04T08:00:00Z,25337.4,25408.8,25250.3,25297.6
USTEC,H4,2026-02-04T12:00:00Z,25297.7,25385.3,25237.9,25252.6
USTEC,H4,2026-02-04T16:00:00Z,25251.7,25282.9,24678.9,24768.6
USTEC,H4,2026-02-04T20:00:00Z,24768.4,25078.1,24715.2,25007.6
USTEC,H4,2026-02-05T00:00:00Z,24986.0,25068.9,24931.5,25023.1
USTEC,H4,2026-02-05T04:00:00Z,25024.2,25034.4,24815.6,24896.1
USTEC,H4,2026-02-05T08:00:00Z,24897.0,25023.6,24878.6,24929.6
USTEC,H4,2026-02-05T12:00:00Z,24929.9,24991.4,24607.9,24667.6
USTEC,H4,2026-02-05T16:00:00Z,24667.2,24859.5,24446.4,24682.8
USTEC,H4,2026-02-05T20:00:00Z,24682.9,24738.8,24307.5,24330.5
USTEC,H4,2026-02-06T00:00:00Z,24338.4,24438.3,24144.3,24433.2
USTEC,H4,2026-02-06T04:00:00Z,24433.2,24499.5,24330.3,24485.3
USTEC,H4,2026-02-06T08:00:00Z,24485.2,24685.4,24393.5,24653.2
USTEC,H4,2026-02-06T12:00:00Z,24653.2,24775.5,24615.0,24700.8
USTEC,H4,2026-02-06T16:00:00Z,24700.3,25012.8,24604.2,24996.6
USTEC,H4,2026-02-06T20:00:00Z,24997.0,25129.8,24964.9,25012.4
USTEC,H4,2026-02-09T00:00:00Z,25126.9,25260.8,25089.2,25132.0
USTEC,H4,2026-02-09T04:00:00Z,25132.2,25177.5,25091.5,25129.7
USTEC,H4,2026-02-09T08:00:00Z,25129.8,25136.4,24988.8,25002.3
USTEC,H4,2026-02-09T12:00:00Z,25002.3,25070.3,24882.5,24993.9
USTEC,H4,2026-02-09T16:00:00Z,24994.0,25329.3,24871.1,25268.4
USTEC,H4,2026-02-09T20:00:00Z,25268.3,25339.7,25226.1,25273.5
USTEC,H4,2026-02-10T00:00:00Z,25291.3,25308.8,25213.7,25248.1
USTEC,H4,2026-02-10T04:00:00Z,25248.1,25271.1,25192.2,25265.1
USTEC,H4,2026-02-10T08:00:00Z,25265.3,25317.1,25205.5,25277.1
USTEC,H4,2026-02-10T12:00:00Z,25277.0,25335.0,25206.1,25285.6
USTEC,H4,2026-02-10T16:00:00Z,25286.0,25359.8,25169.5,25297.3
USTEC,H4,2026-02-10T20:00:00Z,25296.5,25298.0,25111.6,25169.1
USTEC,H4,2026-02-11T00:00:00Z,25177.2,25241.3,25176.5,25230.8
USTEC,H4,2026-02-11T04:00:00Z,25231.1,25260.3,25195.3,25202.8
USTEC,H4,2026-02-11T08:00:00Z,25202.6,25231.6,25119.7,25120.5
USTEC,H4,2026-02-11T12:00:00Z,25120.6,25366.5,25062.7,25359.1
USTEC,H4,2026-02-11T16:00:00Z,25358.1,25380.3,24973.9,25181.1
USTEC,H4,2026-02-11T20:00:00Z,25181.6,25276.8,25117.5,25195.3
USTEC,H4,2026-02-12T00:00:00Z,25202.8,25233.4,25125.3,25219.6
USTEC,H4,2026-02-12T04:00:00Z,25219.4,25263.3,25187.8,25257.6
USTEC,H4,2026-02-12T08:00:00Z,25257.4,25287.8,25211.3,25274.1
USTEC,H4,2026-02-12T12:00:00Z,25274.1,25338.7,25239.6,25314.6
USTEC,H4,2026-02-12T16:00:00Z,25314.6,25316.7,24725.1,24744.6
USTEC,H4,2026-02-12T20:00:00Z,24743.6,24863.5,24641.4,24743.3
USTEC,H4,2026-02-13T00:00:00Z,24752.0,24783.0,24629.1,24712.6
USTEC,H4,2026-02-13T04:00:00Z,24712.5,24757.4,24617.7,24638.0
USTEC,H4,2026-02-13T08:00:00Z,24637.9,24733.7,24569.6,24700.0
USTEC,H4,2026-02-13T12:00:00Z,24699.7,24746.5,24548.4,24707.1
USTEC,H4,2026-02-13T16:00:00Z,24705.7,24919.7,24505.5,24864.2
USTEC,H4,2026-02-13T20:00:00Z,24864.7,24920.9,24659.9,24701.1
USTEC,H4,2026-02-16T00:00:00Z,24758.4,24800.4,24686.5,24791.9
USTEC,H4,2026-02-16T04:00:00Z,24791.7,24803.9,24726.6,24742.6
USTEC,H4,2026-02-16T08:00:00Z,24742.9,24853.2,24725.6,24841.5
USTEC,H4,2026-02-16T12:00:00Z,24841.4,24843.5,24773.4,24775.9
USTEC,H4,2026-02-16T16:00:00Z,24776.1,24776.4,24601.4,24677.1
USTEC,H4,2026-02-17T00:00:00Z,24691.2,24773.0,24582.7,24599.1
USTEC,H4,2026-02-17T04:00:00Z,24599.0,24616.1,24490.5,24513.8
USTEC,H4,2026-02-17T08:00:00Z,24513.8,24657.8,24513.8,24618.0
USTEC,H4,2026-02-17T12:00:00Z,24618.0,24634.0,24450.2,24544.1
USTEC,H4,2026-02-17T16:00:00Z,24544.0,24746.0,24381.0,24628.8
USTEC,H4,2026-02-17T20:00:00Z,24629.5,24820.8,24581.4,24700.6
USTEC,H4,2026-02-18T00:00:00Z,24704.6,24704.6,24636.4,24678.1
USTEC,H4,2026-02-18T04:00:00Z,24678.4,24778.2,24669.6,24758.9
USTEC,H4,2026-02-18T08:00:00Z,24758.7,24875.2,24736.3,24843.3
USTEC,H4,2026-02-18T12:00:00Z,24843.2,24895.3,24751.4,24762.1
USTEC,H4,2026-02-18T16:00:00Z,24761.9,25062.0,24687.0,25032.6
USTEC,H4,2026-02-18T20:00:00Z,25032.1,25061.0,24790.0,24873.1
USTEC,H4,2026-02-19T00:00:00Z,24881.6,24927.1,24849.4,24905.6
USTEC,H4,2026-02-19T04:00:00Z,24904.3,24937.1,24873.3,24929.0
USTEC,H4,2026-02-19T08:00:00Z,24929.1,24986.3,24783.5,24825.8
USTEC,H4,2026-02-19T12:00:00Z,24825.5,24834.9,24732.1,24786.6
USTEC,H4,2026-02-19T16:00:00Z,24786.3,24891.6,24696.2,24713.6
USTEC,H4,2026-02-19T20:00:00Z,24713.8,24804.8,24683.1,24769.6
USTEC,H4,2026-02-20T00:00:00Z,24768.2,24874.3,24761.7,24845.8
USTEC,H4,2026-02-20T04:00:00Z,24846.5,24886.9,24818.0,24882.0
USTEC,H4,2026-02-20T08:00:00Z,24881.9,24923.8,24836.1,24875.5
USTEC,H4,2026-02-20T12:00:00Z,24875.1,24885.9,24662.5,24709.0
USTEC,H4,2026-02-20T16:00:00Z,24709.0,25078.7,24620.1,24974.7
USTEC,H4,2026-02-20T20:00:00Z,24975.1,25061.1,24868.9,25016.1
USTEC,H4,2026-02-23T00:00:00Z,24990.2,25004.7,24775.6,24786.9
USTEC,H4,2026-02-23T04:00:00Z,24786.3,24805.3,24749.9,24781.3
USTEC,H4,2026-02-23T08:00:00Z,24781.1,24946.0,24775.0,24925.8
USTEC,H4,2026-02-23T12:00:00Z,24926.0,24942.0,24826.9,24877.3
USTEC,H4,2026-02-23T16:00:00Z,24877.1,24981.3,24610.7,24687.4
USTEC,H4,2026-02-23T20:00:00Z,24687.2,24762.7,24624.4,24728.3
USTEC,H4,2026-02-24T00:00:00Z,24748.5,24782.8,24717.7,24769.8
USTEC,H4,2026-02-24T04:00:00Z,24769.7,24834.9,24764.5,24787.9
USTEC,H4,2026-02-24T08:00:00Z,24788.0,24816.3,24708.5,24794.7
USTEC,H4,2026-02-24T12:00:00Z,24794.9,24847.4,24744.3,24824.8
USTEC,H4,2026-02-24T16:00:00Z,24825.0,25020.8,24643.0,24991.3
USTEC,H4,2026-02-24T20:00:00Z,24991.2,25023.2,24933.9,24963.9
USTEC,H4,2026-02-25T00:00:00Z,24967.5,25061.9,24942.2,25052.4
USTEC,H4,2026-02-25T04:00:00Z,25052.7,25063.4,24948.8,24991.4
USTEC,H4,2026-02-25T08:00:00Z,24991.2,25039.4,24967.2,25031.2
USTEC,H4,2026-02-25T12:00:00Z,25031.3,25114.5,25014.5,25099.4
USTEC,H4,2026-02-25T16:00:00Z,25099.9,25309.2,25079.2,25301.2
USTEC,H4,2026-02-25T20:00:00Z,25301.0,25443.0,25283.3,25409.7
USTEC,H4,2026-02-26T00:00:00Z,25351.1,25369.3,25216.6,25267.8
USTEC,H4,2026-02-26T04:00:00Z,25267.7,25274.6,25234.6,25258.9
USTEC,H4,2026-02-26T08:00:00Z,25259.4,25352.8,25258.1,25329.8
USTEC,H4,2026-02-26T12:00:00Z,25330.4,25366.2,25296.8,25335.3
USTEC,H4,2026-02-26T16:00:00Z,25335.1,25349.7,24816.0,24889.8
USTEC,H4,2026-02-26T20:00:00Z,24889.6,25053.1,24843.9,24981.7
USTEC,H4,2026-02-27T00:00:00Z,24974.8,24990.6,24909.1,24947.0
USTEC,H4,2026-02-27T04:00:00Z,24946.9,25018.5,24939.9,24998.0
USTEC,H4,2026-02-27T08:00:00Z,24997.7,25057.0,24950.5,24988.0
USTEC,H4,2026-02-27T12:00:00Z,24987.7,25003.0,24754.2,24829.0
USTEC,H4,2026-02-27T16:00:00Z,24829.2,24994.8,24741.4,24903.9
USTEC,H4,2026-02-27T20:00:00Z,24903.8,24979.9,24833.0,24913.1
USTEC,H4,2026-03-02T00:00:00Z,24675.1,24861.6,24649.9,24823.2
USTEC,H4,2026-03-02T04:00:00Z,24824.5,24835.1,24634.3,24637.6
USTEC,H4,2026-03-02T08:00:00Z,24637.7,24663.5,24438.7,24590.7
USTEC,H4,2026-03-02T12:00:00Z,24590.6,24699.1,24556.5,24582.1
USTEC,H4,2026-03-02T16:00:00Z,24583.0,25037.3,24569.0,25026.1
USTEC,H4,2026-03-02T20:00:00Z,25027.6,25060.9,24909.8,24955.8
USTEC,H4,2026-03-03T00:00:00Z,24970.5,24972.0,24832.2,24835.8
USTEC,H4,2026-03-03T04:00:00Z,24836.0,24846.3,24711.3,24728.1
USTEC,H4,2026-03-03T08:00:00Z,24727.8,24762.0,24411.2,24418.0
USTEC,H4,2026-03-03T12:00:00Z,24418.5,24568.8,24334.5,24459.2
USTEC,H4,2026-03-03T16:00:00Z,24458.3,24687.3,24315.0,24600.9
USTEC,H4,2026-03-03T20:00:00Z,24605.3,24812.5,24603.8,24672.2
USTEC,H4,2026-03-04T00:00:00Z,24658.9,24767.0,24595.7,24640.4
USTEC,H4,2026-03-04T04:00:00Z,24641.7,24667.5,24489.9,24538.7
USTEC,H4,2026-03-04T08:00:00Z,24539.2,24735.5,24464.2,24719.4
USTEC,H4,2026-03-04T12:00:00Z,24718.7,24890.7,24685.2,24854.5
USTEC,H4,2026-03-04T16:00:00Z,24853.9,25145.4,24792.4,25134.3
USTEC,H4,2026-03-04T20:00:00Z,25134.7,25181.2,25058.7,25100.2
USTEC,H4,2026-03-05T00:00:00Z,25128.7,25208.5,25009.7,25035.9
USTEC,H4,2026-03-05T04:00:00Z,25036.0,25090.2,24991.1,25000.0
USTEC,H4,2026-03-05T08:00:00Z,25000.1,25170.7,24939.0,25079.4
USTEC,H4,2026-03-05T12:00:00Z,25080.1,25121.7,24947.5,24960.0
USTEC,H4,2026-03-05T16:00:00Z,24959.4,25171.5,24755.4,24772.5
USTEC,H4,2026-03-05T20:00:00Z,24770.9,25022.2,24740.3,24977.1
USTEC,H4,2026-03-06T00:00:00Z,24985.9,25065.9,24967.0,25035.4
USTEC,H4,2026-03-06T04:00:00Z,25038.1,25109.9,25029.1,25086.6
USTEC,H4,2026-03-06T08:00:00Z,25086.6,25108.5,24851.3,24888.6
USTEC,H4,2026-03-06T12:00:00Z,24889.3,24948.3,24587.8,24615.1
USTEC,H4,2026-03-06T16:00:00Z,24610.0,24889.8,24581.3,24755.3
USTEC,H4,2026-03-06T20:00:00Z,24754.0,24869.0,24576.0,24631.3
USTEC,H4,2026-03-09T00:00:00Z,24414.1,24425.0,24070.8,24094.8
USTEC,H4,2026-03-09T04:00:00Z,24095.3,24114.0,23976.8,24077.7
USTEC,H4,2026-03-09T08:00:00Z,24078.0,24313.6,24062.6,24288.6
USTEC,H4,2026-03-09T12:00:00Z,24290.8,24471.5,24260.8,24355.7
USTEC,H4,2026-03-09T16:00:00Z,24356.5,24725.5,24290.3,24685.4
USTEC,H4,2026-03-09T20:00:00Z,24686.0,25024.5,24552.9,24929.2
USTEC,H4,2026-03-10T00:00:00Z,24932.3,24945.8,24805.8,24907.4
USTEC,H4,2026-03-10T04:00:00Z,24907.5,24971.8,24827.3,24876.7
USTEC,H4,2026-03-10T08:00:00Z,24876.3,25119.3,24875.9,25059.4
USTEC,H4,2026-03-10T12:00:00Z,25060.7,25107.2,24865.5,24941.8
USTEC,H4,2026-03-10T16:00:00Z,24941.8,25154.6,24867.2,25129.3
USTEC,H4,2026-03-10T20:00:00Z,25129.0,25190.2,24913.6,24982.4
USTEC,H4,2026-03-11T00:00:00Z,24976.1,25059.9,24926.0,25035.6
USTEC,H4,2026-03-11T04:00:00Z,25035.9,25097.5,25025.8,25065.5
USTEC,H4,2026-03-11T08:00:00Z,25065.8,25069.6,24908.9,24939.9
USTEC,H4,2026-03-11T12:00:00Z,24940.9,25025.9,24869.9,24919.5
USTEC,H4,2026-03-11T16:00:00Z,24919.3,25153.8,24866.2,24982.3
USTEC,H4,2026-03-11T20:00:00Z,24980.7,24999.3,24849.4,24919.6
USTEC,H4,2026-03-12T00:00:00Z,24910.6,24915.6,24710.3,24767.6
USTEC,H4,2026-03-12T04:00:00Z,24767.6,24818.5,24673.6,24695.2
USTEC,H4,2026-03-12T08:00:00Z,24695.1,24878.5,24694.2,24854.3
USTEC,H4,2026-03-12T12:00:00Z,24854.6,24904.7,24778.5,24810.5
USTEC,H4,2026-03-12T16:00:00Z,24810.7,24829.3,24538.0,24638.8
USTEC,H4,2026-03-12T20:00:00Z,24638.4,24700.1,24495.4,24545.5
USTEC,H4,2026-03-13T00:00:00Z,24555.0,24623.9,24474.4,24607.8
USTEC,H4,2026-03-13T04:00:00Z,24608.1,24643.2,24546.1,24557.3
USTEC,H4,2026-03-13T08:00:00Z,24557.6,24580.9,24379.7,24495.1
USTEC,H4,2026-03-13T12:00:00Z,24495.8,24716.2,24492.4,24663.7
USTEC,H4,2026-03-13T16:00:00Z,24661.6,24787.0,24371.0,24379.8
USTEC,H4,2026-03-13T20:00:00Z,24379.8,24457.2,24318.0,24318.0
USTEC,H4,2026-03-16T00:00:00Z,24294.2,24511.2,24285.8,24496.6
USTEC,H4,2026-03-16T04:00:00Z,24496.4,24535.1,24455.6,24493.1
USTEC,H4,2026-03-16T08:00:00Z,24492.9,24569.4,24483.8,24515.2
USTEC,H4,2026-03-16T12:00:00Z,24515.1,24674.4,24464.3,24643.6
USTEC,H4,2026-03-16T16:00:00Z,24643.4,24750.1,24604.6,24660.1
USTEC,H4,2026-03-16T20:00:00Z,24660.4,24800.2,24622.2,24641.4
USTEC,H4,2026-03-17T00:00:00Z,24639.5,24654.2,24577.5,24587.3
USTEC,H4,2026-03-17T04:00:00Z,24587.4,24622.2,24554.9,24610.4
USTEC,H4,2026-03-17T08:00:00Z,24610.3,24627.4,24505.0,24543.2
USTEC,H4,2026-03-17T12:00:00Z,24542.8,24709.9,24542.8,24703.9
USTEC,H4,2026-03-17T16:00:00Z,24703.8,24881.3,24701.2,24766.8
USTEC,H4,2026-03-17T20:00:00Z,24767.0,24826.5,24750.3,24794.0
USTEC,H4,2026-03-18T00:00:00Z,24784.4,24853.8,24762.4,24850.6
USTEC,H4,2026-03-18T04:00:00Z,24850.8,24919.9,24850.8,24911.2
USTEC,H4,2026-03-18T08:00:00Z,24911.4,24982.2,24907.2,24943.2
USTEC,H4,2026-03-18T12:00:00Z,24943.3,24969.3,24642.1,24652.6
USTEC,H4,2026-03-18T16:00:00Z,24652.4,24768.7,24584.2,24616.9
USTEC,H4,2026-03-18T20:00:00Z,24616.7,24688.1,24337.1,24383.6
USTEC,H4,2026-03-19T00:00:00Z,24390.3,24419.8,24338.6,24395.1
USTEC,H4,2026-03-19T04:00:00Z,24395.6,24500.1,24376.4,24405.4
USTEC,H4,2026-03-19T08:00:00Z,24405.6,24423.6,24281.8,24321.6
USTEC,H4,2026-03-19T12:00:00Z,24321.8,24425.3,24199.4,24222.7
USTEC,H4,2026-03-19T16:00:00Z,24222.4,24353.5,24103.7,24232.7
USTEC,H4,2026-03-19T20:00:00Z,24233.2,24472.8,24156.4,24399.6
USTEC,H4,2026-03-20T00:00:00Z,24430.9,24441.1,24365.0,24381.0
USTEC,H4,2026-03-20T04:00:00Z,24380.8,24443.1,24367.5,24368.5
USTEC,H4,2026-03-20T08:00:00Z,24368.6,24398.0,24265.9,24341.4
USTEC,H4,2026-03-20T12:00:00Z,24341.9,24367.8,24101.7,24279.1
USTEC,H4,2026-03-20T16:00:00Z,24279.0,24309.6,24014.9,24054.7
USTEC,H4,2026-03-20T20:00:00Z,24054.9,24074.6,23760.3,23998.8
USTEC,H4,2026-03-23T00:00:00Z,23760.0,23884.3,23711.0,23740.7
USTEC,H4,2026-03-23T04:00:00Z,23738.6,23861.8,23726.0,23785.3
USTEC,H4,2026-03-23T08:00:00Z,23785.2,23822.3,23562.3,23720.5
USTEC,H4,2026-03-23T12:00:00Z,23723.2,24551.0,23604.7,24397.8
USTEC,H4,2026-03-23T16:00:00Z,24399.6,24477.3,24097.5,24153.1
USTEC,H4,2026-03-23T20:00:00Z,24153.6,24320.6,24097.0,24184.4
USTEC,H4,2026-03-24T00:00:00Z,24187.4,24275.7,24054.4,24110.8
USTEC,H4,2026-03-24T04:00:00Z,24111.9,24113.4,24009.7,24044.4
USTEC,H4,2026-03-24T08:00:00Z,24044.4,24293.2,23980.2,24164.4
USTEC,H4,2026-03-24T12:00:00Z,24164.5,24220.5,24051.7,24066.3
USTEC,H4,2026-03-24T16:00:00Z,24064.9,24171.0,23921.8,24067.3
USTEC,H4,2026-03-24T20:00:00Z,24066.7,24335.1,23947.7,24186.9
USTEC,H4,2026-03-25T00:00:00Z,24239.5,24283.4,24170.8,24238.9
USTEC,H4,2026-03-25T04:00:00Z,24238.3,24257.6,24110.4,24208.4
USTEC,H4,2026-03-25T08:00:00Z,24208.4,24324.0,24114.4,24229.3
USTEC,H4,2026-03-25T12:00:00Z,24229.5,24329.3,24163.1,24238.0
USTEC,H4,2026-03-25T16:00:00Z,24238.6,24308.3,24077.3,24211.6
USTEC,H4,2026-03-25T20:00:00Z,24211.4,24283.2,24101.6,24160.8
USTEC,H4,2026-03-26T00:00:00Z,24142.1,24201.8,24074.9,24147.0
USTEC,H4,2026-03-26T04:00:00Z,24147.5,24212.8,24042.4,24116.8
USTEC,H4,2026-03-26T08:00:00Z,24116.9,24132.1,23946.4,23985.8
USTEC,H4,2026-03-26T12:00:00Z,23986.1,23994.1,23867.4,23909.8
USTEC,H4,2026-03-26T16:00:00Z,23910.9,24032.8,23764.3,23791.8
USTEC,H4,2026-03-26T20:00:00Z,23792.1,23815.4,23560.7,23619.6
USTEC,H4,2026-03-27T00:00:00Z,23636.8,23710.8,23611.8,23622.8
USTEC,H4,2026-03-27T04:00:00Z,23622.7,23725.4,23611.7,23721.5
USTEC,H4,2026-03-27T08:00:00Z,23721.8,23780.4,23576.4,23583.9
USTEC,H4,2026-03-27T12:00:00Z,23585.8,23617.8,23402.2,23418.8
USTEC,H4,2026-03-27T16:00:00Z,23420.8,23468.6,23246.6,23283.4
USTEC,H4,2026-03-27T20:00:00Z,23282.7,23336.9,23046.5,23065.9
USTEC,H4,2026-03-30T00:00:00Z,22989.0,23082.7,22914.9,22970.6
USTEC,H4,2026-03-30T04:00:00Z,22970.6,23174.2,22956.2,23141.0
USTEC,H4,2026-03-30T08:00:00Z,23140.5,23269.6,23139.9,23263.4
USTEC,H4,2026-03-30T12:00:00Z,23264.4,23391.5,23194.2,23326.4
USTEC,H4,2026-03-30T16:00:00Z,23326.6,23356.7,23083.2,23106.8
USTEC,H4,2026-03-30T20:00:00Z,23107.3,23124.3,22841.4,22921.0
USTEC,H4,2026-03-31T00:00:00Z,22944.3,23100.5,22783.4,23019.7
USTEC,H4,2026-03-31T04:00:00Z,23019.7,23222.0,22978.4,23101.7
USTEC,H4,2026-03-31T08:00:00Z,23101.4,23208.2,23052.3,23130.2
USTEC,H4,2026-03-31T12:00:00Z,23130.9,23253.2,23056.2,23187.3
USTEC,H4,2026-03-31T16:00:00Z,23187.9,23670.2,23175.9,23592.8
USTEC,H4,2026-03-31T20:00:00Z,23594.0,23790.6,23566.3,23721.0
USTEC,H4,2026-04-01T00:00:00Z,23779.8,23866.2,23762.0,23854.7
USTEC,H4,2026-04-01T04:00:00Z,23854.7,23860.8,23775.2,23831.3
USTEC,H4,2026-04-01T08:00:00Z,23831.5,23997.9,23826.0,23889.8
USTEC,H4,2026-04-01T12:00:00Z,23889.8,24056.4,23822.7,23879.9
USTEC,H4,2026-04-01T16:00:00Z,23878.9,24149.5,23855.8,24137.7
USTEC,H4,2026-04-01T20:00:00Z,24138.3,24166.6,23940.4,24000.8
USTEC,H4,2026-04-02T00:00:00Z,23999.8,24067.9,23977.1,24059.2
USTEC,H4,2026-04-02T04:00:00Z,24057.1,24061.8,23617.7,23626.4
USTEC,H4,2026-04-02T08:00:00Z,23626.6,23703.8,23574.7,23656.9
USTEC,H4,2026-04-02T12:00:00Z,23657.4,23682.1,23489.3,23547.9
USTEC,H4,2026-04-02T16:00:00Z,23547.4,24082.4,23502.0,23943.4
USTEC,H4,2026-04-02T20:00:00Z,23941.2,24057.6,23886.2,24040.0
USTEC,H4,2026-04-03T00:00:00Z,24031.2,24079.4,24005.2,24051.7
USTEC,H4,2026-04-03T04:00:00Z,24051.9,24057.1,23977.6,23993.4
USTEC,H4,2026-04-03T08:00:00Z,23993.5,24018.7,23946.5,23975.7
USTEC,H4,2026-04-03T12:00:00Z,23975.9,24064.7,23938.9,23943.6
USTEC,H4,2026-04-03T16:00:00Z,23943.1,23963.2,23932.5,23956.9
USTEC,H4,2026-04-06T00:00:00Z,23881.3,24042.8,23809.3,24036.8
USTEC,H4,2026-04-06T04:00:00Z,24036.5,24154.0,23962.9,24080.6
USTEC,H4,2026-04-06T08:00:00Z,24081.1,24220.4,24036.0,24197.4
USTEC,H4,2026-04-06T12:00:00Z,24197.5,24224.3,24095.8,24134.1
USTEC,H4,2026-04-06T16:00:00Z,24134.5,24279.6,24074.2,24135.3
USTEC,H4,2026-04-06T20:00:00Z,24135.7,24200.3,24031.7,24175.1
USTEC,H4,2026-04-07T00:00:00Z,24174.5,24212.9,24108.5,24132.7
USTEC,H4,2026-04-07T04:00:00Z,24133.0,24140.3,23983.5,24077.0
USTEC,H4,2026-04-07T08:00:00Z,24077.3,24212.5,24034.9,24190.4
USTEC,H4,2026-04-07T12:00:00Z,24190.2,24250.5,23965.9,24045.5
USTEC,H4,2026-04-07T16:00:00Z,24046.2,24132.6,23771.7,24033.7
USTEC,H4,2026-04-07T20:00:00Z,24034.2,24282.1,23908.5,24229.4
USTEC,H4,2026-04-08T00:00:00Z,24402.2,24935.4,24207.7,24915.4
USTEC,H4,2026-04-08T04:00:00Z,24914.7,24990.5,24882.0,24959.0
USTEC,H4,2026-04-08T08:00:00Z,24960.2,25050.7,24952.8,25045.1
USTEC,H4,2026-04-08T12:00:00Z,25045.1,25086.6,24985.6,25043.3
USTEC,H4,2026-04-08T16:00:00Z,25043.2,25078.9,24756.6,24968.5
USTEC,H4,2026-04-08T20:00:00Z,24968.4,24982.6,24768.6,24864.1
USTEC,H4,2026-04-09T00:00:00Z,24871.7,24892.1,24827.9,24839.6
USTEC,H4,2026-04-09T04:00:00Z,24839.6,24876.5,24808.7,24842.0
USTEC,H4,2026-04-09T08:00:00Z,24842.1,24885.7,24780.5,24801.1
USTEC,H4,2026-04-09T12:00:00Z,24800.4,24890.0,24792.0,24856.7
USTEC,H4,2026-04-09T16:00:00Z,24856.5,25091.5,24788.8,25024.2
USTEC,H4,2026-04-09T20:00:00Z,25024.4,25096.7,24976.3,25070.1
USTEC,H4,2026-04-10T00:00:00Z,25067.5,25109.4,25028.2,25106.1
USTEC,H4,2026-04-10T04:00:00Z,25106.2,25137.1,25089.1,25104.4
USTEC,H4,2026-04-10T08:00:00Z,25104.5,25119.6,25038.2,25043.9
USTEC,H4,2026-04-10T12:00:00Z,25044.0,25207.6,25040.9,25139.0
USTEC,H4,2026-04-10T16:00:00Z,25137.0,25227.7,25057.5,25099.7
USTEC,H4,2026-04-10T20:00:00Z,25099.5,25169.4,25058.3,25168.7
USTEC,H4,2026-04-13T00:00:00Z,24819.8,24891.2,24758.4,24891.1
USTEC,H4,2026-04-13T04:00:00Z,24890.9,24930.3,24886.9,24915.8
USTEC,H4,2026-04-13T08:00:00Z,24915.9,24965.6,24896.2,24933.1
USTEC,H4,2026-04-13T12:00:00Z,24933.3,25029.2,24909.6,25003.3
USTEC,H4,2026-04-13T16:00:00Z,25003.4,25270.2,24992.2,25246.5
USTEC,H4,2026-04-13T20:00:00Z,25246.8,25422.4,25232.1,25419.9
USTEC,H4,2026-04-14T00:00:00Z,25405.2,25456.9,25398.0,25429.5
USTEC,H4,2026-04-14T04:00:00Z,25429.4,25435.5,25410.4,25432.0
USTEC,H4,2026-04-14T08:00:00Z,25431.7,25502.4,25402.8,25500.9
USTEC,H4,2026-04-14T12:00:00Z,25500.9,25551.3,25458.7,25514.4
USTEC,H4,2026-04-14T16:00:00Z,25514.3,25776.1,25490.2,25752.3
USTEC,H4,2026-04-14T20:00:00Z,25752.3,25836.5,25722.3,25827.0
USTEC,H4,2026-04-15T00:00:00Z,25817.0,25872.3,25813.8,25855.2
USTEC,H4,2026-04-15T04:00:00Z,25855.1,25879.1,25827.8,25850.1
USTEC,H4,2026-04-15T08:00:00Z,25850.2,25891.6,25803.6,25868.3
USTEC,H4,2026-04-15T12:00:00Z,25868.5,25876.6,25772.6,25826.2
USTEC,H4,2026-04-15T16:00:00Z,25826.3,26088.3,25817.0,25980.9
USTEC,H4,2026-04-15T20:00:00Z,25981.1,26213.6,25973.5,26196.3
USTEC,H4,2026-04-16T00:00:00Z,26191.4,26283.8,26184.9,26277.2
USTEC,H4,2026-04-16T04:00:00Z,26276.7,26304.4,26265.7,26273.8
USTEC,H4,2026-04-16T08:00:00Z,26273.9,26325.3,26251.8,26279.6
USTEC,H4,2026-04-16T12:00:00Z,26279.8,26304.4,26204.4,26241.1
USTEC,H4,2026-04-16T16:00:00Z,26241.2,26401.2,26115.7,26311.9
USTEC,H4,2026-04-16T20:00:00Z,26312.2,26347.9,26194.4,26303.5
USTEC,H4,2026-04-17T00:00:00Z,26292.6,26341.0,26291.9,26332.2
USTEC,H4,2026-04-17T04:00:00Z,26331.9,26342.5,26295.2,26308.2
USTEC,H4,2026-04-17T08:00:00Z,26308.5,26365.4,26288.7,26363.9
USTEC,H4,2026-04-17T12:00:00Z,26364.0,26590.4,26350.8,26586.9
USTEC,H4,2026-04-17T16:00:00Z,26589.0,26722.2,26475.1,26698.6
USTEC,H4,2026-04-17T20:00:00Z,26698.8,26716.1,26576.1,26680.5
USTEC,H4,2026-04-20T00:00:00Z,26421.9,26524.6,26383.9,26500.3
USTEC,H4,2026-04-20T04:00:00Z,26499.9,26557.6,26496.9,26518.6
USTEC,H4,2026-04-20T08:00:00Z,26518.8,26563.7,26455.9,26539.3
USTEC,H4,2026-04-20T12:00:00Z,26539.2,26618.1,26523.6,26593.7
USTEC,H4,2026-04-20T16:00:00Z,26594.2,26668.9,26412.7,26522.4
USTEC,H4,2026-04-20T20:00:00Z,26523.0,26652.4,26504.0,26619.7
USTEC,H4,2026-04-21T00:00:00Z,26616.8,26682.1,26611.1,26669.9
USTEC,H4,2026-04-21T04:00:00Z,26670.8,26682.4,26636.7,26670.4
USTEC,H4,2026-04-21T08:00:00Z,26670.7,26702.1,26642.9,26682.1
USTEC,H4,2026-04-21T12:00:00Z,26682.2,26746.7,26651.4,26666.4
USTEC,H4,2026-04-21T16:00:00Z,26666.2,26730.4,26508.6,26515.9
USTEC,H4,2026-04-21T20:00:00Z,26516.1,26638.2,26397.7,26569.2
USTEC,H4,2026-04-22T00:00:00Z,26585.4,26665.1,26581.4,26644.8
USTEC,H4,2026-04-22T04:00:00Z,26644.8,26681.8,26622.6,26625.1
USTEC,H4,2026-04-22T08:00:00Z,26625.7,26712.1,26619.1,26667.4
USTEC,H4,2026-04-22T12:00:00Z,26667.8,26747.7,26653.8,26669.2
USTEC,H4,2026-04-22T16:00:00Z,26669.8,26855.5,26660.6,26812.9
USTEC,H4,2026-04-22T20:00:00Z,26813.0,26980.5,26813.0,26953.5
USTEC,H4,2026-04-23T00:00:00Z,26925.4,26949.0,26698.5,26909.6
USTEC,H4,2026-04-23T04:00:00Z,26909.4,26912.0,26715.1,26805.0
USTEC,H4,2026-04-23T08:00:00Z,26805.4,26863.3,26767.8,26777.1
USTEC,H4,2026-04-23T12:00:00Z,26777.0,26928.5,26740.1,26858.6
USTEC,H4,2026-04-23T16:00:00Z,26858.6,27005.1,26815.1,26937.3
USTEC,H4,2026-04-23T20:00:00Z,26937.7,26948.1,26531.9,26792.2
USTEC,H4,2026-04-24T00:00:00Z,26860.7,26993.1,26860.2,26976.0
USTEC,H4,2026-04-24T04:00:00Z,26976.6,26985.0,26874.5,26911.5
USTEC,H4,2026-04-24T08:00:00Z,26911.4,27009.8,26888.6,26952.0
USTEC,H4,2026-04-24T12:00:00Z,26952.8,27220.1,26921.5,27094.8
USTEC,H4,2026-04-24T16:00:00Z,27094.9,27287.3,26987.8,27267.1
USTEC,H4,2026-04-24T20:00:00Z,27267.8,27317.7,27224.7,27298.0
USTEC,H4,2026-04-27T00:00:00Z,27265.8,27333.1,27209.8,27319.3
USTEC,H4,2026-04-27T04:00:00Z,27320.5,27406.4,27320.5,27382.8
USTEC,H4,2026-04-27T08:00:00Z,27383.1,27384.8,27253.5,27304.9
USTEC,H4,2026-04-27T12:00:00Z,27304.9,27365.1,27255.3,27284.5
USTEC,H4,2026-04-27T16:00:00Z,27283.9,27297.8,27164.4,27255.6
USTEC,H4,2026-04-27T20:00:00Z,27255.8,27314.9,27245.6,27282.8
USTEC,H4,2026-04-28T00:00:00Z,27300.5,27377.3,27295.4,27333.4
USTEC,H4,2026-04-28T04:00:00Z,27333.2,27349.9,27252.2,27282.7
USTEC,H4,2026-04-28T08:00:00Z,27282.8,27288.9,27168.2,27217.8
USTEC,H4,2026-04-28T12:00:00Z,27217.9,27220.5,26902.0,27014.0
USTEC,H4,2026-04-28T16:00:00Z,27013.7,27115.8,26875.5,26949.6
USTEC,H4,2026-04-28T20:00:00Z,26950.6,27090.9,26913.3,27055.5
USTEC,H4,2026-04-29T00:00:00Z,27080.3,27161.0,27074.2,27131.3
USTEC,H4,2026-04-29T04:00:00Z,27131.5,27179.3,27059.3,27165.5
USTEC,H4,2026-04-29T08:00:00Z,27165.5,27184.7,27066.0,27108.6
USTEC,H4,2026-04-29T12:00:00Z,27109.5,27155.6,27060.1,27092.5
USTEC,H4,2026-04-29T16:00:00Z,27092.6,27182.6,26992.5,27066.6
USTEC,H4,2026-04-29T20:00:00Z,27067.9,27275.1,26964.1,27018.4
USTEC,H4,2026-04-30T00:00:00Z,27095.7,27491.5,27088.7,27464.2
USTEC,H4,2026-04-30T04:00:00Z,27464.5,27470.0,27100.4,27102.6
USTEC,H4,2026-04-30T08:00:00Z,27102.1,27265.2,27054.7,27229.1
USTEC,H4,2026-04-30T12:00:00Z,27229.1,27414.4,27200.4,27392.9
USTEC,H4,2026-04-30T16:00:00Z,27393.1,27408.7,27032.7,27239.4
USTEC,H4,2026-04-30T20:00:00Z,27239.9,27485.6,27238.9,27463.0
USTEC,H4,2026-05-01T00:00:00Z,27487.7,27513.3,27424.3,27492.6
USTEC,H4,2026-05-01T04:00:00Z,27492.8,27541.0,27480.7,27495.5
USTEC,H4,2026-05-01T08:00:00Z,27495.3,27506.8,27427.2,27438.9
USTEC,H4,2026-05-01T12:00:00Z,27438.9,27497.4,27408.5,27448.9
USTEC,H4,2026-05-01T16:00:00Z,27447.9,27788.6,27447.9,27703.6
USTEC,H4,2026-05-01T20:00:00Z,27703.1,27775.0,27630.2,27658.4
USTEC,H4,2026-05-04T00:00:00Z,27786.4,27807.3,27684.5,27775.4
USTEC,H4,2026-05-04T04:00:00Z,27775.2,27835.0,27741.2,27820.7
USTEC,H4,2026-05-04T08:00:00Z,27820.8,27848.3,27747.7,27776.3
USTEC,H4,2026-05-04T12:00:00Z,27776.2,27805.2,27545.5,27726.2
USTEC,H4,2026-05-04T16:00:00Z,27725.3,27822.3,27499.3,27587.0
USTEC,H4,2026-05-04T20:00:00Z,27587.4,27699.8,27586.3,27625.5
USTEC,H4,2026-05-05T00:00:00Z,27657.2,27674.8,27614.8,27667.3
USTEC,H4,2026-05-05T04:00:00Z,27667.1,27741.3,27650.3,27709.9
USTEC,H4,2026-05-05T08:00:00Z,27709.8,27820.4,27700.8,27811.1
USTEC,H4,2026-05-05T12:00:00Z,27811.1,27887.9,27782.1,27855.4
USTEC,H4,2026-05-05T16:00:00Z,27855.7,28033.5,27853.9,28006.5
USTEC,H4,2026-05-05T20:00:00Z,28006.8,28126.5,27988.9,28089.1
USTEC,H4,2026-05-06T00:00:00Z,28130.4,28301.9,28130.2,28158.5
USTEC,H4,2026-05-06T04:00:00Z,28158.4,28226.9,28145.0,28218.4
USTEC,H4,2026-05-06T08:00:00Z,28217.9,28398.8,28182.9,28365.2
USTEC,H4,2026-05-06T12:00:00Z,28365.3,28515.9,28297.7,28340.2
USTEC,H4,2026-05-06T16:00:00Z,28340.3,28483.5,28220.2,28419.9
USTEC,H4,2026-05-06T20:00:00Z,28420.0,28678.4,28409.9,28591.8
USTEC,H4,2026-05-07T00:00:00Z,28551.3,28584.1,28519.4,28544.1
USTEC,H4,2026-05-07T04:00:00Z,28544.2,28598.1,28520.3,28586.4
USTEC,H4,2026-05-07T08:00:00Z,28586.4,28696.6,28576.8,28619.6
USTEC,H4,2026-05-07T12:00:00Z,28619.1,28644.7,28576.7,28637.2
USTEC,H4,2026-05-07T16:00:00Z,28637.7,28826.9,28520.0,28579.4
USTEC,H4,2026-05-07T20:00:00Z,28579.0,28648.1,28436.7,28524.9
USTEC,H4,2026-05-08T00:00:00Z,28466.2,28631.5,28455.1,28629.9
USTEC,H4,2026-05-08T04:00:00Z,28629.9,28680.2,28595.2,28664.5
USTEC,H4,2026-05-08T08:00:00Z,28664.2,28753.9,28664.0,28747.0
USTEC,H4,2026-05-08T12:00:00Z,28747.2,28860.5,28716.9,28797.2
USTEC,H4,2026-05-08T16:00:00Z,28797.6,29132.7,28745.7,29125.4
USTEC,H4,2026-05-08T20:00:00Z,29125.9,29267.2,29120.4,29217.6
USTEC,H4,2026-05-11T00:00:00Z,29202.7,29291.1,29118.9,29187.0
USTEC,H4,2026-05-11T04:00:00Z,29184.0,29252.4,29143.0,29233.1
USTEC,H4,2026-05-11T08:00:00Z,29233.4,29245.9,29156.1,29189.1
USTEC,H4,2026-05-11T12:00:00Z,29188.1,29280.1,29151.6,29189.2
USTEC,H4,2026-05-11T16:00:00Z,29188.9,29371.0,29140.0,29296.7
USTEC,H4,2026-05-11T20:00:00Z,29296.5,29367.9,29218.2,29288.2
USTEC,H4,2026-05-12T00:00:00Z,29308.7,29350.1,29248.2,29272.7
USTEC,H4,2026-05-12T04:00:00Z,29273.2,29285.6,29122.4,29176.7
USTEC,H4,2026-05-12T08:00:00Z,29177.0,29197.4,29068.4,29108.9
USTEC,H4,2026-05-12T12:00:00Z,29107.7,29142.0,29008.4,29118.0
USTEC,H4,2026-05-12T16:00:00Z,29118.0,29189.7,28636.8,28643.5
USTEC,H4,2026-05-12T20:00:00Z,28643.8,29081.9,28643.8,29029.4
USTEC,H4,2026-05-13T00:00:00Z,29031.9,29083.0,28952.6,29041.1
USTEC,H4,2026-05-13T04:00:00Z,29040.9,29193.5,29039.0,29183.7
USTEC,H4,2026-05-13T08:00:00Z,29183.6,29343.1,29171.9,29309.1
USTEC,H4,2026-05-13T12:00:00Z,29309.5,29322.4,29096.7,29132.2
USTEC,H4,2026-05-13T16:00:00Z,29132.7,29357.1,28972.5,29341.9
USTEC,H4,2026-05-13T20:00:00Z,29344.1,29458.7,29336.1,29427.7
USTEC,H4,2026-05-14T00:00:00Z,29433.2,29587.2,29423.0,29575.6
USTEC,H4,2026-05-14T04:00:00Z,29574.1,29577.0,29409.1,29461.9
USTEC,H4,2026-05-14T08:00:00Z,29462.6,29535.1,29430.2,29471.0
USTEC,H4,2026-05-14T12:00:00Z,29472.1,29487.7,29373.5,29390.0
USTEC,H4,2026-05-14T16:00:00Z,29389.1,29676.7,29343.1,29622.8
USTEC,H4,2026-05-14T20:00:00Z,29623.0,29648.7,29490.5,29579.7
USTEC,H4,2026-05-15T00:00:00Z,29569.2,29625.7,29536.0,29582.2
USTEC,H4,2026-05-15T04:00:00Z,29581.3,29589.5,29348.8,29359.8
USTEC,H4,2026-05-15T08:00:00Z,29361.5,29366.8,29084.8,29163.5
USTEC,H4,2026-05-15T12:00:00Z,29167.5,29267.5,29041.5,29089.0
USTEC,H4,2026-05-15T16:00:00Z,29089.2,29280.1,28988.6,29222.4
USTEC,H4,2026-05-15T20:00:00Z,29224.3,29387.3,29012.2,29079.3
USTEC,H4,2026-05-18T00:00:00Z,29094.5,29185.7,28841.2,28936.3
USTEC,H4,2026-05-18T04:00:00Z,28937.3,29019.2,28829.6,28953.7
USTEC,H4,2026-05-18T08:00:00Z,28953.6,29145.4,28893.6,29143.9
USTEC,H4,2026-05-18T12:00:00Z,29144.2,29322.1,28955.1,29310.8
USTEC,H4,2026-05-18T16:00:00Z,29311.3,29321.1,28745.7,28908.5
USTEC,H4,2026-05-18T20:00:00Z,28905.2,29014.9,28717.9,28977.0
USTEC,H4,2026-05-19T00:00:00Z,29024.1,29090.3,28981.7,28987.1
USTEC,H4,2026-05-19T04:00:00Z,28987.3,28997.9,28807.3,28863.8
USTEC,H4,2026-05-19T08:00:00Z,28864.8,29028.2,28788.3,28908.3
USTEC,H4,2026-05-19T12:00:00Z,28908.4,28908.7,28736.1,28816.7
USTEC,H4,2026-05-19T16:00:00Z,28815.6,28970.1,28566.4,28924.9
USTEC,H4,2026-05-19T20:00:00Z,28925.1,29029.2,28774.7,28804.1
USTEC,H4,2026-05-20T00:00:00Z,28838.1,28930.2,28708.4,28846.3
USTEC,H4,2026-05-20T04:00:00Z,28846.3,28924.2,28747.3,28790.4
USTEC,H4,2026-05-20T08:00:00Z,28790.7,29044.1,28790.2,29006.6
USTEC,H4,2026-05-20T12:00:00Z,29006.4,29076.1,28972.6,29011.8
USTEC,H4,2026-05-20T16:00:00Z,29011.9,29302.0,28916.2,29170.2
USTEC,H4,2026-05-20T20:00:00Z,29172.5,29304.7,29137.5,29193.4
USTEC,H4,2026-05-21T00:00:00Z,29170.1,29187.2,29023.0,29129.4
USTEC,H4,2026-05-21T04:00:00Z,29129.2,29332.2,29129.2,29327.4
USTEC,H4,2026-05-21T08:00:00Z,29327.4,29371.0,29115.4,29282.1
USTEC,H4,2026-05-21T12:00:00Z,29281.9,29337.0,29094.4,29101.9
USTEC,H4,2026-05-21T16:00:00Z,29102.1,29246.8,29036.0,29165.3
USTEC,H4,2026-05-21T20:00:00Z,29167.0,29461.4,29167.0,29360.0
USTEC,H4,2026-05-22T00:00:00Z,29363.8,29519.4,29362.6,29482.5
USTEC,H4,2026-05-22T04:00:00Z,29481.6,29514.9,29411.5,29509.7
USTEC,H4,2026-05-22T08:00:00Z,29509.5,29582.2,29445.6,29482.0
USTEC,H4,2026-05-22T12:00:00Z,29481.6,29512.6,29355.2,29511.6
USTEC,H4,2026-05-22T16:00:00Z,29511.0,29634.7,29408.0,29593.0
USTEC,H4,2026-05-22T20:00:00Z,29593.5,29669.6,29425.8,29444.9
USTEC,H4,2026-05-25T00:00:00Z,29663.0,29858.8,29659.7,29838.5
USTEC,H4,2026-05-25T04:00:00Z,29838.9,29911.5,29826.8,29898.0
USTEC,H4,2026-05-25T08:00:00Z,29897.9,29917.9,29813.9,29886.3
USTEC,H4,2026-05-25T12:00:00Z,29886.8,29911.4,29862.5,29865.2
USTEC,H4,2026-05-25T16:00:00Z,29865.0,29917.2,29833.8,29888.2
USTEC,H4,2026-05-26T00:00:00Z,29857.7,29876.9,29727.1,29748.5
USTEC,H4,2026-05-26T04:00:00Z,29748.2,29759.2,29697.1,29727.2
USTEC,H4,2026-05-26T08:00:00Z,29727.1,29771.7,29670.7,29734.4
USTEC,H4,2026-05-26T12:00:00Z,29734.9,29856.5,29730.9,29846.7
USTEC,H4,2026-05-26T16:00:00Z,29846.6,30044.9,29753.5,29901.7
USTEC,H4,2026-05-26T20:00:00Z,29901.7,30037.3,29881.2,29972.3
USTEC,H4,2026-05-27T00:00:00Z,29992.2,30065.5,29957.7,30058.2
USTEC,H4,2026-05-27T04:00:00Z,30058.2,30087.5,30003.7,30034.2
USTEC,H4,2026-05-27T08:00:00Z,30034.2,30145.2,29984.7,30125.0
USTEC,H4,2026-05-27T12:00:00Z,30124.2,30306.5,30101.6,30190.2
USTEC,H4,2026-05-27T16:00:00Z,30189.2,30199.0,29808.3,29916.9
USTEC,H4,2026-05-27T20:00:00Z,29918.4,30052.2,29824.4,30052.2
USTEC,H4,2026-05-28T00:00:00Z,30047.9,30067.2,29895.2,30002.9
USTEC,H4,2026-05-28T04:00:00Z,30002.5,30011.9,29695.9,29720.2
USTEC,H4,2026-05-28T08:00:00Z,29720.9,29926.3,29700.7,29915.4
USTEC,H4,2026-05-28T12:00:00Z,29916.2,29998.7,29800.9,29987.4
USTEC,H4,2026-05-28T16:00:00Z,29986.9,30255.0,29853.0,30252.6
USTEC,H4,2026-05-28T20:00:00Z,30252.5,30267.6,30200.9,30233.6
USTEC,H4,2026-05-29T00:00:00Z,30251.6,30281.7,30155.1,30168.3
USTEC,H4,2026-05-29T04:00:00Z,30168.2,30229.7,30136.9,30221.2
USTEC,H4,2026-05-29T08:00:00Z,30221.3,30273.7,30190.1,30238.8
USTEC,H4,2026-05-29T12:00:00Z,30238.8,30295.0,30220.7,30272.3
USTEC,H4,2026-05-29T16:00:00Z,30272.5,30461.3,30197.9,30325.0
USTEC,H4,2026-05-29T20:00:00Z,30325.3,30380.4,30223.5,30323.8
USTEC,H4,2026-06-01T00:00:00Z,30374.6,30493.4,30303.7,30478.6
USTEC,H4,2026-06-01T04:00:00Z,30478.9,30532.9,30460.9,30512.2
USTEC,H4,2026-06-01T08:00:00Z,30512.0,30530.7,30382.7,30438.0
USTEC,H4,2026-06-01T12:00:00Z,30438.2,30450.9,30354.4,30388.1
USTEC,H4,2026-06-01T16:00:00Z,30388.0,30522.8,30231.0,30520.2
USTEC,H4,2026-06-01T20:00:00Z,30519.9,30633.1,30449.9,30470.1
USTEC,H4,2026-06-02T00:00:00Z,30463.2,30465.7,30308.1,30318.1
USTEC,H4,2026-06-02T04:00:00Z,30318.2,30389.5,30262.8,30388.1
USTEC,H4,2026-06-02T08:00:00Z,30388.3,30513.1,30375.6,30493.2
USTEC,H4,2026-06-02T12:00:00Z,30493.2,30530.0,30448.5,30473.1
USTEC,H4,2026-06-02T16:00:00Z,30474.1,30658.0,30368.5,30638.3
USTEC,H4,2026-06-02T20:00:00Z,30638.3,30709.6,30545.5,30691.1
USTEC,H4,2026-06-03T00:00:00Z,30678.3,30706.4,30518.8,30669.7
USTEC,H4,2026-06-03T04:00:00Z,30669.5,30683.1,30602.8,30655.4
USTEC,H4,2026-06-03T08:00:00Z,30654.9,30704.0,30625.6,30670.0
USTEC,H4,2026-06-03T12:00:00Z,30670.1,30749.5,30653.4,30670.4
USTEC,H4,2026-06-03T16:00:00Z,30670.0,30759.7,30449.9,30558.9
USTEC,H4,2026-06-03T20:00:00Z,30559.2,30641.8,30426.0,30441.5
USTEC,H4,2026-06-04T00:00:00Z,30402.2,30447.0,30316.0,30444.0
USTEC,H4,2026-06-04T04:00:00Z,30443.7,30475.3,30298.7,30442.3
USTEC,H4,2026-06-04T08:00:00Z,30442.9,30488.8,30272.3,30289.0
USTEC,H4,2026-06-04T12:00:00Z,30289.2,30293.5,30109.3,30254.4
USTEC,H4,2026-06-04T16:00:00Z,30255.2,30435.5,30097.3,30421.2
USTEC,H4,2026-06-04T20:00:00Z,30421.4,30545.2,30335.2,30353.9
USTEC,H4,2026-06-05T00:00:00Z,30338.6,30357.8,30074.7,30086.6
USTEC,H4,2026-06-05T04:00:00Z,30086.0,30191.5,29995.7,30172.4
USTEC,H4,2026-06-05T08:00:00Z,30173.2,30176.1,30005.1,30102.0
USTEC,H4,2026-06-05T12:00:00Z,30102.1,30201.0,29986.5,29998.0
USTEC,H4,2026-06-05T16:00:00Z,29997.6,30042.2,29330.1,29433.8
USTEC,H4,2026-06-05T20:00:00Z,29435.1,29449.0,28725.8,28776.9
USTEC,H4,2026-06-08T00:00:00Z,28791.0,29246.2,28775.0,29175.7
USTEC,H4,2026-06-08T04:00:00Z,29177.5,29201.6,28984.2,29048.8
USTEC,H4,2026-06-08T08:00:00Z,29050.2,29238.8,28931.3,29136.0
USTEC,H4,2026-06-08T12:00:00Z,29137.7,29465.3,29103.2,29443.8
USTEC,H4,2026-06-08T16:00:00Z,29444.3,29700.8,29290.8,29538.8
USTEC,H4,2026-06-08T20:00:00Z,29539.9,29581.6,29336.0,29392.7
USTEC,H4,2026-06-09T00:00:00Z,29415.9,29442.4,29265.8,29299.0
USTEC,H4,2026-06-09T04:00:00Z,29298.5,29591.8,29290.9,29564.9
USTEC,H4,2026-06-09T08:00:00Z,29565.1,29650.5,29527.6,29602.9
USTEC,H4,2026-06-09T12:00:00Z,29603.0,29698.4,29584.9,29697.0
USTEC,H4,2026-06-09T16:00:00Z,29696.4,29807.7,28189.9,28441.1
USTEC,H4,2026-06-09T20:00:00Z,28443.6,29156.4,28432.9,29099.0
USTEC,H4,2026-06-10T00:00:00Z,29037.0,29132.4,28936.2,29040.0
USTEC,H4,2026-06-10T04:00:00Z,29039.4,29076.9,28834.2,28861.9
USTEC,H4,2026-06-10T08:00:00Z,28861.7,28977.1,28707.4,28726.6
USTEC,H4,2026-06-10T12:00:00Z,28726.5,28956.1,28574.6,28796.4
USTEC,H4,2026-06-10T16:00:00Z,28796.5,29213.4,28592.2,28680.7
USTEC,H4,2026-06-10T20:00:00Z,28681.4,28795.8,28375.0,28427.5
USTEC,H4,2026-06-11T00:00:00Z,28421.5,28537.9,28232.6,28516.6
USTEC,H4,2026-06-11T04:00:00Z,28516.9,28769.0,28500.4,28742.3
USTEC,H4,2026-06-11T08:00:00Z,28743.0,28901.4,28655.6,28876.8
USTEC,H4,2026-06-11T12:00:00Z,28877.3,28888.4,28605.4,28779.5
USTEC,H4,2026-06-11T16:00:00Z,28780.5,29015.1,28546.6,28736.2
USTEC,H4,2026-06-11T20:00:00Z,28738.2,29508.1,28647.6,29404.9
USTEC,H4,2026-06-12T00:00:00Z,29421.6,29613.6,29420.9,29557.9
USTEC,H4,2026-06-12T04:00:00Z,29557.4,29558.7,29436.4,29512.6
USTEC,H4,2026-06-12T08:00:00Z,29512.4,29535.6,29230.2,29448.4
USTEC,H4,2026-06-12T12:00:00Z,29448.6,29636.3,29446.6,29596.3
