symbol,timeframe,bar_time,atr_value,atr_ratio,atr_percentile,atr_percentile_regime,squeeze_is_on,squeeze_tier,squeeze_fired,compression_quality_score
DE40,H1,2025-01-02T02:00:00Z,na,na,na,unknown,0,off,0,na
DE40,H1,2025-01-02T03:00:00Z,na,na,na,unknown,0,off,0,na
DE40,H1,2025-01-02T04:00:00Z,na,na,na,unknown,0,off,0,na
DE40,H1,2025-01-02T05:00:00Z,na,na,na,unknown,0,off,0,na
DE40,H1,2025-01-02T06:00:00Z,na,na,na,unknown,0,off,0,na
DE40,H1,2025-01-02T07:00:00Z,na,na,na,unknown,0,off,0,na
DE40,H1,2025-01-02T08:00:00Z,na,na,na,unknown,0,off,0,na
DE40,H1,2025-01-02T09:00:00Z,na,na,na,unknown,0,off,0,na
DE40,H1,2025-01-02T10:00:00Z,na,na,na,unknown,0,off,0,na
DE40,H1,2025-01-02T11:00:00Z,na,na,na,unknown,0,off,0,na
DE40,H1,2025-01-02T12:00:00Z,na,na,na,unknown,0,off,0,na
DE40,H1,2025-01-02T13:00:00Z,na,na,na,unknown,0,off,0,na
DE40,H1,2025-01-02T14:00:00Z,na,na,na,unknown,0,off,0,na
DE40,H1,2025-01-02T15:00:00Z,58.171429,na,na,unknown,0,off,0,na
DE40,H1,2025-01-02T16:00:00Z,57.992857,na,na,unknown,0,off,0,na
DE40,H1,2025-01-02T17:00:00Z,58.671429,na,na,unknown,0,off,0,na
DE40,H1,2025-01-02T18:00:00Z,63.478571,na,na,unknown,0,off,0,na
DE40,H1,2025-01-02T19:00:00Z,69.550000,na,na,unknown,0,off,0,na
DE40,H1,2025-01-02T20:00:00Z,70.871429,na,na,unknown,0,off,0,na
DE40,H1,2025-01-02T21:00:00Z,69.764286,na,na,unknown,1,medium,0,na
DE40,H1,2025-01-02T22:00:00Z,70.371429,na,na,unknown,1,medium,0,na
DE40,H1,2025-01-02T23:00:00Z,68.700000,na,na,unknown,1,medium,0,na
DE40,H1,2025-01-03T01:00:00Z,61.364286,na,na,unknown,1,medium,0,na
DE40,H1,2025-01-03T02:00:00Z,59.671429,na,na,unknown,1,medium,0,na
DE40,H1,2025-01-03T03:00:00Z,55.492857,na,na,unknown,1,medium,0,na
DE40,H1,2025-01-03T04:00:00Z,51.100000,na,na,unknown,1,medium,0,na
DE40,H1,2025-01-03T05:00:00Z,48.100000,na,na,unknown,1,medium,0,na
DE40,H1,2025-01-03T06:00:00Z,45.314286,na,na,unknown,1,medium,0,na
DE40,H1,2025-01-03T07:00:00Z,40.992857,na,na,unknown,1,medium,0,na
DE40,H1,2025-01-03T08:00:00Z,37.242857,na,na,unknown,1,low,0,na
DE40,H1,2025-01-03T09:00:00Z,33.650000,na,na,unknown,1,medium,0,na
DE40,H1,2025-01-03T10:00:00Z,33.471429,na,na,unknown,1,medium,0,na
DE40,H1,2025-01-03T11:00:00Z,35.257143,na,na,unknown,1,medium,0,na
DE40,H1,2025-01-03T12:00:00Z,36.578571,na,na,unknown,1,medium,0,na
DE40,H1,2025-01-03T13:00:00Z,36.471429,na,na,unknown,1,medium,0,na
DE40,H1,2025-01-03T14:00:00Z,36.207143,na,na,unknown,1,medium,0,na
DE40,H1,2025-01-03T15:00:00Z,40.007143,na,na,unknown,1,medium,0,na
DE40,H1,2025-01-03T16:00:00Z,40.178571,na,na,unknown,1,medium,0,na
DE40,H1,2025-01-03T17:00:00Z,43.535714,na,na,unknown,1,medium,0,na
DE40,H1,2025-01-03T18:00:00Z,45.528571,na,na,unknown,1,low,0,na
DE40,H1,2025-01-03T19:00:00Z,46.064286,na,na,unknown,1,low,0,na
DE40,H1,2025-01-03T20:00:00Z,47.135714,na,na,unknown,1,low,0,na
DE40,H1,2025-01-03T21:00:00Z,47.457143,na,na,unknown,1,low,0,na
DE40,H1,2025-01-03T22:00:00Z,47.600000,na,na,unknown,0,off,1,na
DE40,H1,2025-01-06T01:00:00Z,46.378571,na,na,unknown,1,low,0,na
DE40,H1,2025-01-06T02:00:00Z,41.435714,na,na,unknown,1,low,0,na
DE40,H1,2025-01-06T03:00:00Z,38.685714,na,na,unknown,1,low,0,na
DE40,H1,2025-01-06T04:00:00Z,36.471429,na,na,unknown,1,low,0,na
DE40,H1,2025-01-06T05:00:00Z,34.721429,na,na,unknown,1,medium,0,na
DE40,H1,2025-01-06T06:00:00Z,34.471429,na,na,unknown,1,medium,0,na
DE40,H1,2025-01-06T07:00:00Z,30.364286,na,na,unknown,1,medium,0,na
DE40,H1,2025-01-06T08:00:00Z,27.650000,na,na,unknown,1,low,0,na
DE40,H1,2025-01-06T09:00:00Z,27.664286,na,na,unknown,1,low,0,na
DE40,H1,2025-01-06T10:00:00Z,30.100000,na,na,unknown,1,low,0,na
DE40,H1,2025-01-06T11:00:00Z,31.328571,na,na,unknown,1,low,0,na
DE40,H1,2025-01-06T12:00:00Z,32.757143,na,na,unknown,1,low,0,na
DE40,H1,2025-01-06T13:00:00Z,47.614286,na,na,unknown,0,off,1,na
DE40,H1,2025-01-06T14:00:00Z,49.900000,na,na,unknown,0,off,0,na
DE40,H1,2025-01-06T15:00:00Z,53.192857,na,na,unknown,0,off,0,na
DE40,H1,2025-01-06T16:00:00Z,61.742857,na,na,unknown,0,off,0,na
DE40,H1,2025-01-06T17:00:00Z,68.171429,na,na,unknown,0,off,0,na
DE40,H1,2025-01-06T18:00:00Z,71.978571,na,na,unknown,0,off,0,na
DE40,H1,2025-01-06T19:00:00Z,73.585714,1.5367,na,unknown,0,off,0,21.66
DE40,H1,2025-01-06T20:00:00Z,75.121429,1.5578,na,unknown,0,off,0,24.06
DE40,H1,2025-01-06T21:00:00Z,76.442857,1.5732,na,unknown,0,off,0,26.91
DE40,H1,2025-01-06T22:00:00Z,76.907143,1.5709,na,unknown,0,off,0,30.65
DE40,H1,2025-01-06T23:00:00Z,73.371429,1.4927,na,unknown,0,off,0,31.62
DE40,H1,2025-01-07T01:00:00Z,69.271429,1.4094,na,unknown,0,off,0,32.95
DE40,H1,2025-01-07T02:00:00Z,68.078571,1.3867,na,unknown,0,off,0,34.00
DE40,H1,2025-01-07T03:00:00Z,66.328571,1.3530,na,unknown,0,off,0,32.07
DE40,H1,2025-01-07T04:00:00Z,52.328571,1.0753,na,unknown,0,off,0,33.98
DE40,H1,2025-01-07T05:00:00Z,50.828571,1.0522,na,unknown,0,off,0,36.69
DE40,H1,2025-01-07T06:00:00Z,46.864286,0.9760,na,unknown,0,off,0,38.73
DE40,H1,2025-01-07T07:00:00Z,37.042857,0.7788,na,unknown,0,off,0,52.62
DE40,H1,2025-01-07T08:00:00Z,31.042857,0.6594,na,unknown,1,low,0,59.62
DE40,H1,2025-01-07T09:00:00Z,30.807143,0.6601,na,unknown,1,medium,0,60.46
DE40,H1,2025-01-07T10:00:00Z,34.664286,0.7471,na,unknown,1,medium,0,56.83
DE40,H1,2025-01-07T11:00:00Z,36.057143,0.7802,na,unknown,1,medium,0,52.38
DE40,H1,2025-01-07T12:00:00Z,37.985714,0.8230,na,unknown,1,low,0,49.20
DE40,H1,2025-01-07T13:00:00Z,38.878571,0.8418,na,unknown,0,off,1,57.64
DE40,H1,2025-01-07T14:00:00Z,42.078571,0.9077,na,unknown,0,off,0,51.76
DE40,H1,2025-01-07T15:00:00Z,43.250000,0.9291,na,unknown,0,off,0,43.35
DE40,H1,2025-01-07T16:00:00Z,45.500000,0.9731,na,unknown,0,off,0,35.20
DE40,H1,2025-01-07T17:00:00Z,50.535714,1.0744,na,unknown,0,off,0,21.37
DE40,H1,2025-01-07T18:00:00Z,51.735714,1.0928,na,unknown,0,off,0,19.28
DE40,H1,2025-01-07T19:00:00Z,52.557143,1.1026,na,unknown,0,off,0,17.65
DE40,H1,2025-01-07T20:00:00Z,53.378571,1.1136,na,unknown,0,off,0,17.01
DE40,H1,2025-01-07T21:00:00Z,53.878571,1.1176,na,unknown,0,off,0,18.73
DE40,H1,2025-01-07T22:00:00Z,55.057143,1.1366,na,unknown,0,off,0,20.46
DE40,H1,2025-01-07T23:00:00Z,51.471429,1.0600,na,unknown,0,off,0,23.81
DE40,H1,2025-01-08T01:00:00Z,48.135714,0.9904,na,unknown,0,off,0,28.97
DE40,H1,2025-01-08T02:00:00Z,45.857143,0.9441,na,unknown,0,off,0,32.49
DE40,H1,2025-01-08T03:00:00Z,42.678571,0.8804,na,unknown,0,off,0,38.08
DE40,H1,2025-01-08T04:00:00Z,41.571429,0.8597,na,unknown,0,off,0,40.91
DE40,H1,2025-01-08T05:00:00Z,38.250000,0.7936,na,unknown,1,low,0,45.20
DE40,H1,2025-01-08T06:00:00Z,36.678571,0.7625,na,unknown,1,low,0,52.22
DE40,H1,2025-01-08T07:00:00Z,34.678571,0.7222,na,unknown,1,medium,0,63.75
DE40,H1,2025-01-08T08:00:00Z,30.785714,0.6426,na,unknown,1,medium,0,72.45
DE40,H1,2025-01-08T09:00:00Z,30.192857,0.6314,na,unknown,1,high,0,80.23
DE40,H1,2025-01-08T10:00:00Z,36.300000,0.7586,na,unknown,1,high,0,76.56
DE40,H1,2025-01-08T11:00:00Z,37.442857,0.7802,na,unknown,1,medium,0,72.39
DE40,H1,2025-01-08T12:00:00Z,39.907143,0.8273,na,unknown,1,low,0,61.40
DE40,H1,2025-01-08T13:00:00Z,51.300000,1.0531,na,unknown,1,low,0,45.72
DE40,H1,2025-01-08T14:00:00Z,55.778571,1.1331,na,unknown,1,low,0,45.07
DE40,H1,2025-01-08T15:00:00Z,57.921429,1.1641,na,unknown,1,low,0,44.03
DE40,H1,2025-01-08T16:00:00Z,61.771429,1.2271,na,unknown,1,low,0,45.98
DE40,H1,2025-01-08T17:00:00Z,65.628571,1.2945,na,unknown,1,low,0,47.52
DE40,H1,2025-01-08T18:00:00Z,67.221429,1.3169,na,unknown,1,low,0,47.58
DE40,H1,2025-01-08T19:00:00Z,71.828571,1.3970,na,unknown,1,low,0,47.37
DE40,H1,2025-01-08T20:00:00Z,74.471429,1.4412,na,unknown,1,medium,0,47.08
DE40,H1,2025-01-08T21:00:00Z,77.007143,1.4852,na,unknown,1,medium,0,47.25
DE40,H1,2025-01-08T22:00:00Z,76.792857,1.4783,na,unknown,1,medium,0,47.39
DE40,H1,2025-01-08T23:00:00Z,77.435714,1.4885,na,unknown,1,medium,0,47.90
DE40,H1,2025-01-09T01:00:00Z,70.178571,1.3516,na,unknown,1,medium,0,48.53
DE40,H1,2025-01-09T02:00:00Z,69.071429,1.3341,na,unknown,1,medium,0,48.74
DE40,H1,2025-01-09T03:00:00Z,65.714286,1.2747,na,unknown,1,medium,0,48.28
DE40,H1,2025-01-09T04:00:00Z,53.071429,1.0376,na,unknown,1,medium,0,51.96
DE40,H1,2025-01-09T05:00:00Z,48.714286,0.9602,na,unknown,1,medium,0,57.02
DE40,H1,2025-01-09T06:00:00Z,44.764286,0.8905,na,unknown,1,medium,0,61.15
DE40,H1,2025-01-09T07:00:00Z,39.728571,0.7988,na,unknown,1,medium,0,62.62
DE40,H1,2025-01-09T08:00:00Z,35.835714,0.7253,na,unknown,1,medium,0,66.12
DE40,H1,2025-01-09T09:00:00Z,36.835714,0.7498,na,unknown,1,high,0,65.25
DE40,H1,2025-01-09T10:00:00Z,36.121429,0.7385,na,unknown,1,high,0,76.27
DE40,H1,2025-01-09T11:00:00Z,35.764286,0.7316,na,unknown,1,high,0,75.84
DE40,H1,2025-01-09T12:00:00Z,34.300000,0.7007,na,unknown,1,medium,0,77.76
DE40,H1,2025-01-09T13:00:00Z,34.300000,0.6997,na,unknown,1,high,0,79.55
DE40,H1,2025-01-09T14:00:00Z,33.014286,0.6739,na,unknown,1,medium,0,80.44
DE40,H1,2025-01-09T15:00:00Z,34.307143,0.7008,na,unknown,1,medium,0,77.26
DE40,H1,2025-01-09T16:00:00Z,34.628571,0.7084,na,unknown,1,medium,0,75.57
DE40,H1,2025-01-09T17:00:00Z,35.700000,0.7312,na,unknown,1,medium,0,75.00
DE40,H1,2025-01-09T18:00:00Z,35.042857,0.7198,na,unknown,1,medium,0,75.63
DE40,H1,2025-01-09T19:00:00Z,34.328571,0.7078,na,unknown,1,medium,0,75.40
DE40,H1,2025-01-09T20:00:00Z,33.507143,0.6943,na,unknown,1,medium,0,74.82
DE40,H1,2025-01-09T21:00:00Z,32.971429,0.6882,na,unknown,1,medium,0,74.01
DE40,H1,2025-01-09T22:00:00Z,32.400000,0.6817,na,unknown,1,medium,0,73.91
DE40,H1,2025-01-10T01:00:00Z,32.021429,0.6796,na,unknown,1,medium,0,76.64
DE40,H1,2025-01-10T02:00:00Z,30.992857,0.6641,na,unknown,1,medium,0,77.79
DE40,H1,2025-01-10T03:00:00Z,30.921429,0.6692,na,unknown,1,medium,0,78.70
DE40,H1,2025-01-10T04:00:00Z,30.492857,0.6670,na,unknown,1,medium,0,79.65
DE40,H1,2025-01-10T05:00:00Z,29.171429,0.6444,na,unknown,1,medium,0,80.47
DE40,H1,2025-01-10T06:00:00Z,28.635714,0.6380,na,unknown,1,medium,0,81.28
DE40,H1,2025-01-10T07:00:00Z,27.064286,0.6081,na,unknown,1,high,0,82.47
DE40,H1,2025-01-10T08:00:00Z,27.992857,0.6332,na,unknown,1,medium,0,83.70
DE40,H1,2025-01-10T09:00:00Z,27.314286,0.6218,na,unknown,1,high,0,85.35
DE40,H1,2025-01-10T10:00:00Z,29.542857,0.6752,na,unknown,1,high,0,81.73
DE40,H1,2025-01-10T11:00:00Z,31.971429,0.7323,na,unknown,1,high,0,76.96
DE40,H1,2025-01-10T12:00:00Z,36.114286,0.8267,na,unknown,1,high,0,68.35
DE40,H1,2025-01-10T13:00:00Z,39.257143,0.8951,na,unknown,1,medium,0,62.33
DE40,H1,2025-01-10T14:00:00Z,40.685714,0.9233,na,unknown,1,low,0,59.24
DE40,H1,2025-01-10T15:00:00Z,45.650000,1.0316,na,unknown,1,medium,0,57.40
DE40,H1,2025-01-10T16:00:00Z,47.250000,1.0630,na,unknown,1,medium,0,57.00
DE40,H1,2025-01-10T17:00:00Z,52.428571,1.1729,na,unknown,1,medium,0,46.32
DE40,H1,2025-01-10T18:00:00Z,54.535714,1.2183,na,unknown,1,low,0,46.87
DE40,H1,2025-01-10T19:00:00Z,58.928571,1.3146,na,unknown,1,low,0,48.86
DE40,H1,2025-01-10T20:00:00Z,61.285714,1.3651,na,unknown,1,low,0,51.02
DE40,H1,2025-01-10T21:00:00Z,63.071429,1.4041,na,unknown,1,low,0,51.47
DE40,H1,2025-01-10T22:00:00Z,63.357143,1.4119,na,unknown,1,low,0,51.72
DE40,H1,2025-01-13T01:00:00Z,66.228571,1.4765,na,unknown,1,low,0,50.40
DE40,H1,2025-01-13T02:00:00Z,65.550000,1.4655,na,unknown,1,low,0,50.31
DE40,H1,2025-01-13T03:00:00Z,66.514286,1.4923,na,unknown,1,low,0,50.70
DE40,H1,2025-01-13T04:00:00Z,63.550000,1.4345,na,unknown,1,low,0,50.22
DE40,H1,2025-01-13T05:00:00Z,62.907143,1.4289,na,unknown,0,off,1,48.49
DE40,H1,2025-01-13T06:00:00Z,61.871429,1.4154,na,unknown,0,off,0,46.41
DE40,H1,2025-01-13T07:00:00Z,54.300000,1.2513,na,unknown,0,off,0,43.92
DE40,H1,2025-01-13T08:00:00Z,50.014286,1.1628,na,unknown,0,off,0,42.43
DE40,H1,2025-01-13T09:00:00Z,44.778571,1.0513,na,unknown,0,off,0,40.89
DE40,H1,2025-01-13T10:00:00Z,48.207143,1.1344,na,unknown,0,off,0,32.43
DE40,H1,2025-01-13T11:00:00Z,46.064286,1.0853,na,unknown,0,off,0,28.84
DE40,H1,2025-01-13T12:00:00Z,46.028571,1.0838,na,unknown,0,off,0,30.58
DE40,H1,2025-01-13T13:00:00Z,47.457143,1.1134,na,unknown,0,off,0,24.89
DE40,H1,2025-01-13T14:00:00Z,50.992857,1.1879,na,unknown,0,off,0,37.20
DE40,H1,2025-01-13T15:00:00Z,49.014286,1.1354,na,unknown,0,off,0,34.74
DE40,H1,2025-01-13T16:00:00Z,52.550000,1.2081,na,unknown,0,off,0,36.59
DE40,H1,2025-01-13T17:00:00Z,51.764286,1.1813,na,unknown,0,off,0,36.43
DE40,H1,2025-01-13T18:00:00Z,54.100000,1.2236,na,unknown,0,off,0,34.13
DE40,H1,2025-01-13T19:00:00Z,55.600000,1.2455,na,unknown,0,off,0,39.94
DE40,H1,2025-01-13T20:00:00Z,55.885714,1.2392,na,unknown,0,off,0,40.61
DE40,H1,2025-01-13T21:00:00Z,56.457143,1.2397,na,unknown,0,off,0,39.72
DE40,H1,2025-01-13T22:00:00Z,57.635714,1.2529,na,unknown,1,low,0,44.92
DE40,H1,2025-01-13T23:00:00Z,56.457143,1.2163,na,unknown,0,off,1,48.00
DE40,H1,2025-01-14T01:00:00Z,52.228571,1.1169,na,unknown,0,off,0,40.16
DE40,H1,2025-01-14T02:00:00Z,51.735714,1.0982,na,unknown,0,off,0,39.52
DE40,H1,2025-01-14T03:00:00Z,49.378571,1.0412,na,unknown,0,off,0,42.89
DE40,H1,2025-01-14T04:00:00Z,47.057143,0.9864,na,unknown,0,off,0,45.67
DE40,H1,2025-01-14T05:00:00Z,41.735714,0.8714,na,unknown,0,off,0,50.81
DE40,H1,2025-01-14T06:00:00Z,40.592857,0.8445,na,unknown,0,off,0,49.53
DE40,H1,2025-01-14T07:00:00Z,35.771429,0.7427,na,unknown,0,off,0,50.30
DE40,H1,2025-01-14T08:00:00Z,33.914286,0.7033,na,unknown,0,off,0,50.23
DE40,H1,2025-01-14T09:00:00Z,33.400000,0.6918,na,unknown,0,off,0,49.46
DE40,H1,2025-01-14T10:00:00Z,33.614286,0.6950,na,unknown,0,off,0,52.65
DE40,H1,2025-01-14T11:00:00Z,34.721429,0.7160,na,unknown,0,off,0,51.47
DE40,H1,2025-01-14T12:00:00Z,36.257143,0.7449,na,unknown,0,off,0,49.71
DE40,H1,2025-01-14T13:00:00Z,36.007143,0.7373,na,unknown,0,off,0,55.03
DE40,H1,2025-01-14T14:00:00Z,37.171429,0.7581,na,unknown,0,off,0,53.61
DE40,H1,2025-01-14T15:00:00Z,39.828571,0.8089,na,unknown,1,low,0,43.75
DE40,H1,2025-01-14T16:00:00Z,42.571429,0.8609,na,unknown,1,low,0,52.29
DE40,H1,2025-01-14T17:00:00Z,44.035714,0.8877,na,unknown,1,low,0,52.17
DE40,H1,2025-01-14T18:00:00Z,45.357143,0.9121,na,unknown,1,medium,0,54.62
DE40,H1,2025-01-14T19:00:00Z,46.607143,0.9350,na,unknown,1,medium,0,60.09
DE40,H1,2025-01-14T20:00:00Z,47.678571,0.9557,na,unknown,1,medium,0,60.80
DE40,H1,2025-01-14T21:00:00Z,49.928571,0.9997,na,unknown,1,medium,0,60.17
DE40,H1,2025-01-14T22:00:00Z,51.714286,1.0358,na,unknown,1,medium,0,58.58
DE40,H1,2025-01-14T23:00:00Z,51.378571,1.0304,na,unknown,1,medium,0,55.94
DE40,H1,2025-01-15T01:00:00Z,48.878571,0.9842,na,unknown,1,medium,0,60.65
DE40,H1,2025-01-15T02:00:00Z,47.521429,0.9622,na,unknown,1,medium,0,62.44
DE40,H1,2025-01-15T03:00:00Z,45.450000,0.9269,na,unknown,1,medium,0,65.76
DE40,H1,2025-01-15T04:00:00Z,44.557143,0.9157,na,unknown,1,medium,0,67.65
DE40,H1,2025-01-15T05:00:00Z,42.200000,0.8759,na,unknown,1,medium,0,68.29
DE40,H1,2025-01-15T06:00:00Z,36.878571,0.7747,na,unknown,1,high,0,75.18
DE40,H1,2025-01-15T07:00:00Z,32.485714,0.6923,na,unknown,1,medium,0,80.58
DE40,H1,2025-01-15T08:00:00Z,30.842857,0.6666,na,unknown,1,medium,0,81.30
DE40,H1,2025-01-15T09:00:00Z,29.857143,0.6546,na,unknown,1,medium,0,82.94
DE40,H1,2025-01-15T10:00:00Z,31.892857,0.7086,na,unknown,1,medium,0,81.37
DE40,H1,2025-01-15T11:00:00Z,32.107143,0.7204,na,unknown,1,low,0,74.55
DE40,H1,2025-01-15T12:00:00Z,32.392857,0.7326,na,unknown,0,off,1,66.90
DE40,H1,2025-01-15T13:00:00Z,33.535714,0.7623,na,unknown,0,off,0,50.24
DE40,H1,2025-01-15T14:00:00Z,32.514286,0.7444,na,unknown,0,off,0,43.63
DE40,H1,2025-01-15T15:00:00Z,43.728571,1.0023,na,unknown,0,off,0,22.82
DE40,H1,2025-01-15T16:00:00Z,47.550000,1.0891,na,unknown,0,off,0,16.68
DE40,H1,2025-01-15T17:00:00Z,49.264286,1.1274,na,unknown,0,off,0,15.16
DE40,H1,2025-01-15T18:00:00Z,51.492857,1.1782,na,unknown,0,off,0,13.73
DE40,H1,2025-01-15T19:00:00Z,52.350000,1.1960,na,unknown,0,off,0,12.30
DE40,H1,2025-01-15T20:00:00Z,53.028571,1.2112,na,unknown,0,off,0,12.79
DE40,H1,2025-01-15T21:00:00Z,53.207143,1.2145,na,unknown,0,off,0,11.83
DE40,H1,2025-01-15T22:00:00Z,52.957143,1.2094,na,unknown,0,off,0,11.22
DE40,H1,2025-01-15T23:00:00Z,52.271429,1.1955,na,unknown,0,off,0,9.56
DE40,H1,2025-01-16T01:00:00Z,49.714286,1.1403,na,unknown,0,off,0,10.85
DE40,H1,2025-01-16T02:00:00Z,48.714286,1.1213,na,unknown,0,off,0,10.19
DE40,H1,2025-01-16T03:00:00Z,47.142857,1.0904,na,unknown,0,off,0,12.52
DE40,H1,2025-01-16T04:00:00Z,43.750000,1.0179,na,unknown,0,off,0,17.63
DE40,H1,2025-01-16T05:00:00Z,43.107143,1.0072,na,unknown,0,off,0,18.72
DE40,H1,2025-01-16T06:00:00Z,30.642857,0.7231,na,unknown,0,off,0,35.53
DE40,H1,2025-01-16T07:00:00Z,27.035714,0.6448,na,unknown,0,off,0,40.37
DE40,H1,2025-01-16T08:00:00Z,27.250000,0.6561,na,unknown,0,off,0,40.18
DE40,H1,2025-01-16T09:00:00Z,30.221429,0.7317,na,unknown,0,off,0,39.27
DE40,H1,2025-01-16T10:00:00Z,36.471429,0.8848,na,unknown,1,low,0,40.12
DE40,H1,2025-01-16T11:00:00Z,37.292857,0.9041,na,unknown,1,medium,0,42.03
DE40,H1,2025-01-16T12:00:00Z,38.935714,0.9416,na,unknown,1,medium,0,56.84
DE40,H1,2025-01-16T13:00:00Z,41.364286,0.9965,na,unknown,1,medium,0,61.86
DE40,H1,2025-01-16T14:00:00Z,42.392857,1.0170,na,unknown,1,medium,0,61.00
DE40,H1,2025-01-16T15:00:00Z,42.235714,1.0096,na,unknown,1,medium,0,61.53
DE40,H1,2025-01-16T16:00:00Z,44.771429,1.0658,na,unknown,1,medium,0,61.77
DE40,H1,2025-01-16T17:00:00Z,44.628571,1.0581,na,unknown,1,medium,0,50.81
DE40,H1,2025-01-16T18:00:00Z,48.457143,1.1428,na,unknown,1,medium,0,48.71
DE40,H1,2025-01-16T19:00:00Z,48.457143,1.1381,na,unknown,1,medium,0,49.31
DE40,H1,2025-01-16T20:00:00Z,50.314286,1.1775,na,unknown,1,medium,0,49.98
DE40,H1,2025-01-16T21:00:00Z,50.964286,1.1888,na,unknown,1,medium,0,50.26
DE40,H1,2025-01-16T22:00:00Z,49.214286,1.1459,na,unknown,1,medium,0,49.69
DE40,H1,2025-01-16T23:00:00Z,45.814286,1.0672,na,unknown,1,medium,0,51.40
DE40,H1,2025-01-17T01:00:00Z,39.178571,0.9162,na,unknown,1,medium,0,60.61
DE40,H1,2025-01-17T02:00:00Z,37.778571,0.8885,na,unknown,1,medium,0,61.81
DE40,H1,2025-01-17T03:00:00Z,36.135714,0.8562,na,unknown,1,medium,0,63.57
DE40,H1,2025-01-17T04:00:00Z,34.492857,0.8238,na,unknown,1,medium,0,66.64
DE40,H1,2025-01-17T05:00:00Z,33.207143,0.7991,na,unknown,1,medium,0,68.91
DE40,H1,2025-01-17T06:00:00Z,31.992857,0.7757,na,unknown,1,medium,0,70.23
DE40,H1,2025-01-17T07:00:00Z,29.100000,0.7112,na,unknown,1,medium,0,74.36
DE40,H1,2025-01-17T08:00:00Z,27.885714,0.6871,na,unknown,1,medium,0,76.43
DE40,H1,2025-01-17T09:00:00Z,26.678571,0.6624,na,unknown,1,medium,0,71.89
DE40,H1,2025-01-17T10:00:00Z,31.928571,0.7947,na,unknown,0,off,1,42.71
DE40,H1,2025-01-17T11:00:00Z,35.785714,0.8893,na,unknown,0,off,0,27.84
DE40,H1,2025-01-17T12:00:00Z,38.028571,0.9417,na,unknown,0,off,0,24.52
DE40,H1,2025-01-17T13:00:00Z,38.171429,0.9413,na,unknown,0,off,0,23.81
DE40,H1,2025-01-17T14:00:00Z,37.978571,0.9338,na,unknown,0,off,0,24.76
DE40,H1,2025-01-17T15:00:00Z,39.364286,0.9644,na,unknown,0,off,0,22.75
DE40,H1,2025-01-17T16:00:00Z,42.121429,1.0270,44.25,normal,0,off,0,15.77
DE40,H1,2025-01-17T17:00:00Z,44.000000,1.0674,48.61,normal,0,off,0,13.39
DE40,H1,2025-01-17T18:00:00Z,43.535714,1.0505,47.62,normal,0,off,0,14.82
DE40,H1,2025-01-17T19:00:00Z,43.464286,1.0489,47.42,normal,0,off,0,13.27
DE40,H1,2025-01-17T20:00:00Z,44.000000,1.0637,49.60,normal,0,off,0,11.93
DE40,H1,2025-01-17T21:00:00Z,43.857143,1.0630,49.40,normal,0,off,0,11.93
DE40,H1,2025-01-17T22:00:00Z,45.357143,1.1026,53.57,normal,0,off,0,10.09
DE40,H1,2025-01-20T01:00:00Z,44.378571,1.0830,50.99,normal,0,off,0,10.62
DE40,H1,2025-01-20T02:00:00Z,40.021429,0.9830,40.67,normal,0,off,0,16.61
DE40,H1,2025-01-20T03:00:00Z,34.807143,0.8627,23.61,calm,0,off,0,23.99
DE40,H1,2025-01-20T04:00:00Z,31.164286,0.7808,10.52,calm,0,off,0,29.02
DE40,H1,2025-01-20T05:00:00Z,30.664286,0.7767,8.13,squeeze,0,off,0,29.85
DE40,H1,2025-01-20T06:00:00Z,28.878571,0.7393,4.17,squeeze,0,off,0,32.01
DE40,H1,2025-01-20T07:00:00Z,26.842857,0.6950,0.60,squeeze,1,low,0,43.21
DE40,H1,2025-01-20T08:00:00Z,25.700000,0.6728,0.20,squeeze,1,medium,0,61.59
DE40,H1,2025-01-20T09:00:00Z,23.892857,0.6321,0.20,squeeze,1,medium,0,68.46
DE40,H1,2025-01-20T10:00:00Z,25.785714,0.6885,0.99,squeeze,1,medium,0,65.30
DE40,H1,2025-01-20T11:00:00Z,25.821429,0.6912,1.39,squeeze,1,medium,0,68.01
DE40,H1,2025-01-20T12:00:00Z,25.821429,0.6917,1.59,squeeze,1,high,0,74.06
DE40,H1,2025-01-20T13:00:00Z,26.392857,0.7073,2.18,squeeze,1,high,0,76.49
DE40,H1,2025-01-20T14:00:00Z,25.464286,0.6842,0.60,squeeze,1,high,0,77.35
DE40,H1,2025-01-20T15:00:00Z,33.714286,0.9072,22.42,calm,1,low,0,47.58
DE40,H1,2025-01-20T16:00:00Z,35.535714,0.9571,28.37,calm,0,off,1,32.75
DE40,H1,2025-01-20T17:00:00Z,38.500000,1.0372,39.48,normal,0,off,0,31.44
DE40,H1,2025-01-20T18:00:00Z,39.864286,1.0748,43.06,normal,0,off,0,29.48
DE40,H1,2025-01-20T19:00:00Z,46.935714,1.2623,61.71,normal,0,off,0,34.98
DE40,H1,2025-01-20T20:00:00Z,48.257143,1.2937,66.87,normal,0,off,0,35.17
DE40,H1,2025-01-20T21:00:00Z,49.507143,1.3238,70.44,elevated,0,off,0,37.23
DE40,H1,2025-01-20T22:00:00Z,49.364286,1.3167,69.64,normal,0,off,0,42.45
DE40,H1,2025-01-21T01:00:00Z,50.700000,1.3507,72.82,elevated,0,off,0,44.29
DE40,H1,2025-01-21T02:00:00Z,58.700000,1.5553,87.10,elevated,0,off,0,49.87
DE40,H1,2025-01-21T03:00:00Z,64.521429,1.6968,90.67,extreme,1,low,0,48.35
DE40,H1,2025-01-21T04:00:00Z,64.735714,1.6902,90.67,extreme,1,low,0,48.84
DE40,H1,2025-01-21T05:00:00Z,65.342857,1.6918,90.67,extreme,1,low,0,49.91
DE40,H1,2025-01-21T06:00:00Z,66.200000,1.6961,91.87,extreme,1,low,0,50.54
DE40,H1,2025-01-21T07:00:00Z,57.342857,1.4556,84.33,elevated,1,low,0,51.16
DE40,H1,2025-01-21T08:00:00Z,56.021429,1.4090,83.13,elevated,1,low,0,52.86
DE40,H1,2025-01-21T09:00:00Z,55.450000,1.3812,81.55,elevated,1,low,0,52.63
DE40,H1,2025-01-21T10:00:00Z,59.121429,1.4548,85.91,elevated,1,medium,0,52.79
DE40,H1,2025-01-21T11:00:00Z,53.835714,1.3114,78.77,elevated,1,medium,0,53.38
DE40,H1,2025-01-21T12:00:00Z,54.264286,1.3077,79.56,elevated,1,medium,0,53.59
DE40,H1,2025-01-21T13:00:00Z,54.371429,1.2945,79.96,elevated,1,medium,0,51.58
DE40,H1,2025-01-21T14:00:00Z,53.978571,1.2694,78.37,elevated,1,medium,0,50.37
DE40,H1,2025-01-21T15:00:00Z,54.178571,1.2578,78.77,elevated,1,medium,0,51.31
DE40,H1,2025-01-21T16:00:00Z,45.428571,1.0481,52.18,normal,1,medium,0,54.66
DE40,H1,2025-01-21T17:00:00Z,40.571429,0.9340,40.28,normal,1,medium,0,58.58
DE40,H1,2025-01-21T18:00:00Z,43.278571,0.9939,46.23,normal,1,low,0,55.54
DE40,H1,2025-01-21T19:00:00Z,43.350000,0.9932,46.63,normal,1,low,0,52.69
DE40,H1,2025-01-21T20:00:00Z,41.921429,0.9587,42.66,normal,0,off,1,52.33
DE40,H1,2025-01-21T21:00:00Z,40.957143,0.9360,41.47,normal,0,off,0,51.82
DE40,H1,2025-01-21T22:00:00Z,40.814286,0.9333,41.47,normal,0,off,0,38.73
DE40,H1,2025-01-21T23:00:00Z,39.035714,0.8946,37.10,normal,0,off,0,41.24
DE40,H1,2025-01-22T01:00:00Z,35.707143,0.8213,25.99,calm,0,off,0,43.88
DE40,H1,2025-01-22T02:00:00Z,35.671429,0.8234,25.60,calm,0,off,0,41.88
DE40,H1,2025-01-22T03:00:00Z,35.028571,0.8120,24.80,calm,0,off,0,42.53
DE40,H1,2025-01-22T04:00:00Z,34.457143,0.8022,22.42,calm,0,off,0,37.77
DE40,H1,2025-01-22T05:00:00Z,33.100000,0.7750,18.06,calm,0,off,0,37.89
DE40,H1,2025-01-22T06:00:00Z,31.707143,0.7468,13.29,calm,0,off,0,39.35
DE40,H1,2025-01-22T07:00:00Z,30.385714,0.7190,9.33,squeeze,0,off,0,41.80
DE40,H1,2025-01-22T08:00:00Z,29.992857,0.7113,8.53,squeeze,0,off,0,42.04
DE40,H1,2025-01-22T09:00:00Z,29.464286,0.6993,7.74,squeeze,0,off,0,41.86
DE40,H1,2025-01-22T10:00:00Z,36.000000,0.8523,31.15,normal,0,off,0,39.67
DE40,H1,2025-01-22T11:00:00Z,36.571429,0.8627,34.33,normal,0,off,0,37.57
DE40,H1,2025-01-22T12:00:00Z,38.178571,0.8958,38.69,normal,0,off,0,36.49
DE40,H1,2025-01-22T13:00:00Z,37.821429,0.8824,36.71,normal,0,off,0,36.31
DE40,H1,2025-01-22T14:00:00Z,39.100000,0.9058,40.67,normal,0,off,0,35.60
DE40,H1,2025-01-22T15:00:00Z,39.321429,0.9053,41.47,normal,0,off,0,34.37
DE40,H1,2025-01-22T16:00:00Z,39.678571,0.9077,41.87,normal,0,off,0,33.87
DE40,H1,2025-01-22T17:00:00Z,41.821429,0.9498,47.42,normal,0,off,0,35.16
DE40,H1,2025-01-22T18:00:00Z,44.700000,1.0068,56.15,normal,0,off,0,37.93
DE40,H1,2025-01-22T19:00:00Z,45.342857,1.0122,57.74,normal,0,off,0,41.28
DE40,H1,2025-01-22T20:00:00Z,45.557143,1.0116,59.72,normal,0,off,0,40.27
DE40,H1,2025-01-22T21:00:00Z,45.664286,1.0095,60.52,normal,0,off,0,40.98
DE40,H1,2025-01-22T22:00:00Z,45.021429,0.9924,57.74,normal,0,off,0,38.47
DE40,H1,2025-01-22T23:00:00Z,42.628571,0.9385,50.20,normal,0,off,0,39.46
DE40,H1,2025-01-23T01:00:00Z,34.457143,0.7628,24.01,calm,0,off,0,50.91
DE40,H1,2025-01-23T02:00:00Z,33.778571,0.7526,21.63,calm,0,off,0,52.23
DE40,H1,2025-01-23T03:00:00Z,33.028571,0.7413,18.85,calm,0,off,0,53.55
DE40,H1,2025-01-23T04:00:00Z,32.957143,0.7452,18.06,calm,0,off,0,54.65
DE40,H1,2025-01-23T05:00:00Z,30.350000,0.6926,10.12,calm,1,low,0,56.63
DE40,H1,2025-01-23T06:00:00Z,28.814286,0.6667,6.55,squeeze,1,medium,0,62.33
DE40,H1,2025-01-23T07:00:00Z,27.421429,0.6455,5.36,squeeze,1,low,0,75.42
DE40,H1,2025-01-23T08:00:00Z,24.671429,0.5920,0.60,squeeze,1,low,0,78.56
DE40,H1,2025-01-23T09:00:00Z,23.307143,0.5707,0.20,squeeze,1,low,0,78.73
DE40,H1,2025-01-23T10:00:00Z,25.664286,0.6412,1.79,squeeze,1,medium,0,78.92
DE40,H1,2025-01-23T11:00:00Z,26.985714,0.6846,4.96,squeeze,1,medium,0,73.85
DE40,H1,2025-01-23T12:00:00Z,27.628571,0.7111,7.34,squeeze,1,medium,0,73.54
DE40,H1,2025-01-23T13:00:00Z,27.557143,0.7196,7.34,squeeze,1,low,0,72.30
DE40,H1,2025-01-23T14:00:00Z,27.914286,0.7410,8.53,squeeze,1,low,0,67.62
DE40,H1,2025-01-23T15:00:00Z,30.550000,0.8212,14.48,calm,0,off,1,58.67
DE40,H1,2025-01-23T16:00:00Z,31.978571,0.8700,18.85,calm,0,off,0,55.22
DE40,H1,2025-01-23T17:00:00Z,33.850000,0.9313,26.79,calm,0,off,0,49.29
DE40,H1,2025-01-23T18:00:00Z,39.414286,1.0931,45.83,normal,0,off,0,22.08
DE40,H1,2025-01-23T19:00:00Z,41.471429,1.1584,50.60,normal,0,off,0,17.98
DE40,H1,2025-01-23T20:00:00Z,42.257143,1.1824,53.37,normal,0,off,0,17.85
DE40,H1,2025-01-23T21:00:00Z,41.792857,1.1686,51.39,normal,0,off,0,16.35
DE40,H1,2025-01-23T22:00:00Z,43.578571,1.2183,57.34,normal,0,off,0,16.35
DE40,H1,2025-01-23T23:00:00Z,42.857143,1.1985,55.36,normal,0,off,0,16.21
DE40,H1,2025-01-24T01:00:00Z,40.271429,1.1272,48.21,normal,0,off,0,15.43
DE40,H1,2025-01-24T02:00:00Z,39.128571,1.0964,44.25,normal,0,off,0,16.69
DE40,H1,2025-01-24T03:00:00Z,38.342857,1.0758,42.66,normal,0,off,0,17.48
DE40,H1,2025-01-24T04:00:00Z,39.914286,1.1194,48.61,normal,0,off,0,16.00
DE40,H1,2025-01-24T05:00:00Z,40.878571,1.1431,51.39,normal,0,off,0,14.92
DE40,H1,2025-01-24T06:00:00Z,38.771429,1.0823,43.45,normal,0,off,0,15.64
DE40,H1,2025-01-24T07:00:00Z,37.700000,1.0508,40.28,normal,0,off,0,17.09
DE40,H1,2025-01-24T08:00:00Z,35.292857,0.9833,32.34,normal,0,off,0,22.30
DE40,H1,2025-01-24T09:00:00Z,30.407143,0.8484,14.09,calm,0,off,0,29.74
DE40,H1,2025-01-24T10:00:00Z,30.492857,0.8514,14.68,calm,0,off,0,30.87
DE40,H1,2025-01-24T11:00:00Z,32.242857,0.8993,21.23,calm,0,off,0,29.94
DE40,H1,2025-01-24T12:00:00Z,34.385714,0.9568,30.36,normal,0,off,0,29.61
DE40,H1,2025-01-24T13:00:00Z,33.314286,0.9250,25.60,calm,1,low,0,32.26
DE40,H1,2025-01-24T14:00:00Z,34.271429,0.9525,29.17,calm,1,medium,0,36.30
DE40,H1,2025-01-24T15:00:00Z,34.728571,0.9662,33.13,normal,1,medium,0,53.22
DE40,H1,2025-01-24T16:00:00Z,36.764286,1.0236,39.88,normal,1,low,0,43.99
DE40,H1,2025-01-24T17:00:00Z,37.978571,1.0573,42.26,normal,0,off,1,37.22
DE40,H1,2025-01-24T18:00:00Z,38.392857,1.0693,44.25,normal,0,off,0,38.77
DE40,H1,2025-01-24T19:00:00Z,37.892857,1.0562,41.47,normal,0,off,0,37.57
DE40,H1,2025-01-24T20:00:00Z,38.178571,1.0650,43.25,normal,0,off,0,35.31
DE40,H1,2025-01-24T21:00:00Z,38.507143,1.0762,44.64,normal,0,off,0,34.42
DE40,H1,2025-01-24T22:00:00Z,39.078571,1.0956,45.83,normal,0,off,0,31.80
DE40,H1,2025-01-27T01:00:00Z,42.028571,1.1805,55.75,normal,0,off,0,22.76
DE40,H1,2025-01-27T02:00:00Z,42.000000,1.1821,55.36,normal,0,off,0,21.85
DE40,H1,2025-01-27T03:00:00Z,42.285714,1.1924,57.34,normal,0,off,0,18.78
DE40,H1,2025-01-27T04:00:00Z,41.321429,1.1676,52.18,normal,0,off,0,15.70
DE40,H1,2025-01-27T05:00:00Z,42.464286,1.2000,57.74,normal,0,off,0,19.45
DE40,H1,2025-01-27T06:00:00Z,42.000000,1.1819,54.37,normal,0,off,0,22.25
DE40,H1,2025-01-27T07:00:00Z,45.307143,1.2667,66.47,normal,0,off,0,23.85
DE40,H1,2025-01-27T08:00:00Z,47.057143,1.3054,71.83,elevated,0,off,0,21.34
DE40,H1,2025-01-27T09:00:00Z,50.271429,1.3813,80.36,elevated,0,off,0,22.89
DE40,H1,2025-01-27T10:00:00Z,54.142857,1.4685,88.29,elevated,0,off,0,22.15
DE40,H1,2025-01-27T11:00:00Z,55.857143,1.4931,91.07,extreme,0,off,0,22.36
DE40,H1,2025-01-27T12:00:00Z,60.821429,1.5972,94.64,extreme,0,off,0,23.80
DE40,H1,2025-01-27T13:00:00Z,63.992857,1.6465,97.02,extreme,0,off,0,28.25
DE40,H1,2025-01-27T14:00:00Z,66.421429,1.6719,99.40,extreme,0,off,0,33.57
DE40,H1,2025-01-27T15:00:00Z,64.078571,1.5823,96.63,extreme,0,off,0,33.43
DE40,H1,2025-01-27T16:00:00Z,67.607143,1.6366,99.80,extreme,0,off,0,34.64
DE40,H1,2025-01-27T17:00:00Z,67.928571,1.6129,99.80,extreme,0,off,0,37.66
DE40,H1,2025-01-27T18:00:00Z,69.078571,1.6085,99.80,extreme,0,off,0,37.94
DE40,H1,2025-01-27T19:00:00Z,68.792857,1.5719,99.40,extreme,0,off,0,40.19
DE40,H1,2025-01-27T20:00:00Z,68.328571,1.5348,99.01,extreme,0,off,0,47.54
DE40,H1,2025-01-27T21:00:00Z,66.364286,1.4680,97.02,extreme,0,off,0,44.49
DE40,H1,2025-01-27T22:00:00Z,65.507143,1.4291,95.44,extreme,0,off,0,41.35
DE40,H1,2025-01-27T23:00:00Z,62.750000,1.3551,91.47,extreme,0,off,0,38.23
DE40,H1,2025-01-28T01:00:00Z,60.392857,1.2936,90.67,extreme,0,off,0,36.68
DE40,H1,2025-01-28T02:00:00Z,59.635714,1.2680,90.67,extreme,0,off,0,35.44
DE40,H1,2025-01-28T03:00:00Z,56.814286,1.2003,89.09,elevated,0,off,0,35.90
DE40,H1,2025-01-28T04:00:00Z,54.385714,1.1438,86.31,elevated,0,off,0,34.25
DE40,H1,2025-01-28T05:00:00Z,51.492857,1.0790,78.77,elevated,0,off,0,32.19
DE40,H1,2025-01-28T06:00:00Z,49.278571,1.0287,74.01,elevated,0,off,0,32.87
DE40,H1,2025-01-28T07:00:00Z,50.528571,1.0498,77.58,elevated,0,off,0,28.71
DE40,H1,2025-01-28T08:00:00Z,48.350000,1.0004,71.23,elevated,0,off,0,29.57
DE40,H1,2025-01-28T09:00:00Z,48.557143,1.0011,72.42,elevated,0,off,0,28.92
DE40,H1,2025-01-28T10:00:00Z,52.557143,1.0784,83.53,elevated,1,low,0,34.99
DE40,H1,2025-01-28T11:00:00Z,53.735714,1.0959,84.72,elevated,1,medium,0,41.39
DE40,H1,2025-01-28T12:00:00Z,54.842857,1.1107,87.90,elevated,1,medium,0,42.39
DE40,H1,2025-01-28T13:00:00Z,52.485714,1.0556,81.94,elevated,1,medium,0,52.71
DE40,H1,2025-01-28T14:00:00Z,55.171429,1.0987,87.90,elevated,1,low,0,50.44
DE40,H1,2025-01-28T15:00:00Z,53.564286,1.0569,83.53,elevated,1,low,0,54.53
DE40,H1,2025-01-28T16:00:00Z,56.285714,1.1002,89.88,elevated,1,low,0,55.01
DE40,H1,2025-01-28T17:00:00Z,56.035714,1.0861,89.48,elevated,1,low,0,54.69
DE40,H1,2025-01-28T18:00:00Z,58.292857,1.1190,91.87,extreme,1,medium,0,52.81
DE40,H1,2025-01-28T19:00:00Z,59.792857,1.1367,93.06,extreme,1,low,0,53.31
DE40,H1,2025-01-28T20:00:00Z,60.221429,1.1338,93.06,extreme,1,low,0,52.74
DE40,H1,2025-01-28T21:00:00Z,56.292857,1.0521,88.69,elevated,1,low,0,49.11
DE40,H1,2025-01-28T22:00:00Z,56.078571,1.0411,87.90,elevated,0,off,1,49.03
DE40,H1,2025-01-28T23:00:00Z,53.764286,0.9925,82.74,elevated,0,off,0,51.09
DE40,H1,2025-01-29T01:00:00Z,47.907143,0.8811,68.85,normal,0,off,0,55.86
DE40,H1,2025-01-29T02:00:00Z,45.914286,0.8420,65.67,normal,0,off,0,56.82
DE40,H1,2025-01-29T03:00:00Z,43.342857,0.7935,55.75,normal,1,low,0,59.36
DE40,H1,2025-01-29T04:00:00Z,41.950000,0.7672,49.80,normal,0,off,1,56.72
DE40,H1,2025-01-29T05:00:00Z,37.878571,0.6938,34.33,normal,1,low,0,60.78
DE40,H1,2025-01-29T06:00:00Z,35.842857,0.6580,29.17,calm,0,off,1,60.83
DE40,H1,2025-01-29T07:00:00Z,31.485714,0.5803,14.48,calm,1,low,0,66.85
DE40,H1,2025-01-29T08:00:00Z,32.521429,0.6013,18.85,calm,1,low,0,73.93
DE40,H1,2025-01-29T09:00:00Z,31.278571,0.5807,14.48,calm,1,medium,0,73.81
DE40,H1,2025-01-29T10:00:00Z,31.457143,0.5864,14.88,calm,1,medium,0,72.74
DE40,H1,2025-01-29T11:00:00Z,35.778571,0.6693,29.17,calm,1,low,0,72.16
DE40,H1,2025-01-29T12:00:00Z,35.571429,0.6683,27.98,calm,1,low,0,64.33
DE40,H1,2025-01-29T13:00:00Z,35.500000,0.6707,27.18,calm,0,off,1,62.42
DE40,H1,2025-01-29T14:00:00Z,36.100000,0.6867,31.15,normal,0,off,0,59.84
DE40,H1,2025-01-29T15:00:00Z,37.457143,0.7175,33.93,normal,0,off,0,61.09
DE40,H1,2025-01-29T16:00:00Z,38.914286,0.7517,40.28,normal,0,off,0,60.45
DE40,H1,2025-01-29T17:00:00Z,40.235714,0.7845,45.83,normal,0,off,0,51.92
DE40,H1,2025-01-29T18:00:00Z,41.792857,0.8227,49.40,normal,0,off,0,48.99
DE40,H1,2025-01-29T19:00:00Z,42.150000,0.8370,52.98,normal,0,off,0,41.18
DE40,H1,2025-01-29T20:00:00Z,43.471429,0.8716,58.53,normal,0,off,0,36.53
DE40,H1,2025-01-29T21:00:00Z,45.721429,0.9249,66.87,normal,0,off,0,34.89
DE40,H1,2025-01-29T22:00:00Z,43.757143,0.8943,60.52,normal,0,off,0,37.11
DE40,H1,2025-01-29T23:00:00Z,48.235714,0.9942,70.83,elevated,0,off,0,36.58
DE40,H1,2025-01-30T01:00:00Z,47.714286,0.9919,70.44,elevated,0,off,0,37.87
DE40,H1,2025-01-30T02:00:00Z,43.528571,0.9136,58.93,normal,0,off,0,43.57
DE40,H1,2025-01-30T03:00:00Z,41.842857,0.8870,50.60,normal,0,off,0,44.59
DE40,H1,2025-01-30T04:00:00Z,41.235714,0.8822,48.21,normal,0,off,0,45.09
DE40,H1,2025-01-30T05:00:00Z,39.735714,0.8577,44.64,normal,0,off,0,44.17
DE40,H1,2025-01-30T06:00:00Z,38.592857,0.8406,39.88,normal,1,low,0,44.66
DE40,H1,2025-01-30T07:00:00Z,36.592857,0.8042,32.34,normal,1,medium,0,45.02
DE40,H1,2025-01-30T08:00:00Z,34.878571,0.7731,26.39,calm,1,medium,0,60.91
DE40,H1,2025-01-30T09:00:00Z,35.142857,0.7847,26.79,calm,1,medium,0,59.60
DE40,H1,2025-01-30T10:00:00Z,38.142857,0.8559,37.10,normal,1,medium,0,61.16
DE40,H1,2025-01-30T11:00:00Z,38.571429,0.8702,39.88,normal,1,medium,0,60.81
DE40,H1,2025-01-30T12:00:00Z,37.821429,0.8573,34.13,normal,1,high,0,62.31
DE40,H1,2025-01-30T13:00:00Z,37.071429,0.8447,31.94,normal,1,medium,0,59.59
DE40,H1,2025-01-30T14:00:00Z,30.721429,0.7071,13.29,calm,1,medium,0,68.01
DE40,H1,2025-01-30T15:00:00Z,29.635714,0.6897,9.72,squeeze,1,medium,0,68.51
DE40,H1,2025-01-30T16:00:00Z,30.392857,0.7155,11.71,calm,1,medium,0,66.53
DE40,H1,2025-01-30T17:00:00Z,34.035714,0.8083,21.63,calm,1,medium,0,60.85
DE40,H1,2025-01-30T18:00:00Z,38.271429,0.9162,38.69,normal,1,low,0,51.07
DE40,H1,2025-01-30T19:00:00Z,39.271429,0.9467,44.64,normal,1,low,0,46.66
DE40,H1,2025-01-30T20:00:00Z,39.057143,0.9494,43.06,normal,0,off,1,54.04
DE40,H1,2025-01-30T21:00:00Z,39.342857,0.9641,45.83,normal,0,off,0,50.41
DE40,H1,2025-01-30T22:00:00Z,47.164286,1.1622,72.42,elevated,0,off,0,47.33
DE40,H1,2025-01-30T23:00:00Z,48.764286,1.2081,76.39,elevated,0,off,0,49.48
DE40,H1,2025-01-31T01:00:00Z,48.121429,1.1994,73.61,elevated,0,off,0,42.24
DE40,H1,2025-01-31T02:00:00Z,46.557143,1.1661,71.23,elevated,0,off,0,44.33
DE40,H1,2025-01-31T03:00:00Z,46.842857,1.1787,71.63,elevated,1,low,0,47.33
DE40,H1,2025-01-31T04:00:00Z,45.485714,1.1493,69.25,normal,1,low,0,48.27
DE40,H1,2025-01-31T05:00:00Z,44.342857,1.1225,65.67,normal,1,low,0,47.87
DE40,H1,2025-01-31T06:00:00Z,43.878571,1.1119,64.48,normal,1,low,0,52.15
DE40,H1,2025-01-31T07:00:00Z,42.414286,1.0753,58.93,normal,1,low,0,54.01
DE40,H1,2025-01-31T08:00:00Z,39.235714,0.9961,44.64,normal,1,low,0,59.19
DE40,H1,2025-01-31T09:00:00Z,39.085714,0.9916,43.06,normal,1,low,0,60.00
DE40,H1,2025-01-31T10:00:00Z,42.157143,1.0661,56.94,normal,1,low,0,55.84
DE40,H1,2025-01-31T11:00:00Z,45.692857,1.1473,70.44,elevated,1,medium,0,53.60
DE40,H1,2025-01-31T12:00:00Z,45.764286,1.1415,70.83,elevated,1,medium,0,52.83
DE40,H1,2025-01-31T13:00:00Z,39.192857,0.9738,43.06,normal,1,medium,0,59.98
DE40,H1,2025-01-31T14:00:00Z,36.164286,0.8964,29.17,calm,1,medium,0,63.94
DE40,H1,2025-01-31T15:00:00Z,34.364286,0.8524,20.83,calm,1,low,0,66.79
DE40,H1,2025-01-31T16:00:00Z,39.750000,0.9840,47.02,normal,1,medium,0,60.72
DE40,H1,2025-01-31T17:00:00Z,38.892857,0.9611,40.28,normal,1,medium,0,61.78
DE40,H1,2025-01-31T18:00:00Z,41.778571,1.0295,52.58,normal,1,medium,0,59.64
DE40,H1,2025-01-31T19:00:00Z,46.457143,1.1398,71.63,elevated,1,medium,0,54.90
DE40,H1,2025-01-31T20:00:00Z,56.742857,1.3801,89.88,elevated,1,medium,0,48.69
DE40,H1,2025-01-31T21:00:00Z,59.492857,1.4335,91.87,extreme,1,low,0,44.73
DE40,H1,2025-01-31T22:00:00Z,60.528571,1.4454,93.45,extreme,1,low,0,45.18
DE40,H1,2025-02-03T01:00:00Z,81.464286,1.9095,99.80,extreme,0,off,1,13.38
DE40,H1,2025-02-03T02:00:00Z,99.392857,2.2702,99.80,extreme,0,off,0,11.78
DE40,H1,2025-02-03T03:00:00Z,101.392857,2.2585,99.80,extreme,0,off,0,11.49
DE40,H1,2025-02-03T04:00:00Z,105.964286,2.2967,99.80,extreme,0,off,0,11.18
DE40,H1,2025-02-03T05:00:00Z,110.714286,2.3363,99.80,extreme,0,off,0,12.22
DE40,H1,2025-02-03T06:00:00Z,121.035714,2.4775,99.80,extreme,0,off,0,11.75
DE40,H1,2025-02-03T07:00:00Z,124.657143,2.4696,99.80,extreme,0,off,0,12.05
DE40,H1,2025-02-03T08:00:00Z,123.942857,2.3781,99.40,extreme,0,off,0,11.32
DE40,H1,2025-02-03T09:00:00Z,129.521429,2.4037,99.80,extreme,0,off,0,11.18
DE40,H1,2025-02-03T10:00:00Z,136.707143,2.4489,99.80,extreme,0,off,0,16.40
DE40,H1,2025-02-03T11:00:00Z,140.242857,2.4240,99.80,extreme,0,off,0,18.93
DE40,H1,2025-02-03T12:00:00Z,135.885714,2.2707,99.01,extreme,0,off,0,21.11
DE40,H1,2025-02-03T13:00:00Z,134.814286,2.1800,98.61,extreme,0,off,0,21.92
DE40,H1,2025-02-03T14:00:00Z,136.778571,2.1414,99.40,extreme,0,off,0,24.13
DE40,H1,2025-02-03T15:00:00Z,116.185714,1.7756,96.23,extreme,0,off,0,25.60
DE40,H1,2025-02-03T16:00:00Z,100.007143,1.5002,94.64,extreme,0,off,0,27.82
DE40,H1,2025-02-03T17:00:00Z,107.650000,1.5817,95.44,extreme,0,off,0,30.98
DE40,H1,2025-02-03T18:00:00Z,107.035714,1.5410,95.04,extreme,0,off,0,39.36
DE40,H1,2025-02-03T19:00:00Z,104.821429,1.4776,94.25,extreme,1,low,0,39.79
DE40,H1,2025-02-03T20:00:00Z,97.928571,1.3543,92.66,extreme,1,medium,0,49.93
DE40,H1,2025-02-03T21:00:00Z,95.357143,1.2955,92.26,extreme,1,low,0,51.09
DE40,H1,2025-02-03T22:00:00Z,92.857143,1.2417,91.87,extreme,1,low,0,50.99
DE40,H1,2025-02-03T23:00:00Z,95.764286,1.2612,92.26,extreme,1,low,0,45.29
DE40,H1,2025-02-04T01:00:00Z,87.457143,1.1373,91.07,extreme,1,low,0,44.13
DE40,H1,2025-02-04T02:00:00Z,82.557143,1.0616,90.67,extreme,1,low,0,44.63
DE40,H1,2025-02-04T03:00:00Z,78.378571,0.9978,89.88,elevated,1,low,0,53.02
DE40,H1,2025-02-04T04:00:00Z,77.521429,0.9794,89.48,elevated,1,low,0,52.49
DE40,H1,2025-02-04T05:00:00Z,74.914286,0.9402,89.09,elevated,1,low,0,56.26
DE40,H1,2025-02-04T06:00:00Z,70.450000,0.8793,88.69,elevated,1,low,0,63.36
DE40,H1,2025-02-04T07:00:00Z,74.057143,0.9180,88.69,elevated,1,low,0,63.10
DE40,H1,2025-02-04T08:00:00Z,64.021429,0.7902,82.74,elevated,1,low,0,70.36
DE40,H1,2025-02-04T09:00:00Z,63.742857,0.7832,81.94,elevated,1,low,0,69.91
DE40,H1,2025-02-04T10:00:00Z,73.635714,0.8983,88.29,elevated,1,medium,0,65.41
DE40,H1,2025-02-04T11:00:00Z,71.850000,0.8706,87.90,elevated,1,medium,0,66.80
DE40,H1,2025-02-04T12:00:00Z,71.385714,0.8590,87.50,elevated,1,medium,0,67.47
DE40,H1,2025-02-04T13:00:00Z,69.850000,0.8343,86.71,elevated,1,medium,0,67.76
DE40,H1,2025-02-04T14:00:00Z,62.578571,0.7433,79.56,elevated,1,medium,0,74.79
DE40,H1,2025-02-04T15:00:00Z,62.957143,0.7441,79.96,elevated,1,medium,0,73.95
DE40,H1,2025-02-04T16:00:00Z,62.357143,0.7341,78.77,elevated,1,medium,0,73.69
DE40,H1,2025-02-04T17:00:00Z,64.250000,0.7531,81.55,elevated,1,medium,0,73.42
DE40,H1,2025-02-04T18:00:00Z,65.285714,0.7606,82.34,elevated,1,medium,0,72.04
DE40,H1,2025-02-04T19:00:00Z,65.500000,0.7579,82.74,elevated,1,medium,0,70.79
DE40,H1,2025-02-04T20:00:00Z,65.607143,0.7537,83.13,elevated,1,medium,0,68.49
DE40,H1,2025-02-04T21:00:00Z,57.678571,0.6599,72.82,elevated,1,medium,0,75.27
DE40,H1,2025-02-04T22:00:00Z,54.964286,0.6266,68.06,normal,1,medium,0,75.44
DE40,H1,2025-02-04T23:00:00Z,55.157143,0.6269,68.06,normal,1,medium,0,76.65
DE40,H1,2025-02-05T01:00:00Z,41.664286,0.4740,39.88,normal,1,medium,0,78.52
DE40,H1,2025-02-05T02:00:00Z,43.000000,0.4908,47.42,normal,1,medium,0,75.33
DE40,H1,2025-02-05T03:00:00Z,43.928571,0.5031,50.99,normal,1,medium,0,77.49
DE40,H1,2025-02-05T04:00:00Z,43.571429,0.5010,49.80,normal,1,medium,0,75.42
DE40,H1,2025-02-05T05:00:00Z,41.107143,0.4771,38.69,normal,1,medium,0,74.94
DE40,H1,2025-02-05T06:00:00Z,39.535714,0.4653,34.72,normal,1,medium,0,72.55
DE40,H1,2025-02-05T07:00:00Z,37.714286,0.4506,23.21,calm,1,medium,0,79.70
DE40,H1,2025-02-05T08:00:00Z,34.857143,0.4237,15.67,calm,1,medium,0,81.65
DE40,H1,2025-02-05T09:00:00Z,35.857143,0.4439,20.04,calm,1,low,0,82.59
DE40,H1,2025-02-05T10:00:00Z,36.857143,0.4660,22.82,calm,1,low,0,81.30
DE40,H1,2025-02-05T11:00:00Z,37.857143,0.4894,25.60,calm,1,low,0,82.13
DE40,H1,2025-02-05T12:00:00Z,40.000000,0.5286,38.69,normal,1,low,0,82.51
DE40,H1,2025-02-05T13:00:00Z,41.464286,0.5610,42.66,normal,1,low,0,81.38
DE40,H1,2025-02-05T14:00:00Z,37.735714,0.5246,24.80,calm,1,low,0,80.09
DE40,H1,2025-02-05T15:00:00Z,40.800000,0.5833,40.67,normal,1,low,0,78.93
DE40,H1,2025-02-05T16:00:00Z,39.357143,0.5787,36.71,normal,1,low,0,78.74
DE40,H1,2025-02-05T17:00:00Z,39.714286,0.6007,38.29,normal,0,off,1,78.57
DE40,H1,2025-02-05T18:00:00Z,44.128571,0.6867,56.55,normal,0,off,0,62.31
DE40,H1,2025-02-05T19:00:00Z,44.485714,0.7081,56.94,normal,0,off,0,60.60
DE40,H1,2025-02-05T20:00:00Z,45.021429,0.7294,57.54,normal,0,off,0,55.69
DE40,H1,2025-02-05T21:00:00Z,44.807143,0.7410,56.94,normal,0,off,0,50.51
DE40,H1,2025-02-05T22:00:00Z,45.557143,0.7691,59.13,normal,0,off,0,39.74
DE40,H1,2025-02-05T23:00:00Z,43.842857,0.7557,53.77,normal,0,off,0,37.43
DE40,H1,2025-02-06T01:00:00Z,41.264286,0.7254,42.26,normal,0,off,0,39.20
DE40,H1,2025-02-06T02:00:00Z,40.750000,0.7304,40.28,normal,0,off,0,40.68
DE40,H1,2025-02-06T03:00:00Z,37.571429,0.6870,23.21,calm,0,off,0,42.01
DE40,H1,2025-02-06T04:00:00Z,35.500000,0.6638,17.26,calm,0,off,0,42.89
DE40,H1,2025-02-06T05:00:00Z,35.214286,0.6716,16.47,calm,0,off,0,42.40
DE40,H1,2025-02-06T06:00:00Z,31.678571,0.6161,8.93,squeeze,0,off,0,45.63
DE40,H1,2025-02-06T07:00:00Z,30.571429,0.6058,7.34,squeeze,0,off,0,46.93
DE40,H1,2025-02-06T08:00:00Z,27.428571,0.5545,2.18,squeeze,0,off,0,47.24
DE40,H1,2025-02-06T09:00:00Z,24.707143,0.5099,0.99,squeeze,0,off,0,47.30
DE40,H1,2025-02-06T10:00:00Z,28.028571,0.5887,4.17,squeeze,0,off,0,54.58
DE40,H1,2025-02-06T11:00:00Z,30.171429,0.6456,5.36,squeeze,0,off,0,54.17
DE40,H1,2025-02-06T12:00:00Z,34.707143,0.7521,15.28,calm,0,off,0,47.41
DE40,H1,2025-02-06T13:00:00Z,35.778571,0.7849,19.25,calm,0,off,0,42.60
DE40,H1,2025-02-06T14:00:00Z,35.957143,0.8020,20.83,calm,0,off,0,42.60
DE40,H1,2025-02-06T15:00:00Z,38.107143,0.8630,27.58,calm,0,off,0,41.13
DE40,H1,2025-02-06T16:00:00Z,42.014286,0.9643,47.02,normal,0,off,0,35.12
DE40,H1,2025-02-06T17:00:00Z,44.964286,1.0439,56.55,normal,0,off,0,31.66
DE40,H1,2025-02-06T18:00:00Z,50.500000,1.1791,66.87,normal,0,off,0,24.44
DE40,H1,2025-02-06T19:00:00Z,51.785714,1.2154,67.66,normal,0,off,0,16.88
DE40,H1,2025-02-06T20:00:00Z,53.000000,1.2494,68.45,normal,0,off,0,15.59
DE40,H1,2025-02-06T21:00:00Z,54.178571,1.2833,70.04,elevated,0,off,0,17.83
DE40,H1,2025-02-06T22:00:00Z,56.142857,1.3356,73.21,elevated,0,off,0,19.02
DE40,H1,2025-02-06T23:00:00Z,59.350000,1.4160,75.60,elevated,0,off,0,22.40
DE40,H1,2025-02-07T01:00:00Z,56.678571,1.3581,73.61,elevated,0,off,0,23.37
DE40,H1,2025-02-07T02:00:00Z,54.364286,1.3047,68.85,normal,0,off,0,24.38
DE40,H1,2025-02-07T03:00:00Z,49.900000,1.2005,63.29,normal,0,off,0,25.85
DE40,H1,2025-02-07T04:00:00Z,47.114286,1.1379,59.33,normal,0,off,0,27.57
DE40,H1,2025-02-07T05:00:00Z,45.185714,1.0894,54.56,normal,0,off,0,27.65
DE40,H1,2025-02-07T06:00:00Z,42.364286,1.0217,46.63,normal,0,off,0,34.25
DE40,H1,2025-02-07T07:00:00Z,37.542857,0.9082,21.63,calm,0,off,0,42.73
DE40,H1,2025-02-07T08:00:00Z,35.628571,0.8653,16.47,calm,0,off,0,44.72
DE40,H1,2025-02-07T09:00:00Z,31.214286,0.7617,6.94,squeeze,0,off,0,44.48
DE40,H1,2025-02-07T10:00:00Z,32.492857,0.7956,9.33,squeeze,1,low,0,48.13
DE40,H1,2025-02-07T11:00:00Z,33.028571,0.8106,9.72,squeeze,1,low,0,46.47
DE40,H1,2025-02-07T12:00:00Z,31.492857,0.7742,7.34,squeeze,1,medium,0,51.97
DE40,H1,2025-02-07T13:00:00Z,29.778571,0.7343,2.58,squeeze,1,medium,0,60.42
DE40,H1,2025-02-07T14:00:00Z,25.521429,0.6328,0.60,squeeze,1,high,0,69.11
DE40,H1,2025-02-07T15:00:00Z,26.300000,0.6559,0.99,squeeze,1,high,0,65.93
DE40,H1,2025-02-07T16:00:00Z,26.792857,0.6726,1.39,squeeze,1,high,0,68.36
DE40,H1,2025-02-07T17:00:00Z,35.078571,0.8835,13.69,calm,1,medium,0,49.47
DE40,H1,2025-02-07T18:00:00Z,40.307143,1.0138,37.10,normal,1,low,0,36.89
DE40,H1,2025-02-07T19:00:00Z,44.378571,1.1142,52.58,normal,0,off,1,26.47
DE40,H1,2025-02-07T20:00:00Z,45.878571,1.1481,56.94,normal,0,off,0,23.02
DE40,H1,2025-02-07T21:00:00Z,46.642857,1.1632,58.13,normal,0,off,0,21.86
DE40,H1,2025-02-07T22:00:00Z,45.785714,1.1409,56.15,normal,0,off,0,18.69
DE40,H1,2025-02-10T01:00:00Z,50.578571,1.2565,64.48,normal,0,off,0,16.36
DE40,H1,2025-02-10T02:00:00Z,49.121429,1.2178,62.10,normal,0,off,0,17.52
DE40,H1,2025-02-10T03:00:00Z,47.657143,1.1799,58.93,normal,0,off,0,18.89
DE40,H1,2025-02-10T04:00:00Z,46.835714,1.1588,56.94,normal,0,off,0,20.51
DE40,H1,2025-02-10T05:00:00Z,46.264286,1.1433,55.36,normal,0,off,0,20.28
DE40,H1,2025-02-10T06:00:00Z,44.621429,1.1009,49.80,normal,0,off,0,20.24
DE40,H1,2025-02-10T07:00:00Z,43.121429,1.0626,44.64,normal,0,off,0,22.88
DE40,H1,2025-02-10T08:00:00Z,42.228571,1.0382,42.26,normal,0,off,0,24.10
DE40,H1,2025-02-10T09:00:00Z,35.800000,0.8800,17.26,calm,0,off,0,37.01
DE40,H1,2025-02-10T10:00:00Z,34.071429,0.8380,10.52,calm,0,off,0,43.53
DE40,H1,2025-02-10T11:00:00Z,33.200000,0.8160,9.33,squeeze,0,off,0,48.32
DE40,H1,2025-02-10T12:00:00Z,34.664286,0.8503,11.71,calm,1,low,0,51.71
DE40,H1,2025-02-10T13:00:00Z,34.257143,0.8375,10.12,calm,1,low,0,53.28
DE40,H1,2025-02-10T14:00:00Z,36.614286,0.8899,19.64,calm,1,low,0,55.73
DE40,H1,2025-02-10T15:00:00Z,32.771429,0.7947,8.13,squeeze,0,off,1,53.53
DE40,H1,2025-02-10T16:00:00Z,34.342857,0.8311,10.52,calm,0,off,0,48.01
DE40,H1,2025-02-10T17:00:00Z,34.771429,0.8414,12.10,calm,0,off,0,41.32
DE40,H1,2025-02-10T18:00:00Z,36.342857,0.8792,19.25,calm,0,off,0,35.25
DE40,H1,2025-02-10T19:00:00Z,37.521429,0.9071,21.63,calm,0,off,0,32.63
DE40,H1,2025-02-10T20:00:00Z,37.842857,0.9149,24.01,calm,0,off,0,33.00
DE40,H1,2025-02-10T21:00:00Z,37.378571,0.9058,21.23,calm,0,off,0,43.70
DE40,H1,2025-02-10T22:00:00Z,37.128571,0.9031,21.23,calm,0,off,0,45.54
DE40,H1,2025-02-10T23:00:00Z,35.407143,0.8676,14.48,calm,0,off,0,47.63
DE40,H1,2025-02-11T01:00:00Z,34.471429,0.8519,11.31,calm,0,off,0,50.33
DE40,H1,2025-02-11T02:00:00Z,33.521429,0.8365,9.33,squeeze,0,off,0,44.89
DE40,H1,2025-02-11T03:00:00Z,30.592857,0.7725,4.56,squeeze,0,off,0,47.98
DE40,H1,2025-02-11T04:00:00Z,31.057143,0.7943,5.36,squeeze,0,off,0,48.37
DE40,H1,2025-02-11T05:00:00Z,28.950000,0.7521,2.58,squeeze,0,off,0,51.15
DE40,H1,2025-02-11T06:00:00Z,26.307143,0.6944,1.39,squeeze,0,off,0,51.35
DE40,H1,2025-02-11T07:00:00Z,23.235714,0.6236,0.20,squeeze,0,off,0,52.18
DE40,H1,2025-02-11T08:00:00Z,23.485714,0.6393,0.60,squeeze,0,off,0,49.89
DE40,H1,2025-02-11T09:00:00Z,22.485714,0.6204,0.20,squeeze,1,low,0,61.63
DE40,H1,2025-02-11T10:00:00Z,27.521429,0.7669,3.77,squeeze,1,medium,0,57.86
DE40,H1,2025-02-11T11:00:00Z,31.057143,0.8709,7.94,squeeze,1,high,0,64.09
DE40,H1,2025-02-11T12:00:00Z,31.771429,0.8938,10.91,calm,1,high,0,63.05
DE40,H1,2025-02-11T13:00:00Z,32.907143,0.9272,12.50,calm,1,high,0,66.49
DE40,H1,2025-02-11T14:00:00Z,34.664286,0.9748,16.67,calm,1,high,0,63.39
DE40,H1,2025-02-11T15:00:00Z,35.671429,1.0013,22.02,calm,1,medium,0,60.33
DE40,H1,2025-02-11T16:00:00Z,35.957143,1.0077,24.40,calm,1,medium,0,61.21
DE40,H1,2025-02-11T17:00:00Z,38.385714,1.0716,33.93,normal,1,low,0,49.60
DE40,H1,2025-02-11T18:00:00Z,38.714286,1.0754,35.12,normal,1,low,0,42.05
DE40,H1,2025-02-11T19:00:00Z,38.571429,1.0637,34.33,normal,0,off,1,43.25
DE40,H1,2025-02-11T20:00:00Z,39.464286,1.0805,39.48,normal,0,off,0,40.44
DE40,H1,2025-02-11T21:00:00Z,44.000000,1.1934,53.37,normal,0,off,0,22.63
DE40,H1,2025-02-11T22:00:00Z,43.535714,1.1755,51.39,normal,0,off,0,21.89
DE40,H1,2025-02-11T23:00:00Z,43.678571,1.1772,52.18,normal,0,off,0,21.41
DE40,H1,2025-02-12T01:00:00Z,38.842857,1.0500,35.91,normal,0,off,0,24.68
DE40,H1,2025-02-12T02:00:00Z,36.364286,0.9881,26.39,calm,0,off,0,28.12
DE40,H1,2025-02-12T03:00:00Z,36.221429,0.9898,25.99,calm,0,off,0,28.59
DE40,H1,2025-02-12T04:00:00Z,35.121429,0.9654,19.25,calm,0,off,0,29.31
DE40,H1,2025-02-12T05:00:00Z,32.692857,0.9075,12.10,calm,0,off,0,31.37
DE40,H1,2025-02-12T06:00:00Z,29.514286,0.8283,4.96,squeeze,0,off,0,35.63
DE40,H1,2025-02-12T07:00:00Z,27.192857,0.7720,3.37,squeeze,0,off,0,36.70
DE40,H1,2025-02-12T08:00:00Z,25.192857,0.7241,1.79,squeeze,0,off,0,37.09
DE40,H1,2025-02-12T09:00:00Z,24.757143,0.7205,1.79,squeeze,0,off,0,37.15
DE40,H1,2025-02-12T10:00:00Z,27.578571,0.8107,5.36,squeeze,0,off,0,30.67
DE40,H1,2025-02-12T11:00:00Z,28.900000,0.8567,6.15,squeeze,0,off,0,34.35
DE40,H1,2025-02-12T12:00:00Z,26.078571,0.7805,2.98,squeeze,0,off,0,37.89
DE40,H1,2025-02-12T13:00:00Z,27.078571,0.8147,4.56,squeeze,1,low,0,44.94
DE40,H1,2025-02-12T14:00:00Z,27.114286,0.8192,4.96,squeeze,1,low,0,54.46
DE40,H1,2025-02-12T15:00:00Z,36.128571,1.0896,29.96,calm,1,medium,0,31.44
DE40,H1,2025-02-12T16:00:00Z,39.107143,1.1763,43.45,normal,1,high,0,32.87
DE40,H1,2025-02-12T17:00:00Z,46.392857,1.3854,68.06,normal,1,high,0,37.03
DE40,H1,2025-02-12T18:00:00Z,51.307143,1.5188,75.20,elevated,1,low,0,35.27
DE40,H1,2025-02-12T19:00:00Z,56.628571,1.6529,79.56,elevated,0,off,1,25.52
DE40,H1,2025-02-12T20:00:00Z,57.700000,1.6616,81.15,elevated,0,off,0,25.39
DE40,H1,2025-02-12T21:00:00Z,60.485714,1.7164,82.34,elevated,0,off,0,26.19
DE40,H1,2025-02-12T22:00:00Z,61.128571,1.7105,82.74,elevated,0,off,0,24.87
DE40,H1,2025-02-12T23:00:00Z,62.664286,1.7292,83.53,elevated,0,off,0,24.57
DE40,H1,2025-02-13T01:00:00Z,60.314286,1.6440,81.15,elevated,0,off,0,24.20
DE40,H1,2025-02-13T02:00:00Z,60.242857,1.6218,80.75,elevated,0,off,0,23.56
DE40,H1,2025-02-13T03:00:00Z,59.885714,1.5927,80.36,elevated,0,off,0,22.95
DE40,H1,2025-02-13T04:00:00Z,58.814286,1.5449,79.17,elevated,0,off,0,21.31
DE40,H1,2025-02-13T05:00:00Z,58.635714,1.5209,78.77,elevated,0,off,0,20.13
DE40,H1,2025-02-13T06:00:00Z,49.207143,1.2661,72.02,elevated,0,off,0,19.05
DE40,H1,2025-02-13T07:00:00Z,45.421429,1.1598,62.90,normal,0,off,0,19.10
DE40,H1,2025-02-13T08:00:00Z,40.242857,1.0228,47.42,normal,0,off,0,26.42
DE40,H1,2025-02-13T09:00:00Z,41.307143,1.0433,49.80,normal,0,off,0,27.88
DE40,H1,2025-02-13T10:00:00Z,45.450000,1.1369,62.90,normal,0,off,0,24.32
DE40,H1,2025-02-13T11:00:00Z,51.307143,1.2657,73.61,elevated,0,off,0,23.21
DE40,H1,2025-02-13T12:00:00Z,53.271429,1.2951,74.40,elevated,0,off,0,23.35
DE40,H1,2025-02-13T13:00:00Z,59.057143,1.4107,79.17,elevated,0,off,0,25.68
DE40,H1,2025-02-13T14:00:00Z,60.378571,1.4199,81.15,elevated,0,off,0,25.78
DE40,H1,2025-02-13T15:00:00Z,62.835714,1.4560,83.53,elevated,0,off,0,29.94
DE40,H1,2025-02-13T16:00:00Z,65.550000,1.4954,85.91,elevated,0,off,0,36.77
DE40,H1,2025-02-13T17:00:00Z,68.157143,1.5303,86.31,elevated,0,off,0,37.53
DE40,H1,2025-02-13T18:00:00Z,71.335714,1.5757,87.10,elevated,0,off,0,33.78
DE40,H1,2025-02-13T19:00:00Z,72.728571,1.5806,87.90,elevated,0,off,0,32.97
DE40,H1,2025-02-13T20:00:00Z,81.300000,1.7327,89.88,elevated,0,off,0,37.38
DE40,H1,2025-02-13T21:00:00Z,82.585714,1.7276,90.67,extreme,0,off,0,37.71
DE40,H1,2025-02-13T22:00:00Z,81.085714,1.6667,89.09,elevated,0,off,0,34.53
DE40,H1,2025-02-13T23:00:00Z,75.814286,1.5348,87.90,elevated,0,off,0,34.62
DE40,H1,2025-02-14T01:00:00Z,66.800000,1.3375,83.53,elevated,0,off,0,33.05
DE40,H1,2025-02-14T02:00:00Z,59.671429,1.1873,75.60,elevated,0,off,0,33.42
DE40,H1,2025-02-14T03:00:00Z,55.171429,1.0927,70.83,elevated,1,low,0,34.68
DE40,H1,2025-02-14T04:00:00Z,48.350000,0.9559,64.48,normal,1,low,0,42.79
DE40,H1,2025-02-14T05:00:00Z,45.028571,0.8880,56.15,normal,1,low,0,47.44
DE40,H1,2025-02-14T06:00:00Z,41.421429,0.8153,45.83,normal,1,low,0,49.07
DE40,H1,2025-02-14T07:00:00Z,38.564286,0.7583,35.52,normal,1,medium,0,48.17
DE40,H1,2025-02-14T08:00:00Z,35.421429,0.6964,23.21,calm,1,medium,0,65.91
DE40,H1,2025-02-14T09:00:00Z,34.121429,0.6705,17.26,calm,1,medium,0,72.76
DE40,H1,2025-02-14T10:00:00Z,37.978571,0.7438,33.53,normal,1,medium,0,67.69
DE40,H1,2025-02-14T11:00:00Z,30.550000,0.5976,10.12,calm,1,medium,0,76.21
DE40,H1,2025-02-14T12:00:00Z,34.942857,0.6809,21.63,calm,1,medium,0,76.11
DE40,H1,2025-02-14T13:00:00Z,36.621429,0.7103,29.56,calm,1,medium,0,74.23
DE40,H1,2025-02-14T14:00:00Z,39.807143,0.7685,42.26,normal,1,medium,0,70.64
DE40,H1,2025-02-14T15:00:00Z,41.071429,0.7891,44.25,normal,1,medium,0,74.51
DE40,H1,2025-02-14T16:00:00Z,42.378571,0.8092,48.61,normal,1,medium,0,73.37
DE40,H1,2025-02-14T17:00:00Z,46.042857,0.8728,59.72,normal,1,medium,0,74.48
DE40,H1,2025-02-14T18:00:00Z,49.207143,0.9251,65.67,normal,1,medium,0,70.13
DE40,H1,2025-02-14T19:00:00Z,50.564286,0.9455,66.47,normal,1,medium,0,66.02
DE40,H1,2025-02-14T20:00:00Z,51.207143,0.9532,66.87,normal,1,medium,0,65.32
DE40,H1,2025-02-14T21:00:00Z,49.957143,0.9287,65.28,normal,1,medium,0,61.56
DE40,H1,2025-02-14T22:00:00Z,49.528571,0.9213,64.48,normal,1,medium,0,61.96
DE40,H1,2025-02-17T01:00:00Z,48.014286,0.8960,61.71,normal,1,medium,0,63.12
DE40,H1,2025-02-17T02:00:00Z,43.914286,0.8237,49.80,normal,1,medium,0,68.94
DE40,H1,2025-02-17T03:00:00Z,42.450000,0.8017,47.02,normal,1,medium,0,70.20
DE40,H1,2025-02-17T04:00:00Z,36.485714,0.6955,27.58,calm,1,medium,0,77.77
DE40,H1,2025-02-17T05:00:00Z,33.878571,0.6530,15.67,calm,1,medium,0,80.07
DE40,H1,2025-02-17T06:00:00Z,30.021429,0.5855,8.93,squeeze,1,medium,0,83.71
DE40,H1,2025-02-17T07:00:00Z,28.950000,0.5716,8.13,squeeze,1,medium,0,85.14
DE40,H1,2025-02-17T08:00:00Z,28.700000,0.5737,7.34,squeeze,1,medium,0,83.74
DE40,H1,2025-02-17T09:00:00Z,25.964286,0.5259,2.98,squeeze,1,high,0,87.71
DE40,H1,2025-02-17T10:00:00Z,25.728571,0.5282,2.98,squeeze,1,medium,0,83.61
DE40,H1,2025-02-17T11:00:00Z,33.907143,0.7005,18.06,calm,0,off,1,47.76
DE40,H1,2025-02-17T12:00:00Z,36.335714,0.7535,29.56,calm,0,off,0,41.05
DE40,H1,2025-02-17T13:00:00Z,37.157143,0.7715,32.74,normal,0,off,0,39.58
DE40,H1,2025-02-17T14:00:00Z,37.621429,0.7823,34.72,normal,0,off,0,37.79
DE40,H1,2025-02-17T15:00:00Z,38.507143,0.8031,37.90,normal,0,off,0,35.17
DE40,H1,2025-02-17T16:00:00Z,40.678571,0.8521,43.85,normal,0,off,0,30.02
DE40,H1,2025-02-17T17:00:00Z,42.392857,0.8921,49.40,normal,0,off,0,26.82
DE40,H1,2025-02-17T18:00:00Z,43.035714,0.9118,50.20,normal,0,off,0,27.20
DE40,H1,2025-02-17T19:00:00Z,42.571429,0.9088,49.40,normal,0,off,0,27.54
DE40,H1,2025-02-17T20:00:00Z,42.000000,0.9047,46.63,normal,0,off,0,26.64
DE40,H1,2025-02-17T21:00:00Z,43.500000,0.9460,50.99,normal,0,off,0,23.15
DE40,H1,2025-02-17T22:00:00Z,44.392857,0.9755,54.96,normal,0,off,0,22.97
DE40,H1,2025-02-18T01:00:00Z,46.735714,1.0382,61.71,normal,0,off,0,19.11
DE40,H1,2025-02-18T02:00:00Z,45.528571,1.0237,58.93,normal,0,off,0,20.57
DE40,H1,2025-02-18T03:00:00Z,36.528571,0.8382,30.36,normal,0,off,0,32.89
DE40,H1,2025-02-18T04:00:00Z,34.885714,0.8185,22.42,calm,0,off,0,33.62
DE40,H1,2025-02-18T05:00:00Z,33.314286,0.7995,17.26,calm,0,off,0,33.75
DE40,H1,2025-02-18T06:00:00Z,33.028571,0.8093,16.87,calm,0,off,0,33.36
DE40,H1,2025-02-18T07:00:00Z,32.992857,0.8220,16.47,calm,0,off,0,33.19
DE40,H1,2025-02-18T08:00:00Z,30.564286,0.7727,11.71,calm,0,off,0,36.69
DE40,H1,2025-02-18T09:00:00Z,31.121429,0.7965,13.69,calm,0,off,0,39.18
DE40,H1,2025-02-18T10:00:00Z,36.942857,0.9510,34.33,normal,0,off,0,36.19
DE40,H1,2025-02-18T11:00:00Z,40.585714,1.0472,45.83,normal,0,off,0,38.72
DE40,H1,2025-02-18T12:00:00Z,43.585714,1.1234,55.75,normal,0,off,0,38.66
DE40,H1,2025-02-18T13:00:00Z,43.692857,1.1231,56.55,normal,1,low,0,39.94
DE40,H1,2025-02-18T14:00:00Z,44.014286,1.1264,58.53,normal,1,low,0,43.77
DE40,H1,2025-02-18T15:00:00Z,42.671429,1.0873,53.37,normal,1,low,0,45.35
DE40,H1,2025-02-18T16:00:00Z,44.557143,1.1316,60.91,normal,1,low,0,45.08
DE40,H1,2025-02-18T17:00:00Z,46.128571,1.1623,66.47,normal,1,low,0,46.07
DE40,H1,2025-02-18T18:00:00Z,46.821429,1.1727,68.45,normal,1,low,0,48.67
DE40,H1,2025-02-18T19:00:00Z,47.785714,1.1902,70.04,elevated,1,low,0,47.80
DE40,H1,2025-02-18T20:00:00Z,47.500000,1.1786,69.64,normal,1,low,0,44.48
DE40,H1,2025-02-18T21:00:00Z,46.928571,1.1610,69.25,normal,1,low,0,42.93
DE40,H1,2025-02-18T22:00:00Z,46.535714,1.1489,67.66,normal,1,low,0,41.43
DE40,H1,2025-02-18T23:00:00Z,44.642857,1.1030,61.71,normal,1,low,0,40.51
DE40,H1,2025-02-19T01:00:00Z,39.178571,0.9728,42.66,normal,1,low,0,47.27
DE40,H1,2025-02-19T02:00:00Z,36.571429,0.9144,33.13,normal,1,low,0,50.50
DE40,H1,2025-02-19T03:00:00Z,34.321429,0.8655,21.63,calm,1,low,0,53.69
DE40,H1,2025-02-19T04:00:00Z,32.321429,0.8223,15.67,calm,0,off,1,54.00
DE40,H1,2025-02-19T05:00:00Z,29.785714,0.7655,10.52,calm,0,off,0,56.39
DE40,H1,2025-02-19T06:00:00Z,27.785714,0.7216,7.74,squeeze,0,off,0,56.59
DE40,H1,2025-02-19T07:00:00Z,24.142857,0.6335,1.39,squeeze,0,off,0,55.29
DE40,H1,2025-02-19T08:00:00Z,22.000000,0.5835,0.20,squeeze,0,off,0,59.74
DE40,H1,2025-02-19T09:00:00Z,21.471429,0.5741,0.20,squeeze,1,low,0,62.68
DE40,H1,2025-02-19T10:00:00Z,24.864286,0.6680,3.37,squeeze,1,medium,0,64.84
DE40,H1,2025-02-19T11:00:00Z,26.471429,0.7126,6.55,squeeze,1,high,0,70.13
DE40,H1,2025-02-19T12:00:00Z,36.614286,0.9816,37.30,normal,1,low,0,38.25
DE40,H1,2025-02-19T13:00:00Z,43.042857,1.1451,59.33,normal,0,off,1,16.16
DE40,H1,2025-02-19T14:00:00Z,48.164286,1.2664,77.58,elevated,0,off,0,16.02
DE40,H1,2025-02-19T15:00:00Z,51.342857,1.3320,83.13,elevated,0,off,0,13.78
DE40,H1,2025-02-19T16:00:00Z,58.878571,1.5080,89.48,elevated,0,off,0,14.79
DE40,H1,2025-02-19T17:00:00Z,65.771429,1.6595,96.63,extreme,0,off,0,15.20
DE40,H1,2025-02-19T18:00:00Z,68.678571,1.7057,97.42,extreme,0,off,0,15.53
DE40,H1,2025-02-19T19:00:00Z,71.357143,1.7430,97.82,extreme,0,off,0,15.30
DE40,H1,2025-02-19T20:00:00Z,73.571429,1.7668,98.21,extreme,0,off,0,16.71
DE40,H1,2025-02-19T21:00:00Z,77.500000,1.8288,98.61,extreme,0,off,0,16.59
DE40,H1,2025-02-19T22:00:00Z,78.214286,1.8150,98.61,extreme,0,off,0,15.62
DE40,H1,2025-02-19T23:00:00Z,78.242857,1.7865,98.61,extreme,0,off,0,15.23
DE40,H1,2025-02-20T01:00:00Z,74.900000,1.6853,97.02,extreme,0,off,0,15.42
DE40,H1,2025-02-20T02:00:00Z,77.007143,1.7058,97.42,extreme,0,off,0,14.83
DE40,H1,2025-02-20T03:00:00Z,67.757143,1.4850,93.85,extreme,0,off,0,14.00
DE40,H1,2025-02-20T04:00:00Z,63.400000,1.3780,92.26,extreme,0,off,0,14.22
DE40,H1,2025-02-20T05:00:00Z,58.185714,1.2584,86.31,elevated,0,off,0,14.12
DE40,H1,2025-02-20T06:00:00Z,54.578571,1.1758,83.93,elevated,0,off,0,14.48
DE40,H1,2025-02-20T07:00:00Z,47.542857,1.0194,74.40,elevated,0,off,0,18.73
DE40,H1,2025-02-20T08:00:00Z,42.078571,0.8994,54.56,normal,0,off,0,24.42
DE40,H1,2025-02-20T09:00:00Z,44.492857,0.9465,63.69,normal,0,off,0,30.85
DE40,H1,2025-02-20T10:00:00Z,47.635714,1.0071,74.40,elevated,1,low,0,28.27
DE40,H1,2025-02-20T11:00:00Z,50.457143,1.0590,78.77,elevated,1,low,0,38.44
DE40,H1,2025-02-20T12:00:00Z,49.671429,1.0342,77.58,elevated,1,low,0,47.56
DE40,H1,2025-02-20T13:00:00Z,52.207143,1.0775,81.94,elevated,1,low,0,46.70
DE40,H1,2025-02-20T14:00:00Z,52.335714,1.0733,81.94,elevated,1,low,0,45.23
DE40,H1,2025-02-20T15:00:00Z,55.071429,1.1228,83.93,elevated,1,low,0,44.08
DE40,H1,2025-02-20T16:00:00Z,57.000000,1.1558,85.52,elevated,1,low,0,48.80
DE40,H1,2025-02-20T17:00:00Z,64.357143,1.2941,92.26,extreme,1,low,0,43.40
DE40,H1,2025-02-20T18:00:00Z,67.107143,1.3370,93.45,extreme,0,off,1,37.38
DE40,H1,2025-02-20T19:00:00Z,69.071429,1.3618,94.64,extreme,0,off,0,37.40
DE40,H1,2025-02-20T20:00:00Z,69.414286,1.3553,94.64,extreme,0,off,0,37.23
DE40,H1,2025-02-20T21:00:00Z,69.200000,1.3390,94.25,extreme,0,off,0,37.19
DE40,H1,2025-02-20T22:00:00Z,68.128571,1.3075,92.66,extreme,0,off,0,34.01
DE40,H1,2025-02-20T23:00:00Z,63.828571,1.2175,89.88,elevated,0,off,0,33.52
DE40,H1,2025-02-21T01:00:00Z,59.250000,1.1251,85.12,elevated,0,off,0,32.60
DE40,H1,2025-02-21T02:00:00Z,55.071429,1.0425,80.16,elevated,0,off,0,34.17
DE40,H1,2025-02-21T03:00:00Z,53.500000,1.0101,78.37,elevated,0,off,0,36.13
DE40,H1,2025-02-21T04:00:00Z,51.250000,0.9652,74.80,elevated,0,off,0,37.12
DE40,H1,2025-02-21T05:00:00Z,49.821429,0.9346,71.63,elevated,0,off,0,38.11
DE40,H1,2025-02-21T06:00:00Z,46.607143,0.8710,63.69,normal,0,off,0,38.25
DE40,H1,2025-02-21T07:00:00Z,41.107143,0.7663,46.63,normal,0,off,0,39.13
DE40,H1,2025-02-21T08:00:00Z,34.857143,0.6492,27.18,calm,0,off,0,44.57
DE40,H1,2025-02-21T09:00:00Z,31.500000,0.5863,17.26,calm,0,off,0,49.63
DE40,H1,2025-02-21T10:00:00Z,33.142857,0.6156,20.83,calm,0,off,0,53.20
DE40,H1,2025-02-21T11:00:00Z,37.728571,0.6973,39.09,normal,1,low,0,53.22
DE40,H1,2025-02-21T12:00:00Z,42.371429,0.7772,49.40,normal,1,medium,0,50.85
DE40,H1,2025-02-21T13:00:00Z,43.478571,0.7911,52.58,normal,1,high,0,60.21
DE40,H1,2025-02-21T14:00:00Z,44.207143,0.7988,55.75,normal,1,medium,0,64.71
DE40,H1,2025-02-21T15:00:00Z,45.357143,0.8140,59.33,normal,1,medium,0,62.29
DE40,H1,2025-02-21T16:00:00Z,52.871429,0.9434,77.18,elevated,1,medium,0,59.12
DE40,H1,2025-02-21T17:00:00Z,55.442857,0.9849,80.75,elevated,1,medium,0,60.93
DE40,H1,2025-02-21T18:00:00Z,58.128571,1.0289,82.74,elevated,1,medium,0,58.16
DE40,H1,2025-02-21T19:00:00Z,61.628571,1.0869,88.29,elevated,1,medium,0,54.72
DE40,H1,2025-02-21T20:00:00Z,66.485714,1.1695,91.07,extreme,1,low,0,46.44
DE40,H1,2025-02-21T21:00:00Z,70.557143,1.2390,94.64,extreme,0,off,1,38.54
DE40,H1,2025-02-21T22:00:00Z,69.771429,1.2247,94.25,extreme,0,off,0,39.12
DE40,H1,2025-02-24T01:00:00Z,76.957143,1.3482,97.02,extreme,1,low,0,44.09
DE40,H1,2025-02-24T02:00:00Z,85.457143,1.4909,99.80,extreme,1,low,0,46.52
DE40,H1,2025-02-24T03:00:00Z,91.778571,1.5933,99.80,extreme,0,off,1,36.58
DE40,H1,2025-02-24T04:00:00Z,87.492857,1.5140,99.40,extreme,0,off,0,36.62
DE40,H1,2025-02-24T05:00:00Z,86.885714,1.4990,99.01,extreme,0,off,0,36.54
DE40,H1,2025-02-24T06:00:00Z,87.064286,1.4958,99.01,extreme,0,off,0,34.84
DE40,H1,2025-02-24T07:00:00Z,87.314286,1.4948,99.01,extreme,0,off,0,33.86
DE40,H1,2025-02-24T08:00:00Z,83.728571,1.4256,97.42,extreme,0,off,0,32.24
DE40,H1,2025-02-24T09:00:00Z,84.942857,1.4358,97.42,extreme,0,off,0,31.03
DE40,H1,2025-02-24T10:00:00Z,101.100000,1.6844,99.80,extreme,0,off,0,35.66
DE40,H1,2025-02-24T11:00:00Z,104.814286,1.7176,99.80,extreme,0,off,0,36.99
DE40,H1,2025-02-24T12:00:00Z,105.564286,1.6976,99.80,extreme,0,off,0,37.65
DE40,H1,2025-02-24T13:00:00Z,108.242857,1.7044,99.80,extreme,0,off,0,39.02
DE40,H1,2025-02-24T14:00:00Z,110.814286,1.7092,99.80,extreme,0,off,0,36.11
DE40,H1,2025-02-24T15:00:00Z,103.235714,1.5654,98.21,extreme,0,off,0,35.40
DE40,H1,2025-02-24T16:00:00Z,102.735714,1.5335,97.82,extreme,0,off,0,38.69
DE40,H1,2025-02-24T17:00:00Z,99.200000,1.4592,97.02,extreme,0,off,0,39.44
DE40,H1,2025-02-24T18:00:00Z,102.835714,1.4905,97.82,extreme,1,low,0,40.16
DE40,H1,2025-02-24T19:00:00Z,103.192857,1.4739,97.82,extreme,1,low,0,42.13
DE40,H1,2025-02-24T20:00:00Z,104.264286,1.4686,98.21,extreme,1,medium,0,49.74
DE40,H1,2025-02-24T21:00:00Z,103.907143,1.4445,97.82,extreme,1,medium,0,48.38
DE40,H1,2025-02-24T22:00:00Z,102.121429,1.4049,95.83,extreme,1,medium,0,47.70
DE40,H1,2025-02-24T23:00:00Z,98.450000,1.3428,94.64,extreme,1,low,0,51.89
DE40,H1,2025-02-25T01:00:00Z,81.171429,1.1035,90.28,extreme,1,low,0,53.44
DE40,H1,2025-02-25T02:00:00Z,75.935714,1.0305,87.50,elevated,1,low,0,58.64
DE40,H1,2025-02-25T03:00:00Z,71.150000,0.9650,84.72,elevated,1,low,0,62.72
DE40,H1,2025-02-25T04:00:00Z,66.007143,0.8958,79.56,elevated,1,low,0,61.47
DE40,H1,2025-02-25T05:00:00Z,62.292857,0.8457,76.39,elevated,1,medium,0,63.94
DE40,H1,2025-02-25T06:00:00Z,61.114286,0.8293,75.20,elevated,1,medium,0,65.47
DE40,H1,2025-02-25T07:00:00Z,50.864286,0.6910,62.50,normal,1,low,0,71.04
DE40,H1,2025-02-25T08:00:00Z,45.971429,0.6258,52.98,normal,1,low,0,73.99
DE40,H1,2025-02-25T09:00:00Z,45.514286,0.6206,52.18,normal,1,low,0,75.40
DE40,H1,2025-02-25T10:00:00Z,54.657143,0.7442,66.87,normal,1,low,0,72.82
DE40,H1,2025-02-25T11:00:00Z,60.692857,0.8233,74.80,elevated,1,medium,0,70.44
DE40,H1,2025-02-25T12:00:00Z,64.585714,0.8705,78.37,elevated,1,medium,0,69.30
DE40,H1,2025-02-25T13:00:00Z,66.335714,0.8866,79.56,elevated,1,medium,0,64.55
DE40,H1,2025-02-25T14:00:00Z,67.114286,0.8885,80.75,elevated,1,low,0,64.82
DE40,H1,2025-02-25T15:00:00Z,71.585714,0.9382,85.52,elevated,0,off,1,52.41
DE40,H1,2025-02-25T16:00:00Z,76.678571,0.9948,87.50,elevated,0,off,0,51.87
DE40,H1,2025-02-25T17:00:00Z,84.500000,1.0844,91.47,extreme,1,low,0,49.61
DE40,H1,2025-02-25T18:00:00Z,90.178571,1.1436,93.85,extreme,1,low,0,47.99
DE40,H1,2025-02-25T19:00:00Z,92.928571,1.1640,94.25,extreme,1,low,0,47.93
DE40,H1,2025-02-25T20:00:00Z,98.571429,1.2185,94.64,extreme,1,low,0,48.87
DE40,H1,2025-02-25T21:00:00Z,101.321429,1.2377,95.44,extreme,1,low,0,48.89
DE40,H1,2025-02-25T22:00:00Z,102.250000,1.2349,95.83,extreme,1,low,0,47.80
DE40,H1,2025-02-25T23:00:00Z,99.314286,1.1876,94.25,extreme,1,low,0,46.93
DE40,H1,2025-02-26T01:00:00Z,90.078571,1.0699,91.47,extreme,1,low,0,48.19
DE40,H1,2025-02-26T02:00:00Z,82.564286,0.9769,87.50,elevated,1,low,0,53.92
DE40,H1,2025-02-26T03:00:00Z,77.957143,0.9208,85.12,elevated,1,low,0,56.97
DE40,H1,2025-02-26T04:00:00Z,74.100000,0.8743,81.94,elevated,1,low,0,58.55
DE40,H1,2025-02-26T05:00:00Z,72.064286,0.8513,80.75,elevated,1,low,0,57.92
DE40,H1,2025-02-26T06:00:00Z,66.528571,0.7894,74.01,elevated,1,low,0,60.34
DE40,H1,2025-02-26T07:00:00Z,61.742857,0.7379,68.85,normal,1,medium,0,67.15
DE40,H1,2025-02-26T08:00:00Z,54.528571,0.6569,58.13,normal,1,low,0,69.60
DE40,H1,2025-02-26T09:00:00Z,52.578571,0.6386,56.55,normal,1,medium,0,70.22
DE40,H1,2025-02-26T10:00:00Z,56.071429,0.6862,60.52,normal,1,medium,0,70.30
DE40,H1,2025-02-26T11:00:00Z,53.928571,0.6655,57.34,normal,1,low,0,70.97
DE40,H1,2025-02-26T12:00:00Z,51.571429,0.6415,54.56,normal,1,low,0,64.69
DE40,H1,2025-02-26T13:00:00Z,51.750000,0.6490,54.56,normal,0,off,1,58.21
DE40,H1,2025-02-26T14:00:00Z,55.400000,0.7029,59.72,normal,0,off,0,54.46
DE40,H1,2025-02-26T15:00:00Z,58.457143,0.7505,62.50,normal,0,off,0,51.95
DE40,H1,2025-02-26T16:00:00Z,63.864286,0.8288,70.83,elevated,0,off,0,54.18
DE40,H1,2025-02-26T17:00:00Z,65.471429,0.8592,71.63,elevated,0,off,0,52.07
DE40,H1,2025-02-26T18:00:00Z,67.114286,0.8909,74.80,elevated,0,off,0,50.80
DE40,H1,2025-02-26T19:00:00Z,75.007143,1.0032,82.34,elevated,0,off,0,43.91
DE40,H1,2025-02-26T20:00:00Z,78.871429,1.0617,85.91,elevated,0,off,0,38.07
DE40,H1,2025-02-26T21:00:00Z,79.514286,1.0761,85.91,elevated,0,off,0,37.15
DE40,H1,2025-02-26T22:00:00Z,80.942857,1.1019,85.91,elevated,0,off,0,36.59
DE40,H1,2025-02-26T23:00:00Z,83.750000,1.1462,88.29,elevated,0,off,0,40.78
DE40,H1,2025-02-27T01:00:00Z,81.185714,1.1182,86.31,elevated,0,off,0,43.37
DE40,H1,2025-02-27T02:00:00Z,80.442857,1.1152,84.72,elevated,1,low,0,45.39
DE40,H1,2025-02-27T03:00:00Z,79.550000,1.1097,84.33,elevated,1,low,0,46.98
DE40,H1,2025-02-27T04:00:00Z,76.907143,1.0793,80.75,elevated,1,low,0,48.40
DE40,H1,2025-02-27T05:00:00Z,72.335714,1.0177,77.18,elevated,1,low,0,51.80
DE40,H1,2025-02-27T06:00:00Z,69.228571,0.9758,73.61,elevated,1,low,0,52.33
DE40,H1,2025-02-27T07:00:00Z,64.514286,0.9111,66.07,normal,1,low,0,62.17
DE40,H1,2025-02-27T08:00:00Z,64.192857,0.9070,65.28,normal,1,low,0,63.18
DE40,H1,2025-02-27T09:00:00Z,69.707143,0.9829,74.01,elevated,1,low,0,55.01
DE40,H1,2025-02-27T10:00:00Z,69.992857,0.9844,74.40,elevated,1,low,0,48.90
DE40,H1,2025-02-27T11:00:00Z,69.092857,0.9668,72.02,elevated,1,low,0,49.85
DE40,H1,2025-02-27T12:00:00Z,69.592857,0.9674,73.21,elevated,1,low,0,51.20
DE40,H1,2025-02-27T13:00:00Z,70.985714,0.9798,74.80,elevated,1,low,0,49.36
DE40,H1,2025-02-27T14:00:00Z,65.378571,0.8998,64.48,normal,1,medium,0,54.45
DE40,H1,2025-02-27T15:00:00Z,72.735714,0.9977,77.58,elevated,1,medium,0,54.99
DE40,H1,2025-02-27T16:00:00Z,79.407143,1.0848,83.53,elevated,1,medium,0,54.77
DE40,H1,2025-02-27T17:00:00Z,89.371429,1.2133,91.07,extreme,1,low,0,50.99
DE40,H1,2025-02-27T18:00:00Z,91.957143,1.2401,92.26,extreme,1,low,0,52.02
DE40,H1,2025-02-27T19:00:00Z,94.064286,1.2608,92.66,extreme,1,low,0,50.57
DE40,H1,2025-02-27T20:00:00Z,95.742857,1.2768,92.66,extreme,1,low,0,45.26
DE40,H1,2025-02-27T21:00:00Z,102.528571,1.3608,95.83,extreme,1,low,0,45.74
DE40,H1,2025-02-27T22:00:00Z,102.992857,1.3623,96.63,extreme,1,low,0,46.37
DE40,H1,2025-02-27T23:00:00Z,97.021429,1.2819,91.87,extreme,1,low,0,45.96
DE40,H1,2025-02-28T01:00:00Z,90.057143,1.1926,88.69,elevated,0,off,1,43.25
DE40,H1,2025-02-28T02:00:00Z,92.835714,1.2321,90.28,extreme,0,off,0,42.78
DE40,H1,2025-02-28T03:00:00Z,92.835714,1.2352,90.08,extreme,0,off,0,41.66
DE40,H1,2025-02-28T04:00:00Z,94.014286,1.2527,90.67,extreme,0,off,0,37.43
DE40,H1,2025-02-28T05:00:00Z,94.407143,1.2565,91.07,extreme,0,off,0,35.39
DE40,H1,2025-02-28T06:00:00Z,85.871429,1.1419,84.72,elevated,0,off,0,33.53
DE40,H1,2025-02-28T07:00:00Z,77.085714,1.0253,75.99,elevated,0,off,0,35.91
DE40,H1,2025-02-28T08:00:00Z,67.692857,0.9019,62.50,normal,0,off,0,41.21
DE40,H1,2025-02-28T09:00:00Z,73.000000,0.9723,71.63,elevated,0,off,0,40.43
DE40,H1,2025-02-28T10:00:00Z,77.500000,1.0293,76.19,elevated,0,off,0,39.24
DE40,H1,2025-02-28T11:00:00Z,79.178571,1.0467,77.98,elevated,0,off,0,42.13
DE40,H1,2025-02-28T12:00:00Z,73.678571,0.9691,71.23,elevated,0,off,0,52.08
DE40,H1,2025-02-28T13:00:00Z,72.285714,0.9459,68.85,normal,0,off,0,53.15
DE40,H1,2025-02-28T14:00:00Z,76.100000,0.9906,73.21,elevated,0,off,0,48.20
DE40,H1,2025-02-28T15:00:00Z,77.421429,1.0017,75.20,elevated,0,off,0,48.36
DE40,H1,2025-02-28T16:00:00Z,77.250000,0.9929,74.80,elevated,0,off,0,46.89
DE40,H1,2025-02-28T17:00:00Z,77.214286,0.9859,74.40,elevated,0,off,0,47.81
DE40,H1,2025-02-28T18:00:00Z,77.450000,0.9834,75.20,elevated,0,off,0,45.42
DE40,H1,2025-02-28T19:00:00Z,83.414286,1.0525,82.34,elevated,0,off,0,44.14
DE40,H1,2025-02-28T20:00:00Z,90.664286,1.1363,87.90,elevated,0,off,0,44.41
DE40,H1,2025-02-28T21:00:00Z,98.592857,1.2255,92.66,extreme,0,off,0,48.15
DE40,H1,2025-02-28T22:00:00Z,104.271429,1.2842,98.21,extreme,0,off,0,49.31
DE40,H1,2025-03-03T01:00:00Z,102.278571,1.2512,94.64,extreme,0,off,0,42.44
DE40,H1,2025-03-03T02:00:00Z,100.421429,1.2221,92.66,extreme,0,off,0,41.37
DE40,H1,2025-03-03T03:00:00Z,97.850000,1.1855,90.28,extreme,0,off,0,41.90
DE40,H1,2025-03-03T04:00:00Z,95.671429,1.1550,89.09,elevated,0,off,0,41.69
DE40,H1,2025-03-03T05:00:00Z,94.492857,1.1378,88.69,elevated,0,off,0,39.96
DE40,H1,2025-03-03T06:00:00Z,89.028571,1.0700,83.13,elevated,0,off,0,41.95
DE40,H1,2025-03-03T07:00:00Z,88.421429,1.0606,82.74,elevated,0,off,0,44.63
DE40,H1,2025-03-03T08:00:00Z,84.635714,1.0140,79.56,elevated,0,off,0,42.18
DE40,H1,2025-03-03T09:00:00Z,86.864286,1.0382,80.75,elevated,0,off,0,40.58
DE40,H1,2025-03-03T10:00:00Z,96.700000,1.1491,89.48,elevated,0,off,0,36.19
DE40,H1,2025-03-03T11:00:00Z,102.735714,1.2112,95.04,extreme,0,off,0,42.01
DE40,H1,2025-03-03T12:00:00Z,96.985714,1.1347,89.09,elevated,0,off,0,37.85
DE40,H1,2025-03-03T13:00:00Z,93.200000,1.0830,85.91,elevated,0,off,0,33.33
DE40,H1,2025-03-03T14:00:00Z,107.628571,1.2398,99.01,extreme,0,off,0,22.71
DE40,H1,2025-03-03T15:00:00Z,102.871429,1.1761,95.44,extreme,0,off,0,22.20
DE40,H1,2025-03-03T16:00:00Z,106.407143,1.2062,98.61,extreme,0,off,0,19.95
DE40,H1,2025-03-03T17:00:00Z,114.550000,1.2854,99.80,extreme,0,off,0,19.67
DE40,H1,2025-03-03T18:00:00Z,118.521429,1.3159,99.80,extreme,0,off,0,19.21
DE40,H1,2025-03-03T19:00:00Z,121.414286,1.3315,99.80,extreme,0,off,0,18.80
DE40,H1,2025-03-03T20:00:00Z,127.700000,1.3837,99.80,extreme,0,off,0,19.02
DE40,H1,2025-03-03T21:00:00Z,133.735714,1.4323,99.80,extreme,0,off,0,20.13
DE40,H1,2025-03-03T22:00:00Z,138.342857,1.4662,99.80,extreme,0,off,0,21.37
DE40,H1,2025-03-03T23:00:00Z,135.071429,1.4186,99.40,extreme,0,off,0,15.06
DE40,H1,2025-03-04T01:00:00Z,122.785714,1.2818,98.21,extreme,0,off,0,13.11
DE40,H1,2025-03-04T02:00:00Z,112.928571,1.1747,96.63,extreme,0,off,0,14.83
DE40,H1,2025-03-04T03:00:00Z,112.178571,1.1646,96.23,extreme,0,off,0,16.85
DE40,H1,2025-03-04T04:00:00Z,109.071429,1.1309,95.44,extreme,0,off,0,18.61
DE40,H1,2025-03-04T05:00:00Z,88.178571,0.9160,75.20,elevated,0,off,0,30.51
DE40,H1,2025-03-04T06:00:00Z,87.464286,0.9090,74.40,elevated,0,off,0,31.47
DE40,H1,2025-03-04T07:00:00Z,84.392857,0.8786,70.44,elevated,0,off,0,33.91
DE40,H1,2025-03-04T08:00:00Z,76.785714,0.8021,59.72,normal,0,off,0,46.81
DE40,H1,2025-03-04T09:00:00Z,79.192857,0.8298,65.67,normal,1,low,0,51.66
DE40,H1,2025-03-04T10:00:00Z,89.835714,0.9423,76.39,elevated,0,off,1,43.49
DE40,H1,2025-03-04T11:00:00Z,89.907143,0.9422,76.39,elevated,0,off,0,34.33
DE40,H1,2025-03-04T12:00:00Z,88.228571,0.9225,74.40,elevated,0,off,0,34.34
DE40,H1,2025-03-04T13:00:00Z,85.192857,0.8875,70.44,elevated,0,off,0,36.52
DE40,H1,2025-03-04T14:00:00Z,87.200000,0.9057,72.42,elevated,0,off,0,34.83
DE40,H1,2025-03-04T15:00:00Z,92.592857,0.9587,78.77,elevated,0,off,0,33.98
DE40,H1,2025-03-04T16:00:00Z,95.485714,0.9853,81.94,elevated,0,off,0,32.62
DE40,H1,2025-03-04T17:00:00Z,98.771429,1.0140,85.52,elevated,0,off,0,26.85
DE40,H1,2025-03-04T18:00:00Z,103.657143,1.0573,91.87,extreme,0,off,0,23.87
DE40,H1,2025-03-04T19:00:00Z,107.407143,1.0886,94.25,extreme,0,off,0,21.07
DE40,H1,2025-03-04T20:00:00Z,127.728571,1.2815,98.61,extreme,0,off,0,18.93
DE40,H1,2025-03-04T21:00:00Z,129.121429,1.2822,98.61,extreme,0,off,0,20.61
DE40,H1,2025-03-04T22:00:00Z,142.442857,1.3964,99.80,extreme,0,off,0,23.82
DE40,H1,2025-03-04T23:00:00Z,146.728571,1.4191,99.80,extreme,0,off,0,26.60
DE40,H1,2025-03-05T01:00:00Z,134.471429,1.2878,98.21,extreme,0,off,0,27.03
DE40,H1,2025-03-05T02:00:00Z,132.714286,1.2609,97.42,extreme,0,off,0,27.75
DE40,H1,2025-03-05T03:00:00Z,133.607143,1.2610,97.42,extreme,0,off,0,29.96
DE40,H1,2025-03-05T04:00:00Z,130.428571,1.2249,96.63,extreme,0,off,0,30.99
DE40,H1,2025-03-05T05:00:00Z,130.750000,1.2214,96.63,extreme,0,off,0,33.62
DE40,H1,2025-03-05T06:00:00Z,124.285714,1.1559,94.64,extreme,0,off,0,39.77
DE40,H1,2025-03-05T07:00:00Z,117.678571,1.0904,93.06,extreme,0,off,0,39.59
DE40,H1,2025-03-05T08:00:00Z,114.857143,1.0605,92.66,extreme,0,off,0,41.74
DE40,H1,2025-03-05T09:00:00Z,112.492857,1.0352,91.47,extreme,0,off,0,44.24
DE40,H1,2025-03-05T10:00:00Z,122.778571,1.1229,93.85,extreme,0,off,0,32.95
DE40,H1,2025-03-05T11:00:00Z,117.600000,1.0698,92.26,extreme,0,off,0,31.11
DE40,H1,2025-03-05T12:00:00Z,119.492857,1.0802,93.06,extreme,0,off,0,26.66
DE40,H1,2025-03-05T13:00:00Z,110.171429,0.9917,89.09,elevated,0,off,0,30.29
DE40,H1,2025-03-05T14:00:00Z,103.328571,0.9290,84.33,elevated,0,off,0,32.31
DE40,H1,2025-03-05T15:00:00Z,109.621429,0.9844,88.69,elevated,0,off,0,33.13
DE40,H1,2025-03-05T16:00:00Z,110.164286,0.9869,88.69,elevated,0,off,0,35.49
DE40,H1,2025-03-05T17:00:00Z,112.128571,1.0011,89.48,elevated,0,off,0,46.76
DE40,H1,2025-03-05T18:00:00Z,118.257143,1.0538,92.26,extreme,0,off,0,42.35
DE40,H1,2025-03-05T19:00:00Z,116.257143,1.0336,91.07,extreme,0,off,0,40.66
DE40,H1,2025-03-05T20:00:00Z,118.757143,1.0535,92.66,extreme,0,off,0,37.16
DE40,H1,2025-03-05T21:00:00Z,121.257143,1.0744,93.06,extreme,0,off,0,29.79
DE40,H1,2025-03-05T22:00:00Z,119.542857,1.0590,92.66,extreme,0,off,0,27.98
DE40,H1,2025-03-05T23:00:00Z,116.514286,1.0331,89.88,elevated,0,off,0,31.17
DE40,H1,2025-03-06T01:00:00Z,103.171429,0.9188,79.56,elevated,0,off,0,37.71
DE40,H1,2025-03-06T02:00:00Z,88.921429,0.7982,61.71,normal,0,off,0,44.42
DE40,H1,2025-03-06T03:00:00Z,82.314286,0.7464,52.98,normal,0,off,0,47.78
DE40,H1,2025-03-06T04:00:00Z,77.421429,0.7095,46.23,normal,0,off,0,48.95
DE40,H1,2025-03-06T05:00:00Z,73.528571,0.6799,39.48,normal,1,low,0,56.95
DE40,H1,2025-03-06T06:00:00Z,66.064286,0.6163,27.58,calm,1,low,0,60.02
DE40,H1,2025-03-06T07:00:00Z,60.957143,0.5741,21.23,calm,1,medium,0,66.30
DE40,H1,2025-03-06T08:00:00Z,57.778571,0.5495,18.45,calm,1,low,0,70.33
DE40,H1,2025-03-06T09:00:00Z,58.721429,0.5616,19.64,calm,1,low,0,67.13
DE40,H1,2025-03-06T10:00:00Z,71.257143,0.6836,36.31,normal,1,low,0,62.67
DE40,H1,2025-03-06T11:00:00Z,79.221429,0.7608,49.80,normal,1,medium,0,62.80
DE40,H1,2025-03-06T12:00:00Z,80.650000,0.7739,51.39,normal,1,medium,0,57.99
DE40,H1,2025-03-06T13:00:00Z,89.507143,0.8572,62.50,normal,1,medium,0,60.16
DE40,H1,2025-03-06T14:00:00Z,92.407143,0.8845,65.67,normal,1,medium,0,60.71
DE40,H1,2025-03-06T15:00:00Z,101.285714,0.9674,75.20,elevated,1,high,0,56.10
DE40,H1,2025-03-06T16:00:00Z,111.107143,1.0566,86.71,elevated,1,high,0,54.62
DE40,H1,2025-03-06T17:00:00Z,120.750000,1.1406,92.66,extreme,1,medium,0,53.38
DE40,H1,2025-03-06T18:00:00Z,134.650000,1.2606,98.21,extreme,1,medium,0,50.53
DE40,H1,2025-03-06T19:00:00Z,141.328571,1.3111,99.01,extreme,1,medium,0,52.88
DE40,H1,2025-03-06T20:00:00Z,146.007143,1.3420,99.40,extreme,1,medium,0,53.64
DE40,H1,2025-03-06T21:00:00Z,153.971429,1.4009,99.80,extreme,1,medium,0,54.54
DE40,H1,2025-03-06T22:00:00Z,152.828571,1.3782,99.40,extreme,1,medium,0,53.83
DE40,H1,2025-03-06T23:00:00Z,150.371429,1.3456,99.01,extreme,1,medium,0,55.24
DE40,H1,2025-03-07T01:00:00Z,136.385714,1.2186,96.63,extreme,1,medium,0,55.29
DE40,H1,2025-03-07T02:00:00Z,128.992857,1.1526,92.66,extreme,1,medium,0,56.10
DE40,H1,2025-03-07T03:00:00Z,126.742857,1.1356,91.47,extreme,1,medium,0,57.10
DE40,H1,2025-03-07T04:00:00Z,117.314286,1.0567,85.91,elevated,1,high,0,58.63
DE40,H1,2025-03-07T05:00:00Z,114.314286,1.0335,83.93,elevated,1,medium,0,60.08
DE40,H1,2025-03-07T06:00:00Z,104.028571,0.9454,76.39,elevated,1,medium,0,63.89
DE40,H1,2025-03-07T07:00:00Z,94.350000,0.8636,62.50,normal,1,medium,0,66.58
DE40,H1,2025-03-07T08:00:00Z,84.885714,0.7835,48.61,normal,1,medium,0,70.05
DE40,H1,2025-03-07T09:00:00Z,76.078571,0.7094,35.12,normal,1,medium,0,75.16
DE40,H1,2025-03-07T10:00:00Z,82.614286,0.7763,45.83,normal,1,medium,0,68.61
DE40,H1,2025-03-07T11:00:00Z,86.114286,0.8140,50.20,normal,1,medium,0,66.98
DE40,H1,2025-03-07T12:00:00Z,86.292857,0.8202,50.20,normal,1,medium,0,65.56
DE40,H1,2025-03-07T13:00:00Z,86.028571,0.8218,49.40,normal,1,low,0,62.33
DE40,H1,2025-03-07T14:00:00Z,88.307143,0.8491,53.77,normal,1,low,0,53.71
DE40,H1,2025-03-07T15:00:00Z,99.935714,0.9642,68.45,normal,1,low,0,58.37
DE40,H1,2025-03-07T16:00:00Z,108.792857,1.0519,79.56,elevated,1,low,0,53.57
DE40,H1,2025-03-07T17:00:00Z,120.828571,1.1658,89.09,elevated,1,low,0,52.27
DE40,H1,2025-03-07T18:00:00Z,129.414286,1.2424,93.06,extreme,1,low,0,52.37
DE40,H1,2025-03-07T19:00:00Z,140.878571,1.3444,97.02,extreme,1,low,0,46.95
DE40,H1,2025-03-07T20:00:00Z,146.842857,1.3916,98.61,extreme,1,low,0,47.53
DE40,H1,2025-03-07T21:00:00Z,148.664286,1.3992,98.61,extreme,1,low,0,48.85
DE40,H1,2025-03-07T22:00:00Z,151.628571,1.4182,99.01,extreme,1,low,0,48.91
DE40,H1,2025-03-10T01:00:00Z,159.214286,1.4772,99.80,extreme,1,medium,0,51.86
DE40,H1,2025-03-10T02:00:00Z,152.685714,1.4078,98.61,extreme,1,medium,0,51.76
DE40,H1,2025-03-10T03:00:00Z,148.628571,1.3635,97.02,extreme,1,medium,0,53.91
DE40,H1,2025-03-10T04:00:00Z,142.271429,1.2998,95.04,extreme,1,medium,0,55.08
DE40,H1,2025-03-10T05:00:00Z,139.535714,1.2694,93.85,extreme,1,medium,0,56.83
DE40,H1,2025-03-10T06:00:00Z,133.464286,1.2075,90.67,extreme,1,medium,0,53.70
DE40,H1,2025-03-10T07:00:00Z,122.785714,1.1042,86.31,elevated,1,medium,0,53.17
DE40,H1,2025-03-10T08:00:00Z,110.714286,0.9905,75.99,elevated,1,medium,0,58.46
DE40,H1,2025-03-10T09:00:00Z,99.607143,0.8876,62.10,normal,1,medium,0,64.94
DE40,H1,2025-03-10T10:00:00Z,93.235714,0.8280,54.56,normal,1,medium,0,67.62
DE40,H1,2025-03-10T11:00:00Z,109.985714,0.9691,74.80,elevated,1,low,0,56.03
DE40,H1,2025-03-10T12:00:00Z,115.700000,1.0098,79.56,elevated,1,low,0,52.83
DE40,H1,2025-03-10T13:00:00Z,120.450000,1.0398,83.53,elevated,1,low,0,49.07
DE40,H1,2025-03-10T14:00:00Z,123.378571,1.0534,86.31,elevated,0,off,1,43.13
DE40,H1,2025-03-10T15:00:00Z,122.628571,1.0379,84.72,elevated,0,off,0,38.99
DE40,H1,2025-03-10T16:00:00Z,122.121429,1.0261,84.33,elevated,0,off,0,38.73
DE40,H1,2025-03-10T17:00:00Z,132.107143,1.1005,89.88,elevated,0,off,0,26.78
DE40,H1,2025-03-10T18:00:00Z,138.214286,1.1421,93.06,extreme,0,off,0,26.81
DE40,H1,2025-03-10T19:00:00Z,140.892857,1.1550,94.25,extreme,0,off,0,26.14
DE40,H1,2025-03-10T20:00:00Z,144.571429,1.1768,95.44,extreme,0,off,0,25.94
DE40,H1,2025-03-10T21:00:00Z,149.178571,1.2068,97.42,extreme,0,off,0,22.04
DE40,H1,2025-03-10T22:00:00Z,157.785714,1.2688,99.40,extreme,0,off,0,20.43
DE40,H1,2025-03-10T23:00:00Z,155.607143,1.2471,99.01,extreme,0,off,0,19.64
DE40,H1,2025-03-11T01:00:00Z,156.928571,1.2546,99.01,extreme,0,off,0,21.72
DE40,H1,2025-03-11T02:00:00Z,133.907143,1.0726,88.69,elevated,0,off,0,22.92
DE40,H1,2025-03-11T03:00:00Z,129.478571,1.0412,85.52,elevated,0,off,0,25.99
DE40,H1,2025-03-11T04:00:00Z,123.871429,1.0008,82.34,elevated,0,off,0,28.50
DE40,H1,2025-03-11T05:00:00Z,122.942857,0.9977,81.55,elevated,0,off,0,31.20
DE40,H1,2025-03-11T06:00:00Z,113.800000,0.9269,71.63,elevated,0,off,0,35.93
DE40,H1,2025-03-11T07:00:00Z,109.835714,0.8974,67.26,normal,1,low,0,40.65
DE40,H1,2025-03-11T08:00:00Z,97.728571,0.8023,50.99,normal,1,low,0,58.53
DE40,H1,2025-03-11T09:00:00Z,99.228571,0.8170,53.37,normal,1,low,0,60.16
DE40,H1,2025-03-11T10:00:00Z,99.800000,0.8237,54.17,normal,1,low,0,63.90
DE40,H1,2025-03-11T11:00:00Z,104.157143,0.8597,62.50,normal,1,low,0,64.62
DE40,H1,2025-03-11T12:00:00Z,104.050000,0.8574,62.50,normal,1,low,0,63.61
DE40,H1,2025-03-11T13:00:00Z,99.157143,0.8152,52.58,normal,1,low,0,67.46
DE40,H1,2025-03-11T14:00:00Z,101.978571,0.8348,56.55,normal,1,low,0,61.12
DE40,H1,2025-03-11T15:00:00Z,102.407143,0.8356,58.13,normal,1,low,0,61.06
DE40,H1,2025-03-11T16:00:00Z,109.107143,0.8869,66.87,normal,1,low,0,60.01
DE40,H1,2025-03-11T17:00:00Z,125.607143,1.0146,82.74,elevated,1,low,0,46.72
DE40,H1,2025-03-11T18:00:00Z,132.000000,1.0584,86.31,elevated,0,off,1,43.16
DE40,H1,2025-03-11T19:00:00Z,129.671429,1.0328,85.12,elevated,0,off,0,42.43
DE40,H1,2025-03-11T20:00:00Z,130.814286,1.0368,85.91,elevated,0,off,0,40.89
DE40,H1,2025-03-11T21:00:00Z,143.992857,1.1350,93.45,extreme,0,off,0,41.08
DE40,H1,2025-03-11T22:00:00Z,147.742857,1.1596,95.04,extreme,0,off,0,41.38
DE40,H1,2025-03-11T23:00:00Z,141.635714,1.1095,91.87,extreme,0,off,0,39.95
DE40,H1,2025-03-12T01:00:00Z,140.242857,1.0987,90.28,extreme,0,off,0,39.66
DE40,H1,2025-03-12T02:00:00Z,131.385714,1.0318,84.33,elevated,0,off,0,41.93
DE40,H1,2025-03-12T03:00:00Z,126.814286,0.9994,79.96,elevated,0,off,0,42.60
DE40,H1,2025-03-12T04:00:00Z,122.635714,0.9709,75.99,elevated,0,off,0,44.10
DE40,H1,2025-03-12T05:00:00Z,119.814286,0.9545,72.82,elevated,0,off,0,46.45
DE40,H1,2025-03-12T06:00:00Z,116.278571,0.9317,68.85,normal,0,off,0,45.72
DE40,H1,2025-03-12T07:00:00Z,104.064286,0.8399,58.53,normal,0,off,0,49.95
DE40,H1,2025-03-12T08:00:00Z,81.600000,0.6651,27.58,calm,0,off,0,58.29
DE40,H1,2025-03-12T09:00:00Z,79.314286,0.6529,24.40,calm,0,off,0,63.67
DE40,H1,2025-03-12T10:00:00Z,80.107143,0.6652,25.60,calm,1,low,0,69.69
DE40,H1,2025-03-12T11:00:00Z,85.164286,0.7117,31.15,normal,1,low,0,69.80
DE40,H1,2025-03-12T12:00:00Z,75.592857,0.6354,16.47,calm,1,low,0,75.81
DE40,H1,2025-03-12T13:00:00Z,74.057143,0.6252,15.28,calm,0,off,1,72.40
DE40,H1,2025-03-12T14:00:00Z,75.950000,0.6430,16.47,calm,0,off,0,58.23
DE40,H1,2025-03-12T15:00:00Z,80.771429,0.6873,25.99,calm,0,off,0,54.63
DE40,H1,2025-03-12T16:00:00Z,86.164286,0.7369,32.74,normal,0,off,0,51.29
DE40,H1,2025-03-12T17:00:00Z,94.271429,0.8098,43.85,normal,1,low,0,55.46
DE40,H1,2025-03-12T18:00:00Z,104.450000,0.9002,59.33,normal,0,off,1,58.75
DE40,H1,2025-03-12T19:00:00Z,106.771429,0.9227,59.72,normal,0,off,0,56.95
DE40,H1,2025-03-12T20:00:00Z,113.378571,0.9813,66.07,normal,1,low,0,56.52
DE40,H1,2025-03-12T21:00:00Z,120.664286,1.0464,73.21,elevated,1,low,0,54.79
DE40,H1,2025-03-12T22:00:00Z,121.664286,1.0581,74.80,elevated,1,low,0,49.37
DE40,H1,2025-03-12T23:00:00Z,114.771429,1.0027,66.47,normal,1,low,0,53.34
DE40,H1,2025-03-13T01:00:00Z,111.535714,0.9801,62.90,normal,1,low,0,55.97
DE40,H1,2025-03-13T02:00:00Z,102.785714,0.9107,52.58,normal,1,low,0,60.87
DE40,H1,2025-03-13T03:00:00Z,98.821429,0.8848,47.42,normal,1,medium,0,63.31
DE40,H1,2025-03-13T04:00:00Z,95.785714,0.8669,44.25,normal,1,medium,0,65.42
DE40,H1,2025-03-13T05:00:00Z,93.500000,0.8560,40.28,normal,1,medium,0,67.92
DE40,H1,2025-03-13T06:00:00Z,88.571429,0.8177,33.93,normal,1,medium,0,69.98
DE40,H1,2025-03-13T07:00:00Z,83.035714,0.7732,25.99,calm,1,medium,0,74.90
DE40,H1,2025-03-13T08:00:00Z,76.285714,0.7167,15.28,calm,1,medium,0,79.44
DE40,H1,2025-03-13T09:00:00Z,70.071429,0.6649,9.33,squeeze,1,medium,0,81.76
DE40,H1,2025-03-13T10:00:00Z,72.700000,0.6953,10.91,calm,1,medium,0,81.26
DE40,H1,2025-03-13T11:00:00Z,75.235714,0.7243,13.29,calm,1,medium,0,74.21
DE40,H1,2025-03-13T12:00:00Z,80.200000,0.7748,22.42,calm,1,medium,0,77.15
DE40,H1,2025-03-13T13:00:00Z,86.985714,0.8423,31.15,normal,1,high,0,71.99
DE40,H1,2025-03-13T14:00:00Z,99.342857,0.9620,48.21,normal,1,medium,0,64.18
DE40,H1,2025-03-13T15:00:00Z,101.757143,0.9859,50.20,normal,1,medium,0,61.97
DE40,H1,2025-03-13T16:00:00Z,113.128571,1.0941,64.48,normal,1,medium,0,53.05
DE40,H1,2025-03-13T17:00:00Z,119.592857,1.1521,71.63,elevated,1,medium,0,53.88
DE40,H1,2025-03-13T18:00:00Z,126.378571,1.2118,79.17,elevated,1,medium,0,53.95
DE40,H1,2025-03-13T19:00:00Z,128.285714,1.2240,80.75,elevated,1,medium,0,53.52
DE40,H1,2025-03-13T20:00:00Z,130.214286,1.2374,82.74,elevated,1,medium,0,53.01
DE40,H1,2025-03-13T21:00:00Z,133.571429,1.2674,85.91,elevated,1,medium,0,53.41
DE40,H1,2025-03-13T22:00:00Z,134.857143,1.2789,87.90,elevated,1,medium,0,54.05
DE40,H1,2025-03-13T23:00:00Z,130.285714,1.2354,81.94,elevated,1,medium,0,53.29
DE40,H1,2025-03-14T01:00:00Z,126.678571,1.2021,77.18,elevated,1,medium,0,53.34
DE40,H1,2025-03-14T02:00:00Z,115.750000,1.1043,64.09,normal,1,medium,0,53.61
DE40,H1,2025-03-14T03:00:00Z,107.078571,1.0296,53.77,normal,1,medium,0,58.59
DE40,H1,2025-03-14T04:00:00Z,99.328571,0.9629,43.06,normal,1,medium,0,62.87
DE40,H1,2025-03-14T05:00:00Z,88.257143,0.8643,27.18,calm,1,medium,0,70.14
DE40,H1,2025-03-14T06:00:00Z,84.828571,0.8384,21.23,calm,1,medium,0,72.60
DE40,H1,2025-03-14T07:00:00Z,73.042857,0.7296,7.74,squeeze,1,medium,0,78.91
DE40,H1,2025-03-14T08:00:00Z,65.150000,0.6584,1.79,squeeze,1,low,0,79.90
DE40,H1,2025-03-14T09:00:00Z,60.828571,0.6221,0.99,squeeze,1,low,0,79.74
DE40,H1,2025-03-14T10:00:00Z,61.192857,0.6330,1.79,squeeze,1,low,0,83.75
DE40,H1,2025-03-14T11:00:00Z,71.114286,0.7406,5.36,squeeze,1,low,0,77.09
DE40,H1,2025-03-14T12:00:00Z,72.007143,0.7514,5.75,squeeze,1,low,0,76.42
DE40,H1,2025-03-14T13:00:00Z,85.685714,0.8930,22.42,calm,0,off,1,46.67
DE40,H1,2025-03-14T14:00:00Z,93.292857,0.9696,34.33,normal,0,off,0,34.94
DE40,H1,2025-03-14T15:00:00Z,97.771429,1.0135,40.28,normal,0,off,0,22.86
DE40,H1,2025-03-14T16:00:00Z,102.307143,1.0547,46.63,normal,0,off,0,19.80
DE40,H1,2025-03-14T17:00:00Z,102.478571,1.0503,47.02,normal,0,off,0,19.66
DE40,H1,2025-03-14T18:00:00Z,105.050000,1.0703,52.58,normal,0,off,0,17.27
DE40,H1,2025-03-14T19:00:00Z,108.321429,1.0974,54.56,normal,0,off,0,15.91
DE40,H1,2025-03-14T20:00:00Z,109.035714,1.0996,54.96,normal,0,off,0,16.24
DE40,H1,2025-03-14T21:00:00Z,111.321429,1.1188,58.53,normal,0,off,0,16.24
DE40,H1,2025-03-14T22:00:00Z,112.285714,1.1267,59.72,normal,0,off,0,17.00
DE40,H1,2025-03-14T23:00:00Z,110.142857,1.1044,56.15,normal,0,off,0,14.13
DE40,H1,2025-03-17T01:00:00Z,109.692857,1.1007,54.96,normal,0,off,0,15.27
DE40,H1,2025-03-17T02:00:00Z,96.592857,0.9740,35.91,normal,0,off,0,22.40
DE40,H1,2025-03-17T03:00:00Z,93.621429,0.9494,32.34,normal,0,off,0,24.47
DE40,H1,2025-03-17T04:00:00Z,77.328571,0.7902,11.71,calm,0,off,0,34.50
DE40,H1,2025-03-17T05:00:00Z,69.585714,0.7172,3.37,squeeze,0,off,0,38.13
DE40,H1,2025-03-17T06:00:00Z,62.485714,0.6494,2.18,squeeze,0,off,0,41.44
DE40,H1,2025-03-17T07:00:00Z,57.407143,0.6018,0.20,squeeze,0,off,0,43.39
DE40,H1,2025-03-17T08:00:00Z,53.371429,0.5645,0.20,squeeze,0,off,0,45.45
DE40,H1,2025-03-17T09:00:00Z,52.707143,0.5624,0.20,squeeze,1,medium,0,50.17
DE40,H1,2025-03-17T10:00:00Z,50.778571,0.5462,0.20,squeeze,1,medium,0,69.96
DE40,H1,2025-03-17T11:00:00Z,56.300000,0.6091,1.39,squeeze,1,medium,0,70.02
DE40,H1,2025-03-17T12:00:00Z,59.250000,0.6434,2.98,squeeze,1,high,0,69.17
DE40,H1,2025-03-17T13:00:00Z,62.707143,0.6820,4.96,squeeze,1,high,0,67.07
DE40,H1,2025-03-17T14:00:00Z,65.214286,0.7104,5.75,squeeze,1,high,0,76.26
DE40,H1,2025-03-17T15:00:00Z,63.807143,0.6968,5.36,squeeze,1,high,0,75.62
DE40,H1,2025-03-17T16:00:00Z,70.250000,0.7689,7.74,squeeze,1,high,0,75.83
DE40,H1,2025-03-17T17:00:00Z,71.871429,0.7892,8.93,squeeze,1,high,0,74.15
DE40,H1,2025-03-17T18:00:00Z,72.914286,0.8053,10.12,calm,1,medium,0,70.94
DE40,H1,2025-03-17T19:00:00Z,74.457143,0.8274,11.71,calm,1,medium,0,69.58
DE40,H1,2025-03-17T20:00:00Z,78.228571,0.8761,15.28,calm,1,low,0,62.51
DE40,H1,2025-03-17T21:00:00Z,80.621429,0.9108,17.66,calm,1,low,0,54.15
DE40,H1,2025-03-17T22:00:00Z,80.900000,0.9235,18.85,calm,0,off,1,52.30
DE40,H1,2025-03-17T23:00:00Z,78.157143,0.9025,15.28,calm,0,off,0,51.76
DE40,H1,2025-03-18T01:00:00Z,74.457143,0.8710,11.90,calm,0,off,0,52.78
DE40,H1,2025-03-18T02:00:00Z,66.971429,0.7958,6.94,squeeze,0,off,0,56.58
DE40,H1,2025-03-18T03:00:00Z,60.807143,0.7355,3.37,squeeze,0,off,0,58.55
DE40,H1,2025-03-18T04:00:00Z,55.450000,0.6831,1.39,squeeze,0,off,0,61.56
DE40,H1,2025-03-18T05:00:00Z,50.885714,0.6388,0.60,squeeze,0,off,0,62.88
DE40,H1,2025-03-18T06:00:00Z,47.914286,0.6119,0.20,squeeze,0,off,0,62.58
DE40,H1,2025-03-18T07:00:00Z,39.850000,0.5178,0.20,squeeze,0,off,0,59.71
DE40,H1,2025-03-18T08:00:00Z,36.871429,0.4870,0.20,squeeze,0,off,0,55.03
DE40,H1,2025-03-18T09:00:00Z,36.100000,0.4835,0.20,squeeze,0,off,0,59.02
DE40,H1,2025-03-18T10:00:00Z,37.185714,0.5044,0.99,squeeze,0,off,0,56.04
DE40,H1,2025-03-18T11:00:00Z,44.285714,0.6055,1.79,squeeze,0,off,0,56.44
DE40,H1,2025-03-18T12:00:00Z,48.214286,0.6623,2.58,squeeze,0,off,0,52.73
DE40,H1,2025-03-18T13:00:00Z,51.614286,0.7108,3.77,squeeze,0,off,0,49.91
DE40,H1,2025-03-18T14:00:00Z,54.442857,0.7511,4.96,squeeze,0,off,0,45.45
DE40,H1,2025-03-18T15:00:00Z,56.300000,0.7799,5.75,squeeze,0,off,0,42.43
DE40,H1,2025-03-18T16:00:00Z,64.842857,0.9001,10.91,calm,0,off,0,42.18
DE40,H1,2025-03-18T17:00:00Z,72.471429,1.0097,15.67,calm,0,off,0,46.93
DE40,H1,2025-03-18T18:00:00Z,79.157143,1.1072,22.82,calm,0,off,0,43.01
DE40,H1,2025-03-18T19:00:00Z,82.542857,1.1595,27.58,calm,0,off,0,43.77
DE40,H1,2025-03-18T20:00:00Z,87.014286,1.2275,33.13,normal,0,off,0,43.72
DE40,H1,2025-03-18T21:00:00Z,90.121429,1.2758,37.90,normal,0,off,0,37.45
DE40,H1,2025-03-18T22:00:00Z,90.371429,1.2847,38.29,normal,0,off,0,38.11
DE40,H1,2025-03-18T23:00:00Z,88.500000,1.2652,35.91,normal,0,off,0,38.84
DE40,H1,2025-03-19T00:00:00Z,84.814286,1.2210,29.17,calm,0,off,0,39.54
DE40,H1,2025-03-19T01:00:00Z,75.185714,1.0938,18.85,calm,0,off,0,40.99
DE40,H1,2025-03-19T02:00:00Z,69.264286,1.0204,12.90,calm,1,low,0,45.67
DE40,H1,2025-03-19T03:00:00Z,68.292857,1.0186,12.90,calm,1,low,0,49.06
DE40,H1,2025-03-19T04:00:00Z,65.071429,0.9837,11.31,calm,1,medium,0,53.69
DE40,H1,2025-03-19T05:00:00Z,62.821429,0.9595,10.52,calm,1,medium,0,57.14
DE40,H1,2025-03-19T06:00:00Z,53.321429,0.8245,4.56,squeeze,1,medium,0,67.86
DE40,H1,2025-03-19T07:00:00Z,45.671429,0.7132,2.18,squeeze,1,medium,0,75.98
DE40,H1,2025-03-19T08:00:00Z,40.207143,0.6337,1.79,squeeze,1,medium,0,81.24
DE40,H1,2025-03-19T09:00:00Z,40.114286,0.6367,1.79,squeeze,1,medium,0,81.36
DE40,H1,2025-03-19T10:00:00Z,44.657143,0.7117,2.98,squeeze,1,medium,0,67.81
DE40,H1,2025-03-19T11:00:00Z,46.942857,0.7497,3.77,squeeze,1,medium,0,72.18
DE40,H1,2025-03-19T12:00:00Z,49.728571,0.7949,4.96,squeeze,1,medium,0,69.64
DE40,H1,2025-03-19T13:00:00Z,54.978571,0.8777,8.13,squeeze,1,medium,0,63.91
DE40,H1,2025-03-19T14:00:00Z,58.785714,0.9377,10.91,calm,1,low,0,58.79
DE40,H1,2025-03-19T15:00:00Z,62.900000,1.0021,14.48,calm,1,low,0,50.91
DE40,H1,2025-03-19T16:00:00Z,67.000000,1.0660,17.66,calm,0,off,1,34.34
DE40,H1,2025-03-19T17:00:00Z,67.828571,1.0783,18.06,calm,0,off,0,34.89
DE40,H1,2025-03-19T18:00:00Z,72.985714,1.1569,23.21,calm,0,off,0,37.38
DE40,H1,2025-03-19T19:00:00Z,74.978571,1.1867,25.60,calm,0,off,0,38.32
DE40,H1,2025-03-19T20:00:00Z,77.414286,1.2231,28.77,calm,0,off,0,39.86
DE40,H1,2025-03-19T21:00:00Z,81.485714,1.2840,33.93,normal,0,off,0,41.46
DE40,H1,2025-03-19T22:00:00Z,86.557143,1.3587,39.88,normal,1,low,0,44.69
DE40,H1,2025-03-19T23:00:00Z,83.685714,1.3114,36.31,normal,1,low,0,44.65
DE40,H1,2025-03-20T01:00:00Z,77.635714,1.2177,29.56,calm,1,low,0,46.94
DE40,H1,2025-03-20T02:00:00Z,71.864286,1.1304,21.23,calm,1,low,0,46.99
DE40,H1,2025-03-20T03:00:00Z,70.050000,1.1047,19.64,calm,1,low,0,49.10
DE40,H1,2025-03-20T04:00:00Z,67.235714,1.0627,18.06,calm,1,medium,0,53.23
DE40,H1,2025-03-20T05:00:00Z,64.121429,1.0144,15.28,calm,1,medium,0,59.52
DE40,H1,2025-03-20T06:00:00Z,60.242857,0.9532,11.71,calm,1,medium,0,62.90
DE40,H1,2025-03-20T07:00:00Z,55.971429,0.8855,8.93,squeeze,1,medium,0,64.80
DE40,H1,2025-03-20T08:00:00Z,53.278571,0.8422,6.94,squeeze,1,medium,0,65.68
DE40,H1,2025-03-20T09:00:00Z,51.007143,0.8055,6.15,squeeze,1,low,0,66.88
DE40,H1,2025-03-20T10:00:00Z,51.457143,0.8097,6.55,squeeze,1,low,0,64.49
DE40,H1,2025-03-20T11:00:00Z,60.478571,0.9446,13.69,calm,1,low,0,58.14
DE40,H1,2025-03-20T12:00:00Z,70.507143,1.0896,24.01,calm,0,off,1,20.11
DE40,H1,2025-03-20T13:00:00Z,75.735714,1.1566,31.55,normal,0,off,0,13.79
DE40,H1,2025-03-20T14:00:00Z,80.700000,1.2188,38.29,normal,0,off,0,14.24
DE40,H1,2025-03-20T15:00:00Z,80.807143,1.2085,39.09,normal,0,off,0,14.72
DE40,H1,2025-03-20T16:00:00Z,85.828571,1.2706,44.64,normal,0,off,0,14.56
DE40,H1,2025-03-20T17:00:00Z,87.585714,1.2841,47.82,normal,0,off,0,14.94
DE40,H1,2025-03-20T18:00:00Z,89.078571,1.2935,50.20,normal,0,off,0,14.92
DE40,H1,2025-03-20T19:00:00Z,92.235714,1.3288,51.79,normal,0,off,0,15.65
DE40,H1,2025-03-20T20:00:00Z,94.742857,1.3562,54.96,normal,0,off,0,15.53
DE40,H1,2025-03-20T21:00:00Z,97.092857,1.3827,56.15,normal,0,off,0,13.94
DE40,H1,2025-03-20T22:00:00Z,97.028571,1.3761,56.15,normal,0,off,0,14.25
DE40,H1,2025-03-20T23:00:00Z,94.928571,1.3433,55.36,normal,0,off,0,15.89
DE40,H1,2025-03-21T01:00:00Z,93.514286,1.3221,53.37,normal,0,off,0,16.81
DE40,H1,2025-03-21T02:00:00Z,83.585714,1.1840,41.87,normal,0,off,0,18.53
DE40,H1,2025-03-21T03:00:00Z,71.064286,1.0116,24.40,calm,0,off,0,24.93
DE40,H1,2025-03-21T04:00:00Z,60.114286,0.8618,13.29,calm,0,off,0,39.18
DE40,H1,2025-03-21T05:00:00Z,56.557143,0.8151,11.31,calm,0,off,0,43.26
DE40,H1,2025-03-21T06:00:00Z,53.850000,0.7796,8.93,squeeze,0,off,0,46.88
DE40,H1,2025-03-21T07:00:00Z,48.950000,0.7126,4.96,squeeze,1,medium,0,50.74
DE40,H1,2025-03-21T08:00:00Z,48.164286,0.7047,4.56,squeeze,1,high,0,68.00
DE40,H1,2025-03-21T09:00:00Z,49.385714,0.7254,5.75,squeeze,1,high,0,79.98
DE40,H1,2025-03-21T10:00:00Z,54.292857,0.7972,10.52,calm,1,high,0,77.06
DE40,H1,2025-03-21T11:00:00Z,61.435714,0.8980,17.26,calm,1,medium,0,65.89
DE40,H1,2025-03-21T12:00:00Z,67.342857,0.9766,22.82,calm,1,low,0,59.98
DE40,H1,2025-03-21T13:00:00Z,74.100000,1.0641,30.75,normal,1,low,0,49.27
DE40,H1,2025-03-21T14:00:00Z,79.128571,1.1251,37.10,normal,1,low,0,47.30
DE40,H1,2025-03-21T15:00:00Z,83.521429,1.1754,43.06,normal,1,low,0,46.17
DE40,H1,2025-03-21T16:00:00Z,87.457143,1.2178,49.40,normal,0,off,1,42.79
DE40,H1,2025-03-21T17:00:00Z,91.592857,1.2626,52.98,normal,0,off,0,44.74
DE40,H1,2025-03-21T18:00:00Z,94.657143,1.2920,56.55,normal,0,off,0,45.04
DE40,H1,2025-03-21T19:00:00Z,98.050000,1.3256,60.12,normal,1,low,0,46.92
DE40,H1,2025-03-21T20:00:00Z,100.042857,1.3406,63.69,normal,1,low,0,45.26
DE40,H1,2025-03-21T21:00:00Z,101.392857,1.3465,64.09,normal,1,low,0,44.24
DE40,H1,2025-03-21T22:00:00Z,100.171429,1.3208,64.09,normal,1,low,0,44.93
DE40,H1,2025-03-21T23:00:00Z,94.521429,1.2399,56.55,normal,1,low,0,45.22
DE40,H1,2025-03-24T01:00:00Z,94.057143,1.2284,55.75,normal,1,medium,0,47.22
DE40,H1,2025-03-24T02:00:00Z,85.314286,1.1131,45.83,normal,1,low,0,48.61
DE40,H1,2025-03-24T03:00:00Z,77.935714,1.0192,36.31,normal,1,low,0,53.69
DE40,H1,2025-03-24T04:00:00Z,70.835714,0.9294,26.39,calm,1,low,0,59.31
DE40,H1,2025-03-24T05:00:00Z,64.914286,0.8546,20.44,calm,1,low,0,63.43
DE40,H1,2025-03-24T06:00:00Z,61.221429,0.8082,17.26,calm,1,low,0,64.40
DE40,H1,2025-03-24T07:00:00Z,55.728571,0.7385,12.10,calm,0,off,1,66.07
DE40,H1,2025-03-24T08:00:00Z,49.700000,0.6617,6.15,squeeze,0,off,0,66.04
DE40,H1,2025-03-24T09:00:00Z,49.892857,0.6668,6.94,squeeze,0,off,0,63.02
DE40,H1,2025-03-24T10:00:00Z,46.371429,0.6220,3.77,squeeze,0,off,0,60.68
DE40,H1,2025-03-24T11:00:00Z,53.150000,0.7135,10.12,calm,0,off,0,47.65
DE40,H1,2025-03-24T12:00:00Z,59.521429,0.7977,16.87,calm,0,off,0,44.54
DE40,H1,2025-03-24T13:00:00Z,64.328571,0.8591,22.82,calm,0,off,0,44.49
DE40,H1,2025-03-24T14:00:00Z,70.550000,0.9374,29.96,calm,1,low,0,49.23
DE40,H1,2025-03-24T15:00:00Z,69.807143,0.9252,28.37,calm,1,low,0,56.00
DE40,H1,2025-03-24T16:00:00Z,73.735714,0.9764,35.12,normal,1,low,0,54.00
DE40,H1,2025-03-24T17:00:00Z,77.128571,1.0210,39.88,normal,1,low,0,52.35
DE40,H1,2025-03-24T18:00:00Z,81.914286,1.0840,47.42,normal,1,medium,0,50.23
DE40,H1,2025-03-24T19:00:00Z,84.664286,1.1193,49.80,normal,1,low,0,47.05
DE40,H1,2025-03-24T20:00:00Z,85.071429,1.1249,50.99,normal,1,low,0,46.86
DE40,H1,2025-03-24T21:00:00Z,88.935714,1.1755,56.55,normal,1,low,0,45.23
DE40,H1,2025-03-24T22:00:00Z,90.378571,1.1942,58.13,normal,1,low,0,44.94
DE40,H1,2025-03-24T23:00:00Z,86.264286,1.1416,53.37,normal,1,low,0,42.59
DE40,H1,2025-03-25T01:00:00Z,84.728571,1.1243,50.20,normal,1,low,0,41.29
DE40,H1,2025-03-25T02:00:00Z,74.542857,0.9951,37.10,normal,1,low,0,46.19
DE40,H1,2025-03-25T03:00:00Z,69.850000,0.9393,28.77,calm,1,low,0,50.23
DE40,H1,2025-03-25T04:00:00Z,64.835714,0.8789,23.21,calm,1,low,0,55.13
DE40,H1,2025-03-25T05:00:00Z,62.535714,0.8549,20.83,calm,1,low,0,58.24
DE40,H1,2025-03-25T06:00:00Z,56.385714,0.7766,15.28,calm,1,low,0,61.37
DE40,H1,2025-03-25T07:00:00Z,50.128571,0.6945,7.74,squeeze,1,low,0,65.87
DE40,H1,2025-03-25T08:00:00Z,46.350000,0.6446,3.77,squeeze,1,low,0,75.74
DE40,H1,2025-03-25T09:00:00Z,42.421429,0.5923,2.58,squeeze,1,low,0,76.90
DE40,H1,2025-03-25T10:00:00Z,44.342857,0.6207,3.37,squeeze,1,medium,0,75.62
DE40,H1,2025-03-25T11:00:00Z,51.671429,0.7228,11.31,calm,1,medium,0,75.98
DE40,H1,2025-03-25T12:00:00Z,52.592857,0.7348,11.71,calm,1,low,0,75.38
DE40,H1,2025-03-25T13:00:00Z,57.235714,0.7979,18.45,calm,0,off,1,61.28
DE40,H1,2025-03-25T14:00:00Z,63.400000,0.8816,25.60,calm,0,off,0,40.21
DE40,H1,2025-03-25T15:00:00Z,68.328571,0.9483,31.94,normal,0,off,0,30.93
DE40,H1,2025-03-25T16:00:00Z,74.314286,1.0294,41.47,normal,0,off,0,28.89
DE40,H1,2025-03-25T17:00:00Z,74.414286,1.0307,41.87,normal,0,off,0,29.30
DE40,H1,2025-03-25T18:00:00Z,74.792857,1.0371,43.45,normal,0,off,0,27.64
DE40,H1,2025-03-25T19:00:00Z,75.971429,1.0557,46.23,normal,0,off,0,28.19
DE40,H1,2025-03-25T20:00:00Z,76.678571,1.0687,47.02,normal,0,off,0,27.28
DE40,H1,2025-03-25T21:00:00Z,77.207143,1.0804,47.82,normal,0,off,0,26.22
DE40,H1,2025-03-25T22:00:00Z,77.771429,1.0935,49.40,normal,0,off,0,26.54
DE40,H1,2025-03-25T23:00:00Z,75.435714,1.0674,45.04,normal,0,off,0,26.19
DE40,H1,2025-03-26T01:00:00Z,70.528571,1.0064,35.52,normal,0,off,0,28.12
DE40,H1,2025-03-26T02:00:00Z,61.171429,0.8830,22.42,calm,0,off,0,32.96
DE40,H1,2025-03-26T03:00:00Z,57.807143,0.8448,19.25,calm,0,off,0,34.72
DE40,H1,2025-03-26T04:00:00Z,53.350000,0.7892,13.69,calm,0,off,0,38.33
DE40,H1,2025-03-26T05:00:00Z,47.528571,0.7129,5.75,squeeze,0,off,0,42.65
DE40,H1,2025-03-26T06:00:00Z,42.535714,0.6463,2.98,squeeze,0,off,0,51.18
DE40,H1,2025-03-26T07:00:00Z,36.771429,0.5658,0.60,squeeze,1,low,0,50.70
DE40,H1,2025-03-26T08:00:00Z,34.992857,0.5444,0.20,squeeze,1,low,0,60.74
DE40,H1,2025-03-26T09:00:00Z,32.614286,0.5125,0.20,squeeze,1,low,0,66.20
DE40,H1,2025-03-26T10:00:00Z,33.814286,0.5360,0.60,squeeze,1,low,0,67.20
DE40,H1,2025-03-26T11:00:00Z,49.685714,0.7891,10.12,calm,1,low,0,53.20
DE40,H1,2025-03-26T12:00:00Z,53.792857,0.8532,17.26,calm,0,off,1,43.10
DE40,H1,2025-03-26T13:00:00Z,59.128571,0.9351,23.61,calm,0,off,0,36.61
DE40,H1,2025-03-26T14:00:00Z,61.421429,0.9668,27.98,calm,0,off,0,33.85
DE40,H1,2025-03-26T15:00:00Z,64.300000,1.0086,31.94,normal,0,off,0,32.52
DE40,H1,2025-03-26T16:00:00Z,75.721429,1.1817,51.79,normal,0,off,0,22.65
DE40,H1,2025-03-26T17:00:00Z,84.300000,1.3074,64.88,normal,0,off,0,28.15
DE40,H1,2025-03-26T18:00:00Z,90.492857,1.3949,74.80,elevated,0,off,0,30.67
DE40,H1,2025-03-26T19:00:00Z,95.942857,1.4670,80.36,elevated,0,off,0,25.46
DE40,H1,2025-03-26T20:00:00Z,105.778571,1.6017,87.90,elevated,0,off,0,19.35
DE40,H1,2025-03-26T21:00:00Z,110.578571,1.6576,90.67,extreme,0,off,0,20.43
DE40,H1,2025-03-26T22:00:00Z,113.864286,1.6907,93.06,extreme,0,off,0,22.84
DE40,H1,2025-03-26T23:00:00Z,114.857143,1.6903,93.85,extreme,0,off,0,22.36
DE40,H1,2025-03-27T01:00:00Z,112.678571,1.6449,92.26,extreme,0,off,0,21.62
DE40,H1,2025-03-27T02:00:00Z,96.964286,1.4122,81.15,elevated,0,off,0,22.23
DE40,H1,2025-03-27T03:00:00Z,94.678571,1.3771,79.17,elevated,0,off,0,22.54
DE40,H1,2025-03-27T04:00:00Z,89.450000,1.2999,73.61,elevated,0,off,0,22.96
DE40,H1,2025-03-27T05:00:00Z,87.778571,1.2745,71.63,elevated,0,off,0,21.08
DE40,H1,2025-03-27T06:00:00Z,85.728571,1.2407,68.06,normal,0,off,0,21.01
DE40,H1,2025-03-27T07:00:00Z,74.571429,1.0777,49.40,normal,0,off,0,20.63
DE40,H1,2025-03-27T08:00:00Z,65.735714,0.9498,35.12,normal,0,off,0,42.15
DE40,H1,2025-03-27T09:00:00Z,61.421429,0.8877,28.37,calm,0,off,0,43.34
DE40,H1,2025-03-27T10:00:00Z,61.871429,0.8928,29.17,calm,0,off,0,35.93
DE40,H1,2025-03-27T11:00:00Z,62.814286,0.9031,30.75,normal,0,off,0,39.42
DE40,H1,2025-03-27T12:00:00Z,64.335714,0.9202,33.93,normal,0,off,0,38.79
DE40,H1,2025-03-27T13:00:00Z,64.964286,0.9233,35.52,normal,0,off,0,37.55
DE40,H1,2025-03-27T14:00:00Z,67.650000,0.9551,39.09,normal,1,low,0,34.44
DE40,H1,2025-03-27T15:00:00Z,68.242857,0.9590,39.88,normal,1,medium,0,45.20
DE40,H1,2025-03-27T16:00:00Z,75.071429,1.0483,53.37,normal,1,medium,0,49.01
DE40,H1,2025-03-27T17:00:00Z,77.314286,1.0736,57.74,normal,1,medium,0,55.71
DE40,H1,2025-03-27T18:00:00Z,81.242857,1.1226,63.69,normal,1,medium,0,54.97
DE40,H1,2025-03-27T19:00:00Z,84.371429,1.1607,67.26,normal,1,medium,0,56.14
DE40,H1,2025-03-27T20:00:00Z,85.864286,1.1775,71.23,elevated,1,high,0,58.40
DE40,H1,2025-03-27T21:00:00Z,87.685714,1.1981,74.01,elevated,1,high,0,51.58
DE40,H1,2025-03-27T22:00:00Z,89.278571,1.2151,76.79,elevated,1,high,0,51.55
DE40,H1,2025-03-27T23:00:00Z,85.828571,1.1650,70.83,elevated,1,high,0,50.80
DE40,H1,2025-03-28T01:00:00Z,79.200000,1.0743,61.71,normal,1,high,0,52.04
DE40,H1,2025-03-28T02:00:00Z,69.342857,0.9426,41.47,normal,1,high,0,60.05
DE40,H1,2025-03-28T03:00:00Z,65.871429,0.8983,37.50,normal,1,high,0,62.85
DE40,H1,2025-03-28T04:00:00Z,61.828571,0.8463,29.17,calm,1,high,0,66.84
DE40,H1,2025-03-28T05:00:00Z,58.235714,0.7998,23.21,calm,1,high,0,69.12
DE40,H1,2025-03-28T06:00:00Z,54.035714,0.7436,18.06,calm,1,high,0,71.47
DE40,H1,2025-03-28T07:00:00Z,45.371429,0.6265,6.15,squeeze,1,high,0,76.71
DE40,H1,2025-03-28T08:00:00Z,41.607143,0.5764,4.17,squeeze,1,high,0,83.56
DE40,H1,2025-03-28T09:00:00Z,42.850000,0.5944,5.36,squeeze,1,medium,0,84.65
DE40,H1,2025-03-28T10:00:00Z,44.407143,0.6157,6.55,squeeze,1,medium,0,82.45
DE40,H1,2025-03-28T11:00:00Z,48.178571,0.6659,10.52,calm,1,medium,0,78.69
DE40,H1,2025-03-28T12:00:00Z,58.357143,0.8014,25.99,calm,1,low,0,63.46
DE40,H1,2025-03-28T13:00:00Z,64.414286,0.8769,37.90,normal,1,low,0,60.17
DE40,H1,2025-03-28T14:00:00Z,68.592857,0.9250,45.44,normal,1,low,0,57.38
DE40,H1,2025-03-28T15:00:00Z,76.514286,1.0244,60.12,normal,1,low,0,56.77
DE40,H1,2025-03-28T16:00:00Z,85.035714,1.1291,72.82,elevated,1,low,0,53.43
DE40,H1,2025-03-28T17:00:00Z,88.892857,1.1710,79.56,elevated,0,off,1,48.48
DE40,H1,2025-03-28T18:00:00Z,99.835714,1.3020,90.67,extreme,1,low,0,47.45
DE40,H1,2025-03-28T19:00:00Z,103.135714,1.3315,93.06,extreme,1,low,0,45.62
DE40,H1,2025-03-28T20:00:00Z,105.542857,1.3522,93.85,extreme,1,low,0,46.67
DE40,H1,2025-03-28T21:00:00Z,106.314286,1.3545,94.64,extreme,1,low,0,47.89
DE40,H1,2025-03-28T22:00:00Z,106.728571,1.3541,95.04,extreme,1,low,0,48.37
DE40,H1,2025-03-28T23:00:00Z,101.935714,1.2914,92.26,extreme,1,low,0,47.75
DE40,H1,2025-03-31T01:00:00Z,101.171429,1.2832,91.87,extreme,1,low,0,50.79
DE40,H1,2025-03-31T02:00:00Z,96.792857,1.2319,88.29,elevated,1,low,0,50.06
DE40,H1,2025-03-31T03:00:00Z,92.314286,1.1814,83.53,elevated,1,low,0,49.36
DE40,H1,2025-03-31T04:00:00Z,86.085714,1.1099,75.60,elevated,1,low,0,49.69
DE40,H1,2025-03-31T05:00:00Z,82.557143,1.0727,68.85,normal,1,low,0,50.68
DE40,H1,2025-03-31T06:00:00Z,75.092857,0.9813,57.34,normal,1,low,0,58.89
DE40,H1,2025-03-31T07:00:00Z,67.028571,0.8823,41.87,normal,1,low,0,62.77
DE40,H1,2025-03-31T08:00:00Z,65.235714,0.8642,39.88,normal,0,off,1,57.98
DE40,H1,2025-03-31T09:00:00Z,58.600000,0.7824,26.39,calm,0,off,0,59.94
DE40,H1,2025-03-31T10:00:00Z,63.521429,0.8531,35.52,normal,0,off,0,51.44
DE40,H1,2025-03-31T11:00:00Z,68.735714,0.9246,46.23,normal,0,off,0,48.25
DE40,H1,2025-03-31T12:00:00Z,75.707143,1.0157,58.93,normal,0,off,0,37.88
DE40,H1,2025-03-31T13:00:00Z,83.271429,1.1106,70.04,elevated,0,off,0,20.34
DE40,H1,2025-03-31T14:00:00Z,86.014286,1.1399,76.39,elevated,0,off,0,20.59
DE40,H1,2025-03-31T15:00:00Z,88.942857,1.1706,81.15,elevated,0,off,0,20.18
DE40,H1,2025-03-31T16:00:00Z,94.285714,1.2312,86.71,elevated,0,off,0,22.19
DE40,H1,2025-03-31T17:00:00Z,92.435714,1.1984,85.52,elevated,0,off,0,23.38
DE40,H1,2025-03-31T18:00:00Z,95.464286,1.2288,89.48,elevated,0,off,0,25.88
DE40,H1,2025-03-31T19:00:00Z,99.092857,1.2655,92.66,extreme,0,off,0,30.79
DE40,H1,2025-03-31T20:00:00Z,101.757143,1.2907,95.04,extreme,0,off,0,35.33
DE40,H1,2025-03-31T21:00:00Z,105.864286,1.3331,97.02,extreme,0,off,0,38.42
DE40,H1,2025-03-31T22:00:00Z,105.385714,1.3191,96.23,extreme,0,off,0,40.40
DE40,H1,2025-03-31T23:00:00Z,101.492857,1.2649,94.64,extreme,0,off,0,44.40
DE40,H1,2025-04-01T01:00:00Z,96.402143,1.1984,89.88,elevated,0,off,0,47.36
DE40,H1,2025-04-01T02:00:00Z,90.123571,1.1196,82.74,elevated,0,off,0,46.68
DE40,H1,2025-04-01T03:00:00Z,85.659286,1.0651,74.01,elevated,1,low,0,50.13
DE40,H1,2025-04-01T04:00:00Z,78.666429,0.9799,64.09,normal,1,low,0,53.50
DE40,H1,2025-04-01T05:00:00Z,75.237857,0.9381,57.34,normal,1,low,0,52.96
DE40,H1,2025-04-01T06:00:00Z,68.866429,0.8588,45.44,normal,0,off,1,57.24
DE40,H1,2025-04-01T07:00:00Z,63.609286,0.7937,34.33,normal,0,off,0,58.25
DE40,H1,2025-04-01T08:00:00Z,59.573571,0.7437,26.79,calm,0,off,0,57.80
DE40,H1,2025-04-01T09:00:00Z,59.295000,0.7401,25.99,calm,0,off,0,56.46
DE40,H1,2025-04-01T10:00:00Z,61.880714,0.7708,31.15,normal,0,off,0,51.45
DE40,H1,2025-04-01T11:00:00Z,68.295000,0.8459,43.85,normal,0,off,0,44.89
DE40,H1,2025-04-01T12:00:00Z,68.087857,0.8378,42.66,normal,0,off,0,40.32
DE40,H1,2025-04-01T13:00:00Z,74.737857,0.9125,54.96,normal,0,off,0,42.33
DE40,H1,2025-04-01T14:00:00Z,79.745000,0.9653,65.28,normal,0,off,0,44.28
DE40,H1,2025-04-01T15:00:00Z,81.378571,0.9772,67.26,normal,0,off,0,45.67
DE40,H1,2025-04-01T16:00:00Z,86.107143,1.0272,76.39,elevated,0,off,0,48.94
DE40,H1,2025-04-01T17:00:00Z,95.121429,1.1265,88.69,elevated,0,off,0,48.93
DE40,H1,2025-04-01T18:00:00Z,97.564286,1.1475,91.47,extreme,0,off,0,46.29
DE40,H1,2025-04-01T19:00:00Z,102.700000,1.2005,95.44,extreme,0,off,0,44.29
DE40,H1,2025-04-01T20:00:00Z,103.792857,1.2080,95.83,extreme,0,off,0,40.19
DE40,H1,2025-04-01T21:00:00Z,104.842857,1.2157,95.83,extreme,0,off,0,40.64
DE40,H1,2025-04-01T22:00:00Z,108.014286,1.2501,98.21,extreme,0,off,0,41.10
DE40,H1,2025-04-01T23:00:00Z,104.807143,1.2125,95.04,extreme,0,off,0,41.11
DE40,H1,2025-04-02T00:00:00Z,96.792857,1.1221,87.90,elevated,0,off,0,40.40
DE40,H1,2025-04-02T01:00:00Z,91.828571,1.0681,81.15,elevated,0,off,0,43.47
DE40,H1,2025-04-02T02:00:00Z,86.900000,1.0155,73.61,elevated,1,low,0,46.44
DE40,H1,2025-04-02T03:00:00Z,79.728571,0.9365,60.91,normal,1,low,0,52.55
DE40,H1,2025-04-02T04:00:00Z,74.171429,0.8768,49.01,normal,1,medium,0,56.51
DE40,H1,2025-04-02T05:00:00Z,70.200000,0.8351,44.64,normal,1,medium,0,62.39
DE40,H1,2025-04-02T06:00:00Z,63.971429,0.7662,31.55,normal,1,medium,0,65.26
DE40,H1,2025-04-02T07:00:00Z,51.435714,0.6212,12.50,calm,1,medium,0,72.77
DE40,H1,2025-04-02T08:00:00Z,47.864286,0.5830,7.74,squeeze,1,medium,0,72.89
DE40,H1,2025-04-02T09:00:00Z,45.921429,0.5633,6.15,squeeze,1,medium,0,77.90
DE40,H1,2025-04-02T10:00:00Z,60.242857,0.7402,24.80,calm,1,low,0,61.42
DE40,H1,2025-04-02T11:00:00Z,66.914286,0.8218,36.71,normal,1,low,0,47.69
DE40,H1,2025-04-02T12:00:00Z,66.535714,0.8156,36.31,normal,1,low,0,47.98
DE40,H1,2025-04-02T13:00:00Z,70.085714,0.8577,44.25,normal,0,off,1,41.49
DE40,H1,2025-04-02T14:00:00Z,76.385714,0.9331,55.36,normal,0,off,0,35.53
DE40,H1,2025-04-02T15:00:00Z,75.964286,0.9279,54.96,normal,0,off,0,28.86
DE40,H1,2025-04-02T16:00:00Z,83.164286,1.0158,64.48,normal,0,off,0,25.97
DE40,H1,2025-04-02T17:00:00Z,88.442857,1.0797,75.60,elevated,0,off,0,27.23
DE40,H1,2025-04-02T18:00:00Z,91.750000,1.1193,80.75,elevated,0,off,0,25.57
DE40,H1,2025-04-02T19:00:00Z,94.521429,1.1530,83.93,elevated,0,off,0,26.66
DE40,H1,2025-04-02T20:00:00Z,101.085714,1.2305,91.47,extreme,0,off,0,29.67
DE40,H1,2025-04-02T21:00:00Z,106.364286,1.2913,97.42,extreme,0,off,0,34.57
DE40,H1,2025-04-02T22:00:00Z,111.850000,1.3537,98.61,extreme,0,off,0,39.02
DE40,H1,2025-04-02T23:00:00Z,162.971429,1.9437,99.80,extreme,0,off,0,25.02
DE40,H1,2025-04-03T00:00:00Z,147.428571,1.7410,99.40,extreme,0,off,0,24.53
DE40,H1,2025-04-03T01:00:00Z,165.621429,1.9285,99.80,extreme,0,off,0,19.85
DE40,H1,2025-04-03T02:00:00Z,167.785714,1.9240,99.80,extreme,0,off,0,20.12
DE40,H1,2025-04-03T03:00:00Z,186.557143,2.0959,99.80,extreme,0,off,0,20.34
DE40,H1,2025-04-03T04:00:00Z,191.271429,2.1011,99.80,extreme,0,off,0,25.07
DE40,H1,2025-04-03T05:00:00Z,191.135714,2.0520,99.40,extreme,0,off,0,26.22
DE40,H1,2025-04-03T06:00:00Z,188.557143,1.9777,99.01,extreme,0,off,0,23.97
DE40,H1,2025-04-03T07:00:00Z,184.785714,1.8946,98.21,extreme,0,off,0,24.11
DE40,H1,2025-04-03T08:00:00Z,189.642857,1.8974,99.01,extreme,0,off,0,25.62
DE40,H1,2025-04-03T09:00:00Z,199.535714,1.9435,99.80,extreme,0,off,0,27.83
DE40,H1,2025-04-03T10:00:00Z,211.250000,1.9986,99.80,extreme,0,off,0,31.56
DE40,H1,2025-04-03T11:00:00Z,215.585714,1.9810,99.80,extreme,0,off,0,33.51
DE40,H1,2025-04-03T12:00:00Z,219.921429,1.9638,99.80,extreme,0,off,0,34.73
DE40,H1,2025-04-03T13:00:00Z,175.100000,1.5343,95.83,extreme,0,off,0,35.64
DE40,H1,2025-04-03T14:00:00Z,179.321429,1.5412,95.83,extreme,0,off,0,34.44
DE40,H1,2025-04-03T15:00:00Z,159.871429,1.3543,93.85,extreme,1,low,0,34.30
DE40,H1,2025-04-03T16:00:00Z,161.500000,1.3494,93.85,extreme,1,low,0,33.88
DE40,H1,2025-04-03T17:00:00Z,148.128571,1.2240,93.06,extreme,1,low,0,35.34
DE40,H1,2025-04-03T18:00:00Z,144.428571,1.1820,92.26,extreme,1,medium,0,34.08
DE40,H1,2025-04-03T19:00:00Z,147.014286,1.1931,92.26,extreme,1,medium,0,51.81
DE40,H1,2025-04-03T20:00:00Z,146.278571,1.1778,91.87,extreme,1,medium,0,50.44
DE40,H1,2025-04-03T21:00:00Z,144.521429,1.1558,91.47,extreme,1,medium,0,50.77
DE40,H1,2025-04-03T22:00:00Z,144.285714,1.1465,90.67,extreme,1,low,0,48.82
DE40,H1,2025-04-03T23:00:00Z,134.414286,1.0631,90.28,extreme,1,low,0,48.33
DE40,H1,2025-04-04T01:00:00Z,120.207143,0.9489,89.88,elevated,0,off,1,52.02
DE40,H1,2025-04-04T02:00:00Z,114.100000,0.8994,89.09,elevated,0,off,0,53.45
DE40,H1,2025-04-04T03:00:00Z,106.978571,0.8419,86.71,elevated,0,off,0,57.40
DE40,H1,2025-04-04T04:00:00Z,100.035714,0.7862,78.37,elevated,0,off,0,59.08
DE40,H1,2025-04-04T05:00:00Z,97.985714,0.7688,76.79,elevated,0,off,0,57.49
DE40,H1,2025-04-04T06:00:00Z,93.557143,0.7324,69.25,normal,0,off,0,55.27
DE40,H1,2025-04-04T07:00:00Z,89.557143,0.6994,64.88,normal,0,off,0,51.70
DE40,H1,2025-04-04T08:00:00Z,87.807143,0.6839,61.71,normal,0,off,0,55.12
DE40,H1,2025-04-04T09:00:00Z,88.742857,0.6885,62.10,normal,0,off,0,63.79
DE40,H1,2025-04-04T10:00:00Z,100.542857,0.7742,79.17,elevated,0,off,0,58.13
DE40,H1,2025-04-04T11:00:00Z,106.142857,0.8100,85.12,elevated,0,off,0,47.98
DE40,H1,2025-04-04T12:00:00Z,114.207143,0.8626,89.09,elevated,0,off,0,43.98
DE40,H1,2025-04-04T13:00:00Z,152.878571,1.1387,93.06,extreme,0,off,0,20.72
DE40,H1,2025-04-04T14:00:00Z,179.592857,1.3156,95.83,extreme,0,off,0,17.72
DE40,H1,2025-04-04T15:00:00Z,191.042857,1.3744,97.42,extreme,0,off,0,18.22
DE40,H1,2025-04-04T16:00:00Z,210.964286,1.4876,98.61,extreme,0,off,0,17.30
DE40,H1,2025-04-04T17:00:00Z,233.571429,1.6113,99.80,extreme,0,off,0,17.15
DE40,H1,2025-04-04T18:00:00Z,249.071429,1.6781,99.80,extreme,0,off,0,17.23
DE40,H1,2025-04-04T19:00:00Z,259.350000,1.7069,99.80,extreme,0,off,0,20.28
DE40,H1,2025-04-04T20:00:00Z,269.028571,1.7295,99.80,extreme,0,off,0,21.16
DE40,H1,2025-04-04T21:00:00Z,280.142857,1.7583,99.80,extreme,0,off,0,21.94
DE40,H1,2025-04-04T22:00:00Z,285.735714,1.7514,99.80,extreme,0,off,0,20.32
DE40,H1,2025-04-04T23:00:00Z,286.628571,1.7178,99.80,extreme,0,off,0,18.22
DE40,H1,2025-04-07T01:00:00Z,329.657143,1.9242,99.80,extreme,0,off,0,19.16
DE40,H1,2025-04-07T02:00:00Z,337.028571,1.9168,99.80,extreme,0,off,0,19.43
DE40,H1,2025-04-07T03:00:00Z,340.292857,1.8971,99.80,extreme,0,off,0,20.26
DE40,H1,2025-04-07T04:00:00Z,313.342857,1.7151,98.61,extreme,0,off,0,21.37
DE40,H1,2025-04-07T05:00:00Z,292.342857,1.5783,98.21,extreme,0,off,0,20.88
DE40,H1,2025-04-07T06:00:00Z,289.464286,1.5425,97.82,extreme,0,off,0,21.72
DE40,H1,2025-04-07T07:00:00Z,280.114286,1.4779,96.23,extreme,0,off,0,23.87
DE40,H1,2025-04-07T08:00:00Z,271.164286,1.4187,95.83,extreme,0,off,0,26.65
DE40,H1,2025-04-07T09:00:00Z,295.050000,1.5271,98.21,extreme,0,off,0,29.99
DE40,H1,2025-04-07T10:00:00Z,323.378571,1.6507,98.61,extreme,0,off,0,27.20
DE40,H1,2025-04-07T11:00:00Z,329.700000,1.6584,99.01,extreme,0,off,0,23.65
DE40,H1,2025-04-07T12:00:00Z,338.485714,1.6775,99.40,extreme,0,off,0,24.10
DE40,H1,2025-04-07T13:00:00Z,354.028571,1.7281,99.80,extreme,0,off,0,29.23
DE40,H1,2025-04-07T14:00:00Z,368.635714,1.7721,99.80,extreme,0,off,0,28.17
DE40,H1,2025-04-07T15:00:00Z,337.007143,1.6014,97.82,extreme,0,off,0,34.79
DE40,H1,2025-04-07T16:00:00Z,348.028571,1.6339,99.01,extreme,0,off,0,35.98
DE40,H1,2025-04-07T17:00:00Z,404.457143,1.8588,99.80,extreme,1,low,0,34.48
DE40,H1,2025-04-07T18:00:00Z,424.350000,1.9072,99.80,extreme,1,medium,0,37.14
DE40,H1,2025-04-07T19:00:00Z,430.328571,1.8882,99.80,extreme,1,medium,0,37.87
DE40,H1,2025-04-07T20:00:00Z,441.842857,1.8922,99.80,extreme,1,medium,0,40.93
DE40,H1,2025-04-07T21:00:00Z,445.235714,1.8594,99.80,extreme,1,medium,0,39.36
DE40,H1,2025-04-07T22:00:00Z,434.092857,1.7700,99.01,extreme,1,medium,0,38.97
DE40,H1,2025-04-07T23:00:00Z,402.685714,1.6084,97.42,extreme,1,medium,0,38.90
DE40,H1,2025-04-08T01:00:00Z,365.478571,1.4347,96.63,extreme,1,medium,0,38.80
DE40,H1,2025-04-08T02:00:00Z,347.928571,1.3443,95.44,extreme,1,medium,0,38.24
DE40,H1,2025-04-08T03:00:00Z,336.735714,1.2820,93.45,extreme,1,medium,0,38.36
DE40,H1,2025-04-08T04:00:00Z,328.250000,1.2315,92.26,extreme,1,low,0,40.00
DE40,H1,2025-04-08T05:00:00Z,310.514286,1.1486,91.07,extreme,1,low,0,37.98
DE40,H1,2025-04-08T06:00:00Z,289.200000,1.0561,89.48,elevated,1,low,0,38.17
DE40,H1,2025-04-08T07:00:00Z,269.235714,0.9716,87.10,elevated,1,low,0,51.55
DE40,H1,2025-04-08T08:00:00Z,210.264286,0.7528,83.53,elevated,1,medium,0,62.57
DE40,H1,2025-04-08T09:00:00Z,186.685714,0.6642,80.75,elevated,1,medium,0,74.56
DE40,H1,2025-04-08T10:00:00Z,192.050000,0.6785,82.74,elevated,1,medium,0,74.07
DE40,H1,2025-04-08T11:00:00Z,182.600000,0.6409,79.17,elevated,1,medium,0,72.49
DE40,H1,2025-04-08T12:00:00Z,177.635714,0.6196,77.98,elevated,1,medium,0,73.40
DE40,H1,2025-04-08T13:00:00Z,182.400000,0.6321,78.77,elevated,1,medium,0,72.47
DE40,H1,2025-04-08T14:00:00Z,185.385714,0.6387,79.56,elevated,1,medium,0,84.78
DE40,H1,2025-04-08T15:00:00Z,188.328571,0.6452,80.36,elevated,1,medium,0,83.02
DE40,H1,2025-04-08T16:00:00Z,200.600000,0.6831,83.13,elevated,1,medium,0,78.53
DE40,H1,2025-04-08T17:00:00Z,198.585714,0.6742,82.34,elevated,1,low,0,80.17
DE40,H1,2025-04-08T18:00:00Z,186.135714,0.6316,78.37,elevated,1,low,0,78.15
DE40,H1,2025-04-08T19:00:00Z,202.907143,0.6880,83.13,elevated,1,medium,0,75.50
DE40,H1,2025-04-08T20:00:00Z,211.064286,0.7157,83.93,elevated,1,medium,0,75.23
DE40,H1,2025-04-08T21:00:00Z,213.228571,0.7240,84.33,elevated,1,medium,0,75.18
DE40,H1,2025-04-08T22:00:00Z,230.764286,0.7845,85.12,elevated,1,low,0,57.08
DE40,H1,2025-04-08T23:00:00Z,222.735714,0.7591,84.72,elevated,1,low,0,56.50
DE40,H1,2025-04-09T00:00:00Z,201.107143,0.6886,81.15,elevated,0,off,1,55.61
DE40,H1,2025-04-09T01:00:00Z,199.900000,0.6882,80.36,elevated,0,off,0,57.01
DE40,H1,2025-04-09T02:00:00Z,197.471429,0.6840,79.17,elevated,0,off,0,56.75
DE40,H1,2025-04-09T03:00:00Z,196.764286,0.6858,78.77,elevated,0,off,0,55.66
DE40,H1,2025-04-09T04:00:00Z,196.950000,0.6929,78.77,elevated,0,off,0,57.71
DE40,H1,2025-04-09T05:00:00Z,197.871429,0.7030,79.17,elevated,0,off,0,55.13
DE40,H1,2025-04-09T06:00:00Z,195.050000,0.7002,77.58,elevated,0,off,0,52.69
DE40,H1,2025-04-09T07:00:00Z,199.257143,0.7212,79.56,elevated,0,off,0,49.96
DE40,H1,2025-04-09T08:00:00Z,202.092857,0.7363,81.15,elevated,0,off,0,48.40
DE40,H1,2025-04-09T09:00:00Z,193.442857,0.7098,76.39,elevated,0,off,0,51.59
DE40,H1,2025-04-09T10:00:00Z,208.150000,0.7678,81.55,elevated,0,off,0,51.80
DE40,H1,2025-04-09T11:00:00Z,224.128571,0.8296,84.72,elevated,0,off,0,50.19
DE40,H1,2025-04-09T12:00:00Z,208.571429,0.7770,81.15,elevated,0,off,0,53.65
DE40,H1,2025-04-09T13:00:00Z,212.250000,0.7973,82.74,elevated,1,low,0,56.61
DE40,H1,2025-04-09T14:00:00Z,235.521429,0.8910,85.52,elevated,1,medium,0,53.04
DE40,H1,2025-04-09T15:00:00Z,237.721429,0.9063,85.52,elevated,1,medium,0,61.84
DE40,H1,2025-04-09T16:00:00Z,245.857143,0.9451,85.52,elevated,1,medium,0,60.63
DE40,H1,2025-04-09T17:00:00Z,255.271429,0.9899,85.91,elevated,1,high,0,59.99
DE40,H1,2025-04-09T18:00:00Z,248.292857,0.9695,85.12,elevated,1,medium,0,61.21
DE40,H1,2025-04-09T19:00:00Z,251.821429,0.9907,85.52,elevated,1,medium,0,60.90
DE40,H1,2025-04-09T20:00:00Z,349.607143,1.3814,95.83,extreme,0,off,1,16.36
DE40,H1,2025-04-09T21:00:00Z,361.157143,1.4342,96.23,extreme,0,off,0,11.39
DE40,H1,2025-04-09T22:00:00Z,384.300000,1.5317,97.02,extreme,0,off,0,10.46
DE40,H1,2025-04-09T23:00:00Z,378.735714,1.5171,96.63,extreme,0,off,0,12.49
DE40,H1,2025-04-10T01:00:00Z,353.242857,1.4255,94.64,extreme,0,off,0,12.76
DE40,H1,2025-04-10T02:00:00Z,330.042857,1.3432,91.07,extreme,0,off,0,11.75
DE40,H1,2025-04-10T03:00:00Z,335.464286,1.3727,91.07,extreme,0,off,0,12.26
DE40,H1,2025-04-10T04:00:00Z,327.571429,1.3446,89.09,elevated,0,off,0,12.02
DE40,H1,2025-04-10T05:00:00Z,311.264286,1.2815,87.90,elevated,0,off,0,11.20
DE40,H1,2025-04-10T06:00:00Z,304.350000,1.2564,87.10,elevated,0,off,0,10.42
DE40,H1,2025-04-10T07:00:00Z,290.514286,1.2031,85.91,elevated,0,off,0,9.50
DE40,H1,2025-04-10T08:00:00Z,279.171429,1.1591,83.13,elevated,0,off,0,9.71
DE40,H1,2025-04-10T09:00:00Z,290.735714,1.2069,85.91,elevated,0,off,0,8.23
DE40,H1,2025-04-10T10:00:00Z,317.435714,1.3125,88.29,elevated,0,off,0,8.51
DE40,H1,2025-04-10T11:00:00Z,222.850000,0.9205,76.39,elevated,0,off,0,20.49
DE40,H1,2025-04-10T12:00:00Z,205.357143,0.8469,71.63,elevated,0,off,0,25.55
DE40,H1,2025-04-10T13:00:00Z,179.528571,0.7412,59.72,normal,0,off,0,31.69
DE40,H1,2025-04-10T14:00:00Z,180.742857,0.7463,60.12,normal,0,off,0,32.74
DE40,H1,2025-04-10T15:00:00Z,187.528571,0.7737,62.90,normal,0,off,0,33.13
DE40,H1,2025-04-10T16:00:00Z,199.964286,0.8238,69.64,normal,0,off,0,31.11
DE40,H1,2025-04-10T17:00:00Z,194.685714,0.8014,65.67,normal,0,off,0,52.31
DE40,H1,2025-04-10T18:00:00Z,215.985714,0.8871,75.20,elevated,0,off,0,40.43
DE40,H1,2025-04-10T19:00:00Z,233.378571,0.9560,77.18,elevated,0,off,0,26.33
DE40,H1,2025-04-10T20:00:00Z,244.492857,0.9977,78.37,elevated,0,off,0,26.03
DE40,H1,2025-04-10T21:00:00Z,254.771429,1.0339,79.96,elevated,0,off,0,25.49
DE40,H1,2025-04-10T22:00:00Z,262.350000,1.0595,80.75,elevated,0,off,0,28.00
DE40,H1,2025-04-10T23:00:00Z,249.670714,1.0052,78.77,elevated,0,off,0,34.90
DE40,H1,2025-04-11T01:00:00Z,217.292143,0.8745,73.21,elevated,0,off,0,43.23
DE40,H1,2025-04-11T02:00:00Z,213.499286,0.8605,72.02,elevated,0,off,0,45.47
DE40,H1,2025-04-11T03:00:00Z,215.270714,0.8681,72.02,elevated,0,off,0,44.93
DE40,H1,2025-04-11T04:00:00Z,215.720714,0.8689,72.42,elevated,1,low,0,47.99
DE40,H1,2025-04-11T05:00:00Z,213.649286,0.8596,71.23,elevated,1,low,0,48.97
DE40,H1,2025-04-11T06:00:00Z,206.720714,0.8311,67.26,normal,1,medium,0,49.78
DE40,H1,2025-04-11T07:00:00Z,194.570714,0.7824,60.52,normal,1,medium,0,69.65
DE40,H1,2025-04-11T08:00:00Z,191.492143,0.7704,59.33,normal,1,medium,0,73.92
DE40,H1,2025-04-11T09:00:00Z,172.406429,0.6950,50.99,normal,1,medium,0,76.29
DE40,H1,2025-04-11T10:00:00Z,173.399286,0.7002,50.99,normal,1,medium,0,79.92
DE40,H1,2025-04-11T11:00:00Z,177.692143,0.7188,51.79,normal,1,medium,0,77.24
DE40,H1,2025-04-11T12:00:00Z,185.327857,0.7507,54.56,normal,1,medium,0,71.12
DE40,H1,2025-04-11T13:00:00Z,180.120714,0.7304,52.58,normal,1,medium,0,72.66
DE40,H1,2025-04-11T14:00:00Z,190.185714,0.7724,57.74,normal,1,low,0,69.54
DE40,H1,2025-04-11T15:00:00Z,193.650000,0.7884,60.12,normal,1,low,0,67.23
DE40,H1,2025-04-11T16:00:00Z,198.464286,0.8087,62.90,normal,1,low,0,64.68
DE40,H1,2025-04-11T17:00:00Z,203.071429,0.8281,66.47,normal,1,low,0,62.21
DE40,H1,2025-04-11T18:00:00Z,205.278571,0.8391,66.47,normal,1,low,0,61.01
DE40,H1,2025-04-11T19:00:00Z,211.607143,0.8668,69.64,normal,1,low,0,60.21
DE40,H1,2025-04-11T20:00:00Z,217.957143,0.8949,73.21,elevated,1,low,0,57.71
DE40,H1,2025-04-11T21:00:00Z,220.000000,0.9059,73.61,elevated,1,low,0,57.03
DE40,H1,2025-04-11T22:00:00Z,215.842857,0.8912,71.63,elevated,1,low,0,56.40
DE40,H1,2025-04-11T23:00:00Z,209.842857,0.8694,66.47,normal,1,low,0,57.16
DE40,H1,2025-04-14T01:00:00Z,197.635714,0.8293,59.33,normal,1,low,0,59.93
DE40,H1,2025-04-14T02:00:00Z,178.942857,0.7625,46.63,normal,0,off,1,64.01
DE40,H1,2025-04-14T03:00:00Z,162.178571,0.7044,43.06,normal,0,off,0,67.15
DE40,H1,2025-04-14T04:00:00Z,154.057143,0.6825,41.87,normal,0,off,0,67.43
DE40,H1,2025-04-14T05:00:00Z,137.114286,0.6193,38.29,normal,0,off,0,68.13
DE40,H1,2025-04-14T06:00:00Z,131.814286,0.6062,37.50,normal,0,off,0,68.13
DE40,H1,2025-04-14T07:00:00Z,117.500000,0.5514,36.71,normal,0,off,0,64.33
DE40,H1,2025-04-14T08:00:00Z,104.900000,0.5028,31.55,normal,0,off,0,59.52
DE40,H1,2025-04-14T09:00:00Z,99.671429,0.4876,25.99,calm,0,off,0,58.97
DE40,H1,2025-04-14T10:00:00Z,98.364286,0.4911,25.20,calm,0,off,0,56.92
DE40,H1,2025-04-14T11:00:00Z,93.328571,0.4753,20.83,calm,0,off,0,51.80
DE40,H1,2025-04-14T12:00:00Z,97.971429,0.5084,24.40,calm,0,off,0,49.70
DE40,H1,2025-04-14T13:00:00Z,94.150000,0.4987,20.83,calm,0,off,0,48.53
DE40,H1,2025-04-14T14:00:00Z,98.250000,0.5328,25.20,calm,1,low,0,51.11
DE40,H1,2025-04-14T15:00:00Z,96.464286,0.5304,23.21,calm,1,medium,0,62.87
DE40,H1,2025-04-14T16:00:00Z,96.100000,0.5348,22.82,calm,1,medium,0,68.78
DE40,H1,2025-04-14T17:00:00Z,100.712857,0.5654,28.37,calm,1,low,0,75.45
DE40,H1,2025-04-14T18:00:00Z,111.177143,0.6291,35.12,normal,1,medium,0,79.08
DE40,H1,2025-04-14T19:00:00Z,119.098571,0.6792,36.71,normal,1,medium,0,79.04
DE40,H1,2025-04-14T20:00:00Z,119.798571,0.6895,36.71,normal,1,medium,0,79.41
DE40,H1,2025-04-14T21:00:00Z,123.062857,0.7142,37.10,normal,1,medium,0,78.26
DE40,H1,2025-04-14T22:00:00Z,124.948571,0.7328,37.10,normal,1,medium,0,77.17
DE40,H1,2025-04-14T23:00:00Z,125.970000,0.7483,37.10,normal,1,medium,0,76.88
DE40,H1,2025-04-15T00:00:00Z,113.234286,0.6833,33.53,normal,1,medium,0,81.94
DE40,H1,2025-04-15T01:00:00Z,109.920000,0.6751,32.34,normal,1,medium,0,84.05
DE40,H1,2025-04-15T02:00:00Z,101.805714,0.6378,27.58,calm,1,medium,0,86.24
DE40,H1,2025-04-15T03:00:00Z,101.770000,0.6496,27.18,calm,1,medium,0,85.78
DE40,H1,2025-04-15T04:00:00Z,96.970000,0.6286,21.63,calm,1,high,0,86.40
DE40,H1,2025-04-15T05:00:00Z,86.884286,0.5727,12.90,calm,1,medium,0,87.09
DE40,H1,2025-04-15T06:00:00Z,84.977143,0.5699,11.31,calm,1,medium,0,87.58
DE40,H1,2025-04-15T07:00:00Z,77.521429,0.5297,8.53,squeeze,1,medium,0,85.58
DE40,H1,2025-04-15T08:00:00Z,66.964286,0.4669,4.56,squeeze,1,medium,0,86.41
DE40,H1,2025-04-15T09:00:00Z,64.942857,0.4620,3.77,squeeze,1,medium,0,86.39
DE40,H1,2025-04-15T10:00:00Z,73.464286,0.5317,7.34,squeeze,1,low,0,73.39
DE40,H1,2025-04-15T11:00:00Z,77.428571,0.5698,9.72,squeeze,0,off,1,66.22
DE40,H1,2025-04-15T12:00:00Z,77.678571,0.5798,10.52,calm,0,off,0,65.84
DE40,H1,2025-04-15T13:00:00Z,76.157143,0.5768,9.33,squeeze,0,off,0,64.44
DE40,H1,2025-04-15T14:00:00Z,82.300000,0.6324,12.90,calm,0,off,0,60.57
DE40,H1,2025-04-15T15:00:00Z,87.135714,0.6799,15.67,calm,0,off,0,64.66
DE40,H1,2025-04-15T16:00:00Z,93.285714,0.7378,18.85,calm,0,off,0,63.46
DE40,H1,2025-04-15T17:00:00Z,99.142857,0.7956,25.20,calm,0,off,0,60.03
DE40,H1,2025-04-15T18:00:00Z,100.878571,0.8218,27.18,calm,0,off,0,57.33
DE40,H1,2025-04-15T19:00:00Z,105.307143,0.8711,30.36,normal,0,off,0,43.00
DE40,H1,2025-04-15T20:00:00Z,104.628571,0.8798,28.77,calm,0,off,0,40.51
DE40,H1,2025-04-15T21:00:00Z,106.028571,0.9067,30.36,normal,0,off,0,38.08
DE40,H1,2025-04-15T22:00:00Z,105.478571,0.9187,29.96,calm,0,off,0,35.95
DE40,H1,2025-04-15T23:00:00Z,101.021429,0.8982,25.60,calm,0,off,0,41.59
DE40,H1,2025-04-16T01:00:00Z,97.064286,0.8823,20.83,calm,0,off,0,46.63
DE40,H1,2025-04-16T02:00:00Z,89.907143,0.8364,15.67,calm,0,off,0,50.35
DE40,H1,2025-04-16T03:00:00Z,87.335714,0.8314,13.69,calm,0,off,0,52.19
DE40,H1,2025-04-16T04:00:00Z,82.035714,0.7985,10.52,calm,1,low,0,54.16
DE40,H1,2025-04-16T05:00:00Z,78.435714,0.7787,8.93,squeeze,1,medium,0,56.93
DE40,H1,2025-04-16T06:00:00Z,71.535714,0.7232,4.96,squeeze,1,medium,0,68.45
DE40,H1,2025-04-16T07:00:00Z,63.978571,0.6588,2.18,squeeze,1,medium,0,73.15
DE40,H1,2025-04-16T08:00:00Z,67.864286,0.7089,4.17,squeeze,1,low,0,64.19
DE40,H1,2025-04-16T09:00:00Z,74.414286,0.7868,6.55,squeeze,1,low,0,61.91
DE40,H1,2025-04-16T10:00:00Z,78.871429,0.8408,9.72,squeeze,1,low,0,58.59
DE40,H1,2025-04-16T11:00:00Z,94.221429,1.0067,18.06,calm,1,low,0,50.06
DE40,H1,2025-04-16T12:00:00Z,94.885714,1.0148,18.85,calm,1,low,0,49.87
DE40,H1,2025-04-16T13:00:00Z,95.700000,1.0241,19.25,calm,1,low,0,47.95
DE40,H1,2025-04-16T14:00:00Z,96.900000,1.0362,20.83,calm,1,low,0,46.63
DE40,H1,2025-04-16T15:00:00Z,93.157143,0.9972,16.47,calm,1,low,0,50.10
DE40,H1,2025-04-16T16:00:00Z,96.957143,1.0372,21.63,calm,1,low,0,50.48
DE40,H1,2025-04-16T17:00:00Z,99.078571,1.0598,24.40,calm,1,low,0,51.12
DE40,H1,2025-04-16T18:00:00Z,105.228571,1.1234,29.56,calm,1,low,0,47.49
DE40,H1,2025-04-16T19:00:00Z,106.207143,1.1314,31.15,normal,1,medium,0,47.61
DE40,H1,2025-04-16T20:00:00Z,118.057143,1.2530,34.72,normal,1,medium,0,51.93
DE40,H1,2025-04-16T21:00:00Z,122.992857,1.3022,35.91,normal,1,medium,0,51.59
DE40,H1,2025-04-16T22:00:00Z,117.485714,1.2443,33.53,normal,1,medium,0,53.58
DE40,H1,2025-04-16T23:00:00Z,112.757143,1.1960,31.94,normal,1,medium,0,53.93
DE40,H1,2025-04-17T01:00:00Z,105.820000,1.1265,28.37,calm,1,medium,0,54.56
DE40,H1,2025-04-17T02:00:00Z,90.562857,0.9712,13.69,calm,1,medium,0,62.40
DE40,H1,2025-04-17T03:00:00Z,91.070000,0.9840,13.69,calm,1,medium,0,63.70
DE40,H1,2025-04-17T04:00:00Z,90.741429,0.9853,13.29,calm,1,medium,0,63.33
DE40,H1,2025-04-17T05:00:00Z,90.791429,0.9899,13.29,calm,1,medium,0,62.10
DE40,H1,2025-04-17T06:00:00Z,87.677143,0.9589,10.12,calm,1,low,0,62.28
DE40,H1,2025-04-17T07:00:00Z,83.098571,0.9126,7.74,squeeze,1,low,0,60.94
DE40,H1,2025-04-17T08:00:00Z,80.012857,0.8820,6.55,squeeze,0,off,1,61.77
DE40,H1,2025-04-17T09:00:00Z,79.134286,0.8738,6.15,squeeze,0,off,0,55.52
DE40,H1,2025-04-17T10:00:00Z,89.962857,0.9922,12.10,calm,1,low,0,50.87
DE40,H1,2025-04-17T11:00:00Z,80.862857,0.8912,6.15,squeeze,1,low,0,58.06
DE40,H1,2025-04-17T12:00:00Z,80.048571,0.8797,6.15,squeeze,0,off,1,54.99
DE40,H1,2025-04-17T13:00:00Z,81.098571,0.8881,6.94,squeeze,1,low,0,55.34
DE40,H1,2025-04-17T14:00:00Z,79.577143,0.8703,5.75,squeeze,1,low,0,54.58
DE40,H1,2025-04-17T15:00:00Z,85.292857,0.9312,9.33,squeeze,1,low,0,50.09
DE40,H1,2025-04-17T16:00:00Z,87.207143,0.9501,10.52,calm,1,low,0,49.39
DE40,H1,2025-04-17T17:00:00Z,88.600000,0.9627,12.10,calm,1,low,0,46.95
DE40,H1,2025-04-17T18:00:00Z,90.792857,0.9847,15.28,calm,1,low,0,45.27
DE40,H1,2025-04-17T19:00:00Z,96.614286,1.0457,20.04,calm,1,low,0,48.26
DE40,H1,2025-04-17T20:00:00Z,96.842857,1.0473,20.44,calm,1,low,0,46.73
DE40,H1,2025-04-17T21:00:00Z,98.578571,1.0662,24.01,calm,1,low,0,47.21
DE40,H1,2025-04-17T22:00:00Z,101.907143,1.1020,28.37,calm,1,medium,0,52.03
DE40,H1,2025-04-22T03:00:00Z,112.685714,1.2166,33.53,normal,1,low,0,41.77
DE40,H1,2025-04-22T04:00:00Z,103.250000,1.1151,28.77,calm,1,low,0,41.82
DE40,H1,2025-04-22T05:00:00Z,100.157143,1.0830,25.99,calm,1,low,0,42.39
DE40,H1,2025-04-22T06:00:00Z,97.464286,1.0557,22.42,calm,1,low,0,44.30
DE40,H1,2025-04-22T07:00:00Z,90.007143,0.9773,14.09,calm,1,low,0,48.45
DE40,H1,2025-04-22T08:00:00Z,90.400000,0.9830,14.48,calm,1,low,0,47.26
DE40,H1,2025-04-22T09:00:00Z,92.928571,1.0098,16.87,calm,1,low,0,46.81
DE40,H1,2025-04-22T10:00:00Z,94.428571,1.0245,19.64,calm,1,low,0,54.17
DE40,H1,2025-04-22T11:00:00Z,95.157143,1.0295,20.44,calm,1,low,0,55.55
DE40,H1,2025-04-22T12:00:00Z,92.728571,1.0001,16.87,calm,1,low,0,55.82
DE40,H1,2025-04-22T13:00:00Z,89.007143,0.9564,12.90,calm,1,low,0,58.57
DE40,H1,2025-04-22T14:00:00Z,89.757143,0.9591,13.69,calm,1,low,0,58.06
DE40,H1,2025-04-22T15:00:00Z,90.192857,0.9592,15.28,calm,1,low,0,56.05
DE40,H1,2025-04-22T16:00:00Z,91.728571,0.9720,18.06,calm,1,low,0,57.82
DE40,H1,2025-04-22T17:00:00Z,81.328571,0.8613,7.74,squeeze,1,low,0,63.59
DE40,H1,2025-04-22T18:00:00Z,85.721429,0.9095,10.12,calm,0,off,1,57.62
DE40,H1,2025-04-22T19:00:00Z,89.735714,0.9531,14.48,calm,0,off,0,49.04
DE40,H1,2025-04-22T20:00:00Z,95.300000,1.0123,24.01,calm,0,off,0,45.03
DE40,H1,2025-04-22T21:00:00Z,104.000000,1.1031,35.52,normal,0,off,0,37.99
DE40,H1,2025-04-22T22:00:00Z,103.914286,1.0996,35.52,normal,0,off,0,35.98
DE40,H1,2025-04-22T23:00:00Z,95.307143,1.0089,24.40,calm,0,off,0,37.66
DE40,H1,2025-04-23T01:00:00Z,109.321429,1.1548,40.67,normal,0,off,0,21.25
DE40,H1,2025-04-23T02:00:00Z,105.735714,1.1168,38.69,normal,0,off,0,19.35
DE40,H1,2025-04-23T03:00:00Z,111.242857,1.1737,41.87,normal,0,off,0,17.30
DE40,H1,2025-04-23T04:00:00Z,111.142857,1.1743,41.07,normal,0,off,0,14.36
DE40,H1,2025-04-23T05:00:00Z,110.585714,1.1715,40.67,normal,0,off,0,13.18
DE40,H1,2025-04-23T06:00:00Z,111.021429,1.1777,40.67,normal,0,off,0,13.91
DE40,H1,2025-04-23T07:00:00Z,106.800000,1.1344,39.09,normal,0,off,0,14.64
DE40,H1,2025-04-23T08:00:00Z,104.928571,1.1147,35.52,normal,0,off,0,13.88
DE40,H1,2025-04-23T09:00:00Z,99.335714,1.0534,29.56,calm,0,off,0,16.77
DE40,H1,2025-04-23T10:00:00Z,101.442857,1.0733,31.94,normal,0,off,0,15.36
DE40,H1,2025-04-23T11:00:00Z,104.600000,1.1035,34.72,normal,0,off,0,15.52
DE40,H1,2025-04-23T12:00:00Z,102.007143,1.0736,33.53,normal,0,off,0,17.23
DE40,H1,2025-04-23T13:00:00Z,102.257143,1.0729,33.93,normal,0,off,0,17.85
DE40,H1,2025-04-23T14:00:00Z,106.192857,1.1089,39.48,normal,0,off,0,17.41
DE40,H1,2025-04-23T15:00:00Z,89.585714,0.9336,13.29,calm,0,off,0,30.01
DE40,H1,2025-04-23T16:00:00Z,106.128571,1.0998,39.88,normal,0,off,0,24.74
DE40,H1,2025-04-23T17:00:00Z,108.107143,1.1161,41.47,normal,0,off,0,25.00
DE40,H1,2025-04-23T18:00:00Z,110.814286,1.1370,43.06,normal,0,off,0,30.33
DE40,H1,2025-04-23T19:00:00Z,113.721429,1.1588,46.23,normal,0,off,0,32.30
DE40,H1,2025-04-23T20:00:00Z,114.442857,1.1583,46.63,normal,1,medium,0,47.15
DE40,H1,2025-04-23T21:00:00Z,115.864286,1.1642,47.02,normal,1,low,0,46.71
DE40,H1,2025-04-23T22:00:00Z,114.421429,1.1430,46.63,normal,1,low,0,46.53
DE40,H1,2025-04-23T23:00:00Z,118.135714,1.1728,49.01,normal,1,low,0,50.42
DE40,H1,2025-04-24T00:00:00Z,110.135714,1.0887,42.66,normal,1,low,0,53.46
DE40,H1,2025-04-24T01:00:00Z,103.976429,1.0252,35.52,normal,1,medium,0,57.56
DE40,H1,2025-04-24T02:00:00Z,98.626429,0.9721,29.17,calm,1,medium,0,60.67
DE40,H1,2025-04-24T03:00:00Z,98.347857,0.9690,28.37,calm,1,medium,0,59.38
DE40,H1,2025-04-24T04:00:00Z,93.983571,0.9269,20.83,calm,1,medium,0,62.16
DE40,H1,2025-04-24T05:00:00Z,91.183571,0.9012,18.45,calm,1,medium,0,65.23
DE40,H1,2025-04-24T06:00:00Z,72.605000,0.7233,2.18,squeeze,1,medium,0,79.40
DE40,H1,2025-04-24T07:00:00Z,63.969286,0.6423,0.20,squeeze,1,medium,0,81.60
DE40,H1,2025-04-24T08:00:00Z,60.890714,0.6162,0.20,squeeze,1,medium,0,82.86
DE40,H1,2025-04-24T09:00:00Z,56.190714,0.5734,0.20,squeeze,1,medium,0,83.87
DE40,H1,2025-04-24T10:00:00Z,62.247857,0.6389,0.99,squeeze,1,medium,0,80.28
DE40,H1,2025-04-24T11:00:00Z,62.762143,0.6478,1.39,squeeze,1,medium,0,77.35
DE40,H1,2025-04-24T12:00:00Z,64.605000,0.6708,2.58,squeeze,1,low,0,75.46
DE40,H1,2025-04-24T13:00:00Z,61.576429,0.6437,0.99,squeeze,1,low,0,78.07
DE40,H1,2025-04-24T14:00:00Z,68.340714,0.7185,4.56,squeeze,1,low,0,72.05
DE40,H1,2025-04-24T15:00:00Z,66.807143,0.7062,3.77,squeeze,1,low,0,72.59
DE40,H1,2025-04-24T16:00:00Z,69.392857,0.7366,5.36,squeeze,1,low,0,68.61
DE40,H1,2025-04-24T17:00:00Z,70.885714,0.7555,5.75,squeeze,1,low,0,65.47
DE40,H1,2025-04-24T18:00:00Z,72.692857,0.7776,6.94,squeeze,1,low,0,60.56
DE40,H1,2025-04-24T19:00:00Z,74.764286,0.8027,8.13,squeeze,0,off,1,56.32
DE40,H1,2025-04-24T20:00:00Z,74.478571,0.8008,8.13,squeeze,0,off,0,55.59
DE40,H1,2025-04-24T21:00:00Z,74.192857,0.7997,7.74,squeeze,0,off,0,50.45
DE40,H1,2025-04-24T22:00:00Z,72.150000,0.7806,6.55,squeeze,0,off,0,50.23
DE40,H1,2025-04-24T23:00:00Z,74.878571,0.8138,9.72,squeeze,0,off,0,41.87
DE40,H1,2025-04-25T01:00:00Z,66.842857,0.7324,4.17,squeeze,0,off,0,45.90
DE40,H1,2025-04-25T02:00:00Z,63.300000,0.6998,2.18,squeeze,0,off,0,47.61
DE40,H1,2025-04-25T03:00:00Z,60.728571,0.6765,0.60,squeeze,0,off,0,47.58
DE40,H1,2025-04-25T04:00:00Z,59.557143,0.6709,0.60,squeeze,0,off,0,46.62
DE40,H1,2025-04-25T05:00:00Z,53.807143,0.6133,0.20,squeeze,0,off,0,48.72
DE40,H1,2025-04-25T06:00:00Z,53.435714,0.6172,0.20,squeeze,0,off,0,47.21
DE40,H1,2025-04-25T07:00:00Z,52.785714,0.6180,0.20,squeeze,0,off,0,46.87
DE40,H1,2025-04-25T08:00:00Z,49.700000,0.5903,0.20,squeeze,0,off,0,46.29
DE40,H1,2025-04-25T09:00:00Z,48.628571,0.5863,0.20,squeeze,0,off,0,51.90
DE40,H1,2025-04-25T10:00:00Z,54.600000,0.6667,2.18,squeeze,0,off,0,48.91
DE40,H1,2025-04-25T11:00:00Z,59.064286,0.7293,2.98,squeeze,0,off,0,45.55
DE40,H1,2025-04-25T12:00:00Z,62.771429,0.7822,5.75,squeeze,0,off,0,44.72
DE40,H1,2025-04-25T13:00:00Z,71.350000,0.8958,10.91,calm,1,medium,0,45.31
DE40,H1,2025-04-25T14:00:00Z,70.114286,0.8880,10.52,calm,1,medium,0,55.33
DE40,H1,2025-04-25T15:00:00Z,72.750000,0.9282,13.29,calm,1,medium,0,55.53
DE40,H1,2025-04-25T16:00:00Z,75.992857,0.9761,16.07,calm,1,medium,0,57.07
DE40,H1,2025-04-25T17:00:00Z,77.385714,1.0014,16.87,calm,1,medium,0,58.78
DE40,H1,2025-04-25T18:00:00Z,79.307143,1.0290,19.64,calm,1,medium,0,58.03
DE40,H1,2025-04-25T19:00:00Z,81.142857,1.0597,22.02,calm,1,low,0,55.76
DE40,H1,2025-04-25T20:00:00Z,84.064286,1.1048,24.01,calm,1,low,0,50.65
DE40,H1,2025-04-25T21:00:00Z,85.021429,1.1250,24.80,calm,1,low,0,49.40
DE40,H1,2025-04-25T22:00:00Z,87.035714,1.1599,26.39,calm,1,low,0,48.32
DE40,H1,2025-04-25T23:00:00Z,86.157143,1.1569,25.99,calm,0,off,1,44.56
DE40,H1,2025-04-28T01:00:00Z,81.807143,1.1086,22.82,calm,1,low,0,44.29
DE40,H1,2025-04-28T02:00:00Z,76.807143,1.0516,16.87,calm,1,low,0,46.23
DE40,H1,2025-04-28T03:00:00Z,75.492857,1.0458,16.07,calm,1,low,0,47.09
DE40,H1,2025-04-28T04:00:00Z,67.042857,0.9400,9.33,squeeze,1,low,0,53.21
DE40,H1,2025-04-28T05:00:00Z,66.250000,0.9388,8.13,squeeze,1,low,0,53.00
DE40,H1,2025-04-28T06:00:00Z,61.471429,0.8803,4.56,squeeze,1,low,0,56.58
DE40,H1,2025-04-28T07:00:00Z,57.942857,0.8395,2.98,squeeze,1,medium,0,61.59
DE40,H1,2025-04-28T08:00:00Z,57.128571,0.8367,2.98,squeeze,1,medium,0,66.20
DE40,H1,2025-04-28T09:00:00Z,57.528571,0.8509,3.37,squeeze,1,medium,0,65.54
DE40,H1,2025-04-28T10:00:00Z,59.700000,0.8864,4.96,squeeze,1,medium,0,64.17
DE40,H1,2025-04-28T11:00:00Z,58.300000,0.8671,4.17,squeeze,1,medium,0,66.75
DE40,H1,2025-04-28T12:00:00Z,58.057143,0.8642,4.17,squeeze,1,medium,0,64.85
DE40,H1,2025-04-28T13:00:00Z,58.807143,0.8747,4.96,squeeze,1,medium,0,64.26
DE40,H1,2025-04-28T14:00:00Z,60.135714,0.8950,6.55,squeeze,1,medium,0,64.09
DE40,H1,2025-04-28T15:00:00Z,58.407143,0.8704,4.96,squeeze,1,low,0,68.84
DE40,H1,2025-04-28T16:00:00Z,59.621429,0.8898,6.55,squeeze,1,low,0,67.20
DE40,H1,2025-04-28T17:00:00Z,61.400000,0.9164,8.53,squeeze,1,low,0,66.59
DE40,H1,2025-04-28T18:00:00Z,63.921429,0.9553,11.31,calm,1,low,0,62.11
DE40,H1,2025-04-28T19:00:00Z,63.807143,0.9545,11.31,calm,1,low,0,59.92
DE40,H1,2025-04-28T20:00:00Z,66.942857,1.0021,14.88,calm,1,low,0,58.02
DE40,H1,2025-04-28T21:00:00Z,67.885714,1.0171,16.47,calm,1,low,0,56.08
DE40,H1,2025-04-28T22:00:00Z,66.971429,1.0051,15.67,calm,1,low,0,58.09
DE40,H1,2025-04-28T23:00:00Z,63.685714,0.9590,11.31,calm,1,low,0,60.24
DE40,H1,2025-04-29T01:00:00Z,60.092857,0.9089,7.34,squeeze,1,low,0,62.26
DE40,H1,2025-04-29T02:00:00Z,57.892857,0.8799,3.77,squeeze,1,low,0,64.72
DE40,H1,2025-04-29T03:00:00Z,54.957143,0.8397,2.58,squeeze,1,low,0,67.08
DE40,H1,2025-04-29T04:00:00Z,51.885714,0.7984,0.99,squeeze,1,medium,0,70.15
DE40,H1,2025-04-29T05:00:00Z,50.864286,0.7865,0.99,squeeze,1,medium,0,71.19
DE40,H1,2025-04-29T06:00:00Z,48.150000,0.7481,0.20,squeeze,1,medium,0,72.01
DE40,H1,2025-04-29T07:00:00Z,47.328571,0.7384,0.20,squeeze,1,medium,0,71.26
DE40,H1,2025-04-29T08:00:00Z,43.492857,0.6819,0.20,squeeze,1,medium,0,72.65
DE40,H1,2025-04-29T09:00:00Z,41.364286,0.6511,0.20,squeeze,1,medium,0,77.20
DE40,H1,2025-04-29T10:00:00Z,43.292857,0.6836,0.60,squeeze,1,low,0,74.92
DE40,H1,2025-04-29T11:00:00Z,44.885714,0.7106,1.39,squeeze,1,low,0,73.44
DE40,H1,2025-04-29T12:00:00Z,46.557143,0.7378,1.79,squeeze,1,low,0,69.50
DE40,H1,2025-04-29T13:00:00Z,49.014286,0.7766,3.37,squeeze,1,low,0,66.09
DE40,H1,2025-04-29T14:00:00Z,51.335714,0.8142,4.56,squeeze,1,low,0,61.67
DE40,H1,2025-04-29T15:00:00Z,54.635714,0.8678,6.94,squeeze,1,low,0,58.45
DE40,H1,2025-04-29T16:00:00Z,59.828571,0.9512,12.90,calm,1,low,0,56.84
DE40,H1,2025-04-29T17:00:00Z,61.192857,0.9760,14.88,calm,1,low,0,60.85
DE40,H1,2025-04-29T18:00:00Z,61.742857,0.9874,16.47,calm,1,low,0,58.52
DE40,H1,2025-04-29T19:00:00Z,63.114286,1.0125,18.06,calm,1,low,0,57.26
DE40,H1,2025-04-29T20:00:00Z,67.292857,1.0825,24.40,calm,1,low,0,52.96
DE40,H1,2025-04-29T21:00:00Z,67.414286,1.0880,24.80,calm,1,low,0,45.59
DE40,H1,2025-04-29T22:00:00Z,67.600000,1.0951,25.20,calm,0,off,1,42.34
DE40,H1,2025-04-29T23:00:00Z,66.528571,1.0829,22.02,calm,0,off,0,43.44
DE40,H1,2025-04-30T01:00:00Z,64.242857,1.0525,20.83,calm,0,off,0,45.65
DE40,H1,2025-04-30T02:00:00Z,59.371429,0.9809,11.71,calm,0,off,0,47.25
DE40,H1,2025-04-30T03:00:00Z,58.014286,0.9678,9.72,squeeze,1,low,0,49.10
DE40,H1,2025-04-30T04:00:00Z,53.957143,0.9099,6.55,squeeze,1,low,0,53.65
DE40,H1,2025-04-30T05:00:00Z,51.028571,0.8695,4.56,squeeze,1,low,0,57.35
DE40,H1,2025-04-30T06:00:00Z,47.328571,0.8146,2.58,squeeze,1,medium,0,61.83
DE40,H1,2025-04-30T07:00:00Z,41.164286,0.7170,0.20,squeeze,1,medium,0,65.63
DE40,H1,2025-04-30T08:00:00Z,38.978571,0.6856,0.20,squeeze,1,medium,0,65.20
DE40,H1,2025-04-30T09:00:00Z,39.614286,0.7034,0.60,squeeze,1,medium,0,63.85
DE40,H1,2025-04-30T10:00:00Z,43.300000,0.7738,2.18,squeeze,1,medium,0,57.60
DE40,H1,2025-04-30T11:00:00Z,42.864286,0.7702,1.79,squeeze,1,medium,0,58.15
DE40,H1,2025-04-30T12:00:00Z,46.007143,0.8300,3.77,squeeze,1,medium,0,53.88
DE40,H1,2025-04-30T13:00:00Z,46.592857,0.8439,4.56,squeeze,1,low,0,61.10
DE40,H1,2025-04-30T14:00:00Z,47.385714,0.8621,5.75,squeeze,1,low,0,62.19
DE40,H1,2025-04-30T15:00:00Z,61.871429,1.1242,22.02,calm,1,low,0,41.05
DE40,H1,2025-04-30T16:00:00Z,70.078571,1.2678,33.53,normal,0,off,1,33.15
DE40,H1,2025-04-30T17:00:00Z,79.821429,1.4331,44.64,normal,0,off,0,37.42
DE40,H1,2025-04-30T18:00:00Z,83.585714,1.4882,49.01,normal,0,off,0,40.18
DE40,H1,2025-04-30T19:00:00Z,85.114286,1.5011,50.60,normal,0,off,0,40.70
DE40,H1,2025-04-30T20:00:00Z,91.250000,1.5916,60.91,normal,0,off,0,42.64
DE40,H1,2025-04-30T21:00:00Z,95.421429,1.6448,66.87,normal,0,off,0,40.12
DE40,H1,2025-04-30T22:00:00Z,98.585714,1.6793,73.21,elevated,0,off,0,39.74
DE40,H1,2025-05-02T03:00:00Z,108.885714,1.8267,87.10,elevated,0,off,0,34.18
DE40,H1,2025-05-02T04:00:00Z,103.550000,1.7161,79.96,elevated,0,off,0,33.54
DE40,H1,2025-05-02T05:00:00Z,102.378571,1.6775,79.56,elevated,0,off,0,30.48
DE40,H1,2025-05-02T06:00:00Z,98.421429,1.5962,72.82,elevated,0,off,0,29.04
DE40,H1,2025-05-02T07:00:00Z,97.978571,1.5716,71.63,elevated,0,off,0,24.92
DE40,H1,2025-05-02T08:00:00Z,97.892857,1.5514,71.23,elevated,0,off,0,23.79
DE40,H1,2025-05-02T09:00:00Z,86.807143,1.3632,52.18,normal,0,off,0,24.15
DE40,H1,2025-05-02T10:00:00Z,83.992857,1.3071,49.40,normal,0,off,0,21.04
DE40,H1,2025-05-02T11:00:00Z,75.771429,1.1704,39.88,normal,0,off,0,20.69
DE40,H1,2025-05-02T12:00:00Z,77.264286,1.1838,41.47,normal,0,off,0,19.78
DE40,H1,2025-05-02T13:00:00Z,77.178571,1.1721,41.47,normal,0,off,0,18.26
DE40,H1,2025-05-02T14:00:00Z,73.042857,1.1007,37.10,normal,0,off,0,17.59
DE40,H1,2025-05-02T15:00:00Z,79.021429,1.1782,45.04,normal,0,off,0,23.51
DE40,H1,2025-05-02T16:00:00Z,81.364286,1.1988,49.40,normal,0,off,0,22.46
DE40,H1,2025-05-02T17:00:00Z,75.778571,1.1059,40.67,normal,0,off,0,22.08
DE40,H1,2025-05-02T18:00:00Z,78.778571,1.1384,45.04,normal,0,off,0,22.39
DE40,H1,2025-05-02T19:00:00Z,78.771429,1.1278,45.04,normal,0,off,0,24.23
DE40,H1,2025-05-02T20:00:00Z,79.871429,1.1336,48.21,normal,0,off,0,23.55
DE40,H1,2025-05-02T21:00:00Z,79.764286,1.1230,47.82,normal,0,off,0,20.00
DE40,H1,2025-05-02T22:00:00Z,78.500000,1.0978,45.04,normal,0,off,0,21.48
DE40,H1,2025-05-02T23:00:00Z,74.814286,1.0419,39.48,normal,0,off,0,26.67
DE40,H1,2025-05-05T01:00:00Z,73.707143,1.0229,37.90,normal,0,off,0,29.54
DE40,H1,2025-05-05T02:00:00Z,74.071429,1.0245,38.29,normal,0,off,0,29.89
DE40,H1,2025-05-05T03:00:00Z,70.021429,0.9666,33.53,normal,0,off,0,32.45
DE40,H1,2025-05-05T04:00:00Z,71.371429,0.9841,35.52,normal,0,off,0,27.88
DE40,H1,2025-05-05T05:00:00Z,69.642857,0.9597,33.53,normal,0,off,0,28.97
DE40,H1,2025-05-05T06:00:00Z,59.971429,0.8282,18.45,calm,0,off,0,40.93
DE40,H1,2025-05-05T07:00:00Z,54.892857,0.7605,11.71,calm,0,off,0,48.08
DE40,H1,2025-05-05T08:00:00Z,48.907143,0.6804,6.94,squeeze,0,off,0,53.07
DE40,H1,2025-05-05T09:00:00Z,48.628571,0.6786,6.55,squeeze,0,off,0,61.58
DE40,H1,2025-05-05T10:00:00Z,52.035714,0.7274,10.12,calm,1,low,0,64.31
DE40,H1,2025-05-05T11:00:00Z,53.350000,0.7459,10.91,calm,1,low,0,59.55
DE40,H1,2025-05-05T12:00:00Z,54.871429,0.7663,13.29,calm,1,low,0,64.17
DE40,H1,2025-05-05T13:00:00Z,56.385714,0.7855,14.88,calm,1,low,0,64.57
DE40,H1,2025-05-05T14:00:00Z,57.300000,0.7946,15.67,calm,0,off,1,66.57
DE40,H1,2025-05-05T15:00:00Z,55.650000,0.7682,14.48,calm,0,off,0,61.39
DE40,H1,2025-05-05T16:00:00Z,55.950000,0.7689,14.88,calm,0,off,0,56.47
DE40,H1,2025-05-05T17:00:00Z,58.478571,0.8003,19.64,calm,0,off,0,47.31
DE40,H1,2025-05-05T18:00:00Z,56.564286,0.7712,16.07,calm,0,off,0,43.39
DE40,H1,2025-05-05T19:00:00Z,57.407143,0.7803,17.26,calm,0,off,0,40.25
DE40,H1,2025-05-05T20:00:00Z,57.271429,0.7762,16.87,calm,0,off,0,39.02
DE40,H1,2025-05-05T21:00:00Z,57.071429,0.7714,16.47,calm,0,off,0,38.63
DE40,H1,2025-05-05T22:00:00Z,59.157143,0.8002,22.42,calm,0,off,0,35.80
DE40,H1,2025-05-05T23:00:00Z,55.264286,0.7506,14.48,calm,0,off,0,36.44
DE40,H1,2025-05-06T01:00:00Z,50.592857,0.6926,8.53,squeeze,0,off,0,38.10
DE40,H1,2025-05-06T02:00:00Z,47.621429,0.6584,6.15,squeeze,0,off,0,39.95
DE40,H1,2025-05-06T03:00:00Z,48.542857,0.6780,6.94,squeeze,0,off,0,39.56
DE40,H1,2025-05-06T04:00:00Z,47.578571,0.6727,6.15,squeeze,0,off,0,40.11
DE40,H1,2025-05-06T05:00:00Z,45.414286,0.6514,3.77,squeeze,0,off,0,42.07
DE40,H1,2025-05-06T06:00:00Z,44.835714,0.6531,3.37,squeeze,0,off,0,41.94
DE40,H1,2025-05-06T07:00:00Z,41.250000,0.6130,1.39,squeeze,0,off,0,53.96
DE40,H1,2025-05-06T08:00:00Z,38.257143,0.5797,0.20,squeeze,0,off,0,55.86
DE40,H1,2025-05-06T09:00:00Z,43.471429,0.6707,3.77,squeeze,1,low,0,60.82
DE40,H1,2025-05-06T10:00:00Z,54.171429,0.8474,16.07,calm,1,low,0,56.72
DE40,H1,2025-05-06T11:00:00Z,65.492857,1.0350,37.90,normal,0,off,1,33.73
DE40,H1,2025-05-06T12:00:00Z,78.921429,1.2548,56.15,normal,0,off,0,17.54
DE40,H1,2025-05-06T13:00:00Z,84.214286,1.3400,63.69,normal,0,off,0,17.55
DE40,H1,2025-05-06T14:00:00Z,86.535714,1.3759,65.67,normal,0,off,0,17.42
DE40,H1,2025-05-06T15:00:00Z,88.914286,1.4078,68.06,normal,0,off,0,18.86
DE40,H1,2025-05-06T16:00:00Z,95.164286,1.4983,77.18,elevated,0,off,0,18.79
DE40,H1,2025-05-06T17:00:00Z,98.250000,1.5366,81.55,elevated,0,off,0,18.68
DE40,H1,2025-05-06T18:00:00Z,98.892857,1.5343,83.53,elevated,0,off,0,18.61
DE40,H1,2025-05-06T19:00:00Z,103.264286,1.5901,87.10,elevated,0,off,0,18.93
DE40,H1,2025-05-06T20:00:00Z,105.242857,1.6088,89.88,elevated,0,off,0,20.30
DE40,H1,2025-05-06T21:00:00Z,107.828571,1.6323,92.26,extreme,1,low,0,21.23
DE40,H1,2025-05-06T22:00:00Z,108.428571,1.6268,92.66,extreme,1,low,0,23.79
DE40,H1,2025-05-06T23:00:00Z,108.107143,1.6078,91.87,extreme,1,low,0,25.14
DE40,H1,2025-05-07T00:00:00Z,94.978571,1.4062,76.39,elevated,1,low,0,24.92
DE40,H1,2025-05-07T01:00:00Z,100.160000,1.4741,84.33,elevated,1,low,0,32.12
DE40,H1,2025-05-07T02:00:00Z,87.324286,1.2818,67.26,normal,1,low,0,31.41
DE40,H1,2025-05-07T03:00:00Z,84.810714,1.2413,63.69,normal,1,low,0,33.19
DE40,H1,2025-05-07T04:00:00Z,86.753571,1.2649,66.47,normal,1,low,0,34.50
DE40,H1,2025-05-07T05:00:00Z,86.132143,1.2514,65.67,normal,1,medium,0,34.80
DE40,H1,2025-05-07T06:00:00Z,80.175000,1.1615,59.33,normal,1,low,0,32.72
DE40,H1,2025-05-07T07:00:00Z,74.389286,1.0767,49.40,normal,1,low,0,30.05
DE40,H1,2025-05-07T08:00:00Z,73.010714,1.0557,47.82,normal,1,low,0,41.95
DE40,H1,2025-05-07T09:00:00Z,72.325000,1.0421,46.63,normal,1,low,0,51.15
DE40,H1,2025-05-07T10:00:00Z,72.667857,1.0417,47.42,normal,1,low,0,48.15
DE40,H1,2025-05-07T11:00:00Z,75.689286,1.0767,52.98,normal,1,low,0,46.58
DE40,H1,2025-05-07T12:00:00Z,76.439286,1.0789,54.56,normal,1,medium,0,50.07
DE40,H1,2025-05-07T13:00:00Z,72.110714,1.0120,46.23,normal,1,low,0,50.28
DE40,H1,2025-05-07T14:00:00Z,74.896429,1.0448,52.98,normal,1,low,0,48.64
DE40,H1,2025-05-07T15:00:00Z,63.879286,0.8889,36.31,normal,1,low,0,58.44
DE40,H1,2025-05-07T16:00:00Z,66.557857,0.9235,39.48,normal,1,low,0,55.84
DE40,H1,2025-05-07T17:00:00Z,65.664286,0.9090,38.69,normal,1,low,0,56.62
DE40,H1,2025-05-07T18:00:00Z,63.271429,0.8741,35.12,normal,1,low,0,57.48
DE40,H1,2025-05-07T19:00:00Z,61.728571,0.8514,32.74,normal,1,low,0,56.68
DE40,H1,2025-05-07T20:00:00Z,64.121429,0.8830,38.29,normal,1,low,0,55.66
DE40,H1,2025-05-07T21:00:00Z,70.314286,0.9646,47.42,normal,0,off,1,46.74
DE40,H1,2025-05-07T22:00:00Z,78.842857,1.0753,61.31,normal,1,low,0,43.65
DE40,H1,2025-05-07T23:00:00Z,77.550000,1.0519,60.12,normal,1,low,0,43.06
DE40,H1,2025-05-08T00:00:00Z,71.742857,0.9692,49.01,normal,1,low,0,50.58
DE40,H1,2025-05-08T01:00:00Z,67.135714,0.9051,43.45,normal,1,low,0,52.48
DE40,H1,2025-05-08T02:00:00Z,64.764286,0.8709,39.48,normal,1,low,0,55.87
DE40,H1,2025-05-08T03:00:00Z,67.528571,0.9039,45.04,normal,1,low,0,56.90
DE40,H1,2025-05-08T04:00:00Z,68.107143,0.9067,46.23,normal,1,medium,0,55.77
DE40,H1,2025-05-08T05:00:00Z,63.250000,0.8387,35.52,normal,1,medium,0,63.78
DE40,H1,2025-05-08T06:00:00Z,60.135714,0.7948,30.16,normal,1,low,0,64.31
DE40,H1,2025-05-08T07:00:00Z,56.021429,0.7383,19.64,calm,1,low,0,64.87
DE40,H1,2025-05-08T08:00:00Z,56.271429,0.7394,20.44,calm,1,low,0,66.13
DE40,H1,2025-05-08T09:00:00Z,56.342857,0.7374,20.83,calm,1,low,0,68.09
DE40,H1,2025-05-08T10:00:00Z,58.550000,0.7623,27.18,calm,1,low,0,66.96
DE40,H1,2025-05-08T11:00:00Z,56.950000,0.7388,22.02,calm,0,off,1,63.73
DE40,H1,2025-05-08T12:00:00Z,51.485714,0.6684,13.29,calm,0,off,0,63.28
DE40,H1,2025-05-08T13:00:00Z,51.957143,0.6769,14.09,calm,0,off,0,58.31
DE40,H1,2025-05-08T14:00:00Z,55.085714,0.7222,19.25,calm,0,off,0,53.60
DE40,H1,2025-05-08T15:00:00Z,64.592857,0.8512,43.06,normal,0,off,0,49.91
DE40,H1,2025-05-08T16:00:00Z,67.657143,0.8960,50.20,normal,0,off,0,47.47
DE40,H1,2025-05-08T17:00:00Z,68.735714,0.9152,51.79,normal,0,off,0,52.68
DE40,H1,2025-05-08T18:00:00Z,76.585714,1.0248,65.67,normal,0,off,0,51.48
DE40,H1,2025-05-08T19:00:00Z,77.385714,1.0413,67.46,normal,0,off,0,48.20
DE40,H1,2025-05-08T20:00:00Z,79.135714,1.0705,70.83,elevated,0,off,0,48.52
DE40,H1,2025-05-08T21:00:00Z,81.285714,1.1062,73.61,elevated,0,off,0,43.41
DE40,H1,2025-05-08T22:00:00Z,84.707143,1.1592,76.39,elevated,1,low,0,43.82
DE40,H1,2025-05-08T23:00:00Z,84.328571,1.1615,76.39,elevated,1,low,0,50.30
DE40,H1,2025-05-09T00:00:00Z,78.864286,1.0952,70.04,elevated,1,low,0,51.90
DE40,H1,2025-05-09T01:00:00Z,74.707143,1.0472,61.71,normal,1,low,0,54.20
DE40,H1,2025-05-09T02:00:00Z,72.100000,1.0171,56.15,normal,1,low,0,57.64
DE40,H1,2025-05-09T03:00:00Z,72.342857,1.0286,57.74,normal,1,low,0,58.42
DE40,H1,2025-05-09T04:00:00Z,73.178571,1.0447,60.52,normal,1,low,0,57.06
DE40,H1,2025-05-09T05:00:00Z,64.342857,0.9240,43.06,normal,1,medium,0,63.46
DE40,H1,2025-05-09T06:00:00Z,63.164286,0.9133,39.09,normal,1,medium,0,62.79
DE40,H1,2025-05-09T07:00:00Z,58.335714,0.8503,27.98,calm,1,medium,0,64.75
DE40,H1,2025-05-09T08:00:00Z,49.414286,0.7268,11.31,calm,1,medium,0,71.51
DE40,H1,2025-05-09T09:00:00Z,48.550000,0.7195,9.72,squeeze,1,medium,0,71.99
DE40,H1,2025-05-09T10:00:00Z,49.771429,0.7427,12.50,calm,1,low,0,67.11
DE40,H1,2025-05-09T11:00:00Z,49.435714,0.7428,12.10,calm,1,low,0,65.50
DE40,H1,2025-05-09T12:00:00Z,46.400000,0.7027,6.15,squeeze,1,medium,0,66.41
DE40,H1,2025-05-09T13:00:00Z,46.757143,0.7144,7.34,squeeze,1,medium,0,67.81
DE40,H1,2025-05-09T14:00:00Z,52.550000,0.8088,17.26,calm,1,medium,0,67.81
DE40,H1,2025-05-09T15:00:00Z,54.278571,0.8400,20.04,calm,1,low,0,67.81
DE40,H1,2025-05-09T16:00:00Z,55.542857,0.8648,23.21,calm,1,low,0,65.69
DE40,H1,2025-05-09T17:00:00Z,57.228571,0.8929,27.98,calm,1,low,0,64.07
DE40,H1,2025-05-09T18:00:00Z,56.521429,0.8846,26.39,calm,1,low,0,60.30
DE40,H1,2025-05-09T19:00:00Z,57.171429,0.8972,28.37,calm,1,low,0,59.99
DE40,H1,2025-05-09T20:00:00Z,58.371429,0.9174,33.13,normal,1,low,0,60.45
DE40,H1,2025-05-09T21:00:00Z,57.950000,0.9119,31.55,normal,1,low,0,58.89
DE40,H1,2025-05-09T22:00:00Z,58.221429,0.9178,32.74,normal,1,low,0,57.69
DE40,H1,2025-05-09T23:00:00Z,57.464286,0.9096,30.36,normal,1,low,0,59.72
DE40,H1,2025-05-12T01:00:00Z,74.928571,1.1875,72.42,elevated,1,low,0,20.60
DE40,H1,2025-05-12T02:00:00Z,75.342857,1.1949,72.82,elevated,0,off,1,20.27
DE40,H1,2025-05-12T03:00:00Z,79.764286,1.2618,82.14,elevated,0,off,0,24.62
DE40,H1,2025-05-12T04:00:00Z,79.450000,1.2520,81.94,elevated,0,off,0,24.46
DE40,H1,2025-05-12T05:00:00Z,75.807143,1.1904,74.40,elevated,0,off,0,27.64
DE40,H1,2025-05-12T06:00:00Z,73.292857,1.1489,67.66,normal,0,off,0,27.25
DE40,H1,2025-05-12T07:00:00Z,70.950000,1.1111,61.71,normal,0,off,0,20.63
DE40,H1,2025-05-12T08:00:00Z,68.542857,1.0717,58.13,normal,0,off,0,24.05
DE40,H1,2025-05-12T09:00:00Z,69.228571,1.0793,58.53,normal,0,off,0,24.88
DE40,H1,2025-05-12T10:00:00Z,82.221429,1.2715,85.52,elevated,0,off,0,19.40
DE40,H1,2025-05-12T11:00:00Z,88.564286,1.3560,91.87,extreme,0,off,0,24.80
DE40,H1,2025-05-12T12:00:00Z,92.928571,1.4071,92.66,extreme,0,off,0,26.82
DE40,H1,2025-05-12T13:00:00Z,99.200000,1.4838,96.23,extreme,0,off,0,30.19
DE40,H1,2025-05-12T14:00:00Z,103.928571,1.5330,97.82,extreme,0,off,0,32.25
DE40,H1,2025-05-12T15:00:00Z,87.028571,1.2704,89.48,elevated,0,off,0,34.13
DE40,H1,2025-05-12T16:00:00Z,94.664286,1.3648,91.87,extreme,1,low,0,37.61
DE40,H1,2025-05-12T17:00:00Z,99.557143,1.4172,95.83,extreme,1,low,0,34.13
DE40,H1,2025-05-12T18:00:00Z,101.900000,1.4353,96.23,extreme,1,low,0,34.94
DE40,H1,2025-05-12T19:00:00Z,105.685714,1.4728,98.21,extreme,1,low,0,37.56
DE40,H1,2025-05-12T20:00:00Z,105.642857,1.4573,97.82,extreme,1,medium,0,38.75
DE40,H1,2025-05-12T21:00:00Z,106.407143,1.4558,98.21,extreme,1,low,0,31.37
DE40,H1,2025-05-12T22:00:00Z,106.950000,1.4515,98.21,extreme,1,low,0,33.43
DE40,H1,2025-05-12T23:00:00Z,105.935714,1.4274,97.42,extreme,1,low,0,30.85
DE40,H1,2025-05-13T00:00:00Z,89.335714,1.2011,87.90,elevated,1,low,0,29.84
DE40,H1,2025-05-13T01:00:00Z,81.050000,1.0908,77.98,elevated,1,low,0,30.73
DE40,H1,2025-05-13T02:00:00Z,78.421429,1.0571,71.63,elevated,1,low,0,33.41
DE40,H1,2025-05-13T03:00:00Z,72.071429,0.9733,58.53,normal,1,low,0,39.88
DE40,H1,2025-05-13T04:00:00Z,66.821429,0.9043,49.01,normal,1,low,0,43.88
DE40,H1,2025-05-13T05:00:00Z,67.335714,0.9124,50.99,normal,1,low,0,43.58
DE40,H1,2025-05-13T06:00:00Z,57.507143,0.7824,28.77,calm,1,low,0,57.31
DE40,H1,2025-05-13T07:00:00Z,48.864286,0.6692,11.31,calm,1,low,0,61.00
DE40,H1,2025-05-13T08:00:00Z,47.757143,0.6570,9.72,squeeze,1,low,0,64.55
DE40,H1,2025-05-13T09:00:00Z,46.842857,0.6474,7.74,squeeze,1,medium,0,73.15
DE40,H1,2025-05-13T10:00:00Z,49.857143,0.6907,14.48,calm,1,low,0,68.89
DE40,H1,2025-05-13T11:00:00Z,51.900000,0.7185,17.26,calm,1,low,0,66.38
DE40,H1,2025-05-13T12:00:00Z,50.628571,0.7005,15.28,calm,1,low,0,62.74
DE40,H1,2025-05-13T13:00:00Z,51.107143,0.7068,16.47,calm,1,low,0,72.52
DE40,H1,2025-05-13T14:00:00Z,54.085714,0.7470,20.44,calm,1,medium,0,69.35
DE40,H1,2025-05-13T15:00:00Z,56.571429,0.7792,27.58,calm,1,medium,0,66.14
DE40,H1,2025-05-13T16:00:00Z,56.907143,0.7816,27.98,calm,1,medium,0,67.09
DE40,H1,2025-05-13T17:00:00Z,58.678571,0.8046,37.50,normal,1,medium,0,68.21
DE40,H1,2025-05-13T18:00:00Z,60.357143,0.8262,41.87,normal,1,medium,0,66.35
DE40,H1,2025-05-13T19:00:00Z,56.464286,0.7728,26.79,calm,1,medium,0,73.86
DE40,H1,2025-05-13T20:00:00Z,56.542857,0.7740,27.58,calm,1,medium,0,72.52
DE40,H1,2025-05-13T21:00:00Z,53.142857,0.7281,19.64,calm,1,medium,0,75.53
DE40,H1,2025-05-13T22:00:00Z,52.907143,0.7257,19.64,calm,1,medium,0,76.49
DE40,H1,2025-05-13T23:00:00Z,49.028571,0.6743,13.29,calm,1,medium,0,77.31
DE40,H1,2025-05-14T00:00:00Z,43.700000,0.6033,4.56,squeeze,1,medium,0,82.71
DE40,H1,2025-05-14T01:00:00Z,40.828571,0.5664,1.39,squeeze,1,medium,0,81.05
DE40,H1,2025-05-14T02:00:00Z,40.135714,0.5595,1.39,squeeze,1,medium,0,80.62
DE40,H1,2025-05-14T03:00:00Z,40.578571,0.5711,1.79,squeeze,1,high,0,83.43
DE40,H1,2025-05-14T04:00:00Z,40.128571,0.5705,1.39,squeeze,1,medium,0,84.20
DE40,H1,2025-05-14T05:00:00Z,36.278571,0.5222,0.20,squeeze,1,medium,0,83.86
DE40,H1,2025-05-14T06:00:00Z,33.385714,0.4870,0.20,squeeze,1,medium,0,85.77
DE40,H1,2025-05-14T07:00:00Z,31.785714,0.4697,0.20,squeeze,1,medium,0,86.65
DE40,H1,2025-05-14T08:00:00Z,31.142857,0.4660,0.20,squeeze,1,medium,0,86.38
DE40,H1,2025-05-14T09:00:00Z,32.550000,0.4927,0.99,squeeze,1,medium,0,87.23
DE40,H1,2025-05-14T10:00:00Z,39.378571,0.6014,2.98,squeeze,1,medium,0,81.18
DE40,H1,2025-05-14T11:00:00Z,43.814286,0.6744,8.93,squeeze,1,medium,0,78.51
DE40,H1,2025-05-14T12:00:00Z,48.128571,0.7486,15.28,calm,1,medium,0,62.03
DE40,H1,2025-05-14T13:00:00Z,49.385714,0.7777,18.85,calm,1,low,0,57.20
DE40,H1,2025-05-14T14:00:00Z,52.700000,0.8405,25.60,calm,1,low,0,53.94
DE40,H1,2025-05-14T15:00:00Z,56.721429,0.9171,35.91,normal,1,low,0,52.45
DE40,H1,2025-05-14T16:00:00Z,61.235714,1.0039,47.02,normal,1,medium,0,49.30
DE40,H1,2025-05-14T17:00:00Z,61.150000,1.0111,46.63,normal,1,medium,0,49.19
DE40,H1,2025-05-14T18:00:00Z,63.250000,1.0568,50.20,normal,1,medium,0,46.46
DE40,H1,2025-05-14T19:00:00Z,64.457143,1.0897,52.98,normal,1,medium,0,44.62
DE40,H1,2025-05-14T20:00:00Z,66.707143,1.1414,55.36,normal,1,low,0,45.20
DE40,H1,2025-05-14T21:00:00Z,65.750000,1.1406,54.17,normal,1,low,0,43.50
DE40,H1,2025-05-14T22:00:00Z,65.150000,1.1463,52.98,normal,1,low,0,43.10
DE40,H1,2025-05-14T23:00:00Z,62.592857,1.1185,47.82,normal,1,low,0,40.65
DE40,H1,2025-05-15T01:00:00Z,55.450000,1.0095,30.36,normal,1,low,0,44.45
DE40,H1,2025-05-15T02:00:00Z,52.378571,0.9725,24.40,calm,1,low,0,46.33
DE40,H1,2025-05-15T03:00:00Z,47.942857,0.9041,15.28,calm,1,low,0,50.86
DE40,H1,2025-05-15T04:00:00Z,46.557143,0.8895,11.51,calm,1,low,0,51.35
DE40,H1,2025-05-15T05:00:00Z,45.292857,0.8764,9.72,squeeze,1,low,0,50.19
DE40,H1,2025-05-15T06:00:00Z,41.214286,0.8071,5.75,squeeze,1,low,0,51.81
DE40,H1,2025-05-15T07:00:00Z,35.921429,0.7121,1.79,squeeze,1,low,0,65.86
DE40,H1,2025-05-15T08:00:00Z,36.785714,0.7382,2.58,squeeze,1,low,0,64.60
DE40,H1,2025-05-15T09:00:00Z,36.714286,0.7430,2.58,squeeze,0,off,1,62.35
DE40,H1,2025-05-15T10:00:00Z,43.014286,0.8725,8.13,squeeze,1,low,0,50.90
DE40,H1,2025-05-15T11:00:00Z,45.600000,0.9258,11.31,calm,1,low,0,51.15
DE40,H1,2025-05-15T12:00:00Z,47.178571,0.9577,14.09,calm,1,medium,0,48.56
DE40,H1,2025-05-15T13:00:00Z,49.850000,1.0119,21.23,calm,1,medium,0,51.05
DE40,H1,2025-05-15T14:00:00Z,51.535714,1.0463,24.01,calm,1,medium,0,51.01
DE40,H1,2025-05-15T15:00:00Z,56.328571,1.1410,33.53,normal,1,medium,0,45.25
DE40,H1,2025-05-15T16:00:00Z,58.821429,1.1877,44.25,normal,1,low,0,40.91
DE40,H1,2025-05-15T17:00:00Z,59.714286,1.2030,45.44,normal,0,off,1,36.03
DE40,H1,2025-05-15T18:00:00Z,65.085714,1.3068,53.37,normal,0,off,0,27.48
DE40,H1,2025-05-15T19:00:00Z,65.050000,1.3018,53.37,normal,0,off,0,28.39
DE40,H1,2025-05-15T20:00:00Z,65.585714,1.3089,54.96,normal,0,off,0,27.48
DE40,H1,2025-05-15T21:00:00Z,66.764286,1.3290,56.55,normal,0,off,0,25.65
DE40,H1,2025-05-15T22:00:00Z,64.457143,1.2790,51.79,normal,0,off,0,25.01
DE40,H1,2025-05-15T23:00:00Z,61.328571,1.2146,47.02,normal,0,off,0,23.12
DE40,H1,2025-05-16T00:00:00Z,52.328571,1.0367,25.60,calm,0,off,0,26.54
DE40,H1,2025-05-16T01:00:00Z,47.478571,0.9427,15.28,calm,0,off,0,31.84
DE40,H1,2025-05-16T02:00:00Z,45.342857,0.9016,10.91,calm,0,off,0,32.58
DE40,H1,2025-05-16T03:00:00Z,44.778571,0.8900,9.72,squeeze,0,off,0,32.39
DE40,H1,2025-05-16T04:00:00Z,43.728571,0.8681,8.93,squeeze,0,off,0,31.50
DE40,H1,2025-05-16T05:00:00Z,38.450000,0.7638,3.77,squeeze,0,off,0,36.62
DE40,H1,2025-05-16T06:00:00Z,34.114286,0.6794,1.79,squeeze,0,off,0,40.39
DE40,H1,2025-05-16T07:00:00Z,31.478571,0.6291,0.60,squeeze,0,off,0,42.80
DE40,H1,2025-05-16T08:00:00Z,26.650000,0.5347,0.20,squeeze,0,off,0,45.24
DE40,H1,2025-05-16T09:00:00Z,30.385714,0.6103,0.60,squeeze,0,off,0,47.20
DE40,H1,2025-05-16T10:00:00Z,36.957143,0.7408,4.96,squeeze,0,off,0,47.93
DE40,H1,2025-05-16T11:00:00Z,38.228571,0.7641,5.36,squeeze,0,off,0,46.00
DE40,H1,2025-05-16T12:00:00Z,40.321429,0.8035,7.74,squeeze,0,off,0,42.82
DE40,H1,2025-05-16T13:00:00Z,42.035714,0.8367,9.72,squeeze,0,off,0,44.00
DE40,H1,2025-05-16T14:00:00Z,45.935714,0.9136,14.48,calm,0,off,0,49.35
DE40,H1,2025-05-16T15:00:00Z,53.871429,1.0690,29.96,calm,0,off,0,47.62
DE40,H1,2025-05-16T16:00:00Z,57.157143,1.1307,40.28,normal,0,off,0,44.41
DE40,H1,2025-05-16T17:00:00Z,56.742857,1.1207,39.09,normal,0,off,0,44.26
DE40,H1,2025-05-16T18:00:00Z,61.828571,1.2187,50.60,normal,0,off,0,41.04
DE40,H1,2025-05-16T19:00:00Z,62.778571,1.2367,51.39,normal,0,off,0,41.00
DE40,H1,2025-05-16T20:00:00Z,63.914286,1.2577,53.77,normal,0,off,0,43.18
DE40,H1,2025-05-16T21:00:00Z,63.700000,1.2532,53.37,normal,0,off,0,44.32
DE40,H1,2025-05-16T22:00:00Z,63.092857,1.2420,51.79,normal,0,off,0,43.52
DE40,H1,2025-05-16T23:00:00Z,65.057143,1.2814,57.74,normal,0,off,0,44.90
DE40,H1,2025-05-19T01:00:00Z,64.864286,1.2781,57.34,normal,1,low,0,44.57
DE40,H1,2025-05-19T02:00:00Z,63.764286,1.2571,54.17,normal,1,low,0,44.46
DE40,H1,2025-05-19T03:00:00Z,64.250000,1.2659,55.75,normal,1,low,0,46.95
DE40,H1,2025-05-19T04:00:00Z,62.971429,1.2370,51.79,normal,1,low,0,47.78
DE40,H1,2025-05-19T05:00:00Z,61.235714,1.1987,49.40,normal,1,low,0,47.87
DE40,H1,2025-05-19T06:00:00Z,54.964286,1.0730,32.34,normal,1,low,0,49.36
DE40,H1,2025-05-19T07:00:00Z,52.307143,1.0189,27.18,calm,1,low,0,50.00
DE40,H1,2025-05-19T08:00:00Z,50.350000,0.9788,24.01,calm,1,low,0,51.19
DE40,H1,2025-05-19T09:00:00Z,49.214286,0.9538,21.63,calm,1,low,0,54.82
DE40,H1,2025-05-19T10:00:00Z,52.592857,1.0127,29.56,calm,1,medium,0,53.99
DE40,H1,2025-05-19T11:00:00Z,54.464286,1.0416,33.13,normal,1,medium,0,56.49
DE40,H1,2025-05-19T12:00:00Z,56.842857,1.0788,41.87,normal,1,medium,0,54.89
DE40,H1,2025-05-19T13:00:00Z,58.800000,1.1093,49.40,normal,1,medium,0,54.46
DE40,H1,2025-05-19T14:00:00Z,54.578571,1.0262,33.53,normal,1,medium,0,59.07
DE40,H1,2025-05-19T15:00:00Z,48.128571,0.9046,18.85,calm,1,medium,0,63.57
DE40,H1,2025-05-19T16:00:00Z,52.728571,0.9900,30.75,normal,1,medium,0,55.84
DE40,H1,2025-05-19T17:00:00Z,52.400000,0.9835,29.56,calm,1,low,0,51.96
DE40,H1,2025-05-19T18:00:00Z,57.100000,1.0714,45.04,normal,1,low,0,39.43
DE40,H1,2025-05-19T19:00:00Z,58.650000,1.1006,50.99,normal,0,off,1,35.55
DE40,H1,2025-05-19T20:00:00Z,59.371429,1.1142,52.98,normal,0,off,0,24.09
DE40,H1,2025-05-19T21:00:00Z,59.721429,1.1231,53.77,normal,0,off,0,24.46
DE40,H1,2025-05-19T22:00:00Z,60.550000,1.1406,54.96,normal,0,off,0,23.20
DE40,H1,2025-05-19T23:00:00Z,57.392857,1.0845,47.02,normal,0,off,0,23.17
DE40,H1,2025-05-20T00:00:00Z,51.978571,0.9877,27.58,calm,0,off,0,29.48
DE40,H1,2025-05-20T01:00:00Z,49.957143,0.9545,24.01,calm,0,off,0,25.36
DE40,H1,2025-05-20T02:00:00Z,49.278571,0.9459,21.63,calm,0,off,0,23.63
DE40,H1,2025-05-20T03:00:00Z,50.164286,0.9637,24.80,calm,0,off,0,21.67
DE40,H1,2025-05-20T04:00:00Z,49.628571,0.9526,23.21,calm,0,off,0,22.22
DE40,H1,2025-05-20T05:00:00Z,49.107143,0.9413,21.23,calm,0,off,0,21.12
DE40,H1,2025-05-20T06:00:00Z,43.164286,0.8279,10.52,calm,0,off,0,27.46
DE40,H1,2025-05-20T07:00:00Z,39.707143,0.7627,6.94,squeeze,0,off,0,31.03
DE40,H1,2025-05-20T08:00:00Z,36.057143,0.6933,3.77,squeeze,0,off,0,36.70
DE40,H1,2025-05-20T09:00:00Z,35.771429,0.6873,3.37,squeeze,0,off,0,37.76
DE40,H1,2025-05-20T10:00:00Z,40.021429,0.7665,8.13,squeeze,0,off,0,33.90
DE40,H1,2025-05-20T11:00:00Z,43.042857,0.8192,12.10,calm,0,off,0,32.50
DE40,H1,2025-05-20T12:00:00Z,43.871429,0.8307,14.48,calm,1,low,0,43.97
DE40,H1,2025-05-20T13:00:00Z,44.521429,0.8406,14.88,calm,1,low,0,52.62
DE40,H1,2025-05-20T14:00:00Z,48.035714,0.9036,22.02,calm,1,low,0,52.51
DE40,H1,2025-05-20T15:00:00Z,49.600000,0.9298,27.18,calm,1,low,0,51.63
DE40,H1,2025-05-20T16:00:00Z,49.342857,0.9224,25.99,calm,1,low,0,53.66
DE40,H1,2025-05-20T17:00:00Z,49.221429,0.9190,25.20,calm,1,low,0,56.74
DE40,H1,2025-05-20T18:00:00Z,50.692857,0.9476,30.75,normal,1,low,0,56.39
DE40,H1,2025-05-20T19:00:00Z,51.635714,0.9673,31.94,normal,1,low,0,54.37
DE40,H1,2025-05-20T20:00:00Z,52.335714,0.9820,33.93,normal,1,low,0,53.41
DE40,H1,2025-05-20T21:00:00Z,55.142857,1.0373,40.28,normal,1,low,0,50.77
DE40,H1,2025-05-20T22:00:00Z,55.985714,1.0558,41.07,normal,1,low,0,47.81
DE40,H1,2025-05-20T23:00:00Z,54.414286,1.0299,37.90,normal,1,low,0,48.98
DE40,H1,2025-05-21T00:00:00Z,46.921429,0.8937,17.66,calm,1,low,0,57.18
DE40,H1,2025-05-21T01:00:00Z,45.697143,0.8762,15.67,calm,1,low,0,60.11
DE40,H1,2025-05-21T02:00:00Z,44.068571,0.8519,13.69,calm,1,low,0,63.03
DE40,H1,2025-05-21T03:00:00Z,43.204286,0.8422,12.10,calm,1,low,0,63.52
DE40,H1,2025-05-21T04:00:00Z,41.368571,0.8135,10.52,calm,1,medium,0,62.41
DE40,H1,2025-05-21T05:00:00Z,39.690000,0.7881,7.34,squeeze,1,medium,0,63.07
DE40,H1,2025-05-21T06:00:00Z,37.932857,0.7608,6.15,squeeze,1,high,0,61.07
DE40,H1,2025-05-21T07:00:00Z,36.640000,0.7422,4.96,squeeze,1,high,0,69.12
DE40,H1,2025-05-21T08:00:00Z,35.411429,0.7230,3.37,squeeze,1,high,0,70.16
DE40,H1,2025-05-21T09:00:00Z,38.625714,0.7931,8.13,squeeze,1,medium,0,64.16
DE40,H1,2025-05-21T10:00:00Z,43.825714,0.9023,16.07,calm,1,medium,0,60.41
DE40,H1,2025-05-21T11:00:00Z,46.890000,0.9663,21.63,calm,1,medium,0,59.69
DE40,H1,2025-05-21T12:00:00Z,46.332857,0.9573,20.04,calm,1,medium,0,59.41
DE40,H1,2025-05-21T13:00:00Z,50.861429,1.0524,33.93,normal,1,medium,0,40.68
DE40,H1,2025-05-21T14:00:00Z,55.040000,1.1397,44.25,normal,1,medium,0,39.96
DE40,H1,2025-05-21T15:00:00Z,54.128571,1.1230,42.26,normal,1,medium,0,41.23
DE40,H1,2025-05-21T16:00:00Z,58.100000,1.2037,55.36,normal,1,medium,0,44.80
DE40,H1,2025-05-21T17:00:00Z,62.942857,1.2960,64.48,normal,1,medium,0,41.39
DE40,H1,2025-05-21T18:00:00Z,64.821429,1.3281,71.63,elevated,1,low,0,41.38
DE40,H1,2025-05-21T19:00:00Z,65.021429,1.3254,72.42,elevated,1,low,0,39.52
DE40,H1,2025-05-21T20:00:00Z,80.778571,1.6308,92.26,extreme,1,medium,0,48.01
DE40,H1,2025-05-21T21:00:00Z,82.428571,1.6483,93.45,extreme,1,low,0,47.18
DE40,H1,2025-05-21T22:00:00Z,84.328571,1.6696,93.45,extreme,1,low,0,47.34
DE40,H1,2025-05-21T23:00:00Z,80.857143,1.5876,91.47,extreme,1,low,0,46.50
DE40,H1,2025-05-22T01:00:00Z,77.300000,1.5078,87.50,elevated,1,low,0,45.47
DE40,H1,2025-05-22T02:00:00Z,72.885714,1.4132,83.13,elevated,1,low,0,45.76
DE40,H1,2025-05-22T03:00:00Z,74.107143,1.4246,84.33,elevated,1,low,0,46.62
DE40,H1,2025-05-22T04:00:00Z,69.850000,1.3326,80.36,elevated,1,low,0,45.94
DE40,H1,2025-05-22T05:00:00Z,67.528571,1.2794,77.98,elevated,1,low,0,45.18
DE40,H1,2025-05-22T06:00:00Z,66.321429,1.2489,75.60,elevated,1,low,0,43.55
DE40,H1,2025-05-22T07:00:00Z,63.657143,1.1924,67.26,normal,1,low,0,41.08
DE40,H1,2025-05-22T08:00:00Z,60.471429,1.1279,60.91,normal,1,low,0,38.82
DE40,H1,2025-05-22T09:00:00Z,61.264286,1.1351,62.90,normal,1,low,0,40.03
DE40,H1,2025-05-22T10:00:00Z,68.564286,1.2569,79.96,elevated,1,low,0,43.11
DE40,H1,2025-05-22T11:00:00Z,57.878571,1.0526,54.96,normal,1,low,0,46.41
DE40,H1,2025-05-22T12:00:00Z,57.200000,1.0322,53.37,normal,1,low,0,46.71
DE40,H1,2025-05-22T13:00:00Z,57.164286,1.0252,52.98,normal,1,low,0,44.63
DE40,H1,2025-05-22T14:00:00Z,60.800000,1.0835,62.90,normal,1,low,0,44.31
DE40,H1,2025-05-22T15:00:00Z,63.671429,1.1267,69.25,normal,1,medium,0,46.36
DE40,H1,2025-05-22T16:00:00Z,66.957143,1.1755,78.37,elevated,1,high,0,48.61
DE40,H1,2025-05-22T17:00:00Z,67.692857,1.1803,80.36,elevated,1,medium,0,54.46
DE40,H1,2025-05-22T18:00:00Z,69.007143,1.1951,81.94,elevated,1,medium,0,56.17
DE40,H1,2025-05-22T19:00:00Z,70.435714,1.2110,82.74,elevated,1,medium,0,56.71
DE40,H1,2025-05-22T20:00:00Z,73.942857,1.2606,85.52,elevated,1,medium,0,55.10
DE40,H1,2025-05-22T21:00:00Z,72.121429,1.2206,83.53,elevated,1,low,0,54.15
DE40,H1,2025-05-22T22:00:00Z,72.664286,1.2211,83.93,elevated,1,low,0,52.98
DE40,H1,2025-05-22T23:00:00Z,70.314286,1.1745,81.15,elevated,1,low,0,51.32
DE40,H1,2025-05-23T01:00:00Z,66.357143,1.1043,75.20,elevated,1,low,0,52.70
DE40,H1,2025-05-23T02:00:00Z,62.728571,1.0416,64.48,normal,1,low,0,55.76
DE40,H1,2025-05-23T03:00:00Z,61.692857,1.0219,63.29,normal,1,low,0,57.96
DE40,H1,2025-05-23T04:00:00Z,58.435714,0.9643,56.55,normal,1,low,0,59.00
DE40,H1,2025-05-23T05:00:00Z,53.778571,0.8851,41.07,normal,0,off,1,60.76
DE40,H1,2025-05-23T06:00:00Z,49.142857,0.8074,27.18,calm,0,off,0,63.78
DE40,H1,2025-05-23T07:00:00Z,45.114286,0.7408,18.06,calm,0,off,0,64.29
DE40,H1,2025-05-23T08:00:00Z,42.135714,0.6917,13.29,calm,0,off,0,65.35
DE40,H1,2025-05-23T09:00:00Z,41.964286,0.6884,12.90,calm,0,off,0,65.29
DE40,H1,2025-05-23T10:00:00Z,47.500000,0.7767,24.80,calm,0,off,0,58.07
DE40,H1,2025-05-23T11:00:00Z,45.914286,0.7485,20.83,calm,1,low,0,55.39
DE40,H1,2025-05-23T12:00:00Z,51.171429,0.8300,37.10,normal,1,low,0,54.85
DE40,H1,2025-05-23T13:00:00Z,50.607143,0.8176,35.52,normal,1,medium,0,60.75
DE40,H1,2025-05-23T14:00:00Z,90.278571,1.4370,95.44,extreme,0,off,1,13.34
DE40,H1,2025-05-23T15:00:00Z,103.885714,1.6242,97.42,extreme,0,off,0,12.40
DE40,H1,2025-05-23T16:00:00Z,118.264286,1.8083,99.80,extreme,0,off,0,13.14
DE40,H1,2025-05-23T17:00:00Z,123.200000,1.8430,99.80,extreme,0,off,0,12.63
DE40,H1,2025-05-23T18:00:00Z,126.950000,1.8591,99.80,extreme,0,off,0,13.33
DE40,H1,2025-05-23T19:00:00Z,129.971429,1.8620,99.80,extreme,0,off,0,13.85
DE40,H1,2025-05-23T20:00:00Z,132.942857,1.8645,99.80,extreme,0,off,0,14.95
DE40,H1,2025-05-23T21:00:00Z,136.285714,1.8729,99.80,extreme,0,off,0,15.61
DE40,H1,2025-05-23T22:00:00Z,137.664286,1.8547,99.80,extreme,0,off,0,15.56
DE40,H1,2025-05-23T23:00:00Z,136.250000,1.8011,99.01,extreme,0,off,0,15.33
DE40,H1,2025-05-26T01:00:00Z,145.928571,1.8964,99.80,extreme,0,off,0,15.80
DE40,H1,2025-05-26T02:00:00Z,145.207143,1.8567,99.40,extreme,0,off,0,17.24
DE40,H1,2025-05-26T03:00:00Z,153.480714,1.9284,99.80,extreme,0,off,0,17.29
DE40,H1,2025-05-26T04:00:00Z,152.516429,1.8824,99.40,extreme,0,off,0,17.63
DE40,H1,2025-05-26T05:00:00Z,114.173571,1.3964,95.04,extreme,0,off,0,18.65
DE40,H1,2025-05-26T06:00:00Z,100.980714,1.2266,91.47,extreme,0,off,0,19.72
DE40,H1,2025-05-26T07:00:00Z,86.902143,1.0524,87.90,elevated,0,off,0,22.64
DE40,H1,2025-05-26T08:00:00Z,84.130714,1.0153,87.10,elevated,0,off,0,27.10
DE40,H1,2025-05-26T09:00:00Z,84.645000,1.0173,87.50,elevated,0,off,0,28.56
DE40,H1,2025-05-26T10:00:00Z,88.559286,1.0587,88.29,elevated,0,off,0,29.99
DE40,H1,2025-05-26T11:00:00Z,87.745000,1.0429,87.90,elevated,0,off,0,23.77
DE40,H1,2025-05-26T12:00:00Z,86.452143,1.0213,86.71,elevated,0,off,0,24.86
DE40,H1,2025-05-26T13:00:00Z,85.680714,1.0063,86.31,elevated,0,off,0,32.09
DE40,H1,2025-05-26T14:00:00Z,86.916429,1.0165,87.10,elevated,0,off,0,29.37
DE40,H1,2025-05-26T15:00:00Z,73.173571,0.8527,78.37,elevated,0,off,0,38.34
DE40,H1,2025-05-26T16:00:00Z,73.673571,0.8552,78.77,elevated,0,off,0,35.92
DE40,H1,2025-05-26T17:00:00Z,61.392857,0.7120,58.93,normal,0,off,0,37.98
DE40,H1,2025-05-26T18:00:00Z,62.350000,0.7228,60.12,normal,0,off,0,36.71
DE40,H1,2025-05-26T19:00:00Z,60.428571,0.7011,55.75,normal,0,off,0,38.36
DE40,H1,2025-05-26T20:00:00Z,55.657143,0.6474,45.44,normal,1,low,0,45.38
DE40,H1,2025-05-26T21:00:00Z,52.878571,0.6172,40.28,normal,1,low,0,62.98
DE40,H1,2025-05-26T22:00:00Z,49.021429,0.5749,27.18,calm,1,medium,0,62.24
DE40,H1,2025-05-27T00:00:00Z,43.221429,0.5101,15.67,calm,1,medium,0,71.01
DE40,H1,2025-05-27T01:00:00Z,39.092857,0.4652,8.53,squeeze,1,medium,0,72.72
DE40,H1,2025-05-27T02:00:00Z,36.557143,0.4388,5.36,squeeze,1,high,0,75.30
DE40,H1,2025-05-27T03:00:00Z,36.814286,0.4457,6.94,squeeze,1,high,0,75.07
DE40,H1,2025-05-27T04:00:00Z,36.357143,0.4438,5.36,squeeze,1,medium,0,77.78
DE40,H1,2025-05-27T05:00:00Z,35.171429,0.4326,3.37,squeeze,1,high,0,78.82
DE40,H1,2025-05-27T06:00:00Z,32.907143,0.4078,2.58,squeeze,1,medium,0,80.08
DE40,H1,2025-05-27T07:00:00Z,30.992857,0.3870,0.99,squeeze,1,medium,0,84.44
DE40,H1,2025-05-27T08:00:00Z,31.207143,0.3923,1.79,squeeze,1,medium,0,85.58
DE40,H1,2025-05-27T09:00:00Z,30.614286,0.3871,0.99,squeeze,1,medium,0,86.04
DE40,H1,2025-05-27T10:00:00Z,39.307143,0.4983,12.10,calm,1,low,0,68.21
DE40,H1,2025-05-27T11:00:00Z,43.428571,0.5508,20.04,calm,0,off,1,65.57
DE40,H1,2025-05-27T12:00:00Z,48.264286,0.6111,31.55,normal,0,off,0,48.11
DE40,H1,2025-05-27T13:00:00Z,50.228571,0.6347,38.29,normal,0,off,0,44.75
DE40,H1,2025-05-27T14:00:00Z,51.564286,0.6509,41.87,normal,0,off,0,42.04
DE40,H1,2025-05-27T15:00:00Z,52.300000,0.6591,43.45,normal,0,off,0,41.89
DE40,H1,2025-05-27T16:00:00Z,54.214286,0.6827,49.80,normal,0,off,0,41.91
DE40,H1,2025-05-27T17:00:00Z,58.000000,0.7290,59.72,normal,0,off,0,38.77
DE40,H1,2025-05-27T18:00:00Z,58.592857,0.7424,60.91,normal,0,off,0,37.57
DE40,H1,2025-05-27T19:00:00Z,60.714286,0.7778,65.67,normal,0,off,0,35.82
DE40,H1,2025-05-27T20:00:00Z,59.800000,0.7777,64.09,normal,0,off,0,35.68
DE40,H1,2025-05-27T21:00:00Z,59.114286,0.7818,62.90,normal,0,off,0,33.76
DE40,H1,2025-05-27T22:00:00Z,58.107143,0.7828,60.52,normal,0,off,0,34.00
DE40,H1,2025-05-27T23:00:00Z,57.357143,0.7881,58.53,normal,0,off,0,33.71
DE40,H1,2025-05-28T01:00:00Z,48.400000,0.6808,31.94,normal,0,off,0,40.38
DE40,H1,2025-05-28T02:00:00Z,44.707143,0.6455,23.21,calm,0,off,0,43.27
DE40,H1,2025-05-28T03:00:00Z,42.957143,0.6377,18.06,calm,0,off,0,43.79
DE40,H1,2025-05-28T04:00:00Z,42.414286,0.6477,18.06,calm,0,off,0,43.47
DE40,H1,2025-05-28T05:00:00Z,44.114286,0.6953,23.61,calm,0,off,0,43.90
DE40,H1,2025-05-28T06:00:00Z,41.242857,0.6720,16.47,calm,1,low,0,49.69
DE40,H1,2025-05-28T07:00:00Z,40.314286,0.6821,14.88,calm,1,low,0,59.73
DE40,H1,2025-05-28T08:00:00Z,34.028571,0.5998,4.56,squeeze,1,low,0,73.36
DE40,H1,2025-05-28T09:00:00Z,34.542857,0.6264,5.36,squeeze,1,low,0,70.62
DE40,H1,2025-05-28T10:00:00Z,37.300000,0.6924,10.91,calm,1,low,0,68.91
DE40,H1,2025-05-28T11:00:00Z,44.435714,0.8381,25.99,calm,1,low,0,68.82
DE40,H1,2025-05-28T12:00:00Z,48.478571,0.9268,35.52,normal,1,low,0,58.36
DE40,H1,2025-05-28T13:00:00Z,49.921429,0.9672,40.67,normal,1,low,0,56.28
DE40,H1,2025-05-28T14:00:00Z,53.364286,1.0482,50.60,normal,1,low,0,47.99
DE40,H1,2025-05-28T15:00:00Z,57.157143,1.1364,58.13,normal,0,off,1,34.13
DE40,H1,2025-05-28T16:00:00Z,61.871429,1.2422,70.83,elevated,0,off,0,34.62
DE40,H1,2025-05-28T17:00:00Z,65.185714,1.3196,79.96,elevated,0,off,0,32.29
DE40,H1,2025-05-28T18:00:00Z,68.500000,1.3971,83.53,elevated,0,off,0,30.84
DE40,H1,2025-05-28T19:00:00Z,69.007143,1.4099,83.93,elevated,0,off,0,31.33
DE40,H1,2025-05-28T20:00:00Z,69.478571,1.4219,84.33,elevated,0,off,0,31.15
DE40,H1,2025-05-28T21:00:00Z,70.621429,1.4399,85.52,elevated,0,off,0,31.15
DE40,H1,2025-05-28T22:00:00Z,73.864286,1.4990,87.50,elevated,0,off,0,33.05
DE40,H1,2025-05-28T23:00:00Z,75.928571,1.5312,88.29,elevated,0,off,0,35.78
DE40,H1,2025-05-29T01:00:00Z,75.857143,1.5174,87.90,elevated,0,off,0,38.39
DE40,H1,2025-05-29T02:00:00Z,80.071429,1.5845,88.69,elevated,0,off,0,37.98
DE40,H1,2025-05-29T03:00:00Z,92.387143,1.7974,93.85,extreme,1,low,0,43.97
DE40,H1,2025-05-29T04:00:00Z,95.680000,1.8242,93.85,extreme,0,off,1,43.72
DE40,H1,2025-05-29T05:00:00Z,92.751429,1.7329,93.45,extreme,0,off,0,44.56
DE40,H1,2025-05-29T06:00:00Z,92.937143,1.7005,93.45,extreme,0,off,0,43.17
DE40,H1,2025-05-29T07:00:00Z,89.594286,1.6083,91.87,extreme,0,off,0,41.63
DE40,H1,2025-05-29T08:00:00Z,87.022857,1.5342,90.67,extreme,0,off,0,39.28
DE40,H1,2025-05-29T09:00:00Z,87.044286,1.5071,90.67,extreme,0,off,0,40.17
DE40,H1,2025-05-29T10:00:00Z,94.751429,1.6061,93.45,extreme,0,off,0,41.94
DE40,H1,2025-05-29T11:00:00Z,103.072857,1.7055,94.25,extreme,0,off,0,42.93
DE40,H1,2025-05-29T12:00:00Z,103.258571,1.6688,94.25,extreme,0,off,0,42.23
DE40,H1,2025-05-29T13:00:00Z,102.051429,1.6120,93.45,extreme,0,off,0,42.09
DE40,H1,2025-05-29T14:00:00Z,100.644286,1.5596,92.66,extreme,0,off,0,40.63
DE40,H1,2025-05-29T15:00:00Z,100.522857,1.5306,92.26,extreme,0,off,0,40.29
DE40,H1,2025-05-29T16:00:00Z,94.230000,1.4150,91.07,extreme,0,off,0,40.68
DE40,H1,2025-05-29T17:00:00Z,83.321429,1.2389,84.33,elevated,0,off,0,37.43
DE40,H1,2025-05-29T18:00:00Z,85.492857,1.2585,85.52,elevated,0,off,0,34.31
DE40,H1,2025-05-29T19:00:00Z,89.892857,1.3087,89.09,elevated,0,off,0,33.87
DE40,H1,2025-05-29T20:00:00Z,89.257143,1.2864,88.29,elevated,0,off,0,32.53
DE40,H1,2025-05-29T21:00:00Z,88.978571,1.2710,87.90,elevated,0,off,0,29.01
DE40,H1,2025-05-29T22:00:00Z,89.735714,1.2705,88.69,elevated,0,off,0,25.86
DE40,H1,2025-05-29T23:00:00Z,86.500000,1.2158,84.72,elevated,0,off,0,18.39
DE40,H1,2025-05-30T00:00:00Z,75.050000,1.0504,78.77,elevated,0,off,0,20.48
DE40,H1,2025-05-30T01:00:00Z,67.535714,0.9430,71.23,elevated,0,off,0,24.97
DE40,H1,2025-05-30T02:00:00Z,66.792857,0.9304,70.04,elevated,0,off,0,26.16
DE40,H1,2025-05-30T03:00:00Z,69.464286,0.9643,73.21,elevated,0,off,0,24.78
DE40,H1,2025-05-30T04:00:00Z,69.664286,0.9614,73.61,elevated,0,off,0,28.57
DE40,H1,2025-05-30T05:00:00Z,64.892857,0.8906,65.28,normal,0,off,0,34.60
DE40,H1,2025-05-30T06:00:00Z,59.200000,0.8089,52.58,normal,0,off,0,40.63
DE40,H1,2025-05-30T07:00:00Z,54.600000,0.7435,42.26,normal,0,off,0,47.01
DE40,H1,2025-05-30T08:00:00Z,49.657143,0.6752,30.36,normal,0,off,0,58.43
DE40,H1,2025-05-30T09:00:00Z,46.328571,0.6291,22.82,calm,1,low,0,64.14
DE40,H1,2025-05-30T10:00:00Z,51.457143,0.6966,34.72,normal,1,medium,0,68.23
DE40,H1,2025-05-30T11:00:00Z,53.978571,0.7268,40.67,normal,1,low,0,62.60
DE40,H1,2025-05-30T12:00:00Z,53.550000,0.7174,39.88,normal,0,off,1,58.77
DE40,H1,2025-05-30T13:00:00Z,53.971429,0.7198,41.07,normal,0,off,0,56.09
DE40,H1,2025-05-30T14:00:00Z,58.921429,0.7828,52.98,normal,0,off,0,48.68
DE40,H1,2025-05-30T15:00:00Z,65.414286,0.8652,67.66,normal,0,off,0,49.87
DE40,H1,2025-05-30T16:00:00Z,69.285714,0.9117,72.42,elevated,0,off,0,48.16
DE40,H1,2025-05-30T17:00:00Z,72.100000,0.9441,75.20,elevated,0,off,0,49.01
DE40,H1,2025-05-30T18:00:00Z,73.821429,0.9624,77.18,elevated,0,off,0,48.72
DE40,H1,2025-05-30T19:00:00Z,81.764286,1.0605,81.15,elevated,0,off,0,41.48
DE40,H1,2025-05-30T20:00:00Z,84.192857,1.0866,82.34,elevated,0,off,0,40.06
DE40,H1,2025-05-30T21:00:00Z,88.257143,1.1333,86.71,elevated,0,off,0,41.61
DE40,H1,2025-05-30T22:00:00Z,87.885714,1.1231,86.31,elevated,0,off,0,41.70
DE40,H1,2025-05-30T23:00:00Z,87.085714,1.1079,85.52,elevated,0,off,0,43.70
DE40,H1,2025-06-02T01:00:00Z,83.685714,1.0611,80.36,elevated,1,low,0,47.00
DE40,H1,2025-06-02T02:00:00Z,80.642857,1.0207,77.98,elevated,1,low,0,50.55
DE40,H1,2025-06-02T03:00:00Z,79.107143,1.0005,77.18,elevated,1,low,0,52.86
DE40,H1,2025-06-02T04:00:00Z,78.778571,0.9956,76.79,elevated,1,low,0,53.20
DE40,H1,2025-06-02T05:00:00Z,75.321429,0.9531,75.20,elevated,1,low,0,56.50
DE40,H1,2025-06-02T06:00:00Z,68.007143,0.8659,65.67,normal,1,low,0,61.95
DE40,H1,2025-06-02T07:00:00Z,62.878571,0.8073,56.15,normal,1,low,0,63.56
DE40,H1,2025-06-02T08:00:00Z,57.964286,0.7509,45.04,normal,1,low,0,65.51
DE40,H1,2025-06-02T09:00:00Z,58.414286,0.7636,46.23,normal,1,low,0,64.00
DE40,H1,2025-06-02T10:00:00Z,64.885714,0.8537,60.52,normal,1,low,0,53.38
DE40,H1,2025-06-02T11:00:00Z,69.100000,0.9134,67.26,normal,1,low,0,53.18
DE40,H1,2025-06-02T12:00:00Z,69.885714,0.9280,69.25,normal,1,low,0,53.28
DE40,H1,2025-06-02T13:00:00Z,70.707143,0.9450,70.44,elevated,1,medium,0,54.17
DE40,H1,2025-06-02T14:00:00Z,71.750000,0.9670,70.44,elevated,1,low,0,58.02
DE40,H1,2025-06-02T15:00:00Z,71.185714,0.9678,70.04,elevated,1,low,0,59.13
DE40,H1,2025-06-02T16:00:00Z,80.107143,1.0956,77.58,elevated,1,low,0,52.64
DE40,H1,2025-06-02T17:00:00Z,92.821429,1.2722,90.28,extreme,1,low,0,52.93
DE40,H1,2025-06-02T18:00:00Z,93.921429,1.2896,90.67,extreme,1,low,0,47.67
DE40,H1,2025-06-02T19:00:00Z,94.814286,1.3017,91.47,extreme,1,low,0,47.60
DE40,H1,2025-06-02T20:00:00Z,94.421429,1.2923,90.67,extreme,1,medium,0,51.17
DE40,H1,2025-06-02T21:00:00Z,99.157143,1.3521,91.87,extreme,1,low,0,46.88
DE40,H1,2025-06-02T22:00:00Z,97.285714,1.3239,91.47,extreme,1,low,0,46.74
DE40,H1,2025-06-02T23:00:00Z,92.750000,1.2610,87.50,elevated,1,low,0,45.07
DE40,H1,2025-06-03T01:00:00Z,78.585714,1.0714,73.21,elevated,0,off,1,47.02
DE40,H1,2025-06-03T02:00:00Z,75.000000,1.0267,70.83,elevated,0,off,0,49.88
DE40,H1,2025-06-03T03:00:00Z,70.350000,0.9673,64.48,normal,0,off,0,52.35
DE40,H1,2025-06-03T04:00:00Z,67.464286,0.9296,57.74,normal,0,off,0,53.84
DE40,H1,2025-06-03T05:00:00Z,65.900000,0.9084,55.75,normal,0,off,0,55.33
DE40,H1,2025-06-03T06:00:00Z,61.714286,0.8519,50.20,normal,0,off,0,56.27
DE40,H1,2025-06-03T07:00:00Z,51.771429,0.7182,29.56,calm,0,off,0,55.97
DE40,H1,2025-06-03T08:00:00Z,38.114286,0.5334,6.55,squeeze,0,off,0,58.80
DE40,H1,2025-06-03T09:00:00Z,37.492857,0.5287,6.15,squeeze,0,off,0,56.21
DE40,H1,2025-06-03T10:00:00Z,52.007143,0.7349,31.15,normal,0,off,0,56.13
DE40,H1,2025-06-03T11:00:00Z,57.921429,0.8177,41.07,normal,0,off,0,51.86
DE40,H1,2025-06-03T12:00:00Z,56.864286,0.8012,37.90,normal,1,low,0,52.61
DE40,H1,2025-06-03T13:00:00Z,57.842857,0.8123,40.28,normal,1,low,0,48.30
DE40,H1,2025-06-03T14:00:00Z,60.064286,0.8415,46.63,normal,1,low,0,51.27
DE40,H1,2025-06-03T15:00:00Z,62.128571,0.8684,50.60,normal,1,low,0,48.83
DE40,H1,2025-06-03T16:00:00Z,63.335714,0.8829,52.18,normal,1,low,0,50.19
DE40,H1,2025-06-03T17:00:00Z,66.192857,0.9196,55.75,normal,1,low,0,49.97
DE40,H1,2025-06-03T18:00:00Z,70.842857,0.9809,65.67,normal,1,low,0,46.50
DE40,H1,2025-06-03T19:00:00Z,69.442857,0.9605,61.31,normal,1,low,0,47.92
DE40,H1,2025-06-03T20:00:00Z,69.335714,0.9590,60.91,normal,0,off,1,44.70
DE40,H1,2025-06-03T21:00:00Z,70.821429,0.9799,65.28,normal,0,off,0,42.47
DE40,H1,2025-06-03T22:00:00Z,70.971429,0.9827,65.67,normal,0,off,0,39.53
DE40,H1,2025-06-03T23:00:00Z,69.328571,0.9633,59.72,normal,0,off,0,40.54
DE40,H1,2025-06-04T00:00:00Z,52.500000,0.7360,29.96,calm,0,off,0,53.24
DE40,H1,2025-06-04T01:00:00Z,46.800000,0.6638,19.25,calm,0,off,0,53.55
DE40,H1,2025-06-04T02:00:00Z,42.521429,0.6109,12.10,calm,0,off,0,55.55
DE40,H1,2025-06-04T03:00:00Z,42.164286,0.6137,11.31,calm,0,off,0,55.37
DE40,H1,2025-06-04T04:00:00Z,38.871429,0.5733,7.34,squeeze,0,off,0,53.13
DE40,H1,2025-06-04T05:00:00Z,35.685714,0.5334,3.37,squeeze,0,off,0,50.01
DE40,H1,2025-06-04T06:00:00Z,31.785714,0.4819,1.39,squeeze,0,off,0,45.45
DE40,H1,2025-06-04T07:00:00Z,27.828571,0.4285,0.20,squeeze,0,off,0,48.55
DE40,H1,2025-06-04T08:00:00Z,25.007143,0.3911,0.20,squeeze,0,off,0,44.83
DE40,H1,2025-06-04T09:00:00Z,28.307143,0.4483,0.99,squeeze,0,off,0,53.77
DE40,H1,2025-06-04T10:00:00Z,33.585714,0.5369,3.37,squeeze,0,off,0,57.02
DE40,H1,2025-06-04T11:00:00Z,34.992857,0.5635,4.56,squeeze,0,off,0,53.63
DE40,H1,2025-06-04T12:00:00Z,39.807143,0.6449,11.31,calm,0,off,0,50.06
DE40,H1,2025-06-04T13:00:00Z,42.935714,0.7006,14.88,calm,0,off,0,46.64
DE40,H1,2025-06-04T14:00:00Z,46.957143,0.7718,22.02,calm,0,off,0,49.22
DE40,H1,2025-06-04T15:00:00Z,51.785714,0.8563,28.37,calm,0,off,0,51.60
DE40,H1,2025-06-04T16:00:00Z,57.392857,0.9532,37.50,normal,0,off,0,49.69
DE40,H1,2025-06-04T17:00:00Z,62.785714,1.0458,48.21,normal,0,off,0,52.29
DE40,H1,2025-06-04T18:00:00Z,65.078571,1.0862,51.79,normal,0,off,0,40.32
DE40,H1,2025-06-04T19:00:00Z,66.550000,1.1159,54.17,normal,0,off,0,39.23
DE40,H1,2025-06-04T20:00:00Z,66.700000,1.1283,54.17,normal,0,off,0,39.62
DE40,H1,2025-06-04T21:00:00Z,67.607143,1.1539,56.15,normal,0,off,0,41.11
DE40,H1,2025-06-04T22:00:00Z,66.142857,1.1400,51.79,normal,0,off,0,42.22
DE40,H1,2025-06-04T23:00:00Z,62.121429,1.0828,44.64,normal,1,low,0,42.61
DE40,H1,2025-06-05T00:00:00Z,55.271429,0.9784,31.94,normal,1,low,0,49.25
DE40,H1,2025-06-05T01:00:00Z,53.400000,0.9601,28.37,calm,1,low,0,51.46
DE40,H1,2025-06-05T02:00:00Z,47.521429,0.8686,20.04,calm,1,medium,0,57.78
DE40,H1,2025-06-05T03:00:00Z,45.442857,0.8408,16.87,calm,1,medium,0,60.56
DE40,H1,2025-06-05T04:00:00Z,42.992857,0.8050,13.69,calm,1,high,0,62.95
DE40,H1,2025-06-05T05:00:00Z,37.121429,0.7038,6.94,squeeze,1,high,0,68.43
DE40,H1,2025-06-05T06:00:00Z,31.221429,0.6002,2.58,squeeze,1,medium,0,71.45
DE40,H1,2025-06-05T07:00:00Z,23.628571,0.4617,0.20,squeeze,1,high,0,69.67
DE40,H1,2025-06-05T08:00:00Z,21.835714,0.4334,0.20,squeeze,1,medium,0,77.11
DE40,H1,2025-06-05T09:00:00Z,21.514286,0.4323,0.20,squeeze,1,medium,0,75.64
DE40,H1,2025-06-05T10:00:00Z,26.428571,0.5335,1.79,squeeze,1,medium,0,68.08
DE40,H1,2025-06-05T11:00:00Z,29.514286,0.5977,2.98,squeeze,1,low,0,57.98
DE40,H1,2025-06-05T12:00:00Z,30.557143,0.6243,3.37,squeeze,1,low,0,56.05
DE40,H1,2025-06-05T13:00:00Z,32.792857,0.6769,5.75,squeeze,0,off,1,66.40
DE40,H1,2025-06-05T14:00:00Z,35.607143,0.7415,8.53,squeeze,0,off,0,61.69
DE40,H1,2025-06-05T15:00:00Z,45.421429,0.9508,20.04,calm,0,off,0,42.09
DE40,H1,2025-06-05T16:00:00Z,59.057143,1.2367,40.67,normal,1,low,0,40.70
DE40,H1,2025-06-05T17:00:00Z,66.885714,1.3979,54.96,normal,1,low,0,34.73
DE40,H1,2025-06-05T18:00:00Z,69.192857,1.4426,60.12,normal,1,low,0,35.61
DE40,H1,2025-06-05T19:00:00Z,75.885714,1.5757,73.61,elevated,1,low,0,40.23
DE40,H1,2025-06-05T20:00:00Z,81.214286,1.6791,76.79,elevated,1,low,0,40.86
DE40,H1,2025-06-05T21:00:00Z,86.671429,1.7793,80.75,elevated,1,medium,0,43.28
DE40,H1,2025-06-05T22:00:00Z,91.457143,1.8606,86.71,elevated,1,medium,0,48.08
DE40,H1,2025-06-05T23:00:00Z,92.571429,1.8668,87.10,elevated,1,medium,0,47.61
DE40,H1,2025-06-06T01:00:00Z,90.485714,1.8105,85.91,elevated,1,medium,0,49.18
DE40,H1,2025-06-06T02:00:00Z,87.571429,1.7395,81.55,elevated,1,medium,0,49.19
DE40,H1,2025-06-06T03:00:00Z,88.464286,1.7325,82.74,elevated,1,medium,0,50.08
DE40,H1,2025-06-06T04:00:00Z,87.021429,1.6778,79.56,elevated,1,medium,0,50.13
DE40,H1,2025-06-06T05:00:00Z,85.428571,1.6203,76.39,elevated,1,medium,0,49.95
DE40,H1,2025-06-06T06:00:00Z,75.342857,1.4112,69.64,normal,1,medium,0,49.37
DE40,H1,2025-06-06T07:00:00Z,64.128571,1.1899,48.21,normal,1,medium,0,49.29
DE40,H1,2025-06-06T08:00:00Z,55.907143,1.0296,34.33,normal,1,medium,0,51.60
DE40,H1,2025-06-06T09:00:00Z,54.571429,0.9967,33.13,normal,1,medium,0,53.30
DE40,H1,2025-06-06T10:00:00Z,54.764286,0.9904,33.93,normal,1,medium,0,56.22
DE40,H1,2025-06-06T11:00:00Z,53.107143,0.9508,30.36,normal,1,medium,0,59.00
DE40,H1,2025-06-06T12:00:00Z,50.364286,0.8946,26.39,calm,1,high,0,65.58
DE40,H1,2025-06-06T13:00:00Z,45.857143,0.8110,20.83,calm,1,medium,0,70.80
DE40,H1,2025-06-06T14:00:00Z,45.292857,0.7981,20.04,calm,1,medium,0,70.88
DE40,H1,2025-06-06T15:00:00Z,46.157143,0.8116,22.02,calm,1,high,0,69.93
DE40,H1,2025-06-06T16:00:00Z,50.735714,0.8896,28.37,calm,1,high,0,66.15
DE40,H1,2025-06-06T17:00:00Z,51.257143,0.8974,29.17,calm,1,medium,0,66.81
DE40,H1,2025-06-06T18:00:00Z,53.371429,0.9339,33.53,normal,1,medium,0,64.32
DE40,H1,2025-06-06T19:00:00Z,56.300000,0.9855,38.69,normal,1,medium,0,62.10
DE40,H1,2025-06-06T20:00:00Z,57.042857,1.0005,39.48,normal,1,high,0,60.98
DE40,H1,2025-06-06T21:00:00Z,55.250000,0.9725,37.50,normal,1,medium,0,62.74
DE40,H1,2025-06-06T22:00:00Z,54.628571,0.9656,37.10,normal,1,high,0,63.18
DE40,H1,2025-06-06T23:00:00Z,53.800000,0.9553,35.12,normal,1,medium,0,61.70
DE40,H1,2025-06-09T01:00:00Z,51.528571,0.9202,29.96,calm,1,high,0,65.43
DE40,H1,2025-06-09T02:00:00Z,49.150000,0.8831,25.99,calm,1,high,0,67.59
DE40,H1,2025-06-09T03:00:00Z,47.757143,0.8625,24.01,calm,1,high,0,69.57
DE40,H1,2025-06-09T04:00:00Z,47.214286,0.8552,22.82,calm,1,high,0,69.71
DE40,H1,2025-06-09T05:00:00Z,47.442857,0.8612,22.82,calm,1,high,0,70.32
DE40,H1,2025-06-09T06:00:00Z,43.964286,0.7991,17.66,calm,1,high,0,74.72
DE40,H1,2025-06-09T07:00:00Z,38.185714,0.6959,12.10,calm,1,high,0,79.74
DE40,H1,2025-06-09T08:00:00Z,35.485714,0.6485,8.53,squeeze,1,high,0,82.65
DE40,H1,2025-06-09T09:00:00Z,34.292857,0.6273,7.34,squeeze,1,high,0,84.10
DE40,H1,2025-06-09T10:00:00Z,40.400000,0.7366,15.28,calm,1,medium,0,68.55
DE40,H1,2025-06-09T11:00:00Z,41.835714,0.7577,16.07,calm,1,medium,0,67.44
DE40,H1,2025-06-09T12:00:00Z,45.771429,0.8219,22.42,calm,1,medium,0,62.72
DE40,H1,2025-06-09T13:00:00Z,47.971429,0.8532,26.39,calm,1,low,0,59.07
DE40,H1,2025-06-09T14:00:00Z,51.400000,0.9062,31.15,normal,0,off,1,47.89
DE40,H1,2025-06-09T15:00:00Z,49.428571,0.8653,28.77,calm,0,off,0,44.64
DE40,H1,2025-06-09T16:00:00Z,51.892857,0.9018,33.93,normal,0,off,0,42.03
DE40,H1,2025-06-09T17:00:00Z,52.435714,0.9050,35.12,normal,0,off,0,42.90
DE40,H1,2025-06-09T18:00:00Z,54.642857,0.9369,41.07,normal,0,off,0,43.69
DE40,H1,2025-06-09T19:00:00Z,54.471429,0.9311,39.88,normal,0,off,0,45.23
DE40,H1,2025-06-09T20:00:00Z,54.592857,0.9346,40.67,normal,0,off,0,46.34
DE40,H1,2025-06-09T21:00:00Z,55.842857,0.9596,43.85,normal,0,off,0,49.95
DE40,H1,2025-06-09T22:00:00Z,57.392857,0.9903,46.63,normal,0,off,0,48.62
DE40,H1,2025-06-09T23:00:00Z,55.750000,0.9687,43.85,normal,0,off,0,51.90
DE40,H1,2025-06-10T01:00:00Z,46.778571,0.8226,24.01,calm,0,off,0,59.99
DE40,H1,2025-06-10T02:00:00Z,43.514286,0.7770,19.64,calm,0,off,0,65.17
DE40,H1,2025-06-10T03:00:00Z,41.200000,0.7492,15.67,calm,1,low,0,67.82
DE40,H1,2025-06-10T04:00:00Z,42.957143,0.7955,18.45,calm,1,low,0,66.87
DE40,H1,2025-06-10T05:00:00Z,39.421429,0.7441,14.48,calm,1,low,0,70.81
DE40,H1,2025-06-10T06:00:00Z,37.314286,0.7179,12.10,calm,1,low,0,72.44
DE40,H1,2025-06-10T07:00:00Z,33.821429,0.6647,6.94,squeeze,1,low,0,78.70
DE40,H1,2025-06-10T08:00:00Z,39.300000,0.7871,14.88,calm,1,low,0,73.76
DE40,H1,2025-06-10T09:00:00Z,38.728571,0.7905,14.09,calm,1,low,0,72.80
DE40,H1,2025-06-10T10:00:00Z,42.714286,0.8836,20.04,calm,1,low,0,67.58
DE40,H1,2025-06-10T11:00:00Z,53.200000,1.1055,40.67,normal,0,off,1,33.59
DE40,H1,2025-06-10T12:00:00Z,57.800000,1.2001,52.18,normal,0,off,0,36.03
DE40,H1,2025-06-10T13:00:00Z,57.428571,1.1910,52.18,normal,0,off,0,35.55
DE40,H1,2025-06-10T14:00:00Z,60.307143,1.2478,58.13,normal,0,off,0,36.03
DE40,H1,2025-06-10T15:00:00Z,63.435714,1.3070,61.71,normal,0,off,0,36.98
DE40,H1,2025-06-10T16:00:00Z,66.907143,1.3692,66.87,normal,0,off,0,37.40
DE40,H1,2025-06-10T17:00:00Z,71.964286,1.4571,76.39,elevated,0,off,0,41.36
DE40,H1,2025-06-10T18:00:00Z,70.564286,1.4143,73.21,elevated,0,off,0,40.44
DE40,H1,2025-06-10T19:00:00Z,71.235714,1.4135,75.60,elevated,0,off,0,38.52
DE40,H1,2025-06-10T20:00:00Z,72.257143,1.4216,76.79,elevated,0,off,0,38.75
DE40,H1,2025-06-10T21:00:00Z,74.092857,1.4448,77.58,elevated,0,off,0,37.82
DE40,H1,2025-06-10T22:00:00Z,67.864286,1.3159,66.07,normal,0,off,0,38.31
DE40,H1,2025-06-10T23:00:00Z,66.564286,1.2855,62.90,normal,0,off,0,35.74
DE40,H1,2025-06-11T00:00:00Z,59.871429,1.1550,54.17,normal,0,off,0,32.37
DE40,H1,2025-06-11T01:00:00Z,49.450000,0.9561,29.96,calm,0,off,0,41.14
DE40,H1,2025-06-11T02:00:00Z,47.371429,0.9185,25.99,calm,0,off,0,44.18
DE40,H1,2025-06-11T03:00:00Z,47.557143,0.9243,26.79,calm,0,off,0,44.13
DE40,H1,2025-06-11T04:00:00Z,47.192857,0.9188,24.80,calm,0,off,0,45.53
DE40,H1,2025-06-11T05:00:00Z,44.592857,0.8697,20.04,calm,1,low,0,55.33
DE40,H1,2025-06-11T06:00:00Z,44.378571,0.8667,19.25,calm,1,low,0,56.03
DE40,H1,2025-06-11T07:00:00Z,39.028571,0.7647,11.71,calm,0,off,1,58.51
DE40,H1,2025-06-11T08:00:00Z,41.585714,0.8166,14.88,calm,0,off,0,54.64
DE40,H1,2025-06-11T09:00:00Z,43.128571,0.8472,18.85,calm,0,off,0,53.93
DE40,H1,2025-06-11T10:00:00Z,46.735714,0.9150,24.80,calm,0,off,0,51.99
DE40,H1,2025-06-11T11:00:00Z,48.114286,0.9374,29.56,calm,0,off,0,50.83
DE40,H1,2025-06-11T12:00:00Z,50.064286,0.9694,32.74,normal,1,low,0,49.86
DE40,H1,2025-06-11T13:00:00Z,53.921429,1.0386,40.67,normal,1,low,0,49.16
DE40,H1,2025-06-11T14:00:00Z,59.585714,1.1399,53.77,normal,1,low,0,45.61
DE40,H1,2025-06-11T15:00:00Z,71.100000,1.3472,74.01,elevated,1,low,0,37.32
DE40,H1,2025-06-11T16:00:00Z,75.314286,1.4124,78.37,elevated,1,low,0,41.20
DE40,H1,2025-06-11T17:00:00Z,76.021429,1.4126,80.36,elevated,1,low,0,41.54
DE40,H1,2025-06-11T18:00:00Z,77.914286,1.4326,80.36,elevated,1,low,0,43.39
DE40,H1,2025-06-11T19:00:00Z,78.892857,1.4363,81.15,elevated,1,low,0,42.84
DE40,H1,2025-06-11T20:00:00Z,78.285714,1.4120,79.96,elevated,1,low,0,42.39
DE40,H1,2025-06-11T21:00:00Z,81.678571,1.4590,83.13,elevated,1,low,0,43.58
DE40,H1,2025-06-11T22:00:00Z,78.007143,1.3818,79.17,elevated,1,low,0,40.82
DE40,H1,2025-06-11T23:00:00Z,75.971429,1.3356,77.98,elevated,1,low,0,39.37
DE40,H1,2025-06-12T00:00:00Z,69.778571,1.2207,67.26,normal,0,off,1,37.20
DE40,H1,2025-06-12T01:00:00Z,68.950000,1.2014,62.90,normal,0,off,0,37.49
DE40,H1,2025-06-12T02:00:00Z,67.735714,1.1753,61.31,normal,0,off,0,35.79
DE40,H1,2025-06-12T03:00:00Z,66.507143,1.1461,57.34,normal,0,off,0,31.59
DE40,H1,2025-06-12T04:00:00Z,65.335714,1.1176,55.36,normal,0,off,0,27.59
DE40,H1,2025-06-12T05:00:00Z,54.128571,0.9218,37.50,normal,0,off,0,38.53
DE40,H1,2025-06-12T06:00:00Z,46.657143,0.7935,20.83,calm,0,off,0,41.96
DE40,H1,2025-06-12T07:00:00Z,44.607143,0.7573,18.06,calm,0,off,0,41.36
DE40,H1,2025-06-12T08:00:00Z,42.164286,0.7147,13.69,calm,0,off,0,43.22
DE40,H1,2025-06-12T09:00:00Z,43.564286,0.7360,17.26,calm,0,off,0,42.52
DE40,H1,2025-06-12T10:00:00Z,53.035714,0.8919,34.33,normal,0,off,0,39.26
DE40,H1,2025-06-12T11:00:00Z,53.871429,0.9013,37.10,normal,0,off,0,38.28
DE40,H1,2025-06-12T12:00:00Z,55.735714,0.9285,42.66,normal,0,off,0,37.00
DE40,H1,2025-06-12T13:00:00Z,60.057143,0.9982,50.60,normal,0,off,0,30.56
DE40,H1,2025-06-12T14:00:00Z,63.821429,1.0586,54.56,normal,0,off,0,30.22
DE40,H1,2025-06-12T15:00:00Z,66.092857,1.0932,57.74,normal,0,off,0,29.14
DE40,H1,2025-06-12T16:00:00Z,67.385714,1.1119,61.71,normal,0,off,0,33.89
DE40,H1,2025-06-12T17:00:00Z,71.721429,1.1803,72.42,elevated,0,off,0,42.17
DE40,H1,2025-06-12T18:00:00Z,76.221429,1.2505,78.37,elevated,1,low,0,46.29
DE40,H1,2025-06-12T19:00:00Z,77.785714,1.2737,78.77,elevated,1,low,0,47.68
DE40,H1,2025-06-12T20:00:00Z,78.521429,1.2824,80.36,elevated,1,low,0,46.57
DE40,H1,2025-06-12T21:00:00Z,79.535714,1.2955,82.34,elevated,1,low,0,45.55
DE40,H1,2025-06-12T22:00:00Z,78.900000,1.2823,81.94,elevated,1,medium,0,46.52
DE40,H1,2025-06-12T23:00:00Z,76.564286,1.2434,78.77,elevated,1,medium,0,47.95
DE40,H1,2025-06-13T01:00:00Z,66.800000,1.0852,60.91,normal,1,medium,0,50.12
DE40,H1,2025-06-13T02:00:00Z,64.828571,1.0538,55.36,normal,1,medium,0,54.03
DE40,H1,2025-06-13T03:00:00Z,84.392857,1.3609,87.50,elevated,0,off,1,18.94
DE40,H1,2025-06-13T04:00:00Z,90.535714,1.4409,93.85,extreme,0,off,0,22.79
DE40,H1,2025-06-13T05:00:00Z,97.742857,1.5310,97.82,extreme,0,off,0,25.95
DE40,H1,2025-06-13T06:00:00Z,99.157143,1.5285,98.61,extreme,0,off,0,26.71
DE40,H1,2025-06-13T07:00:00Z,99.600000,1.5109,99.01,extreme,0,off,0,23.13
DE40,H1,2025-06-13T08:00:00Z,98.757143,1.4739,98.21,extreme,0,off,0,21.15
DE40,H1,2025-06-13T09:00:00Z,98.728571,1.4499,98.21,extreme,0,off,0,22.57
DE40,H1,2025-06-13T10:00:00Z,105.728571,1.5229,99.80,extreme,0,off,0,25.37
DE40,H1,2025-06-13T11:00:00Z,118.192857,1.6657,99.80,extreme,0,off,0,28.08
DE40,H1,2025-06-13T12:00:00Z,121.942857,1.6812,99.80,extreme,0,off,0,27.70
DE40,H1,2025-06-13T13:00:00Z,125.671429,1.6957,99.80,extreme,0,off,0,27.63
DE40,H1,2025-06-13T14:00:00Z,132.521429,1.7483,99.80,extreme,0,off,0,30.45
DE40,H1,2025-06-13T15:00:00Z,136.135714,1.7561,99.80,extreme,0,off,0,34.47
DE40,H1,2025-06-13T16:00:00Z,137.371429,1.7347,99.80,extreme,0,off,0,35.58
DE40,H1,2025-06-13T17:00:00Z,117.907143,1.4673,97.42,extreme,0,off,0,37.14
DE40,H1,2025-06-13T18:00:00Z,109.957143,1.3552,97.02,extreme,0,off,0,40.23
DE40,H1,2025-06-13T19:00:00Z,102.500000,1.2549,96.23,extreme,1,low,0,41.01
DE40,H1,2025-06-13T20:00:00Z,99.028571,1.2056,94.64,extreme,1,low,0,43.61
DE40,H1,2025-06-13T21:00:00Z,104.235714,1.2609,96.23,extreme,1,medium,0,47.56
DE40,H1,2025-06-13T22:00:00Z,99.764286,1.2008,95.44,extreme,1,high,0,51.01
DE40,H1,2025-06-13T23:00:00Z,93.728571,1.1240,90.67,extreme,1,medium,0,51.90
DE40,H1,2025-06-16T01:00:00Z,89.550000,1.0718,87.90,elevated,1,medium,0,54.43
DE40,H1,2025-06-16T02:00:00Z,79.385714,0.9499,80.75,elevated,1,medium,0,62.90
DE40,H1,2025-06-16T03:00:00Z,77.450000,0.9264,76.39,elevated,1,medium,0,67.45
DE40,H1,2025-06-16T04:00:00Z,73.750000,0.8813,71.63,elevated,1,medium,0,68.17
DE40,H1,2025-06-16T05:00:00Z,69.292857,0.8279,63.69,normal,1,high,0,70.96
DE40,H1,2025-06-16T06:00:00Z,64.428571,0.7704,52.98,normal,1,high,0,75.37
DE40,H1,2025-06-16T07:00:00Z,61.335714,0.7344,49.01,normal,1,medium,0,77.48
DE40,H1,2025-06-16T08:00:00Z,61.750000,0.7400,49.40,normal,1,medium,0,77.33
DE40,H1,2025-06-16T09:00:00Z,64.992857,0.7768,53.77,normal,1,medium,0,77.20
DE40,H1,2025-06-16T10:00:00Z,69.121429,0.8217,62.50,normal,1,medium,0,74.25
DE40,H1,2025-06-16T11:00:00Z,69.442857,0.8207,64.88,normal,1,low,0,70.45
DE40,H1,2025-06-16T12:00:00Z,65.428571,0.7690,54.96,normal,1,low,0,71.64
DE40,H1,2025-06-16T13:00:00Z,66.492857,0.7773,56.94,normal,0,off,1,68.29
DE40,H1,2025-06-16T14:00:00Z,66.635714,0.7765,58.53,normal,0,off,0,65.63
DE40,H1,2025-06-16T15:00:00Z,64.042857,0.7446,52.18,normal,0,off,0,61.39
DE40,H1,2025-06-16T16:00:00Z,67.585714,0.7836,61.71,normal,0,off,0,58.98
DE40,H1,2025-06-16T17:00:00Z,68.000000,0.7870,63.29,normal,0,off,0,54.72
DE40,H1,2025-06-16T18:00:00Z,69.107143,0.7988,64.88,normal,0,off,0,48.90
DE40,H1,2025-06-16T19:00:00Z,69.642857,0.8043,68.06,normal,0,off,0,48.44
DE40,H1,2025-06-16T20:00:00Z,70.892857,0.8181,71.23,elevated,0,off,0,48.27
DE40,H1,2025-06-16T21:00:00Z,69.142857,0.7984,65.67,normal,0,off,0,54.23
DE40,H1,2025-06-16T22:00:00Z,66.214286,0.7663,57.34,normal,0,off,0,56.42
DE40,H1,2025-06-16T23:00:00Z,60.128571,0.6988,47.82,normal,0,off,0,59.33
DE40,H1,2025-06-17T01:00:00Z,59.750000,0.6974,46.63,normal,0,off,0,63.63
DE40,H1,2025-06-17T02:00:00Z,62.542857,0.7329,50.99,normal,0,off,0,62.81
DE40,H1,2025-06-17T03:00:00Z,64.278571,0.7558,53.37,normal,0,off,0,64.73
DE40,H1,2025-06-17T04:00:00Z,64.528571,0.7609,53.77,normal,1,low,0,66.29
DE40,H1,2025-06-17T05:00:00Z,66.742857,0.7870,60.52,normal,1,low,0,65.48
DE40,H1,2025-06-17T06:00:00Z,65.250000,0.7694,55.36,normal,0,off,1,63.88
DE40,H1,2025-06-17T07:00:00Z,61.178571,0.7253,48.21,normal,0,off,0,65.20
DE40,H1,2025-06-17T08:00:00Z,59.714286,0.7132,45.83,normal,0,off,0,66.19
DE40,H1,2025-06-17T09:00:00Z,63.214286,0.7613,51.79,normal,0,off,0,62.74
DE40,H1,2025-06-17T10:00:00Z,72.571429,0.8796,75.60,elevated,0,off,0,44.72
DE40,H1,2025-06-17T11:00:00Z,74.285714,0.9059,76.79,elevated,0,off,0,42.53
DE40,H1,2025-06-17T12:00:00Z,80.285714,0.9835,84.72,elevated,0,off,0,38.38
DE40,H1,2025-06-17T13:00:00Z,82.107143,1.0099,85.91,elevated,0,off,0,34.20
DE40,H1,2025-06-17T14:00:00Z,87.221429,1.0778,87.90,elevated,1,low,0,33.47
DE40,H1,2025-06-17T15:00:00Z,84.457143,1.0524,86.71,elevated,1,low,0,39.64
DE40,H1,2025-06-17T16:00:00Z,83.200000,1.0468,86.31,elevated,1,low,0,47.59
DE40,H1,2025-06-17T17:00:00Z,79.107143,1.0071,83.93,elevated,1,medium,0,54.89
DE40,H1,2025-06-17T18:00:00Z,79.907143,1.0311,85.12,elevated,1,medium,0,56.76
DE40,H1,2025-06-17T19:00:00Z,79.192857,1.0371,83.93,elevated,1,medium,0,57.85
DE40,H1,2025-06-17T20:00:00Z,82.121429,1.0913,86.71,elevated,1,medium,0,56.21
DE40,H1,2025-06-17T21:00:00Z,80.621429,1.0821,85.12,elevated,1,medium,0,57.61
DE40,H1,2025-06-17T22:00:00Z,82.764286,1.1190,86.71,elevated,1,low,0,56.33
DE40,H1,2025-06-17T23:00:00Z,78.657143,1.0704,81.15,elevated,1,low,0,56.28
DE40,H1,2025-06-18T01:00:00Z,68.635714,0.9418,65.28,normal,0,off,1,56.40
DE40,H1,2025-06-18T02:00:00Z,66.728571,0.9251,60.91,normal,0,off,0,51.56
DE40,H1,2025-06-18T03:00:00Z,65.535714,0.9173,56.55,normal,0,off,0,54.48
DE40,H1,2025-06-18T04:00:00Z,63.500000,0.8964,51.39,normal,0,off,0,55.65
DE40,H1,2025-06-18T05:00:00Z,58.642857,0.8351,43.45,normal,0,off,0,59.85
DE40,H1,2025-06-18T06:00:00Z,55.321429,0.7933,38.29,normal,0,off,0,61.48
DE40,H1,2025-06-18T07:00:00Z,51.785714,0.7481,30.16,normal,0,off,0,58.87
DE40,H1,2025-06-18T08:00:00Z,52.428571,0.7621,31.15,normal,0,off,0,59.92
DE40,H1,2025-06-18T09:00:00Z,53.385714,0.7796,33.93,normal,0,off,0,59.12
DE40,H1,2025-06-18T10:00:00Z,54.707143,0.8011,38.29,normal,0,off,0,59.07
DE40,H1,2025-06-18T11:00:00Z,56.671429,0.8310,42.26,normal,0,off,0,56.81
DE40,H1,2025-06-18T12:00:00Z,58.314286,0.8560,44.64,normal,0,off,0,59.15
DE40,H1,2025-06-18T13:00:00Z,63.064286,0.9262,50.99,normal,0,off,0,58.75
DE40,H1,2025-06-18T14:00:00Z,67.314286,0.9892,63.29,normal,1,low,0,57.20
DE40,H1,2025-06-18T15:00:00Z,70.007143,1.0286,70.44,elevated,1,low,0,54.31
DE40,H1,2025-06-18T16:00:00Z,72.842857,1.0679,74.40,elevated,1,low,0,51.25
DE40,H1,2025-06-18T17:00:00Z,77.357143,1.1305,78.37,elevated,1,low,0,51.64
DE40,H1,2025-06-18T18:00:00Z,79.400000,1.1561,83.13,elevated,1,low,0,51.97
DE40,H1,2025-06-18T19:00:00Z,81.114286,1.1752,84.72,elevated,1,low,0,52.24
DE40,H1,2025-06-18T20:00:00Z,83.650000,1.2063,87.10,elevated,1,low,0,52.25
DE40,H1,2025-06-18T21:00:00Z,89.185714,1.2783,90.28,extreme,1,medium,0,52.55
DE40,H1,2025-06-18T22:00:00Z,90.364286,1.2874,90.67,extreme,1,medium,0,53.54
DE40,H1,2025-06-18T23:00:00Z,85.678571,1.2151,87.50,elevated,1,medium,0,52.95
DE40,H1,2025-06-19T01:00:00Z,82.671429,1.1685,84.72,elevated,1,medium,0,51.86
DE40,H1,2025-06-19T02:00:00Z,77.042857,1.0865,75.20,elevated,1,medium,0,52.89
DE40,H1,2025-06-19T03:00:00Z,76.678571,1.0782,74.80,elevated,1,medium,0,48.99
DE40,H1,2025-06-19T04:00:00Z,71.464286,1.0017,68.45,normal,1,low,0,56.67
DE40,H1,2025-06-19T05:00:00Z,67.214286,0.9402,59.33,normal,1,low,0,58.57
DE40,H1,2025-06-19T06:00:00Z,61.792857,0.8645,45.44,normal,1,low,0,61.06
DE40,H1,2025-06-19T07:00:00Z,57.721429,0.8090,39.48,normal,1,low,0,62.51
DE40,H1,2025-06-19T08:00:00Z,54.078571,0.7602,30.75,normal,1,medium,0,68.47
DE40,H1,2025-06-19T09:00:00Z,57.857143,0.8153,39.88,normal,1,medium,0,61.74
DE40,H1,2025-06-19T10:00:00Z,61.107143,0.8622,43.85,normal,1,low,0,58.33
DE40,H1,2025-06-19T11:00:00Z,63.571429,0.8963,48.21,normal,1,low,0,56.31
DE40,H1,2025-06-19T12:00:00Z,60.857143,0.8578,43.06,normal,1,low,0,60.08
DE40,H1,2025-06-19T13:00:00Z,59.285714,0.8365,40.28,normal,1,low,0,58.92
DE40,H1,2025-06-19T14:00:00Z,64.392857,0.9107,50.20,normal,1,low,0,59.36
DE40,H1,2025-06-19T15:00:00Z,67.328571,0.9541,59.72,normal,1,low,0,58.42
DE40,H1,2025-06-19T16:00:00Z,72.385714,1.0281,69.64,normal,1,low,0,52.81
DE40,H1,2025-06-19T17:00:00Z,72.964286,1.0390,70.44,elevated,1,low,0,51.72
DE40,H1,2025-06-19T18:00:00Z,75.078571,1.0728,71.63,elevated,0,off,1,43.00
DE40,H1,2025-06-19T19:00:00Z,75.935714,1.0877,72.82,elevated,0,off,0,43.21
DE40,H1,2025-06-19T20:00:00Z,77.828571,1.1165,76.39,elevated,0,off,0,45.63
DE40,H1,2025-06-19T21:00:00Z,80.507143,1.1545,81.94,elevated,0,off,0,44.72
DE40,H1,2025-06-19T22:00:00Z,76.864286,1.1032,74.01,elevated,0,off,0,41.58
DE40,H1,2025-06-20T01:00:00Z,75.564286,1.0857,70.83,elevated,0,off,0,49.05
DE40,H1,2025-06-20T02:00:00Z,70.492857,1.0162,63.29,normal,0,off,0,50.85
DE40,H1,2025-06-20T03:00:00Z,69.371429,1.0033,61.31,normal,0,off,0,52.80
DE40,H1,2025-06-20T04:00:00Z,67.192857,0.9762,54.96,normal,1,low,0,54.88
DE40,H1,2025-06-20T05:00:00Z,65.692857,0.9580,50.20,normal,1,low,0,54.53
DE40,H1,2025-06-20T06:00:00Z,62.978571,0.9200,42.66,normal,1,low,0,59.41
DE40,H1,2025-06-20T07:00:00Z,58.621429,0.8583,35.52,normal,1,low,0,62.21
DE40,H1,2025-06-20T08:00:00Z,57.657143,0.8462,33.53,normal,0,off,1,59.27
DE40,H1,2025-06-20T09:00:00Z,61.728571,0.9064,41.07,normal,0,off,0,54.85
DE40,H1,2025-06-20T10:00:00Z,63.614286,0.9327,44.64,normal,0,off,0,54.86
DE40,H1,2025-06-20T11:00:00Z,67.364286,0.9842,56.15,normal,0,off,0,53.41
DE40,H1,2025-06-20T12:00:00Z,71.328571,1.0362,64.88,normal,0,off,0,50.21
DE40,H1,2025-06-20T13:00:00Z,71.150000,1.0280,64.09,normal,0,off,0,48.97
DE40,H1,2025-06-20T14:00:00Z,81.828571,1.1727,83.53,elevated,0,off,0,27.35
DE40,H1,2025-06-20T15:00:00Z,80.200000,1.1410,80.75,elevated,0,off,0,25.92
DE40,H1,2025-06-20T16:00:00Z,83.807143,1.1832,85.91,elevated,0,off,0,25.59
DE40,H1,2025-06-20T17:00:00Z,83.321429,1.1681,85.12,elevated,0,off,0,26.91
DE40,H1,2025-06-20T18:00:00Z,86.200000,1.2007,87.50,elevated,0,off,0,28.95
DE40,H1,2025-06-20T19:00:00Z,86.592857,1.1997,87.90,elevated,0,off,0,28.67
DE40,H1,2025-06-20T20:00:00Z,88.414286,1.2187,89.48,elevated,0,off,0,35.39
DE40,H1,2025-06-20T21:00:00Z,90.985714,1.2479,92.26,extreme,0,off,0,39.08
DE40,H1,2025-06-20T22:00:00Z,86.735714,1.1866,88.29,elevated,1,low,0,39.50
DE40,H1,2025-06-23T01:00:00Z,87.321429,1.1920,89.48,elevated,1,low,0,46.03
DE40,H1,2025-06-23T02:00:00Z,79.814286,1.0899,79.56,elevated,1,low,0,46.15
DE40,H1,2025-06-23T03:00:00Z,77.742857,1.0633,74.01,elevated,1,low,0,47.58
DE40,H1,2025-06-23T04:00:00Z,73.742857,1.0129,67.26,normal,1,low,0,50.99
DE40,H1,2025-06-23T05:00:00Z,72.028571,0.9944,65.28,normal,1,low,0,47.56
DE40,H1,2025-06-23T06:00:00Z,58.992857,0.8205,34.33,normal,1,low,0,56.19
DE40,H1,2025-06-23T07:00:00Z,56.135714,0.7865,29.17,calm,1,low,0,56.77
DE40,H1,2025-06-23T08:00:00Z,53.707143,0.7575,22.42,calm,1,low,0,54.83
DE40,H1,2025-06-23T09:00:00Z,55.457143,0.7868,27.58,calm,1,low,0,51.49
DE40,H1,2025-06-23T10:00:00Z,62.835714,0.8937,40.67,normal,1,low,0,47.85
DE40,H1,2025-06-23T11:00:00Z,65.764286,0.9358,48.61,normal,1,low,0,45.56
DE40,H1,2025-06-23T12:00:00Z,67.335714,0.9566,54.17,normal,1,low,0,48.89
DE40,H1,2025-06-23T13:00:00Z,69.621429,0.9858,59.72,normal,1,low,0,51.03
DE40,H1,2025-06-23T14:00:00Z,82.621429,1.1604,84.33,elevated,1,low,0,47.57
DE40,H1,2025-06-23T15:00:00Z,79.142857,1.1050,77.98,elevated,1,medium,0,48.35
DE40,H1,2025-06-23T16:00:00Z,82.828571,1.1495,85.12,elevated,1,medium,0,47.48
DE40,H1,2025-06-23T17:00:00Z,81.335714,1.1232,81.94,elevated,1,medium,0,45.66
DE40,H1,2025-06-23T18:00:00Z,84.064286,1.1535,86.71,elevated,1,medium,0,46.83
DE40,H1,2025-06-23T19:00:00Z,89.778571,1.2217,91.07,extreme,1,medium,0,49.98
DE40,H1,2025-06-23T20:00:00Z,102.100000,1.3752,95.44,extreme,1,medium,0,52.39
DE40,H1,2025-06-23T21:00:00Z,102.028571,1.3615,95.04,extreme,1,medium,0,51.05
DE40,H1,2025-06-23T22:00:00Z,104.885714,1.3876,96.23,extreme,1,medium,0,49.63
DE40,H1,2025-06-23T23:00:00Z,99.921429,1.3126,94.25,extreme,1,low,0,48.09
DE40,H1,2025-06-24T01:00:00Z,95.092857,1.2426,91.07,extreme,1,low,0,40.53
DE40,H1,2025-06-24T02:00:00Z,92.585714,1.2046,90.28,extreme,0,off,1,40.77
DE40,H1,2025-06-24T03:00:00Z,88.442857,1.1476,87.50,elevated,0,off,0,40.16
DE40,H1,2025-06-24T04:00:00Z,88.657143,1.1479,87.50,elevated,0,off,0,35.30
DE40,H1,2025-06-24T05:00:00Z,77.621429,1.0048,68.45,normal,0,off,0,40.44
DE40,H1,2025-06-24T06:00:00Z,73.264286,0.9490,61.31,normal,0,off,0,40.42
DE40,H1,2025-06-24T07:00:00Z,70.514286,0.9134,54.96,normal,0,off,0,35.22
DE40,H1,2025-06-24T08:00:00Z,76.221429,0.9855,65.48,normal,0,off,0,28.17
DE40,H1,2025-06-24T09:00:00Z,77.642857,1.0012,68.45,normal,0,off,0,30.98
DE40,H1,2025-06-24T10:00:00Z,79.928571,1.0269,75.60,elevated,0,off,0,29.00
DE40,H1,2025-06-24T11:00:00Z,75.000000,0.9606,61.71,normal,0,off,0,31.24
DE40,H1,2025-06-24T12:00:00Z,77.621429,0.9894,67.26,normal,0,off,0,25.72
DE40,H1,2025-06-24T13:00:00Z,79.407143,1.0066,74.01,elevated,0,off,0,24.25
DE40,H1,2025-06-24T14:00:00Z,82.407143,1.0391,79.56,elevated,0,off,0,22.04
DE40,H1,2025-06-24T15:00:00Z,78.800000,0.9899,70.44,elevated,0,off,0,23.06
DE40,H1,2025-06-24T16:00:00Z,82.735714,1.0353,80.36,elevated,0,off,0,21.93
DE40,H1,2025-06-24T17:00:00Z,87.428571,1.0896,86.31,elevated,0,off,0,24.04
DE40,H1,2025-06-24T18:00:00Z,84.250000,1.0466,82.74,elevated,0,off,0,29.10
DE40,H1,2025-06-24T19:00:00Z,82.750000,1.0277,79.56,elevated,0,off,0,34.89
DE40,H1,2025-06-24T20:00:00Z,84.071429,1.0431,82.34,elevated,0,off,0,37.40
DE40,H1,2025-06-24T21:00:00Z,82.964286,1.0296,79.96,elevated,1,low,0,47.55
DE40,H1,2025-06-24T22:00:00Z,75.142857,0.9345,58.13,normal,1,low,0,55.13
DE40,H1,2025-06-24T23:00:00Z,68.971429,0.8614,44.25,normal,1,low,0,59.74
DE40,H1,2025-06-25T01:00:00Z,60.585714,0.7616,22.82,calm,1,low,0,65.36
DE40,H1,2025-06-25T02:00:00Z,53.700000,0.6810,11.31,calm,1,low,0,68.35
DE40,H1,2025-06-25T03:00:00Z,50.364286,0.6453,8.93,squeeze,1,medium,0,71.36
DE40,H1,2025-06-25T04:00:00Z,44.257143,0.5733,4.17,squeeze,1,medium,0,79.34
DE40,H1,2025-06-25T05:00:00Z,41.042857,0.5381,1.79,squeeze,1,medium,0,79.73
DE40,H1,2025-06-25T06:00:00Z,37.221429,0.4936,0.20,squeeze,1,medium,0,76.88
DE40,H1,2025-06-25T07:00:00Z,31.435714,0.4220,0.20,squeeze,1,medium,0,71.46
DE40,H1,2025-06-25T08:00:00Z,24.778571,0.3371,0.20,squeeze,1,low,0,67.02
DE40,H1,2025-06-25T09:00:00Z,24.578571,0.3387,0.20,squeeze,1,medium,0,73.25
DE40,H1,2025-06-25T10:00:00Z,30.007143,0.4169,0.99,squeeze,1,medium,0,80.03
DE40,H1,2025-06-25T11:00:00Z,33.864286,0.4734,1.79,squeeze,1,low,0,79.71
DE40,H1,2025-06-25T12:00:00Z,37.792857,0.5307,2.58,squeeze,0,off,1,74.34
DE40,H1,2025-06-25T13:00:00Z,40.400000,0.5697,3.37,squeeze,0,off,0,63.75
DE40,H1,2025-06-25T14:00:00Z,44.135714,0.6257,5.75,squeeze,0,off,0,48.81
DE40,H1,2025-06-25T15:00:00Z,45.771429,0.6525,7.74,squeeze,0,off,0,46.29
DE40,H1,2025-06-25T16:00:00Z,48.442857,0.6944,10.52,calm,0,off,0,45.75
DE40,H1,2025-06-25T17:00:00Z,51.585714,0.7433,12.10,calm,0,off,0,39.50
DE40,H1,2025-06-25T18:00:00Z,53.478571,0.7771,14.09,calm,0,off,0,36.82
DE40,H1,2025-06-25T19:00:00Z,54.121429,0.7922,16.47,calm,0,off,0,34.99
DE40,H1,2025-06-25T20:00:00Z,57.228571,0.8440,19.64,calm,0,off,0,33.08
DE40,H1,2025-06-25T21:00:00Z,57.407143,0.8526,20.04,calm,0,off,0,31.17
DE40,H1,2025-06-25T22:00:00Z,58.157143,0.8705,21.63,calm,0,off,0,30.04
DE40,H1,2025-06-25T23:00:00Z,56.621429,0.8560,19.25,calm,0,off,0,31.19
DE40,H1,2025-06-26T01:00:00Z,50.221429,0.7713,11.31,calm,0,off,0,36.44
DE40,H1,2025-06-26T02:00:00Z,45.535714,0.7117,7.74,squeeze,0,off,0,39.44
DE40,H1,2025-06-26T03:00:00Z,42.521429,0.6778,4.96,squeeze,0,off,0,42.37
DE40,H1,2025-06-26T04:00:00Z,39.771429,0.6464,3.37,squeeze,0,off,0,45.14
DE40,H1,2025-06-26T05:00:00Z,36.985714,0.6127,2.18,squeeze,0,off,0,48.57
DE40,H1,2025-06-26T06:00:00Z,35.200000,0.5944,2.18,squeeze,1,low,0,54.01
DE40,H1,2025-06-26T07:00:00Z,33.057143,0.5688,1.79,squeeze,1,medium,0,64.39
DE40,H1,2025-06-26T08:00:00Z,30.842857,0.5415,1.39,squeeze,1,medium,0,73.78
DE40,H1,2025-06-26T09:00:00Z,30.785714,0.5495,1.39,squeeze,1,low,0,75.01
DE40,H1,2025-06-26T10:00:00Z,34.642857,0.6270,3.37,squeeze,1,low,0,65.34
DE40,H1,2025-06-26T11:00:00Z,35.464286,0.6502,4.17,squeeze,0,off,1,55.81
DE40,H1,2025-06-26T12:00:00Z,38.357143,0.7131,5.75,squeeze,0,off,0,50.48
DE40,H1,2025-06-26T13:00:00Z,43.178571,0.8131,8.13,squeeze,0,off,0,44.57
DE40,H1,2025-06-26T14:00:00Z,46.807143,0.8926,11.31,calm,0,off,0,39.82
DE40,H1,2025-06-26T15:00:00Z,50.600000,0.9740,12.90,calm,0,off,0,37.63
DE40,H1,2025-06-26T16:00:00Z,55.285714,1.0734,18.45,calm,0,off,0,33.86
DE40,H1,2025-06-26T17:00:00Z,59.050000,1.1557,25.20,calm,0,off,0,36.30
DE40,H1,2025-06-26T18:00:00Z,60.835714,1.2008,27.98,calm,0,off,0,39.03
DE40,H1,2025-06-26T19:00:00Z,60.835714,1.2093,28.17,calm,0,off,0,37.36
DE40,H1,2025-06-26T20:00:00Z,61.157143,1.2262,29.56,calm,0,off,0,37.41
DE40,H1,2025-06-26T21:00:00Z,60.728571,1.2308,27.98,calm,0,off,0,38.04
DE40,H1,2025-06-26T22:00:00Z,60.692857,1.2420,27.98,calm,0,off,0,37.87
DE40,H1,2025-06-26T23:00:00Z,58.957143,1.2183,24.80,calm,0,off,0,36.02
DE40,H1,2025-06-27T01:00:00Z,55.492857,1.1604,19.64,calm,0,off,0,32.96
DE40,H1,2025-06-27T02:00:00Z,52.078571,1.1033,14.09,calm,0,off,0,32.84
DE40,H1,2025-06-27T03:00:00Z,53.728571,1.1487,16.87,calm,0,off,0,30.22
DE40,H1,2025-06-27T04:00:00Z,48.942857,1.0554,12.10,calm,0,off,0,32.25
DE40,H1,2025-06-27T05:00:00Z,45.442857,0.9863,10.12,calm,0,off,0,35.20
DE40,H1,2025-06-27T06:00:00Z,42.442857,0.9258,7.74,squeeze,0,off,0,38.73
DE40,H1,2025-06-27T07:00:00Z,37.942857,0.8321,5.75,squeeze,0,off,0,43.13
DE40,H1,2025-06-27T08:00:00Z,35.085714,0.7726,3.77,squeeze,0,off,0,45.60
DE40,H1,2025-06-27T09:00:00Z,37.021429,0.8166,5.36,squeeze,0,off,0,41.02
DE40,H1,2025-06-27T10:00:00Z,40.307143,0.8879,7.74,squeeze,0,off,0,37.31
DE40,H1,2025-06-27T11:00:00Z,42.521429,0.9321,9.33,squeeze,0,off,0,34.93
DE40,H1,2025-06-27T12:00:00Z,44.450000,0.9661,11.31,calm,0,off,0,32.07
DE40,H1,2025-06-27T13:00:00Z,46.664286,1.0045,12.90,calm,0,off,0,29.57
DE40,H1,2025-06-27T14:00:00Z,49.278571,1.0521,14.48,calm,0,off,0,32.11
DE40,H1,2025-06-27T15:00:00Z,50.428571,1.0691,15.67,calm,0,off,0,37.02
DE40,H1,2025-06-27T16:00:00Z,54.235714,1.1418,20.83,calm,0,off,0,37.71
DE40,H1,2025-06-27T17:00:00Z,57.978571,1.2117,26.39,calm,0,off,0,28.15
DE40,H1,2025-06-27T18:00:00Z,64.007143,1.3266,39.48,normal,0,off,0,23.55
DE40,H1,2025-06-27T19:00:00Z,64.757143,1.3317,41.87,normal,0,off,0,18.69
DE40,H1,2025-06-27T20:00:00Z,67.328571,1.3739,48.81,normal,0,off,0,21.90
DE40,H1,2025-06-27T21:00:00Z,70.292857,1.4235,55.36,normal,0,off,0,24.12
DE40,H1,2025-06-27T22:00:00Z,73.507143,1.4766,60.52,normal,0,off,0,27.03
DE40,H1,2025-06-30T01:00:00Z,74.950000,1.4931,62.10,normal,0,off,0,19.92
DE40,H1,2025-06-30T02:00:00Z,71.664286,1.4195,58.13,normal,0,off,0,18.57
DE40,H1,2025-06-30T03:00:00Z,69.721429,1.3743,54.56,normal,0,off,0,21.39
DE40,H1,2025-06-30T04:00:00Z,68.328571,1.3415,50.20,normal,0,off,0,21.92
DE40,H1,2025-06-30T05:00:00Z,65.542857,1.2823,43.85,normal,0,off,0,20.49
DE40,H1,2025-06-30T06:00:00Z,62.757143,1.2218,36.71,normal,0,off,0,21.19
DE40,H1,2025-06-30T07:00:00Z,60.535714,1.1717,31.15,normal,0,off,0,18.77
DE40,H1,2025-06-30T08:00:00Z,57.250000,1.1018,24.80,calm,0,off,0,15.47
DE40,H1,2025-06-30T09:00:00Z,54.364286,1.0405,21.23,calm,0,off,0,20.65
DE40,H1,2025-06-30T10:00:00Z,55.907143,1.0623,23.61,calm,0,off,0,23.15
DE40,H1,2025-06-30T11:00:00Z,62.871429,1.1822,39.09,normal,0,off,0,26.28
DE40,H1,2025-06-30T12:00:00Z,62.942857,1.1704,39.48,normal,0,off,0,30.57
DE40,H1,2025-06-30T13:00:00Z,60.764286,1.1174,33.93,normal,0,off,0,32.04
DE40,H1,2025-06-30T14:00:00Z,56.978571,1.0378,25.20,calm,1,low,0,42.65
DE40,H1,2025-06-30T15:00:00Z,54.314286,0.9823,21.23,calm,1,low,0,54.09
DE40,H1,2025-06-30T16:00:00Z,59.421429,1.0654,31.94,normal,0,off,1,38.65
DE40,H1,2025-06-30T17:00:00Z,64.392857,1.1438,45.44,normal,0,off,0,38.04
DE40,H1,2025-06-30T18:00:00Z,65.607143,1.1562,49.01,normal,0,off,0,39.62
DE40,H1,2025-06-30T19:00:00Z,64.964286,1.1376,47.02,normal,0,off,0,36.52
DE40,H1,2025-06-30T20:00:00Z,67.357143,1.1726,54.96,normal,0,off,0,33.10
DE40,H1,2025-06-30T21:00:00Z,68.107143,1.1804,56.55,normal,0,off,0,29.21
DE40,H1,2025-06-30T22:00:00Z,69.071429,1.1930,58.13,normal,0,off,0,30.31
DE40,H1,2025-06-30T23:00:00Z,64.664286,1.1154,46.63,normal,0,off,0,29.62
DE40,H1,2025-07-01T01:00:00Z,56.435714,0.9749,24.80,calm,0,off,0,35.85
DE40,H1,2025-07-01T02:00:00Z,48.650000,0.8441,14.09,calm,0,off,0,42.54
DE40,H1,2025-07-01T03:00:00Z,46.364286,0.8084,12.90,calm,0,off,0,47.09
DE40,H1,2025-07-01T04:00:00Z,45.757143,0.8020,12.50,calm,0,off,0,49.69
DE40,H1,2025-07-01T05:00:00Z,45.328571,0.7983,11.71,calm,0,off,0,50.47
DE40,H1,2025-07-01T06:00:00Z,42.792857,0.7571,10.12,calm,1,low,0,51.48
DE40,H1,2025-07-01T07:00:00Z,36.578571,0.6507,4.96,squeeze,1,medium,0,63.37
DE40,H1,2025-07-01T08:00:00Z,31.228571,0.5600,2.18,squeeze,1,low,0,75.28
DE40,H1,2025-07-01T09:00:00Z,30.407143,0.5489,1.39,squeeze,1,low,0,78.48
DE40,H1,2025-07-01T10:00:00Z,37.764286,0.6836,7.34,squeeze,1,medium,0,77.60
DE40,H1,2025-07-01T11:00:00Z,41.192857,0.7460,10.52,calm,1,medium,0,74.92
DE40,H1,2025-07-01T12:00:00Z,47.728571,0.8613,17.26,calm,1,low,0,59.00
DE40,H1,2025-07-01T13:00:00Z,47.121429,0.8467,17.26,calm,0,off,1,51.93
DE40,H1,2025-07-01T14:00:00Z,50.357143,0.9005,20.04,calm,0,off,0,43.08
DE40,H1,2025-07-01T15:00:00Z,57.335714,1.0191,32.34,normal,0,off,0,27.33
DE40,H1,2025-07-01T16:00:00Z,63.728571,1.1243,49.01,normal,0,off,0,25.23
DE40,H1,2025-07-01T17:00:00Z,68.442857,1.1973,60.91,normal,0,off,0,26.42
DE40,H1,2025-07-01T18:00:00Z,74.457143,1.2900,71.63,elevated,0,off,0,23.08
DE40,H1,2025-07-01T19:00:00Z,75.528571,1.2968,73.21,elevated,0,off,0,23.09
DE40,H1,2025-07-01T20:00:00Z,77.242857,1.3141,75.60,elevated,0,off,0,24.65
DE40,H1,2025-07-01T21:00:00Z,78.028571,1.3168,77.98,elevated,0,off,0,24.70
DE40,H1,2025-07-01T22:00:00Z,78.814286,1.3208,78.77,elevated,0,off,0,25.37
DE40,H1,2025-07-01T23:00:00Z,77.392857,1.2912,75.20,elevated,0,off,0,25.28
DE40,H1,2025-07-02T01:00:00Z,70.435714,1.1729,63.29,normal,0,off,0,24.74
DE40,H1,2025-07-02T02:00:00Z,64.192857,1.0700,49.40,normal,0,off,0,26.74
DE40,H1,2025-07-02T03:00:00Z,59.278571,0.9918,37.50,normal,0,off,0,33.36
DE40,H1,2025-07-02T04:00:00Z,59.600000,1.0018,38.69,normal,0,off,0,34.10
DE40,H1,2025-07-02T05:00:00Z,57.800000,0.9772,33.93,normal,0,off,0,38.09
DE40,H1,2025-07-02T06:00:00Z,51.942857,0.8840,22.42,calm,1,low,0,47.65
DE40,H1,2025-07-02T07:00:00Z,47.835714,0.8203,18.06,calm,1,low,0,58.77
DE40,H1,2025-07-02T08:00:00Z,45.442857,0.7854,14.88,calm,1,low,0,66.72
DE40,H1,2025-07-02T09:00:00Z,40.928571,0.7134,10.12,calm,1,low,0,71.43
DE40,H1,2025-07-02T10:00:00Z,46.321429,0.8121,16.87,calm,1,medium,0,69.36
DE40,H1,2025-07-02T11:00:00Z,47.785714,0.8415,19.25,calm,1,medium,0,68.98
DE40,H1,2025-07-02T12:00:00Z,49.785714,0.8791,21.63,calm,1,medium,0,66.09
DE40,H1,2025-07-02T13:00:00Z,50.357143,0.8904,22.62,calm,1,low,0,61.49
DE40,H1,2025-07-02T14:00:00Z,53.171429,0.9411,26.39,calm,1,low,0,57.13
DE40,H1,2025-07-02T15:00:00Z,61.878571,1.0956,47.82,normal,1,medium,0,45.77
DE40,H1,2025-07-02T16:00:00Z,65.621429,1.1607,56.15,normal,1,medium,0,44.48
DE40,H1,2025-07-02T17:00:00Z,69.750000,1.2299,64.48,normal,1,medium,0,47.30
DE40,H1,2025-07-02T18:00:00Z,70.735714,1.2412,66.87,normal,1,medium,0,47.77
DE40,H1,2025-07-02T19:00:00Z,69.485714,1.2128,63.69,normal,1,medium,0,49.45
DE40,H1,2025-07-02T20:00:00Z,68.235714,1.1874,61.31,normal,1,medium,0,48.93
DE40,H1,2025-07-02T21:00:00Z,65.235714,1.1348,54.96,normal,1,medium,0,48.19
DE40,H1,2025-07-02T22:00:00Z,62.842857,1.0942,49.01,normal,1,medium,0,48.89
DE40,H1,2025-07-02T23:00:00Z,61.514286,1.0724,47.02,normal,1,medium,0,48.85
DE40,H1,2025-07-03T01:00:00Z,53.850000,0.9432,28.77,calm,1,medium,0,55.67
DE40,H1,2025-07-03T02:00:00Z,49.600000,0.8745,21.63,calm,1,medium,0,57.90
DE40,H1,2025-07-03T03:00:00Z,47.564286,0.8450,18.85,calm,1,medium,0,58.19
DE40,H1,2025-07-03T04:00:00Z,45.635714,0.8162,16.07,calm,1,medium,0,60.45
DE40,H1,2025-07-03T05:00:00Z,42.671429,0.7670,12.50,calm,1,medium,0,61.08
DE40,H1,2025-07-03T06:00:00Z,34.814286,0.6289,4.56,squeeze,1,low,0,66.18
DE40,H1,2025-07-03T07:00:00Z,31.385714,0.5700,2.98,squeeze,1,low,0,63.50
DE40,H1,2025-07-03T08:00:00Z,24.814286,0.4541,0.99,squeeze,1,low,0,58.22
DE40,H1,2025-07-03T09:00:00Z,26.114286,0.4813,1.39,squeeze,0,off,1,57.19
DE40,H1,2025-07-03T10:00:00Z,28.814286,0.5338,1.79,squeeze,0,off,0,57.32
DE40,H1,2025-07-03T11:00:00Z,32.600000,0.6049,4.96,squeeze,1,low,0,58.87
DE40,H1,2025-07-03T12:00:00Z,37.028571,0.6856,9.33,squeeze,1,low,0,65.02
DE40,H1,2025-07-03T13:00:00Z,37.921429,0.7001,10.91,calm,1,medium,0,66.39
DE40,H1,2025-07-03T14:00:00Z,37.857143,0.6989,10.91,calm,1,medium,0,75.70
DE40,H1,2025-07-03T15:00:00Z,46.164286,0.8507,21.23,calm,1,medium,0,66.81
DE40,H1,2025-07-03T16:00:00Z,50.592857,0.9314,29.56,calm,1,low,0,62.15
DE40,H1,2025-07-03T17:00:00Z,54.950000,1.0087,35.91,normal,1,medium,0,57.16
DE40,H1,2025-07-03T18:00:00Z,60.007143,1.0976,46.63,normal,1,low,0,47.97
DE40,H1,2025-07-03T19:00:00Z,61.292857,1.1195,50.99,normal,1,low,0,47.31
DE40,H1,2025-07-03T20:00:00Z,60.257143,1.1020,47.02,normal,1,low,0,46.42
DE40,H1,2025-07-03T21:00:00Z,59.721429,1.0957,46.63,normal,1,low,0,44.75
DE40,H1,2025-07-03T22:00:00Z,60.364286,1.1132,47.82,normal,0,off,1,45.43
DE40,H1,2025-07-04T01:00:00Z,57.457143,1.0667,41.07,normal,0,off,0,46.67
DE40,H1,2025-07-04T02:00:00Z,53.928571,1.0100,33.93,normal,1,low,0,49.51
DE40,H1,2025-07-04T03:00:00Z,51.078571,0.9663,30.36,normal,1,low,0,52.56
DE40,H1,2025-07-04T04:00:00Z,47.507143,0.9096,23.61,calm,1,low,0,55.58
DE40,H1,2025-07-04T05:00:00Z,46.685714,0.9045,22.82,calm,1,low,0,57.37
DE40,H1,2025-07-04T06:00:00Z,46.471429,0.9087,22.42,calm,1,low,0,58.91
DE40,H1,2025-07-04T07:00:00Z,38.328571,0.7572,12.10,calm,1,low,0,66.70
DE40,H1,2025-07-04T08:00:00Z,35.935714,0.7165,8.13,squeeze,0,off,1,68.44
DE40,H1,2025-07-04T09:00:00Z,32.285714,0.6508,4.96,squeeze,0,off,0,71.09
DE40,H1,2025-07-04T10:00:00Z,33.264286,0.6772,6.15,squeeze,0,off,0,71.41
DE40,H1,2025-07-04T11:00:00Z,39.335714,0.8050,14.09,calm,0,off,0,57.05
DE40,H1,2025-07-04T12:00:00Z,42.621429,0.8741,18.06,calm,0,off,0,54.01
DE40,H1,2025-07-04T13:00:00Z,46.735714,0.9580,25.99,calm,0,off,0,44.57
DE40,H1,2025-07-04T14:00:00Z,48.164286,0.9843,29.17,calm,0,off,0,41.82
DE40,H1,2025-07-04T15:00:00Z,48.678571,0.9939,30.36,normal,0,off,0,36.79
DE40,H1,2025-07-04T16:00:00Z,53.185714,1.0835,37.10,normal,0,off,0,32.77
DE40,H1,2025-07-04T17:00:00Z,53.828571,1.0948,39.09,normal,0,off,0,32.14
DE40,H1,2025-07-04T18:00:00Z,55.971429,1.1358,43.85,normal,0,off,0,34.50
DE40,H1,2025-07-04T19:00:00Z,56.864286,1.1522,45.44,normal,0,off,0,36.03
DE40,H1,2025-07-04T20:00:00Z,57.257143,1.1623,47.02,normal,0,off,0,37.01
DE40,H1,2025-07-04T21:00:00Z,57.185714,1.1649,46.23,normal,0,off,0,38.83
DE40,H1,2025-07-04T22:00:00Z,58.721429,1.2016,50.99,normal,1,low,0,42.39
DE40,H1,2025-07-07T01:00:00Z,64.107143,1.3153,63.69,normal,1,low,0,47.35
DE40,H1,2025-07-07T02:00:00Z,58.071429,1.1971,50.20,normal,1,medium,0,50.66
DE40,H1,2025-07-07T03:00:00Z,52.935714,1.0982,36.71,normal,1,medium,0,52.89
DE40,H1,2025-07-07T04:00:00Z,52.578571,1.0965,36.71,normal,1,medium,0,52.94
DE40,H1,2025-07-07T05:00:00Z,50.107143,1.0505,32.34,normal,1,medium,0,56.68
DE40,H1,2025-07-07T06:00:00Z,50.428571,1.0622,34.52,normal,1,medium,0,56.14
DE40,H1,2025-07-07T07:00:00Z,50.000000,1.0549,32.34,normal,1,medium,0,55.15
DE40,H1,2025-07-07T08:00:00Z,46.392857,0.9801,24.80,calm,1,medium,0,59.74
DE40,H1,2025-07-07T09:00:00Z,47.707143,1.0078,28.37,calm,1,medium,0,57.94
DE40,H1,2025-07-07T10:00:00Z,48.135714,1.0158,29.96,calm,1,low,0,58.28
DE40,H1,2025-07-07T11:00:00Z,48.814286,1.0275,31.94,normal,1,low,0,57.21
DE40,H1,2025-07-07T12:00:00Z,52.635714,1.0997,39.88,normal,1,low,0,46.33
DE40,H1,2025-07-07T13:00:00Z,54.528571,1.1283,45.83,normal,0,off,1,40.62
DE40,H1,2025-07-07T14:00:00Z,53.742857,1.0989,43.06,normal,0,off,0,32.41
DE40,H1,2025-07-07T15:00:00Z,49.900000,1.0105,33.93,normal,0,off,0,38.14
DE40,H1,2025-07-07T16:00:00Z,57.078571,1.1428,51.39,normal,0,off,0,29.17
DE40,H1,2025-07-07T17:00:00Z,57.000000,1.1301,51.39,normal,0,off,0,29.33
DE40,H1,2025-07-07T18:00:00Z,56.707143,1.1156,50.60,normal,0,off,0,25.40
DE40,H1,2025-07-07T19:00:00Z,61.207143,1.1932,64.48,normal,0,off,0,29.37
DE40,H1,2025-07-07T20:00:00Z,66.885714,1.2893,73.21,elevated,0,off,0,37.14
DE40,H1,2025-07-07T21:00:00Z,69.707143,1.3316,77.98,elevated,0,off,0,35.59
DE40,H1,2025-07-07T22:00:00Z,69.707143,1.3220,78.17,elevated,0,off,0,36.68
DE40,H1,2025-07-07T23:00:00Z,69.300000,1.3071,77.18,elevated,0,off,0,38.05
DE40,H1,2025-07-08T01:00:00Z,67.450000,1.2687,74.80,elevated,0,off,0,31.31
DE40,H1,2025-07-08T02:00:00Z,65.464286,1.2294,71.63,elevated,0,off,0,32.66
DE40,H1,2025-07-08T03:00:00Z,63.928571,1.1989,68.45,normal,0,off,0,34.93
DE40,H1,2025-07-08T04:00:00Z,63.571429,1.1905,68.06,normal,0,off,0,36.54
DE40,H1,2025-07-08T05:00:00Z,62.250000,1.1649,66.07,normal,1,low,0,37.15
DE40,H1,2025-07-08T06:00:00Z,59.321429,1.1094,58.93,normal,1,low,0,41.55
DE40,H1,2025-07-08T07:00:00Z,51.750000,0.9685,39.09,normal,1,medium,0,48.51
DE40,H1,2025-07-08T08:00:00Z,52.821429,0.9880,41.07,normal,1,medium,0,53.49
DE40,H1,2025-07-08T09:00:00Z,52.550000,0.9810,40.28,normal,1,medium,0,62.20
DE40,H1,2025-07-08T10:00:00Z,51.942857,0.9678,39.48,normal,1,low,0,62.12
DE40,H1,2025-07-08T11:00:00Z,46.692857,0.8699,26.39,calm,1,low,0,68.47
DE40,H1,2025-07-08T12:00:00Z,46.228571,0.8587,24.01,calm,1,low,0,67.83
DE40,H1,2025-07-08T13:00:00Z,48.564286,0.8979,31.94,normal,0,off,1,56.53
DE40,H1,2025-07-08T14:00:00Z,49.864286,0.9160,35.12,normal,0,off,0,56.54
DE40,H1,2025-07-08T15:00:00Z,51.107143,0.9327,40.28,normal,0,off,0,54.47
DE40,H1,2025-07-08T16:00:00Z,57.450000,1.0416,57.34,normal,0,off,0,42.58
DE40,H1,2025-07-08T17:00:00Z,57.950000,1.0448,58.53,normal,0,off,0,37.34
DE40,H1,2025-07-08T18:00:00Z,58.507143,1.0504,60.12,normal,0,off,0,34.24
DE40,H1,2025-07-08T19:00:00Z,61.042857,1.0909,67.66,normal,0,off,0,24.81
DE40,H1,2025-07-08T20:00:00Z,62.607143,1.1133,70.44,elevated,0,off,0,23.83
DE40,H1,2025-07-08T21:00:00Z,63.000000,1.1164,72.42,elevated,0,off,0,26.68
DE40,H1,2025-07-08T22:00:00Z,60.357143,1.0671,64.48,normal,0,off,0,30.18
DE40,H1,2025-07-08T23:00:00Z,58.328571,1.0304,60.12,normal,0,off,0,34.13
DE40,H1,2025-07-09T01:00:00Z,53.164286,0.9404,44.64,normal,0,off,0,37.52
DE40,H1,2025-07-09T02:00:00Z,51.028571,0.9046,39.88,normal,0,off,0,39.09
DE40,H1,2025-07-09T03:00:00Z,49.300000,0.8764,34.33,normal,0,off,0,41.60
DE40,H1,2025-07-09T04:00:00Z,47.571429,0.8490,29.17,calm,0,off,0,45.65
DE40,H1,2025-07-09T05:00:00Z,43.821429,0.7878,19.64,calm,0,off,0,55.91
DE40,H1,2025-07-09T06:00:00Z,41.571429,0.7518,16.87,calm,0,off,0,57.49
DE40,H1,2025-07-09T07:00:00Z,34.321429,0.6249,6.94,squeeze,0,off,0,63.89
DE40,H1,2025-07-09T08:00:00Z,31.250000,0.5734,4.17,squeeze,1,low,0,64.43
DE40,H1,2025-07-09T09:00:00Z,31.228571,0.5770,4.17,squeeze,1,low,0,62.35
DE40,H1,2025-07-09T10:00:00Z,34.121429,0.6343,7.74,squeeze,0,off,1,57.47
DE40,H1,2025-07-09T11:00:00Z,36.485714,0.6817,10.91,calm,0,off,0,50.01
DE40,H1,2025-07-09T12:00:00Z,43.021429,0.8048,21.63,calm,0,off,0,42.85
DE40,H1,2025-07-09T13:00:00Z,44.307143,0.8299,23.61,calm,0,off,0,40.72
DE40,H1,2025-07-09T14:00:00Z,45.685714,0.8566,26.39,calm,0,off,0,40.31
DE40,H1,2025-07-09T15:00:00Z,48.385714,0.9073,35.91,normal,0,off,0,38.22
DE40,H1,2025-07-09T16:00:00Z,53.021429,0.9941,50.20,normal,0,off,0,24.46
DE40,H1,2025-07-09T17:00:00Z,55.450000,1.0393,57.34,normal,0,off,0,19.87
DE40,H1,2025-07-09T18:00:00Z,57.221429,1.0711,62.10,normal,0,off,0,18.31
DE40,H1,2025-07-09T19:00:00Z,57.114286,1.0662,61.71,normal,0,off,0,18.09
DE40,H1,2025-07-09T20:00:00Z,57.364286,1.0707,64.48,normal,0,off,0,17.53
DE40,H1,2025-07-09T21:00:00Z,57.900000,1.0804,66.47,normal,0,off,0,17.37
DE40,H1,2025-07-09T22:00:00Z,57.792857,1.0779,66.07,normal,0,off,0,18.04
DE40,H1,2025-07-09T23:00:00Z,56.385714,1.0536,58.93,normal,0,off,0,20.41
DE40,H1,2025-07-10T01:00:00Z,51.335714,0.9648,46.23,normal,0,off,0,25.57
DE40,H1,2025-07-10T02:00:00Z,48.250000,0.9142,35.91,normal,0,off,0,28.38
DE40,H1,2025-07-10T03:00:00Z,43.628571,0.8349,22.42,calm,0,off,0,34.08
DE40,H1,2025-07-10T04:00:00Z,42.092857,0.8140,19.25,calm,0,off,0,35.13
DE40,H1,2025-07-10T05:00:00Z,41.271429,0.8063,18.85,calm,0,off,0,35.37
DE40,H1,2025-07-10T06:00:00Z,39.200000,0.7737,16.07,calm,0,off,0,37.50
DE40,H1,2025-07-10T07:00:00Z,33.842857,0.6760,7.34,squeeze,0,off,0,42.39
DE40,H1,2025-07-10T08:00:00Z,31.535714,0.6381,5.75,squeeze,0,off,0,46.88
DE40,H1,2025-07-10T09:00:00Z,31.228571,0.6399,4.17,squeeze,0,off,0,56.25
DE40,H1,2025-07-10T10:00:00Z,34.214286,0.7084,8.53,squeeze,1,low,0,57.65
DE40,H1,2025-07-10T11:00:00Z,36.107143,0.7525,11.31,calm,1,medium,0,62.13
DE40,H1,2025-07-10T12:00:00Z,36.607143,0.7681,12.10,calm,1,medium,0,68.72
DE40,H1,2025-07-10T13:00:00Z,37.392857,0.7896,13.29,calm,1,medium,0,66.14
DE40,H1,2025-07-10T14:00:00Z,37.821429,0.8034,14.09,calm,1,medium,0,66.40
DE40,H1,2025-07-10T15:00:00Z,38.442857,0.8195,16.47,calm,1,medium,0,70.20
DE40,H1,2025-07-10T16:00:00Z,42.771429,0.9131,22.42,calm,1,medium,0,55.15
DE40,H1,2025-07-10T17:00:00Z,44.714286,0.9562,25.60,calm,1,low,0,48.65
DE40,H1,2025-07-10T18:00:00Z,46.028571,0.9859,28.77,calm,0,off,1,47.18
DE40,H1,2025-07-10T19:00:00Z,47.564286,1.0203,34.72,normal,0,off,0,39.36
DE40,H1,2025-07-10T20:00:00Z,48.100000,1.0360,37.10,normal,0,off,0,38.23
DE40,H1,2025-07-10T21:00:00Z,48.164286,1.0418,38.10,normal,0,off,0,38.61
DE40,H1,2025-07-10T22:00:00Z,46.628571,1.0138,31.55,normal,0,off,0,39.68
DE40,H1,2025-07-10T23:00:00Z,43.807143,0.9596,24.40,calm,0,off,0,41.58
DE40,H1,2025-07-11T01:00:00Z,41.064286,0.9081,18.85,calm,0,off,0,44.89
DE40,H1,2025-07-11T02:00:00Z,38.771429,0.8667,16.87,calm,0,off,0,46.31
DE40,H1,2025-07-11T03:00:00Z,51.007143,1.1450,48.61,normal,0,off,0,18.59
DE40,H1,2025-07-11T04:00:00Z,54.185714,1.2186,57.34,normal,0,off,0,18.18
DE40,H1,2025-07-11T05:00:00Z,54.521429,1.2254,58.53,normal,0,off,0,19.64
DE40,H1,2025-07-11T06:00:00Z,53.485714,1.2008,54.56,normal,0,off,0,20.66
DE40,H1,2025-07-11T07:00:00Z,48.100000,1.0805,37.30,normal,0,off,0,21.82
DE40,H1,2025-07-11T08:00:00Z,47.421429,1.0653,33.53,normal,0,off,0,22.88
DE40,H1,2025-07-11T09:00:00Z,48.928571,1.0966,41.07,normal,0,off,0,23.20
DE40,H1,2025-07-11T10:00:00Z,51.107143,1.1406,48.41,normal,0,off,0,30.80
DE40,H1,2025-07-11T11:00:00Z,57.714286,1.2747,67.66,normal,0,off,0,27.05
DE40,H1,2025-07-11T12:00:00Z,62.078571,1.3527,80.36,elevated,0,off,0,25.97
DE40,H1,2025-07-11T13:00:00Z,63.614286,1.3669,83.53,elevated,0,off,0,28.27
DE40,H1,2025-07-11T14:00:00Z,68.257143,1.4454,91.47,extreme,0,off,0,33.50
DE40,H1,2025-07-11T15:00:00Z,71.121429,1.4843,96.23,extreme,0,off,0,35.49
DE40,H1,2025-07-11T16:00:00Z,74.164286,1.5279,97.02,extreme,0,off,0,36.42
DE40,H1,2025-07-11T17:00:00Z,62.750000,1.2830,79.56,elevated,0,off,0,33.35
DE40,H1,2025-07-11T18:00:00Z,59.971429,1.2191,71.63,elevated,0,off,0,34.36
DE40,H1,2025-07-11T19:00:00Z,60.257143,1.2190,72.42,elevated,0,off,0,34.76
DE40,H1,2025-07-11T20:00:00Z,59.864286,1.2077,71.23,elevated,0,off,0,33.74
DE40,H1,2025-07-11T21:00:00Z,60.935714,1.2266,75.60,elevated,0,off,0,34.74
DE40,H1,2025-07-11T22:00:00Z,59.185714,1.1905,69.25,normal,0,off,0,35.57
DE40,H1,2025-07-14T01:00:00Z,67.021429,1.3427,88.29,elevated,0,off,0,29.93
DE40,H1,2025-07-14T02:00:00Z,63.992857,1.2787,82.74,elevated,0,off,0,27.52
DE40,H1,2025-07-14T03:00:00Z,59.450000,1.1871,70.44,elevated,0,off,0,28.83
DE40,H1,2025-07-14T04:00:00Z,57.235714,1.1432,62.10,normal,0,off,0,30.38
DE40,H1,2025-07-14T05:00:00Z,55.735714,1.1135,56.94,normal,0,off,0,26.54
DE40,H1,2025-07-14T06:00:00Z,51.485714,1.0285,46.63,normal,0,off,0,36.19
DE40,H1,2025-07-14T07:00:00Z,47.985714,0.9587,33.93,normal,0,off,0,40.38
DE40,H1,2025-07-14T08:00:00Z,49.485714,0.9864,39.48,normal,0,off,0,39.50
DE40,H1,2025-07-14T09:00:00Z,51.800000,1.0285,47.02,normal,0,off,0,36.40
DE40,H1,2025-07-14T10:00:00Z,56.721429,1.1194,58.93,normal,0,off,0,34.03
DE40,H1,2025-07-14T11:00:00Z,58.221429,1.1404,67.26,normal,0,off,0,34.99
DE40,H1,2025-07-14T12:00:00Z,59.792857,1.1594,71.23,elevated,0,off,0,29.80
DE40,H1,2025-07-14T13:00:00Z,64.007143,1.2257,83.13,elevated,0,off,0,27.95
DE40,H1,2025-07-14T14:00:00Z,65.828571,1.2441,87.50,elevated,0,off,0,30.89
DE40,H1,2025-07-14T15:00:00Z,56.421429,1.0574,56.15,normal,0,off,0,31.92
DE40,H1,2025-07-14T16:00:00Z,57.521429,1.0695,62.90,normal,0,off,0,32.85
DE40,H1,2025-07-14T17:00:00Z,56.814286,1.0484,56.94,normal,0,off,0,36.74
DE40,H1,2025-07-14T18:00:00Z,59.842857,1.0953,70.44,elevated,0,off,0,37.30
DE40,H1,2025-07-14T19:00:00Z,60.557143,1.0992,73.61,elevated,1,low,0,39.97
DE40,H1,2025-07-14T20:00:00Z,60.485714,1.0892,72.82,elevated,1,low,0,44.32
DE40,H1,2025-07-14T21:00:00Z,60.664286,1.0854,74.01,elevated,0,off,1,38.63
DE40,H1,2025-07-14T22:00:00Z,56.485714,1.0064,55.36,normal,0,off,0,42.80
DE40,H1,2025-07-14T23:00:00Z,52.278571,0.9294,44.64,normal,0,off,0,45.07
DE40,H1,2025-07-15T01:00:00Z,45.992857,0.8181,22.02,calm,0,off,0,52.00
DE40,H1,2025-07-15T02:00:00Z,42.571429,0.7587,16.07,calm,0,off,0,54.69
DE40,H1,2025-07-15T03:00:00Z,41.807143,0.7468,15.67,calm,0,off,0,53.77
DE40,H1,2025-07-15T04:00:00Z,43.485714,0.7776,18.85,calm,0,off,0,48.38
DE40,H1,2025-07-15T05:00:00Z,43.557143,0.7790,19.25,calm,0,off,0,46.91
DE40,H1,2025-07-15T06:00:00Z,42.557143,0.7607,16.47,calm,0,off,0,44.31
DE40,H1,2025-07-15T07:00:00Z,41.164286,0.7352,14.48,calm,0,off,0,41.60
DE40,H1,2025-07-15T08:00:00Z,40.592857,0.7277,13.69,calm,0,off,0,42.03
DE40,H1,2025-07-15T09:00:00Z,38.707143,0.6977,12.50,calm,0,off,0,43.28
DE40,H1,2025-07-15T10:00:00Z,42.328571,0.7664,17.66,calm,0,off,0,39.01
DE40,H1,2025-07-15T11:00:00Z,43.792857,0.7957,22.02,calm,0,off,0,41.01
DE40,H1,2025-07-15T12:00:00Z,46.492857,0.8452,29.17,calm,1,low,0,38.20
DE40,H1,2025-07-15T13:00:00Z,48.564286,0.8825,38.69,normal,1,medium,0,44.13
DE40,H1,2025-07-15T14:00:00Z,50.850000,0.9234,45.44,normal,1,high,0,51.76
DE40,H1,2025-07-15T15:00:00Z,54.564286,0.9896,57.74,normal,1,high,0,59.27
DE40,H1,2025-07-15T16:00:00Z,63.128571,1.1427,83.93,elevated,1,medium,0,51.62
DE40,H1,2025-07-15T17:00:00Z,68.607143,1.2390,93.45,extreme,1,low,0,45.93
DE40,H1,2025-07-15T18:00:00Z,64.335714,1.1615,86.71,elevated,1,low,0,45.96
DE40,H1,2025-07-15T19:00:00Z,62.335714,1.1278,81.55,elevated,1,low,0,46.28
DE40,H1,2025-07-15T20:00:00Z,63.442857,1.1511,83.93,elevated,0,off,1,46.73
DE40,H1,2025-07-15T21:00:00Z,62.800000,1.1441,82.74,elevated,0,off,0,46.37
DE40,H1,2025-07-15T22:00:00Z,62.264286,1.1346,81.55,elevated,0,off,0,44.73
DE40,H1,2025-07-15T23:00:00Z,61.521429,1.1204,80.36,elevated,0,off,0,38.96
DE40,H1,2025-07-16T01:00:00Z,58.471429,1.0655,70.44,elevated,0,off,0,39.52
DE40,H1,2025-07-16T02:00:00Z,57.464286,1.0481,66.87,normal,0,off,0,39.01
DE40,H1,2025-07-16T03:00:00Z,57.085714,1.0427,62.90,normal,0,off,0,39.04
DE40,H1,2025-07-16T04:00:00Z,54.871429,1.0038,57.34,normal,0,off,0,40.52
DE40,H1,2025-07-16T05:00:00Z,53.264286,0.9793,53.37,normal,0,off,0,39.87
DE40,H1,2025-07-16T06:00:00Z,48.514286,0.8971,37.50,normal,0,off,0,42.55
DE40,H1,2025-07-16T07:00:00Z,40.550000,0.7551,14.09,calm,0,off,0,46.88
DE40,H1,2025-07-16T08:00:00Z,41.442857,0.7763,16.87,calm,0,off,0,46.51
DE40,H1,2025-07-16T09:00:00Z,40.850000,0.7695,14.48,calm,0,off,0,46.77
DE40,H1,2025-07-16T10:00:00Z,46.971429,0.8863,29.96,calm,0,off,0,44.84
DE40,H1,2025-07-16T11:00:00Z,48.650000,0.9177,38.29,normal,1,low,0,45.01
DE40,H1,2025-07-16T12:00:00Z,51.364286,0.9683,47.02,normal,1,low,0,41.38
DE40,H1,2025-07-16T13:00:00Z,52.328571,0.9862,49.40,normal,1,low,0,48.94
DE40,H1,2025-07-16T14:00:00Z,52.214286,0.9858,48.61,normal,0,off,1,48.16
DE40,H1,2025-07-16T15:00:00Z,54.142857,1.0237,55.36,normal,0,off,0,39.92
DE40,H1,2025-07-16T16:00:00Z,57.864286,1.0949,68.45,normal,0,off,0,39.20
DE40,H1,2025-07-16T17:00:00Z,60.542857,1.1471,77.98,elevated,0,off,0,41.05
DE40,H1,2025-07-16T18:00:00Z,71.121429,1.3448,97.02,extreme,0,off,0,45.86
DE40,H1,2025-07-16T19:00:00Z,74.371429,1.3968,97.42,extreme,0,off,0,47.51
DE40,H1,2025-07-16T20:00:00Z,76.085714,1.4191,98.21,extreme,0,off,0,45.16
DE40,H1,2025-07-16T21:00:00Z,77.850000,1.4407,99.01,extreme,0,off,0,45.49
DE40,H1,2025-07-16T22:00:00Z,70.314286,1.2962,95.44,extreme,0,off,0,43.93
DE40,H1,2025-07-16T23:00:00Z,68.592857,1.2608,93.06,extreme,0,off,0,42.56
DE40,H1,2025-07-17T01:00:00Z,61.057143,1.1220,79.96,elevated,0,off,0,41.31
DE40,H1,2025-07-17T02:00:00Z,57.314286,1.0545,64.88,normal,0,off,0,43.23
DE40,H1,2025-07-17T03:00:00Z,54.957143,1.0117,57.74,normal,0,off,0,45.18
DE40,H1,2025-07-17T04:00:00Z,53.314286,0.9811,52.98,normal,0,off,0,45.49
DE40,H1,2025-07-17T05:00:00Z,50.992857,0.9367,43.06,normal,1,low,0,43.56
DE40,H1,2025-07-17T06:00:00Z,47.957143,0.8792,32.34,normal,1,medium,0,50.50
DE40,H1,2025-07-17T07:00:00Z,43.350000,0.7943,19.64,calm,1,medium,0,52.36
DE40,H1,2025-07-17T08:00:00Z,41.850000,0.7672,16.47,calm,1,medium,0,49.28
DE40,H1,2025-07-17T09:00:00Z,35.021429,0.6441,6.55,squeeze,1,medium,0,57.51
DE40,H1,2025-07-17T10:00:00Z,38.235714,0.7043,10.52,calm,1,medium,0,51.99
DE40,H1,2025-07-17T11:00:00Z,39.842857,0.7343,13.29,calm,1,medium,0,49.72
DE40,H1,2025-07-17T12:00:00Z,38.971429,0.7186,12.50,calm,1,low,0,48.81
DE40,H1,2025-07-17T13:00:00Z,41.971429,0.7730,18.06,calm,1,low,0,44.89
DE40,H1,2025-07-17T14:00:00Z,43.235714,0.7960,21.63,calm,1,low,0,43.98
DE40,H1,2025-07-17T15:00:00Z,45.364286,0.8347,25.60,calm,1,medium,0,48.44
DE40,H1,2025-07-17T16:00:00Z,49.821429,0.9156,41.47,normal,1,low,0,56.45
DE40,H1,2025-07-17T17:00:00Z,51.392857,0.9435,47.82,normal,1,low,0,56.36
DE40,H1,2025-07-17T18:00:00Z,56.771429,1.0400,63.29,normal,0,off,1,45.90
DE40,H1,2025-07-17T19:00:00Z,57.735714,1.0565,70.44,elevated,0,off,0,45.25
DE40,H1,2025-07-17T20:00:00Z,58.700000,1.0758,74.40,elevated,0,off,0,38.33
DE40,H1,2025-07-17T21:00:00Z,60.378571,1.1100,80.36,elevated,0,off,0,32.86
DE40,H1,2025-07-17T22:00:00Z,58.307143,1.0743,73.21,elevated,0,off,0,32.38
DE40,H1,2025-07-17T23:00:00Z,54.335714,1.0040,57.74,normal,0,off,0,36.19
DE40,H1,2025-07-18T01:00:00Z,47.157143,0.8767,31.55,normal,0,off,0,44.14
DE40,H1,2025-07-18T02:00:00Z,45.307143,0.8478,25.60,calm,0,off,0,45.93
DE40,H1,2025-07-18T03:00:00Z,44.664286,0.8413,25.20,calm,0,off,0,45.03
DE40,H1,2025-07-18T04:00:00Z,41.771429,0.7927,17.26,calm,0,off,0,47.38
DE40,H1,2025-07-18T05:00:00Z,42.235714,0.8065,19.25,calm,0,off,0,41.14
DE40,H1,2025-07-18T06:00:00Z,40.235714,0.7734,14.09,calm,0,off,0,36.06
DE40,H1,2025-07-18T07:00:00Z,36.807143,0.7131,8.53,squeeze,0,off,0,39.78
DE40,H1,2025-07-18T08:00:00Z,34.450000,0.6727,6.15,squeeze,0,off,0,41.52
DE40,H1,2025-07-18T09:00:00Z,30.064286,0.5924,1.39,squeeze,0,off,0,46.18
DE40,H1,2025-07-18T10:00:00Z,32.707143,0.6486,3.77,squeeze,0,off,0,42.96
DE40,H1,2025-07-18T11:00:00Z,33.135714,0.6590,3.77,squeeze,0,off,0,42.83
DE40,H1,2025-07-18T12:00:00Z,32.207143,0.6429,2.18,squeeze,0,off,0,45.43
DE40,H1,2025-07-18T13:00:00Z,37.492857,0.7494,9.33,squeeze,0,off,0,48.49
DE40,H1,2025-07-18T14:00:00Z,41.000000,0.8215,15.67,calm,0,off,0,51.93
DE40,H1,2025-07-18T15:00:00Z,45.321429,0.9093,27.18,calm,0,off,0,43.37
DE40,H1,2025-07-18T16:00:00Z,48.814286,0.9803,40.87,normal,0,off,0,42.00
DE40,H1,2025-07-18T17:00:00Z,51.600000,1.0366,49.40,normal,0,off,0,34.48
DE40,H1,2025-07-18T18:00:00Z,53.014286,1.0647,53.77,normal,0,off,0,32.47
DE40,H1,2025-07-18T19:00:00Z,58.157143,1.1661,73.61,elevated,0,off,0,24.65
DE40,H1,2025-07-18T20:00:00Z,59.871429,1.1995,79.56,elevated,0,off,0,24.27
DE40,H1,2025-07-18T21:00:00Z,60.657143,1.2151,83.53,elevated,0,off,0,21.67
DE40,H1,2025-07-18T22:00:00Z,61.192857,1.2308,85.12,elevated,0,off,0,21.04
DE40,H1,2025-07-21T01:00:00Z,60.678571,1.2272,83.53,elevated,0,off,0,20.07
DE40,H1,2025-07-21T02:00:00Z,57.400000,1.1697,69.25,normal,0,off,0,20.59
DE40,H1,2025-07-21T03:00:00Z,55.828571,1.1480,61.71,normal,0,off,0,19.09
DE40,H1,2025-07-21T04:00:00Z,54.900000,1.1361,60.12,normal,0,off,0,17.71
DE40,H1,2025-07-21T05:00:00Z,47.864286,0.9991,34.72,normal,0,off,0,23.02
DE40,H1,2025-07-21T06:00:00Z,46.435714,0.9752,29.56,calm,0,off,0,26.73
DE40,H1,2025-07-21T07:00:00Z,43.442857,0.9177,22.82,calm,0,off,0,29.54
DE40,H1,2025-07-21T08:00:00Z,40.157143,0.8536,13.29,calm,0,off,0,31.46
DE40,H1,2025-07-21T09:00:00Z,40.800000,0.8719,14.48,calm,0,off,0,36.29
DE40,H1,2025-07-21T10:00:00Z,44.078571,0.9448,25.60,calm,1,low,0,36.41
DE40,H1,2025-07-21T11:00:00Z,39.221429,0.8439,11.31,calm,1,low,0,54.53
DE40,H1,2025-07-21T12:00:00Z,39.900000,0.8597,12.10,calm,1,low,0,54.69
DE40,H1,2025-07-21T13:00:00Z,42.078571,0.9066,18.45,calm,1,low,0,52.78
DE40,H1,2025-07-21T14:00:00Z,44.257143,0.9497,25.60,calm,1,medium,0,57.50
DE40,H1,2025-07-21T15:00:00Z,46.457143,0.9934,30.75,normal,1,medium,0,56.88
DE40,H1,2025-07-21T16:00:00Z,50.057143,1.0658,43.85,normal,1,medium,0,54.60
DE40,H1,2025-07-21T17:00:00Z,53.700000,1.1362,56.15,normal,1,medium,0,52.72
DE40,H1,2025-07-21T18:00:00Z,54.878571,1.1548,59.72,normal,1,medium,0,52.34
DE40,H1,2025-07-21T19:00:00Z,55.200000,1.1558,60.52,normal,1,medium,0,52.35
DE40,H1,2025-07-21T20:00:00Z,53.807143,1.1226,56.55,normal,1,medium,0,53.60
DE40,H1,2025-07-21T21:00:00Z,52.692857,1.0981,52.58,normal,1,medium,0,53.84
DE40,H1,2025-07-21T22:00:00Z,53.121429,1.1062,54.56,normal,1,medium,0,54.32
DE40,H1,2025-07-21T23:00:00Z,48.614286,1.0158,39.48,normal,1,medium,0,59.14
DE40,H1,2025-07-22T01:00:00Z,43.550000,0.9154,23.21,calm,1,medium,0,65.39
DE40,H1,2025-07-22T02:00:00Z,40.835714,0.8649,14.09,calm,1,medium,0,68.68
DE40,H1,2025-07-22T03:00:00Z,38.492857,0.8229,9.33,squeeze,1,medium,0,71.40
DE40,H1,2025-07-22T04:00:00Z,34.992857,0.7556,5.36,squeeze,1,medium,0,75.54
DE40,H1,2025-07-22T05:00:00Z,33.778571,0.7359,3.37,squeeze,1,medium,0,77.63
DE40,H1,2025-07-22T06:00:00Z,30.957143,0.6792,0.60,squeeze,1,medium,0,78.48
DE40,H1,2025-07-22T07:00:00Z,29.100000,0.6430,0.20,squeeze,1,medium,0,80.80
DE40,H1,2025-07-22T08:00:00Z,27.671429,0.6161,0.20,squeeze,1,medium,0,82.55
DE40,H1,2025-07-22T09:00:00Z,28.100000,0.6295,0.60,squeeze,1,medium,0,80.63
DE40,H1,2025-07-22T10:00:00Z,35.150000,0.7899,8.13,squeeze,1,low,0,65.19
DE40,H1,2025-07-22T11:00:00Z,38.828571,0.8731,13.29,calm,0,off,1,51.64
DE40,H1,2025-07-22T12:00:00Z,40.221429,0.9031,16.07,calm,0,off,0,41.32
DE40,H1,2025-07-22T13:00:00Z,42.542857,0.9517,24.40,calm,0,off,0,30.05
DE40,H1,2025-07-22T14:00:00Z,46.835714,1.0400,37.10,normal,0,off,0,19.88
DE40,H1,2025-07-22T15:00:00Z,51.100000,1.1255,49.40,normal,0,off,0,15.30
DE40,H1,2025-07-22T16:00:00Z,64.264286,1.3962,92.26,extreme,0,off,0,16.62
DE40,H1,2025-07-22T17:00:00Z,71.571429,1.5289,98.21,extreme,0,off,0,20.93
DE40,H1,2025-07-22T18:00:00Z,72.750000,1.5310,98.21,extreme,0,off,0,23.67
DE40,H1,2025-07-22T19:00:00Z,71.500000,1.4856,97.42,extreme,0,off,0,22.85
DE40,H1,2025-07-22T20:00:00Z,72.107143,1.4817,97.82,extreme,0,off,0,24.54
DE40,H1,2025-07-22T21:00:00Z,71.928571,1.4641,97.42,extreme,0,off,0,26.39
DE40,H1,2025-07-22T22:00:00Z,69.892857,1.4122,95.04,extreme,0,off,0,27.37
DE40,H1,2025-07-22T23:00:00Z,68.750000,1.3803,94.25,extreme,0,off,0,28.76
DE40,H1,2025-07-23T01:00:00Z,62.392857,1.2506,86.31,elevated,0,off,0,32.80
DE40,H1,2025-07-23T02:00:00Z,60.885714,1.2199,82.74,elevated,0,off,0,35.60
DE40,H1,2025-07-23T03:00:00Z,61.885714,1.2393,85.12,elevated,0,off,0,37.64
DE40,H1,2025-07-23T04:00:00Z,65.921429,1.3176,92.66,extreme,0,off,0,40.83
DE40,H1,2025-07-23T05:00:00Z,63.457143,1.2669,89.88,elevated,0,off,0,38.48
DE40,H1,2025-07-23T06:00:00Z,60.528571,1.2070,80.75,elevated,0,off,0,38.08
DE40,H1,2025-07-23T07:00:00Z,52.114286,1.0407,53.37,normal,0,off,0,34.14
DE40,H1,2025-07-23T08:00:00Z,45.114286,0.9045,32.34,normal,0,off,0,37.82
DE40,H1,2025-07-23T09:00:00Z,47.971429,0.9617,40.67,normal,0,off,0,34.91
DE40,H1,2025-07-23T10:00:00Z,57.042857,1.1387,66.87,normal,0,off,0,29.81
DE40,H1,2025-07-23T11:00:00Z,63.114286,1.2501,88.69,elevated,0,off,0,30.68
DE40,H1,2025-07-23T12:00:00Z,65.114286,1.2771,91.87,extreme,0,off,0,28.78
DE40,H1,2025-07-23T13:00:00Z,69.400000,1.3460,94.64,extreme,0,off,0,25.11
DE40,H1,2025-07-23T14:00:00Z,73.328571,1.4063,98.21,extreme,0,off,0,34.91
DE40,H1,2025-07-23T15:00:00Z,75.278571,1.4240,99.01,extreme,0,off,0,35.80
DE40,H1,2025-07-23T16:00:00Z,75.535714,1.4098,99.01,extreme,0,off,0,40.13
DE40,H1,2025-07-23T17:00:00Z,78.785714,1.4506,99.80,extreme,0,off,0,44.18
DE40,H1,2025-07-23T18:00:00Z,93.228571,1.6861,99.80,extreme,0,off,0,32.47
DE40,H1,2025-07-23T19:00:00Z,101.085714,1.7928,99.80,extreme,0,off,0,34.26
DE40,H1,2025-07-23T20:00:00Z,104.692857,1.8215,99.80,extreme,0,off,0,34.95
DE40,H1,2025-07-23T21:00:00Z,102.335714,1.7509,99.40,extreme,0,off,0,36.01
DE40,H1,2025-07-23T22:00:00Z,104.407143,1.7565,99.40,extreme,0,off,0,36.96
DE40,H1,2025-07-23T23:00:00Z,102.478571,1.6971,99.01,extreme,0,off,0,36.26
DE40,H1,2025-07-24T01:00:00Z,92.992857,1.5203,97.42,extreme,0,off,0,34.93
DE40,H1,2025-07-24T02:00:00Z,85.800000,1.3877,97.02,extreme,0,off,0,34.40
DE40,H1,2025-07-24T03:00:00Z,83.207143,1.3327,96.63,extreme,0,off,0,34.37
DE40,H1,2025-07-24T04:00:00Z,79.885714,1.2669,96.23,extreme,0,off,0,30.12
DE40,H1,2025-07-24T05:00:00Z,75.600000,1.1868,94.64,extreme,0,off,0,28.15
DE40,H1,2025-07-24T06:00:00Z,74.885714,1.1632,93.45,extreme,0,off,0,28.11
DE40,H1,2025-07-24T07:00:00Z,72.242857,1.1105,91.47,extreme,0,off,0,22.72
DE40,H1,2025-07-24T08:00:00Z,68.421429,1.0410,86.31,elevated,0,off,0,22.46
DE40,H1,2025-07-24T09:00:00Z,52.014286,0.7870,48.61,normal,0,off,0,38.17
DE40,H1,2025-07-24T10:00:00Z,47.014286,0.7079,35.52,normal,0,off,0,41.43
DE40,H1,2025-07-24T11:00:00Z,44.514286,0.6672,29.17,calm,0,off,0,43.49
DE40,H1,2025-07-24T12:00:00Z,47.942857,0.7143,37.10,normal,0,off,0,42.33
DE40,H1,2025-07-24T13:00:00Z,50.192857,0.7429,43.85,normal,0,off,0,42.12
DE40,H1,2025-07-24T14:00:00Z,51.014286,0.7515,45.04,normal,1,low,0,47.05
DE40,H1,2025-07-24T15:00:00Z,53.500000,0.7847,52.98,normal,0,off,1,56.54
DE40,H1,2025-07-24T16:00:00Z,60.728571,0.8854,75.60,elevated,0,off,0,37.54
DE40,H1,2025-07-24T17:00:00Z,62.928571,0.9121,80.36,elevated,0,off,0,34.72
DE40,H1,2025-07-24T18:00:00Z,65.478571,0.9439,84.33,elevated,0,off,0,36.03
DE40,H1,2025-07-24T19:00:00Z,67.157143,0.9637,85.52,elevated,0,off,0,31.60
DE40,H1,2025-07-24T20:00:00Z,66.371429,0.9518,84.72,elevated,0,off,0,30.70
DE40,H1,2025-07-24T21:00:00Z,67.585714,0.9704,85.52,elevated,0,off,0,30.39
DE40,H1,2025-07-24T22:00:00Z,67.764286,0.9743,85.52,elevated,0,off,0,31.19
DE40,H1,2025-07-24T23:00:00Z,63.007143,0.9081,78.37,elevated,0,off,0,34.91
DE40,H1,2025-07-25T01:00:00Z,58.664286,0.8488,65.67,normal,0,off,0,37.69
DE40,H1,2025-07-25T02:00:00Z,56.521429,0.8215,58.53,normal,0,off,0,42.54
DE40,H1,2025-07-25T03:00:00Z,51.250000,0.7489,45.04,normal,0,off,0,44.99
DE40,H1,2025-07-25T04:00:00Z,47.142857,0.6933,33.93,normal,0,off,0,49.32
DE40,H1,2025-07-25T05:00:00Z,43.785714,0.6475,25.60,calm,0,off,0,51.55
DE40,H1,2025-07-25T06:00:00Z,41.464286,0.6167,18.45,calm,0,off,0,54.83
DE40,H1,2025-07-25T07:00:00Z,35.928571,0.5385,6.94,squeeze,0,off,0,56.89
DE40,H1,2025-07-25T08:00:00Z,36.035714,0.5450,6.94,squeeze,1,low,0,56.52
DE40,H1,2025-07-25T09:00:00Z,36.878571,0.5623,8.13,squeeze,1,low,0,70.75
DE40,H1,2025-07-25T10:00:00Z,41.164286,0.6313,17.26,calm,0,off,1,59.04
DE40,H1,2025-07-25T11:00:00Z,45.200000,0.6947,28.77,calm,0,off,0,56.98
DE40,H1,2025-07-25T12:00:00Z,47.842857,0.7347,35.12,normal,0,off,0,59.40
DE40,H1,2025-07-25T13:00:00Z,48.200000,0.7401,38.29,normal,0,off,0,60.18
DE40,H1,2025-07-25T14:00:00Z,48.314286,0.7439,38.29,normal,0,off,0,59.49
DE40,H1,2025-07-25T15:00:00Z,50.800000,0.7851,42.26,normal,0,off,0,59.70
DE40,H1,2025-07-25T16:00:00Z,57.335714,0.8883,61.31,normal,0,off,0,55.63
DE40,H1,2025-07-25T17:00:00Z,64.171429,0.9958,81.15,elevated,0,off,0,46.03
DE40,H1,2025-07-25T18:00:00Z,66.364286,1.0321,83.53,elevated,0,off,0,44.42
DE40,H1,2025-07-25T19:00:00Z,68.950000,1.0744,87.50,elevated,0,off,0,41.86
DE40,H1,2025-07-25T20:00:00Z,69.114286,1.0791,87.50,elevated,0,off,0,42.08
DE40,H1,2025-07-25T21:00:00Z,68.721429,1.0764,86.31,elevated,0,off,0,41.71
DE40,H1,2025-07-25T22:00:00Z,65.257143,1.0311,80.75,elevated,0,off,0,44.48
DE40,H1,2025-07-28T01:00:00Z,65.885714,1.0528,81.55,elevated,0,off,0,39.28
DE40,H1,2025-07-28T02:00:00Z,60.628571,0.9826,68.45,normal,0,off,0,42.70
DE40,H1,2025-07-28T03:00:00Z,60.714286,0.9975,69.64,normal,0,off,0,34.22
DE40,H1,2025-07-28T04:00:00Z,56.428571,0.9419,53.77,normal,0,off,0,35.65
DE40,H1,2025-07-28T05:00:00Z,55.250000,0.9370,52.18,normal,0,off,0,33.50
DE40,H1,2025-07-28T06:00:00Z,53.928571,0.9269,48.21,normal,0,off,0,33.60
DE40,H1,2025-07-28T07:00:00Z,52.035714,0.9048,43.06,normal,0,off,0,32.67
DE40,H1,2025-07-28T08:00:00Z,48.964286,0.8617,36.31,normal,0,off,0,32.58
DE40,H1,2025-07-28T09:00:00Z,47.350000,0.8429,29.96,calm,0,off,0,32.04
DE40,H1,2025-07-28T10:00:00Z,57.657143,1.0330,58.93,normal,0,off,0,21.12
DE40,H1,2025-07-28T11:00:00Z,60.892857,1.0965,70.44,elevated,0,off,0,19.04
DE40,H1,2025-07-28T12:00:00Z,64.300000,1.1612,79.17,elevated,0,off,0,18.96
DE40,H1,2025-07-28T13:00:00Z,65.800000,1.1894,80.75,elevated,0,off,0,19.49
DE40,H1,2025-07-28T14:00:00Z,69.907143,1.2555,88.29,elevated,0,off,0,23.64
DE40,H1,2025-07-28T15:00:00Z,70.385714,1.2536,88.69,elevated,0,off,0,21.12
DE40,H1,2025-07-28T16:00:00Z,82.071429,1.4424,96.23,extreme,0,off,0,24.30
DE40,H1,2025-07-28T17:00:00Z,81.700000,1.4190,95.83,extreme,0,off,0,25.20
DE40,H1,2025-07-28T18:00:00Z,84.314286,1.4473,96.63,extreme,0,off,0,23.84
DE40,H1,2025-07-28T19:00:00Z,83.957143,1.4250,96.23,extreme,0,off,0,22.30
DE40,H1,2025-07-28T20:00:00Z,84.707143,1.4227,96.63,extreme,0,off,0,21.58
DE40,H1,2025-07-28T21:00:00Z,85.207143,1.4194,96.63,extreme,0,off,0,20.04
DE40,H1,2025-07-28T22:00:00Z,82.600000,1.3670,94.64,extreme,0,off,0,20.63
DE40,H1,2025-07-28T23:00:00Z,77.621429,1.2795,92.26,extreme,0,off,0,18.29
DE40,H1,2025-07-29T01:00:00Z,64.192857,1.0592,75.20,elevated,0,off,0,19.10
DE40,H1,2025-07-29T02:00:00Z,58.328571,0.9650,60.52,normal,0,off,0,23.01
DE40,H1,2025-07-29T03:00:00Z,55.007143,0.9138,50.60,normal,0,off,0,24.46
DE40,H1,2025-07-29T04:00:00Z,54.721429,0.9130,49.01,normal,0,off,0,24.16
DE40,H1,2025-07-29T05:00:00Z,50.935714,0.8533,38.29,normal,0,off,0,29.16
DE40,H1,2025-07-29T06:00:00Z,45.614286,0.7675,26.39,calm,0,off,0,33.82
DE40,H1,2025-07-29T07:00:00Z,33.614286,0.5700,3.37,squeeze,0,off,0,44.20
DE40,H1,2025-07-29T08:00:00Z,32.042857,0.5469,2.18,squeeze,0,off,0,44.32
DE40,H1,2025-07-29T09:00:00Z,32.392857,0.5557,2.98,squeeze,0,off,0,43.41
DE40,H1,2025-07-29T10:00:00Z,41.935714,0.7198,18.06,calm,0,off,0,40.46
DE40,H1,2025-07-29T11:00:00Z,44.935714,0.7704,25.99,calm,0,off,0,45.79
DE40,H1,2025-07-29T12:00:00Z,44.935714,0.7680,26.19,calm,0,off,0,39.02
DE40,H1,2025-07-29T13:00:00Z,47.792857,0.8136,33.13,normal,0,off,0,33.26
DE40,H1,2025-07-29T14:00:00Z,54.571429,0.9234,50.99,normal,0,off,0,26.23
DE40,H1,2025-07-29T15:00:00Z,58.571429,0.9853,62.90,normal,0,off,0,21.06
DE40,H1,2025-07-29T16:00:00Z,61.828571,1.0343,70.83,elevated,0,off,0,16.63
DE40,H1,2025-07-29T17:00:00Z,64.650000,1.0755,77.18,elevated,0,off,0,15.78
DE40,H1,2025-07-29T18:00:00Z,68.457143,1.1312,81.94,elevated,0,off,0,15.85
DE40,H1,2025-07-29T19:00:00Z,69.778571,1.1449,84.72,elevated,0,off,0,20.12
DE40,H1,2025-07-29T20:00:00Z,72.171429,1.1759,88.29,elevated,0,off,0,20.85
DE40,H1,2025-07-29T21:00:00Z,71.957143,1.1669,87.50,elevated,0,off,0,20.38
DE40,H1,2025-07-29T22:00:00Z,70.885714,1.1470,85.52,elevated,0,off,0,21.07
DE40,H1,2025-07-29T23:00:00Z,68.335714,1.1050,79.56,elevated,0,off,0,20.78
DE40,H1,2025-07-30T01:00:00Z,57.578571,0.9345,58.13,normal,0,off,0,33.82
DE40,H1,2025-07-30T02:00:00Z,53.735714,0.8765,48.21,normal,0,off,0,37.62
DE40,H1,2025-07-30T03:00:00Z,53.085714,0.8704,45.83,normal,0,off,0,36.94
DE40,H1,2025-07-30T04:00:00Z,51.800000,0.8531,42.66,normal,0,off,0,40.51
DE40,H1,2025-07-30T05:00:00Z,47.192857,0.7820,31.15,normal,1,low,0,53.17
DE40,H1,2025-07-30T06:00:00Z,42.942857,0.7158,20.44,calm,1,high,0,57.18
DE40,H1,2025-07-30T07:00:00Z,40.192857,0.6745,12.10,calm,1,high,0,71.70
DE40,H1,2025-07-30T08:00:00Z,38.585714,0.6515,9.33,squeeze,1,high,0,72.77
DE40,H1,2025-07-30T09:00:00Z,37.528571,0.6374,8.53,squeeze,1,high,0,75.79
DE40,H1,2025-07-30T10:00:00Z,39.778571,0.6789,11.31,calm,1,high,0,75.15
DE40,H1,2025-07-30T11:00:00Z,39.385714,0.6751,11.31,calm,1,high,0,81.43
DE40,H1,2025-07-30T12:00:00Z,42.635714,0.7324,20.44,calm,1,high,0,78.11
DE40,H1,2025-07-30T13:00:00Z,42.278571,0.7276,20.04,calm,1,high,0,79.36
DE40,H1,2025-07-30T14:00:00Z,43.507143,0.7524,22.82,calm,1,high,0,77.78
DE40,H1,2025-07-30T15:00:00Z,45.435714,0.7899,28.37,calm,1,medium,0,70.88
DE40,H1,2025-07-30T16:00:00Z,48.978571,0.8561,37.90,normal,1,medium,0,67.34
DE40,H1,2025-07-30T17:00:00Z,50.842857,0.8934,39.88,normal,1,medium,0,63.04
DE40,H1,2025-07-30T18:00:00Z,49.700000,0.8795,38.29,normal,1,medium,0,63.38
DE40,H1,2025-07-30T19:00:00Z,48.021429,0.8566,35.12,normal,1,medium,0,61.41
DE40,H1,2025-07-30T20:00:00Z,48.950000,0.8836,37.90,normal,1,medium,0,59.37
DE40,H1,2025-07-30T21:00:00Z,55.092857,1.0041,54.96,normal,1,medium,0,55.16
DE40,H1,2025-07-30T22:00:00Z,59.200000,1.0890,64.48,normal,1,medium,0,52.46
DE40,H1,2025-07-30T23:00:00Z,59.642857,1.1070,64.88,normal,1,medium,0,50.42
DE40,H1,2025-07-31T01:00:00Z,58.264286,1.0921,62.10,normal,1,medium,0,51.35
DE40,H1,2025-07-31T02:00:00Z,55.935714,1.0601,56.55,normal,1,low,0,50.50
DE40,H1,2025-07-31T03:00:00Z,54.857143,1.0507,52.98,normal,1,low,0,51.61
DE40,H1,2025-07-31T04:00:00Z,53.642857,1.0370,49.80,normal,1,low,0,52.87
DE40,H1,2025-07-31T05:00:00Z,53.035714,1.0297,47.82,normal,1,low,0,52.04
DE40,H1,2025-07-31T06:00:00Z,52.178571,1.0155,46.23,normal,1,low,0,50.37
DE40,H1,2025-07-31T07:00:00Z,50.871429,0.9916,41.07,normal,1,low,0,55.90
DE40,H1,2025-07-31T08:00:00Z,51.978571,1.0143,44.64,normal,1,medium,0,54.59
DE40,H1,2025-07-31T09:00:00Z,55.664286,1.0842,56.55,normal,1,medium,0,47.81
DE40,H1,2025-07-31T10:00:00Z,62.521429,1.2098,71.63,elevated,1,medium,0,45.35
DE40,H1,2025-07-31T11:00:00Z,66.735714,1.2750,78.37,elevated,1,medium,0,46.24
DE40,H1,2025-07-31T12:00:00Z,65.307143,1.2321,75.60,elevated,1,medium,0,49.34
DE40,H1,2025-07-31T13:00:00Z,68.378571,1.2727,79.96,elevated,1,medium,0,50.79
DE40,H1,2025-07-31T14:00:00Z,65.114286,1.2016,74.21,elevated,1,medium,0,50.57
DE40,H1,2025-07-31T15:00:00Z,65.457143,1.1989,75.20,elevated,1,low,0,50.27
DE40,H1,2025-07-31T16:00:00Z,71.678571,1.3001,86.71,elevated,1,low,0,47.83
DE40,H1,2025-07-31T17:00:00Z,76.507143,1.3733,91.87,extreme,0,off,1,40.14
DE40,H1,2025-07-31T18:00:00Z,79.721429,1.4182,93.06,extreme,0,off,0,36.58
DE40,H1,2025-07-31T19:00:00Z,79.471429,1.4034,92.66,extreme,0,off,0,32.32
DE40,H1,2025-07-31T20:00:00Z,84.678571,1.4833,95.83,extreme,0,off,0,25.27
DE40,H1,2025-07-31T21:00:00Z,87.571429,1.5218,97.02,extreme,0,off,0,23.64
DE40,H1,2025-07-31T22:00:00Z,86.321429,1.4908,96.63,extreme,0,off,0,23.37
DE40,H1,2025-07-31T23:00:00Z,87.321429,1.4990,96.63,extreme,0,off,0,23.51
DE40,H1,2025-08-01T01:00:00Z,84.392857,1.4427,94.25,extreme,0,off,0,22.42
DE40,H1,2025-08-01T02:00:00Z,80.285714,1.3686,91.47,extreme,0,off,0,21.31
DE40,H1,2025-08-01T03:00:00Z,86.428571,1.4655,96.23,extreme,0,off,0,19.42
DE40,H1,2025-08-01T04:00:00Z,80.285714,1.3559,90.87,extreme,0,off,0,20.64
DE40,H1,2025-08-01T05:00:00Z,81.392857,1.3636,91.07,extreme,0,off,0,21.06
DE40,H1,2025-08-01T06:00:00Z,81.607143,1.3545,91.07,extreme,0,off,0,21.79
DE40,H1,2025-08-01T07:00:00Z,76.714286,1.2634,87.50,elevated,0,off,0,21.12
DE40,H1,2025-08-01T08:00:00Z,74.392857,1.2161,85.12,elevated,0,off,0,22.69
DE40,H1,2025-08-01T09:00:00Z,77.600000,1.2561,87.50,elevated,0,off,0,23.08
DE40,H1,2025-08-01T10:00:00Z,88.921429,1.4182,97.02,extreme,0,off,0,26.41
DE40,H1,2025-08-01T11:00:00Z,89.250000,1.4015,97.02,extreme,0,off,0,26.56
DE40,H1,2025-08-01T12:00:00Z,90.392857,1.3967,97.02,extreme,0,off,0,24.32
DE40,H1,2025-08-01T13:00:00Z,94.428571,1.4339,97.82,extreme,0,off,0,27.58
DE40,H1,2025-08-01T14:00:00Z,92.242857,1.3787,96.63,extreme,0,off,0,29.52
DE40,H1,2025-08-01T15:00:00Z,94.635714,1.3915,97.82,extreme,0,off,0,24.14
DE40,H1,2025-08-01T16:00:00Z,106.028571,1.5305,99.80,extreme,0,off,0,23.67
DE40,H1,2025-08-01T17:00:00Z,104.242857,1.4783,98.61,extreme,0,off,0,18.03
DE40,H1,2025-08-01T18:00:00Z,109.142857,1.5195,99.80,extreme,0,off,0,15.07
DE40,H1,2025-08-01T19:00:00Z,111.285714,1.5214,99.80,extreme,0,off,0,14.91
DE40,H1,2025-08-01T20:00:00Z,110.857143,1.4903,99.40,extreme,0,off,0,16.34
DE40,H1,2025-08-01T21:00:00Z,114.785714,1.5171,99.80,extreme,0,off,0,17.34
DE40,H1,2025-08-01T22:00:00Z,112.035714,1.4567,99.40,extreme,0,off,0,17.75
DE40,H1,2025-08-04T01:00:00Z,108.378571,1.3874,97.82,extreme,0,off,0,14.30
DE40,H1,2025-08-04T02:00:00Z,97.342857,1.2309,94.64,extreme,0,off,0,15.28
DE40,H1,2025-08-04T03:00:00Z,94.657143,1.1851,94.25,extreme,0,off,0,16.58
DE40,H1,2025-08-04T04:00:00Z,90.764286,1.1274,91.87,extreme,0,off,0,20.67
DE40,H1,2025-08-04T05:00:00Z,85.835714,1.0593,88.69,elevated,0,off,0,25.04
DE40,H1,2025-08-04T06:00:00Z,82.907143,1.0170,85.12,elevated,0,off,0,32.77
DE40,H1,2025-08-04T07:00:00Z,78.514286,0.9578,80.36,elevated,1,low,0,42.48
DE40,H1,2025-08-04T08:00:00Z,69.121429,0.8403,70.04,elevated,1,low,0,60.19
DE40,H1,2025-08-04T09:00:00Z,67.864286,0.8221,66.47,normal,1,low,0,63.25
DE40,H1,2025-08-04T10:00:00Z,72.135714,0.8699,74.80,elevated,1,low,0,65.11
DE40,H1,2025-08-04T11:00:00Z,73.564286,0.8825,76.39,elevated,1,low,0,60.15
DE40,H1,2025-08-04T12:00:00Z,74.035714,0.8833,76.39,elevated,0,off,1,57.26
DE40,H1,2025-08-04T13:00:00Z,70.535714,0.8378,70.83,elevated,0,off,0,56.60
DE40,H1,2025-08-04T14:00:00Z,71.892857,0.8507,72.42,elevated,0,off,0,52.76
DE40,H1,2025-08-04T15:00:00Z,70.878571,0.8370,70.44,elevated,0,off,0,47.39
DE40,H1,2025-08-04T16:00:00Z,72.414286,0.8540,74.80,elevated,0,off,0,42.81
DE40,H1,2025-08-04T17:00:00Z,73.671429,0.8671,75.99,elevated,0,off,0,40.49
DE40,H1,2025-08-04T18:00:00Z,73.264286,0.8613,74.80,elevated,0,off,0,41.49
DE40,H1,2025-08-04T19:00:00Z,72.371429,0.8494,73.61,elevated,0,off,0,39.99
DE40,H1,2025-08-04T20:00:00Z,71.728571,0.8406,70.44,elevated,0,off,0,38.64
DE40,H1,2025-08-04T21:00:00Z,69.335714,0.8130,65.67,normal,0,off,0,44.15
DE40,H1,2025-08-04T22:00:00Z,68.407143,0.8036,62.50,normal,0,off,0,47.79
DE40,H1,2025-08-04T23:00:00Z,62.385714,0.7359,50.60,normal,0,off,0,50.31
DE40,H1,2025-08-05T01:00:00Z,50.592857,0.6009,27.58,calm,0,off,0,56.98
DE40,H1,2025-08-05T02:00:00Z,44.292857,0.5312,16.07,calm,0,off,0,57.56
DE40,H1,2025-08-05T03:00:00Z,44.250000,0.5362,15.67,calm,0,off,0,55.13
DE40,H1,2025-08-05T04:00:00Z,44.250000,0.5417,15.87,calm,0,off,0,56.07
DE40,H1,2025-08-05T05:00:00Z,40.964286,0.5073,10.52,calm,0,off,0,52.75
DE40,H1,2025-08-05T06:00:00Z,39.285714,0.4920,7.34,squeeze,1,low,0,51.00
DE40,H1,2025-08-05T07:00:00Z,37.678571,0.4769,5.75,squeeze,1,low,0,64.66
DE40,H1,2025-08-05T08:00:00Z,36.785714,0.4716,4.96,squeeze,0,off,1,68.17
DE40,H1,2025-08-05T09:00:00Z,39.014286,0.5055,7.74,squeeze,0,off,0,65.57
DE40,H1,2025-08-05T10:00:00Z,45.657143,0.5971,20.83,calm,1,low,0,66.78
DE40,H1,2025-08-05T11:00:00Z,48.692857,0.6423,26.39,calm,1,low,0,66.13
DE40,H1,2025-08-05T12:00:00Z,53.157143,0.7056,35.91,normal,1,low,0,62.49
DE40,H1,2025-08-05T13:00:00Z,53.907143,0.7195,37.90,normal,0,off,1,58.88
DE40,H1,2025-08-05T14:00:00Z,54.257143,0.7287,38.29,normal,0,off,0,59.44
DE40,H1,2025-08-05T15:00:00Z,58.771429,0.7957,46.23,normal,0,off,0,61.07
DE40,H1,2025-08-05T16:00:00Z,60.000000,0.8189,47.02,normal,0,off,0,61.96
DE40,H1,2025-08-05T17:00:00Z,66.107143,0.9082,58.53,normal,1,low,0,61.53
DE40,H1,2025-08-05T18:00:00Z,68.200000,0.9438,61.31,normal,1,low,0,61.05
DE40,H1,2025-08-05T19:00:00Z,70.342857,0.9794,67.26,normal,1,low,0,59.58
DE40,H1,2025-08-05T20:00:00Z,72.914286,1.0213,74.40,elevated,1,low,0,57.97
DE40,H1,2025-08-05T21:00:00Z,74.414286,1.0517,76.79,elevated,1,low,0,57.03
DE40,H1,2025-08-05T22:00:00Z,70.807143,1.0102,67.26,normal,1,low,0,59.11
DE40,H1,2025-08-05T23:00:00Z,68.464286,0.9883,61.71,normal,1,low,0,55.54
DE40,H1,2025-08-06T01:00:00Z,62.564286,0.9160,48.61,normal,1,low,0,59.73
DE40,H1,2025-08-06T02:00:00Z,59.957143,0.8911,43.45,normal,1,medium,0,62.63
DE40,H1,2025-08-06T03:00:00Z,56.657143,0.8569,38.69,normal,1,medium,0,64.55
DE40,H1,2025-08-06T04:00:00Z,57.228571,0.8801,39.09,normal,1,medium,0,64.00
DE40,H1,2025-08-06T05:00:00Z,55.871429,0.8733,36.71,normal,1,medium,0,66.71
DE40,H1,2025-08-06T06:00:00Z,51.228571,0.8125,27.18,calm,1,medium,0,69.79
DE40,H1,2025-08-06T07:00:00Z,49.407143,0.7950,23.21,calm,1,medium,0,68.84
DE40,H1,2025-08-06T08:00:00Z,47.192857,0.7702,17.86,calm,1,low,0,64.40
DE40,H1,2025-08-06T09:00:00Z,46.814286,0.7739,16.07,calm,1,low,0,63.31
DE40,H1,2025-08-06T10:00:00Z,47.028571,0.7867,16.87,calm,1,low,0,62.72
DE40,H1,2025-08-06T11:00:00Z,51.171429,0.8639,26.79,calm,1,low,0,62.29
DE40,H1,2025-08-06T12:00:00Z,50.492857,0.8579,23.61,calm,1,low,0,61.06
DE40,H1,2025-08-06T13:00:00Z,55.242857,0.9426,35.52,normal,1,low,0,56.90
DE40,H1,2025-08-06T14:00:00Z,57.335714,0.9833,39.09,normal,1,low,0,53.95
DE40,H1,2025-08-06T15:00:00Z,58.271429,1.0046,40.67,normal,1,low,0,51.43
DE40,H1,2025-08-06T16:00:00Z,60.700000,1.0513,44.64,normal,1,low,0,49.25
DE40,H1,2025-08-06T17:00:00Z,62.250000,1.0813,47.42,normal,1,low,0,46.83
DE40,H1,2025-08-06T18:00:00Z,63.421429,1.1049,50.60,normal,1,low,0,47.19
DE40,H1,2025-08-06T19:00:00Z,65.457143,1.1425,54.56,normal,1,low,0,48.63
DE40,H1,2025-08-06T20:00:00Z,66.028571,1.1550,56.94,normal,1,low,0,47.66
DE40,H1,2025-08-06T21:00:00Z,67.135714,1.1771,58.93,normal,1,low,0,47.77
DE40,H1,2025-08-06T22:00:00Z,60.957143,1.0734,46.63,normal,1,low,0,49.68
DE40,H1,2025-08-06T23:00:00Z,57.278571,1.0140,38.29,normal,1,low,0,52.18
DE40,H1,2025-08-07T01:00:00Z,58.642857,1.0430,41.87,normal,1,low,0,50.93
DE40,H1,2025-08-07T02:00:00Z,52.171429,0.9336,28.37,calm,1,low,0,57.36
DE40,H1,2025-08-07T03:00:00Z,54.464286,0.9795,32.74,normal,1,low,0,57.54
DE40,H1,2025-08-07T04:00:00Z,51.464286,0.9292,26.39,calm,1,low,0,61.98
DE40,H1,2025-08-07T05:00:00Z,47.321429,0.8554,16.47,calm,1,low,0,62.92
DE40,H1,2025-08-07T06:00:00Z,45.714286,0.8259,14.09,calm,1,low,0,69.32
DE40,H1,2025-08-07T07:00:00Z,43.500000,0.7862,8.93,squeeze,1,low,0,71.03
DE40,H1,2025-08-07T08:00:00Z,48.428571,0.8739,20.83,calm,1,low,0,50.30
DE40,H1,2025-08-07T09:00:00Z,53.471429,0.9606,31.55,normal,1,low,0,49.68
DE40,H1,2025-08-07T10:00:00Z,57.721429,1.0301,42.26,normal,1,low,0,46.87
DE40,H1,2025-08-07T11:00:00Z,73.400000,1.2934,74.80,elevated,0,off,1,30.00
DE40,H1,2025-08-07T12:00:00Z,84.042857,1.4567,85.91,elevated,0,off,0,19.12
DE40,H1,2025-08-07T13:00:00Z,88.114286,1.5017,90.28,extreme,0,off,0,18.98
DE40,H1,2025-08-07T14:00:00Z,93.614286,1.5698,93.06,extreme,0,off,0,19.37
DE40,H1,2025-08-07T15:00:00Z,93.750000,1.5486,93.06,extreme,0,off,0,20.73
DE40,H1,2025-08-07T16:00:00Z,96.864286,1.5773,94.25,extreme,0,off,0,21.56
DE40,H1,2025-08-07T17:00:00Z,99.500000,1.5965,94.64,extreme,0,off,0,22.55
DE40,H1,2025-08-07T18:00:00Z,100.364286,1.5869,94.64,extreme,0,off,0,24.64
DE40,H1,2025-08-07T19:00:00Z,105.042857,1.6369,97.02,extreme,0,off,0,26.16
DE40,H1,2025-08-07T20:00:00Z,106.578571,1.6371,97.42,extreme,0,off,0,27.53
DE40,H1,2025-08-07T21:00:00Z,108.400000,1.6437,97.82,extreme,0,off,0,26.84
DE40,H1,2025-08-07T22:00:00Z,104.792857,1.5716,95.83,extreme,0,off,0,29.32
DE40,H1,2025-08-07T23:00:00Z,96.035714,1.4292,93.06,extreme,0,off,0,28.77
DE40,H1,2025-08-08T01:00:00Z,89.864286,1.3307,89.48,elevated,0,off,0,29.64
DE40,H1,2025-08-08T02:00:00Z,73.478571,1.0883,73.61,elevated,0,off,0,31.17
DE40,H1,2025-08-08T03:00:00Z,67.107143,0.9951,58.93,normal,0,off,0,38.01
DE40,H1,2025-08-08T04:00:00Z,63.892857,0.9487,52.18,normal,0,off,0,41.44
DE40,H1,2025-08-08T05:00:00Z,58.857143,0.8749,45.04,normal,0,off,0,42.76
DE40,H1,2025-08-08T06:00:00Z,55.678571,0.8287,37.50,normal,1,low,0,42.91
DE40,H1,2025-08-08T07:00:00Z,52.257143,0.7788,29.96,calm,1,medium,0,54.96
DE40,H1,2025-08-08T08:00:00Z,50.507143,0.7542,23.61,calm,1,low,0,65.35
DE40,H1,2025-08-08T09:00:00Z,50.464286,0.7548,23.21,calm,1,low,0,64.52
DE40,H1,2025-08-08T10:00:00Z,52.178571,0.7802,30.16,normal,1,low,0,64.09
DE40,H1,2025-08-08T11:00:00Z,53.500000,0.7990,32.54,normal,1,low,0,65.82
DE40,H1,2025-08-08T12:00:00Z,52.214286,0.7786,29.96,calm,1,low,0,63.13
DE40,H1,2025-08-08T13:00:00Z,49.214286,0.7334,20.83,calm,1,low,0,72.86
DE40,H1,2025-08-08T14:00:00Z,50.614286,0.7534,23.61,calm,1,low,0,69.97
DE40,H1,2025-08-08T15:00:00Z,53.250000,0.7922,31.55,normal,1,low,0,68.46
DE40,H1,2025-08-08T16:00:00Z,57.528571,0.8540,42.26,normal,1,low,0,62.79
DE40,H1,2025-08-08T17:00:00Z,62.042857,0.9192,50.99,normal,1,low,0,61.55
DE40,H1,2025-08-08T18:00:00Z,62.664286,0.9269,52.98,normal,1,low,0,61.29
DE40,H1,2025-08-08T19:00:00Z,62.735714,0.9268,53.37,normal,1,low,0,59.58
DE40,H1,2025-08-08T20:00:00Z,63.985714,0.9443,54.96,normal,1,low,0,59.15
DE40,H1,2025-08-08T21:00:00Z,63.335714,0.9344,54.17,normal,1,low,0,60.07
DE40,H1,2025-08-08T22:00:00Z,58.514286,0.8645,45.04,normal,1,low,0,65.60
DE40,H1,2025-08-08T23:00:00Z,54.371429,0.8060,34.72,normal,1,low,0,66.95
DE40,H1,2025-08-11T01:00:00Z,48.628571,0.7246,19.25,calm,1,low,0,73.70
DE40,H1,2025-08-11T02:00:00Z,46.178571,0.6924,14.09,calm,1,low,0,76.24
DE40,H1,2025-08-11T03:00:00Z,47.064286,0.7086,15.28,calm,1,low,0,75.54
DE40,H1,2025-08-11T04:00:00Z,46.278571,0.6991,14.48,calm,1,low,0,76.45
DE40,H1,2025-08-11T05:00:00Z,45.242857,0.6862,12.50,calm,1,low,0,70.60
DE40,H1,2025-08-11T06:00:00Z,41.564286,0.6325,7.34,squeeze,0,off,1,73.10
DE40,H1,2025-08-11T07:00:00Z,37.778571,0.5778,3.77,squeeze,0,off,0,73.52
DE40,H1,2025-08-11T08:00:00Z,28.528571,0.4394,0.20,squeeze,0,off,0,72.15
DE40,H1,2025-08-11T09:00:00Z,29.621429,0.4588,0.60,squeeze,0,off,0,72.22
DE40,H1,2025-08-11T10:00:00Z,40.657143,0.6307,6.15,squeeze,1,low,0,73.41
DE40,H1,2025-08-11T11:00:00Z,41.050000,0.6372,6.94,squeeze,0,off,1,67.71
DE40,H1,2025-08-11T12:00:00Z,45.657143,0.7094,13.49,calm,0,off,0,64.23
DE40,H1,2025-08-11T13:00:00Z,49.085714,0.7637,22.02,calm,0,off,0,58.75
DE40,H1,2025-08-11T14:00:00Z,54.335714,0.8462,35.52,normal,0,off,0,50.61
DE40,H1,2025-08-11T15:00:00Z,58.292857,0.9122,45.44,normal,0,off,0,47.43
DE40,H1,2025-08-11T16:00:00Z,60.135714,0.9481,49.40,normal,0,off,0,41.12
DE40,H1,2025-08-11T17:00:00Z,59.778571,0.9510,48.21,normal,0,off,0,40.26
DE40,H1,2025-08-11T18:00:00Z,62.914286,1.0107,54.96,normal,0,off,0,39.66
DE40,H1,2025-08-11T19:00:00Z,64.307143,1.0430,57.74,normal,0,off,0,38.35
DE40,H1,2025-08-11T20:00:00Z,64.735714,1.0610,58.53,normal,0,off,0,36.17
DE40,H1,2025-08-11T21:00:00Z,65.700000,1.0888,60.91,normal,0,off,0,33.98
DE40,H1,2025-08-11T22:00:00Z,66.235714,1.1103,62.90,normal,0,off,0,31.79
DE40,H1,2025-08-11T23:00:00Z,62.928571,1.0699,55.36,normal,0,off,0,32.85
DE40,H1,2025-08-12T01:00:00Z,51.914286,0.8994,27.58,calm,0,off,0,41.98
DE40,H1,2025-08-12T02:00:00Z,49.000000,0.8667,21.23,calm,0,off,0,43.01
DE40,H1,2025-08-12T03:00:00Z,47.785714,0.8627,18.06,calm,0,off,0,45.31
DE40,H1,2025-08-12T04:00:00Z,44.000000,0.8095,10.12,calm,0,off,0,48.57
DE40,H1,2025-08-12T05:00:00Z,40.321429,0.7556,6.15,squeeze,1,low,0,51.96
DE40,H1,2025-08-12T06:00:00Z,36.500000,0.6936,2.18,squeeze,1,medium,0,56.18
DE40,H1,2025-08-12T07:00:00Z,37.107143,0.7133,2.98,squeeze,1,medium,0,67.38
DE40,H1,2025-08-12T08:00:00Z,40.150000,0.7789,6.55,squeeze,1,medium,0,65.29
DE40,H1,2025-08-12T09:00:00Z,39.407143,0.7703,6.15,squeeze,1,medium,0,65.37
DE40,H1,2025-08-12T10:00:00Z,43.764286,0.8595,12.10,calm,1,medium,0,63.17
DE40,H1,2025-08-12T11:00:00Z,45.657143,0.8990,16.47,calm,1,medium,0,64.51
DE40,H1,2025-08-12T12:00:00Z,49.514286,0.9753,25.60,calm,1,low,0,54.79
DE40,H1,2025-08-12T13:00:00Z,50.478571,0.9943,26.79,calm,0,off,1,44.32
DE40,H1,2025-08-12T14:00:00Z,52.142857,1.0271,32.34,normal,0,off,0,42.47
DE40,H1,2025-08-12T15:00:00Z,59.657143,1.1722,50.99,normal,0,off,0,41.26
DE40,H1,2025-08-12T16:00:00Z,66.642857,1.3021,64.09,normal,0,off,0,42.56
DE40,H1,2025-08-12T17:00:00Z,69.071429,1.3392,68.45,normal,0,off,0,44.72
DE40,H1,2025-08-12T18:00:00Z,70.892857,1.3638,72.02,elevated,0,off,0,44.67
DE40,H1,2025-08-12T19:00:00Z,72.642857,1.3871,75.60,elevated,0,off,0,45.78
DE40,H1,2025-08-12T20:00:00Z,74.285714,1.4094,78.77,elevated,0,off,0,47.15
DE40,H1,2025-08-12T21:00:00Z,72.071429,1.3622,74.01,elevated,0,off,0,45.83
DE40,H1,2025-08-12T22:00:00Z,68.892857,1.2991,68.45,normal,0,off,0,45.65
DE40,H1,2025-08-12T23:00:00Z,65.764286,1.2387,62.90,normal,0,off,0,42.69
DE40,H1,2025-08-13T01:00:00Z,58.685714,1.1076,49.40,normal,0,off,0,43.07
DE40,H1,2025-08-13T02:00:00Z,56.542857,1.0699,43.85,normal,0,off,0,44.26
DE40,H1,2025-08-13T03:00:00Z,51.885714,0.9842,31.55,normal,0,off,0,49.37
DE40,H1,2025-08-13T04:00:00Z,50.421429,0.9579,26.39,calm,0,off,0,50.09
DE40,H1,2025-08-13T05:00:00Z,49.421429,0.9386,25.60,calm,0,off,0,52.78
DE40,H1,2025-08-13T06:00:00Z,41.957143,0.7981,10.12,calm,0,off,0,61.51
DE40,H1,2025-08-13T07:00:00Z,37.135714,0.7091,2.98,squeeze,0,off,0,61.90
DE40,H1,2025-08-13T08:00:00Z,32.707143,0.6278,1.39,squeeze,0,off,0,66.69
DE40,H1,2025-08-13T09:00:00Z,36.707143,0.7069,1.79,squeeze,0,off,0,59.07
DE40,H1,2025-08-13T10:00:00Z,38.742857,0.7469,4.96,squeeze,0,off,0,57.33
DE40,H1,2025-08-13T11:00:00Z,41.564286,0.8001,10.12,calm,0,off,0,57.42
DE40,H1,2025-08-13T12:00:00Z,43.600000,0.8345,12.90,calm,0,off,0,49.63
DE40,H1,2025-08-13T13:00:00Z,43.671429,0.8314,13.29,calm,0,off,0,48.39
DE40,H1,2025-08-13T14:00:00Z,45.907143,0.8722,18.06,calm,0,off,0,52.85
DE40,H1,2025-08-13T15:00:00Z,47.271429,0.8960,21.23,calm,0,off,0,50.27
DE40,H1,2025-08-13T16:00:00Z,49.557143,0.9379,27.18,calm,1,low,0,52.09
DE40,H1,2025-08-13T17:00:00Z,53.178571,1.0049,37.90,normal,1,low,0,53.68
DE40,H1,2025-08-13T18:00:00Z,54.421429,1.0283,41.87,normal,1,low,0,50.71
DE40,H1,2025-08-13T19:00:00Z,54.528571,1.0318,42.66,normal,1,low,0,51.27
DE40,H1,2025-08-13T20:00:00Z,55.457143,1.0513,44.25,normal,1,low,0,51.31
DE40,H1,2025-08-13T21:00:00Z,53.814286,1.0224,40.28,normal,1,medium,0,53.19
DE40,H1,2025-08-13T22:00:00Z,53.707143,1.0240,39.88,normal,1,medium,0,54.14
DE40,H1,2025-08-13T23:00:00Z,49.235714,0.9442,25.99,calm,1,medium,0,59.07
DE40,H1,2025-08-14T01:00:00Z,45.742857,0.8836,18.06,calm,1,medium,0,61.41
DE40,H1,2025-08-14T02:00:00Z,40.628571,0.7925,8.53,squeeze,1,medium,0,65.57
DE40,H1,2025-08-14T03:00:00Z,39.235714,0.7735,5.75,squeeze,1,medium,0,68.40
DE40,H1,2025-08-14T04:00:00Z,37.378571,0.7444,3.37,squeeze,1,medium,0,69.29
DE40,H1,2025-08-14T05:00:00Z,34.985714,0.7014,1.39,squeeze,1,medium,0,72.14
DE40,H1,2025-08-14T06:00:00Z,34.235714,0.6905,1.39,squeeze,1,high,0,77.50
DE40,H1,2025-08-14T07:00:00Z,31.485714,0.6392,0.99,squeeze,1,high,0,80.54
DE40,H1,2025-08-14T08:00:00Z,30.128571,0.6151,0.99,squeeze,1,medium,0,79.95
DE40,H1,2025-08-14T09:00:00Z,32.028571,0.6562,1.79,squeeze,1,medium,0,79.33
DE40,H1,2025-08-14T10:00:00Z,36.242857,0.7426,3.37,squeeze,1,medium,0,73.02
DE40,H1,2025-08-14T11:00:00Z,39.228571,0.8030,7.74,squeeze,1,medium,0,66.25
DE40,H1,2025-08-14T12:00:00Z,43.442857,0.8881,13.29,calm,1,low,0,60.49
DE40,H1,2025-08-14T13:00:00Z,43.871429,0.8952,15.28,calm,1,low,0,58.32
DE40,H1,2025-08-14T14:00:00Z,46.628571,0.9504,20.83,calm,0,off,1,42.94
DE40,H1,2025-08-14T15:00:00Z,51.300000,1.0432,33.93,normal,0,off,0,40.38
DE40,H1,2025-08-14T16:00:00Z,55.235714,1.1206,45.04,normal,0,off,0,38.30
DE40,H1,2025-08-14T17:00:00Z,58.235714,1.1778,50.20,normal,0,off,0,31.70
DE40,H1,2025-08-14T18:00:00Z,60.971429,1.2287,56.94,normal,0,off,0,33.89
DE40,H1,2025-08-14T19:00:00Z,63.685714,1.2814,61.31,normal,0,off,0,32.92
DE40,H1,2025-08-14T20:00:00Z,64.721429,1.3032,62.50,normal,0,off,0,25.92
DE40,H1,2025-08-14T21:00:00Z,65.614286,1.3230,64.48,normal,0,off,0,25.56
DE40,H1,2025-08-14T22:00:00Z,63.614286,1.2865,60.12,normal,0,off,0,25.65
DE40,H1,2025-08-14T23:00:00Z,61.707143,1.2535,55.36,normal,0,off,0,24.03
DE40,H1,2025-08-15T01:00:00Z,56.585714,1.1577,46.23,normal,0,off,0,23.22
DE40,H1,2025-08-15T02:00:00Z,52.071429,1.0742,33.93,normal,0,off,0,24.05
DE40,H1,2025-08-15T03:00:00Z,49.007143,1.0193,25.20,calm,0,off,0,24.68
DE40,H1,2025-08-15T04:00:00Z,47.721429,1.0001,23.21,calm,0,off,0,24.12
DE40,H1,2025-08-15T05:00:00Z,43.542857,0.9183,13.69,calm,0,off,0,27.64
DE40,H1,2025-08-15T06:00:00Z,38.078571,0.8094,6.94,squeeze,0,off,0,43.36
DE40,H1,2025-08-15T07:00:00Z,34.650000,0.7420,2.98,squeeze,0,off,0,50.73
DE40,H1,2025-08-15T08:00:00Z,31.471429,0.6794,1.39,squeeze,0,off,0,49.78
DE40,H1,2025-08-15T09:00:00Z,32.057143,0.6973,2.58,squeeze,0,off,0,50.44
DE40,H1,2025-08-15T10:00:00Z,36.521429,0.7963,5.36,squeeze,0,off,0,51.80
DE40,H1,2025-08-15T11:00:00Z,40.057143,0.8723,11.31,calm,0,off,0,45.90
DE40,H1,2025-08-15T12:00:00Z,42.485714,0.9212,15.28,calm,1,low,0,40.91
DE40,H1,2025-08-15T13:00:00Z,44.057143,0.9523,18.85,calm,1,medium,0,51.59
DE40,H1,2025-08-15T14:00:00Z,44.928571,0.9685,20.44,calm,1,medium,0,54.70
DE40,H1,2025-08-15T15:00:00Z,47.228571,1.0156,26.39,calm,1,low,0,53.57
DE40,H1,2025-08-15T16:00:00Z,51.221429,1.0979,36.31,normal,1,low,0,46.63
DE40,H1,2025-08-15T17:00:00Z,52.178571,1.1143,40.08,normal,1,low,0,41.87
DE40,H1,2025-08-15T18:00:00Z,54.907143,1.1681,47.02,normal,1,low,0,41.39
DE40,H1,2025-08-15T19:00:00Z,55.550000,1.1776,48.61,normal,0,off,1,40.80
DE40,H1,2025-08-15T20:00:00Z,56.942857,1.2034,50.99,normal,0,off,0,40.12
DE40,H1,2025-08-15T21:00:00Z,57.014286,1.2029,51.39,normal,0,off,0,38.71
DE40,H1,2025-08-15T22:00:00Z,56.800000,1.1972,50.99,normal,0,off,0,38.61
DE40,H1,2025-08-18T01:00:00Z,54.285714,1.1443,45.04,normal,0,off,0,38.43
DE40,H1,2025-08-18T02:00:00Z,47.321429,1.0010,27.18,calm,0,off,0,43.67
DE40,H1,2025-08-18T03:00:00Z,43.535714,0.9249,16.47,calm,0,off,0,47.94
DE40,H1,2025-08-18T04:00:00Z,40.250000,0.8600,12.10,calm,0,off,0,51.86
DE40,H1,2025-08-18T05:00:00Z,37.392857,0.8030,7.74,squeeze,0,off,0,55.30
DE40,H1,2025-08-18T06:00:00Z,34.607143,0.7468,3.77,squeeze,1,low,0,58.46
DE40,H1,2025-08-18T07:00:00Z,32.178571,0.6969,2.98,squeeze,1,low,0,59.71
DE40,H1,2025-08-18T08:00:00Z,29.142857,0.6339,0.60,squeeze,1,low,0,61.31
DE40,H1,2025-08-18T09:00:00Z,33.314286,0.7260,4.17,squeeze,1,low,0,62.13
DE40,H1,2025-08-18T10:00:00Z,37.978571,0.8265,10.52,calm,1,low,0,55.84
DE40,H1,2025-08-18T11:00:00Z,41.300000,0.8961,16.87,calm,1,low,0,57.02
DE40,H1,2025-08-18T12:00:00Z,42.728571,0.9226,18.85,calm,0,off,1,55.75
DE40,H1,2025-08-18T13:00:00Z,43.442857,0.9326,19.25,calm,0,off,0,53.95
DE40,H1,2025-08-18T14:00:00Z,42.621429,0.9108,18.85,calm,0,off,0,49.93
DE40,H1,2025-08-18T15:00:00Z,43.600000,0.9288,21.63,calm,0,off,0,44.73
DE40,H1,2025-08-18T16:00:00Z,46.350000,0.9844,29.56,calm,0,off,0,40.39
DE40,H1,2025-08-18T17:00:00Z,49.064286,1.0396,36.31,normal,0,off,0,39.02
DE40,H1,2025-08-18T18:00:00Z,53.557143,1.1302,49.80,normal,0,off,0,38.23
DE40,H1,2025-08-18T19:00:00Z,55.128571,1.1592,54.56,normal,0,off,0,37.96
DE40,H1,2025-08-18T20:00:00Z,56.057143,1.1763,57.34,normal,0,off,0,37.51
DE40,H1,2025-08-18T21:00:00Z,57.700000,1.2095,61.71,normal,0,off,0,39.37
DE40,H1,2025-08-18T22:00:00Z,57.807143,1.2120,62.50,normal,0,off,0,39.30
DE40,H1,2025-08-18T23:00:00Z,51.114286,1.0761,42.26,normal,0,off,0,40.33
DE40,H1,2025-08-19T01:00:00Z,44.628571,0.9472,25.60,calm,0,off,0,48.30
DE40,H1,2025-08-19T02:00:00Z,40.435714,0.8671,15.28,calm,0,off,0,54.11
DE40,H1,2025-08-19T03:00:00Z,38.435714,0.8340,11.31,calm,0,off,0,56.63
DE40,H1,2025-08-19T04:00:00Z,37.900000,0.8316,10.52,calm,1,low,0,58.26
DE40,H1,2025-08-19T05:00:00Z,37.757143,0.8373,10.12,calm,1,low,0,59.08
DE40,H1,2025-08-19T06:00:00Z,36.292857,0.8121,6.55,squeeze,1,low,0,69.63
DE40,H1,2025-08-19T07:00:00Z,33.471429,0.7553,4.56,squeeze,1,low,0,70.27
DE40,H1,2025-08-19T08:00:00Z,30.542857,0.6950,1.79,squeeze,1,low,0,71.95
DE40,H1,2025-08-19T09:00:00Z,28.021429,0.6434,0.20,squeeze,1,low,0,76.03
DE40,H1,2025-08-19T10:00:00Z,32.107143,0.7411,4.17,squeeze,1,low,0,68.44
DE40,H1,2025-08-19T11:00:00Z,36.071429,0.8334,7.74,squeeze,1,medium,0,65.37
DE40,H1,2025-08-19T12:00:00Z,37.535714,0.8660,12.10,calm,1,medium,0,60.17
DE40,H1,2025-08-19T13:00:00Z,38.714286,0.8903,15.28,calm,1,medium,0,59.88
DE40,H1,2025-08-19T14:00:00Z,39.485714,0.9049,18.06,calm,1,medium,0,60.40
DE40,H1,2025-08-19T15:00:00Z,40.542857,0.9274,20.44,calm,1,medium,0,62.68
DE40,H1,2025-08-19T16:00:00Z,42.664286,0.9748,24.80,calm,1,medium,0,55.36
DE40,H1,2025-08-19T17:00:00Z,43.450000,0.9923,26.39,calm,1,low,0,55.27
DE40,H1,2025-08-19T18:00:00Z,45.885714,1.0470,35.12,normal,1,low,0,51.97
DE40,H1,2025-08-19T19:00:00Z,48.528571,1.1055,41.87,normal,1,medium,0,48.87
DE40,H1,2025-08-19T20:00:00Z,50.707143,1.1533,49.80,normal,1,medium,0,50.70
DE40,H1,2025-08-19T21:00:00Z,52.278571,1.1885,56.15,normal,1,medium,0,51.28
DE40,H1,2025-08-19T22:00:00Z,52.314286,1.1893,56.55,normal,1,medium,0,52.21
DE40,H1,2025-08-19T23:00:00Z,50.135714,1.1422,47.02,normal,1,medium,0,52.15
DE40,H1,2025-08-20T01:00:00Z,45.492857,1.0412,33.13,normal,1,medium,0,55.36
DE40,H1,2025-08-20T02:00:00Z,41.757143,0.9624,23.61,calm,1,medium,0,59.87
DE40,H1,2025-08-20T03:00:00Z,39.807143,0.9248,18.45,calm,1,medium,0,62.49
DE40,H1,2025-08-20T04:00:00Z,38.842857,0.9100,16.07,calm,1,low,0,63.36
DE40,H1,2025-08-20T05:00:00Z,38.878571,0.9174,16.47,calm,1,low,0,60.79
DE40,H1,2025-08-20T06:00:00Z,38.878571,0.9211,16.67,calm,1,low,0,59.94
DE40,H1,2025-08-20T07:00:00Z,37.807143,0.8982,13.29,calm,1,low,0,58.34
DE40,H1,2025-08-20T08:00:00Z,38.414286,0.9134,14.48,calm,1,low,0,56.02
DE40,H1,2025-08-20T09:00:00Z,41.014286,0.9735,22.42,calm,0,off,1,48.41
DE40,H1,2025-08-20T10:00:00Z,44.657143,1.0550,32.34,normal,1,low,0,43.44
DE40,H1,2025-08-20T11:00:00Z,45.014286,1.0570,33.13,normal,1,low,0,44.85
DE40,H1,2025-08-20T12:00:00Z,46.085714,1.0736,36.71,normal,1,low,0,44.00
DE40,H1,2025-08-20T13:00:00Z,46.692857,1.0810,38.69,normal,1,low,0,42.49
DE40,H1,2025-08-20T14:00:00Z,48.007143,1.1063,43.06,normal,1,medium,0,41.33
DE40,H1,2025-08-20T15:00:00Z,48.635714,1.1170,44.64,normal,1,medium,0,50.78
DE40,H1,2025-08-20T16:00:00Z,51.800000,1.1847,54.56,normal,1,medium,0,54.74
DE40,H1,2025-08-20T17:00:00Z,56.071429,1.2751,68.06,normal,1,medium,0,55.94
DE40,H1,2025-08-20T18:00:00Z,58.564286,1.3222,75.20,elevated,1,medium,0,54.44
DE40,H1,2025-08-20T19:00:00Z,59.457143,1.3328,76.79,elevated,1,medium,0,50.71
DE40,H1,2025-08-20T20:00:00Z,58.600000,1.3064,75.60,elevated,1,medium,0,50.18
DE40,H1,2025-08-20T21:00:00Z,59.992857,1.3310,78.77,elevated,1,medium,0,48.77
DE40,H1,2025-08-20T22:00:00Z,60.278571,1.3333,79.56,elevated,1,medium,0,50.05
DE40,H1,2025-08-20T23:00:00Z,54.450000,1.2048,63.69,normal,1,medium,0,51.47
DE40,H1,2025-08-21T01:00:00Z,48.028571,1.0665,43.45,normal,1,medium,0,54.95
DE40,H1,2025-08-21T02:00:00Z,45.228571,1.0099,33.53,normal,1,medium,0,58.34
DE40,H1,2025-08-21T03:00:00Z,44.550000,1.0007,31.94,normal,1,medium,0,58.56
DE40,H1,2025-08-21T04:00:00Z,43.764286,0.9863,30.75,normal,1,medium,0,60.29
DE40,H1,2025-08-21T05:00:00Z,42.585714,0.9606,25.60,calm,1,medium,0,62.47
DE40,H1,2025-08-21T06:00:00Z,41.335714,0.9320,23.61,calm,1,medium,0,63.47
DE40,H1,2025-08-21T07:00:00Z,37.907143,0.8549,13.69,calm,1,low,0,67.82
DE40,H1,2025-08-21T08:00:00Z,33.692857,0.7613,6.15,squeeze,1,low,0,72.89
DE40,H1,2025-08-21T09:00:00Z,32.378571,0.7334,4.96,squeeze,1,medium,0,75.01
DE40,H1,2025-08-21T10:00:00Z,34.307143,0.7778,7.34,squeeze,1,medium,0,76.05
DE40,H1,2025-08-21T11:00:00Z,36.092857,0.8173,9.33,squeeze,1,medium,0,71.29
DE40,H1,2025-08-21T12:00:00Z,34.700000,0.7843,8.53,squeeze,1,medium,0,73.46
DE40,H1,2025-08-21T13:00:00Z,34.857143,0.7854,8.93,squeeze,1,medium,0,75.52
DE40,H1,2025-08-21T14:00:00Z,39.114286,0.8786,20.04,calm,1,low,0,65.86
DE40,H1,2025-08-21T15:00:00Z,40.428571,0.9063,24.01,calm,1,low,0,62.97
DE40,H1,2025-08-21T16:00:00Z,42.871429,0.9588,31.15,normal,1,low,0,55.72
DE40,H1,2025-08-21T17:00:00Z,45.478571,1.0140,39.88,normal,1,low,0,52.80
DE40,H1,2025-08-21T18:00:00Z,47.485714,1.0550,47.42,normal,1,low,0,50.83
DE40,H1,2025-08-21T19:00:00Z,49.557143,1.0966,54.17,normal,1,low,0,47.82
DE40,H1,2025-08-21T20:00:00Z,51.378571,1.1326,58.93,normal,1,low,0,49.24
DE40,H1,2025-08-21T21:00:00Z,50.807143,1.1163,57.74,normal,1,low,0,49.56
DE40,H1,2025-08-21T22:00:00Z,49.842857,1.0933,54.96,normal,1,low,0,49.73
DE40,H1,2025-08-21T23:00:00Z,47.792857,1.0486,48.61,normal,1,low,0,51.14
DE40,H1,2025-08-22T01:00:00Z,44.792857,0.9854,38.29,normal,1,low,0,54.39
DE40,H1,2025-08-22T02:00:00Z,41.471429,0.9167,27.58,calm,1,medium,0,59.62
DE40,H1,2025-08-22T03:00:00Z,43.035714,0.9552,31.94,normal,1,medium,0,56.98
DE40,H1,2025-08-22T04:00:00Z,40.592857,0.9048,25.20,calm,1,medium,0,61.24
DE40,H1,2025-08-22T05:00:00Z,36.914286,0.8259,12.50,calm,1,medium,0,65.96
DE40,H1,2025-08-22T06:00:00Z,35.128571,0.7883,9.72,squeeze,1,medium,0,69.51
DE40,H1,2025-08-22T07:00:00Z,32.414286,0.7298,5.36,squeeze,1,low,0,69.68
DE40,H1,2025-08-22T08:00:00Z,29.557143,0.6683,1.39,squeeze,1,low,0,71.47
DE40,H1,2025-08-22T09:00:00Z,30.007143,0.6812,2.18,squeeze,1,low,0,73.23
DE40,H1,2025-08-22T10:00:00Z,30.978571,0.7058,3.37,squeeze,1,medium,0,72.78
DE40,H1,2025-08-22T11:00:00Z,33.478571,0.7642,8.13,squeeze,1,medium,0,70.81
DE40,H1,2025-08-22T12:00:00Z,34.800000,0.7957,10.91,calm,1,medium,0,68.87
DE40,H1,2025-08-22T13:00:00Z,35.871429,0.8222,12.50,calm,1,medium,0,67.08
DE40,H1,2025-08-22T14:00:00Z,38.135714,0.8767,20.83,calm,1,medium,0,63.82
DE40,H1,2025-08-22T15:00:00Z,38.135714,0.8795,21.03,calm,1,medium,0,63.65
DE40,H1,2025-08-22T16:00:00Z,41.350000,0.9557,32.34,normal,1,medium,0,58.87
DE40,H1,2025-08-22T17:00:00Z,46.714286,1.0796,50.99,normal,1,low,0,32.91
DE40,H1,2025-08-22T18:00:00Z,49.585714,1.1452,60.52,normal,1,low,0,33.64
DE40,H1,2025-08-22T19:00:00Z,50.621429,1.1680,63.69,normal,1,low,0,35.60
DE40,H1,2025-08-22T20:00:00Z,52.157143,1.2033,68.45,normal,1,low,0,36.56
DE40,H1,2025-08-22T21:00:00Z,52.371429,1.2103,71.23,elevated,1,low,0,35.67
DE40,H1,2025-08-22T22:00:00Z,51.192857,1.1871,65.28,normal,1,low,0,35.55
DE40,H1,2025-08-25T01:00:00Z,48.628571,1.1333,55.95,normal,1,low,0,34.97
DE40,H1,2025-08-25T02:00:00Z,45.807143,1.0739,47.82,normal,1,low,0,36.32
DE40,H1,2025-08-25T03:00:00Z,42.807143,1.0118,36.71,normal,1,low,0,40.93
DE40,H1,2025-08-25T04:00:00Z,43.057143,1.0260,37.90,normal,1,low,0,42.37
DE40,H1,2025-08-25T05:00:00Z,41.700000,0.9998,33.93,normal,1,low,0,43.50
DE40,H1,2025-08-25T06:00:00Z,39.307143,0.9464,25.60,calm,1,low,0,45.03
DE40,H1,2025-08-25T07:00:00Z,38.664286,0.9338,22.42,calm,1,medium,0,46.68
DE40,H1,2025-08-25T08:00:00Z,36.807143,0.8923,15.67,calm,1,medium,0,56.68
DE40,H1,2025-08-25T09:00:00Z,34.978571,0.8516,11.71,calm,1,low,0,51.29
DE40,H1,2025-08-25T10:00:00Z,34.642857,0.8467,10.12,calm,1,low,0,53.28
DE40,H1,2025-08-25T11:00:00Z,36.714286,0.8994,16.47,calm,1,low,0,49.89
DE40,H1,2025-08-25T12:00:00Z,37.071429,0.9085,17.66,calm,1,low,0,50.60
DE40,H1,2025-08-25T13:00:00Z,39.428571,0.9635,28.77,calm,1,low,0,48.81
DE40,H1,2025-08-25T14:00:00Z,40.464286,0.9850,32.34,normal,1,low,0,44.82
DE40,H1,2025-08-25T15:00:00Z,41.607143,1.0092,37.50,normal,1,low,0,49.44
DE40,H1,2025-08-25T16:00:00Z,44.135714,1.0664,47.82,normal,1,low,0,51.59
DE40,H1,2025-08-25T17:00:00Z,50.385714,1.2082,67.66,normal,1,low,0,53.21
DE40,H1,2025-08-25T18:00:00Z,50.778571,1.2084,69.64,normal,1,low,0,52.75
DE40,H1,2025-08-25T19:00:00Z,51.457143,1.2174,72.42,elevated,1,low,0,52.22
DE40,H1,2025-08-25T20:00:00Z,51.992857,1.2234,74.01,elevated,1,medium,0,48.65
DE40,H1,2025-08-25T21:00:00Z,52.385714,1.2271,77.18,elevated,1,medium,0,48.77
DE40,H1,2025-08-25T22:00:00Z,51.671429,1.2069,72.82,elevated,1,medium,0,49.50
DE40,H1,2025-08-25T23:00:00Z,46.335714,1.0829,55.75,normal,1,medium,0,51.43
DE40,H1,2025-08-26T01:00:00Z,43.300000,1.0149,42.66,normal,1,medium,0,55.69
DE40,H1,2025-08-26T02:00:00Z,39.664286,0.9348,29.56,calm,1,medium,0,60.62
DE40,H1,2025-08-26T03:00:00Z,51.121429,1.2046,71.23,elevated,1,low,0,32.37
DE40,H1,2025-08-26T04:00:00Z,51.300000,1.2080,72.22,elevated,1,low,0,33.90
DE40,H1,2025-08-26T05:00:00Z,51.192857,1.2036,71.03,elevated,0,off,1,32.20
DE40,H1,2025-08-26T06:00:00Z,50.371429,1.1812,66.87,normal,0,off,0,27.88
DE40,H1,2025-08-26T07:00:00Z,50.014286,1.1681,66.07,normal,0,off,0,27.34
DE40,H1,2025-08-26T08:00:00Z,45.228571,1.0552,50.60,normal,0,off,0,30.73
DE40,H1,2025-08-26T09:00:00Z,49.078571,1.1406,62.50,normal,0,off,0,31.07
DE40,H1,2025-08-26T10:00:00Z,56.007143,1.2901,83.93,elevated,0,off,0,29.87
DE40,H1,2025-08-26T11:00:00Z,57.792857,1.3175,87.10,elevated,0,off,0,30.97
DE40,H1,2025-08-26T12:00:00Z,60.507143,1.3619,91.87,extreme,0,off,0,31.76
DE40,H1,2025-08-26T13:00:00Z,61.650000,1.3679,92.26,extreme,0,off,0,34.40
DE40,H1,2025-08-26T14:00:00Z,63.528571,1.3889,93.45,extreme,0,off,0,42.01
DE40,H1,2025-08-26T15:00:00Z,67.814286,1.4591,97.42,extreme,0,off,0,44.21
DE40,H1,2025-08-26T16:00:00Z,69.664286,1.4759,98.21,extreme,0,off,0,46.75
DE40,H1,2025-08-26T17:00:00Z,59.028571,1.2379,87.90,elevated,1,low,0,44.62
DE40,H1,2025-08-26T18:00:00Z,59.614286,1.2379,88.69,elevated,1,low,0,43.54
DE40,H1,2025-08-26T19:00:00Z,58.721429,1.2090,87.90,elevated,1,low,0,43.17
DE40,H1,2025-08-26T20:00:00Z,58.078571,1.1860,86.31,elevated,1,medium,0,44.48
DE40,H1,2025-08-26T21:00:00Z,56.042857,1.1376,82.34,elevated,1,medium,0,45.79
DE40,H1,2025-08-26T22:00:00Z,54.900000,1.1107,79.96,elevated,1,high,0,48.25
DE40,H1,2025-08-26T23:00:00Z,49.242857,0.9964,61.71,normal,1,medium,0,51.96
DE40,H1,2025-08-27T01:00:00Z,41.735714,0.8475,36.31,normal,1,medium,0,59.56
DE40,H1,2025-08-27T02:00:00Z,38.692857,0.7901,23.61,calm,1,medium,0,62.79
DE40,H1,2025-08-27T03:00:00Z,36.342857,0.7470,14.48,calm,1,medium,0,65.07
DE40,H1,2025-08-27T04:00:00Z,34.664286,0.7174,10.12,calm,1,medium,0,61.91
DE40,H1,2025-08-27T05:00:00Z,31.985714,0.6665,3.77,squeeze,1,medium,0,61.51
DE40,H1,2025-08-27T06:00:00Z,27.807143,0.5838,0.20,squeeze,1,low,0,59.02
DE40,H1,2025-08-27T07:00:00Z,26.057143,0.5510,0.20,squeeze,1,low,0,73.12
DE40,H1,2025-08-27T08:00:00Z,25.414286,0.5414,0.20,squeeze,1,low,0,73.60
DE40,H1,2025-08-27T09:00:00Z,23.721429,0.5092,0.20,squeeze,1,medium,0,80.22
DE40,H1,2025-08-27T10:00:00Z,28.864286,0.6224,2.18,squeeze,1,low,0,70.51
DE40,H1,2025-08-27T11:00:00Z,37.221429,0.8031,20.44,calm,0,off,1,40.92
DE40,H1,2025-08-27T12:00:00Z,41.078571,0.8847,35.52,normal,0,off,0,36.33
DE40,H1,2025-08-27T13:00:00Z,40.328571,0.8666,32.74,normal,0,off,0,35.55
DE40,H1,2025-08-27T14:00:00Z,41.742857,0.8943,39.48,normal,0,off,0,36.19
DE40,H1,2025-08-27T15:00:00Z,47.178571,1.0062,57.34,normal,0,off,0,31.60
DE40,H1,2025-08-27T16:00:00Z,50.364286,1.0681,66.87,normal,0,off,0,30.55
DE40,H1,2025-08-27T17:00:00Z,55.142857,1.1617,82.34,elevated,0,off,0,26.81
DE40,H1,2025-08-27T18:00:00Z,58.928571,1.2318,91.07,extreme,0,off,0,26.03
DE40,H1,2025-08-27T19:00:00Z,61.107143,1.2671,94.25,extreme,0,off,0,24.75
DE40,H1,2025-08-27T20:00:00Z,62.357143,1.2833,95.44,extreme,0,off,0,25.26
DE40,H1,2025-08-27T21:00:00Z,62.678571,1.2834,95.83,extreme,0,off,0,26.22
DE40,H1,2025-08-27T22:00:00Z,61.821429,1.2601,95.44,extreme,0,off,0,27.97
DE40,H1,2025-08-27T23:00:00Z,67.364286,1.3643,99.01,extreme,0,off,0,30.71
DE40,H1,2025-08-28T01:00:00Z,62.350000,1.2575,95.83,extreme,0,off,0,30.92
DE40,H1,2025-08-28T02:00:00Z,53.957143,1.0875,79.56,elevated,0,off,0,31.58
DE40,H1,2025-08-28T03:00:00Z,54.742857,1.1020,81.55,elevated,0,off,0,34.31
DE40,H1,2025-08-28T04:00:00Z,55.885714,1.1207,84.33,elevated,1,low,0,38.56
DE40,H1,2025-08-28T05:00:00Z,53.528571,1.0690,77.58,elevated,1,low,0,45.60
DE40,H1,2025-08-28T06:00:00Z,48.171429,0.9588,60.91,normal,1,medium,0,54.63
DE40,H1,2025-08-28T07:00:00Z,46.064286,0.9187,54.56,normal,1,medium,0,63.64
DE40,H1,2025-08-28T08:00:00Z,41.635714,0.8336,38.29,normal,1,medium,0,66.89
DE40,H1,2025-08-28T09:00:00Z,44.278571,0.8889,48.61,normal,1,medium,0,64.20
DE40,H1,2025-08-28T10:00:00Z,47.635714,0.9574,58.93,normal,1,low,0,55.70
DE40,H1,2025-08-28T11:00:00Z,53.242857,1.0687,77.18,elevated,1,medium,0,51.36
DE40,H1,2025-08-28T12:00:00Z,56.314286,1.1254,85.91,elevated,1,medium,0,49.45
DE40,H1,2025-08-28T13:00:00Z,59.457143,1.1832,91.67,extreme,1,low,0,49.79
DE40,H1,2025-08-28T14:00:00Z,56.200000,1.1183,85.12,elevated,1,low,0,48.16
DE40,H1,2025-08-28T15:00:00Z,58.892857,1.1714,90.28,extreme,1,low,0,48.50
DE40,H1,2025-08-28T16:00:00Z,61.714286,1.2269,95.04,extreme,1,medium,0,48.61
DE40,H1,2025-08-28T17:00:00Z,60.714286,1.2075,93.06,extreme,1,medium,0,48.66
DE40,H1,2025-08-28T18:00:00Z,60.692857,1.2085,92.66,extreme,1,medium,0,49.93
DE40,H1,2025-08-28T19:00:00Z,61.692857,1.2314,94.25,extreme,1,medium,0,48.21
DE40,H1,2025-08-28T20:00:00Z,62.478571,1.2506,96.23,extreme,1,medium,0,46.85
DE40,H1,2025-08-28T21:00:00Z,61.550000,1.2308,93.06,extreme,1,medium,0,45.24
DE40,H1,2025-08-28T22:00:00Z,61.335714,1.2257,92.66,extreme,1,medium,0,45.50
DE40,H1,2025-08-28T23:00:00Z,55.435714,1.1092,79.17,elevated,1,medium,0,42.75
DE40,H1,2025-08-29T01:00:00Z,50.485714,1.0133,64.88,normal,1,medium,0,46.80
DE40,H1,2025-08-29T02:00:00Z,43.450000,0.8765,43.65,normal,1,low,0,55.14
DE40,H1,2025-08-29T03:00:00Z,40.771429,0.8272,33.53,normal,1,medium,0,58.71
DE40,H1,2025-08-29T04:00:00Z,40.271429,0.8200,30.75,normal,1,medium,0,61.10
DE40,H1,2025-08-29T05:00:00Z,35.985714,0.7345,15.28,calm,1,low,0,65.49
DE40,H1,2025-08-29T06:00:00Z,33.592857,0.6871,9.72,squeeze,1,low,0,64.96
DE40,H1,2025-08-29T07:00:00Z,29.985714,0.6149,3.37,squeeze,1,medium,0,69.42
DE40,H1,2025-08-29T08:00:00Z,27.914286,0.5740,1.79,squeeze,1,medium,0,81.23
DE40,H1,2025-08-29T09:00:00Z,32.007143,0.6581,6.15,squeeze,1,low,0,73.59
DE40,H1,2025-08-29T10:00:00Z,39.385714,0.8060,27.98,calm,1,low,0,65.26
DE40,H1,2025-08-29T11:00:00Z,42.850000,0.8709,40.67,normal,0,off,1,54.37
DE40,H1,2025-08-29T12:00:00Z,47.742857,0.9617,56.94,normal,0,off,0,44.85
DE40,H1,2025-08-29T13:00:00Z,49.564286,0.9881,61.71,normal,0,off,0,45.83
DE40,H1,2025-08-29T14:00:00Z,52.750000,1.0416,74.01,elevated,0,off,0,44.46
DE40,H1,2025-08-29T15:00:00Z,55.842857,1.0947,79.56,elevated,0,off,0,41.53
DE40,H1,2025-08-29T16:00:00Z,61.092857,1.1883,91.87,extreme,1,low,0,47.10
DE40,H1,2025-08-29T17:00:00Z,66.557143,1.2815,98.61,extreme,1,low,0,47.86
DE40,H1,2025-08-29T18:00:00Z,67.135714,1.2801,98.61,extreme,1,low,0,49.53
DE40,H1,2025-08-29T19:00:00Z,69.814286,1.3198,99.80,extreme,1,low,0,50.67
DE40,H1,2025-08-29T20:00:00Z,70.207143,1.3173,99.80,extreme,1,low,0,50.22
DE40,H1,2025-08-29T21:00:00Z,70.778571,1.3203,99.80,extreme,1,low,0,51.74
DE40,H1,2025-08-29T22:00:00Z,69.707143,1.2951,98.61,extreme,1,medium,0,52.30
DE40,H1,2025-09-01T01:00:00Z,66.135714,1.2265,96.23,extreme,1,medium,0,54.13
DE40,H1,2025-09-01T02:00:00Z,57.714286,1.0721,83.93,elevated,1,medium,0,56.27
DE40,H1,2025-09-01T03:00:00Z,54.892857,1.0227,76.39,elevated,1,medium,0,60.51
DE40,H1,2025-09-01T04:00:00Z,52.785714,0.9867,73.21,elevated,1,medium,0,63.28
DE40,H1,2025-09-01T05:00:00Z,51.285714,0.9645,67.66,normal,1,medium,0,65.32
DE40,H1,2025-09-01T06:00:00Z,48.071429,0.9089,56.94,normal,1,medium,0,69.94
DE40,H1,2025-09-01T07:00:00Z,45.321429,0.8597,49.01,normal,1,medium,0,72.87
DE40,H1,2025-09-01T08:00:00Z,42.785714,0.8153,39.48,normal,1,medium,0,73.40
DE40,H1,2025-09-01T09:00:00Z,40.964286,0.7851,32.34,normal,1,medium,0,75.59
DE40,H1,2025-09-01T10:00:00Z,40.921429,0.7881,31.94,normal,1,medium,0,77.75
DE40,H1,2025-09-01T11:00:00Z,41.492857,0.8011,34.72,normal,1,medium,0,75.42
DE40,H1,2025-09-01T12:00:00Z,43.242857,0.8358,41.47,normal,1,medium,0,72.40
DE40,H1,2025-09-01T13:00:00Z,45.278571,0.8740,48.61,normal,1,medium,0,70.70
DE40,H1,2025-09-01T14:00:00Z,45.671429,0.8811,49.80,normal,1,medium,0,69.53
DE40,H1,2025-09-01T15:00:00Z,44.207143,0.8540,44.25,normal,1,medium,0,68.54
DE40,H1,2025-09-01T16:00:00Z,46.642857,0.9033,52.18,normal,1,medium,0,67.75
DE40,H1,2025-09-01T17:00:00Z,46.500000,0.9040,52.18,normal,1,medium,0,67.79
DE40,H1,2025-09-01T18:00:00Z,46.385714,0.9064,52.18,normal,1,medium,0,65.65
DE40,H1,2025-09-01T19:00:00Z,45.492857,0.8926,49.40,normal,1,medium,0,66.78
DE40,H1,2025-09-01T20:00:00Z,44.778571,0.8835,46.23,normal,1,medium,0,64.68
DE40,H1,2025-09-01T21:00:00Z,43.457143,0.8637,42.66,normal,1,medium,0,64.09
DE40,H1,2025-09-01T22:00:00Z,41.850000,0.8380,36.71,normal,1,medium,0,64.18
DE40,H1,2025-09-02T01:00:00Z,39.035714,0.7885,24.40,calm,1,medium,0,68.84
DE40,H1,2025-09-02T02:00:00Z,35.692857,0.7286,13.29,calm,1,medium,0,73.40
DE40,H1,2025-09-02T03:00:00Z,38.121429,0.7860,20.83,calm,1,low,0,70.97
DE40,H1,2025-09-02T04:00:00Z,35.585714,0.7417,13.29,calm,1,low,0,68.58
DE40,H1,2025-09-02T05:00:00Z,36.371429,0.7660,16.47,calm,1,medium,0,70.38
DE40,H1,2025-09-02T06:00:00Z,37.800000,0.8021,20.04,calm,1,medium,0,69.01
DE40,H1,2025-09-02T07:00:00Z,37.371429,0.7974,18.85,calm,1,medium,0,73.35
DE40,H1,2025-09-02T08:00:00Z,39.871429,0.8521,29.17,calm,1,low,0,64.85
DE40,H1,2025-09-02T09:00:00Z,42.842857,0.9148,41.07,normal,1,low,0,62.82
DE40,H1,2025-09-02T10:00:00Z,55.835714,1.1843,79.96,elevated,0,off,1,25.97
DE40,H1,2025-09-02T11:00:00Z,60.550000,1.2711,89.88,elevated,0,off,0,21.90
DE40,H1,2025-09-02T12:00:00Z,62.621429,1.2987,95.04,extreme,0,off,0,21.35
DE40,H1,2025-09-02T13:00:00Z,70.371429,1.4354,99.40,extreme,0,off,0,15.11
DE40,H1,2025-09-02T14:00:00Z,72.192857,1.4464,99.80,extreme,0,off,0,16.51
DE40,H1,2025-09-02T15:00:00Z,79.578571,1.5646,99.80,extreme,0,off,0,15.63
DE40,H1,2025-09-02T16:00:00Z,85.885714,1.6582,99.80,extreme,0,off,0,15.72
DE40,H1,2025-09-02T17:00:00Z,87.850000,1.6672,99.80,extreme,0,off,0,15.30
DE40,H1,2025-09-02T18:00:00Z,92.642857,1.7287,99.80,extreme,0,off,0,17.29
DE40,H1,2025-09-02T19:00:00Z,92.107143,1.6918,99.40,extreme,0,off,0,17.80
DE40,H1,2025-09-02T20:00:00Z,92.928571,1.6821,99.80,extreme,0,off,0,17.94
DE40,H1,2025-09-02T21:00:00Z,93.428571,1.6685,99.80,extreme,0,off,0,18.66
DE40,H1,2025-09-02T22:00:00Z,90.500000,1.5994,98.21,extreme,0,off,0,19.36
DE40,H1,2025-09-02T23:00:00Z,89.328571,1.5660,97.82,extreme,0,off,0,20.33
DE40,H1,2025-09-03T01:00:00Z,75.878571,1.3262,96.23,extreme,0,off,0,20.33
DE40,H1,2025-09-03T02:00:00Z,70.742857,1.2360,95.04,extreme,0,off,0,20.81
DE40,H1,2025-09-03T03:00:00Z,71.128571,1.2424,95.44,extreme,0,off,0,21.59
DE40,H1,2025-09-03T04:00:00Z,64.771429,1.1337,90.28,extreme,0,off,0,21.27
DE40,H1,2025-09-03T05:00:00Z,63.200000,1.1087,89.48,elevated,0,off,0,21.66
DE40,H1,2025-09-03T06:00:00Z,56.914286,1.0017,76.79,elevated,0,off,0,27.80
DE40,H1,2025-09-03T07:00:00Z,49.914286,0.8809,58.93,normal,0,off,0,45.88
DE40,H1,2025-09-03T08:00:00Z,43.164286,0.7650,38.69,normal,0,off,0,57.73
DE40,H1,2025-09-03T09:00:00Z,41.664286,0.7413,32.74,normal,1,low,0,61.79
DE40,H1,2025-09-03T10:00:00Z,47.200000,0.8410,51.79,normal,1,medium,0,65.42
DE40,H1,2025-09-03T11:00:00Z,48.200000,0.8588,54.96,normal,1,medium,0,69.46
DE40,H1,2025-09-03T12:00:00Z,50.700000,0.9016,61.71,normal,1,medium,0,69.75
DE40,H1,2025-09-03T13:00:00Z,51.735714,0.9171,66.07,normal,1,low,0,62.82
DE40,H1,2025-09-03T14:00:00Z,49.828571,0.8805,57.34,normal,1,low,0,57.65
DE40,H1,2025-09-03T15:00:00Z,52.650000,0.9265,68.85,normal,1,medium,0,57.65
DE40,H1,2025-09-03T16:00:00Z,55.178571,0.9664,72.82,elevated,1,medium,0,57.37
DE40,H1,2025-09-03T17:00:00Z,57.792857,1.0070,77.58,elevated,1,medium,0,54.47
DE40,H1,2025-09-03T18:00:00Z,59.907143,1.0386,81.55,elevated,1,medium,0,53.63
DE40,H1,2025-09-03T19:00:00Z,60.550000,1.0443,82.94,elevated,1,medium,0,53.00
DE40,H1,2025-09-03T20:00:00Z,60.228571,1.0331,81.55,elevated,1,medium,0,55.71
DE40,H1,2025-09-03T21:00:00Z,60.585714,1.0343,83.13,elevated,1,medium,0,53.10
DE40,H1,2025-09-03T22:00:00Z,63.157143,1.0721,89.09,elevated,1,medium,0,53.32
DE40,H1,2025-09-03T23:00:00Z,61.014286,1.0306,83.53,elevated,1,medium,0,56.27
DE40,H1,2025-09-04T01:00:00Z,53.142857,0.8953,66.47,normal,1,medium,0,65.56
DE40,H1,2025-09-04T02:00:00Z,48.721429,0.8197,52.58,normal,1,medium,0,67.99
DE40,H1,2025-09-04T03:00:00Z,46.992857,0.7897,47.02,normal,1,medium,0,70.85
DE40,H1,2025-09-04T04:00:00Z,46.600000,0.7819,45.44,normal,1,medium,0,73.09
DE40,H1,2025-09-04T05:00:00Z,47.100000,0.7881,47.02,normal,1,medium,0,73.17
DE40,H1,2025-09-04T06:00:00Z,43.100000,0.7194,33.93,normal,1,medium,0,75.97
DE40,H1,2025-09-04T07:00:00Z,42.778571,0.7129,30.75,normal,1,medium,0,81.22
DE40,H1,2025-09-04T08:00:00Z,40.135714,0.6679,21.63,calm,1,medium,0,82.34
DE40,H1,2025-09-04T09:00:00Z,39.914286,0.6634,21.23,calm,1,medium,0,81.12
DE40,H1,2025-09-04T10:00:00Z,44.557143,0.7389,37.90,normal,1,medium,0,79.03
DE40,H1,2025-09-04T11:00:00Z,45.592857,0.7540,41.87,normal,1,medium,0,74.97
DE40,H1,2025-09-04T12:00:00Z,48.950000,0.8071,52.58,normal,1,low,0,69.10
DE40,H1,2025-09-04T13:00:00Z,52.914286,0.8696,66.07,normal,1,low,0,50.17
DE40,H1,2025-09-04T14:00:00Z,54.478571,0.8957,68.06,normal,0,off,1,45.50
DE40,H1,2025-09-04T15:00:00Z,58.564286,0.9635,75.60,elevated,0,off,0,41.02
DE40,H1,2025-09-04T16:00:00Z,61.521429,1.0125,84.72,elevated,0,off,0,37.92
DE40,H1,2025-09-04T17:00:00Z,63.392857,1.0457,89.48,elevated,0,off,0,36.49
DE40,H1,2025-09-04T18:00:00Z,62.192857,1.0293,86.31,elevated,0,off,0,38.18
DE40,H1,2025-09-04T19:00:00Z,60.942857,1.0149,81.94,elevated,0,off,0,41.04
DE40,H1,2025-09-04T20:00:00Z,61.228571,1.0281,83.13,elevated,0,off,0,39.88
DE40,H1,2025-09-04T21:00:00Z,59.657143,1.0113,77.18,elevated,0,off,0,39.85
DE40,H1,2025-09-04T22:00:00Z,58.550000,1.0041,74.01,elevated,0,off,0,35.85
DE40,H1,2025-09-04T23:00:00Z,57.028571,0.9900,72.42,elevated,0,off,0,36.58
DE40,H1,2025-09-05T01:00:00Z,50.742857,0.8939,56.94,normal,0,off,0,41.94
DE40,H1,2025-09-05T02:00:00Z,46.771429,0.8377,45.04,normal,0,off,0,44.14
DE40,H1,2025-09-05T03:00:00Z,43.378571,0.7903,34.72,normal,0,off,0,51.40
DE40,H1,2025-09-05T04:00:00Z,36.592857,0.6797,12.90,calm,0,off,0,56.63
DE40,H1,2025-09-05T05:00:00Z,33.235714,0.6273,5.75,squeeze,0,off,0,57.53
DE40,H1,2025-09-05T06:00:00Z,29.021429,0.5565,2.58,squeeze,0,off,0,58.86
DE40,H1,2025-09-05T07:00:00Z,25.950000,0.5064,0.99,squeeze,0,off,0,62.43
DE40,H1,2025-09-05T08:00:00Z,25.771429,0.5107,0.99,squeeze,1,low,0,53.49
DE40,H1,2025-09-05T09:00:00Z,27.828571,0.5593,2.58,squeeze,1,low,0,60.26
DE40,H1,2025-09-05T10:00:00Z,35.507143,0.7198,11.71,calm,1,low,0,59.63
DE40,H1,2025-09-05T11:00:00Z,36.578571,0.7456,14.48,calm,1,low,0,63.15
DE40,H1,2025-09-05T12:00:00Z,39.507143,0.8065,21.63,calm,1,medium,0,62.21
DE40,H1,2025-09-05T13:00:00Z,41.185714,0.8409,26.79,calm,1,medium,0,64.05
DE40,H1,2025-09-05T14:00:00Z,41.314286,0.8456,26.79,calm,1,medium,0,67.52
DE40,H1,2025-09-05T15:00:00Z,45.528571,0.9328,41.07,normal,1,medium,0,61.97
DE40,H1,2025-09-05T16:00:00Z,53.714286,1.0992,66.07,normal,1,medium,0,49.66
DE40,H1,2025-09-05T17:00:00Z,64.821429,1.3194,90.28,extreme,0,off,1,18.48
DE40,H1,2025-09-05T18:00:00Z,68.350000,1.3809,92.26,extreme,0,off,0,18.88
DE40,H1,2025-09-05T19:00:00Z,70.528571,1.4146,94.25,extreme,0,off,0,19.78
DE40,H1,2025-09-05T20:00:00Z,72.564286,1.4454,95.83,extreme,0,off,0,18.93
DE40,H1,2025-09-05T21:00:00Z,76.385714,1.5103,96.23,extreme,0,off,0,22.09
DE40,H1,2025-09-05T22:00:00Z,74.528571,1.4651,95.44,extreme,0,off,0,22.80
DE40,H1,2025-09-05T23:00:00Z,70.214286,1.3751,92.26,extreme,0,off,0,22.89
DE40,H1,2025-09-08T01:00:00Z,65.307143,1.2765,87.90,elevated,0,off,0,25.61
DE40,H1,2025-09-08T02:00:00Z,63.871429,1.2468,86.71,elevated,0,off,0,28.69
DE40,H1,2025-09-08T03:00:00Z,63.535714,1.2401,86.31,elevated,0,off,0,30.92
DE40,H1,2025-09-08T04:00:00Z,61.535714,1.2008,79.96,elevated,0,off,0,31.66
DE40,H1,2025-09-08T05:00:00Z,61.285714,1.1921,78.77,elevated,0,off,0,30.89
DE40,H1,2025-09-08T06:00:00Z,57.392857,1.1126,68.06,normal,0,off,0,30.87
DE40,H1,2025-09-08T07:00:00Z,51.178571,0.9906,53.37,normal,0,off,0,40.35
DE40,H1,2025-09-08T08:00:00Z,40.821429,0.7919,22.82,calm,0,off,0,52.75
DE40,H1,2025-09-08T09:00:00Z,41.585714,0.8084,25.60,calm,0,off,0,54.03
DE40,H1,2025-09-08T10:00:00Z,43.564286,0.8467,33.53,normal,0,off,0,55.25
DE40,H1,2025-09-08T11:00:00Z,44.600000,0.8662,35.12,normal,0,off,0,53.88
DE40,H1,2025-09-08T12:00:00Z,43.100000,0.8362,29.96,calm,0,off,0,53.94
DE40,H1,2025-09-08T13:00:00Z,43.585714,0.8444,33.13,normal,0,off,0,56.39
DE40,H1,2025-09-08T14:00:00Z,47.078571,0.9111,42.26,normal,0,off,0,48.19
DE40,H1,2025-09-08T15:00:00Z,46.235714,0.8946,38.69,normal,0,off,0,54.35
DE40,H1,2025-09-08T16:00:00Z,49.778571,0.9629,48.21,normal,1,low,0,52.52
DE40,H1,2025-09-08T17:00:00Z,49.614286,0.9609,47.82,normal,1,low,0,51.34
DE40,H1,2025-09-08T18:00:00Z,52.257143,1.0130,56.94,normal,1,low,0,50.71
DE40,H1,2025-09-08T19:00:00Z,52.507143,1.0202,57.74,normal,1,low,0,48.66
DE40,H1,2025-09-08T20:00:00Z,53.221429,1.0374,59.72,normal,1,low,0,50.79
DE40,H1,2025-09-08T21:00:00Z,53.364286,1.0443,60.12,normal,1,low,0,58.89
DE40,H1,2025-09-08T22:00:00Z,53.150000,1.0438,58.93,normal,1,low,0,55.64
DE40,H1,2025-09-08T23:00:00Z,48.514286,0.9574,44.25,normal,1,low,0,57.66
DE40,H1,2025-09-09T01:00:00Z,45.057143,0.8949,33.93,normal,1,low,0,60.18
DE40,H1,2025-09-09T02:00:00Z,41.978571,0.8397,25.20,calm,1,low,0,60.38
DE40,H1,2025-09-09T03:00:00Z,41.835714,0.8424,24.80,calm,1,low,0,61.87
DE40,H1,2025-09-09T04:00:00Z,40.921429,0.8294,20.04,calm,1,low,0,62.58
DE40,H1,2025-09-09T05:00:00Z,39.278571,0.7998,14.48,calm,1,medium,0,63.85
DE40,H1,2025-09-09T06:00:00Z,36.850000,0.7534,11.31,calm,1,low,0,64.41
DE40,H1,2025-09-09T07:00:00Z,32.850000,0.6745,5.36,squeeze,1,low,0,66.59
DE40,H1,2025-09-09T08:00:00Z,33.528571,0.6893,6.15,squeeze,1,low,0,66.56
DE40,H1,2025-09-09T09:00:00Z,34.671429,0.7124,7.74,squeeze,1,low,0,67.78
DE40,H1,2025-09-09T10:00:00Z,38.978571,0.7977,14.48,calm,1,low,0,64.92
DE40,H1,2025-09-09T11:00:00Z,45.764286,0.9290,37.50,normal,1,medium,0,60.30
DE40,H1,2025-09-09T12:00:00Z,48.478571,0.9751,44.64,normal,1,medium,0,55.65
DE40,H1,2025-09-09T13:00:00Z,49.335714,0.9838,46.63,normal,1,medium,0,52.99
DE40,H1,2025-09-09T14:00:00Z,52.857143,1.0468,57.74,normal,1,low,0,48.88
DE40,H1,2025-09-09T15:00:00Z,55.942857,1.0995,65.28,normal,1,low,0,45.37
DE40,H1,2025-09-09T16:00:00Z,59.271429,1.1559,72.02,elevated,1,low,0,42.45
DE40,H1,2025-09-09T17:00:00Z,61.950000,1.1985,81.94,elevated,1,low,0,43.63
DE40,H1,2025-09-09T18:00:00Z,61.928571,1.1886,81.55,elevated,1,low,0,43.53
DE40,H1,2025-09-09T19:00:00Z,62.571429,1.1931,83.53,elevated,1,low,0,43.14
DE40,H1,2025-09-09T20:00:00Z,64.071429,1.2169,86.71,elevated,1,low,0,44.75
DE40,H1,2025-09-09T21:00:00Z,64.714286,1.2291,86.71,elevated,1,low,0,44.74
DE40,H1,2025-09-09T22:00:00Z,62.285714,1.1857,81.15,elevated,1,medium,0,45.98
DE40,H1,2025-09-09T23:00:00Z,60.607143,1.1582,73.21,elevated,1,low,0,46.94
DE40,H1,2025-09-10T01:00:00Z,55.157143,1.0611,59.72,normal,1,low,0,47.10
DE40,H1,2025-09-10T02:00:00Z,47.750000,0.9288,40.67,normal,1,low,0,55.91
DE40,H1,2025-09-10T03:00:00Z,45.985714,0.9045,34.72,normal,1,low,0,59.65
DE40,H1,2025-09-10T04:00:00Z,44.628571,0.8868,30.75,normal,1,low,0,59.47
DE40,H1,2025-09-10T05:00:00Z,41.664286,0.8357,22.02,calm,0,off,1,61.52
DE40,H1,2025-09-10T06:00:00Z,38.985714,0.7899,13.69,calm,0,off,0,61.47
DE40,H1,2025-09-10T07:00:00Z,38.021429,0.7784,12.50,calm,0,off,0,61.48
DE40,H1,2025-09-10T08:00:00Z,34.557143,0.7154,6.94,squeeze,0,off,0,60.14
DE40,H1,2025-09-10T09:00:00Z,35.685714,0.7467,8.93,squeeze,0,off,0,53.76
DE40,H1,2025-09-10T10:00:00Z,39.800000,0.8389,16.87,calm,0,off,0,47.85
DE40,H1,2025-09-10T11:00:00Z,48.907143,1.0319,45.83,normal,0,off,0,42.38
DE40,H1,2025-09-10T12:00:00Z,53.050000,1.1135,54.96,normal,0,off,0,39.63
DE40,H1,2025-09-10T13:00:00Z,54.157143,1.1308,58.53,normal,1,low,0,40.85
DE40,H1,2025-09-10T14:00:00Z,53.371429,1.1098,57.34,normal,1,low,0,46.61
DE40,H1,2025-09-10T15:00:00Z,58.264286,1.2047,67.66,normal,1,low,0,48.80
DE40,H1,2025-09-10T16:00:00Z,63.992857,1.3119,86.31,elevated,1,low,0,42.89
DE40,H1,2025-09-10T17:00:00Z,65.792857,1.3366,88.69,elevated,0,off,1,38.36
DE40,H1,2025-09-10T18:00:00Z,67.600000,1.3619,90.28,extreme,0,off,0,37.43
DE40,H1,2025-09-10T19:00:00Z,69.778571,1.3926,91.07,extreme,0,off,0,35.02
DE40,H1,2025-09-10T20:00:00Z,69.742857,1.3809,90.67,extreme,0,off,0,32.50
DE40,H1,2025-09-10T21:00:00Z,68.385714,1.3440,89.88,elevated,0,off,0,31.77
DE40,H1,2025-09-10T22:00:00Z,69.100000,1.3492,89.88,elevated,0,off,0,30.79
DE40,H1,2025-09-10T23:00:00Z,67.442857,1.3092,88.29,elevated,0,off,0,29.26
DE40,H1,2025-09-11T01:00:00Z,62.964286,1.2176,81.55,elevated,0,off,0,28.22
DE40,H1,2025-09-11T02:00:00Z,52.407143,1.0138,51.79,normal,0,off,0,33.48
DE40,H1,2025-09-11T03:00:00Z,49.157143,0.9524,45.83,normal,0,off,0,36.45
DE40,H1,2025-09-11T04:00:00Z,47.550000,0.9216,41.07,normal,0,off,0,37.63
DE40,H1,2025-09-11T05:00:00Z,45.335714,0.8786,33.53,normal,0,off,0,39.57
DE40,H1,2025-09-11T06:00:00Z,40.442857,0.7843,17.66,calm,0,off,0,43.99
DE40,H1,2025-09-11T07:00:00Z,36.442857,0.7082,9.33,squeeze,0,off,0,47.55
DE40,H1,2025-09-11T08:00:00Z,33.728571,0.6573,5.75,squeeze,0,off,0,59.02
DE40,H1,2025-09-11T09:00:00Z,36.500000,0.7121,9.33,squeeze,1,low,0,55.86
DE40,H1,2025-09-11T10:00:00Z,40.607143,0.7910,17.66,calm,1,medium,0,52.56
DE40,H1,2025-09-11T11:00:00Z,43.214286,0.8384,27.18,calm,1,medium,0,50.47
DE40,H1,2025-09-11T12:00:00Z,43.821429,0.8468,29.56,calm,1,high,0,63.60
DE40,H1,2025-09-11T13:00:00Z,45.071429,0.8675,32.34,normal,1,high,0,66.63
DE40,H1,2025-09-11T14:00:00Z,45.764286,0.8785,35.52,normal,1,medium,0,66.73
DE40,H1,2025-09-11T15:00:00Z,50.021429,0.9587,48.21,normal,1,medium,0,58.12
DE40,H1,2025-09-11T16:00:00Z,57.900000,1.1057,65.67,normal,1,low,0,43.37
DE40,H1,2025-09-11T17:00:00Z,64.471429,1.2241,84.33,elevated,1,low,0,46.93
DE40,H1,2025-09-11T18:00:00Z,67.071429,1.2666,87.10,elevated,1,low,0,48.66
DE40,H1,2025-09-11T19:00:00Z,67.428571,1.2679,87.90,elevated,1,low,0,48.06
DE40,H1,2025-09-11T20:00:00Z,67.928571,1.2731,88.69,elevated,1,low,0,47.61
DE40,H1,2025-09-11T21:00:00Z,65.892857,1.2332,85.12,elevated,1,low,0,46.48
DE40,H1,2025-09-11T22:00:00Z,65.392857,1.2222,84.33,elevated,1,low,0,45.83
DE40,H1,2025-09-11T23:00:00Z,59.907143,1.1208,68.06,normal,0,off,1,43.77
DE40,H1,2025-09-12T01:00:00Z,53.157143,0.9986,54.96,normal,0,off,0,50.85
DE40,H1,2025-09-12T02:00:00Z,49.328571,0.9321,45.44,normal,0,off,0,53.31
DE40,H1,2025-09-12T03:00:00Z,48.200000,0.9156,42.86,normal,0,off,0,53.03
DE40,H1,2025-09-12T04:00:00Z,47.092857,0.8992,39.48,normal,1,low,0,54.38
DE40,H1,2025-09-12T05:00:00Z,46.057143,0.8825,35.91,normal,1,low,0,53.94
DE40,H1,2025-09-12T06:00:00Z,40.950000,0.7867,18.45,calm,1,low,0,55.81
DE40,H1,2025-09-12T07:00:00Z,33.200000,0.6409,3.37,squeeze,1,low,0,68.16
DE40,H1,2025-09-12T08:00:00Z,26.164286,0.5087,0.99,squeeze,1,low,0,70.02
DE40,H1,2025-09-12T09:00:00Z,25.992857,0.5085,0.99,squeeze,1,medium,0,77.77
DE40,H1,2025-09-12T10:00:00Z,32.871429,0.6446,4.17,squeeze,1,medium,0,78.18
DE40,H1,2025-09-12T11:00:00Z,38.014286,0.7455,12.50,calm,1,medium,0,67.95
DE40,H1,2025-09-12T12:00:00Z,40.585714,0.7940,18.45,calm,1,low,0,63.79
DE40,H1,2025-09-12T13:00:00Z,42.335714,0.8261,25.20,calm,1,low,0,58.63
DE40,H1,2025-09-12T14:00:00Z,44.171429,0.8605,31.55,normal,1,low,0,52.21
DE40,H1,2025-09-12T15:00:00Z,45.957143,0.8963,38.29,normal,0,off,1,49.19
DE40,H1,2025-09-12T16:00:00Z,49.357143,0.9640,49.40,normal,1,low,0,47.31
DE40,H1,2025-09-12T17:00:00Z,50.057143,0.9792,52.18,normal,1,low,0,47.60
DE40,H1,2025-09-12T18:00:00Z,49.085714,0.9618,48.21,normal,1,low,0,49.19
DE40,H1,2025-09-12T19:00:00Z,48.871429,0.9612,47.42,normal,1,low,0,49.27
DE40,H1,2025-09-12T20:00:00Z,48.621429,0.9621,47.02,normal,1,low,0,48.69
DE40,H1,2025-09-12T21:00:00Z,48.264286,0.9617,46.23,normal,1,low,0,47.64
DE40,H1,2025-09-12T22:00:00Z,47.842857,0.9608,45.04,normal,1,low,0,48.81
DE40,H1,2025-09-15T01:00:00Z,44.885714,0.9106,33.93,normal,1,low,0,52.57
DE40,H1,2025-09-15T02:00:00Z,37.657143,0.7740,12.10,calm,1,low,0,59.50
DE40,H1,2025-09-15T03:00:00Z,34.735714,0.7240,7.34,squeeze,1,low,0,66.54
DE40,H1,2025-09-15T04:00:00Z,33.557143,0.7099,5.75,squeeze,1,low,0,69.17
DE40,H1,2025-09-15T05:00:00Z,30.342857,0.6521,3.37,squeeze,1,low,0,73.01
DE40,H1,2025-09-15T06:00:00Z,30.878571,0.6729,3.77,squeeze,1,medium,0,72.20
DE40,H1,2025-09-15T07:00:00Z,29.557143,0.6506,2.98,squeeze,1,medium,0,72.62
DE40,H1,2025-09-15T08:00:00Z,27.100000,0.6024,1.79,squeeze,1,low,0,80.87
DE40,H1,2025-09-15T09:00:00Z,29.392857,0.6587,3.37,squeeze,0,off,1,62.30
DE40,H1,2025-09-15T10:00:00Z,31.914286,0.7195,4.56,squeeze,0,off,0,56.14
DE40,H1,2025-09-15T11:00:00Z,36.378571,0.8217,10.91,calm,0,off,0,52.54
DE40,H1,2025-09-15T12:00:00Z,39.771429,0.8969,17.66,calm,0,off,0,51.16
DE40,H1,2025-09-15T13:00:00Z,42.878571,0.9630,27.98,calm,0,off,0,50.44
DE40,H1,2025-09-15T14:00:00Z,45.657143,1.0212,38.29,normal,0,off,0,47.36
DE40,H1,2025-09-15T15:00:00Z,50.792857,1.1310,56.15,normal,0,off,0,43.41
DE40,H1,2025-09-15T16:00:00Z,57.107143,1.2637,67.66,normal,0,off,0,47.50
DE40,H1,2025-09-15T17:00:00Z,59.707143,1.3120,71.23,elevated,1,low,0,48.74
DE40,H1,2025-09-15T18:00:00Z,59.914286,1.3081,72.42,elevated,1,low,0,50.59
DE40,H1,2025-09-15T19:00:00Z,60.807143,1.3189,74.80,elevated,1,low,0,51.10
DE40,H1,2025-09-15T20:00:00Z,60.557143,1.3075,74.01,elevated,1,low,0,52.25
DE40,H1,2025-09-15T21:00:00Z,61.235714,1.3202,76.79,elevated,1,low,0,52.40
DE40,H1,2025-09-15T22:00:00Z,61.050000,1.3182,76.39,elevated,1,low,0,52.30
DE40,H1,2025-09-15T23:00:00Z,58.064286,1.2586,69.25,normal,1,low,0,51.19
DE40,H1,2025-09-16T01:00:00Z,54.478571,1.1876,64.48,normal,1,low,0,52.48
DE40,H1,2025-09-16T02:00:00Z,50.221429,1.1033,55.36,normal,1,medium,0,52.11
DE40,H1,2025-09-16T03:00:00Z,47.614286,1.0545,45.83,normal,1,medium,0,54.46
DE40,H1,2025-09-16T04:00:00Z,46.292857,1.0340,41.47,normal,1,medium,0,56.03
DE40,H1,2025-09-16T05:00:00Z,42.614286,0.9592,26.79,calm,1,medium,0,61.57
DE40,H1,2025-09-16T06:00:00Z,37.935714,0.8598,14.48,calm,1,medium,0,67.10
DE40,H1,2025-09-16T07:00:00Z,31.614286,0.7223,4.56,squeeze,1,medium,0,73.88
DE40,H1,2025-09-16T08:00:00Z,26.685714,0.6158,1.79,squeeze,1,medium,0,78.48
DE40,H1,2025-09-16T09:00:00Z,27.692857,0.6448,2.58,squeeze,1,medium,0,76.31
DE40,H1,2025-09-16T10:00:00Z,35.285714,0.8257,10.12,calm,1,low,0,58.25
DE40,H1,2025-09-16T11:00:00Z,37.785714,0.8855,15.67,calm,1,medium,0,56.19
DE40,H1,2025-09-16T12:00:00Z,40.535714,0.9467,22.42,calm,1,low,0,63.01
DE40,H1,2025-09-16T13:00:00Z,42.785714,0.9916,29.17,calm,0,off,1,53.80
DE40,H1,2025-09-16T14:00:00Z,44.514286,1.0228,34.72,normal,0,off,0,46.76
DE40,H1,2025-09-16T15:00:00Z,49.764286,1.1347,54.56,normal,0,off,0,33.56
DE40,H1,2025-09-16T16:00:00Z,56.807143,1.2842,67.26,normal,0,off,0,15.92
DE40,H1,2025-09-16T17:00:00Z,62.307143,1.3949,81.15,elevated,0,off,0,16.79
DE40,H1,2025-09-16T18:00:00Z,64.807143,1.4364,86.31,elevated,0,off,0,17.65
DE40,H1,2025-09-16T19:00:00Z,65.914286,1.4470,88.29,elevated,0,off,0,17.17
DE40,H1,2025-09-16T20:00:00Z,67.235714,1.4623,88.69,elevated,0,off,0,17.32
DE40,H1,2025-09-16T21:00:00Z,67.807143,1.4630,89.88,elevated,0,off,0,17.64
DE40,H1,2025-09-16T22:00:00Z,67.878571,1.4534,89.88,elevated,0,off,0,16.74
DE40,H1,2025-09-16T23:00:00Z,65.585714,1.3944,85.91,elevated,0,off,0,16.12
DE40,H1,2025-09-17T01:00:00Z,57.842857,1.2251,66.47,normal,0,off,0,16.90
DE40,H1,2025-09-17T02:00:00Z,53.271429,1.1261,59.72,normal,0,off,0,15.70
DE40,H1,2025-09-17T03:00:00Z,50.335714,1.0631,52.98,normal,0,off,0,17.80
DE40,H1,2025-09-17T04:00:00Z,49.085714,1.0362,47.82,normal,0,off,0,18.97
DE40,H1,2025-09-17T05:00:00Z,47.050000,0.9923,39.88,normal,0,off,0,22.17
DE40,H1,2025-09-17T06:00:00Z,41.942857,0.8830,24.80,calm,0,off,0,28.82
DE40,H1,2025-09-17T07:00:00Z,34.871429,0.7341,10.12,calm,0,off,0,37.32
DE40,H1,2025-09-17T08:00:00Z,29.835714,0.6290,4.56,squeeze,0,off,0,43.57
DE40,H1,2025-09-17T09:00:00Z,28.050000,0.5920,3.37,squeeze,0,off,0,45.14
DE40,H1,2025-09-17T10:00:00Z,31.300000,0.6604,6.15,squeeze,0,off,0,42.96
DE40,H1,2025-09-17T11:00:00Z,33.835714,0.7127,10.12,calm,1,low,0,41.83
DE40,H1,2025-09-17T12:00:00Z,38.478571,0.8066,17.66,calm,1,medium,0,43.90
DE40,H1,2025-09-17T13:00:00Z,42.764286,0.8914,27.98,calm,1,medium,0,60.10
DE40,H1,2025-09-17T14:00:00Z,45.800000,0.9492,38.29,normal,1,low,0,55.68
DE40,H1,2025-09-17T15:00:00Z,49.128571,1.0128,50.20,normal,1,low,0,53.20
DE40,H1,2025-09-17T16:00:00Z,53.700000,1.1008,63.29,normal,1,medium,0,50.60
DE40,H1,2025-09-17T17:00:00Z,58.600000,1.1935,71.23,elevated,1,medium,0,53.14
DE40,H1,2025-09-17T18:00:00Z,62.450000,1.2633,81.55,elevated,1,medium,0,56.62
DE40,H1,2025-09-17T19:00:00Z,63.507143,1.2781,83.93,elevated,1,medium,0,57.12
DE40,H1,2025-09-17T20:00:00Z,65.114286,1.3062,87.90,elevated,1,medium,0,58.23
DE40,H1,2025-09-17T21:00:00Z,72.828571,1.4533,97.82,extreme,1,medium,0,59.58
DE40,H1,2025-09-17T22:00:00Z,74.364286,1.4755,98.21,extreme,1,medium,0,57.80
DE40,H1,2025-09-17T23:00:00Z,73.028571,1.4420,98.21,extreme,1,medium,0,58.46
DE40,H1,2025-09-18T01:00:00Z,71.185714,1.3997,97.42,extreme,1,medium,0,58.14
DE40,H1,2025-09-18T02:00:00Z,67.764286,1.3290,92.66,extreme,1,medium,0,56.82
DE40,H1,2025-09-18T03:00:00Z,65.978571,1.2915,90.67,extreme,1,medium,0,56.07
DE40,H1,2025-09-18T04:00:00Z,64.085714,1.2515,85.91,elevated,1,medium,0,53.79
DE40,H1,2025-09-18T05:00:00Z,60.985714,1.1879,76.79,elevated,1,medium,0,52.68
DE40,H1,2025-09-18T06:00:00Z,59.235714,1.1498,71.23,elevated,1,low,0,51.87
DE40,H1,2025-09-18T07:00:00Z,56.878571,1.1001,66.47,normal,1,low,0,49.76
DE40,H1,2025-09-18T08:00:00Z,53.557143,1.0330,62.50,normal,1,low,0,54.60
DE40,H1,2025-09-18T09:00:00Z,53.171429,1.0214,60.52,normal,1,low,0,54.85
DE40,H1,2025-09-18T10:00:00Z,60.757143,1.1569,75.60,elevated,1,low,0,40.20
DE40,H1,2025-09-18T11:00:00Z,65.292857,1.2276,87.90,elevated,0,off,1,35.75
DE40,H1,2025-09-18T12:00:00Z,60.971429,1.1317,75.99,elevated,0,off,0,33.10
DE40,H1,2025-09-18T13:00:00Z,60.078571,1.1019,72.42,elevated,0,off,0,31.61
DE40,H1,2025-09-18T14:00:00Z,61.771429,1.1220,79.17,elevated,0,off,0,29.63
DE40,H1,2025-09-18T15:00:00Z,61.185714,1.1020,76.79,elevated,0,off,0,23.42
DE40,H1,2025-09-18T16:00:00Z,63.357143,1.1318,82.74,elevated,0,off,0,24.75
DE40,H1,2025-09-18T17:00:00Z,64.357143,1.1409,85.52,elevated,0,off,0,24.17
DE40,H1,2025-09-18T18:00:00Z,66.885714,1.1764,90.67,extreme,0,off,0,29.91
DE40,H1,2025-09-18T19:00:00Z,70.385714,1.2291,96.63,extreme,0,off,0,30.27
DE40,H1,2025-09-18T20:00:00Z,69.600000,1.2099,95.04,extreme,0,off,0,32.69
DE40,H1,2025-09-18T21:00:00Z,69.778571,1.2099,95.44,extreme,0,off,0,31.14
DE40,H1,2025-09-18T22:00:00Z,69.350000,1.2006,94.25,extreme,0,off,0,31.69
DE40,H1,2025-09-18T23:00:00Z,65.000000,1.1256,85.12,elevated,0,off,0,31.81
DE40,H1,2025-09-19T01:00:00Z,56.485714,0.9818,62.90,normal,0,off,0,36.37
DE40,H1,2025-09-19T02:00:00Z,50.078571,0.8759,52.18,normal,0,off,0,42.00
DE40,H1,2025-09-19T03:00:00Z,48.428571,0.8528,44.64,normal,0,off,0,43.62
DE40,H1,2025-09-19T04:00:00Z,46.250000,0.8200,39.48,normal,0,off,0,43.27
DE40,H1,2025-09-19T05:00:00Z,44.535714,0.7934,32.74,normal,1,low,0,44.00
DE40,H1,2025-09-19T06:00:00Z,43.357143,0.7751,29.96,calm,1,medium,0,54.25
DE40,H1,2025-09-19T07:00:00Z,41.571429,0.7455,24.80,calm,1,low,0,65.90
DE40,H1,2025-09-19T08:00:00Z,38.750000,0.6975,18.06,calm,1,low,0,67.11
DE40,H1,2025-09-19T09:00:00Z,37.050000,0.6693,15.67,calm,1,low,0,69.11
DE40,H1,2025-09-19T10:00:00Z,38.757143,0.7010,18.85,calm,1,low,0,67.76
DE40,H1,2025-09-19T11:00:00Z,42.685714,0.7698,28.37,calm,1,medium,0,65.68
DE40,H1,2025-09-19T12:00:00Z,45.578571,0.8174,36.71,normal,1,medium,0,66.14
DE40,H1,2025-09-19T13:00:00Z,45.221429,0.8060,35.91,normal,1,medium,0,71.38
DE40,H1,2025-09-19T14:00:00Z,46.892857,0.8312,41.87,normal,1,medium,0,67.66
DE40,H1,2025-09-19T15:00:00Z,48.700000,0.8587,47.42,normal,1,medium,0,64.94
DE40,H1,2025-09-19T16:00:00Z,50.928571,0.8941,55.36,normal,1,medium,0,62.07
DE40,H1,2025-09-19T17:00:00Z,51.114286,0.8947,55.75,normal,1,medium,0,60.50
DE40,H1,2025-09-19T18:00:00Z,54.771429,0.9557,63.29,normal,1,medium,0,58.24
DE40,H1,2025-09-19T19:00:00Z,54.378571,0.9471,62.90,normal,1,low,0,56.73
DE40,H1,2025-09-19T20:00:00Z,54.985714,0.9573,64.09,normal,1,low,0,57.34
DE40,H1,2025-09-19T21:00:00Z,53.807143,0.9383,62.50,normal,1,low,0,57.41
DE40,H1,2025-09-19T22:00:00Z,52.628571,0.9209,57.74,normal,1,medium,0,57.61
DE40,H1,2025-09-22T01:00:00Z,50.021429,0.8794,52.58,normal,1,medium,0,59.02
DE40,H1,2025-09-22T02:00:00Z,44.171429,0.7824,33.13,normal,1,low,0,64.71
DE40,H1,2025-09-22T03:00:00Z,42.628571,0.7632,28.37,calm,1,medium,0,66.09
DE40,H1,2025-09-22T04:00:00Z,38.664286,0.7012,18.45,calm,1,medium,0,70.40
DE40,H1,2025-09-22T05:00:00Z,36.664286,0.6738,14.88,calm,1,medium,0,71.29
DE40,H1,2025-09-22T06:00:00Z,35.378571,0.6588,12.10,calm,1,medium,0,71.72
DE40,H1,2025-09-22T07:00:00Z,34.407143,0.6488,9.72,squeeze,1,medium,0,70.76
DE40,H1,2025-09-22T08:00:00Z,34.121429,0.6512,9.33,squeeze,1,medium,0,68.08
DE40,H1,2025-09-22T09:00:00Z,36.192857,0.6982,12.90,calm,1,medium,0,77.60
DE40,H1,2025-09-22T10:00:00Z,40.142857,0.7807,21.63,calm,1,low,0,57.78
DE40,H1,2025-09-22T11:00:00Z,41.928571,0.8210,26.79,calm,0,off,1,55.94
DE40,H1,2025-09-22T12:00:00Z,46.214286,0.9087,40.67,normal,0,off,0,46.12
DE40,H1,2025-09-22T13:00:00Z,51.392857,1.0113,56.55,normal,0,off,0,33.19
DE40,H1,2025-09-22T14:00:00Z,53.178571,1.0465,60.12,normal,0,off,0,29.51
DE40,H1,2025-09-22T15:00:00Z,54.385714,1.0729,64.09,normal,0,off,0,30.22
DE40,H1,2025-09-22T16:00:00Z,57.492857,1.1377,68.06,normal,0,off,0,28.41
DE40,H1,2025-09-22T17:00:00Z,56.142857,1.1131,65.67,normal,0,off,0,29.06
DE40,H1,2025-09-22T18:00:00Z,57.385714,1.1390,67.66,normal,0,off,0,29.43
DE40,H1,2025-09-22T19:00:00Z,59.457143,1.1812,71.63,elevated,0,off,0,29.17
DE40,H1,2025-09-22T20:00:00Z,59.528571,1.1834,72.02,elevated,0,off,0,30.68
DE40,H1,2025-09-22T21:00:00Z,59.278571,1.1803,71.63,elevated,0,off,0,31.77
DE40,H1,2025-09-22T22:00:00Z,57.314286,1.1444,67.66,normal,0,off,0,32.72
DE40,H1,2025-09-22T23:00:00Z,53.450000,1.0730,61.31,normal,0,off,0,34.68
DE40,H1,2025-09-23T01:00:00Z,45.957143,0.9317,38.29,normal,0,off,0,44.32
DE40,H1,2025-09-23T02:00:00Z,43.692857,0.8952,31.15,normal,0,off,0,47.48
DE40,H1,2025-09-23T03:00:00Z,38.207143,0.7931,16.87,calm,0,off,0,54.38
DE40,H1,2025-09-23T04:00:00Z,32.850000,0.6924,5.95,squeeze,0,off,0,63.95
DE40,H1,2025-09-23T05:00:00Z,30.671429,0.6560,4.17,squeeze,1,low,0,70.22
DE40,H1,2025-09-23T06:00:00Z,28.992857,0.6274,2.58,squeeze,0,off,1,77.08
DE40,H1,2025-09-23T07:00:00Z,27.314286,0.5970,1.79,squeeze,0,off,0,74.59
DE40,H1,2025-09-23T08:00:00Z,28.278571,0.6236,2.98,squeeze,0,off,0,67.17
DE40,H1,2025-09-23T09:00:00Z,28.328571,0.6296,3.37,squeeze,0,off,0,58.93
DE40,H1,2025-09-23T10:00:00Z,31.078571,0.6949,6.55,squeeze,0,off,0,55.42
DE40,H1,2025-09-23T11:00:00Z,36.042857,0.8086,14.88,calm,0,off,0,41.85
DE40,H1,2025-09-23T12:00:00Z,38.364286,0.8619,20.44,calm,0,off,0,37.68
DE40,H1,2025-09-23T13:00:00Z,44.778571,1.0033,36.31,normal,0,off,0,36.02
DE40,H1,2025-09-23T14:00:00Z,45.678571,1.0195,39.09,normal,1,low,0,40.54
DE40,H1,2025-09-23T15:00:00Z,47.350000,1.0528,45.04,normal,1,low,0,44.09
DE40,H1,2025-09-23T16:00:00Z,50.864286,1.1268,56.94,normal,1,low,0,51.11
DE40,H1,2025-09-23T17:00:00Z,53.314286,1.1771,62.90,normal,1,low,0,52.17
DE40,H1,2025-09-23T18:00:00Z,56.357143,1.2381,68.85,normal,1,low,0,56.72
DE40,H1,2025-09-23T19:00:00Z,57.750000,1.2627,71.63,elevated,1,low,0,55.67
DE40,H1,2025-09-23T20:00:00Z,61.678571,1.3410,80.75,elevated,1,low,0,48.31
DE40,H1,2025-09-23T21:00:00Z,62.142857,1.3445,81.94,elevated,1,low,0,48.91
DE40,H1,2025-09-23T22:00:00Z,61.892857,1.3329,80.75,elevated,1,low,0,49.05
DE40,H1,2025-09-23T23:00:00Z,59.635714,1.2816,74.40,elevated,1,low,0,48.05
DE40,H1,2025-09-24T01:00:00Z,55.157143,1.1850,65.28,normal,1,low,0,47.32
DE40,H1,2025-09-24T02:00:00Z,48.864286,1.0526,48.61,normal,1,low,0,48.60
DE40,H1,2025-09-24T03:00:00Z,46.428571,1.0033,42.66,normal,1,low,0,50.70
DE40,H1,2025-09-24T04:00:00Z,40.014286,0.8694,24.40,calm,0,off,1,58.15
DE40,H1,2025-09-24T05:00:00Z,38.942857,0.8502,22.42,calm,0,off,0,56.76
DE40,H1,2025-09-24T06:00:00Z,36.835714,0.8068,17.26,calm,0,off,0,57.22
DE40,H1,2025-09-24T07:00:00Z,32.621429,0.7176,8.13,squeeze,0,off,0,56.87
DE40,H1,2025-09-24T08:00:00Z,31.978571,0.7056,8.13,squeeze,0,off,0,56.79
DE40,H1,2025-09-24T09:00:00Z,30.828571,0.6820,6.15,squeeze,0,off,0,63.29
DE40,H1,2025-09-24T10:00:00Z,37.757143,0.8344,18.45,calm,0,off,0,56.52
DE40,H1,2025-09-24T11:00:00Z,34.114286,0.7539,11.71,calm,0,off,0,60.72
DE40,H1,2025-09-24T12:00:00Z,33.792857,0.7470,11.31,calm,1,low,0,60.11
DE40,H1,2025-09-24T13:00:00Z,33.578571,0.7431,10.91,calm,1,low,0,62.95
DE40,H1,2025-09-24T14:00:00Z,37.114286,0.8224,19.25,calm,1,medium,0,61.08
DE40,H1,2025-09-24T15:00:00Z,39.707143,0.8807,25.20,calm,1,medium,0,58.76
DE40,H1,2025-09-24T16:00:00Z,44.392857,0.9855,35.91,normal,1,medium,0,47.63
DE40,H1,2025-09-24T17:00:00Z,49.400000,1.0976,53.37,normal,1,low,0,31.16
DE40,H1,2025-09-24T18:00:00Z,52.550000,1.1679,58.93,normal,1,low,0,31.68
DE40,H1,2025-09-24T19:00:00Z,54.192857,1.2045,64.48,normal,0,off,1,31.12
DE40,H1,2025-09-24T20:00:00Z,56.050000,1.2466,67.66,normal,0,off,0,32.46
DE40,H1,2025-09-24T21:00:00Z,57.300000,1.2738,70.44,elevated,0,off,0,32.49
DE40,H1,2025-09-24T22:00:00Z,56.014286,1.2459,67.66,normal,0,off,0,34.62
DE40,H1,2025-09-24T23:00:00Z,54.307143,1.2107,64.88,normal,0,off,0,34.38
DE40,H1,2025-09-25T01:00:00Z,45.485714,1.0205,39.48,normal,0,off,0,39.11
DE40,H1,2025-09-25T02:00:00Z,44.278571,1.0001,35.91,normal,0,off,0,39.00
DE40,H1,2025-09-25T03:00:00Z,44.507143,1.0111,36.71,normal,0,off,0,39.43
DE40,H1,2025-09-25T04:00:00Z,42.828571,0.9777,33.13,normal,0,off,0,42.20
DE40,H1,2025-09-25T05:00:00Z,38.614286,0.8845,23.21,calm,0,off,0,45.95
DE40,H1,2025-09-25T06:00:00Z,35.714286,0.8210,16.07,calm,0,off,0,48.17
DE40,H1,2025-09-25T07:00:00Z,32.142857,0.7410,8.93,squeeze,0,off,0,57.30
DE40,H1,2025-09-25T08:00:00Z,27.357143,0.6323,2.18,squeeze,0,off,0,63.22
DE40,H1,2025-09-25T09:00:00Z,28.135714,0.6510,3.37,squeeze,1,low,0,63.40
DE40,H1,2025-09-25T10:00:00Z,33.921429,0.7831,13.69,calm,1,low,0,57.89
DE40,H1,2025-09-25T11:00:00Z,37.992857,0.8728,22.42,calm,1,low,0,50.22
DE40,H1,2025-09-25T12:00:00Z,47.671429,1.0855,48.21,normal,0,off,1,22.34
DE40,H1,2025-09-25T13:00:00Z,50.992857,1.1493,58.53,normal,0,off,0,20.23
DE40,H1,2025-09-25T14:00:00Z,58.642857,1.3054,75.20,elevated,0,off,0,14.55
DE40,H1,2025-09-25T15:00:00Z,61.171429,1.3467,81.15,elevated,0,off,0,12.80
DE40,H1,2025-09-25T16:00:00Z,65.878571,1.4329,89.88,elevated,0,off,0,14.38
DE40,H1,2025-09-25T17:00:00Z,68.864286,1.4824,95.44,extreme,0,off,0,18.83
DE40,H1,2025-09-25T18:00:00Z,70.500000,1.5015,98.21,extreme,0,off,0,21.00
DE40,H1,2025-09-25T19:00:00Z,72.535714,1.5285,98.61,extreme,0,off,0,21.70
DE40,H1,2025-09-25T20:00:00Z,76.928571,1.6034,99.80,extreme,0,off,0,24.90
DE40,H1,2025-09-25T21:00:00Z,82.392857,1.6968,99.80,extreme,0,off,0,28.68
DE40,H1,2025-09-25T22:00:00Z,83.464286,1.6998,99.80,extreme,0,off,0,31.35
DE40,H1,2025-09-25T23:00:00Z,80.000000,1.6147,99.01,extreme,0,off,0,32.57
DE40,H1,2025-09-26T01:00:00Z,72.728571,1.4614,97.02,extreme,0,off,0,32.64
DE40,H1,2025-09-26T02:00:00Z,67.450000,1.3524,91.87,extreme,0,off,0,34.37
DE40,H1,2025-09-26T03:00:00Z,58.364286,1.1719,73.61,elevated,0,off,0,35.02
DE40,H1,2025-09-26T04:00:00Z,55.221429,1.1108,66.87,normal,0,off,0,34.78
DE40,H1,2025-09-26T05:00:00Z,47.850000,0.9653,48.61,normal,1,low,0,43.07
DE40,H1,2025-09-26T06:00:00Z,46.500000,0.9390,45.44,normal,1,low,0,53.17
DE40,H1,2025-09-26T07:00:00Z,43.678571,0.8830,34.72,normal,1,low,0,61.91
DE40,H1,2025-09-26T08:00:00Z,41.500000,0.8385,29.17,calm,1,low,0,67.29
DE40,H1,2025-09-26T09:00:00Z,41.407143,0.8357,28.77,calm,1,low,0,60.24
DE40,H1,2025-09-26T10:00:00Z,45.192857,0.9091,39.48,normal,0,off,1,47.27
DE40,H1,2025-09-26T11:00:00Z,46.157143,0.9235,43.45,normal,1,low,0,45.73
DE40,H1,2025-09-26T12:00:00Z,42.407143,0.8449,30.36,normal,1,medium,0,55.42
DE40,H1,2025-09-26T13:00:00Z,42.321429,0.8394,29.96,calm,1,medium,0,59.64
DE40,H1,2025-09-26T14:00:00Z,47.864286,0.9455,48.61,normal,1,low,0,53.08
DE40,H1,2025-09-26T15:00:00Z,52.921429,1.0377,59.72,normal,1,low,0,41.61
DE40,H1,2025-09-26T16:00:00Z,57.485714,1.1168,71.23,elevated,0,off,1,37.90
DE40,H1,2025-09-26T17:00:00Z,60.750000,1.1679,78.37,elevated,0,off,0,37.95
DE40,H1,2025-09-26T18:00:00Z,62.714286,1.1939,84.33,elevated,0,off,0,45.51
DE40,H1,2025-09-26T19:00:00Z,64.571429,1.2177,86.31,elevated,0,off,0,44.90
DE40,H1,2025-09-26T20:00:00Z,64.464286,1.2066,86.31,elevated,0,off,0,44.44
DE40,H1,2025-09-26T21:00:00Z,63.642857,1.1849,85.52,elevated,0,off,0,44.35
DE40,H1,2025-09-26T22:00:00Z,62.142857,1.1528,83.13,elevated,0,off,0,37.03
DE40,H1,2025-09-29T01:00:00Z,60.171429,1.1138,77.98,elevated,0,off,0,36.18
DE40,H1,2025-09-29T02:00:00Z,54.950000,1.0176,65.67,normal,0,off,0,38.89
DE40,H1,2025-09-29T03:00:00Z,53.221429,0.9870,60.52,normal,0,off,0,37.48
DE40,H1,2025-09-29T04:00:00Z,51.471429,0.9562,58.13,normal,0,off,0,39.74
DE40,H1,2025-09-29T05:00:00Z,50.271429,0.9353,54.96,normal,0,off,0,40.61
DE40,H1,2025-09-29T06:00:00Z,44.550000,0.8291,37.90,normal,0,off,0,52.47
DE40,H1,2025-09-29T07:00:00Z,40.228571,0.7498,26.79,calm,0,off,0,55.00
DE40,H1,2025-09-29T08:00:00Z,36.300000,0.6787,17.66,calm,0,off,0,55.46
DE40,H1,2025-09-29T09:00:00Z,36.121429,0.6771,16.87,calm,0,off,0,49.41
DE40,H1,2025-09-29T10:00:00Z,41.457143,0.7762,28.37,calm,0,off,0,52.14
DE40,H1,2025-09-29T11:00:00Z,43.385714,0.8100,34.33,normal,1,low,0,52.46
DE40,H1,2025-09-29T12:00:00Z,45.814286,0.8510,41.87,normal,1,low,0,58.60
DE40,H1,2025-09-29T13:00:00Z,48.064286,0.8860,48.21,normal,1,low,0,57.49
DE40,H1,2025-09-29T14:00:00Z,49.278571,0.9014,51.79,normal,1,low,0,57.74
DE40,H1,2025-09-29T15:00:00Z,52.885714,0.9607,58.93,normal,1,low,0,54.89
DE40,H1,2025-09-29T16:00:00Z,56.607143,1.0214,68.85,normal,1,low,0,48.58
DE40,H1,2025-09-29T17:00:00Z,56.214286,1.0112,67.66,normal,1,low,0,50.46
DE40,H1,2025-09-29T18:00:00Z,59.264286,1.0629,74.80,elevated,1,low,0,49.07
DE40,H1,2025-09-29T19:00:00Z,58.978571,1.0576,74.01,elevated,1,low,0,50.17
DE40,H1,2025-09-29T20:00:00Z,59.335714,1.0647,75.20,elevated,1,low,0,50.02
DE40,H1,2025-09-29T21:00:00Z,58.407143,1.0509,72.42,elevated,1,low,0,51.35
DE40,H1,2025-09-29T22:00:00Z,59.407143,1.0725,75.20,elevated,1,low,0,51.19
DE40,H1,2025-09-29T23:00:00Z,55.700000,1.0110,64.09,normal,1,low,0,54.50
DE40,H1,2025-09-30T01:00:00Z,47.857143,0.8765,45.83,normal,1,low,0,61.35
DE40,H1,2025-09-30T02:00:00Z,43.357143,0.8040,32.74,normal,1,low,0,64.44
DE40,H1,2025-09-30T03:00:00Z,41.807143,0.7871,27.58,calm,1,low,0,65.20
DE40,H1,2025-09-30T04:00:00Z,39.307143,0.7525,23.21,calm,1,medium,0,66.02
DE40,H1,2025-09-30T05:00:00Z,36.807143,0.7165,16.87,calm,1,medium,0,67.55
DE40,H1,2025-09-30T06:00:00Z,33.842857,0.6689,10.91,calm,1,medium,0,70.90
DE40,H1,2025-09-30T07:00:00Z,30.700000,0.6157,5.75,squeeze,1,medium,0,77.70
DE40,H1,2025-09-30T08:00:00Z,28.892857,0.5864,3.77,squeeze,1,medium,0,76.20
DE40,H1,2025-09-30T09:00:00Z,27.735714,0.5693,1.79,squeeze,1,medium,0,77.93
DE40,H1,2025-09-30T10:00:00Z,30.128571,0.6229,4.96,squeeze,1,medium,0,81.87
DE40,H1,2025-09-30T11:00:00Z,33.878571,0.7042,10.91,calm,1,medium,0,77.84
DE40,H1,2025-09-30T12:00:00Z,35.735714,0.7452,14.48,calm,1,high,0,76.72
DE40,H1,2025-09-30T13:00:00Z,35.842857,0.7492,14.88,calm,1,high,0,77.57
DE40,H1,2025-09-30T14:00:00Z,36.442857,0.7633,16.87,calm,1,high,0,70.82
DE40,H1,2025-09-30T15:00:00Z,38.057143,0.7995,20.83,calm,1,medium,0,69.17
DE40,H1,2025-09-30T16:00:00Z,39.950000,0.8415,25.20,calm,1,medium,0,63.98
DE40,H1,2025-09-30T17:00:00Z,42.200000,0.8890,29.96,calm,1,medium,0,60.80
DE40,H1,2025-09-30T18:00:00Z,44.735714,0.9414,38.29,normal,1,low,0,47.43
DE40,H1,2025-09-30T19:00:00Z,47.485714,0.9995,45.83,normal,0,off,1,34.04
DE40,H1,2025-09-30T20:00:00Z,47.592857,1.0040,46.23,normal,0,off,0,35.02
DE40,H1,2025-09-30T21:00:00Z,47.735714,1.0112,47.42,normal,0,off,0,35.63
DE40,H1,2025-09-30T22:00:00Z,48.878571,1.0406,50.60,normal,0,off,0,29.34
DE40,H1,2025-09-30T23:00:00Z,48.642857,1.0418,49.80,normal,0,off,0,28.94
DE40,H1,2025-10-01T01:00:00Z,47.128571,1.0170,45.44,normal,0,off,0,30.53
DE40,H1,2025-10-01T02:00:00Z,43.285714,0.9427,33.53,normal,0,off,0,34.40
DE40,H1,2025-10-01T03:00:00Z,43.428571,0.9542,35.12,normal,0,off,0,34.37
DE40,H1,2025-10-01T04:00:00Z,42.214286,0.9357,30.36,normal,0,off,0,33.86
DE40,H1,2025-10-01T05:00:00Z,40.892857,0.9142,27.18,calm,0,off,0,32.89
DE40,H1,2025-10-01T06:00:00Z,39.785714,0.8955,25.20,calm,0,off,0,31.20
DE40,H1,2025-10-01T07:00:00Z,38.964286,0.8827,24.01,calm,0,off,0,30.37
DE40,H1,2025-10-01T08:00:00Z,37.871429,0.8633,19.64,calm,0,off,0,38.77
DE40,H1,2025-10-01T09:00:00Z,39.728571,0.9100,24.80,calm,0,off,0,44.56
DE40,H1,2025-10-01T10:00:00Z,41.800000,0.9586,29.17,calm,0,off,0,43.82
DE40,H1,2025-10-01T11:00:00Z,46.942857,1.0733,45.83,normal,1,low,0,41.14
DE40,H1,2025-10-01T12:00:00Z,54.585714,1.2377,64.88,normal,1,low,0,45.10
DE40,H1,2025-10-01T13:00:00Z,54.371429,1.2227,63.69,normal,1,low,0,40.33
DE40,H1,2025-10-01T14:00:00Z,53.392857,1.1943,60.91,normal,0,off,1,36.55
DE40,H1,2025-10-01T15:00:00Z,55.692857,1.2389,66.87,normal,0,off,0,37.00
DE40,H1,2025-10-01T16:00:00Z,62.642857,1.3832,84.72,elevated,0,off,0,31.51
DE40,H1,2025-10-01T17:00:00Z,64.321429,1.4101,86.71,elevated,0,off,0,26.06
DE40,H1,2025-10-01T18:00:00Z,67.964286,1.4779,93.45,extreme,0,off,0,25.79
DE40,H1,2025-10-01T19:00:00Z,70.714286,1.5258,95.83,extreme,0,off,0,26.85
DE40,H1,2025-10-01T20:00:00Z,72.571429,1.5552,96.63,extreme,0,off,0,26.71
DE40,H1,2025-10-01T21:00:00Z,73.214286,1.5576,97.82,extreme,0,off,0,25.80
DE40,H1,2025-10-01T22:00:00Z,72.178571,1.5272,95.44,extreme,0,off,0,23.76
DE40,H1,2025-10-01T23:00:00Z,67.942857,1.4321,91.47,extreme,0,off,0,23.19
DE40,H1,2025-10-02T01:00:00Z,63.228571,1.3306,84.72,elevated,0,off,0,21.88
DE40,H1,2025-10-02T02:00:00Z,57.207143,1.2045,70.44,elevated,0,off,0,21.43
DE40,H1,2025-10-02T03:00:00Z,50.492857,1.0671,54.17,normal,0,off,0,22.06
DE40,H1,2025-10-02T04:00:00Z,49.671429,1.0524,52.58,normal,0,off,0,22.70
DE40,H1,2025-10-02T05:00:00Z,48.814286,1.0338,50.20,normal,0,off,0,21.92
DE40,H1,2025-10-02T06:00:00Z,45.635714,0.9656,40.28,normal,0,off,0,24.87
DE40,H1,2025-10-02T07:00:00Z,40.028571,0.8476,25.20,calm,0,off,0,30.04
DE40,H1,2025-10-02T08:00:00Z,37.350000,0.7915,17.26,calm,0,off,0,32.59
DE40,H1,2025-10-02T09:00:00Z,36.992857,0.7839,16.07,calm,0,off,0,32.75
DE40,H1,2025-10-02T10:00:00Z,38.028571,0.8044,18.45,calm,0,off,0,31.07
DE40,H1,2025-10-02T11:00:00Z,46.278571,0.9725,43.06,normal,0,off,0,34.06
DE40,H1,2025-10-02T12:00:00Z,49.314286,1.0275,51.79,normal,0,off,0,27.34
DE40,H1,2025-10-02T13:00:00Z,49.814286,1.0285,52.58,normal,0,off,0,27.39
DE40,H1,2025-10-02T14:00:00Z,51.264286,1.0492,55.75,normal,0,off,0,25.94
DE40,H1,2025-10-02T15:00:00Z,54.692857,1.1100,64.09,normal,0,off,0,21.71
DE40,H1,2025-10-02T16:00:00Z,57.500000,1.1567,72.42,elevated,0,off,0,23.73
DE40,H1,2025-10-02T17:00:00Z,60.057143,1.1965,77.98,elevated,0,off,0,29.87
DE40,H1,2025-10-02T18:00:00Z,62.764286,1.2374,84.33,elevated,0,off,0,30.77
DE40,H1,2025-10-02T19:00:00Z,63.585714,1.2411,85.52,elevated,0,off,0,28.72
DE40,H1,2025-10-02T20:00:00Z,64.300000,1.2433,86.31,elevated,0,off,0,27.04
DE40,H1,2025-10-02T21:00:00Z,63.085714,1.2100,84.33,elevated,0,off,0,23.89
DE40,H1,2025-10-02T22:00:00Z,62.800000,1.1962,84.33,elevated,0,off,0,24.98
DE40,H1,2025-10-02T23:00:00Z,58.828571,1.1158,74.01,elevated,0,off,0,26.88
DE40,H1,2025-10-03T01:00:00Z,55.607143,1.0515,65.67,normal,0,off,0,28.86
DE40,H1,2025-10-03T02:00:00Z,44.978571,0.8514,37.10,normal,0,off,0,41.58
DE40,H1,2025-10-03T03:00:00Z,42.885714,0.8136,31.15,normal,0,off,0,44.43
DE40,H1,2025-10-03T04:00:00Z,41.814286,0.7954,27.98,calm,0,off,0,47.29
DE40,H1,2025-10-03T05:00:00Z,40.171429,0.7661,24.80,calm,0,off,0,46.76
DE40,H1,2025-10-03T06:00:00Z,37.992857,0.7261,17.26,calm,0,off,0,45.91
DE40,H1,2025-10-03T07:00:00Z,35.957143,0.6891,11.71,calm,1,medium,0,56.23
DE40,H1,2025-10-03T08:00:00Z,33.114286,0.6369,6.94,squeeze,1,low,0,74.06
DE40,H1,2025-10-03T09:00:00Z,30.800000,0.5947,4.56,squeeze,1,low,0,74.02
DE40,H1,2025-10-03T10:00:00Z,34.085714,0.6595,9.72,squeeze,1,low,0,71.77
DE40,H1,2025-10-03T11:00:00Z,35.407143,0.6861,11.71,calm,1,low,0,73.17
DE40,H1,2025-10-03T12:00:00Z,35.335714,0.6853,11.31,calm,1,low,0,72.35
DE40,H1,2025-10-03T13:00:00Z,35.442857,0.6886,12.50,calm,1,low,0,71.12
DE40,H1,2025-10-03T14:00:00Z,39.664286,0.7712,25.20,calm,1,low,0,62.70
DE40,H1,2025-10-03T15:00:00Z,40.350000,0.7866,29.17,calm,0,off,1,55.43
DE40,H1,2025-10-03T16:00:00Z,42.514286,0.8327,34.72,normal,0,off,0,51.54
DE40,H1,2025-10-03T17:00:00Z,42.678571,0.8397,35.52,normal,0,off,0,50.17
DE40,H1,2025-10-03T18:00:00Z,43.885714,0.8667,39.88,normal,0,off,0,51.01
DE40,H1,2025-10-03T19:00:00Z,43.528571,0.8638,39.09,normal,0,off,0,49.90
DE40,H1,2025-10-03T20:00:00Z,45.350000,0.9062,45.04,normal,0,off,0,48.49
DE40,H1,2025-10-03T21:00:00Z,46.135714,0.9286,47.82,normal,0,off,0,47.18
DE40,H1,2025-10-03T22:00:00Z,45.171429,0.9177,44.25,normal,0,off,0,48.99
DE40,H1,2025-10-06T01:00:00Z,44.671429,0.9172,43.06,normal,0,off,0,48.18
DE40,H1,2025-10-06T02:00:00Z,40.957143,0.8520,29.96,calm,0,off,0,51.13
DE40,H1,2025-10-06T03:00:00Z,40.850000,0.8614,29.56,calm,0,off,0,51.63
DE40,H1,2025-10-06T04:00:00Z,41.457143,0.8857,31.35,normal,0,off,0,51.55
DE40,H1,2025-10-06T05:00:00Z,40.314286,0.8715,29.17,calm,0,off,0,54.17
DE40,H1,2025-10-06T06:00:00Z,37.635714,0.8227,19.25,calm,1,low,0,57.04
DE40,H1,2025-10-06T07:00:00Z,38.921429,0.8577,24.40,calm,1,low,0,55.59
DE40,H1,2025-10-06T08:00:00Z,37.992857,0.8419,20.63,calm,1,medium,0,64.00
DE40,H1,2025-10-06T09:00:00Z,38.135714,0.8494,22.42,calm,1,medium,0,66.73
DE40,H1,2025-10-06T10:00:00Z,45.035714,1.0047,46.23,normal,1,medium,0,54.56
DE40,H1,2025-10-06T11:00:00Z,49.928571,1.1118,61.31,normal,1,high,0,54.68
DE40,H1,2025-10-06T12:00:00Z,50.285714,1.1146,62.10,normal,1,medium,0,52.77
DE40,H1,2025-10-06T13:00:00Z,49.571429,1.0929,59.72,normal,1,high,0,52.41
DE40,H1,2025-10-06T14:00:00Z,52.750000,1.1549,66.07,normal,1,medium,0,51.19
DE40,H1,2025-10-06T15:00:00Z,54.142857,1.1771,69.25,normal,1,medium,0,50.92
DE40,H1,2025-10-06T16:00:00Z,58.428571,1.2636,81.55,elevated,1,medium,0,50.62
DE40,H1,2025-10-06T17:00:00Z,60.428571,1.3006,86.31,elevated,1,medium,0,52.25
DE40,H1,2025-10-06T18:00:00Z,62.857143,1.3453,90.28,extreme,1,medium,0,51.88
DE40,H1,2025-10-06T19:00:00Z,63.107143,1.3439,90.67,extreme,1,medium,0,50.69
DE40,H1,2025-10-06T20:00:00Z,63.321429,1.3435,91.07,extreme,1,medium,0,51.59
DE40,H1,2025-10-06T21:00:00Z,61.178571,1.2960,85.91,elevated,1,medium,0,50.88
DE40,H1,2025-10-06T22:00:00Z,61.035714,1.2924,85.12,elevated,1,medium,0,50.14
DE40,H1,2025-10-06T23:00:00Z,58.700000,1.2451,79.56,elevated,1,medium,0,47.46
DE40,H1,2025-10-07T01:00:00Z,51.364286,1.0952,62.50,normal,1,medium,0,48.13
DE40,H1,2025-10-07T02:00:00Z,46.385714,0.9967,50.20,normal,1,medium,0,53.13
DE40,H1,2025-10-07T03:00:00Z,45.228571,0.9793,45.83,normal,1,medium,0,54.23
DE40,H1,2025-10-07T04:00:00Z,44.978571,0.9815,44.05,normal,1,medium,0,53.36
DE40,H1,2025-10-07T05:00:00Z,41.192857,0.9058,31.15,normal,1,medium,0,56.93
DE40,H1,2025-10-07T06:00:00Z,38.085714,0.8440,21.63,calm,1,medium,0,57.45
DE40,H1,2025-10-07T07:00:00Z,32.978571,0.7347,7.34,squeeze,1,medium,0,65.91
DE40,H1,2025-10-07T08:00:00Z,30.192857,0.6765,3.77,squeeze,1,medium,0,75.02
DE40,H1,2025-10-07T09:00:00Z,29.692857,0.6689,3.37,squeeze,1,high,0,75.10
DE40,H1,2025-10-07T10:00:00Z,33.821429,0.7641,9.72,squeeze,1,medium,0,70.87
DE40,H1,2025-10-07T11:00:00Z,34.928571,0.7902,12.10,calm,1,medium,0,64.37
DE40,H1,2025-10-07T12:00:00Z,36.071429,0.8161,15.67,calm,1,medium,0,63.20
DE40,H1,2025-10-07T13:00:00Z,36.535714,0.8253,17.26,calm,1,medium,0,66.59
DE40,H1,2025-10-07T14:00:00Z,37.764286,0.8504,20.44,calm,1,medium,0,63.58
DE40,H1,2025-10-07T15:00:00Z,37.528571,0.8437,19.64,calm,1,medium,0,61.83
DE40,H1,2025-10-07T16:00:00Z,39.114286,0.8779,26.79,calm,1,medium,0,60.89
DE40,H1,2025-10-07T17:00:00Z,38.128571,0.8547,24.01,calm,1,medium,0,56.28
DE40,H1,2025-10-07T18:00:00Z,40.500000,0.9058,32.34,normal,1,medium,0,56.27
DE40,H1,2025-10-07T19:00:00Z,44.071429,0.9838,43.45,normal,1,medium,0,52.53
DE40,H1,2025-10-07T20:00:00Z,45.714286,1.0180,50.60,normal,1,medium,0,50.63
DE40,H1,2025-10-07T21:00:00Z,46.500000,1.0337,53.77,normal,1,medium,0,49.88
DE40,H1,2025-10-07T22:00:00Z,45.821429,1.0172,51.39,normal,1,medium,0,50.53
DE40,H1,2025-10-07T23:00:00Z,42.735714,0.9492,39.48,normal,1,low,0,53.94
DE40,H1,2025-10-08T01:00:00Z,38.171429,0.8498,24.80,calm,1,medium,0,61.66
DE40,H1,2025-10-08T02:00:00Z,36.707143,0.8204,17.66,calm,1,medium,0,65.12
DE40,H1,2025-10-08T03:00:00Z,36.850000,0.8270,18.85,calm,1,medium,0,66.60
DE40,H1,2025-10-08T04:00:00Z,35.457143,0.7992,13.69,calm,1,medium,0,68.89
DE40,H1,2025-10-08T05:00:00Z,33.742857,0.7643,8.93,squeeze,1,medium,0,69.60
DE40,H1,2025-10-08T06:00:00Z,32.564286,0.7405,6.94,squeeze,1,medium,0,70.78
DE40,H1,2025-10-08T07:00:00Z,31.957143,0.7296,5.75,squeeze,1,medium,0,69.57
DE40,H1,2025-10-08T08:00:00Z,31.742857,0.7279,5.36,squeeze,1,medium,0,78.25
DE40,H1,2025-10-08T09:00:00Z,31.257143,0.7198,4.96,squeeze,1,medium,0,78.88
DE40,H1,2025-10-08T10:00:00Z,34.828571,0.8031,11.71,calm,1,medium,0,75.52
DE40,H1,2025-10-08T11:00:00Z,37.100000,0.8562,19.64,calm,1,medium,0,70.64
DE40,H1,2025-10-08T12:00:00Z,38.528571,0.8889,26.39,calm,1,low,0,59.56
DE40,H1,2025-10-08T13:00:00Z,43.778571,1.0074,43.85,normal,0,off,1,37.60
DE40,H1,2025-10-08T14:00:00Z,45.935714,1.0566,52.58,normal,0,off,0,34.67
DE40,H1,2025-10-08T15:00:00Z,48.371429,1.1135,59.72,normal,0,off,0,28.48
DE40,H1,2025-10-08T16:00:00Z,50.121429,1.1538,64.09,normal,0,off,0,26.41
DE40,H1,2025-10-08T17:00:00Z,52.157143,1.1993,67.26,normal,0,off,0,18.85
DE40,H1,2025-10-08T18:00:00Z,53.557143,1.2310,70.04,elevated,0,off,0,18.88
DE40,H1,2025-10-08T19:00:00Z,54.450000,1.2513,72.02,elevated,0,off,0,18.54
DE40,H1,2025-10-08T20:00:00Z,54.092857,1.2456,70.44,elevated,0,off,0,17.22
DE40,H1,2025-10-08T21:00:00Z,53.628571,1.2388,70.44,elevated,0,off,0,18.24
DE40,H1,2025-10-08T22:00:00Z,54.557143,1.2651,73.21,elevated,0,off,0,18.32
DE40,H1,2025-10-08T23:00:00Z,51.735714,1.2060,67.26,normal,0,off,0,17.84
DE40,H1,2025-10-09T01:00:00Z,45.014286,1.0584,48.21,normal,0,off,0,19.88
DE40,H1,2025-10-09T02:00:00Z,41.957143,0.9955,37.90,normal,0,off,0,22.07
DE40,H1,2025-10-09T03:00:00Z,40.385714,0.9677,33.13,normal,0,off,0,24.83
DE40,H1,2025-10-09T04:00:00Z,38.064286,0.9212,24.40,calm,0,off,0,31.97
DE40,H1,2025-10-09T05:00:00Z,36.635714,0.8930,17.26,calm,0,off,0,34.71
DE40,H1,2025-10-09T06:00:00Z,34.242857,0.8396,11.31,calm,0,off,0,35.71
DE40,H1,2025-10-09T07:00:00Z,32.242857,0.7957,6.15,squeeze,0,off,0,46.54
DE40,H1,2025-10-09T08:00:00Z,30.814286,0.7658,3.77,squeeze,1,low,0,54.69
DE40,H1,2025-10-09T09:00:00Z,31.450000,0.7854,4.96,squeeze,1,low,0,53.69
DE40,H1,2025-10-09T10:00:00Z,36.071429,0.9017,16.07,calm,1,medium,0,57.48
DE40,H1,2025-10-09T11:00:00Z,37.821429,0.9431,22.42,calm,1,medium,0,56.16
DE40,H1,2025-10-09T12:00:00Z,40.750000,1.0108,33.93,normal,1,medium,0,55.46
DE40,H1,2025-10-09T13:00:00Z,40.557143,1.0007,33.53,normal,1,medium,0,59.33
DE40,H1,2025-10-09T14:00:00Z,46.171429,1.1323,54.56,normal,1,low,0,38.20
DE40,H1,2025-10-09T15:00:00Z,48.321429,1.1773,60.12,normal,0,off,1,37.97
DE40,H1,2025-10-09T16:00:00Z,54.250000,1.3101,72.82,elevated,1,low,0,43.17
DE40,H1,2025-10-09T17:00:00Z,56.107143,1.3423,77.98,elevated,1,low,0,42.70
DE40,H1,2025-10-09T18:00:00Z,56.907143,1.3490,78.77,elevated,1,low,0,43.85
DE40,H1,2025-10-09T19:00:00Z,60.335714,1.4150,85.12,elevated,1,low,0,46.27
DE40,H1,2025-10-09T20:00:00Z,62.407143,1.4478,87.50,elevated,1,low,0,48.27
DE40,H1,2025-10-09T21:00:00Z,62.800000,1.4404,89.09,elevated,1,low,0,47.69
DE40,H1,2025-10-09T22:00:00Z,61.800000,1.4038,86.31,elevated,1,low,0,48.58
DE40,H1,2025-10-09T23:00:00Z,59.985714,1.3528,82.74,elevated,1,low,0,47.34
DE40,H1,2025-10-10T01:00:00Z,54.757143,1.2298,73.61,elevated,1,low,0,48.04
DE40,H1,2025-10-10T02:00:00Z,53.307143,1.1936,68.85,normal,1,low,0,49.27
DE40,H1,2025-10-10T03:00:00Z,50.864286,1.1364,64.48,normal,1,medium,0,49.78
DE40,H1,2025-10-10T04:00:00Z,50.021429,1.1139,62.50,normal,1,medium,0,49.44
DE40,H1,2025-10-10T05:00:00Z,44.271429,0.9832,44.64,normal,1,medium,0,54.71
DE40,H1,2025-10-10T06:00:00Z,42.092857,0.9326,37.50,normal,1,low,0,54.74
DE40,H1,2025-10-10T07:00:00Z,36.985714,0.8194,18.06,calm,1,low,0,59.91
DE40,H1,2025-10-10T08:00:00Z,35.878571,0.7947,13.29,calm,1,low,0,61.83
DE40,H1,2025-10-10T09:00:00Z,33.507143,0.7422,6.94,squeeze,1,low,0,63.29
DE40,H1,2025-10-10T10:00:00Z,31.992857,0.7089,4.96,squeeze,1,low,0,66.43
DE40,H1,2025-10-10T11:00:00Z,33.635714,0.7447,7.34,squeeze,1,medium,0,66.63
DE40,H1,2025-10-10T12:00:00Z,38.778571,0.8559,25.60,calm,1,medium,0,62.81
DE40,H1,2025-10-10T13:00:00Z,41.457143,0.9110,35.12,normal,1,medium,0,63.50
DE40,H1,2025-10-10T14:00:00Z,43.164286,0.9450,41.47,normal,1,medium,0,62.55
DE40,H1,2025-10-10T15:00:00Z,46.164286,1.0067,52.98,normal,1,medium,0,59.34
DE40,H1,2025-10-10T16:00:00Z,48.364286,1.0502,59.33,normal,1,medium,0,56.60
DE40,H1,2025-10-10T17:00:00Z,58.735714,1.2671,81.15,elevated,1,low,0,31.22
DE40,H1,2025-10-10T18:00:00Z,79.064286,1.6816,98.61,extreme,0,off,1,10.82
DE40,H1,2025-10-10T19:00:00Z,83.564286,1.7511,99.80,extreme,0,off,0,11.76
DE40,H1,2025-10-10T20:00:00Z,86.350000,1.7824,99.80,extreme,0,off,0,11.91
DE40,H1,2025-10-10T21:00:00Z,89.814286,1.8256,99.80,extreme,0,off,0,12.45
DE40,H1,2025-10-10T22:00:00Z,91.600000,1.8335,99.80,extreme,0,off,0,12.23
DE40,H1,2025-10-13T01:00:00Z,98.378571,1.9352,99.80,extreme,0,off,0,11.13
DE40,H1,2025-10-13T02:00:00Z,98.900000,1.9117,99.80,extreme,0,off,0,13.96
DE40,H1,2025-10-13T03:00:00Z,100.364286,1.9056,99.80,extreme,0,off,0,18.30
DE40,H1,2025-10-13T04:00:00Z,96.078571,1.7959,98.61,extreme,0,off,0,21.73
DE40,H1,2025-10-13T05:00:00Z,93.614286,1.7229,98.21,extreme,0,off,0,21.60
DE40,H1,2025-10-13T06:00:00Z,94.542857,1.7088,98.21,extreme,0,off,0,23.18
DE40,H1,2025-10-13T07:00:00Z,92.435714,1.6408,97.42,extreme,0,off,0,22.75
DE40,H1,2025-10-13T08:00:00Z,93.114286,1.6225,97.42,extreme,0,off,0,25.63
DE40,H1,2025-10-13T09:00:00Z,84.542857,1.4496,95.44,extreme,0,off,0,29.34
DE40,H1,2025-10-13T10:00:00Z,69.678571,1.1814,92.66,extreme,0,off,0,30.98
DE40,H1,2025-10-13T11:00:00Z,67.714286,1.1352,91.47,extreme,0,off,0,30.23
DE40,H1,2025-10-13T12:00:00Z,67.214286,1.1137,91.07,extreme,0,off,0,30.85
DE40,H1,2025-10-13T13:00:00Z,64.607143,1.0587,90.67,extreme,0,off,0,32.53
DE40,H1,2025-10-13T14:00:00Z,66.428571,1.0762,90.67,extreme,1,low,0,35.37
DE40,H1,2025-10-13T15:00:00Z,60.864286,0.9782,81.55,elevated,1,low,0,52.95
DE40,H1,2025-10-13T16:00:00Z,62.464286,0.9960,83.53,elevated,1,low,0,50.51
DE40,H1,2025-10-13T17:00:00Z,60.714286,0.9620,80.36,elevated,1,low,0,53.14
DE40,H1,2025-10-13T18:00:00Z,62.021429,0.9761,82.34,elevated,1,low,0,53.97
DE40,H1,2025-10-13T19:00:00Z,61.878571,0.9690,81.94,elevated,1,low,0,55.81
DE40,H1,2025-10-13T20:00:00Z,59.985714,0.9360,77.98,elevated,1,medium,0,60.40
DE40,H1,2025-10-13T21:00:00Z,59.842857,0.9321,77.98,elevated,1,medium,0,59.02
DE40,H1,2025-10-13T22:00:00Z,58.164286,0.9054,74.40,elevated,1,medium,0,60.43
DE40,H1,2025-10-13T23:00:00Z,55.971429,0.8715,72.02,elevated,1,medium,0,60.31
DE40,H1,2025-10-14T01:00:00Z,50.785714,0.7931,61.71,normal,1,medium,0,69.33
DE40,H1,2025-10-14T02:00:00Z,48.628571,0.7627,56.15,normal,1,medium,0,71.85
DE40,H1,2025-10-14T03:00:00Z,49.964286,0.7868,60.12,normal,1,low,0,66.37
DE40,H1,2025-10-14T04:00:00Z,48.892857,0.7731,57.74,normal,1,low,0,66.00
DE40,H1,2025-10-14T05:00:00Z,45.464286,0.7222,47.82,normal,1,low,0,68.52
DE40,H1,2025-10-14T06:00:00Z,42.964286,0.6851,39.88,normal,1,low,0,70.45
DE40,H1,2025-10-14T07:00:00Z,45.892857,0.7335,49.80,normal,1,low,0,69.37
DE40,H1,2025-10-14T08:00:00Z,50.000000,0.7993,61.31,normal,0,off,1,57.68
DE40,H1,2025-10-14T09:00:00Z,49.657143,0.7940,59.33,normal,0,off,0,57.54
DE40,H1,2025-10-14T10:00:00Z,58.657143,0.9336,76.39,elevated,0,off,0,29.31
DE40,H1,2025-10-14T11:00:00Z,62.871429,0.9941,87.10,elevated,0,off,0,26.94
DE40,H1,2025-10-14T12:00:00Z,66.514286,1.0419,90.67,extreme,0,off,0,25.08
DE40,H1,2025-10-14T13:00:00Z,76.085714,1.1770,94.25,extreme,0,off,0,22.20
DE40,H1,2025-10-14T14:00:00Z,82.171429,1.2523,94.64,extreme,0,off,0,22.07
DE40,H1,2025-10-14T15:00:00Z,86.142857,1.2915,95.44,extreme,0,off,0,19.88
DE40,H1,2025-10-14T16:00:00Z,92.050000,1.3563,96.63,extreme,0,off,0,19.54
DE40,H1,2025-10-14T17:00:00Z,92.607143,1.3432,97.02,extreme,0,off,0,20.70
DE40,H1,2025-10-14T18:00:00Z,96.850000,1.3826,98.61,extreme,0,off,0,23.15
DE40,H1,2025-10-14T19:00:00Z,98.564286,1.3851,99.01,extreme,0,off,0,24.77
DE40,H1,2025-10-14T20:00:00Z,100.135714,1.3862,99.40,extreme,0,off,0,26.97
DE40,H1,2025-10-14T21:00:00Z,93.064286,1.2725,95.83,extreme,0,off,0,28.05
DE40,H1,2025-10-14T22:00:00Z,91.778571,1.2437,94.25,extreme,0,off,0,30.83
DE40,H1,2025-10-14T23:00:00Z,91.800000,1.2397,94.25,extreme,0,off,0,32.28
DE40,H1,2025-10-15T01:00:00Z,83.364286,1.1259,91.07,extreme,0,off,0,34.41
DE40,H1,2025-10-15T02:00:00Z,78.642857,1.0643,89.88,elevated,0,off,0,40.20
DE40,H1,2025-10-15T03:00:00Z,75.671429,1.0280,89.09,elevated,0,off,0,44.76
DE40,H1,2025-10-15T04:00:00Z,66.100000,0.9043,84.33,elevated,0,off,0,56.97
DE40,H1,2025-10-15T05:00:00Z,60.385714,0.8348,74.40,elevated,0,off,0,58.19
DE40,H1,2025-10-15T06:00:00Z,55.992857,0.7833,68.06,normal,0,off,0,58.35
DE40,H1,2025-10-15T07:00:00Z,50.671429,0.7189,58.53,normal,0,off,0,54.62
DE40,H1,2025-10-15T08:00:00Z,46.957143,0.6756,48.61,normal,0,off,0,48.24
DE40,H1,2025-10-15T09:00:00Z,46.250000,0.6746,46.63,normal,0,off,0,46.51
DE40,H1,2025-10-15T10:00:00Z,47.800000,0.7069,50.20,normal,0,off,0,46.04
DE40,H1,2025-10-15T11:00:00Z,53.121429,0.7948,61.31,normal,1,low,0,44.33
DE40,H1,2025-10-15T12:00:00Z,57.157143,0.8645,68.85,normal,1,medium,0,47.15
DE40,H1,2025-10-15T13:00:00Z,54.264286,0.8283,63.69,normal,1,medium,0,59.47
DE40,H1,2025-10-15T14:00:00Z,54.921429,0.8422,66.07,normal,1,medium,0,60.22
DE40,H1,2025-10-15T15:00:00Z,57.464286,0.8839,69.25,normal,1,medium,0,57.96
DE40,H1,2025-10-15T16:00:00Z,61.435714,0.9467,76.39,elevated,1,medium,0,58.75
DE40,H1,2025-10-15T17:00:00Z,64.907143,1.0001,83.93,elevated,1,medium,0,59.24
DE40,H1,2025-10-15T18:00:00Z,69.550000,1.0706,86.71,elevated,1,medium,0,49.83
DE40,H1,2025-10-15T19:00:00Z,71.514286,1.0973,87.50,elevated,1,low,0,45.87
DE40,H1,2025-10-15T20:00:00Z,80.871429,1.2339,90.28,extreme,1,low,0,30.25
DE40,H1,2025-10-15T21:00:00Z,82.121429,1.2448,90.28,extreme,1,low,0,30.39
DE40,H1,2025-10-15T22:00:00Z,82.692857,1.2457,90.67,extreme,0,off,1,31.08
DE40,H1,2025-10-15T23:00:00Z,80.671429,1.2084,89.09,elevated,0,off,0,31.53
DE40,H1,2025-10-16T01:00:00Z,76.878571,1.1458,87.90,elevated,0,off,0,31.61
DE40,H1,2025-10-16T02:00:00Z,70.335714,1.0450,84.72,elevated,0,off,0,36.29
DE40,H1,2025-10-16T03:00:00Z,66.728571,0.9889,81.94,elevated,0,off,0,40.59
DE40,H1,2025-10-16T04:00:00Z,64.300000,0.9505,79.17,elevated,1,low,0,42.69
DE40,H1,2025-10-16T05:00:00Z,62.014286,0.9137,72.82,elevated,1,low,0,45.63
DE40,H1,2025-10-16T06:00:00Z,58.728571,0.8627,66.07,normal,1,low,0,51.57
DE40,H1,2025-10-16T07:00:00Z,54.192857,0.7951,56.55,normal,1,medium,0,54.57
DE40,H1,2025-10-16T08:00:00Z,50.550000,0.7413,50.20,normal,1,low,0,60.09
DE40,H1,2025-10-16T09:00:00Z,46.407143,0.6804,41.07,normal,1,medium,0,63.84
DE40,H1,2025-10-16T10:00:00Z,54.978571,0.8032,60.12,normal,1,medium,0,65.56
DE40,H1,2025-10-16T11:00:00Z,49.014286,0.7154,44.64,normal,1,high,0,71.31
DE40,H1,2025-10-16T12:00:00Z,50.514286,0.7372,49.40,normal,1,high,0,67.98
DE40,H1,2025-10-16T13:00:00Z,50.871429,0.7421,51.39,normal,1,high,0,67.27
DE40,H1,2025-10-16T14:00:00Z,50.714286,0.7416,50.60,normal,1,high,0,73.29
DE40,H1,2025-10-16T15:00:00Z,53.314286,0.7818,54.96,normal,1,high,0,69.71
DE40,H1,2025-10-16T16:00:00Z,56.321429,0.8283,62.10,normal,1,high,0,69.08
DE40,H1,2025-10-16T17:00:00Z,63.164286,0.9325,77.18,elevated,1,medium,0,66.43
DE40,H1,2025-10-16T18:00:00Z,65.185714,0.9672,80.36,elevated,1,medium,0,57.17
DE40,H1,2025-10-16T19:00:00Z,74.292857,1.1062,86.71,elevated,1,medium,0,52.55
DE40,H1,2025-10-16T20:00:00Z,77.542857,1.1596,87.90,elevated,1,medium,0,54.03
DE40,H1,2025-10-16T21:00:00Z,85.614286,1.2830,91.87,extreme,1,high,0,56.85
DE40,H1,2025-10-16T22:00:00Z,90.471429,1.3584,93.06,extreme,1,medium,0,53.90
DE40,H1,2025-10-16T23:00:00Z,91.650000,1.3790,93.45,extreme,1,medium,0,54.65
DE40,H1,2025-10-17T01:00:00Z,83.328571,1.2602,89.48,elevated,1,medium,0,55.39
DE40,H1,2025-10-17T02:00:00Z,80.628571,1.2239,87.10,elevated,1,low,0,53.97
DE40,H1,2025-10-17T03:00:00Z,79.600000,1.2128,86.71,elevated,1,low,0,52.84
DE40,H1,2025-10-17T04:00:00Z,82.492857,1.2604,88.69,elevated,1,low,0,48.24
DE40,H1,2025-10-17T05:00:00Z,81.421429,1.2448,87.50,elevated,0,off,1,47.31
DE40,H1,2025-10-17T06:00:00Z,79.600000,1.2166,85.71,elevated,0,off,0,44.87
DE40,H1,2025-10-17T07:00:00Z,75.635714,1.1560,82.74,elevated,0,off,0,39.05
DE40,H1,2025-10-17T08:00:00Z,71.614286,1.0927,81.94,elevated,0,off,0,31.94
DE40,H1,2025-10-17T09:00:00Z,74.164286,1.1269,81.94,elevated,0,off,0,29.19
DE40,H1,2025-10-17T10:00:00Z,77.607143,1.1715,84.33,elevated,0,off,0,20.04
DE40,H1,2025-10-17T11:00:00Z,78.107143,1.1694,84.33,elevated,0,off,0,20.19
DE40,H1,2025-10-17T12:00:00Z,73.821429,1.0964,80.75,elevated,0,off,0,20.38
DE40,H1,2025-10-17T13:00:00Z,71.464286,1.0535,79.56,elevated,0,off,0,21.52
DE40,H1,2025-10-17T14:00:00Z,75.607143,1.1055,81.55,elevated,0,off,0,19.63
DE40,H1,2025-10-17T15:00:00Z,75.964286,1.1034,82.34,elevated,0,off,0,20.69
DE40,H1,2025-10-17T16:00:00Z,82.914286,1.1954,89.09,elevated,0,off,0,22.57
DE40,H1,2025-10-17T17:00:00Z,87.800000,1.2537,91.87,extreme,0,off,0,30.32
DE40,H1,2025-10-17T18:00:00Z,88.907143,1.2573,91.87,extreme,0,off,0,35.51
DE40,H1,2025-10-17T19:00:00Z,89.264286,1.2511,91.87,extreme,0,off,0,35.64
DE40,H1,2025-10-17T20:00:00Z,89.585714,1.2458,91.87,extreme,0,off,0,36.04
DE40,H1,2025-10-17T21:00:00Z,92.478571,1.2762,95.04,extreme,0,off,0,39.53
DE40,H1,2025-10-17T22:00:00Z,89.121429,1.2233,90.67,extreme,0,off,0,38.73
DE40,H1,2025-10-20T01:00:00Z,84.664286,1.1579,88.29,elevated,0,off,0,39.59
DE40,H1,2025-10-20T02:00:00Z,72.378571,0.9922,76.39,elevated,0,off,0,49.57
DE40,H1,2025-10-20T03:00:00Z,70.914286,0.9751,74.80,elevated,0,off,0,46.54
DE40,H1,2025-10-20T04:00:00Z,68.485714,0.9454,73.21,elevated,0,off,0,48.53
DE40,H1,2025-10-20T05:00:00Z,65.557143,0.9088,70.44,elevated,0,off,0,51.69
DE40,H1,2025-10-20T06:00:00Z,58.878571,0.8203,59.33,normal,0,off,0,54.13
DE40,H1,2025-10-20T07:00:00Z,55.200000,0.7723,53.77,normal,0,off,0,54.77
DE40,H1,2025-10-20T08:00:00Z,48.128571,0.6769,37.50,normal,0,off,0,59.10
DE40,H1,2025-10-20T09:00:00Z,44.142857,0.6244,28.37,calm,0,off,0,58.55
DE40,H1,2025-10-20T10:00:00Z,45.821429,0.6511,32.74,normal,0,off,0,53.07
DE40,H1,2025-10-20T11:00:00Z,48.714286,0.6942,39.09,normal,1,low,0,55.83
DE40,H1,2025-10-20T12:00:00Z,52.142857,0.7435,46.63,normal,0,off,1,61.24
DE40,H1,2025-10-20T13:00:00Z,51.821429,0.7386,46.23,normal,0,off,0,59.00
DE40,H1,2025-10-20T14:00:00Z,54.035714,0.7685,49.40,normal,0,off,0,54.04
DE40,H1,2025-10-20T15:00:00Z,55.564286,0.7901,53.77,normal,0,off,0,50.78
DE40,H1,2025-10-20T16:00:00Z,58.942857,0.8358,59.33,normal,0,off,0,41.28
DE40,H1,2025-10-20T17:00:00Z,57.978571,0.8204,56.15,normal,0,off,0,43.50
DE40,H1,2025-10-20T18:00:00Z,58.585714,0.8272,56.94,normal,0,off,0,41.17
DE40,H1,2025-10-20T19:00:00Z,58.228571,0.8204,56.15,normal,0,off,0,42.36
DE40,H1,2025-10-20T20:00:00Z,59.478571,0.8365,59.33,normal,0,off,0,38.65
DE40,H1,2025-10-20T21:00:00Z,59.764286,0.8397,59.33,normal,0,off,0,38.28
DE40,H1,2025-10-20T22:00:00Z,59.692857,0.8396,58.93,normal,0,off,0,35.40
DE40,H1,2025-10-20T23:00:00Z,56.942857,0.8027,52.98,normal,0,off,0,37.96
DE40,H1,2025-10-21T01:00:00Z,49.507143,0.7028,35.12,normal,0,off,0,42.58
DE40,H1,2025-10-21T02:00:00Z,45.185714,0.6474,25.60,calm,0,off,0,44.56
DE40,H1,2025-10-21T03:00:00Z,40.700000,0.5908,18.45,calm,0,off,0,48.04
DE40,H1,2025-10-21T04:00:00Z,37.878571,0.5583,12.90,calm,0,off,0,45.85
DE40,H1,2025-10-21T05:00:00Z,35.700000,0.5350,7.74,squeeze,0,off,0,45.34
DE40,H1,2025-10-21T06:00:00Z,33.914286,0.5159,6.15,squeeze,0,off,0,44.33
DE40,H1,2025-10-21T07:00:00Z,30.200000,0.4666,0.99,squeeze,0,off,0,43.88
DE40,H1,2025-10-21T08:00:00Z,29.985714,0.4705,0.60,squeeze,0,off,0,43.92
DE40,H1,2025-10-21T09:00:00Z,29.235714,0.4665,0.20,squeeze,0,off,0,43.73
DE40,H1,2025-10-21T10:00:00Z,31.164286,0.5054,2.58,squeeze,0,off,0,44.07
DE40,H1,2025-10-21T11:00:00Z,33.342857,0.5490,6.15,squeeze,0,off,0,47.35
DE40,H1,2025-10-21T12:00:00Z,33.914286,0.5661,8.33,squeeze,0,off,0,58.85
DE40,H1,2025-10-21T13:00:00Z,36.878571,0.6228,13.69,calm,0,off,0,66.89
DE40,H1,2025-10-21T14:00:00Z,39.757143,0.6794,19.25,calm,0,off,0,65.47
DE40,H1,2025-10-21T15:00:00Z,42.692857,0.7383,23.21,calm,1,low,0,61.30
DE40,H1,2025-10-21T16:00:00Z,47.764286,0.8348,33.13,normal,1,low,0,61.03
DE40,H1,2025-10-21T17:00:00Z,52.750000,0.9288,44.25,normal,1,low,0,58.41
DE40,H1,2025-10-21T18:00:00Z,56.050000,0.9923,52.18,normal,1,low,0,55.39
DE40,H1,2025-10-21T19:00:00Z,57.585714,1.0260,54.96,normal,1,low,0,54.32
DE40,H1,2025-10-21T20:00:00Z,58.692857,1.0522,57.34,normal,1,low,0,52.87
DE40,H1,2025-10-21T21:00:00Z,57.871429,1.0469,55.36,normal,1,low,0,53.02
DE40,H1,2025-10-21T22:00:00Z,55.835714,1.0219,51.39,normal,1,low,0,54.08
DE40,H1,2025-10-21T23:00:00Z,55.471429,1.0278,50.99,normal,1,low,0,53.07
DE40,H1,2025-10-22T01:00:00Z,52.985714,0.9951,44.64,normal,1,low,0,54.15
DE40,H1,2025-10-22T02:00:00Z,49.021429,0.9349,37.10,normal,1,low,0,58.08
DE40,H1,2025-10-22T03:00:00Z,50.557143,0.9799,40.28,normal,1,medium,0,56.55
DE40,H1,2025-10-22T04:00:00Z,48.521429,0.9554,34.72,normal,1,medium,0,58.01
DE40,H1,2025-10-22T05:00:00Z,44.914286,0.8985,26.39,calm,1,medium,0,61.52
DE40,H1,2025-10-22T06:00:00Z,43.914286,0.8886,24.80,calm,1,medium,0,63.37
DE40,H1,2025-10-22T07:00:00Z,39.214286,0.8038,18.85,calm,1,low,0,68.65
DE40,H1,2025-10-22T08:00:00Z,35.000000,0.7274,9.72,squeeze,1,medium,0,72.00
DE40,H1,2025-10-22T09:00:00Z,36.378571,0.7653,11.71,calm,1,medium,0,70.95
DE40,H1,2025-10-22T10:00:00Z,40.164286,0.8517,19.25,calm,1,high,0,70.45
DE40,H1,2025-10-22T11:00:00Z,42.592857,0.9080,22.42,calm,1,medium,0,68.36
DE40,H1,2025-10-22T12:00:00Z,44.378571,0.9476,25.99,calm,1,medium,0,65.31
DE40,H1,2025-10-22T13:00:00Z,47.342857,1.0095,31.94,normal,1,high,0,62.97
DE40,H1,2025-10-22T14:00:00Z,48.992857,1.0433,35.91,normal,1,medium,0,59.33
DE40,H1,2025-10-22T15:00:00Z,50.264286,1.0697,39.09,normal,1,high,0,57.99
DE40,H1,2025-10-22T16:00:00Z,54.550000,1.1597,49.01,normal,1,medium,0,54.89
DE40,H1,2025-10-22T17:00:00Z,58.264286,1.2353,57.74,normal,1,medium,0,50.02
DE40,H1,2025-10-22T18:00:00Z,61.907143,1.3081,65.67,normal,1,low,0,42.97
DE40,H1,2025-10-22T19:00:00Z,77.128571,1.6151,79.96,elevated,1,low,0,14.30
DE40,H1,2025-10-22T20:00:00Z,81.235714,1.6853,83.93,elevated,0,off,1,17.39
DE40,H1,2025-10-22T21:00:00Z,84.757143,1.7391,88.29,elevated,0,off,0,20.62
DE40,H1,2025-10-22T22:00:00Z,86.864286,1.7619,89.48,elevated,0,off,0,23.86
DE40,H1,2025-10-22T23:00:00Z,84.678571,1.6993,87.50,elevated,0,off,0,24.16
DE40,H1,2025-10-23T01:00:00Z,79.835714,1.5891,81.15,elevated,0,off,0,24.68
DE40,H1,2025-10-23T02:00:00Z,77.335714,1.5287,77.98,elevated,0,off,0,26.98
DE40,H1,2025-10-23T03:00:00Z,78.221429,1.5349,79.17,elevated,0,off,0,28.70
DE40,H1,2025-10-23T04:00:00Z,76.864286,1.4966,76.39,elevated,0,off,0,29.99
DE40,H1,2025-10-23T05:00:00Z,74.650000,1.4394,74.01,elevated,0,off,0,30.59
DE40,H1,2025-10-23T06:00:00Z,74.935714,1.4285,74.01,elevated,0,off,0,30.39
DE40,H1,2025-10-23T07:00:00Z,71.078571,1.3395,70.44,elevated,0,off,0,30.72
DE40,H1,2025-10-23T08:00:00Z,67.614286,1.2601,67.66,normal,0,off,0,30.69
DE40,H1,2025-10-23T09:00:00Z,64.950000,1.1974,64.48,normal,0,off,0,31.02
DE40,H1,2025-10-23T10:00:00Z,57.535714,1.0515,49.40,normal,1,low,0,38.66
DE40,H1,2025-10-23T11:00:00Z,56.778571,1.0277,47.42,normal,1,low,0,44.57
DE40,H1,2025-10-23T12:00:00Z,55.100000,0.9883,43.45,normal,1,medium,0,47.05
DE40,H1,2025-10-23T13:00:00Z,57.385714,1.0190,48.61,normal,1,medium,0,51.89
DE40,H1,2025-10-23T14:00:00Z,58.214286,1.0239,50.99,normal,1,high,0,56.35
DE40,H1,2025-10-23T15:00:00Z,59.114286,1.0304,54.56,normal,1,high,0,57.27
DE40,H1,2025-10-23T16:00:00Z,63.578571,1.0969,62.90,normal,1,medium,0,58.81
DE40,H1,2025-10-23T17:00:00Z,64.728571,1.1061,63.69,normal,1,medium,0,58.36
DE40,H1,2025-10-23T18:00:00Z,64.978571,1.1009,64.48,normal,1,medium,0,54.93
DE40,H1,2025-10-23T19:00:00Z,64.800000,1.0897,63.29,normal,1,medium,0,55.47
DE40,H1,2025-10-23T20:00:00Z,66.264286,1.1074,65.67,normal,1,low,0,53.81
DE40,H1,2025-10-23T21:00:00Z,66.121429,1.1001,65.28,normal,1,low,0,53.44
DE40,H1,2025-10-23T22:00:00Z,63.835714,1.0593,60.91,normal,1,low,0,55.24
DE40,H1,2025-10-23T23:00:00Z,61.650000,1.0217,56.15,normal,1,low,0,55.46
DE40,H1,2025-10-24T01:00:00Z,53.607143,0.8899,35.52,normal,1,low,0,61.98
DE40,H1,2025-10-24T02:00:00Z,47.964286,0.7989,22.82,calm,0,off,1,65.63
DE40,H1,2025-10-24T03:00:00Z,46.707143,0.7803,20.83,calm,0,off,0,63.37
DE40,H1,2025-10-24T04:00:00Z,40.600000,0.6816,12.10,calm,0,off,0,68.49
DE40,H1,2025-10-24T05:00:00Z,37.171429,0.6274,8.93,squeeze,0,off,0,67.91
DE40,H1,2025-10-24T06:00:00Z,35.328571,0.5991,6.15,squeeze,0,off,0,66.73
DE40,H1,2025-10-24T07:00:00Z,29.292857,0.5003,0.60,squeeze,0,off,0,60.81
DE40,H1,2025-10-24T08:00:00Z,25.900000,0.4458,0.20,squeeze,0,off,0,55.41
DE40,H1,2025-10-24T09:00:00Z,26.114286,0.4524,0.60,squeeze,0,off,0,54.05
DE40,H1,2025-10-24T10:00:00Z,33.900000,0.5894,4.56,squeeze,0,off,0,61.73
DE40,H1,2025-10-24T11:00:00Z,35.528571,0.6185,6.55,squeeze,0,off,0,61.23
DE40,H1,2025-10-24T12:00:00Z,38.850000,0.6754,10.12,calm,1,low,0,61.28
DE40,H1,2025-10-24T13:00:00Z,40.778571,0.7079,12.90,calm,1,medium,0,65.02
DE40,H1,2025-10-24T14:00:00Z,41.450000,0.7192,12.90,calm,1,low,0,67.01
DE40,H1,2025-10-24T15:00:00Z,48.650000,0.8423,24.80,calm,1,medium,0,63.21
DE40,H1,2025-10-24T16:00:00Z,51.514286,0.8897,32.34,normal,1,medium,0,62.25
DE40,H1,2025-10-24T17:00:00Z,52.842857,0.9110,33.93,normal,1,medium,0,63.00
DE40,H1,2025-10-24T18:00:00Z,55.378571,0.9526,39.88,normal,1,medium,0,61.00
DE40,H1,2025-10-24T19:00:00Z,56.700000,0.9731,43.06,normal,1,medium,0,59.55
DE40,H1,2025-10-24T20:00:00Z,56.700000,0.9724,43.25,normal,1,medium,0,58.85
DE40,H1,2025-10-24T21:00:00Z,56.235714,0.9651,42.66,normal,1,medium,0,59.18
DE40,H1,2025-10-24T22:00:00Z,55.700000,0.9580,41.07,normal,1,medium,0,61.11
DE40,H1,2025-10-27T01:00:00Z,61.085714,1.0564,56.55,normal,1,medium,0,51.47
DE40,H1,2025-10-27T02:00:00Z,53.321429,0.9312,35.91,normal,1,low,0,58.10
DE40,H1,2025-10-27T03:00:00Z,55.157143,0.9733,39.48,normal,1,low,0,45.15
DE40,H1,2025-10-27T04:00:00Z,54.121429,0.9662,36.71,normal,1,low,0,46.51
DE40,H1,2025-10-27T05:00:00Z,52.121429,0.9414,32.74,normal,0,off,1,47.93
DE40,H1,2025-10-27T06:00:00Z,53.335714,0.9726,35.52,normal,0,off,0,47.97
DE40,H1,2025-10-27T07:00:00Z,47.514286,0.8760,21.23,calm,0,off,0,53.19
DE40,H1,2025-10-27T08:00:00Z,47.192857,0.8802,20.44,calm,0,off,0,50.02
DE40,H1,2025-10-27T09:00:00Z,46.407143,0.8754,18.85,calm,0,off,0,49.70
DE40,H1,2025-10-27T10:00:00Z,47.442857,0.9043,20.83,calm,0,off,0,48.95
DE40,H1,2025-10-27T11:00:00Z,51.657143,0.9934,31.55,normal,0,off,0,45.73
DE40,H1,2025-10-27T12:00:00Z,54.264286,1.0503,37.10,normal,0,off,0,44.56
DE40,H1,2025-10-27T13:00:00Z,56.157143,1.0918,43.06,normal,0,off,0,45.36
DE40,H1,2025-10-27T14:00:00Z,58.942857,1.1487,52.18,normal,0,off,0,45.65
DE40,H1,2025-10-27T15:00:00Z,52.200000,1.0194,31.55,normal,0,off,0,49.86
DE40,H1,2025-10-27T16:00:00Z,56.857143,1.1103,44.64,normal,0,off,0,45.02
DE40,H1,2025-10-27T17:00:00Z,51.964286,1.0160,29.96,calm,0,off,0,47.59
DE40,H1,2025-10-27T18:00:00Z,51.107143,1.0017,28.37,calm,1,low,0,49.57
DE40,H1,2025-10-27T19:00:00Z,53.628571,1.0530,34.72,normal,1,low,0,48.99
DE40,H1,2025-10-27T20:00:00Z,52.557143,1.0346,31.55,normal,1,low,0,50.09
DE40,H1,2025-10-27T21:00:00Z,51.557143,1.0198,29.17,calm,1,low,0,47.95
DE40,H1,2025-10-27T22:00:00Z,51.021429,1.0147,28.37,calm,1,low,0,49.35
DE40,H1,2025-10-27T23:00:00Z,50.342857,1.0070,25.60,calm,1,low,0,52.12
DE40,H1,2025-10-28T01:00:00Z,46.514286,0.9373,16.47,calm,1,low,0,55.22
DE40,H1,2025-10-28T02:00:00Z,41.400000,0.8427,10.52,calm,1,low,0,60.25
DE40,H1,2025-10-28T03:00:00Z,39.042857,0.8036,8.13,squeeze,1,low,0,60.89
DE40,H1,2025-10-28T04:00:00Z,38.114286,0.7929,7.74,squeeze,1,low,0,61.22
DE40,H1,2025-10-28T05:00:00Z,35.471429,0.7460,5.36,squeeze,1,low,0,64.79
DE40,H1,2025-10-28T06:00:00Z,34.542857,0.7324,4.56,squeeze,1,medium,0,67.02
DE40,H1,2025-10-28T07:00:00Z,31.078571,0.6637,2.58,squeeze,1,medium,0,76.36
DE40,H1,2025-10-28T08:00:00Z,30.292857,0.6514,2.58,squeeze,1,low,0,77.42
DE40,H1,2025-10-28T09:00:00Z,30.185714,0.6521,2.18,squeeze,1,low,0,77.16
DE40,H1,2025-10-28T10:00:00Z,28.914286,0.6268,0.99,squeeze,1,low,0,79.35
DE40,H1,2025-10-28T11:00:00Z,33.450000,0.7258,4.96,squeeze,1,medium,0,70.14
DE40,H1,2025-10-28T12:00:00Z,36.735714,0.7945,9.33,squeeze,1,medium,0,67.56
DE40,H1,2025-10-28T13:00:00Z,37.628571,0.8097,10.52,calm,1,medium,0,65.87
DE40,H1,2025-10-28T14:00:00Z,38.628571,0.8267,11.71,calm,1,medium,0,63.91
DE40,H1,2025-10-28T15:00:00Z,40.742857,0.8694,14.88,calm,1,medium,0,61.04
DE40,H1,2025-10-28T16:00:00Z,45.321429,0.9631,19.64,calm,1,medium,0,55.48
DE40,H1,2025-10-28T17:00:00Z,48.785714,1.0324,28.37,calm,1,medium,0,52.42
DE40,H1,2025-10-28T18:00:00Z,49.142857,1.0363,30.36,normal,1,medium,0,52.56
DE40,H1,2025-10-28T19:00:00Z,51.000000,1.0711,35.91,normal,1,medium,0,50.58
DE40,H1,2025-10-28T20:00:00Z,51.642857,1.0833,37.90,normal,1,medium,0,50.59
DE40,H1,2025-10-28T21:00:00Z,50.857143,1.0671,35.52,normal,1,high,0,52.26
DE40,H1,2025-10-28T22:00:00Z,52.250000,1.0966,41.07,normal,1,high,0,53.17
DE40,H1,2025-10-28T23:00:00Z,51.642857,1.0855,38.49,normal,1,high,0,53.15
DE40,H1,2025-10-29T01:00:00Z,50.257143,1.0593,32.34,normal,1,high,0,55.51
DE40,H1,2025-10-29T02:00:00Z,44.435714,0.9414,18.85,calm,1,high,0,62.83
DE40,H1,2025-10-29T03:00:00Z,44.171429,0.9407,18.45,calm,1,medium,0,65.45
DE40,H1,2025-10-29T04:00:00Z,45.028571,0.9633,20.04,calm,1,medium,0,60.55
DE40,H1,2025-10-29T05:00:00Z,43.564286,0.9390,17.66,calm,1,low,0,60.27
DE40,H1,2025-10-29T06:00:00Z,41.885714,0.9073,16.47,calm,1,low,0,61.02
DE40,H1,2025-10-29T07:00:00Z,38.314286,0.8360,11.71,calm,1,low,0,64.14
DE40,H1,2025-10-29T08:00:00Z,35.028571,0.7708,7.34,squeeze,1,low,0,62.95
DE40,H1,2025-10-29T09:00:00Z,37.507143,0.8306,10.91,calm,1,low,0,59.47
DE40,H1,2025-10-29T10:00:00Z,36.757143,0.8201,10.12,calm,1,low,0,59.44
DE40,H1,2025-10-29T11:00:00Z,41.757143,0.9340,18.06,calm,1,low,0,54.70
DE40,H1,2025-10-29T12:00:00Z,42.721429,0.9575,19.64,calm,1,low,0,52.78
DE40,H1,2025-10-29T13:00:00Z,43.114286,0.9677,20.04,calm,1,low,0,50.56
DE40,H1,2025-10-29T14:00:00Z,43.971429,0.9885,21.23,calm,1,low,0,49.97
DE40,H1,2025-10-29T15:00:00Z,46.428571,1.0462,26.39,calm,1,low,0,47.20
DE40,H1,2025-10-29T16:00:00Z,50.607143,1.1422,37.10,normal,1,medium,0,46.64
DE40,H1,2025-10-29T17:00:00Z,55.871429,1.2612,54.96,normal,1,low,0,39.26
DE40,H1,2025-10-29T18:00:00Z,54.585714,1.2346,50.99,normal,1,low,0,38.75
DE40,H1,2025-10-29T19:00:00Z,56.857143,1.2833,58.93,normal,1,low,0,38.37
DE40,H1,2025-10-29T20:00:00Z,58.035714,1.3092,62.90,normal,1,low,0,38.14
DE40,H1,2025-10-29T21:00:00Z,68.178571,1.5268,77.18,elevated,1,low,0,30.14
DE40,H1,2025-10-29T22:00:00Z,72.607143,1.6105,81.15,elevated,1,low,0,33.74
DE40,H1,2025-10-29T23:00:00Z,72.950000,1.6044,81.55,elevated,1,low,0,33.65
DE40,H1,2025-10-30T01:00:00Z,73.664286,1.6052,81.94,elevated,1,low,0,35.20
DE40,H1,2025-10-30T02:00:00Z,69.792857,1.5088,78.37,elevated,1,low,0,36.47
DE40,H1,2025-10-30T03:00:00Z,72.142857,1.5455,81.15,elevated,1,low,0,39.07
DE40,H1,2025-10-30T04:00:00Z,73.071429,1.5503,82.74,elevated,1,low,0,40.19
DE40,H1,2025-10-30T05:00:00Z,72.500000,1.5214,81.55,elevated,1,low,0,40.98
DE40,H1,2025-10-30T06:00:00Z,72.357143,1.4989,80.75,elevated,1,low,0,40.55
DE40,H1,2025-10-30T07:00:00Z,77.857143,1.5873,88.69,elevated,1,low,0,45.01
DE40,H1,2025-10-30T08:00:00Z,74.607143,1.4988,83.93,elevated,1,low,0,47.03
DE40,H1,2025-10-30T09:00:00Z,75.114286,1.4853,84.72,elevated,1,medium,0,47.55
DE40,H1,2025-10-30T10:00:00Z,77.092857,1.4992,86.71,elevated,1,medium,0,48.94
DE40,H1,2025-10-30T11:00:00Z,79.700000,1.5211,90.28,extreme,1,medium,0,50.33
DE40,H1,2025-10-30T12:00:00Z,75.057143,1.4085,83.53,elevated,1,high,0,56.23
DE40,H1,2025-10-30T13:00:00Z,74.057143,1.3672,81.15,elevated,1,medium,0,56.05
DE40,H1,2025-10-30T14:00:00Z,72.735714,1.3214,79.17,elevated,1,medium,0,54.96
DE40,H1,2025-10-30T15:00:00Z,72.342857,1.2960,77.18,elevated,1,medium,0,54.82
DE40,H1,2025-10-30T16:00:00Z,78.857143,1.3916,89.09,elevated,1,medium,0,54.30
DE40,H1,2025-10-30T17:00:00Z,78.078571,1.3585,87.90,elevated,1,medium,0,54.50
DE40,H1,2025-10-30T18:00:00Z,76.364286,1.3115,84.33,elevated,1,medium,0,54.66
DE40,H1,2025-10-30T19:00:00Z,77.357143,1.3120,86.31,elevated,1,medium,0,54.86
DE40,H1,2025-10-30T20:00:00Z,76.500000,1.2839,83.93,elevated,1,medium,0,55.36
DE40,H1,2025-10-30T21:00:00Z,67.750000,1.1299,71.63,elevated,1,medium,0,55.43
DE40,H1,2025-10-30T22:00:00Z,65.714286,1.0899,70.04,elevated,1,medium,0,54.44
DE40,H1,2025-10-30T23:00:00Z,66.064286,1.0902,70.44,elevated,1,medium,0,55.11
DE40,H1,2025-10-31T01:00:00Z,61.678571,1.0145,65.28,normal,1,medium,0,59.07
DE40,H1,2025-10-31T02:00:00Z,59.050000,0.9687,62.90,normal,1,medium,0,62.35
DE40,H1,2025-10-31T03:00:00Z,53.285714,0.8738,44.64,normal,1,medium,0,67.98
DE40,H1,2025-10-31T04:00:00Z,50.357143,0.8261,34.72,normal,1,medium,0,70.69
DE40,H1,2025-10-31T05:00:00Z,49.285714,0.8088,33.13,normal,1,medium,0,72.67
DE40,H1,2025-10-31T06:00:00Z,48.142857,0.7891,29.96,calm,1,medium,0,73.77
DE40,H1,2025-10-31T07:00:00Z,40.357143,0.6623,15.67,calm,1,medium,0,79.28
DE40,H1,2025-10-31T08:00:00Z,39.071429,0.6425,14.48,calm,1,medium,0,81.74
DE40,H1,2025-10-31T09:00:00Z,38.464286,0.6335,13.29,calm,1,medium,0,82.14
DE40,H1,2025-10-31T10:00:00Z,39.728571,0.6548,15.67,calm,1,medium,0,81.18
DE40,H1,2025-10-31T11:00:00Z,46.250000,0.7603,26.79,calm,1,medium,0,76.60
DE40,H1,2025-10-31T12:00:00Z,49.142857,0.8042,34.72,normal,1,medium,0,70.35
DE40,H1,2025-10-31T13:00:00Z,50.142857,0.8171,35.91,normal,1,low,0,60.65
DE40,H1,2025-10-31T14:00:00Z,52.714286,0.8546,45.44,normal,1,low,0,60.05
DE40,H1,2025-10-31T15:00:00Z,55.992857,0.9036,54.56,normal,1,low,0,56.99
DE40,H1,2025-10-31T16:00:00Z,59.550000,0.9558,65.28,normal,0,off,1,47.87
DE40,H1,2025-10-31T17:00:00Z,62.778571,1.0013,67.66,normal,0,off,0,46.31
DE40,H1,2025-10-31T18:00:00Z,64.957143,1.0292,70.04,elevated,0,off,0,47.15
DE40,H1,2025-10-31T19:00:00Z,65.635714,1.0336,71.23,elevated,0,off,0,46.78
DE40,H1,2025-10-31T20:00:00Z,66.314286,1.0392,73.21,elevated,0,off,0,43.33
DE40,H1,2025-10-31T21:00:00Z,67.707143,1.0571,74.01,elevated,0,off,0,44.04
DE40,H1,2025-10-31T22:00:00Z,66.707143,1.0375,73.61,elevated,0,off,0,46.26
DE40,H1,2025-10-31T23:00:00Z,66.242857,1.0273,72.82,elevated,0,off,0,47.02
DE40,H1,2025-11-03T01:00:00Z,64.414286,0.9970,68.85,normal,0,off,0,50.38
DE40,H1,2025-11-03T02:00:00Z,57.357143,0.8907,58.13,normal,0,off,0,57.17
DE40,H1,2025-11-03T03:00:00Z,53.750000,0.8396,48.61,normal,1,low,0,60.32
DE40,H1,2025-11-03T04:00:00Z,50.178571,0.7895,36.31,normal,1,low,0,63.44
DE40,H1,2025-11-03T05:00:00Z,46.142857,0.7323,26.79,calm,1,low,0,66.58
DE40,H1,2025-11-03T06:00:00Z,42.321429,0.6776,20.44,calm,1,low,0,70.33
DE40,H1,2025-11-03T07:00:00Z,37.571429,0.6083,11.71,calm,1,medium,0,73.92
DE40,H1,2025-11-03T08:00:00Z,34.392857,0.5639,6.55,squeeze,1,medium,0,80.45
DE40,H1,2025-11-03T09:00:00Z,33.135714,0.5503,4.56,squeeze,1,medium,0,80.76
DE40,H1,2025-11-03T10:00:00Z,42.992857,0.7211,23.21,calm,1,low,0,64.61
DE40,H1,2025-11-03T11:00:00Z,44.850000,0.7607,26.79,calm,0,off,1,55.23
DE40,H1,2025-11-03T12:00:00Z,47.135714,0.8070,31.55,normal,0,off,0,44.75
DE40,H1,2025-11-03T13:00:00Z,47.957143,0.8287,33.93,normal,0,off,0,36.29
DE40,H1,2025-11-03T14:00:00Z,50.207143,0.8757,40.28,normal,0,off,0,32.65
DE40,H1,2025-11-03T15:00:00Z,52.350000,0.9219,49.01,normal,0,off,0,31.46
DE40,H1,2025-11-03T16:00:00Z,55.100000,0.9772,55.95,normal,0,off,0,27.48
DE40,H1,2025-11-03T17:00:00Z,57.742857,1.0300,65.28,normal,0,off,0,30.14
DE40,H1,2025-11-03T18:00:00Z,58.300000,1.0454,68.06,normal,0,off,0,32.84
DE40,H1,2025-11-03T19:00:00Z,58.764286,1.0589,69.25,normal,0,off,0,33.82
DE40,H1,2025-11-03T20:00:00Z,59.371429,1.0774,71.63,elevated,0,off,0,33.79
DE40,H1,2025-11-03T21:00:00Z,59.300000,1.0834,71.63,elevated,0,off,0,31.79
DE40,H1,2025-11-03T22:00:00Z,59.228571,1.0890,71.63,elevated,0,off,0,26.64
DE40,H1,2025-11-03T23:00:00Z,57.850000,1.0713,65.67,normal,0,off,0,29.33
DE40,H1,2025-11-04T01:00:00Z,46.564286,0.8720,31.15,normal,0,off,0,42.35
DE40,H1,2025-11-04T02:00:00Z,47.221429,0.8911,32.74,normal,0,off,0,44.01
DE40,H1,2025-11-04T03:00:00Z,43.864286,0.8347,24.40,calm,0,off,0,50.50
DE40,H1,2025-11-04T04:00:00Z,42.757143,0.8209,23.21,calm,0,off,0,53.70
DE40,H1,2025-11-04T05:00:00Z,40.328571,0.7806,18.06,calm,0,off,0,55.85
DE40,H1,2025-11-04T06:00:00Z,37.435714,0.7308,12.10,calm,0,off,0,57.41
DE40,H1,2025-11-04T07:00:00Z,39.221429,0.7698,17.26,calm,0,off,0,48.44
DE40,H1,2025-11-04T08:00:00Z,41.257143,0.8127,21.23,calm,0,off,0,43.86
DE40,H1,2025-11-04T09:00:00Z,46.264286,0.9124,31.94,normal,0,off,0,35.98
DE40,H1,2025-11-04T10:00:00Z,52.228571,1.0284,50.99,normal,0,off,0,24.51
DE40,H1,2025-11-04T11:00:00Z,60.478571,1.1815,76.39,elevated,0,off,0,19.57
DE40,H1,2025-11-04T12:00:00Z,67.621429,1.3064,85.12,elevated,0,off,0,19.68
DE40,H1,2025-11-04T13:00:00Z,68.871429,1.3151,86.31,elevated,0,off,0,19.21
DE40,H1,2025-11-04T14:00:00Z,72.292857,1.3635,87.50,elevated,0,off,0,20.00
DE40,H1,2025-11-04T15:00:00Z,74.150000,1.3840,91.07,extreme,0,off,0,21.15
DE40,H1,2025-11-04T16:00:00Z,76.385714,1.4114,93.45,extreme,0,off,0,22.32
DE40,H1,2025-11-04T17:00:00Z,79.064286,1.4454,97.42,extreme,0,off,0,22.06
DE40,H1,2025-11-04T18:00:00Z,80.800000,1.4621,98.21,extreme,0,off,0,22.53
DE40,H1,2025-11-04T19:00:00Z,82.728571,1.4827,98.61,extreme,0,off,0,22.72
DE40,H1,2025-11-04T20:00:00Z,83.157143,1.4779,98.61,extreme,0,off,0,24.22
DE40,H1,2025-11-04T21:00:00Z,79.371429,1.4023,96.23,extreme,0,off,0,28.91
DE40,H1,2025-11-04T22:00:00Z,75.371429,1.3267,90.67,extreme,0,off,0,27.55
DE40,H1,2025-11-04T23:00:00Z,72.207143,1.2681,83.93,elevated,0,off,0,31.44
DE40,H1,2025-11-05T01:00:00Z,66.250000,1.1635,78.77,elevated,0,off,0,32.98
DE40,H1,2025-11-05T02:00:00Z,65.671429,1.1542,76.79,elevated,0,off,0,40.04
DE40,H1,2025-11-05T03:00:00Z,68.171429,1.1975,81.55,elevated,0,off,0,35.66
DE40,H1,2025-11-05T04:00:00Z,69.921429,1.2267,82.74,elevated,0,off,0,41.59
DE40,H1,2025-11-05T05:00:00Z,72.100000,1.2615,83.13,elevated,0,off,0,43.92
DE40,H1,2025-11-05T06:00:00Z,70.564286,1.2289,82.34,elevated,0,off,0,39.69
DE40,H1,2025-11-05T07:00:00Z,66.028571,1.1450,75.60,elevated,0,off,0,37.26
DE40,H1,2025-11-05T08:00:00Z,67.992857,1.1719,79.96,elevated,0,off,0,31.87
DE40,H1,2025-11-05T09:00:00Z,68.928571,1.1787,81.15,elevated,0,off,0,31.05
DE40,H1,2025-11-05T10:00:00Z,74.442857,1.2592,88.29,elevated,0,off,0,33.80
DE40,H1,2025-11-05T11:00:00Z,77.514286,1.2937,93.85,extreme,0,off,0,32.63
DE40,H1,2025-11-05T12:00:00Z,78.371429,1.2891,95.04,extreme,0,off,0,33.05
DE40,H1,2025-11-05T13:00:00Z,83.800000,1.3557,98.61,extreme,0,off,0,33.33
DE40,H1,2025-11-05T14:00:00Z,84.400000,1.3474,98.61,extreme,1,low,0,34.26
DE40,H1,2025-11-05T15:00:00Z,85.728571,1.3510,99.40,extreme,1,low,0,34.62
DE40,H1,2025-11-05T16:00:00Z,84.664286,1.3186,98.21,extreme,1,low,0,35.02
DE40,H1,2025-11-05T17:00:00Z,82.807143,1.2758,96.63,extreme,0,off,1,30.82
DE40,H1,2025-11-05T18:00:00Z,83.800000,1.2779,97.02,extreme,0,off,0,31.80
DE40,H1,2025-11-05T19:00:00Z,79.978571,1.2094,94.64,extreme,0,off,0,30.56
DE40,H1,2025-11-05T20:00:00Z,79.050000,1.1868,92.66,extreme,0,off,0,28.67
DE40,H1,2025-11-05T21:00:00Z,77.192857,1.1522,89.09,elevated,0,off,0,26.14
DE40,H1,2025-11-05T22:00:00Z,72.807143,1.0820,81.55,elevated,0,off,0,25.99
DE40,H1,2025-11-05T23:00:00Z,70.471429,1.0437,76.79,elevated,0,off,0,27.46
DE40,H1,2025-11-06T01:00:00Z,63.707143,0.9423,64.88,normal,0,off,0,40.20
DE40,H1,2025-11-06T02:00:00Z,63.585714,0.9393,64.48,normal,0,off,0,38.97
DE40,H1,2025-11-06T03:00:00Z,64.264286,0.9479,65.28,normal,0,off,0,37.34
DE40,H1,2025-11-06T04:00:00Z,59.264286,0.8738,59.72,normal,0,off,0,40.82
DE40,H1,2025-11-06T05:00:00Z,56.478571,0.8303,51.79,normal,0,off,0,35.13
DE40,H1,2025-11-06T06:00:00Z,54.071429,0.7933,46.23,normal,0,off,0,34.91
DE40,H1,2025-11-06T07:00:00Z,48.285714,0.7075,30.75,normal,0,off,0,37.06
DE40,H1,2025-11-06T08:00:00Z,41.642857,0.6104,16.87,calm,0,off,0,41.96
DE40,H1,2025-11-06T09:00:00Z,40.328571,0.5911,13.29,calm,0,off,0,41.64
DE40,H1,2025-11-06T10:00:00Z,44.578571,0.6521,22.42,calm,0,off,0,53.88
DE40,H1,2025-11-06T11:00:00Z,48.614286,0.7091,30.75,normal,1,low,0,56.56
DE40,H1,2025-11-06T12:00:00Z,53.150000,0.7726,43.45,normal,1,low,0,56.85
DE40,H1,2025-11-06T13:00:00Z,54.142857,0.7852,46.63,normal,1,low,0,63.39
DE40,H1,2025-11-06T14:00:00Z,56.342857,0.8162,51.39,normal,1,low,0,59.05
DE40,H1,2025-11-06T15:00:00Z,57.450000,0.8330,54.56,normal,1,low,0,59.20
DE40,H1,2025-11-06T16:00:00Z,64.357143,0.9340,65.28,normal,0,off,1,37.68
DE40,H1,2025-11-06T17:00:00Z,71.142857,1.0318,77.58,elevated,0,off,0,24.88
DE40,H1,2025-11-06T18:00:00Z,75.192857,1.0896,85.91,elevated,0,off,0,19.64
DE40,H1,2025-11-06T19:00:00Z,78.550000,1.1368,91.87,extreme,0,off,0,20.92
DE40,H1,2025-11-06T20:00:00Z,81.371429,1.1759,95.44,extreme,0,off,0,21.16
DE40,H1,2025-11-06T21:00:00Z,82.907143,1.1968,96.63,extreme,0,off,0,21.70
DE40,H1,2025-11-06T22:00:00Z,85.264286,1.2292,99.40,extreme,0,off,0,23.02
DE40,H1,2025-11-06T23:00:00Z,83.557143,1.2043,97.42,extreme,0,off,0,23.12
DE40,H1,2025-11-07T01:00:00Z,78.307143,1.1302,91.47,extreme,0,off,0,22.65
DE40,H1,2025-11-07T02:00:00Z,76.414286,1.1039,87.50,elevated,0,off,0,21.33
DE40,H1,2025-11-07T03:00:00Z,75.592857,1.0919,86.71,elevated,0,off,0,22.55
DE40,H1,2025-11-07T04:00:00Z,75.485714,1.0894,86.71,elevated,0,off,0,22.43
DE40,H1,2025-11-07T05:00:00Z,73.807143,1.0628,82.74,elevated,0,off,0,23.99
DE40,H1,2025-11-07T06:00:00Z,73.735714,1.0593,82.74,elevated,0,off,0,28.62
DE40,H1,2025-11-07T07:00:00Z,65.342857,0.9395,67.26,normal,0,off,0,36.00
DE40,H1,2025-11-07T08:00:00Z,56.521429,0.8158,51.39,normal,0,off,0,43.49
DE40,H1,2025-11-07T09:00:00Z,53.114286,0.7709,42.26,normal,0,off,0,46.27
DE40,H1,2025-11-07T10:00:00Z,55.564286,0.8099,49.01,normal,0,off,0,49.11
DE40,H1,2025-11-07T11:00:00Z,59.135714,0.8637,58.93,normal,1,low,0,48.65
DE40,H1,2025-11-07T12:00:00Z,62.257143,0.9109,62.50,normal,1,medium,0,49.08
DE40,H1,2025-11-07T13:00:00Z,66.971429,0.9804,72.02,elevated,1,low,0,44.66
DE40,H1,2025-11-07T14:00:00Z,69.928571,1.0250,75.99,elevated,0,off,1,46.28
DE40,H1,2025-11-07T15:00:00Z,70.928571,1.0417,76.79,elevated,0,off,0,43.05
DE40,H1,2025-11-07T16:00:00Z,75.285714,1.1067,85.91,elevated,0,off,0,38.96
DE40,H1,2025-11-07T17:00:00Z,76.250000,1.1234,87.10,elevated,0,off,0,35.92
DE40,H1,2025-11-07T18:00:00Z,76.885714,1.1353,88.69,elevated,0,off,0,29.36
DE40,H1,2025-11-07T19:00:00Z,81.885714,1.2105,95.44,extreme,0,off,0,32.35
DE40,H1,2025-11-07T20:00:00Z,81.385714,1.2042,95.04,extreme,0,off,0,33.28
DE40,H1,2025-11-07T21:00:00Z,84.314286,1.2470,98.21,extreme,0,off,0,35.71
DE40,H1,2025-11-07T22:00:00Z,84.814286,1.2540,99.01,extreme,0,off,0,34.09
DE40,H1,2025-11-07T23:00:00Z,81.642857,1.2065,94.25,extreme,0,off,0,32.20
DE40,H1,2025-11-10T01:00:00Z,79.435714,1.1738,91.87,extreme,0,off,0,31.77
DE40,H1,2025-11-10T02:00:00Z,75.164286,1.1113,81.94,elevated,0,off,0,30.98
DE40,H1,2025-11-10T03:00:00Z,70.792857,1.0473,72.42,elevated,0,off,0,33.91
DE40,H1,2025-11-10T04:00:00Z,63.471429,0.9410,60.12,normal,0,off,0,37.83
DE40,H1,2025-11-10T05:00:00Z,59.078571,0.8770,55.36,normal,0,off,0,39.72
DE40,H1,2025-11-10T06:00:00Z,57.292857,0.8521,51.39,normal,0,off,0,38.61
DE40,H1,2025-11-10T07:00:00Z,53.007143,0.7910,39.88,normal,0,off,0,37.28
DE40,H1,2025-11-10T08:00:00Z,50.185714,0.7510,30.36,normal,0,off,0,37.85
DE40,H1,2025-11-10T09:00:00Z,51.592857,0.7731,34.72,normal,0,off,0,36.33
DE40,H1,2025-11-10T10:00:00Z,51.092857,0.7663,33.13,normal,0,off,0,36.05
DE40,H1,2025-11-10T11:00:00Z,54.700000,0.8189,44.64,normal,0,off,0,35.08
DE40,H1,2025-11-10T12:00:00Z,49.914286,0.7454,27.98,calm,0,off,0,38.68
DE40,H1,2025-11-10T13:00:00Z,53.914286,0.8019,42.26,normal,0,off,0,36.37
DE40,H1,2025-11-10T14:00:00Z,57.621429,0.8537,52.18,normal,0,off,0,33.98
DE40,H1,2025-11-10T15:00:00Z,54.628571,0.8079,43.85,normal,0,off,0,36.73
DE40,H1,2025-11-10T16:00:00Z,55.578571,0.8214,45.83,normal,0,off,0,35.70
DE40,H1,2025-11-10T17:00:00Z,57.400000,0.8475,51.39,normal,0,off,0,36.43
DE40,H1,2025-11-10T18:00:00Z,58.514286,0.8634,53.77,normal,0,off,0,42.70
DE40,H1,2025-11-10T19:00:00Z,61.621429,0.9081,58.53,normal,0,off,0,42.83
DE40,H1,2025-11-10T20:00:00Z,60.978571,0.8995,57.74,normal,0,off,0,51.56
DE40,H1,2025-11-10T21:00:00Z,60.235714,0.8914,56.94,normal,0,off,0,47.15
DE40,H1,2025-11-10T22:00:00Z,58.450000,0.8693,52.18,normal,0,off,0,55.13
DE40,H1,2025-11-10T23:00:00Z,54.800000,0.8208,43.85,normal,0,off,0,59.76
DE40,H1,2025-11-11T01:00:00Z,49.371429,0.7467,26.79,calm,0,off,0,60.56
DE40,H1,2025-11-11T02:00:00Z,45.571429,0.6971,18.85,calm,0,off,0,57.70
DE40,H1,2025-11-11T03:00:00Z,45.364286,0.7025,18.85,calm,0,off,0,59.62
DE40,H1,2025-11-11T04:00:00Z,40.650000,0.6379,10.91,calm,0,off,0,62.69
DE40,H1,2025-11-11T05:00:00Z,38.114286,0.6058,6.94,squeeze,0,off,0,62.49
DE40,H1,2025-11-11T06:00:00Z,37.935714,0.6104,6.55,squeeze,0,off,0,60.51
DE40,H1,2025-11-11T07:00:00Z,35.150000,0.5731,3.77,squeeze,1,low,0,70.24
DE40,H1,2025-11-11T08:00:00Z,34.507143,0.5702,2.98,squeeze,0,off,1,72.09
DE40,H1,2025-11-11T09:00:00Z,34.857143,0.5835,3.77,squeeze,1,low,0,73.95
DE40,H1,2025-11-11T10:00:00Z,34.714286,0.5888,3.77,squeeze,0,off,1,75.60
DE40,H1,2025-11-11T11:00:00Z,39.000000,0.6674,10.52,calm,1,low,0,72.73
DE40,H1,2025-11-11T12:00:00Z,39.028571,0.6720,10.91,calm,1,low,0,71.90
DE40,H1,2025-11-11T13:00:00Z,42.171429,0.7288,16.87,calm,0,off,1,68.17
DE40,H1,2025-11-11T14:00:00Z,44.314286,0.7688,20.83,calm,0,off,0,63.57
DE40,H1,2025-11-11T15:00:00Z,46.350000,0.8077,25.20,calm,1,low,0,63.01
DE40,H1,2025-11-11T16:00:00Z,49.257143,0.8623,30.36,normal,1,low,0,60.14
DE40,H1,2025-11-11T17:00:00Z,50.571429,0.8904,34.72,normal,1,low,0,59.79
DE40,H1,2025-11-11T18:00:00Z,53.664286,0.9503,42.26,normal,1,low,0,57.33
DE40,H1,2025-11-11T19:00:00Z,54.271429,0.9668,43.85,normal,1,low,0,55.55
DE40,H1,2025-11-11T20:00:00Z,55.800000,1.0010,46.63,normal,0,off,1,51.20
DE40,H1,2025-11-11T21:00:00Z,56.014286,1.0122,47.42,normal,0,off,0,47.13
DE40,H1,2025-11-11T22:00:00Z,54.121429,0.9861,42.26,normal,0,off,0,44.48
DE40,H1,2025-11-11T23:00:00Z,52.607143,0.9688,38.29,normal,0,off,0,44.60
DE40,H1,2025-11-12T01:00:00Z,49.092857,0.9150,28.77,calm,0,off,0,45.13
DE40,H1,2025-11-12T02:00:00Z,45.785714,0.8658,23.21,calm,0,off,0,45.18
DE40,H1,2025-11-12T03:00:00Z,45.035714,0.8646,21.63,calm,0,off,0,41.89
DE40,H1,2025-11-12T04:00:00Z,43.357143,0.8448,17.66,calm,0,off,0,39.13
DE40,H1,2025-11-12T05:00:00Z,40.214286,0.7957,11.31,calm,0,off,0,38.15
DE40,H1,2025-11-12T06:00:00Z,37.678571,0.7568,6.94,squeeze,0,off,0,38.47
DE40,H1,2025-11-12T07:00:00Z,33.250000,0.6780,1.39,squeeze,0,off,0,41.13
DE40,H1,2025-11-12T08:00:00Z,31.607143,0.6530,0.60,squeeze,0,off,0,41.72
DE40,H1,2025-11-12T09:00:00Z,32.521429,0.6794,0.60,squeeze,0,off,0,43.13
DE40,H1,2025-11-12T10:00:00Z,41.200000,0.8665,13.29,calm,0,off,0,36.80
DE40,H1,2025-11-12T11:00:00Z,43.564286,0.9199,17.86,calm,0,off,0,34.51
DE40,H1,2025-11-12T12:00:00Z,45.207143,0.9566,21.63,calm,0,off,0,31.72
DE40,H1,2025-11-12T13:00:00Z,48.421429,1.0260,27.58,calm,0,off,0,26.84
DE40,H1,2025-11-12T14:00:00Z,52.935714,1.1207,38.69,normal,0,off,0,21.75
DE40,H1,2025-11-12T15:00:00Z,55.628571,1.1773,45.83,normal,0,off,0,21.76
DE40,H1,2025-11-12T16:00:00Z,59.950000,1.2634,56.94,normal,0,off,0,26.32
DE40,H1,2025-11-12T17:00:00Z,64.842857,1.3602,62.10,normal,0,off,0,33.24
DE40,H1,2025-11-12T18:00:00Z,65.257143,1.3645,62.50,normal,0,off,0,36.99
DE40,H1,2025-11-12T19:00:00Z,67.007143,1.3939,66.87,normal,0,off,0,35.52
DE40,H1,2025-11-12T20:00:00Z,67.257143,1.3924,66.87,normal,0,off,0,33.84
DE40,H1,2025-11-12T21:00:00Z,67.650000,1.3946,67.26,normal,0,off,0,30.81
DE40,H1,2025-11-12T22:00:00Z,68.614286,1.4086,69.25,normal,0,off,0,34.51
DE40,H1,2025-11-12T23:00:00Z,64.535714,1.3233,59.72,normal,0,off,0,34.35
DE40,H1,2025-11-13T01:00:00Z,57.942857,1.1896,48.61,normal,0,off,0,36.25
DE40,H1,2025-11-13T02:00:00Z,56.321429,1.1581,43.85,normal,0,off,0,38.73
DE40,H1,2025-11-13T03:00:00Z,58.321429,1.1993,49.40,normal,0,off,0,40.00
DE40,H1,2025-11-13T04:00:00Z,55.321429,1.1374,40.28,normal,1,low,0,40.45
DE40,H1,2025-11-13T05:00:00Z,50.928571,1.0464,30.75,normal,1,low,0,43.45
DE40,H1,2025-11-13T06:00:00Z,48.535714,0.9960,24.80,calm,1,medium,0,48.15
DE40,H1,2025-11-13T07:00:00Z,44.307143,0.9097,16.47,calm,1,medium,0,62.17
DE40,H1,2025-11-13T08:00:00Z,42.021429,0.8622,12.10,calm,1,medium,0,66.39
DE40,H1,2025-11-13T09:00:00Z,44.392857,0.9086,16.87,calm,1,medium,0,64.99
DE40,H1,2025-11-13T10:00:00Z,45.892857,0.9362,19.64,calm,1,medium,0,65.04
DE40,H1,2025-11-13T11:00:00Z,53.035714,1.0741,33.93,normal,1,low,0,52.68
DE40,H1,2025-11-13T12:00:00Z,55.535714,1.1152,40.28,normal,1,low,0,45.77
DE40,H1,2025-11-13T13:00:00Z,58.285714,1.1595,48.61,normal,0,off,1,33.50
DE40,H1,2025-11-13T14:00:00Z,60.107143,1.1838,54.17,normal,0,off,0,30.00
DE40,H1,2025-11-13T15:00:00Z,59.164286,1.1560,51.39,normal,0,off,0,28.26
DE40,H1,2025-11-13T16:00:00Z,61.214286,1.1858,55.36,normal,0,off,0,25.07
DE40,H1,2025-11-13T17:00:00Z,63.107143,1.2127,56.94,normal,0,off,0,18.34
DE40,H1,2025-11-13T18:00:00Z,67.264286,1.2812,66.07,normal,0,off,0,18.10
DE40,H1,2025-11-13T19:00:00Z,68.192857,1.2882,68.85,normal,0,off,0,18.01
DE40,H1,2025-11-13T20:00:00Z,73.371429,1.3735,77.98,elevated,0,off,0,18.15
DE40,H1,2025-11-13T21:00:00Z,75.871429,1.4070,83.93,elevated,0,off,0,17.74
DE40,H1,2025-11-13T22:00:00Z,80.585714,1.4796,92.66,extreme,0,off,0,17.18
DE40,H1,2025-11-13T23:00:00Z,78.857143,1.4349,89.68,elevated,0,off,0,17.00
DE40,H1,2025-11-14T01:00:00Z,77.678571,1.4023,87.10,elevated,0,off,0,16.97
DE40,H1,2025-11-14T02:00:00Z,71.842857,1.2896,72.82,elevated,0,off,0,16.03
DE40,H1,2025-11-14T03:00:00Z,69.771429,1.2454,70.04,elevated,0,off,0,15.01
DE40,H1,2025-11-14T04:00:00Z,68.700000,1.2193,69.25,normal,0,off,0,15.26
DE40,H1,2025-11-14T05:00:00Z,67.092857,1.1832,65.28,normal,0,off,0,15.41
DE40,H1,2025-11-14T06:00:00Z,66.878571,1.1707,64.48,normal,0,off,0,15.66
DE40,H1,2025-11-14T07:00:00Z,64.878571,1.1279,59.72,normal,0,off,0,15.85
DE40,H1,2025-11-14T08:00:00Z,61.200000,1.0574,54.17,normal,0,off,0,26.73
DE40,H1,2025-11-14T09:00:00Z,64.221429,1.1004,58.13,normal,0,off,0,34.32
DE40,H1,2025-11-14T10:00:00Z,76.400000,1.2920,85.12,elevated,0,off,0,32.41
DE40,H1,2025-11-14T11:00:00Z,77.792857,1.2960,87.90,elevated,0,off,0,32.86
DE40,H1,2025-11-14T12:00:00Z,80.007143,1.3117,92.26,extreme,0,off,0,31.53
DE40,H1,2025-11-14T13:00:00Z,81.328571,1.3124,93.06,extreme,0,off,0,30.29
DE40,H1,2025-11-14T14:00:00Z,81.914286,1.3047,94.64,extreme,0,off,0,31.61
DE40,H1,2025-11-14T15:00:00Z,84.400000,1.3270,98.21,extreme,0,off,0,27.98
DE40,H1,2025-11-14T16:00:00Z,93.671429,1.4507,99.80,extreme,0,off,0,32.45
DE40,H1,2025-11-14T17:00:00Z,97.707143,1.4905,99.80,extreme,0,off,0,27.17
DE40,H1,2025-11-14T18:00:00Z,99.978571,1.5035,99.80,extreme,0,off,0,27.05
DE40,H1,2025-11-14T19:00:00Z,100.978571,1.4981,99.80,extreme,0,off,0,24.03
DE40,H1,2025-11-14T20:00:00Z,102.835714,1.5065,99.80,extreme,0,off,0,24.36
DE40,H1,2025-11-14T21:00:00Z,101.085714,1.4653,99.40,extreme,0,off,0,24.21
DE40,H1,2025-11-14T22:00:00Z,100.700000,1.4449,98.61,extreme,0,off,0,24.23
DE40,H1,2025-11-17T01:00:00Z,96.135714,1.3680,97.42,extreme,0,off,0,25.75
DE40,H1,2025-11-17T02:00:00Z,84.357143,1.1945,94.25,extreme,0,off,0,27.54
DE40,H1,2025-11-17T03:00:00Z,79.071429,1.1161,85.91,elevated,0,off,0,28.20
DE40,H1,2025-11-17T04:00:00Z,74.500000,1.0498,76.79,elevated,0,off,0,30.89
DE40,H1,2025-11-17T05:00:00Z,65.392857,0.9213,60.12,normal,0,off,0,38.15
DE40,H1,2025-11-17T06:00:00Z,61.785714,0.8695,53.37,normal,1,low,0,41.15
DE40,H1,2025-11-17T07:00:00Z,58.442857,0.8220,45.44,normal,1,low,0,51.05
DE40,H1,2025-11-17T08:00:00Z,48.042857,0.6777,21.23,calm,0,off,1,69.23
DE40,H1,2025-11-17T09:00:00Z,48.042857,0.6790,21.03,calm,0,off,0,66.82
DE40,H1,2025-11-17T10:00:00Z,45.985714,0.6509,17.26,calm,0,off,0,66.18
DE40,H1,2025-11-17T11:00:00Z,48.700000,0.6893,22.82,calm,0,off,0,62.32
DE40,H1,2025-11-17T12:00:00Z,49.985714,0.7063,24.80,calm,1,low,0,52.09
DE40,H1,2025-11-17T13:00:00Z,51.592857,0.7271,27.98,calm,1,medium,0,57.09
DE40,H1,2025-11-17T14:00:00Z,52.014286,0.7314,28.37,calm,1,low,0,57.94
DE40,H1,2025-11-17T15:00:00Z,54.650000,0.7666,35.12,normal,0,off,1,47.92
DE40,H1,2025-11-17T16:00:00Z,55.964286,0.7844,39.09,normal,0,off,0,47.05
DE40,H1,2025-11-17T17:00:00Z,63.285714,0.8851,54.56,normal,0,off,0,37.24
DE40,H1,2025-11-17T18:00:00Z,69.564286,0.9699,69.25,normal,0,off,0,26.20
DE40,H1,2025-11-17T19:00:00Z,73.528571,1.0213,74.80,elevated,0,off,0,25.38
DE40,H1,2025-11-17T20:00:00Z,79.135714,1.0931,85.91,elevated,0,off,0,20.13
DE40,H1,2025-11-17T21:00:00Z,86.350000,1.1846,96.63,extreme,0,off,0,18.07
DE40,H1,2025-11-17T22:00:00Z,91.957143,1.2516,96.63,extreme,0,off,0,18.45
DE40,H1,2025-11-17T23:00:00Z,87.664286,1.1865,96.23,extreme,0,off,0,19.87
DE40,H1,2025-11-18T01:00:00Z,85.235714,1.1484,94.64,extreme,0,off,0,19.48
DE40,H1,2025-11-18T02:00:00Z,85.907143,1.1535,95.44,extreme,0,off,0,19.71
DE40,H1,2025-11-18T03:00:00Z,83.550000,1.1196,90.28,extreme,0,off,0,19.49
DE40,H1,2025-11-18T04:00:00Z,82.871429,1.1098,89.09,elevated,0,off,0,19.37
DE40,H1,2025-11-18T05:00:00Z,83.800000,1.1207,91.27,extreme,0,off,0,22.10
DE40,H1,2025-11-18T06:00:00Z,86.914286,1.1595,95.83,extreme,0,off,0,23.75
DE40,H1,2025-11-18T07:00:00Z,86.521429,1.1498,95.44,extreme,0,off,0,22.72
DE40,H1,2025-11-18T08:00:00Z,81.735714,1.0827,85.91,elevated,0,off,0,23.29
DE40,H1,2025-11-18T09:00:00Z,83.278571,1.0989,88.69,elevated,0,off,0,21.83
DE40,H1,2025-11-18T10:00:00Z,87.350000,1.1465,95.83,extreme,0,off,0,21.25
DE40,H1,2025-11-18T11:00:00Z,86.528571,1.1299,95.04,extreme,0,off,0,24.37
DE40,H1,2025-11-18T12:00:00Z,82.528571,1.0727,85.52,elevated,0,off,0,26.37
DE40,H1,2025-11-18T13:00:00Z,80.314286,1.0388,81.55,elevated,0,off,0,28.29
DE40,H1,2025-11-18T14:00:00Z,83.964286,1.0805,89.88,elevated,0,off,0,31.21
DE40,H1,2025-11-18T15:00:00Z,86.821429,1.1143,95.04,extreme,0,off,0,27.84
DE40,H1,2025-11-18T16:00:00Z,87.042857,1.1145,95.44,extreme,0,off,0,34.12
DE40,H1,2025-11-18T17:00:00Z,91.007143,1.1620,96.23,extreme,0,off,0,39.47
DE40,H1,2025-11-18T18:00:00Z,95.964286,1.2207,97.02,extreme,0,off,0,44.28
DE40,H1,2025-11-18T19:00:00Z,98.607143,1.2490,97.82,extreme,0,off,0,46.03
DE40,H1,2025-11-18T20:00:00Z,91.885714,1.1617,95.44,extreme,1,low,0,45.21
DE40,H1,2025-11-18T21:00:00Z,90.635714,1.1467,94.64,extreme,1,low,0,44.07
DE40,H1,2025-11-18T22:00:00Z,89.278571,1.1320,94.25,extreme,1,low,0,46.80
DE40,H1,2025-11-18T23:00:00Z,81.764286,1.0415,80.75,elevated,1,medium,0,52.12
DE40,H1,2025-11-19T01:00:00Z,76.485714,0.9804,70.44,elevated,1,medium,0,61.15
DE40,H1,2025-11-19T02:00:00Z,76.650000,0.9891,70.44,elevated,1,medium,0,60.92
DE40,H1,2025-11-19T03:00:00Z,75.364286,0.9790,66.47,normal,1,medium,0,60.58
DE40,H1,2025-11-19T04:00:00Z,73.221429,0.9580,62.10,normal,1,medium,0,64.12
DE40,H1,2025-11-19T05:00:00Z,73.150000,0.9629,61.71,normal,1,low,0,62.60
DE40,H1,2025-11-19T06:00:00Z,70.471429,0.9311,57.74,normal,1,low,0,60.90
DE40,H1,2025-11-19T07:00:00Z,68.185714,0.9035,53.37,normal,1,low,0,58.79
DE40,H1,2025-11-19T08:00:00Z,64.614286,0.8584,45.83,normal,1,low,0,61.84
DE40,H1,2025-11-19T09:00:00Z,59.478571,0.7914,37.90,normal,1,medium,0,64.56
DE40,H1,2025-11-19T10:00:00Z,59.442857,0.7914,37.50,normal,1,medium,0,69.31
DE40,H1,2025-11-19T11:00:00Z,62.942857,0.8370,41.87,normal,1,medium,0,67.80
DE40,H1,2025-11-19T12:00:00Z,63.157143,0.8365,42.66,normal,1,medium,0,68.25
DE40,H1,2025-11-19T13:00:00Z,64.371429,0.8489,45.83,normal,1,medium,0,68.96
DE40,H1,2025-11-19T14:00:00Z,65.350000,0.8574,48.61,normal,1,medium,0,69.90
DE40,H1,2025-11-19T15:00:00Z,67.807143,0.8852,53.37,normal,1,medium,0,65.73
DE40,H1,2025-11-19T16:00:00Z,68.178571,0.8859,54.56,normal,1,low,0,59.15
DE40,H1,2025-11-19T17:00:00Z,74.964286,0.9682,65.67,normal,1,low,0,53.51
DE40,H1,2025-11-19T18:00:00Z,79.157143,1.0152,75.99,elevated,1,low,0,53.07
DE40,H1,2025-11-19T19:00:00Z,77.692857,0.9906,72.82,elevated,1,low,0,54.57
DE40,H1,2025-11-19T20:00:00Z,81.907143,1.0374,81.94,elevated,1,low,0,54.04
DE40,H1,2025-11-19T21:00:00Z,82.014286,1.0339,82.34,elevated,1,low,0,53.39
DE40,H1,2025-11-19T22:00:00Z,83.478571,1.0487,84.33,elevated,1,low,0,51.93
DE40,H1,2025-11-19T23:00:00Z,87.700000,1.0978,93.85,extreme,1,low,0,50.45
DE40,H1,2025-11-20T01:00:00Z,85.721429,1.0713,89.48,elevated,1,low,0,53.06
DE40,H1,2025-11-20T02:00:00Z,83.814286,1.0481,85.52,elevated,1,low,0,46.17
DE40,H1,2025-11-20T03:00:00Z,82.778571,1.0375,81.15,elevated,1,low,0,45.46
DE40,H1,2025-11-20T04:00:00Z,79.671429,1.0006,74.80,elevated,0,off,1,48.81
DE40,H1,2025-11-20T05:00:00Z,79.492857,0.9998,74.40,elevated,0,off,0,48.34
DE40,H1,2025-11-20T06:00:00Z,75.135714,0.9475,63.29,normal,0,off,0,51.39
DE40,H1,2025-11-20T07:00:00Z,72.171429,0.9128,58.93,normal,0,off,0,51.09
DE40,H1,2025-11-20T08:00:00Z,64.600000,0.8208,46.63,normal,0,off,0,60.36
DE40,H1,2025-11-20T09:00:00Z,63.264286,0.8081,43.06,normal,0,off,0,59.10
DE40,H1,2025-11-20T10:00:00Z,66.021429,0.8478,50.20,normal,0,off,0,56.95
DE40,H1,2025-11-20T11:00:00Z,67.985714,0.8772,53.77,normal,1,low,0,57.76
DE40,H1,2025-11-20T12:00:00Z,72.450000,0.9370,60.12,normal,1,low,0,53.54
DE40,H1,2025-11-20T13:00:00Z,74.914286,0.9710,63.69,normal,1,low,0,53.51
DE40,H1,2025-11-20T14:00:00Z,73.442857,0.9554,62.10,normal,1,low,0,52.16
DE40,H1,2025-11-20T15:00:00Z,73.992857,0.9657,63.69,normal,1,low,0,55.12
DE40,H1,2025-11-20T16:00:00Z,74.042857,0.9685,64.09,normal,1,low,0,57.87
DE40,H1,2025-11-20T17:00:00Z,77.757143,1.0178,72.42,elevated,1,low,0,51.12
DE40,H1,2025-11-20T18:00:00Z,97.764286,1.2750,97.42,extreme,1,low,0,46.06
DE40,H1,2025-11-20T19:00:00Z,106.514286,1.3820,99.80,extreme,0,off,1,34.25
DE40,H1,2025-11-20T20:00:00Z,121.085714,1.5574,99.80,extreme,0,off,0,33.72
DE40,H1,2025-11-20T21:00:00Z,125.621429,1.6014,99.80,extreme,0,off,0,33.25
DE40,H1,2025-11-20T22:00:00Z,134.335714,1.6959,99.80,extreme,0,off,0,28.35
DE40,H1,2025-11-20T23:00:00Z,130.485714,1.6342,99.40,extreme,0,off,0,25.57
DE40,H1,2025-11-21T01:00:00Z,129.800000,1.6103,99.01,extreme,0,off,0,24.52
DE40,H1,2025-11-21T02:00:00Z,125.692857,1.5459,98.61,extreme,0,off,0,24.97
DE40,H1,2025-11-21T03:00:00Z,119.478571,1.4586,97.42,extreme,0,off,0,25.63
DE40,H1,2025-11-21T04:00:00Z,113.978571,1.3806,97.02,extreme,0,off,0,24.61
DE40,H1,2025-11-21T05:00:00Z,110.621429,1.3290,96.63,extreme,0,off,0,23.76
DE40,H1,2025-11-21T06:00:00Z,108.407143,1.2925,96.23,extreme,0,off,0,22.91
DE40,H1,2025-11-21T07:00:00Z,105.407143,1.2478,95.44,extreme,0,off,0,21.44
DE40,H1,2025-11-21T08:00:00Z,102.621429,1.2064,94.64,extreme,0,off,0,19.82
DE40,H1,2025-11-21T09:00:00Z,87.114286,1.0208,87.10,elevated,0,off,0,22.46
DE40,H1,2025-11-21T10:00:00Z,92.650000,1.0800,90.28,extreme,0,off,0,24.56
DE40,H1,2025-11-21T11:00:00Z,87.078571,1.0106,86.31,elevated,0,off,0,30.95
DE40,H1,2025-11-21T12:00:00Z,89.435714,1.0320,88.29,elevated,0,off,0,29.45
DE40,H1,2025-11-21T13:00:00Z,84.721429,0.9720,81.15,elevated,1,low,0,35.08
DE40,H1,2025-11-21T14:00:00Z,94.428571,1.0747,90.67,extreme,1,medium,0,36.58
DE40,H1,2025-11-21T15:00:00Z,96.464286,1.0896,91.47,extreme,1,low,0,47.14
DE40,H1,2025-11-21T16:00:00Z,98.178571,1.1002,92.26,extreme,1,low,0,46.88
DE40,H1,2025-11-21T17:00:00Z,103.642857,1.1513,95.04,extreme,1,low,0,46.44
DE40,H1,2025-11-21T18:00:00Z,113.100000,1.2432,96.63,extreme,1,low,0,48.75
DE40,H1,2025-11-21T19:00:00Z,113.707143,1.2374,96.63,extreme,0,off,1,46.26
DE40,H1,2025-11-21T20:00:00Z,120.742857,1.2991,97.42,extreme,0,off,0,45.27
DE40,H1,2025-11-21T21:00:00Z,123.285714,1.3128,97.82,extreme,0,off,0,46.31
DE40,H1,2025-11-21T22:00:00Z,122.892857,1.2965,97.42,extreme,0,off,0,45.51
DE40,H1,2025-11-24T01:00:00Z,122.835714,1.2837,97.02,extreme,0,off,0,43.12
DE40,H1,2025-11-24T02:00:00Z,109.478571,1.1376,93.85,extreme,0,off,0,42.25
DE40,H1,2025-11-24T03:00:00Z,101.335714,1.0487,91.07,extreme,0,off,0,44.84
DE40,H1,2025-11-24T04:00:00Z,95.121429,0.9821,86.31,elevated,0,off,0,49.02
DE40,H1,2025-11-24T05:00:00Z,89.228571,0.9209,82.34,elevated,1,low,0,52.15
DE40,H1,2025-11-24T06:00:00Z,79.907143,0.8257,66.07,normal,1,low,0,57.24
DE40,H1,2025-11-24T07:00:00Z,73.942857,0.7656,55.36,normal,1,low,0,59.92
DE40,H1,2025-11-24T08:00:00Z,70.014286,0.7269,50.60,normal,1,low,0,60.11
DE40,H1,2025-11-24T09:00:00Z,66.871429,0.6961,43.45,normal,1,low,0,59.28
DE40,H1,2025-11-24T10:00:00Z,67.235714,0.7017,45.04,normal,1,low,0,64.35
DE40,H1,2025-11-24T11:00:00Z,76.521429,0.7984,60.52,normal,1,medium,0,61.54
DE40,H1,2025-11-24T12:00:00Z,75.414286,0.7863,58.53,normal,1,medium,0,65.16
DE40,H1,2025-11-24T13:00:00Z,76.728571,0.7980,60.91,normal,1,medium,0,64.73
DE40,H1,2025-11-24T14:00:00Z,77.385714,0.8024,61.31,normal,1,medium,0,67.66
DE40,H1,2025-11-24T15:00:00Z,77.657143,0.8033,61.31,normal,1,medium,0,68.39
DE40,H1,2025-11-24T16:00:00Z,79.978571,0.8253,66.07,normal,1,medium,0,73.29
DE40,H1,2025-11-24T17:00:00Z,80.907143,0.8334,67.26,normal,1,high,0,73.22
DE40,H1,2025-11-24T18:00:00Z,84.164286,0.8653,74.40,elevated,1,medium,0,71.35
DE40,H1,2025-11-24T19:00:00Z,88.564286,0.9077,81.94,elevated,1,medium,0,69.67
DE40,H1,2025-11-24T20:00:00Z,88.635714,0.9057,81.94,elevated,1,medium,0,66.65
DE40,H1,2025-11-24T21:00:00Z,91.100000,0.9277,83.93,elevated,1,medium,0,64.75
DE40,H1,2025-11-24T22:00:00Z,93.671429,0.9508,85.32,elevated,1,medium,0,63.22
DE40,H1,2025-11-24T23:00:00Z,90.064286,0.9156,82.34,elevated,1,medium,0,65.72
DE40,H1,2025-11-25T01:00:00Z,79.785714,0.8155,64.48,normal,1,medium,0,71.89
DE40,H1,2025-11-25T02:00:00Z,70.071429,0.7238,49.01,normal,1,medium,0,77.60
DE40,H1,2025-11-25T03:00:00Z,62.464286,0.6538,35.12,normal,1,medium,0,80.96
DE40,H1,2025-11-25T04:00:00Z,57.928571,0.6161,27.98,calm,1,medium,0,83.41
DE40,H1,2025-11-25T05:00:00Z,56.914286,0.6150,26.79,calm,1,medium,0,82.65
DE40,H1,2025-11-25T06:00:00Z,52.378571,0.5756,18.85,calm,1,medium,0,83.16
DE40,H1,2025-11-25T07:00:00Z,48.450000,0.5416,13.29,calm,1,high,0,81.60
DE40,H1,2025-11-25T08:00:00Z,47.200000,0.5363,12.10,calm,1,high,0,82.68
DE40,H1,2025-11-25T09:00:00Z,44.414286,0.5128,8.93,squeeze,1,high,0,82.28
DE40,H1,2025-11-25T10:00:00Z,48.764286,0.5711,15.28,calm,1,high,0,81.27
DE40,H1,2025-11-25T11:00:00Z,54.657143,0.6483,23.21,calm,1,high,0,81.70
DE40,H1,2025-11-25T12:00:00Z,55.978571,0.6719,26.39,calm,1,high,0,82.78
DE40,H1,2025-11-25T13:00:00Z,54.707143,0.6643,23.21,calm,1,high,0,83.37
DE40,H1,2025-11-25T14:00:00Z,68.407143,0.8344,47.42,normal,1,medium,0,51.70
DE40,H1,2025-11-25T15:00:00Z,73.828571,0.9047,53.37,normal,1,low,0,47.62
DE40,H1,2025-11-25T16:00:00Z,84.221429,1.0327,73.21,elevated,1,low,0,41.73
DE40,H1,2025-11-25T17:00:00Z,92.292857,1.1309,84.33,elevated,0,off,1,35.77
DE40,H1,2025-11-25T18:00:00Z,97.535714,1.1914,87.50,elevated,0,off,0,31.27
DE40,H1,2025-11-25T19:00:00Z,97.857143,1.1944,88.29,elevated,0,off,0,25.91
DE40,H1,2025-11-25T20:00:00Z,97.792857,1.1932,87.90,elevated,0,off,0,25.58
DE40,H1,2025-11-25T21:00:00Z,97.542857,1.1903,86.71,elevated,0,off,0,24.24
DE40,H1,2025-11-25T22:00:00Z,98.328571,1.2015,88.69,elevated,0,off,0,23.92
DE40,H1,2025-11-25T23:00:00Z,95.464286,1.1715,84.33,elevated,0,off,0,22.67
DE40,H1,2025-11-26T01:00:00Z,87.385714,1.0794,76.39,elevated,0,off,0,23.21
DE40,H1,2025-11-26T02:00:00Z,83.478571,1.0407,67.26,normal,0,off,0,20.87
DE40,H1,2025-11-26T03:00:00Z,80.157143,1.0101,61.71,normal,0,off,0,23.74
DE40,H1,2025-11-26T04:00:00Z,78.857143,1.0049,57.34,normal,0,off,0,23.56
DE40,H1,2025-11-26T05:00:00Z,64.264286,0.8313,32.74,normal,0,off,0,33.42
DE40,H1,2025-11-26T06:00:00Z,58.371429,0.7652,25.99,calm,0,off,0,35.83
DE40,H1,2025-11-26T07:00:00Z,47.300000,0.6290,10.91,calm,0,off,0,41.58
DE40,H1,2025-11-26T08:00:00Z,38.335714,0.5176,2.98,squeeze,0,off,0,43.17
DE40,H1,2025-11-26T09:00:00Z,36.735714,0.5031,2.18,squeeze,0,off,0,47.04
DE40,H1,2025-11-26T10:00:00Z,40.921429,0.5665,4.17,squeeze,0,off,0,55.14
DE40,H1,2025-11-26T11:00:00Z,45.878571,0.6401,8.93,squeeze,1,low,0,51.35
DE40,H1,2025-11-26T12:00:00Z,47.485714,0.6667,10.91,calm,1,low,0,47.62
DE40,H1,2025-11-26T13:00:00Z,48.128571,0.6793,11.71,calm,1,low,0,52.65
DE40,H1,2025-11-26T14:00:00Z,54.557143,0.7728,19.25,calm,1,medium,0,60.40
DE40,H1,2025-11-26T15:00:00Z,57.850000,0.8238,24.01,calm,1,medium,0,58.58
DE40,H1,2025-11-26T16:00:00Z,60.900000,0.8709,28.37,calm,1,medium,0,56.26
DE40,H1,2025-11-26T17:00:00Z,65.257143,0.9363,35.12,normal,1,low,0,57.19
DE40,H1,2025-11-26T18:00:00Z,67.507143,0.9713,39.48,normal,1,low,0,48.99
DE40,H1,2025-11-26T19:00:00Z,69.542857,1.0029,43.06,normal,0,off,1,42.89
DE40,H1,2025-11-26T20:00:00Z,71.514286,1.0339,45.04,normal,0,off,0,39.92
DE40,H1,2025-11-26T21:00:00Z,70.800000,1.0266,44.64,normal,0,off,0,40.58
DE40,H1,2025-11-26T22:00:00Z,70.942857,1.0326,44.64,normal,0,off,0,37.17
DE40,H1,2025-11-26T23:00:00Z,66.407143,0.9728,34.72,normal,0,off,0,39.70
DE40,H1,2025-11-27T01:00:00Z,60.692857,0.8965,25.20,calm,0,off,0,42.84
DE40,H1,2025-11-27T02:00:00Z,55.121429,0.8229,17.26,calm,0,off,0,45.21
DE40,H1,2025-11-27T03:00:00Z,53.157143,0.8033,15.28,calm,0,off,0,45.23
DE40,H1,2025-11-27T04:00:00Z,50.014286,0.7651,12.50,calm,0,off,0,46.01
DE40,H1,2025-11-27T05:00:00Z,42.942857,0.6644,4.17,squeeze,0,off,0,49.65
DE40,H1,2025-11-27T06:00:00Z,39.921429,0.6235,2.58,squeeze,0,off,0,49.40
DE40,H1,2025-11-27T07:00:00Z,33.814286,0.5329,1.39,squeeze,0,off,0,46.17
DE40,H1,2025-11-27T08:00:00Z,29.814286,0.4740,0.20,squeeze,0,off,0,43.60
DE40,H1,2025-11-27T09:00:00Z,27.778571,0.4458,0.20,squeeze,0,off,0,42.71
DE40,H1,2025-11-27T10:00:00Z,33.778571,0.5453,0.99,squeeze,0,off,0,46.57
DE40,H1,2025-11-27T11:00:00Z,34.700000,0.5627,1.79,squeeze,1,low,0,51.33
DE40,H1,2025-11-27T12:00:00Z,36.557143,0.5949,2.18,squeeze,1,medium,0,56.86
DE40,H1,2025-11-27T13:00:00Z,37.128571,0.6056,2.98,squeeze,1,high,0,57.90
DE40,H1,2025-11-27T14:00:00Z,38.521429,0.6304,3.77,squeeze,1,medium,0,70.68
DE40,H1,2025-11-27T15:00:00Z,41.978571,0.6899,4.96,squeeze,1,medium,0,75.17
DE40,H1,2025-11-27T16:00:00Z,43.585714,0.7192,6.15,squeeze,1,medium,0,72.21
DE40,H1,2025-11-27T17:00:00Z,43.935714,0.7276,6.55,squeeze,1,medium,0,72.91
DE40,H1,2025-11-27T18:00:00Z,46.842857,0.7813,9.33,squeeze,1,medium,0,70.52
DE40,H1,2025-11-27T19:00:00Z,47.628571,0.8014,10.91,calm,1,medium,0,68.80
DE40,H1,2025-11-27T20:00:00Z,46.185714,0.7872,9.33,squeeze,1,medium,0,69.74
DE40,H1,2025-11-27T21:00:00Z,45.042857,0.7803,8.13,squeeze,1,medium,0,70.34
DE40,H1,2025-11-27T22:00:00Z,42.971429,0.7588,6.15,squeeze,1,medium,0,72.00
DE40,H1,2025-11-28T01:00:00Z,42.150000,0.7592,5.75,squeeze,1,medium,0,72.64
DE40,H1,2025-11-28T02:00:00Z,35.935714,0.6620,2.18,squeeze,1,medium,0,79.19
DE40,H1,2025-11-28T03:00:00Z,33.364286,0.6295,0.99,squeeze,1,medium,0,82.08
DE40,H1,2025-11-28T04:00:00Z,30.400000,0.5887,0.99,squeeze,1,medium,0,83.82
DE40,H1,2025-11-28T05:00:00Z,29.007143,0.5766,0.60,squeeze,1,medium,0,82.94
DE40,H1,2025-11-28T06:00:00Z,27.685714,0.5637,0.20,squeeze,1,medium,0,82.41
DE40,H1,2025-11-28T07:00:00Z,24.828571,0.5179,0.20,squeeze,1,high,0,85.20
DE40,H1,2025-11-28T08:00:00Z,23.792857,0.5082,0.20,squeeze,1,high,0,87.47
DE40,H1,2025-11-28T09:00:00Z,24.335714,0.5322,0.60,squeeze,1,high,0,85.95
DE40,H1,2025-11-28T10:00:00Z,24.642857,0.5484,0.99,squeeze,1,medium,0,82.47
DE40,H1,2025-11-28T11:00:00Z,26.892857,0.6070,1.79,squeeze,1,medium,0,82.13
DE40,H1,2025-11-28T12:00:00Z,27.928571,0.6359,2.98,squeeze,1,medium,0,80.93
DE40,H1,2025-11-28T13:00:00Z,30.142857,0.6889,4.17,squeeze,1,medium,0,79.83
DE40,H1,2025-11-28T14:00:00Z,32.892857,0.7531,4.96,squeeze,1,medium,0,73.38
DE40,H1,2025-11-28T15:00:00Z,34.214286,0.7858,6.55,squeeze,1,medium,0,70.27
DE40,H1,2025-11-28T16:00:00Z,34.785714,0.8030,7.34,squeeze,1,low,0,58.86
DE40,H1,2025-11-28T17:00:00Z,37.607143,0.8721,9.33,squeeze,1,low,0,53.05
DE40,H1,2025-11-28T18:00:00Z,39.785714,0.9262,10.52,calm,1,low,0,52.01
DE40,H1,2025-11-28T19:00:00Z,40.785714,0.9556,11.31,calm,1,low,0,51.25
DE40,H1,2025-11-28T20:00:00Z,40.750000,0.9625,11.31,calm,1,low,0,51.61
DE40,H1,2025-11-28T21:00:00Z,40.142857,0.9575,11.31,calm,0,off,1,50.59
DE40,H1,2025-11-28T22:00:00Z,39.821429,0.9615,10.91,calm,0,off,0,49.06
DE40,H1,2025-12-01T01:00:00Z,39.342857,0.9631,10.52,calm,0,off,0,47.50
DE40,H1,2025-12-01T02:00:00Z,41.950000,1.0410,13.69,calm,0,off,0,47.44
DE40,H1,2025-12-01T03:00:00Z,41.985714,1.0573,14.48,calm,1,low,0,47.53
DE40,H1,2025-12-01T04:00:00Z,43.128571,1.1015,16.07,calm,1,low,0,44.96
DE40,H1,2025-12-01T05:00:00Z,42.414286,1.0993,15.28,calm,0,off,1,43.73
DE40,H1,2025-12-01T06:00:00Z,41.200000,1.0819,13.69,calm,0,off,0,44.92
DE40,H1,2025-12-01T07:00:00Z,41.378571,1.0977,14.09,calm,0,off,0,37.04
DE40,H1,2025-12-01T08:00:00Z,40.307143,1.0778,12.50,calm,0,off,0,35.74
DE40,H1,2025-12-01T09:00:00Z,40.650000,1.0943,12.90,calm,0,off,0,34.97
DE40,H1,2025-12-01T10:00:00Z,45.400000,1.2252,20.04,calm,0,off,0,35.20
DE40,H1,2025-12-01T11:00:00Z,54.292857,1.4563,28.37,calm,0,off,0,25.45
DE40,H1,2025-12-01T12:00:00Z,61.757143,1.6373,35.12,normal,0,off,0,20.96
DE40,H1,2025-12-01T13:00:00Z,65.107143,1.6979,39.48,normal,0,off,0,19.50
DE40,H1,2025-12-01T14:00:00Z,68.714286,1.7564,45.04,normal,0,off,0,17.12
DE40,H1,2025-12-01T15:00:00Z,73.335714,1.8318,50.20,normal,0,off,0,18.49
DE40,H1,2025-12-01T16:00:00Z,71.550000,1.7541,48.61,normal,0,off,0,19.65
DE40,H1,2025-12-01T17:00:00Z,71.300000,1.7172,48.21,normal,0,off,0,20.17
DE40,H1,2025-12-01T18:00:00Z,72.228571,1.7102,49.80,normal,0,off,0,21.36
DE40,H1,2025-12-01T19:00:00Z,73.407143,1.7087,51.79,normal,0,off,0,21.99
DE40,H1,2025-12-01T20:00:00Z,73.800000,1.6901,52.98,normal,0,off,0,23.71
DE40,H1,2025-12-01T21:00:00Z,77.407143,1.7444,59.33,normal,0,off,0,28.83
DE40,H1,2025-12-01T22:00:00Z,78.192857,1.7350,60.91,normal,0,off,0,36.40
DE40,H1,2025-12-01T23:00:00Z,74.592857,1.6329,55.36,normal,0,off,0,36.60
DE40,H1,2025-12-02T01:00:00Z,68.492857,1.4853,45.04,normal,0,off,0,38.53
DE40,H1,2025-12-02T02:00:00Z,59.921429,1.2926,34.33,normal,0,off,0,36.51
DE40,H1,2025-12-02T03:00:00Z,54.314286,1.1675,28.77,calm,0,off,0,35.91
DE40,H1,2025-12-02T04:00:00Z,51.785714,1.1099,27.18,calm,0,off,0,37.08
DE40,H1,2025-12-02T05:00:00Z,48.571429,1.0386,25.20,calm,1,low,0,41.30
DE40,H1,2025-12-02T06:00:00Z,43.000000,0.9191,18.06,calm,1,low,0,46.86
DE40,H1,2025-12-02T07:00:00Z,39.178571,0.8363,10.52,calm,1,medium,0,54.98
DE40,H1,2025-12-02T08:00:00Z,39.571429,0.8424,11.31,calm,1,low,0,60.02
DE40,H1,2025-12-02T09:00:00Z,38.542857,0.8177,10.52,calm,1,low,0,59.50
DE40,H1,2025-12-02T10:00:00Z,43.935714,0.9262,20.63,calm,1,low,0,46.48
DE40,H1,2025-12-02T11:00:00Z,44.435714,0.9302,21.63,calm,1,low,0,49.77
DE40,H1,2025-12-02T12:00:00Z,44.578571,0.9255,22.02,calm,0,off,1,54.36
DE40,H1,2025-12-02T13:00:00Z,44.792857,0.9219,22.42,calm,0,off,0,49.36
DE40,H1,2025-12-02T14:00:00Z,49.907143,1.0165,27.98,calm,0,off,0,45.69
DE40,H1,2025-12-02T15:00:00Z,51.771429,1.0429,28.77,calm,0,off,0,45.68
DE40,H1,2025-12-02T16:00:00Z,52.771429,1.0521,29.96,calm,0,off,0,39.12
DE40,H1,2025-12-02T17:00:00Z,56.057143,1.1052,33.93,normal,0,off,0,37.18
DE40,H1,2025-12-02T18:00:00Z,60.857143,1.1855,37.10,normal,0,off,0,34.71
DE40,H1,2025-12-02T19:00:00Z,64.178571,1.2352,39.88,normal,0,off,0,35.98
DE40,H1,2025-12-02T20:00:00Z,65.464286,1.2449,43.06,normal,0,off,0,37.09
DE40,H1,2025-12-02T21:00:00Z,66.392857,1.2476,43.85,normal,0,off,0,37.91
DE40,H1,2025-12-02T22:00:00Z,64.607143,1.2018,41.47,normal,0,off,0,40.95
DE40,H1,2025-12-02T23:00:00Z,63.100000,1.1637,39.09,normal,0,off,0,41.97
DE40,H1,2025-12-03T01:00:00Z,56.157143,1.0298,33.93,normal,0,off,0,45.03
DE40,H1,2025-12-03T02:00:00Z,55.871429,1.0189,33.13,normal,1,low,0,47.73
DE40,H1,2025-12-03T03:00:00Z,50.728571,0.9216,28.77,calm,1,low,0,53.67
DE40,H1,2025-12-03T04:00:00Z,48.871429,0.8849,27.98,calm,1,medium,0,57.29
DE40,H1,2025-12-03T05:00:00Z,44.050000,0.7963,21.23,calm,1,medium,0,66.10
DE40,H1,2025-12-03T06:00:00Z,41.321429,0.7471,16.07,calm,1,high,0,68.50
DE40,H1,2025-12-03T07:00:00Z,39.821429,0.7206,12.70,calm,1,high,0,73.09
DE40,H1,2025-12-03T08:00:00Z,35.607143,0.6461,7.74,squeeze,1,high,0,77.41
DE40,H1,2025-12-03T09:00:00Z,30.842857,0.5620,4.96,squeeze,1,high,0,80.18
DE40,H1,2025-12-03T10:00:00Z,30.200000,0.5525,4.56,squeeze,1,medium,0,81.05
DE40,H1,2025-12-03T11:00:00Z,32.271429,0.5924,5.75,squeeze,1,medium,0,75.87
DE40,H1,2025-12-03T12:00:00Z,34.057143,0.6266,7.74,squeeze,1,medium,0,82.39
DE40,H1,2025-12-03T13:00:00Z,35.164286,0.6482,9.33,squeeze,1,medium,0,80.68
DE40,H1,2025-12-03T14:00:00Z,37.592857,0.6950,11.71,calm,1,medium,0,77.37
DE40,H1,2025-12-03T15:00:00Z,40.678571,0.7559,17.66,calm,1,medium,0,72.20
DE40,H1,2025-12-03T16:00:00Z,44.464286,0.8316,26.39,calm,1,medium,0,58.90
DE40,H1,2025-12-03T17:00:00Z,46.357143,0.8731,29.17,calm,1,medium,0,57.56
DE40,H1,2025-12-03T18:00:00Z,48.978571,0.9294,33.53,normal,1,medium,0,55.36
DE40,H1,2025-12-03T19:00:00Z,51.157143,0.9789,35.12,normal,1,medium,0,54.68
DE40,H1,2025-12-03T20:00:00Z,53.050000,1.0224,37.10,normal,1,medium,0,53.06
DE40,H1,2025-12-03T21:00:00Z,54.871429,1.0642,39.88,normal,1,medium,0,52.48
DE40,H1,2025-12-03T22:00:00Z,54.800000,1.0701,39.88,normal,1,medium,0,51.14
DE40,H1,2025-12-03T23:00:00Z,56.964286,1.1195,43.06,normal,1,medium,0,51.09
DE40,H1,2025-12-04T01:00:00Z,52.957143,1.0494,37.10,normal,1,medium,0,54.16
DE40,H1,2025-12-04T02:00:00Z,50.285714,1.0073,34.72,normal,1,medium,0,56.70
DE40,H1,2025-12-04T03:00:00Z,47.821429,0.9697,31.55,normal,1,medium,0,59.59
DE40,H1,2025-12-04T04:00:00Z,47.892857,0.9818,31.94,normal,1,medium,0,59.76
DE40,H1,2025-12-04T05:00:00Z,46.678571,0.9655,29.56,calm,1,medium,0,60.75
DE40,H1,2025-12-04T06:00:00Z,43.107143,0.8979,23.61,calm,1,medium,0,61.78
DE40,H1,2025-12-04T07:00:00Z,37.464286,0.7859,11.71,calm,1,low,0,66.28
DE40,H1,2025-12-04T08:00:00Z,35.642857,0.7528,10.12,calm,1,low,0,67.86
DE40,H1,2025-12-04T09:00:00Z,34.271429,0.7282,8.53,squeeze,0,off,1,63.52
DE40,H1,2025-12-04T10:00:00Z,37.321429,0.7949,12.50,calm,0,off,0,54.99
DE40,H1,2025-12-04T11:00:00Z,40.142857,0.8547,18.45,calm,0,off,0,51.27
DE40,H1,2025-12-04T12:00:00Z,39.928571,0.8500,18.06,calm,0,off,0,50.65
DE40,H1,2025-12-04T13:00:00Z,41.571429,0.8838,22.82,calm,0,off,0,49.11
DE40,H1,2025-12-04T14:00:00Z,41.907143,0.8917,23.21,calm,0,off,0,46.98
DE40,H1,2025-12-04T15:00:00Z,44.592857,0.9488,30.75,normal,0,off,0,41.32
DE40,H1,2025-12-04T16:00:00Z,46.764286,0.9941,33.93,normal,0,off,0,45.47
DE40,H1,2025-12-04T17:00:00Z,48.550000,1.0304,37.90,normal,0,off,0,44.74
DE40,H1,2025-12-04T18:00:00Z,48.557143,1.0311,38.29,normal,0,off,0,48.27
DE40,H1,2025-12-04T19:00:00Z,47.592857,1.0125,35.91,normal,0,off,0,49.49
DE40,H1,2025-12-04T20:00:00Z,48.092857,1.0251,37.50,normal,0,off,0,48.58
DE40,H1,2025-12-04T21:00:00Z,51.700000,1.1041,43.06,normal,1,low,0,45.36
DE40,H1,2025-12-04T22:00:00Z,52.378571,1.1226,44.64,normal,1,low,0,43.59
DE40,H1,2025-12-04T23:00:00Z,50.471429,1.0882,42.26,normal,1,low,0,44.52
DE40,H1,2025-12-05T01:00:00Z,45.335714,0.9860,31.94,normal,1,low,0,52.37
DE40,H1,2025-12-05T02:00:00Z,41.050000,0.9027,21.63,calm,1,medium,0,57.10
DE40,H1,2025-12-05T03:00:00Z,39.085714,0.8693,15.28,calm,1,medium,0,61.18
DE40,H1,2025-12-05T04:00:00Z,37.871429,0.8518,14.09,calm,1,medium,0,63.04
DE40,H1,2025-12-05T05:00:00Z,34.050000,0.7736,7.74,squeeze,1,high,0,68.61
DE40,H1,2025-12-05T06:00:00Z,31.585714,0.7256,5.75,squeeze,1,medium,0,73.55
DE40,H1,2025-12-05T07:00:00Z,28.085714,0.6520,3.37,squeeze,1,medium,0,77.19
DE40,H1,2025-12-05T08:00:00Z,25.800000,0.6054,1.79,squeeze,1,medium,0,86.78
DE40,H1,2025-12-05T09:00:00Z,24.578571,0.5821,0.99,squeeze,1,medium,0,84.69
DE40,H1,2025-12-05T10:00:00Z,30.221429,0.7195,6.15,squeeze,1,low,0,64.83
DE40,H1,2025-12-05T11:00:00Z,33.507143,0.8001,8.93,squeeze,0,off,1,57.52
DE40,H1,2025-12-05T12:00:00Z,33.542857,0.8017,9.33,squeeze,0,off,0,50.41
DE40,H1,2025-12-05T13:00:00Z,34.114286,0.8141,11.31,calm,0,off,0,44.09
DE40,H1,2025-12-05T14:00:00Z,35.842857,0.8531,14.48,calm,0,off,0,38.75
DE40,H1,2025-12-05T15:00:00Z,37.678571,0.8945,18.06,calm,0,off,0,31.12
DE40,H1,2025-12-05T16:00:00Z,39.714286,0.9403,21.63,calm,0,off,0,28.15
DE40,H1,2025-12-05T17:00:00Z,44.035714,1.0382,34.72,normal,0,off,0,20.62
DE40,H1,2025-12-05T18:00:00Z,46.685714,1.0960,40.67,normal,0,off,0,18.67
DE40,H1,2025-12-05T19:00:00Z,47.900000,1.1207,44.64,normal,0,off,0,20.54
DE40,H1,2025-12-05T20:00:00Z,48.721429,1.1377,47.42,normal,0,off,0,21.33
DE40,H1,2025-12-05T21:00:00Z,49.721429,1.1592,49.01,normal,0,off,0,22.59
DE40,H1,2025-12-05T22:00:00Z,50.721429,1.1816,50.99,normal,0,off,0,26.89
DE40,H1,2025-12-08T01:00:00Z,49.835714,1.1616,49.40,normal,0,off,0,30.47
DE40,H1,2025-12-08T02:00:00Z,45.300000,1.0597,38.29,normal,0,off,0,33.59
DE40,H1,2025-12-08T03:00:00Z,41.907143,0.9864,29.37,calm,0,off,0,41.27
DE40,H1,2025-12-08T04:00:00Z,38.157143,0.9052,18.85,calm,0,off,0,47.77
DE40,H1,2025-12-08T05:00:00Z,35.871429,0.8596,14.88,calm,1,low,0,52.11
DE40,H1,2025-12-08T06:00:00Z,34.764286,0.8404,12.90,calm,1,low,0,53.73
DE40,H1,2025-12-08T07:00:00Z,32.978571,0.8039,8.53,squeeze,1,medium,0,56.65
DE40,H1,2025-12-08T08:00:00Z,31.835714,0.7822,7.74,squeeze,1,medium,0,64.56
DE40,H1,2025-12-08T09:00:00Z,28.585714,0.7090,4.56,squeeze,1,high,0,71.49
DE40,H1,2025-12-08T10:00:00Z,29.378571,0.7350,5.36,squeeze,1,high,0,73.01
DE40,H1,2025-12-08T11:00:00Z,32.271429,0.8118,9.33,squeeze,1,medium,0,69.86
DE40,H1,2025-12-08T12:00:00Z,32.521429,0.8201,9.72,squeeze,1,medium,0,69.52
DE40,H1,2025-12-08T13:00:00Z,33.414286,0.8436,11.31,calm,1,medium,0,67.40
DE40,H1,2025-12-08T14:00:00Z,33.128571,0.8368,10.91,calm,1,medium,0,65.90
DE40,H1,2025-12-08T15:00:00Z,34.871429,0.8820,16.87,calm,1,medium,0,65.49
DE40,H1,2025-12-08T16:00:00Z,35.121429,0.8905,17.26,calm,1,medium,0,62.09
DE40,H1,2025-12-08T17:00:00Z,40.128571,1.0174,29.17,calm,1,medium,0,57.46
DE40,H1,2025-12-08T18:00:00Z,43.735714,1.1076,39.88,normal,1,medium,0,54.87
DE40,H1,2025-12-08T19:00:00Z,45.450000,1.1490,45.83,normal,1,medium,0,53.60
DE40,H1,2025-12-08T20:00:00Z,47.307143,1.1943,49.80,normal,1,medium,0,53.83
DE40,H1,2025-12-08T21:00:00Z,46.842857,1.1825,48.61,normal,1,medium,0,52.17
DE40,H1,2025-12-08T22:00:00Z,45.842857,1.1589,46.23,normal,1,medium,0,51.79
DE40,H1,2025-12-08T23:00:00Z,45.578571,1.1539,46.23,normal,1,medium,0,53.35
DE40,H1,2025-12-09T01:00:00Z,41.914286,1.0642,35.52,normal,1,medium,0,55.88
DE40,H1,2025-12-09T02:00:00Z,38.557143,0.9838,25.20,calm,1,medium,0,60.54
DE40,H1,2025-12-09T03:00:00Z,38.200000,0.9814,24.01,calm,1,medium,0,60.87
DE40,H1,2025-12-09T04:00:00Z,36.378571,0.9424,20.04,calm,1,medium,0,62.73
DE40,H1,2025-12-09T05:00:00Z,35.235714,0.9200,18.06,calm,1,medium,0,63.12
DE40,H1,2025-12-09T06:00:00Z,32.664286,0.8586,10.12,calm,1,medium,0,66.90
DE40,H1,2025-12-09T07:00:00Z,31.450000,0.8308,8.13,squeeze,1,medium,0,66.86
DE40,H1,2025-12-09T08:00:00Z,29.300000,0.7781,5.36,squeeze,1,medium,0,68.73
DE40,H1,2025-12-09T09:00:00Z,27.121429,0.7243,2.98,squeeze,1,medium,0,71.11
DE40,H1,2025-12-09T10:00:00Z,33.050000,0.8831,12.50,calm,1,low,0,49.86
DE40,H1,2025-12-09T11:00:00Z,33.157143,0.8853,13.29,calm,0,off,1,48.24
DE40,H1,2025-12-09T12:00:00Z,35.157143,0.9351,20.04,calm,0,off,0,44.45
DE40,H1,2025-12-09T13:00:00Z,37.978571,1.0037,27.18,calm,0,off,0,41.14
DE40,H1,2025-12-09T14:00:00Z,38.528571,1.0108,29.17,calm,0,off,0,38.32
DE40,H1,2025-12-09T15:00:00Z,39.285714,1.0257,31.15,normal,0,off,0,36.39
DE40,H1,2025-12-09T16:00:00Z,41.714286,1.0845,40.28,normal,0,off,0,34.12
DE40,H1,2025-12-09T17:00:00Z,42.435714,1.0982,43.85,normal,0,off,0,34.08
DE40,H1,2025-12-09T18:00:00Z,43.414286,1.1181,46.23,normal,0,off,0,34.74
DE40,H1,2025-12-09T19:00:00Z,45.807143,1.1737,53.77,normal,0,off,0,32.75
DE40,H1,2025-12-09T20:00:00Z,47.378571,1.2080,58.93,normal,0,off,0,35.03
DE40,H1,2025-12-09T21:00:00Z,47.092857,1.1962,57.74,normal,0,off,0,38.13
DE40,H1,2025-12-09T22:00:00Z,44.664286,1.1342,50.99,normal,0,off,0,40.30
DE40,H1,2025-12-09T23:00:00Z,43.492857,1.1062,46.63,normal,0,off,0,40.95
DE40,H1,2025-12-10T01:00:00Z,36.328571,0.9295,23.21,calm,1,low,0,51.90
DE40,H1,2025-12-10T02:00:00Z,35.928571,0.9253,22.82,calm,1,low,0,55.80
DE40,H1,2025-12-10T03:00:00Z,34.321429,0.8910,18.06,calm,1,medium,0,59.24
DE40,H1,2025-12-10T04:00:00Z,31.821429,0.8342,9.72,squeeze,1,medium,0,63.57
DE40,H1,2025-12-10T05:00:00Z,30.035714,0.7957,6.94,squeeze,1,medium,0,72.09
DE40,H1,2025-12-10T06:00:00Z,28.785714,0.7693,5.36,squeeze,1,high,0,75.80
DE40,H1,2025-12-10T07:00:00Z,27.321429,0.7359,3.37,squeeze,1,medium,0,79.51
DE40,H1,2025-12-10T08:00:00Z,26.600000,0.7210,2.58,squeeze,1,medium,0,80.92
DE40,H1,2025-12-10T09:00:00Z,27.942857,0.7606,5.36,squeeze,1,medium,0,79.16
DE40,H1,2025-12-10T10:00:00Z,33.014286,0.8995,14.88,calm,1,medium,0,69.90
DE40,H1,2025-12-10T11:00:00Z,38.835714,1.0548,34.33,normal,1,medium,0,45.77
DE40,H1,2025-12-10T12:00:00Z,41.942857,1.1330,46.23,normal,1,low,0,45.02
DE40,H1,2025-12-10T13:00:00Z,44.514286,1.1922,54.96,normal,1,low,0,46.28
DE40,H1,2025-12-10T14:00:00Z,46.114286,1.2240,60.52,normal,1,low,0,45.21
DE40,H1,2025-12-10T15:00:00Z,47.457143,1.2496,65.28,normal,1,low,0,45.46
DE40,H1,2025-12-10T16:00:00Z,48.000000,1.2537,68.06,normal,1,low,0,45.36
DE40,H1,2025-12-10T17:00:00Z,49.750000,1.2884,72.02,elevated,1,low,0,46.61
DE40,H1,2025-12-10T18:00:00Z,54.564286,1.3976,79.96,elevated,1,low,0,49.37
DE40,H1,2025-12-10T19:00:00Z,55.921429,1.4170,81.94,elevated,1,low,0,48.71
DE40,H1,2025-12-10T20:00:00Z,56.135714,1.4075,82.74,elevated,1,low,0,49.33
DE40,H1,2025-12-10T21:00:00Z,59.992857,1.4893,85.12,elevated,1,low,0,51.84
DE40,H1,2025-12-10T22:00:00Z,62.028571,1.5260,87.10,elevated,1,low,0,45.23
DE40,H1,2025-12-10T23:00:00Z,60.807143,1.4848,85.91,elevated,1,low,0,44.75
DE40,H1,2025-12-11T01:00:00Z,55.035714,1.3388,81.15,elevated,0,off,1,44.42
DE40,H1,2025-12-11T02:00:00Z,49.335714,1.1987,71.63,elevated,0,off,0,44.53
DE40,H1,2025-12-11T03:00:00Z,47.014286,1.1416,63.69,normal,0,off,0,45.04
DE40,H1,2025-12-11T04:00:00Z,47.800000,1.1594,67.26,normal,1,low,0,47.08
DE40,H1,2025-12-11T05:00:00Z,53.728571,1.2958,79.96,elevated,1,low,0,47.57
DE40,H1,2025-12-11T06:00:00Z,52.692857,1.2622,78.37,elevated,0,off,1,45.72
DE40,H1,2025-12-11T07:00:00Z,52.871429,1.2577,79.17,elevated,0,off,0,44.20
DE40,H1,2025-12-11T08:00:00Z,53.014286,1.2512,79.96,elevated,0,off,0,41.75
DE40,H1,2025-12-11T09:00:00Z,52.985714,1.2401,79.56,elevated,0,off,0,42.89
DE40,H1,2025-12-11T10:00:00Z,59.271429,1.3702,87.10,elevated,0,off,0,44.69
DE40,H1,2025-12-11T11:00:00Z,61.342857,1.3987,89.48,elevated,1,low,0,44.45
DE40,H1,2025-12-11T12:00:00Z,59.092857,1.3293,86.31,elevated,1,low,0,45.10
DE40,H1,2025-12-11T13:00:00Z,58.378571,1.2951,85.91,elevated,1,low,0,44.61
DE40,H1,2025-12-11T14:00:00Z,60.528571,1.3266,87.50,elevated,1,low,0,43.31
DE40,H1,2025-12-11T15:00:00Z,61.300000,1.3271,89.09,elevated,0,off,1,41.29
DE40,H1,2025-12-11T16:00:00Z,64.357143,1.3759,91.07,extreme,0,off,0,39.79
DE40,H1,2025-12-11T17:00:00Z,70.178571,1.4800,95.04,extreme,0,off,0,32.54
DE40,H1,2025-12-11T18:00:00Z,72.214286,1.5016,97.02,extreme,0,off,0,30.32
DE40,H1,2025-12-11T19:00:00Z,67.357143,1.3844,92.66,extreme,0,off,0,30.16
DE40,H1,2025-12-11T20:00:00Z,67.678571,1.3763,93.06,extreme,0,off,0,29.43
DE40,H1,2025-12-11T21:00:00Z,66.321429,1.3358,91.87,extreme,0,off,0,27.52
DE40,H1,2025-12-11T22:00:00Z,65.964286,1.3166,91.87,extreme,0,off,0,26.71
DE40,H1,2025-12-11T23:00:00Z,62.992857,1.2487,89.48,elevated,0,off,0,24.61
DE40,H1,2025-12-12T01:00:00Z,57.992857,1.1448,84.33,elevated,0,off,0,22.26
DE40,H1,2025-12-12T02:00:00Z,56.757143,1.1162,83.93,elevated,0,off,0,20.14
DE40,H1,2025-12-12T03:00:00Z,53.828571,1.0548,79.17,elevated,0,off,0,22.31
DE40,H1,2025-12-12T04:00:00Z,52.042857,1.0164,75.20,elevated,0,off,0,23.43
DE40,H1,2025-12-12T05:00:00Z,49.150000,0.9551,69.64,normal,0,off,0,25.93
DE40,H1,2025-12-12T06:00:00Z,48.114286,0.9306,67.26,normal,0,off,0,25.11
DE40,H1,2025-12-12T07:00:00Z,45.864286,0.8831,58.53,normal,0,off,0,28.09
DE40,H1,2025-12-12T08:00:00Z,40.150000,0.7706,39.09,normal,0,off,0,36.08
DE40,H1,2025-12-12T09:00:00Z,34.900000,0.6686,22.42,calm,0,off,0,44.61
DE40,H1,2025-12-12T10:00:00Z,39.328571,0.7504,34.72,normal,0,off,0,40.16
DE40,H1,2025-12-12T11:00:00Z,41.507143,0.7877,42.66,normal,0,off,0,42.45
DE40,H1,2025-12-12T12:00:00Z,45.685714,0.8608,57.34,normal,1,medium,0,50.67
DE40,H1,2025-12-12T13:00:00Z,45.900000,0.8590,58.53,normal,1,medium,0,58.77
DE40,H1,2025-12-12T14:00:00Z,44.907143,0.8367,54.17,normal,1,medium,0,60.64
DE40,H1,2025-12-12T15:00:00Z,44.192857,0.8217,50.99,normal,1,medium,0,68.22
DE40,H1,2025-12-12T16:00:00Z,46.035714,0.8547,58.53,normal,1,medium,0,66.79
DE40,H1,2025-12-12T17:00:00Z,56.607143,1.0463,83.93,elevated,1,low,0,41.63
DE40,H1,2025-12-12T18:00:00Z,60.514286,1.1126,87.10,elevated,0,off,1,31.65
DE40,H1,2025-12-12T19:00:00Z,63.657143,1.1634,90.67,extreme,0,off,0,32.06
DE40,H1,2025-12-12T20:00:00Z,64.621429,1.1739,91.87,extreme,0,off,0,32.40
DE40,H1,2025-12-12T21:00:00Z,63.300000,1.1443,89.88,elevated,0,off,0,30.00
DE40,H1,2025-12-12T22:00:00Z,64.871429,1.1683,91.87,extreme,0,off,0,28.82
DE40,H1,2025-12-15T01:00:00Z,65.264286,1.1715,92.26,extreme,0,off,0,28.49
DE40,H1,2025-12-15T02:00:00Z,60.478571,1.0839,84.72,elevated,0,off,0,32.36
DE40,H1,2025-12-15T03:00:00Z,58.300000,1.0455,82.34,elevated,0,off,0,35.61
DE40,H1,2025-12-15T04:00:00Z,53.371429,0.9601,75.20,elevated,0,off,0,41.11
DE40,H1,2025-12-15T05:00:00Z,50.907143,0.9190,69.64,normal,0,off,0,41.44
DE40,H1,2025-12-15T06:00:00Z,50.228571,0.9083,67.66,normal,0,off,0,41.89
DE40,H1,2025-12-15T07:00:00Z,48.942857,0.8852,64.48,normal,0,off,0,42.26
DE40,H1,2025-12-15T08:00:00Z,46.764286,0.8459,56.15,normal,0,off,0,43.17
DE40,H1,2025-12-15T09:00:00Z,37.442857,0.6798,24.01,calm,0,off,0,56.63
DE40,H1,2025-12-15T10:00:00Z,38.264286,0.6987,27.18,calm,1,low,0,62.68
DE40,H1,2025-12-15T11:00:00Z,37.192857,0.6830,22.82,calm,1,low,0,63.04
DE40,H1,2025-12-15T12:00:00Z,37.978571,0.7012,25.79,calm,1,low,0,65.65
DE40,H1,2025-12-15T13:00:00Z,37.621429,0.6986,24.40,calm,1,low,0,64.02
DE40,H1,2025-12-15T14:00:00Z,38.300000,0.7151,27.18,calm,1,low,0,69.82
DE40,H1,2025-12-15T15:00:00Z,37.907143,0.7135,24.80,calm,1,low,0,70.35
DE40,H1,2025-12-15T16:00:00Z,38.657143,0.7338,28.37,calm,1,low,0,75.57
DE40,H1,2025-12-15T17:00:00Z,41.371429,0.7907,37.90,normal,1,low,0,69.23
DE40,H1,2025-12-15T18:00:00Z,45.050000,0.8654,49.80,normal,1,low,0,66.62
DE40,H1,2025-12-15T19:00:00Z,48.985714,0.9452,64.88,normal,1,low,0,54.14
DE40,H1,2025-12-15T20:00:00Z,50.628571,0.9809,68.45,normal,0,off,1,51.30
DE40,H1,2025-12-15T21:00:00Z,51.342857,0.9998,70.04,elevated,0,off,0,49.23
DE40,H1,2025-12-15T22:00:00Z,50.700000,0.9948,68.06,normal,0,off,0,47.05
DE40,H1,2025-12-15T23:00:00Z,49.300000,0.9761,64.09,normal,0,off,0,47.59
DE40,H1,2025-12-16T01:00:00Z,46.428571,0.9270,52.98,normal,0,off,0,50.20
DE40,H1,2025-12-16T02:00:00Z,46.421429,0.9348,52.58,normal,0,off,0,50.20
DE40,H1,2025-12-16T03:00:00Z,48.885714,0.9913,62.10,normal,0,off,0,40.55
DE40,H1,2025-12-16T04:00:00Z,50.064286,1.0218,66.07,normal,0,off,0,37.21
DE40,H1,2025-12-16T05:00:00Z,48.778571,1.0014,60.91,normal,0,off,0,36.64
DE40,H1,2025-12-16T06:00:00Z,49.421429,1.0182,64.09,normal,0,off,0,35.43
DE40,H1,2025-12-16T07:00:00Z,48.564286,1.0039,59.33,normal,0,off,0,36.63
DE40,H1,2025-12-16T08:00:00Z,45.957143,0.9531,49.01,normal,0,off,0,39.17
DE40,H1,2025-12-16T09:00:00Z,43.778571,0.9111,39.48,normal,0,off,0,41.32
DE40,H1,2025-12-16T10:00:00Z,45.421429,0.9467,45.83,normal,0,off,0,46.24
DE40,H1,2025-12-16T11:00:00Z,47.850000,0.9975,56.15,normal,0,off,0,46.10
DE40,H1,2025-12-16T12:00:00Z,50.171429,1.0440,66.47,normal,1,low,0,45.37
DE40,H1,2025-12-16T13:00:00Z,51.814286,1.0729,72.02,elevated,1,low,0,46.88
DE40,H1,2025-12-16T14:00:00Z,53.750000,1.1044,76.79,elevated,1,low,0,45.77
DE40,H1,2025-12-16T15:00:00Z,54.035714,1.1036,77.58,elevated,1,low,0,51.87
DE40,H1,2025-12-16T16:00:00Z,54.864286,1.1144,79.17,elevated,1,low,0,52.62
DE40,H1,2025-12-16T17:00:00Z,55.685714,1.1266,80.36,elevated,1,low,0,52.35
DE40,H1,2025-12-16T18:00:00Z,58.100000,1.1696,84.33,elevated,1,medium,0,53.21
DE40,H1,2025-12-16T19:00:00Z,60.457143,1.2095,87.10,elevated,1,medium,0,51.19
DE40,H1,2025-12-16T20:00:00Z,67.421429,1.3364,96.63,extreme,1,medium,0,51.62
DE40,H1,2025-12-16T21:00:00Z,67.921429,1.3347,97.42,extreme,1,high,0,52.67
DE40,H1,2025-12-16T22:00:00Z,68.778571,1.3452,98.21,extreme,1,high,0,53.04
DE40,H1,2025-12-16T23:00:00Z,68.121429,1.3283,97.82,extreme,1,high,0,54.27
DE40,H1,2025-12-17T01:00:00Z,64.014286,1.2481,92.26,extreme,1,high,0,55.54
DE40,H1,2025-12-17T02:00:00Z,61.485714,1.2003,90.28,extreme,1,high,0,56.11
DE40,H1,2025-12-17T03:00:00Z,60.592857,1.1841,88.29,elevated,1,high,0,56.47
DE40,H1,2025-12-17T04:00:00Z,60.378571,1.1820,86.31,elevated,1,high,0,57.14
DE40,H1,2025-12-17T05:00:00Z,58.450000,1.1473,84.72,elevated,1,high,0,57.88
DE40,H1,2025-12-17T06:00:00Z,57.557143,1.1310,82.74,elevated,1,high,0,58.31
DE40,H1,2025-12-17T07:00:00Z,55.842857,1.0984,79.17,elevated,1,high,0,57.76
DE40,H1,2025-12-17T08:00:00Z,51.092857,1.0059,68.85,normal,1,high,0,64.92
DE40,H1,2025-12-17T09:00:00Z,49.992857,0.9846,64.48,normal,1,high,0,66.16
DE40,H1,2025-12-17T10:00:00Z,49.371429,0.9727,62.10,normal,1,high,0,64.49
DE40,H1,2025-12-17T11:00:00Z,44.157143,0.8716,38.69,normal,1,high,0,72.13
DE40,H1,2025-12-17T12:00:00Z,43.871429,0.8669,37.90,normal,1,high,0,73.56
DE40,H1,2025-12-17T13:00:00Z,44.285714,0.8728,39.88,normal,1,high,0,73.44
DE40,H1,2025-12-17T14:00:00Z,45.514286,0.8944,44.25,normal,1,high,0,69.98
DE40,H1,2025-12-17T15:00:00Z,47.007143,0.9202,51.39,normal,1,medium,0,67.04
DE40,H1,2025-12-17T16:00:00Z,49.571429,0.9660,63.29,normal,1,medium,0,64.74
DE40,H1,2025-12-17T17:00:00Z,55.357143,1.0714,78.37,elevated,1,low,0,52.62
DE40,H1,2025-12-17T18:00:00Z,55.871429,1.0740,79.76,elevated,1,low,0,45.24
DE40,H1,2025-12-17T19:00:00Z,58.014286,1.1067,83.53,elevated,0,off,1,42.90
DE40,H1,2025-12-17T20:00:00Z,62.014286,1.1725,90.67,extreme,0,off,0,35.38
DE40,H1,2025-12-17T21:00:00Z,62.300000,1.1687,91.47,extreme,0,off,0,32.02
DE40,H1,2025-12-17T22:00:00Z,63.050000,1.1748,92.26,extreme,0,off,0,31.27
DE40,H1,2025-12-17T23:00:00Z,62.564286,1.1599,91.87,extreme,0,off,0,30.59
DE40,H1,2025-12-18T01:00:00Z,60.085714,1.1100,86.71,elevated,0,off,0,29.50
DE40,H1,2025-12-18T02:00:00Z,58.535714,1.0785,85.12,elevated,0,off,0,29.49
DE40,H1,2025-12-18T03:00:00Z,58.392857,1.0729,84.33,elevated,0,off,0,27.83
DE40,H1,2025-12-18T04:00:00Z,57.907143,1.0606,81.94,elevated,0,off,0,28.12
DE40,H1,2025-12-18T05:00:00Z,56.800000,1.0364,80.75,elevated,0,off,0,28.85
DE40,H1,2025-12-18T06:00:00Z,55.478571,1.0089,77.58,elevated,0,off,0,28.94
DE40,H1,2025-12-18T07:00:00Z,52.621429,0.9557,70.44,elevated,0,off,0,35.87
DE40,H1,2025-12-18T08:00:00Z,45.121429,0.8209,41.47,normal,0,off,0,46.26
DE40,H1,2025-12-18T09:00:00Z,44.250000,0.8064,38.29,normal,0,off,0,50.36
DE40,H1,2025-12-18T10:00:00Z,45.392857,0.8284,42.26,normal,0,off,0,50.62
DE40,H1,2025-12-18T11:00:00Z,43.714286,0.7992,35.12,normal,0,off,0,52.31
DE40,H1,2025-12-18T12:00:00Z,43.371429,0.7937,33.93,normal,0,off,0,53.13
DE40,H1,2025-12-18T13:00:00Z,43.371429,0.7938,33.73,normal,1,low,0,52.79
DE40,H1,2025-12-18T14:00:00Z,42.292857,0.7750,32.34,normal,0,off,1,62.52
DE40,H1,2025-12-18T15:00:00Z,47.250000,0.8660,51.39,normal,0,off,0,45.28
DE40,H1,2025-12-18T16:00:00Z,49.978571,0.9161,63.29,normal,0,off,0,42.38
DE40,H1,2025-12-18T17:00:00Z,56.050000,1.0258,79.17,elevated,0,off,0,24.63
DE40,H1,2025-12-18T18:00:00Z,58.000000,1.0598,82.34,elevated,0,off,0,19.45
DE40,H1,2025-12-18T19:00:00Z,62.678571,1.1417,92.26,extreme,0,off,0,18.09
DE40,H1,2025-12-18T20:00:00Z,63.642857,1.1556,93.45,extreme,0,off,0,16.87
DE40,H1,2025-12-18T21:00:00Z,64.035714,1.1592,94.25,extreme,0,off,0,18.92
DE40,H1,2025-12-18T22:00:00Z,65.857143,1.1888,95.83,extreme,0,off,0,18.96
DE40,H1,2025-12-18T23:00:00Z,65.257143,1.1759,95.04,extreme,0,off,0,18.50
DE40,H1,2025-12-19T01:00:00Z,62.057143,1.1204,89.48,elevated,0,off,0,17.41
DE40,H1,2025-12-19T02:00:00Z,59.421429,1.0762,83.53,elevated,0,off,0,20.74
DE40,H1,2025-12-19T03:00:00Z,60.335714,1.0961,84.33,elevated,0,off,0,22.98
DE40,H1,2025-12-19T04:00:00Z,58.764286,1.0712,81.94,elevated,0,off,0,27.31
DE40,H1,2025-12-19T05:00:00Z,59.621429,1.0885,83.13,elevated,0,off,0,27.26
DE40,H1,2025-12-19T06:00:00Z,53.335714,0.9767,69.25,normal,0,off,0,35.47
DE40,H1,2025-12-19T07:00:00Z,49.585714,0.9117,59.33,normal,0,off,0,42.91
DE40,H1,2025-12-19T08:00:00Z,42.835714,0.7927,31.94,normal,0,off,0,57.77
DE40,H1,2025-12-19T09:00:00Z,42.428571,0.7898,31.15,normal,1,low,0,62.07
DE40,H1,2025-12-19T10:00:00Z,40.700000,0.7624,26.79,calm,1,low,0,64.02
DE40,H1,2025-12-19T11:00:00Z,43.521429,0.8191,33.53,normal,1,low,0,60.92
DE40,H1,2025-12-19T12:00:00Z,44.414286,0.8380,37.10,normal,1,medium,0,61.61
DE40,H1,2025-12-19T13:00:00Z,44.528571,0.8419,37.50,normal,1,medium,0,64.70
DE40,H1,2025-12-19T14:00:00Z,46.700000,0.8838,46.63,normal,1,medium,0,65.24
DE40,H1,2025-12-19T15:00:00Z,47.542857,0.8986,50.60,normal,1,low,0,62.21
DE40,H1,2025-12-19T16:00:00Z,50.107143,0.9449,61.71,normal,1,low,0,63.67
DE40,H1,2025-12-19T17:00:00Z,50.178571,0.9441,62.10,normal,0,off,1,57.20
DE40,H1,2025-12-19T18:00:00Z,51.750000,0.9714,65.67,normal,0,off,0,49.01
DE40,H1,2025-12-19T19:00:00Z,51.642857,0.9677,64.88,normal,0,off,0,40.63
DE40,H1,2025-12-19T20:00:00Z,53.242857,0.9963,68.85,normal,0,off,0,38.73
DE40,H1,2025-12-19T21:00:00Z,53.028571,0.9932,68.45,normal,0,off,0,37.85
DE40,H1,2025-12-19T22:00:00Z,53.457143,1.0021,69.64,normal,0,off,0,38.74
DE40,H1,2025-12-22T01:00:00Z,53.035714,0.9961,68.06,normal,0,off,0,41.97
DE40,H1,2025-12-22T02:00:00Z,49.428571,0.9327,56.55,normal,0,off,0,45.83
DE40,H1,2025-12-22T03:00:00Z,44.821429,0.8514,37.50,normal,0,off,0,49.45
DE40,H1,2025-12-22T04:00:00Z,41.785714,0.8002,27.18,calm,0,off,0,51.23
DE40,H1,2025-12-22T05:00:00Z,39.028571,0.7542,23.21,calm,0,off,0,54.86
DE40,H1,2025-12-22T06:00:00Z,38.314286,0.7467,21.23,calm,0,off,0,61.58
DE40,H1,2025-12-22T07:00:00Z,37.528571,0.7374,17.26,calm,1,low,0,63.74
DE40,H1,2025-12-22T08:00:00Z,34.885714,0.6919,12.50,calm,1,low,0,65.07
DE40,H1,2025-12-22T09:00:00Z,34.607143,0.6928,11.31,calm,0,off,1,63.21
DE40,H1,2025-12-22T10:00:00Z,36.878571,0.7442,16.07,calm,1,low,0,58.41
DE40,H1,2025-12-22T11:00:00Z,36.450000,0.7412,15.67,calm,1,low,0,58.06
DE40,H1,2025-12-22T12:00:00Z,36.885714,0.7549,16.07,calm,1,medium,0,68.19
DE40,H1,2025-12-22T13:00:00Z,37.992857,0.7798,19.25,calm,1,high,0,67.14
DE40,H1,2025-12-22T14:00:00Z,36.671429,0.7551,14.88,calm,1,high,0,72.58
DE40,H1,2025-12-22T15:00:00Z,37.335714,0.7713,16.07,calm,1,high,0,70.91
DE40,H1,2025-12-22T16:00:00Z,40.350000,0.8347,25.20,calm,1,medium,0,68.15
DE40,H1,2025-12-22T17:00:00Z,44.600000,0.9222,36.71,normal,1,medium,0,64.86
DE40,H1,2025-12-22T18:00:00Z,46.078571,0.9517,43.85,normal,1,medium,0,61.73
DE40,H1,2025-12-22T19:00:00Z,46.864286,0.9661,46.63,normal,1,medium,0,61.16
DE40,H1,2025-12-22T20:00:00Z,44.900000,0.9265,37.10,normal,1,medium,0,63.25
DE40,H1,2025-12-22T21:00:00Z,44.700000,0.9244,36.71,normal,1,medium,0,62.45
DE40,H1,2025-12-22T22:00:00Z,43.557143,0.9054,31.55,normal,1,medium,0,63.23
DE40,H1,2025-12-22T23:00:00Z,41.492857,0.8685,25.60,calm,1,medium,0,64.06
DE40,H1,2025-12-23T01:00:00Z,37.014286,0.7831,15.28,calm,1,medium,0,70.11
DE40,H1,2025-12-23T02:00:00Z,36.778571,0.7871,14.48,calm,1,medium,0,70.49
DE40,H1,2025-12-23T03:00:00Z,35.564286,0.7705,12.10,calm,1,medium,0,69.38
DE40,H1,2025-12-23T04:00:00Z,33.992857,0.7468,8.53,squeeze,1,medium,0,69.07
DE40,H1,2025-12-23T05:00:00Z,32.671429,0.7282,6.15,squeeze,1,medium,0,68.97
DE40,H1,2025-12-23T06:00:00Z,29.814286,0.6742,3.37,squeeze,1,medium,0,71.13
DE40,H1,2025-12-23T07:00:00Z,25.957143,0.5960,0.20,squeeze,1,medium,0,79.69
DE40,H1,2025-12-23T08:00:00Z,21.457143,0.5016,0.20,squeeze,1,low,0,77.64
DE40,H1,2025-12-23T09:00:00Z,20.657143,0.4917,0.20,squeeze,1,low,0,77.01
DE40,H1,2025-12-23T10:00:00Z,23.192857,0.5618,0.99,squeeze,1,medium,0,73.43
DE40,H1,2025-12-23T11:00:00Z,24.085714,0.5918,1.39,squeeze,1,low,0,73.00
DE40,H1,2025-12-23T12:00:00Z,24.535714,0.6103,1.79,squeeze,1,low,0,68.05
DE40,H1,2025-12-23T13:00:00Z,25.357143,0.6363,2.18,squeeze,1,high,0,63.11
DE40,H1,2025-12-23T14:00:00Z,26.521429,0.6709,2.98,squeeze,1,high,0,75.97
DE40,H1,2025-12-23T15:00:00Z,29.871429,0.7598,6.15,squeeze,1,medium,0,71.06
DE40,H1,2025-12-23T16:00:00Z,33.357143,0.8529,9.72,squeeze,1,high,0,64.92
DE40,H1,2025-12-23T17:00:00Z,35.757143,0.9183,13.29,calm,1,medium,0,66.00
DE40,H1,2025-12-23T18:00:00Z,36.828571,0.9496,16.07,calm,1,medium,0,63.29
DE40,H1,2025-12-23T19:00:00Z,37.900000,0.9816,19.64,calm,1,medium,0,62.91
DE40,H1,2025-12-23T20:00:00Z,37.935714,0.9875,20.44,calm,1,medium,0,62.40
DE40,H1,2025-12-23T21:00:00Z,38.471429,1.0075,23.61,calm,1,medium,0,61.44
DE40,H1,2025-12-23T22:00:00Z,38.007143,1.0017,22.02,calm,1,medium,0,61.04
DE40,H1,2025-12-23T23:00:00Z,37.207143,0.9882,18.06,calm,1,medium,0,61.82
DE40,H1,2025-12-29T02:00:00Z,39.485714,1.0556,27.58,calm,1,medium,0,50.55
DE40,H1,2025-12-29T03:00:00Z,38.235714,1.0304,23.21,calm,1,low,0,50.98
DE40,H1,2025-12-29T04:00:00Z,37.628571,1.0226,20.04,calm,1,low,0,49.73
DE40,H1,2025-12-29T05:00:00Z,36.807143,1.0094,16.07,calm,1,low,0,49.53
DE40,H1,2025-12-29T06:00:00Z,35.200000,0.9748,12.50,calm,0,off,1,50.39
DE40,H1,2025-12-29T07:00:00Z,31.592857,0.8837,7.34,squeeze,0,off,0,54.32
DE40,H1,2025-12-29T08:00:00Z,29.128571,0.8219,5.36,squeeze,0,off,0,52.13
DE40,H1,2025-12-29T09:00:00Z,27.907143,0.7937,4.56,squeeze,0,off,0,51.10
DE40,H1,2025-12-29T10:00:00Z,37.942857,1.0798,21.63,calm,0,off,0,42.65
DE40,H1,2025-12-29T11:00:00Z,39.871429,1.1337,27.98,calm,0,off,0,42.25
DE40,H1,2025-12-29T12:00:00Z,42.550000,1.2064,32.74,normal,1,low,0,45.85
DE40,H1,2025-12-29T13:00:00Z,44.478571,1.2542,38.69,normal,1,low,0,47.23
DE40,H1,2025-12-29T14:00:00Z,46.764286,1.3097,48.61,normal,1,low,0,45.40
DE40,H1,2025-12-29T15:00:00Z,48.564286,1.3513,53.37,normal,1,low,0,44.70
DE40,H1,2025-12-29T16:00:00Z,46.642857,1.2905,47.02,normal,1,low,0,45.50
DE40,H1,2025-12-29T17:00:00Z,50.492857,1.3866,61.71,normal,1,low,0,49.61
DE40,H1,2025-12-29T18:00:00Z,53.042857,1.4447,68.06,normal,1,low,0,50.60
DE40,H1,2025-12-29T19:00:00Z,53.864286,1.4534,70.83,elevated,1,low,0,50.69
DE40,H1,2025-12-29T20:00:00Z,55.078571,1.4721,72.42,elevated,1,low,0,50.21
DE40,H1,2025-12-29T21:00:00Z,55.971429,1.4836,74.80,elevated,1,low,0,50.39
DE40,H1,2025-12-29T22:00:00Z,54.935714,1.4482,71.23,elevated,1,low,0,46.94
DE40,H1,2025-12-29T23:00:00Z,53.000000,1.3921,64.88,normal,1,low,0,47.16
DE40,H1,2025-12-30T01:00:00Z,41.978571,1.1054,29.17,calm,1,low,0,47.73
DE40,H1,2025-12-30T02:00:00Z,39.907143,1.0536,25.99,calm,1,low,0,50.69
DE40,H1,2025-12-30T03:00:00Z,38.621429,1.0230,23.21,calm,1,medium,0,55.39
DE40,H1,2025-12-30T04:00:00Z,36.657143,0.9745,12.50,calm,1,medium,0,58.23
DE40,H1,2025-12-30T05:00:00Z,34.192857,0.9125,9.33,squeeze,1,medium,0,60.42
DE40,H1,2025-12-30T06:00:00Z,32.228571,0.8623,7.34,squeeze,1,low,0,63.68
DE40,H1,2025-12-30T07:00:00Z,28.657143,0.7701,4.96,squeeze,1,low,0,69.84
DE40,H1,2025-12-30T08:00:00Z,25.414286,0.6867,2.58,squeeze,1,medium,0,77.48
DE40,H1,2025-12-30T09:00:00Z,25.650000,0.6962,2.98,squeeze,1,medium,0,81.86
DE40,H1,2025-12-30T10:00:00Z,27.257143,0.7420,4.17,squeeze,1,medium,0,78.66
DE40,H1,2025-12-30T11:00:00Z,29.328571,0.7986,5.75,squeeze,1,medium,0,72.54
DE40,H1,2025-12-30T12:00:00Z,30.257143,0.8220,6.94,squeeze,1,low,0,74.42
DE40,H1,2025-12-30T13:00:00Z,33.685714,0.9091,8.93,squeeze,1,low,0,54.34
DE40,H1,2025-12-30T14:00:00Z,37.157143,0.9939,16.07,calm,0,off,1,35.04
DE40,H1,2025-12-30T15:00:00Z,39.071429,1.0363,25.20,calm,0,off,0,30.61
DE40,H1,2025-12-30T16:00:00Z,40.350000,1.0611,27.98,calm,0,off,0,24.33
DE40,H1,2025-12-30T17:00:00Z,42.278571,1.1015,30.75,normal,0,off,0,18.84
DE40,H1,2025-12-30T18:00:00Z,43.671429,1.1271,34.33,normal,0,off,0,17.55
DE40,H1,2025-12-30T19:00:00Z,45.314286,1.1582,41.47,normal,0,off,0,17.72
DE40,H1,2025-12-30T20:00:00Z,46.421429,1.1766,45.63,normal,0,off,0,16.50
DE40,H1,2025-12-30T21:00:00Z,46.707143,1.1759,47.42,normal,0,off,0,15.65
DE40,H1,2025-12-30T22:00:00Z,47.707143,1.1938,50.60,normal,0,off,0,14.87
DE40,H1,2025-12-30T23:00:00Z,45.114286,1.1243,41.07,normal,0,off,0,13.87
DE40,H1,2026-01-02T02:00:00Z,49.014286,1.2148,54.96,normal,0,off,0,13.51
DE40,H1,2026-01-02T03:00:00Z,47.442857,1.1703,50.60,normal,0,off,0,14.79
DE40,H1,2026-01-02T04:00:00Z,46.192857,1.1351,45.83,normal,0,off,0,14.85
DE40,H1,2026-01-02T05:00:00Z,42.550000,1.0433,32.14,normal,0,off,0,17.76
DE40,H1,2026-01-02T06:00:00Z,39.692857,0.9721,26.39,calm,0,off,0,22.46
DE40,H1,2026-01-02T07:00:00Z,39.907143,0.9771,27.58,calm,0,off,0,22.19
DE40,H1,2026-01-02T08:00:00Z,39.521429,0.9670,26.39,calm,0,off,0,28.22
DE40,H1,2026-01-02T09:00:00Z,41.914286,1.0234,31.55,normal,1,low,0,37.18
DE40,H1,2026-01-02T10:00:00Z,52.100000,1.2627,66.87,normal,1,low,0,39.28
DE40,H1,2026-01-02T11:00:00Z,56.492857,1.3552,76.79,elevated,1,low,0,45.84
DE40,H1,2026-01-02T12:00:00Z,63.242857,1.4944,91.47,extreme,1,medium,0,50.83
DE40,H1,2026-01-02T13:00:00Z,65.600000,1.5239,95.44,extreme,1,medium,0,51.40
DE40,H1,2026-01-02T14:00:00Z,66.778571,1.5237,96.63,extreme,1,medium,0,53.24
DE40,H1,2026-01-02T15:00:00Z,68.621429,1.5442,98.61,extreme,1,medium,0,49.33
DE40,H1,2026-01-02T16:00:00Z,65.078571,1.4480,93.45,extreme,1,medium,0,49.74
DE40,H1,2026-01-02T17:00:00Z,71.614286,1.5731,99.40,extreme,1,medium,0,51.94
DE40,H1,2026-01-02T18:00:00Z,77.750000,1.6833,99.80,extreme,1,medium,0,56.08
DE40,H1,2026-01-02T19:00:00Z,79.214286,1.6912,99.80,extreme,1,medium,0,55.69
DE40,H1,2026-01-02T20:00:00Z,80.250000,1.6904,99.80,extreme,1,medium,0,55.21
DE40,H1,2026-01-02T21:00:00Z,81.892857,1.6998,99.80,extreme,1,medium,0,55.05
DE40,H1,2026-01-02T22:00:00Z,81.678571,1.6737,99.40,extreme,1,medium,0,55.09
DE40,H1,2026-01-05T01:00:00Z,75.985714,1.5425,97.82,extreme,1,medium,0,54.37
DE40,H1,2026-01-05T02:00:00Z,68.871429,1.3896,97.02,extreme,1,medium,0,54.86
DE40,H1,2026-01-05T03:00:00Z,63.764286,1.2821,90.67,extreme,1,medium,0,53.53
DE40,H1,2026-01-05T04:00:00Z,56.978571,1.1452,77.98,elevated,1,medium,0,52.17
DE40,H1,2026-01-05T05:00:00Z,54.121429,1.0881,72.42,elevated,1,medium,0,51.26
DE40,H1,2026-01-05T06:00:00Z,52.514286,1.0560,67.26,normal,1,low,0,53.27
DE40,H1,2026-01-05T07:00:00Z,51.085714,1.0235,64.48,normal,1,low,0,51.86
DE40,H1,2026-01-05T08:00:00Z,50.014286,0.9980,60.91,normal,1,low,0,48.66
DE40,H1,2026-01-05T09:00:00Z,44.371429,0.8834,39.48,normal,0,off,1,52.63
DE40,H1,2026-01-05T10:00:00Z,50.328571,0.9966,62.90,normal,0,off,0,28.41
DE40,H1,2026-01-05T11:00:00Z,53.578571,1.0529,71.23,elevated,0,off,0,26.77
DE40,H1,2026-01-05T12:00:00Z,55.650000,1.0836,74.80,elevated,0,off,0,25.91
DE40,H1,2026-01-05T13:00:00Z,54.650000,1.0535,72.42,elevated,0,off,0,29.22
DE40,H1,2026-01-05T14:00:00Z,55.614286,1.0597,74.40,elevated,0,off,0,29.47
DE40,H1,2026-01-05T15:00:00Z,56.628571,1.0664,77.58,elevated,0,off,0,26.39
DE40,H1,2026-01-05T16:00:00Z,56.664286,1.0554,77.58,elevated,0,off,0,27.30
DE40,H1,2026-01-05T17:00:00Z,61.557143,1.1330,86.31,elevated,0,off,0,24.31
DE40,H1,2026-01-05T18:00:00Z,63.692857,1.1580,90.28,extreme,0,off,0,24.20
DE40,H1,2026-01-05T19:00:00Z,64.371429,1.1574,91.47,extreme,0,off,0,26.61
DE40,H1,2026-01-05T20:00:00Z,63.978571,1.1394,90.28,extreme,0,off,0,30.68
DE40,H1,2026-01-05T21:00:00Z,63.514286,1.1213,88.29,elevated,0,off,0,30.49
DE40,H1,2026-01-05T22:00:00Z,62.550000,1.0957,85.91,elevated,0,off,0,36.16
DE40,H1,2026-01-05T23:00:00Z,60.292857,1.0496,81.94,elevated,0,off,0,40.05
DE40,H1,2026-01-06T01:00:00Z,48.535714,0.8435,50.60,normal,0,off,0,50.46
DE40,H1,2026-01-06T02:00:00Z,43.892857,0.7632,36.31,normal,0,off,0,55.00
DE40,H1,2026-01-06T03:00:00Z,42.892857,0.7467,33.13,normal,0,off,0,51.00
DE40,H1,2026-01-06T04:00:00Z,40.428571,0.7053,28.37,calm,0,off,0,51.93
DE40,H1,2026-01-06T05:00:00Z,39.607143,0.6930,25.99,calm,0,off,0,52.26
DE40,H1,2026-01-06T06:00:00Z,38.357143,0.6727,23.21,calm,0,off,0,55.61
DE40,H1,2026-01-06T07:00:00Z,34.250000,0.6038,10.12,calm,0,off,0,55.48
DE40,H1,2026-01-06T08:00:00Z,29.214286,0.5183,5.75,squeeze,0,off,0,52.12
DE40,H1,2026-01-06T09:00:00Z,29.542857,0.5273,6.55,squeeze,0,off,0,52.12
DE40,H1,2026-01-06T10:00:00Z,33.864286,0.6063,10.12,calm,0,off,0,50.59
DE40,H1,2026-01-06T11:00:00Z,36.042857,0.6461,13.69,calm,0,off,0,53.88
DE40,H1,2026-01-06T12:00:00Z,37.721429,0.6768,20.44,calm,1,low,0,56.98
DE40,H1,2026-01-06T13:00:00Z,39.792857,0.7139,28.77,calm,1,medium,0,64.07
DE40,H1,2026-01-06T14:00:00Z,42.728571,0.7663,35.52,normal,1,low,0,69.94
DE40,H1,2026-01-06T15:00:00Z,43.714286,0.7863,38.49,normal,1,low,0,66.83
DE40,H1,2026-01-06T16:00:00Z,45.107143,0.8147,44.64,normal,1,low,0,66.97
DE40,H1,2026-01-06T17:00:00Z,47.321429,0.8597,52.18,normal,1,low,0,69.69
DE40,H1,2026-01-06T18:00:00Z,49.964286,0.9129,58.93,normal,1,low,0,62.19
DE40,H1,2026-01-06T19:00:00Z,51.142857,0.9398,64.09,normal,1,medium,0,61.95
DE40,H1,2026-01-06T20:00:00Z,51.607143,0.9543,64.48,normal,1,medium,0,61.76
DE40,H1,2026-01-06T21:00:00Z,50.928571,0.9467,62.50,normal,1,low,0,63.55
DE40,H1,2026-01-06T22:00:00Z,50.928571,0.9540,62.30,normal,1,medium,0,60.57
DE40,H1,2026-01-06T23:00:00Z,47.871429,0.9069,52.58,normal,1,low,0,62.12
DE40,H1,2026-01-07T01:00:00Z,42.700000,0.8203,33.13,normal,1,low,0,67.35
DE40,H1,2026-01-07T02:00:00Z,41.157143,0.8027,29.56,calm,1,low,0,67.04
DE40,H1,2026-01-07T03:00:00Z,40.264286,0.7982,27.98,calm,1,low,0,68.83
DE40,H1,2026-01-07T04:00:00Z,38.050000,0.7676,22.02,calm,1,low,0,69.90
DE40,H1,2026-01-07T05:00:00Z,35.728571,0.7327,13.29,calm,1,low,0,70.94
DE40,H1,2026-01-07T06:00:00Z,34.657143,0.7208,12.10,calm,1,low,0,68.02
DE40,H1,2026-01-07T07:00:00Z,33.121429,0.6978,9.33,squeeze,1,low,0,69.54
DE40,H1,2026-01-07T08:00:00Z,28.621429,0.6103,4.96,squeeze,1,low,0,73.37
DE40,H1,2026-01-07T09:00:00Z,28.235714,0.6088,4.96,squeeze,1,medium,0,75.32
DE40,H1,2026-01-07T10:00:00Z,28.521429,0.6214,5.36,squeeze,1,medium,0,71.88
DE40,H1,2026-01-07T11:00:00Z,30.342857,0.6671,9.33,squeeze,1,low,0,68.89
DE40,H1,2026-01-07T12:00:00Z,34.450000,0.7626,13.69,calm,1,low,0,55.50
DE40,H1,2026-01-07T13:00:00Z,36.057143,0.8011,17.26,calm,0,off,1,51.11
DE40,H1,2026-01-07T14:00:00Z,37.935714,0.8475,24.21,calm,0,off,0,43.90
DE40,H1,2026-01-07T15:00:00Z,40.035714,0.8999,32.34,normal,0,off,0,45.74
DE40,H1,2026-01-07T16:00:00Z,41.400000,0.9365,35.12,normal,0,off,0,47.00
DE40,H1,2026-01-07T17:00:00Z,43.400000,0.9868,41.47,normal,0,off,0,47.40
DE40,H1,2026-01-07T18:00:00Z,46.114286,1.0531,51.79,normal,0,off,0,42.28
DE40,H1,2026-01-07T19:00:00Z,46.692857,1.0712,53.37,normal,0,off,0,40.82
DE40,H1,2026-01-07T20:00:00Z,47.764286,1.1002,57.74,normal,0,off,0,30.36
DE40,H1,2026-01-07T21:00:00Z,47.907143,1.1105,58.53,normal,0,off,0,29.81
DE40,H1,2026-01-07T22:00:00Z,49.764286,1.1610,61.71,normal,0,off,0,31.41
DE40,H1,2026-01-07T23:00:00Z,48.507143,1.1402,58.93,normal,0,off,0,31.96
DE40,H1,2026-01-08T01:00:00Z,45.971429,1.0898,51.39,normal,0,off,0,31.81
DE40,H1,2026-01-08T02:00:00Z,46.142857,1.1029,52.58,normal,0,off,0,33.02
DE40,H1,2026-01-08T03:00:00Z,43.750000,1.0552,43.85,normal,0,off,0,37.56
DE40,H1,2026-01-08T04:00:00Z,44.428571,1.0798,47.02,normal,0,off,0,38.77
DE40,H1,2026-01-08T05:00:00Z,42.750000,1.0420,39.88,normal,0,off,0,41.19
DE40,H1,2026-01-08T06:00:00Z,41.428571,1.0110,35.52,normal,1,low,0,48.76
DE40,H1,2026-01-08T07:00:00Z,40.964286,1.0006,34.72,normal,1,low,0,50.78
DE40,H1,2026-01-08T08:00:00Z,40.107143,0.9798,32.74,normal,1,medium,0,55.68
DE40,H1,2026-01-08T09:00:00Z,40.721429,0.9943,35.12,normal,1,medium,0,55.42
DE40,H1,2026-01-08T10:00:00Z,49.057143,1.1916,64.09,normal,1,medium,0,50.19
DE40,H1,2026-01-08T11:00:00Z,51.985714,1.2519,72.42,elevated,1,medium,0,52.34
DE40,H1,2026-01-08T12:00:00Z,54.092857,1.2872,77.18,elevated,1,medium,0,51.80
DE40,H1,2026-01-08T13:00:00Z,53.842857,1.2666,76.39,elevated,1,medium,0,51.01
DE40,H1,2026-01-08T14:00:00Z,56.235714,1.3092,81.55,elevated,1,medium,0,51.39
DE40,H1,2026-01-08T15:00:00Z,59.735714,1.3755,86.71,elevated,1,medium,0,52.26
DE40,H1,2026-01-08T16:00:00Z,59.850000,1.3642,86.71,elevated,1,medium,0,52.31
DE40,H1,2026-01-08T17:00:00Z,63.228571,1.4260,91.07,extreme,1,medium,0,53.72
DE40,H1,2026-01-08T18:00:00Z,62.128571,1.3890,88.69,elevated,1,medium,0,53.97
DE40,H1,2026-01-08T19:00:00Z,63.521429,1.4077,91.87,extreme,1,medium,0,52.51
DE40,H1,2026-01-08T20:00:00Z,63.771429,1.4016,93.06,extreme,1,medium,0,52.13
DE40,H1,2026-01-08T21:00:00Z,61.707143,1.3477,86.71,elevated,1,medium,0,51.69
DE40,H1,2026-01-08T22:00:00Z,60.814286,1.3220,85.91,elevated,1,low,0,50.13
DE40,H1,2026-01-08T23:00:00Z,59.442857,1.2875,83.53,elevated,1,low,0,49.67
DE40,H1,2026-01-09T01:00:00Z,51.000000,1.1049,67.26,normal,1,low,0,47.84
DE40,H1,2026-01-09T02:00:00Z,46.821429,1.0162,56.94,normal,1,low,0,51.45
DE40,H1,2026-01-09T03:00:00Z,45.142857,0.9822,51.79,normal,1,low,0,54.27
DE40,H1,2026-01-09T04:00:00Z,43.392857,0.9460,43.45,normal,1,low,0,55.68
DE40,H1,2026-01-09T05:00:00Z,40.000000,0.8731,32.34,normal,1,low,0,63.47
DE40,H1,2026-01-09T06:00:00Z,37.142857,0.8121,21.23,calm,1,low,0,65.42
DE40,H1,2026-01-09T07:00:00Z,34.428571,0.7547,13.69,calm,1,low,0,62.86
DE40,H1,2026-01-09T08:00:00Z,30.550000,0.6719,9.72,squeeze,0,off,1,65.40
DE40,H1,2026-01-09T09:00:00Z,30.250000,0.6669,8.93,squeeze,1,low,0,65.86
DE40,H1,2026-01-09T10:00:00Z,30.714286,0.6783,10.52,calm,1,low,0,65.45
DE40,H1,2026-01-09T11:00:00Z,31.392857,0.6938,10.91,calm,1,low,0,61.95
DE40,H1,2026-01-09T12:00:00Z,32.957143,0.7270,12.50,calm,1,medium,0,63.84
DE40,H1,2026-01-09T13:00:00Z,35.171429,0.7735,17.66,calm,1,medium,0,70.27
DE40,H1,2026-01-09T14:00:00Z,34.678571,0.7606,17.26,calm,1,low,0,65.51
DE40,H1,2026-01-09T15:00:00Z,38.028571,0.8313,29.56,calm,1,low,0,61.11
DE40,H1,2026-01-09T16:00:00Z,41.528571,0.9050,41.87,normal,1,low,0,57.36
DE40,H1,2026-01-09T17:00:00Z,47.135714,1.0222,60.52,normal,1,low,0,55.69
DE40,H1,2026-01-09T18:00:00Z,49.171429,1.0612,65.67,normal,1,low,0,50.38
DE40,H1,2026-01-09T19:00:00Z,49.407143,1.0620,66.07,normal,1,low,0,49.29
DE40,H1,2026-01-09T20:00:00Z,50.121429,1.0733,68.85,normal,0,off,1,47.77
DE40,H1,2026-01-09T21:00:00Z,50.371429,1.0755,70.04,elevated,0,off,0,45.85
DE40,H1,2026-01-09T22:00:00Z,49.657143,1.0586,67.26,normal,0,off,0,45.56
DE40,H1,2026-01-09T23:00:00Z,47.057143,1.0030,60.52,normal,0,off,0,45.09
DE40,H1,2026-01-12T01:00:00Z,45.592857,0.9727,55.36,normal,0,off,0,46.22
DE40,H1,2026-01-12T02:00:00Z,45.914286,0.9804,55.75,normal,0,off,0,47.63
DE40,H1,2026-01-12T03:00:00Z,45.485714,0.9730,55.36,normal,0,off,0,46.76
DE40,H1,2026-01-12T04:00:00Z,42.521429,0.9120,44.25,normal,0,off,0,48.84
DE40,H1,2026-01-12T05:00:00Z,40.378571,0.8681,38.69,normal,0,off,0,51.20
DE40,H1,2026-01-12T06:00:00Z,36.378571,0.7854,20.83,calm,1,low,0,56.18
DE40,H1,2026-01-12T07:00:00Z,33.342857,0.7231,13.29,calm,1,low,0,64.54
DE40,H1,2026-01-12T08:00:00Z,27.450000,0.5997,4.56,squeeze,1,medium,0,71.93
DE40,H1,2026-01-12T09:00:00Z,28.342857,0.6231,5.75,squeeze,1,high,0,73.02
DE40,H1,2026-01-12T10:00:00Z,31.442857,0.6944,12.10,calm,1,high,0,68.70
DE40,H1,2026-01-12T11:00:00Z,31.050000,0.6887,11.71,calm,1,high,0,69.34
DE40,H1,2026-01-12T12:00:00Z,33.692857,0.7494,16.07,calm,1,medium,0,62.14
DE40,H1,2026-01-12T13:00:00Z,35.407143,0.7894,21.23,calm,1,low,0,56.88
DE40,H1,2026-01-12T14:00:00Z,39.642857,0.8876,37.50,normal,0,off,1,51.52
DE40,H1,2026-01-12T15:00:00Z,42.428571,0.9541,47.42,normal,0,off,0,48.24
DE40,H1,2026-01-12T16:00:00Z,44.642857,1.0081,54.96,normal,0,off,0,47.13
DE40,H1,2026-01-12T17:00:00Z,45.928571,1.0409,59.33,normal,0,off,0,43.54
DE40,H1,2026-01-12T18:00:00Z,47.200000,1.0741,65.28,normal,0,off,0,30.17
DE40,H1,2026-01-12T19:00:00Z,47.700000,1.0915,66.47,normal,0,off,0,29.79
DE40,H1,2026-01-12T20:00:00Z,47.200000,1.0863,65.48,normal,0,off,0,30.43
DE40,H1,2026-01-12T21:00:00Z,46.342857,1.0749,61.71,normal,0,off,0,30.71
DE40,H1,2026-01-12T22:00:00Z,47.307143,1.1049,66.47,normal,0,off,0,24.25
DE40,H1,2026-01-12T23:00:00Z,44.785714,1.0553,55.75,normal,0,off,0,24.00
DE40,H1,2026-01-13T01:00:00Z,41.600000,0.9905,45.83,normal,0,off,0,27.08
DE40,H1,2026-01-13T02:00:00Z,41.242857,0.9917,44.25,normal,0,off,0,27.42
DE40,H1,2026-01-13T03:00:00Z,39.207143,0.9527,36.31,normal,0,off,0,29.58
DE40,H1,2026-01-13T04:00:00Z,37.064286,0.9105,27.58,calm,0,off,0,31.31
DE40,H1,2026-01-13T05:00:00Z,33.828571,0.8381,16.47,calm,0,off,0,34.53
DE40,H1,2026-01-13T06:00:00Z,30.471429,0.7611,10.91,calm,0,off,0,37.64
DE40,H1,2026-01-13T07:00:00Z,26.828571,0.6763,4.17,squeeze,0,off,0,50.18
DE40,H1,2026-01-13T08:00:00Z,24.828571,0.6318,2.18,squeeze,0,off,0,52.89
DE40,H1,2026-01-13T09:00:00Z,25.214286,0.6464,2.58,squeeze,1,low,0,56.27
DE40,H1,2026-01-13T10:00:00Z,27.871429,0.7180,6.15,squeeze,1,medium,0,62.00
DE40,H1,2026-01-13T11:00:00Z,30.907143,0.7976,13.69,calm,1,medium,0,59.27
DE40,H1,2026-01-13T12:00:00Z,32.550000,0.8392,16.07,calm,1,medium,0,55.70
DE40,H1,2026-01-13T13:00:00Z,31.514286,0.8119,15.28,calm,1,low,0,59.51
DE40,H1,2026-01-13T14:00:00Z,33.857143,0.8709,20.04,calm,1,low,0,57.71
DE40,H1,2026-01-13T15:00:00Z,35.992857,0.9236,25.99,calm,1,low,0,56.75
DE40,H1,2026-01-13T16:00:00Z,40.442857,1.0339,44.25,normal,1,medium,0,48.10
DE40,H1,2026-01-13T17:00:00Z,41.907143,1.0676,47.82,normal,1,medium,0,49.01
DE40,H1,2026-01-13T18:00:00Z,44.542857,1.1291,56.15,normal,1,medium,0,48.88
DE40,H1,2026-01-13T19:00:00Z,45.757143,1.1553,60.52,normal,1,medium,0,48.72
DE40,H1,2026-01-13T20:00:00Z,46.900000,1.1810,66.47,normal,1,medium,0,49.39
DE40,H1,2026-01-13T21:00:00Z,47.221429,1.1890,68.06,normal,1,medium,0,48.35
DE40,H1,2026-01-13T22:00:00Z,48.328571,1.2174,71.23,elevated,1,medium,0,48.82
DE40,H1,2026-01-13T23:00:00Z,45.957143,1.1597,60.91,normal,1,medium,0,47.15
DE40,H1,2026-01-14T01:00:00Z,42.885714,1.0862,51.79,normal,1,medium,0,46.50
DE40,H1,2026-01-14T02:00:00Z,42.171429,1.0725,48.21,normal,1,medium,0,49.13
DE40,H1,2026-01-14T03:00:00Z,41.492857,1.0597,45.83,normal,1,medium,0,50.49
DE40,H1,2026-01-14T04:00:00Z,40.707143,1.0430,43.06,normal,1,medium,0,52.08
DE40,H1,2026-01-14T05:00:00Z,38.028571,0.9781,32.74,normal,1,medium,0,57.11
DE40,H1,2026-01-14T06:00:00Z,35.742857,0.9242,24.80,calm,1,medium,0,58.16
DE40,H1,2026-01-14T07:00:00Z,31.328571,0.8160,14.48,calm,1,medium,0,63.43
DE40,H1,2026-01-14T08:00:00Z,30.221429,0.7923,10.91,calm,1,medium,0,64.37
DE40,H1,2026-01-14T09:00:00Z,28.521429,0.7524,7.34,squeeze,1,medium,0,70.31
DE40,H1,2026-01-14T10:00:00Z,30.200000,0.7993,10.52,calm,1,medium,0,68.55
DE40,H1,2026-01-14T11:00:00Z,31.521429,0.8350,15.67,calm,1,medium,0,66.56
DE40,H1,2026-01-14T12:00:00Z,36.414286,0.9601,26.79,calm,1,medium,0,53.88
DE40,H1,2026-01-14T13:00:00Z,36.842857,0.9671,27.98,calm,1,low,0,59.69
DE40,H1,2026-01-14T14:00:00Z,39.807143,1.0403,38.29,normal,1,low,0,53.24
DE40,H1,2026-01-14T15:00:00Z,42.792857,1.1115,51.39,normal,0,off,1,45.11
DE40,H1,2026-01-14T16:00:00Z,42.507143,1.0991,48.61,normal,0,off,0,45.50
DE40,H1,2026-01-14T17:00:00Z,47.042857,1.2091,65.67,normal,0,off,0,40.01
DE40,H1,2026-01-14T18:00:00Z,51.114286,1.3060,78.77,elevated,0,off,0,38.17
DE40,H1,2026-01-14T19:00:00Z,52.614286,1.3374,80.75,elevated,0,off,0,36.53
DE40,H1,2026-01-14T20:00:00Z,54.685714,1.3829,83.93,elevated,0,off,0,35.82
DE40,H1,2026-01-14T21:00:00Z,55.007143,1.3847,84.33,elevated,0,off,0,34.93
DE40,H1,2026-01-14T22:00:00Z,57.792857,1.4471,87.90,elevated,0,off,0,36.37
DE40,H1,2026-01-14T23:00:00Z,61.278571,1.5240,89.88,elevated,0,off,0,38.57
DE40,H1,2026-01-15T01:00:00Z,59.678571,1.4751,87.90,elevated,0,off,0,38.58
DE40,H1,2026-01-15T02:00:00Z,58.864286,1.4460,87.10,elevated,0,off,0,39.27
DE40,H1,2026-01-15T03:00:00Z,54.757143,1.3402,81.94,elevated,0,off,0,41.89
DE40,H1,2026-01-15T04:00:00Z,53.114286,1.2947,78.77,elevated,1,low,0,41.82
DE40,H1,2026-01-15T05:00:00Z,51.757143,1.2554,75.99,elevated,1,low,0,42.65
DE40,H1,2026-01-15T06:00:00Z,48.757143,1.1784,68.06,normal,1,low,0,42.81
DE40,H1,2026-01-15T07:00:00Z,50.042857,1.2031,71.23,elevated,1,medium,0,47.70
DE40,H1,2026-01-15T08:00:00Z,47.685714,1.1406,63.69,normal,1,medium,0,52.43
DE40,H1,2026-01-15T09:00:00Z,46.435714,1.1041,57.34,normal,1,medium,0,54.22
DE40,H1,2026-01-15T10:00:00Z,49.614286,1.1690,69.25,normal,1,medium,0,55.03
DE40,H1,2026-01-15T11:00:00Z,49.828571,1.1615,70.04,elevated,1,medium,0,54.36
DE40,H1,2026-01-15T12:00:00Z,51.257143,1.1802,75.20,elevated,1,medium,0,56.55
DE40,H1,2026-01-15T13:00:00Z,49.650000,1.1305,68.45,normal,1,medium,0,54.75
DE40,H1,2026-01-15T14:00:00Z,47.121429,1.0636,58.93,normal,1,medium,0,56.14
DE40,H1,2026-01-15T15:00:00Z,47.400000,1.0620,61.31,normal,1,medium,0,56.41
DE40,H1,2026-01-15T16:00:00Z,48.071429,1.0696,64.48,normal,1,medium,0,56.06
DE40,H1,2026-01-15T17:00:00Z,50.464286,1.1134,72.02,elevated,1,medium,0,55.07
DE40,H1,2026-01-15T18:00:00Z,51.428571,1.1260,75.20,elevated,1,medium,0,54.79
DE40,H1,2026-01-15T19:00:00Z,52.464286,1.1404,77.18,elevated,1,medium,0,55.00
DE40,H1,2026-01-15T20:00:00Z,53.000000,1.1458,78.77,elevated,1,medium,0,55.02
DE40,H1,2026-01-15T21:00:00Z,51.464286,1.1081,75.60,elevated,1,medium,0,54.38
DE40,H1,2026-01-15T22:00:00Z,50.250000,1.0793,71.23,elevated,1,low,0,55.94
DE40,H1,2026-01-15T23:00:00Z,47.314286,1.0155,60.52,normal,1,low,0,58.55
DE40,H1,2026-01-16T01:00:00Z,42.900000,0.9224,44.64,normal,1,low,0,63.59
DE40,H1,2026-01-16T02:00:00Z,40.850000,0.8807,35.52,normal,1,low,0,65.11
DE40,H1,2026-01-16T03:00:00Z,38.635714,0.8365,27.58,calm,1,medium,0,68.79
DE40,H1,2026-01-16T04:00:00Z,35.492857,0.7719,20.04,calm,1,medium,0,70.96
DE40,H1,2026-01-16T05:00:00Z,33.350000,0.7283,14.88,calm,1,medium,0,72.13
DE40,H1,2026-01-16T06:00:00Z,32.171429,0.7057,12.90,calm,1,medium,0,71.90
DE40,H1,2026-01-16T07:00:00Z,29.885714,0.6589,6.94,squeeze,1,low,0,72.09
DE40,H1,2026-01-16T08:00:00Z,26.635714,0.5909,1.79,squeeze,1,low,0,74.09
DE40,H1,2026-01-16T09:00:00Z,26.214286,0.5846,1.39,squeeze,1,low,0,73.25
DE40,H1,2026-01-16T10:00:00Z,26.571429,0.5950,1.39,squeeze,1,low,0,73.32
DE40,H1,2026-01-16T11:00:00Z,27.892857,0.6256,3.37,squeeze,1,low,0,71.40
DE40,H1,2026-01-16T12:00:00Z,28.857143,0.6476,5.75,squeeze,1,medium,0,71.68
DE40,H1,2026-01-16T13:00:00Z,28.964286,0.6499,6.15,squeeze,1,medium,0,70.83
DE40,H1,2026-01-16T14:00:00Z,30.078571,0.6749,7.74,squeeze,1,medium,0,68.57
DE40,H1,2026-01-16T15:00:00Z,29.885714,0.6711,7.34,squeeze,1,medium,0,76.68
DE40,H1,2026-01-16T16:00:00Z,34.007143,0.7644,18.06,calm,1,medium,0,66.90
DE40,H1,2026-01-16T17:00:00Z,37.935714,0.8523,25.99,calm,1,medium,0,62.90
DE40,H1,2026-01-16T18:00:00Z,40.678571,0.9136,34.72,normal,1,medium,0,61.47
DE40,H1,2026-01-16T19:00:00Z,40.978571,0.9211,36.71,normal,1,medium,0,59.61
DE40,H1,2026-01-16T20:00:00Z,41.407143,0.9312,38.29,normal,1,medium,0,59.56
DE40,H1,2026-01-16T21:00:00Z,44.692857,1.0061,49.40,normal,1,medium,0,57.76
DE40,H1,2026-01-16T22:00:00Z,45.157143,1.0193,51.39,normal,1,medium,0,56.16
DE40,H1,2026-01-19T01:00:00Z,61.464286,1.3819,89.88,elevated,1,low,0,23.48
DE40,H1,2026-01-19T02:00:00Z,70.442857,1.5726,97.02,extreme,0,off,1,12.17
DE40,H1,2026-01-19T03:00:00Z,72.478571,1.6056,97.42,extreme,0,off,0,12.25
DE40,H1,2026-01-19T04:00:00Z,72.585714,1.5975,97.42,extreme,0,off,0,12.60
DE40,H1,2026-01-19T05:00:00Z,74.407143,1.6281,97.42,extreme,0,off,0,14.80
DE40,H1,2026-01-19T06:00:00Z,76.371429,1.6590,97.82,extreme,0,off,0,16.06
DE40,H1,2026-01-19T07:00:00Z,80.657143,1.7357,99.01,extreme,0,off,0,17.43
DE40,H1,2026-01-19T08:00:00Z,82.585714,1.7561,99.80,extreme,0,off,0,20.26
DE40,H1,2026-01-19T09:00:00Z,82.214286,1.7269,99.40,extreme,0,off,0,21.16
DE40,H1,2026-01-19T10:00:00Z,89.742857,1.8554,99.80,extreme,0,off,0,24.84
DE40,H1,2026-01-19T11:00:00Z,94.907143,1.9254,99.80,extreme,0,off,0,26.78
DE40,H1,2026-01-19T12:00:00Z,98.907143,1.9676,99.80,extreme,0,off,0,26.85
DE40,H1,2026-01-19T13:00:00Z,97.014286,1.8928,99.40,extreme,0,off,0,27.55
DE40,H1,2026-01-19T14:00:00Z,100.621429,1.9225,99.80,extreme,0,off,0,27.34
DE40,H1,2026-01-19T15:00:00Z,85.307143,1.6080,97.82,extreme,0,off,0,28.52
DE40,H1,2026-01-19T16:00:00Z,78.114286,1.4568,94.64,extreme,0,off,0,29.32
DE40,H1,2026-01-19T17:00:00Z,78.292857,1.4456,94.64,extreme,0,off,0,32.35
DE40,H1,2026-01-19T18:00:00Z,78.685714,1.4374,94.64,extreme,0,off,0,31.32
DE40,H1,2026-01-19T19:00:00Z,75.685714,1.3683,92.66,extreme,1,low,0,31.92
DE40,H1,2026-01-19T20:00:00Z,72.257143,1.2947,91.47,extreme,1,medium,0,44.64
DE40,H1,2026-01-19T21:00:00Z,67.042857,1.1932,90.67,extreme,1,high,0,43.10
DE40,H1,2026-01-19T22:00:00Z,60.435714,1.0718,84.72,elevated,1,medium,0,45.00
DE40,H1,2026-01-20T01:00:00Z,58.014286,1.0264,82.34,elevated,1,medium,0,48.11
DE40,H1,2026-01-20T02:00:00Z,54.978571,0.9719,79.17,elevated,1,medium,0,63.49
DE40,H1,2026-01-20T03:00:00Z,52.050000,0.9204,74.40,elevated,1,medium,0,65.93
DE40,H1,2026-01-20T04:00:00Z,48.942857,0.8662,63.29,normal,1,medium,0,65.69
DE40,H1,2026-01-20T05:00:00Z,47.192857,0.8362,56.55,normal,1,medium,0,65.66
DE40,H1,2026-01-20T06:00:00Z,42.442857,0.7533,40.28,normal,1,medium,0,67.60
DE40,H1,2026-01-20T07:00:00Z,41.264286,0.7328,36.71,normal,1,low,0,67.68
DE40,H1,2026-01-20T08:00:00Z,49.050000,0.8686,64.88,normal,1,low,0,46.64
DE40,H1,2026-01-20T09:00:00Z,49.907143,0.8802,68.45,normal,1,low,0,45.43
DE40,H1,2026-01-20T10:00:00Z,57.371429,1.0041,82.74,elevated,0,off,1,32.34
DE40,H1,2026-01-20T11:00:00Z,63.728571,1.1036,90.67,extreme,0,off,0,18.04
DE40,H1,2026-01-20T12:00:00Z,69.657143,1.1909,92.26,extreme,0,off,0,14.70
DE40,H1,2026-01-20T13:00:00Z,75.121429,1.2647,94.25,extreme,0,off,0,14.65
DE40,H1,2026-01-20T14:00:00Z,82.657143,1.3658,97.42,extreme,0,off,0,14.98
DE40,H1,2026-01-20T15:00:00Z,85.057143,1.3787,97.42,extreme,0,off,0,14.06
DE40,H1,2026-01-20T16:00:00Z,84.428571,1.3433,97.02,extreme,0,off,0,16.40
DE40,H1,2026-01-20T17:00:00Z,87.535714,1.3668,97.82,extreme,0,off,0,21.17
DE40,H1,2026-01-20T18:00:00Z,88.300000,1.3536,97.82,extreme,0,off,0,20.41
DE40,H1,2026-01-20T19:00:00Z,92.978571,1.3979,98.21,extreme,0,off,0,24.78
DE40,H1,2026-01-20T20:00:00Z,96.978571,1.4293,98.61,extreme,0,off,0,26.27
DE40,H1,2026-01-20T21:00:00Z,98.050000,1.4166,99.01,extreme,0,off,0,29.29
DE40,H1,2026-01-20T22:00:00Z,88.728571,1.2620,96.63,extreme,0,off,0,27.47
DE40,H1,2026-01-20T23:00:00Z,84.271429,1.1830,94.25,extreme,0,off,0,27.64
DE40,H1,2026-01-21T01:00:00Z,75.485714,1.0494,90.28,extreme,0,off,0,30.28
DE40,H1,2026-01-21T02:00:00Z,69.671429,0.9609,87.50,elevated,0,off,0,36.72
DE40,H1,2026-01-21T03:00:00Z,65.457143,0.8968,86.31,elevated,0,off,0,42.07
DE40,H1,2026-01-21T04:00:00Z,61.064286,0.8329,82.74,elevated,1,low,0,49.67
DE40,H1,2026-01-21T05:00:00Z,56.635714,0.7701,78.37,elevated,1,low,0,57.91
DE40,H1,2026-01-21T06:00:00Z,53.350000,0.7270,75.20,elevated,1,medium,0,64.08
DE40,H1,2026-01-21T07:00:00Z,49.028571,0.6720,62.10,normal,1,medium,0,76.18
DE40,H1,2026-01-21T08:00:00Z,44.885714,0.6199,46.23,normal,1,medium,0,77.98
DE40,H1,2026-01-21T09:00:00Z,46.342857,0.6447,51.19,normal,1,medium,0,77.00
DE40,H1,2026-01-21T10:00:00Z,46.307143,0.6493,50.60,normal,1,medium,0,82.03
DE40,H1,2026-01-21T11:00:00Z,49.057143,0.6932,62.90,normal,1,medium,0,80.62
DE40,H1,2026-01-21T12:00:00Z,49.985714,0.7125,66.47,normal,1,low,0,77.14
DE40,H1,2026-01-21T13:00:00Z,53.185714,0.7645,74.80,elevated,0,off,1,59.30
DE40,H1,2026-01-21T14:00:00Z,56.571429,0.8192,77.98,elevated,0,off,0,46.92
DE40,H1,2026-01-21T15:00:00Z,60.642857,0.8856,81.94,elevated,0,off,0,35.26
DE40,H1,2026-01-21T16:00:00Z,73.814286,1.0847,89.09,elevated,0,off,0,29.55
DE40,H1,2026-01-21T17:00:00Z,77.421429,1.1449,91.07,extreme,0,off,0,30.27
DE40,H1,2026-01-21T18:00:00Z,85.685714,1.2714,95.44,extreme,0,off,0,34.19
DE40,H1,2026-01-21T19:00:00Z,88.721429,1.3211,96.23,extreme,0,off,0,36.46
DE40,H1,2026-01-21T20:00:00Z,91.900000,1.3658,97.02,extreme,0,off,0,38.49
DE40,H1,2026-01-21T21:00:00Z,116.614286,1.7134,99.80,extreme,0,off,0,36.17
DE40,H1,2026-01-21T22:00:00Z,121.114286,1.7574,99.80,extreme,0,off,0,34.28
DE40,H1,2026-01-21T23:00:00Z,117.992857,1.6928,99.40,extreme,0,off,0,32.00
DE40,H1,2026-01-22T01:00:00Z,115.685714,1.6409,98.61,extreme,0,off,0,31.43
DE40,H1,2026-01-22T02:00:00Z,111.142857,1.5593,98.21,extreme,0,off,0,30.96
DE40,H1,2026-01-22T03:00:00Z,110.821429,1.5359,97.82,extreme,0,off,0,29.46
DE40,H1,2026-01-22T04:00:00Z,106.942857,1.4633,97.42,extreme,0,off,0,29.43
DE40,H1,2026-01-22T05:00:00Z,106.478571,1.4379,97.02,extreme,0,off,0,27.69
DE40,H1,2026-01-22T06:00:00Z,103.192857,1.3756,96.63,extreme,0,off,0,24.42
DE40,H1,2026-01-22T07:00:00Z,91.442857,1.2063,93.06,extreme,0,off,0,23.90
DE40,H1,2026-01-22T08:00:00Z,89.264286,1.1651,92.26,extreme,0,off,0,21.37
DE40,H1,2026-01-22T09:00:00Z,84.535714,1.0928,89.09,elevated,0,off,0,20.89
DE40,H1,2026-01-22T10:00:00Z,82.500000,1.0555,87.10,elevated,0,off,0,20.76
DE40,H1,2026-01-22T11:00:00Z,84.464286,1.0688,88.69,elevated,0,off,0,21.46
DE40,H1,2026-01-22T12:00:00Z,62.535714,0.7887,76.79,elevated,0,off,0,41.03
DE40,H1,2026-01-22T13:00:00Z,62.142857,0.7813,76.39,elevated,0,off,0,39.67
DE40,H1,2026-01-22T14:00:00Z,64.507143,0.8096,78.37,elevated,0,off,0,36.36
DE40,H1,2026-01-22T15:00:00Z,66.171429,0.8299,78.77,elevated,0,off,0,31.76
DE40,H1,2026-01-22T16:00:00Z,71.178571,0.8924,80.36,elevated,1,low,0,30.56
DE40,H1,2026-01-22T17:00:00Z,74.857143,0.9386,82.34,elevated,1,high,0,30.75
DE40,H1,2026-01-22T18:00:00Z,76.550000,0.9613,83.93,elevated,1,high,0,44.54
DE40,H1,2026-01-22T19:00:00Z,74.478571,0.9378,81.55,elevated,1,high,0,45.78
DE40,H1,2026-01-22T20:00:00Z,73.550000,0.9286,80.36,elevated,1,high,0,45.73
DE40,H1,2026-01-22T21:00:00Z,72.407143,0.9177,79.17,elevated,1,high,0,47.27
DE40,H1,2026-01-22T22:00:00Z,70.942857,0.9031,77.98,elevated,1,high,0,63.84
DE40,H1,2026-01-22T23:00:00Z,68.764286,0.8808,76.39,elevated,1,high,0,65.23
DE40,H1,2026-01-23T01:00:00Z,64.921429,0.8385,74.80,elevated,1,high,0,66.99
DE40,H1,2026-01-23T02:00:00Z,60.342857,0.7870,68.45,normal,1,high,0,71.24
DE40,H1,2026-01-23T03:00:00Z,56.600000,0.7444,64.48,normal,1,high,0,74.44
DE40,H1,2026-01-23T04:00:00Z,52.314286,0.6939,58.53,normal,1,high,0,78.42
DE40,H1,2026-01-23T05:00:00Z,50.385714,0.6728,54.56,normal,1,high,0,80.67
DE40,H1,2026-01-23T06:00:00Z,46.671429,0.6270,40.28,normal,1,high,0,84.97
DE40,H1,2026-01-23T07:00:00Z,40.957143,0.5539,25.99,calm,1,high,0,88.58
DE40,H1,2026-01-23T08:00:00Z,36.421429,0.4959,18.85,calm,1,high,0,88.39
DE40,H1,2026-01-23T09:00:00Z,34.150000,0.4678,15.28,calm,1,high,0,89.20
DE40,H1,2026-01-23T10:00:00Z,36.685714,0.5049,19.64,calm,1,high,0,88.76
DE40,H1,2026-01-23T11:00:00Z,39.364286,0.5432,23.21,calm,1,high,0,88.14
DE40,H1,2026-01-23T12:00:00Z,40.471429,0.5591,25.60,calm,1,high,0,89.16
DE40,H1,2026-01-23T13:00:00Z,42.721429,0.5908,32.74,normal,1,high,0,89.32
DE40,H1,2026-01-23T14:00:00Z,43.185714,0.5977,34.33,normal,1,medium,0,89.17
DE40,H1,2026-01-23T15:00:00Z,45.414286,0.6292,37.90,normal,1,medium,0,86.59
DE40,H1,2026-01-23T16:00:00Z,47.742857,0.6619,48.61,normal,1,medium,0,84.04
DE40,H1,2026-01-23T17:00:00Z,52.271429,0.7249,60.12,normal,1,medium,0,78.27
DE40,H1,2026-01-23T18:00:00Z,55.421429,0.7688,64.88,normal,1,medium,0,71.05
DE40,H1,2026-01-23T19:00:00Z,58.207143,0.8080,67.66,normal,1,medium,0,69.19
DE40,H1,2026-01-23T20:00:00Z,61.314286,0.8541,71.63,elevated,1,medium,0,66.41
DE40,H1,2026-01-23T21:00:00Z,60.885714,0.8520,70.83,elevated,1,medium,0,65.26
DE40,H1,2026-01-23T22:00:00Z,59.564286,0.8397,68.85,normal,1,medium,0,67.98
DE40,H1,2026-01-26T01:00:00Z,71.235714,1.0092,78.37,elevated,1,medium,0,51.54
DE40,H1,2026-01-26T02:00:00Z,71.342857,1.0166,78.37,elevated,1,medium,0,52.10
DE40,H1,2026-01-26T03:00:00Z,70.378571,1.0163,76.39,elevated,1,medium,0,51.95
DE40,H1,2026-01-26T04:00:00Z,70.414286,1.0319,76.39,elevated,1,medium,0,52.61
DE40,H1,2026-01-26T05:00:00Z,68.307143,1.0158,74.40,elevated,1,medium,0,53.88
DE40,H1,2026-01-26T06:00:00Z,66.807143,1.0081,73.61,elevated,1,low,0,53.16
DE40,H1,2026-01-26T07:00:00Z,66.314286,1.0144,73.21,elevated,1,low,0,53.07
DE40,H1,2026-01-26T08:00:00Z,65.528571,1.0165,72.42,elevated,1,low,0,53.08
DE40,H1,2026-01-26T09:00:00Z,61.785714,0.9721,69.64,normal,1,low,0,55.70
DE40,H1,2026-01-26T10:00:00Z,60.135714,0.9601,66.07,normal,1,low,0,55.06
DE40,H1,2026-01-26T11:00:00Z,62.600000,1.0126,70.44,elevated,1,low,0,52.61
DE40,H1,2026-01-26T12:00:00Z,62.421429,1.0192,69.64,normal,1,low,0,52.45
DE40,H1,2026-01-26T13:00:00Z,63.421429,1.0444,70.44,elevated,1,low,0,51.87
DE40,H1,2026-01-26T14:00:00Z,65.528571,1.0859,72.22,elevated,1,low,0,49.18
DE40,H1,2026-01-26T15:00:00Z,54.435714,0.9105,58.13,normal,1,low,0,59.46
DE40,H1,2026-01-26T16:00:00Z,53.642857,0.9066,57.74,normal,1,low,0,57.21
DE40,H1,2026-01-26T17:00:00Z,54.785714,0.9284,58.93,normal,0,off,1,54.67
DE40,H1,2026-01-26T18:00:00Z,54.121429,0.9196,57.34,normal,0,off,0,52.79
DE40,H1,2026-01-26T19:00:00Z,53.800000,0.9175,56.94,normal,0,off,0,51.18
DE40,H1,2026-01-26T20:00:00Z,53.942857,0.9238,56.94,normal,0,off,0,50.64
DE40,H1,2026-01-26T21:00:00Z,53.228571,0.9172,55.36,normal,0,off,0,53.01
DE40,H1,2026-01-26T22:00:00Z,51.514286,0.8948,51.39,normal,0,off,0,51.40
DE40,H1,2026-01-26T23:00:00Z,51.557143,0.9034,51.39,normal,0,off,0,48.08
DE40,H1,2026-01-27T01:00:00Z,50.550000,0.8933,49.01,normal,0,off,0,48.11
DE40,H1,2026-01-27T02:00:00Z,44.864286,0.8009,31.55,normal,0,off,0,51.54
DE40,H1,2026-01-27T03:00:00Z,41.721429,0.7531,25.60,calm,0,off,0,53.69
DE40,H1,2026-01-27T04:00:00Z,41.078571,0.7495,23.61,calm,1,low,0,59.90
DE40,H1,2026-01-27T05:00:00Z,38.614286,0.7124,18.45,calm,1,low,0,61.74
DE40,H1,2026-01-27T06:00:00Z,37.471429,0.6984,17.66,calm,0,off,1,63.77
DE40,H1,2026-01-27T07:00:00Z,35.157143,0.6615,13.69,calm,0,off,0,64.97
DE40,H1,2026-01-27T08:00:00Z,31.621429,0.6006,10.12,calm,0,off,0,63.66
DE40,H1,2026-01-27T09:00:00Z,30.964286,0.5929,8.13,squeeze,1,low,0,65.22
DE40,H1,2026-01-27T10:00:00Z,36.642857,0.7054,16.47,calm,1,medium,0,70.70
DE40,H1,2026-01-27T11:00:00Z,38.500000,0.7435,18.85,calm,1,medium,0,71.23
DE40,H1,2026-01-27T12:00:00Z,39.142857,0.7564,19.64,calm,1,medium,0,70.56
DE40,H1,2026-01-27T13:00:00Z,41.642857,0.8031,26.39,calm,1,medium,0,68.41
DE40,H1,2026-01-27T14:00:00Z,41.557143,0.7992,25.60,calm,1,low,0,66.88
DE40,H1,2026-01-27T15:00:00Z,42.885714,0.8228,29.96,calm,1,low,0,66.26
DE40,H1,2026-01-27T16:00:00Z,44.571429,0.8534,31.15,normal,1,low,0,63.44
DE40,H1,2026-01-27T17:00:00Z,48.892857,0.9331,43.45,normal,1,low,0,57.73
DE40,H1,2026-01-27T18:00:00Z,51.335714,0.9765,49.80,normal,1,low,0,56.10
DE40,H1,2026-01-27T19:00:00Z,51.728571,0.9808,51.39,normal,1,low,0,55.48
DE40,H1,2026-01-27T20:00:00Z,51.907143,0.9818,51.79,normal,1,low,0,53.34
DE40,H1,2026-01-27T21:00:00Z,51.514286,0.9730,50.20,normal,1,low,0,54.25
DE40,H1,2026-01-27T22:00:00Z,54.300000,1.0248,57.34,normal,1,low,0,51.94
DE40,H1,2026-01-27T23:00:00Z,53.800000,1.0160,56.15,normal,0,off,1,51.05
DE40,H1,2026-01-28T01:00:00Z,47.035714,0.8920,36.31,normal,0,off,0,57.81
DE40,H1,2026-01-28T02:00:00Z,45.857143,0.8748,33.53,normal,1,low,0,60.80
DE40,H1,2026-01-28T03:00:00Z,45.464286,0.8724,32.74,normal,1,low,0,60.97
DE40,H1,2026-01-28T04:00:00Z,42.321429,0.8175,26.39,calm,1,low,0,63.86
DE40,H1,2026-01-28T05:00:00Z,41.642857,0.8137,24.40,calm,1,medium,0,63.57
DE40,H1,2026-01-28T06:00:00Z,39.535714,0.7823,18.85,calm,1,high,0,67.09
DE40,H1,2026-01-28T07:00:00Z,38.678571,0.7750,17.66,calm,1,medium,0,72.31
DE40,H1,2026-01-28T08:00:00Z,36.142857,0.7343,12.90,calm,1,medium,0,76.08
DE40,H1,2026-01-28T09:00:00Z,36.835714,0.7581,14.48,calm,1,medium,0,74.88
DE40,H1,2026-01-28T10:00:00Z,44.692857,0.9282,30.75,normal,1,medium,0,69.24
DE40,H1,2026-01-28T11:00:00Z,46.121429,0.9660,33.93,normal,1,medium,0,64.50
DE40,H1,2026-01-28T12:00:00Z,47.657143,1.0057,38.69,normal,1,medium,0,61.83
DE40,H1,2026-01-28T13:00:00Z,47.407143,1.0065,38.29,normal,1,medium,0,62.04
DE40,H1,2026-01-28T14:00:00Z,55.514286,1.1810,60.12,normal,1,low,0,40.45
DE40,H1,2026-01-28T15:00:00Z,58.992857,1.2569,63.29,normal,0,off,1,40.74
DE40,H1,2026-01-28T16:00:00Z,61.100000,1.3025,66.47,normal,1,low,0,43.50
DE40,H1,2026-01-28T17:00:00Z,62.628571,1.3356,69.64,normal,1,low,0,45.20
DE40,H1,2026-01-28T18:00:00Z,65.464286,1.3961,71.63,elevated,1,low,0,47.35
DE40,H1,2026-01-28T19:00:00Z,66.785714,1.4168,73.21,elevated,1,low,0,45.64
DE40,H1,2026-01-28T20:00:00Z,66.642857,1.4060,72.82,elevated,1,low,0,45.96
DE40,H1,2026-01-28T21:00:00Z,67.607143,1.4187,74.01,elevated,1,low,0,46.74
DE40,H1,2026-01-28T22:00:00Z,66.750000,1.3933,72.42,elevated,1,low,0,48.27
DE40,H1,2026-01-28T23:00:00Z,69.014286,1.4315,74.80,elevated,1,low,0,50.74
DE40,H1,2026-01-29T01:00:00Z,64.792857,1.3379,68.45,normal,1,low,0,52.00
DE40,H1,2026-01-29T02:00:00Z,65.735714,1.3504,70.44,elevated,1,low,0,52.25
DE40,H1,2026-01-29T03:00:00Z,68.021429,1.3879,73.61,elevated,1,medium,0,53.51
DE40,H1,2026-01-29T04:00:00Z,66.628571,1.3512,70.83,elevated,1,medium,0,53.45
DE40,H1,2026-01-29T05:00:00Z,59.021429,1.1928,58.53,normal,1,medium,0,53.98
DE40,H1,2026-01-29T06:00:00Z,56.378571,1.1341,54.56,normal,1,medium,0,54.97
DE40,H1,2026-01-29T07:00:00Z,63.450000,1.2653,66.07,normal,1,medium,0,54.83
DE40,H1,2026-01-29T08:00:00Z,65.457143,1.2928,67.86,normal,1,medium,0,55.15
DE40,H1,2026-01-29T09:00:00Z,65.171429,1.2738,67.26,normal,1,medium,0,55.49
DE40,H1,2026-01-29T10:00:00Z,76.192857,1.4670,83.13,elevated,1,low,0,40.95
DE40,H1,2026-01-29T11:00:00Z,85.014286,1.6060,89.09,elevated,0,off,1,30.35
DE40,H1,2026-01-29T12:00:00Z,87.157143,1.6126,90.28,extreme,0,off,0,29.51
DE40,H1,2026-01-29T13:00:00Z,93.728571,1.6949,93.85,extreme,0,off,0,31.97
DE40,H1,2026-01-29T14:00:00Z,91.185714,1.6170,92.26,extreme,0,off,0,32.46
DE40,H1,2026-01-29T15:00:00Z,90.657143,1.5784,91.87,extreme,0,off,0,31.85
DE40,H1,2026-01-29T16:00:00Z,99.500000,1.6967,95.83,extreme,0,off,0,28.95
DE40,H1,2026-01-29T17:00:00Z,108.357143,1.8067,97.42,extreme,0,off,0,18.60
DE40,H1,2026-01-29T18:00:00Z,112.671429,1.8351,98.21,extreme,0,off,0,20.27
DE40,H1,2026-01-29T19:00:00Z,118.350000,1.8813,99.40,extreme,0,off,0,22.58
DE40,H1,2026-01-29T20:00:00Z,121.421429,1.8841,99.80,extreme,0,off,0,22.13
DE40,H1,2026-01-29T21:00:00Z,111.992857,1.7044,97.02,extreme,0,off,0,21.27
DE40,H1,2026-01-29T22:00:00Z,109.457143,1.6369,95.83,extreme,0,off,0,22.91
DE40,H1,2026-01-29T23:00:00Z,108.078571,1.5895,95.04,extreme,0,off,0,21.72
DE40,H1,2026-01-30T01:00:00Z,98.857143,1.4340,92.26,extreme,0,off,0,22.95
DE40,H1,2026-01-30T02:00:00Z,92.978571,1.3327,89.68,elevated,0,off,0,24.25
DE40,H1,2026-01-30T03:00:00Z,92.264286,1.3083,89.09,elevated,0,off,0,25.05
DE40,H1,2026-01-30T04:00:00Z,88.871429,1.2477,86.31,elevated,0,off,0,30.52
DE40,H1,2026-01-30T05:00:00Z,86.978571,1.2076,83.93,elevated,0,off,0,29.89
DE40,H1,2026-01-30T06:00:00Z,85.050000,1.1681,82.34,elevated,1,low,0,34.68
DE40,H1,2026-01-30T07:00:00Z,74.050000,1.0091,72.82,elevated,1,low,0,46.72
DE40,H1,2026-01-30T08:00:00Z,63.300000,0.8577,56.15,normal,1,low,0,57.45
DE40,H1,2026-01-30T09:00:00Z,64.557143,0.8694,57.74,normal,1,low,0,58.45
DE40,H1,2026-01-30T10:00:00Z,71.628571,0.9563,70.04,elevated,1,low,0,56.55
DE40,H1,2026-01-30T11:00:00Z,71.557143,0.9471,69.64,normal,1,medium,0,59.06
DE40,H1,2026-01-30T12:00:00Z,74.057143,0.9704,72.82,elevated,1,medium,0,57.42
DE40,H1,2026-01-30T13:00:00Z,78.878571,1.0223,77.98,elevated,1,medium,0,59.83
DE40,H1,2026-01-30T14:00:00Z,80.778571,1.0372,78.37,elevated,1,medium,0,55.66
DE40,H1,2026-01-30T15:00:00Z,80.014286,1.0186,77.58,elevated,1,medium,0,62.88
DE40,H1,2026-01-30T16:00:00Z,83.392857,1.0520,79.96,elevated,1,medium,0,59.59
DE40,H1,2026-01-30T17:00:00Z,83.557143,1.0445,79.96,elevated,1,medium,0,55.78
DE40,H1,2026-01-30T18:00:00Z,83.971429,1.0423,79.96,elevated,1,medium,0,56.12
DE40,H1,2026-01-30T19:00:00Z,84.614286,1.0436,81.55,elevated,1,medium,0,57.68
DE40,H1,2026-01-30T20:00:00Z,88.114286,1.0796,84.72,elevated,1,medium,0,55.84
DE40,H1,2026-01-30T21:00:00Z,88.292857,1.0751,84.72,elevated,1,medium,0,54.51
DE40,H1,2026-01-30T22:00:00Z,87.757143,1.0628,83.93,elevated,1,medium,0,55.18
DE40,H1,2026-01-30T23:00:00Z,79.007143,0.9540,74.40,elevated,1,medium,0,61.08
DE40,H1,2026-02-02T01:00:00Z,71.750000,0.8653,65.28,normal,1,medium,0,67.54
DE40,H1,2026-02-02T02:00:00Z,71.907143,0.8663,65.28,normal,1,medium,0,67.29
DE40,H1,2026-02-02T03:00:00Z,76.514286,0.9196,71.63,elevated,1,medium,0,64.49
DE40,H1,2026-02-02T04:00:00Z,71.978571,0.8645,64.88,normal,1,medium,0,68.12
DE40,H1,2026-02-02T05:00:00Z,75.414286,0.9034,69.64,normal,1,low,0,62.24
DE40,H1,2026-02-02T06:00:00Z,78.092857,0.9328,72.42,elevated,1,low,0,54.14
DE40,H1,2026-02-02T07:00:00Z,75.342857,0.8984,68.85,normal,0,off,1,52.09
DE40,H1,2026-02-02T08:00:00Z,77.178571,0.9179,71.63,elevated,0,off,0,48.22
DE40,H1,2026-02-02T09:00:00Z,78.692857,0.9316,73.61,elevated,0,off,0,48.81
DE40,H1,2026-02-02T10:00:00Z,89.657143,1.0531,86.71,elevated,0,off,0,42.78
DE40,H1,2026-02-02T11:00:00Z,90.371429,1.0548,87.10,elevated,0,off,0,43.94
DE40,H1,2026-02-02T12:00:00Z,91.085714,1.0568,87.50,elevated,0,off,0,43.90
DE40,H1,2026-02-02T13:00:00Z,94.514286,1.0892,90.28,extreme,0,off,0,34.93
DE40,H1,2026-02-02T14:00:00Z,99.871429,1.1447,93.06,extreme,0,off,0,28.89
DE40,H1,2026-02-02T15:00:00Z,95.878571,1.0962,90.28,extreme,0,off,0,28.00
DE40,H1,2026-02-02T16:00:00Z,93.864286,1.0715,89.09,elevated,0,off,0,25.20
DE40,H1,2026-02-02T17:00:00Z,92.864286,1.0603,87.50,elevated,0,off,0,25.84
DE40,H1,2026-02-02T18:00:00Z,92.685714,1.0579,87.10,elevated,0,off,0,24.72
DE40,H1,2026-02-02T19:00:00Z,87.357143,0.9978,79.56,elevated,0,off,0,27.00
DE40,H1,2026-02-02T20:00:00Z,82.571429,0.9468,72.42,elevated,0,off,0,28.00
DE40,H1,2026-02-02T21:00:00Z,78.928571,0.9112,69.64,normal,0,off,0,28.39
DE40,H1,2026-02-02T22:00:00Z,75.500000,0.8792,64.09,normal,0,off,0,28.89
DE40,H1,2026-02-02T23:00:00Z,70.314286,0.8280,52.98,normal,0,off,0,29.36
DE40,H1,2026-02-03T01:00:00Z,60.085714,0.7180,34.72,normal,0,off,0,34.79
DE40,H1,2026-02-03T02:00:00Z,55.014286,0.6664,29.96,calm,0,off,0,37.02
DE40,H1,2026-02-03T03:00:00Z,53.050000,0.6515,25.20,calm,0,off,0,38.20
DE40,H1,2026-02-03T04:00:00Z,49.514286,0.6170,20.04,calm,0,off,0,40.35
DE40,H1,2026-02-03T05:00:00Z,46.014286,0.5810,14.48,calm,0,off,0,41.61
DE40,H1,2026-02-03T06:00:00Z,45.657143,0.5835,14.09,calm,0,off,0,43.30
DE40,H1,2026-02-03T07:00:00Z,46.942857,0.6070,16.87,calm,0,off,0,43.78
DE40,H1,2026-02-03T08:00:00Z,41.264286,0.5402,7.94,squeeze,0,off,0,44.95
DE40,H1,2026-02-03T09:00:00Z,42.228571,0.5594,10.12,calm,0,off,0,46.21
DE40,H1,2026-02-03T10:00:00Z,51.192857,0.6842,24.01,calm,0,off,0,52.69
DE40,H1,2026-02-03T11:00:00Z,60.550000,0.8122,39.88,normal,0,off,0,47.42
DE40,H1,2026-02-03T12:00:00Z,67.335714,0.9023,53.77,normal,0,off,0,50.54
DE40,H1,2026-02-03T13:00:00Z,68.585714,0.9181,55.36,normal,1,low,0,49.95
DE40,H1,2026-02-03T14:00:00Z,71.842857,0.9616,61.31,normal,1,low,0,48.97
DE40,H1,2026-02-03T15:00:00Z,72.864286,0.9749,63.29,normal,1,low,0,50.95
DE40,H1,2026-02-03T16:00:00Z,78.507143,1.0492,71.63,elevated,0,off,1,38.83
DE40,H1,2026-02-03T17:00:00Z,84.721429,1.1305,78.77,elevated,0,off,0,39.46
DE40,H1,2026-02-03T18:00:00Z,87.378571,1.1639,81.55,elevated,0,off,0,39.52
DE40,H1,2026-02-03T19:00:00Z,91.235714,1.2116,87.10,elevated,0,off,0,39.06
DE40,H1,2026-02-03T20:00:00Z,94.200000,1.2474,90.67,extreme,0,off,0,36.59
DE40,H1,2026-02-03T21:00:00Z,96.414286,1.2724,91.47,extreme,0,off,0,33.93
DE40,H1,2026-02-03T22:00:00Z,98.307143,1.2925,92.26,extreme,0,off,0,35.51
DE40,H1,2026-02-03T23:00:00Z,97.000000,1.2712,91.47,extreme,0,off,0,35.09
DE40,H1,2026-02-04T01:00:00Z,87.335714,1.1447,78.77,elevated,0,off,0,34.14
DE40,H1,2026-02-04T02:00:00Z,79.907143,1.0497,70.44,elevated,0,off,0,37.90
DE40,H1,2026-02-04T03:00:00Z,74.800000,0.9860,63.29,normal,0,off,0,41.94
DE40,H1,2026-02-04T04:00:00Z,73.657143,0.9723,61.31,normal,0,off,0,41.86
DE40,H1,2026-02-04T05:00:00Z,71.335714,0.9417,56.94,normal,0,off,0,42.93
DE40,H1,2026-02-04T06:00:00Z,67.578571,0.8931,50.99,normal,0,off,0,43.97
DE40,H1,2026-02-04T07:00:00Z,61.864286,0.8208,39.48,normal,1,low,0,44.23
DE40,H1,2026-02-04T08:00:00Z,58.150000,0.7744,33.53,normal,1,low,0,57.89
DE40,H1,2026-02-04T09:00:00Z,56.857143,0.7609,32.74,normal,1,low,0,64.61
DE40,H1,2026-02-04T10:00:00Z,64.178571,0.8621,43.06,normal,1,medium,0,61.87
DE40,H1,2026-02-04T11:00:00Z,64.071429,0.8633,42.66,normal,1,medium,0,66.66
DE40,H1,2026-02-04T12:00:00Z,62.964286,0.8516,41.47,normal,1,medium,0,69.37
DE40,H1,2026-02-04T13:00:00Z,63.321429,0.8600,42.26,normal,1,medium,0,68.05
DE40,H1,2026-02-04T14:00:00Z,68.128571,0.9308,52.98,normal,1,medium,0,64.94
DE40,H1,2026-02-04T15:00:00Z,69.835714,0.9595,55.36,normal,1,medium,0,62.74
DE40,H1,2026-02-04T16:00:00Z,71.585714,0.9888,59.33,normal,1,low,0,60.57
DE40,H1,2026-02-04T17:00:00Z,77.550000,1.0762,69.25,normal,1,low,0,55.09
DE40,H1,2026-02-04T18:00:00Z,82.278571,1.1475,73.21,elevated,1,low,0,46.67
DE40,H1,2026-02-04T19:00:00Z,88.457143,1.2362,81.94,elevated,1,low,0,43.69
DE40,H1,2026-02-04T20:00:00Z,91.885714,1.2848,86.71,elevated,1,low,0,42.53
DE40,H1,2026-02-04T21:00:00Z,97.778571,1.3653,91.87,extreme,1,low,0,45.38
DE40,H1,2026-02-04T22:00:00Z,98.385714,1.3716,92.26,extreme,1,low,0,44.73
DE40,H1,2026-02-04T23:00:00Z,104.128571,1.4449,93.85,extreme,1,low,0,47.09
DE40,H1,2026-02-05T01:00:00Z,94.328571,1.3047,89.09,elevated,1,low,0,45.60
DE40,H1,2026-02-05T02:00:00Z,91.614286,1.2627,85.12,elevated,1,low,0,45.34
DE40,H1,2026-02-05T03:00:00Z,89.400000,1.2275,81.94,elevated,1,low,0,46.80
DE40,H1,2026-02-05T04:00:00Z,93.078571,1.2701,87.50,elevated,1,low,0,49.67
DE40,H1,2026-02-05T05:00:00Z,89.971429,1.2177,81.94,elevated,1,medium,0,48.84
DE40,H1,2026-02-05T06:00:00Z,91.250000,1.2230,83.93,elevated,1,medium,0,48.86
DE40,H1,2026-02-05T07:00:00Z,90.750000,1.2042,82.34,elevated,1,medium,0,51.95
DE40,H1,2026-02-05T08:00:00Z,84.071429,1.1054,72.42,elevated,1,medium,0,52.89
DE40,H1,2026-02-05T09:00:00Z,80.200000,1.0451,69.25,normal,1,medium,0,56.73
DE40,H1,2026-02-05T10:00:00Z,83.092857,1.0723,70.83,elevated,1,medium,0,58.51
DE40,H1,2026-02-05T11:00:00Z,84.914286,1.0852,74.01,elevated,1,medium,0,54.35
DE40,H1,2026-02-05T12:00:00Z,85.092857,1.0754,74.80,elevated,1,medium,0,55.21
DE40,H1,2026-02-05T13:00:00Z,85.985714,1.0748,75.20,elevated,1,medium,0,56.00
DE40,H1,2026-02-05T14:00:00Z,92.592857,1.1456,85.91,elevated,1,medium,0,54.56
DE40,H1,2026-02-05T15:00:00Z,99.107143,1.2146,92.26,extreme,1,low,0,47.26
DE40,H1,2026-02-05T16:00:00Z,109.635714,1.3298,95.83,extreme,1,low,0,43.75
DE40,H1,2026-02-05T17:00:00Z,112.857143,1.3544,97.42,extreme,0,off,1,43.46
DE40,H1,2026-02-05T18:00:00Z,117.135714,1.3906,98.21,extreme,1,low,0,42.96
DE40,H1,2026-02-05T19:00:00Z,120.385714,1.4132,99.01,extreme,1,low,0,43.81
DE40,H1,2026-02-05T20:00:00Z,120.992857,1.4063,99.01,extreme,1,low,0,42.31
DE40,H1,2026-02-05T21:00:00Z,121.028571,1.3950,99.01,extreme,1,low,0,43.55
DE40,H1,2026-02-05T22:00:00Z,124.707143,1.4251,99.80,extreme,1,low,0,44.52
DE40,H1,2026-02-05T23:00:00Z,127.057143,1.4402,99.80,extreme,1,low,0,47.29
DE40,H1,2026-02-06T01:00:00Z,119.664286,1.3486,97.42,extreme,1,low,0,49.23
DE40,H1,2026-02-06T02:00:00Z,125.771429,1.4081,99.40,extreme,1,low,0,44.89
DE40,H1,2026-02-06T03:00:00Z,127.128571,1.4142,99.80,extreme,1,low,0,47.67
DE40,H1,2026-02-06T04:00:00Z,124.235714,1.3737,98.21,extreme,1,medium,0,48.48
DE40,H1,2026-02-06T05:00:00Z,111.057143,1.2215,93.85,extreme,1,medium,0,47.69
DE40,H1,2026-02-06T06:00:00Z,107.021429,1.1702,91.87,extreme,1,medium,0,50.50
DE40,H1,2026-02-06T07:00:00Z,102.600000,1.1150,91.07,extreme,1,medium,0,56.12
DE40,H1,2026-02-06T08:00:00Z,100.807143,1.0891,90.67,extreme,1,medium,0,56.66
DE40,H1,2026-02-06T09:00:00Z,94.314286,1.0139,85.52,elevated,1,medium,0,60.69
DE40,H1,2026-02-06T10:00:00Z,96.064286,1.0265,86.71,elevated,1,medium,0,60.05
DE40,H1,2026-02-06T11:00:00Z,99.707143,1.0569,89.88,elevated,1,medium,0,53.46
DE40,H1,2026-02-06T12:00:00Z,100.528571,1.0561,90.28,extreme,1,medium,0,51.42
DE40,H1,2026-02-06T13:00:00Z,97.957143,1.0202,87.10,elevated,1,medium,0,51.58
DE40,H1,2026-02-06T14:00:00Z,95.500000,0.9882,84.72,elevated,1,medium,0,53.08
DE40,H1,2026-02-06T15:00:00Z,94.964286,0.9764,84.33,elevated,1,low,0,50.43
DE40,H1,2026-02-06T16:00:00Z,89.000000,0.9102,74.40,elevated,1,low,0,49.89
DE40,H1,2026-02-06T17:00:00Z,87.750000,0.8930,72.02,elevated,1,low,0,49.37
DE40,H1,2026-02-06T18:00:00Z,88.014286,0.8921,72.42,elevated,0,off,1,46.57
DE40,H1,2026-02-06T19:00:00Z,87.835714,0.8870,72.02,elevated,0,off,0,45.16
DE40,H1,2026-02-06T20:00:00Z,84.585714,0.8520,66.07,normal,0,off,0,44.66
DE40,H1,2026-02-06T21:00:00Z,76.371429,0.7694,57.74,normal,0,off,0,47.36
DE40,H1,2026-02-06T22:00:00Z,74.800000,0.7547,55.36,normal,0,off,0,55.16
DE40,H1,2026-02-09T01:00:00Z,74.014286,0.7490,54.17,normal,0,off,0,49.09
DE40,H1,2026-02-09T02:00:00Z,68.514286,0.6966,46.63,normal,0,off,0,51.03
DE40,H1,2026-02-09T03:00:00Z,61.871429,0.6337,34.33,normal,0,off,0,55.47
DE40,H1,2026-02-09T04:00:00Z,58.585714,0.6050,29.56,calm,0,off,0,55.26
DE40,H1,2026-02-09T05:00:00Z,56.157143,0.5857,27.58,calm,0,off,0,49.89
DE40,H1,2026-02-09T06:00:00Z,52.871429,0.5562,22.02,calm,0,off,0,50.35
DE40,H1,2026-02-09T07:00:00Z,51.657143,0.5481,20.44,calm,0,off,0,50.94
DE40,H1,2026-02-09T08:00:00Z,47.335714,0.5067,15.67,calm,0,off,0,50.12
DE40,H1,2026-02-09T09:00:00Z,42.978571,0.4651,10.52,calm,0,off,0,52.77
DE40,H1,2026-02-09T10:00:00Z,50.428571,0.5504,17.66,calm,0,off,0,54.69
DE40,H1,2026-02-09T11:00:00Z,52.178571,0.5744,21.23,calm,0,off,0,56.67
DE40,H1,2026-02-09T12:00:00Z,56.357143,0.6252,27.58,calm,0,off,0,59.73
DE40,H1,2026-02-09T13:00:00Z,59.071429,0.6589,30.36,normal,1,low,0,56.62
DE40,H1,2026-02-09T14:00:00Z,59.250000,0.6640,30.36,normal,1,medium,0,58.62
DE40,H1,2026-02-09T15:00:00Z,55.385714,0.6246,25.20,calm,1,medium,0,72.55
DE40,H1,2026-02-09T16:00:00Z,55.492857,0.6300,25.60,calm,1,medium,0,73.74
DE40,H1,2026-02-09T17:00:00Z,62.885714,0.7175,35.52,normal,1,low,0,68.41
DE40,H1,2026-02-09T18:00:00Z,63.700000,0.7305,37.50,normal,0,off,1,62.36
DE40,H1,2026-02-09T19:00:00Z,63.878571,0.7374,37.50,normal,0,off,0,57.67
DE40,H1,2026-02-09T20:00:00Z,65.628571,0.7635,41.07,normal,0,off,0,55.82
DE40,H1,2026-02-09T21:00:00Z,65.200000,0.7665,39.09,normal,0,off,0,49.98
DE40,H1,2026-02-09T22:00:00Z,63.557143,0.7559,35.91,normal,0,off,0,47.19
DE40,H1,2026-02-09T23:00:00Z,61.578571,0.7422,30.75,normal,0,off,0,46.47
DE40,H1,2026-02-10T01:00:00Z,53.564286,0.6562,20.44,calm,0,off,0,49.74
DE40,H1,2026-02-10T02:00:00Z,51.535714,0.6422,17.26,calm,0,off,0,51.33
DE40,H1,2026-02-10T03:00:00Z,46.750000,0.5936,12.10,calm,0,off,0,52.96
DE40,H1,2026-02-10T04:00:00Z,44.857143,0.5813,9.72,squeeze,0,off,0,51.81
DE40,H1,2026-02-10T05:00:00Z,42.642857,0.5650,8.13,squeeze,0,off,0,50.49
DE40,H1,2026-02-10T06:00:00Z,42.328571,0.5726,8.13,squeeze,0,off,0,49.70
DE40,H1,2026-02-10T07:00:00Z,39.114286,0.5418,4.17,squeeze,0,off,0,45.55
DE40,H1,2026-02-10T08:00:00Z,31.400000,0.4468,0.60,squeeze,0,off,0,44.70
DE40,H1,2026-02-10T09:00:00Z,31.592857,0.4617,0.99,squeeze,0,off,0,43.63
DE40,H1,2026-02-10T10:00:00Z,34.664286,0.5182,1.79,squeeze,0,off,0,49.95
DE40,H1,2026-02-10T11:00:00Z,37.807143,0.5771,4.17,squeeze,0,off,0,49.54
DE40,H1,2026-02-10T12:00:00Z,39.557143,0.6157,6.94,squeeze,1,low,0,50.55
DE40,H1,2026-02-10T13:00:00Z,41.592857,0.6595,8.53,squeeze,1,high,0,55.40
DE40,H1,2026-02-10T14:00:00Z,44.750000,0.7209,13.29,calm,1,high,0,72.11
DE40,H1,2026-02-10T15:00:00Z,47.121429,0.7713,17.66,calm,1,high,0,69.52
DE40,H1,2026-02-10T16:00:00Z,47.935714,0.7981,19.25,calm,1,high,0,69.46
DE40,H1,2026-02-10T17:00:00Z,49.400000,0.8367,20.04,calm,1,high,0,69.34
DE40,H1,2026-02-10T18:00:00Z,51.607143,0.8881,24.01,calm,1,high,0,68.81
DE40,H1,2026-02-10T19:00:00Z,52.785714,0.9219,25.99,calm,1,high,0,66.93
DE40,H1,2026-02-10T20:00:00Z,54.285714,0.9618,28.37,calm,1,high,0,64.52
DE40,H1,2026-02-10T21:00:00Z,54.428571,0.9762,28.77,calm,1,high,0,63.20
DE40,H1,2026-02-10T22:00:00Z,55.464286,1.0065,29.56,calm,1,high,0,61.43
DE40,H1,2026-02-10T23:00:00Z,53.957143,0.9914,27.18,calm,1,high,0,63.21
DE40,H1,2026-02-11T01:00:00Z,50.664286,0.9438,21.23,calm,1,high,0,66.49
DE40,H1,2026-02-11T02:00:00Z,46.071429,0.8707,15.67,calm,1,high,0,70.71
DE40,H1,2026-02-11T03:00:00Z,43.678571,0.8358,12.10,calm,1,high,0,72.97
DE40,H1,2026-02-11T04:00:00Z,41.178571,0.7982,7.34,squeeze,1,high,0,75.46
DE40,H1,2026-02-11T05:00:00Z,37.607143,0.7395,4.17,squeeze,1,high,0,78.52
DE40,H1,2026-02-11T06:00:00Z,35.892857,0.7149,2.58,squeeze,1,high,0,80.71
DE40,H1,2026-02-11T07:00:00Z,33.857143,0.6820,1.79,squeeze,1,high,0,82.54
DE40,H1,2026-02-11T08:00:00Z,33.785714,0.6874,1.39,squeeze,1,high,0,82.73
DE40,H1,2026-02-11T09:00:00Z,33.542857,0.6888,0.99,squeeze,1,high,0,82.63
DE40,H1,2026-02-11T10:00:00Z,40.292857,0.8317,6.94,squeeze,1,medium,0,63.64
DE40,H1,2026-02-11T11:00:00Z,44.542857,0.9221,12.10,calm,1,low,0,54.64
DE40,H1,2026-02-11T12:00:00Z,47.685714,0.9871,18.85,calm,0,off,1,45.09
DE40,H1,2026-02-11T13:00:00Z,49.400000,1.0198,19.84,calm,0,off,0,43.77
DE40,H1,2026-02-11T14:00:00Z,52.078571,1.0744,24.40,calm,0,off,0,41.45
DE40,H1,2026-02-11T15:00:00Z,57.585714,1.1854,31.94,normal,0,off,0,41.77
DE40,H1,2026-02-11T16:00:00Z,61.500000,1.2633,35.52,normal,0,off,0,42.02
DE40,H1,2026-02-11T17:00:00Z,70.000000,1.4315,49.40,normal,1,low,0,42.50
DE40,H1,2026-02-11T18:00:00Z,76.121429,1.5460,56.94,normal,1,low,0,44.89
DE40,H1,2026-02-11T19:00:00Z,79.621429,1.6013,61.31,normal,1,low,0,44.78
DE40,H1,2026-02-11T20:00:00Z,80.550000,1.6038,62.50,normal,1,low,0,45.20
DE40,H1,2026-02-11T21:00:00Z,82.942857,1.6384,63.69,normal,1,low,0,47.73
DE40,H1,2026-02-11T22:00:00Z,81.728571,1.6030,62.50,normal,1,low,0,48.21
DE40,H1,2026-02-11T23:00:00Z,79.250000,1.5450,59.72,normal,1,low,0,48.72
DE40,H1,2026-02-12T01:00:00Z,73.371429,1.4261,50.99,normal,1,low,0,50.23
DE40,H1,2026-02-12T02:00:00Z,68.657143,1.3327,45.44,normal,1,medium,0,51.04
DE40,H1,2026-02-12T03:00:00Z,65.657143,1.2734,40.28,normal,1,medium,0,52.72
DE40,H1,2026-02-12T04:00:00Z,62.835714,1.2181,33.13,normal,1,medium,0,53.19
DE40,H1,2026-02-12T05:00:00Z,59.907143,1.1585,29.56,calm,1,medium,0,54.11
DE40,H1,2026-02-12T06:00:00Z,54.264286,1.0483,22.02,calm,1,high,0,57.82
DE40,H1,2026-02-12T07:00:00Z,52.585714,1.0135,19.64,calm,1,medium,0,60.91
DE40,H1,2026-02-12T08:00:00Z,47.300000,0.9108,12.90,calm,1,medium,0,67.54
DE40,H1,2026-02-12T09:00:00Z,44.607143,0.8583,8.53,squeeze,1,medium,0,71.43
DE40,H1,2026-02-12T10:00:00Z,49.035714,0.9411,14.88,calm,1,low,0,48.86
DE40,H1,2026-02-12T11:00:00Z,49.964286,0.9549,16.07,calm,0,off,1,39.15
DE40,H1,2026-02-12T12:00:00Z,49.392857,0.9376,14.48,calm,0,off,0,34.95
DE40,H1,2026-02-12T13:00:00Z,51.357143,0.9676,17.26,calm,0,off,0,29.99
DE40,H1,2026-02-12T14:00:00Z,52.907143,0.9900,20.83,calm,0,off,0,26.12
DE40,H1,2026-02-12T15:00:00Z,52.714286,0.9809,20.04,calm,0,off,0,25.71
DE40,H1,2026-02-12T16:00:00Z,55.178571,1.0208,24.40,calm,0,off,0,22.56
DE40,H1,2026-02-12T17:00:00Z,68.142857,1.2484,44.25,normal,0,off,0,26.69
DE40,H1,2026-02-12T18:00:00Z,78.864286,1.4270,58.13,normal,0,off,0,23.94
DE40,H1,2026-02-12T19:00:00Z,84.150000,1.5025,65.67,normal,0,off,0,26.33
DE40,H1,2026-02-12T20:00:00Z,88.578571,1.5589,73.61,elevated,0,off,0,28.26
DE40,H1,2026-02-12T21:00:00Z,87.685714,1.5227,70.44,elevated,0,off,0,28.37
DE40,H1,2026-02-12T22:00:00Z,89.435714,1.5330,74.80,elevated,0,off,0,30.05
DE40,H1,2026-02-12T23:00:00Z,88.671429,1.5014,73.21,elevated,0,off,0,32.50
DE40,H1,2026-02-13T01:00:00Z,83.207143,1.3952,62.10,normal,0,off,0,32.83
DE40,H1,2026-02-13T02:00:00Z,84.235714,1.3985,64.09,normal,0,off,0,34.59
DE40,H1,2026-02-13T03:00:00Z,85.235714,1.4012,66.87,normal,0,off,0,35.74
DE40,H1,2026-02-13T04:00:00Z,82.842857,1.3491,60.12,normal,0,off,0,35.03
DE40,H1,2026-02-13T05:00:00Z,81.807143,1.3188,58.93,normal,0,off,0,33.54
DE40,H1,2026-02-13T06:00:00Z,81.021429,1.2916,58.13,normal,0,off,0,32.76
DE40,H1,2026-02-13T07:00:00Z,81.307143,1.2808,58.13,normal,0,off,0,29.81
DE40,H1,2026-02-13T08:00:00Z,71.857143,1.1211,44.25,normal,0,off,0,26.99
DE40,H1,2026-02-13T09:00:00Z,64.100000,0.9919,35.52,normal,0,off,0,33.22
DE40,H1,2026-02-13T10:00:00Z,67.064286,1.0278,37.90,normal,0,off,0,29.18
DE40,H1,2026-02-13T11:00:00Z,66.350000,1.0069,37.90,normal,0,off,0,30.98
DE40,H1,2026-02-13T12:00:00Z,68.421429,1.0275,40.28,normal,1,low,0,30.58
DE40,H1,2026-02-13T13:00:00Z,67.778571,1.0075,39.48,normal,1,medium,0,35.60
DE40,H1,2026-02-13T14:00:00Z,68.685714,1.0124,42.26,normal,1,medium,0,52.88
DE40,H1,2026-02-13T15:00:00Z,72.850000,1.0649,47.42,normal,1,medium,0,50.53
DE40,H1,2026-02-13T16:00:00Z,76.500000,1.1089,52.98,normal,1,medium,0,48.99
DE40,H1,2026-02-13T17:00:00Z,80.428571,1.1555,59.33,normal,1,medium,0,50.35
DE40,H1,2026-02-13T18:00:00Z,84.121429,1.1975,66.07,normal,1,medium,0,54.02
DE40,H1,2026-02-13T19:00:00Z,86.335714,1.2190,70.44,elevated,1,medium,0,50.87
DE40,H1,2026-02-13T20:00:00Z,87.978571,1.2330,74.01,elevated,1,medium,0,50.16
DE40,H1,2026-02-13T21:00:00Z,87.121429,1.2152,71.23,elevated,1,medium,0,51.20
DE40,H1,2026-02-13T22:00:00Z,86.464286,1.2025,70.83,elevated,1,medium,0,52.11
DE40,H1,2026-02-16T01:00:00Z,85.342857,1.1851,70.04,elevated,1,medium,0,52.19
DE40,H1,2026-02-16T02:00:00Z,77.885714,1.0823,54.56,normal,1,medium,0,53.89
DE40,H1,2026-02-16T03:00:00Z,74.600000,1.0391,50.20,normal,1,medium,0,55.29
DE40,H1,2026-02-16T04:00:00Z,71.457143,0.9981,44.25,normal,1,medium,0,56.81
DE40,H1,2026-02-16T05:00:00Z,66.885714,0.9375,38.29,normal,1,medium,0,60.83
DE40,H1,2026-02-16T06:00:00Z,63.635714,0.8944,34.33,normal,1,medium,0,62.90
DE40,H1,2026-02-16T07:00:00Z,57.971429,0.8173,27.58,calm,1,medium,0,67.16
DE40,H1,2026-02-16T08:00:00Z,50.721429,0.7181,16.87,calm,1,medium,0,73.96
DE40,H1,2026-02-16T09:00:00Z,47.192857,0.6711,12.10,calm,1,low,0,77.41
DE40,H1,2026-02-16T10:00:00Z,47.714286,0.6809,13.69,calm,1,medium,0,76.33
DE40,H1,2026-02-16T11:00:00Z,47.678571,0.6816,13.29,calm,1,medium,0,80.47
DE40,H1,2026-02-16T12:00:00Z,47.428571,0.6791,13.29,calm,1,medium,0,82.88
DE40,H1,2026-02-16T13:00:00Z,46.178571,0.6614,10.91,calm,1,medium,0,82.21
DE40,H1,2026-02-16T14:00:00Z,44.714286,0.6404,8.93,squeeze,1,high,0,84.97
DE40,H1,2026-02-16T15:00:00Z,43.264286,0.6206,7.74,squeeze,1,high,0,86.03
DE40,H1,2026-02-16T16:00:00Z,45.971429,0.6602,10.91,calm,1,medium,0,82.26
DE40,H1,2026-02-16T17:00:00Z,50.078571,0.7191,19.25,calm,1,medium,0,75.45
DE40,H1,2026-02-16T18:00:00Z,51.650000,0.7416,22.42,calm,1,low,0,67.75
DE40,H1,2026-02-16T19:00:00Z,51.400000,0.7383,21.63,calm,1,low,0,65.26
DE40,H1,2026-02-16T20:00:00Z,50.900000,0.7315,20.83,calm,0,off,1,61.94
DE40,H1,2026-02-16T21:00:00Z,49.328571,0.7101,17.26,calm,0,off,0,59.73
DE40,H1,2026-02-16T22:00:00Z,47.864286,0.6931,16.47,calm,0,off,0,58.12
DE40,H1,2026-02-17T01:00:00Z,45.950000,0.6718,10.91,calm,0,off,0,60.87
DE40,H1,2026-02-17T02:00:00Z,42.814286,0.6336,7.34,squeeze,0,off,0,62.90
DE40,H1,2026-02-17T03:00:00Z,43.921429,0.6587,8.93,squeeze,0,off,0,62.14
DE40,H1,2026-02-17T04:00:00Z,42.814286,0.6508,7.54,squeeze,0,off,0,61.43
DE40,H1,2026-02-17T05:00:00Z,44.742857,0.6895,10.91,calm,0,off,0,52.70
DE40,H1,2026-02-17T06:00:00Z,43.350000,0.6775,8.93,squeeze,0,off,0,51.90
DE40,H1,2026-02-17T07:00:00Z,44.457143,0.7033,10.12,calm,0,off,0,46.03
DE40,H1,2026-02-17T08:00:00Z,41.528571,0.6660,5.75,squeeze,0,off,0,47.98
DE40,H1,2026-02-17T09:00:00Z,40.135714,0.6531,4.56,squeeze,0,off,0,54.22
DE40,H1,2026-02-17T10:00:00Z,43.028571,0.7094,9.33,squeeze,0,off,0,54.83
DE40,H1,2026-02-17T11:00:00Z,47.528571,0.7925,19.25,calm,0,off,0,53.49
DE40,H1,2026-02-17T12:00:00Z,51.507143,0.8674,27.58,calm,0,off,0,53.46
DE40,H1,2026-02-17T13:00:00Z,57.257143,0.9721,37.90,normal,1,low,0,52.23
DE40,H1,2026-02-17T14:00:00Z,63.721429,1.0849,46.23,normal,1,low,0,50.67
DE40,H1,2026-02-17T15:00:00Z,71.057143,1.2069,55.75,normal,1,low,0,54.36
DE40,H1,2026-02-17T16:00:00Z,77.050000,1.3043,62.90,normal,1,low,0,48.07
DE40,H1,2026-02-17T17:00:00Z,78.014286,1.3154,64.09,normal,1,low,0,50.52
DE40,H1,2026-02-17T18:00:00Z,85.514286,1.4336,75.99,elevated,1,low,0,42.92
DE40,H1,2026-02-17T19:00:00Z,85.371429,1.4228,75.99,elevated,0,off,1,43.21
DE40,H1,2026-02-17T20:00:00Z,90.514286,1.4976,84.33,elevated,0,off,0,39.37
DE40,H1,2026-02-17T21:00:00Z,88.407143,1.4553,81.15,elevated,0,off,0,37.72
DE40,H1,2026-02-17T22:00:00Z,87.371429,1.4331,78.37,elevated,0,off,0,36.04
DE40,H1,2026-02-17T23:00:00Z,85.121429,1.3940,74.40,elevated,0,off,0,33.01
DE40,H1,2026-02-18T01:00:00Z,81.307143,1.3328,68.06,normal,0,off,0,32.44
DE40,H1,2026-02-18T02:00:00Z,77.985714,1.2819,63.29,normal,0,off,0,30.35
DE40,H1,2026-02-18T03:00:00Z,74.542857,1.2307,59.33,normal,0,off,0,30.10
DE40,H1,2026-02-18T04:00:00Z,69.042857,1.1467,53.77,normal,0,off,0,29.98
DE40,H1,2026-02-18T05:00:00Z,63.935714,1.0699,45.83,normal,0,off,0,30.16
DE40,H1,2026-02-18T06:00:00Z,56.757143,0.9590,36.31,normal,0,off,0,40.12
DE40,H1,2026-02-18T07:00:00Z,49.435714,0.8434,23.21,calm,0,off,0,43.06
DE40,H1,2026-02-18T08:00:00Z,44.150000,0.7611,11.31,calm,0,off,0,44.97
DE40,H1,2026-02-18T09:00:00Z,36.471429,0.6364,2.98,squeeze,0,off,0,51.65
DE40,H1,2026-02-18T10:00:00Z,40.214286,0.7083,5.36,squeeze,0,off,0,45.17
DE40,H1,2026-02-18T11:00:00Z,38.785714,0.6892,4.17,squeeze,0,off,0,48.84
DE40,H1,2026-02-18T12:00:00Z,41.571429,0.7430,7.34,squeeze,0,off,0,44.47
DE40,H1,2026-02-18T13:00:00Z,44.928571,0.8047,15.28,calm,0,off,0,41.31
DE40,H1,2026-02-18T14:00:00Z,47.964286,0.8588,22.02,calm,0,off,0,37.69
DE40,H1,2026-02-18T15:00:00Z,52.814286,0.9439,31.94,normal,0,off,0,35.28
DE40,H1,2026-02-18T16:00:00Z,60.850000,1.0825,41.47,normal,0,off,0,33.38
DE40,H1,2026-02-18T17:00:00Z,64.364286,1.1381,48.61,normal,0,off,0,33.64
DE40,H1,2026-02-18T18:00:00Z,67.228571,1.1800,51.39,normal,0,off,0,34.51
DE40,H1,2026-02-18T19:00:00Z,67.550000,1.1762,51.79,normal,0,off,0,31.96
DE40,H1,2026-02-18T20:00:00Z,69.942857,1.2067,56.15,normal,0,off,0,28.69
DE40,H1,2026-02-18T21:00:00Z,74.442857,1.2718,60.52,normal,0,off,0,28.53
DE40,H1,2026-02-18T22:00:00Z,78.442857,1.3273,65.67,normal,0,off,0,31.19
DE40,H1,2026-02-18T23:00:00Z,77.450000,1.2991,64.09,normal,0,off,0,31.35
DE40,H1,2026-02-19T01:00:00Z,70.400000,1.1734,56.94,normal,0,off,0,32.63
DE40,H1,2026-02-19T02:00:00Z,66.578571,1.1039,50.60,normal,0,off,0,36.26
DE40,H1,2026-02-19T03:00:00Z,64.900000,1.0706,49.01,normal,0,off,0,38.99
DE40,H1,2026-02-19T04:00:00Z,61.150000,1.0043,41.87,normal,0,off,0,42.51
DE40,H1,2026-02-19T05:00:00Z,57.471429,0.9403,38.69,normal,1,low,0,45.94
DE40,H1,2026-02-19T06:00:00Z,51.685714,0.8432,29.96,calm,1,medium,0,56.93
DE40,H1,2026-02-19T07:00:00Z,42.721429,0.6972,8.93,squeeze,1,medium,0,71.95
DE40,H1,2026-02-19T08:00:00Z,40.385714,0.6596,6.55,squeeze,1,medium,0,74.10
DE40,H1,2026-02-19T09:00:00Z,40.085714,0.6557,5.36,squeeze,1,medium,0,75.30
DE40,H1,2026-02-19T10:00:00Z,44.085714,0.7210,13.29,calm,1,low,0,74.20
DE40,H1,2026-02-19T11:00:00Z,46.085714,0.7533,18.45,calm,0,off,1,67.05
DE40,H1,2026-02-19T12:00:00Z,44.178571,0.7215,14.09,calm,0,off,0,57.47
DE40,H1,2026-02-19T13:00:00Z,42.857143,0.6993,10.91,calm,0,off,0,53.75
DE40,H1,2026-02-19T14:00:00Z,45.064286,0.7348,18.06,calm,0,off,0,50.40
DE40,H1,2026-02-19T15:00:00Z,47.978571,0.7822,25.60,calm,0,off,0,44.33
DE40,H1,2026-02-19T16:00:00Z,51.514286,0.8399,31.94,normal,0,off,0,39.77
DE40,H1,2026-02-19T17:00:00Z,53.228571,0.8690,37.50,normal,0,off,0,41.68
DE40,H1,2026-02-19T18:00:00Z,55.907143,0.9150,41.47,normal,0,off,0,37.15
DE40,H1,2026-02-19T19:00:00Z,57.585714,0.9467,44.05,normal,0,off,0,30.35
DE40,H1,2026-02-19T20:00:00Z,59.835714,0.9893,46.23,normal,0,off,0,27.63
DE40,H1,2026-02-19T21:00:00Z,61.085714,1.0156,47.42,normal,0,off,0,26.20
DE40,H1,2026-02-19T22:00:00Z,60.478571,1.0140,47.02,normal,0,off,0,26.59
DE40,H1,2026-02-19T23:00:00Z,59.657143,1.0089,46.23,normal,0,off,0,28.42
DE40,H1,2026-02-20T01:00:00Z,55.350000,0.9473,40.28,normal,0,off,0,32.81
DE40,H1,2026-02-20T02:00:00Z,51.371429,0.8905,31.15,normal,0,off,0,40.68
DE40,H1,2026-02-20T03:00:00Z,49.385714,0.8675,26.79,calm,0,off,0,46.12
DE40,H1,2026-02-20T04:00:00Z,48.028571,0.8548,25.99,calm,0,off,0,50.57
DE40,H1,2026-02-20T05:00:00Z,45.278571,0.8164,18.45,calm,1,low,0,52.98
DE40,H1,2026-02-20T06:00:00Z,41.850000,0.7645,8.93,squeeze,1,medium,0,55.15
DE40,H1,2026-02-20T07:00:00Z,38.707143,0.7165,4.17,squeeze,1,medium,0,69.11
DE40,H1,2026-02-20T08:00:00Z,35.850000,0.6718,2.58,squeeze,1,medium,0,77.26
DE40,H1,2026-02-20T09:00:00Z,34.807143,0.6595,2.58,squeeze,1,medium,0,78.75
DE40,H1,2026-02-20T10:00:00Z,38.000000,0.7251,4.96,squeeze,1,medium,0,75.27
DE40,H1,2026-02-20T11:00:00Z,38.821429,0.7438,6.15,squeeze,1,medium,0,73.30
DE40,H1,2026-02-20T12:00:00Z,39.071429,0.7501,6.55,squeeze,1,low,0,70.21
DE40,H1,2026-02-20T13:00:00Z,41.321429,0.7918,10.12,calm,1,low,0,66.45
DE40,H1,2026-02-20T14:00:00Z,41.935714,0.8030,12.10,calm,1,low,0,64.95
DE40,H1,2026-02-20T15:00:00Z,43.100000,0.8240,15.67,calm,1,low,0,62.64
DE40,H1,2026-02-20T16:00:00Z,44.542857,0.8506,19.44,calm,1,low,0,59.46
DE40,H1,2026-02-20T17:00:00Z,56.221429,1.0690,48.61,normal,0,off,1,19.47
DE40,H1,2026-02-20T18:00:00Z,57.214286,1.0841,49.80,normal,0,off,0,19.04
DE40,H1,2026-02-20T19:00:00Z,62.000000,1.1707,57.34,normal,0,off,0,22.36
DE40,H1,2026-02-20T20:00:00Z,66.714286,1.2569,64.09,normal,0,off,0,24.55
DE40,H1,2026-02-20T21:00:00Z,67.950000,1.2785,66.47,normal,0,off,0,26.11
DE40,H1,2026-02-20T22:00:00Z,68.592857,1.2899,68.06,normal,0,off,0,24.60
DE40,H1,2026-02-23T01:00:00Z,70.750000,1.3289,70.83,elevated,0,off,0,28.28
DE40,H1,2026-02-23T02:00:00Z,69.021429,1.2968,69.25,normal,0,off,0,31.45
DE40,H1,2026-02-23T03:00:00Z,67.200000,1.2661,65.28,normal,0,off,0,33.38
DE40,H1,2026-02-23T04:00:00Z,66.628571,1.2609,64.09,normal,0,off,0,33.42
DE40,H1,2026-02-23T05:00:00Z,64.271429,1.2224,61.31,normal,0,off,0,33.60
DE40,H1,2026-02-23T06:00:00Z,62.307143,1.1887,57.74,normal,0,off,0,34.35
DE40,H1,2026-02-23T07:00:00Z,61.735714,1.1800,56.94,normal,0,off,0,35.02
DE40,H1,2026-02-23T08:00:00Z,59.735714,1.1440,53.77,normal,0,off,0,42.54
DE40,H1,2026-02-23T09:00:00Z,48.242857,0.9285,31.15,normal,0,off,0,51.82
DE40,H1,2026-02-23T10:00:00Z,51.857143,1.0002,40.67,normal,0,off,0,50.33
DE40,H1,2026-02-23T11:00:00Z,51.321429,0.9900,36.71,normal,0,off,0,51.73
DE40,H1,2026-02-23T12:00:00Z,54.678571,1.0499,47.02,normal,1,low,0,42.46
DE40,H1,2026-02-23T13:00:00Z,53.835714,1.0284,45.44,normal,1,low,0,43.40
DE40,H1,2026-02-23T14:00:00Z,56.300000,1.0689,50.99,normal,1,low,0,42.23
DE40,H1,2026-02-23T15:00:00Z,56.864286,1.0744,52.18,normal,1,low,0,46.51
DE40,H1,2026-02-23T16:00:00Z,57.292857,1.0779,53.37,normal,1,low,0,50.42
DE40,H1,2026-02-23T17:00:00Z,65.578571,1.2240,67.26,normal,1,low,0,47.74
DE40,H1,2026-02-23T18:00:00Z,68.857143,1.2728,75.20,elevated,1,low,0,39.20
DE40,H1,2026-02-23T19:00:00Z,71.950000,1.3169,79.17,elevated,1,low,0,37.41
DE40,H1,2026-02-23T20:00:00Z,74.092857,1.3433,80.75,elevated,1,low,0,41.54
DE40,H1,2026-02-23T21:00:00Z,73.878571,1.3286,80.36,elevated,1,low,0,43.69
DE40,H1,2026-02-23T22:00:00Z,73.235714,1.3076,79.96,elevated,0,off,1,42.01
DE40,H1,2026-02-23T23:00:00Z,72.778571,1.2917,79.56,elevated,0,off,0,39.94
DE40,H1,2026-02-24T01:00:00Z,67.121429,1.1873,70.83,elevated,0,off,0,38.85
DE40,H1,2026-02-24T02:00:00Z,64.264286,1.1350,65.67,normal,0,off,0,38.61
DE40,H1,2026-02-24T03:00:00Z,56.264286,0.9954,50.99,normal,0,off,0,43.31
DE40,H1,2026-02-24T04:00:00Z,57.550000,1.0192,54.56,normal,0,off,0,42.02
DE40,H1,2026-02-24T05:00:00Z,54.014286,0.9585,46.23,normal,0,off,0,45.67
DE40,H1,2026-02-24T06:00:00Z,49.550000,0.8811,34.33,normal,0,off,0,50.62
DE40,H1,2026-02-24T07:00:00Z,46.585714,0.8298,25.20,calm,0,off,0,52.02
DE40,H1,2026-02-24T08:00:00Z,36.800000,0.6584,4.17,squeeze,0,off,0,64.50
DE40,H1,2026-02-24T09:00:00Z,35.807143,0.6435,2.98,squeeze,0,off,0,63.26
DE40,H1,2026-02-24T10:00:00Z,38.035714,0.6853,6.15,squeeze,0,off,0,60.82
DE40,H1,2026-02-24T11:00:00Z,39.071429,0.7047,8.13,squeeze,1,low,0,60.75
DE40,H1,2026-02-24T12:00:00Z,39.250000,0.7078,8.93,squeeze,1,low,0,59.43
DE40,H1,2026-02-24T13:00:00Z,39.892857,0.7183,9.72,squeeze,1,medium,0,65.52
DE40,H1,2026-02-24T14:00:00Z,45.164286,0.8102,24.80,calm,1,medium,0,72.38
DE40,H1,2026-02-24T15:00:00Z,47.607143,0.8511,30.36,normal,1,medium,0,70.08
DE40,H1,2026-02-24T16:00:00Z,56.535714,1.0043,53.37,normal,1,medium,0,64.81
DE40,H1,2026-02-24T17:00:00Z,61.535714,1.0845,60.91,normal,1,medium,0,53.98
DE40,H1,2026-02-24T18:00:00Z,61.114286,1.0696,59.72,normal,1,medium,0,53.84
DE40,H1,2026-02-24T19:00:00Z,62.971429,1.0941,63.29,normal,1,medium,0,52.44
DE40,H1,2026-02-24T20:00:00Z,64.150000,1.1064,66.07,normal,1,medium,0,52.04
DE40,H1,2026-02-24T21:00:00Z,63.685714,1.0912,64.48,normal,1,medium,0,50.68
DE40,H1,2026-02-24T22:00:00Z,64.971429,1.1099,68.06,normal,1,medium,0,49.94
DE40,H1,2026-02-24T23:00:00Z,62.078571,1.0587,62.50,normal,1,medium,0,53.30
DE40,H1,2026-02-25T01:00:00Z,56.557143,0.9664,52.98,normal,1,low,0,57.59
DE40,H1,2026-02-25T02:00:00Z,53.914286,0.9253,47.42,normal,1,low,0,59.60
DE40,H1,2026-02-25T03:00:00Z,52.592857,0.9074,44.64,normal,1,low,0,60.15
DE40,H1,2026-02-25T04:00:00Z,50.914286,0.8838,39.48,normal,1,low,0,60.08
DE40,H1,2026-02-25T05:00:00Z,47.950000,0.8390,32.34,normal,1,low,0,63.33
DE40,H1,2026-02-25T06:00:00Z,45.700000,0.8062,25.20,calm,1,low,0,63.77
DE40,H1,2026-02-25T07:00:00Z,35.521429,0.6337,2.98,squeeze,1,medium,0,73.04
DE40,H1,2026-02-25T08:00:00Z,30.485714,0.5510,0.20,squeeze,1,medium,0,73.89
DE40,H1,2026-02-25T09:00:00Z,30.800000,0.5635,0.60,squeeze,1,medium,0,72.85
DE40,H1,2026-02-25T10:00:00Z,35.335714,0.6529,3.37,squeeze,1,medium,0,70.27
DE40,H1,2026-02-25T11:00:00Z,36.764286,0.6856,5.36,squeeze,1,high,0,67.53
DE40,H1,2026-02-25T12:00:00Z,39.157143,0.7359,9.33,squeeze,1,high,0,65.13
DE40,H1,2026-02-25T13:00:00Z,39.157143,0.7384,9.13,squeeze,1,high,0,74.23
DE40,H1,2026-02-25T14:00:00Z,40.621429,0.7693,12.50,calm,1,high,0,71.64
DE40,H1,2026-02-25T15:00:00Z,44.750000,0.8496,22.82,calm,1,medium,0,65.03
DE40,H1,2026-02-25T16:00:00Z,46.964286,0.8943,27.58,calm,1,low,0,57.54
DE40,H1,2026-02-25T17:00:00Z,49.928571,0.9521,37.10,normal,1,low,0,51.78
DE40,H1,2026-02-25T18:00:00Z,53.064286,1.0132,46.23,normal,0,off,1,49.69
DE40,H1,2026-02-25T19:00:00Z,51.564286,0.9865,41.47,normal,0,off,0,44.84
DE40,H1,2026-02-25T20:00:00Z,50.564286,0.9699,37.50,normal,0,off,0,45.30
DE40,H1,2026-02-25T21:00:00Z,50.278571,0.9701,37.50,normal,0,off,0,41.66
DE40,H1,2026-02-25T22:00:00Z,50.242857,0.9764,37.50,normal,0,off,0,38.20
DE40,H1,2026-02-25T23:00:00Z,51.207143,1.0033,40.28,normal,0,off,0,31.01
DE40,H1,2026-02-26T01:00:00Z,49.228571,0.9740,33.93,normal,0,off,0,37.06
DE40,H1,2026-02-26T02:00:00Z,46.957143,0.9390,27.58,calm,0,off,0,36.70
DE40,H1,2026-02-26T03:00:00Z,44.707143,0.9044,22.02,calm,0,off,0,39.48
DE40,H1,2026-02-26T04:00:00Z,43.957143,0.8997,19.25,calm,0,off,0,41.96
DE40,H1,2026-02-26T05:00:00Z,42.064286,0.8699,15.28,calm,0,off,0,43.99
DE40,H1,2026-02-26T06:00:00Z,37.885714,0.7921,6.15,squeeze,0,off,0,47.63
DE40,H1,2026-02-26T07:00:00Z,34.850000,0.7352,2.58,squeeze,0,off,0,52.31
DE40,H1,2026-02-26T08:00:00Z,33.350000,0.7108,0.99,squeeze,0,off,0,61.31
DE40,H1,2026-02-26T09:00:00Z,31.971429,0.6879,0.99,squeeze,1,low,0,67.00
DE40,H1,2026-02-26T10:00:00Z,35.457143,0.7676,3.37,squeeze,1,low,0,66.31
DE40,H1,2026-02-26T11:00:00Z,41.707143,0.9048,14.09,calm,1,medium,0,60.34
DE40,H1,2026-02-26T12:00:00Z,47.171429,1.0187,28.37,calm,1,medium,0,54.30
DE40,H1,2026-02-26T13:00:00Z,50.635714,1.0866,39.48,normal,1,low,0,47.98
DE40,H1,2026-02-26T14:00:00Z,48.350000,1.0330,33.53,normal,1,low,0,45.96
DE40,H1,2026-02-26T15:00:00Z,45.614286,0.9718,24.80,calm,0,off,1,46.27
DE40,H1,2026-02-26T16:00:00Z,48.885714,1.0372,34.33,normal,0,off,0,40.71
DE40,H1,2026-02-26T17:00:00Z,57.814286,1.2174,56.94,normal,0,off,0,42.03
DE40,H1,2026-02-26T18:00:00Z,62.357143,1.3036,63.29,normal,1,low,0,46.02
DE40,H1,2026-02-26T19:00:00Z,64.107143,1.3310,66.47,normal,1,low,0,46.45
DE40,H1,2026-02-26T20:00:00Z,69.142857,1.4281,77.98,elevated,1,low,0,47.56
DE40,H1,2026-02-26T21:00:00Z,72.035714,1.4814,81.15,elevated,0,off,1,43.75
DE40,H1,2026-02-26T22:00:00Z,71.285714,1.4599,79.96,elevated,0,off,0,41.77
DE40,H1,2026-02-26T23:00:00Z,72.792857,1.4848,82.34,elevated,0,off,0,42.20
DE40,H1,2026-02-27T01:00:00Z,71.528571,1.4546,80.75,elevated,0,off,0,43.36
DE40,H1,2026-02-27T02:00:00Z,67.207143,1.3648,73.21,elevated,0,off,0,44.27
DE40,H1,2026-02-27T03:00:00Z,62.671429,1.2739,63.69,normal,1,low,0,44.24
DE40,H1,2026-02-27T04:00:00Z,60.135714,1.2233,59.33,normal,1,low,0,45.73
DE40,H1,2026-02-27T05:00:00Z,58.850000,1.1960,57.74,normal,1,low,0,44.60
DE40,H1,2026-02-27T06:00:00Z,57.921429,1.1753,57.34,normal,1,medium,0,44.65
DE40,H1,2026-02-27T07:00:00Z,54.707143,1.1091,50.60,normal,1,medium,0,47.11
DE40,H1,2026-02-27T08:00:00Z,46.314286,0.9407,27.18,calm,1,high,0,61.09
DE40,H1,2026-02-27T09:00:00Z,43.242857,0.8800,17.66,calm,1,medium,0,64.20
DE40,H1,2026-02-27T10:00:00Z,51.278571,1.0412,42.26,normal,1,medium,0,52.81
DE40,H1,2026-02-27T11:00:00Z,49.600000,1.0013,37.50,normal,1,medium,0,53.82
DE40,H1,2026-02-27T12:00:00Z,51.385714,1.0287,43.45,normal,1,medium,0,55.56
DE40,H1,2026-02-27T13:00:00Z,52.207143,1.0363,46.23,normal,1,medium,0,54.11
DE40,H1,2026-02-27T14:00:00Z,51.942857,1.0243,45.83,normal,1,medium,0,60.22
DE40,H1,2026-02-27T15:00:00Z,55.257143,1.0817,50.99,normal,1,medium,0,55.87
DE40,H1,2026-02-27T16:00:00Z,58.864286,1.1435,58.53,normal,1,medium,0,53.23
DE40,H1,2026-02-27T17:00:00Z,62.864286,1.2101,64.88,normal,1,medium,0,53.82
DE40,H1,2026-02-27T18:00:00Z,67.735714,1.2904,74.80,elevated,1,medium,0,52.65
DE40,H1,2026-02-27T19:00:00Z,72.450000,1.3658,82.74,elevated,1,medium,0,53.04
DE40,H1,2026-02-27T20:00:00Z,72.914286,1.3612,84.33,elevated,1,medium,0,52.72
DE40,H1,2026-02-27T21:00:00Z,76.771429,1.4190,87.50,elevated,1,low,0,50.58
DE40,H1,2026-02-27T22:00:00Z,78.092857,1.4302,89.88,elevated,1,low,0,49.46
DE40,H1,2026-02-27T23:00:00Z,74.871429,1.3596,87.10,elevated,1,low,0,48.50
DE40,H1,2026-03-02T01:00:00Z,85.335714,1.5303,95.44,extreme,0,off,1,19.44
DE40,H1,2026-03-02T02:00:00Z,91.035714,1.6090,99.80,extreme,0,off,0,17.69
DE40,H1,2026-03-02T03:00:00Z,91.428571,1.5927,99.80,extreme,0,off,0,17.39
DE40,H1,2026-03-02T04:00:00Z,95.285714,1.6348,99.80,extreme,0,off,0,18.20
DE40,H1,2026-03-02T05:00:00Z,94.571429,1.5977,99.40,extreme,0,off,0,17.95
DE40,H1,2026-03-02T06:00:00Z,90.892857,1.5131,98.21,extreme,0,off,0,18.28
DE40,H1,2026-03-02T07:00:00Z,91.607143,1.5016,99.01,extreme,0,off,0,17.27
DE40,H1,2026-03-02T08:00:00Z,96.714286,1.5583,99.80,extreme,0,off,0,18.94
DE40,H1,2026-03-02T09:00:00Z,97.985714,1.5509,99.80,extreme,0,off,0,19.29
DE40,H1,2026-03-02T10:00:00Z,104.942857,1.6264,99.80,extreme,0,off,0,18.27
DE40,H1,2026-03-02T11:00:00Z,114.907143,1.7378,99.80,extreme,0,off,0,21.35
DE40,H1,2026-03-02T12:00:00Z,116.550000,1.7193,99.80,extreme,0,off,0,20.10
DE40,H1,2026-03-02T13:00:00Z,120.014286,1.7256,99.80,extreme,0,off,0,20.17
DE40,H1,2026-03-02T14:00:00Z,129.907143,1.8185,99.80,extreme,0,off,0,22.97
DE40,H1,2026-03-02T15:00:00Z,116.728571,1.6004,99.01,extreme,0,off,0,25.77
DE40,H1,2026-03-02T16:00:00Z,116.385714,1.5660,98.21,extreme,0,off,0,28.90
DE40,H1,2026-03-02T17:00:00Z,117.135714,1.5483,99.01,extreme,0,off,0,29.23
DE40,H1,2026-03-02T18:00:00Z,118.921429,1.5432,99.01,extreme,0,off,0,31.88
DE40,H1,2026-03-02T19:00:00Z,119.171429,1.5174,99.01,extreme,0,off,0,34.33
DE40,H1,2026-03-02T20:00:00Z,118.242857,1.4795,98.21,extreme,1,low,0,47.34
DE40,H1,2026-03-02T21:00:00Z,114.135714,1.4082,95.83,extreme,0,off,1,43.31
DE40,H1,2026-03-02T22:00:00Z,111.707143,1.3617,95.44,extreme,0,off,0,42.97
DE40,H1,2026-03-02T23:00:00Z,106.264286,1.2822,95.04,extreme,0,off,0,45.58
DE40,H1,2026-03-03T01:00:00Z,96.135714,1.1524,93.45,extreme,0,off,0,42.80
DE40,H1,2026-03-03T02:00:00Z,89.950000,1.0737,90.28,extreme,1,low,0,44.34
DE40,H1,2026-03-03T03:00:00Z,92.307143,1.0963,92.26,extreme,1,low,0,45.61
DE40,H1,2026-03-03T04:00:00Z,92.307143,1.0913,92.06,extreme,1,low,0,47.18
DE40,H1,2026-03-03T05:00:00Z,86.628571,1.0205,88.29,elevated,1,low,0,49.27
DE40,H1,2026-03-03T06:00:00Z,85.700000,1.0052,87.90,elevated,0,off,1,47.21
DE40,H1,2026-03-03T07:00:00Z,81.200000,0.9483,85.52,elevated,0,off,0,45.40
DE40,H1,2026-03-03T08:00:00Z,79.378571,0.9228,85.12,elevated,0,off,0,42.93
DE40,H1,2026-03-03T09:00:00Z,82.985714,0.9594,85.91,elevated,0,off,0,33.50
DE40,H1,2026-03-03T10:00:00Z,107.585714,1.2297,95.04,extreme,0,off,0,22.34
DE40,H1,2026-03-03T11:00:00Z,116.535714,1.3134,96.63,extreme,0,off,0,22.12
DE40,H1,2026-03-03T12:00:00Z,134.592857,1.4873,99.80,extreme,0,off,0,18.33
DE40,H1,2026-03-03T13:00:00Z,137.042857,1.4836,99.80,extreme,0,off,0,16.78
DE40,H1,2026-03-03T14:00:00Z,145.628571,1.5450,99.80,extreme,0,off,0,15.02
DE40,H1,2026-03-03T15:00:00Z,153.478571,1.5932,99.80,extreme,0,off,0,15.87
DE40,H1,2026-03-03T16:00:00Z,158.592857,1.6104,99.80,extreme,0,off,0,15.36
DE40,H1,2026-03-03T17:00:00Z,157.307143,1.5640,99.40,extreme,0,off,0,14.57
DE40,H1,2026-03-03T18:00:00Z,169.428571,1.6461,99.80,extreme,0,off,0,16.37
DE40,H1,2026-03-03T19:00:00Z,170.892857,1.6238,99.80,extreme,0,off,0,14.99
DE40,H1,2026-03-03T20:00:00Z,173.964286,1.6176,99.80,extreme,0,off,0,15.06
DE40,H1,2026-03-03T21:00:00Z,180.178571,1.6396,99.80,extreme,0,off,0,17.09
DE40,H1,2026-03-03T22:00:00Z,182.928571,1.6305,99.80,extreme,0,off,0,18.00
DE40,H1,2026-03-03T23:00:00Z,174.978571,1.5316,99.01,extreme,0,off,0,22.81
DE40,H1,2026-03-04T01:00:00Z,150.571429,1.3003,96.23,extreme,0,off,0,23.82
DE40,H1,2026-03-04T02:00:00Z,144.407143,1.2327,95.44,extreme,0,off,0,25.42
DE40,H1,2026-03-04T03:00:00Z,135.171429,1.1427,94.64,extreme,0,off,0,31.48
DE40,H1,2026-03-04T04:00:00Z,132.650000,1.1105,93.85,extreme,0,off,0,33.30
DE40,H1,2026-03-04T05:00:00Z,127.435714,1.0594,93.06,extreme,1,low,0,39.05
DE40,H1,2026-03-04T06:00:00Z,121.685714,1.0065,92.66,extreme,1,low,0,48.04
DE40,H1,2026-03-04T07:00:00Z,116.435714,0.9591,89.09,elevated,1,low,0,54.80
DE40,H1,2026-03-04T08:00:00Z,121.007143,0.9925,92.26,extreme,1,low,0,53.48
DE40,H1,2026-03-04T09:00:00Z,112.135714,0.9171,87.10,elevated,1,low,0,57.96
DE40,H1,2026-03-04T10:00:00Z,116.185714,0.9463,87.90,elevated,1,low,0,56.42
DE40,H1,2026-03-04T11:00:00Z,121.400000,0.9840,92.26,extreme,1,low,0,54.29
DE40,H1,2026-03-04T12:00:00Z,122.185714,0.9863,92.66,extreme,1,low,0,52.84
DE40,H1,2026-03-04T13:00:00Z,120.757143,0.9712,91.07,extreme,1,low,0,47.94
DE40,H1,2026-03-04T14:00:00Z,127.564286,1.0222,93.06,extreme,1,low,0,50.47
DE40,H1,2026-03-04T15:00:00Z,131.835714,1.0536,93.45,extreme,0,off,1,48.74
DE40,H1,2026-03-04T16:00:00Z,133.642857,1.0652,93.85,extreme,0,off,0,47.43
DE40,H1,2026-03-04T17:00:00Z,128.107143,1.0197,92.26,extreme,0,off,0,48.80
DE40,H1,2026-03-04T18:00:00Z,124.371429,0.9909,91.07,extreme,0,off,0,46.79
DE40,H1,2026-03-04T19:00:00Z,122.550000,0.9754,90.67,extreme,0,off,0,43.06
DE40,H1,2026-03-04T20:00:00Z,123.050000,0.9784,90.67,extreme,0,off,0,40.33
DE40,H1,2026-03-04T21:00:00Z,119.800000,0.9521,87.50,elevated,0,off,0,39.59
DE40,H1,2026-03-04T22:00:00Z,109.550000,0.8720,81.55,elevated,0,off,0,42.03
DE40,H1,2026-03-04T23:00:00Z,102.292857,0.8164,79.96,elevated,0,off,0,40.97
DE40,H1,2026-03-05T01:00:00Z,95.335714,0.7637,78.37,elevated,0,off,0,41.51
DE40,H1,2026-03-05T02:00:00Z,82.142857,0.6614,72.82,elevated,0,off,0,46.10
DE40,H1,2026-03-05T03:00:00Z,80.964286,0.6551,72.02,elevated,0,off,0,49.14
DE40,H1,2026-03-05T04:00:00Z,79.821429,0.6487,71.63,elevated,0,off,0,48.00
DE40,H1,2026-03-05T05:00:00Z,78.035714,0.6360,70.04,elevated,0,off,0,55.84
DE40,H1,2026-03-05T06:00:00Z,76.250000,0.6229,68.85,normal,0,off,0,59.89
DE40,H1,2026-03-05T07:00:00Z,76.121429,0.6235,68.45,normal,1,low,0,59.80
DE40,H1,2026-03-05T08:00:00Z,78.014286,0.6405,69.64,normal,1,low,0,75.29
DE40,H1,2026-03-05T09:00:00Z,80.571429,0.6621,71.63,elevated,1,low,0,75.83
DE40,H1,2026-03-05T10:00:00Z,86.428571,0.7102,74.01,elevated,1,low,0,74.97
DE40,H1,2026-03-05T11:00:00Z,95.514286,0.7830,78.37,elevated,1,low,0,69.84
DE40,H1,2026-03-05T12:00:00Z,97.585714,0.7976,79.17,elevated,1,low,0,69.15
DE40,H1,2026-03-05T13:00:00Z,102.264286,0.8332,79.56,elevated,1,low,0,66.09
DE40,H1,2026-03-05T14:00:00Z,107.021429,0.8720,80.75,elevated,1,low,0,64.92
DE40,H1,2026-03-05T15:00:00Z,117.142857,0.9544,85.91,elevated,1,low,0,61.11
DE40,H1,2026-03-05T16:00:00Z,124.050000,1.0124,90.67,extreme,1,low,0,51.80
DE40,H1,2026-03-05T17:00:00Z,128.550000,1.0506,92.26,extreme,1,low,0,46.34
DE40,H1,2026-03-05T18:00:00Z,137.228571,1.1231,95.04,extreme,1,low,0,32.86
DE40,H1,2026-03-05T19:00:00Z,146.442857,1.1998,95.83,extreme,0,off,1,34.08
DE40,H1,2026-03-05T20:00:00Z,147.442857,1.2103,95.83,extreme,0,off,0,34.43
DE40,H1,2026-03-05T21:00:00Z,144.621429,1.1896,94.64,extreme,0,off,0,34.29
DE40,H1,2026-03-05T22:00:00Z,147.835714,1.2203,95.83,extreme,0,off,0,37.42
DE40,H1,2026-03-05T23:00:00Z,144.364286,1.1969,93.45,extreme,0,off,0,35.63
DE40,H1,2026-03-06T01:00:00Z,139.307143,1.1617,93.06,extreme,0,off,0,36.24
DE40,H1,2026-03-06T02:00:00Z,127.300000,1.0710,87.90,elevated,0,off,0,37.32
DE40,H1,2026-03-06T03:00:00Z,127.550000,1.0832,88.29,elevated,0,off,0,37.17
DE40,H1,2026-03-06T04:00:00Z,126.014286,1.0791,87.10,elevated,0,off,0,36.40
DE40,H1,2026-03-06T05:00:00Z,121.478571,1.0455,84.33,elevated,0,off,0,37.91
DE40,H1,2026-03-06T06:00:00Z,111.407143,0.9643,75.99,elevated,0,off,0,41.05
DE40,H1,2026-03-06T07:00:00Z,105.478571,0.9177,74.01,elevated,0,off,0,41.37
DE40,H1,2026-03-06T08:00:00Z,91.942857,0.8056,68.45,normal,0,off,0,47.57
DE40,H1,2026-03-06T09:00:00Z,82.692857,0.7303,64.09,normal,0,off,0,52.09
DE40,H1,2026-03-06T10:00:00Z,73.121429,0.6514,57.34,normal,0,off,0,61.66
DE40,H1,2026-03-06T11:00:00Z,84.121429,0.7537,64.48,normal,1,low,0,64.25
DE40,H1,2026-03-06T12:00:00Z,86.750000,0.7820,66.07,normal,1,low,0,64.31
DE40,H1,2026-03-06T13:00:00Z,93.607143,0.8467,69.25,normal,1,low,0,57.10
DE40,H1,2026-03-06T14:00:00Z,98.757143,0.8961,72.42,elevated,0,off,1,56.82
DE40,H1,2026-03-06T15:00:00Z,115.064286,1.0453,77.58,elevated,0,off,0,37.48
DE40,H1,2026-03-06T16:00:00Z,124.128571,1.1272,86.31,elevated,0,off,0,22.82
DE40,H1,2026-03-06T17:00:00Z,131.628571,1.1930,89.88,elevated,0,off,0,26.37
DE40,H1,2026-03-06T18:00:00Z,136.185714,1.2323,91.87,extreme,0,off,0,26.17
DE40,H1,2026-03-06T19:00:00Z,139.578571,1.2613,93.06,extreme,0,off,0,25.83
DE40,H1,2026-03-06T20:00:00Z,144.650000,1.3045,94.25,extreme,0,off,0,27.31
DE40,H1,2026-03-06T21:00:00Z,145.614286,1.3091,94.25,extreme,0,off,0,27.20
DE40,H1,2026-03-06T22:00:00Z,149.257143,1.3358,95.83,extreme,0,off,0,28.49
DE40,H1,2026-03-09T01:00:00Z,175.914286,1.5595,99.01,extreme,0,off,0,26.74
DE40,H1,2026-03-09T02:00:00Z,174.750000,1.5351,98.21,extreme,0,off,0,27.50
DE40,H1,2026-03-09T03:00:00Z,179.850000,1.5634,99.01,extreme,0,off,0,20.79
DE40,H1,2026-03-09T04:00:00Z,187.507143,1.6082,99.80,extreme,0,off,0,21.68
DE40,H1,2026-03-09T05:00:00Z,178.900000,1.5145,98.21,extreme,0,off,0,20.57
DE40,H1,2026-03-09T06:00:00Z,177.114286,1.4789,97.82,extreme,0,off,0,20.37
DE40,H1,2026-03-09T07:00:00Z,160.292857,1.3212,95.04,extreme,0,off,0,19.81
DE40,H1,2026-03-09T08:00:00Z,166.614286,1.3542,95.04,extreme,0,off,0,20.35
DE40,H1,2026-03-09T09:00:00Z,165.292857,1.3250,94.64,extreme,0,off,0,20.26
DE40,H1,2026-03-09T10:00:00Z,170.700000,1.3483,95.44,extreme,0,off,0,25.71
DE40,H1,2026-03-09T11:00:00Z,176.607143,1.3732,97.42,extreme,0,off,0,30.48
DE40,H1,2026-03-09T12:00:00Z,192.321429,1.4689,99.80,extreme,0,off,0,34.06
DE40,H1,2026-03-09T13:00:00Z,196.178571,1.4718,99.80,extreme,0,off,0,26.69
DE40,H1,2026-03-09T14:00:00Z,196.428571,1.4485,99.80,extreme,0,off,0,22.91
DE40,H1,2026-03-09T15:00:00Z,174.950000,1.2735,95.04,extreme,0,off,0,25.19
DE40,H1,2026-03-09T16:00:00Z,180.400000,1.2971,97.82,extreme,0,off,0,26.94
DE40,H1,2026-03-09T17:00:00Z,173.264286,1.2324,93.45,extreme,0,off,0,29.22
DE40,H1,2026-03-09T18:00:00Z,168.514286,1.1874,91.87,extreme,0,off,0,29.94
DE40,H1,2026-03-09T19:00:00Z,167.464286,1.1700,91.47,extreme,0,off,0,31.21
DE40,H1,2026-03-09T20:00:00Z,171.035714,1.1861,93.06,extreme,0,off,0,43.46
DE40,H1,2026-03-09T21:00:00Z,173.142857,1.1925,93.06,extreme,0,off,0,39.63
DE40,H1,2026-03-09T22:00:00Z,197.214286,1.3456,99.80,extreme,0,off,0,22.74
DE40,H1,2026-03-09T23:00:00Z,193.464286,1.3100,98.61,extreme,0,off,0,20.16
DE40,H1,2026-03-10T01:00:00Z,184.250000,1.2412,97.42,extreme,0,off,0,20.24
DE40,H1,2026-03-10T02:00:00Z,175.771429,1.1796,93.85,extreme,0,off,0,20.05
DE40,H1,2026-03-10T03:00:00Z,159.521429,1.0684,87.50,elevated,0,off,0,20.36
DE40,H1,2026-03-10T04:00:00Z,156.414286,1.0464,86.31,elevated,0,off,0,21.57
DE40,H1,2026-03-10T05:00:00Z,161.271429,1.0765,87.90,elevated,0,off,0,22.91
DE40,H1,2026-03-10T06:00:00Z,159.378571,1.0610,86.71,elevated,0,off,0,24.96
DE40,H1,2026-03-10T07:00:00Z,151.664286,1.0064,84.72,elevated,0,off,0,29.84
DE40,H1,2026-03-10T08:00:00Z,142.914286,0.9464,79.96,elevated,0,off,0,35.21
DE40,H1,2026-03-10T09:00:00Z,136.057143,0.8998,77.58,elevated,0,off,0,42.35
DE40,H1,2026-03-10T10:00:00Z,144.150000,0.9504,79.96,elevated,0,off,0,42.76
DE40,H1,2026-03-10T11:00:00Z,144.828571,0.9507,81.55,elevated,0,off,0,42.88
DE40,H1,2026-03-10T12:00:00Z,149.614286,0.9765,83.93,elevated,0,off,0,37.81
DE40,H1,2026-03-10T13:00:00Z,115.400000,0.7509,60.91,normal,0,off,0,49.64
DE40,H1,2026-03-10T14:00:00Z,120.542857,0.7805,66.07,normal,0,off,0,57.22
DE40,H1,2026-03-10T15:00:00Z,123.721429,0.7959,69.25,normal,0,off,0,54.38
DE40,H1,2026-03-10T16:00:00Z,130.685714,0.8357,73.61,elevated,0,off,0,52.36
DE40,H1,2026-03-10T17:00:00Z,143.935714,0.9137,78.77,elevated,0,off,0,51.97
DE40,H1,2026-03-10T18:00:00Z,146.185714,0.9218,81.94,elevated,1,low,0,50.57
DE40,H1,2026-03-10T19:00:00Z,144.314286,0.9048,78.77,elevated,0,off,1,54.44
DE40,H1,2026-03-10T20:00:00Z,145.350000,0.9079,80.75,elevated,0,off,0,52.49
DE40,H1,2026-03-10T21:00:00Z,160.207143,0.9962,87.10,elevated,0,off,0,50.96
DE40,H1,2026-03-10T22:00:00Z,160.814286,0.9963,87.50,elevated,0,off,0,52.35
DE40,H1,2026-03-10T23:00:00Z,160.100000,0.9890,86.31,elevated,0,off,0,50.89
DE40,H1,2026-03-11T01:00:00Z,147.150000,0.9081,81.15,elevated,0,off,0,55.40
DE40,H1,2026-03-11T02:00:00Z,139.992857,0.8645,75.20,elevated,0,off,0,57.79
DE40,H1,2026-03-11T03:00:00Z,137.714286,0.8512,74.01,elevated,1,low,0,59.61
DE40,H1,2026-03-11T04:00:00Z,135.035714,0.8361,71.63,elevated,1,low,0,63.95
DE40,H1,2026-03-11T05:00:00Z,124.178571,0.7739,65.28,normal,1,medium,0,71.72
DE40,H1,2026-03-11T06:00:00Z,118.107143,0.7413,58.13,normal,1,medium,0,74.27
DE40,H1,2026-03-11T07:00:00Z,109.035714,0.6905,51.39,normal,1,medium,0,79.92
DE40,H1,2026-03-11T08:00:00Z,96.428571,0.6178,46.63,normal,1,medium,0,85.40
DE40,H1,2026-03-11T09:00:00Z,92.428571,0.5988,43.85,normal,1,low,0,88.47
DE40,H1,2026-03-11T10:00:00Z,94.728571,0.6203,44.64,normal,1,low,0,88.60
DE40,H1,2026-03-11T11:00:00Z,97.085714,0.6410,47.02,normal,1,low,0,76.37
DE40,H1,2026-03-11T12:00:00Z,82.014286,0.5476,35.91,normal,0,off,1,73.46
DE40,H1,2026-03-11T13:00:00Z,92.264286,0.6222,41.87,normal,0,off,0,73.93
DE40,H1,2026-03-11T14:00:00Z,105.085714,0.7149,49.40,normal,0,off,0,66.73
DE40,H1,2026-03-11T15:00:00Z,113.635714,0.7798,52.98,normal,0,off,0,61.38
DE40,H1,2026-03-11T16:00:00Z,119.685714,0.8296,59.33,normal,0,off,0,58.57
DE40,H1,2026-03-11T17:00:00Z,127.464286,0.8920,66.87,normal,0,off,0,60.80
DE40,H1,2026-03-11T18:00:00Z,135.321429,0.9551,72.02,elevated,0,off,0,57.60
DE40,H1,2026-03-11T19:00:00Z,142.921429,1.0134,75.60,elevated,0,off,0,55.39
DE40,H1,2026-03-11T20:00:00Z,147.028571,1.0474,80.75,elevated,0,off,0,52.97
DE40,H1,2026-03-11T21:00:00Z,150.385714,1.0749,82.74,elevated,0,off,0,49.62
DE40,H1,2026-03-11T22:00:00Z,146.528571,1.0506,79.96,elevated,0,off,0,51.25
DE40,H1,2026-03-11T23:00:00Z,148.421429,1.0671,81.55,elevated,0,off,0,48.49
DE40,H1,2026-03-12T01:00:00Z,147.992857,1.0675,81.15,elevated,0,off,0,47.19
DE40,H1,2026-03-12T02:00:00Z,144.164286,1.0443,74.40,elevated,0,off,0,45.63
DE40,H1,2026-03-12T03:00:00Z,145.271429,1.0603,76.79,elevated,0,off,0,41.94
DE40,H1,2026-03-12T04:00:00Z,133.342857,0.9818,66.87,normal,1,low,0,49.11
DE40,H1,2026-03-12T05:00:00Z,127.807143,0.9490,63.69,normal,1,low,0,52.76
DE40,H1,2026-03-12T06:00:00Z,120.057143,0.8989,55.36,normal,0,off,1,54.29
DE40,H1,2026-03-12T07:00:00Z,113.128571,0.8529,47.02,normal,0,off,0,58.71
DE40,H1,2026-03-12T08:00:00Z,100.628571,0.7651,41.47,normal,0,off,0,62.42
DE40,H1,2026-03-12T09:00:00Z,93.092857,0.7152,35.91,normal,0,off,0,67.10
DE40,H1,2026-03-12T10:00:00Z,91.571429,0.7109,33.13,normal,0,off,0,65.62
DE40,H1,2026-03-12T11:00:00Z,93.392857,0.7317,35.91,normal,0,off,0,61.03
DE40,H1,2026-03-12T12:00:00Z,99.321429,0.7835,41.07,normal,0,off,0,57.34
DE40,H1,2026-03-12T13:00:00Z,102.285714,0.8112,41.87,normal,0,off,0,54.53
DE40,H1,2026-03-12T14:00:00Z,105.571429,0.8424,43.45,normal,0,off,0,58.37
DE40,H1,2026-03-12T15:00:00Z,100.814286,0.8101,40.67,normal,0,off,0,59.93
DE40,H1,2026-03-12T16:00:00Z,105.785714,0.8561,43.45,normal,0,off,0,59.23
DE40,H1,2026-03-12T17:00:00Z,112.071429,0.9075,46.23,normal,0,off,0,57.33
DE40,H1,2026-03-12T18:00:00Z,118.857143,0.9627,52.98,normal,0,off,0,52.44
DE40,H1,2026-03-12T19:00:00Z,118.628571,0.9616,52.58,normal,1,low,0,50.32
DE40,H1,2026-03-12T20:00:00Z,119.664286,0.9718,53.77,normal,1,low,0,50.03
DE40,H1,2026-03-12T21:00:00Z,120.128571,0.9793,55.36,normal,0,off,1,47.41
DE40,H1,2026-03-12T22:00:00Z,120.378571,0.9855,55.36,normal,0,off,0,48.20
DE40,H1,2026-03-12T23:00:00Z,118.200000,0.9718,50.60,normal,0,off,0,49.84
DE40,H1,2026-03-13T01:00:00Z,114.114286,0.9431,45.04,normal,0,off,0,52.61
DE40,H1,2026-03-13T02:00:00Z,108.464286,0.9041,41.47,normal,1,low,0,53.34
DE40,H1,2026-03-13T03:00:00Z,108.021429,0.9084,41.07,normal,1,low,0,56.47
DE40,H1,2026-03-13T04:00:00Z,105.664286,0.8968,39.09,normal,1,medium,0,58.81
DE40,H1,2026-03-13T05:00:00Z,99.842857,0.8543,35.12,normal,1,medium,0,63.13
DE40,H1,2026-03-13T06:00:00Z,96.207143,0.8294,31.94,normal,1,high,0,64.89
DE40,H1,2026-03-13T07:00:00Z,87.135714,0.7578,23.61,calm,1,high,0,69.57
DE40,H1,2026-03-13T08:00:00Z,76.921429,0.6758,16.07,calm,1,high,0,72.48
DE40,H1,2026-03-13T09:00:00Z,71.992857,0.6383,12.10,calm,1,high,0,77.51
DE40,H1,2026-03-13T10:00:00Z,70.714286,0.6323,10.91,calm,1,medium,0,82.90
DE40,H1,2026-03-13T11:00:00Z,74.707143,0.6721,14.09,calm,1,medium,0,70.26
DE40,H1,2026-03-13T12:00:00Z,77.778571,0.7021,16.07,calm,1,medium,0,69.15
DE40,H1,2026-03-13T13:00:00Z,83.778571,0.7575,20.83,calm,1,medium,0,66.41
DE40,H1,2026-03-13T14:00:00Z,86.207143,0.7806,22.02,calm,1,low,0,64.02
DE40,H1,2026-03-13T15:00:00Z,91.321429,0.8278,24.80,calm,1,low,0,56.99
DE40,H1,2026-03-13T16:00:00Z,97.935714,0.8852,33.53,normal,1,low,0,52.00
DE40,H1,2026-03-13T17:00:00Z,101.735714,0.9180,35.91,normal,1,low,0,53.91
DE40,H1,2026-03-13T18:00:00Z,107.557143,0.9701,40.28,normal,1,low,0,54.11
DE40,H1,2026-03-13T19:00:00Z,110.757143,0.9995,42.26,normal,1,low,0,50.81
DE40,H1,2026-03-13T20:00:00Z,113.578571,1.0261,44.25,normal,1,low,0,48.71
DE40,H1,2026-03-13T21:00:00Z,115.542857,1.0461,46.63,normal,1,low,0,48.16
DE40,H1,2026-03-13T22:00:00Z,118.435714,1.0755,50.99,normal,1,low,0,45.92
DE40,H1,2026-03-13T23:00:00Z,113.400000,1.0354,43.06,normal,0,off,1,45.22
DE40,H1,2026-03-16T01:00:00Z,115.842857,1.0637,46.23,normal,0,off,0,44.80
DE40,H1,2026-03-16T02:00:00Z,111.900000,1.0348,41.07,normal,1,low,0,46.91
DE40,H1,2026-03-16T03:00:00Z,116.492857,1.0833,47.42,normal,1,low,0,47.09
DE40,H1,2026-03-16T04:00:00Z,113.028571,1.0581,41.47,normal,1,low,0,48.38
DE40,H1,2026-03-16T05:00:00Z,111.528571,1.0512,39.48,normal,1,low,0,49.80
DE40,H1,2026-03-16T06:00:00Z,108.885714,1.0332,37.50,normal,1,low,0,51.52
DE40,H1,2026-03-16T07:00:00Z,102.635714,0.9818,32.34,normal,1,low,0,54.23
DE40,H1,2026-03-16T08:00:00Z,92.850000,0.8951,22.02,calm,1,low,0,58.66
DE40,H1,2026-03-16T09:00:00Z,85.992857,0.8358,14.88,calm,1,low,0,61.53
DE40,H1,2026-03-16T10:00:00Z,87.964286,0.8603,16.87,calm,1,low,0,59.42
DE40,H1,2026-03-16T11:00:00Z,90.428571,0.8883,17.26,calm,1,low,0,59.45
DE40,H1,2026-03-16T12:00:00Z,94.000000,0.9246,23.21,calm,1,low,0,57.43
DE40,H1,2026-03-16T13:00:00Z,100.321429,0.9854,29.56,calm,1,medium,0,60.13
DE40,H1,2026-03-16T14:00:00Z,101.821429,0.9981,30.75,normal,1,medium,0,64.13
DE40,H1,2026-03-16T15:00:00Z,96.778571,0.9481,25.99,calm,1,medium,0,65.92
DE40,H1,2026-03-16T16:00:00Z,98.250000,0.9627,27.58,calm,1,low,0,61.12
DE40,H1,2026-03-16T17:00:00Z,96.585714,0.9474,24.80,calm,1,low,0,60.75
DE40,H1,2026-03-16T18:00:00Z,94.728571,0.9312,22.02,calm,1,low,0,60.50
DE40,H1,2026-03-16T19:00:00Z,96.485714,0.9493,24.40,calm,1,low,0,60.01
DE40,H1,2026-03-16T20:00:00Z,94.735714,0.9341,21.63,calm,1,low,0,59.52
DE40,H1,2026-03-16T21:00:00Z,94.235714,0.9324,20.04,calm,1,low,0,62.54
DE40,H1,2026-03-16T22:00:00Z,94.735714,0.9419,21.43,calm,1,low,0,60.98
DE40,H1,2026-03-16T23:00:00Z,93.342857,0.9327,18.06,calm,1,low,0,57.08
DE40,H1,2026-03-17T01:00:00Z,87.464286,0.8796,11.31,calm,1,low,0,59.22
DE40,H1,2026-03-17T02:00:00Z,81.814286,0.8292,6.15,squeeze,1,low,0,60.40
DE40,H1,2026-03-17T03:00:00Z,79.771429,0.8152,4.56,squeeze,1,low,0,62.15
DE40,H1,2026-03-17T04:00:00Z,71.914286,0.7419,0.60,squeeze,1,low,0,66.39
DE40,H1,2026-03-17T05:00:00Z,68.914286,0.7177,0.20,squeeze,1,low,0,66.70
DE40,H1,2026-03-17T06:00:00Z,65.307143,0.6863,0.20,squeeze,1,low,0,68.24
DE40,H1,2026-03-17T07:00:00Z,61.000000,0.6474,0.20,squeeze,1,low,0,68.35
DE40,H1,2026-03-17T08:00:00Z,59.821429,0.6412,0.20,squeeze,1,low,0,68.54
DE40,H1,2026-03-17T09:00:00Z,58.178571,0.6292,0.20,squeeze,1,low,0,67.50
DE40,H1,2026-03-17T10:00:00Z,59.457143,0.6481,0.60,squeeze,1,low,0,73.17
DE40,H1,2026-03-17T11:00:00Z,61.492857,0.6741,1.79,squeeze,1,low,0,72.19
DE40,H1,2026-03-17T12:00:00Z,68.528571,0.7526,2.58,squeeze,1,low,0,68.69
DE40,H1,2026-03-17T13:00:00Z,70.600000,0.7756,3.37,squeeze,1,low,0,67.58
DE40,H1,2026-03-17T14:00:00Z,71.671429,0.7872,4.17,squeeze,1,low,0,66.50
DE40,H1,2026-03-17T15:00:00Z,77.378571,0.8494,7.34,squeeze,1,low,0,61.46
DE40,H1,2026-03-17T16:00:00Z,82.564286,0.9054,12.50,calm,1,low,0,51.43
DE40,H1,2026-03-17T17:00:00Z,82.464286,0.9045,12.50,calm,0,off,1,49.50
DE40,H1,2026-03-17T18:00:00Z,87.428571,0.9587,17.66,calm,0,off,0,46.50
DE40,H1,2026-03-17T19:00:00Z,89.878571,0.9859,18.85,calm,0,off,0,45.02
DE40,H1,2026-03-17T20:00:00Z,90.664286,0.9961,20.04,calm,0,off,0,43.50
DE40,H1,2026-03-17T21:00:00Z,92.092857,1.0140,21.63,calm,0,off,0,43.32
DE40,H1,2026-03-17T22:00:00Z,85.592857,0.9470,14.88,calm,0,off,0,46.50
DE40,H1,2026-03-17T23:00:00Z,83.557143,0.9300,14.09,calm,0,off,0,45.72
DE40,H1,2026-03-18T01:00:00Z,79.000000,0.8861,8.93,squeeze,0,off,0,47.86
DE40,H1,2026-03-18T02:00:00Z,74.292857,0.8411,5.75,squeeze,0,off,0,49.76
DE40,H1,2026-03-18T03:00:00Z,69.171429,0.7920,3.37,squeeze,0,off,0,52.90
DE40,H1,2026-03-18T04:00:00Z,63.528571,0.7358,2.18,squeeze,0,off,0,55.39
DE40,H1,2026-03-18T05:00:00Z,62.564286,0.7337,2.18,squeeze,0,off,0,51.73
DE40,H1,2026-03-18T06:00:00Z,57.635714,0.6846,0.20,squeeze,0,off,0,57.57
DE40,H1,2026-03-18T07:00:00Z,52.492857,0.6331,0.20,squeeze,0,off,0,58.62
DE40,H1,2026-03-18T08:00:00Z,49.957143,0.6118,0.20,squeeze,0,off,0,62.03
DE40,H1,2026-03-18T09:00:00Z,43.992857,0.5479,0.20,squeeze,0,off,0,59.89
DE40,H1,2026-03-18T10:00:00Z,46.785714,0.5918,0.60,squeeze,0,off,0,67.24
DE40,H1,2026-03-18T11:00:00Z,49.714286,0.6374,0.99,squeeze,0,off,0,66.66
DE40,H1,2026-03-18T12:00:00Z,51.392857,0.6660,1.79,squeeze,0,off,0,72.34
DE40,H1,2026-03-18T13:00:00Z,53.642857,0.7010,2.58,squeeze,0,off,0,65.49
DE40,H1,2026-03-18T14:00:00Z,60.285714,0.7936,4.56,squeeze,0,off,0,59.93
DE40,H1,2026-03-18T15:00:00Z,76.235714,1.0073,11.71,calm,0,off,0,43.55
DE40,H1,2026-03-18T16:00:00Z,82.764286,1.0968,18.85,calm,0,off,0,34.60
DE40,H1,2026-03-18T17:00:00Z,91.564286,1.2162,25.60,calm,0,off,0,25.07
DE40,H1,2026-03-18T18:00:00Z,96.600000,1.2849,34.72,normal,0,off,0,24.46
DE40,H1,2026-03-18T19:00:00Z,98.921429,1.3150,37.50,normal,0,off,0,24.68
DE40,H1,2026-03-18T20:00:00Z,100.850000,1.3397,39.88,normal,0,off,0,24.89
DE40,H1,2026-03-18T21:00:00Z,109.921429,1.4551,47.42,normal,0,off,0,22.78
DE40,H1,2026-03-18T22:00:00Z,117.957143,1.5519,55.75,normal,0,off,0,20.66
DE40,H1,2026-03-18T23:00:00Z,125.850000,1.6431,66.07,normal,0,off,0,19.77
DE40,H1,2026-03-19T01:00:00Z,121.507143,1.5754,62.50,normal,0,off,0,19.19
DE40,H1,2026-03-19T02:00:00Z,119.064286,1.5338,58.13,normal,0,off,0,17.21
DE40,H1,2026-03-19T03:00:00Z,120.821429,1.5461,61.71,normal,0,off,0,16.15
DE40,H1,2026-03-19T04:00:00Z,123.107143,1.5634,65.28,normal,0,off,0,15.75
DE40,H1,2026-03-19T05:00:00Z,122.607143,1.5433,64.88,normal,0,off,0,16.46
DE40,H1,2026-03-19T06:00:00Z,106.821429,1.3362,44.64,normal,0,off,0,16.94
DE40,H1,2026-03-19T07:00:00Z,107.857143,1.3397,45.83,normal,0,off,0,18.02
DE40,H1,2026-03-19T08:00:00Z,100.250000,1.2365,38.69,normal,0,off,0,17.63
DE40,H1,2026-03-19T09:00:00Z,99.464286,1.2176,38.29,normal,0,off,0,16.35
DE40,H1,2026-03-19T10:00:00Z,105.392857,1.2777,43.85,normal,0,off,0,15.69
DE40,H1,2026-03-19T11:00:00Z,119.714286,1.4309,60.12,normal,0,off,0,19.08
DE40,H1,2026-03-19T12:00:00Z,122.442857,1.4420,64.09,normal,0,off,0,24.14
DE40,H1,2026-03-19T13:00:00Z,118.407143,1.3749,57.74,normal,0,off,0,26.64
DE40,H1,2026-03-19T14:00:00Z,113.621429,1.3030,53.37,normal,0,off,0,27.89
DE40,H1,2026-03-19T15:00:00Z,123.471429,1.3961,66.47,normal,0,off,0,27.61
DE40,H1,2026-03-19T16:00:00Z,135.128571,1.5052,73.61,elevated,0,off,0,25.77
DE40,H1,2026-03-19T17:00:00Z,137.978571,1.5142,75.60,elevated,0,off,0,26.64
DE40,H1,2026-03-19T18:00:00Z,141.835714,1.5329,76.79,elevated,1,low,0,35.56
DE40,H1,2026-03-19T19:00:00Z,147.585714,1.5712,84.33,elevated,1,low,0,45.39
DE40,H1,2026-03-19T20:00:00Z,153.228571,1.6071,87.10,elevated,0,off,1,44.53
DE40,H1,2026-03-19T21:00:00Z,150.514286,1.5565,86.31,elevated,0,off,0,45.12
DE40,H1,2026-03-19T22:00:00Z,163.800000,1.6675,90.28,extreme,1,low,0,49.69
DE40,H1,2026-03-19T23:00:00Z,162.550000,1.6307,89.88,elevated,1,low,0,47.25
DE40,H1,2026-03-20T01:00:00Z,155.385714,1.5388,86.31,elevated,1,low,0,48.27
DE40,H1,2026-03-20T02:00:00Z,139.342857,1.3671,73.21,elevated,1,low,0,47.82
DE40,H1,2026-03-20T03:00:00Z,130.807143,1.2721,68.45,normal,1,medium,0,50.43
DE40,H1,2026-03-20T04:00:00Z,128.414286,1.2380,67.26,normal,1,medium,0,52.57
DE40,H1,2026-03-20T05:00:00Z,124.414286,1.1891,64.48,normal,1,medium,0,53.21
DE40,H1,2026-03-20T06:00:00Z,114.200000,1.0832,51.39,normal,1,medium,0,52.92
DE40,H1,2026-03-20T07:00:00Z,101.842857,0.9600,39.09,normal,1,medium,0,60.89
DE40,H1,2026-03-20T08:00:00Z,95.521429,0.8950,29.96,calm,1,medium,0,66.66
DE40,H1,2026-03-20T09:00:00Z,90.928571,0.8475,22.02,calm,1,medium,0,67.27
DE40,H1,2026-03-20T10:00:00Z,89.500000,0.8292,20.44,calm,1,medium,0,70.05
DE40,H1,2026-03-20T11:00:00Z,90.785714,0.8352,22.02,calm,1,medium,0,66.95
DE40,H1,2026-03-20T12:00:00Z,100.321429,0.9145,36.31,normal,1,medium,0,63.23
DE40,H1,2026-03-20T13:00:00Z,94.035714,0.8494,27.98,calm,1,low,0,65.04
DE40,H1,2026-03-20T14:00:00Z,102.535714,0.9170,40.28,normal,1,low,0,62.26
DE40,H1,2026-03-20T15:00:00Z,105.378571,0.9331,41.47,normal,1,low,0,59.30
DE40,H1,2026-03-20T16:00:00Z,119.242857,1.0434,57.34,normal,1,low,0,50.42
DE40,H1,2026-03-20T17:00:00Z,134.335714,1.1590,69.25,normal,0,off,1,25.19
DE40,H1,2026-03-20T18:00:00Z,138.871429,1.1821,72.42,elevated,0,off,0,24.51
DE40,H1,2026-03-20T19:00:00Z,151.885714,1.2765,85.52,elevated,0,off,0,18.53
DE40,H1,2026-03-20T20:00:00Z,156.492857,1.2991,86.71,elevated,0,off,0,17.66
DE40,H1,2026-03-20T21:00:00Z,164.885714,1.3523,90.28,extreme,0,off,0,19.46
DE40,H1,2026-03-20T22:00:00Z,168.921429,1.3692,91.87,extreme,0,off,0,17.03
DE40,H1,2026-03-20T23:00:00Z,166.907143,1.3381,90.67,extreme,0,off,0,16.98
DE40,H1,2026-03-23T01:00:00Z,174.535714,1.3829,93.45,extreme,0,off,0,15.71
DE40,H1,2026-03-23T02:00:00Z,171.028571,1.3421,91.87,extreme,0,off,0,16.29
DE40,H1,2026-03-23T03:00:00Z,167.335714,1.3031,89.88,elevated,0,off,0,14.69
DE40,H1,2026-03-23T04:00:00Z,169.942857,1.3143,91.07,extreme,0,off,0,14.56
DE40,H1,2026-03-23T05:00:00Z,164.157143,1.2613,87.50,elevated,0,off,0,14.89
DE40,H1,2026-03-23T06:00:00Z,164.978571,1.2587,87.90,elevated,0,off,0,15.20
DE40,H1,2026-03-23T07:00:00Z,152.585714,1.1585,81.55,elevated,0,off,0,15.23
DE40,H1,2026-03-23T08:00:00Z,138.835714,1.0516,69.64,normal,0,off,0,17.32
DE40,H1,2026-03-23T09:00:00Z,138.585714,1.0472,69.25,normal,0,off,0,20.36
DE40,H1,2026-03-23T10:00:00Z,133.714286,1.0063,65.67,normal,0,off,0,21.66
DE40,H1,2026-03-23T11:00:00Z,135.714286,1.0171,67.26,normal,0,off,0,20.44
DE40,H1,2026-03-23T12:00:00Z,135.321429,1.0088,66.47,normal,0,off,0,24.03
DE40,H1,2026-03-23T13:00:00Z,134.892857,1.0004,65.28,normal,0,off,0,32.70
DE40,H1,2026-03-23T14:00:00Z,241.321429,1.7543,99.80,extreme,1,low,0,16.26
DE40,H1,2026-03-23T15:00:00Z,247.692857,1.7677,99.80,extreme,0,off,1,16.20
DE40,H1,2026-03-23T16:00:00Z,259.807143,1.8185,99.80,extreme,0,off,0,15.37
DE40,H1,2026-03-23T17:00:00Z,261.214286,1.7925,99.80,extreme,0,off,0,15.30
DE40,H1,2026-03-23T18:00:00Z,275.285714,1.8481,99.80,extreme,0,off,0,16.45
DE40,H1,2026-03-23T19:00:00Z,279.014286,1.8348,99.80,extreme,0,off,0,15.37
DE40,H1,2026-03-23T20:00:00Z,285.907143,1.8435,99.80,extreme,0,off,0,18.11
DE40,H1,2026-03-23T21:00:00Z,293.550000,1.8556,99.80,extreme,0,off,0,16.89
DE40,H1,2026-03-23T22:00:00Z,295.121429,1.8301,99.80,extreme,0,off,0,18.33
DE40,H1,2026-03-23T23:00:00Z,290.121429,1.7678,99.01,extreme,0,off,0,18.54
DE40,H1,2026-03-24T01:00:00Z,288.278571,1.7281,98.61,extreme,0,off,0,18.36
DE40,H1,2026-03-24T02:00:00Z,282.292857,1.6659,97.82,extreme,0,off,0,18.99
DE40,H1,2026-03-24T03:00:00Z,290.607143,1.6897,99.01,extreme,0,off,0,22.73
DE40,H1,2026-03-24T04:00:00Z,295.357143,1.6912,99.80,extreme,0,off,0,25.67
DE40,H1,2026-03-24T05:00:00Z,193.071429,1.1008,92.66,extreme,0,off,0,25.79
DE40,H1,2026-03-24T06:00:00Z,171.464286,0.9740,88.69,elevated,0,off,0,33.59
DE40,H1,2026-03-24T07:00:00Z,158.000000,0.8948,79.96,elevated,0,off,0,37.65
DE40,H1,2026-03-24T08:00:00Z,152.142857,0.8593,77.98,elevated,0,off,0,40.17
DE40,H1,2026-03-24T09:00:00Z,132.250000,0.7463,62.50,normal,1,low,0,48.28
DE40,H1,2026-03-24T10:00:00Z,131.171429,0.7388,62.50,normal,1,medium,0,52.18
DE40,H1,2026-03-24T11:00:00Z,135.957143,0.7628,66.87,normal,1,low,0,72.09
DE40,H1,2026-03-24T12:00:00Z,137.242857,0.7664,67.66,normal,1,low,0,70.03
DE40,H1,2026-03-24T13:00:00Z,136.921429,0.7607,67.66,normal,1,low,0,68.48
DE40,H1,2026-03-24T14:00:00Z,142.207143,0.7855,71.63,elevated,1,low,0,67.25
DE40,H1,2026-03-24T15:00:00Z,149.657143,0.8213,78.77,elevated,1,low,0,67.94
DE40,H1,2026-03-24T16:00:00Z,154.642857,0.8436,81.94,elevated,0,off,1,63.38
DE40,H1,2026-03-24T17:00:00Z,150.864286,0.8179,79.96,elevated,1,low,0,65.78
DE40,H1,2026-03-24T18:00:00Z,146.721429,0.7917,76.39,elevated,1,low,0,69.87
DE40,H1,2026-03-24T19:00:00Z,147.171429,0.7905,77.58,elevated,1,low,0,66.16
DE40,H1,2026-03-24T20:00:00Z,150.921429,0.8079,81.15,elevated,1,low,0,65.51
DE40,H1,2026-03-24T21:00:00Z,155.635714,0.8313,84.33,elevated,1,medium,0,65.30
DE40,H1,2026-03-24T22:00:00Z,154.150000,0.8220,83.53,elevated,1,high,0,65.74
DE40,H1,2026-03-24T23:00:00Z,170.400000,0.9069,92.26,extreme,1,medium,0,56.26
DE40,H1,2026-03-25T01:00:00Z,165.492857,0.8799,90.67,extreme,1,low,0,56.08
DE40,H1,2026-03-25T02:00:00Z,150.242857,0.8001,79.96,elevated,1,low,0,58.94
DE40,H1,2026-03-25T03:00:00Z,146.592857,0.7825,76.39,elevated,1,low,0,57.66
DE40,H1,2026-03-25T04:00:00Z,142.985714,0.7652,72.82,elevated,0,off,1,57.65
DE40,H1,2026-03-25T05:00:00Z,138.485714,0.7440,69.25,normal,0,off,0,60.09
DE40,H1,2026-03-25T06:00:00Z,126.021429,0.6803,60.52,normal,0,off,0,62.22
DE40,H1,2026-03-25T07:00:00Z,122.378571,0.6639,57.34,normal,0,off,0,63.17
DE40,H1,2026-03-25T08:00:00Z,110.128571,0.6013,43.85,normal,0,off,0,64.43
DE40,H1,2026-03-25T09:00:00Z,104.842857,0.5762,38.29,normal,0,off,0,62.53
DE40,H1,2026-03-25T10:00:00Z,104.678571,0.5791,38.29,normal,0,off,0,60.75
DE40,H1,2026-03-25T11:00:00Z,106.985714,0.5949,41.87,normal,0,off,0,60.92
DE40,H1,2026-03-25T12:00:00Z,108.128571,0.6033,43.45,normal,0,off,0,59.63
DE40,H1,2026-03-25T13:00:00Z,107.185714,0.6001,42.26,normal,0,off,0,64.18
DE40,H1,2026-03-25T14:00:00Z,86.507143,0.4869,17.26,calm,0,off,0,64.93
DE40,H1,2026-03-25T15:00:00Z,95.621429,0.5407,28.77,calm,0,off,0,63.95
DE40,H1,2026-03-25T16:00:00Z,100.514286,0.5706,35.52,normal,0,off,0,63.72
DE40,H1,2026-03-25T17:00:00Z,99.414286,0.5666,33.53,normal,0,off,0,65.72
DE40,H1,2026-03-25T18:00:00Z,107.021429,0.6195,43.85,normal,1,low,0,65.86
DE40,H1,2026-03-25T19:00:00Z,110.042857,0.6473,47.82,normal,1,high,0,64.71
DE40,H1,2026-03-25T20:00:00Z,112.435714,0.6730,50.20,normal,1,medium,0,71.70
DE40,H1,2026-03-25T21:00:00Z,114.650000,0.6985,53.77,normal,1,medium,0,73.30
DE40,H1,2026-03-25T22:00:00Z,116.221429,0.7221,54.96,normal,1,high,0,73.25
DE40,H1,2026-03-25T23:00:00Z,115.757143,0.7341,54.56,normal,1,medium,0,73.12
DE40,H1,2026-03-26T01:00:00Z,110.407143,0.7161,48.61,normal,1,medium,0,75.23
DE40,H1,2026-03-26T02:00:00Z,102.678571,0.6829,39.88,normal,1,medium,0,77.30
DE40,H1,2026-03-26T03:00:00Z,95.914286,0.6553,29.17,calm,1,high,0,79.92
DE40,H1,2026-03-26T04:00:00Z,93.735714,0.6581,25.60,calm,1,medium,0,79.15
DE40,H1,2026-03-26T05:00:00Z,96.735714,0.6979,31.94,normal,1,medium,0,80.22
DE40,H1,2026-03-26T06:00:00Z,88.628571,0.6578,19.25,calm,1,medium,0,82.67
DE40,H1,2026-03-26T07:00:00Z,82.414286,0.6312,14.09,calm,1,medium,0,82.66
DE40,H1,2026-03-26T08:00:00Z,81.807143,0.6477,13.29,calm,1,low,0,77.60
DE40,H1,2026-03-26T09:00:00Z,75.235714,0.6070,10.91,calm,1,low,0,76.49
DE40,H1,2026-03-26T10:00:00Z,73.192857,0.6000,10.12,calm,1,low,0,73.80
DE40,H1,2026-03-26T11:00:00Z,78.157143,0.6492,13.29,calm,1,low,0,66.05
DE40,H1,2026-03-26T12:00:00Z,80.228571,0.6745,14.48,calm,0,off,1,61.85
DE40,H1,2026-03-26T13:00:00Z,83.478571,0.7076,17.26,calm,0,off,0,61.98
DE40,H1,2026-03-26T14:00:00Z,89.442857,0.7636,22.02,calm,0,off,0,61.21
DE40,H1,2026-03-26T15:00:00Z,94.400000,0.8116,29.56,calm,0,off,0,53.74
DE40,H1,2026-03-26T16:00:00Z,105.178571,0.9093,43.85,normal,0,off,0,50.64
DE40,H1,2026-03-26T17:00:00Z,113.335714,0.9839,54.56,normal,0,off,0,50.27
DE40,H1,2026-03-26T18:00:00Z,116.407143,1.0151,58.93,normal,0,off,0,47.91
DE40,H1,2026-03-26T19:00:00Z,117.228571,1.0281,59.72,normal,0,off,0,50.53
DE40,H1,2026-03-26T20:00:00Z,117.435714,1.0366,60.12,normal,0,off,0,51.95
DE40,H1,2026-03-26T21:00:00Z,117.828571,1.0462,60.52,normal,1,low,0,49.97
DE40,H1,2026-03-26T22:00:00Z,116.828571,1.0429,59.72,normal,1,low,0,49.72
DE40,H1,2026-03-26T23:00:00Z,138.114286,1.2349,76.79,elevated,1,low,0,51.46
DE40,H1,2026-03-27T01:00:00Z,136.042857,1.2196,75.60,elevated,1,medium,0,54.35
DE40,H1,2026-03-27T02:00:00Z,129.078571,1.1627,71.23,elevated,1,medium,0,55.16
DE40,H1,2026-03-27T03:00:00Z,131.042857,1.1853,72.02,elevated,1,medium,0,55.04
DE40,H1,2026-03-27T04:00:00Z,128.507143,1.1713,70.83,elevated,1,medium,0,55.06
DE40,H1,2026-03-27T05:00:00Z,122.471429,1.1251,67.66,normal,1,medium,0,55.49
DE40,H1,2026-03-27T06:00:00Z,119.792857,1.1067,64.88,normal,1,high,0,56.13
DE40,H1,2026-03-27T07:00:00Z,108.114286,1.0059,48.61,normal,1,high,0,62.84
DE40,H1,2026-03-27T08:00:00Z,100.292857,0.9406,37.50,normal,1,medium,0,67.00
DE40,H1,2026-03-27T09:00:00Z,100.221429,0.9468,36.71,normal,1,medium,0,65.73
DE40,H1,2026-03-27T10:00:00Z,94.578571,0.8988,28.77,calm,1,medium,0,68.04
DE40,H1,2026-03-27T11:00:00Z,107.557143,1.0250,47.42,normal,1,medium,0,54.38
DE40,H1,2026-03-27T12:00:00Z,113.521429,1.0811,54.56,normal,1,low,0,44.23
DE40,H1,2026-03-27T13:00:00Z,114.914286,1.0923,56.55,normal,0,off,1,40.34
DE40,H1,2026-03-27T14:00:00Z,98.271429,0.9353,34.72,normal,0,off,0,40.19
DE40,H1,2026-03-27T15:00:00Z,100.828571,0.9607,39.09,normal,0,off,0,38.06
DE40,H1,2026-03-27T16:00:00Z,105.221429,1.0031,43.45,normal,0,off,0,33.04
DE40,H1,2026-03-27T17:00:00Z,101.828571,0.9718,40.67,normal,0,off,0,34.94
DE40,H1,2026-03-27T18:00:00Z,108.757143,1.0335,49.80,normal,0,off,0,34.28
DE40,H1,2026-03-27T19:00:00Z,110.850000,1.0504,52.58,normal,0,off,0,30.46
DE40,H1,2026-03-27T20:00:00Z,113.242857,1.0705,54.56,normal,0,off,0,30.93
DE40,H1,2026-03-27T21:00:00Z,115.100000,1.0848,58.53,normal,0,off,0,28.32
DE40,H1,2026-03-27T22:00:00Z,117.350000,1.1038,62.10,normal,0,off,0,22.28
DE40,H1,2026-03-27T23:00:00Z,119.671429,1.1236,64.88,normal,0,off,0,22.70
DE40,H1,2026-03-30T01:00:00Z,125.371429,1.1743,69.25,normal,0,off,0,19.28
DE40,H1,2026-03-30T02:00:00Z,112.885714,1.0577,53.37,normal,0,off,0,23.18
DE40,H1,2026-03-30T03:00:00Z,118.357143,1.1085,62.50,normal,0,off,0,20.13
DE40,H1,2026-03-30T04:00:00Z,116.178571,1.0880,58.53,normal,0,off,0,21.16
DE40,H1,2026-03-30T05:00:00Z,113.642857,1.0637,55.36,normal,0,off,0,24.04
DE40,H1,2026-03-30T06:00:00Z,111.035714,1.0376,50.60,normal,0,off,0,31.17
DE40,H1,2026-03-30T07:00:00Z,107.464286,1.0021,45.04,normal,0,off,0,37.09
DE40,H1,2026-03-30T08:00:00Z,103.678571,0.9650,40.67,normal,0,off,0,51.97
DE40,H1,2026-03-30T09:00:00Z,101.828571,0.9469,38.49,normal,0,off,0,54.24
DE40,H1,2026-03-30T10:00:00Z,103.771429,0.9622,40.67,normal,0,off,0,53.13
DE40,H1,2026-03-30T11:00:00Z,105.271429,0.9720,42.26,normal,0,off,0,54.80
DE40,H1,2026-03-30T12:00:00Z,110.878571,1.0183,50.20,normal,0,off,0,46.83
DE40,H1,2026-03-30T13:00:00Z,110.342857,1.0069,48.61,normal,0,off,0,47.27
DE40,H1,2026-03-30T14:00:00Z,117.307143,1.0619,60.52,normal,0,off,0,42.05
DE40,H1,2026-03-30T15:00:00Z,113.714286,1.0228,54.96,normal,0,off,0,41.57
DE40,H1,2026-03-30T16:00:00Z,113.692857,1.0165,54.56,normal,0,off,0,41.85
DE40,H1,2026-03-30T17:00:00Z,109.721429,0.9764,45.83,normal,0,off,0,45.55
DE40,H1,2026-03-30T18:00:00Z,115.392857,1.0222,56.55,normal,0,off,0,39.31
DE40,H1,2026-03-30T19:00:00Z,113.357143,1.0008,52.18,normal,0,off,0,39.23
DE40,H1,2026-03-30T20:00:00Z,115.785714,1.0203,57.34,normal,0,off,0,37.05
DE40,H1,2026-03-30T21:00:00Z,118.464286,1.0430,63.29,normal,0,off,0,35.57
DE40,H1,2026-03-30T22:00:00Z,123.428571,1.0853,68.06,normal,0,off,0,33.00
DE40,H1,2026-03-30T23:00:00Z,116.000000,1.0202,57.34,normal,0,off,0,34.24
DE40,H1,2026-03-31T01:00:00Z,112.028571,0.9862,49.80,normal,0,off,0,41.16
DE40,H1,2026-03-31T02:00:00Z,108.292857,0.9549,45.04,normal,0,off,0,50.15
DE40,H1,2026-03-31T03:00:00Z,117.900000,1.0395,61.31,normal,0,off,0,52.21
DE40,H1,2026-03-31T04:00:00Z,130.650000,1.1534,71.23,elevated,0,off,0,45.19
DE40,H1,2026-03-31T05:00:00Z,119.221429,1.0556,62.90,normal,1,low,0,46.44
DE40,H1,2026-03-31T06:00:00Z,120.292857,1.0668,64.48,normal,1,low,0,47.47
DE40,H1,2026-03-31T07:00:00Z,116.864286,1.0390,57.74,normal,1,low,0,50.24
DE40,H1,2026-03-31T08:00:00Z,122.721429,1.0922,66.87,normal,1,low,0,48.42
DE40,H1,2026-03-31T09:00:00Z,119.042857,1.0601,61.31,normal,1,low,0,50.58
DE40,H1,2026-03-31T10:00:00Z,131.171429,1.1657,72.42,elevated,1,low,0,55.58
DE40,H1,2026-03-31T11:00:00Z,131.921429,1.1675,72.42,elevated,1,low,0,49.85
DE40,H1,2026-03-31T12:00:00Z,130.421429,1.1481,70.04,elevated,1,low,0,48.48
DE40,H1,2026-03-31T13:00:00Z,133.492857,1.1683,72.82,elevated,1,low,0,47.27
DE40,H1,2026-03-31T14:00:00Z,143.450000,1.2448,80.75,elevated,1,low,0,42.86
DE40,H1,2026-03-31T15:00:00Z,149.457143,1.2875,82.34,elevated,1,low,0,41.32
DE40,H1,2026-03-31T16:00:00Z,152.585714,1.3057,85.52,elevated,0,off,1,41.64
DE40,H1,2026-03-31T17:00:00Z,144.764286,1.2325,79.96,elevated,1,low,0,43.55
DE40,H1,2026-03-31T18:00:00Z,137.707143,1.1646,75.20,elevated,1,low,0,44.48
DE40,H1,2026-03-31T19:00:00Z,164.671429,1.3777,89.48,elevated,1,low,0,38.76
DE40,H1,2026-03-31T20:00:00Z,165.314286,1.3693,90.28,extreme,1,low,0,39.00
DE40,H1,2026-03-31T21:00:00Z,165.814286,1.3591,90.67,extreme,1,low,0,40.37
DE40,H1,2026-03-31T22:00:00Z,157.457143,1.2803,86.71,elevated,1,low,0,41.56
DE40,H1,2026-03-31T23:00:00Z,152.771429,1.2338,83.93,elevated,1,low,0,49.06
DE40,H1,2026-04-01T01:00:00Z,136.671429,1.0996,72.02,elevated,0,off,1,46.07
DE40,H1,2026-04-01T02:00:00Z,135.150000,1.0839,70.04,elevated,0,off,0,46.75
DE40,H1,2026-04-01T03:00:00Z,134.657143,1.0770,68.85,normal,0,off,0,46.26
DE40,H1,2026-04-01T04:00:00Z,128.478571,1.0261,63.29,normal,0,off,0,46.99
DE40,H1,2026-04-01T05:00:00Z,117.621429,0.9406,51.39,normal,0,off,0,49.35
DE40,H1,2026-04-01T06:00:00Z,111.621429,0.8928,39.88,normal,0,off,0,49.59
DE40,H1,2026-04-01T07:00:00Z,105.657143,0.8468,31.55,normal,0,off,0,57.26
DE40,H1,2026-04-01T08:00:00Z,97.228571,0.7816,21.23,calm,0,off,0,59.45
DE40,H1,2026-04-01T09:00:00Z,100.471429,0.8094,24.40,calm,0,off,0,50.89
DE40,H1,2026-04-01T10:00:00Z,83.864286,0.6786,12.10,calm,0,off,0,56.21
DE40,H1,2026-04-01T11:00:00Z,83.900000,0.6815,12.10,calm,0,off,0,51.30
DE40,H1,2026-04-01T12:00:00Z,92.435714,0.7522,16.87,calm,0,off,0,48.38
DE40,H1,2026-04-01T13:00:00Z,94.578571,0.7705,18.25,calm,0,off,0,47.61
DE40,H1,2026-04-01T14:00:00Z,99.807143,0.8136,22.42,calm,0,off,0,44.25
DE40,H1,2026-04-01T15:00:00Z,112.814286,0.9185,40.67,normal,1,low,0,38.03
DE40,H1,2026-04-01T16:00:00Z,116.764286,0.9498,48.61,normal,0,off,1,46.79
DE40,H1,2026-04-01T17:00:00Z,121.900000,0.9897,57.74,normal,1,low,0,47.82
DE40,H1,2026-04-01T18:00:00Z,125.328571,1.0162,61.31,normal,0,off,1,50.90
DE40,H1,2026-04-01T19:00:00Z,127.757143,1.0335,62.50,normal,0,off,0,52.65
DE40,H1,2026-04-01T20:00:00Z,129.792857,1.0473,64.09,normal,0,off,0,53.66
DE40,H1,2026-04-01T21:00:00Z,136.542857,1.0970,71.63,elevated,1,low,0,51.79
DE40,H1,2026-04-01T22:00:00Z,143.114286,1.1447,77.18,elevated,1,low,0,50.34
DE40,H1,2026-04-01T23:00:00Z,130.414286,1.0403,63.29,normal,1,low,0,52.24
DE40,H1,2026-04-02T01:00:00Z,118.750000,0.9468,50.99,normal,1,low,0,58.29
DE40,H1,2026-04-02T02:00:00Z,112.471429,0.8976,36.71,normal,1,low,0,61.17
DE40,H1,2026-04-02T03:00:00Z,105.900000,0.8475,27.18,calm,1,low,0,66.85
DE40,H1,2026-04-02T04:00:00Z,125.221429,1.0007,58.93,normal,1,medium,0,53.38
DE40,H1,2026-04-02T05:00:00Z,121.971429,0.9731,54.96,normal,1,low,0,53.93
DE40,H1,2026-04-02T06:00:00Z,112.042857,0.8934,35.12,normal,0,off,1,54.59
DE40,H1,2026-04-02T07:00:00Z,106.507143,0.8508,25.99,calm,0,off,0,51.44
DE40,H1,2026-04-02T08:00:00Z,101.471429,0.8144,19.25,calm,0,off,0,51.01
DE40,H1,2026-04-02T09:00:00Z,99.121429,0.7981,14.48,calm,0,off,0,49.77
DE40,H1,2026-04-02T10:00:00Z,102.114286,0.8246,20.44,calm,0,off,0,49.40
DE40,H1,2026-04-02T11:00:00Z,102.650000,0.8308,20.83,calm,0,off,0,48.19
DE40,H1,2026-04-02T12:00:00Z,100.078571,0.8130,14.88,calm,0,off,0,48.10
DE40,H1,2026-04-02T13:00:00Z,99.114286,0.8078,12.90,calm,0,off,0,46.24
DE40,H1,2026-04-02T14:00:00Z,105.771429,0.8656,25.20,calm,0,off,0,37.96
DE40,H1,2026-04-02T15:00:00Z,110.935714,0.9110,33.53,normal,0,off,0,33.03
DE40,H1,2026-04-02T16:00:00Z,119.821429,0.9857,52.98,normal,0,off,0,28.28
DE40,H1,2026-04-02T17:00:00Z,142.571429,1.1711,76.39,elevated,0,off,0,31.86
DE40,H1,2026-04-02T18:00:00Z,120.300000,0.9919,52.98,normal,0,off,0,38.22
DE40,H1,2026-04-02T19:00:00Z,121.050000,1.0028,53.37,normal,0,off,0,35.95
DE40,H1,2026-04-02T20:00:00Z,122.014286,1.0159,54.56,normal,0,off,0,37.02
DE40,H1,2026-04-02T21:00:00Z,119.585714,0.9999,49.80,normal,0,off,0,39.48
DE40,H1,2026-04-02T22:00:00Z,117.800000,0.9883,45.83,normal,0,off,0,40.51
DE40,H1,2026-04-02T23:00:00Z,113.707143,0.9622,37.90,normal,0,off,0,40.58
DE40,H1,2026-04-07T03:00:00Z,117.300000,1.0007,44.64,normal,0,off,0,30.32
DE40,H1,2026-04-07T04:00:00Z,120.907143,1.0394,53.37,normal,0,off,0,30.03
DE40,H1,2026-04-07T05:00:00Z,117.407143,1.0163,45.83,normal,0,off,0,29.89
DE40,H1,2026-04-07T06:00:00Z,110.942857,0.9674,31.94,normal,0,off,0,32.52
DE40,H1,2026-04-07T07:00:00Z,106.800000,0.9361,24.40,calm,0,off,0,35.03
DE40,H1,2026-04-07T08:00:00Z,101.764286,0.8973,16.47,calm,0,off,0,35.89
DE40,H1,2026-04-07T09:00:00Z,97.192857,0.8627,10.12,calm,0,off,0,37.29
DE40,H1,2026-04-07T10:00:00Z,76.192857,0.6826,0.99,squeeze,0,off,0,48.05
DE40,H1,2026-04-07T11:00:00Z,84.678571,0.7631,4.17,squeeze,0,off,0,46.36
DE40,H1,2026-04-07T12:00:00Z,84.392857,0.7643,4.17,squeeze,0,off,0,44.51
DE40,H1,2026-04-07T13:00:00Z,99.357143,0.9009,13.29,calm,0,off,0,40.43
DE40,H1,2026-04-07T14:00:00Z,104.571429,0.9469,21.63,calm,1,low,0,43.02
DE40,H1,2026-04-07T15:00:00Z,113.142857,1.0221,36.71,normal,1,medium,0,47.32
DE40,H1,2026-04-07T16:00:00Z,125.228571,1.1229,58.93,normal,1,low,0,47.49
DE40,H1,2026-04-07T17:00:00Z,128.250000,1.1409,60.91,normal,1,low,0,41.84
DE40,H1,2026-04-07T18:00:00Z,126.100000,1.1151,60.52,normal,0,off,1,41.25
DE40,H1,2026-04-07T19:00:00Z,133.678571,1.1740,67.66,normal,0,off,0,42.25
DE40,H1,2026-04-07T20:00:00Z,139.642857,1.2179,75.99,elevated,0,off,0,43.75
DE40,H1,2026-04-07T21:00:00Z,140.392857,1.2186,76.39,elevated,0,off,0,43.42
DE40,H1,2026-04-07T22:00:00Z,165.321429,1.4230,89.88,elevated,1,low,0,48.84
DE40,H1,2026-04-07T23:00:00Z,164.471429,1.4053,87.90,elevated,1,low,0,47.05
DE40,H1,2026-04-08T01:00:00Z,190.392857,1.6089,93.85,extreme,0,off,1,35.07
DE40,H1,2026-04-08T02:00:00Z,181.064286,1.5164,93.45,extreme,0,off,0,31.36
DE40,H1,2026-04-08T03:00:00Z,194.107143,1.6084,94.25,extreme,0,off,0,21.53
DE40,H1,2026-04-08T04:00:00Z,184.392857,1.5158,93.06,extreme,0,off,0,21.13
DE40,H1,2026-04-08T05:00:00Z,180.785714,1.4770,92.26,extreme,0,off,0,19.81
DE40,H1,2026-04-08T06:00:00Z,172.464286,1.3994,91.47,extreme,0,off,0,18.21
DE40,H1,2026-04-08T07:00:00Z,166.964286,1.3443,88.69,elevated,0,off,0,18.02
DE40,H1,2026-04-08T08:00:00Z,160.035714,1.2787,84.33,elevated,0,off,0,17.91
DE40,H1,2026-04-08T09:00:00Z,165.114286,1.3069,86.31,elevated,0,off,0,15.66
DE40,H1,2026-04-08T10:00:00Z,168.964286,1.3282,89.48,elevated,0,off,0,15.70
DE40,H1,2026-04-08T11:00:00Z,169.071429,1.3193,89.48,elevated,0,off,0,14.55
DE40,H1,2026-04-08T12:00:00Z,173.500000,1.3410,91.47,extreme,0,off,0,12.87
DE40,H1,2026-04-08T13:00:00Z,156.142857,1.1976,81.15,elevated,0,off,0,11.31
DE40,H1,2026-04-08T14:00:00Z,159.707143,1.2141,82.34,elevated,0,off,0,11.57
DE40,H1,2026-04-08T15:00:00Z,135.735714,1.0262,66.07,normal,0,off,0,15.73
DE40,H1,2026-04-08T16:00:00Z,140.385714,1.0552,71.23,elevated,0,off,0,14.26
DE40,H1,2026-04-08T17:00:00Z,132.450000,0.9911,61.71,normal,0,off,0,17.61
DE40,H1,2026-04-08T18:00:00Z,131.435714,0.9789,60.91,normal,0,off,0,18.33
DE40,H1,2026-04-08T19:00:00Z,131.650000,0.9758,61.31,normal,0,off,0,17.87
DE40,H1,2026-04-08T20:00:00Z,133.292857,0.9840,62.90,normal,1,low,0,17.32
DE40,H1,2026-04-08T21:00:00Z,134.935714,0.9926,65.28,normal,1,medium,0,41.05
DE40,H1,2026-04-08T22:00:00Z,137.114286,1.0061,69.25,normal,1,high,0,44.23
DE40,H1,2026-04-08T23:00:00Z,129.235714,0.9501,58.13,normal,1,high,0,54.54
DE40,H1,2026-04-09T01:00:00Z,117.664286,0.8654,44.64,normal,1,medium,0,59.66
DE40,H1,2026-04-09T02:00:00Z,111.714286,0.8227,30.75,normal,1,medium,0,70.77
DE40,H1,2026-04-09T03:00:00Z,108.135714,0.7980,25.60,calm,1,medium,0,75.52
DE40,H1,2026-04-09T04:00:00Z,101.885714,0.7539,16.47,calm,1,medium,0,77.62
DE40,H1,2026-04-09T05:00:00Z,94.671429,0.7029,8.13,squeeze,1,medium,0,79.45
DE40,H1,2026-04-09T06:00:00Z,87.542857,0.6525,5.36,squeeze,1,medium,0,82.52
DE40,H1,2026-04-09T07:00:00Z,78.578571,0.5891,1.79,squeeze,1,low,0,83.89
DE40,H1,2026-04-09T08:00:00Z,73.435714,0.5545,0.60,squeeze,1,low,0,83.16
DE40,H1,2026-04-09T09:00:00Z,68.664286,0.5223,0.20,squeeze,1,low,0,82.11
DE40,H1,2026-04-09T10:00:00Z,79.271429,0.6059,2.98,squeeze,1,low,0,77.95
DE40,H1,2026-04-09T11:00:00Z,79.985714,0.6139,3.37,squeeze,0,off,1,74.26
DE40,H1,2026-04-09T12:00:00Z,74.235714,0.5722,1.39,squeeze,0,off,0,71.51
DE40,H1,2026-04-09T13:00:00Z,68.128571,0.5275,0.20,squeeze,0,off,0,72.42
DE40,H1,2026-04-09T14:00:00Z,70.721429,0.5480,0.99,squeeze,0,off,0,70.43
DE40,H1,2026-04-09T15:00:00Z,73.507143,0.5706,2.18,squeeze,0,off,0,68.64
DE40,H1,2026-04-09T16:00:00Z,77.957143,0.6057,3.77,squeeze,0,off,0,67.50
DE40,H1,2026-04-09T17:00:00Z,76.000000,0.5927,3.37,squeeze,0,off,0,66.80
DE40,H1,2026-04-09T18:00:00Z,87.350000,0.6830,9.72,squeeze,0,off,0,66.52
DE40,H1,2026-04-09T19:00:00Z,91.778571,0.7200,11.31,calm,0,off,0,64.98
DE40,H1,2026-04-09T20:00:00Z,93.992857,0.7410,12.50,calm,0,off,0,63.49
DE40,H1,2026-04-09T21:00:00Z,98.421429,0.7796,16.87,calm,1,low,0,64.35
DE40,H1,2026-04-09T22:00:00Z,95.957143,0.7637,15.28,calm,1,low,0,67.89
DE40,H1,2026-04-09T23:00:00Z,92.264286,0.7392,11.71,calm,1,low,0,69.48
DE40,H1,2026-04-10T01:00:00Z,79.742857,0.6451,5.75,squeeze,1,low,0,76.38
DE40,H1,2026-04-10T02:00:00Z,75.278571,0.6155,3.37,squeeze,1,low,0,77.01
DE40,H1,2026-04-10T03:00:00Z,72.278571,0.6001,1.39,squeeze,1,low,0,77.04
DE40,H1,2026-04-10T04:00:00Z,73.635714,0.6207,2.98,squeeze,1,low,0,78.07
DE40,H1,2026-04-10T05:00:00Z,69.600000,0.5989,0.99,squeeze,1,low,0,76.87
DE40,H1,2026-04-10T06:00:00Z,66.171429,0.5809,0.20,squeeze,1,low,0,75.27
DE40,H1,2026-04-10T07:00:00Z,62.635714,0.5628,0.20,squeeze,1,low,0,79.32
DE40,H1,2026-04-10T08:00:00Z,61.421429,0.5644,0.20,squeeze,1,low,0,77.83
DE40,H1,2026-04-10T09:00:00Z,50.428571,0.4747,0.20,squeeze,1,low,0,79.21
DE40,H1,2026-04-10T10:00:00Z,49.607143,0.4781,0.20,squeeze,1,low,0,79.43
DE40,H1,2026-04-10T11:00:00Z,51.750000,0.5100,0.99,squeeze,1,low,0,71.75
DE40,H1,2026-04-10T12:00:00Z,57.785714,0.5812,1.39,squeeze,1,low,0,72.91
DE40,H1,2026-04-10T13:00:00Z,62.964286,0.6466,2.58,squeeze,1,medium,0,70.78
DE40,H1,2026-04-10T14:00:00Z,66.371429,0.6963,3.37,squeeze,1,medium,0,65.72
DE40,H1,2026-04-10T15:00:00Z,70.857143,0.7590,5.36,squeeze,1,medium,0,66.77
DE40,H1,2026-04-10T16:00:00Z,78.714286,0.8606,10.91,calm,1,medium,0,61.68
DE40,H1,2026-04-10T17:00:00Z,85.321429,0.9475,15.67,calm,1,medium,0,59.50
DE40,H1,2026-04-10T18:00:00Z,92.042857,1.0378,18.45,calm,1,medium,0,52.79
DE40,H1,2026-04-10T19:00:00Z,93.364286,1.0628,19.64,calm,1,low,0,50.35
DE40,H1,2026-04-10T20:00:00Z,95.792857,1.1016,22.82,calm,1,low,0,46.19
DE40,H1,2026-04-10T21:00:00Z,95.221429,1.1045,22.42,calm,1,low,0,44.93
DE40,H1,2026-04-10T22:00:00Z,94.685714,1.1078,22.42,calm,1,low,0,43.51
DE40,H1,2026-04-13T01:00:00Z,116.435714,1.3671,58.13,normal,0,off,1,22.23
DE40,H1,2026-04-13T02:00:00Z,113.385714,1.3375,52.18,normal,0,off,0,20.54
DE40,H1,2026-04-13T03:00:00Z,117.564286,1.3925,62.50,normal,0,off,0,24.51
DE40,H1,2026-04-13T04:00:00Z,108.564286,1.2947,43.06,normal,0,off,0,23.17
DE40,H1,2026-04-13T05:00:00Z,102.814286,1.2339,34.33,normal,0,off,0,22.16
DE40,H1,2026-04-13T06:00:00Z,101.171429,1.2190,31.15,normal,0,off,0,22.79
DE40,H1,2026-04-13T07:00:00Z,97.028571,1.1732,25.20,calm,0,off,0,20.74
DE40,H1,2026-04-13T08:00:00Z,90.600000,1.1002,18.06,calm,0,off,0,20.75
DE40,H1,2026-04-13T09:00:00Z,86.850000,1.0585,16.47,calm,0,off,0,21.69
DE40,H1,2026-04-13T10:00:00Z,80.950000,0.9899,12.90,calm,0,off,0,24.52
DE40,H1,2026-04-13T11:00:00Z,81.842857,1.0022,13.69,calm,0,off,0,23.84
DE40,H1,2026-04-13T12:00:00Z,82.557143,1.0100,14.48,calm,0,off,0,22.17
DE40,H1,2026-04-13T13:00:00Z,82.557143,1.0077,14.68,calm,0,off,0,21.71
DE40,H1,2026-04-13T14:00:00Z,88.771429,1.0783,19.64,calm,0,off,0,19.48
DE40,H1,2026-04-13T15:00:00Z,67.235714,0.8191,3.77,squeeze,0,off,0,41.63
DE40,H1,2026-04-13T16:00:00Z,79.178571,0.9648,11.71,calm,0,off,0,45.60
DE40,H1,2026-04-13T17:00:00Z,73.107143,0.8910,6.55,squeeze,0,off,0,52.62
DE40,H1,2026-04-13T18:00:00Z,73.907143,0.8995,8.53,squeeze,0,off,0,52.77
DE40,H1,2026-04-13T19:00:00Z,84.014286,1.0192,18.06,calm,0,off,0,40.59
DE40,H1,2026-04-13T20:00:00Z,83.014286,1.0048,16.87,calm,0,off,0,39.76
DE40,H1,2026-04-13T21:00:00Z,83.192857,1.0057,17.26,calm,0,off,0,29.15
DE40,H1,2026-04-13T22:00:00Z,84.907143,1.0242,20.04,calm,0,off,0,25.76
DE40,H1,2026-04-13T23:00:00Z,82.750000,0.9993,16.87,calm,0,off,0,27.07
DE40,H1,2026-04-14T01:00:00Z,78.014286,0.9452,11.31,calm,0,off,0,28.68
DE40,H1,2026-04-14T02:00:00Z,75.671429,0.9209,10.12,calm,0,off,0,27.34
DE40,H1,2026-04-14T03:00:00Z,74.000000,0.9060,8.93,squeeze,0,off,0,27.59
DE40,H1,2026-04-14T04:00:00Z,73.857143,0.9092,8.53,squeeze,0,off,0,26.25
DE40,H1,2026-04-14T05:00:00Z,67.285714,0.8334,4.17,squeeze,0,off,0,31.07
DE40,H1,2026-04-14T06:00:00Z,63.821429,0.7936,2.98,squeeze,0,off,0,33.21
DE40,H1,2026-04-14T07:00:00Z,50.750000,0.6349,0.99,squeeze,0,off,0,42.35
DE40,H1,2026-04-14T08:00:00Z,49.285714,0.6202,0.20,squeeze,0,off,0,42.22
DE40,H1,2026-04-14T09:00:00Z,48.842857,0.6185,0.20,squeeze,0,off,0,42.55
DE40,H1,2026-04-14T10:00:00Z,43.842857,0.5588,0.20,squeeze,0,off,0,46.78
DE40,H1,2026-04-14T11:00:00Z,46.235714,0.5923,0.60,squeeze,0,off,0,49.23
DE40,H1,2026-04-14T12:00:00Z,51.235714,0.6583,2.98,squeeze,0,off,0,47.64
DE40,H1,2026-04-14T13:00:00Z,50.200000,0.6468,2.18,squeeze,0,off,0,51.22
DE40,H1,2026-04-14T14:00:00Z,55.250000,0.7110,4.17,squeeze,0,off,0,51.10
DE40,H1,2026-04-14T15:00:00Z,61.807143,0.7929,5.36,squeeze,1,low,0,44.53
DE40,H1,2026-04-14T16:00:00Z,63.200000,0.8084,6.55,squeeze,1,low,0,63.50
DE40,H1,2026-04-14T17:00:00Z,62.942857,0.8041,6.15,squeeze,1,low,0,66.56
DE40,H1,2026-04-14T18:00:00Z,65.821429,0.8402,7.74,squeeze,1,low,0,64.83
DE40,H1,2026-04-14T19:00:00Z,67.750000,0.8646,9.72,squeeze,0,off,1,62.97
DE40,H1,2026-04-14T20:00:00Z,68.285714,0.8720,10.52,calm,0,off,0,58.41
DE40,H1,2026-04-14T21:00:00Z,70.035714,0.8963,11.71,calm,0,off,0,57.61
DE40,H1,2026-04-14T22:00:00Z,68.500000,0.8804,10.91,calm,0,off,0,58.03
DE40,H1,2026-04-14T23:00:00Z,66.350000,0.8585,8.53,squeeze,0,off,0,56.98
DE40,H1,2026-04-15T01:00:00Z,59.778571,0.7802,4.96,squeeze,0,off,0,59.61
DE40,H1,2026-04-15T02:00:00Z,58.178571,0.7669,4.96,squeeze,0,off,0,59.30
DE40,H1,2026-04-15T03:00:00Z,53.521429,0.7133,4.17,squeeze,1,low,0,61.94
DE40,H1,2026-04-15T04:00:00Z,52.128571,0.7027,4.17,squeeze,1,medium,0,64.03
DE40,H1,2026-04-15T05:00:00Z,46.878571,0.6440,0.99,squeeze,1,medium,0,74.16
DE40,H1,2026-04-15T06:00:00Z,41.378571,0.5799,0.20,squeeze,1,medium,0,77.42
DE40,H1,2026-04-15T07:00:00Z,39.828571,0.5707,0.20,squeeze,1,medium,0,78.85
DE40,H1,2026-04-15T08:00:00Z,41.114286,0.6007,0.60,squeeze,1,medium,0,79.14
DE40,H1,2026-04-15T09:00:00Z,40.378571,0.6009,0.60,squeeze,1,medium,0,83.70
DE40,H1,2026-04-15T10:00:00Z,40.950000,0.6205,0.99,squeeze,1,high,0,82.87
DE40,H1,2026-04-15T11:00:00Z,45.271429,0.6969,2.58,squeeze,1,high,0,78.69
DE40,H1,2026-04-15T12:00:00Z,47.628571,0.7431,3.77,squeeze,1,high,0,76.20
DE40,H1,2026-04-15T13:00:00Z,52.092857,0.8216,7.34,squeeze,1,high,0,71.60
DE40,H1,2026-04-15T14:00:00Z,58.421429,0.9280,9.72,squeeze,1,high,0,67.26
DE40,H1,2026-04-15T15:00:00Z,60.171429,0.9625,10.52,calm,1,high,0,63.72
DE40,H1,2026-04-15T16:00:00Z,61.985714,0.9981,11.71,calm,1,high,0,61.20
DE40,H1,2026-04-15T17:00:00Z,62.964286,1.0202,13.10,calm,1,high,0,59.27
DE40,H1,2026-04-15T18:00:00Z,64.835714,1.0588,14.48,calm,1,high,0,57.65
DE40,H1,2026-04-15T19:00:00Z,67.014286,1.0944,16.47,calm,1,high,0,55.59
DE40,H1,2026-04-15T20:00:00Z,67.228571,1.1022,16.87,calm,1,high,0,55.29
DE40,H1,2026-04-15T21:00:00Z,69.371429,1.1388,20.04,calm,1,high,0,56.32
DE40,H1,2026-04-15T22:00:00Z,66.978571,1.1020,16.47,calm,1,high,0,55.71
DE40,H1,2026-04-15T23:00:00Z,64.071429,1.0611,14.48,calm,1,high,0,58.73
DE40,H1,2026-04-16T01:00:00Z,62.150000,1.0365,12.10,calm,1,high,0,60.37
DE40,H1,2026-04-16T02:00:00Z,57.164286,0.9617,8.93,squeeze,1,high,0,65.18
DE40,H1,2026-04-16T03:00:00Z,55.171429,0.9375,8.53,squeeze,1,medium,0,67.22
DE40,H1,2026-04-16T04:00:00Z,51.492857,0.8844,6.94,squeeze,1,medium,0,69.78
DE40,H1,2026-04-16T05:00:00Z,45.457143,0.7896,2.98,squeeze,1,medium,0,74.02
DE40,H1,2026-04-16T06:00:00Z,44.564286,0.7825,2.58,squeeze,1,medium,0,74.02
DE40,H1,2026-04-16T07:00:00Z,41.135714,0.7308,1.79,squeeze,1,medium,0,75.47
DE40,H1,2026-04-16T08:00:00Z,39.421429,0.7090,0.20,squeeze,1,medium,0,77.01
DE40,H1,2026-04-16T09:00:00Z,38.300000,0.6961,0.20,squeeze,1,medium,0,75.83
DE40,H1,2026-04-16T10:00:00Z,40.871429,0.7490,1.79,squeeze,1,medium,0,77.11
DE40,H1,2026-04-16T11:00:00Z,43.371429,0.7970,3.77,squeeze,1,medium,0,71.71
DE40,H1,2026-04-16T12:00:00Z,42.085714,0.7754,3.77,squeeze,1,medium,0,72.22
DE40,H1,2026-04-16T13:00:00Z,43.157143,0.7969,4.17,squeeze,1,low,0,69.14
DE40,H1,2026-04-16T14:00:00Z,44.957143,0.8297,5.75,squeeze,0,off,1,58.65
DE40,H1,2026-04-16T15:00:00Z,45.485714,0.8397,6.94,squeeze,0,off,0,53.36
DE40,H1,2026-04-16T16:00:00Z,56.042857,1.0328,14.09,calm,1,low,0,49.47
DE40,H1,2026-04-16T17:00:00Z,58.342857,1.0720,15.67,calm,1,low,0,49.36
DE40,H1,2026-04-16T18:00:00Z,60.292857,1.1058,17.26,calm,1,low,0,50.12
DE40,H1,2026-04-16T19:00:00Z,64.650000,1.1844,22.02,calm,1,low,0,53.37
DE40,H1,2026-04-16T20:00:00Z,65.364286,1.1966,22.82,calm,1,medium,0,52.28
DE40,H1,2026-04-16T21:00:00Z,66.257143,1.2114,24.01,calm,1,medium,0,53.11
DE40,H1,2026-04-16T22:00:00Z,65.507143,1.1979,23.21,calm,1,medium,0,52.13
DE40,H1,2026-04-16T23:00:00Z,64.207143,1.1756,22.02,calm,1,medium,0,51.27
DE40,H1,2026-04-17T01:00:00Z,59.207143,1.0877,16.47,calm,1,medium,0,52.65
DE40,H1,2026-04-17T02:00:00Z,55.164286,1.0190,13.29,calm,1,medium,0,57.19
DE40,H1,2026-04-17T03:00:00Z,57.200000,1.0610,15.28,calm,1,medium,0,55.56
DE40,H1,2026-04-17T04:00:00Z,55.664286,1.0366,14.48,calm,1,medium,0,57.10
DE40,H1,2026-04-17T05:00:00Z,53.378571,0.9964,12.90,calm,1,medium,0,59.38
DE40,H1,2026-04-17T06:00:00Z,52.557143,0.9832,12.90,calm,1,medium,0,59.45
DE40,H1,2026-04-17T07:00:00Z,42.914286,0.8060,4.17,squeeze,1,low,0,68.62
DE40,H1,2026-04-17T08:00:00Z,40.428571,0.7627,1.79,squeeze,1,low,0,70.22
DE40,H1,2026-04-17T09:00:00Z,40.085714,0.7581,1.39,squeeze,1,low,0,71.29
DE40,H1,2026-04-17T10:00:00Z,43.192857,0.8163,5.75,squeeze,1,low,0,69.21
DE40,H1,2026-04-17T11:00:00Z,46.514286,0.8769,9.33,squeeze,1,low,0,56.69
DE40,H1,2026-04-17T12:00:00Z,49.014286,0.9213,10.91,calm,0,off,1,46.56
DE40,H1,2026-04-17T13:00:00Z,51.192857,0.9583,13.29,calm,0,off,0,38.32
DE40,H1,2026-04-17T14:00:00Z,54.600000,1.0169,16.87,calm,0,off,0,35.17
DE40,H1,2026-04-17T15:00:00Z,82.671429,1.5186,47.42,normal,0,off,0,15.41
DE40,H1,2026-04-17T16:00:00Z,92.964286,1.6797,55.36,normal,0,off,0,14.79
DE40,H1,2026-04-17T17:00:00Z,98.928571,1.7577,60.52,normal,0,off,0,13.90
DE40,H1,2026-04-17T18:00:00Z,102.107143,1.7864,64.88,normal,0,off,0,14.50
DE40,H1,2026-04-17T19:00:00Z,104.357143,1.7980,66.47,normal,0,off,0,14.72
DE40,H1,2026-04-17T20:00:00Z,111.142857,1.8830,70.83,elevated,0,off,0,14.24
DE40,H1,2026-04-17T21:00:00Z,112.464286,1.8740,72.42,elevated,0,off,0,15.56
DE40,H1,2026-04-17T22:00:00Z,112.707143,1.8485,73.21,elevated,0,off,0,15.43
DE40,H1,2026-04-20T01:00:00Z,127.535714,2.0510,83.53,elevated,0,off,0,16.11
DE40,H1,2026-04-20T02:00:00Z,121.628571,1.9224,80.75,elevated,0,off,0,17.25
DE40,H1,2026-04-20T03:00:00Z,119.564286,1.8602,78.77,elevated,0,off,0,17.88
DE40,H1,2026-04-20T04:00:00Z,117.707143,1.8029,77.98,elevated,0,off,0,19.55
DE40,H1,2026-04-20T05:00:00Z,115.600000,1.7431,75.20,elevated,0,off,0,20.06
DE40,H1,2026-04-20T06:00:00Z,112.564286,1.6719,73.21,elevated,0,off,0,20.47
DE40,H1,2026-04-20T07:00:00Z,85.742857,1.2628,51.79,normal,0,off,0,21.64
DE40,H1,2026-04-20T08:00:00Z,80.564286,1.1777,45.83,normal,0,off,0,30.69
DE40,H1,2026-04-20T09:00:00Z,74.700000,1.0846,41.07,normal,0,off,0,34.47
DE40,H1,2026-04-20T10:00:00Z,78.342857,1.1268,43.85,normal,0,off,0,34.72
DE40,H1,2026-04-20T11:00:00Z,80.878571,1.1512,47.02,normal,0,off,0,35.12
DE40,H1,2026-04-20T12:00:00Z,75.735714,1.0675,42.26,normal,0,off,0,33.55
DE40,H1,2026-04-20T13:00:00Z,75.950000,1.0596,42.66,normal,0,off,0,27.08
DE40,H1,2026-04-20T14:00:00Z,76.492857,1.0559,43.85,normal,0,off,0,23.87
DE40,H1,2026-04-20T15:00:00Z,60.771429,0.8343,23.21,calm,0,off,0,37.40
DE40,H1,2026-04-20T16:00:00Z,68.821429,0.9383,35.91,normal,0,off,0,39.20
DE40,H1,2026-04-20T17:00:00Z,75.528571,1.0204,42.66,normal,0,off,0,37.42
DE40,H1,2026-04-20T18:00:00Z,76.478571,1.0240,45.04,normal,1,low,0,39.92
DE40,H1,2026-04-20T19:00:00Z,76.728571,1.0187,45.83,normal,1,low,0,39.44
DE40,H1,2026-04-20T20:00:00Z,77.978571,1.0265,46.63,normal,1,high,0,53.22
DE40,H1,2026-04-20T21:00:00Z,76.728571,1.0045,46.03,normal,1,medium,0,55.33
DE40,H1,2026-04-20T22:00:00Z,73.978571,0.9646,41.07,normal,1,medium,0,60.68
DE40,H1,2026-04-20T23:00:00Z,73.200000,0.9512,39.09,normal,1,medium,0,61.41
DE40,H1,2026-04-21T01:00:00Z,65.928571,0.8565,30.36,normal,1,low,0,69.85
DE40,H1,2026-04-21T02:00:00Z,61.157143,0.7953,23.61,calm,1,low,0,72.76
DE40,H1,2026-04-21T03:00:00Z,60.050000,0.7822,22.42,calm,1,low,0,71.84
DE40,H1,2026-04-21T04:00:00Z,58.478571,0.7631,21.63,calm,1,low,0,71.11
DE40,H1,2026-04-21T05:00:00Z,56.192857,0.7348,19.25,calm,1,low,0,69.68
DE40,H1,2026-04-21T06:00:00Z,54.478571,0.7133,16.87,calm,0,off,1,69.27
DE40,H1,2026-04-21T07:00:00Z,45.157143,0.5928,7.74,squeeze,0,off,0,71.32
DE40,H1,2026-04-21T08:00:00Z,37.514286,0.4950,0.20,squeeze,0,off,0,70.60
DE40,H1,2026-04-21T09:00:00Z,37.128571,0.4924,0.20,squeeze,0,off,0,70.50
DE40,H1,2026-04-21T10:00:00Z,42.628571,0.5669,5.75,squeeze,0,off,0,71.10
DE40,H1,2026-04-21T11:00:00Z,45.950000,0.6121,10.52,calm,0,off,0,70.83
DE40,H1,2026-04-21T12:00:00Z,48.378571,0.6436,12.50,calm,1,low,0,66.38
DE40,H1,2026-04-21T13:00:00Z,48.628571,0.6455,12.90,calm,0,off,1,61.35
DE40,H1,2026-04-21T14:00:00Z,49.878571,0.6604,14.88,calm,0,off,0,65.48
DE40,H1,2026-04-21T15:00:00Z,53.971429,0.7125,20.04,calm,0,off,0,64.93
DE40,H1,2026-04-21T16:00:00Z,57.707143,0.7596,24.40,calm,1,low,0,66.65
DE40,H1,2026-04-21T17:00:00Z,68.564286,0.8979,41.87,normal,0,off,1,48.04
DE40,H1,2026-04-21T18:00:00Z,73.185714,0.9529,45.83,normal,0,off,0,36.56
DE40,H1,2026-04-21T19:00:00Z,78.792857,1.0195,56.94,normal,0,off,0,30.52
DE40,H1,2026-04-21T20:00:00Z,86.185714,1.1141,65.28,normal,0,off,0,15.34
DE40,H1,2026-04-21T21:00:00Z,90.971429,1.1766,67.66,normal,0,off,0,15.12
DE40,H1,2026-04-21T22:00:00Z,103.650000,1.3389,76.39,elevated,0,off,0,14.48
DE40,H1,2026-04-21T23:00:00Z,111.814286,1.4408,79.96,elevated,0,off,0,18.13
DE40,H1,2026-04-22T01:00:00Z,105.350000,1.3572,77.58,elevated,0,off,0,17.21
DE40,H1,2026-04-22T02:00:00Z,101.014286,1.3047,74.40,elevated,0,off,0,18.99
DE40,H1,2026-04-22T03:00:00Z,100.628571,1.3037,74.40,elevated,0,off,0,22.12
DE40,H1,2026-04-22T04:00:00Z,100.342857,1.3042,74.40,elevated,0,off,0,22.25
DE40,H1,2026-04-22T05:00:00Z,97.057143,1.2716,72.82,elevated,0,off,0,22.33
DE40,H1,2026-04-22T06:00:00Z,94.450000,1.2463,70.44,elevated,0,off,0,22.89
DE40,H1,2026-04-22T07:00:00Z,92.664286,1.2315,69.25,normal,0,off,0,22.75
DE40,H1,2026-04-22T08:00:00Z,89.414286,1.1973,67.26,normal,0,off,0,25.61
DE40,H1,2026-04-22T09:00:00Z,85.828571,1.1585,65.28,normal,0,off,0,27.77
DE40,H1,2026-04-22T10:00:00Z,84.907143,1.1547,64.29,normal,0,off,0,28.95
DE40,H1,2026-04-22T11:00:00Z,83.514286,1.1364,62.50,normal,1,low,0,37.67
DE40,H1,2026-04-22T12:00:00Z,85.514286,1.1621,64.88,normal,1,low,0,43.46
DE40,H1,2026-04-22T13:00:00Z,75.621429,1.0274,50.99,normal,1,medium,0,47.95
DE40,H1,2026-04-22T14:00:00Z,69.035714,0.9403,43.06,normal,1,medium,0,60.28
DE40,H1,2026-04-22T15:00:00Z,74.714286,1.0193,50.60,normal,1,medium,0,56.30
DE40,H1,2026-04-22T16:00:00Z,79.692857,1.0861,58.93,normal,1,medium,0,52.47
DE40,H1,2026-04-22T17:00:00Z,83.185714,1.1315,63.69,normal,1,medium,0,52.67
DE40,H1,2026-04-22T18:00:00Z,84.171429,1.1425,65.28,normal,1,medium,0,47.84
DE40,H1,2026-04-22T19:00:00Z,84.528571,1.1400,65.67,normal,1,medium,0,44.98
DE40,H1,2026-04-22T20:00:00Z,85.350000,1.1459,67.26,normal,1,medium,0,54.61
DE40,H1,2026-04-22T21:00:00Z,86.421429,1.1569,69.25,normal,1,medium,0,55.09
DE40,H1,2026-04-22T22:00:00Z,82.457143,1.1021,61.71,normal,1,medium,0,54.54
DE40,H1,2026-04-22T23:00:00Z,83.750000,1.1173,65.28,normal,1,medium,0,55.68
DE40,H1,2026-04-23T01:00:00Z,79.557143,1.0609,58.93,normal,1,medium,0,52.81
DE40,H1,2026-04-23T02:00:00Z,72.914286,0.9733,45.83,normal,1,medium,0,57.26
DE40,H1,2026-04-23T03:00:00Z,85.742857,1.1410,70.04,elevated,1,medium,0,31.71
DE40,H1,2026-04-23T04:00:00Z,87.385714,1.1585,72.42,elevated,1,low,0,34.03
DE40,H1,2026-04-23T05:00:00Z,88.314286,1.1639,73.21,elevated,0,off,1,33.42
DE40,H1,2026-04-23T06:00:00Z,86.421429,1.1314,71.63,elevated,0,off,0,31.77
DE40,H1,2026-04-23T07:00:00Z,83.385714,1.0850,65.67,normal,0,off,0,38.14
DE40,H1,2026-04-23T08:00:00Z,80.885714,1.0464,61.71,normal,0,off,0,40.84
DE40,H1,2026-04-23T09:00:00Z,79.764286,1.0256,60.52,normal,0,off,0,42.39
DE40,H1,2026-04-23T10:00:00Z,88.621429,1.1296,75.20,elevated,0,off,0,41.72
DE40,H1,2026-04-23T11:00:00Z,92.835714,1.1691,78.77,elevated,0,off,0,40.24
DE40,H1,2026-04-23T12:00:00Z,96.264286,1.1946,82.74,elevated,0,off,0,42.09
DE40,H1,2026-04-23T13:00:00Z,97.335714,1.1901,83.93,elevated,0,off,0,47.64
DE40,H1,2026-04-23T14:00:00Z,100.292857,1.2092,85.12,elevated,0,off,0,49.34
DE40,H1,2026-04-23T15:00:00Z,110.514286,1.3120,90.28,extreme,0,off,0,50.57
DE40,H1,2026-04-23T16:00:00Z,116.478571,1.3608,94.25,extreme,0,off,0,52.49
DE40,H1,2026-04-23T17:00:00Z,100.571429,1.1609,85.91,elevated,1,low,0,46.00
DE40,H1,2026-04-23T18:00:00Z,106.178571,1.2099,89.88,elevated,1,low,0,46.06
DE40,H1,2026-04-23T19:00:00Z,104.321429,1.1752,89.09,elevated,1,low,0,44.91
DE40,H1,2026-04-23T20:00:00Z,127.392857,1.4130,97.82,extreme,1,low,0,47.33
DE40,H1,2026-04-23T21:00:00Z,131.000000,1.4331,99.01,extreme,1,low,0,47.03
DE40,H1,2026-04-23T22:00:00Z,130.642857,1.4115,99.01,extreme,1,medium,0,49.00
DE40,H1,2026-04-23T23:00:00Z,130.800000,1.3975,99.40,extreme,1,low,0,46.55
DE40,H1,2026-04-24T01:00:00Z,126.814286,1.3432,97.82,extreme,1,low,0,46.76
DE40,H1,2026-04-24T02:00:00Z,121.650000,1.2802,97.42,extreme,1,low,0,47.55
DE40,H1,2026-04-24T03:00:00Z,119.364286,1.2520,96.23,extreme,1,medium,0,47.49
DE40,H1,2026-04-24T04:00:00Z,117.150000,1.2274,95.04,extreme,1,medium,0,47.74
DE40,H1,2026-04-24T05:00:00Z,114.614286,1.1985,93.45,extreme,1,medium,0,48.65
DE40,H1,2026-04-24T06:00:00Z,106.328571,1.1106,89.88,elevated,1,medium,0,49.82
DE40,H1,2026-04-24T07:00:00Z,104.078571,1.0864,87.90,elevated,1,medium,0,51.04
DE40,H1,2026-04-24T08:00:00Z,104.300000,1.0878,87.90,elevated,1,medium,0,51.34
DE40,H1,2026-04-24T09:00:00Z,94.050000,0.9815,79.17,elevated,1,medium,0,55.51
DE40,H1,2026-04-24T10:00:00Z,96.978571,1.0115,81.55,elevated,1,medium,0,53.13
DE40,H1,2026-04-24T11:00:00Z,82.157143,0.8588,61.71,normal,1,medium,0,64.88
DE40,H1,2026-04-24T12:00:00Z,79.835714,0.8362,59.33,normal,1,medium,0,64.59
DE40,H1,2026-04-24T13:00:00Z,80.085714,0.8398,59.33,normal,1,medium,0,63.23
DE40,H1,2026-04-24T14:00:00Z,95.564286,0.9999,79.96,elevated,1,medium,0,55.84
DE40,H1,2026-04-24T15:00:00Z,100.335714,1.0462,83.93,elevated,1,medium,0,52.31
DE40,H1,2026-04-24T16:00:00Z,102.535714,1.0653,86.31,elevated,1,medium,0,51.35
DE40,H1,2026-04-24T17:00:00Z,103.357143,1.0677,86.71,elevated,1,medium,0,57.30
DE40,H1,2026-04-24T18:00:00Z,110.892857,1.1357,90.67,extreme,1,medium,0,56.25
DE40,H1,2026-04-24T19:00:00Z,109.464286,1.1132,89.88,elevated,1,medium,0,56.58
DE40,H1,2026-04-24T20:00:00Z,110.178571,1.1135,89.88,elevated,1,medium,0,57.13
DE40,H1,2026-04-24T21:00:00Z,107.035714,1.0766,88.69,elevated,1,medium,0,53.39
DE40,H1,2026-04-24T22:00:00Z,104.785714,1.0496,87.10,elevated,1,medium,0,56.21
DE40,H1,2026-04-27T01:00:00Z,110.257143,1.0987,89.88,elevated,1,medium,0,52.91
DE40,H1,2026-04-27T02:00:00Z,105.014286,1.0424,86.71,elevated,1,medium,0,55.59
DE40,H1,2026-04-27T03:00:00Z,95.585714,0.9471,76.79,elevated,1,medium,0,60.30
DE40,H1,2026-04-27T04:00:00Z,95.942857,0.9481,77.18,elevated,1,medium,0,61.41
DE40,H1,2026-04-27T05:00:00Z,94.050000,0.9275,74.21,elevated,1,medium,0,62.11
DE40,H1,2026-04-27T06:00:00Z,76.978571,0.7595,51.79,normal,1,medium,0,71.10
DE40,H1,2026-04-27T07:00:00Z,67.514286,0.6669,40.28,normal,1,medium,0,78.06
DE40,H1,2026-04-27T08:00:00Z,66.800000,0.6623,37.90,normal,1,medium,0,78.74
DE40,H1,2026-04-27T09:00:00Z,63.764286,0.6352,32.74,normal,1,medium,0,77.70
DE40,H1,2026-04-27T10:00:00Z,56.550000,0.5669,23.61,calm,1,medium,0,82.60
DE40,H1,2026-04-27T11:00:00Z,60.764286,0.6123,28.77,calm,1,high,0,84.59
DE40,H1,2026-04-27T12:00:00Z,60.764286,0.6151,28.57,calm,1,medium,0,85.09
DE40,H1,2026-04-27T13:00:00Z,65.192857,0.6620,34.72,normal,1,medium,0,79.87
DE40,H1,2026-04-27T14:00:00Z,66.228571,0.6744,36.31,normal,1,low,0,75.86
DE40,H1,2026-04-27T15:00:00Z,67.578571,0.6911,40.28,normal,1,medium,0,78.85
DE40,H1,2026-04-27T16:00:00Z,74.071429,0.7604,47.02,normal,1,medium,0,74.13
DE40,H1,2026-04-27T17:00:00Z,77.928571,0.8030,51.79,normal,1,low,0,68.53
DE40,H1,2026-04-27T18:00:00Z,79.064286,0.8178,53.77,normal,1,low,0,64.93
DE40,H1,2026-04-27T19:00:00Z,78.064286,0.8112,52.98,normal,1,low,0,65.26
DE40,H1,2026-04-27T20:00:00Z,80.385714,0.8406,56.94,normal,1,low,0,64.06
DE40,H1,2026-04-27T21:00:00Z,79.492857,0.8377,54.96,normal,1,low,0,60.24
DE40,H1,2026-04-27T22:00:00Z,79.778571,0.8445,56.55,normal,1,low,0,59.33
DE40,H1,2026-04-27T23:00:00Z,78.657143,0.8375,53.77,normal,0,off,1,57.24
DE40,H1,2026-04-28T01:00:00Z,77.250000,0.8273,51.79,normal,0,off,0,57.93
DE40,H1,2026-04-28T02:00:00Z,70.335714,0.7625,43.45,normal,0,off,0,59.84
DE40,H1,2026-04-28T03:00:00Z,69.414286,0.7627,43.06,normal,0,off,0,60.07
DE40,H1,2026-04-28T04:00:00Z,66.271429,0.7386,36.71,normal,0,off,0,60.34
DE40,H1,2026-04-28T05:00:00Z,63.985714,0.7239,32.34,normal,0,off,0,59.53
DE40,H1,2026-04-28T06:00:00Z,56.378571,0.6482,22.42,calm,0,off,0,63.56
DE40,H1,2026-04-28T07:00:00Z,50.342857,0.5885,15.28,calm,0,off,0,66.04
DE40,H1,2026-04-28T08:00:00Z,50.128571,0.5956,14.88,calm,0,off,0,65.80
DE40,H1,2026-04-28T09:00:00Z,46.707143,0.5644,11.71,calm,0,off,0,64.28
DE40,H1,2026-04-28T10:00:00Z,53.707143,0.6587,20.04,calm,1,low,0,58.96
DE40,H1,2026-04-28T11:00:00Z,58.707143,0.7285,27.58,calm,1,high,0,61.80
DE40,H1,2026-04-28T12:00:00Z,61.100000,0.7664,31.15,normal,1,high,0,69.16
DE40,H1,2026-04-28T13:00:00Z,60.242857,0.7641,29.56,calm,1,high,0,74.31
DE40,H1,2026-04-28T14:00:00Z,73.078571,0.9318,48.61,normal,1,medium,0,66.17
DE40,H1,2026-04-28T15:00:00Z,81.900000,1.0483,65.28,normal,1,medium,0,55.98
DE40,H1,2026-04-28T16:00:00Z,87.350000,1.1166,74.40,elevated,1,medium,0,52.64
DE40,H1,2026-04-28T17:00:00Z,90.628571,1.1553,75.99,elevated,1,medium,0,44.66
DE40,H1,2026-04-28T18:00:00Z,93.785714,1.1914,77.58,elevated,1,medium,0,42.74
DE40,H1,2026-04-28T19:00:00Z,95.892857,1.2181,79.56,elevated,1,medium,0,43.89
DE40,H1,2026-04-28T20:00:00Z,96.000000,1.2208,79.96,elevated,1,medium,0,45.10
DE40,H1,2026-04-28T21:00:00Z,95.464286,1.2162,77.98,elevated,1,low,0,45.35
DE40,H1,2026-04-28T22:00:00Z,90.285714,1.1540,74.01,elevated,1,low,0,46.87
DE40,H1,2026-04-28T23:00:00Z,88.821429,1.1418,73.21,elevated,1,low,0,46.76
DE40,H1,2026-04-29T01:00:00Z,80.907143,1.0477,63.69,normal,1,low,0,48.97
DE40,H1,2026-04-29T02:00:00Z,73.500000,0.9609,49.40,normal,1,low,0,55.66
DE40,H1,2026-04-29T03:00:00Z,71.114286,0.9386,47.82,normal,1,medium,0,58.09
DE40,H1,2026-04-29T04:00:00Z,71.150000,0.9474,48.21,normal,1,medium,0,60.51
DE40,H1,2026-04-29T05:00:00Z,58.292857,0.7871,26.39,calm,1,medium,0,69.35
DE40,H1,2026-04-29T06:00:00Z,47.235714,0.6479,12.50,calm,1,medium,0,78.03
DE40,H1,2026-04-29T07:00:00Z,43.592857,0.6066,7.74,squeeze,1,medium,0,79.75
DE40,H1,2026-04-29T08:00:00Z,40.342857,0.5702,2.58,squeeze,1,medium,0,79.01
DE40,H1,2026-04-29T09:00:00Z,39.614286,0.5687,1.79,squeeze,1,medium,0,79.47
DE40,H1,2026-04-29T10:00:00Z,42.900000,0.6219,6.94,squeeze,1,high,0,79.80
DE40,H1,2026-04-29T11:00:00Z,47.792857,0.6968,14.48,calm,1,high,0,78.29
DE40,H1,2026-04-29T12:00:00Z,51.828571,0.7590,18.45,calm,1,medium,0,74.26
DE40,H1,2026-04-29T13:00:00Z,57.221429,0.8396,25.99,calm,1,medium,0,70.56
DE40,H1,2026-04-29T14:00:00Z,59.221429,0.8682,29.17,calm,1,medium,0,68.86
DE40,H1,2026-04-29T15:00:00Z,62.635714,0.9178,34.33,normal,1,medium,0,64.76
DE40,H1,2026-04-29T16:00:00Z,73.221429,1.0690,50.20,normal,1,medium,0,53.37
DE40,H1,2026-04-29T17:00:00Z,76.721429,1.1163,54.56,normal,1,medium,0,52.60
DE40,H1,2026-04-29T18:00:00Z,83.514286,1.2091,66.27,normal,1,medium,0,54.36
DE40,H1,2026-04-29T19:00:00Z,87.907143,1.2652,72.02,elevated,1,low,0,48.98
DE40,H1,2026-04-29T20:00:00Z,90.621429,1.2981,74.01,elevated,1,low,0,48.21
DE40,H1,2026-04-29T21:00:00Z,95.871429,1.3663,78.77,elevated,1,low,0,44.47
DE40,H1,2026-04-29T22:00:00Z,96.407143,1.3672,80.36,elevated,1,low,0,45.48
DE40,H1,2026-04-29T23:00:00Z,99.964286,1.4089,81.94,elevated,1,low,0,45.77
DE40,H1,2026-04-30T01:00:00Z,99.750000,1.3982,81.55,elevated,1,low,0,47.03
DE40,H1,2026-04-30T02:00:00Z,94.600000,1.3204,75.99,elevated,1,low,0,47.70
DE40,H1,2026-04-30T03:00:00Z,92.350000,1.2845,72.82,elevated,1,low,0,49.26
DE40,H1,2026-04-30T04:00:00Z,87.850000,1.2188,68.85,normal,1,low,0,50.40
DE40,H1,2026-04-30T05:00:00Z,93.778571,1.2951,74.01,elevated,1,low,0,50.74
DE40,H1,2026-04-30T06:00:00Z,92.278571,1.2667,72.02,elevated,1,low,0,53.13
DE40,H1,2026-04-30T07:00:00Z,90.528571,1.2355,70.44,elevated,1,low,0,50.96
DE40,H1,2026-04-30T08:00:00Z,90.878571,1.2321,71.23,elevated,0,off,1,50.04
DE40,H1,2026-04-30T09:00:00Z,88.085714,1.1864,67.66,normal,0,off,0,45.04
DE40,H1,2026-04-30T10:00:00Z,98.300000,1.3092,80.75,elevated,1,low,0,48.61
DE40,H1,2026-04-30T11:00:00Z,98.014286,1.2891,80.36,elevated,1,low,0,46.63
DE40,H1,2026-04-30T12:00:00Z,100.442857,1.3037,83.13,elevated,1,low,0,47.80
DE40,H1,2026-04-30T13:00:00Z,101.657143,1.3009,84.33,elevated,1,low,0,44.70
DE40,H1,2026-04-30T14:00:00Z,99.100000,1.2537,80.36,elevated,0,off,1,42.04
DE40,H1,2026-04-30T15:00:00Z,97.850000,1.2257,78.77,elevated,0,off,0,34.59
DE40,H1,2026-04-30T16:00:00Z,103.571429,1.2837,85.52,elevated,0,off,0,33.56
DE40,H1,2026-04-30T17:00:00Z,112.142857,1.3723,92.66,extreme,0,off,0,31.04
DE40,H1,2026-04-30T18:00:00Z,116.021429,1.4050,94.64,extreme,0,off,0,24.73
DE40,H1,2026-04-30T19:00:00Z,108.092857,1.3007,89.09,elevated,0,off,0,23.00
DE40,H1,2026-04-30T20:00:00Z,107.628571,1.2888,88.69,elevated,0,off,0,22.18
DE40,H1,2026-04-30T21:00:00Z,99.735714,1.1917,78.37,elevated,0,off,0,22.31
DE40,H1,2026-04-30T22:00:00Z,97.235714,1.1609,75.60,elevated,0,off,0,20.27
DE40,H1,2026-04-30T23:00:00Z,93.742857,1.1198,68.45,normal,0,off,0,17.95
DE40,H1,2026-05-04T03:00:00Z,81.957143,0.9823,52.58,normal,0,off,0,25.29
DE40,H1,2026-05-04T04:00:00Z,80.957143,0.9737,51.79,normal,0,off,0,25.43
DE40,H1,2026-05-04T05:00:00Z,73.528571,0.8879,37.90,normal,0,off,0,29.83
DE40,H1,2026-05-04T06:00:00Z,70.671429,0.8572,34.33,normal,0,off,0,29.95
DE40,H1,2026-05-04T07:00:00Z,66.564286,0.8102,30.75,normal,0,off,0,31.97
DE40,H1,2026-05-04T08:00:00Z,64.350000,0.7850,27.18,calm,0,off,0,33.55
DE40,H1,2026-05-04T09:00:00Z,64.092857,0.7832,26.39,calm,0,off,0,32.89
DE40,H1,2026-05-04T10:00:00Z,61.950000,0.7587,24.80,calm,0,off,0,34.24
DE40,H1,2026-05-04T11:00:00Z,59.535714,0.7289,21.23,calm,0,off,0,46.47
DE40,H1,2026-05-04T12:00:00Z,65.107143,0.7937,27.58,calm,0,off,0,51.91
DE40,H1,2026-05-04T13:00:00Z,86.214286,1.0401,59.33,normal,1,low,0,42.67
DE40,H1,2026-05-04T14:00:00Z,91.678571,1.0925,66.07,normal,1,medium,0,40.64
DE40,H1,2026-05-04T15:00:00Z,93.678571,1.1022,68.06,normal,1,high,0,42.71
DE40,H1,2026-05-04T16:00:00Z,97.028571,1.1272,74.80,elevated,1,medium,0,44.19
DE40,H1,2026-05-04T17:00:00Z,99.992857,1.1477,79.17,elevated,1,medium,0,45.42
DE40,H1,2026-05-04T18:00:00Z,113.321429,1.2826,93.45,extreme,0,off,1,33.07
DE40,H1,2026-05-04T19:00:00Z,119.035714,1.3287,95.83,extreme,0,off,0,25.34
DE40,H1,2026-05-04T20:00:00Z,124.178571,1.3663,97.42,extreme,0,off,0,27.05
DE40,H1,2026-05-04T21:00:00Z,129.535714,1.4046,98.61,extreme,0,off,0,28.22
DE40,H1,2026-05-04T22:00:00Z,128.571429,1.3776,98.21,extreme,0,off,0,27.50
DE40,H1,2026-05-04T23:00:00Z,122.200000,1.2967,96.23,extreme,0,off,0,26.15
DE40,H1,2026-05-05T01:00:00Z,114.292857,1.2049,91.47,extreme,0,off,0,25.71
DE40,H1,2026-05-05T02:00:00Z,110.785714,1.1623,87.90,elevated,0,off,0,25.21
DE40,H1,2026-05-05T03:00:00Z,106.878571,1.1175,84.72,elevated,0,off,0,24.32
DE40,H1,2026-05-05T04:00:00Z,86.200000,0.9031,53.77,normal,0,off,0,35.77
DE40,H1,2026-05-05T05:00:00Z,80.200000,0.8431,43.45,normal,0,off,0,37.45
DE40,H1,2026-05-05T06:00:00Z,77.128571,0.8147,37.10,normal,0,off,0,37.58
DE40,H1,2026-05-05T07:00:00Z,70.985714,0.7544,27.58,calm,0,off,0,37.86
DE40,H1,2026-05-05T08:00:00Z,67.592857,0.7225,24.80,calm,0,off,0,40.16
DE40,H1,2026-05-05T09:00:00Z,57.692857,0.6213,13.29,calm,0,off,0,47.82
DE40,H1,2026-05-05T10:00:00Z,64.835714,0.7017,20.83,calm,0,off,0,49.64
DE40,H1,2026-05-05T11:00:00Z,66.228571,0.7211,22.42,calm,0,off,0,50.44
DE40,H1,2026-05-05T12:00:00Z,63.264286,0.6932,18.45,calm,0,off,0,55.85
DE40,H1,2026-05-05T13:00:00Z,65.442857,0.7210,21.23,calm,0,off,0,48.98
DE40,H1,2026-05-05T14:00:00Z,71.071429,0.7865,27.58,calm,0,off,0,38.16
DE40,H1,2026-05-05T15:00:00Z,75.621429,0.8391,33.53,normal,0,off,0,32.20
DE40,H1,2026-05-05T16:00:00Z,81.700000,0.9099,45.83,normal,0,off,0,26.19
DE40,H1,2026-05-05T17:00:00Z,85.964286,0.9600,52.98,normal,0,off,0,22.05
DE40,H1,2026-05-05T18:00:00Z,91.235714,1.0210,60.91,normal,0,off,0,18.69
DE40,H1,2026-05-05T19:00:00Z,91.842857,1.0300,61.71,normal,0,off,0,17.93
DE40,H1,2026-05-05T20:00:00Z,92.414286,1.0380,62.90,normal,0,off,0,16.31
DE40,H1,2026-05-05T21:00:00Z,93.142857,1.0473,64.09,normal,0,off,0,15.52
DE40,H1,2026-05-05T22:00:00Z,91.428571,1.0308,61.31,normal,0,off,0,17.56
DE40,H1,2026-05-05T23:00:00Z,88.535714,1.0036,57.34,normal,0,off,0,22.06
DE40,H1,2026-05-06T01:00:00Z,80.128571,0.9157,42.66,normal,0,off,0,29.76
DE40,H1,2026-05-06T02:00:00Z,73.828571,0.8504,30.36,normal,0,off,0,33.88
DE40,H1,2026-05-06T03:00:00Z,72.385714,0.8406,27.58,calm,0,off,0,34.50
DE40,H1,2026-05-06T04:00:00Z,70.564286,0.8250,25.60,calm,0,off,0,35.15
DE40,H1,2026-05-06T05:00:00Z,66.850000,0.7872,22.42,calm,0,off,0,38.03
DE40,H1,2026-05-06T06:00:00Z,63.921429,0.7580,17.26,calm,0,off,0,40.97
DE40,H1,2026-05-06T07:00:00Z,61.992857,0.7387,16.07,calm,0,off,0,44.70
DE40,H1,2026-05-06T08:00:00Z,59.171429,0.7087,12.10,calm,0,off,0,52.62
DE40,H1,2026-05-06T09:00:00Z,54.857143,0.6600,8.53,squeeze,0,off,0,53.74
DE40,H1,2026-05-06T10:00:00Z,63.071429,0.7602,17.66,calm,0,off,0,47.24
DE40,H1,2026-05-06T11:00:00Z,82.357143,0.9889,50.20,normal,0,off,0,31.55
DE40,H1,2026-05-06T12:00:00Z,87.628571,1.0463,58.53,normal,0,off,0,25.43
DE40,H1,2026-05-06T13:00:00Z,94.771429,1.1234,71.23,elevated,0,off,0,22.51
DE40,H1,2026-05-06T14:00:00Z,100.664286,1.1824,82.34,elevated,0,off,0,22.21
DE40,H1,2026-05-06T15:00:00Z,107.035714,1.2434,88.69,elevated,0,off,0,22.40
DE40,H1,2026-05-06T16:00:00Z,112.550000,1.2932,92.66,extreme,0,off,0,23.29
DE40,H1,2026-05-06T17:00:00Z,119.564286,1.3633,95.83,extreme,0,off,0,22.38
DE40,H1,2026-05-06T18:00:00Z,121.464286,1.3756,95.83,extreme,0,off,0,22.78
DE40,H1,2026-05-06T19:00:00Z,121.492857,1.3673,95.83,extreme,0,off,0,19.09
DE40,H1,2026-05-06T20:00:00Z,119.742857,1.3408,95.04,extreme,0,off,0,18.58
DE40,H1,2026-05-06T21:00:00Z,116.707143,1.3019,93.06,extreme,0,off,0,19.75
DE40,H1,2026-05-06T22:00:00Z,114.492857,1.2769,91.47,extreme,0,off,0,19.87
DE40,H1,2026-05-06T23:00:00Z,113.514286,1.2675,90.67,extreme,0,off,0,20.57
DE40,H1,2026-05-07T01:00:00Z,105.407143,1.1820,83.53,elevated,0,off,0,19.49
DE40,H1,2026-05-07T02:00:00Z,84.557143,0.9578,48.21,normal,0,off,0,27.13
DE40,H1,2026-05-07T03:00:00Z,79.700000,0.9129,38.69,normal,0,off,0,32.59
DE40,H1,2026-05-07T04:00:00Z,74.842857,0.8667,32.74,normal,0,off,0,37.90
DE40,H1,2026-05-07T05:00:00Z,66.771429,0.7818,22.42,calm,0,off,0,45.77
DE40,H1,2026-05-07T06:00:00Z,54.450000,0.6461,8.13,squeeze,1,medium,0,58.82
DE40,H1,2026-05-07T07:00:00Z,48.414286,0.5825,5.36,squeeze,1,medium,0,72.54
DE40,H1,2026-05-07T08:00:00Z,41.985714,0.5106,1.79,squeeze,1,medium,0,74.59
DE40,H1,2026-05-07T09:00:00Z,41.371429,0.5080,1.79,squeeze,1,medium,0,74.85
DE40,H1,2026-05-07T10:00:00Z,44.985714,0.5567,3.37,squeeze,1,high,0,74.36
DE40,H1,2026-05-07T11:00:00Z,49.771429,0.6192,6.15,squeeze,1,high,0,87.68
DE40,H1,2026-05-07T12:00:00Z,51.771429,0.6466,7.34,squeeze,1,high,0,80.93
DE40,H1,2026-05-07T13:00:00Z,52.950000,0.6621,7.74,squeeze,1,medium,0,78.92
DE40,H1,2026-05-07T14:00:00Z,53.471429,0.6706,7.74,squeeze,1,medium,0,77.59
DE40,H1,2026-05-07T15:00:00Z,57.221429,0.7192,10.32,calm,1,medium,0,77.81
DE40,H1,2026-05-07T16:00:00Z,66.785714,0.8387,22.42,calm,1,low,0,60.36
DE40,H1,2026-05-07T17:00:00Z,70.035714,0.8785,25.60,calm,1,low,0,50.71
DE40,H1,2026-05-07T18:00:00Z,75.692857,0.9483,33.53,normal,0,off,1,31.30
DE40,H1,2026-05-07T19:00:00Z,78.800000,0.9865,36.71,normal,0,off,0,24.04
DE40,H1,2026-05-07T20:00:00Z,87.192857,1.0900,52.58,normal,0,off,0,17.26
DE40,H1,2026-05-07T21:00:00Z,91.942857,1.1477,60.91,normal,0,off,0,16.35
DE40,H1,2026-05-07T22:00:00Z,94.442857,1.1780,65.67,normal,0,off,0,16.93
DE40,H1,2026-05-07T23:00:00Z,95.228571,1.1868,66.87,normal,0,off,0,17.73
DE40,H1,2026-05-08T01:00:00Z,92.542857,1.1533,61.71,normal,0,off,0,17.85
DE40,H1,2026-05-08T02:00:00Z,88.971429,1.1099,56.15,normal,0,off,0,18.33
DE40,H1,2026-05-08T03:00:00Z,89.250000,1.1140,56.55,normal,0,off,0,18.03
DE40,H1,2026-05-08T04:00:00Z,88.142857,1.1003,54.56,normal,0,off,0,16.73
DE40,H1,2026-05-08T05:00:00Z,89.571429,1.1155,57.74,normal,0,off,0,14.89
DE40,H1,2026-05-08T06:00:00Z,85.750000,1.0647,49.40,normal,0,off,0,16.52
DE40,H1,2026-05-08T07:00:00Z,77.928571,0.9663,35.12,normal,0,off,0,22.17
DE40,H1,2026-05-08T08:00:00Z,74.321429,0.9207,31.15,normal,0,off,0,24.69
DE40,H1,2026-05-08T09:00:00Z,69.000000,0.8543,24.01,calm,0,off,0,27.44
DE40,H1,2026-05-08T10:00:00Z,70.071429,0.8663,25.60,calm,0,off,0,25.63
DE40,H1,2026-05-08T11:00:00Z,66.750000,0.8242,21.23,calm,0,off,0,28.19
DE40,H1,2026-05-08T12:00:00Z,67.142857,0.8275,23.21,calm,0,off,0,27.10
DE40,H1,2026-05-08T13:00:00Z,65.857143,0.8094,19.64,calm,0,off,0,37.83
DE40,H1,2026-05-08T14:00:00Z,66.928571,0.8218,23.61,calm,1,medium,0,43.82
DE40,H1,2026-05-08T15:00:00Z,69.828571,0.8601,26.79,calm,1,medium,0,55.10
DE40,H1,2026-05-08T16:00:00Z,73.364286,0.9068,31.94,normal,1,high,0,52.91
DE40,H1,2026-05-08T17:00:00Z,79.907143,0.9913,42.26,normal,1,medium,0,56.66
DE40,H1,2026-05-08T18:00:00Z,83.050000,1.0348,47.42,normal,1,medium,0,59.83
DE40,H1,2026-05-08T19:00:00Z,81.407143,1.0209,45.04,normal,1,medium,0,60.08
DE40,H1,2026-05-08T20:00:00Z,81.585714,1.0311,45.44,normal,1,medium,0,58.58
DE40,H1,2026-05-08T21:00:00Z,83.264286,1.0621,48.61,normal,1,low,0,53.25
DE40,H1,2026-05-08T22:00:00Z,87.142857,1.1214,53.37,normal,1,medium,0,48.60
DE40,H1,2026-05-11T01:00:00Z,91.521429,1.1869,62.10,normal,1,low,0,48.43
DE40,H1,2026-05-11T02:00:00Z,87.535714,1.1448,54.17,normal,1,low,0,46.48
DE40,H1,2026-05-11T03:00:00Z,89.164286,1.1745,58.13,normal,1,low,0,45.74
DE40,H1,2026-05-11T04:00:00Z,85.021429,1.1287,49.40,normal,1,low,0,44.52
DE40,H1,2026-05-11T05:00:00Z,81.700000,1.0939,45.04,normal,1,low,0,43.51
DE40,H1,2026-05-11T06:00:00Z,79.521429,1.0721,39.48,normal,1,low,0,46.57
DE40,H1,2026-05-11T07:00:00Z,75.271429,1.0174,34.33,normal,1,low,0,50.46
DE40,H1,2026-05-11T08:00:00Z,70.878571,0.9603,28.77,calm,1,low,0,53.53
DE40,H1,2026-05-11T09:00:00Z,62.878571,0.8547,15.28,calm,1,low,0,60.37
DE40,H1,2026-05-11T10:00:00Z,62.664286,0.8527,15.28,calm,1,low,0,60.90
DE40,H1,2026-05-11T11:00:00Z,65.735714,0.8918,20.44,calm,1,medium,0,58.31
DE40,H1,2026-05-11T12:00:00Z,68.950000,0.9302,26.79,calm,1,medium,0,58.11
DE40,H1,2026-05-11T13:00:00Z,67.128571,0.8995,25.20,calm,1,medium,0,57.88
DE40,H1,2026-05-11T14:00:00Z,67.750000,0.9015,27.18,calm,1,high,0,58.95
DE40,H1,2026-05-11T15:00:00Z,63.642857,0.8426,16.87,calm,1,medium,0,67.43
DE40,H1,2026-05-11T16:00:00Z,67.307143,0.8870,26.39,calm,1,medium,0,66.47
DE40,H1,2026-05-11T17:00:00Z,63.621429,0.8358,16.87,calm,1,high,0,68.82
DE40,H1,2026-05-11T18:00:00Z,65.514286,0.8579,21.23,calm,1,high,0,68.88
DE40,H1,2026-05-11T19:00:00Z,69.335714,0.9042,29.96,calm,1,high,0,68.06
DE40,H1,2026-05-11T20:00:00Z,68.550000,0.8913,29.17,calm,1,high,0,68.79
DE40,H1,2026-05-11T21:00:00Z,68.407143,0.8890,29.17,calm,1,high,0,69.50
DE40,H1,2026-05-11T22:00:00Z,69.192857,0.8995,30.75,normal,1,high,0,69.29
DE40,H1,2026-05-11T23:00:00Z,68.307143,0.8897,29.17,calm,1,high,0,69.33
DE40,H1,2026-05-12T01:00:00Z,64.521429,0.8435,19.64,calm,1,high,0,73.03
DE40,H1,2026-05-12T02:00:00Z,59.014286,0.7772,11.31,calm,1,high,0,76.75
DE40,H1,2026-05-12T03:00:00Z,57.385714,0.7627,10.12,calm,1,high,0,77.69
DE40,H1,2026-05-12T04:00:00Z,67.350000,0.9016,28.77,calm,1,medium,0,52.64
DE40,H1,2026-05-12T05:00:00Z,65.600000,0.8852,22.82,calm,1,medium,0,55.07
DE40,H1,2026-05-12T06:00:00Z,63.885714,0.8688,18.85,calm,1,medium,0,56.35
DE40,H1,2026-05-12T07:00:00Z,60.992857,0.8358,14.48,calm,1,low,0,57.51
DE40,H1,2026-05-12T08:00:00Z,59.764286,0.8257,13.29,calm,1,low,0,58.14
DE40,H1,2026-05-12T09:00:00Z,63.685714,0.8858,19.25,calm,0,off,1,54.83
DE40,H1,2026-05-12T10:00:00Z,71.435714,0.9987,40.28,normal,1,low,0,46.15
DE40,H1,2026-05-12T11:00:00Z,73.864286,1.0361,43.45,normal,0,off,1,44.13
DE40,H1,2026-05-12T12:00:00Z,79.542857,1.1152,50.99,normal,0,off,0,40.41
DE40,H1,2026-05-12T13:00:00Z,79.828571,1.1175,52.18,normal,0,off,0,38.64
DE40,H1,2026-05-12T14:00:00Z,83.321429,1.1617,59.33,normal,0,off,0,38.95
DE40,H1,2026-05-12T15:00:00Z,89.357143,1.2392,67.66,normal,0,off,0,43.31
DE40,H1,2026-05-12T16:00:00Z,97.228571,1.3371,81.55,elevated,0,off,0,45.11
DE40,H1,2026-05-12T17:00:00Z,100.035714,1.3633,85.12,elevated,0,off,0,44.42
DE40,H1,2026-05-12T18:00:00Z,91.385714,1.2369,70.44,elevated,0,off,0,38.53
DE40,H1,2026-05-12T19:00:00Z,89.707143,1.2067,68.06,normal,0,off,0,38.03
DE40,H1,2026-05-12T20:00:00Z,89.778571,1.2012,68.45,normal,0,off,0,38.97
DE40,H1,2026-05-12T21:00:00Z,90.350000,1.2034,69.25,normal,0,off,0,41.67
DE40,H1,2026-05-12T22:00:00Z,90.028571,1.1959,68.85,normal,1,low,0,44.38
DE40,H1,2026-05-12T23:00:00Z,84.207143,1.1182,59.33,normal,1,low,0,49.87
DE40,H1,2026-05-13T01:00:00Z,73.364286,0.9763,42.06,normal,1,low,0,59.03
DE40,H1,2026-05-13T02:00:00Z,71.535714,0.9545,40.67,normal,1,low,0,61.28
DE40,H1,2026-05-13T03:00:00Z,68.100000,0.9124,32.74,normal,1,low,0,63.90
DE40,H1,2026-05-13T04:00:00Z,67.885714,0.9142,32.74,normal,1,medium,0,63.02
DE40,H1,2026-05-13T05:00:00Z,63.992857,0.8682,21.23,calm,1,medium,0,65.31
DE40,H1,2026-05-13T06:00:00Z,59.350000,0.8114,12.90,calm,1,medium,0,67.62
DE40,H1,2026-05-13T07:00:00Z,53.521429,0.7390,7.34,squeeze,1,low,0,69.17
DE40,H1,2026-05-13T08:00:00Z,50.557143,0.7047,5.75,squeeze,1,low,0,70.41
DE40,H1,2026-05-13T09:00:00Z,50.171429,0.7056,5.36,squeeze,1,low,0,73.28
DE40,H1,2026-05-13T10:00:00Z,54.778571,0.7758,9.33,squeeze,1,low,0,67.58
DE40,H1,2026-05-13T11:00:00Z,58.528571,0.8328,12.90,calm,1,low,0,61.50
DE40,H1,2026-05-13T12:00:00Z,61.635714,0.8793,17.66,calm,1,low,0,57.59
DE40,H1,2026-05-13T13:00:00Z,64.635714,0.9217,24.40,calm,1,low,0,52.90
DE40,H1,2026-05-13T14:00:00Z,67.142857,0.9562,31.55,normal,0,off,1,49.79
DE40,H1,2026-05-13T15:00:00Z,77.914286,1.1058,50.20,normal,1,low,0,48.65
DE40,H1,2026-05-13T16:00:00Z,77.707143,1.1001,49.80,normal,1,low,0,51.60
DE40,H1,2026-05-13T17:00:00Z,77.928571,1.0999,50.40,normal,1,medium,0,51.38
DE40,H1,2026-05-13T18:00:00Z,80.035714,1.1257,55.36,normal,1,medium,0,52.43
DE40,H1,2026-05-13T19:00:00Z,83.871429,1.1730,61.71,normal,1,medium,0,53.96
DE40,H1,2026-05-13T20:00:00Z,81.871429,1.1404,58.53,normal,1,medium,0,50.28
DE40,H1,2026-05-13T21:00:00Z,81.657143,1.1317,57.34,normal,1,low,0,50.75
DE40,H1,2026-05-13T22:00:00Z,79.942857,1.1035,54.17,normal,1,medium,0,50.09
DE40,H1,2026-05-13T23:00:00Z,78.750000,1.0842,50.99,normal,1,low,0,53.41
DE40,H1,2026-05-14T01:00:00Z,72.042857,0.9909,42.26,normal,1,low,0,56.83
DE40,H1,2026-05-14T02:00:00Z,65.514286,0.9019,25.99,calm,1,low,0,60.78
DE40,H1,2026-05-14T03:00:00Z,61.514286,0.8486,16.87,calm,1,low,0,62.68
DE40,H1,2026-05-14T04:00:00Z,60.478571,0.8361,16.07,calm,1,low,0,62.86
DE40,H1,2026-05-14T05:00:00Z,56.942857,0.7889,10.52,calm,1,low,0,65.10
DE40,H1,2026-05-14T06:00:00Z,45.871429,0.6378,2.98,squeeze,1,low,0,73.99
DE40,H1,2026-05-14T07:00:00Z,45.157143,0.6300,2.98,squeeze,0,off,1,72.10
DE40,H1,2026-05-14T08:00:00Z,44.335714,0.6226,2.58,squeeze,0,off,0,69.77
DE40,H1,2026-05-14T09:00:00Z,45.771429,0.6463,3.77,squeeze,0,off,0,63.93
DE40,H1,2026-05-14T10:00:00Z,46.542857,0.6605,4.56,squeeze,0,off,0,54.36
DE40,H1,2026-05-14T11:00:00Z,52.935714,0.7529,8.13,squeeze,0,off,0,45.92
DE40,H1,2026-05-14T12:00:00Z,55.614286,0.7919,10.91,calm,0,off,0,42.07
DE40,H1,2026-05-14T13:00:00Z,58.507143,0.8343,13.69,calm,0,off,0,38.89
DE40,H1,2026-05-14T14:00:00Z,60.057143,0.8592,16.87,calm,0,off,0,36.51
DE40,H1,2026-05-14T15:00:00Z,64.050000,0.9189,24.01,calm,0,off,0,32.63
DE40,H1,2026-05-14T16:00:00Z,69.364286,0.9981,38.29,normal,0,off,0,40.22
DE40,H1,2026-05-14T17:00:00Z,75.714286,1.0908,49.01,normal,0,off,0,38.20
DE40,H1,2026-05-14T18:00:00Z,75.071429,1.0841,47.82,normal,0,off,0,40.28
DE40,H1,2026-05-14T19:00:00Z,78.892857,1.1427,52.98,normal,0,off,0,41.33
DE40,H1,2026-05-14T20:00:00Z,83.000000,1.2072,60.91,normal,0,off,0,39.87
DE40,H1,2026-05-14T21:00:00Z,84.928571,1.2407,64.09,normal,0,off,0,40.97
DE40,H1,2026-05-14T22:00:00Z,83.714286,1.2257,62.90,normal,0,off,0,41.75
DE40,H1,2026-05-14T23:00:00Z,79.442857,1.1667,53.37,normal,0,off,0,43.06
DE40,H1,2026-05-15T01:00:00Z,75.092857,1.1076,48.21,normal,0,off,0,43.03
DE40,H1,2026-05-15T02:00:00Z,69.142857,1.0262,37.50,normal,0,off,0,46.80
DE40,H1,2026-05-15T03:00:00Z,68.964286,1.0300,37.10,normal,1,low,0,47.91
DE40,H1,2026-05-15T04:00:00Z,73.035714,1.0945,45.04,normal,0,off,1,42.61
DE40,H1,2026-05-15T05:00:00Z,74.607143,1.1176,47.82,normal,0,off,0,40.13
DE40,H1,2026-05-15T06:00:00Z,73.892857,1.1061,47.02,normal,0,off,0,37.98
DE40,H1,2026-05-15T07:00:00Z,71.035714,1.0624,41.87,normal,0,off,0,40.35
DE40,H1,2026-05-15T08:00:00Z,66.757143,0.9988,29.56,calm,0,off,0,38.01
DE40,H1,2026-05-15T09:00:00Z,69.907143,1.0440,39.09,normal,0,off,0,35.99
DE40,H1,2026-05-15T10:00:00Z,71.985714,1.0710,43.06,normal,0,off,0,35.66
DE40,H1,2026-05-15T11:00:00Z,80.271429,1.1849,58.13,normal,0,off,0,31.69
DE40,H1,2026-05-15T12:00:00Z,80.771429,1.1817,58.13,normal,0,off,0,32.04
DE40,H1,2026-05-15T13:00:00Z,87.807143,1.2707,69.25,normal,0,off,0,34.01
DE40,H1,2026-05-15T14:00:00Z,96.642857,1.3818,84.33,elevated,0,off,0,35.02
DE40,H1,2026-05-15T15:00:00Z,99.992857,1.4129,88.29,elevated,0,off,0,33.49
DE40,H1,2026-05-15T16:00:00Z,104.942857,1.4650,90.67,extreme,0,off,0,37.96
DE40,H1,2026-05-15T17:00:00Z,107.371429,1.4812,91.87,extreme,0,off,0,38.19
DE40,H1,2026-05-15T18:00:00Z,108.307143,1.4773,92.66,extreme,0,off,0,33.39
DE40,H1,2026-05-15T19:00:00Z,105.450000,1.4276,90.28,extreme,0,off,0,33.59
DE40,H1,2026-05-15T20:00:00Z,104.557143,1.4053,89.09,elevated,0,off,0,34.20
DE40,H1,2026-05-15T21:00:00Z,105.378571,1.4060,89.48,elevated,0,off,0,35.04
DE40,H1,2026-05-15T22:00:00Z,103.342857,1.3703,87.90,elevated,0,off,0,36.05
DE40,H1,2026-05-18T01:00:00Z,99.028571,1.3078,83.53,elevated,0,off,0,40.75
DE40,H1,2026-05-18T02:00:00Z,99.492857,1.3079,83.93,elevated,0,off,0,32.13
DE40,H1,2026-05-18T03:00:00Z,94.471429,1.2377,79.17,elevated,0,off,0,28.21
DE40,H1,2026-05-18T04:00:00Z,98.721429,1.2870,83.53,elevated,0,off,0,28.71
DE40,H1,2026-05-18T05:00:00Z,93.757143,1.2176,78.37,elevated,0,off,0,28.26
DE40,H1,2026-05-18T06:00:00Z,86.435714,1.1183,64.88,normal,0,off,0,27.06
DE40,H1,2026-05-18T07:00:00Z,86.150000,1.1087,64.09,normal,0,off,0,25.91
DE40,H1,2026-05-18T08:00:00Z,84.257143,1.0780,62.10,normal,0,off,0,33.53
DE40,H1,2026-05-18T09:00:00Z,85.578571,1.0879,63.69,normal,0,off,0,30.48
DE40,H1,2026-05-18T10:00:00Z,85.142857,1.0747,63.69,normal,0,off,0,33.39
DE40,H1,2026-05-18T11:00:00Z,91.250000,1.1387,74.01,elevated,0,off,0,33.44
DE40,H1,2026-05-18T12:00:00Z,90.928571,1.1219,73.21,elevated,0,off,0,45.46
DE40,H1,2026-05-18T13:00:00Z,92.357143,1.1262,76.79,elevated,0,off,0,45.53
DE40,H1,2026-05-18T14:00:00Z,112.392857,1.3486,93.45,extreme,0,off,0,29.99
DE40,H1,2026-05-18T15:00:00Z,127.485714,1.5005,99.01,extreme,0,off,0,23.73
DE40,H1,2026-05-18T16:00:00Z,127.907143,1.4794,99.01,extreme,0,off,0,22.87
DE40,H1,2026-05-18T17:00:00Z,127.321429,1.4486,98.21,extreme,0,off,0,21.97
DE40,H1,2026-05-18T18:00:00Z,125.964286,1.4115,97.82,extreme,0,off,0,21.20
DE40,H1,2026-05-18T19:00:00Z,127.678571,1.4093,98.61,extreme,0,off,0,20.89
DE40,H1,2026-05-18T20:00:00Z,128.642857,1.4000,99.40,extreme,0,off,0,19.24
DE40,H1,2026-05-18T21:00:00Z,133.392857,1.4318,99.80,extreme,0,off,0,20.89
DE40,H1,2026-05-18T22:00:00Z,145.192857,1.5355,99.80,extreme,0,off,0,23.44
DE40,H1,2026-05-18T23:00:00Z,138.292857,1.4432,99.40,extreme,0,off,0,20.83
DE40,H1,2026-05-19T01:00:00Z,132.878571,1.3713,98.61,extreme,0,off,0,17.75
DE40,H1,2026-05-19T02:00:00Z,126.728571,1.2961,95.44,extreme,0,off,0,14.65
DE40,H1,2026-05-19T03:00:00Z,129.657143,1.3140,98.21,extreme,0,off,0,16.81
DE40,H1,2026-05-19T04:00:00Z,129.550000,1.3009,97.82,extreme,0,off,0,16.64
DE40,H1,2026-05-19T05:00:00Z,110.728571,1.1049,87.90,elevated,0,off,0,16.56
DE40,H1,2026-05-19T06:00:00Z,97.728571,0.9708,80.75,elevated,0,off,0,32.79
DE40,H1,2026-05-19T07:00:00Z,94.407143,0.9331,77.58,elevated,0,off,0,42.42
DE40,H1,2026-05-19T08:00:00Z,90.942857,0.8950,71.63,elevated,0,off,0,47.22
DE40,H1,2026-05-19T09:00:00Z,89.764286,0.8805,69.64,normal,1,low,0,48.92
DE40,H1,2026-05-19T10:00:00Z,106.442857,1.0376,85.91,elevated,1,low,0,41.05
DE40,H1,2026-05-19T11:00:00Z,110.121429,1.0660,87.50,elevated,1,low,0,48.02
DE40,H1,2026-05-19T12:00:00Z,106.692857,1.0257,85.52,elevated,0,off,1,49.19
DE40,H1,2026-05-19T13:00:00Z,96.821429,0.9255,78.37,elevated,0,off,0,51.01
DE40,H1,2026-05-19T14:00:00Z,102.471429,0.9734,82.34,elevated,0,off,0,48.21
DE40,H1,2026-05-19T15:00:00Z,104.350000,0.9852,82.74,elevated,0,off,0,42.81
DE40,H1,2026-05-19T16:00:00Z,114.714286,1.0760,90.67,extreme,0,off,0,35.98
DE40,H1,2026-05-19T17:00:00Z,122.035714,1.1359,93.06,extreme,0,off,0,37.61
DE40,H1,2026-05-19T18:00:00Z,124.192857,1.1482,93.85,extreme,0,off,0,37.56
DE40,H1,2026-05-19T19:00:00Z,125.407143,1.1533,93.85,extreme,0,off,0,36.42
DE40,H1,2026-05-19T20:00:00Z,122.514286,1.1221,92.66,extreme,0,off,0,36.35
DE40,H1,2026-05-19T21:00:00Z,122.621429,1.1194,93.06,extreme,0,off,0,38.53
DE40,H1,2026-05-19T22:00:00Z,123.264286,1.1220,93.45,extreme,0,off,0,40.73
DE40,H1,2026-05-19T23:00:00Z,117.707143,1.0696,90.28,extreme,0,off,0,41.56
DE40,H1,2026-05-20T01:00:00Z,97.192857,0.8845,77.58,elevated,0,off,0,50.90
DE40,H1,2026-05-20T02:00:00Z,93.778571,0.8551,74.80,elevated,0,off,0,53.62
DE40,H1,2026-05-20T03:00:00Z,97.107143,0.8868,77.98,elevated,0,off,0,51.21
DE40,H1,2026-05-20T04:00:00Z,97.785714,0.8939,79.56,elevated,0,off,0,51.67
DE40,H1,2026-05-20T05:00:00Z,98.500000,0.9005,79.56,elevated,0,off,0,51.38
DE40,H1,2026-05-20T06:00:00Z,99.000000,0.9052,79.96,elevated,0,off,0,48.49
DE40,H1,2026-05-20T07:00:00Z,89.678571,0.8207,66.07,normal,0,off,0,47.94
DE40,H1,2026-05-20T08:00:00Z,80.178571,0.7362,50.60,normal,0,off,0,51.49
DE40,H1,2026-05-20T09:00:00Z,78.385714,0.7218,45.44,normal,0,off,0,54.08
DE40,H1,2026-05-20T10:00:00Z,80.850000,0.7453,51.39,normal,0,off,0,54.76
DE40,H1,2026-05-20T11:00:00Z,91.100000,0.8390,68.85,normal,1,low,0,54.65
DE40,H1,2026-05-20T12:00:00Z,90.314286,0.8308,67.26,normal,1,low,0,58.03
DE40,H1,2026-05-20T13:00:00Z,91.635714,0.8421,70.83,elevated,1,low,0,58.98
DE40,H1,2026-05-20T14:00:00Z,93.942857,0.8619,74.01,elevated,1,low,0,55.97
DE40,H1,2026-05-20T15:00:00Z,97.564286,0.8940,77.98,elevated,0,off,1,54.57
DE40,H1,2026-05-20T16:00:00Z,99.835714,0.9134,80.75,elevated,0,off,0,54.30
DE40,H1,2026-05-20T17:00:00Z,109.614286,0.9997,87.10,elevated,0,off,0,40.85
DE40,H1,2026-05-20T18:00:00Z,117.928571,1.0744,90.67,extreme,0,off,0,22.01
DE40,H1,2026-05-20T19:00:00Z,114.535714,1.0460,89.09,elevated,0,off,0,22.50
DE40,H1,2026-05-20T20:00:00Z,112.071429,1.0264,87.10,elevated,0,off,0,23.25
DE40,H1,2026-05-20T21:00:00Z,110.392857,1.0142,86.31,elevated,0,off,0,22.74
DE40,H1,2026-05-20T22:00:00Z,109.285714,1.0071,85.12,elevated,0,off,0,22.83
DE40,H1,2026-05-20T23:00:00Z,107.914286,0.9981,84.33,elevated,0,off,0,23.48
DE40,H1,2026-05-21T01:00:00Z,107.285714,0.9962,83.53,elevated,0,off,0,24.72
DE40,H1,2026-05-21T02:00:00Z,97.321429,0.9098,74.01,elevated,0,off,0,30.70
DE40,H1,2026-05-21T03:00:00Z,97.392857,0.9187,74.01,elevated,0,off,0,29.20
DE40,H1,2026-05-21T04:00:00Z,93.357143,0.8882,68.06,normal,0,off,0,31.48
DE40,H1,2026-05-21T05:00:00Z,94.000000,0.9009,69.25,normal,0,off,0,33.93
DE40,H1,2026-05-21T06:00:00Z,91.357143,0.8816,64.88,normal,0,off,0,34.60
DE40,H1,2026-05-21T07:00:00Z,87.000000,0.8465,55.75,normal,0,off,0,36.72
DE40,H1,2026-05-21T08:00:00Z,77.000000,0.7569,38.69,normal,0,off,0,55.34
DE40,H1,2026-05-21T09:00:00Z,66.578571,0.6602,20.04,calm,0,off,0,65.36
DE40,H1,2026-05-21T10:00:00Z,71.292857,0.7107,31.55,normal,1,low,0,63.21
DE40,H1,2026-05-21T11:00:00Z,77.685714,0.7770,38.69,normal,1,low,0,62.01
DE40,H1,2026-05-21T12:00:00Z,83.078571,0.8323,49.80,normal,1,medium,0,58.57
DE40,H1,2026-05-21T13:00:00Z,105.207143,1.0507,80.75,elevated,1,medium,0,53.26
DE40,H1,2026-05-21T14:00:00Z,107.642857,1.0748,83.93,elevated,1,medium,0,54.72
DE40,H1,2026-05-21T15:00:00Z,106.592857,1.0650,81.94,elevated,1,low,0,52.79
DE40,H1,2026-05-21T16:00:00Z,116.557143,1.1623,89.48,elevated,1,medium,0,53.72
DE40,H1,2026-05-21T17:00:00Z,119.164286,1.1830,90.67,extreme,1,medium,0,54.28
DE40,H1,2026-05-21T18:00:00Z,124.035714,1.2261,93.85,extreme,1,medium,0,54.22
DE40,H1,2026-05-21T19:00:00Z,122.728571,1.2088,93.06,extreme,1,medium,0,54.31
DE40,H1,2026-05-21T20:00:00Z,138.085714,1.3539,99.01,extreme,1,medium,0,55.15
DE40,H1,2026-05-21T21:00:00Z,144.300000,1.4086,99.40,extreme,1,medium,0,54.71
DE40,H1,2026-05-21T22:00:00Z,140.335714,1.3656,99.01,extreme,1,medium,0,53.72
DE40,H1,2026-05-21T23:00:00Z,136.092857,1.3216,97.82,extreme,1,low,0,53.11
DE40,H1,2026-05-22T01:00:00Z,129.114286,1.2522,95.83,extreme,1,low,0,53.39
DE40,H1,2026-05-22T02:00:00Z,120.957143,1.1735,89.48,elevated,1,low,0,53.62
DE40,H1,2026-05-22T03:00:00Z,118.164286,1.1475,88.69,elevated,1,low,0,52.15
DE40,H1,2026-05-22T04:00:00Z,95.857143,0.9349,70.04,elevated,1,low,0,61.04
DE40,H1,2026-05-22T05:00:00Z,92.214286,0.9002,65.28,normal,0,off,1,61.21
DE40,H1,2026-05-22T06:00:00Z,89.571429,0.8751,58.13,normal,0,off,0,60.91
DE40,H1,2026-05-22T07:00:00Z,81.285714,0.7966,45.44,normal,0,off,0,62.87
DE40,H1,2026-05-22T08:00:00Z,79.821429,0.7851,41.87,normal,0,off,0,61.47
DE40,H1,2026-05-22T09:00:00Z,76.700000,0.7576,36.31,normal,0,off,0,60.91
DE40,H1,2026-05-22T10:00:00Z,84.257143,0.8347,50.60,normal,0,off,0,52.64
DE40,H1,2026-05-22T11:00:00Z,73.685714,0.7323,31.94,normal,0,off,0,58.55
DE40,H1,2026-05-22T12:00:00Z,69.650000,0.6936,25.99,calm,1,low,0,60.67
DE40,H1,2026-05-22T13:00:00Z,67.685714,0.6755,20.44,calm,1,low,0,66.44
DE40,H1,2026-05-22T14:00:00Z,73.535714,0.7350,31.55,normal,1,low,0,63.16
DE40,H1,2026-05-22T15:00:00Z,81.192857,0.8131,44.64,normal,1,low,0,62.77
DE40,H1,2026-05-22T16:00:00Z,83.635714,0.8387,49.01,normal,1,medium,0,63.62
DE40,H1,2026-05-22T17:00:00Z,85.071429,0.8542,51.79,normal,1,medium,0,60.18
DE40,H1,2026-05-22T18:00:00Z,88.607143,0.8907,56.15,normal,1,medium,0,57.03
DE40,H1,2026-05-22T19:00:00Z,87.392857,0.8803,54.56,normal,1,medium,0,59.81
DE40,H1,2026-05-22T20:00:00Z,93.500000,0.9430,66.47,normal,1,medium,0,57.60
DE40,H1,2026-05-22T21:00:00Z,92.785714,0.9390,65.67,normal,1,medium,0,59.00
DE40,H1,2026-05-22T22:00:00Z,90.250000,0.9184,60.12,normal,1,medium,0,61.48
DE40,H1,2026-05-25T01:00:00Z,99.107143,1.0118,75.60,elevated,1,medium,0,57.44
DE40,H1,2026-05-25T02:00:00Z,90.714286,0.9301,61.31,normal,1,low,0,58.70
DE40,H1,2026-05-25T03:00:00Z,89.135714,0.9179,56.15,normal,1,low,0,52.86
DE40,H1,2026-05-25T04:00:00Z,89.278571,0.9232,56.94,normal,0,off,1,50.50
DE40,H1,2026-05-25T05:00:00Z,88.135714,0.9151,54.96,normal,0,off,0,49.10
DE40,H1,2026-05-25T06:00:00Z,84.921429,0.8859,49.80,normal,0,off,0,46.16
DE40,H1,2026-05-25T07:00:00Z,78.564286,0.8228,37.10,normal,0,off,0,46.65
DE40,H1,2026-05-25T08:00:00Z,79.100000,0.8316,38.29,normal,0,off,0,38.71
DE40,H1,2026-05-25T09:00:00Z,77.207143,0.8144,34.72,normal,0,off,0,41.24
DE40,H1,2026-05-25T10:00:00Z,81.957143,0.8668,45.83,normal,0,off,0,43.18
DE40,H1,2026-05-25T11:00:00Z,83.421429,0.8837,47.82,normal,0,off,0,40.48
DE40,H1,2026-05-25T12:00:00Z,79.242857,0.8408,37.50,normal,0,off,0,45.29
DE40,H1,2026-05-25T13:00:00Z,79.385714,0.8419,37.50,normal,0,off,0,41.62
DE40,H1,2026-05-25T14:00:00Z,80.528571,0.8515,41.47,normal,0,off,0,36.76
DE40,H1,2026-05-25T15:00:00Z,71.242857,0.7534,24.80,calm,0,off,0,39.67
DE40,H1,2026-05-25T16:00:00Z,73.657143,0.7795,28.37,calm,0,off,0,37.08
DE40,H1,2026-05-25T17:00:00Z,70.928571,0.7526,23.61,calm,0,off,0,39.56
DE40,H1,2026-05-25T18:00:00Z,72.428571,0.7739,26.79,calm,0,off,0,41.60
DE40,H1,2026-05-25T19:00:00Z,71.857143,0.7737,25.99,calm,0,off,0,41.18
DE40,H1,2026-05-25T20:00:00Z,69.785714,0.7574,22.82,calm,0,off,0,44.02
DE40,H1,2026-05-25T21:00:00Z,66.892857,0.7339,15.67,calm,0,off,0,43.71
DE40,H1,2026-05-25T22:00:00Z,62.714286,0.6967,9.72,squeeze,0,off,0,45.03
DE40,H1,2026-05-26T01:00:00Z,62.164286,0.7002,9.33,squeeze,0,off,0,47.25
DE40,H1,2026-05-26T02:00:00Z,53.942857,0.6172,3.77,squeeze,0,off,0,52.52
DE40,H1,2026-05-26T03:00:00Z,55.814286,0.6509,4.96,squeeze,0,off,0,55.25
DE40,H1,2026-05-26T04:00:00Z,54.742857,0.6520,4.17,squeeze,0,off,0,54.73
DE40,H1,2026-05-26T05:00:00Z,53.635714,0.6523,3.77,squeeze,0,off,0,51.51
DE40,H1,2026-05-26T06:00:00Z,52.028571,0.6459,2.98,squeeze,0,off,0,51.04
DE40,H1,2026-05-26T07:00:00Z,50.242857,0.6362,2.58,squeeze,0,off,0,51.64
DE40,H1,2026-05-26T08:00:00Z,47.542857,0.6134,2.18,squeeze,0,off,0,62.67
DE40,H1,2026-05-26T09:00:00Z,48.778571,0.6408,2.58,squeeze,1,low,0,67.09
DE40,H1,2026-05-26T10:00:00Z,50.757143,0.6748,4.17,squeeze,1,low,0,74.62
DE40,H1,2026-05-26T11:00:00Z,56.328571,0.7561,8.13,squeeze,1,low,0,65.52
DE40,H1,2026-05-26T12:00:00Z,59.242857,0.8018,10.52,calm,1,low,0,59.72
DE40,H1,2026-05-26T13:00:00Z,65.385714,0.8887,17.66,calm,1,low,0,56.67
DE40,H1,2026-05-26T14:00:00Z,69.671429,0.9496,27.18,calm,1,low,0,53.49
DE40,H1,2026-05-26T15:00:00Z,70.007143,0.9559,27.98,calm,1,low,0,52.10
DE40,H1,2026-05-26T16:00:00Z,72.085714,0.9876,31.55,normal,1,low,0,53.63
DE40,H1,2026-05-26T17:00:00Z,71.650000,0.9822,29.96,calm,1,low,0,54.77
DE40,H1,2026-05-26T18:00:00Z,73.235714,1.0029,32.34,normal,1,low,0,56.21
DE40,H1,2026-05-26T19:00:00Z,73.378571,1.0033,32.74,normal,1,low,0,55.01
DE40,H1,2026-05-26T20:00:00Z,71.671429,0.9805,29.17,calm,1,low,0,55.06
DE40,H1,2026-05-26T21:00:00Z,71.100000,0.9753,26.79,calm,1,low,0,55.81
DE40,H1,2026-05-26T22:00:00Z,72.528571,0.9980,31.15,normal,1,low,0,53.99
DE40,H1,2026-05-26T23:00:00Z,68.171429,0.9424,21.23,calm,1,low,0,57.70
DE40,H1,2026-05-27T01:00:00Z,60.271429,0.8398,12.10,calm,1,low,0,64.54
DE40,H1,2026-05-27T02:00:00Z,56.364286,0.7922,8.53,squeeze,1,low,0,68.02
DE40,H1,2026-05-27T03:00:00Z,53.671429,0.7629,6.15,squeeze,1,medium,0,69.55
DE40,H1,2026-05-27T04:00:00Z,48.850000,0.7031,2.98,squeeze,1,medium,0,73.91
DE40,H1,2026-05-27T05:00:00Z,45.421429,0.6623,0.99,squeeze,1,medium,0,75.96
DE40,H1,2026-05-27T06:00:00Z,43.528571,0.6452,0.20,squeeze,1,high,0,78.13
DE40,H1,2026-05-27T07:00:00Z,41.385714,0.6225,0.20,squeeze,1,medium,0,83.06
DE40,H1,2026-05-27T08:00:00Z,39.485714,0.6030,0.20,squeeze,1,medium,0,84.34
DE40,H1,2026-05-27T09:00:00Z,37.507143,0.5819,0.20,squeeze,1,medium,0,84.26
DE40,H1,2026-05-27T10:00:00Z,40.292857,0.6346,0.99,squeeze,1,medium,0,75.13
DE40,H1,2026-05-27T11:00:00Z,42.928571,0.6852,1.79,squeeze,1,low,0,69.16
DE40,H1,2026-05-27T12:00:00Z,44.892857,0.7243,2.98,squeeze,1,low,0,62.28
DE40,H1,2026-05-27T13:00:00Z,45.321429,0.7393,3.77,squeeze,0,off,1,60.19
DE40,H1,2026-05-27T14:00:00Z,51.000000,0.8391,8.53,squeeze,0,off,0,56.06
DE40,H1,2026-05-27T15:00:00Z,59.921429,0.9931,15.67,calm,1,low,0,51.29
DE40,H1,2026-05-27T16:00:00Z,61.457143,1.0260,17.26,calm,1,low,0,49.71
DE40,H1,2026-05-27T17:00:00Z,70.457143,1.1797,27.58,calm,1,low,0,41.28
DE40,H1,2026-05-27T18:00:00Z,75.385714,1.2639,37.90,normal,1,low,0,42.69
DE40,H1,2026-05-27T19:00:00Z,78.028571,1.3093,41.47,normal,1,low,0,43.11
DE40,H1,2026-05-27T20:00:00Z,78.707143,1.3174,42.66,normal,1,low,0,42.77
DE40,H1,2026-05-27T21:00:00Z,79.635714,1.3303,45.44,normal,1,low,0,44.38
DE40,H1,2026-05-27T22:00:00Z,78.707143,1.3113,42.86,normal,1,low,0,44.70
DE40,H1,2026-05-27T23:00:00Z,80.264286,1.3338,47.82,normal,1,low,0,46.52
DE40,H1,2026-05-28T01:00:00Z,77.485714,1.2852,39.88,normal,1,low,0,46.24
DE40,H1,2026-05-28T02:00:00Z,77.742857,1.2861,41.07,normal,1,low,0,47.83
DE40,H1,2026-05-28T03:00:00Z,77.778571,1.2821,41.07,normal,1,low,0,48.38
DE40,H1,2026-05-28T04:00:00Z,77.707143,1.2746,40.28,normal,1,low,0,47.52
DE40,H1,2026-05-28T05:00:00Z,76.100000,1.2426,37.50,normal,1,low,0,48.42
DE40,H1,2026-05-28T06:00:00Z,77.135714,1.2500,38.29,normal,0,off,1,39.24
DE40,H1,2026-05-28T07:00:00Z,76.828571,1.2366,37.50,normal,0,off,0,30.47
DE40,H1,2026-05-28T08:00:00Z,74.892857,1.1977,34.72,normal,0,off,0,32.54
DE40,H1,2026-05-28T09:00:00Z,71.321429,1.1341,27.98,calm,0,off,0,34.82
DE40,H1,2026-05-28T10:00:00Z,72.321429,1.1427,30.36,normal,0,off,0,38.14
DE40,H1,2026-05-28T11:00:00Z,73.357143,1.1506,31.94,normal,0,off,0,37.17
DE40,H1,2026-05-28T12:00:00Z,74.535714,1.1593,33.93,normal,0,off,0,45.32
DE40,H1,2026-05-28T13:00:00Z,81.357143,1.2527,50.99,normal,1,low,0,51.03
DE40,H1,2026-05-28T14:00:00Z,79.371429,1.2115,45.04,normal,0,off,1,48.84
DE40,H1,2026-05-28T15:00:00Z,82.542857,1.2499,52.18,normal,0,off,0,48.11
DE40,H1,2026-05-28T16:00:00Z,87.142857,1.3085,58.53,normal,0,off,0,43.99
DE40,H1,2026-05-28T17:00:00Z,100.250000,1.4897,77.18,elevated,1,low,0,46.85
DE40,H1,2026-05-28T18:00:00Z,99.928571,1.4717,76.39,elevated,1,low,0,46.73
DE40,H1,2026-05-28T19:00:00Z,100.621429,1.4686,77.18,elevated,1,low,0,48.10
DE40,H1,2026-05-28T20:00:00Z,92.085714,1.3362,64.48,normal,1,low,0,47.74
DE40,H1,2026-05-28T21:00:00Z,91.442857,1.3193,63.69,normal,1,medium,0,49.02
DE40,H1,2026-05-28T22:00:00Z,83.692857,1.2039,51.79,normal,1,medium,0,48.81
DE40,H1,2026-05-28T23:00:00Z,82.650000,1.1857,49.80,normal,1,medium,0,48.37
DE40,H1,2026-05-29T01:00:00Z,78.428571,1.1230,40.28,normal,1,medium,0,49.16
DE40,H1,2026-05-29T02:00:00Z,75.521429,1.0800,34.72,normal,1,medium,0,48.46
DE40,H1,2026-05-29T03:00:00Z,74.164286,1.0601,31.94,normal,1,medium,0,48.80
DE40,H1,2026-05-29T04:00:00Z,68.378571,0.9773,19.25,calm,1,medium,0,57.71
DE40,H1,2026-05-29T05:00:00Z,67.450000,0.9621,18.06,calm,1,medium,0,60.56
DE40,H1,2026-05-29T06:00:00Z,64.914286,0.9237,16.07,calm,1,medium,0,63.09
DE40,H1,2026-05-29T07:00:00Z,58.021429,0.8246,12.10,calm,1,medium,0,67.74
DE40,H1,2026-05-29T08:00:00Z,42.592857,0.6064,1.79,squeeze,1,medium,0,81.26
DE40,H1,2026-05-29T09:00:00Z,42.735714,0.6089,2.18,squeeze,1,medium,0,78.10
DE40,H1,2026-05-29T10:00:00Z,44.078571,0.6279,3.37,squeeze,1,medium,0,75.24
DE40,H1,2026-05-29T11:00:00Z,46.185714,0.6570,4.96,squeeze,1,medium,0,75.32
DE40,H1,2026-05-29T12:00:00Z,48.757143,0.6918,5.75,squeeze,1,medium,0,73.21
DE40,H1,2026-05-29T13:00:00Z,51.221429,0.7239,8.13,squeeze,1,medium,0,73.07
DE40,H1,2026-05-29T14:00:00Z,56.728571,0.7981,11.71,calm,1,medium,0,74.75
DE40,H1,2026-05-29T15:00:00Z,59.242857,0.8296,12.70,calm,1,medium,0,73.13
DE40,H1,2026-05-29T16:00:00Z,64.864286,0.9033,15.67,calm,1,medium,0,67.99
DE40,H1,2026-05-29T17:00:00Z,72.435714,1.0012,27.98,calm,1,medium,0,61.02
DE40,H1,2026-05-29T18:00:00Z,79.907143,1.0957,45.04,normal,1,high,0,53.21
DE40,H1,2026-05-29T19:00:00Z,80.442857,1.0968,46.23,normal,1,high,0,53.45
DE40,H1,2026-05-29T20:00:00Z,81.407143,1.1040,48.61,normal,1,medium,0,53.25
DE40,H1,2026-05-29T21:00:00Z,83.300000,1.1257,50.60,normal,1,medium,0,52.55
DE40,H1,2026-05-29T22:00:00Z,84.050000,1.1332,52.18,normal,1,medium,0,51.54
DE40,H1,2026-06-01T01:00:00Z,84.878571,1.1423,53.37,normal,1,medium,0,52.24
DE40,H1,2026-06-01T02:00:00Z,79.321429,1.0673,41.87,normal,1,medium,0,55.23
DE40,H1,2026-06-01T03:00:00Z,76.871429,1.0351,35.52,normal,1,medium,0,58.26
DE40,H1,2026-06-01T04:00:00Z,73.335714,0.9889,29.17,calm,1,medium,0,61.22
DE40,H1,2026-06-01T05:00:00Z,70.800000,0.9572,22.02,calm,1,medium,0,63.35
DE40,H1,2026-06-01T06:00:00Z,66.942857,0.9076,17.66,calm,1,medium,0,66.39
DE40,H1,2026-06-01T07:00:00Z,66.685714,0.9069,16.87,calm,1,high,0,66.61
DE40,H1,2026-06-01T08:00:00Z,62.185714,0.8493,14.88,calm,1,high,0,69.34
DE40,H1,2026-06-01T09:00:00Z,56.614286,0.7777,11.71,calm,1,high,0,74.73
DE40,H1,2026-06-01T10:00:00Z,52.071429,0.7200,8.93,squeeze,1,high,0,78.74
DE40,H1,2026-06-01T11:00:00Z,55.464286,0.7715,10.91,calm,1,high,0,75.57
DE40,H1,2026-06-01T12:00:00Z,57.821429,0.8086,13.29,calm,1,high,0,72.78
DE40,H1,2026-06-01T13:00:00Z,62.392857,0.8756,16.87,calm,1,medium,0,67.29
DE40,H1,2026-06-01T14:00:00Z,64.607143,0.9084,17.66,calm,1,medium,0,64.65
DE40,H1,2026-06-01T15:00:00Z,66.171429,0.9320,19.25,calm,1,low,0,55.29
DE40,H1,2026-06-01T16:00:00Z,89.228571,1.2512,58.53,normal,1,low,0,41.85
DE40,H1,2026-06-01T17:00:00Z,97.285714,1.3555,70.83,elevated,1,low,0,40.79
DE40,H1,2026-06-01T18:00:00Z,105.992857,1.4667,80.36,elevated,1,low,0,42.74
DE40,H1,2026-06-01T19:00:00Z,112.350000,1.5406,85.91,elevated,1,low,0,44.63
DE40,H1,2026-06-01T20:00:00Z,119.171429,1.6179,89.09,elevated,1,low,0,46.84
DE40,H1,2026-06-01T21:00:00Z,116.885714,1.5742,87.10,elevated,1,low,0,46.34
DE40,H1,2026-06-01T22:00:00Z,118.492857,1.5880,88.29,elevated,1,low,0,47.58
DE40,H1,2026-06-01T23:00:00Z,115.057143,1.5358,85.91,elevated,1,low,0,47.35
DE40,H1,2026-06-02T01:00:00Z,112.821429,1.5010,84.72,elevated,1,low,0,48.27
DE40,H1,2026-06-02T02:00:00Z,108.264286,1.4342,81.15,elevated,1,low,0,47.99
DE40,H1,2026-06-02T03:00:00Z,106.185714,1.4012,78.37,elevated,1,low,0,45.72
DE40,H1,2026-06-02T04:00:00Z,102.900000,1.3510,76.79,elevated,1,low,0,46.49
DE40,H1,2026-06-02T05:00:00Z,101.328571,1.3239,75.99,elevated,1,low,0,47.49
DE40,H1,2026-06-02T06:00:00Z,98.435714,1.2794,72.82,elevated,1,low,0,46.61
DE40,H1,2026-06-02T07:00:00Z,76.292857,0.9914,35.52,normal,1,low,0,52.89
DE40,H1,2026-06-02T08:00:00Z,68.578571,0.8925,22.82,calm,1,low,0,58.65
DE40,H1,2026-06-02T09:00:00Z,61.550000,0.8024,16.07,calm,0,off,1,63.89
DE40,H1,2026-06-02T10:00:00Z,64.692857,0.8440,18.45,calm,0,off,0,60.51
DE40,H1,2026-06-02T11:00:00Z,61.585714,0.8042,16.47,calm,0,off,0,58.20
DE40,H1,2026-06-02T12:00:00Z,65.657143,0.8556,20.44,calm,0,off,0,55.71
DE40,H1,2026-06-02T13:00:00Z,65.050000,0.8428,20.04,calm,0,off,0,48.46
DE40,H1,2026-06-02T14:00:00Z,66.057143,0.8507,21.23,calm,0,off,0,45.40
DE40,H1,2026-06-02T15:00:00Z,67.542857,0.8646,24.01,calm,0,off,0,47.22
DE40,H1,2026-06-02T16:00:00Z,72.600000,0.9231,33.53,normal,0,off,0,47.44
DE40,H1,2026-06-02T17:00:00Z,73.357143,0.9269,34.72,normal,0,off,0,43.51
DE40,H1,2026-06-02T18:00:00Z,72.664286,0.9132,33.93,normal,0,off,0,46.40
DE40,H1,2026-06-02T19:00:00Z,74.735714,0.9350,38.29,normal,0,off,0,45.75
DE40,H1,2026-06-02T20:00:00Z,73.921429,0.9214,37.50,normal,0,off,0,44.47
DE40,H1,2026-06-02T21:00:00Z,73.635714,0.9159,36.71,normal,0,off,0,43.70
DE40,H1,2026-06-02T22:00:00Z,72.564286,0.9025,33.53,normal,0,off,0,45.08
DE40,H1,2026-06-02T23:00:00Z,69.542857,0.8672,25.99,calm,0,off,0,47.35
DE40,H1,2026-06-03T01:00:00Z,60.178571,0.7542,15.28,calm,0,off,0,55.84
DE40,H1,2026-06-03T02:00:00Z,57.928571,0.7303,13.69,calm,0,off,0,56.94
DE40,H1,2026-06-03T03:00:00Z,55.621429,0.7061,11.31,calm,0,off,0,59.21
DE40,H1,2026-06-03T04:00:00Z,54.764286,0.7005,10.91,calm,0,off,0,58.31
DE40,H1,2026-06-03T05:00:00Z,54.014286,0.6964,10.52,calm,0,off,0,56.00
DE40,H1,2026-06-03T06:00:00Z,50.728571,0.6589,7.34,squeeze,0,off,0,57.49
DE40,H1,2026-06-03T07:00:00Z,46.621429,0.6103,5.36,squeeze,0,off,0,54.83
DE40,H1,2026-06-03T08:00:00Z,46.300000,0.6104,5.36,squeeze,1,low,0,66.13
DE40,H1,2026-06-03T09:00:00Z,47.278571,0.6272,6.15,squeeze,1,low,0,65.55
DE40,H1,2026-06-03T10:00:00Z,50.135714,0.6681,8.13,squeeze,1,low,0,56.54
DE40,H1,2026-06-03T11:00:00Z,51.485714,0.6889,10.52,calm,1,low,0,58.38
DE40,H1,2026-06-03T12:00:00Z,56.378571,0.7555,16.07,calm,0,off,1,60.35
DE40,H1,2026-06-03T13:00:00Z,61.807143,0.8271,21.63,calm,0,off,0,55.99
DE40,H1,2026-06-03T14:00:00Z,65.650000,0.8754,25.99,calm,0,off,0,53.72
DE40,H1,2026-06-03T15:00:00Z,68.871429,0.9151,31.55,normal,0,off,0,51.30
DE40,H1,2026-06-03T16:00:00Z,70.728571,0.9365,34.33,normal,0,off,0,41.11
DE40,H1,2026-06-03T17:00:00Z,75.928571,1.0018,47.82,normal,0,off,0,34.13
DE40,H1,2026-06-03T18:00:00Z,77.200000,1.0152,50.99,normal,0,off,0,32.35
DE40,H1,2026-06-03T19:00:00Z,78.485714,1.0288,54.96,normal,0,off,0,31.76
DE40,H1,2026-06-03T20:00:00Z,78.771429,1.0354,56.55,normal,0,off,0,29.85
DE40,H1,2026-06-03T21:00:00Z,77.592857,1.0252,52.18,normal,0,off,0,29.49
DE40,H1,2026-06-03T22:00:00Z,76.271429,1.0157,48.61,normal,0,off,0,26.43
DE40,H1,2026-06-03T23:00:00Z,75.971429,1.0216,48.21,normal,0,off,0,23.66
DE40,H1,2026-06-04T01:00:00Z,70.021429,0.9542,33.93,normal,0,off,0,27.03
DE40,H1,2026-06-04T02:00:00Z,68.521429,0.9462,31.15,normal,0,off,0,27.23
DE40,H1,2026-06-04T03:00:00Z,68.564286,0.9601,31.55,normal,0,off,0,28.08
DE40,H1,2026-06-04T04:00:00Z,65.600000,0.9315,25.99,calm,0,off,0,32.70
DE40,H1,2026-06-04T05:00:00Z,63.671429,0.9169,23.61,calm,0,off,0,38.27
DE40,H1,2026-06-04T06:00:00Z,61.742857,0.9012,21.63,calm,0,off,0,46.65
DE40,H1,2026-06-04T07:00:00Z,55.600000,0.8237,14.48,calm,0,off,0,53.31
DE40,H1,2026-06-04T08:00:00Z,50.650000,0.7621,8.93,squeeze,0,off,0,57.97
DE40,H1,2026-06-04T09:00:00Z,51.957143,0.7936,11.31,calm,0,off,0,58.95
DE40,H1,2026-06-04T10:00:00Z,57.335714,0.8869,18.45,calm,0,off,0,53.20
DE40,H1,2026-06-04T11:00:00Z,63.014286,0.9787,25.60,calm,0,off,0,44.55
DE40,H1,2026-06-04T12:00:00Z,71.014286,1.1022,39.88,normal,0,off,0,39.55
DE40,H1,2026-06-04T13:00:00Z,74.907143,1.1578,51.79,normal,0,off,0,39.07
DE40,H1,2026-06-04T14:00:00Z,73.957143,1.1398,50.20,normal,0,off,0,36.27
DE40,H1,2026-06-04T15:00:00Z,77.550000,1.1894,58.53,normal,0,off,0,37.38
DE40,H1,2026-06-04T16:00:00Z,81.121429,1.2383,68.06,normal,0,off,0,35.04
DE40,H1,2026-06-04T17:00:00Z,80.257143,1.2194,66.87,normal,0,off,0,37.60
DE40,H1,2026-06-04T18:00:00Z,82.207143,1.2429,70.83,elevated,0,off,0,38.44
DE40,H1,2026-06-04T19:00:00Z,80.778571,1.2165,68.45,normal,0,off,0,36.51
DE40,H1,2026-06-04T20:00:00Z,79.778571,1.1988,66.07,normal,0,off,0,33.85
DE40,H1,2026-06-04T21:00:00Z,79.278571,1.1892,64.48,normal,0,off,0,32.54
DE40,H1,2026-06-04T22:00:00Z,77.907143,1.1668,60.91,normal,0,off,0,31.03
DE40,H1,2026-06-04T23:00:00Z,76.950000,1.1517,56.55,normal,0,off,0,35.96
DE40,H1,2026-06-05T01:00:00Z,70.264286,1.0528,38.29,normal,0,off,0,38.55
DE40,H1,2026-06-05T02:00:00Z,65.614286,0.9855,29.17,calm,0,off,0,48.12
DE40,H1,2026-06-05T03:00:00Z,61.707143,0.9298,23.21,calm,1,low,0,53.65
DE40,H1,2026-06-05T04:00:00Z,58.635714,0.8865,20.04,calm,1,low,0,55.32
DE40,H1,2026-06-05T05:00:00Z,57.064286,0.8635,18.45,calm,1,medium,0,61.49
DE40,H1,2026-06-05T06:00:00Z,55.242857,0.8366,14.88,calm,1,low,0,64.29
DE40,H1,2026-06-05T07:00:00Z,52.707143,0.7989,12.50,calm,1,low,0,66.22
DE40,H1,2026-06-05T08:00:00Z,49.635714,0.7535,8.13,squeeze,1,low,0,68.02
DE40,H1,2026-06-05T09:00:00Z,48.921429,0.7439,8.13,squeeze,1,low,0,70.56
DE40,H1,2026-06-05T10:00:00Z,55.850000,0.8479,18.06,calm,1,low,0,63.45
DE40,H1,2026-06-05T11:00:00Z,60.207143,0.9103,24.40,calm,1,low,0,60.32
DE40,H1,2026-06-05T12:00:00Z,65.921429,0.9908,33.93,normal,1,low,0,52.90
DE40,H1,2026-06-05T13:00:00Z,67.100000,1.0025,36.31,normal,1,low,0,50.60
DE40,H1,2026-06-05T14:00:00Z,68.300000,1.0149,38.29,normal,0,off,1,47.66
DE40,H1,2026-06-05T15:00:00Z,73.785714,1.0892,54.56,normal,0,off,0,43.89
DE40,H1,2026-06-05T16:00:00Z,82.078571,1.2025,77.18,elevated,1,low,0,47.52
DE40,H1,2026-06-05T17:00:00Z,83.914286,1.2215,80.36,elevated,1,low,0,47.66
DE40,H1,2026-06-05T18:00:00Z,85.242857,1.2338,82.74,elevated,1,low,0,49.33
DE40,H1,2026-06-05T19:00:00Z,87.921429,1.2656,83.93,elevated,1,low,0,41.25
DE40,H1,2026-06-05T20:00:00Z,87.385714,1.2519,83.53,elevated,0,off,1,39.78
DE40,H1,2026-06-05T21:00:00Z,93.885714,1.3381,89.88,elevated,0,off,0,34.47
DE40,H1,2026-06-05T22:00:00Z,97.492857,1.3816,91.07,extreme,0,off,0,26.53
DE40,H1,2026-06-08T01:00:00Z,103.792857,1.4604,94.25,extreme,0,off,0,21.41
DE40,H1,2026-06-08T02:00:00Z,102.307143,1.4300,93.85,extreme,0,off,0,23.02
DE40,H1,2026-06-08T03:00:00Z,101.807143,1.4134,93.85,extreme,0,off,0,23.42
DE40,H1,2026-06-08T04:00:00Z,109.485714,1.5061,96.63,extreme,0,off,0,25.31
DE40,H1,2026-06-08T05:00:00Z,112.807143,1.5363,97.42,extreme,0,off,0,27.24
DE40,H1,2026-06-08T06:00:00Z,112.628571,1.5162,97.42,extreme,0,off,0,26.98
DE40,H1,2026-06-08T07:00:00Z,114.914286,1.5279,98.21,extreme,0,off,0,28.31
DE40,H1,2026-06-08T08:00:00Z,110.664286,1.4551,96.23,extreme,0,off,0,26.84
DE40,H1,2026-06-08T09:00:00Z,110.628571,1.4376,95.83,extreme,0,off,0,22.84
DE40,H1,2026-06-08T10:00:00Z,118.585714,1.5194,99.40,extreme,0,off,0,26.55
DE40,H1,2026-06-08T11:00:00Z,118.192857,1.4927,98.61,extreme,0,off,0,28.45
DE40,H1,2026-06-08T12:00:00Z,123.407143,1.5323,99.80,extreme,0,off,0,31.14
DE40,H1,2026-06-08T13:00:00Z,122.550000,1.4950,99.40,extreme,0,off,0,35.89
DE40,H1,2026-06-08T14:00:00Z,127.121429,1.5228,99.80,extreme,1,low,0,43.98
DE40,H1,2026-06-08T15:00:00Z,120.728571,1.4246,98.61,extreme,1,low,0,46.94
DE40,H1,2026-06-08T16:00:00Z,117.821429,1.3726,96.63,extreme,1,low,0,51.83
DE40,H1,2026-06-08T17:00:00Z,117.535714,1.3546,96.23,extreme,1,low,0,50.28
DE40,H1,2026-06-08T18:00:00Z,108.228571,1.2378,91.47,extreme,1,medium,0,51.83
DE40,H1,2026-06-08T19:00:00Z,104.407143,1.1858,90.28,extreme,1,low,0,49.93
DE40,H1,2026-06-08T20:00:00Z,102.871429,1.1617,89.09,elevated,1,low,0,48.11
DE40,H1,2026-06-08T21:00:00Z,96.871429,1.0901,84.72,elevated,1,low,0,47.40
DE40,H1,2026-06-08T22:00:00Z,93.942857,1.0539,84.33,elevated,1,low,0,49.27
DE40,H1,2026-06-08T23:00:00Z,88.678571,0.9934,80.36,elevated,1,low,0,52.82
DE40,H1,2026-06-09T01:00:00Z,79.150000,0.8869,67.26,normal,1,low,0,56.54
DE40,H1,2026-06-09T02:00:00Z,76.492857,0.8578,58.93,normal,1,low,0,56.88
DE40,H1,2026-06-09T03:00:00Z,73.678571,0.8273,52.98,normal,1,low,0,59.46
DE40,H1,2026-06-09T04:00:00Z,71.642857,0.8056,45.83,normal,1,low,0,59.87
DE40,H1,2026-06-09T05:00:00Z,62.571429,0.7058,28.77,calm,1,medium,0,62.52
DE40,H1,2026-06-09T06:00:00Z,61.750000,0.6979,27.18,calm,1,medium,0,68.37
DE40,H1,2026-06-09T07:00:00Z,61.250000,0.6929,25.20,calm,1,medium,0,75.95
DE40,H1,2026-06-09T08:00:00Z,58.857143,0.6663,22.82,calm,1,medium,0,77.58
DE40,H1,2026-06-09T09:00:00Z,57.378571,0.6498,21.23,calm,1,medium,0,77.59
DE40,H1,2026-06-09T10:00:00Z,65.314286,0.7382,33.93,normal,1,medium,0,73.40
DE40,H1,2026-06-09T11:00:00Z,68.850000,0.7758,42.26,normal,1,low,0,70.86
DE40,H1,2026-06-09T12:00:00Z,69.835714,0.7839,44.25,normal,1,low,0,61.75
DE40,H1,2026-06-09T13:00:00Z,70.264286,0.7851,45.63,normal,0,off,1,56.86
DE40,H1,2026-06-09T14:00:00Z,73.707143,0.8190,57.34,normal,0,off,0,55.61
DE40,H1,2026-06-09T15:00:00Z,73.378571,0.8122,55.75,normal,0,off,0,55.00
DE40,H1,2026-06-09T16:00:00Z,76.535714,0.8441,64.48,normal,0,off,0,53.11
DE40,H1,2026-06-09T17:00:00Z,87.242857,0.9577,81.55,elevated,0,off,0,51.76
DE40,H1,2026-06-09T18:00:00Z,97.150000,1.0594,85.12,elevated,0,off,0,43.85
DE40,H1,2026-06-09T19:00:00Z,110.364286,1.1926,92.26,extreme,0,off,0,31.05
DE40,H1,2026-06-09T20:00:00Z,118.542857,1.2687,97.42,extreme,0,off,0,34.90
DE40,H1,2026-06-09T21:00:00Z,122.150000,1.2962,98.61,extreme,0,off,0,36.23
DE40,H1,2026-06-09T22:00:00Z,124.792857,1.3128,99.40,extreme,0,off,0,36.64
DE40,H1,2026-06-09T23:00:00Z,124.050000,1.2944,99.01,extreme,0,off,0,35.89
DE40,H1,2026-06-10T01:00:00Z,119.771429,1.2415,97.02,extreme,0,off,0,35.66
DE40,H1,2026-06-10T02:00:00Z,115.192857,1.1872,93.45,extreme,0,off,0,35.25
DE40,H1,2026-06-10T03:00:00Z,116.092857,1.1911,93.45,extreme,0,off,0,36.65
DE40,H1,2026-06-10T04:00:00Z,116.378571,1.1894,93.45,extreme,0,off,0,35.99
DE40,H1,2026-06-10T05:00:00Z,115.021429,1.1728,91.87,extreme,0,off,0,35.94
DE40,H1,2026-06-10T06:00:00Z,114.557143,1.1652,91.07,extreme,0,off,0,35.29
DE40,H1,2026-06-10T07:00:00Z,113.557143,1.1523,90.67,extreme,0,off,0,32.53
DE40,H1,2026-06-10T08:00:00Z,103.021429,1.0467,84.72,elevated,0,off,0,35.64
DE40,H1,2026-06-10T09:00:00Z,89.628571,0.9150,77.58,elevated,0,off,0,42.26
DE40,H1,2026-06-10T10:00:00Z,81.021429,0.8325,69.64,normal,0,off,0,48.60
DE40,H1,2026-06-10T11:00:00Z,79.542857,0.8233,66.47,normal,0,off,0,51.74
DE40,H1,2026-06-10T12:00:00Z,79.257143,0.8257,64.88,normal,1,low,0,51.90
DE40,H1,2026-06-10T13:00:00Z,80.221429,0.8410,67.66,normal,1,low,0,52.74
DE40,H1,2026-06-10T14:00:00Z,92.678571,0.9770,78.37,elevated,1,low,0,45.35
DE40,H1,2026-06-10T15:00:00Z,95.235714,1.0088,79.17,elevated,1,low,0,48.57
DE40,H1,2026-06-10T16:00:00Z,101.278571,1.0779,82.34,elevated,1,low,0,43.87
DE40,H1,2026-06-10T17:00:00Z,103.535714,1.1064,84.72,elevated,0,off,1,41.11
DE40,H1,2026-06-10T18:00:00Z,109.621429,1.1758,87.50,elevated,0,off,0,40.39
DE40,H1,2026-06-10T19:00:00Z,110.978571,1.1928,88.69,elevated,0,off,0,32.82
DE40,H1,2026-06-10T20:00:00Z,112.871429,1.2145,90.28,extreme,0,off,0,33.31
DE40,H1,2026-06-10T21:00:00Z,114.835714,1.2363,91.07,extreme,0,off,0,32.27
DE40,H1,2026-06-10T22:00:00Z,113.192857,1.2173,89.88,elevated,0,off,0,33.93
DE40,H1,2026-06-10T23:00:00Z,112.685714,1.2097,88.29,elevated,0,off,0,33.34
DE40,H1,2026-06-11T01:00:00Z,109.971429,1.1788,85.52,elevated,0,off,0,32.73
DE40,H1,2026-06-11T02:00:00Z,104.235714,1.1155,82.34,elevated,0,off,0,28.33
DE40,H1,2026-06-11T03:00:00Z,103.414286,1.1045,81.15,elevated,0,off,0,29.71
DE40,H1,2026-06-11T04:00:00Z,104.521429,1.1126,82.74,elevated,0,off,0,29.91
DE40,H1,2026-06-11T05:00:00Z,95.950000,1.0177,74.40,elevated,0,off,0,34.30
DE40,H1,2026-06-11T06:00:00Z,94.092857,0.9943,73.61,elevated,0,off,0,37.96
DE40,H1,2026-06-11T07:00:00Z,90.950000,0.9576,71.23,elevated,0,off,0,46.68
DE40,H1,2026-06-11T08:00:00Z,86.021429,0.9030,68.06,normal,1,low,0,56.27
DE40,H1,2026-06-11T09:00:00Z,82.435714,0.8617,64.48,normal,1,low,0,58.78
DE40,H1,2026-06-11T10:00:00Z,83.221429,0.8660,65.28,normal,1,low,0,58.55
DE40,H1,2026-06-11T11:00:00Z,84.792857,0.8781,66.87,normal,1,low,0,55.64
DE40,H1,2026-06-11T12:00:00Z,85.150000,0.8770,67.26,normal,1,low,0,57.03
DE40,H1,2026-06-11T13:00:00Z,83.757143,0.8580,65.28,normal,1,low,0,58.13
DE40,H1,2026-06-11T14:00:00Z,85.392857,0.8712,67.66,normal,1,low,0,61.43
DE40,H1,2026-06-11T15:00:00Z,94.464286,0.9587,73.61,elevated,1,low,0,57.03
DE40,H1,2026-06-11T16:00:00Z,100.892857,1.0176,77.58,elevated,1,low,0,51.61
DE40,H1,2026-06-11T17:00:00Z,104.071429,1.0425,81.55,elevated,1,low,0,51.08
DE40,H1,2026-06-11T18:00:00Z,102.571429,1.0216,78.77,elevated,1,low,0,51.33
DE40,H1,2026-06-11T19:00:00Z,99.642857,0.9872,75.20,elevated,1,low,0,53.35
DE40,H1,2026-06-11T20:00:00Z,121.321429,1.1914,97.42,extreme,0,off,1,32.78
DE40,H1,2026-06-11T21:00:00Z,122.035714,1.1903,97.42,extreme,0,off,0,31.24
DE40,H1,2026-06-11T22:00:00Z,128.607143,1.2468,99.80,extreme,0,off,0,27.13
DE40,H1,2026-06-11T23:00:00Z,123.714286,1.1962,98.21,extreme,0,off,0,28.57
DE40,H1,2026-06-12T01:00:00Z,120.821429,1.1678,95.83,extreme,0,off,0,27.13
DE40,H1,2026-06-12T02:00:00Z,116.307143,1.1254,91.07,extreme,0,off,0,28.83
DE40,H1,2026-06-12T03:00:00Z,114.992857,1.1148,89.09,elevated,0,off,0,30.21
DE40,H1,2026-06-12T04:00:00Z,117.707143,1.1425,92.26,extreme,0,off,0,27.92
DE40,H1,2026-06-12T05:00:00Z,116.778571,1.1342,91.07,extreme,0,off,0,28.11
DE40,H1,2026-06-12T06:00:00Z,105.457143,1.0261,79.17,elevated,0,off,0,30.44
DE40,H1,2026-06-12T07:00:00Z,97.385714,0.9511,70.04,elevated,0,off,0,30.00
DE40,H1,2026-06-12T08:00:00Z,94.778571,0.9295,67.66,normal,0,off,0,32.23
DE40,H1,2026-06-12T09:00:00Z,93.957143,0.9253,66.47,normal,0,off,0,30.73
DE40,H1,2026-06-12T10:00:00Z,107.935714,1.0643,79.96,elevated,0,off,0,22.55
DE40,H1,2026-06-12T11:00:00Z,90.650000,0.8980,63.29,normal,0,off,0,32.63
DE40,H1,2026-06-12T12:00:00Z,90.542857,0.8991,62.90,normal,0,off,0,37.06
DE40,H1,2026-06-12T13:00:00Z,89.185714,0.8857,61.71,normal,0,off,0,37.03
DE40,H1,2026-06-12T14:00:00Z,89.685714,0.8891,62.50,normal,0,off,0,34.73
