symbol,timeframe,bar_time,open,high,low,close
XAUUSD,M5,2026-04-07T03:35:00Z,4645.52500,4645.90500,4642.64500,4645.02500
XAUUSD,M5,2026-04-07T03:40:00Z,4645.12500,4647.97800,4643.46500,4647.66800
XAUUSD,M5,2026-04-07T03:45:00Z,4647.64500,4649.11500,4646.91800,4647.21800
XAUUSD,M5,2026-04-07T03:50:00Z,4647.24800,4649.26800,4646.77800,4647.58800
XAUUSD,M5,2026-04-07T03:55:00Z,4647.59800,4650.70500,4647.25800,4649.26800
XAUUSD,M5,2026-04-07T04:00:00Z,4649.22800,4651.01800,4648.12500,4648.97800
XAUUSD,M5,2026-04-07T04:05:00Z,4649.00800,4649.24800,4647.24800,4648.17500
XAUUSD,M5,2026-04-07T04:10:00Z,4648.17500,4649.20500,4645.18500,4645.74500
XAUUSD,M5,2026-04-07T04:15:00Z,4645.77500,4649.05500,4645.29500,4648.85500
XAUUSD,M5,2026-04-07T04:20:00Z,4648.80500,4649.29800,4647.34500,4649.29800
XAUUSD,M5,2026-04-07T04:25:00Z,4649.29800,4650.97500,4648.76500,4649.77500
XAUUSD,M5,2026-04-07T04:30:00Z,4649.90500,4658.35500,4649.17500,4658.35500
XAUUSD,M5,2026-04-07T04:35:00Z,4658.31500,4660.35500,4656.84500,4658.10500
XAUUSD,M5,2026-04-07T04:40:00Z,4658.13500,4663.81800,4657.96500,4661.77800
XAUUSD,M5,2026-04-07T04:45:00Z,4661.74800,4663.02800,4659.74800,4660.84800
XAUUSD,M5,2026-04-07T04:50:00Z,4660.84800,4663.50800,4660.55500,4661.66800
XAUUSD,M5,2026-04-07T04:55:00Z,4661.67800,4662.76800,4658.81800,4659.24800
XAUUSD,M5,2026-04-07T05:00:00Z,4659.78800,4660.94800,4655.45500,4656.47500
XAUUSD,M5,2026-04-07T05:05:00Z,4656.44500,4657.95500,4654.17500,4655.26500
XAUUSD,M5,2026-04-07T05:10:00Z,4655.19500,4656.14500,4653.88500,4655.33500
XAUUSD,M5,2026-04-07T05:15:00Z,4655.31500,4657.58500,4653.47800,4654.24500
XAUUSD,M5,2026-04-07T05:20:00Z,4654.28500,4654.28500,4646.92800,4646.92800
XAUUSD,M5,2026-04-07T05:25:00Z,4646.12500,4647.10500,4630.21500,4632.06500
XAUUSD,M5,2026-04-07T05:30:00Z,4632.01500,4638.86500,4622.74500,4631.53500
XAUUSD,M5,2026-04-07T05:35:00Z,4631.51500,4641.33500,4629.68500,4639.12500
XAUUSD,M5,2026-04-07T05:40:00Z,4639.15500,4640.62500,4629.87800,4630.96500
XAUUSD,M5,2026-04-07T05:45:00Z,4631.09500,4638.26500,4628.94500,4635.31800
XAUUSD,M5,2026-04-07T05:50:00Z,4635.28500,4640.84500,4635.28500,4638.74500
XAUUSD,M5,2026-04-07T05:55:00Z,4638.71500,4646.20500,4637.90500,4642.62500
XAUUSD,M5,2026-04-07T06:00:00Z,4642.62500,4645.94500,4637.75500,4645.35500
XAUUSD,M5,2026-04-07T06:05:00Z,4645.25500,4646.18500,4642.01500,4643.82500
XAUUSD,M5,2026-04-07T06:10:00Z,4643.85500,4647.74500,4641.89500,4646.78800
XAUUSD,M5,2026-04-07T06:15:00Z,4646.78800,4648.89500,4641.39500,4642.62500
XAUUSD,M5,2026-04-07T06:20:00Z,4642.67500,4643.37500,4637.72500,4642.21500
XAUUSD,M5,2026-04-07T06:25:00Z,4642.21500,4644.60500,4638.81500,4640.70500
XAUUSD,M5,2026-04-07T06:30:00Z,4640.51500,4646.08500,4640.51500,4643.51500
XAUUSD,M5,2026-04-07T06:35:00Z,4643.49500,4647.24500,4642.39500,4645.57500
XAUUSD,M5,2026-04-07T06:40:00Z,4645.57500,4653.40500,4643.04500,4652.01500
XAUUSD,M5,2026-04-07T06:45:00Z,4651.99500,4652.45500,4648.42800,4650.53500
XAUUSD,M5,2026-04-07T06:50:00Z,4650.53500,4655.10500,4650.01500,4653.28500
XAUUSD,M5,2026-04-07T06:55:00Z,4653.28500,4656.12500,4652.47500,4652.94500
XAUUSD,M5,2026-04-07T07:00:00Z,4652.97500,4655.00500,4649.76500,4651.65500
XAUUSD,M5,2026-04-07T07:05:00Z,4651.67500,4655.56800,4648.79800,4653.68500
XAUUSD,M5,2026-04-07T07:10:00Z,4653.87500,4656.61500,4648.55800,4651.09800
XAUUSD,M5,2026-04-07T07:15:00Z,4651.09800,4653.47800,4648.24500,4651.49500
XAUUSD,M5,2026-04-07T07:20:00Z,4651.46500,4653.57500,4645.37500,4648.07500
XAUUSD,M5,2026-04-07T07:25:00Z,4648.10500,4648.94500,4638.39800,4639.47500
XAUUSD,M5,2026-04-07T07:30:00Z,4639.43500,4643.86500,4636.46500,4642.75500
XAUUSD,M5,2026-04-07T07:35:00Z,4642.77500,4646.37500,4642.67500,4645.99500
XAUUSD,M5,2026-04-07T07:40:00Z,4645.94500,4645.94500,4640.00800,4643.30500
XAUUSD,M5,2026-04-07T07:45:00Z,4643.58500,4643.60500,4641.23800,4642.86500
XAUUSD,M5,2026-04-07T07:50:00Z,4642.88500,4644.51500,4638.64500,4639.16800
XAUUSD,M5,2026-04-07T07:55:00Z,4638.99500,4646.88500,4638.50500,4645.79500
XAUUSD,M5,2026-04-07T08:00:00Z,4645.76500,4659.84500,4643.78500,4650.07500
XAUUSD,M5,2026-04-07T08:05:00Z,4650.05500,4653.35500,4648.38500,4651.22500
XAUUSD,M5,2026-04-07T08:10:00Z,4651.18500,4665.12500,4650.34500,4663.36500
XAUUSD,M5,2026-04-07T08:15:00Z,4663.37500,4664.17500,4656.73500,4661.19800
XAUUSD,M5,2026-04-07T08:20:00Z,4661.19800,4690.41800,4659.39800,4683.94800
XAUUSD,M5,2026-04-07T08:25:00Z,4683.71500,4686.92500,4677.06800,4677.96800
XAUUSD,M5,2026-04-07T08:30:00Z,4677.85800,4686.46500,4676.62500,4684.56500
XAUUSD,M5,2026-04-07T08:35:00Z,4684.54500,4687.59500,4680.55500,4681.28500
XAUUSD,M5,2026-04-07T08:40:00Z,4681.26800,4683.52500,4678.69800,4682.66500
XAUUSD,M5,2026-04-07T08:45:00Z,4682.66500,4687.20500,4678.73800,4681.74500
XAUUSD,M5,2026-04-07T08:50:00Z,4681.88500,4685.11500,4680.13500,4684.34500
XAUUSD,M5,2026-04-07T08:55:00Z,4684.27500,4686.69500,4680.59500,4682.55500
XAUUSD,M5,2026-04-07T09:00:00Z,4682.52500,4687.79800,4681.83500,4682.81500
XAUUSD,M5,2026-04-07T09:05:00Z,4682.62500,4686.09500,4680.54800,4685.64500
XAUUSD,M5,2026-04-07T09:10:00Z,4685.59500,4693.09800,4684.48800,4684.92500
XAUUSD,M5,2026-04-07T09:15:00Z,4684.97800,4693.44500,4682.24500,4689.74500
XAUUSD,M5,2026-04-07T09:20:00Z,4689.73500,4693.77500,4689.13500,4693.50500
XAUUSD,M5,2026-04-07T09:25:00Z,4693.50800,4693.95500,4685.30500,4686.33500
XAUUSD,M5,2026-04-07T09:30:00Z,4686.28500,4686.69500,4679.54500,4682.61500
XAUUSD,M5,2026-04-07T09:35:00Z,4682.43500,4683.92500,4674.35500,4676.37500
XAUUSD,M5,2026-04-07T09:40:00Z,4676.33800,4676.33800,4665.27500,4666.65500
XAUUSD,M5,2026-04-07T09:45:00Z,4667.06500,4667.06500,4658.43800,4666.42800
XAUUSD,M5,2026-04-07T09:50:00Z,4666.45500,4671.20500,4662.53500,4670.08500
XAUUSD,M5,2026-04-07T09:55:00Z,4670.17500,4675.54500,4670.14500,4670.43800
XAUUSD,M5,2026-04-07T10:00:00Z,4670.43800,4675.33800,4666.70800,4674.43800
XAUUSD,M5,2026-04-07T10:05:00Z,4674.47800,4679.51800,4661.99500,4674.55500
XAUUSD,M5,2026-04-07T10:10:00Z,4674.51500,4678.66800,4671.21500,4676.39800
XAUUSD,M5,2026-04-07T10:15:00Z,4676.40800,4680.14800,4673.66800,4676.75800
XAUUSD,M5,2026-04-07T10:20:00Z,4676.75800,4678.22800,4669.19800,4671.83500
XAUUSD,M5,2026-04-07T10:25:00Z,4672.48500,4674.08500,4657.51800,4667.81500
XAUUSD,M5,2026-04-07T10:30:00Z,4667.79500,4671.62500,4666.06500,4666.91500
XAUUSD,M5,2026-04-07T10:35:00Z,4666.95500,4670.01800,4661.69800,4663.07500
XAUUSD,M5,2026-04-07T10:40:00Z,4663.05800,4666.25500,4653.91500,4662.00500
XAUUSD,M5,2026-04-07T10:45:00Z,4661.97500,4662.14500,4649.30500,4650.18500
XAUUSD,M5,2026-04-07T10:50:00Z,4650.08500,4658.38500,4649.97500,4655.47800
XAUUSD,M5,2026-04-07T10:55:00Z,4655.30500,4657.50500,4649.09500,4651.76500
XAUUSD,M5,2026-04-07T11:00:00Z,4651.78500,4655.03500,4645.73800,4654.01500
XAUUSD,M5,2026-04-07T11:05:00Z,4654.22500,4655.85500,4646.57500,4650.90500
XAUUSD,M5,2026-04-07T11:10:00Z,4650.90500,4650.90500,4628.59500,4635.36500
XAUUSD,M5,2026-04-07T11:15:00Z,4635.21500,4641.85500,4632.85500,4639.43800
XAUUSD,M5,2026-04-07T11:20:00Z,4639.81800,4646.64500,4637.66500,4644.48500
XAUUSD,M5,2026-04-07T11:25:00Z,4644.46500,4651.73500,4644.24500,4647.54500
XAUUSD,M5,2026-04-07T11:30:00Z,4647.47500,4652.08500,4646.79500,4649.17500
XAUUSD,M5,2026-04-07T11:35:00Z,4649.11800,4657.78500,4646.89500,4654.24500
XAUUSD,M5,2026-04-07T11:40:00Z,4654.15500,4662.83500,4652.29500,4662.53800
XAUUSD,M5,2026-04-07T11:45:00Z,4662.53800,4663.76500,4655.76500,4660.07500
XAUUSD,M5,2026-04-07T11:50:00Z,4660.05800,4661.20500,4657.30500,4658.36500
XAUUSD,M5,2026-04-07T11:55:00Z,4658.36500,4661.49500,4657.70500,4659.26500
XAUUSD,M5,2026-04-07T12:00:00Z,4659.53500,4661.27500,4655.09500,4657.46500
XAUUSD,M5,2026-04-07T12:05:00Z,4657.61500,4665.08000,4651.02500,4655.73500
XAUUSD,M5,2026-04-07T12:10:00Z,4655.63800,4656.68500,4651.64500,4654.37800
XAUUSD,M5,2026-04-07T12:15:00Z,4654.35800,4663.04500,4650.94500,4657.90800
XAUUSD,M5,2026-04-07T12:20:00Z,4657.47800,4670.76500,4656.67500,4666.33500
XAUUSD,M5,2026-04-07T12:25:00Z,4666.37500,4668.02500,4664.22500,4665.31500
XAUUSD,M5,2026-04-07T12:30:00Z,4665.47500,4667.19800,4659.71800,4660.48800
XAUUSD,M5,2026-04-07T12:35:00Z,4660.46800,4664.29800,4657.95800,4663.06500
XAUUSD,M5,2026-04-07T12:40:00Z,4663.06500,4664.85500,4655.77500,4656.29500
XAUUSD,M5,2026-04-07T12:45:00Z,4656.26500,4656.60500,4647.20800,4648.47800
XAUUSD,M5,2026-04-07T12:50:00Z,4648.61800,4655.65500,4646.39800,4654.15800
XAUUSD,M5,2026-04-07T12:55:00Z,4654.15800,4662.00500,4650.76800,4651.23800
XAUUSD,M5,2026-04-07T13:00:00Z,4651.25800,4657.43500,4647.85800,4655.37500
XAUUSD,M5,2026-04-07T13:05:00Z,4655.39500,4659.58500,4652.24500,4655.20500
XAUUSD,M5,2026-04-07T13:10:00Z,4655.16500,4657.08500,4650.67800,4656.59500
XAUUSD,M5,2026-04-07T13:15:00Z,4656.61500,4657.33500,4650.20500,4650.64500
XAUUSD,M5,2026-04-07T13:20:00Z,4650.55500,4659.44800,4650.45500,4658.97500
XAUUSD,M5,2026-04-07T13:25:00Z,4658.94500,4662.59800,4656.51500,4657.58500
XAUUSD,M5,2026-04-07T13:30:00Z,4657.61500,4663.20500,4646.62800,4647.56500
XAUUSD,M5,2026-04-07T13:35:00Z,4647.49800,4651.45800,4644.25500,4647.13800
XAUUSD,M5,2026-04-07T13:40:00Z,4647.07800,4651.37800,4635.30500,4639.37800
XAUUSD,M5,2026-04-07T13:45:00Z,4639.33800,4647.44800,4636.94500,4646.74800
XAUUSD,M5,2026-04-07T13:50:00Z,4646.66500,4652.45500,4643.67500,4651.93500
XAUUSD,M5,2026-04-07T13:55:00Z,4651.93500,4653.79500,4642.65500,4643.65500
XAUUSD,M5,2026-04-07T14:00:00Z,4643.63500,4644.96800,4622.36500,4624.28500
XAUUSD,M5,2026-04-07T14:05:00Z,4624.31500,4627.15500,4607.33500,4612.44500
XAUUSD,M5,2026-04-07T14:10:00Z,4612.24500,4625.58500,4611.73500,4621.67500
XAUUSD,M5,2026-04-07T14:15:00Z,4621.49800,4624.07500,4609.42500,4615.35800
XAUUSD,M5,2026-04-07T14:20:00Z,4615.25800,4645.19500,4615.23500,4641.99500
XAUUSD,M5,2026-04-07T14:25:00Z,4641.79500,4649.37600,4640.06500,4645.01500
XAUUSD,M5,2026-04-07T14:30:00Z,4645.02500,4655.09800,4642.05800,4652.63500
XAUUSD,M5,2026-04-07T14:35:00Z,4652.63500,4661.24800,4651.35500,4654.54500
XAUUSD,M5,2026-04-07T14:40:00Z,4654.55500,4655.58800,4646.37500,4646.58800
XAUUSD,M5,2026-04-07T14:45:00Z,4646.44500,4656.28800,4642.91500,4648.47500
XAUUSD,M5,2026-04-07T14:50:00Z,4648.50500,4649.04500,4639.40500,4639.48800
XAUUSD,M5,2026-04-07T14:55:00Z,4639.45500,4640.91500,4629.53800,4632.93500
XAUUSD,M5,2026-04-07T15:00:00Z,4632.73500,4636.11800,4627.46500,4627.78500
XAUUSD,M5,2026-04-07T15:05:00Z,4627.76500,4633.55000,4624.73500,4633.47800
XAUUSD,M5,2026-04-07T15:10:00Z,4633.47800,4643.05500,4631.04500,4643.05500
XAUUSD,M5,2026-04-07T15:15:00Z,4643.05500,4652.08500,4640.54500,4649.75500
XAUUSD,M5,2026-04-07T15:20:00Z,4649.75500,4652.79500,4644.84800,4645.26800
XAUUSD,M5,2026-04-07T15:25:00Z,4645.26800,4652.97500,4645.26800,4652.64800
XAUUSD,M5,2026-04-07T15:30:00Z,4652.92500,4656.43500,4643.01500,4646.32500
XAUUSD,M5,2026-04-07T15:35:00Z,4646.24500,4650.45500,4642.87800,4643.92500
XAUUSD,M5,2026-04-07T15:40:00Z,4643.92500,4648.28500,4640.19800,4645.41800
XAUUSD,M5,2026-04-07T15:45:00Z,4645.41800,4651.99800,4644.84800,4651.06500
XAUUSD,M5,2026-04-07T15:50:00Z,4651.31800,4653.77500,4648.11500,4653.30500
XAUUSD,M5,2026-04-07T15:55:00Z,4653.27500,4659.06500,4650.48800,4655.09800
XAUUSD,M5,2026-04-07T16:00:00Z,4655.09800,4668.10800,4652.46800,4662.09500
XAUUSD,M5,2026-04-07T16:05:00Z,4662.05800,4662.40500,4652.95800,4653.48500
XAUUSD,M5,2026-04-07T16:10:00Z,4653.41500,4660.03500,4652.15800,4658.41800
XAUUSD,M5,2026-04-07T16:15:00Z,4658.58500,4659.69800,4655.49500,4657.31500
XAUUSD,M5,2026-04-07T16:20:00Z,4657.27500,4667.53500,4654.05500,4656.89800
XAUUSD,M5,2026-04-07T16:25:00Z,4657.47800,4663.23800,4655.81500,4662.53800
XAUUSD,M5,2026-04-07T16:30:00Z,4662.53800,4663.77800,4655.73500,4659.35500
XAUUSD,M5,2026-04-07T16:35:00Z,4658.68500,4660.87500,4656.15800,4657.38500
XAUUSD,M5,2026-04-07T16:40:00Z,4657.40500,4660.81800,4655.59800,4660.63800
XAUUSD,M5,2026-04-07T16:45:00Z,4660.67800,4662.66500,4657.84800,4658.01500
XAUUSD,M5,2026-04-07T16:50:00Z,4658.01500,4662.07800,4656.92500,4659.89500
XAUUSD,M5,2026-04-07T16:55:00Z,4659.86500,4659.86500,4656.05800,4656.71800
XAUUSD,M5,2026-04-07T17:00:00Z,4656.72500,4665.89500,4656.15800,4665.48500
XAUUSD,M5,2026-04-07T17:05:00Z,4665.34500,4673.12500,4663.89500,4667.18500
XAUUSD,M5,2026-04-07T17:10:00Z,4667.18500,4668.35500,4665.05500,4667.88500
XAUUSD,M5,2026-04-07T17:15:00Z,4667.63800,4667.85500,4654.84800,4656.19800
XAUUSD,M5,2026-04-07T17:20:00Z,4656.17800,4658.71800,4653.53500,4658.09800
XAUUSD,M5,2026-04-07T17:25:00Z,4658.09800,4660.53800,4655.43800,4659.89800
XAUUSD,M5,2026-04-07T17:30:00Z,4660.59800,4672.37800,4660.59800,4671.79800
XAUUSD,M5,2026-04-07T17:35:00Z,4671.70800,4686.41500,4671.43500,4678.97500
XAUUSD,M5,2026-04-07T17:40:00Z,4678.99500,4681.05800,4671.18500,4671.91500
XAUUSD,M5,2026-04-07T17:45:00Z,4671.83500,4677.98500,4670.88500,4677.65500
XAUUSD,M5,2026-04-07T17:50:00Z,4677.65800,4679.79800,4676.03800,4676.26500
XAUUSD,M5,2026-04-07T17:55:00Z,4676.27500,4678.44500,4674.62500,4675.41500
XAUUSD,M5,2026-04-07T18:00:00Z,4675.38500,4680.57500,4675.27500,4677.92500
XAUUSD,M5,2026-04-07T18:05:00Z,4677.92500,4679.48500,4675.74500,4678.23500
XAUUSD,M5,2026-04-07T18:10:00Z,4678.23500,4684.29800,4676.98500,4683.69800
XAUUSD,M5,2026-04-07T18:15:00Z,4683.71800,4685.67800,4680.02800,4684.38500
XAUUSD,M5,2026-04-07T18:20:00Z,4684.38500,4685.53500,4676.47500,4677.58800
XAUUSD,M5,2026-04-07T18:25:00Z,4677.64800,4681.15800,4676.77800,4680.04800
XAUUSD,M5,2026-04-07T18:30:00Z,4680.35800,4685.98800,4680.05800,4682.78500
XAUUSD,M5,2026-04-07T18:35:00Z,4682.77500,4683.58500,4679.05800,4679.55800
XAUUSD,M5,2026-04-07T18:40:00Z,4679.57800,4680.69800,4677.13800,4679.34800
XAUUSD,M5,2026-04-07T18:45:00Z,4679.35800,4679.71800,4671.74800,4673.98800
XAUUSD,M5,2026-04-07T18:50:00Z,4673.98800,4673.98800,4664.02800,4664.69800
XAUUSD,M5,2026-04-07T18:55:00Z,4664.63800,4664.73800,4657.07500,4661.79800
XAUUSD,M5,2026-04-07T19:00:00Z,4661.85500,4666.49800,4660.43800,4664.85500
XAUUSD,M5,2026-04-07T19:05:00Z,4664.93500,4668.04800,4660.22500,4661.72500
XAUUSD,M5,2026-04-07T19:10:00Z,4661.69500,4668.55500,4661.68500,4667.63500
XAUUSD,M5,2026-04-07T19:15:00Z,4667.66500,4691.60500,4666.56800,4689.78500
XAUUSD,M5,2026-04-07T19:20:00Z,4689.81500,4702.56500,4685.08500,4689.13500
XAUUSD,M5,2026-04-07T19:25:00Z,4689.16500,4691.44500,4685.77800,4687.06500
XAUUSD,M5,2026-04-07T19:30:00Z,4687.12500,4688.21800,4682.25800,4685.73800
XAUUSD,M5,2026-04-07T19:35:00Z,4685.73800,4690.98500,4682.25800,4685.58500
XAUUSD,M5,2026-04-07T19:40:00Z,4685.56500,4690.76500,4681.47800,4686.74500
XAUUSD,M5,2026-04-07T19:45:00Z,4686.75500,4718.46500,4685.31500,4705.52500
XAUUSD,M5,2026-04-07T19:50:00Z,4705.94500,4711.99500,4694.74500,4699.43800
XAUUSD,M5,2026-04-07T19:55:00Z,4699.28500,4701.71500,4696.19800,4700.41500
XAUUSD,M5,2026-04-07T20:00:00Z,4700.47500,4710.47500,4697.05500,4705.09500
XAUUSD,M5,2026-04-07T20:05:00Z,4705.12500,4708.35800,4696.74800,4707.14800
XAUUSD,M5,2026-04-07T20:10:00Z,4707.16800,4709.98800,4704.77800,4708.13500
XAUUSD,M5,2026-04-07T20:15:00Z,4708.16500,4712.70500,4705.18500,4707.59500
XAUUSD,M5,2026-04-07T20:20:00Z,4707.62500,4708.53800,4703.65500,4707.29500
XAUUSD,M5,2026-04-07T20:25:00Z,4707.29500,4712.44500,4703.80500,4709.77800
XAUUSD,M5,2026-04-07T20:30:00Z,4710.49500,4715.05500,4708.84800,4710.29500
XAUUSD,M5,2026-04-07T20:35:00Z,4710.29500,4715.02500,4703.16500,4707.86500
XAUUSD,M5,2026-04-07T20:40:00Z,4707.54500,4716.55800,4706.67500,4707.65500
XAUUSD,M5,2026-04-07T20:45:00Z,4708.03500,4712.54500,4707.11500,4711.86500
XAUUSD,M5,2026-04-07T20:50:00Z,4711.29800,4711.42500,4707.22500,4708.37500
XAUUSD,M5,2026-04-07T20:55:00Z,4708.39500,4713.51800,4700.09300,4704.78500
XAUUSD,M5,2026-04-07T22:00:00Z,4718.01800,4747.16500,4718.01800,4744.08500
XAUUSD,M5,2026-04-07T22:05:00Z,4743.82500,4751.42500,4740.94500,4743.67500
XAUUSD,M5,2026-04-07T22:10:00Z,4743.67500,4744.17500,4730.67500,4731.46500
XAUUSD,M5,2026-04-07T22:15:00Z,4731.49500,4733.77500,4725.28500,4730.09500
XAUUSD,M5,2026-04-07T22:20:00Z,4730.13500,4731.13500,4725.91500,4727.91500
XAUUSD,M5,2026-04-07T22:25:00Z,4728.03500,4735.97500,4726.81500,4735.19500
XAUUSD,M5,2026-04-07T22:30:00Z,4735.16500,4763.97500,4712.64500,4760.27500
XAUUSD,M5,2026-04-07T22:35:00Z,4760.22500,4779.68500,4751.63500,4774.72500
XAUUSD,M5,2026-04-07T22:40:00Z,4774.78500,4779.51500,4769.18500,4769.18500
XAUUSD,M5,2026-04-07T22:45:00Z,4769.62500,4773.66500,4761.17500,4771.58500
XAUUSD,M5,2026-04-07T22:50:00Z,4771.62500,4800.69500,4770.00500,4793.25500
XAUUSD,M5,2026-04-07T22:55:00Z,4793.22500,4819.05800,4792.82500,4817.73800
XAUUSD,M5,2026-04-07T23:00:00Z,4817.77800,4824.37800,4800.49800,4810.54800
XAUUSD,M5,2026-04-07T23:05:00Z,4810.37800,4817.16800,4804.46500,4814.06800
XAUUSD,M5,2026-04-07T23:10:00Z,4814.06800,4821.67500,4806.03800,4817.80500
XAUUSD,M5,2026-04-07T23:15:00Z,4817.82500,4824.35500,4809.72800,4823.89500
XAUUSD,M5,2026-04-07T23:20:00Z,4823.95500,4828.30800,4817.04500,4818.18500
XAUUSD,M5,2026-04-07T23:25:00Z,4818.12500,4819.01800,4806.96500,4814.36500
XAUUSD,M5,2026-04-07T23:30:00Z,4814.34500,4817.15500,4807.25500,4808.05800
XAUUSD,M5,2026-04-07T23:35:00Z,4807.95800,4814.89800,4803.68500,4810.28500
XAUUSD,M5,2026-04-07T23:40:00Z,4810.24500,4813.03500,4807.84500,4812.72500
XAUUSD,M5,2026-04-07T23:45:00Z,4812.74500,4816.52500,4810.41500,4811.78500
XAUUSD,M5,2026-04-07T23:50:00Z,4811.81500,4824.03500,4809.82500,4818.49500
XAUUSD,M5,2026-04-07T23:55:00Z,4818.55500,4836.10500,4814.50500,4832.95800
XAUUSD,M5,2026-04-08T00:00:00Z,4832.95800,4852.05500,4830.19800,4845.34500
XAUUSD,M5,2026-04-08T00:05:00Z,4845.23800,4856.99800,4836.76500,4838.98500
XAUUSD,M5,2026-04-08T00:10:00Z,4838.98500,4843.47500,4830.31500,4834.63500
XAUUSD,M5,2026-04-08T00:15:00Z,4834.84500,4838.46500,4829.02500,4832.90500
XAUUSD,M5,2026-04-08T00:20:00Z,4832.83500,4833.94500,4826.68800,4827.67500
XAUUSD,M5,2026-04-08T00:25:00Z,4827.79500,4828.62500,4818.51800,4822.42500
XAUUSD,M5,2026-04-08T00:30:00Z,4822.45500,4824.58500,4814.14500,4815.50500
XAUUSD,M5,2026-04-08T00:35:00Z,4815.30500,4822.55500,4811.74500,4820.52500
XAUUSD,M5,2026-04-08T00:40:00Z,4820.54500,4822.29500,4811.26800,4813.51500
XAUUSD,M5,2026-04-08T00:45:00Z,4813.53500,4815.95500,4808.61500,4814.96500
XAUUSD,M5,2026-04-08T00:50:00Z,4815.01500,4826.80500,4815.01500,4821.63500
XAUUSD,M5,2026-04-08T00:55:00Z,4821.55500,4823.41500,4809.99500,4817.33500
XAUUSD,M5,2026-04-08T01:00:00Z,4817.37500,4824.95800,4805.89800,4806.58500
XAUUSD,M5,2026-04-08T01:05:00Z,4806.74800,4819.51500,4806.74800,4818.62500
XAUUSD,M5,2026-04-08T01:10:00Z,4818.13500,4822.31500,4815.14500,4819.77500
XAUUSD,M5,2026-04-08T01:15:00Z,4819.77500,4821.92500,4800.09500,4802.19500
XAUUSD,M5,2026-04-08T01:20:00Z,4802.15500,4807.73500,4793.39500,4801.33500
XAUUSD,M5,2026-04-08T01:25:00Z,4801.31500,4804.57500,4791.87500,4793.60500
XAUUSD,M5,2026-04-08T01:30:00Z,4793.63500,4799.27500,4787.96500,4799.09500
XAUUSD,M5,2026-04-08T01:35:00Z,4799.12500,4804.20500,4797.89500,4798.36500
XAUUSD,M5,2026-04-08T01:40:00Z,4798.10500,4802.87500,4796.36500,4799.84500
XAUUSD,M5,2026-04-08T01:45:00Z,4799.86500,4807.82500,4798.16500,4807.77500
XAUUSD,M5,2026-04-08T01:50:00Z,4807.81500,4814.03500,4807.32500,4809.26500
XAUUSD,M5,2026-04-08T01:55:00Z,4809.48500,4811.91800,4807.00500,4809.90500
XAUUSD,M5,2026-04-08T02:00:00Z,4809.80800,4825.16500,4809.80800,4816.88500
XAUUSD,M5,2026-04-08T02:05:00Z,4816.93500,4818.59500,4815.22500,4816.18500
XAUUSD,M5,2026-04-08T02:10:00Z,4816.06500,4819.17500,4813.31500,4813.57800
XAUUSD,M5,2026-04-08T02:15:00Z,4813.64500,4813.64500,4811.04800,4812.13500
XAUUSD,M5,2026-04-08T02:20:00Z,4812.18500,4813.46500,4809.53500,4809.70500
XAUUSD,M5,2026-04-08T02:25:00Z,4809.67500,4813.20500,4807.50800,4811.42500
XAUUSD,M5,2026-04-08T02:30:00Z,4811.40500,4815.69500,4809.65500,4814.53500
XAUUSD,M5,2026-04-08T02:35:00Z,4814.43500,4820.57500,4812.05500,4813.70800
XAUUSD,M5,2026-04-08T02:40:00Z,4813.87500,4814.17500,4805.90500,4806.57500
XAUUSD,M5,2026-04-08T02:45:00Z,4806.42500,4808.58500,4804.29500,4805.75500
XAUUSD,M5,2026-04-08T02:50:00Z,4805.73500,4808.92500,4802.68500,4803.87500
XAUUSD,M5,2026-04-08T02:55:00Z,4803.60500,4804.01500,4798.45500,4803.69500
XAUUSD,M5,2026-04-08T03:00:00Z,4803.67500,4805.62500,4802.72500,4803.29500
XAUUSD,M5,2026-04-08T03:05:00Z,4803.24500,4803.58500,4800.15800,4802.16500
XAUUSD,M5,2026-04-08T03:10:00Z,4802.14500,4802.84500,4797.71500,4798.61500
XAUUSD,M5,2026-04-08T03:15:00Z,4798.57500,4799.55500,4796.14500,4797.45500
XAUUSD,M5,2026-04-08T03:20:00Z,4797.43500,4801.53500,4796.64500,4800.17500
XAUUSD,M5,2026-04-08T03:25:00Z,4800.17500,4805.00500,4798.82500,4802.77500
XAUUSD,M5,2026-04-08T03:30:00Z,4802.68500,4803.39500,4794.72500,4799.90500
XAUUSD,M5,2026-04-08T03:35:00Z,4799.88500,4801.34500,4796.59500,4797.13500
XAUUSD,M5,2026-04-08T03:40:00Z,4797.08500,4804.70500,4797.08500,4799.98500
XAUUSD,M5,2026-04-08T03:45:00Z,4799.96500,4800.85500,4797.52500,4798.44500
XAUUSD,M5,2026-04-08T03:50:00Z,4798.49500,4804.33500,4798.01500,4800.02500
XAUUSD,M5,2026-04-08T03:55:00Z,4800.05500,4801.75500,4796.11500,4797.21500
XAUUSD,M5,2026-04-08T04:00:00Z,4797.29500,4801.00500,4796.64500,4797.31500
XAUUSD,M5,2026-04-08T04:05:00Z,4797.28500,4798.49500,4793.35500,4794.19500
XAUUSD,M5,2026-04-08T04:10:00Z,4794.22500,4797.76500,4793.90500,4797.12500
XAUUSD,M5,2026-04-08T04:15:00Z,4797.10500,4798.32500,4791.60500,4794.55500
XAUUSD,M5,2026-04-08T04:20:00Z,4794.58500,4794.71500,4789.98500,4790.90500
XAUUSD,M5,2026-04-08T04:25:00Z,4790.92500,4803.99600,4790.49500,4802.03500
XAUUSD,M5,2026-04-08T04:30:00Z,4802.18500,4804.50500,4800.65500,4801.02500
XAUUSD,M5,2026-04-08T04:35:00Z,4800.99500,4805.35500,4800.57500,4804.06500
XAUUSD,M5,2026-04-08T04:40:00Z,4804.08500,4806.47500,4802.18800,4802.55500
XAUUSD,M5,2026-04-08T04:45:00Z,4802.79500,4803.76500,4797.62500,4798.51500
XAUUSD,M5,2026-04-08T04:50:00Z,4798.48500,4802.04500,4797.83500,4800.13500
XAUUSD,M5,2026-04-08T04:55:00Z,4800.08500,4803.66500,4798.76500,4803.34500
XAUUSD,M5,2026-04-08T05:00:00Z,4803.30500,4806.56500,4800.13500,4805.95500
XAUUSD,M5,2026-04-08T05:05:00Z,4805.99500,4810.13500,4805.36500,4808.09500
XAUUSD,M5,2026-04-08T05:10:00Z,4808.05500,4810.37500,4805.45500,4809.20500
XAUUSD,M5,2026-04-08T05:15:00Z,4809.23500,4810.11500,4806.42500,4809.53500
XAUUSD,M5,2026-04-08T05:20:00Z,4809.55500,4812.01500,4808.17500,4810.96500
XAUUSD,M5,2026-04-08T05:25:00Z,4810.96500,4816.36500,4810.30500,4815.52500
XAUUSD,M5,2026-04-08T05:30:00Z,4815.49500,4823.14500,4813.57500,4821.76500
XAUUSD,M5,2026-04-08T05:35:00Z,4821.78500,4822.54500,4816.94500,4819.83500
XAUUSD,M5,2026-04-08T05:40:00Z,4819.74500,4824.96500,4819.74500,4822.16500
XAUUSD,M5,2026-04-08T05:45:00Z,4822.13500,4831.38500,4820.59500,4831.27500
XAUUSD,M5,2026-04-08T05:50:00Z,4831.29500,4843.50500,4830.70500,4836.27500
XAUUSD,M5,2026-04-08T05:55:00Z,4836.25500,4836.33500,4824.80500,4827.27500
XAUUSD,M5,2026-04-08T06:00:00Z,4827.23500,4834.83500,4826.97500,4830.43500
XAUUSD,M5,2026-04-08T06:05:00Z,4830.45500,4831.55500,4820.81500,4824.22500
XAUUSD,M5,2026-04-08T06:10:00Z,4824.26500,4827.50500,4823.50500,4826.23500
XAUUSD,M5,2026-04-08T06:15:00Z,4826.24500,4830.51500,4824.29500,4830.20500
XAUUSD,M5,2026-04-08T06:20:00Z,4830.15500,4835.49500,4829.01500,4833.44500
XAUUSD,M5,2026-04-08T06:25:00Z,4833.49500,4836.35500,4831.02500,4836.14500
XAUUSD,M5,2026-04-08T06:30:00Z,4836.20500,4836.73500,4828.92500,4832.65500
XAUUSD,M5,2026-04-08T06:35:00Z,4832.63500,4839.57500,4829.94500,4831.17500
XAUUSD,M5,2026-04-08T06:40:00Z,4831.26500,4836.97500,4830.57500,4835.47500
XAUUSD,M5,2026-04-08T06:45:00Z,4835.45500,4839.32500,4832.07500,4832.09500
XAUUSD,M5,2026-04-08T06:50:00Z,4831.96500,4832.78500,4821.00500,4823.04500
XAUUSD,M5,2026-04-08T06:55:00Z,4823.02500,4823.52500,4819.64500,4819.69500
XAUUSD,M5,2026-04-08T07:00:00Z,4819.67500,4820.59500,4807.14500,4812.61500
XAUUSD,M5,2026-04-08T07:05:00Z,4812.62500,4817.09500,4811.99500,4815.01500
XAUUSD,M5,2026-04-08T07:10:00Z,4814.96500,4815.40500,4809.18500,4812.22500
XAUUSD,M5,2026-04-08T07:15:00Z,4812.17500,4815.09500,4810.66800,4812.29500
XAUUSD,M5,2026-04-08T07:20:00Z,4812.26500,4816.11500,4809.14500,4815.74500
XAUUSD,M5,2026-04-08T07:25:00Z,4815.72500,4821.10500,4815.25500,4818.39500
XAUUSD,M5,2026-04-08T07:30:00Z,4818.33500,4818.49500,4807.78500,4809.70500
XAUUSD,M5,2026-04-08T07:35:00Z,4809.69500,4814.14500,4806.50500,4810.20500
XAUUSD,M5,2026-04-08T07:40:00Z,4810.15500,4810.80500,4804.92500,4808.84500
XAUUSD,M5,2026-04-08T07:45:00Z,4808.83500,4814.63500,4808.19500,4814.56500
XAUUSD,M5,2026-04-08T07:50:00Z,4815.07500,4819.82500,4813.48500,4818.74500
XAUUSD,M5,2026-04-08T07:55:00Z,4818.78500,4820.24500,4812.93500,4813.04500
XAUUSD,M5,2026-04-08T08:00:00Z,4813.35500,4816.41500,4807.85500,4816.38500
XAUUSD,M5,2026-04-08T08:05:00Z,4816.51800,4819.25500,4814.77500,4815.80500
XAUUSD,M5,2026-04-08T08:10:00Z,4815.77500,4816.45500,4811.24500,4814.93800
XAUUSD,M5,2026-04-08T08:15:00Z,4815.20500,4819.55500,4814.57500,4818.66500
XAUUSD,M5,2026-04-08T08:20:00Z,4818.69500,4818.97500,4807.03500,4807.77500
XAUUSD,M5,2026-04-08T08:25:00Z,4807.39800,4809.43500,4798.23500,4808.32500
XAUUSD,M5,2026-04-08T08:30:00Z,4808.29500,4808.37500,4802.35800,4802.70500
XAUUSD,M5,2026-04-08T08:35:00Z,4802.57500,4807.06500,4801.43500,4802.47500
XAUUSD,M5,2026-04-08T08:40:00Z,4802.49500,4804.46500,4790.14500,4793.25500
XAUUSD,M5,2026-04-08T08:45:00Z,4793.23500,4798.79500,4790.48500,4794.89500
XAUUSD,M5,2026-04-08T08:50:00Z,4795.22500,4803.24500,4793.29500,4796.22500
XAUUSD,M5,2026-04-08T08:55:00Z,4796.33500,4798.28500,4793.47500,4793.58500
XAUUSD,M5,2026-04-08T09:00:00Z,4793.61500,4798.32500,4792.89800,4796.26500
XAUUSD,M5,2026-04-08T09:05:00Z,4796.23500,4798.91800,4795.10500,4796.91500
XAUUSD,M5,2026-04-08T09:10:00Z,4796.85500,4800.82500,4794.97500,4800.29500
XAUUSD,M5,2026-04-08T09:15:00Z,4800.25500,4800.25500,4795.13500,4796.96500
XAUUSD,M5,2026-04-08T09:20:00Z,4796.87800,4803.11500,4794.75800,4801.80500
XAUUSD,M5,2026-04-08T09:25:00Z,4801.83800,4806.40500,4796.08500,4798.00500
XAUUSD,M5,2026-04-08T09:30:00Z,4797.98500,4803.32800,4795.75800,4797.13500
XAUUSD,M5,2026-04-08T09:35:00Z,4797.26500,4801.16500,4793.40500,4794.37500
XAUUSD,M5,2026-04-08T09:40:00Z,4794.25800,4795.14500,4776.35500,4782.18500
XAUUSD,M5,2026-04-08T09:45:00Z,4782.21500,4786.25500,4775.72800,4785.08500
XAUUSD,M5,2026-04-08T09:50:00Z,4785.33500,4788.43500,4783.32500,4784.13500
XAUUSD,M5,2026-04-08T09:55:00Z,4784.17500,4785.19800,4778.49500,4782.79800
XAUUSD,M5,2026-04-08T10:00:00Z,4782.83800,4789.96500,4781.37500,4788.34500
XAUUSD,M5,2026-04-08T10:05:00Z,4788.65500,4789.09500,4785.40500,4787.42500
XAUUSD,M5,2026-04-08T10:10:00Z,4787.40500,4788.01500,4782.38500,4782.39800
XAUUSD,M5,2026-04-08T10:15:00Z,4782.11500,4782.71500,4770.88500,4775.99500
XAUUSD,M5,2026-04-08T10:20:00Z,4776.49500,4780.70500,4771.55500,4778.35800
XAUUSD,M5,2026-04-08T10:25:00Z,4778.35800,4782.97800,4778.07800,4782.21800
XAUUSD,M5,2026-04-08T10:30:00Z,4782.21800,4784.79800,4779.57500,4782.61500
XAUUSD,M5,2026-04-08T10:35:00Z,4782.62500,4789.14500,4781.37500,4787.17800
XAUUSD,M5,2026-04-08T10:40:00Z,4787.19800,4791.88500,4784.71500,4791.31500
XAUUSD,M5,2026-04-08T10:45:00Z,4791.17500,4794.85500,4791.15500,4792.94500
XAUUSD,M5,2026-04-08T10:50:00Z,4792.90500,4795.80500,4790.32500,4790.44500
XAUUSD,M5,2026-04-08T10:55:00Z,4790.97500,4791.01500,4782.09800,4782.29800
XAUUSD,M5,2026-04-08T11:00:00Z,4782.29800,4785.78500,4779.42500,4782.04500
XAUUSD,M5,2026-04-08T11:05:00Z,4782.01500,4790.56500,4779.62500,4790.24500
XAUUSD,M5,2026-04-08T11:10:00Z,4790.24500,4790.24500,4786.13800,4786.89800
XAUUSD,M5,2026-04-08T11:15:00Z,4786.89800,4787.49800,4782.59800,4784.36500
XAUUSD,M5,2026-04-08T11:20:00Z,4784.39500,4787.12500,4782.61500,4785.64800
XAUUSD,M5,2026-04-08T11:25:00Z,4785.64800,4796.81500,4784.43800,4789.41800
XAUUSD,M5,2026-04-08T11:30:00Z,4789.62500,4792.23500,4784.69500,4787.85500
XAUUSD,M5,2026-04-08T11:35:00Z,4787.81500,4787.81500,4777.86500,4782.82500
XAUUSD,M5,2026-04-08T11:40:00Z,4782.78500,4791.09500,4780.42500,4789.95500
XAUUSD,M5,2026-04-08T11:45:00Z,4790.00500,4796.21500,4789.16500,4796.10500
XAUUSD,M5,2026-04-08T11:50:00Z,4796.03500,4800.45500,4794.40500,4796.38500
XAUUSD,M5,2026-04-08T11:55:00Z,4796.22500,4802.65500,4796.22500,4798.13800
XAUUSD,M5,2026-04-08T12:00:00Z,4798.08500,4804.01500,4797.99500,4803.54500
XAUUSD,M5,2026-04-08T12:05:00Z,4803.67500,4805.66500,4799.83500,4800.47500
XAUUSD,M5,2026-04-08T12:10:00Z,4800.47500,4807.00500,4797.68500,4805.00500
XAUUSD,M5,2026-04-08T12:15:00Z,4805.06500,4805.12500,4792.19500,4793.17500
XAUUSD,M5,2026-04-08T12:20:00Z,4792.84500,4794.39500,4768.12800,4769.23500
XAUUSD,M5,2026-04-08T12:25:00Z,4769.36500,4784.33500,4769.36500,4783.92500
XAUUSD,M5,2026-04-08T12:30:00Z,4783.95500,4793.45500,4783.16500,4792.95500
XAUUSD,M5,2026-04-08T12:35:00Z,4793.27500,4797.90500,4791.25800,4796.50500
XAUUSD,M5,2026-04-08T12:40:00Z,4796.47500,4797.62500,4793.86500,4794.57500
XAUUSD,M5,2026-04-08T12:45:00Z,4794.58500,4801.22500,4794.55500,4797.15500
XAUUSD,M5,2026-04-08T12:50:00Z,4797.06500,4801.68500,4794.26500,4801.11500
XAUUSD,M5,2026-04-08T12:55:00Z,4801.09500,4802.18500,4798.30500,4799.32500
XAUUSD,M5,2026-04-08T13:00:00Z,4799.29500,4806.40500,4798.68500,4802.06500
XAUUSD,M5,2026-04-08T13:05:00Z,4802.04500,4802.27500,4795.57500,4797.43500
XAUUSD,M5,2026-04-08T13:10:00Z,4797.59500,4797.86500,4790.51800,4792.81500
XAUUSD,M5,2026-04-08T13:15:00Z,4792.75800,4797.04500,4790.98500,4792.80500
XAUUSD,M5,2026-04-08T13:20:00Z,4792.75500,4797.86500,4789.33500,4797.48500
XAUUSD,M5,2026-04-08T13:25:00Z,4797.39800,4798.97500,4788.69500,4789.90800
XAUUSD,M5,2026-04-08T13:30:00Z,4789.91800,4794.39800,4773.93500,4782.44500
XAUUSD,M5,2026-04-08T13:35:00Z,4782.55500,4787.46500,4773.57500,4776.56500
XAUUSD,M5,2026-04-08T13:40:00Z,4777.10500,4780.25800,4773.29800,4773.93800
XAUUSD,M5,2026-04-08T13:45:00Z,4773.91800,4788.10500,4773.43800,4787.88500
XAUUSD,M5,2026-04-08T13:50:00Z,4787.84500,4788.54500,4771.12500,4771.87800
XAUUSD,M5,2026-04-08T13:55:00Z,4771.89500,4780.26500,4767.94500,4777.29500
XAUUSD,M5,2026-04-08T14:00:00Z,4777.16800,4791.33800,4776.09500,4785.50800
XAUUSD,M5,2026-04-08T14:05:00Z,4785.48500,4791.56500,4776.33500,4785.99500
XAUUSD,M5,2026-04-08T14:10:00Z,4785.92500,4786.81500,4778.49500,4779.72500
XAUUSD,M5,2026-04-08T14:15:00Z,4779.78500,4785.01800,4772.16500,4772.68500
XAUUSD,M5,2026-04-08T14:20:00Z,4772.91500,4779.97500,4771.47800,4774.17500
XAUUSD,M5,2026-04-08T14:25:00Z,4774.32500,4774.41800,4760.99800,4767.37500
XAUUSD,M5,2026-04-08T14:30:00Z,4767.49500,4768.01500,4750.66500,4753.91500
XAUUSD,M5,2026-04-08T14:35:00Z,4753.94500,4766.29500,4751.01500,4760.49500
XAUUSD,M5,2026-04-08T14:40:00Z,4760.70800,4769.89500,4757.84800,4759.78800
XAUUSD,M5,2026-04-08T14:45:00Z,4759.77800,4764.74800,4749.31500,4755.55500
XAUUSD,M5,2026-04-08T14:50:00Z,4755.64500,4756.38500,4744.73800,4752.58500
XAUUSD,M5,2026-04-08T14:55:00Z,4752.28500,4753.27500,4731.90500,4735.84500
XAUUSD,M5,2026-04-08T15:00:00Z,4735.90500,4747.93800,4735.33800,4746.55800
XAUUSD,M5,2026-04-08T15:05:00Z,4746.53800,4749.12500,4741.38500,4742.24500
XAUUSD,M5,2026-04-08T15:10:00Z,4742.22500,4747.48500,4733.85500,4743.32500
XAUUSD,M5,2026-04-08T15:15:00Z,4743.09800,4754.33500,4742.54500,4754.05500
XAUUSD,M5,2026-04-08T15:20:00Z,4753.99500,4757.54500,4752.99500,4754.72500
XAUUSD,M5,2026-04-08T15:25:00Z,4754.76500,4757.36500,4749.83500,4750.76500
XAUUSD,M5,2026-04-08T15:30:00Z,4750.73500,4756.89500,4750.25500,4756.74500
XAUUSD,M5,2026-04-08T15:35:00Z,4756.69500,4760.82500,4756.15500,4760.00500
XAUUSD,M5,2026-04-08T15:40:00Z,4759.96500,4761.52500,4753.99500,4755.42500
XAUUSD,M5,2026-04-08T15:45:00Z,4755.56500,4759.44500,4754.30500,4758.68500
XAUUSD,M5,2026-04-08T15:50:00Z,4758.89500,4762.86500,4757.19500,4757.21500
XAUUSD,M5,2026-04-08T15:55:00Z,4757.24500,4759.10500,4754.87500,4756.20500
XAUUSD,M5,2026-04-08T16:00:00Z,4756.17500,4762.49500,4755.64500,4757.20500
XAUUSD,M5,2026-04-08T16:05:00Z,4757.24500,4758.72500,4754.79500,4757.52500
XAUUSD,M5,2026-04-08T16:10:00Z,4757.59500,4760.40500,4753.56500,4753.79800
XAUUSD,M5,2026-04-08T16:15:00Z,4753.79800,4754.81500,4745.00500,4747.85500
XAUUSD,M5,2026-04-08T16:20:00Z,4747.78500,4752.87500,4746.90500,4752.16500
XAUUSD,M5,2026-04-08T16:25:00Z,4752.09800,4753.77500,4748.46500,4749.84500
XAUUSD,M5,2026-04-08T16:30:00Z,4749.87500,4757.21500,4747.83500,4755.48500
XAUUSD,M5,2026-04-08T16:35:00Z,4755.62500,4758.85500,4753.06500,4758.73500
XAUUSD,M5,2026-04-08T16:40:00Z,4758.81500,4759.93500,4756.77800,4758.26500
XAUUSD,M5,2026-04-08T16:45:00Z,4758.25500,4761.99800,4756.21500,4760.50800
XAUUSD,M5,2026-04-08T16:50:00Z,4760.54800,4765.29800,4759.92800,4760.64800
XAUUSD,M5,2026-04-08T16:55:00Z,4760.51500,4762.29800,4759.29500,4760.09800
XAUUSD,M5,2026-04-08T17:00:00Z,4760.09800,4764.11500,4758.80800,4759.91500
XAUUSD,M5,2026-04-08T17:05:00Z,4759.88500,4760.21800,4755.98800,4757.59800
XAUUSD,M5,2026-04-08T17:10:00Z,4757.48500,4761.74800,4757.20500,4760.43500
XAUUSD,M5,2026-04-08T17:15:00Z,4760.46500,4762.26500,4754.37800,4755.24800
XAUUSD,M5,2026-04-08T17:20:00Z,4755.24800,4756.74500,4746.04800,4748.39800
XAUUSD,M5,2026-04-08T17:25:00Z,4748.41800,4753.45800,4745.20500,4750.65800
XAUUSD,M5,2026-04-08T17:30:00Z,4750.61800,4754.10500,4742.48500,4744.46500
XAUUSD,M5,2026-04-08T17:35:00Z,4744.51500,4744.76500,4736.49800,4736.74800
XAUUSD,M5,2026-04-08T17:40:00Z,4736.69800,4742.20500,4735.81800,4740.32500
XAUUSD,M5,2026-04-08T17:45:00Z,4740.30500,4740.94500,4735.56500,4737.99500
XAUUSD,M5,2026-04-08T17:50:00Z,4738.03500,4741.37500,4735.82500,4736.25500
XAUUSD,M5,2026-04-08T17:55:00Z,4736.29500,4737.52500,4731.28800,4733.74500
XAUUSD,M5,2026-04-08T18:00:00Z,4733.52500,4739.93500,4726.83500,4739.83500
XAUUSD,M5,2026-04-08T18:05:00Z,4739.80500,4743.54800,4738.92500,4743.17500
XAUUSD,M5,2026-04-08T18:10:00Z,4743.17500,4744.29500,4740.55500,4743.47500
XAUUSD,M5,2026-04-08T18:15:00Z,4743.49500,4744.33500,4716.93500,4729.28500
XAUUSD,M5,2026-04-08T18:20:00Z,4729.32500,4731.67500,4721.17500,4723.60500
XAUUSD,M5,2026-04-08T18:25:00Z,4723.54500,4726.81500,4717.79500,4722.31500
XAUUSD,M5,2026-04-08T18:30:00Z,4722.93300,4724.83500,4720.37500,4722.67500
XAUUSD,M5,2026-04-08T18:35:00Z,4722.95500,4723.22500,4713.25500,4714.54500
XAUUSD,M5,2026-04-08T18:40:00Z,4714.52500,4716.51500,4707.93500,4709.12500
XAUUSD,M5,2026-04-08T18:45:00Z,4709.09500,4716.78500,4708.06500,4710.11500
XAUUSD,M5,2026-04-08T18:50:00Z,4710.11500,4711.69500,4704.04500,4707.60500
XAUUSD,M5,2026-04-08T18:55:00Z,4707.53500,4707.83500,4703.63500,4705.10500
XAUUSD,M5,2026-04-08T19:00:00Z,4704.82500,4708.37500,4701.27500,4701.77500
XAUUSD,M5,2026-04-08T19:05:00Z,4701.93500,4708.81500,4699.23500,4707.62500
XAUUSD,M5,2026-04-08T19:10:00Z,4707.67500,4716.20500,4706.36500,4715.31500
XAUUSD,M5,2026-04-08T19:15:00Z,4715.29500,4718.38500,4710.06500,4711.27500
XAUUSD,M5,2026-04-08T19:20:00Z,4711.27500,4712.08500,4708.35500,4710.53500
XAUUSD,M5,2026-04-08T19:25:00Z,4710.55500,4714.34500,4707.19500,4708.40500
XAUUSD,M5,2026-04-08T19:30:00Z,4708.33500,4718.68500,4707.81500,4716.64500
XAUUSD,M5,2026-04-08T19:35:00Z,4716.97500,4724.45500,4715.97500,4723.56500
XAUUSD,M5,2026-04-08T19:40:00Z,4723.36500,4724.54500,4720.37500,4721.64500
XAUUSD,M5,2026-04-08T19:45:00Z,4721.54500,4726.36500,4721.37500,4725.49500
XAUUSD,M5,2026-04-08T19:50:00Z,4725.46500,4730.15500,4725.46500,4729.55500
XAUUSD,M5,2026-04-08T19:55:00Z,4729.72500,4731.69800,4727.47500,4730.46500
XAUUSD,M5,2026-04-08T20:00:00Z,4730.29800,4731.97500,4728.60500,4731.47500
XAUUSD,M5,2026-04-08T20:05:00Z,4731.28500,4731.88500,4727.32500,4727.38500
XAUUSD,M5,2026-04-08T20:10:00Z,4727.34500,4728.04500,4726.25500,4727.60500
XAUUSD,M5,2026-04-08T20:15:00Z,4727.60500,4729.82500,4723.86500,4724.23500
XAUUSD,M5,2026-04-08T20:20:00Z,4724.27500,4724.58500,4722.31500,4724.53500
XAUUSD,M5,2026-04-08T20:25:00Z,4724.50500,4724.55500,4721.39500,4722.80500
XAUUSD,M5,2026-04-08T20:30:00Z,4722.82500,4723.70500,4720.76500,4723.44500
XAUUSD,M5,2026-04-08T20:35:00Z,4723.45500,4723.64500,4720.85500,4722.41500
XAUUSD,M5,2026-04-08T20:40:00Z,4722.16500,4723.47500,4721.67500,4722.07500
XAUUSD,M5,2026-04-08T20:45:00Z,4722.05500,4724.19500,4719.54500,4719.67500
XAUUSD,M5,2026-04-08T20:50:00Z,4719.69500,4720.58800,4716.86500,4718.66500
XAUUSD,M5,2026-04-08T20:55:00Z,4718.69500,4720.48500,4715.73500,4715.83500
XAUUSD,M5,2026-04-08T22:00:00Z,4718.09800,4732.52500,4718.08500,4727.11500
XAUUSD,M5,2026-04-08T22:05:00Z,4727.08500,4729.19500,4720.31500,4722.10500
XAUUSD,M5,2026-04-08T22:10:00Z,4722.23500,4723.30800,4708.92500,4711.88800
XAUUSD,M5,2026-04-08T22:15:00Z,4711.86800,4716.93800,4707.41500,4711.38800
XAUUSD,M5,2026-04-08T22:20:00Z,4711.39800,4713.23800,4704.07500,4712.25500
XAUUSD,M5,2026-04-08T22:25:00Z,4711.71800,4713.24800,4708.69800,4713.24800
XAUUSD,M5,2026-04-08T22:30:00Z,4713.28800,4716.88500,4705.35500,4716.31800
XAUUSD,M5,2026-04-08T22:35:00Z,4716.66500,4719.14500,4712.57500,4713.20500
XAUUSD,M5,2026-04-08T22:40:00Z,4713.18500,4717.29500,4710.74500,4712.43500
XAUUSD,M5,2026-04-08T22:45:00Z,4712.48500,4715.88500,4711.33500,4714.98500
XAUUSD,M5,2026-04-08T22:50:00Z,4715.19500,4718.36500,4713.83500,4716.31500
XAUUSD,M5,2026-04-08T22:55:00Z,4716.39500,4720.05500,4714.75500,4717.08500
XAUUSD,M5,2026-04-08T23:00:00Z,4715.71500,4716.98800,4708.90500,4713.76800
XAUUSD,M5,2026-04-08T23:05:00Z,4713.76800,4717.27800,4706.70800,4706.99800
XAUUSD,M5,2026-04-08T23:10:00Z,4706.93800,4711.07800,4704.99800,4708.24500
XAUUSD,M5,2026-04-08T23:15:00Z,4708.20500,4713.10800,4705.48500,4712.61800
XAUUSD,M5,2026-04-08T23:20:00Z,4712.61800,4715.66500,4710.10500,4713.07500
XAUUSD,M5,2026-04-08T23:25:00Z,4713.05500,4713.05500,4709.60500,4709.80500
XAUUSD,M5,2026-04-08T23:30:00Z,4709.80500,4710.85500,4706.76500,4710.24500
XAUUSD,M5,2026-04-08T23:35:00Z,4710.21500,4713.15500,4709.58500,4712.36500
XAUUSD,M5,2026-04-08T23:40:00Z,4712.32500,4715.43500,4712.03500,4713.12500
XAUUSD,M5,2026-04-08T23:45:00Z,4713.08500,4717.69500,4712.46500,4717.25500
XAUUSD,M5,2026-04-08T23:50:00Z,4717.27500,4719.79500,4714.59500,4714.75500
XAUUSD,M5,2026-04-08T23:55:00Z,4714.73500,4716.35500,4712.28500,4715.21500
XAUUSD,M5,2026-04-09T00:00:00Z,4715.37500,4715.40500,4702.95800,4705.01800
XAUUSD,M5,2026-04-09T00:05:00Z,4705.03800,4705.15800,4698.08500,4700.20500
XAUUSD,M5,2026-04-09T00:10:00Z,4700.28500,4703.33800,4698.62800,4702.06500
XAUUSD,M5,2026-04-09T00:15:00Z,4702.00500,4704.79500,4700.58800,4703.82500
XAUUSD,M5,2026-04-09T00:20:00Z,4703.89500,4711.83800,4701.47500,4710.45500
XAUUSD,M5,2026-04-09T00:25:00Z,4710.46500,4712.05500,4706.10500,4706.10500
XAUUSD,M5,2026-04-09T00:30:00Z,4706.07500,4713.91500,4705.21500,4712.07500
XAUUSD,M5,2026-04-09T00:35:00Z,4712.09500,4714.90500,4711.51500,4712.83500
XAUUSD,M5,2026-04-09T00:40:00Z,4712.86500,4718.19500,4712.86500,4718.07500
XAUUSD,M5,2026-04-09T00:45:00Z,4718.11500,4718.88500,4713.26500,4715.41500
XAUUSD,M5,2026-04-09T00:50:00Z,4715.41500,4716.70500,4707.87500,4709.15500
XAUUSD,M5,2026-04-09T00:55:00Z,4709.13500,4710.41500,4705.60500,4706.51500
XAUUSD,M5,2026-04-09T01:00:00Z,4706.36500,4716.12500,4699.17800,4712.44500
XAUUSD,M5,2026-04-09T01:05:00Z,4712.30500,4716.81500,4708.37500,4715.67500
XAUUSD,M5,2026-04-09T01:10:00Z,4715.69500,4721.77500,4711.01500,4720.45500
XAUUSD,M5,2026-04-09T01:15:00Z,4720.53500,4723.19500,4716.41500,4720.61500
XAUUSD,M5,2026-04-09T01:20:00Z,4720.56500,4720.58500,4708.78500,4711.43500
XAUUSD,M5,2026-04-09T01:25:00Z,4711.38500,4711.91500,4702.69500,4704.69500
XAUUSD,M5,2026-04-09T01:30:00Z,4704.38500,4719.33500,4703.74500,4718.17500
XAUUSD,M5,2026-04-09T01:35:00Z,4718.20500,4719.08500,4714.78500,4718.63500
XAUUSD,M5,2026-04-09T01:40:00Z,4718.71500,4721.35500,4715.31500,4717.34500
XAUUSD,M5,2026-04-09T01:45:00Z,4717.87500,4722.74500,4717.55500,4722.06500
XAUUSD,M5,2026-04-09T01:50:00Z,4722.01500,4724.29800,4721.34800,4723.26500
XAUUSD,M5,2026-04-09T01:55:00Z,4723.58500,4728.12500,4721.20500,4727.15500
XAUUSD,M5,2026-04-09T02:00:00Z,4727.23500,4728.66500,4720.77500,4721.75500
XAUUSD,M5,2026-04-09T02:05:00Z,4721.79500,4725.74500,4721.74500,4722.00500
XAUUSD,M5,2026-04-09T02:10:00Z,4721.97500,4723.90500,4721.06800,4722.72500
XAUUSD,M5,2026-04-09T02:15:00Z,4722.76500,4727.75500,4722.34500,4726.61500
XAUUSD,M5,2026-04-09T02:20:00Z,4726.63500,4727.75500,4724.68500,4726.25500
XAUUSD,M5,2026-04-09T02:25:00Z,4726.47500,4726.47500,4723.47500,4725.28500
XAUUSD,M5,2026-04-09T02:30:00Z,4725.31500,4729.94500,4725.17500,4725.73500
XAUUSD,M5,2026-04-09T02:35:00Z,4725.84500,4732.43500,4725.50500,4730.74500
XAUUSD,M5,2026-04-09T02:40:00Z,4730.56500,4732.29500,4728.98500,4732.06500
XAUUSD,M5,2026-04-09T02:45:00Z,4732.00500,4732.59500,4725.39500,4725.98500
XAUUSD,M5,2026-04-09T02:50:00Z,4726.01500,4728.27500,4722.77800,4722.95800
XAUUSD,M5,2026-04-09T02:55:00Z,4722.86500,4723.96500,4717.07500,4718.82500
XAUUSD,M5,2026-04-09T03:00:00Z,4718.77500,4720.06500,4715.41500,4718.81800
XAUUSD,M5,2026-04-09T03:05:00Z,4718.79800,4719.53800,4715.09500,4717.88500
XAUUSD,M5,2026-04-09T03:10:00Z,4717.86500,4717.88500,4711.15800,4712.22500
XAUUSD,M5,2026-04-09T03:15:00Z,4712.27500,4713.01500,4705.53800,4707.42500
XAUUSD,M5,2026-04-09T03:20:00Z,4707.46500,4710.20500,4704.89800,4708.45500
XAUUSD,M5,2026-04-09T03:25:00Z,4708.48500,4712.63500,4708.13500,4712.25800
XAUUSD,M5,2026-04-09T03:30:00Z,4712.33500,4714.58500,4712.04500,4713.44500
XAUUSD,M5,2026-04-09T03:35:00Z,4713.55500,4714.12500,4711.48500,4714.10500
XAUUSD,M5,2026-04-09T03:40:00Z,4714.21800,4714.63500,4713.00500,4714.52500
XAUUSD,M5,2026-04-09T03:45:00Z,4714.55500,4714.60500,4706.27500,4710.67500
XAUUSD,M5,2026-04-09T03:50:00Z,4710.76500,4713.75500,4707.64800,4711.12500
XAUUSD,M5,2026-04-09T03:55:00Z,4711.38500,4713.66500,4710.35800,4711.16500
XAUUSD,M5,2026-04-09T04:00:00Z,4711.18500,4715.61500,4709.43500,4714.99500
XAUUSD,M5,2026-04-09T04:05:00Z,4714.88500,4720.71500,4714.63800,4720.35500
XAUUSD,M5,2026-04-09T04:10:00Z,4720.40500,4722.14500,4720.07500,4721.37500
XAUUSD,M5,2026-04-09T04:15:00Z,4721.57500,4722.94800,4719.54800,4720.09500
XAUUSD,M5,2026-04-09T04:20:00Z,4720.06500,4720.23500,4717.72500,4717.99500
XAUUSD,M5,2026-04-09T04:25:00Z,4718.02500,4719.38500,4716.77800,4716.77800
XAUUSD,M5,2026-04-09T04:30:00Z,4716.77800,4717.58500,4714.10500,4715.60500
XAUUSD,M5,2026-04-09T04:35:00Z,4715.62500,4720.88500,4715.10500,4717.84500
XAUUSD,M5,2026-04-09T04:40:00Z,4717.82500,4723.16500,4717.69500,4720.54800
XAUUSD,M5,2026-04-09T04:45:00Z,4720.76500,4722.08500,4719.62500,4720.96500
XAUUSD,M5,2026-04-09T04:50:00Z,4720.94500,4725.03800,4720.69500,4723.98500
XAUUSD,M5,2026-04-09T04:55:00Z,4724.00500,4724.00500,4720.48500,4720.50500
XAUUSD,M5,2026-04-09T05:00:00Z,4720.54500,4723.34800,4719.20500,4719.27500
XAUUSD,M5,2026-04-09T05:05:00Z,4719.22500,4719.76800,4714.86500,4716.09500
XAUUSD,M5,2026-04-09T05:10:00Z,4716.03500,4716.03500,4710.44500,4713.61500
XAUUSD,M5,2026-04-09T05:15:00Z,4713.63500,4720.21500,4713.12500,4720.21500
XAUUSD,M5,2026-04-09T05:20:00Z,4720.19500,4723.49500,4719.73500,4720.54500
XAUUSD,M5,2026-04-09T05:25:00Z,4720.54800,4726.29500,4720.02500,4726.03500
XAUUSD,M5,2026-04-09T05:30:00Z,4726.01500,4726.37500,4716.55500,4719.48500
XAUUSD,M5,2026-04-09T05:35:00Z,4719.31500,4721.81500,4715.83500,4719.46500
XAUUSD,M5,2026-04-09T05:40:00Z,4719.44500,4724.24500,4719.02500,4723.59500
XAUUSD,M5,2026-04-09T05:45:00Z,4723.47500,4724.08500,4714.25500,4714.25500
XAUUSD,M5,2026-04-09T05:50:00Z,4714.27500,4714.49800,4705.51500,4708.29500
XAUUSD,M5,2026-04-09T05:55:00Z,4708.31500,4715.35500,4706.85500,4712.70500
XAUUSD,M5,2026-04-09T06:00:00Z,4712.72500,4722.37800,4711.08500,4721.52800
XAUUSD,M5,2026-04-09T06:05:00Z,4721.47500,4724.99500,4720.18500,4720.20500
XAUUSD,M5,2026-04-09T06:10:00Z,4720.25800,4723.70800,4717.40500,4718.82500
XAUUSD,M5,2026-04-09T06:15:00Z,4718.88800,4721.56500,4716.02500,4716.05500
XAUUSD,M5,2026-04-09T06:20:00Z,4716.01500,4720.85500,4713.96500,4714.75500
XAUUSD,M5,2026-04-09T06:25:00Z,4714.70500,4718.21500,4712.13800,4718.04500
XAUUSD,M5,2026-04-09T06:30:00Z,4718.15500,4722.81500,4716.38800,4718.75500
XAUUSD,M5,2026-04-09T06:35:00Z,4718.73500,4718.76500,4711.23800,4714.61800
XAUUSD,M5,2026-04-09T06:40:00Z,4714.57800,4718.62800,4712.26500,4713.20500
XAUUSD,M5,2026-04-09T06:45:00Z,4713.18500,4714.74500,4711.04500,4711.45500
XAUUSD,M5,2026-04-09T06:50:00Z,4711.48500,4712.99500,4703.18500,4707.81500
XAUUSD,M5,2026-04-09T06:55:00Z,4707.87800,4713.78500,4707.74500,4712.12500
XAUUSD,M5,2026-04-09T07:00:00Z,4712.24500,4716.44500,4708.14500,4715.15500
XAUUSD,M5,2026-04-09T07:05:00Z,4715.21500,4728.37500,4714.38500,4724.88500
XAUUSD,M5,2026-04-09T07:10:00Z,4724.86500,4730.06800,4721.67500,4724.19500
XAUUSD,M5,2026-04-09T07:15:00Z,4724.20500,4724.45500,4714.61500,4715.45800
XAUUSD,M5,2026-04-09T07:20:00Z,4715.37800,4715.81500,4709.78500,4713.27500
XAUUSD,M5,2026-04-09T07:25:00Z,4713.18500,4714.33500,4705.33500,4708.27500
XAUUSD,M5,2026-04-09T07:30:00Z,4708.30500,4722.36500,4708.30500,4718.68500
XAUUSD,M5,2026-04-09T07:35:00Z,4718.77800,4730.99500,4718.06500,4729.03500
XAUUSD,M5,2026-04-09T07:40:00Z,4728.99500,4729.04500,4721.82500,4722.21500
XAUUSD,M5,2026-04-09T07:45:00Z,4722.18500,4723.31500,4716.28500,4717.90500
XAUUSD,M5,2026-04-09T07:50:00Z,4717.84500,4717.92500,4711.23500,4717.35500
XAUUSD,M5,2026-04-09T07:55:00Z,4717.24500,4724.44800,4716.44500,4724.06500
XAUUSD,M5,2026-04-09T08:00:00Z,4724.00500,4726.02800,4720.29500,4721.36500
XAUUSD,M5,2026-04-09T08:05:00Z,4721.26800,4723.34500,4719.42800,4722.51500
XAUUSD,M5,2026-04-09T08:10:00Z,4722.53500,4725.29500,4721.41500,4723.79500
XAUUSD,M5,2026-04-09T08:15:00Z,4723.72500,4725.08500,4721.18500,4723.06500
XAUUSD,M5,2026-04-09T08:20:00Z,4723.13500,4727.54500,4722.79500,4726.11500
XAUUSD,M5,2026-04-09T08:25:00Z,4726.08500,4726.18500,4720.64500,4720.95500
XAUUSD,M5,2026-04-09T08:30:00Z,4721.01500,4727.28500,4719.89500,4725.70500
XAUUSD,M5,2026-04-09T08:35:00Z,4725.49500,4729.94800,4723.82500,4728.52500
XAUUSD,M5,2026-04-09T08:40:00Z,4728.47500,4732.73500,4726.55500,4729.32800
XAUUSD,M5,2026-04-09T08:45:00Z,4729.35800,4733.09500,4729.04500,4730.81500
XAUUSD,M5,2026-04-09T08:50:00Z,4730.84500,4731.10500,4726.77500,4729.05500
XAUUSD,M5,2026-04-09T08:55:00Z,4729.05500,4729.33500,4725.78500,4726.02500
XAUUSD,M5,2026-04-09T09:00:00Z,4726.05500,4727.81500,4723.51500,4725.59500
XAUUSD,M5,2026-04-09T09:05:00Z,4725.66500,4731.66500,4722.68500,4731.10500
XAUUSD,M5,2026-04-09T09:10:00Z,4731.15500,4732.96500,4729.34500,4730.53500
XAUUSD,M5,2026-04-09T09:15:00Z,4730.56500,4732.82500,4728.95500,4730.30500
XAUUSD,M5,2026-04-09T09:20:00Z,4730.28500,4732.34500,4729.24500,4731.07500
XAUUSD,M5,2026-04-09T09:25:00Z,4731.29500,4733.37500,4728.68500,4729.55500
XAUUSD,M5,2026-04-09T09:30:00Z,4729.37800,4730.66500,4727.20500,4729.65500
XAUUSD,M5,2026-04-09T09:35:00Z,4729.76500,4732.48500,4727.70500,4732.46500
XAUUSD,M5,2026-04-09T09:40:00Z,4732.46500,4732.46500,4726.37800,4726.45800
XAUUSD,M5,2026-04-09T09:45:00Z,4726.40800,4729.20500,4723.31800,4728.74500
XAUUSD,M5,2026-04-09T09:50:00Z,4728.69500,4730.41500,4726.40500,4728.13500
XAUUSD,M5,2026-04-09T09:55:00Z,4727.90500,4730.22500,4726.44500,4728.93800
XAUUSD,M5,2026-04-09T10:00:00Z,4728.91800,4732.57800,4727.98500,4728.62500
XAUUSD,M5,2026-04-09T10:05:00Z,4728.57500,4729.28500,4725.50500,4728.66500
XAUUSD,M5,2026-04-09T10:10:00Z,4728.68500,4729.87500,4725.71500,4727.11500
XAUUSD,M5,2026-04-09T10:15:00Z,4727.16500,4729.58500,4723.48500,4728.84500
XAUUSD,M5,2026-04-09T10:20:00Z,4728.81500,4738.52500,4728.49500,4737.99500
XAUUSD,M5,2026-04-09T10:25:00Z,4738.02500,4739.58500,4735.89800,4737.88500
XAUUSD,M5,2026-04-09T10:30:00Z,4737.92500,4741.15500,4737.66500,4738.44500
XAUUSD,M5,2026-04-09T10:35:00Z,4738.42500,4740.05500,4737.09500,4739.77500
XAUUSD,M5,2026-04-09T10:40:00Z,4739.80500,4740.95500,4736.06800,4740.51500
XAUUSD,M5,2026-04-09T10:45:00Z,4740.51500,4744.11800,4739.04500,4743.91500
XAUUSD,M5,2026-04-09T10:50:00Z,4744.13500,4746.08500,4741.72500,4744.39800
XAUUSD,M5,2026-04-09T10:55:00Z,4744.39800,4746.44500,4739.47500,4740.83800
XAUUSD,M5,2026-04-09T11:00:00Z,4740.79800,4743.82500,4738.18500,4740.18500
XAUUSD,M5,2026-04-09T11:05:00Z,4740.21500,4741.34500,4738.23500,4739.77500
XAUUSD,M5,2026-04-09T11:10:00Z,4739.80500,4741.04500,4738.73500,4738.87500
XAUUSD,M5,2026-04-09T11:15:00Z,4738.94500,4742.94500,4738.43500,4742.94500
XAUUSD,M5,2026-04-09T11:20:00Z,4742.91500,4745.91500,4742.65500,4743.34500
XAUUSD,M5,2026-04-09T11:25:00Z,4743.32500,4747.49500,4741.88500,4745.68500
XAUUSD,M5,2026-04-09T11:30:00Z,4745.65500,4747.66500,4742.87500,4744.78500
XAUUSD,M5,2026-04-09T11:35:00Z,4744.82500,4748.67500,4742.90500,4748.60500
XAUUSD,M5,2026-04-09T11:40:00Z,4748.58500,4751.11500,4748.05500,4750.72800
XAUUSD,M5,2026-04-09T11:45:00Z,4750.75500,4757.00500,4750.37500,4755.88800
XAUUSD,M5,2026-04-09T11:50:00Z,4755.86800,4756.97500,4755.14500,4756.06500
XAUUSD,M5,2026-04-09T11:55:00Z,4756.06500,4757.46500,4753.17500,4756.33500
XAUUSD,M5,2026-04-09T12:00:00Z,4756.61500,4759.38500,4748.76500,4750.66500
XAUUSD,M5,2026-04-09T12:05:00Z,4750.47500,4750.69500,4744.31500,4744.58500
XAUUSD,M5,2026-04-09T12:10:00Z,4744.61500,4747.10500,4741.66500,4742.17500
XAUUSD,M5,2026-04-09T12:15:00Z,4742.19500,4743.97500,4738.94500,4738.98500
XAUUSD,M5,2026-04-09T12:20:00Z,4739.36500,4741.55500,4736.19800,4739.18500
XAUUSD,M5,2026-04-09T12:25:00Z,4739.47500,4741.43500,4734.69500,4737.41500
XAUUSD,M5,2026-04-09T12:30:00Z,4737.41500,4743.36500,4734.88500,4741.94500
XAUUSD,M5,2026-04-09T12:35:00Z,4741.51500,4744.79800,4739.50500,4741.72500
XAUUSD,M5,2026-04-09T12:40:00Z,4741.70500,4747.75500,4740.07500,4743.50500
XAUUSD,M5,2026-04-09T12:45:00Z,4743.52500,4744.36500,4737.18800,4742.29500
XAUUSD,M5,2026-04-09T12:50:00Z,4742.33500,4745.84500,4740.34500,4741.32500
XAUUSD,M5,2026-04-09T12:55:00Z,4741.27800,4747.17500,4741.16500,4745.66500
XAUUSD,M5,2026-04-09T13:00:00Z,4745.74500,4746.78500,4738.50500,4742.80500
XAUUSD,M5,2026-04-09T13:05:00Z,4742.82500,4749.58500,4742.38500,4749.47500
XAUUSD,M5,2026-04-09T13:10:00Z,4749.49500,4756.33800,4748.43800,4754.48500
XAUUSD,M5,2026-04-09T13:15:00Z,4754.65800,4758.53500,4752.71500,4753.14500
XAUUSD,M5,2026-04-09T13:20:00Z,4753.14500,4758.24500,4752.38500,4753.86500
XAUUSD,M5,2026-04-09T13:25:00Z,4753.69500,4756.05800,4751.14800,4752.23800
XAUUSD,M5,2026-04-09T13:30:00Z,4752.25800,4757.24800,4750.17500,4756.62500
XAUUSD,M5,2026-04-09T13:35:00Z,4756.64500,4771.06500,4756.50500,4769.94800
XAUUSD,M5,2026-04-09T13:40:00Z,4769.94800,4777.01500,4769.38500,4775.58500
XAUUSD,M5,2026-04-09T13:45:00Z,4775.58500,4776.52500,4768.47800,4771.30800
XAUUSD,M5,2026-04-09T13:50:00Z,4771.25800,4771.44500,4759.36500,4763.19500
XAUUSD,M5,2026-04-09T13:55:00Z,4763.41500,4768.71500,4762.27800,4764.04800
XAUUSD,M5,2026-04-09T14:00:00Z,4764.04800,4775.71500,4761.55800,4772.44800
XAUUSD,M5,2026-04-09T14:05:00Z,4772.44800,4772.98800,4765.54500,4767.00500
XAUUSD,M5,2026-04-09T14:10:00Z,4766.75500,4775.93500,4765.66500,4770.60800
XAUUSD,M5,2026-04-09T14:15:00Z,4770.53500,4772.99500,4759.91500,4761.14500
XAUUSD,M5,2026-04-09T14:20:00Z,4761.21500,4770.86800,4760.78500,4770.31500
XAUUSD,M5,2026-04-09T14:25:00Z,4770.31500,4772.66500,4763.08500,4765.28500
XAUUSD,M5,2026-04-09T14:30:00Z,4765.12800,4767.29500,4754.96500,4755.56800
XAUUSD,M5,2026-04-09T14:35:00Z,4755.56800,4759.27500,4747.07500,4758.82500
XAUUSD,M5,2026-04-09T14:40:00Z,4758.48500,4761.20500,4751.06500,4755.93500
XAUUSD,M5,2026-04-09T14:45:00Z,4755.88500,4763.01500,4755.00500,4761.40500
XAUUSD,M5,2026-04-09T14:50:00Z,4761.38500,4765.67500,4761.11500,4763.33500
XAUUSD,M5,2026-04-09T14:55:00Z,4763.35500,4768.78500,4762.67800,4768.54500
XAUUSD,M5,2026-04-09T15:00:00Z,4768.57500,4769.20500,4760.94800,4763.64500
XAUUSD,M5,2026-04-09T15:05:00Z,4763.67500,4766.27500,4761.09500,4762.10500
XAUUSD,M5,2026-04-09T15:10:00Z,4762.15500,4770.32500,4761.70500,4768.81500
XAUUSD,M5,2026-04-09T15:15:00Z,4768.88500,4783.28500,4768.88500,4782.92500
XAUUSD,M5,2026-04-09T15:20:00Z,4782.95500,4786.29500,4779.33800,4784.50500
XAUUSD,M5,2026-04-09T15:25:00Z,4784.45500,4784.52500,4777.66800,4778.70500
XAUUSD,M5,2026-04-09T15:30:00Z,4778.86500,4791.93500,4778.13500,4791.76800
XAUUSD,M5,2026-04-09T15:35:00Z,4791.85800,4797.85500,4787.81500,4791.31500
XAUUSD,M5,2026-04-09T15:40:00Z,4791.21500,4795.99500,4789.83800,4789.86500
XAUUSD,M5,2026-04-09T15:45:00Z,4790.09500,4794.03500,4784.43500,4784.57500
XAUUSD,M5,2026-04-09T15:50:00Z,4784.59500,4790.53500,4784.01500,4787.70500
XAUUSD,M5,2026-04-09T15:55:00Z,4787.90500,4793.87500,4784.40500,4792.51500
XAUUSD,M5,2026-04-09T16:00:00Z,4792.73800,4800.69500,4791.19500,4796.58500
XAUUSD,M5,2026-04-09T16:05:00Z,4796.64500,4797.40500,4792.03500,4792.09500
XAUUSD,M5,2026-04-09T16:10:00Z,4792.07500,4794.13500,4787.64500,4788.01500
XAUUSD,M5,2026-04-09T16:15:00Z,4787.82500,4797.51500,4787.49500,4795.31500
XAUUSD,M5,2026-04-09T16:20:00Z,4795.52500,4796.79500,4791.35500,4794.68500
XAUUSD,M5,2026-04-09T16:25:00Z,4794.63500,4794.63500,4790.71500,4792.45500
XAUUSD,M5,2026-04-09T16:30:00Z,4792.74500,4795.31500,4790.64500,4794.19500
XAUUSD,M5,2026-04-09T16:35:00Z,4794.15500,4794.56500,4787.98500,4792.23500
XAUUSD,M5,2026-04-09T16:40:00Z,4792.18500,4792.18500,4785.62500,4787.09500
XAUUSD,M5,2026-04-09T16:45:00Z,4787.12500,4789.06500,4784.19500,4784.23500
XAUUSD,M5,2026-04-09T16:50:00Z,4784.41500,4791.05500,4784.41500,4787.90800
XAUUSD,M5,2026-04-09T16:55:00Z,4788.23500,4789.23500,4786.36500,4788.59500
XAUUSD,M5,2026-04-09T17:00:00Z,4788.64500,4790.71500,4786.48500,4788.60500
XAUUSD,M5,2026-04-09T17:05:00Z,4788.68500,4793.79500,4788.22500,4792.45500
XAUUSD,M5,2026-04-09T17:10:00Z,4792.48500,4793.58500,4789.79500,4792.88500
XAUUSD,M5,2026-04-09T17:15:00Z,4792.74800,4798.04800,4792.39500,4797.21800
XAUUSD,M5,2026-04-09T17:20:00Z,4797.26500,4797.60500,4791.77500,4792.28500
XAUUSD,M5,2026-04-09T17:25:00Z,4792.21500,4795.60800,4789.85500,4792.61500
XAUUSD,M5,2026-04-09T17:30:00Z,4793.31200,4794.02500,4787.38500,4793.05500
XAUUSD,M5,2026-04-09T17:35:00Z,4793.00500,4800.54500,4792.15800,4798.60500
XAUUSD,M5,2026-04-09T17:40:00Z,4798.58500,4801.01500,4794.12800,4795.02500
XAUUSD,M5,2026-04-09T17:45:00Z,4795.09500,4800.84500,4795.02500,4800.24500
XAUUSD,M5,2026-04-09T17:50:00Z,4800.22500,4800.32500,4795.92500,4797.67500
XAUUSD,M5,2026-04-09T17:55:00Z,4797.64500,4799.43500,4796.84800,4797.52500
XAUUSD,M5,2026-04-09T18:00:00Z,4797.62500,4797.76500,4781.85800,4785.18500
XAUUSD,M5,2026-04-09T18:05:00Z,4785.36500,4789.99500,4781.12500,4785.55500
XAUUSD,M5,2026-04-09T18:10:00Z,4785.44500,4788.09800,4780.25500,4783.52500
XAUUSD,M5,2026-04-09T18:15:00Z,4783.55800,4788.03500,4782.08500,4785.38500
XAUUSD,M5,2026-04-09T18:20:00Z,4785.44500,4786.78500,4777.50500,4779.93800
XAUUSD,M5,2026-04-09T18:25:00Z,4779.95800,4783.16500,4778.35500,4781.87500
XAUUSD,M5,2026-04-09T18:30:00Z,4781.79800,4782.11500,4772.01800,4776.71500
XAUUSD,M5,2026-04-09T18:35:00Z,4776.68500,4779.45500,4773.52500,4776.28500
XAUUSD,M5,2026-04-09T18:40:00Z,4776.24500,4776.30500,4768.24500,4770.29800
XAUUSD,M5,2026-04-09T18:45:00Z,4770.32500,4772.77800,4767.49800,4772.31800
XAUUSD,M5,2026-04-09T18:50:00Z,4772.21800,4772.63500,4769.02500,4769.52500
XAUUSD,M5,2026-04-09T18:55:00Z,4769.55500,4774.18500,4769.00500,4771.78500
XAUUSD,M5,2026-04-09T19:00:00Z,4771.75500,4776.50500,4768.67500,4776.10500
XAUUSD,M5,2026-04-09T19:05:00Z,4776.18500,4781.69500,4774.53500,4781.47500
XAUUSD,M5,2026-04-09T19:10:00Z,4781.53500,4782.38500,4778.05500,4779.26500
XAUUSD,M5,2026-04-09T19:15:00Z,4779.29500,4780.27500,4772.90500,4773.60500
XAUUSD,M5,2026-04-09T19:20:00Z,4773.49500,4776.09500,4772.16500,4775.74500
XAUUSD,M5,2026-04-09T19:25:00Z,4775.76500,4778.01500,4772.99800,4773.40500
XAUUSD,M5,2026-04-09T19:30:00Z,4773.33500,4777.81500,4769.36500,4771.30500
XAUUSD,M5,2026-04-09T19:35:00Z,4771.28500,4772.90500,4770.15500,4771.05500
XAUUSD,M5,2026-04-09T19:40:00Z,4771.08500,4775.44500,4769.30500,4771.96500
XAUUSD,M5,2026-04-09T19:45:00Z,4771.91500,4772.61500,4768.78500,4769.61500
XAUUSD,M5,2026-04-09T19:50:00Z,4769.72500,4773.71500,4769.72500,4771.82500
XAUUSD,M5,2026-04-09T19:55:00Z,4771.78500,4771.78500,4766.67500,4768.66500
XAUUSD,M5,2026-04-09T20:00:00Z,4768.85500,4771.17500,4766.67800,4770.30500
XAUUSD,M5,2026-04-09T20:05:00Z,4770.02500,4770.75500,4768.57500,4770.30500
XAUUSD,M5,2026-04-09T20:10:00Z,4770.26500,4771.05500,4769.17500,4769.58500
XAUUSD,M5,2026-04-09T20:15:00Z,4769.72500,4770.65500,4766.00500,4770.35500
XAUUSD,M5,2026-04-09T20:20:00Z,4770.32500,4773.13500,4770.11500,4772.09500
XAUUSD,M5,2026-04-09T20:25:00Z,4772.08500,4772.67500,4769.28500,4769.67500
XAUUSD,M5,2026-04-09T20:30:00Z,4769.66500,4771.18500,4768.94500,4768.97500
XAUUSD,M5,2026-04-09T20:35:00Z,4768.95500,4769.20500,4762.94500,4764.14500
XAUUSD,M5,2026-04-09T20:40:00Z,4764.19500,4764.49500,4760.50500,4763.97500
XAUUSD,M5,2026-04-09T20:45:00Z,4764.11500,4766.60500,4763.43500,4764.83500
XAUUSD,M5,2026-04-09T20:50:00Z,4764.39500,4768.64500,4764.35500,4767.58500
XAUUSD,M5,2026-04-09T20:55:00Z,4767.43500,4767.62500,4763.34500,4763.34500
XAUUSD,M5,2026-04-09T22:00:00Z,4766.49800,4779.28500,4765.28500,4771.96500
XAUUSD,M5,2026-04-09T22:05:00Z,4771.93500,4772.14500,4766.66800,4770.30500
XAUUSD,M5,2026-04-09T22:10:00Z,4770.15500,4771.44500,4767.45500,4769.84500
XAUUSD,M5,2026-04-09T22:15:00Z,4769.81500,4770.73500,4765.05500,4765.83800
XAUUSD,M5,2026-04-09T22:20:00Z,4765.79800,4769.64500,4764.43800,4767.09500
XAUUSD,M5,2026-04-09T22:25:00Z,4766.79500,4769.02500,4763.47500,4764.24500
XAUUSD,M5,2026-04-09T22:30:00Z,4764.38500,4767.32500,4762.27500,4764.86500
XAUUSD,M5,2026-04-09T22:35:00Z,4764.85500,4765.43500,4759.10500,4759.48500
XAUUSD,M5,2026-04-09T22:40:00Z,4759.16500,4762.39500,4759.08500,4760.97500
XAUUSD,M5,2026-04-09T22:45:00Z,4761.08500,4762.05500,4758.73500,4760.18500
XAUUSD,M5,2026-04-09T22:50:00Z,4760.24500,4762.66500,4758.37500,4761.69500
XAUUSD,M5,2026-04-09T22:55:00Z,4761.67500,4764.47500,4760.43500,4763.83800
XAUUSD,M5,2026-04-09T23:00:00Z,4763.85800,4763.91800,4758.66500,4762.29800
XAUUSD,M5,2026-04-09T23:05:00Z,4762.29800,4762.73800,4757.10800,4761.65800
XAUUSD,M5,2026-04-09T23:10:00Z,4761.61800,4761.83500,4757.02500,4759.39500
XAUUSD,M5,2026-04-09T23:15:00Z,4759.34500,4761.57500,4759.34500,4760.26500
XAUUSD,M5,2026-04-09T23:20:00Z,4760.25500,4760.44500,4756.74500,4757.66500
XAUUSD,M5,2026-04-09T23:25:00Z,4757.70500,4758.14500,4756.69500,4758.08500
XAUUSD,M5,2026-04-09T23:30:00Z,4758.10500,4761.67500,4758.08500,4761.34500
XAUUSD,M5,2026-04-09T23:35:00Z,4761.43500,4762.88500,4760.11500,4760.48500
XAUUSD,M5,2026-04-09T23:40:00Z,4760.51500,4760.70500,4758.16500,4759.84500
XAUUSD,M5,2026-04-09T23:45:00Z,4759.87500,4764.06500,4758.28500,4762.15500
XAUUSD,M5,2026-04-09T23:50:00Z,4762.06500,4762.68500,4759.97500,4761.86500
XAUUSD,M5,2026-04-09T23:55:00Z,4762.14500,4763.72500,4760.97500,4763.43500
XAUUSD,M5,2026-04-10T00:00:00Z,4763.48500,4763.48500,4753.30500,4757.12500
XAUUSD,M5,2026-04-10T00:05:00Z,4756.86500,4757.50500,4750.47500,4754.08500
XAUUSD,M5,2026-04-10T00:10:00Z,4753.79500,4754.68500,4750.51500,4754.00500
XAUUSD,M5,2026-04-10T00:15:00Z,4754.01500,4757.22500,4751.00500,4755.04500
XAUUSD,M5,2026-04-10T00:20:00Z,4755.14500,4758.15500,4752.74800,4753.57500
XAUUSD,M5,2026-04-10T00:25:00Z,4753.53500,4754.93500,4750.57500,4753.41500
XAUUSD,M5,2026-04-10T00:30:00Z,4753.44500,4758.81500,4753.44500,4758.70500
XAUUSD,M5,2026-04-10T00:35:00Z,4758.86500,4760.91500,4757.40500,4759.26500
XAUUSD,M5,2026-04-10T00:40:00Z,4759.22500,4760.08500,4754.24800,4755.31500
XAUUSD,M5,2026-04-10T00:45:00Z,4755.25500,4755.97500,4754.45500,4755.37500
XAUUSD,M5,2026-04-10T00:50:00Z,4755.45500,4758.47500,4755.45500,4755.81500
XAUUSD,M5,2026-04-10T00:55:00Z,4756.54500,4762.93500,4755.49500,4762.74500
XAUUSD,M5,2026-04-10T01:00:00Z,4762.70500,4767.21500,4760.25500,4760.54500
XAUUSD,M5,2026-04-10T01:05:00Z,4760.48500,4764.58500,4758.24500,4758.91500
XAUUSD,M5,2026-04-10T01:10:00Z,4758.88500,4762.06500,4757.66500,4760.51500
XAUUSD,M5,2026-04-10T01:15:00Z,4760.49500,4765.24500,4757.92500,4763.41500
XAUUSD,M5,2026-04-10T01:20:00Z,4763.44500,4764.13500,4758.51500,4758.63500
XAUUSD,M5,2026-04-10T01:25:00Z,4758.61500,4763.22500,4758.33500,4762.23500
XAUUSD,M5,2026-04-10T01:30:00Z,4762.29500,4771.24500,4760.12500,4771.21500
XAUUSD,M5,2026-04-10T01:35:00Z,4771.26500,4777.03500,4769.73500,4773.10500
XAUUSD,M5,2026-04-10T01:40:00Z,4773.07500,4775.46500,4769.35500,4771.64500
XAUUSD,M5,2026-04-10T01:45:00Z,4771.50500,4773.34500,4764.69800,4766.19500
XAUUSD,M5,2026-04-10T01:50:00Z,4766.22500,4766.22500,4760.01800,4765.34500
XAUUSD,M5,2026-04-10T01:55:00Z,4765.85500,4767.27500,4761.44500,4764.33500
XAUUSD,M5,2026-04-10T02:00:00Z,4764.38500,4765.23500,4754.35500,4754.89500
XAUUSD,M5,2026-04-10T02:05:00Z,4754.80500,4760.01500,4754.57500,4759.26500
XAUUSD,M5,2026-04-10T02:10:00Z,4759.20500,4759.27500,4748.24500,4752.30500
XAUUSD,M5,2026-04-10T02:15:00Z,4752.33500,4753.97500,4746.17500,4747.50500
XAUUSD,M5,2026-04-10T02:20:00Z,4747.52500,4749.87500,4742.12500,4744.97500
XAUUSD,M5,2026-04-10T02:25:00Z,4745.08500,4749.21500,4743.66500,4744.38500
XAUUSD,M5,2026-04-10T02:30:00Z,4744.34500,4745.59500,4737.71500,4743.76500
XAUUSD,M5,2026-04-10T02:35:00Z,4743.82500,4748.89500,4742.74500,4747.54500
XAUUSD,M5,2026-04-10T02:40:00Z,4747.58500,4749.77500,4746.19500,4749.37500
XAUUSD,M5,2026-04-10T02:45:00Z,4749.63500,4751.21500,4747.21500,4749.34500
XAUUSD,M5,2026-04-10T02:50:00Z,4749.12500,4751.75500,4747.35500,4749.24500
XAUUSD,M5,2026-04-10T02:55:00Z,4749.24500,4753.54500,4748.01500,4752.92500
XAUUSD,M5,2026-04-10T03:00:00Z,4752.81500,4756.45500,4752.80500,4754.62500
XAUUSD,M5,2026-04-10T03:05:00Z,4754.66500,4757.93500,4753.60500,4757.70500
XAUUSD,M5,2026-04-10T03:10:00Z,4757.64800,4761.57500,4757.19500,4759.83500
XAUUSD,M5,2026-04-10T03:15:00Z,4759.77500,4761.71500,4758.43500,4761.22500
XAUUSD,M5,2026-04-10T03:20:00Z,4761.17500,4761.74800,4757.24500,4758.09800
XAUUSD,M5,2026-04-10T03:25:00Z,4758.09800,4758.20500,4754.69800,4755.63500
XAUUSD,M5,2026-04-10T03:30:00Z,4755.63500,4762.39500,4755.46500,4762.01500
XAUUSD,M5,2026-04-10T03:35:00Z,4762.26500,4768.26500,4761.89500,4764.47500
XAUUSD,M5,2026-04-10T03:40:00Z,4764.73500,4765.73800,4762.79800,4764.99500
XAUUSD,M5,2026-04-10T03:45:00Z,4765.01500,4769.23500,4764.51500,4766.64500
XAUUSD,M5,2026-04-10T03:50:00Z,4766.58500,4766.91500,4763.86800,4764.27500
XAUUSD,M5,2026-04-10T03:55:00Z,4764.22800,4766.78500,4763.62500,4766.35500
XAUUSD,M5,2026-04-10T04:00:00Z,4766.32500,4767.84500,4765.95500,4766.96500
XAUUSD,M5,2026-04-10T04:05:00Z,4766.94500,4767.47500,4765.03500,4765.66500
XAUUSD,M5,2026-04-10T04:10:00Z,4765.77500,4767.28500,4764.50800,4767.03500
XAUUSD,M5,2026-04-10T04:15:00Z,4767.10500,4770.52500,4765.79500,4770.34500
XAUUSD,M5,2026-04-10T04:20:00Z,4770.37500,4770.45500,4766.63800,4766.63800
XAUUSD,M5,2026-04-10T04:25:00Z,4766.63800,4767.35500,4765.10500,4765.17500
XAUUSD,M5,2026-04-10T04:30:00Z,4765.20500,4765.43500,4763.27800,4763.37800
XAUUSD,M5,2026-04-10T04:35:00Z,4763.45800,4764.19500,4761.81500,4762.84500
XAUUSD,M5,2026-04-10T04:40:00Z,4762.90500,4763.57500,4761.37500,4762.14500
XAUUSD,M5,2026-04-10T04:45:00Z,4762.07500,4763.13500,4761.27500,4763.11500
XAUUSD,M5,2026-04-10T04:50:00Z,4763.18500,4765.33500,4760.82500,4762.47500
XAUUSD,M5,2026-04-10T04:55:00Z,4762.38500,4762.50500,4757.63500,4758.25500
XAUUSD,M5,2026-04-10T05:00:00Z,4758.31500,4762.18500,4756.92800,4761.91500
XAUUSD,M5,2026-04-10T05:05:00Z,4762.04500,4763.08500,4759.87500,4761.57500
XAUUSD,M5,2026-04-10T05:10:00Z,4761.61500,4761.86500,4758.74500,4759.74500
XAUUSD,M5,2026-04-10T05:15:00Z,4759.76500,4760.26500,4758.32500,4759.82500
XAUUSD,M5,2026-04-10T05:20:00Z,4759.87500,4763.88500,4759.84500,4760.84500
XAUUSD,M5,2026-04-10T05:25:00Z,4760.90500,4763.78500,4759.17500,4759.38500
XAUUSD,M5,2026-04-10T05:30:00Z,4759.71500,4765.35500,4759.04500,4764.69500
XAUUSD,M5,2026-04-10T05:35:00Z,4764.57500,4768.05500,4763.41500,4764.88500
XAUUSD,M5,2026-04-10T05:40:00Z,4764.90500,4766.61500,4761.30500,4764.73500
XAUUSD,M5,2026-04-10T05:45:00Z,4764.70500,4767.10500,4764.45500,4766.06500
XAUUSD,M5,2026-04-10T05:50:00Z,4766.03500,4768.91500,4765.39500,4766.94500
XAUUSD,M5,2026-04-10T05:55:00Z,4766.87500,4767.53500,4765.17500,4765.46500
XAUUSD,M5,2026-04-10T06:00:00Z,4765.50500,4765.62500,4760.12500,4761.60500
XAUUSD,M5,2026-04-10T06:05:00Z,4761.63500,4763.77500,4758.84500,4759.07500
XAUUSD,M5,2026-04-10T06:10:00Z,4759.04500,4761.14500,4755.38500,4756.03500
XAUUSD,M5,2026-04-10T06:15:00Z,4756.04500,4757.38500,4751.93500,4752.52500
XAUUSD,M5,2026-04-10T06:20:00Z,4752.47500,4754.59500,4751.49500,4753.62500
XAUUSD,M5,2026-04-10T06:25:00Z,4753.67500,4755.78500,4752.41500,4755.25500
XAUUSD,M5,2026-04-10T06:30:00Z,4755.27500,4758.39500,4753.98500,4757.97500
XAUUSD,M5,2026-04-10T06:35:00Z,4757.93500,4758.27500,4749.19800,4752.20500
XAUUSD,M5,2026-04-10T06:40:00Z,4752.01500,4753.90500,4749.63500,4750.53500
XAUUSD,M5,2026-04-10T06:45:00Z,4750.56500,4754.04500,4743.64500,4743.64500
XAUUSD,M5,2026-04-10T06:50:00Z,4743.68500,4747.05500,4742.65500,4744.52500
XAUUSD,M5,2026-04-10T06:55:00Z,4744.55500,4748.08500,4744.07500,4746.16500
XAUUSD,M5,2026-04-10T07:00:00Z,4745.72500,4750.59500,4741.04500,4750.27500
XAUUSD,M5,2026-04-10T07:05:00Z,4750.34500,4752.03500,4748.66500,4751.51500
XAUUSD,M5,2026-04-10T07:10:00Z,4751.48500,4752.50500,4745.45800,4746.85500
XAUUSD,M5,2026-04-10T07:15:00Z,4746.96500,4753.14500,4746.03500,4752.41500
XAUUSD,M5,2026-04-10T07:20:00Z,4752.51500,4754.64500,4751.13500,4754.04500
XAUUSD,M5,2026-04-10T07:25:00Z,4754.17500,4755.83500,4752.48500,4753.36500
XAUUSD,M5,2026-04-10T07:30:00Z,4753.60500,4755.91500,4751.33500,4755.58500
XAUUSD,M5,2026-04-10T07:35:00Z,4755.55500,4756.96500,4754.40500,4755.43500
XAUUSD,M5,2026-04-10T07:40:00Z,4755.39500,4757.34500,4752.42500,4753.80500
XAUUSD,M5,2026-04-10T07:45:00Z,4753.77500,4754.76500,4751.65500,4753.79500
XAUUSD,M5,2026-04-10T07:50:00Z,4753.77500,4753.77500,4749.69500,4750.54500
XAUUSD,M5,2026-04-10T07:55:00Z,4750.50500,4751.88500,4747.96500,4749.35500
XAUUSD,M5,2026-04-10T08:00:00Z,4749.38500,4753.15500,4747.36500,4747.36500
XAUUSD,M5,2026-04-10T08:05:00Z,4747.47500,4750.82500,4746.98500,4749.83500
XAUUSD,M5,2026-04-10T08:10:00Z,4749.80500,4751.95500,4748.73500,4749.67500
XAUUSD,M5,2026-04-10T08:15:00Z,4749.62500,4749.89500,4742.00500,4745.28500
XAUUSD,M5,2026-04-10T08:20:00Z,4745.33500,4746.83500,4743.99500,4745.76800
XAUUSD,M5,2026-04-10T08:25:00Z,4745.78500,4747.85500,4744.88500,4746.77500
XAUUSD,M5,2026-04-10T08:30:00Z,4746.55500,4752.14500,4746.14500,4749.81500
XAUUSD,M5,2026-04-10T08:35:00Z,4749.66500,4751.95500,4747.77500,4749.20500
XAUUSD,M5,2026-04-10T08:40:00Z,4749.25500,4749.67500,4740.82500,4742.13500
XAUUSD,M5,2026-04-10T08:45:00Z,4742.31500,4743.75500,4732.80500,4735.24500
XAUUSD,M5,2026-04-10T08:50:00Z,4735.22500,4736.47500,4730.20500,4736.36500
XAUUSD,M5,2026-04-10T08:55:00Z,4736.20500,4741.99500,4734.39500,4740.39800
XAUUSD,M5,2026-04-10T09:00:00Z,4740.73500,4745.15500,4740.54500,4744.32500
XAUUSD,M5,2026-04-10T09:05:00Z,4744.34500,4745.86500,4741.35500,4741.98500
XAUUSD,M5,2026-04-10T09:10:00Z,4742.00500,4746.58500,4741.34800,4746.56500
XAUUSD,M5,2026-04-10T09:15:00Z,4746.47500,4760.55500,4744.36500,4759.16500
XAUUSD,M5,2026-04-10T09:20:00Z,4759.12500,4759.24500,4752.34500,4752.74500
XAUUSD,M5,2026-04-10T09:25:00Z,4752.65500,4753.24500,4748.54500,4748.54500
XAUUSD,M5,2026-04-10T09:30:00Z,4748.36500,4749.99500,4746.04500,4747.37500
XAUUSD,M5,2026-04-10T09:35:00Z,4747.42500,4750.23500,4747.06500,4748.38500
XAUUSD,M5,2026-04-10T09:40:00Z,4748.34500,4750.82500,4747.57500,4750.22500
XAUUSD,M5,2026-04-10T09:45:00Z,4750.19500,4750.22500,4747.72500,4749.53500
XAUUSD,M5,2026-04-10T09:50:00Z,4749.50500,4752.40800,4748.51500,4751.35500
XAUUSD,M5,2026-04-10T09:55:00Z,4751.24500,4752.91500,4750.01500,4751.35500
XAUUSD,M5,2026-04-10T10:00:00Z,4751.33500,4753.12500,4746.92500,4747.24500
XAUUSD,M5,2026-04-10T10:05:00Z,4747.19500,4747.22500,4742.09500,4745.59500
XAUUSD,M5,2026-04-10T10:10:00Z,4745.54500,4747.31500,4742.92500,4746.87500
XAUUSD,M5,2026-04-10T10:15:00Z,4746.90500,4752.00500,4746.17800,4751.86500
XAUUSD,M5,2026-04-10T10:20:00Z,4751.92500,4758.59800,4751.55500,4758.24500
XAUUSD,M5,2026-04-10T10:25:00Z,4758.18500,4760.46800,4757.41500,4757.99500
XAUUSD,M5,2026-04-10T10:30:00Z,4758.02500,4759.48500,4756.62500,4759.38500
XAUUSD,M5,2026-04-10T10:35:00Z,4759.33500,4759.35500,4753.64800,4754.09800
XAUUSD,M5,2026-04-10T10:40:00Z,4754.19800,4756.07500,4753.83500,4755.34500
XAUUSD,M5,2026-04-10T10:45:00Z,4755.30500,4757.82800,4753.89500,4757.69500
XAUUSD,M5,2026-04-10T10:50:00Z,4757.97500,4759.52500,4756.05500,4756.85500
XAUUSD,M5,2026-04-10T10:55:00Z,4756.82500,4758.21500,4755.28800,4756.89500
XAUUSD,M5,2026-04-10T11:00:00Z,4756.91500,4759.32500,4756.24500,4759.29500
XAUUSD,M5,2026-04-10T11:05:00Z,4759.27500,4759.31500,4754.82500,4755.61500
XAUUSD,M5,2026-04-10T11:10:00Z,4755.46500,4756.48500,4753.02500,4755.41500
XAUUSD,M5,2026-04-10T11:15:00Z,4755.41500,4758.22500,4754.17500,4758.16500
XAUUSD,M5,2026-04-10T11:20:00Z,4758.14500,4762.24500,4757.55500,4761.04500
XAUUSD,M5,2026-04-10T11:25:00Z,4761.02500,4762.12500,4757.86500,4761.47500
XAUUSD,M5,2026-04-10T11:30:00Z,4761.40500,4762.95500,4758.26800,4758.91500
XAUUSD,M5,2026-04-10T11:35:00Z,4758.94500,4762.52500,4758.79500,4761.24800
XAUUSD,M5,2026-04-10T11:40:00Z,4761.24800,4766.77500,4760.02500,4766.77500
XAUUSD,M5,2026-04-10T11:45:00Z,4766.79500,4766.79500,4762.86800,4763.10500
XAUUSD,M5,2026-04-10T11:50:00Z,4763.28500,4766.08500,4762.61500,4764.44500
XAUUSD,M5,2026-04-10T11:55:00Z,4764.46500,4768.44500,4763.18500,4767.96500
XAUUSD,M5,2026-04-10T12:00:00Z,4768.11500,4769.75500,4763.81500,4766.37500
XAUUSD,M5,2026-04-10T12:05:00Z,4766.30500,4767.78500,4763.36500,4764.55500
XAUUSD,M5,2026-04-10T12:10:00Z,4764.53500,4767.17500,4763.94800,4766.67500
XAUUSD,M5,2026-04-10T12:15:00Z,4766.72500,4770.89800,4765.48500,4768.10500
XAUUSD,M5,2026-04-10T12:20:00Z,4767.90500,4768.41500,4759.57500,4759.90500
XAUUSD,M5,2026-04-10T12:25:00Z,4759.92500,4762.67500,4759.56500,4762.43500
XAUUSD,M5,2026-04-10T12:30:00Z,4762.46500,4782.31500,4761.19500,4780.37500
XAUUSD,M5,2026-04-10T12:35:00Z,4780.49500,4782.13500,4770.50500,4775.71800
XAUUSD,M5,2026-04-10T12:40:00Z,4775.69800,4778.40500,4768.65500,4772.44500
XAUUSD,M5,2026-04-10T12:45:00Z,4772.48500,4773.99500,4763.38500,4767.28500
XAUUSD,M5,2026-04-10T12:50:00Z,4767.31500,4770.87500,4764.56500,4764.63800
XAUUSD,M5,2026-04-10T12:55:00Z,4764.76500,4772.14500,4764.41500,4771.56500
XAUUSD,M5,2026-04-10T13:00:00Z,4771.61500,4773.36500,4767.82500,4770.85500
XAUUSD,M5,2026-04-10T13:05:00Z,4770.81500,4777.48500,4768.99800,4774.02500
XAUUSD,M5,2026-04-10T13:10:00Z,4773.99500,4774.21500,4770.00500,4772.14500
XAUUSD,M5,2026-04-10T13:15:00Z,4772.27800,4773.26800,4765.82500,4772.16500
XAUUSD,M5,2026-04-10T13:20:00Z,4772.11500,4779.81500,4770.41500,4775.75500
XAUUSD,M5,2026-04-10T13:25:00Z,4775.77500,4779.87500,4773.94500,4775.54500
XAUUSD,M5,2026-04-10T13:30:00Z,4775.63500,4778.62500,4768.98500,4769.84500
XAUUSD,M5,2026-04-10T13:35:00Z,4769.88500,4777.21500,4764.61500,4775.59500
XAUUSD,M5,2026-04-10T13:40:00Z,4775.54500,4775.76500,4766.44500,4768.93500
XAUUSD,M5,2026-04-10T13:45:00Z,4768.90500,4773.78500,4765.82500,4773.27500
XAUUSD,M5,2026-04-10T13:50:00Z,4773.27500,4777.21500,4768.85500,4777.04500
XAUUSD,M5,2026-04-10T13:55:00Z,4777.07500,4777.45500,4773.79500,4774.40500
XAUUSD,M5,2026-04-10T14:00:00Z,4775.01500,4780.16500,4769.00500,4776.09500
XAUUSD,M5,2026-04-10T14:05:00Z,4776.17800,4780.37800,4774.49500,4775.53500
XAUUSD,M5,2026-04-10T14:10:00Z,4775.61500,4780.26500,4766.86800,4779.96500
XAUUSD,M5,2026-04-10T14:15:00Z,4780.00500,4788.44500,4778.89500,4788.17500
XAUUSD,M5,2026-04-10T14:20:00Z,4788.08500,4790.96500,4785.64500,4790.13500
XAUUSD,M5,2026-04-10T14:25:00Z,4790.15500,4792.74500,4787.17500,4790.40500
XAUUSD,M5,2026-04-10T14:30:00Z,4790.34500,4794.76500,4787.39500,4787.55800
XAUUSD,M5,2026-04-10T14:35:00Z,4787.55800,4790.80500,4786.41500,4786.44800
XAUUSD,M5,2026-04-10T14:40:00Z,4786.59500,4788.47500,4773.80500,4780.54500
XAUUSD,M5,2026-04-10T14:45:00Z,4780.71500,4783.05500,4771.56500,4771.93500
XAUUSD,M5,2026-04-10T14:50:00Z,4771.98500,4781.65500,4770.59500,4774.10500
XAUUSD,M5,2026-04-10T14:55:00Z,4774.18500,4779.27800,4770.51800,4774.41800
XAUUSD,M5,2026-04-10T15:00:00Z,4774.41800,4778.56800,4773.17500,4774.04500
XAUUSD,M5,2026-04-10T15:05:00Z,4774.06500,4779.78500,4769.18500,4779.39500
XAUUSD,M5,2026-04-10T15:10:00Z,4779.45500,4783.53500,4778.98500,4781.55500
XAUUSD,M5,2026-04-10T15:15:00Z,4781.72500,4786.33500,4781.44500,4781.73500
XAUUSD,M5,2026-04-10T15:20:00Z,4781.70500,4787.19500,4781.44500,4785.99500
XAUUSD,M5,2026-04-10T15:25:00Z,4785.99500,4785.99500,4775.81500,4775.87500
XAUUSD,M5,2026-04-10T15:30:00Z,4775.82500,4778.15500,4772.34500,4774.39500
XAUUSD,M5,2026-04-10T15:35:00Z,4774.49500,4774.98500,4755.24500,4760.22500
XAUUSD,M5,2026-04-10T15:40:00Z,4760.24500,4766.92500,4759.47500,4765.66500
XAUUSD,M5,2026-04-10T15:45:00Z,4765.48500,4769.46500,4762.76500,4766.14500
XAUUSD,M5,2026-04-10T15:50:00Z,4766.12500,4769.72500,4764.71500,4766.21500
XAUUSD,M5,2026-04-10T15:55:00Z,4766.32500,4766.32500,4758.31800,4761.89800
XAUUSD,M5,2026-04-10T16:00:00Z,4761.87500,4762.97500,4753.11500,4753.47500
XAUUSD,M5,2026-04-10T16:05:00Z,4753.65500,4756.54500,4747.10500,4756.24500
XAUUSD,M5,2026-04-10T16:10:00Z,4756.22500,4763.28500,4755.96500,4763.19500
XAUUSD,M5,2026-04-10T16:15:00Z,4763.25500,4765.15500,4760.85500,4761.71500
XAUUSD,M5,2026-04-10T16:20:00Z,4761.73500,4761.97500,4753.98500,4760.63500
XAUUSD,M5,2026-04-10T16:25:00Z,4760.56500,4762.09500,4756.72500,4757.98500
XAUUSD,M5,2026-04-10T16:30:00Z,4758.27500,4763.06500,4756.54500,4760.88500
XAUUSD,M5,2026-04-10T16:35:00Z,4760.91500,4765.12500,4760.39500,4762.08500
XAUUSD,M5,2026-04-10T16:40:00Z,4762.03500,4762.72500,4755.94800,4756.39800
XAUUSD,M5,2026-04-10T16:45:00Z,4756.74800,4761.95500,4755.65800,4760.99500
XAUUSD,M5,2026-04-10T16:50:00Z,4760.96500,4765.78500,4760.54500,4765.07500
XAUUSD,M5,2026-04-10T16:55:00Z,4765.12500,4765.28500,4761.85800,4763.52500
XAUUSD,M5,2026-04-10T17:00:00Z,4763.60500,4764.32500,4758.86500,4759.71500
XAUUSD,M5,2026-04-10T17:05:00Z,4759.53500,4763.07500,4757.71500,4761.71500
XAUUSD,M5,2026-04-10T17:10:00Z,4761.80500,4766.02500,4759.95500,4764.32500
XAUUSD,M5,2026-04-10T17:15:00Z,4764.27500,4768.32500,4763.23500,4766.79500
XAUUSD,M5,2026-04-10T17:20:00Z,4766.78500,4768.30500,4761.17500,4764.16500
XAUUSD,M5,2026-04-10T17:25:00Z,4764.19500,4768.40500,4761.11500,4762.51500
XAUUSD,M5,2026-04-10T17:30:00Z,4762.67500,4765.49500,4758.83500,4760.44500
XAUUSD,M5,2026-04-10T17:35:00Z,4760.46500,4762.60500,4757.99500,4761.20500
XAUUSD,M5,2026-04-10T17:40:00Z,4761.18500,4762.02500,4758.66500,4758.81500
XAUUSD,M5,2026-04-10T17:45:00Z,4758.69500,4764.06500,4758.45500,4763.52500
XAUUSD,M5,2026-04-10T17:50:00Z,4763.49500,4764.74500,4760.18500,4761.03500
XAUUSD,M5,2026-04-10T17:55:00Z,4761.00500,4761.73500,4758.72500,4760.15500
XAUUSD,M5,2026-04-10T18:00:00Z,4760.12500,4760.64500,4752.85500,4753.04500
XAUUSD,M5,2026-04-10T18:05:00Z,4753.07500,4757.82500,4750.70500,4755.95500
XAUUSD,M5,2026-04-10T18:10:00Z,4755.97800,4763.65500,4755.80500,4763.17500
XAUUSD,M5,2026-04-10T18:15:00Z,4763.21500,4767.79500,4762.50500,4767.60500
XAUUSD,M5,2026-04-10T18:20:00Z,4767.65500,4769.24500,4763.66500,4764.19500
XAUUSD,M5,2026-04-10T18:25:00Z,4764.21500,4766.59500,4763.27500,4765.76500
XAUUSD,M5,2026-04-10T18:30:00Z,4765.88500,4771.45500,4765.78500,4770.87500
XAUUSD,M5,2026-04-10T18:35:00Z,4770.85500,4772.76500,4768.03500,4771.37500
XAUUSD,M5,2026-04-10T18:40:00Z,4771.36500,4772.51500,4767.81500,4767.97500
XAUUSD,M5,2026-04-10T18:45:00Z,4767.97500,4768.03500,4762.99500,4763.71500
XAUUSD,M5,2026-04-10T18:50:00Z,4763.74500,4767.64500,4763.55500,4767.61500
XAUUSD,M5,2026-04-10T18:55:00Z,4767.63500,4767.83500,4764.35500,4764.89500
XAUUSD,M5,2026-04-10T19:00:00Z,4764.93500,4767.14500,4764.16500,4766.72500
XAUUSD,M5,2026-04-10T19:05:00Z,4766.72500,4767.81500,4764.80500,4765.05500
XAUUSD,M5,2026-04-10T19:10:00Z,4765.13500,4766.86500,4764.80500,4766.59500
XAUUSD,M5,2026-04-10T19:15:00Z,4766.54500,4769.80500,4765.43500,4769.08500
XAUUSD,M5,2026-04-10T19:20:00Z,4769.06500,4770.32500,4766.58500,4767.40500
XAUUSD,M5,2026-04-10T19:25:00Z,4767.38500,4768.38500,4762.84500,4763.32500
XAUUSD,M5,2026-04-10T19:30:00Z,4763.46500,4765.24500,4761.10500,4764.30500
XAUUSD,M5,2026-04-10T19:35:00Z,4764.34500,4764.72500,4761.46500,4762.47500
XAUUSD,M5,2026-04-10T19:40:00Z,4762.39500,4763.91500,4760.50500,4763.55500
XAUUSD,M5,2026-04-10T19:45:00Z,4763.56500,4764.30500,4758.66500,4759.60500
XAUUSD,M5,2026-04-10T19:50:00Z,4759.63800,4761.91500,4758.08500,4758.88500
XAUUSD,M5,2026-04-10T19:55:00Z,4758.91500,4760.34500,4758.22500,4759.58500
XAUUSD,M5,2026-04-10T20:00:00Z,4759.65500,4759.78500,4752.51800,4752.51800
XAUUSD,M5,2026-04-10T20:05:00Z,4752.75800,4754.18500,4750.95800,4753.49800
XAUUSD,M5,2026-04-10T20:10:00Z,4753.51500,4755.17800,4752.58500,4753.17800
XAUUSD,M5,2026-04-10T20:15:00Z,4753.19500,4753.21800,4750.35800,4751.12500
XAUUSD,M5,2026-04-10T20:20:00Z,4750.76500,4750.93800,4747.69500,4748.23800
XAUUSD,M5,2026-04-10T20:25:00Z,4748.23800,4748.73800,4740.59800,4745.21800
XAUUSD,M5,2026-04-10T20:30:00Z,4745.15800,4749.11800,4744.77800,4746.67800
XAUUSD,M5,2026-04-10T20:35:00Z,4746.72800,4749.59800,4746.17800,4749.59800
XAUUSD,M5,2026-04-10T20:40:00Z,4749.75800,4752.09800,4749.35800,4750.64800
XAUUSD,M5,2026-04-10T20:45:00Z,4750.64500,4751.28800,4748.84800,4750.08500
XAUUSD,M5,2026-04-10T20:50:00Z,4750.09500,4751.62800,4747.45800,4748.71500
XAUUSD,M5,2026-04-10T20:55:00Z,4748.67500,4750.26500,4745.12500,4746.93500
XAUUSD,M5,2026-04-12T22:00:00Z,4634.99800,4690.68500,4634.99800,4668.89500
XAUUSD,M5,2026-04-12T22:05:00Z,4669.14500,4682.71500,4665.59500,4665.81800
XAUUSD,M5,2026-04-12T22:10:00Z,4666.64500,4684.45500,4665.32500,4675.63500
XAUUSD,M5,2026-04-12T22:15:00Z,4675.58500,4682.42500,4667.99500,4667.99500
XAUUSD,M5,2026-04-12T22:20:00Z,4667.86500,4671.96500,4653.59800,4656.85500
XAUUSD,M5,2026-04-12T22:25:00Z,4656.85500,4658.12500,4643.17800,4646.89800
XAUUSD,M5,2026-04-12T22:30:00Z,4647.09800,4654.68500,4644.47800,4653.26500
XAUUSD,M5,2026-04-12T22:35:00Z,4653.45800,4656.42500,4649.79800,4656.42500
XAUUSD,M5,2026-04-12T22:40:00Z,4656.41500,4658.48800,4650.19800,4657.29800
XAUUSD,M5,2026-04-12T22:45:00Z,4657.25500,4658.63800,4651.00800,4658.49800
XAUUSD,M5,2026-04-12T22:50:00Z,4658.52800,4659.28800,4653.89800,4655.09800
XAUUSD,M5,2026-04-12T22:55:00Z,4655.08800,4659.79800,4654.09800,4658.39800
XAUUSD,M5,2026-04-12T23:00:00Z,4658.39800,4660.00800,4652.59800,4658.43800
XAUUSD,M5,2026-04-12T23:05:00Z,4658.43800,4658.76800,4651.33800,4656.39800
XAUUSD,M5,2026-04-12T23:10:00Z,4656.37800,4659.47500,4654.57500,4659.18500
XAUUSD,M5,2026-04-12T23:15:00Z,4659.36500,4659.64500,4648.32500,4651.85500
XAUUSD,M5,2026-04-12T23:20:00Z,4651.89500,4652.00500,4644.01500,4646.93500
XAUUSD,M5,2026-04-12T23:25:00Z,4646.80500,4653.79800,4646.80500,4653.22500
XAUUSD,M5,2026-04-12T23:30:00Z,4653.16500,4656.08500,4649.80500,4654.75500
XAUUSD,M5,2026-04-12T23:35:00Z,4654.73500,4659.97500,4654.15500,4657.59500
XAUUSD,M5,2026-04-12T23:40:00Z,4657.61500,4659.37500,4653.84500,4655.19500
XAUUSD,M5,2026-04-12T23:45:00Z,4655.20500,4660.62500,4655.16500,4659.77500
XAUUSD,M5,2026-04-12T23:50:00Z,4659.75500,4670.98800,4659.71500,4666.71500
XAUUSD,M5,2026-04-12T23:55:00Z,4666.54500,4671.68500,4665.91500,4671.15500
XAUUSD,M5,2026-04-13T00:00:00Z,4671.17500,4671.90500,4664.32500,4668.24500
XAUUSD,M5,2026-04-13T00:05:00Z,4668.55500,4671.76500,4667.04500,4671.09500
XAUUSD,M5,2026-04-13T00:10:00Z,4671.06500,4672.92800,4668.96500,4671.99500
XAUUSD,M5,2026-04-13T00:15:00Z,4671.96500,4675.88500,4671.64500,4673.28500
XAUUSD,M5,2026-04-13T00:20:00Z,4673.25500,4674.71500,4668.81500,4672.73500
XAUUSD,M5,2026-04-13T00:25:00Z,4672.75500,4675.47500,4670.13500,4672.72500
XAUUSD,M5,2026-04-13T00:30:00Z,4672.59500,4680.59500,4670.64500,4680.01500
XAUUSD,M5,2026-04-13T00:35:00Z,4679.80500,4682.94500,4675.22500,4677.17500
XAUUSD,M5,2026-04-13T00:40:00Z,4677.17500,4681.78500,4676.67500,4678.18500
XAUUSD,M5,2026-04-13T00:45:00Z,4678.15500,4686.79800,4677.77500,4686.76500
XAUUSD,M5,2026-04-13T00:50:00Z,4686.97500,4690.94500,4684.74500,4689.31500
XAUUSD,M5,2026-04-13T00:55:00Z,4689.44500,4698.61500,4686.48500,4695.27500
XAUUSD,M5,2026-04-13T01:00:00Z,4694.79500,4708.91500,4693.40500,4704.14500
XAUUSD,M5,2026-04-13T01:05:00Z,4704.11500,4708.44500,4699.75500,4707.95500
XAUUSD,M5,2026-04-13T01:10:00Z,4707.59500,4719.42500,4705.58500,4715.21500
XAUUSD,M5,2026-04-13T01:15:00Z,4715.09500,4717.90500,4711.36500,4716.50500
XAUUSD,M5,2026-04-13T01:20:00Z,4716.56500,4721.42500,4714.23500,4715.45500
XAUUSD,M5,2026-04-13T01:25:00Z,4715.62500,4720.23500,4713.98500,4717.25500
XAUUSD,M5,2026-04-13T01:30:00Z,4717.28500,4721.15500,4710.50500,4721.15500
XAUUSD,M5,2026-04-13T01:35:00Z,4721.12500,4721.39500,4713.12500,4716.84500
XAUUSD,M5,2026-04-13T01:40:00Z,4716.68500,4718.58500,4711.99500,4714.14500
XAUUSD,M5,2026-04-13T01:45:00Z,4714.11500,4717.88500,4709.64500,4714.78500
XAUUSD,M5,2026-04-13T01:50:00Z,4714.78500,4723.43500,4714.29500,4722.21500
XAUUSD,M5,2026-04-13T01:55:00Z,4722.04500,4728.03500,4720.58500,4721.03500
XAUUSD,M5,2026-04-13T02:00:00Z,4721.00500,4725.46500,4718.69500,4722.48500
XAUUSD,M5,2026-04-13T02:05:00Z,4722.63500,4725.71500,4718.90500,4722.91500
XAUUSD,M5,2026-04-13T02:10:00Z,4722.88500,4723.95500,4720.65500,4722.35500
XAUUSD,M5,2026-04-13T02:15:00Z,4722.30500,4724.10500,4719.50500,4721.91500
XAUUSD,M5,2026-04-13T02:20:00Z,4721.94500,4721.99500,4719.21500,4720.51500
XAUUSD,M5,2026-04-13T02:25:00Z,4720.57500,4724.59500,4718.86500,4719.66500
XAUUSD,M5,2026-04-13T02:30:00Z,4719.69500,4727.79500,4719.11500,4725.30500
XAUUSD,M5,2026-04-13T02:35:00Z,4725.30500,4725.30500,4715.73500,4715.73500
XAUUSD,M5,2026-04-13T02:40:00Z,4715.69500,4719.39500,4714.89500,4715.20500
XAUUSD,M5,2026-04-13T02:45:00Z,4715.15500,4717.81500,4710.92500,4712.18500
XAUUSD,M5,2026-04-13T02:50:00Z,4711.86500,4718.88500,4711.12500,4718.34500
XAUUSD,M5,2026-04-13T02:55:00Z,4718.78500,4721.32500,4718.58500,4720.29500
XAUUSD,M5,2026-04-13T03:00:00Z,4720.13500,4721.46500,4714.73500,4715.24500
XAUUSD,M5,2026-04-13T03:05:00Z,4715.28500,4715.30500,4712.34500,4714.35500
XAUUSD,M5,2026-04-13T03:10:00Z,4714.31500,4715.20500,4711.87500,4713.48500
XAUUSD,M5,2026-04-13T03:15:00Z,4713.45500,4717.15500,4712.74500,4715.26500
XAUUSD,M5,2026-04-13T03:20:00Z,4715.24500,4717.30500,4713.43500,4716.77500
XAUUSD,M5,2026-04-13T03:25:00Z,4716.74500,4720.77500,4716.10500,4718.66500
XAUUSD,M5,2026-04-13T03:30:00Z,4718.62500,4721.74500,4718.10500,4721.01500
XAUUSD,M5,2026-04-13T03:35:00Z,4721.02500,4721.56500,4717.08500,4718.52500
XAUUSD,M5,2026-04-13T03:40:00Z,4718.57500,4723.62500,4718.36500,4721.92500
XAUUSD,M5,2026-04-13T03:45:00Z,4721.86500,4722.20500,4718.47500,4720.48500
XAUUSD,M5,2026-04-13T03:50:00Z,4720.46500,4720.52500,4717.64500,4718.20500
XAUUSD,M5,2026-04-13T03:55:00Z,4718.24500,4719.91500,4716.93500,4717.69500
XAUUSD,M5,2026-04-13T04:00:00Z,4717.67500,4718.16500,4712.71500,4714.63500
XAUUSD,M5,2026-04-13T04:05:00Z,4714.66500,4715.18500,4708.33500,4712.37500
XAUUSD,M5,2026-04-13T04:10:00Z,4712.43500,4714.64500,4710.73500,4714.35500
XAUUSD,M5,2026-04-13T04:15:00Z,4714.41500,4715.58500,4710.54500,4712.06500
XAUUSD,M5,2026-04-13T04:20:00Z,4712.15500,4712.30800,4709.37500,4712.14500
XAUUSD,M5,2026-04-13T04:25:00Z,4712.12500,4715.26500,4712.03500,4712.39500
XAUUSD,M5,2026-04-13T04:30:00Z,4712.44500,4713.50500,4708.58500,4712.76500
XAUUSD,M5,2026-04-13T04:35:00Z,4712.80500,4712.80500,4710.00500,4711.94500
XAUUSD,M5,2026-04-13T04:40:00Z,4711.99500,4719.10500,4711.99500,4718.42500
XAUUSD,M5,2026-04-13T04:45:00Z,4717.93500,4718.92500,4715.87500,4718.51800
XAUUSD,M5,2026-04-13T04:50:00Z,4718.51800,4723.54500,4717.84500,4722.86500
XAUUSD,M5,2026-04-13T04:55:00Z,4722.90500,4724.59500,4721.30500,4722.73800
XAUUSD,M5,2026-04-13T05:00:00Z,4722.75500,4726.16500,4720.63500,4721.23500
XAUUSD,M5,2026-04-13T05:05:00Z,4721.35500,4723.11500,4719.79500,4720.90500
XAUUSD,M5,2026-04-13T05:10:00Z,4720.90500,4722.61500,4717.99800,4718.96500
XAUUSD,M5,2026-04-13T05:15:00Z,4718.98500,4720.96500,4716.71500,4716.73500
XAUUSD,M5,2026-04-13T05:20:00Z,4716.87500,4718.75500,4716.07500,4716.25500
XAUUSD,M5,2026-04-13T05:25:00Z,4716.28500,4721.33500,4716.28500,4720.27500
XAUUSD,M5,2026-04-13T05:30:00Z,4720.23500,4721.97500,4717.81500,4721.97500
XAUUSD,M5,2026-04-13T05:35:00Z,4721.94500,4724.57500,4719.64500,4722.51500
XAUUSD,M5,2026-04-13T05:40:00Z,4722.57500,4723.29500,4719.78500,4720.96500
XAUUSD,M5,2026-04-13T05:45:00Z,4720.90500,4725.47500,4720.49500,4722.57800
XAUUSD,M5,2026-04-13T05:50:00Z,4722.57800,4724.31500,4720.33500,4720.42500
XAUUSD,M5,2026-04-13T05:55:00Z,4720.37500,4730.60500,4720.29500,4729.14500
XAUUSD,M5,2026-04-13T06:00:00Z,4729.12500,4729.53500,4723.16500,4725.96500
XAUUSD,M5,2026-04-13T06:05:00Z,4725.88500,4729.25500,4724.31500,4727.81500
XAUUSD,M5,2026-04-13T06:10:00Z,4727.74500,4729.15500,4724.12500,4725.84500
XAUUSD,M5,2026-04-13T06:15:00Z,4725.91800,4731.63500,4725.91800,4728.45500
XAUUSD,M5,2026-04-13T06:20:00Z,4728.43500,4728.60500,4725.17500,4726.92500
XAUUSD,M5,2026-04-13T06:25:00Z,4726.90500,4731.68500,4725.47500,4731.37500
XAUUSD,M5,2026-04-13T06:30:00Z,4731.62500,4732.42500,4728.31500,4729.19500
XAUUSD,M5,2026-04-13T06:35:00Z,4729.21500,4730.77500,4725.27500,4726.70500
XAUUSD,M5,2026-04-13T06:40:00Z,4726.72500,4727.99500,4725.21500,4726.15500
XAUUSD,M5,2026-04-13T06:45:00Z,4726.17500,4726.20500,4720.63500,4721.36500
XAUUSD,M5,2026-04-13T06:50:00Z,4721.38500,4725.41500,4721.03500,4724.87500
XAUUSD,M5,2026-04-13T06:55:00Z,4724.82500,4725.50800,4722.67500,4725.44500
XAUUSD,M5,2026-04-13T07:00:00Z,4725.40500,4738.46500,4725.36500,4736.81500
XAUUSD,M5,2026-04-13T07:05:00Z,4736.95800,4737.34500,4726.37500,4726.37500
XAUUSD,M5,2026-04-13T07:10:00Z,4726.31500,4730.12500,4724.48500,4727.97500
XAUUSD,M5,2026-04-13T07:15:00Z,4727.94500,4732.55500,4726.24500,4731.01500
XAUUSD,M5,2026-04-13T07:20:00Z,4731.08800,4731.83500,4729.03500,4729.84500
XAUUSD,M5,2026-04-13T07:25:00Z,4729.86500,4731.57500,4726.96500,4730.58500
XAUUSD,M5,2026-04-13T07:30:00Z,4730.71500,4733.58500,4730.18500,4731.43500
XAUUSD,M5,2026-04-13T07:35:00Z,4731.46500,4732.08500,4727.18500,4729.63500
XAUUSD,M5,2026-04-13T07:40:00Z,4729.61500,4732.41500,4728.29500,4732.03500
XAUUSD,M5,2026-04-13T07:45:00Z,4731.99500,4738.84500,4731.77500,4738.77500
XAUUSD,M5,2026-04-13T07:50:00Z,4738.74500,4739.81500,4734.09500,4734.55500
XAUUSD,M5,2026-04-13T07:55:00Z,4734.50500,4736.28500,4727.95500,4733.43500
XAUUSD,M5,2026-04-13T08:00:00Z,4733.46500,4738.49500,4733.07500,4736.14500
XAUUSD,M5,2026-04-13T08:05:00Z,4736.19500,4737.04500,4732.21500,4733.94500
XAUUSD,M5,2026-04-13T08:10:00Z,4734.21500,4735.79500,4732.55500,4732.81500
XAUUSD,M5,2026-04-13T08:15:00Z,4732.81500,4733.29500,4730.06500,4732.84500
XAUUSD,M5,2026-04-13T08:20:00Z,4732.82500,4733.89500,4730.10500,4733.04500
XAUUSD,M5,2026-04-13T08:25:00Z,4733.07500,4734.16500,4731.89500,4731.94500
XAUUSD,M5,2026-04-13T08:30:00Z,4731.90500,4736.20500,4730.42500,4732.49500
XAUUSD,M5,2026-04-13T08:35:00Z,4732.47500,4734.41500,4728.93500,4729.81500
XAUUSD,M5,2026-04-13T08:40:00Z,4729.75500,4729.98500,4720.78500,4721.21500
XAUUSD,M5,2026-04-13T08:45:00Z,4721.20500,4729.57500,4720.06500,4728.49500
XAUUSD,M5,2026-04-13T08:50:00Z,4728.21500,4728.53500,4723.89500,4725.05500
XAUUSD,M5,2026-04-13T08:55:00Z,4725.05500,4726.58500,4723.14500,4723.26500
XAUUSD,M5,2026-04-13T09:00:00Z,4723.28500,4728.57500,4722.69500,4726.71500
XAUUSD,M5,2026-04-13T09:05:00Z,4726.79500,4727.15500,4717.34500,4717.44500
XAUUSD,M5,2026-04-13T09:10:00Z,4717.55500,4721.72500,4715.74500,4718.99500
XAUUSD,M5,2026-04-13T09:15:00Z,4718.96500,4720.48500,4716.24500,4719.92500
XAUUSD,M5,2026-04-13T09:20:00Z,4719.90500,4721.25500,4716.69500,4720.59500
XAUUSD,M5,2026-04-13T09:25:00Z,4720.72500,4720.72500,4714.14500,4715.01500
XAUUSD,M5,2026-04-13T09:30:00Z,4715.01500,4719.84500,4713.85500,4714.07500
XAUUSD,M5,2026-04-13T09:35:00Z,4713.97500,4715.70500,4710.63500,4715.70500
XAUUSD,M5,2026-04-13T09:40:00Z,4715.67500,4715.84500,4710.38500,4714.05500
XAUUSD,M5,2026-04-13T09:45:00Z,4713.74800,4716.20500,4710.73500,4713.51500
XAUUSD,M5,2026-04-13T09:50:00Z,4713.34500,4716.35500,4711.95500,4715.13500
XAUUSD,M5,2026-04-13T09:55:00Z,4714.83500,4716.49500,4713.95500,4714.54500
XAUUSD,M5,2026-04-13T10:00:00Z,4714.56500,4716.76500,4714.49500,4715.51500
XAUUSD,M5,2026-04-13T10:05:00Z,4715.44500,4718.52500,4713.54500,4718.07500
XAUUSD,M5,2026-04-13T10:10:00Z,4717.95500,4718.91500,4714.47500,4717.76500
XAUUSD,M5,2026-04-13T10:15:00Z,4717.82500,4718.00500,4712.23500,4712.98500
XAUUSD,M5,2026-04-13T10:20:00Z,4712.90500,4714.39500,4710.98500,4711.67500
XAUUSD,M5,2026-04-13T10:25:00Z,4711.58500,4712.27500,4708.13500,4712.20500
XAUUSD,M5,2026-04-13T10:30:00Z,4712.27800,4716.00500,4711.47500,4715.83500
XAUUSD,M5,2026-04-13T10:35:00Z,4715.88500,4717.21500,4714.64500,4717.21500
XAUUSD,M5,2026-04-13T10:40:00Z,4717.10500,4718.35500,4714.51500,4717.93500
XAUUSD,M5,2026-04-13T10:45:00Z,4717.90500,4721.84500,4717.24500,4721.42500
XAUUSD,M5,2026-04-13T10:50:00Z,4721.44500,4723.74500,4719.88500,4720.01500
XAUUSD,M5,2026-04-13T10:55:00Z,4720.04500,4722.06500,4719.05500,4721.90500
XAUUSD,M5,2026-04-13T11:00:00Z,4721.97500,4726.48600,4720.84500,4725.00500
XAUUSD,M5,2026-04-13T11:05:00Z,4724.85500,4728.95500,4722.60500,4722.68500
XAUUSD,M5,2026-04-13T11:10:00Z,4722.70500,4723.67500,4719.84500,4721.33500
XAUUSD,M5,2026-04-13T11:15:00Z,4721.44500,4722.86500,4719.70800,4719.92500
XAUUSD,M5,2026-04-13T11:20:00Z,4719.94500,4723.44500,4718.86500,4720.07500
XAUUSD,M5,2026-04-13T11:25:00Z,4720.04500,4721.12500,4718.40500,4720.83500
XAUUSD,M5,2026-04-13T11:30:00Z,4720.64500,4722.24500,4719.38800,4719.76500
XAUUSD,M5,2026-04-13T11:35:00Z,4719.80500,4719.82500,4710.36500,4712.00500
XAUUSD,M5,2026-04-13T11:40:00Z,4711.88500,4712.61500,4703.93500,4707.50500
XAUUSD,M5,2026-04-13T11:45:00Z,4707.48500,4711.25500,4703.16500,4708.54500
XAUUSD,M5,2026-04-13T11:50:00Z,4708.51500,4712.01500,4705.42500,4707.69500
XAUUSD,M5,2026-04-13T11:55:00Z,4707.67500,4711.03500,4704.78500,4706.87500
XAUUSD,M5,2026-04-13T12:00:00Z,4706.74500,4712.72500,4703.51500,4709.32500
XAUUSD,M5,2026-04-13T12:05:00Z,4709.34500,4715.12500,4709.34500,4714.02500
XAUUSD,M5,2026-04-13T12:10:00Z,4713.92500,4719.94500,4713.92500,4716.98500
XAUUSD,M5,2026-04-13T12:15:00Z,4717.33500,4717.62500,4713.09500,4713.77500
XAUUSD,M5,2026-04-13T12:20:00Z,4713.80500,4714.36500,4705.57500,4706.96500
XAUUSD,M5,2026-04-13T12:25:00Z,4706.98500,4711.00500,4703.48500,4710.45500
XAUUSD,M5,2026-04-13T12:30:00Z,4710.45500,4715.47500,4709.74500,4713.64500
XAUUSD,M5,2026-04-13T12:35:00Z,4713.69500,4715.69500,4708.78500,4711.11500
XAUUSD,M5,2026-04-13T12:40:00Z,4711.14500,4716.21500,4710.43500,4715.49500
XAUUSD,M5,2026-04-13T12:45:00Z,4715.43500,4722.02500,4715.21800,4721.05500
XAUUSD,M5,2026-04-13T12:50:00Z,4721.05500,4724.71500,4719.30500,4723.48500
XAUUSD,M5,2026-04-13T12:55:00Z,4723.42500,4724.89500,4720.48500,4723.31500
XAUUSD,M5,2026-04-13T13:00:00Z,4723.21800,4729.33500,4722.54500,4726.77500
XAUUSD,M5,2026-04-13T13:05:00Z,4726.85500,4730.22500,4726.51500,4728.11500
XAUUSD,M5,2026-04-13T13:10:00Z,4728.22500,4735.97500,4725.59800,4734.01500
XAUUSD,M5,2026-04-13T13:15:00Z,4734.06500,4737.16500,4731.79500,4734.99800
XAUUSD,M5,2026-04-13T13:20:00Z,4735.03500,4735.50500,4728.58800,4730.63800
XAUUSD,M5,2026-04-13T13:25:00Z,4730.45500,4733.98800,4729.72500,4732.88800
XAUUSD,M5,2026-04-13T13:30:00Z,4733.35500,4736.94800,4730.36500,4733.37800
XAUUSD,M5,2026-04-13T13:35:00Z,4733.37800,4734.55500,4726.62500,4726.91500
XAUUSD,M5,2026-04-13T13:40:00Z,4726.94500,4730.10500,4724.27500,4726.64500
XAUUSD,M5,2026-04-13T13:45:00Z,4726.61500,4740.02500,4722.17500,4739.12500
XAUUSD,M5,2026-04-13T13:50:00Z,4739.33500,4744.31500,4721.01500,4726.11800
XAUUSD,M5,2026-04-13T13:55:00Z,4726.21800,4731.63500,4722.21800,4730.15800
XAUUSD,M5,2026-04-13T14:00:00Z,4730.11500,4730.87800,4720.41500,4724.03500
XAUUSD,M5,2026-04-13T14:05:00Z,4724.01500,4727.31500,4720.71800,4724.91500
XAUUSD,M5,2026-04-13T14:10:00Z,4724.88500,4728.33500,4723.63500,4727.02500
XAUUSD,M5,2026-04-13T14:15:00Z,4727.18500,4727.88500,4716.66500,4718.10500
XAUUSD,M5,2026-04-13T14:20:00Z,4718.16500,4721.09500,4709.12500,4716.86500
XAUUSD,M5,2026-04-13T14:25:00Z,4717.03500,4717.36500,4712.78500,4715.10500
XAUUSD,M5,2026-04-13T14:30:00Z,4715.06500,4719.96500,4708.28500,4719.67500
XAUUSD,M5,2026-04-13T14:35:00Z,4719.67500,4720.10800,4714.66500,4718.71500
XAUUSD,M5,2026-04-13T14:40:00Z,4718.80500,4722.34500,4716.95500,4721.57500
XAUUSD,M5,2026-04-13T14:45:00Z,4721.55500,4723.22800,4714.55500,4714.97500
XAUUSD,M5,2026-04-13T14:50:00Z,4714.89500,4715.52500,4709.78500,4713.84500
XAUUSD,M5,2026-04-13T14:55:00Z,4713.86500,4720.05500,4711.33500,4718.77500
XAUUSD,M5,2026-04-13T15:00:00Z,4718.71500,4719.56500,4705.63500,4707.30500
XAUUSD,M5,2026-04-13T15:05:00Z,4707.28500,4708.35500,4700.02500,4705.25500
XAUUSD,M5,2026-04-13T15:10:00Z,4705.27500,4709.95500,4702.97800,4707.55500
XAUUSD,M5,2026-04-13T15:15:00Z,4707.57500,4711.34500,4706.17500,4706.51500
XAUUSD,M5,2026-04-13T15:20:00Z,4706.71500,4710.18500,4704.35500,4704.46500
XAUUSD,M5,2026-04-13T15:25:00Z,4704.39500,4706.05500,4702.86500,4703.59500
XAUUSD,M5,2026-04-13T15:30:00Z,4703.64500,4709.20500,4702.06500,4708.97500
XAUUSD,M5,2026-04-13T15:35:00Z,4709.04500,4718.01500,4708.97500,4715.75500
XAUUSD,M5,2026-04-13T15:40:00Z,4715.79500,4716.16500,4710.84500,4712.22500
XAUUSD,M5,2026-04-13T15:45:00Z,4712.20500,4715.13500,4710.48500,4714.87500
XAUUSD,M5,2026-04-13T15:50:00Z,4714.83500,4715.58500,4712.02800,4712.02800
XAUUSD,M5,2026-04-13T15:55:00Z,4712.05500,4714.64500,4711.73500,4714.22500
XAUUSD,M5,2026-04-13T16:00:00Z,4714.19500,4715.76500,4709.91500,4711.26500
XAUUSD,M5,2026-04-13T16:05:00Z,4711.11800,4719.04500,4708.97500,4716.50500
XAUUSD,M5,2026-04-13T16:10:00Z,4716.55500,4720.69500,4715.01500,4719.49500
XAUUSD,M5,2026-04-13T16:15:00Z,4719.74500,4729.35500,4718.47500,4725.60500
XAUUSD,M5,2026-04-13T16:20:00Z,4725.54500,4730.98500,4722.14500,4726.16500
XAUUSD,M5,2026-04-13T16:25:00Z,4726.18500,4733.79800,4726.09500,4729.87500
XAUUSD,M5,2026-04-13T16:30:00Z,4729.88800,4736.07800,4728.41500,4733.71500
XAUUSD,M5,2026-04-13T16:35:00Z,4733.57500,4736.88500,4731.91500,4735.46500
XAUUSD,M5,2026-04-13T16:40:00Z,4735.59500,4740.31500,4729.80500,4740.01500
XAUUSD,M5,2026-04-13T16:45:00Z,4740.04500,4746.09000,4736.18500,4737.42500
XAUUSD,M5,2026-04-13T16:50:00Z,4737.45500,4743.23500,4734.82500,4736.99500
XAUUSD,M5,2026-04-13T16:55:00Z,4737.04500,4737.74500,4731.98500,4732.78500
XAUUSD,M5,2026-04-13T17:00:00Z,4732.79500,4738.15500,4732.78500,4738.15500
XAUUSD,M5,2026-04-13T17:05:00Z,4737.78500,4737.94500,4725.25800,4728.63500
XAUUSD,M5,2026-04-13T17:10:00Z,4728.67500,4731.60500,4728.40500,4730.75500
XAUUSD,M5,2026-04-13T17:15:00Z,4730.94500,4744.49800,4729.36500,4744.16500
XAUUSD,M5,2026-04-13T17:20:00Z,4744.14500,4747.52500,4741.06500,4744.35500
XAUUSD,M5,2026-04-13T17:25:00Z,4744.34500,4749.72500,4742.53500,4742.80500
XAUUSD,M5,2026-04-13T17:30:00Z,4742.63500,4747.22500,4742.59500,4743.24500
XAUUSD,M5,2026-04-13T17:35:00Z,4743.13500,4746.63500,4743.03500,4745.85500
XAUUSD,M5,2026-04-13T17:40:00Z,4745.82500,4746.57500,4742.47500,4743.79500
XAUUSD,M5,2026-04-13T17:45:00Z,4743.77500,4743.99500,4736.90500,4738.41500
XAUUSD,M5,2026-04-13T17:50:00Z,4738.43500,4740.10500,4727.03500,4730.16500
XAUUSD,M5,2026-04-13T17:55:00Z,4730.16500,4731.47500,4728.51500,4729.64800
XAUUSD,M5,2026-04-13T18:00:00Z,4729.72500,4732.69500,4728.91500,4731.53800
XAUUSD,M5,2026-04-13T18:05:00Z,4731.51500,4732.30500,4728.62800,4729.35500
XAUUSD,M5,2026-04-13T18:10:00Z,4729.29500,4732.14500,4729.01500,4730.02500
XAUUSD,M5,2026-04-13T18:15:00Z,4729.99500,4730.95500,4724.37500,4724.50500
XAUUSD,M5,2026-04-13T18:20:00Z,4724.48500,4730.04500,4724.19800,4728.82500
XAUUSD,M5,2026-04-13T18:25:00Z,4728.78500,4728.82500,4723.29500,4727.14500
XAUUSD,M5,2026-04-13T18:30:00Z,4727.03500,4733.82500,4726.61500,4733.10500
XAUUSD,M5,2026-04-13T18:35:00Z,4732.99500,4735.16500,4731.04500,4731.55500
XAUUSD,M5,2026-04-13T18:40:00Z,4731.63500,4733.39500,4730.65500,4733.39500
XAUUSD,M5,2026-04-13T18:45:00Z,4733.35500,4736.29500,4733.31500,4735.62500
XAUUSD,M5,2026-04-13T18:50:00Z,4735.68500,4740.19500,4733.92500,4739.18500
XAUUSD,M5,2026-04-13T18:55:00Z,4739.15500,4740.52500,4737.13500,4738.24500
XAUUSD,M5,2026-04-13T19:00:00Z,4738.16500,4739.26500,4735.03500,4735.32500
XAUUSD,M5,2026-04-13T19:05:00Z,4735.29500,4735.62500,4730.34500,4734.24500
XAUUSD,M5,2026-04-13T19:10:00Z,4734.21500,4734.83500,4732.21500,4734.48500
XAUUSD,M5,2026-04-13T19:15:00Z,4734.56500,4738.01500,4734.56500,4737.06500
XAUUSD,M5,2026-04-13T19:20:00Z,4736.79500,4741.44500,4736.79500,4741.18500
XAUUSD,M5,2026-04-13T19:25:00Z,4741.23500,4743.75500,4741.08500,4742.96500
XAUUSD,M5,2026-04-13T19:30:00Z,4742.78500,4747.23500,4742.51500,4743.26500
XAUUSD,M5,2026-04-13T19:35:00Z,4743.24500,4745.47800,4741.30500,4741.30500
XAUUSD,M5,2026-04-13T19:40:00Z,4741.25800,4742.27800,4738.74500,4741.58500
XAUUSD,M5,2026-04-13T19:45:00Z,4741.50500,4741.66500,4739.11500,4740.85800
XAUUSD,M5,2026-04-13T19:50:00Z,4740.85800,4745.49500,4740.85800,4744.18800
XAUUSD,M5,2026-04-13T19:55:00Z,4744.68500,4745.30500,4739.34800,4740.96800
XAUUSD,M5,2026-04-13T20:00:00Z,4740.93800,4743.03500,4739.43800,4742.05500
XAUUSD,M5,2026-04-13T20:05:00Z,4742.05500,4743.37800,4741.53500,4742.37800
XAUUSD,M5,2026-04-13T20:10:00Z,4742.37800,4743.78800,4741.74500,4742.18500
XAUUSD,M5,2026-04-13T20:15:00Z,4742.20500,4742.52500,4741.20500,4741.66500
XAUUSD,M5,2026-04-13T20:20:00Z,4741.59500,4743.55500,4740.17800,4740.38500
XAUUSD,M5,2026-04-13T20:25:00Z,4740.41500,4740.58500,4738.21500,4739.07500
XAUUSD,M5,2026-04-13T20:30:00Z,4739.04800,4740.30800,4738.22500,4739.16500
XAUUSD,M5,2026-04-13T20:35:00Z,4739.16500,4739.85500,4738.20500,4738.26500
XAUUSD,M5,2026-04-13T20:40:00Z,4738.15800,4739.76800,4738.15800,4739.64500
XAUUSD,M5,2026-04-13T20:45:00Z,4739.54800,4740.77500,4738.35500,4738.84500
XAUUSD,M5,2026-04-13T20:50:00Z,4738.86500,4741.32500,4737.91500,4740.58500
XAUUSD,M5,2026-04-13T20:55:00Z,4740.11500,4742.48500,4739.64500,4739.64500
XAUUSD,M5,2026-04-13T22:00:00Z,4742.31800,4755.72500,4742.31800,4746.53500
XAUUSD,M5,2026-04-13T22:05:00Z,4746.56500,4750.48500,4746.15500,4747.81500
XAUUSD,M5,2026-04-13T22:10:00Z,4747.84500,4751.72500,4747.05500,4748.11800
XAUUSD,M5,2026-04-13T22:15:00Z,4748.12800,4749.47500,4746.22800,4748.30500
XAUUSD,M5,2026-04-13T22:20:00Z,4748.24500,4748.54500,4745.70500,4746.87500
XAUUSD,M5,2026-04-13T22:25:00Z,4746.98500,4748.67500,4745.44500,4748.53500
XAUUSD,M5,2026-04-13T22:30:00Z,4748.46500,4749.44500,4746.70500,4747.20500
XAUUSD,M5,2026-04-13T22:35:00Z,4747.23500,4749.11500,4746.03500,4747.69500
XAUUSD,M5,2026-04-13T22:40:00Z,4747.58500,4750.17500,4747.58500,4750.17500
XAUUSD,M5,2026-04-13T22:45:00Z,4750.35800,4753.00500,4748.98500,4750.65500
XAUUSD,M5,2026-04-13T22:50:00Z,4750.67500,4755.63500,4750.67500,4755.26500
XAUUSD,M5,2026-04-13T22:55:00Z,4755.29500,4759.37500,4755.06500,4757.46800
XAUUSD,M5,2026-04-13T23:00:00Z,4757.39500,4764.79800,4757.30500,4763.97800
XAUUSD,M5,2026-04-13T23:05:00Z,4763.93800,4765.23800,4762.29500,4764.49800
XAUUSD,M5,2026-04-13T23:10:00Z,4764.46800,4765.66800,4762.21500,4762.66500
XAUUSD,M5,2026-04-13T23:15:00Z,4762.70500,4763.22500,4759.45500,4760.21500
XAUUSD,M5,2026-04-13T23:20:00Z,4760.23500,4760.23500,4757.36500,4758.34500
XAUUSD,M5,2026-04-13T23:25:00Z,4758.38500,4758.52500,4754.47500,4755.17500
XAUUSD,M5,2026-04-13T23:30:00Z,4755.20500,4757.56500,4754.17500,4754.90500
XAUUSD,M5,2026-04-13T23:35:00Z,4754.93500,4759.77500,4754.22500,4759.44500
XAUUSD,M5,2026-04-13T23:40:00Z,4759.51500,4761.34500,4758.95500,4759.32500
XAUUSD,M5,2026-04-13T23:45:00Z,4759.29500,4761.51800,4758.21500,4758.24500
XAUUSD,M5,2026-04-13T23:50:00Z,4757.91500,4760.33500,4756.40500,4758.60500
XAUUSD,M5,2026-04-13T23:55:00Z,4758.62500,4758.66500,4756.65500,4757.36500
XAUUSD,M5,2026-04-14T00:00:00Z,4757.40500,4757.82500,4751.28500,4754.59500
XAUUSD,M5,2026-04-14T00:05:00Z,4754.61500,4757.67500,4753.13800,4755.94500
XAUUSD,M5,2026-04-14T00:10:00Z,4755.98500,4760.34500,4755.25500,4759.30500
XAUUSD,M5,2026-04-14T00:15:00Z,4759.33500,4764.25500,4759.33500,4763.51500
XAUUSD,M5,2026-04-14T00:20:00Z,4763.52800,4764.73500,4761.26500,4762.59500
XAUUSD,M5,2026-04-14T00:25:00Z,4762.80500,4767.35500,4759.25800,4762.19500
XAUUSD,M5,2026-04-14T00:30:00Z,4762.21500,4768.14800,4761.14500,4765.83500
XAUUSD,M5,2026-04-14T00:35:00Z,4765.76500,4771.35500,4765.23500,4771.23500
XAUUSD,M5,2026-04-14T00:40:00Z,4771.18500,4775.56500,4769.46500,4769.87800
XAUUSD,M5,2026-04-14T00:45:00Z,4769.61500,4771.53800,4767.82500,4770.43800
XAUUSD,M5,2026-04-14T00:50:00Z,4770.43800,4771.40800,4768.54500,4769.68500
XAUUSD,M5,2026-04-14T00:55:00Z,4769.64500,4771.69500,4768.42800,4769.49500
XAUUSD,M5,2026-04-14T01:00:00Z,4769.53500,4770.66500,4762.19500,4767.65500
XAUUSD,M5,2026-04-14T01:05:00Z,4767.68500,4776.69500,4767.36500,4775.22500
XAUUSD,M5,2026-04-14T01:10:00Z,4775.09500,4776.71500,4770.46500,4775.69500
XAUUSD,M5,2026-04-14T01:15:00Z,4775.89500,4776.51500,4770.68500,4771.44500
XAUUSD,M5,2026-04-14T01:20:00Z,4771.47500,4773.61500,4769.30500,4770.35500
XAUUSD,M5,2026-04-14T01:25:00Z,4770.39500,4774.63500,4769.94500,4770.18500
XAUUSD,M5,2026-04-14T01:30:00Z,4770.23500,4771.07500,4764.15500,4765.90500
XAUUSD,M5,2026-04-14T01:35:00Z,4765.93500,4769.77500,4764.90500,4767.99500
XAUUSD,M5,2026-04-14T01:40:00Z,4768.01500,4773.09500,4767.82500,4772.82500
XAUUSD,M5,2026-04-14T01:45:00Z,4772.81500,4773.78500,4767.21500,4767.86500
XAUUSD,M5,2026-04-14T01:50:00Z,4767.88500,4768.81500,4764.02500,4764.76500
XAUUSD,M5,2026-04-14T01:55:00Z,4764.71800,4766.79500,4761.46500,4764.74500
XAUUSD,M5,2026-04-14T02:00:00Z,4764.74500,4766.72500,4762.70500,4765.79500
XAUUSD,M5,2026-04-14T02:05:00Z,4765.61500,4770.88500,4765.54500,4768.65500
XAUUSD,M5,2026-04-14T02:10:00Z,4768.71500,4770.13500,4767.26500,4767.85500
XAUUSD,M5,2026-04-14T02:15:00Z,4767.73500,4772.39500,4767.43500,4771.05500
XAUUSD,M5,2026-04-14T02:20:00Z,4771.03500,4771.22500,4768.12500,4769.27500
XAUUSD,M5,2026-04-14T02:25:00Z,4769.29500,4769.78500,4768.34500,4768.53500
XAUUSD,M5,2026-04-14T02:30:00Z,4768.51500,4768.61500,4761.79500,4767.15500
XAUUSD,M5,2026-04-14T02:35:00Z,4767.22500,4769.49500,4765.72500,4767.80500
XAUUSD,M5,2026-04-14T02:40:00Z,4767.93500,4772.72500,4766.52500,4772.20500
XAUUSD,M5,2026-04-14T02:45:00Z,4772.32500,4776.83500,4772.16500,4775.62500
XAUUSD,M5,2026-04-14T02:50:00Z,4775.59500,4777.07500,4774.26500,4774.31500
XAUUSD,M5,2026-04-14T02:55:00Z,4774.33500,4775.77500,4772.98500,4774.87500
XAUUSD,M5,2026-04-14T03:00:00Z,4774.85500,4775.29500,4771.31500,4772.13500
XAUUSD,M5,2026-04-14T03:05:00Z,4772.21500,4772.97500,4768.65500,4768.78500
XAUUSD,M5,2026-04-14T03:10:00Z,4768.75500,4770.71500,4768.41500,4768.80500
XAUUSD,M5,2026-04-14T03:15:00Z,4768.85500,4769.56500,4766.19500,4769.49500
XAUUSD,M5,2026-04-14T03:20:00Z,4769.52500,4771.02800,4768.13800,4768.27800
XAUUSD,M5,2026-04-14T03:25:00Z,4768.28500,4768.48500,4765.77500,4768.12500
XAUUSD,M5,2026-04-14T03:30:00Z,4768.14500,4769.37500,4765.47800,4767.24500
XAUUSD,M5,2026-04-14T03:35:00Z,4767.18500,4767.34500,4766.18500,4766.54500
XAUUSD,M5,2026-04-14T03:40:00Z,4766.45500,4768.65500,4765.29800,4767.31500
XAUUSD,M5,2026-04-14T03:45:00Z,4767.27500,4771.15500,4767.19500,4771.12500
XAUUSD,M5,2026-04-14T03:50:00Z,4771.16500,4771.80500,4770.03500,4771.26500
XAUUSD,M5,2026-04-14T03:55:00Z,4771.23500,4771.57500,4767.19500,4767.54500
XAUUSD,M5,2026-04-14T04:00:00Z,4767.91500,4770.22500,4766.69500,4768.01500
XAUUSD,M5,2026-04-14T04:05:00Z,4768.03500,4768.35500,4767.29800,4767.70500
XAUUSD,M5,2026-04-14T04:10:00Z,4767.75500,4768.78500,4767.63500,4768.51500
XAUUSD,M5,2026-04-14T04:15:00Z,4768.46500,4773.50500,4768.35500,4773.50500
XAUUSD,M5,2026-04-14T04:20:00Z,4773.48500,4775.16500,4773.31500,4774.12500
XAUUSD,M5,2026-04-14T04:25:00Z,4774.08500,4776.93500,4773.90500,4775.75500
XAUUSD,M5,2026-04-14T04:30:00Z,4775.81500,4776.13500,4773.87800,4773.88500
XAUUSD,M5,2026-04-14T04:35:00Z,4773.90500,4775.22500,4771.08800,4772.81500
XAUUSD,M5,2026-04-14T04:40:00Z,4772.79500,4773.23800,4771.81500,4773.12500
XAUUSD,M5,2026-04-14T04:45:00Z,4773.15800,4775.55500,4772.33800,4775.20500
XAUUSD,M5,2026-04-14T04:50:00Z,4775.14500,4775.71800,4773.37500,4774.32500
XAUUSD,M5,2026-04-14T04:55:00Z,4774.27500,4774.42500,4773.38500,4773.82500
XAUUSD,M5,2026-04-14T05:00:00Z,4773.84500,4774.04500,4770.39500,4772.22500
XAUUSD,M5,2026-04-14T05:05:00Z,4772.18500,4772.37500,4766.79800,4767.09800
XAUUSD,M5,2026-04-14T05:10:00Z,4767.09800,4767.93500,4762.97800,4765.09800
XAUUSD,M5,2026-04-14T05:15:00Z,4765.13500,4767.29500,4764.58500,4766.53500
XAUUSD,M5,2026-04-14T05:20:00Z,4766.39500,4767.97500,4764.50500,4764.57500
XAUUSD,M5,2026-04-14T05:25:00Z,4764.50500,4764.66500,4761.41500,4764.40500
XAUUSD,M5,2026-04-14T05:30:00Z,4764.39800,4767.04500,4760.15500,4761.67500
XAUUSD,M5,2026-04-14T05:35:00Z,4761.63500,4763.09500,4757.97500,4758.78500
XAUUSD,M5,2026-04-14T05:40:00Z,4758.83800,4762.26500,4757.63800,4761.02500
XAUUSD,M5,2026-04-14T05:45:00Z,4760.84500,4766.37500,4758.99500,4763.73500
XAUUSD,M5,2026-04-14T05:50:00Z,4763.46500,4766.66500,4761.29500,4761.36500
XAUUSD,M5,2026-04-14T05:55:00Z,4761.34500,4762.86500,4759.35500,4759.64800
XAUUSD,M5,2026-04-14T06:00:00Z,4759.61800,4766.61500,4759.61800,4764.34500
XAUUSD,M5,2026-04-14T06:05:00Z,4764.36500,4769.62500,4763.99500,4769.25500
XAUUSD,M5,2026-04-14T06:10:00Z,4769.23500,4769.44500,4764.87500,4765.86500
XAUUSD,M5,2026-04-14T06:15:00Z,4765.84500,4765.84500,4763.15500,4763.64500
XAUUSD,M5,2026-04-14T06:20:00Z,4763.60500,4767.03500,4763.60500,4764.88500
XAUUSD,M5,2026-04-14T06:25:00Z,4764.81500,4767.92500,4764.32500,4767.44500
XAUUSD,M5,2026-04-14T06:30:00Z,4767.42500,4767.82500,4764.36500,4764.96500
XAUUSD,M5,2026-04-14T06:35:00Z,4764.99500,4767.62500,4763.98500,4767.35500
XAUUSD,M5,2026-04-14T06:40:00Z,4767.33500,4770.24500,4766.99800,4769.24800
XAUUSD,M5,2026-04-14T06:45:00Z,4769.24800,4774.10500,4768.54800,4772.76500
XAUUSD,M5,2026-04-14T06:50:00Z,4772.74500,4781.30500,4770.76500,4778.62500
XAUUSD,M5,2026-04-14T06:55:00Z,4778.64500,4782.85500,4778.39500,4782.00500
XAUUSD,M5,2026-04-14T07:00:00Z,4781.94500,4789.78500,4780.80500,4786.64500
XAUUSD,M5,2026-04-14T07:05:00Z,4786.61500,4796.18500,4786.39500,4793.41500
XAUUSD,M5,2026-04-14T07:10:00Z,4793.36500,4793.36500,4785.94500,4789.94500
XAUUSD,M5,2026-04-14T07:15:00Z,4789.94500,4791.45500,4784.18500,4784.65500
XAUUSD,M5,2026-04-14T07:20:00Z,4784.73500,4786.86500,4771.76500,4772.51500
XAUUSD,M5,2026-04-14T07:25:00Z,4772.48500,4774.57500,4767.57500,4772.48500
XAUUSD,M5,2026-04-14T07:30:00Z,4772.45500,4775.73500,4772.08500,4772.41500
XAUUSD,M5,2026-04-14T07:35:00Z,4772.50500,4777.74500,4771.64500,4777.74500
XAUUSD,M5,2026-04-14T07:40:00Z,4777.72500,4779.47500,4773.99500,4777.76500
XAUUSD,M5,2026-04-14T07:45:00Z,4777.73500,4780.47500,4777.08500,4777.70500
XAUUSD,M5,2026-04-14T07:50:00Z,4777.71500,4777.92500,4773.85500,4775.09500
XAUUSD,M5,2026-04-14T07:55:00Z,4775.11500,4779.44500,4773.60500,4777.02500
XAUUSD,M5,2026-04-14T08:00:00Z,4776.97500,4777.91500,4774.03500,4777.71500
XAUUSD,M5,2026-04-14T08:05:00Z,4777.65500,4782.24500,4777.47500,4780.29500
XAUUSD,M5,2026-04-14T08:10:00Z,4780.33500,4782.86500,4777.71500,4780.19500
XAUUSD,M5,2026-04-14T08:15:00Z,4780.13500,4780.49800,4777.51800,4779.51500
XAUUSD,M5,2026-04-14T08:20:00Z,4779.50800,4781.55500,4775.42500,4777.29500
XAUUSD,M5,2026-04-14T08:25:00Z,4777.34500,4786.46500,4777.27500,4785.84500
XAUUSD,M5,2026-04-14T08:30:00Z,4785.85500,4789.09500,4784.91500,4788.40500
XAUUSD,M5,2026-04-14T08:35:00Z,4788.44500,4789.82500,4785.71500,4787.77800
XAUUSD,M5,2026-04-14T08:40:00Z,4787.77800,4787.77800,4782.44500,4784.56500
XAUUSD,M5,2026-04-14T08:45:00Z,4784.74500,4785.63500,4783.35500,4784.44500
XAUUSD,M5,2026-04-14T08:50:00Z,4784.40500,4785.07500,4781.54500,4784.20500
XAUUSD,M5,2026-04-14T08:55:00Z,4784.17500,4786.68500,4781.16800,4786.68500
XAUUSD,M5,2026-04-14T09:00:00Z,4786.71500,4787.92500,4784.21500,4785.54500
XAUUSD,M5,2026-04-14T09:05:00Z,4785.48500,4785.82500,4780.12500,4785.30500
XAUUSD,M5,2026-04-14T09:10:00Z,4785.34500,4785.91500,4783.50500,4785.43500
XAUUSD,M5,2026-04-14T09:15:00Z,4785.54500,4787.16500,4784.39500,4784.93500
XAUUSD,M5,2026-04-14T09:20:00Z,4784.95500,4789.11500,4783.20500,4786.64500
XAUUSD,M5,2026-04-14T09:25:00Z,4786.41800,4786.41800,4778.37500,4778.40500
XAUUSD,M5,2026-04-14T09:30:00Z,4778.41500,4778.99500,4771.39500,4774.29500
XAUUSD,M5,2026-04-14T09:35:00Z,4773.88500,4779.55500,4773.56500,4778.89500
XAUUSD,M5,2026-04-14T09:40:00Z,4778.73500,4779.29500,4775.66500,4778.20500
XAUUSD,M5,2026-04-14T09:45:00Z,4778.18500,4778.75500,4772.78500,4775.67500
XAUUSD,M5,2026-04-14T09:50:00Z,4775.73500,4778.37500,4775.66500,4777.14500
XAUUSD,M5,2026-04-14T09:55:00Z,4777.17500,4782.21500,4777.14500,4777.98500
XAUUSD,M5,2026-04-14T10:00:00Z,4778.06500,4781.96500,4777.89800,4779.63500
XAUUSD,M5,2026-04-14T10:05:00Z,4779.66500,4784.69500,4779.66500,4784.35500
XAUUSD,M5,2026-04-14T10:10:00Z,4784.48500,4784.81500,4780.11500,4782.15500
XAUUSD,M5,2026-04-14T10:15:00Z,4782.17500,4787.01500,4781.38500,4787.00500
XAUUSD,M5,2026-04-14T10:20:00Z,4786.97500,4787.95500,4783.00500,4783.90500
XAUUSD,M5,2026-04-14T10:25:00Z,4783.84500,4785.08500,4780.20500,4783.74500
XAUUSD,M5,2026-04-14T10:30:00Z,4783.71500,4784.40500,4781.89500,4784.16500
XAUUSD,M5,2026-04-14T10:35:00Z,4784.21500,4784.22500,4751.28500,4763.00500
XAUUSD,M5,2026-04-14T10:40:00Z,4762.97500,4768.22500,4756.63500,4767.21500
XAUUSD,M5,2026-04-14T10:45:00Z,4767.16500,4770.23500,4766.61500,4769.53500
XAUUSD,M5,2026-04-14T10:50:00Z,4769.56500,4772.10500,4768.73500,4770.13500
XAUUSD,M5,2026-04-14T10:55:00Z,4770.21500,4772.05500,4768.10500,4768.17500
XAUUSD,M5,2026-04-14T11:00:00Z,4768.14500,4771.44500,4766.66500,4771.25500
XAUUSD,M5,2026-04-14T11:05:00Z,4771.22500,4776.78500,4770.12500,4775.86500
XAUUSD,M5,2026-04-14T11:10:00Z,4775.98500,4776.67500,4775.01800,4776.42500
XAUUSD,M5,2026-04-14T11:15:00Z,4776.46500,4777.82500,4774.83500,4776.84500
XAUUSD,M5,2026-04-14T11:20:00Z,4776.84500,4778.86500,4776.29800,4778.08800
XAUUSD,M5,2026-04-14T11:25:00Z,4778.07500,4782.88500,4777.29500,4777.96500
XAUUSD,M5,2026-04-14T11:30:00Z,4778.24500,4778.24500,4772.98500,4773.60500
XAUUSD,M5,2026-04-14T11:35:00Z,4773.64500,4777.87500,4773.11500,4777.62500
XAUUSD,M5,2026-04-14T11:40:00Z,4777.59500,4779.74500,4776.64500,4777.92500
XAUUSD,M5,2026-04-14T11:45:00Z,4777.98500,4778.79500,4774.97500,4775.24500
XAUUSD,M5,2026-04-14T11:50:00Z,4775.15500,4775.54500,4770.33500,4773.11800
XAUUSD,M5,2026-04-14T11:55:00Z,4773.13500,4782.51800,4770.29800,4774.57800
XAUUSD,M5,2026-04-14T12:00:00Z,4774.75500,4777.05500,4773.53500,4774.33500
XAUUSD,M5,2026-04-14T12:05:00Z,4774.13800,4777.36500,4774.00500,4774.73500
XAUUSD,M5,2026-04-14T12:10:00Z,4774.64500,4775.00500,4768.54500,4769.57800
XAUUSD,M5,2026-04-14T12:15:00Z,4769.57800,4772.44500,4765.74500,4770.59500
XAUUSD,M5,2026-04-14T12:20:00Z,4770.65500,4770.66500,4762.45500,4765.96500
XAUUSD,M5,2026-04-14T12:25:00Z,4766.00800,4770.49500,4764.96500,4768.25500
XAUUSD,M5,2026-04-14T12:30:00Z,4768.22500,4776.01500,4767.78500,4775.23500
XAUUSD,M5,2026-04-14T12:35:00Z,4775.13500,4775.95500,4769.06500,4773.09800
XAUUSD,M5,2026-04-14T12:40:00Z,4773.11500,4775.84500,4767.93500,4768.64500
XAUUSD,M5,2026-04-14T12:45:00Z,4768.86500,4773.48500,4765.76500,4772.36500
XAUUSD,M5,2026-04-14T12:50:00Z,4772.39500,4773.10500,4761.90500,4764.18500
XAUUSD,M5,2026-04-14T12:55:00Z,4764.40500,4771.49500,4763.65500,4771.23500
XAUUSD,M5,2026-04-14T13:00:00Z,4771.26500,4777.80500,4770.96500,4777.30500
XAUUSD,M5,2026-04-14T13:05:00Z,4777.36500,4777.83500,4773.47500,4776.63500
XAUUSD,M5,2026-04-14T13:10:00Z,4776.68500,4781.77800,4776.67500,4781.70500
XAUUSD,M5,2026-04-14T13:15:00Z,4781.68500,4787.48500,4780.79800,4787.30500
XAUUSD,M5,2026-04-14T13:20:00Z,4787.34500,4792.29500,4786.23800,4791.38500
XAUUSD,M5,2026-04-14T13:25:00Z,4791.38500,4791.41500,4781.36800,4782.56500
XAUUSD,M5,2026-04-14T13:30:00Z,4782.58500,4794.19500,4779.77500,4793.84500
XAUUSD,M5,2026-04-14T13:35:00Z,4793.86500,4803.11500,4788.08500,4788.86800
XAUUSD,M5,2026-04-14T13:40:00Z,4788.87800,4793.03800,4786.30800,4792.90500
XAUUSD,M5,2026-04-14T13:45:00Z,4792.46500,4794.61500,4790.28500,4793.97500
XAUUSD,M5,2026-04-14T13:50:00Z,4794.01500,4795.77500,4788.74500,4792.89500
XAUUSD,M5,2026-04-14T13:55:00Z,4792.87500,4796.23500,4790.00500,4794.38800
XAUUSD,M5,2026-04-14T14:00:00Z,4794.38800,4803.46500,4794.38800,4795.18500
XAUUSD,M5,2026-04-14T14:05:00Z,4795.20500,4802.11500,4792.66800,4801.72500
XAUUSD,M5,2026-04-14T14:10:00Z,4801.81500,4802.30500,4793.78500,4794.66500
XAUUSD,M5,2026-04-14T14:15:00Z,4794.70500,4806.12500,4794.70500,4804.37500
XAUUSD,M5,2026-04-14T14:20:00Z,4804.43500,4804.83700,4798.41500,4800.64500
XAUUSD,M5,2026-04-14T14:25:00Z,4800.58500,4810.42500,4799.45500,4808.90800
XAUUSD,M5,2026-04-14T14:30:00Z,4808.91500,4816.01500,4806.25500,4813.15500
XAUUSD,M5,2026-04-14T14:35:00Z,4813.31500,4817.59800,4801.53500,4803.87500
XAUUSD,M5,2026-04-14T14:40:00Z,4803.82500,4804.27500,4798.15800,4798.29800
XAUUSD,M5,2026-04-14T14:45:00Z,4798.31500,4800.71500,4794.94800,4799.21800
XAUUSD,M5,2026-04-14T14:50:00Z,4799.21800,4801.58500,4796.27500,4801.45500
XAUUSD,M5,2026-04-14T14:55:00Z,4801.61500,4806.32500,4801.09500,4803.63500
XAUUSD,M5,2026-04-14T15:00:00Z,4803.64500,4803.66500,4795.60500,4795.92500
XAUUSD,M5,2026-04-14T15:05:00Z,4795.85500,4797.98500,4791.59500,4792.61500
XAUUSD,M5,2026-04-14T15:10:00Z,4792.65500,4797.60500,4790.99500,4794.37500
XAUUSD,M5,2026-04-14T15:15:00Z,4794.40500,4800.57500,4792.94500,4800.34500
XAUUSD,M5,2026-04-14T15:20:00Z,4800.32500,4805.57500,4799.12500,4803.26500
XAUUSD,M5,2026-04-14T15:25:00Z,4803.36500,4804.81500,4800.53500,4802.39500
XAUUSD,M5,2026-04-14T15:30:00Z,4802.39500,4810.15500,4802.02800,4806.92500
XAUUSD,M5,2026-04-14T15:35:00Z,4806.97800,4813.46500,4806.97800,4811.78500
XAUUSD,M5,2026-04-14T15:40:00Z,4811.54500,4811.89500,4807.00500,4808.80500
XAUUSD,M5,2026-04-14T15:45:00Z,4809.15500,4811.15500,4807.00500,4808.44500
XAUUSD,M5,2026-04-14T15:50:00Z,4808.50500,4815.88500,4807.94500,4809.99800
XAUUSD,M5,2026-04-14T15:55:00Z,4810.00800,4810.93800,4806.28500,4807.79500
XAUUSD,M5,2026-04-14T16:00:00Z,4807.86500,4812.83500,4804.73500,4811.23800
XAUUSD,M5,2026-04-14T16:05:00Z,4811.48500,4813.70500,4808.74500,4810.70500
XAUUSD,M5,2026-04-14T16:10:00Z,4810.55500,4810.89800,4807.06500,4809.22500
XAUUSD,M5,2026-04-14T16:15:00Z,4809.24500,4816.47500,4806.99500,4815.70500
XAUUSD,M5,2026-04-14T16:20:00Z,4815.68500,4817.18500,4809.75500,4816.23500
XAUUSD,M5,2026-04-14T16:25:00Z,4816.48500,4819.01800,4814.86800,4816.03500
XAUUSD,M5,2026-04-14T16:30:00Z,4816.08800,4819.99500,4814.61500,4815.41800
XAUUSD,M5,2026-04-14T16:35:00Z,4815.43500,4816.66500,4813.28500,4815.85500
XAUUSD,M5,2026-04-14T16:40:00Z,4815.88500,4817.53500,4813.94500,4814.91500
XAUUSD,M5,2026-04-14T16:45:00Z,4815.05800,4815.05800,4810.66500,4814.43500
XAUUSD,M5,2026-04-14T16:50:00Z,4814.47800,4817.91500,4812.39500,4813.32800
XAUUSD,M5,2026-04-14T16:55:00Z,4813.32800,4813.53500,4808.80800,4809.88500
XAUUSD,M5,2026-04-14T17:00:00Z,4809.96500,4817.12800,4809.19800,4814.91800
XAUUSD,M5,2026-04-14T17:05:00Z,4814.76500,4832.74800,4814.76500,4829.14800
XAUUSD,M5,2026-04-14T17:10:00Z,4829.14800,4833.29500,4826.71500,4826.80500
XAUUSD,M5,2026-04-14T17:15:00Z,4826.83500,4827.85500,4824.83500,4827.25800
XAUUSD,M5,2026-04-14T17:20:00Z,4827.30500,4831.12500,4826.02500,4830.56500
XAUUSD,M5,2026-04-14T17:25:00Z,4830.54800,4831.60800,4824.59800,4825.39800
XAUUSD,M5,2026-04-14T17:30:00Z,4825.39800,4833.79800,4824.90800,4831.64500
XAUUSD,M5,2026-04-14T17:35:00Z,4831.68500,4839.52500,4830.29500,4837.67500
XAUUSD,M5,2026-04-14T17:40:00Z,4837.68500,4841.51500,4836.45800,4836.84800
XAUUSD,M5,2026-04-14T17:45:00Z,4836.84800,4838.96500,4835.80500,4837.69800
XAUUSD,M5,2026-04-14T17:50:00Z,4837.69800,4839.52500,4835.79500,4836.33500
XAUUSD,M5,2026-04-14T17:55:00Z,4836.28500,4837.18500,4834.26500,4834.88500
XAUUSD,M5,2026-04-14T18:00:00Z,4834.92500,4836.95800,4834.22500,4836.82800
XAUUSD,M5,2026-04-14T18:05:00Z,4836.82800,4842.82500,4835.83500,4842.54500
XAUUSD,M5,2026-04-14T18:10:00Z,4842.56500,4843.01800,4835.36800,4838.49800
XAUUSD,M5,2026-04-14T18:15:00Z,4838.50800,4839.66800,4834.76500,4835.53500
XAUUSD,M5,2026-04-14T18:20:00Z,4835.53500,4836.82800,4832.80800,4834.96500
XAUUSD,M5,2026-04-14T18:25:00Z,4835.02500,4839.32500,4834.01800,4837.41500
XAUUSD,M5,2026-04-14T18:30:00Z,4837.35800,4838.29800,4835.96800,4836.35800
XAUUSD,M5,2026-04-14T18:35:00Z,4836.35800,4838.76800,4836.35800,4837.33800
XAUUSD,M5,2026-04-14T18:40:00Z,4837.33800,4838.09800,4833.81500,4834.17800
XAUUSD,M5,2026-04-14T18:45:00Z,4834.17800,4835.22800,4832.67500,4833.26800
XAUUSD,M5,2026-04-14T18:50:00Z,4833.23800,4833.82800,4830.61500,4833.61500
XAUUSD,M5,2026-04-14T18:55:00Z,4833.59800,4836.02800,4833.59800,4835.30800
XAUUSD,M5,2026-04-14T19:00:00Z,4835.37500,4841.24500,4835.30500,4840.93500
XAUUSD,M5,2026-04-14T19:05:00Z,4840.89800,4841.31500,4839.20500,4841.31500
XAUUSD,M5,2026-04-14T19:10:00Z,4841.14500,4842.22500,4840.39800,4840.74500
XAUUSD,M5,2026-04-14T19:15:00Z,4840.74500,4842.09800,4838.59500,4839.29500
XAUUSD,M5,2026-04-14T19:20:00Z,4839.28500,4841.78500,4839.09500,4839.65500
XAUUSD,M5,2026-04-14T19:25:00Z,4839.65500,4840.85500,4838.15800,4840.43500
XAUUSD,M5,2026-04-14T19:30:00Z,4840.36500,4843.48500,4839.02500,4839.49800
XAUUSD,M5,2026-04-14T19:35:00Z,4839.49500,4842.09800,4838.29800,4841.56800
XAUUSD,M5,2026-04-14T19:40:00Z,4841.56800,4842.26500,4839.70800,4840.69800
XAUUSD,M5,2026-04-14T19:45:00Z,4840.69800,4843.10500,4839.86500,4842.82500
XAUUSD,M5,2026-04-14T19:50:00Z,4842.82500,4843.91500,4840.62800,4840.89800
XAUUSD,M5,2026-04-14T19:55:00Z,4840.89800,4846.09800,4840.67800,4844.73500
XAUUSD,M5,2026-04-14T20:00:00Z,4844.72500,4845.95500,4842.21800,4842.96800
XAUUSD,M5,2026-04-14T20:05:00Z,4842.91800,4844.13500,4841.85500,4843.39800
XAUUSD,M5,2026-04-14T20:10:00Z,4843.39800,4843.51800,4841.68500,4842.45500
XAUUSD,M5,2026-04-14T20:15:00Z,4842.47800,4843.10500,4839.29500,4840.61800
XAUUSD,M5,2026-04-14T20:20:00Z,4840.71800,4841.33500,4839.46800,4841.27500
XAUUSD,M5,2026-04-14T20:25:00Z,4841.24500,4841.26500,4839.38500,4839.99800
XAUUSD,M5,2026-04-14T20:30:00Z,4840.01800,4840.81800,4839.72500,4839.96800
XAUUSD,M5,2026-04-14T20:35:00Z,4839.86800,4840.91800,4839.82500,4839.82500
XAUUSD,M5,2026-04-14T20:40:00Z,4839.78500,4842.86500,4839.60500,4841.91500
XAUUSD,M5,2026-04-14T20:45:00Z,4841.73500,4842.99500,4841.01500,4841.14800
XAUUSD,M5,2026-04-14T20:50:00Z,4841.35500,4841.77500,4839.96800,4841.54500
XAUUSD,M5,2026-04-14T20:55:00Z,4841.58500,4841.87500,4839.54800,4841.15500
XAUUSD,M5,2026-04-14T22:00:00Z,4836.61800,4849.93500,4836.61800,4848.51500
XAUUSD,M5,2026-04-14T22:05:00Z,4848.57500,4850.44500,4845.64800,4847.60800
XAUUSD,M5,2026-04-14T22:10:00Z,4847.60800,4847.77500,4842.97500,4844.42500
XAUUSD,M5,2026-04-14T22:15:00Z,4844.45500,4846.70500,4837.09800,4837.14800
XAUUSD,M5,2026-04-14T22:20:00Z,4836.73800,4842.26500,4835.74800,4841.83800
XAUUSD,M5,2026-04-14T22:25:00Z,4841.84800,4842.65500,4839.43800,4839.77500
XAUUSD,M5,2026-04-14T22:30:00Z,4839.75500,4843.10500,4837.56500,4838.67500
XAUUSD,M5,2026-04-14T22:35:00Z,4838.69500,4840.71800,4838.13500,4839.60500
XAUUSD,M5,2026-04-14T22:40:00Z,4839.58500,4841.37500,4838.74800,4840.00500
XAUUSD,M5,2026-04-14T22:45:00Z,4840.02500,4840.17500,4837.38800,4837.68500
XAUUSD,M5,2026-04-14T22:50:00Z,4837.64500,4838.55500,4834.49500,4835.76500
XAUUSD,M5,2026-04-14T22:55:00Z,4835.79500,4836.18500,4832.92800,4834.44800
XAUUSD,M5,2026-04-14T23:00:00Z,4834.44800,4837.84800,4833.12800,4836.64800
XAUUSD,M5,2026-04-14T23:05:00Z,4836.64800,4843.37800,4836.54800,4839.09800
XAUUSD,M5,2026-04-14T23:10:00Z,4838.99800,4839.86500,4835.64500,4836.77500
XAUUSD,M5,2026-04-14T23:15:00Z,4836.79500,4838.99500,4834.83800,4837.73500
XAUUSD,M5,2026-04-14T23:20:00Z,4837.71500,4838.58500,4836.37500,4837.91500
XAUUSD,M5,2026-04-14T23:25:00Z,4837.97500,4838.18500,4834.59800,4835.59500
XAUUSD,M5,2026-04-14T23:30:00Z,4835.61500,4841.54500,4834.59800,4841.17500
XAUUSD,M5,2026-04-14T23:35:00Z,4841.17500,4842.53500,4838.29800,4842.12500
XAUUSD,M5,2026-04-14T23:40:00Z,4842.00500,4842.21500,4837.19800,4842.04500
XAUUSD,M5,2026-04-14T23:45:00Z,4842.07500,4843.90500,4840.59800,4841.47500
XAUUSD,M5,2026-04-14T23:50:00Z,4841.43500,4841.89500,4837.43800,4838.58500
XAUUSD,M5,2026-04-14T23:55:00Z,4838.55500,4839.62500,4835.87800,4836.93500
XAUUSD,M5,2026-04-15T00:00:00Z,4836.96500,4838.88500,4832.55500,4838.15500
XAUUSD,M5,2026-04-15T00:05:00Z,4838.21500,4839.80500,4833.81500,4834.35500
XAUUSD,M5,2026-04-15T00:10:00Z,4834.37500,4835.21500,4831.13500,4833.59500
XAUUSD,M5,2026-04-15T00:15:00Z,4833.17500,4833.59500,4828.55500,4832.72500
XAUUSD,M5,2026-04-15T00:20:00Z,4832.69500,4835.85500,4831.96800,4835.58500
XAUUSD,M5,2026-04-15T00:25:00Z,4835.55500,4836.20500,4828.41500,4833.34500
XAUUSD,M5,2026-04-15T00:30:00Z,4833.32500,4833.37500,4828.25500,4830.55500
XAUUSD,M5,2026-04-15T00:35:00Z,4830.50500,4831.14500,4826.85500,4828.99500
XAUUSD,M5,2026-04-15T00:40:00Z,4829.01500,4830.12500,4827.74800,4829.93500
XAUUSD,M5,2026-04-15T00:45:00Z,4829.88500,4831.98500,4828.88500,4829.88500
XAUUSD,M5,2026-04-15T00:50:00Z,4829.64500,4831.39500,4828.74500,4830.65500
XAUUSD,M5,2026-04-15T00:55:00Z,4830.68500,4837.50500,4830.55500,4835.31500
XAUUSD,M5,2026-04-15T01:00:00Z,4835.28500,4837.75500,4827.90500,4834.16500
XAUUSD,M5,2026-04-15T01:05:00Z,4834.16800,4840.63500,4831.36500,4840.49500
XAUUSD,M5,2026-04-15T01:10:00Z,4840.52500,4852.25500,4839.16500,4849.98500
XAUUSD,M5,2026-04-15T01:15:00Z,4849.90500,4871.16500,4848.05500,4863.86500
XAUUSD,M5,2026-04-15T01:20:00Z,4863.83500,4865.28500,4841.83800,4843.18500
XAUUSD,M5,2026-04-15T01:25:00Z,4843.22500,4854.08500,4843.22500,4850.57500
XAUUSD,M5,2026-04-15T01:30:00Z,4850.48500,4850.56500,4844.85500,4847.85500
XAUUSD,M5,2026-04-15T01:35:00Z,4847.96500,4849.02500,4843.51800,4845.18500
XAUUSD,M5,2026-04-15T01:40:00Z,4845.16500,4851.09500,4842.14800,4843.04800
XAUUSD,M5,2026-04-15T01:45:00Z,4843.14800,4845.84500,4839.40500,4843.97500
XAUUSD,M5,2026-04-15T01:50:00Z,4843.99500,4847.48800,4843.31500,4844.20800
XAUUSD,M5,2026-04-15T01:55:00Z,4844.19800,4848.66500,4842.53500,4846.85500
XAUUSD,M5,2026-04-15T02:00:00Z,4846.69500,4848.84800,4845.07500,4847.92500
XAUUSD,M5,2026-04-15T02:05:00Z,4847.90500,4853.12500,4847.22500,4850.63500
XAUUSD,M5,2026-04-15T02:10:00Z,4850.82500,4850.90500,4843.97800,4844.88500
XAUUSD,M5,2026-04-15T02:15:00Z,4845.01500,4845.73500,4841.34800,4842.14500
XAUUSD,M5,2026-04-15T02:20:00Z,4842.19500,4842.98500,4835.29800,4836.78500
XAUUSD,M5,2026-04-15T02:25:00Z,4836.80500,4836.92500,4831.94800,4834.37500
XAUUSD,M5,2026-04-15T02:30:00Z,4834.49800,4834.79800,4824.05800,4826.95500
XAUUSD,M5,2026-04-15T02:35:00Z,4826.87500,4829.56500,4821.15500,4829.01500
XAUUSD,M5,2026-04-15T02:40:00Z,4829.09800,4830.42500,4824.93800,4827.97500
XAUUSD,M5,2026-04-15T02:45:00Z,4827.95500,4830.18500,4825.01800,4827.20500
XAUUSD,M5,2026-04-15T02:50:00Z,4827.26500,4829.59500,4822.03500,4823.66500
XAUUSD,M5,2026-04-15T02:55:00Z,4823.69500,4825.80500,4820.39500,4823.69500
XAUUSD,M5,2026-04-15T03:00:00Z,4823.98500,4824.86500,4816.81500,4816.98500
XAUUSD,M5,2026-04-15T03:05:00Z,4817.02500,4820.61500,4816.54800,4818.83500
XAUUSD,M5,2026-04-15T03:10:00Z,4818.78500,4822.84500,4817.94800,4820.54500
XAUUSD,M5,2026-04-15T03:15:00Z,4820.56500,4826.23500,4820.12500,4825.80500
XAUUSD,M5,2026-04-15T03:20:00Z,4825.77500,4825.80500,4821.76800,4822.52500
XAUUSD,M5,2026-04-15T03:25:00Z,4822.40500,4827.74500,4821.92800,4826.32500
XAUUSD,M5,2026-04-15T03:30:00Z,4826.35500,4828.32500,4825.71800,4825.84500
XAUUSD,M5,2026-04-15T03:35:00Z,4825.81800,4828.47500,4825.67800,4827.73500
XAUUSD,M5,2026-04-15T03:40:00Z,4827.59500,4828.50500,4824.91800,4828.19500
XAUUSD,M5,2026-04-15T03:45:00Z,4828.22500,4829.39500,4825.93500,4826.65500
XAUUSD,M5,2026-04-15T03:50:00Z,4826.63500,4828.38500,4825.51800,4826.47500
XAUUSD,M5,2026-04-15T03:55:00Z,4826.45500,4827.91500,4823.72800,4823.82500
XAUUSD,M5,2026-04-15T04:00:00Z,4823.74500,4823.74500,4820.10800,4820.93500
XAUUSD,M5,2026-04-15T04:05:00Z,4820.95500,4823.48500,4820.10500,4823.04500
XAUUSD,M5,2026-04-15T04:10:00Z,4823.06500,4826.16500,4823.04500,4824.93800
XAUUSD,M5,2026-04-15T04:15:00Z,4824.93800,4826.32500,4822.30800,4822.78500
XAUUSD,M5,2026-04-15T04:20:00Z,4822.54500,4824.42500,4820.64800,4823.69800
XAUUSD,M5,2026-04-15T04:25:00Z,4823.83500,4825.27500,4822.44500,4824.32500
XAUUSD,M5,2026-04-15T04:30:00Z,4824.39500,4826.95500,4824.08500,4826.68500
XAUUSD,M5,2026-04-15T04:35:00Z,4826.65500,4827.69500,4824.22500,4825.32500
XAUUSD,M5,2026-04-15T04:40:00Z,4824.71500,4825.40500,4822.67800,4823.15500
XAUUSD,M5,2026-04-15T04:45:00Z,4823.15500,4825.56500,4821.33500,4825.55500
XAUUSD,M5,2026-04-15T04:50:00Z,4825.57500,4825.84500,4823.77800,4825.12500
XAUUSD,M5,2026-04-15T04:55:00Z,4824.96500,4825.79500,4823.35800,4824.50500
XAUUSD,M5,2026-04-15T05:00:00Z,4824.61500,4828.28500,4823.74800,4824.76500
XAUUSD,M5,2026-04-15T05:05:00Z,4824.74500,4827.32500,4822.09800,4824.95800
XAUUSD,M5,2026-04-15T05:10:00Z,4824.97800,4827.64500,4824.40500,4826.63500
XAUUSD,M5,2026-04-15T05:15:00Z,4826.59500,4830.32500,4825.83800,4829.69800
XAUUSD,M5,2026-04-15T05:20:00Z,4829.69800,4829.84500,4824.21500,4824.81800
XAUUSD,M5,2026-04-15T05:25:00Z,4824.79500,4828.55500,4824.29800,4826.03500
XAUUSD,M5,2026-04-15T05:30:00Z,4826.05500,4827.84500,4822.05800,4826.85500
XAUUSD,M5,2026-04-15T05:35:00Z,4826.88500,4826.88500,4813.43800,4819.90500
XAUUSD,M5,2026-04-15T05:40:00Z,4819.88500,4820.78500,4812.44500,4816.64500
XAUUSD,M5,2026-04-15T05:45:00Z,4816.72500,4819.71500,4814.09800,4817.13500
XAUUSD,M5,2026-04-15T05:50:00Z,4817.16500,4821.82500,4815.00500,4820.84800
XAUUSD,M5,2026-04-15T05:55:00Z,4821.03500,4823.49500,4819.04500,4819.36500
XAUUSD,M5,2026-04-15T06:00:00Z,4819.43500,4824.69500,4819.34500,4821.03500
XAUUSD,M5,2026-04-15T06:05:00Z,4821.07500,4821.25500,4816.40500,4817.38500
XAUUSD,M5,2026-04-15T06:10:00Z,4817.01800,4820.60500,4816.29500,4818.93500
XAUUSD,M5,2026-04-15T06:15:00Z,4818.94500,4819.44500,4815.93500,4816.76500
XAUUSD,M5,2026-04-15T06:20:00Z,4816.76500,4817.31500,4813.31800,4814.63500
XAUUSD,M5,2026-04-15T06:25:00Z,4814.66500,4816.73800,4813.43500,4814.66500
XAUUSD,M5,2026-04-15T06:30:00Z,4814.31800,4817.16500,4810.85500,4813.80500
XAUUSD,M5,2026-04-15T06:35:00Z,4813.81500,4817.68500,4811.99500,4815.77500
XAUUSD,M5,2026-04-15T06:40:00Z,4815.70500,4816.26500,4813.25800,4815.88500
XAUUSD,M5,2026-04-15T06:45:00Z,4815.90500,4821.99500,4815.13500,4819.76500
XAUUSD,M5,2026-04-15T06:50:00Z,4820.08500,4820.18500,4813.43500,4814.54500
XAUUSD,M5,2026-04-15T06:55:00Z,4814.29800,4814.56500,4811.03800,4811.34500
XAUUSD,M5,2026-04-15T07:00:00Z,4811.65500,4813.41800,4803.71500,4808.60500
XAUUSD,M5,2026-04-15T07:05:00Z,4808.69500,4812.01500,4806.57500,4809.10500
XAUUSD,M5,2026-04-15T07:10:00Z,4809.09500,4816.77500,4808.05500,4815.57500
XAUUSD,M5,2026-04-15T07:15:00Z,4815.60500,4815.96500,4809.75800,4812.19500
XAUUSD,M5,2026-04-15T07:20:00Z,4812.23500,4813.99500,4809.56800,4809.73500
XAUUSD,M5,2026-04-15T07:25:00Z,4809.75500,4812.68500,4805.37500,4812.66500
XAUUSD,M5,2026-04-15T07:30:00Z,4812.68500,4814.33500,4808.25800,4811.54500
XAUUSD,M5,2026-04-15T07:35:00Z,4811.51500,4815.83500,4811.42800,4812.62800
XAUUSD,M5,2026-04-15T07:40:00Z,4812.65800,4814.23500,4808.86800,4810.20500
XAUUSD,M5,2026-04-15T07:45:00Z,4810.17500,4810.30500,4805.70500,4807.60500
XAUUSD,M5,2026-04-15T07:50:00Z,4807.57500,4810.58500,4806.77800,4809.88500
XAUUSD,M5,2026-04-15T07:55:00Z,4809.80500,4812.70500,4808.27800,4810.95500
XAUUSD,M5,2026-04-15T08:00:00Z,4810.75500,4811.46500,4806.37500,4811.46500
XAUUSD,M5,2026-04-15T08:05:00Z,4811.44500,4812.43500,4807.71500,4808.38500
XAUUSD,M5,2026-04-15T08:10:00Z,4808.33500,4811.48500,4804.21500,4811.39500
XAUUSD,M5,2026-04-15T08:15:00Z,4811.42500,4812.93500,4809.90500,4811.65500
XAUUSD,M5,2026-04-15T08:20:00Z,4811.68500,4811.96500,4807.80500,4809.89800
XAUUSD,M5,2026-04-15T08:25:00Z,4809.97800,4813.96800,4805.73500,4809.75500
XAUUSD,M5,2026-04-15T08:30:00Z,4809.64500,4811.78500,4805.20500,4809.51500
XAUUSD,M5,2026-04-15T08:35:00Z,4809.24500,4811.25500,4806.99800,4809.61500
XAUUSD,M5,2026-04-15T08:40:00Z,4809.63500,4812.82500,4808.56500,4809.98800
XAUUSD,M5,2026-04-15T08:45:00Z,4810.21500,4811.84500,4809.66500,4811.23500
XAUUSD,M5,2026-04-15T08:50:00Z,4811.30500,4815.13500,4810.43500,4814.34500
XAUUSD,M5,2026-04-15T08:55:00Z,4814.36500,4821.29800,4813.94800,4818.18500
XAUUSD,M5,2026-04-15T09:00:00Z,4818.20500,4819.34500,4812.04500,4814.86500
XAUUSD,M5,2026-04-15T09:05:00Z,4814.94500,4814.96500,4804.94500,4805.85500
XAUUSD,M5,2026-04-15T09:10:00Z,4805.83500,4808.37500,4792.49500,4804.76500
XAUUSD,M5,2026-04-15T09:15:00Z,4804.84500,4806.32500,4801.13800,4806.05500
XAUUSD,M5,2026-04-15T09:20:00Z,4806.07500,4807.13500,4802.98500,4804.12500
XAUUSD,M5,2026-04-15T09:25:00Z,4804.06500,4804.27500,4797.23800,4797.87500
XAUUSD,M5,2026-04-15T09:30:00Z,4797.16500,4803.75500,4796.69500,4798.17500
XAUUSD,M5,2026-04-15T09:35:00Z,4798.19500,4800.71500,4795.14500,4796.27500
XAUUSD,M5,2026-04-15T09:40:00Z,4796.27500,4800.12500,4795.83800,4795.92500
XAUUSD,M5,2026-04-15T09:45:00Z,4795.83500,4796.38500,4785.88500,4795.16500
XAUUSD,M5,2026-04-15T09:50:00Z,4795.08500,4798.54500,4792.27500,4798.32500
XAUUSD,M5,2026-04-15T09:55:00Z,4798.37500,4800.19500,4794.16500,4798.06500
XAUUSD,M5,2026-04-15T10:00:00Z,4797.92500,4798.78500,4794.85800,4795.41500
XAUUSD,M5,2026-04-15T10:05:00Z,4795.48500,4802.27500,4795.33500,4801.44500
XAUUSD,M5,2026-04-15T10:10:00Z,4801.70500,4802.93500,4800.49800,4801.10500
XAUUSD,M5,2026-04-15T10:15:00Z,4801.08500,4801.21500,4793.25800,4794.66500
XAUUSD,M5,2026-04-15T10:20:00Z,4794.63500,4798.00500,4792.19500,4794.10500
XAUUSD,M5,2026-04-15T10:25:00Z,4794.08500,4795.19500,4789.91500,4794.89500
XAUUSD,M5,2026-04-15T10:30:00Z,4794.86500,4798.72500,4792.78500,4794.14500
XAUUSD,M5,2026-04-15T10:35:00Z,4794.11500,4796.57500,4793.22800,4795.98500
XAUUSD,M5,2026-04-15T10:40:00Z,4796.03500,4800.58500,4795.35500,4800.02500
XAUUSD,M5,2026-04-15T10:45:00Z,4800.18500,4805.02500,4799.46500,4800.76500
XAUUSD,M5,2026-04-15T10:50:00Z,4800.71500,4804.35500,4800.05500,4803.20500
XAUUSD,M5,2026-04-15T10:55:00Z,4803.18500,4804.00500,4799.69500,4799.83500
XAUUSD,M5,2026-04-15T11:00:00Z,4799.93500,4799.95500,4795.35500,4798.05500
XAUUSD,M5,2026-04-15T11:05:00Z,4798.09500,4800.75500,4797.84500,4798.93500
XAUUSD,M5,2026-04-15T11:10:00Z,4798.89500,4804.39500,4798.71500,4802.24500
XAUUSD,M5,2026-04-15T11:15:00Z,4802.20500,4804.39500,4799.65500,4804.04500
XAUUSD,M5,2026-04-15T11:20:00Z,4804.10500,4806.58500,4802.93500,4806.24500
XAUUSD,M5,2026-04-15T11:25:00Z,4806.21500,4806.90500,4804.56500,4804.76500
XAUUSD,M5,2026-04-15T11:30:00Z,4804.89500,4808.51500,4802.50800,4802.87500
XAUUSD,M5,2026-04-15T11:35:00Z,4802.90500,4806.22500,4802.71500,4803.90500
XAUUSD,M5,2026-04-15T11:40:00Z,4803.72800,4806.10500,4802.49800,4805.76500
XAUUSD,M5,2026-04-15T11:45:00Z,4805.76500,4812.10500,4803.49800,4809.08500
XAUUSD,M5,2026-04-15T11:50:00Z,4809.08500,4814.08500,4808.84500,4813.95500
XAUUSD,M5,2026-04-15T11:55:00Z,4813.95500,4814.80500,4810.24500,4812.47500
XAUUSD,M5,2026-04-15T12:00:00Z,4812.49500,4814.12500,4807.58500,4809.22500
XAUUSD,M5,2026-04-15T12:05:00Z,4809.20500,4812.90500,4806.76500,4812.61800
XAUUSD,M5,2026-04-15T12:10:00Z,4813.18500,4813.91500,4810.51500,4813.83500
XAUUSD,M5,2026-04-15T12:15:00Z,4813.85500,4816.02500,4812.40500,4813.91500
XAUUSD,M5,2026-04-15T12:20:00Z,4813.88500,4813.98500,4809.79800,4812.97500
XAUUSD,M5,2026-04-15T12:25:00Z,4813.00500,4814.96500,4810.25800,4812.40500
XAUUSD,M5,2026-04-15T12:30:00Z,4812.48500,4815.96500,4810.19500,4813.34500
XAUUSD,M5,2026-04-15T12:35:00Z,4813.32500,4814.33500,4810.18800,4812.91500
XAUUSD,M5,2026-04-15T12:40:00Z,4812.89500,4814.19500,4810.16500,4811.49500
XAUUSD,M5,2026-04-15T12:45:00Z,4811.46500,4812.27500,4808.16500,4810.73500
XAUUSD,M5,2026-04-15T12:50:00Z,4810.76500,4813.69500,4809.86500,4812.48500
XAUUSD,M5,2026-04-15T12:55:00Z,4812.50500,4815.31500,4810.75800,4811.33500
XAUUSD,M5,2026-04-15T13:00:00Z,4811.30500,4816.13800,4808.25500,4811.62800
XAUUSD,M5,2026-04-15T13:05:00Z,4811.62800,4815.77800,4809.52800,4813.69800
XAUUSD,M5,2026-04-15T13:10:00Z,4813.71800,4815.00500,4810.89500,4813.82500
XAUUSD,M5,2026-04-15T13:15:00Z,4813.78500,4814.59500,4809.89500,4813.37500
XAUUSD,M5,2026-04-15T13:20:00Z,4813.34500,4819.51500,4812.61500,4816.64500
XAUUSD,M5,2026-04-15T13:25:00Z,4817.16000,4821.84500,4816.93500,4821.59500
XAUUSD,M5,2026-04-15T13:30:00Z,4821.62500,4822.07500,4816.21500,4818.72500
XAUUSD,M5,2026-04-15T13:35:00Z,4818.74500,4825.19500,4815.58500,4823.50500
XAUUSD,M5,2026-04-15T13:40:00Z,4823.64500,4824.87500,4817.64500,4820.34500
XAUUSD,M5,2026-04-15T13:45:00Z,4820.32500,4825.58500,4819.78500,4825.13500
XAUUSD,M5,2026-04-15T13:50:00Z,4825.21500,4827.34500,4821.44800,4825.37500
XAUUSD,M5,2026-04-15T13:55:00Z,4825.46500,4829.99500,4824.09500,4828.59500
XAUUSD,M5,2026-04-15T14:00:00Z,4828.55500,4829.52500,4820.06500,4826.01500
XAUUSD,M5,2026-04-15T14:05:00Z,4826.05500,4827.40500,4823.88500,4824.51500
XAUUSD,M5,2026-04-15T14:10:00Z,4824.57500,4828.81500,4823.95500,4828.37500
XAUUSD,M5,2026-04-15T14:15:00Z,4828.40500,4830.43500,4824.29500,4824.32500
XAUUSD,M5,2026-04-15T14:20:00Z,4824.35500,4827.27500,4822.84500,4825.69500
XAUUSD,M5,2026-04-15T14:25:00Z,4825.63500,4827.10500,4822.08500,4825.17500
XAUUSD,M5,2026-04-15T14:30:00Z,4824.89800,4825.49500,4817.17500,4818.71500
XAUUSD,M5,2026-04-15T14:35:00Z,4818.76500,4821.89500,4815.22500,4816.05500
XAUUSD,M5,2026-04-15T14:40:00Z,4816.44500,4821.22500,4816.44500,4819.07500
XAUUSD,M5,2026-04-15T14:45:00Z,4819.10500,4819.33500,4815.03800,4815.99500
XAUUSD,M5,2026-04-15T14:50:00Z,4816.10500,4818.70500,4813.16500,4814.48500
XAUUSD,M5,2026-04-15T14:55:00Z,4814.52500,4818.25500,4814.20500,4815.38500
XAUUSD,M5,2026-04-15T15:00:00Z,4815.40500,4816.02500,4809.36500,4810.08500
XAUUSD,M5,2026-04-15T15:05:00Z,4809.93500,4810.59500,4799.89800,4806.96500
XAUUSD,M5,2026-04-15T15:10:00Z,4806.94500,4812.10500,4804.42500,4809.98500
XAUUSD,M5,2026-04-15T15:15:00Z,4809.96500,4810.74500,4803.47800,4808.82500
XAUUSD,M5,2026-04-15T15:20:00Z,4808.89500,4809.49500,4802.47500,4805.08500
XAUUSD,M5,2026-04-15T15:25:00Z,4804.97500,4806.21500,4797.31800,4798.01500
XAUUSD,M5,2026-04-15T15:30:00Z,4797.96500,4799.66500,4786.80500,4795.14500
XAUUSD,M5,2026-04-15T15:35:00Z,4795.19500,4803.32500,4794.99500,4800.59500
XAUUSD,M5,2026-04-15T15:40:00Z,4800.69500,4806.19500,4800.67500,4803.32500
XAUUSD,M5,2026-04-15T15:45:00Z,4803.29500,4807.39500,4802.11500,4802.30500
XAUUSD,M5,2026-04-15T15:50:00Z,4802.56500,4806.39500,4802.37800,4805.04500
XAUUSD,M5,2026-04-15T15:55:00Z,4804.94500,4805.51500,4798.43800,4801.44500
XAUUSD,M5,2026-04-15T16:00:00Z,4801.43500,4807.29500,4800.22500,4804.19500
XAUUSD,M5,2026-04-15T16:05:00Z,4804.21500,4807.73800,4803.14800,4807.14500
XAUUSD,M5,2026-04-15T16:10:00Z,4807.07500,4810.21800,4805.90500,4808.35500
XAUUSD,M5,2026-04-15T16:15:00Z,4808.35500,4810.26500,4804.98500,4806.55500
XAUUSD,M5,2026-04-15T16:20:00Z,4806.12500,4810.30500,4806.12500,4807.90500
XAUUSD,M5,2026-04-15T16:25:00Z,4807.90500,4812.29500,4806.97500,4810.93500
XAUUSD,M5,2026-04-15T16:30:00Z,4810.95500,4811.65500,4807.40500,4809.26500
XAUUSD,M5,2026-04-15T16:35:00Z,4809.32500,4811.74500,4806.60500,4806.83500
XAUUSD,M5,2026-04-15T16:40:00Z,4806.86500,4809.35500,4802.60800,4804.38500
XAUUSD,M5,2026-04-15T16:45:00Z,4804.35500,4806.95500,4802.65800,4805.44500
XAUUSD,M5,2026-04-15T16:50:00Z,4805.45500,4807.05500,4799.97500,4801.78500
XAUUSD,M5,2026-04-15T16:55:00Z,4801.75500,4805.52500,4801.22500,4803.75500
XAUUSD,M5,2026-04-15T17:00:00Z,4803.65500,4804.74500,4800.34500,4800.46500
XAUUSD,M5,2026-04-15T17:05:00Z,4800.49500,4802.86500,4799.35500,4802.40500
XAUUSD,M5,2026-04-15T17:10:00Z,4802.36500,4803.00500,4797.95500,4797.99500
XAUUSD,M5,2026-04-15T17:15:00Z,4797.97500,4802.36500,4797.97500,4800.99500
XAUUSD,M5,2026-04-15T17:20:00Z,4801.05500,4807.10500,4800.99500,4806.13500
XAUUSD,M5,2026-04-15T17:25:00Z,4806.17500,4808.57500,4799.85500,4801.52500
XAUUSD,M5,2026-04-15T17:30:00Z,4801.58500,4802.50500,4797.23500,4800.29500
XAUUSD,M5,2026-04-15T17:35:00Z,4800.29500,4802.29500,4796.85800,4796.85800
XAUUSD,M5,2026-04-15T17:40:00Z,4796.84500,4797.40500,4791.96500,4793.23500
XAUUSD,M5,2026-04-15T17:45:00Z,4793.25500,4795.74500,4793.21500,4794.82500
XAUUSD,M5,2026-04-15T17:50:00Z,4794.75500,4795.17500,4790.49500,4793.12500
XAUUSD,M5,2026-04-15T17:55:00Z,4793.16500,4795.48500,4791.50500,4792.31500
XAUUSD,M5,2026-04-15T18:00:00Z,4792.34500,4800.59500,4790.10500,4796.01500
XAUUSD,M5,2026-04-15T18:05:00Z,4795.74800,4797.95500,4792.01500,4793.65500
XAUUSD,M5,2026-04-15T18:10:00Z,4793.65500,4797.17500,4792.10800,4796.83500
XAUUSD,M5,2026-04-15T18:15:00Z,4796.80500,4798.56500,4794.38500,4795.18500
XAUUSD,M5,2026-04-15T18:20:00Z,4795.21500,4796.50500,4793.56800,4794.37500
XAUUSD,M5,2026-04-15T18:25:00Z,4794.34500,4795.11500,4792.63800,4794.59500
XAUUSD,M5,2026-04-15T18:30:00Z,4794.91500,4798.25500,4794.61800,4797.65500
XAUUSD,M5,2026-04-15T18:35:00Z,4797.68500,4797.69500,4794.80500,4796.50500
XAUUSD,M5,2026-04-15T18:40:00Z,4796.54500,4796.87500,4794.41500,4796.74500
XAUUSD,M5,2026-04-15T18:45:00Z,4796.78500,4799.11500,4796.72500,4798.66500
XAUUSD,M5,2026-04-15T18:50:00Z,4798.69500,4801.94500,4796.63500,4797.06500
XAUUSD,M5,2026-04-15T18:55:00Z,4797.00500,4801.31500,4796.69800,4799.70500
XAUUSD,M5,2026-04-15T19:00:00Z,4799.43500,4801.40500,4797.82500,4801.19500
XAUUSD,M5,2026-04-15T19:05:00Z,4801.16500,4803.31500,4799.43500,4801.91500
XAUUSD,M5,2026-04-15T19:10:00Z,4801.94500,4802.98500,4798.52500,4798.52500
XAUUSD,M5,2026-04-15T19:15:00Z,4798.61500,4801.19500,4797.57500,4801.15500
XAUUSD,M5,2026-04-15T19:20:00Z,4801.18500,4802.25500,4799.81500,4801.23500
XAUUSD,M5,2026-04-15T19:25:00Z,4801.20500,4803.01500,4800.86500,4802.81500
XAUUSD,M5,2026-04-15T19:30:00Z,4802.65500,4802.72500,4800.56500,4801.09500
XAUUSD,M5,2026-04-15T19:35:00Z,4801.14500,4801.53500,4797.96500,4798.15500
XAUUSD,M5,2026-04-15T19:40:00Z,4798.00500,4798.76500,4794.89800,4796.60500
XAUUSD,M5,2026-04-15T19:45:00Z,4796.76500,4799.36500,4796.01500,4798.78500
XAUUSD,M5,2026-04-15T19:50:00Z,4798.70500,4801.26500,4797.64500,4798.71500
XAUUSD,M5,2026-04-15T19:55:00Z,4798.76500,4799.77500,4794.37500,4795.60500
XAUUSD,M5,2026-04-15T20:00:00Z,4795.63500,4796.51500,4793.41500,4794.05500
XAUUSD,M5,2026-04-15T20:05:00Z,4793.90500,4794.87500,4792.51800,4793.96500
XAUUSD,M5,2026-04-15T20:10:00Z,4793.93500,4795.05500,4792.61500,4793.69500
XAUUSD,M5,2026-04-15T20:15:00Z,4793.61500,4794.31500,4793.16500,4793.85800
XAUUSD,M5,2026-04-15T20:20:00Z,4794.03500,4795.75500,4793.93800,4794.16500
XAUUSD,M5,2026-04-15T20:25:00Z,4794.22500,4794.54500,4793.59500,4793.75500
XAUUSD,M5,2026-04-15T20:30:00Z,4793.70500,4793.70500,4790.70500,4791.95500
XAUUSD,M5,2026-04-15T20:35:00Z,4791.93500,4791.96500,4789.92500,4791.15500
XAUUSD,M5,2026-04-15T20:40:00Z,4791.08500,4791.25800,4790.27800,4790.60500
XAUUSD,M5,2026-04-15T20:45:00Z,4790.64500,4792.79800,4787.94500,4789.49500
XAUUSD,M5,2026-04-15T20:50:00Z,4789.47500,4790.25500,4787.59500,4788.14500
XAUUSD,M5,2026-04-15T20:55:00Z,4788.05500,4791.17500,4787.70500,4789.36500
XAUUSD,M5,2026-04-15T22:00:00Z,4787.13500,4799.18500,4787.13500,4798.07500
XAUUSD,M5,2026-04-15T22:05:00Z,4797.54800,4798.57500,4794.24800,4795.30500
XAUUSD,M5,2026-04-15T22:10:00Z,4795.21500,4795.50500,4790.58500,4791.68500
XAUUSD,M5,2026-04-15T22:15:00Z,4791.70500,4797.93500,4791.62500,4797.06500
XAUUSD,M5,2026-04-15T22:20:00Z,4797.03500,4802.14500,4796.26500,4800.59500
XAUUSD,M5,2026-04-15T22:25:00Z,4800.54500,4801.10500,4798.27500,4801.10500
XAUUSD,M5,2026-04-15T22:30:00Z,4801.08500,4803.24500,4800.46500,4800.87500
XAUUSD,M5,2026-04-15T22:35:00Z,4800.82500,4801.96500,4798.95500,4801.78500
XAUUSD,M5,2026-04-15T22:40:00Z,4801.83500,4801.90500,4800.33800,4800.63800
XAUUSD,M5,2026-04-15T22:45:00Z,4800.64800,4805.44500,4800.64800,4803.98500
XAUUSD,M5,2026-04-15T22:50:00Z,4803.94500,4810.53500,4803.38500,4810.20500
XAUUSD,M5,2026-04-15T22:55:00Z,4810.23500,4811.66500,4806.97800,4807.05800
XAUUSD,M5,2026-04-15T23:00:00Z,4807.05800,4809.62800,4806.94800,4808.89800
XAUUSD,M5,2026-04-15T23:05:00Z,4808.93800,4810.45800,4807.92800,4809.59800
XAUUSD,M5,2026-04-15T23:10:00Z,4809.62800,4812.95500,4808.76500,4812.48500
XAUUSD,M5,2026-04-15T23:15:00Z,4812.51500,4813.99500,4812.19500,4812.61500
XAUUSD,M5,2026-04-15T23:20:00Z,4812.56500,4815.55500,4812.44500,4815.06500
XAUUSD,M5,2026-04-15T23:25:00Z,4815.08500,4815.61500,4813.81500,4814.82500
XAUUSD,M5,2026-04-15T23:30:00Z,4814.76500,4820.61500,4814.28500,4819.79500
XAUUSD,M5,2026-04-15T23:35:00Z,4819.85500,4822.72500,4819.34500,4821.29500
XAUUSD,M5,2026-04-15T23:40:00Z,4821.26500,4824.00500,4820.88500,4822.96500
XAUUSD,M5,2026-04-15T23:45:00Z,4822.92500,4826.27500,4822.89500,4824.53500
XAUUSD,M5,2026-04-15T23:50:00Z,4824.57500,4826.42500,4823.00500,4823.16500
XAUUSD,M5,2026-04-15T23:55:00Z,4823.15500,4823.88500,4821.79500,4823.20500
XAUUSD,M5,2026-04-16T00:00:00Z,4822.99500,4830.94500,4822.99500,4828.59500
XAUUSD,M5,2026-04-16T00:05:00Z,4828.64500,4831.21500,4828.64500,4830.30500
XAUUSD,M5,2026-04-16T00:10:00Z,4830.32500,4830.93500,4828.62500,4829.44500
XAUUSD,M5,2026-04-16T00:15:00Z,4829.47800,4830.98500,4828.06800,4829.41500
XAUUSD,M5,2026-04-16T00:20:00Z,4829.38500,4829.99500,4824.67800,4827.13500
XAUUSD,M5,2026-04-16T00:25:00Z,4827.17800,4828.88500,4822.21800,4824.59500
XAUUSD,M5,2026-04-16T00:30:00Z,4824.55800,4827.08500,4820.57800,4822.13500
XAUUSD,M5,2026-04-16T00:35:00Z,4822.10500,4828.85500,4820.63800,4827.49500
XAUUSD,M5,2026-04-16T00:40:00Z,4827.54500,4837.45500,4827.38500,4832.27500
XAUUSD,M5,2026-04-16T00:45:00Z,4832.24500,4835.98500,4830.50500,4835.64500
XAUUSD,M5,2026-04-16T00:50:00Z,4835.81500,4837.10500,4832.34800,4833.02500
XAUUSD,M5,2026-04-16T00:55:00Z,4833.08500,4834.31500,4832.21500,4832.39800
XAUUSD,M5,2026-04-16T01:00:00Z,4832.41800,4835.98500,4829.10500,4829.12500
XAUUSD,M5,2026-04-16T01:05:00Z,4829.00500,4831.57500,4828.54500,4830.42500
XAUUSD,M5,2026-04-16T01:10:00Z,4830.38500,4832.18500,4829.27800,4829.50500
XAUUSD,M5,2026-04-16T01:15:00Z,4829.42500,4830.18500,4824.74500,4825.82500
XAUUSD,M5,2026-04-16T01:20:00Z,4826.11500,4828.88500,4824.99500,4825.10500
XAUUSD,M5,2026-04-16T01:25:00Z,4825.14500,4826.21500,4822.53500,4823.35500
XAUUSD,M5,2026-04-16T01:30:00Z,4823.30500,4825.36500,4820.83800,4821.41500
XAUUSD,M5,2026-04-16T01:35:00Z,4821.44500,4821.48500,4812.51500,4812.59500
XAUUSD,M5,2026-04-16T01:40:00Z,4812.61500,4818.18500,4811.04800,4815.78500
XAUUSD,M5,2026-04-16T01:45:00Z,4815.83500,4820.49500,4815.09800,4819.87500
XAUUSD,M5,2026-04-16T01:50:00Z,4819.95500,4821.75500,4818.14800,4820.38500
XAUUSD,M5,2026-04-16T01:55:00Z,4820.30500,4820.30500,4817.12500,4817.72500
XAUUSD,M5,2026-04-16T02:00:00Z,4817.78500,4821.82500,4817.13500,4820.89500
XAUUSD,M5,2026-04-16T02:05:00Z,4820.86500,4823.07500,4819.93500,4822.16500
XAUUSD,M5,2026-04-16T02:10:00Z,4821.94800,4824.76500,4820.74800,4820.84800
XAUUSD,M5,2026-04-16T02:15:00Z,4820.84800,4822.46500,4820.08500,4822.19500
XAUUSD,M5,2026-04-16T02:20:00Z,4822.16500,4823.14800,4820.60500,4821.83500
XAUUSD,M5,2026-04-16T02:25:00Z,4821.79500,4821.85500,4818.93800,4818.93800
XAUUSD,M5,2026-04-16T02:30:00Z,4818.93800,4821.19500,4813.77500,4813.97500
XAUUSD,M5,2026-04-16T02:35:00Z,4814.03500,4816.67500,4812.15800,4816.67500
XAUUSD,M5,2026-04-16T02:40:00Z,4816.86500,4819.41500,4816.16500,4816.93500
XAUUSD,M5,2026-04-16T02:45:00Z,4816.98500,4820.68500,4815.14500,4816.86500
XAUUSD,M5,2026-04-16T02:50:00Z,4817.00500,4820.94500,4816.68500,4818.22500
XAUUSD,M5,2026-04-16T02:55:00Z,4818.34500,4820.33500,4818.32500,4819.52500
XAUUSD,M5,2026-04-16T03:00:00Z,4819.31500,4823.21500,4818.89500,4822.06500
XAUUSD,M5,2026-04-16T03:05:00Z,4822.10500,4826.25500,4822.10500,4825.69500
XAUUSD,M5,2026-04-16T03:10:00Z,4825.75500,4826.98500,4824.79800,4826.35500
XAUUSD,M5,2026-04-16T03:15:00Z,4826.33500,4826.48500,4822.98500,4823.56500
XAUUSD,M5,2026-04-16T03:20:00Z,4823.53500,4824.52500,4822.26500,4823.84800
XAUUSD,M5,2026-04-16T03:25:00Z,4823.92500,4824.54800,4822.31500,4823.63500
XAUUSD,M5,2026-04-16T03:30:00Z,4823.61500,4825.73500,4822.50500,4822.79500
XAUUSD,M5,2026-04-16T03:35:00Z,4822.71500,4822.96500,4818.92800,4819.07500
XAUUSD,M5,2026-04-16T03:40:00Z,4819.05500,4820.87500,4818.76500,4820.30500
XAUUSD,M5,2026-04-16T03:45:00Z,4820.36500,4824.98500,4820.28500,4824.44500
XAUUSD,M5,2026-04-16T03:50:00Z,4824.46500,4826.19500,4823.39800,4826.08500
XAUUSD,M5,2026-04-16T03:55:00Z,4826.17500,4826.39500,4823.81500,4823.83500
XAUUSD,M5,2026-04-16T04:00:00Z,4823.73500,4825.02500,4823.21500,4824.66500
XAUUSD,M5,2026-04-16T04:05:00Z,4824.62500,4825.96500,4822.99800,4823.94500
XAUUSD,M5,2026-04-16T04:10:00Z,4823.98500,4827.01500,4822.99800,4826.76500
XAUUSD,M5,2026-04-16T04:15:00Z,4826.78500,4829.78500,4826.69800,4827.00800
XAUUSD,M5,2026-04-16T04:20:00Z,4827.00800,4827.58500,4825.96800,4826.40500
XAUUSD,M5,2026-04-16T04:25:00Z,4826.05800,4827.61500,4825.44800,4826.20500
XAUUSD,M5,2026-04-16T04:30:00Z,4826.14500,4827.63500,4824.71500,4827.21800
XAUUSD,M5,2026-04-16T04:35:00Z,4827.21800,4831.21500,4827.03800,4829.35500
XAUUSD,M5,2026-04-16T04:40:00Z,4829.40500,4830.73500,4829.24500,4830.32500
XAUUSD,M5,2026-04-16T04:45:00Z,4830.21500,4830.99500,4829.41800,4830.21500
XAUUSD,M5,2026-04-16T04:50:00Z,4830.15500,4830.71500,4829.12800,4830.30500
XAUUSD,M5,2026-04-16T04:55:00Z,4830.37500,4833.31500,4830.34500,4832.89500
XAUUSD,M5,2026-04-16T05:00:00Z,4832.87500,4836.09800,4832.59500,4835.95500
XAUUSD,M5,2026-04-16T05:05:00Z,4835.79800,4838.33500,4833.33500,4835.07500
XAUUSD,M5,2026-04-16T05:10:00Z,4835.10500,4836.12500,4833.59800,4834.10500
XAUUSD,M5,2026-04-16T05:15:00Z,4834.10500,4836.01500,4833.76500,4835.38500
XAUUSD,M5,2026-04-16T05:20:00Z,4835.34500,4835.44500,4832.56800,4832.56800
XAUUSD,M5,2026-04-16T05:25:00Z,4832.56800,4833.81500,4831.49800,4833.05500
XAUUSD,M5,2026-04-16T05:30:00Z,4833.06500,4833.50500,4826.08500,4826.32500
XAUUSD,M5,2026-04-16T05:35:00Z,4826.41800,4828.13500,4825.04500,4827.71500
XAUUSD,M5,2026-04-16T05:40:00Z,4827.34800,4829.26500,4824.29800,4824.94500
XAUUSD,M5,2026-04-16T05:45:00Z,4824.81500,4828.59500,4824.49800,4827.33500
XAUUSD,M5,2026-04-16T05:50:00Z,4827.31500,4829.12500,4824.29800,4825.91500
XAUUSD,M5,2026-04-16T05:55:00Z,4825.94500,4825.94500,4821.08500,4821.10500
XAUUSD,M5,2026-04-16T06:00:00Z,4821.04500,4827.83500,4820.99500,4823.85500
XAUUSD,M5,2026-04-16T06:05:00Z,4823.83500,4825.81500,4822.18500,4823.94500
XAUUSD,M5,2026-04-16T06:10:00Z,4823.92500,4826.34500,4821.91800,4822.41800
XAUUSD,M5,2026-04-16T06:15:00Z,4822.41800,4825.12500,4820.55500,4824.10500
XAUUSD,M5,2026-04-16T06:20:00Z,4824.15500,4824.51500,4817.26500,4819.77500
XAUUSD,M5,2026-04-16T06:25:00Z,4819.75500,4822.46500,4814.10500,4815.82800
XAUUSD,M5,2026-04-16T06:30:00Z,4815.37500,4820.10500,4814.63800,4816.31800
XAUUSD,M5,2026-04-16T06:35:00Z,4816.35800,4819.96500,4816.32800,4819.53800
XAUUSD,M5,2026-04-16T06:40:00Z,4819.53800,4824.79500,4818.05800,4823.96500
XAUUSD,M5,2026-04-16T06:45:00Z,4823.91500,4829.52500,4822.27500,4828.53500
XAUUSD,M5,2026-04-16T06:50:00Z,4828.58500,4830.46500,4824.70800,4828.28500
XAUUSD,M5,2026-04-16T06:55:00Z,4828.32800,4829.60500,4825.55800,4825.80500
XAUUSD,M5,2026-04-16T07:00:00Z,4825.84500,4829.54500,4822.99800,4828.84500
XAUUSD,M5,2026-04-16T07:05:00Z,4828.94500,4830.00500,4824.85500,4829.71800
XAUUSD,M5,2026-04-16T07:10:00Z,4829.76800,4830.73500,4823.05800,4824.87500
XAUUSD,M5,2026-04-16T07:15:00Z,4824.84500,4829.47500,4820.56500,4821.05500
XAUUSD,M5,2026-04-16T07:20:00Z,4821.02500,4824.64500,4816.94500,4824.12500
XAUUSD,M5,2026-04-16T07:25:00Z,4824.15500,4828.72500,4824.06500,4827.92500
XAUUSD,M5,2026-04-16T07:30:00Z,4828.03500,4828.38500,4824.02500,4827.19500
XAUUSD,M5,2026-04-16T07:35:00Z,4827.19500,4829.87500,4826.50500,4828.85500
XAUUSD,M5,2026-04-16T07:40:00Z,4828.89500,4829.88500,4826.04500,4827.25500
XAUUSD,M5,2026-04-16T07:45:00Z,4827.27500,4827.87500,4822.65800,4823.85500
XAUUSD,M5,2026-04-16T07:50:00Z,4823.81500,4825.81500,4822.72500,4823.82500
XAUUSD,M5,2026-04-16T07:55:00Z,4823.79500,4823.84500,4818.88800,4820.71500
XAUUSD,M5,2026-04-16T08:00:00Z,4820.80500,4821.64500,4812.78500,4813.92500
XAUUSD,M5,2026-04-16T08:05:00Z,4813.92500,4813.92500,4806.95500,4810.67500
XAUUSD,M5,2026-04-16T08:10:00Z,4810.87500,4814.23500,4809.10800,4811.50500
XAUUSD,M5,2026-04-16T08:15:00Z,4811.50500,4814.47500,4811.01500,4811.34500
XAUUSD,M5,2026-04-16T08:20:00Z,4811.34500,4813.64500,4810.03500,4810.89500
XAUUSD,M5,2026-04-16T08:25:00Z,4810.95500,4812.59500,4809.08800,4811.09500
XAUUSD,M5,2026-04-16T08:30:00Z,4811.07500,4811.22500,4806.12800,4807.99500
XAUUSD,M5,2026-04-16T08:35:00Z,4807.99500,4810.88500,4807.04800,4810.00500
XAUUSD,M5,2026-04-16T08:40:00Z,4810.05800,4813.23500,4807.90500,4811.74500
XAUUSD,M5,2026-04-16T08:45:00Z,4811.72500,4813.20500,4809.97500,4810.76500
XAUUSD,M5,2026-04-16T08:50:00Z,4810.73500,4811.25500,4808.06500,4811.09800
XAUUSD,M5,2026-04-16T08:55:00Z,4811.10500,4814.48800,4808.93500,4813.43800
XAUUSD,M5,2026-04-16T09:00:00Z,4813.43800,4815.15500,4811.41500,4814.99500
XAUUSD,M5,2026-04-16T09:05:00Z,4814.91500,4817.74500,4814.74500,4817.69500
XAUUSD,M5,2026-04-16T09:10:00Z,4817.65500,4817.71500,4815.13500,4815.88500
XAUUSD,M5,2026-04-16T09:15:00Z,4815.90500,4816.08500,4813.12500,4815.47500
XAUUSD,M5,2026-04-16T09:20:00Z,4815.50500,4816.79500,4815.15500,4815.27500
XAUUSD,M5,2026-04-16T09:25:00Z,4815.25500,4816.11500,4811.08500,4812.91500
XAUUSD,M5,2026-04-16T09:30:00Z,4812.49500,4812.96500,4806.53500,4811.02500
XAUUSD,M5,2026-04-16T09:35:00Z,4810.96500,4812.85500,4809.32500,4812.03500
XAUUSD,M5,2026-04-16T09:40:00Z,4812.05500,4814.76500,4810.36500,4814.48500
XAUUSD,M5,2026-04-16T09:45:00Z,4814.50500,4815.16500,4812.10500,4813.57500
XAUUSD,M5,2026-04-16T09:50:00Z,4813.53500,4814.12500,4809.90500,4811.76500
XAUUSD,M5,2026-04-16T09:55:00Z,4812.06500,4812.98500,4809.92500,4812.63500
XAUUSD,M5,2026-04-16T10:00:00Z,4812.67500,4815.48500,4809.80500,4812.39500
XAUUSD,M5,2026-04-16T10:05:00Z,4812.39500,4814.12500,4810.96500,4811.54500
XAUUSD,M5,2026-04-16T10:10:00Z,4811.56500,4811.62500,4806.70500,4806.76500
XAUUSD,M5,2026-04-16T10:15:00Z,4806.73500,4808.15800,4804.85500,4807.52500
XAUUSD,M5,2026-04-16T10:20:00Z,4807.44500,4809.18500,4807.40500,4808.02500
XAUUSD,M5,2026-04-16T10:25:00Z,4808.05500,4809.90500,4806.54500,4806.81500
XAUUSD,M5,2026-04-16T10:30:00Z,4806.83500,4808.03500,4804.97500,4807.80500
XAUUSD,M5,2026-04-16T10:35:00Z,4807.76500,4810.29500,4807.45500,4809.80500
XAUUSD,M5,2026-04-16T10:40:00Z,4809.90500,4812.04500,4807.94500,4808.07500
XAUUSD,M5,2026-04-16T10:45:00Z,4808.05500,4809.82500,4806.35500,4809.12500
XAUUSD,M5,2026-04-16T10:50:00Z,4809.09500,4810.88500,4808.28500,4810.82500
XAUUSD,M5,2026-04-16T10:55:00Z,4810.80500,4817.01500,4810.80500,4816.97500
XAUUSD,M5,2026-04-16T11:00:00Z,4817.03500,4819.96500,4816.12500,4819.75500
XAUUSD,M5,2026-04-16T11:05:00Z,4819.73500,4820.34500,4816.19500,4818.05500
XAUUSD,M5,2026-04-16T11:10:00Z,4818.05500,4819.47500,4816.75500,4817.29500
XAUUSD,M5,2026-04-16T11:15:00Z,4817.32500,4819.80500,4816.60500,4817.52500
XAUUSD,M5,2026-04-16T11:20:00Z,4817.37500,4819.05500,4816.45500,4817.30500
XAUUSD,M5,2026-04-16T11:25:00Z,4817.30500,4817.45500,4815.19500,4815.75500
XAUUSD,M5,2026-04-16T11:30:00Z,4815.84500,4819.54800,4815.84500,4818.63500
XAUUSD,M5,2026-04-16T11:35:00Z,4818.60500,4819.49800,4817.01500,4818.03500
XAUUSD,M5,2026-04-16T11:40:00Z,4818.00500,4818.00500,4815.55800,4817.51500
XAUUSD,M5,2026-04-16T11:45:00Z,4817.47500,4818.83800,4815.76500,4816.08500
XAUUSD,M5,2026-04-16T11:50:00Z,4816.14500,4819.69800,4816.05500,4817.88500
XAUUSD,M5,2026-04-16T11:55:00Z,4817.90500,4822.39500,4816.76500,4822.01500
XAUUSD,M5,2026-04-16T12:00:00Z,4822.01500,4822.91500,4818.97500,4819.33500
XAUUSD,M5,2026-04-16T12:05:00Z,4819.36500,4820.96500,4815.35500,4816.18500
XAUUSD,M5,2026-04-16T12:10:00Z,4816.18500,4817.20500,4811.41500,4817.10500
XAUUSD,M5,2026-04-16T12:15:00Z,4817.16500,4818.13500,4815.49500,4817.69500
XAUUSD,M5,2026-04-16T12:20:00Z,4818.07500,4818.36500,4813.90500,4816.40500
XAUUSD,M5,2026-04-16T12:25:00Z,4816.42500,4817.89500,4813.67500,4814.51500
XAUUSD,M5,2026-04-16T12:30:00Z,4814.47500,4820.04500,4811.64500,4818.93500
XAUUSD,M5,2026-04-16T12:35:00Z,4818.90800,4820.46500,4813.05500,4814.93500
XAUUSD,M5,2026-04-16T12:40:00Z,4814.87500,4816.89500,4813.38500,4816.70800
XAUUSD,M5,2026-04-16T12:45:00Z,4816.70800,4817.58500,4813.62500,4814.46500
XAUUSD,M5,2026-04-16T12:50:00Z,4814.48500,4817.21500,4814.44500,4816.21500
XAUUSD,M5,2026-04-16T12:55:00Z,4816.53500,4818.89500,4815.87500,4815.90500
XAUUSD,M5,2026-04-16T13:00:00Z,4815.95500,4822.87500,4815.95500,4819.42500
XAUUSD,M5,2026-04-16T13:05:00Z,4819.44500,4821.79500,4814.47500,4815.59500
XAUUSD,M5,2026-04-16T13:10:00Z,4815.52500,4818.91500,4813.87500,4816.98800
XAUUSD,M5,2026-04-16T13:15:00Z,4816.98800,4819.73500,4816.38500,4818.05500
XAUUSD,M5,2026-04-16T13:20:00Z,4818.02500,4821.16500,4815.66500,4816.49500
XAUUSD,M5,2026-04-16T13:25:00Z,4816.46500,4818.69500,4814.87500,4815.31500
XAUUSD,M5,2026-04-16T13:30:00Z,4815.28500,4821.89500,4812.25800,4821.53500
XAUUSD,M5,2026-04-16T13:35:00Z,4821.50500,4823.57500,4817.06500,4821.35500
XAUUSD,M5,2026-04-16T13:40:00Z,4821.33500,4823.53500,4813.06500,4816.04500
XAUUSD,M5,2026-04-16T13:45:00Z,4815.99500,4819.39500,4809.24800,4813.82500
XAUUSD,M5,2026-04-16T13:50:00Z,4813.79500,4815.40500,4789.98500,4794.26500
XAUUSD,M5,2026-04-16T13:55:00Z,4794.01500,4798.37500,4784.74500,4794.51500
XAUUSD,M5,2026-04-16T14:00:00Z,4794.35800,4798.19500,4787.77500,4792.09500
XAUUSD,M5,2026-04-16T14:05:00Z,4792.03500,4800.11500,4784.87500,4799.49500
XAUUSD,M5,2026-04-16T14:10:00Z,4799.53500,4805.18500,4798.68500,4800.57500
XAUUSD,M5,2026-04-16T14:15:00Z,4800.59500,4802.85500,4793.68500,4794.43500
XAUUSD,M5,2026-04-16T14:20:00Z,4794.46500,4797.23500,4790.74500,4795.69500
XAUUSD,M5,2026-04-16T14:25:00Z,4795.65500,4799.34500,4793.43500,4799.01500
XAUUSD,M5,2026-04-16T14:30:00Z,4799.39500,4800.56500,4793.46500,4796.28500
XAUUSD,M5,2026-04-16T14:35:00Z,4796.21500,4797.04500,4789.85500,4789.85500
XAUUSD,M5,2026-04-16T14:40:00Z,4789.89500,4790.17500,4772.89800,4787.70500
XAUUSD,M5,2026-04-16T14:45:00Z,4787.39500,4791.97500,4785.21500,4790.74500
XAUUSD,M5,2026-04-16T14:50:00Z,4790.49500,4793.30500,4786.80500,4791.35500
XAUUSD,M5,2026-04-16T14:55:00Z,4791.31500,4791.34500,4785.30500,4788.57500
XAUUSD,M5,2026-04-16T15:00:00Z,4788.55500,4802.00500,4788.01500,4800.60500
XAUUSD,M5,2026-04-16T15:05:00Z,4800.62500,4811.33500,4799.06500,4808.20500
XAUUSD,M5,2026-04-16T15:10:00Z,4808.26500,4812.69500,4805.63500,4806.55500
XAUUSD,M5,2026-04-16T15:15:00Z,4806.59500,4809.38500,4802.53500,4803.27500
XAUUSD,M5,2026-04-16T15:20:00Z,4803.29500,4806.43500,4802.81500,4804.27500
XAUUSD,M5,2026-04-16T15:25:00Z,4804.29500,4807.05500,4801.78500,4801.82500
XAUUSD,M5,2026-04-16T15:30:00Z,4801.38500,4805.66500,4799.70500,4801.04500
XAUUSD,M5,2026-04-16T15:35:00Z,4800.97500,4810.85500,4797.85500,4806.49500
XAUUSD,M5,2026-04-16T15:40:00Z,4806.36500,4807.28500,4799.89500,4802.71500
XAUUSD,M5,2026-04-16T15:45:00Z,4802.81500,4806.94500,4800.65500,4803.22500
XAUUSD,M5,2026-04-16T15:50:00Z,4803.26500,4807.03500,4803.18500,4804.76500
XAUUSD,M5,2026-04-16T15:55:00Z,4804.78500,4808.29500,4803.63500,4806.83500
XAUUSD,M5,2026-04-16T16:00:00Z,4806.95500,4810.09800,4805.72500,4808.25500
XAUUSD,M5,2026-04-16T16:05:00Z,4808.31500,4808.62500,4805.64500,4805.77500
XAUUSD,M5,2026-04-16T16:10:00Z,4806.09500,4807.11500,4803.20500,4804.70500
XAUUSD,M5,2026-04-16T16:15:00Z,4804.73500,4805.72500,4802.24500,4804.06500
XAUUSD,M5,2026-04-16T16:20:00Z,4804.03500,4804.32500,4797.39800,4798.18500
XAUUSD,M5,2026-04-16T16:25:00Z,4798.20500,4800.40500,4796.50500,4799.15500
XAUUSD,M5,2026-04-16T16:30:00Z,4799.06500,4799.71500,4786.39500,4791.94500
XAUUSD,M5,2026-04-16T16:35:00Z,4792.11500,4797.22500,4791.09500,4795.96500
XAUUSD,M5,2026-04-16T16:40:00Z,4795.98500,4796.13500,4788.00500,4789.81800
XAUUSD,M5,2026-04-16T16:45:00Z,4789.81500,4790.40500,4784.93500,4787.55500
XAUUSD,M5,2026-04-16T16:50:00Z,4787.57500,4793.14500,4786.89500,4789.72500
XAUUSD,M5,2026-04-16T16:55:00Z,4789.74500,4793.36500,4789.66500,4791.86500
XAUUSD,M5,2026-04-16T17:00:00Z,4791.91500,4794.95500,4789.63800,4791.83800
XAUUSD,M5,2026-04-16T17:05:00Z,4791.82500,4794.68500,4790.49500,4794.26500
XAUUSD,M5,2026-04-16T17:10:00Z,4794.28500,4795.16500,4789.53500,4791.18500
XAUUSD,M5,2026-04-16T17:15:00Z,4791.22500,4791.90500,4788.36500,4790.45500
XAUUSD,M5,2026-04-16T17:20:00Z,4790.70500,4793.13500,4789.35500,4792.58500
XAUUSD,M5,2026-04-16T17:25:00Z,4792.56500,4793.68500,4784.42500,4784.85500
XAUUSD,M5,2026-04-16T17:30:00Z,4784.85500,4789.12500,4783.11500,4783.94500
XAUUSD,M5,2026-04-16T17:35:00Z,4784.04500,4786.21500,4781.21500,4782.17500
XAUUSD,M5,2026-04-16T17:40:00Z,4782.20500,4787.41500,4781.74500,4786.92500
XAUUSD,M5,2026-04-16T17:45:00Z,4786.98500,4788.79500,4784.70500,4788.59500
XAUUSD,M5,2026-04-16T17:50:00Z,4788.54500,4788.97500,4786.32500,4786.85500
XAUUSD,M5,2026-04-16T17:55:00Z,4786.89500,4790.61500,4782.25500,4789.01500
XAUUSD,M5,2026-04-16T18:00:00Z,4789.05500,4794.23500,4785.34500,4790.30500
XAUUSD,M5,2026-04-16T18:05:00Z,4790.33500,4793.55500,4789.07500,4789.63500
XAUUSD,M5,2026-04-16T18:10:00Z,4789.44500,4790.30500,4787.43500,4789.95500
XAUUSD,M5,2026-04-16T18:15:00Z,4789.56500,4791.02500,4788.36500,4789.87500
XAUUSD,M5,2026-04-16T18:20:00Z,4789.83500,4792.93500,4789.35500,4790.07500
XAUUSD,M5,2026-04-16T18:25:00Z,4790.12500,4791.23500,4786.43800,4786.82500
XAUUSD,M5,2026-04-16T18:30:00Z,4786.76500,4789.97500,4786.45500,4788.61500
XAUUSD,M5,2026-04-16T18:35:00Z,4788.59500,4789.81500,4787.51500,4789.25500
XAUUSD,M5,2026-04-16T18:40:00Z,4789.31500,4791.16500,4788.35500,4790.19500
XAUUSD,M5,2026-04-16T18:45:00Z,4789.92500,4791.21500,4788.79500,4789.96500
XAUUSD,M5,2026-04-16T18:50:00Z,4790.03500,4792.53500,4788.51500,4790.06500
XAUUSD,M5,2026-04-16T18:55:00Z,4790.01500,4790.55500,4788.05500,4789.40500
XAUUSD,M5,2026-04-16T19:00:00Z,4789.43500,4794.84500,4789.39500,4792.40500
XAUUSD,M5,2026-04-16T19:05:00Z,4792.42500,4794.09500,4791.34500,4793.25500
XAUUSD,M5,2026-04-16T19:10:00Z,4793.29500,4793.55500,4789.25800,4789.70500
XAUUSD,M5,2026-04-16T19:15:00Z,4789.73800,4793.43500,4789.69500,4792.90500
XAUUSD,M5,2026-04-16T19:20:00Z,4792.91800,4793.57500,4791.15500,4792.51500
XAUUSD,M5,2026-04-16T19:25:00Z,4792.48500,4792.54500,4790.40500,4790.49500
XAUUSD,M5,2026-04-16T19:30:00Z,4790.49500,4793.58500,4790.49500,4791.57500
XAUUSD,M5,2026-04-16T19:35:00Z,4791.60500,4793.40500,4790.44500,4793.39500
XAUUSD,M5,2026-04-16T19:40:00Z,4793.37500,4797.66500,4793.08500,4797.45500
XAUUSD,M5,2026-04-16T19:45:00Z,4797.51500,4798.39500,4793.47500,4793.78500
XAUUSD,M5,2026-04-16T19:50:00Z,4793.73500,4794.83500,4792.19500,4794.50500
XAUUSD,M5,2026-04-16T19:55:00Z,4794.75800,4795.74500,4792.35500,4793.44500
XAUUSD,M5,2026-04-16T20:00:00Z,4793.11800,4793.65500,4791.65500,4792.28500
XAUUSD,M5,2026-04-16T20:05:00Z,4792.24500,4792.24500,4789.78500,4790.67500
XAUUSD,M5,2026-04-16T20:10:00Z,4790.69500,4791.20500,4790.09500,4790.35500
XAUUSD,M5,2026-04-16T20:15:00Z,4790.24500,4791.46500,4790.11500,4791.23500
XAUUSD,M5,2026-04-16T20:20:00Z,4791.26500,4791.26500,4788.34500,4788.52500
XAUUSD,M5,2026-04-16T20:25:00Z,4788.50500,4789.33500,4788.21500,4788.80500
XAUUSD,M5,2026-04-16T20:30:00Z,4788.76500,4789.61500,4786.15500,4786.59500
XAUUSD,M5,2026-04-16T20:35:00Z,4786.53500,4790.18500,4786.53500,4789.38500
XAUUSD,M5,2026-04-16T20:40:00Z,4789.36500,4789.36500,4788.00500,4788.45500
XAUUSD,M5,2026-04-16T20:45:00Z,4788.60500,4790.47500,4788.60500,4790.17500
XAUUSD,M5,2026-04-16T20:50:00Z,4790.14500,4790.17500,4787.65500,4789.19500
XAUUSD,M5,2026-04-16T20:55:00Z,4789.16500,4790.72500,4786.13500,4787.97500
XAUUSD,M5,2026-04-16T22:00:00Z,4790.39500,4796.47500,4790.39500,4795.13500
XAUUSD,M5,2026-04-16T22:05:00Z,4795.01500,4797.63500,4793.84500,4796.04500
XAUUSD,M5,2026-04-16T22:10:00Z,4796.01500,4796.72500,4794.55500,4795.00800
XAUUSD,M5,2026-04-16T22:15:00Z,4795.03500,4795.76500,4792.30500,4792.41500
XAUUSD,M5,2026-04-16T22:20:00Z,4792.33500,4793.51500,4792.14800,4793.50500
XAUUSD,M5,2026-04-16T22:25:00Z,4793.41500,4795.20500,4793.32500,4793.74500
XAUUSD,M5,2026-04-16T22:30:00Z,4793.77500,4794.91500,4790.66500,4794.65500
XAUUSD,M5,2026-04-16T22:35:00Z,4794.58500,4795.97500,4793.61500,4793.69500
XAUUSD,M5,2026-04-16T22:40:00Z,4793.65500,4795.83500,4793.13500,4795.05500
XAUUSD,M5,2026-04-16T22:45:00Z,4795.11500,4796.71500,4794.44500,4795.06500
XAUUSD,M5,2026-04-16T22:50:00Z,4794.83500,4796.46500,4794.73500,4795.88500
XAUUSD,M5,2026-04-16T22:55:00Z,4795.85500,4796.59500,4794.55800,4794.56800
XAUUSD,M5,2026-04-16T23:00:00Z,4794.56800,4794.56800,4791.99800,4793.15500
XAUUSD,M5,2026-04-16T23:05:00Z,4793.18800,4794.80800,4792.72800,4793.03800
XAUUSD,M5,2026-04-16T23:10:00Z,4793.03800,4794.15500,4791.89500,4792.72500
XAUUSD,M5,2026-04-16T23:15:00Z,4792.75500,4796.51500,4792.16500,4796.50500
XAUUSD,M5,2026-04-16T23:20:00Z,4796.46500,4797.67500,4795.44500,4796.37500
XAUUSD,M5,2026-04-16T23:25:00Z,4796.40500,4796.68500,4793.74500,4794.17500
XAUUSD,M5,2026-04-16T23:30:00Z,4794.14500,4795.62500,4792.18500,4794.81500
XAUUSD,M5,2026-04-16T23:35:00Z,4794.75500,4795.82500,4794.44500,4794.83500
XAUUSD,M5,2026-04-16T23:40:00Z,4794.97500,4795.97500,4794.57500,4795.55500
XAUUSD,M5,2026-04-16T23:45:00Z,4795.59500,4796.46500,4793.02500,4793.87500
XAUUSD,M5,2026-04-16T23:50:00Z,4793.84500,4795.59500,4793.22500,4793.62500
XAUUSD,M5,2026-04-16T23:55:00Z,4793.54500,4794.47500,4791.50500,4791.50500
XAUUSD,M5,2026-04-17T00:00:00Z,4791.47500,4791.47500,4787.60500,4788.05500
XAUUSD,M5,2026-04-17T00:05:00Z,4788.02500,4790.86500,4785.63500,4790.30500
XAUUSD,M5,2026-04-17T00:10:00Z,4790.33500,4791.70500,4787.44500,4789.95500
XAUUSD,M5,2026-04-17T00:15:00Z,4789.94500,4791.99500,4787.30500,4791.03500
XAUUSD,M5,2026-04-17T00:20:00Z,4791.07500,4791.68500,4789.28500,4789.39500
XAUUSD,M5,2026-04-17T00:25:00Z,4789.35500,4792.60500,4789.04500,4792.56500
XAUUSD,M5,2026-04-17T00:30:00Z,4792.53500,4798.04500,4792.27500,4796.14500
XAUUSD,M5,2026-04-17T00:35:00Z,4796.19500,4796.98500,4794.69500,4795.97500
XAUUSD,M5,2026-04-17T00:40:00Z,4795.95500,4798.35500,4794.43500,4798.35500
XAUUSD,M5,2026-04-17T00:45:00Z,4798.29500,4800.98500,4797.86500,4799.18500
XAUUSD,M5,2026-04-17T00:50:00Z,4799.13500,4799.13500,4794.45500,4794.85500
XAUUSD,M5,2026-04-17T00:55:00Z,4794.80500,4795.63500,4793.51500,4794.61500
XAUUSD,M5,2026-04-17T01:00:00Z,4794.66500,4795.49500,4786.68500,4789.24500
XAUUSD,M5,2026-04-17T01:05:00Z,4789.22500,4790.83500,4782.77500,4783.03500
XAUUSD,M5,2026-04-17T01:10:00Z,4783.01500,4784.65500,4769.17500,4778.59500
XAUUSD,M5,2026-04-17T01:15:00Z,4778.61500,4784.99500,4778.42500,4782.41500
XAUUSD,M5,2026-04-17T01:20:00Z,4782.43500,4783.38500,4771.59500,4774.19500
XAUUSD,M5,2026-04-17T01:25:00Z,4774.24500,4776.73500,4768.00000,4768.56500
XAUUSD,M5,2026-04-17T01:30:00Z,4768.67500,4776.05500,4768.00000,4773.83500
XAUUSD,M5,2026-04-17T01:35:00Z,4773.85500,4777.66500,4773.32500,4773.64500
XAUUSD,M5,2026-04-17T01:40:00Z,4773.59500,4777.41800,4771.91500,4777.37800
XAUUSD,M5,2026-04-17T01:45:00Z,4777.38500,4779.15500,4774.99500,4778.25500
XAUUSD,M5,2026-04-17T01:50:00Z,4778.27500,4786.76500,4777.65500,4786.27500
XAUUSD,M5,2026-04-17T01:55:00Z,4786.25500,4791.18500,4786.01500,4789.21500
XAUUSD,M5,2026-04-17T02:00:00Z,4789.17500,4792.37500,4788.12500,4791.89500
XAUUSD,M5,2026-04-17T02:05:00Z,4791.92500,4794.09500,4789.02500,4789.71500
XAUUSD,M5,2026-04-17T02:10:00Z,4789.73500,4791.01500,4788.05500,4790.90500
XAUUSD,M5,2026-04-17T02:15:00Z,4790.91500,4791.55500,4788.10500,4789.00500
XAUUSD,M5,2026-04-17T02:20:00Z,4788.98500,4791.62500,4788.01500,4789.30800
XAUUSD,M5,2026-04-17T02:25:00Z,4789.53500,4791.15500,4788.57500,4788.57500
XAUUSD,M5,2026-04-17T02:30:00Z,4788.79500,4793.03500,4788.16500,4791.48500
XAUUSD,M5,2026-04-17T02:35:00Z,4791.40500,4794.43500,4790.26500,4792.81500
XAUUSD,M5,2026-04-17T02:40:00Z,4792.87500,4794.49500,4791.08500,4791.23500
XAUUSD,M5,2026-04-17T02:45:00Z,4791.24500,4793.43500,4789.23500,4789.27500
XAUUSD,M5,2026-04-17T02:50:00Z,4789.20500,4789.75500,4787.83500,4787.86500
XAUUSD,M5,2026-04-17T02:55:00Z,4787.81500,4788.69500,4784.14500,4784.40500
XAUUSD,M5,2026-04-17T03:00:00Z,4784.33500,4791.82500,4784.33500,4791.62500
XAUUSD,M5,2026-04-17T03:05:00Z,4791.59500,4797.52500,4791.57500,4795.23500
XAUUSD,M5,2026-04-17T03:10:00Z,4795.20500,4796.36800,4792.23500,4795.63500
XAUUSD,M5,2026-04-17T03:15:00Z,4795.67500,4797.91500,4793.99800,4796.81500
XAUUSD,M5,2026-04-17T03:20:00Z,4796.89500,4797.25500,4794.45500,4795.58500
XAUUSD,M5,2026-04-17T03:25:00Z,4795.53500,4795.71500,4792.65500,4793.67500
XAUUSD,M5,2026-04-17T03:30:00Z,4793.55500,4794.80500,4792.61500,4793.62500
XAUUSD,M5,2026-04-17T03:35:00Z,4793.79500,4794.13500,4791.64500,4792.74500
XAUUSD,M5,2026-04-17T03:40:00Z,4792.84500,4794.83500,4791.94500,4794.05500
XAUUSD,M5,2026-04-17T03:45:00Z,4793.99500,4796.06500,4793.90500,4795.86500
XAUUSD,M5,2026-04-17T03:50:00Z,4795.87500,4796.38500,4793.62800,4793.72800
XAUUSD,M5,2026-04-17T03:55:00Z,4793.72800,4793.85800,4792.41500,4792.94800
XAUUSD,M5,2026-04-17T04:00:00Z,4792.80800,4794.09500,4792.26500,4793.96500
XAUUSD,M5,2026-04-17T04:05:00Z,4794.16500,4795.01500,4793.05800,4793.62500
XAUUSD,M5,2026-04-17T04:10:00Z,4793.60500,4795.96500,4793.52500,4795.05500
XAUUSD,M5,2026-04-17T04:15:00Z,4795.02500,4795.91500,4793.30800,4795.45500
XAUUSD,M5,2026-04-17T04:20:00Z,4795.42500,4795.61500,4793.58500,4795.02500
XAUUSD,M5,2026-04-17T04:25:00Z,4794.94500,4795.91500,4793.96500,4795.70500
XAUUSD,M5,2026-04-17T04:30:00Z,4795.67500,4797.18500,4795.01500,4796.79500
XAUUSD,M5,2026-04-17T04:35:00Z,4796.82500,4799.27500,4796.77500,4799.18500
XAUUSD,M5,2026-04-17T04:40:00Z,4799.21500,4801.28500,4798.64500,4800.74500
XAUUSD,M5,2026-04-17T04:45:00Z,4800.76500,4801.16500,4798.28800,4798.45500
XAUUSD,M5,2026-04-17T04:50:00Z,4798.43800,4800.76500,4798.43800,4798.98500
XAUUSD,M5,2026-04-17T04:55:00Z,4799.35500,4804.30500,4798.33800,4802.68500
XAUUSD,M5,2026-04-17T05:00:00Z,4802.69500,4805.37500,4800.03500,4800.89500
XAUUSD,M5,2026-04-17T05:05:00Z,4800.88500,4805.21500,4799.45500,4804.16500
XAUUSD,M5,2026-04-17T05:10:00Z,4804.22500,4805.93500,4803.76500,4804.64800
XAUUSD,M5,2026-04-17T05:15:00Z,4804.64800,4804.64800,4801.13500,4803.15500
XAUUSD,M5,2026-04-17T05:20:00Z,4803.18500,4804.88500,4802.09800,4804.24800
XAUUSD,M5,2026-04-17T05:25:00Z,4804.35800,4804.82800,4802.37800,4803.04800
XAUUSD,M5,2026-04-17T05:30:00Z,4803.04800,4805.04800,4797.60500,4798.16500
XAUUSD,M5,2026-04-17T05:35:00Z,4798.32500,4802.79500,4797.75800,4799.13500
XAUUSD,M5,2026-04-17T05:40:00Z,4799.11500,4800.89500,4795.36500,4796.22500
XAUUSD,M5,2026-04-17T05:45:00Z,4796.18500,4798.18500,4794.43500,4797.17500
XAUUSD,M5,2026-04-17T05:50:00Z,4797.19500,4800.21500,4796.27500,4796.77500
XAUUSD,M5,2026-04-17T05:55:00Z,4796.82500,4797.86500,4793.42500,4794.07500
XAUUSD,M5,2026-04-17T06:00:00Z,4794.00500,4794.31500,4789.66500,4793.36500
XAUUSD,M5,2026-04-17T06:05:00Z,4793.47500,4795.04500,4789.77500,4790.35500
XAUUSD,M5,2026-04-17T06:10:00Z,4790.32500,4791.20500,4786.65500,4787.44500
XAUUSD,M5,2026-04-17T06:15:00Z,4787.44500,4789.60500,4784.86500,4785.45500
XAUUSD,M5,2026-04-17T06:20:00Z,4785.43500,4788.05500,4784.02500,4787.33500
XAUUSD,M5,2026-04-17T06:25:00Z,4787.31500,4788.35500,4782.91800,4783.54500
XAUUSD,M5,2026-04-17T06:30:00Z,4783.52500,4785.65500,4781.12500,4782.45500
XAUUSD,M5,2026-04-17T06:35:00Z,4782.50500,4786.33500,4779.23500,4785.61500
XAUUSD,M5,2026-04-17T06:40:00Z,4785.59500,4786.96500,4784.40500,4785.42500
XAUUSD,M5,2026-04-17T06:45:00Z,4785.43500,4786.44500,4783.75500,4785.56500
XAUUSD,M5,2026-04-17T06:50:00Z,4785.53500,4787.15500,4783.77500,4784.51500
XAUUSD,M5,2026-04-17T06:55:00Z,4784.58500,4787.01500,4784.00500,4784.79500
XAUUSD,M5,2026-04-17T07:00:00Z,4784.97500,4788.83500,4784.05500,4788.83500
XAUUSD,M5,2026-04-17T07:05:00Z,4788.94500,4790.82500,4787.20500,4789.31500
XAUUSD,M5,2026-04-17T07:10:00Z,4789.39500,4789.60500,4786.54500,4786.98500
XAUUSD,M5,2026-04-17T07:15:00Z,4787.06500,4789.60500,4784.52500,4789.07500
XAUUSD,M5,2026-04-17T07:20:00Z,4789.10500,4789.80500,4785.03500,4788.72500
XAUUSD,M5,2026-04-17T07:25:00Z,4788.69500,4792.83500,4788.69500,4791.49500
XAUUSD,M5,2026-04-17T07:30:00Z,4791.47500,4794.56500,4790.23500,4794.24500
XAUUSD,M5,2026-04-17T07:35:00Z,4794.31500,4794.31500,4785.77500,4786.54500
XAUUSD,M5,2026-04-17T07:40:00Z,4786.48500,4787.54500,4782.30500,4785.63500
XAUUSD,M5,2026-04-17T07:45:00Z,4785.59500,4785.93500,4779.76500,4779.82500
XAUUSD,M5,2026-04-17T07:50:00Z,4779.78500,4785.65500,4778.59800,4785.27500
XAUUSD,M5,2026-04-17T07:55:00Z,4785.17500,4785.27500,4783.11500,4784.29500
XAUUSD,M5,2026-04-17T08:00:00Z,4784.25500,4790.29500,4784.25500,4790.24500
XAUUSD,M5,2026-04-17T08:05:00Z,4790.50500,4790.91500,4783.04500,4784.15500
XAUUSD,M5,2026-04-17T08:10:00Z,4784.13500,4785.12500,4780.69500,4783.47500
XAUUSD,M5,2026-04-17T08:15:00Z,4783.27500,4785.18500,4782.56500,4785.12500
XAUUSD,M5,2026-04-17T08:20:00Z,4785.52500,4786.98500,4782.86500,4783.90500
XAUUSD,M5,2026-04-17T08:25:00Z,4784.04500,4785.69500,4782.93500,4784.31500
XAUUSD,M5,2026-04-17T08:30:00Z,4784.14500,4788.12500,4784.13500,4786.24500
XAUUSD,M5,2026-04-17T08:35:00Z,4786.21500,4789.47500,4785.51500,4789.32500
XAUUSD,M5,2026-04-17T08:40:00Z,4789.29500,4796.73500,4788.13500,4796.71500
XAUUSD,M5,2026-04-17T08:45:00Z,4796.69500,4796.77500,4791.41500,4793.47500
XAUUSD,M5,2026-04-17T08:50:00Z,4793.44500,4794.83500,4790.93500,4793.32500
XAUUSD,M5,2026-04-17T08:55:00Z,4793.29500,4796.38500,4792.03500,4795.82500
XAUUSD,M5,2026-04-17T09:00:00Z,4795.86500,4800.78500,4795.72500,4799.16500
XAUUSD,M5,2026-04-17T09:05:00Z,4799.13500,4799.13500,4794.45500,4795.89500
XAUUSD,M5,2026-04-17T09:10:00Z,4795.86500,4795.94500,4792.52500,4792.86500
XAUUSD,M5,2026-04-17T09:15:00Z,4792.88500,4795.56500,4791.83500,4795.53500
XAUUSD,M5,2026-04-17T09:20:00Z,4795.57500,4798.11500,4794.22500,4794.36500
XAUUSD,M5,2026-04-17T09:25:00Z,4794.39500,4798.25500,4794.39500,4795.74500
XAUUSD,M5,2026-04-17T09:30:00Z,4795.76500,4796.93500,4794.07500,4796.90500
XAUUSD,M5,2026-04-17T09:35:00Z,4796.93500,4798.82500,4794.54500,4795.16500
XAUUSD,M5,2026-04-17T09:40:00Z,4795.21500,4796.42500,4793.87500,4794.54500
XAUUSD,M5,2026-04-17T09:45:00Z,4794.71500,4795.08500,4790.45500,4791.78500
XAUUSD,M5,2026-04-17T09:50:00Z,4791.82500,4792.85500,4790.51500,4791.53500
XAUUSD,M5,2026-04-17T09:55:00Z,4791.56500,4792.26500,4789.66500,4790.12500
XAUUSD,M5,2026-04-17T10:00:00Z,4790.17500,4791.94500,4788.76500,4791.00500
XAUUSD,M5,2026-04-17T10:05:00Z,4791.04500,4791.64500,4788.54500,4788.75500
XAUUSD,M5,2026-04-17T10:10:00Z,4788.81500,4791.61500,4786.83500,4791.07500
XAUUSD,M5,2026-04-17T10:15:00Z,4791.09500,4793.75500,4790.42500,4791.29500
XAUUSD,M5,2026-04-17T10:20:00Z,4791.32500,4793.53500,4790.78500,4792.50500
XAUUSD,M5,2026-04-17T10:25:00Z,4792.45500,4792.58500,4788.50500,4789.31500
XAUUSD,M5,2026-04-17T10:30:00Z,4789.36500,4789.56500,4786.10500,4787.83500
XAUUSD,M5,2026-04-17T10:35:00Z,4787.89500,4788.98500,4785.05800,4785.24500
XAUUSD,M5,2026-04-17T10:40:00Z,4785.11500,4785.47500,4782.04500,4784.73500
XAUUSD,M5,2026-04-17T10:45:00Z,4784.66500,4787.80000,4783.62500,4787.74500
XAUUSD,M5,2026-04-17T10:50:00Z,4787.76500,4788.14500,4782.11500,4786.06500
XAUUSD,M5,2026-04-17T10:55:00Z,4785.96500,4787.60500,4784.04500,4787.22500
XAUUSD,M5,2026-04-17T11:00:00Z,4787.29500,4789.59500,4783.35500,4785.01500
XAUUSD,M5,2026-04-17T11:05:00Z,4785.06500,4787.07500,4783.64500,4786.95500
XAUUSD,M5,2026-04-17T11:10:00Z,4786.96500,4788.05500,4785.28500,4786.13500
XAUUSD,M5,2026-04-17T11:15:00Z,4786.17500,4786.95500,4784.38500,4785.62500
XAUUSD,M5,2026-04-17T11:20:00Z,4785.35500,4790.85500,4784.86500,4790.58500
XAUUSD,M5,2026-04-17T11:25:00Z,4790.48500,4793.21500,4790.02500,4792.83500
XAUUSD,M5,2026-04-17T11:30:00Z,4792.71500,4793.77500,4789.55500,4793.10500
XAUUSD,M5,2026-04-17T11:35:00Z,4793.19500,4794.33500,4790.27500,4792.39500
XAUUSD,M5,2026-04-17T11:40:00Z,4792.31500,4798.53500,4792.17500,4798.40500
XAUUSD,M5,2026-04-17T11:45:00Z,4798.44500,4811.55500,4798.44500,4805.37500
XAUUSD,M5,2026-04-17T11:50:00Z,4805.44800,4806.61500,4801.15500,4801.28500
XAUUSD,M5,2026-04-17T11:55:00Z,4801.26500,4801.55500,4798.51500,4798.93500
XAUUSD,M5,2026-04-17T12:00:00Z,4799.00500,4805.51500,4797.41800,4803.97500
XAUUSD,M5,2026-04-17T12:05:00Z,4803.98500,4805.36500,4802.08500,4803.93500
XAUUSD,M5,2026-04-17T12:10:00Z,4803.86500,4804.49500,4800.69500,4803.69500
XAUUSD,M5,2026-04-17T12:15:00Z,4803.64500,4805.87500,4802.92500,4805.63500
XAUUSD,M5,2026-04-17T12:20:00Z,4805.66500,4812.08500,4804.38500,4811.98500
XAUUSD,M5,2026-04-17T12:25:00Z,4812.02500,4819.23800,4811.39500,4816.68800
XAUUSD,M5,2026-04-17T12:30:00Z,4817.21600,4821.75800,4814.92800,4817.49500
XAUUSD,M5,2026-04-17T12:35:00Z,4817.45800,4823.40500,4817.19500,4822.45500
XAUUSD,M5,2026-04-17T12:40:00Z,4822.43500,4824.94500,4821.33500,4823.23500
XAUUSD,M5,2026-04-17T12:45:00Z,4823.31500,4842.23500,4821.54500,4836.17500
XAUUSD,M5,2026-04-17T12:50:00Z,4836.22500,4845.01500,4833.01500,4842.97500
XAUUSD,M5,2026-04-17T12:55:00Z,4843.08800,4847.61500,4839.35800,4846.19500
XAUUSD,M5,2026-04-17T13:00:00Z,4846.21500,4847.29500,4834.82500,4844.10500
XAUUSD,M5,2026-04-17T13:05:00Z,4844.12500,4863.33500,4839.91500,4862.54500
XAUUSD,M5,2026-04-17T13:10:00Z,4862.41500,4889.33500,4861.67500,4882.81500
XAUUSD,M5,2026-04-17T13:15:00Z,4882.79500,4883.50500,4862.26500,4863.84500
XAUUSD,M5,2026-04-17T13:20:00Z,4863.89500,4864.04500,4851.06500,4861.34500
XAUUSD,M5,2026-04-17T13:25:00Z,4861.17800,4863.72500,4850.02800,4851.19500
XAUUSD,M5,2026-04-17T13:30:00Z,4851.06500,4856.88500,4848.17800,4855.37500
XAUUSD,M5,2026-04-17T13:35:00Z,4855.39500,4869.09500,4855.05500,4867.45500
XAUUSD,M5,2026-04-17T13:40:00Z,4867.43500,4873.32500,4862.85500,4864.19500
XAUUSD,M5,2026-04-17T13:45:00Z,4864.21500,4867.57800,4851.82500,4865.02500
XAUUSD,M5,2026-04-17T13:50:00Z,4864.93500,4878.55500,4862.37500,4877.17500
XAUUSD,M5,2026-04-17T13:55:00Z,4877.24500,4881.76500,4874.82500,4880.17500
XAUUSD,M5,2026-04-17T14:00:00Z,4880.61300,4885.14500,4874.62800,4875.37800
XAUUSD,M5,2026-04-17T14:05:00Z,4875.40800,4877.25800,4868.44500,4871.71800
XAUUSD,M5,2026-04-17T14:10:00Z,4871.71800,4872.15800,4860.52500,4866.89500
XAUUSD,M5,2026-04-17T14:15:00Z,4866.95500,4874.07500,4866.84500,4870.39500
XAUUSD,M5,2026-04-17T14:20:00Z,4870.36500,4879.27500,4865.09500,4878.18500
XAUUSD,M5,2026-04-17T14:25:00Z,4878.23500,4880.19500,4871.03500,4871.19500
XAUUSD,M5,2026-04-17T14:30:00Z,4871.74500,4877.81500,4868.92500,4877.31500
XAUUSD,M5,2026-04-17T14:35:00Z,4877.28500,4880.05500,4871.00500,4875.16500
XAUUSD,M5,2026-04-17T14:40:00Z,4875.46500,4882.67800,4874.39800,4877.00800
XAUUSD,M5,2026-04-17T14:45:00Z,4877.10800,4880.87800,4873.31500,4879.79800
XAUUSD,M5,2026-04-17T14:50:00Z,4879.79800,4879.79800,4869.28500,4876.26500
XAUUSD,M5,2026-04-17T14:55:00Z,4876.33500,4877.50500,4872.28800,4872.70500
XAUUSD,M5,2026-04-17T15:00:00Z,4872.88500,4873.33500,4862.18500,4867.83500
XAUUSD,M5,2026-04-17T15:05:00Z,4868.14500,4880.27500,4867.70500,4872.46500
XAUUSD,M5,2026-04-17T15:10:00Z,4872.39500,4873.13500,4865.66500,4867.44500
XAUUSD,M5,2026-04-17T15:15:00Z,4867.59500,4874.43500,4863.45500,4864.89500
XAUUSD,M5,2026-04-17T15:20:00Z,4864.89500,4873.08500,4862.96500,4869.98500
XAUUSD,M5,2026-04-17T15:25:00Z,4869.96500,4870.97500,4865.09500,4865.74500
XAUUSD,M5,2026-04-17T15:30:00Z,4865.99500,4873.69800,4864.54500,4873.58500
XAUUSD,M5,2026-04-17T15:35:00Z,4873.49500,4873.49500,4868.00500,4869.42500
XAUUSD,M5,2026-04-17T15:40:00Z,4869.52500,4870.21500,4854.59500,4858.40800
XAUUSD,M5,2026-04-17T15:45:00Z,4858.53800,4864.24500,4857.71800,4863.40500
XAUUSD,M5,2026-04-17T15:50:00Z,4863.24500,4869.86500,4863.24500,4868.80500
XAUUSD,M5,2026-04-17T15:55:00Z,4868.79500,4871.65500,4866.43500,4867.14500
XAUUSD,M5,2026-04-17T16:00:00Z,4867.07800,4870.51500,4863.37500,4866.59500
XAUUSD,M5,2026-04-17T16:05:00Z,4866.65500,4873.06500,4865.23500,4871.02500
XAUUSD,M5,2026-04-17T16:10:00Z,4871.21500,4872.97500,4870.04500,4871.15500
XAUUSD,M5,2026-04-17T16:15:00Z,4871.12500,4873.09800,4869.72500,4870.38800
XAUUSD,M5,2026-04-17T16:20:00Z,4870.41800,4872.69800,4869.49800,4870.14500
XAUUSD,M5,2026-04-17T16:25:00Z,4870.18500,4871.07500,4867.23500,4867.42500
XAUUSD,M5,2026-04-17T16:30:00Z,4867.44500,4871.48500,4867.44500,4870.97500
XAUUSD,M5,2026-04-17T16:35:00Z,4871.05500,4872.69500,4869.89500,4871.21500
XAUUSD,M5,2026-04-17T16:40:00Z,4871.18500,4872.30500,4867.24500,4868.08500
XAUUSD,M5,2026-04-17T16:45:00Z,4868.11500,4868.70500,4865.05800,4865.91500
XAUUSD,M5,2026-04-17T16:50:00Z,4865.93500,4867.32500,4864.51800,4865.91800
XAUUSD,M5,2026-04-17T16:55:00Z,4865.91800,4867.23500,4864.94500,4866.64500
XAUUSD,M5,2026-04-17T17:00:00Z,4866.68500,4869.31500,4864.79500,4866.47500
XAUUSD,M5,2026-04-17T17:05:00Z,4866.44500,4868.25500,4857.70500,4861.24500
XAUUSD,M5,2026-04-17T17:10:00Z,4861.27500,4864.04500,4857.56500,4862.63500
XAUUSD,M5,2026-04-17T17:15:00Z,4862.68500,4864.83500,4862.19500,4862.94500
XAUUSD,M5,2026-04-17T17:20:00Z,4862.98500,4863.48500,4853.51500,4853.75500
XAUUSD,M5,2026-04-17T17:25:00Z,4853.91500,4859.05500,4853.72500,4858.27500
XAUUSD,M5,2026-04-17T17:30:00Z,4858.22500,4862.68500,4856.92500,4861.46500
XAUUSD,M5,2026-04-17T17:35:00Z,4861.42500,4861.87800,4855.23500,4857.04500
XAUUSD,M5,2026-04-17T17:40:00Z,4857.28500,4858.31500,4853.87500,4854.66500
XAUUSD,M5,2026-04-17T17:45:00Z,4854.55800,4860.77800,4854.41500,4860.01500
XAUUSD,M5,2026-04-17T17:50:00Z,4860.01500,4862.45800,4859.55800,4861.35800
XAUUSD,M5,2026-04-17T17:55:00Z,4861.24500,4863.07800,4860.73800,4862.24800
XAUUSD,M5,2026-04-17T18:00:00Z,4862.32500,4864.21800,4861.44800,4861.84500
XAUUSD,M5,2026-04-17T18:05:00Z,4861.82500,4866.10500,4861.46500,4862.96500
XAUUSD,M5,2026-04-17T18:10:00Z,4863.09800,4863.49800,4859.94500,4860.64500
XAUUSD,M5,2026-04-17T18:15:00Z,4860.70500,4863.96500,4860.47500,4861.39500
XAUUSD,M5,2026-04-17T18:20:00Z,4861.30500,4865.69800,4858.43500,4864.59800
XAUUSD,M5,2026-04-17T18:25:00Z,4864.62500,4867.79800,4860.31500,4860.31500
XAUUSD,M5,2026-04-17T18:30:00Z,4860.45500,4866.33500,4859.97500,4865.54500
XAUUSD,M5,2026-04-17T18:35:00Z,4865.72500,4865.80500,4861.71500,4862.69800
XAUUSD,M5,2026-04-17T18:40:00Z,4862.69800,4863.13800,4860.01800,4861.86800
XAUUSD,M5,2026-04-17T18:45:00Z,4861.75800,4862.59800,4859.53800,4860.11800
XAUUSD,M5,2026-04-17T18:50:00Z,4860.14800,4860.89800,4855.37800,4856.44500
XAUUSD,M5,2026-04-17T18:55:00Z,4856.47800,4859.41800,4855.81800,4857.85800
XAUUSD,M5,2026-04-17T19:00:00Z,4857.85800,4858.51800,4855.38500,4857.87800
XAUUSD,M5,2026-04-17T19:05:00Z,4857.87800,4857.91800,4854.23800,4854.60500
XAUUSD,M5,2026-04-17T19:10:00Z,4854.63500,4857.04500,4853.47500,4856.33500
XAUUSD,M5,2026-04-17T19:15:00Z,4856.26500,4857.84500,4855.29500,4855.56500
XAUUSD,M5,2026-04-17T19:20:00Z,4855.79800,4857.50500,4853.87800,4855.02500
XAUUSD,M5,2026-04-17T19:25:00Z,4854.97500,4856.63500,4854.29500,4856.59500
XAUUSD,M5,2026-04-17T19:30:00Z,4856.55500,4858.31500,4855.55500,4857.37800
XAUUSD,M5,2026-04-17T19:35:00Z,4857.41800,4860.52500,4855.77500,4859.61500
XAUUSD,M5,2026-04-17T19:40:00Z,4859.57500,4860.98500,4857.85800,4859.97500
XAUUSD,M5,2026-04-17T19:45:00Z,4859.97500,4859.97500,4857.31500,4858.35500
XAUUSD,M5,2026-04-17T19:50:00Z,4858.29800,4859.06500,4854.29500,4854.65500
XAUUSD,M5,2026-04-17T19:55:00Z,4854.71500,4855.03500,4852.48500,4854.09800
XAUUSD,M5,2026-04-17T20:00:00Z,4854.13500,4854.95500,4849.71500,4849.90500
XAUUSD,M5,2026-04-17T20:05:00Z,4849.90500,4850.78500,4845.80500,4847.10500
XAUUSD,M5,2026-04-17T20:10:00Z,4847.12500,4847.59500,4844.44500,4845.76500
XAUUSD,M5,2026-04-17T20:15:00Z,4845.69500,4851.83500,4844.81500,4851.34500
XAUUSD,M5,2026-04-17T20:20:00Z,4851.31500,4851.35500,4848.16500,4848.21500
XAUUSD,M5,2026-04-17T20:25:00Z,4848.24500,4848.30500,4844.25800,4845.51800
XAUUSD,M5,2026-04-17T20:30:00Z,4845.51800,4846.53800,4844.23800,4846.01800
XAUUSD,M5,2026-04-17T20:35:00Z,4846.01800,4846.01800,4839.99800,4841.34800
XAUUSD,M5,2026-04-17T20:40:00Z,4841.32800,4841.67800,4833.41800,4835.29800
XAUUSD,M5,2026-04-17T20:45:00Z,4835.23800,4837.05800,4832.42800,4833.03800
XAUUSD,M5,2026-04-17T20:50:00Z,4832.93800,4835.27800,4830.95800,4834.00500
XAUUSD,M5,2026-04-17T20:55:00Z,4834.01500,4834.20500,4825.92500,4829.11500
XAUUSD,M5,2026-04-19T22:00:00Z,4767.40500,4789.56500,4758.08500,4773.63500
XAUUSD,M5,2026-04-19T22:05:00Z,4773.77500,4792.54800,4769.43500,4792.54800
XAUUSD,M5,2026-04-19T22:10:00Z,4792.54800,4794.22500,4780.19100,4789.80500
XAUUSD,M5,2026-04-19T22:15:00Z,4789.86500,4794.63500,4785.01500,4791.14500
XAUUSD,M5,2026-04-19T22:20:00Z,4791.29500,4793.18800,4783.56800,4783.98800
XAUUSD,M5,2026-04-19T22:25:00Z,4783.96500,4788.62500,4783.53800,4784.56500
XAUUSD,M5,2026-04-19T22:30:00Z,4784.64800,4790.36500,4784.28500,4785.07800
XAUUSD,M5,2026-04-19T22:35:00Z,4785.00800,4786.68800,4782.48800,4783.90500
XAUUSD,M5,2026-04-19T22:40:00Z,4783.88500,4784.27800,4778.78800,4780.06500
XAUUSD,M5,2026-04-19T22:45:00Z,4780.00500,4785.37800,4779.88500,4784.91500
XAUUSD,M5,2026-04-19T22:50:00Z,4784.90800,4786.41800,4781.69800,4781.69800
XAUUSD,M5,2026-04-19T22:55:00Z,4781.69800,4782.69800,4777.49800,4778.69800
XAUUSD,M5,2026-04-19T23:00:00Z,4778.69800,4778.84800,4772.24800,4775.59800
XAUUSD,M5,2026-04-19T23:05:00Z,4775.61800,4776.68800,4771.30800,4775.24800
XAUUSD,M5,2026-04-19T23:10:00Z,4775.86800,4778.79500,4771.90500,4772.21500
XAUUSD,M5,2026-04-19T23:15:00Z,4772.17500,4775.73500,4770.48500,4772.64500
XAUUSD,M5,2026-04-19T23:20:00Z,4772.58500,4772.70500,4768.40500,4770.36500
XAUUSD,M5,2026-04-19T23:25:00Z,4770.38500,4771.87500,4767.92500,4768.94500
XAUUSD,M5,2026-04-19T23:30:00Z,4769.11500,4773.20500,4767.86500,4771.12500
XAUUSD,M5,2026-04-19T23:35:00Z,4771.03500,4771.51500,4759.24500,4763.80500
XAUUSD,M5,2026-04-19T23:40:00Z,4763.60500,4764.05500,4740.76800,4751.61500
XAUUSD,M5,2026-04-19T23:45:00Z,4751.94500,4751.96500,4736.63500,4743.53500
XAUUSD,M5,2026-04-19T23:50:00Z,4743.50500,4752.33800,4743.38500,4752.13500
XAUUSD,M5,2026-04-19T23:55:00Z,4752.08500,4755.11500,4749.63500,4754.94500
XAUUSD,M5,2026-04-20T00:00:00Z,4754.99500,4754.99500,4744.29500,4749.44500
XAUUSD,M5,2026-04-20T00:05:00Z,4749.59500,4754.03500,4746.51500,4752.06500
XAUUSD,M5,2026-04-20T00:10:00Z,4752.07500,4754.93500,4749.10500,4751.98500
XAUUSD,M5,2026-04-20T00:15:00Z,4752.00500,4758.93500,4751.45500,4758.00500
XAUUSD,M5,2026-04-20T00:20:00Z,4757.96500,4762.66500,4756.45500,4762.43500
XAUUSD,M5,2026-04-20T00:25:00Z,4762.39500,4765.63500,4761.75500,4765.25500
XAUUSD,M5,2026-04-20T00:30:00Z,4765.21500,4767.82500,4761.66500,4765.82500
XAUUSD,M5,2026-04-20T00:35:00Z,4765.79500,4766.18500,4760.97500,4764.91500
XAUUSD,M5,2026-04-20T00:40:00Z,4764.72500,4765.63500,4763.41500,4763.97500
XAUUSD,M5,2026-04-20T00:45:00Z,4764.02500,4767.95500,4762.49500,4764.22500
XAUUSD,M5,2026-04-20T00:50:00Z,4764.32500,4764.99500,4759.20500,4763.41500
XAUUSD,M5,2026-04-20T00:55:00Z,4763.43500,4774.18500,4761.32500,4772.10500
XAUUSD,M5,2026-04-20T01:00:00Z,4772.16500,4788.46500,4771.34500,4787.50500
XAUUSD,M5,2026-04-20T01:05:00Z,4787.47500,4789.23500,4781.13500,4788.10500
XAUUSD,M5,2026-04-20T01:10:00Z,4788.18500,4794.24500,4786.28500,4793.60500
XAUUSD,M5,2026-04-20T01:15:00Z,4793.67500,4794.68500,4788.39500,4792.39500
XAUUSD,M5,2026-04-20T01:20:00Z,4792.40500,4798.15500,4791.54500,4796.99500
XAUUSD,M5,2026-04-20T01:25:00Z,4797.49500,4803.62500,4795.69500,4802.68500
XAUUSD,M5,2026-04-20T01:30:00Z,4802.78500,4812.08500,4801.18500,4807.49500
XAUUSD,M5,2026-04-20T01:35:00Z,4807.58500,4809.72800,4802.84500,4807.85500
XAUUSD,M5,2026-04-20T01:40:00Z,4807.82500,4810.09500,4805.58500,4806.19800
XAUUSD,M5,2026-04-20T01:45:00Z,4806.19800,4813.74500,4805.71500,4810.09800
XAUUSD,M5,2026-04-20T01:50:00Z,4810.09800,4814.03500,4807.98800,4812.67500
XAUUSD,M5,2026-04-20T01:55:00Z,4812.75500,4813.37500,4807.10500,4807.52500
XAUUSD,M5,2026-04-20T02:00:00Z,4807.41500,4808.82500,4803.80500,4804.17500
XAUUSD,M5,2026-04-20T02:05:00Z,4803.93500,4805.62500,4802.65500,4802.85500
XAUUSD,M5,2026-04-20T02:10:00Z,4802.81500,4804.47500,4800.50500,4800.73500
XAUUSD,M5,2026-04-20T02:15:00Z,4800.70500,4802.17500,4799.49500,4800.65500
XAUUSD,M5,2026-04-20T02:20:00Z,4800.63500,4803.64500,4797.68500,4803.05500
XAUUSD,M5,2026-04-20T02:25:00Z,4803.08500,4803.21500,4798.63500,4800.08500
XAUUSD,M5,2026-04-20T02:30:00Z,4800.10500,4801.76500,4798.12500,4801.10500
XAUUSD,M5,2026-04-20T02:35:00Z,4801.45500,4801.73500,4795.53500,4796.49500
XAUUSD,M5,2026-04-20T02:40:00Z,4796.54500,4797.73500,4794.56500,4795.93500
XAUUSD,M5,2026-04-20T02:45:00Z,4795.96500,4797.22500,4792.91500,4795.12500
XAUUSD,M5,2026-04-20T02:50:00Z,4795.06500,4797.27500,4793.17500,4795.47500
XAUUSD,M5,2026-04-20T02:55:00Z,4795.43500,4797.12500,4792.90800,4796.90500
XAUUSD,M5,2026-04-20T03:00:00Z,4796.93500,4798.28500,4793.97500,4794.93500
XAUUSD,M5,2026-04-20T03:05:00Z,4794.90500,4797.48500,4793.42500,4793.42500
XAUUSD,M5,2026-04-20T03:10:00Z,4793.33500,4793.33500,4790.09800,4791.18500
XAUUSD,M5,2026-04-20T03:15:00Z,4791.19800,4792.53500,4788.44500,4791.55500
XAUUSD,M5,2026-04-20T03:20:00Z,4791.59800,4794.97500,4791.59800,4794.70500
XAUUSD,M5,2026-04-20T03:25:00Z,4794.64800,4795.74500,4792.91500,4794.89500
XAUUSD,M5,2026-04-20T03:30:00Z,4794.79500,4796.58500,4789.57500,4791.87500
XAUUSD,M5,2026-04-20T03:35:00Z,4791.83500,4794.14500,4790.38800,4793.76500
XAUUSD,M5,2026-04-20T03:40:00Z,4793.80500,4794.80500,4791.76500,4793.09500
XAUUSD,M5,2026-04-20T03:45:00Z,4793.06500,4793.28500,4791.12500,4791.85500
XAUUSD,M5,2026-04-20T03:50:00Z,4791.86500,4794.48500,4790.63500,4791.24500
XAUUSD,M5,2026-04-20T03:55:00Z,4791.28500,4791.82500,4788.70800,4790.64500
XAUUSD,M5,2026-04-20T04:00:00Z,4790.97500,4793.54500,4790.50800,4793.18500
XAUUSD,M5,2026-04-20T04:05:00Z,4793.15500,4795.45500,4792.19500,4794.20500
XAUUSD,M5,2026-04-20T04:10:00Z,4794.18500,4794.91500,4792.00500,4792.57500
XAUUSD,M5,2026-04-20T04:15:00Z,4792.16500,4794.60500,4791.55500,4793.10500
XAUUSD,M5,2026-04-20T04:20:00Z,4793.10500,4793.97500,4791.52500,4793.78500
XAUUSD,M5,2026-04-20T04:25:00Z,4793.81500,4795.57500,4792.74500,4794.45500
XAUUSD,M5,2026-04-20T04:30:00Z,4794.41500,4794.53500,4787.89800,4788.88500
XAUUSD,M5,2026-04-20T04:35:00Z,4788.85500,4790.77500,4788.03500,4790.47500
XAUUSD,M5,2026-04-20T04:40:00Z,4790.52500,4791.24500,4786.85800,4787.09500
XAUUSD,M5,2026-04-20T04:45:00Z,4787.17500,4793.05500,4787.17500,4792.71500
XAUUSD,M5,2026-04-20T04:50:00Z,4792.50500,4792.92500,4788.42500,4788.60500
XAUUSD,M5,2026-04-20T04:55:00Z,4788.63500,4789.72500,4787.17800,4788.71500
XAUUSD,M5,2026-04-20T05:00:00Z,4788.78500,4792.90500,4787.28500,4789.64500
XAUUSD,M5,2026-04-20T05:05:00Z,4789.66500,4790.95500,4786.11500,4786.91500
XAUUSD,M5,2026-04-20T05:10:00Z,4786.84500,4788.43500,4784.19500,4786.14500
XAUUSD,M5,2026-04-20T05:15:00Z,4786.22500,4789.32500,4786.19500,4787.57500
XAUUSD,M5,2026-04-20T05:20:00Z,4787.55500,4788.66500,4786.13500,4787.26500
XAUUSD,M5,2026-04-20T05:25:00Z,4787.23500,4788.80500,4784.77800,4787.71500
XAUUSD,M5,2026-04-20T05:30:00Z,4787.72500,4795.84500,4787.41800,4794.36500
XAUUSD,M5,2026-04-20T05:35:00Z,4794.34500,4795.65500,4791.70500,4792.28500
XAUUSD,M5,2026-04-20T05:40:00Z,4792.31500,4793.87500,4779.28500,4780.56500
XAUUSD,M5,2026-04-20T05:45:00Z,4780.54500,4785.70500,4780.54500,4785.51500
XAUUSD,M5,2026-04-20T05:50:00Z,4785.61500,4791.26500,4782.49500,4790.43500
XAUUSD,M5,2026-04-20T05:55:00Z,4790.40500,4792.93500,4789.29500,4790.70500
XAUUSD,M5,2026-04-20T06:00:00Z,4790.66500,4793.89500,4785.40500,4790.36500
XAUUSD,M5,2026-04-20T06:05:00Z,4790.38500,4791.92500,4788.30500,4791.50500
XAUUSD,M5,2026-04-20T06:10:00Z,4791.50500,4793.74500,4789.37500,4790.44500
XAUUSD,M5,2026-04-20T06:15:00Z,4790.43500,4790.48500,4786.74800,4787.14500
XAUUSD,M5,2026-04-20T06:20:00Z,4787.23500,4788.26500,4783.57800,4787.07500
XAUUSD,M5,2026-04-20T06:25:00Z,4787.10500,4787.83500,4783.81500,4785.83500
XAUUSD,M5,2026-04-20T06:30:00Z,4785.87500,4791.85500,4785.27500,4786.86500
XAUUSD,M5,2026-04-20T06:35:00Z,4786.82500,4790.35500,4785.93500,4790.17500
XAUUSD,M5,2026-04-20T06:40:00Z,4790.22500,4790.82500,4786.92500,4789.93500
XAUUSD,M5,2026-04-20T06:45:00Z,4789.91500,4789.98500,4785.80500,4787.24500
XAUUSD,M5,2026-04-20T06:50:00Z,4787.19500,4788.79500,4785.26500,4786.87500
XAUUSD,M5,2026-04-20T06:55:00Z,4786.90500,4795.30500,4786.32500,4795.25500
XAUUSD,M5,2026-04-20T07:00:00Z,4795.63500,4801.32500,4794.59500,4797.39500
XAUUSD,M5,2026-04-20T07:05:00Z,4797.38500,4798.51500,4793.95500,4795.68500
XAUUSD,M5,2026-04-20T07:10:00Z,4795.55500,4797.58500,4793.69500,4797.35500
XAUUSD,M5,2026-04-20T07:15:00Z,4797.28500,4803.87500,4794.06500,4802.68500
XAUUSD,M5,2026-04-20T07:20:00Z,4802.68500,4805.60500,4801.08500,4801.64500
XAUUSD,M5,2026-04-20T07:25:00Z,4801.61500,4801.81500,4796.48500,4797.66500
XAUUSD,M5,2026-04-20T07:30:00Z,4797.64500,4798.48500,4790.33500,4794.26500
XAUUSD,M5,2026-04-20T07:35:00Z,4794.23500,4796.49800,4789.95500,4796.19500
XAUUSD,M5,2026-04-20T07:40:00Z,4796.21500,4798.63500,4794.74500,4797.39500
XAUUSD,M5,2026-04-20T07:45:00Z,4797.32500,4797.45500,4792.16500,4792.38500
XAUUSD,M5,2026-04-20T07:50:00Z,4792.23500,4793.81500,4787.96500,4788.05500
XAUUSD,M5,2026-04-20T07:55:00Z,4788.01500,4791.04500,4786.60500,4789.46500
XAUUSD,M5,2026-04-20T08:00:00Z,4789.44500,4790.71500,4785.83500,4788.54500
XAUUSD,M5,2026-04-20T08:05:00Z,4788.57500,4791.13500,4786.68500,4788.04500
XAUUSD,M5,2026-04-20T08:10:00Z,4788.05500,4791.54500,4787.48500,4788.86500
XAUUSD,M5,2026-04-20T08:15:00Z,4788.86500,4789.21500,4786.28500,4788.51500
XAUUSD,M5,2026-04-20T08:20:00Z,4788.55500,4791.40800,4787.05500,4788.66500
XAUUSD,M5,2026-04-20T08:25:00Z,4788.54500,4792.36500,4788.34500,4791.78500
XAUUSD,M5,2026-04-20T08:30:00Z,4791.78500,4792.24500,4788.63500,4789.96500
XAUUSD,M5,2026-04-20T08:35:00Z,4789.99500,4790.51500,4788.39500,4789.38500
XAUUSD,M5,2026-04-20T08:40:00Z,4789.35500,4792.40500,4788.76500,4792.25500
XAUUSD,M5,2026-04-20T08:45:00Z,4792.27500,4795.02500,4792.04500,4794.34500
XAUUSD,M5,2026-04-20T08:50:00Z,4794.36500,4796.01500,4793.08500,4793.64500
XAUUSD,M5,2026-04-20T08:55:00Z,4793.60500,4796.12500,4792.35500,4796.08500
XAUUSD,M5,2026-04-20T09:00:00Z,4796.02500,4797.56500,4793.33500,4795.49500
XAUUSD,M5,2026-04-20T09:05:00Z,4795.29500,4797.76500,4793.24500,4794.82500
XAUUSD,M5,2026-04-20T09:10:00Z,4794.84500,4797.17500,4793.86500,4795.52500
XAUUSD,M5,2026-04-20T09:15:00Z,4795.66500,4795.66500,4791.77500,4794.11500
XAUUSD,M5,2026-04-20T09:20:00Z,4794.13500,4795.57500,4793.10500,4793.37500
XAUUSD,M5,2026-04-20T09:25:00Z,4793.35500,4793.63500,4791.50500,4791.99500
XAUUSD,M5,2026-04-20T09:30:00Z,4792.40500,4794.08500,4783.23500,4785.97500
XAUUSD,M5,2026-04-20T09:35:00Z,4785.99500,4789.38500,4784.61500,4788.07500
XAUUSD,M5,2026-04-20T09:40:00Z,4788.48500,4792.24500,4787.62500,4791.86500
XAUUSD,M5,2026-04-20T09:45:00Z,4791.81500,4795.96500,4791.12500,4795.03500
XAUUSD,M5,2026-04-20T09:50:00Z,4795.05500,4796.87500,4791.30500,4791.71500
XAUUSD,M5,2026-04-20T09:55:00Z,4791.66500,4793.76500,4788.99500,4791.33500
XAUUSD,M5,2026-04-20T10:00:00Z,4791.31500,4793.52500,4789.48500,4791.06500
XAUUSD,M5,2026-04-20T10:05:00Z,4791.08500,4799.14500,4790.61800,4797.58500
XAUUSD,M5,2026-04-20T10:10:00Z,4797.65500,4799.40500,4794.83500,4795.54500
XAUUSD,M5,2026-04-20T10:15:00Z,4795.52500,4800.21500,4795.02500,4799.98500
XAUUSD,M5,2026-04-20T10:20:00Z,4799.80500,4800.76500,4797.65500,4797.86500
XAUUSD,M5,2026-04-20T10:25:00Z,4797.88500,4798.93500,4796.65500,4797.95500
XAUUSD,M5,2026-04-20T10:30:00Z,4798.00500,4799.91500,4796.69500,4796.89500
XAUUSD,M5,2026-04-20T10:35:00Z,4797.03500,4797.48500,4795.78500,4796.36500
XAUUSD,M5,2026-04-20T10:40:00Z,4796.13500,4796.99500,4794.81500,4794.86500
XAUUSD,M5,2026-04-20T10:45:00Z,4794.91500,4796.67500,4794.59500,4796.17500
XAUUSD,M5,2026-04-20T10:50:00Z,4796.15500,4796.40500,4794.30500,4795.86500
XAUUSD,M5,2026-04-20T10:55:00Z,4795.63500,4796.95500,4795.03500,4795.68500
XAUUSD,M5,2026-04-20T11:00:00Z,4795.57500,4795.98500,4790.09500,4790.61500
XAUUSD,M5,2026-04-20T11:05:00Z,4790.55500,4793.71500,4790.25500,4792.35500
XAUUSD,M5,2026-04-20T11:10:00Z,4792.20500,4792.83500,4786.67500,4789.55500
XAUUSD,M5,2026-04-20T11:15:00Z,4789.39500,4790.75500,4786.51500,4787.71500
XAUUSD,M5,2026-04-20T11:20:00Z,4787.69500,4789.22500,4786.31500,4789.03500
XAUUSD,M5,2026-04-20T11:25:00Z,4789.13500,4790.22500,4787.44500,4788.15500
XAUUSD,M5,2026-04-20T11:30:00Z,4788.13500,4791.71500,4787.45500,4790.03500
XAUUSD,M5,2026-04-20T11:35:00Z,4790.05500,4791.72500,4788.82500,4790.91500
XAUUSD,M5,2026-04-20T11:40:00Z,4790.94800,4794.65500,4789.85500,4794.65500
XAUUSD,M5,2026-04-20T11:45:00Z,4794.65500,4802.10500,4794.51500,4801.67500
XAUUSD,M5,2026-04-20T11:50:00Z,4801.62500,4808.79500,4801.34500,4806.30500
XAUUSD,M5,2026-04-20T11:55:00Z,4806.20500,4810.77500,4806.18500,4810.39500
XAUUSD,M5,2026-04-20T12:00:00Z,4810.32500,4811.64500,4805.89500,4809.15500
XAUUSD,M5,2026-04-20T12:05:00Z,4809.24500,4812.10800,4802.60500,4807.41500
XAUUSD,M5,2026-04-20T12:10:00Z,4807.43500,4812.96500,4807.41500,4810.86500
XAUUSD,M5,2026-04-20T12:15:00Z,4810.91500,4815.62500,4807.67500,4814.54500
XAUUSD,M5,2026-04-20T12:20:00Z,4814.66500,4821.84800,4813.52500,4813.58500
XAUUSD,M5,2026-04-20T12:25:00Z,4813.64500,4813.91500,4803.62500,4805.37500
XAUUSD,M5,2026-04-20T12:30:00Z,4805.34500,4809.36500,4804.11500,4805.99500
XAUUSD,M5,2026-04-20T12:35:00Z,4805.94500,4806.17500,4798.79500,4803.60500
XAUUSD,M5,2026-04-20T12:40:00Z,4803.57500,4807.47500,4802.89500,4805.91500
XAUUSD,M5,2026-04-20T12:45:00Z,4805.96500,4808.30500,4803.81500,4806.11500
XAUUSD,M5,2026-04-20T12:50:00Z,4806.04500,4807.33500,4801.41500,4803.27500
XAUUSD,M5,2026-04-20T12:55:00Z,4803.29500,4804.09500,4800.82500,4803.29500
XAUUSD,M5,2026-04-20T13:00:00Z,4803.24500,4804.76500,4799.36500,4803.30500
XAUUSD,M5,2026-04-20T13:05:00Z,4803.38500,4814.63500,4802.53500,4810.96500
XAUUSD,M5,2026-04-20T13:10:00Z,4810.84500,4816.84500,4809.73500,4815.31500
XAUUSD,M5,2026-04-20T13:15:00Z,4815.34500,4817.14500,4811.77500,4815.56500
XAUUSD,M5,2026-04-20T13:20:00Z,4815.61500,4819.73500,4814.86500,4816.19500
XAUUSD,M5,2026-04-20T13:25:00Z,4816.21500,4825.80500,4814.71500,4824.14800
XAUUSD,M5,2026-04-20T13:30:00Z,4824.14800,4826.18800,4815.88500,4821.60500
XAUUSD,M5,2026-04-20T13:35:00Z,4821.46500,4825.14500,4815.51500,4817.72500
XAUUSD,M5,2026-04-20T13:40:00Z,4817.74500,4823.81500,4816.28500,4822.25500
XAUUSD,M5,2026-04-20T13:45:00Z,4822.23500,4824.29500,4818.49800,4819.98800
XAUUSD,M5,2026-04-20T13:50:00Z,4819.98800,4821.76500,4817.30500,4820.98500
XAUUSD,M5,2026-04-20T13:55:00Z,4821.03500,4822.83500,4816.56800,4817.54500
XAUUSD,M5,2026-04-20T14:00:00Z,4817.85500,4817.98500,4810.76500,4817.62500
XAUUSD,M5,2026-04-20T14:05:00Z,4817.64500,4817.78500,4811.32500,4812.37800
XAUUSD,M5,2026-04-20T14:10:00Z,4812.35500,4816.74800,4806.65500,4815.84800
XAUUSD,M5,2026-04-20T14:15:00Z,4815.84500,4818.21500,4814.15500,4816.28500
XAUUSD,M5,2026-04-20T14:20:00Z,4816.41800,4825.58500,4815.59500,4825.41500
XAUUSD,M5,2026-04-20T14:25:00Z,4825.32800,4826.46500,4821.46500,4823.02500
XAUUSD,M5,2026-04-20T14:30:00Z,4823.05500,4827.34800,4816.77500,4817.91500
XAUUSD,M5,2026-04-20T14:35:00Z,4817.94500,4818.44500,4812.87500,4813.87500
XAUUSD,M5,2026-04-20T14:40:00Z,4813.98500,4814.81500,4810.15500,4813.79500
XAUUSD,M5,2026-04-20T14:45:00Z,4813.76500,4814.51500,4809.95800,4813.03500
XAUUSD,M5,2026-04-20T14:50:00Z,4813.06500,4813.97500,4792.04500,4808.86500
XAUUSD,M5,2026-04-20T14:55:00Z,4808.77500,4809.09500,4799.19500,4804.89500
XAUUSD,M5,2026-04-20T15:00:00Z,4804.85800,4807.10500,4796.20500,4797.83500
XAUUSD,M5,2026-04-20T15:05:00Z,4797.74500,4800.78500,4795.11500,4797.23500
XAUUSD,M5,2026-04-20T15:10:00Z,4797.17500,4802.30500,4792.42500,4797.96500
XAUUSD,M5,2026-04-20T15:15:00Z,4798.00500,4800.00500,4793.81500,4797.87500
XAUUSD,M5,2026-04-20T15:20:00Z,4797.82500,4804.62500,4796.01500,4803.63500
XAUUSD,M5,2026-04-20T15:25:00Z,4803.59500,4809.31500,4802.61500,4807.84500
XAUUSD,M5,2026-04-20T15:30:00Z,4808.05500,4809.07500,4803.33500,4804.01500
XAUUSD,M5,2026-04-20T15:35:00Z,4803.92500,4804.37500,4800.33800,4801.74500
XAUUSD,M5,2026-04-20T15:40:00Z,4801.70500,4804.37800,4799.18500,4799.94500
XAUUSD,M5,2026-04-20T15:45:00Z,4799.92500,4801.46500,4797.45500,4799.69500
XAUUSD,M5,2026-04-20T15:50:00Z,4799.66500,4799.91500,4795.17500,4795.20500
XAUUSD,M5,2026-04-20T15:55:00Z,4795.03800,4800.84500,4795.01500,4799.49500
XAUUSD,M5,2026-04-20T16:00:00Z,4799.51500,4801.21800,4794.05500,4794.53500
XAUUSD,M5,2026-04-20T16:05:00Z,4794.59500,4797.93500,4793.97500,4797.53500
XAUUSD,M5,2026-04-20T16:10:00Z,4797.49500,4799.37500,4797.41500,4798.17800
XAUUSD,M5,2026-04-20T16:15:00Z,4798.19500,4799.70500,4792.72500,4796.58500
XAUUSD,M5,2026-04-20T16:20:00Z,4796.63500,4799.34500,4796.37500,4797.55800
XAUUSD,M5,2026-04-20T16:25:00Z,4797.55500,4801.76500,4797.16500,4800.97500
XAUUSD,M5,2026-04-20T16:30:00Z,4801.02500,4804.12500,4799.84500,4800.09500
XAUUSD,M5,2026-04-20T16:35:00Z,4800.04500,4800.58500,4798.65500,4799.76500
XAUUSD,M5,2026-04-20T16:40:00Z,4799.77500,4804.29800,4798.72500,4801.77500
XAUUSD,M5,2026-04-20T16:45:00Z,4801.66500,4804.51500,4801.45500,4803.55500
XAUUSD,M5,2026-04-20T16:50:00Z,4803.57500,4806.06500,4803.09500,4804.73800
XAUUSD,M5,2026-04-20T16:55:00Z,4804.67800,4805.50500,4803.29500,4805.22500
XAUUSD,M5,2026-04-20T17:00:00Z,4805.44500,4808.37800,4803.55800,4807.20800
XAUUSD,M5,2026-04-20T17:05:00Z,4807.18800,4809.49800,4806.48500,4809.10500
XAUUSD,M5,2026-04-20T17:10:00Z,4809.13500,4810.21500,4808.17500,4808.48500
XAUUSD,M5,2026-04-20T17:15:00Z,4808.49500,4810.01500,4807.32500,4808.86500
XAUUSD,M5,2026-04-20T17:20:00Z,4808.88500,4811.20500,4806.90500,4807.52500
XAUUSD,M5,2026-04-20T17:25:00Z,4807.74500,4810.06500,4806.01500,4809.86500
XAUUSD,M5,2026-04-20T17:30:00Z,4809.95500,4811.76500,4804.80800,4804.97500
XAUUSD,M5,2026-04-20T17:35:00Z,4804.99500,4810.64500,4804.86500,4809.58500
XAUUSD,M5,2026-04-20T17:40:00Z,4809.70500,4811.93500,4807.93500,4809.28500
XAUUSD,M5,2026-04-20T17:45:00Z,4809.25500,4809.35500,4807.58500,4808.82500
XAUUSD,M5,2026-04-20T17:50:00Z,4808.84500,4809.55500,4807.33500,4809.14500
XAUUSD,M5,2026-04-20T17:55:00Z,4809.05500,4809.34500,4805.39800,4806.51500
XAUUSD,M5,2026-04-20T18:00:00Z,4806.53500,4811.64500,4806.53500,4811.11500
XAUUSD,M5,2026-04-20T18:05:00Z,4811.23500,4814.88500,4810.54500,4813.78500
XAUUSD,M5,2026-04-20T18:10:00Z,4813.65500,4815.75500,4810.24500,4815.22500
XAUUSD,M5,2026-04-20T18:15:00Z,4815.23500,4815.36500,4812.46800,4813.19500
XAUUSD,M5,2026-04-20T18:20:00Z,4813.23500,4814.92800,4812.09800,4813.15500
XAUUSD,M5,2026-04-20T18:25:00Z,4813.05500,4814.29800,4811.52500,4813.06800
XAUUSD,M5,2026-04-20T18:30:00Z,4813.06800,4815.21500,4811.61500,4814.50800
XAUUSD,M5,2026-04-20T18:35:00Z,4814.52800,4814.99800,4810.49800,4811.79800
XAUUSD,M5,2026-04-20T18:40:00Z,4811.78800,4815.09800,4811.78800,4814.09800
XAUUSD,M5,2026-04-20T18:45:00Z,4813.97500,4815.79800,4813.69800,4814.59800
XAUUSD,M5,2026-04-20T18:50:00Z,4814.59800,4816.19800,4814.38800,4814.74800
XAUUSD,M5,2026-04-20T18:55:00Z,4814.74800,4815.94800,4812.77800,4813.79800
XAUUSD,M5,2026-04-20T19:00:00Z,4813.58800,4818.44800,4813.47800,4817.23800
XAUUSD,M5,2026-04-20T19:05:00Z,4817.23800,4819.76500,4817.03800,4819.59800
XAUUSD,M5,2026-04-20T19:10:00Z,4819.69800,4821.05800,4818.34800,4820.09800
XAUUSD,M5,2026-04-20T19:15:00Z,4820.09800,4820.16800,4817.64800,4818.24800
XAUUSD,M5,2026-04-20T19:20:00Z,4818.34800,4818.89800,4816.55500,4818.17800
XAUUSD,M5,2026-04-20T19:25:00Z,4818.17800,4818.29800,4815.73800,4816.69800
XAUUSD,M5,2026-04-20T19:30:00Z,4816.69800,4816.95500,4813.49800,4814.29800
XAUUSD,M5,2026-04-20T19:35:00Z,4814.21800,4814.42500,4810.05500,4810.62500
XAUUSD,M5,2026-04-20T19:40:00Z,4810.54500,4812.52500,4810.08500,4811.17800
XAUUSD,M5,2026-04-20T19:45:00Z,4811.18500,4812.87500,4811.14500,4812.22500
XAUUSD,M5,2026-04-20T19:50:00Z,4812.24500,4813.05500,4810.99500,4810.99500
XAUUSD,M5,2026-04-20T19:55:00Z,4811.02500,4814.16500,4810.77500,4814.13500
XAUUSD,M5,2026-04-20T20:00:00Z,4813.97800,4816.62800,4813.69500,4814.92500
XAUUSD,M5,2026-04-20T20:05:00Z,4814.87500,4815.67500,4813.94500,4814.15500
XAUUSD,M5,2026-04-20T20:10:00Z,4814.02500,4814.37500,4812.47500,4813.36500
XAUUSD,M5,2026-04-20T20:15:00Z,4813.39500,4814.26500,4811.97500,4812.93500
XAUUSD,M5,2026-04-20T20:20:00Z,4812.96500,4815.34500,4812.58500,4815.31500
XAUUSD,M5,2026-04-20T20:25:00Z,4815.24500,4816.72500,4814.82500,4815.73500
XAUUSD,M5,2026-04-20T20:30:00Z,4815.67500,4816.62800,4812.88800,4813.78500
XAUUSD,M5,2026-04-20T20:35:00Z,4813.62800,4815.74500,4812.65500,4815.26800
XAUUSD,M5,2026-04-20T20:40:00Z,4814.95500,4817.01800,4814.57500,4816.26500
XAUUSD,M5,2026-04-20T20:45:00Z,4816.31500,4817.53500,4816.02800,4817.00500
XAUUSD,M5,2026-04-20T20:50:00Z,4817.03500,4820.73500,4817.03500,4819.70500
XAUUSD,M5,2026-04-20T20:55:00Z,4819.74500,4821.70500,4819.59500,4820.26500
XAUUSD,M5,2026-04-20T22:00:00Z,4821.09800,4830.76500,4819.39500,4825.08800
XAUUSD,M5,2026-04-20T22:05:00Z,4824.66500,4831.07500,4823.31500,4829.53500
XAUUSD,M5,2026-04-20T22:10:00Z,4829.48500,4832.27500,4827.56500,4828.79500
XAUUSD,M5,2026-04-20T22:15:00Z,4828.76500,4832.78500,4828.70500,4831.36500
XAUUSD,M5,2026-04-20T22:20:00Z,4831.29500,4832.84500,4829.97500,4830.95500
XAUUSD,M5,2026-04-20T22:25:00Z,4830.92500,4832.25500,4828.27500,4828.56500
XAUUSD,M5,2026-04-20T22:30:00Z,4828.50500,4828.76500,4824.89500,4827.50500
XAUUSD,M5,2026-04-20T22:35:00Z,4827.54500,4830.48500,4827.54500,4828.69500
XAUUSD,M5,2026-04-20T22:40:00Z,4828.77500,4830.78500,4828.61500,4830.46500
XAUUSD,M5,2026-04-20T22:45:00Z,4830.31500,4831.54500,4829.17500,4829.51500
XAUUSD,M5,2026-04-20T22:50:00Z,4829.58500,4829.77500,4826.74500,4827.25500
XAUUSD,M5,2026-04-20T22:55:00Z,4827.34500,4827.67500,4825.07500,4827.31800
XAUUSD,M5,2026-04-20T23:00:00Z,4827.07800,4831.33800,4825.17800,4825.97800
XAUUSD,M5,2026-04-20T23:05:00Z,4826.17800,4826.77800,4823.63800,4824.27800
XAUUSD,M5,2026-04-20T23:10:00Z,4824.27800,4826.52500,4824.17800,4825.67500
XAUUSD,M5,2026-04-20T23:15:00Z,4825.64500,4825.69500,4823.63500,4824.40500
XAUUSD,M5,2026-04-20T23:20:00Z,4824.48500,4825.99500,4824.32500,4825.68500
XAUUSD,M5,2026-04-20T23:25:00Z,4825.72500,4826.72500,4824.99500,4825.55500
XAUUSD,M5,2026-04-20T23:30:00Z,4825.51500,4825.51500,4822.79500,4823.66500
XAUUSD,M5,2026-04-20T23:35:00Z,4823.64500,4824.82500,4822.63500,4824.55500
XAUUSD,M5,2026-04-20T23:40:00Z,4824.52500,4824.61500,4822.95500,4823.84500
XAUUSD,M5,2026-04-20T23:45:00Z,4823.99500,4824.53500,4820.02500,4820.85500
XAUUSD,M5,2026-04-20T23:50:00Z,4820.88500,4821.66500,4819.87500,4820.50500
XAUUSD,M5,2026-04-20T23:55:00Z,4820.43500,4821.63500,4819.52500,4821.48500
XAUUSD,M5,2026-04-21T00:00:00Z,4821.79500,4825.56500,4820.04500,4824.31500
XAUUSD,M5,2026-04-21T00:05:00Z,4824.20500,4828.27500,4823.95500,4828.23500
XAUUSD,M5,2026-04-21T00:10:00Z,4828.34500,4830.56500,4827.53500,4828.41500
XAUUSD,M5,2026-04-21T00:15:00Z,4828.03500,4829.08500,4825.91500,4827.70500
XAUUSD,M5,2026-04-21T00:20:00Z,4827.73500,4828.59500,4825.11500,4825.36500
XAUUSD,M5,2026-04-21T00:25:00Z,4825.36500,4825.43500,4819.27500,4819.50500
XAUUSD,M5,2026-04-21T00:30:00Z,4819.91500,4820.55500,4816.81500,4817.74500
XAUUSD,M5,2026-04-21T00:35:00Z,4817.71500,4820.12500,4816.57500,4819.46500
XAUUSD,M5,2026-04-21T00:40:00Z,4819.48500,4824.66500,4819.20500,4822.44500
XAUUSD,M5,2026-04-21T00:45:00Z,4822.52500,4825.82500,4821.32500,4824.95500
XAUUSD,M5,2026-04-21T00:50:00Z,4824.92500,4825.32500,4822.29500,4823.81500
XAUUSD,M5,2026-04-21T00:55:00Z,4823.83500,4826.00500,4823.24500,4823.82500
XAUUSD,M5,2026-04-21T01:00:00Z,4823.84500,4824.48500,4816.39500,4818.20500
XAUUSD,M5,2026-04-21T01:05:00Z,4818.00500,4820.04500,4816.58500,4818.21500
XAUUSD,M5,2026-04-21T01:10:00Z,4818.25500,4818.69500,4812.82500,4814.54500
XAUUSD,M5,2026-04-21T01:15:00Z,4814.57500,4817.71500,4814.17500,4817.41500
XAUUSD,M5,2026-04-21T01:20:00Z,4817.44500,4817.85500,4814.78500,4816.79500
XAUUSD,M5,2026-04-21T01:25:00Z,4816.84500,4818.48500,4814.31500,4818.22500
XAUUSD,M5,2026-04-21T01:30:00Z,4818.07500,4818.63500,4815.62500,4817.68500
XAUUSD,M5,2026-04-21T01:35:00Z,4817.71500,4818.65500,4812.59500,4813.06500
XAUUSD,M5,2026-04-21T01:40:00Z,4812.95500,4813.45500,4808.94500,4813.19500
XAUUSD,M5,2026-04-21T01:45:00Z,4813.21500,4813.81500,4810.08500,4812.07500
XAUUSD,M5,2026-04-21T01:50:00Z,4812.32500,4812.68800,4808.48500,4809.25500
XAUUSD,M5,2026-04-21T01:55:00Z,4809.30500,4810.23800,4805.36500,4809.79800
XAUUSD,M5,2026-04-21T02:00:00Z,4809.80500,4810.06500,4806.36500,4806.76500
XAUUSD,M5,2026-04-21T02:05:00Z,4806.74500,4810.11500,4806.38500,4808.04500
XAUUSD,M5,2026-04-21T02:10:00Z,4808.09500,4809.41500,4805.71500,4806.89500
XAUUSD,M5,2026-04-21T02:15:00Z,4806.94500,4808.44500,4806.06500,4806.89500
XAUUSD,M5,2026-04-21T02:20:00Z,4806.85500,4807.08500,4803.36500,4805.75500
XAUUSD,M5,2026-04-21T02:25:00Z,4805.72500,4808.42500,4805.19500,4807.32500
XAUUSD,M5,2026-04-21T02:30:00Z,4807.27500,4807.48500,4802.22500,4803.34500
XAUUSD,M5,2026-04-21T02:35:00Z,4803.37500,4806.14500,4802.52500,4805.96500
XAUUSD,M5,2026-04-21T02:40:00Z,4805.95500,4806.95500,4804.89800,4806.25500
XAUUSD,M5,2026-04-21T02:45:00Z,4806.22500,4807.12500,4802.11500,4803.64500
XAUUSD,M5,2026-04-21T02:50:00Z,4803.57500,4807.04500,4803.27500,4806.40500
XAUUSD,M5,2026-04-21T02:55:00Z,4806.35500,4807.80500,4805.94500,4806.59500
XAUUSD,M5,2026-04-21T03:00:00Z,4806.64500,4807.55500,4804.83500,4807.21500
XAUUSD,M5,2026-04-21T03:05:00Z,4807.19500,4807.49500,4801.85500,4803.17500
XAUUSD,M5,2026-04-21T03:10:00Z,4803.15500,4803.88500,4800.01500,4800.24500
XAUUSD,M5,2026-04-21T03:15:00Z,4800.29500,4802.02500,4796.33800,4797.30500
XAUUSD,M5,2026-04-21T03:20:00Z,4797.34500,4799.25500,4794.08500,4794.08500
XAUUSD,M5,2026-04-21T03:25:00Z,4794.10500,4798.83500,4793.33500,4798.38500
XAUUSD,M5,2026-04-21T03:30:00Z,4798.32500,4799.64500,4797.48500,4798.31500
XAUUSD,M5,2026-04-21T03:35:00Z,4798.43500,4798.87500,4793.70500,4794.50500
XAUUSD,M5,2026-04-21T03:40:00Z,4794.48500,4794.79500,4792.34500,4794.79500
XAUUSD,M5,2026-04-21T03:45:00Z,4794.76500,4795.35500,4793.44500,4795.02500
XAUUSD,M5,2026-04-21T03:50:00Z,4795.05800,4796.86500,4794.37500,4795.06500
XAUUSD,M5,2026-04-21T03:55:00Z,4795.16500,4797.58500,4794.65500,4796.94500
XAUUSD,M5,2026-04-21T04:00:00Z,4797.15500,4797.64500,4796.35500,4797.31500
XAUUSD,M5,2026-04-21T04:05:00Z,4797.28500,4797.67500,4793.66500,4794.06500
XAUUSD,M5,2026-04-21T04:10:00Z,4794.11500,4795.35500,4793.31800,4793.77800
XAUUSD,M5,2026-04-21T04:15:00Z,4793.75800,4796.36500,4791.87800,4792.78500
XAUUSD,M5,2026-04-21T04:20:00Z,4792.87500,4794.94500,4790.92800,4791.97500
XAUUSD,M5,2026-04-21T04:25:00Z,4792.21500,4794.98500,4791.36800,4791.87500
XAUUSD,M5,2026-04-21T04:30:00Z,4791.83500,4792.68500,4789.39500,4791.83500
XAUUSD,M5,2026-04-21T04:35:00Z,4791.94500,4793.16500,4791.75500,4792.80500
XAUUSD,M5,2026-04-21T04:40:00Z,4792.85500,4794.10500,4790.87800,4791.38500
XAUUSD,M5,2026-04-21T04:45:00Z,4791.40500,4793.26500,4789.37800,4789.43500
XAUUSD,M5,2026-04-21T04:50:00Z,4789.47500,4790.72500,4788.82500,4789.58500
XAUUSD,M5,2026-04-21T04:55:00Z,4789.60500,4791.44500,4788.46500,4788.76500
XAUUSD,M5,2026-04-21T05:00:00Z,4789.05500,4790.83500,4785.67500,4790.83500
XAUUSD,M5,2026-04-21T05:05:00Z,4790.79500,4792.83500,4789.45500,4789.69500
XAUUSD,M5,2026-04-21T05:10:00Z,4789.76500,4790.21500,4787.37500,4789.37500
XAUUSD,M5,2026-04-21T05:15:00Z,4789.40500,4791.13500,4788.55500,4788.69500
XAUUSD,M5,2026-04-21T05:20:00Z,4788.72500,4789.87500,4786.32500,4789.21500
XAUUSD,M5,2026-04-21T05:25:00Z,4789.26500,4790.62500,4785.54500,4787.38500
XAUUSD,M5,2026-04-21T05:30:00Z,4787.36500,4792.67500,4786.56500,4791.77500
XAUUSD,M5,2026-04-21T05:35:00Z,4791.73500,4796.53500,4790.76500,4795.65500
XAUUSD,M5,2026-04-21T05:40:00Z,4795.60500,4796.72500,4794.68500,4796.11500
XAUUSD,M5,2026-04-21T05:45:00Z,4796.15500,4796.41500,4790.22500,4790.34500
XAUUSD,M5,2026-04-21T05:50:00Z,4790.29500,4790.58500,4782.78500,4787.52500
XAUUSD,M5,2026-04-21T05:55:00Z,4787.54500,4788.22500,4783.51500,4783.92500
XAUUSD,M5,2026-04-21T06:00:00Z,4783.94500,4785.32500,4775.36500,4782.51500
XAUUSD,M5,2026-04-21T06:05:00Z,4782.55500,4787.42500,4779.53500,4787.31500
XAUUSD,M5,2026-04-21T06:10:00Z,4787.29500,4790.53500,4783.95500,4784.84500
XAUUSD,M5,2026-04-21T06:15:00Z,4784.83500,4785.81500,4779.14500,4780.38500
XAUUSD,M5,2026-04-21T06:20:00Z,4780.33500,4783.29500,4776.88500,4781.31500
XAUUSD,M5,2026-04-21T06:25:00Z,4781.20500,4781.20500,4775.57500,4778.55500
XAUUSD,M5,2026-04-21T06:30:00Z,4778.61500,4782.24500,4776.89500,4778.30500
XAUUSD,M5,2026-04-21T06:35:00Z,4778.32500,4779.89500,4775.81500,4778.13500
XAUUSD,M5,2026-04-21T06:40:00Z,4778.13500,4780.84500,4776.41800,4780.17500
XAUUSD,M5,2026-04-21T06:45:00Z,4780.12500,4783.24500,4776.51500,4777.58500
XAUUSD,M5,2026-04-21T06:50:00Z,4777.55500,4778.29500,4774.29800,4776.17500
XAUUSD,M5,2026-04-21T06:55:00Z,4776.14500,4779.65500,4775.79800,4778.53500
XAUUSD,M5,2026-04-21T07:00:00Z,4778.06500,4779.42500,4772.39500,4774.44500
XAUUSD,M5,2026-04-21T07:05:00Z,4774.44500,4781.08500,4774.17800,4780.93800
XAUUSD,M5,2026-04-21T07:10:00Z,4780.93800,4785.43800,4780.27800,4782.35800
XAUUSD,M5,2026-04-21T07:15:00Z,4782.83800,4787.24800,4782.59800,4784.06500
XAUUSD,M5,2026-04-21T07:20:00Z,4784.04500,4784.09800,4780.08500,4783.32500
XAUUSD,M5,2026-04-21T07:25:00Z,4783.39800,4785.23500,4782.14500,4783.16500
XAUUSD,M5,2026-04-21T07:30:00Z,4783.16500,4784.54500,4780.89800,4781.29800
XAUUSD,M5,2026-04-21T07:35:00Z,4781.22800,4783.99800,4781.21500,4781.40500
XAUUSD,M5,2026-04-21T07:40:00Z,4781.41800,4786.97500,4780.45800,4786.29500
XAUUSD,M5,2026-04-21T07:45:00Z,4786.23500,4790.55500,4785.90500,4790.25500
XAUUSD,M5,2026-04-21T07:50:00Z,4790.25500,4792.40500,4787.61800,4788.42500
XAUUSD,M5,2026-04-21T07:55:00Z,4788.25500,4789.71500,4784.00500,4785.54800
XAUUSD,M5,2026-04-21T08:00:00Z,4785.49500,4787.31500,4784.03500,4785.18500
XAUUSD,M5,2026-04-21T08:05:00Z,4785.30500,4785.70500,4777.62800,4779.88500
XAUUSD,M5,2026-04-21T08:10:00Z,4779.88500,4781.13500,4774.31800,4775.59800
XAUUSD,M5,2026-04-21T08:15:00Z,4775.56500,4783.57500,4774.85800,4782.99500
XAUUSD,M5,2026-04-21T08:20:00Z,4783.02500,4789.04500,4782.67500,4786.52500
XAUUSD,M5,2026-04-21T08:25:00Z,4787.08500,4788.19500,4784.45500,4787.05500
XAUUSD,M5,2026-04-21T08:30:00Z,4786.96500,4789.07500,4784.59500,4787.88500
XAUUSD,M5,2026-04-21T08:35:00Z,4787.84500,4788.49500,4785.70500,4788.23500
XAUUSD,M5,2026-04-21T08:40:00Z,4788.21500,4792.71500,4786.89500,4791.51500
XAUUSD,M5,2026-04-21T08:45:00Z,4791.53500,4792.73500,4789.47500,4789.48500
XAUUSD,M5,2026-04-21T08:50:00Z,4789.54500,4789.69500,4786.02500,4788.29500
XAUUSD,M5,2026-04-21T08:55:00Z,4788.36500,4788.39500,4785.89500,4785.89500
XAUUSD,M5,2026-04-21T09:00:00Z,4786.25000,4786.31500,4781.23500,4785.23500
XAUUSD,M5,2026-04-21T09:05:00Z,4785.23500,4786.74500,4783.82500,4785.92500
XAUUSD,M5,2026-04-21T09:10:00Z,4785.91500,4786.76500,4783.97500,4784.08500
XAUUSD,M5,2026-04-21T09:15:00Z,4784.06500,4787.25500,4783.32500,4786.79500
XAUUSD,M5,2026-04-21T09:20:00Z,4786.88500,4787.77500,4784.47500,4785.27500
XAUUSD,M5,2026-04-21T09:25:00Z,4785.37500,4786.23500,4780.89500,4781.97800
XAUUSD,M5,2026-04-21T09:30:00Z,4781.94800,4784.79500,4781.66500,4784.67500
XAUUSD,M5,2026-04-21T09:35:00Z,4784.65500,4785.69500,4781.96500,4783.25500
XAUUSD,M5,2026-04-21T09:40:00Z,4782.95500,4787.36500,4782.78500,4787.10500
XAUUSD,M5,2026-04-21T09:45:00Z,4787.17500,4787.75500,4783.07500,4784.90500
XAUUSD,M5,2026-04-21T09:50:00Z,4784.92500,4788.10500,4784.38500,4787.28500
XAUUSD,M5,2026-04-21T09:55:00Z,4787.88300,4789.34500,4783.25500,4783.41500
XAUUSD,M5,2026-04-21T10:00:00Z,4783.43500,4785.50500,4782.28500,4783.09500
XAUUSD,M5,2026-04-21T10:05:00Z,4783.14500,4785.67500,4783.03500,4785.22500
XAUUSD,M5,2026-04-21T10:10:00Z,4785.19500,4785.41500,4782.12500,4782.68500
XAUUSD,M5,2026-04-21T10:15:00Z,4782.86500,4783.67500,4780.54500,4782.73500
XAUUSD,M5,2026-04-21T10:20:00Z,4782.70500,4784.71500,4782.00500,4782.39500
XAUUSD,M5,2026-04-21T10:25:00Z,4782.33500,4784.26500,4781.80500,4782.71500
XAUUSD,M5,2026-04-21T10:30:00Z,4782.87500,4785.77500,4782.36500,4784.45500
XAUUSD,M5,2026-04-21T10:35:00Z,4784.23500,4787.73500,4784.19500,4786.92500
XAUUSD,M5,2026-04-21T10:40:00Z,4786.98500,4787.12500,4785.22500,4786.11500
XAUUSD,M5,2026-04-21T10:45:00Z,4786.09500,4787.68500,4785.95500,4786.66500
XAUUSD,M5,2026-04-21T10:50:00Z,4786.71500,4790.11500,4786.69500,4789.95500
XAUUSD,M5,2026-04-21T10:55:00Z,4789.79500,4790.29500,4788.72500,4789.68500
XAUUSD,M5,2026-04-21T11:00:00Z,4789.65500,4790.05500,4786.74500,4787.09500
XAUUSD,M5,2026-04-21T11:05:00Z,4787.15500,4788.78500,4775.19500,4780.13500
XAUUSD,M5,2026-04-21T11:10:00Z,4780.16500,4782.62500,4779.00500,4781.60500
XAUUSD,M5,2026-04-21T11:15:00Z,4781.54500,4782.83500,4780.68500,4781.53500
XAUUSD,M5,2026-04-21T11:20:00Z,4781.70500,4784.24500,4781.28500,4781.42500
XAUUSD,M5,2026-04-21T11:25:00Z,4781.45500,4783.80500,4779.00500,4783.29500
XAUUSD,M5,2026-04-21T11:30:00Z,4783.26500,4790.29500,4782.99500,4787.38500
XAUUSD,M5,2026-04-21T11:35:00Z,4787.35500,4790.53500,4787.33500,4789.68500
XAUUSD,M5,2026-04-21T11:40:00Z,4789.73500,4794.85500,4789.02500,4793.00500
XAUUSD,M5,2026-04-21T11:45:00Z,4793.09500,4797.93500,4791.54500,4795.56500
XAUUSD,M5,2026-04-21T11:50:00Z,4795.68500,4796.81500,4792.49500,4793.75500
XAUUSD,M5,2026-04-21T11:55:00Z,4793.71500,4796.18500,4793.20500,4794.41500
XAUUSD,M5,2026-04-21T12:00:00Z,4794.59500,4796.89500,4793.23500,4793.23500
XAUUSD,M5,2026-04-21T12:05:00Z,4792.98500,4795.82500,4791.22500,4795.58500
XAUUSD,M5,2026-04-21T12:10:00Z,4795.52500,4795.69500,4790.65800,4790.83500
XAUUSD,M5,2026-04-21T12:15:00Z,4790.77500,4791.42500,4783.26500,4783.43500
XAUUSD,M5,2026-04-21T12:20:00Z,4783.44500,4785.01500,4778.95500,4782.36500
XAUUSD,M5,2026-04-21T12:25:00Z,4782.42500,4784.28500,4779.89500,4779.92500
XAUUSD,M5,2026-04-21T12:30:00Z,4779.94500,4787.49500,4764.47500,4786.96500
XAUUSD,M5,2026-04-21T12:35:00Z,4786.93500,4790.30500,4779.94500,4780.43500
XAUUSD,M5,2026-04-21T12:40:00Z,4780.40500,4782.69500,4775.85500,4778.67500
XAUUSD,M5,2026-04-21T12:45:00Z,4778.61500,4782.80500,4777.28500,4777.68500
XAUUSD,M5,2026-04-21T12:50:00Z,4777.61500,4781.32500,4776.68500,4779.88500
XAUUSD,M5,2026-04-21T12:55:00Z,4779.84500,4782.23500,4775.97500,4778.53500
XAUUSD,M5,2026-04-21T13:00:00Z,4778.95500,4783.71500,4777.94500,4779.14500
XAUUSD,M5,2026-04-21T13:05:00Z,4779.06500,4779.50500,4767.34500,4767.79500
XAUUSD,M5,2026-04-21T13:10:00Z,4767.81500,4770.84500,4764.52500,4764.95500
XAUUSD,M5,2026-04-21T13:15:00Z,4765.08500,4771.97500,4759.58500,4768.17500
XAUUSD,M5,2026-04-21T13:20:00Z,4768.14500,4772.07500,4767.15500,4769.74500
XAUUSD,M5,2026-04-21T13:25:00Z,4769.96500,4775.17500,4769.06500,4774.68500
XAUUSD,M5,2026-04-21T13:30:00Z,4774.45500,4781.05500,4773.74500,4775.61500
XAUUSD,M5,2026-04-21T13:35:00Z,4775.66500,4785.49500,4769.92500,4783.99500
XAUUSD,M5,2026-04-21T13:40:00Z,4784.02800,4792.46500,4783.96500,4788.91500
XAUUSD,M5,2026-04-21T13:45:00Z,4788.87500,4794.16500,4785.64500,4788.66500
XAUUSD,M5,2026-04-21T13:50:00Z,4788.51500,4793.35500,4786.60500,4788.91500
XAUUSD,M5,2026-04-21T13:55:00Z,4788.87500,4789.11500,4777.07500,4778.82500
XAUUSD,M5,2026-04-21T14:00:00Z,4778.79500,4781.14500,4773.13500,4780.17500
XAUUSD,M5,2026-04-21T14:05:00Z,4780.14500,4782.48500,4778.91500,4780.62500
XAUUSD,M5,2026-04-21T14:10:00Z,4780.42500,4780.48500,4775.95500,4778.32500
XAUUSD,M5,2026-04-21T14:15:00Z,4778.25500,4780.40500,4776.64500,4777.59500
XAUUSD,M5,2026-04-21T14:20:00Z,4777.53500,4778.08500,4771.85500,4772.47500
XAUUSD,M5,2026-04-21T14:25:00Z,4772.42500,4774.92500,4769.51500,4773.92500
XAUUSD,M5,2026-04-21T14:30:00Z,4773.84500,4774.92500,4761.82500,4767.77500
XAUUSD,M5,2026-04-21T14:35:00Z,4768.03500,4769.34500,4760.27500,4761.43500
XAUUSD,M5,2026-04-21T14:40:00Z,4761.30500,4763.12500,4743.58500,4744.71500
XAUUSD,M5,2026-04-21T14:45:00Z,4744.62500,4745.51500,4723.36000,4727.59500
XAUUSD,M5,2026-04-21T14:50:00Z,4727.62500,4739.07500,4723.48500,4738.58500
XAUUSD,M5,2026-04-21T14:55:00Z,4738.61500,4741.74500,4733.47500,4738.91500
XAUUSD,M5,2026-04-21T15:00:00Z,4739.09500,4740.69800,4730.65500,4734.12500
XAUUSD,M5,2026-04-21T15:05:00Z,4734.18500,4740.41500,4727.59500,4740.41500
XAUUSD,M5,2026-04-21T15:10:00Z,4740.36500,4750.62500,4739.93500,4747.78500
XAUUSD,M5,2026-04-21T15:15:00Z,4747.81500,4756.45500,4744.94500,4755.08500
XAUUSD,M5,2026-04-21T15:20:00Z,4755.28500,4757.38500,4748.14500,4750.18500
XAUUSD,M5,2026-04-21T15:25:00Z,4749.85500,4750.08500,4741.66500,4742.24500
XAUUSD,M5,2026-04-21T15:30:00Z,4742.26500,4745.55500,4741.15500,4743.86500
XAUUSD,M5,2026-04-21T15:35:00Z,4743.83500,4744.58500,4736.61500,4742.60500
XAUUSD,M5,2026-04-21T15:40:00Z,4742.88500,4747.54500,4738.73500,4745.54500
XAUUSD,M5,2026-04-21T15:45:00Z,4745.58500,4749.88500,4743.79500,4745.99500
XAUUSD,M5,2026-04-21T15:50:00Z,4745.97500,4746.20500,4739.45500,4740.87500
XAUUSD,M5,2026-04-21T15:55:00Z,4740.85500,4741.54500,4738.55500,4741.42500
XAUUSD,M5,2026-04-21T16:00:00Z,4741.38500,4746.86000,4739.91500,4740.04500
XAUUSD,M5,2026-04-21T16:05:00Z,4740.00500,4741.17500,4734.47500,4735.02500
XAUUSD,M5,2026-04-21T16:10:00Z,4734.98500,4735.02500,4726.63500,4730.10500
XAUUSD,M5,2026-04-21T16:15:00Z,4729.93500,4733.94500,4728.27500,4732.12500
XAUUSD,M5,2026-04-21T16:20:00Z,4732.06500,4732.31500,4727.63500,4730.42500
XAUUSD,M5,2026-04-21T16:25:00Z,4730.31500,4730.35500,4719.74500,4720.54500
XAUUSD,M5,2026-04-21T16:30:00Z,4720.58500,4725.76500,4719.34800,4724.09500
XAUUSD,M5,2026-04-21T16:35:00Z,4723.97500,4727.41500,4719.77800,4723.58500
XAUUSD,M5,2026-04-21T16:40:00Z,4723.55500,4725.52500,4720.40500,4720.71800
XAUUSD,M5,2026-04-21T16:45:00Z,4720.71800,4722.56500,4718.29500,4721.33500
XAUUSD,M5,2026-04-21T16:50:00Z,4721.17500,4721.35500,4708.06500,4709.22500
XAUUSD,M5,2026-04-21T16:55:00Z,4709.25500,4712.66500,4708.61500,4710.86500
XAUUSD,M5,2026-04-21T17:00:00Z,4710.93500,4718.95500,4710.14500,4712.35500
XAUUSD,M5,2026-04-21T17:05:00Z,4712.31500,4712.41500,4707.24800,4710.23500
XAUUSD,M5,2026-04-21T17:10:00Z,4710.32500,4711.32500,4700.86500,4706.20500
XAUUSD,M5,2026-04-21T17:15:00Z,4706.12500,4708.47500,4699.43800,4700.57500
XAUUSD,M5,2026-04-21T17:20:00Z,4700.62500,4705.57500,4699.64800,4703.28500
XAUUSD,M5,2026-04-21T17:25:00Z,4703.27500,4705.44500,4697.41500,4699.62500
XAUUSD,M5,2026-04-21T17:30:00Z,4699.81500,4706.02500,4696.64500,4705.27500
XAUUSD,M5,2026-04-21T17:35:00Z,4704.89500,4710.85500,4703.88500,4708.86500
XAUUSD,M5,2026-04-21T17:40:00Z,4708.76500,4722.05500,4706.69800,4717.49500
XAUUSD,M5,2026-04-21T17:45:00Z,4717.53500,4718.29800,4711.03500,4711.62800
XAUUSD,M5,2026-04-21T17:50:00Z,4711.62800,4712.23800,4706.71500,4706.92500
XAUUSD,M5,2026-04-21T17:55:00Z,4706.92500,4711.19500,4705.74500,4710.87500
XAUUSD,M5,2026-04-21T18:00:00Z,4710.78500,4714.45500,4709.87500,4710.40500
XAUUSD,M5,2026-04-21T18:05:00Z,4710.42500,4713.19500,4707.87500,4707.98500
XAUUSD,M5,2026-04-21T18:10:00Z,4707.96500,4708.09800,4703.47500,4704.25500
XAUUSD,M5,2026-04-21T18:15:00Z,4704.22500,4704.66500,4694.23500,4695.86500
XAUUSD,M5,2026-04-21T18:20:00Z,4695.90500,4697.57500,4692.95500,4695.00500
XAUUSD,M5,2026-04-21T18:25:00Z,4694.86500,4696.24500,4692.08800,4696.24500
XAUUSD,M5,2026-04-21T18:30:00Z,4696.26500,4702.89500,4696.26500,4702.04500
XAUUSD,M5,2026-04-21T18:35:00Z,4702.06500,4703.35500,4699.89800,4701.12500
XAUUSD,M5,2026-04-21T18:40:00Z,4701.15500,4703.50500,4699.24800,4702.90500
XAUUSD,M5,2026-04-21T18:45:00Z,4702.90500,4703.98500,4701.00500,4701.80500
XAUUSD,M5,2026-04-21T18:50:00Z,4701.77500,4710.41500,4698.80500,4709.12500
XAUUSD,M5,2026-04-21T18:55:00Z,4709.15500,4713.80500,4704.20500,4709.16500
XAUUSD,M5,2026-04-21T19:00:00Z,4709.60500,4712.11500,4707.07500,4709.17500
XAUUSD,M5,2026-04-21T19:05:00Z,4709.24500,4710.95500,4707.63500,4709.44500
XAUUSD,M5,2026-04-21T19:10:00Z,4709.44500,4712.75500,4704.07800,4707.08500
XAUUSD,M5,2026-04-21T19:15:00Z,4707.08500,4710.14500,4704.84500,4706.29500
XAUUSD,M5,2026-04-21T19:20:00Z,4706.27500,4714.00500,4705.24500,4714.00500
XAUUSD,M5,2026-04-21T19:25:00Z,4714.08500,4714.82500,4709.93500,4713.71500
XAUUSD,M5,2026-04-21T19:30:00Z,4713.78500,4714.56500,4709.92500,4710.28500
XAUUSD,M5,2026-04-21T19:35:00Z,4710.28500,4710.28500,4698.71500,4700.71500
XAUUSD,M5,2026-04-21T19:40:00Z,4700.89800,4701.05500,4668.27500,4671.44500
XAUUSD,M5,2026-04-21T19:45:00Z,4671.79500,4684.55500,4670.72500,4682.02500
XAUUSD,M5,2026-04-21T19:50:00Z,4681.76500,4685.52500,4676.46500,4679.89800
XAUUSD,M5,2026-04-21T19:55:00Z,4680.00500,4684.19500,4676.40500,4678.87500
XAUUSD,M5,2026-04-21T20:00:00Z,4678.87500,4679.37500,4674.20500,4676.54500
XAUUSD,M5,2026-04-21T20:05:00Z,4676.61500,4682.81500,4668.68500,4679.43800
XAUUSD,M5,2026-04-21T20:10:00Z,4681.22500,4702.04500,4678.96500,4696.75500
XAUUSD,M5,2026-04-21T20:15:00Z,4697.37500,4709.89500,4694.52500,4702.93500
XAUUSD,M5,2026-04-21T20:20:00Z,4702.88500,4711.03500,4702.05500,4709.61500
XAUUSD,M5,2026-04-21T20:25:00Z,4709.52500,4710.39500,4704.89500,4705.39500
XAUUSD,M5,2026-04-21T20:30:00Z,4705.42500,4710.06500,4705.02800,4709.95500
XAUUSD,M5,2026-04-21T20:35:00Z,4709.98500,4713.52500,4709.55800,4712.28500
XAUUSD,M5,2026-04-21T20:40:00Z,4712.30500,4712.65500,4710.10500,4711.17500
XAUUSD,M5,2026-04-21T20:45:00Z,4711.13800,4713.91500,4709.21800,4713.06500
XAUUSD,M5,2026-04-21T20:50:00Z,4713.14500,4718.50500,4711.36500,4716.87500
XAUUSD,M5,2026-04-21T20:55:00Z,4716.89500,4720.58500,4716.36500,4720.04500
XAUUSD,M5,2026-04-21T22:00:00Z,4720.14500,4729.03500,4715.05500,4725.34500
XAUUSD,M5,2026-04-21T22:05:00Z,4725.49500,4725.84500,4717.74300,4720.41500
XAUUSD,M5,2026-04-21T22:10:00Z,4720.38500,4723.24500,4718.36500,4721.56500
XAUUSD,M5,2026-04-21T22:15:00Z,4721.53500,4721.63500,4719.00500,4720.33500
XAUUSD,M5,2026-04-21T22:20:00Z,4720.30500,4720.43500,4716.16500,4717.85500
XAUUSD,M5,2026-04-21T22:25:00Z,4718.04800,4719.92500,4716.64500,4718.77500
XAUUSD,M5,2026-04-21T22:30:00Z,4718.74500,4719.05500,4716.31500,4717.29500
XAUUSD,M5,2026-04-21T22:35:00Z,4717.31500,4719.37500,4717.10500,4718.28500
XAUUSD,M5,2026-04-21T22:40:00Z,4718.30500,4718.70500,4715.76500,4716.65500
XAUUSD,M5,2026-04-21T22:45:00Z,4716.64500,4718.62500,4715.73500,4716.46500
XAUUSD,M5,2026-04-21T22:50:00Z,4716.49500,4719.23500,4715.27500,4718.35500
XAUUSD,M5,2026-04-21T22:55:00Z,4718.58500,4719.79500,4717.08800,4718.99800
XAUUSD,M5,2026-04-21T23:00:00Z,4718.96800,4722.33800,4717.52800,4721.08500
XAUUSD,M5,2026-04-21T23:05:00Z,4721.30800,4725.54800,4720.94500,4724.57800
XAUUSD,M5,2026-04-21T23:10:00Z,4724.56800,4729.53500,4724.50800,4727.19500
XAUUSD,M5,2026-04-21T23:15:00Z,4727.17500,4732.79500,4726.08500,4731.46500
XAUUSD,M5,2026-04-21T23:20:00Z,4731.27500,4732.81500,4730.21500,4732.44500
XAUUSD,M5,2026-04-21T23:25:00Z,4732.42500,4732.84500,4729.75500,4729.75500
XAUUSD,M5,2026-04-21T23:30:00Z,4729.80500,4733.17500,4729.20500,4732.19500
XAUUSD,M5,2026-04-21T23:35:00Z,4732.12500,4733.60500,4728.66500,4730.26500
XAUUSD,M5,2026-04-21T23:40:00Z,4730.29500,4732.59500,4729.10500,4731.52500
XAUUSD,M5,2026-04-21T23:45:00Z,4731.49500,4738.25500,4731.28500,4737.93500
XAUUSD,M5,2026-04-21T23:50:00Z,4737.88500,4740.34500,4736.45500,4738.87500
XAUUSD,M5,2026-04-21T23:55:00Z,4738.81500,4739.30500,4736.86500,4737.79500
XAUUSD,M5,2026-04-22T00:00:00Z,4737.76500,4745.28500,4737.76500,4742.89500
XAUUSD,M5,2026-04-22T00:05:00Z,4742.95500,4747.30500,4740.52500,4744.33500
XAUUSD,M5,2026-04-22T00:10:00Z,4744.16500,4746.19500,4742.50500,4742.64500
XAUUSD,M5,2026-04-22T00:15:00Z,4742.67500,4745.34500,4740.93500,4743.18500
XAUUSD,M5,2026-04-22T00:20:00Z,4743.14500,4745.56500,4741.04500,4741.49500
XAUUSD,M5,2026-04-22T00:25:00Z,4741.46500,4744.79500,4740.16800,4742.29500
XAUUSD,M5,2026-04-22T00:30:00Z,4742.26500,4746.84500,4741.91500,4744.99500
XAUUSD,M5,2026-04-22T00:35:00Z,4744.94500,4745.28500,4743.07500,4744.68500
XAUUSD,M5,2026-04-22T00:40:00Z,4744.72500,4745.02500,4741.17500,4741.91500
XAUUSD,M5,2026-04-22T00:45:00Z,4741.89500,4746.57500,4741.00500,4743.41500
XAUUSD,M5,2026-04-22T00:50:00Z,4743.34500,4744.19500,4739.39500,4739.80500
XAUUSD,M5,2026-04-22T00:55:00Z,4739.83500,4741.64500,4738.25800,4739.59500
XAUUSD,M5,2026-04-22T01:00:00Z,4739.50500,4745.00500,4737.32500,4740.28500
XAUUSD,M5,2026-04-22T01:05:00Z,4740.49500,4741.44500,4735.56500,4738.82500
XAUUSD,M5,2026-04-22T01:10:00Z,4738.85500,4739.95500,4735.81500,4738.07500
XAUUSD,M5,2026-04-22T01:15:00Z,4737.95500,4743.17500,4737.65500,4740.20500
XAUUSD,M5,2026-04-22T01:20:00Z,4740.35500,4749.00500,4740.35500,4745.93500
XAUUSD,M5,2026-04-22T01:25:00Z,4745.66500,4747.41500,4743.59500,4746.10500
XAUUSD,M5,2026-04-22T01:30:00Z,4746.07500,4749.98500,4746.05500,4747.88500
XAUUSD,M5,2026-04-22T01:35:00Z,4747.86500,4753.15500,4747.41800,4751.29500
XAUUSD,M5,2026-04-22T01:40:00Z,4751.24500,4753.63500,4748.88500,4749.57500
XAUUSD,M5,2026-04-22T01:45:00Z,4749.54500,4754.18500,4747.75500,4752.53500
XAUUSD,M5,2026-04-22T01:50:00Z,4752.55500,4754.58500,4750.80500,4753.69500
XAUUSD,M5,2026-04-22T01:55:00Z,4753.77500,4754.39500,4751.78500,4751.98500
XAUUSD,M5,2026-04-22T02:00:00Z,4752.20500,4753.10500,4749.72800,4752.26500
XAUUSD,M5,2026-04-22T02:05:00Z,4752.32500,4753.54500,4750.84800,4753.02500
XAUUSD,M5,2026-04-22T02:10:00Z,4753.09500,4755.86500,4753.02500,4755.51500
XAUUSD,M5,2026-04-22T02:15:00Z,4755.44500,4757.38500,4753.33500,4757.35500
XAUUSD,M5,2026-04-22T02:20:00Z,4757.42500,4757.81500,4755.08500,4755.22500
XAUUSD,M5,2026-04-22T02:25:00Z,4755.14500,4756.07500,4754.65500,4755.35500
XAUUSD,M5,2026-04-22T02:30:00Z,4755.37500,4758.49500,4755.32500,4756.36500
XAUUSD,M5,2026-04-22T02:35:00Z,4756.38500,4756.75500,4753.13500,4753.16500
XAUUSD,M5,2026-04-22T02:40:00Z,4753.12500,4753.24500,4751.15500,4751.19500
XAUUSD,M5,2026-04-22T02:45:00Z,4751.08800,4754.30500,4750.83500,4751.50500
XAUUSD,M5,2026-04-22T02:50:00Z,4751.50500,4755.41500,4751.35500,4755.09500
XAUUSD,M5,2026-04-22T02:55:00Z,4755.12500,4757.05500,4753.15500,4755.52500
XAUUSD,M5,2026-04-22T03:00:00Z,4755.48500,4758.94500,4752.70500,4758.73500
XAUUSD,M5,2026-04-22T03:05:00Z,4758.70500,4760.73500,4758.15500,4759.18500
XAUUSD,M5,2026-04-22T03:10:00Z,4759.21500,4759.89500,4756.49500,4757.31500
XAUUSD,M5,2026-04-22T03:15:00Z,4757.36500,4759.60500,4756.81500,4758.40500
XAUUSD,M5,2026-04-22T03:20:00Z,4758.34500,4760.35500,4756.55500,4759.33500
XAUUSD,M5,2026-04-22T03:25:00Z,4759.43500,4763.12500,4758.75800,4762.91500
XAUUSD,M5,2026-04-22T03:30:00Z,4762.83500,4764.79500,4760.42500,4760.88500
XAUUSD,M5,2026-04-22T03:35:00Z,4760.82500,4761.13800,4756.57500,4757.97500
XAUUSD,M5,2026-04-22T03:40:00Z,4757.81500,4759.50800,4756.92500,4758.92500
XAUUSD,M5,2026-04-22T03:45:00Z,4758.98800,4759.95500,4758.03500,4758.59500
XAUUSD,M5,2026-04-22T03:50:00Z,4758.52500,4760.45500,4757.55500,4757.58800
XAUUSD,M5,2026-04-22T03:55:00Z,4757.57500,4759.60500,4756.91500,4757.96500
XAUUSD,M5,2026-04-22T04:00:00Z,4757.93500,4759.39500,4757.25500,4758.81500
XAUUSD,M5,2026-04-22T04:05:00Z,4758.84500,4759.18500,4758.10500,4758.10500
XAUUSD,M5,2026-04-22T04:10:00Z,4757.99500,4758.52500,4756.53800,4757.16500
XAUUSD,M5,2026-04-22T04:15:00Z,4757.20500,4757.66500,4755.17500,4756.26500
XAUUSD,M5,2026-04-22T04:20:00Z,4756.29500,4757.12500,4755.55800,4755.94500
XAUUSD,M5,2026-04-22T04:25:00Z,4755.91500,4756.18500,4754.13800,4755.66500
XAUUSD,M5,2026-04-22T04:30:00Z,4755.62500,4757.12500,4754.82500,4754.89500
XAUUSD,M5,2026-04-22T04:35:00Z,4754.86500,4755.65500,4753.15800,4753.41800
XAUUSD,M5,2026-04-22T04:40:00Z,4753.60500,4756.53500,4752.49800,4756.19500
XAUUSD,M5,2026-04-22T04:45:00Z,4756.05800,4759.12800,4755.88500,4757.55500
XAUUSD,M5,2026-04-22T04:50:00Z,4757.51500,4757.53500,4753.26500,4754.56500
XAUUSD,M5,2026-04-22T04:55:00Z,4754.49500,4755.14500,4751.86800,4754.35500
XAUUSD,M5,2026-04-22T05:00:00Z,4754.37500,4754.66500,4751.96500,4752.90500
XAUUSD,M5,2026-04-22T05:05:00Z,4752.88500,4755.68500,4752.16500,4755.42500
XAUUSD,M5,2026-04-22T05:10:00Z,4755.66800,4756.69500,4754.05500,4756.54500
XAUUSD,M5,2026-04-22T05:15:00Z,4756.52500,4769.19500,4755.92500,4768.37500
XAUUSD,M5,2026-04-22T05:20:00Z,4768.50500,4771.38500,4768.29500,4768.39500
XAUUSD,M5,2026-04-22T05:25:00Z,4768.41500,4770.88500,4764.43500,4765.88500
XAUUSD,M5,2026-04-22T05:30:00Z,4765.89500,4766.84800,4763.53500,4765.38500
XAUUSD,M5,2026-04-22T05:35:00Z,4765.41500,4768.09500,4765.14500,4766.30500
XAUUSD,M5,2026-04-22T05:40:00Z,4766.36500,4769.28500,4764.56500,4767.13500
XAUUSD,M5,2026-04-22T05:45:00Z,4767.16500,4770.79500,4765.84500,4769.02500
XAUUSD,M5,2026-04-22T05:50:00Z,4769.04500,4771.93500,4767.36500,4767.81500
XAUUSD,M5,2026-04-22T05:55:00Z,4767.78500,4768.69500,4763.91500,4767.34500
XAUUSD,M5,2026-04-22T06:00:00Z,4767.33500,4767.57500,4759.04500,4759.11500
XAUUSD,M5,2026-04-22T06:05:00Z,4759.12500,4763.07500,4758.59500,4760.44500
XAUUSD,M5,2026-04-22T06:10:00Z,4760.39500,4762.98500,4760.39500,4762.59500
XAUUSD,M5,2026-04-22T06:15:00Z,4762.58500,4763.70500,4760.31500,4763.39500
XAUUSD,M5,2026-04-22T06:20:00Z,4763.39500,4764.85500,4762.62500,4763.31500
XAUUSD,M5,2026-04-22T06:25:00Z,4763.31500,4767.14500,4762.51500,4766.87500
XAUUSD,M5,2026-04-22T06:30:00Z,4766.62500,4767.59500,4764.76500,4765.88500
XAUUSD,M5,2026-04-22T06:35:00Z,4765.85500,4766.15500,4764.07500,4764.73500
XAUUSD,M5,2026-04-22T06:40:00Z,4764.71500,4766.19500,4763.52500,4763.53500
XAUUSD,M5,2026-04-22T06:45:00Z,4763.50500,4766.26500,4763.12500,4765.84500
XAUUSD,M5,2026-04-22T06:50:00Z,4765.82500,4767.52500,4765.36500,4766.39500
XAUUSD,M5,2026-04-22T06:55:00Z,4766.29500,4767.68500,4765.91500,4767.55500
XAUUSD,M5,2026-04-22T07:00:00Z,4767.52500,4770.15500,4766.61500,4768.62500
XAUUSD,M5,2026-04-22T07:05:00Z,4768.67500,4772.16500,4767.00500,4769.85500
XAUUSD,M5,2026-04-22T07:10:00Z,4769.59500,4769.74500,4764.96500,4765.49500
XAUUSD,M5,2026-04-22T07:15:00Z,4765.45500,4765.49500,4762.39500,4763.60500
XAUUSD,M5,2026-04-22T07:20:00Z,4763.57500,4767.80500,4763.44500,4766.14500
XAUUSD,M5,2026-04-22T07:25:00Z,4766.16500,4767.73500,4762.99500,4765.87500
XAUUSD,M5,2026-04-22T07:30:00Z,4765.85500,4766.33800,4763.58500,4764.11500
XAUUSD,M5,2026-04-22T07:35:00Z,4764.15500,4766.30500,4764.15500,4764.58500
XAUUSD,M5,2026-04-22T07:40:00Z,4764.50500,4764.50500,4761.96500,4763.61500
XAUUSD,M5,2026-04-22T07:45:00Z,4763.63500,4764.14500,4760.72500,4760.98500
XAUUSD,M5,2026-04-22T07:50:00Z,4761.08500,4762.14500,4759.34500,4760.04500
XAUUSD,M5,2026-04-22T07:55:00Z,4760.07500,4763.26500,4760.02500,4760.24500
XAUUSD,M5,2026-04-22T08:00:00Z,4760.31500,4761.43500,4758.53500,4759.17500
XAUUSD,M5,2026-04-22T08:05:00Z,4759.36500,4761.38500,4758.74500,4759.83500
XAUUSD,M5,2026-04-22T08:10:00Z,4759.86500,4762.06500,4757.55500,4757.77500
XAUUSD,M5,2026-04-22T08:15:00Z,4757.84500,4759.82500,4756.05500,4758.64500
XAUUSD,M5,2026-04-22T08:20:00Z,4758.67500,4758.96500,4753.99500,4754.39500
XAUUSD,M5,2026-04-22T08:25:00Z,4754.36500,4756.11500,4753.94500,4754.12500
XAUUSD,M5,2026-04-22T08:30:00Z,4754.09500,4756.81500,4752.25500,4752.75500
XAUUSD,M5,2026-04-22T08:35:00Z,4752.67500,4753.81500,4751.64500,4753.10500
XAUUSD,M5,2026-04-22T08:40:00Z,4753.13500,4756.06500,4751.69500,4755.91500
XAUUSD,M5,2026-04-22T08:45:00Z,4755.82500,4756.53500,4753.84500,4755.09500
XAUUSD,M5,2026-04-22T08:50:00Z,4755.11500,4757.23500,4753.52500,4757.10500
XAUUSD,M5,2026-04-22T08:55:00Z,4757.01500,4758.24500,4756.39500,4756.81500
XAUUSD,M5,2026-04-22T09:00:00Z,4756.84500,4760.61500,4756.47500,4759.62500
XAUUSD,M5,2026-04-22T09:05:00Z,4759.60500,4761.66500,4759.24500,4760.68500
XAUUSD,M5,2026-04-22T09:10:00Z,4760.74500,4760.92500,4759.36500,4760.44500
XAUUSD,M5,2026-04-22T09:15:00Z,4760.41500,4761.55500,4759.84500,4759.94500
XAUUSD,M5,2026-04-22T09:20:00Z,4759.90500,4761.62500,4759.24500,4760.78500
XAUUSD,M5,2026-04-22T09:25:00Z,4760.71500,4760.81500,4756.16500,4756.16500
XAUUSD,M5,2026-04-22T09:30:00Z,4756.10800,4757.03500,4754.87500,4755.74500
XAUUSD,M5,2026-04-22T09:35:00Z,4755.59500,4758.70500,4755.58500,4758.52500
XAUUSD,M5,2026-04-22T09:40:00Z,4758.52500,4762.28500,4758.00500,4758.28500
XAUUSD,M5,2026-04-22T09:45:00Z,4758.30500,4759.01500,4755.82500,4757.74500
XAUUSD,M5,2026-04-22T09:50:00Z,4757.78500,4758.08500,4753.64500,4754.54500
XAUUSD,M5,2026-04-22T09:55:00Z,4754.49500,4756.63500,4752.31500,4755.06500
XAUUSD,M5,2026-04-22T10:00:00Z,4755.23500,4757.59500,4747.92500,4748.71500
XAUUSD,M5,2026-04-22T10:05:00Z,4748.68500,4752.03500,4747.26500,4748.33500
XAUUSD,M5,2026-04-22T10:10:00Z,4748.31500,4749.57500,4745.58500,4748.39500
XAUUSD,M5,2026-04-22T10:15:00Z,4748.39500,4753.91500,4748.24500,4753.44500
XAUUSD,M5,2026-04-22T10:20:00Z,4753.42500,4755.90500,4749.68500,4750.30500
XAUUSD,M5,2026-04-22T10:25:00Z,4750.28500,4754.64500,4749.82500,4754.42500
XAUUSD,M5,2026-04-22T10:30:00Z,4754.46500,4758.25500,4753.36800,4757.90500
XAUUSD,M5,2026-04-22T10:35:00Z,4757.96500,4759.33500,4756.14500,4757.27500
XAUUSD,M5,2026-04-22T10:40:00Z,4757.22500,4757.22500,4754.20500,4756.30500
XAUUSD,M5,2026-04-22T10:45:00Z,4756.32500,4757.58500,4755.02500,4756.73500
XAUUSD,M5,2026-04-22T10:50:00Z,4756.70500,4758.22500,4756.24500,4757.20500
XAUUSD,M5,2026-04-22T10:55:00Z,4756.94500,4760.12500,4755.97500,4759.04500
XAUUSD,M5,2026-04-22T11:00:00Z,4759.07500,4760.31500,4756.26500,4757.47500
XAUUSD,M5,2026-04-22T11:05:00Z,4757.58500,4758.83500,4756.28500,4756.36500
XAUUSD,M5,2026-04-22T11:10:00Z,4756.32500,4758.85500,4756.32500,4757.13500
XAUUSD,M5,2026-04-22T11:15:00Z,4757.07500,4760.55500,4756.98500,4759.51500
XAUUSD,M5,2026-04-22T11:20:00Z,4759.86500,4760.62500,4756.94500,4757.05500
XAUUSD,M5,2026-04-22T11:25:00Z,4757.07500,4758.66500,4756.18800,4757.05500
XAUUSD,M5,2026-04-22T11:30:00Z,4757.07500,4759.63500,4756.58500,4757.24500
XAUUSD,M5,2026-04-22T11:35:00Z,4757.21500,4758.17500,4754.67500,4754.72500
XAUUSD,M5,2026-04-22T11:40:00Z,4754.72500,4755.08500,4748.22500,4748.36500
XAUUSD,M5,2026-04-22T11:45:00Z,4748.39500,4753.01500,4747.65500,4751.75500
XAUUSD,M5,2026-04-22T11:50:00Z,4751.67500,4753.01500,4750.02500,4750.61500
XAUUSD,M5,2026-04-22T11:55:00Z,4750.54500,4751.16500,4749.09500,4750.11500
XAUUSD,M5,2026-04-22T12:00:00Z,4750.15500,4757.28500,4750.15500,4756.52500
XAUUSD,M5,2026-04-22T12:05:00Z,4756.58500,4756.79500,4750.97500,4752.57500
XAUUSD,M5,2026-04-22T12:10:00Z,4752.45800,4752.66500,4749.40500,4752.09500
XAUUSD,M5,2026-04-22T12:15:00Z,4752.12500,4752.53500,4747.51500,4747.51500
XAUUSD,M5,2026-04-22T12:20:00Z,4747.49500,4752.38500,4746.92500,4751.48500
XAUUSD,M5,2026-04-22T12:25:00Z,4751.72500,4759.49500,4751.72500,4752.92500
XAUUSD,M5,2026-04-22T12:30:00Z,4752.98500,4754.08500,4748.80500,4753.08500
XAUUSD,M5,2026-04-22T12:35:00Z,4753.06500,4753.06500,4746.86500,4750.26500
XAUUSD,M5,2026-04-22T12:40:00Z,4750.26500,4750.26500,4745.43500,4746.56500
XAUUSD,M5,2026-04-22T12:45:00Z,4746.48500,4748.12500,4742.65500,4743.92500
XAUUSD,M5,2026-04-22T12:50:00Z,4743.94500,4746.92500,4742.84500,4746.35500
XAUUSD,M5,2026-04-22T12:55:00Z,4746.29500,4746.46500,4743.40500,4744.03500
XAUUSD,M5,2026-04-22T13:00:00Z,4744.06500,4747.01800,4739.96500,4741.26500
XAUUSD,M5,2026-04-22T13:05:00Z,4741.29500,4750.52500,4738.99500,4744.58500
XAUUSD,M5,2026-04-22T13:10:00Z,4744.53500,4744.53500,4740.11800,4742.14500
XAUUSD,M5,2026-04-22T13:15:00Z,4742.17500,4744.32500,4736.19500,4743.15500
XAUUSD,M5,2026-04-22T13:20:00Z,4743.17500,4748.84500,4740.04500,4746.90500
XAUUSD,M5,2026-04-22T13:25:00Z,4746.87500,4749.90500,4745.43500,4749.79800
XAUUSD,M5,2026-04-22T13:30:00Z,4749.75800,4750.60500,4742.01500,4744.91500
XAUUSD,M5,2026-04-22T13:35:00Z,4744.57500,4752.48500,4742.97500,4748.37500
XAUUSD,M5,2026-04-22T13:40:00Z,4748.35500,4756.37500,4746.86500,4755.15500
XAUUSD,M5,2026-04-22T13:45:00Z,4755.25500,4760.82500,4754.99500,4756.73500
XAUUSD,M5,2026-04-22T13:50:00Z,4756.76500,4758.24500,4750.64500,4754.78500
XAUUSD,M5,2026-04-22T13:55:00Z,4754.80500,4754.91500,4751.25500,4752.73500
XAUUSD,M5,2026-04-22T14:00:00Z,4752.68500,4757.32500,4744.99500,4745.29500
XAUUSD,M5,2026-04-22T14:05:00Z,4745.26500,4747.16500,4742.12500,4745.86500
XAUUSD,M5,2026-04-22T14:10:00Z,4745.90500,4747.54500,4742.35500,4745.22500
XAUUSD,M5,2026-04-22T14:15:00Z,4745.25500,4749.46500,4745.05500,4746.58500
XAUUSD,M5,2026-04-22T14:20:00Z,4746.63500,4750.53500,4743.33500,4745.40500
XAUUSD,M5,2026-04-22T14:25:00Z,4745.35500,4748.53500,4742.91500,4743.72500
XAUUSD,M5,2026-04-22T14:30:00Z,4743.70500,4744.41500,4733.04500,4735.93500
XAUUSD,M5,2026-04-22T14:35:00Z,4735.66500,4738.33500,4729.83500,4736.98500
XAUUSD,M5,2026-04-22T14:40:00Z,4736.90500,4740.55500,4732.34500,4733.12500
XAUUSD,M5,2026-04-22T14:45:00Z,4733.06500,4739.49500,4732.03800,4737.75500
XAUUSD,M5,2026-04-22T14:50:00Z,4737.73500,4738.19500,4732.64500,4737.94500
XAUUSD,M5,2026-04-22T14:55:00Z,4737.53500,4738.22500,4733.18500,4735.82500
XAUUSD,M5,2026-04-22T15:00:00Z,4735.88500,4738.17500,4734.26500,4735.35500
XAUUSD,M5,2026-04-22T15:05:00Z,4735.23500,4739.60500,4734.79500,4736.07500
XAUUSD,M5,2026-04-22T15:10:00Z,4736.04500,4740.04500,4735.94500,4737.57500
XAUUSD,M5,2026-04-22T15:15:00Z,4737.60500,4737.60500,4729.59500,4733.34500
XAUUSD,M5,2026-04-22T15:20:00Z,4733.21500,4734.04500,4730.46500,4733.85500
XAUUSD,M5,2026-04-22T15:25:00Z,4733.81500,4736.14500,4730.67500,4735.08500
XAUUSD,M5,2026-04-22T15:30:00Z,4735.10500,4735.33500,4731.05500,4732.73500
XAUUSD,M5,2026-04-22T15:35:00Z,4732.91500,4733.39500,4726.66500,4727.75500
XAUUSD,M5,2026-04-22T15:40:00Z,4728.02500,4730.44500,4725.87500,4727.01800
XAUUSD,M5,2026-04-22T15:45:00Z,4727.17500,4729.99500,4726.55500,4728.21500
XAUUSD,M5,2026-04-22T15:50:00Z,4728.14500,4728.32500,4724.81500,4727.37500
XAUUSD,M5,2026-04-22T15:55:00Z,4727.40500,4731.20500,4727.18500,4727.41500
XAUUSD,M5,2026-04-22T16:00:00Z,4727.39500,4730.92500,4725.65500,4730.45500
XAUUSD,M5,2026-04-22T16:05:00Z,4730.41500,4734.76500,4730.28500,4733.42500
XAUUSD,M5,2026-04-22T16:10:00Z,4733.44500,4733.47500,4729.34500,4730.11500
XAUUSD,M5,2026-04-22T16:15:00Z,4730.13500,4730.31500,4724.55500,4724.75500
XAUUSD,M5,2026-04-22T16:20:00Z,4724.75500,4727.89500,4724.01500,4725.07500
XAUUSD,M5,2026-04-22T16:25:00Z,4725.07500,4727.95500,4724.04500,4726.90500
XAUUSD,M5,2026-04-22T16:30:00Z,4726.90500,4728.70500,4723.68500,4728.36500
XAUUSD,M5,2026-04-22T16:35:00Z,4728.38500,4731.20500,4728.22500,4730.76500
XAUUSD,M5,2026-04-22T16:40:00Z,4730.76500,4731.94500,4727.98500,4728.01500
XAUUSD,M5,2026-04-22T16:45:00Z,4727.86500,4730.14500,4726.11500,4729.88500
XAUUSD,M5,2026-04-22T16:50:00Z,4729.85500,4730.68500,4727.36500,4729.91500
XAUUSD,M5,2026-04-22T16:55:00Z,4729.91500,4730.02500,4726.15500,4728.49500
XAUUSD,M5,2026-04-22T17:00:00Z,4728.49500,4736.07500,4728.38500,4735.30500
XAUUSD,M5,2026-04-22T17:05:00Z,4735.33500,4736.66500,4733.64500,4736.33500
XAUUSD,M5,2026-04-22T17:10:00Z,4736.37500,4739.28500,4734.88500,4735.08500
XAUUSD,M5,2026-04-22T17:15:00Z,4735.14500,4736.90500,4732.89500,4733.52500
XAUUSD,M5,2026-04-22T17:20:00Z,4733.52500,4737.47500,4733.08500,4735.46500
XAUUSD,M5,2026-04-22T17:25:00Z,4735.41500,4736.59500,4732.60500,4734.94500
XAUUSD,M5,2026-04-22T17:30:00Z,4735.21500,4737.90500,4734.83500,4736.72500
XAUUSD,M5,2026-04-22T17:35:00Z,4736.74500,4738.03500,4734.95500,4734.95500
XAUUSD,M5,2026-04-22T17:40:00Z,4735.05500,4736.69500,4734.23800,4736.00500
XAUUSD,M5,2026-04-22T17:45:00Z,4736.14500,4738.20500,4733.44500,4736.46500
XAUUSD,M5,2026-04-22T17:50:00Z,4736.41500,4738.23500,4735.00500,4736.74500
XAUUSD,M5,2026-04-22T17:55:00Z,4736.76500,4737.86500,4735.73500,4736.91500
XAUUSD,M5,2026-04-22T18:00:00Z,4736.93500,4737.51500,4734.87500,4736.73500
XAUUSD,M5,2026-04-22T18:05:00Z,4736.64500,4738.46500,4736.46500,4737.22500
XAUUSD,M5,2026-04-22T18:10:00Z,4737.12500,4737.12500,4735.39500,4735.57500
XAUUSD,M5,2026-04-22T18:15:00Z,4735.33500,4735.78500,4731.97500,4732.62500
XAUUSD,M5,2026-04-22T18:20:00Z,4732.62500,4732.62500,4729.72500,4732.23500
XAUUSD,M5,2026-04-22T18:25:00Z,4732.20500,4733.49500,4729.92500,4730.04500
XAUUSD,M5,2026-04-22T18:30:00Z,4730.14500,4734.64500,4730.07500,4733.09500
XAUUSD,M5,2026-04-22T18:35:00Z,4733.07500,4738.03500,4732.23500,4737.89500
XAUUSD,M5,2026-04-22T18:40:00Z,4737.87500,4739.45500,4735.39500,4739.37500
XAUUSD,M5,2026-04-22T18:45:00Z,4739.16500,4749.56500,4738.63500,4746.62500
XAUUSD,M5,2026-04-22T18:50:00Z,4746.50500,4747.32500,4741.79500,4741.83500
XAUUSD,M5,2026-04-22T18:55:00Z,4741.90500,4742.23500,4739.46500,4741.52500
XAUUSD,M5,2026-04-22T19:00:00Z,4741.54500,4743.40500,4739.12500,4741.64500
XAUUSD,M5,2026-04-22T19:05:00Z,4741.63500,4743.32500,4739.53500,4740.12500
XAUUSD,M5,2026-04-22T19:10:00Z,4740.10500,4740.11500,4736.68500,4738.42500
XAUUSD,M5,2026-04-22T19:15:00Z,4738.43500,4741.79500,4738.00500,4741.10500
XAUUSD,M5,2026-04-22T19:20:00Z,4741.08500,4742.47500,4740.41500,4741.69500
XAUUSD,M5,2026-04-22T19:25:00Z,4741.66500,4745.26500,4741.65500,4744.19500
XAUUSD,M5,2026-04-22T19:30:00Z,4744.45500,4744.53500,4740.64500,4741.71500
XAUUSD,M5,2026-04-22T19:35:00Z,4741.76500,4741.76500,4739.00500,4739.37500
XAUUSD,M5,2026-04-22T19:40:00Z,4739.39500,4740.58500,4738.28500,4739.10500
XAUUSD,M5,2026-04-22T19:45:00Z,4739.18500,4740.00500,4737.17500,4738.39500
XAUUSD,M5,2026-04-22T19:50:00Z,4738.36500,4741.51500,4736.79500,4740.35500
XAUUSD,M5,2026-04-22T19:55:00Z,4740.33500,4741.71500,4739.12500,4739.98500
XAUUSD,M5,2026-04-22T20:00:00Z,4740.02500,4740.29500,4737.26500,4738.59500
XAUUSD,M5,2026-04-22T20:05:00Z,4738.60500,4739.96500,4737.41800,4737.88500
XAUUSD,M5,2026-04-22T20:10:00Z,4737.87500,4737.87500,4734.60500,4735.81500
XAUUSD,M5,2026-04-22T20:15:00Z,4735.83500,4737.52500,4735.71500,4736.54500
XAUUSD,M5,2026-04-22T20:20:00Z,4736.50500,4737.02500,4734.81500,4735.45500
XAUUSD,M5,2026-04-22T20:25:00Z,4735.48500,4737.17500,4734.26500,4736.75500
XAUUSD,M5,2026-04-22T20:30:00Z,4736.75500,4739.31500,4736.71500,4738.62500
XAUUSD,M5,2026-04-22T20:35:00Z,4738.58500,4738.58500,4736.35500,4737.56500
XAUUSD,M5,2026-04-22T20:40:00Z,4737.53500,4737.87500,4736.07500,4737.31500
XAUUSD,M5,2026-04-22T20:45:00Z,4737.28500,4739.65500,4737.04500,4738.60500
XAUUSD,M5,2026-04-22T20:50:00Z,4738.57500,4739.75500,4737.81500,4738.59500
XAUUSD,M5,2026-04-22T20:55:00Z,4738.57500,4740.52500,4738.21500,4739.35500
XAUUSD,M5,2026-04-22T22:00:00Z,4739.94500,4746.24500,4738.75500,4741.44500
XAUUSD,M5,2026-04-22T22:05:00Z,4741.42500,4741.71500,4736.26500,4738.57500
XAUUSD,M5,2026-04-22T22:10:00Z,4738.55500,4738.83500,4735.73800,4736.23500
XAUUSD,M5,2026-04-22T22:15:00Z,4736.34500,4738.09500,4735.07500,4736.03500
XAUUSD,M5,2026-04-22T22:20:00Z,4736.20500,4737.70500,4734.92500,4735.09500
XAUUSD,M5,2026-04-22T22:25:00Z,4735.09500,4735.99500,4732.21500,4732.67500
XAUUSD,M5,2026-04-22T22:30:00Z,4732.79500,4735.09500,4732.19800,4734.11500
XAUUSD,M5,2026-04-22T22:35:00Z,4733.94500,4734.04500,4729.99500,4730.71500
XAUUSD,M5,2026-04-22T22:40:00Z,4730.74500,4731.51500,4729.56500,4729.72500
XAUUSD,M5,2026-04-22T22:45:00Z,4729.74500,4731.61500,4728.75500,4729.93500
XAUUSD,M5,2026-04-22T22:50:00Z,4729.95800,4731.72500,4729.57500,4730.54500
XAUUSD,M5,2026-04-22T22:55:00Z,4730.59800,4730.60500,4725.20500,4725.63800
XAUUSD,M5,2026-04-22T23:00:00Z,4725.63800,4726.39800,4723.00800,4724.06800
XAUUSD,M5,2026-04-22T23:05:00Z,4724.06800,4725.76800,4723.34800,4725.64800
XAUUSD,M5,2026-04-22T23:10:00Z,4725.76800,4728.08500,4725.33500,4725.63500
XAUUSD,M5,2026-04-22T23:15:00Z,4725.65500,4728.87500,4725.65500,4728.73500
XAUUSD,M5,2026-04-22T23:20:00Z,4728.75500,4729.71500,4726.10500,4726.24500
XAUUSD,M5,2026-04-22T23:25:00Z,4726.39500,4728.05500,4725.11500,4727.85500
XAUUSD,M5,2026-04-22T23:30:00Z,4727.89500,4727.89500,4725.84500,4727.13500
XAUUSD,M5,2026-04-22T23:35:00Z,4727.11500,4727.46500,4724.24500,4724.54500
XAUUSD,M5,2026-04-22T23:40:00Z,4724.62500,4725.29500,4723.53500,4724.25500
XAUUSD,M5,2026-04-22T23:45:00Z,4724.23500,4728.30500,4724.23500,4727.80500
XAUUSD,M5,2026-04-22T23:50:00Z,4727.77500,4727.77500,4725.39500,4727.27500
XAUUSD,M5,2026-04-22T23:55:00Z,4727.33500,4728.94500,4726.36500,4727.52500
XAUUSD,M5,2026-04-23T00:00:00Z,4727.50500,4727.90500,4719.99800,4721.36500
XAUUSD,M5,2026-04-23T00:05:00Z,4721.09500,4722.11500,4713.82500,4715.21500
XAUUSD,M5,2026-04-23T00:10:00Z,4715.12500,4715.58500,4698.53500,4699.20500
XAUUSD,M5,2026-04-23T00:15:00Z,4699.28500,4723.57500,4693.63800,4722.18500
XAUUSD,M5,2026-04-23T00:20:00Z,4722.40500,4733.76500,4722.08500,4727.17500
XAUUSD,M5,2026-04-23T00:25:00Z,4727.13500,4742.09500,4726.91500,4741.23500
XAUUSD,M5,2026-04-23T00:30:00Z,4741.27500,4751.80800,4740.93500,4746.52500
XAUUSD,M5,2026-04-23T00:35:00Z,4746.43500,4748.00500,4742.60500,4745.55500
XAUUSD,M5,2026-04-23T00:40:00Z,4745.60500,4747.26500,4742.16500,4744.56500
XAUUSD,M5,2026-04-23T00:45:00Z,4744.54500,4749.90500,4743.32500,4747.13500
XAUUSD,M5,2026-04-23T00:50:00Z,4747.32500,4753.58500,4746.98500,4747.85500
XAUUSD,M5,2026-04-23T00:55:00Z,4747.88500,4748.00500,4744.45500,4747.81500
XAUUSD,M5,2026-04-23T01:00:00Z,4747.48500,4749.67500,4742.52500,4744.07500
XAUUSD,M5,2026-04-23T01:05:00Z,4744.04500,4745.79500,4741.89500,4743.63500
XAUUSD,M5,2026-04-23T01:10:00Z,4743.80500,4743.80500,4735.73500,4736.65500
XAUUSD,M5,2026-04-23T01:15:00Z,4736.67500,4738.44500,4732.83500,4734.09500
XAUUSD,M5,2026-04-23T01:20:00Z,4734.11500,4735.11500,4728.24500,4733.51500
XAUUSD,M5,2026-04-23T01:25:00Z,4733.51500,4735.15500,4726.91500,4728.01500
XAUUSD,M5,2026-04-23T01:30:00Z,4728.04500,4732.93500,4725.65500,4728.98500
XAUUSD,M5,2026-04-23T01:35:00Z,4729.28500,4732.62500,4728.67500,4732.48500
XAUUSD,M5,2026-04-23T01:40:00Z,4732.45500,4735.53500,4731.57500,4733.42500
XAUUSD,M5,2026-04-23T01:45:00Z,4733.44500,4736.78500,4733.04500,4733.80500
XAUUSD,M5,2026-04-23T01:50:00Z,4733.78500,4736.05500,4724.06500,4724.53500
XAUUSD,M5,2026-04-23T01:55:00Z,4724.56500,4727.96500,4722.25500,4723.04500
XAUUSD,M5,2026-04-23T02:00:00Z,4723.16500,4724.53500,4719.85500,4720.34500
XAUUSD,M5,2026-04-23T02:05:00Z,4720.28500,4721.86500,4711.62500,4714.32500
XAUUSD,M5,2026-04-23T02:10:00Z,4714.25500,4714.49500,4706.28500,4706.98500
XAUUSD,M5,2026-04-23T02:15:00Z,4706.88500,4711.23500,4704.68500,4710.43500
XAUUSD,M5,2026-04-23T02:20:00Z,4710.46500,4717.95500,4710.46500,4715.49500
XAUUSD,M5,2026-04-23T02:25:00Z,4715.44500,4717.75500,4713.49500,4713.81500
XAUUSD,M5,2026-04-23T02:30:00Z,4713.78500,4714.72500,4708.01500,4712.35500
XAUUSD,M5,2026-04-23T02:35:00Z,4712.32500,4715.49500,4706.86500,4711.68500
XAUUSD,M5,2026-04-23T02:40:00Z,4711.70500,4713.08500,4700.14500,4701.08500
XAUUSD,M5,2026-04-23T02:45:00Z,4701.04500,4706.31500,4698.72500,4706.31500
XAUUSD,M5,2026-04-23T02:50:00Z,4706.09500,4707.07500,4702.48500,4703.15500
XAUUSD,M5,2026-04-23T02:55:00Z,4703.28500,4703.73500,4698.14500,4698.74500
XAUUSD,M5,2026-04-23T03:00:00Z,4698.69500,4708.26500,4698.69500,4708.22500
XAUUSD,M5,2026-04-23T03:05:00Z,4708.26500,4708.45500,4701.38500,4703.32500
XAUUSD,M5,2026-04-23T03:10:00Z,4703.31500,4703.62500,4698.09500,4701.82500
XAUUSD,M5,2026-04-23T03:15:00Z,4701.85500,4704.48500,4697.98500,4700.41500
XAUUSD,M5,2026-04-23T03:20:00Z,4700.01500,4705.60500,4698.79500,4703.84500
XAUUSD,M5,2026-04-23T03:25:00Z,4703.91500,4705.58500,4701.21500,4702.89500
XAUUSD,M5,2026-04-23T03:30:00Z,4702.92500,4705.15500,4701.16800,4702.91500
XAUUSD,M5,2026-04-23T03:35:00Z,4702.91500,4704.06500,4701.43500,4702.39500
XAUUSD,M5,2026-04-23T03:40:00Z,4702.37500,4706.79500,4700.61800,4704.53500
XAUUSD,M5,2026-04-23T03:45:00Z,4704.62500,4707.04500,4703.32500,4706.50500
XAUUSD,M5,2026-04-23T03:50:00Z,4706.57500,4707.25500,4704.49500,4705.30500
XAUUSD,M5,2026-04-23T03:55:00Z,4705.54500,4705.79500,4702.25500,4703.70500
XAUUSD,M5,2026-04-23T04:00:00Z,4703.70500,4704.13500,4701.13500,4702.52500
XAUUSD,M5,2026-04-23T04:05:00Z,4702.55500,4706.01500,4700.47500,4704.10500
XAUUSD,M5,2026-04-23T04:10:00Z,4704.07500,4706.16500,4703.85500,4706.03500
XAUUSD,M5,2026-04-23T04:15:00Z,4706.05500,4706.17500,4703.62500,4704.27500
XAUUSD,M5,2026-04-23T04:20:00Z,4704.24500,4706.94500,4703.51500,4703.76500
XAUUSD,M5,2026-04-23T04:25:00Z,4703.74500,4706.16800,4702.52500,4705.37500
XAUUSD,M5,2026-04-23T04:30:00Z,4705.24500,4706.67500,4704.46500,4705.74500
XAUUSD,M5,2026-04-23T04:35:00Z,4705.70500,4706.88500,4701.97500,4703.08500
XAUUSD,M5,2026-04-23T04:40:00Z,4703.11500,4703.56500,4701.27500,4701.46500
XAUUSD,M5,2026-04-23T04:45:00Z,4701.43500,4702.61500,4698.45500,4702.01500
XAUUSD,M5,2026-04-23T04:50:00Z,4701.91500,4703.71500,4701.63500,4702.45500
XAUUSD,M5,2026-04-23T04:55:00Z,4702.33500,4704.35500,4700.89500,4704.11500
XAUUSD,M5,2026-04-23T05:00:00Z,4704.15500,4708.40500,4703.06500,4706.86500
XAUUSD,M5,2026-04-23T05:05:00Z,4706.78500,4709.72500,4706.01500,4709.48500
XAUUSD,M5,2026-04-23T05:10:00Z,4709.55500,4710.10500,4707.27500,4707.50500
XAUUSD,M5,2026-04-23T05:15:00Z,4707.50500,4707.72500,4705.56500,4706.75500
XAUUSD,M5,2026-04-23T05:20:00Z,4706.57500,4709.15500,4705.84500,4706.22500
XAUUSD,M5,2026-04-23T05:25:00Z,4706.20500,4707.30500,4705.08500,4705.56500
XAUUSD,M5,2026-04-23T05:30:00Z,4705.70500,4707.11500,4692.07800,4705.93500
XAUUSD,M5,2026-04-23T05:35:00Z,4705.94500,4706.27500,4701.64500,4702.71500
XAUUSD,M5,2026-04-23T05:40:00Z,4702.61500,4703.68500,4700.57500,4701.48500
XAUUSD,M5,2026-04-23T05:45:00Z,4701.45500,4710.36500,4701.44500,4710.34500
XAUUSD,M5,2026-04-23T05:50:00Z,4710.43500,4715.22500,4710.28500,4711.79500
XAUUSD,M5,2026-04-23T05:55:00Z,4711.76500,4714.99500,4710.74500,4713.09500
XAUUSD,M5,2026-04-23T06:00:00Z,4713.21500,4718.07500,4713.02500,4714.46500
XAUUSD,M5,2026-04-23T06:05:00Z,4714.53500,4717.08500,4711.12500,4712.88500
XAUUSD,M5,2026-04-23T06:10:00Z,4712.58500,4715.51500,4710.42500,4711.67500
XAUUSD,M5,2026-04-23T06:15:00Z,4711.67500,4712.26500,4709.10500,4710.08500
XAUUSD,M5,2026-04-23T06:20:00Z,4710.02500,4712.36500,4708.30500,4712.21500
XAUUSD,M5,2026-04-23T06:25:00Z,4712.24500,4714.13500,4710.86500,4711.81500
XAUUSD,M5,2026-04-23T06:30:00Z,4711.78500,4713.13800,4710.15500,4711.79500
XAUUSD,M5,2026-04-23T06:35:00Z,4711.79800,4714.14800,4708.87500,4713.15500
XAUUSD,M5,2026-04-23T06:40:00Z,4713.13500,4717.02500,4712.94500,4714.92500
XAUUSD,M5,2026-04-23T06:45:00Z,4715.01500,4719.87800,4713.42500,4716.08500
XAUUSD,M5,2026-04-23T06:50:00Z,4716.22500,4721.03500,4714.16500,4714.19500
XAUUSD,M5,2026-04-23T06:55:00Z,4714.26500,4717.00500,4711.74500,4712.66500
XAUUSD,M5,2026-04-23T07:00:00Z,4712.61500,4713.27500,4707.21500,4712.52500
XAUUSD,M5,2026-04-23T07:05:00Z,4712.58500,4715.20500,4709.19500,4709.89500
XAUUSD,M5,2026-04-23T07:10:00Z,4709.89500,4716.23500,4708.73800,4712.10500
XAUUSD,M5,2026-04-23T07:15:00Z,4712.06500,4713.71500,4708.79500,4712.47500
XAUUSD,M5,2026-04-23T07:20:00Z,4712.37500,4712.87500,4702.94500,4705.58500
XAUUSD,M5,2026-04-23T07:25:00Z,4705.38500,4709.75500,4704.71500,4705.88500
XAUUSD,M5,2026-04-23T07:30:00Z,4705.78500,4711.50500,4703.24500,4710.67500
XAUUSD,M5,2026-04-23T07:35:00Z,4710.69500,4713.30500,4709.04500,4709.23500
XAUUSD,M5,2026-04-23T07:40:00Z,4709.08500,4713.58500,4708.18500,4713.51500
XAUUSD,M5,2026-04-23T07:45:00Z,4713.48500,4720.28500,4713.16500,4720.17500
XAUUSD,M5,2026-04-23T07:50:00Z,4720.17500,4720.34500,4715.38500,4715.93500
XAUUSD,M5,2026-04-23T07:55:00Z,4715.83500,4720.08500,4715.76500,4719.04500
XAUUSD,M5,2026-04-23T08:00:00Z,4718.96500,4724.69500,4718.83500,4721.28500
XAUUSD,M5,2026-04-23T08:05:00Z,4721.31500,4723.07500,4717.92500,4718.49500
XAUUSD,M5,2026-04-23T08:10:00Z,4718.49500,4720.62500,4717.30500,4718.15500
XAUUSD,M5,2026-04-23T08:15:00Z,4718.15500,4721.00500,4717.32500,4720.16500
XAUUSD,M5,2026-04-23T08:20:00Z,4720.35500,4721.64500,4716.68500,4718.11500
XAUUSD,M5,2026-04-23T08:25:00Z,4718.12500,4720.86500,4714.80500,4715.11500
XAUUSD,M5,2026-04-23T08:30:00Z,4715.40500,4716.05500,4708.31500,4709.55500
XAUUSD,M5,2026-04-23T08:35:00Z,4709.57500,4710.70500,4704.57500,4707.59500
XAUUSD,M5,2026-04-23T08:40:00Z,4707.50500,4708.98500,4703.27500,4703.63500
XAUUSD,M5,2026-04-23T08:45:00Z,4703.54500,4706.30500,4701.39500,4705.77500
XAUUSD,M5,2026-04-23T08:50:00Z,4705.84500,4707.35500,4703.76500,4704.49500
XAUUSD,M5,2026-04-23T08:55:00Z,4704.77500,4706.27500,4703.04500,4703.15500
XAUUSD,M5,2026-04-23T09:00:00Z,4703.10500,4703.51500,4695.03500,4696.65500
XAUUSD,M5,2026-04-23T09:05:00Z,4696.87500,4700.37500,4694.57500,4695.32500
XAUUSD,M5,2026-04-23T09:10:00Z,4695.30500,4700.88500,4695.20500,4696.81500
XAUUSD,M5,2026-04-23T09:15:00Z,4696.74500,4702.54500,4695.45500,4699.73500
XAUUSD,M5,2026-04-23T09:20:00Z,4699.76500,4702.56500,4698.95500,4701.92500
XAUUSD,M5,2026-04-23T09:25:00Z,4701.94500,4702.97500,4699.57500,4700.71500
XAUUSD,M5,2026-04-23T09:30:00Z,4700.71500,4702.95500,4700.36500,4701.18500
XAUUSD,M5,2026-04-23T09:35:00Z,4701.18500,4702.91500,4699.27500,4700.51500
XAUUSD,M5,2026-04-23T09:40:00Z,4700.15500,4701.62500,4698.81500,4700.74500
XAUUSD,M5,2026-04-23T09:45:00Z,4700.71500,4702.07500,4698.24500,4698.72500
XAUUSD,M5,2026-04-23T09:50:00Z,4698.78500,4701.26500,4694.51500,4697.06500
XAUUSD,M5,2026-04-23T09:55:00Z,4697.03500,4699.68500,4695.46500,4697.39500
XAUUSD,M5,2026-04-23T10:00:00Z,4697.12500,4701.21500,4696.19500,4700.56500
XAUUSD,M5,2026-04-23T10:05:00Z,4700.51500,4701.52500,4691.06500,4691.11800
XAUUSD,M5,2026-04-23T10:10:00Z,4691.11500,4692.63500,4685.01500,4688.92500
XAUUSD,M5,2026-04-23T10:15:00Z,4688.83500,4692.47500,4688.02500,4688.02500
XAUUSD,M5,2026-04-23T10:20:00Z,4687.99500,4690.42500,4684.20500,4687.15500
XAUUSD,M5,2026-04-23T10:25:00Z,4687.09500,4692.08500,4686.34500,4686.53500
XAUUSD,M5,2026-04-23T10:30:00Z,4686.62500,4693.10500,4684.09500,4692.15500
XAUUSD,M5,2026-04-23T10:35:00Z,4692.48500,4693.93500,4689.55500,4693.71500
XAUUSD,M5,2026-04-23T10:40:00Z,4693.71500,4696.78500,4689.71500,4690.57500
XAUUSD,M5,2026-04-23T10:45:00Z,4690.54500,4693.57500,4689.23500,4689.98500
XAUUSD,M5,2026-04-23T10:50:00Z,4689.96500,4691.80500,4689.67500,4691.17500
XAUUSD,M5,2026-04-23T10:55:00Z,4691.13500,4697.05500,4691.02500,4696.42500
XAUUSD,M5,2026-04-23T11:00:00Z,4696.46500,4699.81500,4695.60500,4698.47500
XAUUSD,M5,2026-04-23T11:05:00Z,4698.53500,4699.79500,4695.28500,4697.59500
XAUUSD,M5,2026-04-23T11:10:00Z,4697.63500,4700.08500,4696.19500,4697.74500
XAUUSD,M5,2026-04-23T11:15:00Z,4697.51500,4702.35500,4696.27500,4702.19500
XAUUSD,M5,2026-04-23T11:20:00Z,4702.15500,4703.16500,4700.11500,4701.03500
XAUUSD,M5,2026-04-23T11:25:00Z,4701.05500,4701.84500,4697.06500,4699.04500
XAUUSD,M5,2026-04-23T11:30:00Z,4699.17500,4701.23500,4696.39500,4697.46500
XAUUSD,M5,2026-04-23T11:35:00Z,4697.45500,4703.34500,4697.14500,4702.27500
XAUUSD,M5,2026-04-23T11:40:00Z,4702.21500,4705.79500,4701.84500,4705.21500
XAUUSD,M5,2026-04-23T11:45:00Z,4705.23500,4710.79500,4704.68500,4705.96500
XAUUSD,M5,2026-04-23T11:50:00Z,4706.01500,4715.10500,4705.20500,4714.78500
XAUUSD,M5,2026-04-23T11:55:00Z,4714.78500,4720.82500,4713.81500,4720.51500
XAUUSD,M5,2026-04-23T12:00:00Z,4720.58500,4732.17500,4719.52500,4730.42500
XAUUSD,M5,2026-04-23T12:05:00Z,4730.20800,4738.53800,4728.94500,4729.57500
XAUUSD,M5,2026-04-23T12:10:00Z,4729.60500,4735.45500,4727.52500,4729.03500
XAUUSD,M5,2026-04-23T12:15:00Z,4729.02500,4734.50500,4725.79500,4731.37500
XAUUSD,M5,2026-04-23T12:20:00Z,4731.90500,4733.81500,4728.04500,4732.53500
XAUUSD,M5,2026-04-23T12:25:00Z,4732.55500,4734.82500,4730.47500,4733.05500
XAUUSD,M5,2026-04-23T12:30:00Z,4731.58600,4741.28500,4731.34100,4738.46500
XAUUSD,M5,2026-04-23T12:35:00Z,4738.50500,4739.65500,4735.46500,4736.42500
XAUUSD,M5,2026-04-23T12:40:00Z,4736.41500,4742.36500,4736.06500,4739.29500
XAUUSD,M5,2026-04-23T12:45:00Z,4739.27500,4742.10500,4731.32500,4735.45500
XAUUSD,M5,2026-04-23T12:50:00Z,4735.44500,4738.52500,4733.52500,4737.34500
XAUUSD,M5,2026-04-23T12:55:00Z,4737.41500,4742.98500,4736.37500,4739.90500
XAUUSD,M5,2026-04-23T13:00:00Z,4740.00500,4740.61500,4729.77500,4733.27500
XAUUSD,M5,2026-04-23T13:05:00Z,4733.25500,4733.87500,4726.89500,4727.15500
XAUUSD,M5,2026-04-23T13:10:00Z,4727.10500,4729.09500,4723.67500,4725.42500
XAUUSD,M5,2026-04-23T13:15:00Z,4725.49500,4730.36500,4725.19500,4726.24500
XAUUSD,M5,2026-04-23T13:20:00Z,4726.33500,4730.61500,4726.03500,4729.49500
XAUUSD,M5,2026-04-23T13:25:00Z,4729.32500,4729.60500,4725.81500,4727.24500
XAUUSD,M5,2026-04-23T13:30:00Z,4727.28500,4732.54500,4724.46500,4724.74500
XAUUSD,M5,2026-04-23T13:35:00Z,4724.82500,4731.06500,4724.82500,4730.73500
XAUUSD,M5,2026-04-23T13:40:00Z,4730.73500,4735.51500,4729.61500,4733.91800
XAUUSD,M5,2026-04-23T13:45:00Z,4733.91800,4738.18500,4729.85100,4737.30500
XAUUSD,M5,2026-04-23T13:50:00Z,4737.29800,4741.09500,4733.95500,4735.29500
XAUUSD,M5,2026-04-23T13:55:00Z,4735.26500,4735.51500,4724.08500,4724.22500
XAUUSD,M5,2026-04-23T14:00:00Z,4724.11500,4725.21500,4716.77500,4723.49500
XAUUSD,M5,2026-04-23T14:05:00Z,4723.17500,4728.60500,4719.05500,4721.23500
XAUUSD,M5,2026-04-23T14:10:00Z,4721.22500,4724.47500,4719.01500,4724.04500
XAUUSD,M5,2026-04-23T14:15:00Z,4723.98500,4727.98500,4723.46500,4724.11500
XAUUSD,M5,2026-04-23T14:20:00Z,4724.01500,4731.01500,4723.28500,4730.37500
XAUUSD,M5,2026-04-23T14:25:00Z,4730.34500,4735.75500,4729.67500,4731.20500
XAUUSD,M5,2026-04-23T14:30:00Z,4731.18500,4734.25500,4729.05500,4729.16500
XAUUSD,M5,2026-04-23T14:35:00Z,4729.16500,4734.53500,4725.62500,4728.02500
XAUUSD,M5,2026-04-23T14:40:00Z,4727.99800,4731.45500,4726.99800,4730.72500
XAUUSD,M5,2026-04-23T14:45:00Z,4730.75500,4733.50500,4727.79500,4730.59500
XAUUSD,M5,2026-04-23T14:50:00Z,4730.60500,4735.91500,4728.48500,4734.99500
XAUUSD,M5,2026-04-23T14:55:00Z,4734.95500,4736.46500,4733.04500,4733.49500
XAUUSD,M5,2026-04-23T15:00:00Z,4733.51500,4734.68500,4731.20500,4733.15800
XAUUSD,M5,2026-04-23T15:05:00Z,4733.20500,4733.48500,4726.61500,4728.47500
XAUUSD,M5,2026-04-23T15:10:00Z,4728.49500,4732.68500,4728.49500,4730.63500
XAUUSD,M5,2026-04-23T15:15:00Z,4730.65500,4740.90500,4729.65500,4738.27500
XAUUSD,M5,2026-04-23T15:20:00Z,4738.25500,4739.88500,4735.86800,4736.86500
XAUUSD,M5,2026-04-23T15:25:00Z,4736.86500,4737.90500,4733.04500,4733.36500
XAUUSD,M5,2026-04-23T15:30:00Z,4733.40500,4734.63500,4729.58500,4732.95500
XAUUSD,M5,2026-04-23T15:35:00Z,4732.95500,4733.27500,4730.36500,4731.39500
XAUUSD,M5,2026-04-23T15:40:00Z,4731.27500,4733.49500,4727.87500,4727.94500
XAUUSD,M5,2026-04-23T15:45:00Z,4727.99500,4728.43500,4719.81500,4724.72500
XAUUSD,M5,2026-04-23T15:50:00Z,4724.77500,4725.01500,4716.63500,4716.89500
XAUUSD,M5,2026-04-23T15:55:00Z,4716.89500,4722.01500,4715.97500,4720.27500
XAUUSD,M5,2026-04-23T16:00:00Z,4720.34500,4721.56500,4716.94500,4717.56500
XAUUSD,M5,2026-04-23T16:05:00Z,4717.43500,4720.26500,4715.40500,4720.16500
XAUUSD,M5,2026-04-23T16:10:00Z,4720.15500,4722.33500,4717.81500,4719.23500
XAUUSD,M5,2026-04-23T16:15:00Z,4719.17500,4722.68500,4718.80500,4722.54500
XAUUSD,M5,2026-04-23T16:20:00Z,4722.54500,4724.46500,4720.73500,4722.93500
XAUUSD,M5,2026-04-23T16:25:00Z,4722.96500,4724.89500,4722.18500,4723.05500
XAUUSD,M5,2026-04-23T16:30:00Z,4722.86500,4728.95500,4722.51500,4728.17500
XAUUSD,M5,2026-04-23T16:35:00Z,4728.22500,4730.22500,4726.40500,4727.85500
XAUUSD,M5,2026-04-23T16:40:00Z,4727.85500,4734.46500,4727.37500,4733.90500
XAUUSD,M5,2026-04-23T16:45:00Z,4733.91500,4736.08500,4732.68500,4734.92500
XAUUSD,M5,2026-04-23T16:50:00Z,4734.93500,4736.98500,4733.54500,4733.60500
XAUUSD,M5,2026-04-23T16:55:00Z,4733.62500,4735.63500,4730.45500,4732.83500
XAUUSD,M5,2026-04-23T17:00:00Z,4732.82500,4734.38500,4722.52500,4725.29500
XAUUSD,M5,2026-04-23T17:05:00Z,4725.38500,4725.50500,4708.70500,4710.20500
XAUUSD,M5,2026-04-23T17:10:00Z,4710.42500,4716.39500,4705.50500,4715.87500
XAUUSD,M5,2026-04-23T17:15:00Z,4715.87500,4717.46500,4704.39500,4708.77500
XAUUSD,M5,2026-04-23T17:20:00Z,4708.64500,4712.17800,4704.30500,4707.14500
XAUUSD,M5,2026-04-23T17:25:00Z,4707.16500,4717.73500,4704.83500,4706.24500
XAUUSD,M5,2026-04-23T17:30:00Z,4706.20500,4712.27500,4702.21800,4711.60500
XAUUSD,M5,2026-04-23T17:35:00Z,4711.58500,4713.82500,4697.96500,4698.49500
XAUUSD,M5,2026-04-23T17:40:00Z,4698.73500,4699.05500,4672.93500,4677.31500
XAUUSD,M5,2026-04-23T17:45:00Z,4677.42500,4685.44500,4664.04500,4683.07500
XAUUSD,M5,2026-04-23T17:50:00Z,4682.91500,4709.34500,4678.54500,4695.88500
XAUUSD,M5,2026-04-23T17:55:00Z,4695.95500,4710.68500,4694.11500,4709.13500
XAUUSD,M5,2026-04-23T18:00:00Z,4709.18500,4721.91500,4707.67500,4714.06500
XAUUSD,M5,2026-04-23T18:05:00Z,4714.33500,4717.49500,4710.14500,4710.26500
XAUUSD,M5,2026-04-23T18:10:00Z,4710.35500,4719.52500,4709.52500,4713.73500
XAUUSD,M5,2026-04-23T18:15:00Z,4713.65500,4716.66500,4710.98500,4713.54500
XAUUSD,M5,2026-04-23T18:20:00Z,4713.41500,4716.18500,4710.24500,4712.83500
XAUUSD,M5,2026-04-23T18:25:00Z,4712.79500,4716.63500,4711.52800,4716.47500
XAUUSD,M5,2026-04-23T18:30:00Z,4716.50500,4719.85500,4715.73500,4718.40500
XAUUSD,M5,2026-04-23T18:35:00Z,4718.33500,4720.12500,4713.42500,4713.73500
XAUUSD,M5,2026-04-23T18:40:00Z,4713.77500,4714.67500,4707.09500,4711.14500
XAUUSD,M5,2026-04-23T18:45:00Z,4711.19500,4711.80500,4705.86500,4706.43500
XAUUSD,M5,2026-04-23T18:50:00Z,4706.45500,4711.63500,4705.29500,4709.60500
XAUUSD,M5,2026-04-23T18:55:00Z,4709.50500,4709.57500,4699.16500,4700.74500
XAUUSD,M5,2026-04-23T19:00:00Z,4700.66500,4704.34500,4693.38500,4695.44500
XAUUSD,M5,2026-04-23T19:05:00Z,4695.41500,4699.39500,4695.41500,4695.75500
XAUUSD,M5,2026-04-23T19:10:00Z,4695.75500,4697.34500,4692.52500,4696.16500
XAUUSD,M5,2026-04-23T19:15:00Z,4696.22500,4699.14500,4695.33500,4698.93500
XAUUSD,M5,2026-04-23T19:20:00Z,4698.92500,4702.20500,4696.79500,4701.35500
XAUUSD,M5,2026-04-23T19:25:00Z,4701.37500,4702.52500,4697.63500,4699.98500
XAUUSD,M5,2026-04-23T19:30:00Z,4699.96500,4701.00500,4693.31500,4694.09500
XAUUSD,M5,2026-04-23T19:35:00Z,4694.07500,4695.82500,4689.19500,4692.61500
XAUUSD,M5,2026-04-23T19:40:00Z,4692.91500,4695.55500,4691.21500,4692.21500
XAUUSD,M5,2026-04-23T19:45:00Z,4692.23500,4697.42500,4692.00500,4696.73500
XAUUSD,M5,2026-04-23T19:50:00Z,4696.78500,4699.96500,4693.57500,4699.08500
XAUUSD,M5,2026-04-23T19:55:00Z,4699.06500,4699.87500,4695.10500,4695.91500
XAUUSD,M5,2026-04-23T20:00:00Z,4695.94500,4697.39500,4693.78500,4697.18500
XAUUSD,M5,2026-04-23T20:05:00Z,4697.18500,4698.04500,4694.90500,4696.46500
XAUUSD,M5,2026-04-23T20:10:00Z,4696.44500,4697.06500,4690.39500,4690.54500
XAUUSD,M5,2026-04-23T20:15:00Z,4690.43500,4691.98500,4686.41500,4691.02500
XAUUSD,M5,2026-04-23T20:20:00Z,4691.07500,4692.41500,4689.73500,4692.18500
XAUUSD,M5,2026-04-23T20:25:00Z,4692.16500,4692.40500,4688.71500,4689.14500
XAUUSD,M5,2026-04-23T20:30:00Z,4689.19500,4690.96500,4689.02500,4689.82500
XAUUSD,M5,2026-04-23T20:35:00Z,4689.70500,4690.25500,4687.95500,4689.98500
XAUUSD,M5,2026-04-23T20:40:00Z,4689.98500,4691.45500,4688.76500,4691.07500
XAUUSD,M5,2026-04-23T20:45:00Z,4691.11500,4691.95500,4690.40500,4690.66500
XAUUSD,M5,2026-04-23T20:50:00Z,4690.73500,4690.87500,4688.27500,4690.28500
XAUUSD,M5,2026-04-23T20:55:00Z,4690.32500,4694.36500,4690.32500,4692.35500
XAUUSD,M5,2026-04-23T22:00:00Z,4698.24500,4702.19500,4694.31500,4694.92500
XAUUSD,M5,2026-04-23T22:05:00Z,4694.95500,4698.84500,4694.59500,4697.00500
XAUUSD,M5,2026-04-23T22:10:00Z,4696.98500,4699.08500,4695.02500,4697.10500
XAUUSD,M5,2026-04-23T22:15:00Z,4697.04500,4697.10500,4693.10500,4693.77500
XAUUSD,M5,2026-04-23T22:20:00Z,4693.75500,4696.22500,4692.05500,4694.12500
XAUUSD,M5,2026-04-23T22:25:00Z,4694.09500,4694.94500,4692.57500,4692.57500
XAUUSD,M5,2026-04-23T22:30:00Z,4692.63500,4694.99500,4692.53500,4693.30500
XAUUSD,M5,2026-04-23T22:35:00Z,4693.50500,4696.36500,4691.47500,4691.47800
XAUUSD,M5,2026-04-23T22:40:00Z,4691.54500,4693.67500,4690.49500,4693.43500
XAUUSD,M5,2026-04-23T22:45:00Z,4693.44500,4694.34500,4691.84500,4692.05500
XAUUSD,M5,2026-04-23T22:50:00Z,4692.13500,4692.83500,4689.84500,4690.56500
XAUUSD,M5,2026-04-23T22:55:00Z,4690.88500,4692.87500,4690.09500,4692.86500
XAUUSD,M5,2026-04-23T23:00:00Z,4692.76500,4695.13800,4691.54500,4693.44500
XAUUSD,M5,2026-04-23T23:05:00Z,4693.45800,4694.01500,4689.89500,4689.89500
XAUUSD,M5,2026-04-23T23:10:00Z,4689.92500,4692.28500,4689.45500,4689.45500
XAUUSD,M5,2026-04-23T23:15:00Z,4689.48500,4690.13500,4686.62500,4688.12500
XAUUSD,M5,2026-04-23T23:20:00Z,4688.15500,4691.50500,4688.09500,4688.58500
XAUUSD,M5,2026-04-23T23:25:00Z,4688.59500,4694.37500,4688.43500,4694.17500
XAUUSD,M5,2026-04-23T23:30:00Z,4694.29500,4699.12500,4693.28500,4698.95500
XAUUSD,M5,2026-04-23T23:35:00Z,4699.02500,4700.51500,4696.53500,4696.53500
XAUUSD,M5,2026-04-23T23:40:00Z,4696.55500,4698.26500,4696.49500,4697.10500
XAUUSD,M5,2026-04-23T23:45:00Z,4697.14500,4699.41500,4695.88500,4696.54500
XAUUSD,M5,2026-04-23T23:50:00Z,4696.50500,4697.27500,4695.14500,4697.11500
XAUUSD,M5,2026-04-23T23:55:00Z,4697.27500,4697.41500,4691.90500,4695.02500
XAUUSD,M5,2026-04-24T00:00:00Z,4695.02500,4699.87500,4690.49500,4691.36500
XAUUSD,M5,2026-04-24T00:05:00Z,4691.51500,4697.74500,4691.51500,4696.05500
XAUUSD,M5,2026-04-24T00:10:00Z,4696.03500,4698.40500,4693.40500,4697.86500
XAUUSD,M5,2026-04-24T00:15:00Z,4697.99500,4700.26500,4696.69500,4696.80500
XAUUSD,M5,2026-04-24T00:20:00Z,4696.77500,4700.98500,4696.28500,4700.58500
XAUUSD,M5,2026-04-24T00:25:00Z,4700.54500,4705.48500,4699.33500,4705.27500
XAUUSD,M5,2026-04-24T00:30:00Z,4705.25500,4707.77500,4702.65500,4704.17500
XAUUSD,M5,2026-04-24T00:35:00Z,4704.14500,4707.23500,4703.28500,4703.80500
XAUUSD,M5,2026-04-24T00:40:00Z,4703.83500,4704.18500,4701.03500,4701.38500
XAUUSD,M5,2026-04-24T00:45:00Z,4701.42500,4703.08500,4697.11500,4699.12500
XAUUSD,M5,2026-04-24T00:50:00Z,4699.10500,4703.12500,4697.53500,4702.97500
XAUUSD,M5,2026-04-24T00:55:00Z,4703.15500,4705.66500,4700.44500,4704.36500
XAUUSD,M5,2026-04-24T01:00:00Z,4704.34500,4707.66500,4697.40500,4698.63500
XAUUSD,M5,2026-04-24T01:05:00Z,4698.57500,4704.19500,4695.53500,4703.84500
XAUUSD,M5,2026-04-24T01:10:00Z,4703.82500,4709.76500,4702.98500,4709.15500
XAUUSD,M5,2026-04-24T01:15:00Z,4709.12500,4710.93500,4704.66500,4705.06500
XAUUSD,M5,2026-04-24T01:20:00Z,4705.09500,4705.18500,4701.33800,4703.94500
XAUUSD,M5,2026-04-24T01:25:00Z,4704.12500,4704.12500,4698.05500,4698.12500
XAUUSD,M5,2026-04-24T01:30:00Z,4698.18500,4702.01500,4690.41500,4693.45500
XAUUSD,M5,2026-04-24T01:35:00Z,4693.47500,4697.52500,4692.46500,4695.73500
XAUUSD,M5,2026-04-24T01:40:00Z,4695.61500,4697.52500,4690.08500,4690.56500
XAUUSD,M5,2026-04-24T01:45:00Z,4690.59500,4696.87500,4690.02500,4696.76500
XAUUSD,M5,2026-04-24T01:50:00Z,4696.70500,4696.75500,4692.97800,4695.26500
XAUUSD,M5,2026-04-24T01:55:00Z,4695.22500,4700.31500,4693.41500,4699.22500
XAUUSD,M5,2026-04-24T02:00:00Z,4699.19500,4700.33500,4694.70500,4696.72500
XAUUSD,M5,2026-04-24T02:05:00Z,4696.64500,4698.75500,4694.54500,4694.54500
XAUUSD,M5,2026-04-24T02:10:00Z,4694.29500,4694.36500,4689.89500,4692.94500
XAUUSD,M5,2026-04-24T02:15:00Z,4692.96500,4696.06500,4689.98500,4691.68500
XAUUSD,M5,2026-04-24T02:20:00Z,4691.66500,4692.34500,4684.74500,4684.85500
XAUUSD,M5,2026-04-24T02:25:00Z,4684.90500,4686.77500,4681.84500,4683.40500
XAUUSD,M5,2026-04-24T02:30:00Z,4683.36500,4690.86500,4683.36500,4688.99500
XAUUSD,M5,2026-04-24T02:35:00Z,4688.95500,4689.24500,4682.69500,4683.31500
XAUUSD,M5,2026-04-24T02:40:00Z,4683.34500,4683.60500,4680.00500,4683.20500
XAUUSD,M5,2026-04-24T02:45:00Z,4683.23500,4683.89500,4674.98500,4675.79500
XAUUSD,M5,2026-04-24T02:50:00Z,4675.82500,4678.69500,4674.91500,4678.17500
XAUUSD,M5,2026-04-24T02:55:00Z,4678.19500,4678.86500,4672.96500,4676.44500
XAUUSD,M5,2026-04-24T03:00:00Z,4676.41500,4678.03500,4671.17500,4672.40500
XAUUSD,M5,2026-04-24T03:05:00Z,4672.54500,4674.60500,4669.42500,4670.06500
XAUUSD,M5,2026-04-24T03:10:00Z,4670.01500,4671.59500,4668.30500,4670.21500
XAUUSD,M5,2026-04-24T03:15:00Z,4670.44500,4674.31500,4670.04500,4673.47500
XAUUSD,M5,2026-04-24T03:20:00Z,4673.50500,4677.28500,4673.34500,4674.42500
XAUUSD,M5,2026-04-24T03:25:00Z,4674.35500,4677.92500,4673.08500,4674.30500
XAUUSD,M5,2026-04-24T03:30:00Z,4674.33500,4676.97500,4672.64500,4676.31500
XAUUSD,M5,2026-04-24T03:35:00Z,4676.26500,4677.42500,4674.09500,4676.73500
XAUUSD,M5,2026-04-24T03:40:00Z,4676.66500,4678.06500,4674.84500,4674.96500
XAUUSD,M5,2026-04-24T03:45:00Z,4674.91500,4676.77500,4673.76500,4675.08500
XAUUSD,M5,2026-04-24T03:50:00Z,4675.07500,4675.79500,4673.64500,4673.66500
XAUUSD,M5,2026-04-24T03:55:00Z,4673.48500,4673.83500,4671.09500,4671.97500
XAUUSD,M5,2026-04-24T04:00:00Z,4671.66500,4671.82500,4667.25500,4670.49500
XAUUSD,M5,2026-04-24T04:05:00Z,4670.56500,4674.28500,4669.05500,4673.96500
XAUUSD,M5,2026-04-24T04:10:00Z,4673.91500,4674.35500,4669.64500,4669.71500
XAUUSD,M5,2026-04-24T04:15:00Z,4669.74500,4670.50500,4667.75500,4668.96500
XAUUSD,M5,2026-04-24T04:20:00Z,4668.76500,4668.82500,4661.04800,4661.24800
XAUUSD,M5,2026-04-24T04:25:00Z,4661.24800,4662.38500,4658.54500,4659.33500
XAUUSD,M5,2026-04-24T04:30:00Z,4659.27500,4661.44500,4657.48500,4661.41500
XAUUSD,M5,2026-04-24T04:35:00Z,4661.39500,4666.06500,4660.41500,4665.88500
XAUUSD,M5,2026-04-24T04:40:00Z,4666.00500,4668.39500,4664.69500,4667.97500
XAUUSD,M5,2026-04-24T04:45:00Z,4668.07500,4676.79500,4667.94500,4675.85500
XAUUSD,M5,2026-04-24T04:50:00Z,4675.85500,4675.89500,4673.18500,4673.83500
XAUUSD,M5,2026-04-24T04:55:00Z,4673.84500,4675.48500,4673.21500,4674.20500
XAUUSD,M5,2026-04-24T05:00:00Z,4674.27500,4676.63500,4673.07500,4673.40500
XAUUSD,M5,2026-04-24T05:05:00Z,4673.33500,4673.98500,4669.98500,4670.42500
XAUUSD,M5,2026-04-24T05:10:00Z,4670.44500,4673.72500,4669.33500,4673.40500
XAUUSD,M5,2026-04-24T05:15:00Z,4673.38500,4675.57500,4671.74500,4674.57500
XAUUSD,M5,2026-04-24T05:20:00Z,4674.52500,4676.19500,4673.15500,4676.00500
XAUUSD,M5,2026-04-24T05:25:00Z,4676.03500,4678.39500,4675.86500,4676.33500
XAUUSD,M5,2026-04-24T05:30:00Z,4676.31500,4684.54500,4676.29500,4684.37500
XAUUSD,M5,2026-04-24T05:35:00Z,4684.39500,4684.73800,4681.72500,4684.17500
XAUUSD,M5,2026-04-24T05:40:00Z,4684.15500,4687.11500,4681.14800,4682.44500
XAUUSD,M5,2026-04-24T05:45:00Z,4682.45500,4684.02500,4680.02500,4680.50500
XAUUSD,M5,2026-04-24T05:50:00Z,4680.53500,4684.34500,4680.09500,4684.10500
XAUUSD,M5,2026-04-24T05:55:00Z,4684.05500,4686.74500,4682.72500,4686.34500
XAUUSD,M5,2026-04-24T06:00:00Z,4686.37500,4688.03500,4682.96500,4683.30500
XAUUSD,M5,2026-04-24T06:05:00Z,4683.28500,4685.01500,4682.06500,4683.05500
XAUUSD,M5,2026-04-24T06:10:00Z,4683.07500,4683.86500,4680.92800,4681.64500
XAUUSD,M5,2026-04-24T06:15:00Z,4681.64500,4681.77800,4676.38500,4678.09500
XAUUSD,M5,2026-04-24T06:20:00Z,4678.06500,4678.15500,4673.35500,4673.61500
XAUUSD,M5,2026-04-24T06:25:00Z,4673.63500,4674.15500,4669.89500,4671.37500
XAUUSD,M5,2026-04-24T06:30:00Z,4671.34500,4675.52500,4671.34500,4671.97500
XAUUSD,M5,2026-04-24T06:35:00Z,4672.00500,4674.95500,4671.84500,4674.93500
XAUUSD,M5,2026-04-24T06:40:00Z,4674.95500,4676.00500,4669.52800,4673.60500
XAUUSD,M5,2026-04-24T06:45:00Z,4673.60500,4673.84500,4668.61500,4669.47500
XAUUSD,M5,2026-04-24T06:50:00Z,4669.45500,4675.04500,4666.51500,4674.88500
XAUUSD,M5,2026-04-24T06:55:00Z,4674.86500,4676.46500,4671.33500,4671.68500
XAUUSD,M5,2026-04-24T07:00:00Z,4671.60500,4676.50500,4670.73500,4674.23500
XAUUSD,M5,2026-04-24T07:05:00Z,4674.23500,4678.40500,4673.94500,4677.28500
XAUUSD,M5,2026-04-24T07:10:00Z,4677.15500,4681.25500,4676.64500,4680.40500
XAUUSD,M5,2026-04-24T07:15:00Z,4680.36500,4682.05500,4678.04500,4681.29500
XAUUSD,M5,2026-04-24T07:20:00Z,4681.27500,4684.14500,4679.77500,4681.64500
XAUUSD,M5,2026-04-24T07:25:00Z,4681.65500,4684.68500,4681.65500,4684.24500
XAUUSD,M5,2026-04-24T07:30:00Z,4684.18500,4684.18500,4682.15500,4683.92500
XAUUSD,M5,2026-04-24T07:35:00Z,4683.92500,4685.63500,4683.16500,4683.29500
XAUUSD,M5,2026-04-24T07:40:00Z,4683.24500,4686.06500,4682.76500,4685.43500
XAUUSD,M5,2026-04-24T07:45:00Z,4685.41500,4691.80500,4685.13500,4690.74500
XAUUSD,M5,2026-04-24T07:50:00Z,4690.74500,4692.60500,4690.22500,4690.53500
XAUUSD,M5,2026-04-24T07:55:00Z,4690.53500,4694.99500,4689.87500,4694.28500
XAUUSD,M5,2026-04-24T08:00:00Z,4694.24500,4694.41500,4686.33500,4688.26500
XAUUSD,M5,2026-04-24T08:05:00Z,4688.26500,4689.80500,4686.26500,4687.98500
XAUUSD,M5,2026-04-24T08:10:00Z,4687.95500,4689.89500,4686.60500,4687.27500
XAUUSD,M5,2026-04-24T08:15:00Z,4687.37500,4694.10500,4687.33500,4693.00500
XAUUSD,M5,2026-04-24T08:20:00Z,4692.98500,4697.31500,4691.68500,4692.01500
XAUUSD,M5,2026-04-24T08:25:00Z,4691.99500,4692.02500,4686.52500,4687.71500
XAUUSD,M5,2026-04-24T08:30:00Z,4687.71500,4688.36500,4685.64500,4685.97500
XAUUSD,M5,2026-04-24T08:35:00Z,4686.00500,4689.00500,4684.92500,4688.14500
XAUUSD,M5,2026-04-24T08:40:00Z,4688.17500,4690.01500,4687.28500,4687.95500
XAUUSD,M5,2026-04-24T08:45:00Z,4687.90500,4692.77500,4687.57500,4691.74500
XAUUSD,M5,2026-04-24T08:50:00Z,4691.80500,4691.80500,4689.41500,4690.18500
XAUUSD,M5,2026-04-24T08:55:00Z,4690.09500,4691.02500,4688.62500,4690.61500
XAUUSD,M5,2026-04-24T09:00:00Z,4690.63500,4692.90500,4689.42500,4691.51500
XAUUSD,M5,2026-04-24T09:05:00Z,4691.50500,4694.00500,4690.28500,4691.08500
XAUUSD,M5,2026-04-24T09:10:00Z,4691.08500,4695.23500,4690.76500,4695.13500
XAUUSD,M5,2026-04-24T09:15:00Z,4695.06500,4696.53500,4692.62500,4694.47500
XAUUSD,M5,2026-04-24T09:20:00Z,4694.52500,4694.66500,4685.99500,4686.25500
XAUUSD,M5,2026-04-24T09:25:00Z,4686.17500,4687.48500,4682.01500,4683.09500
XAUUSD,M5,2026-04-24T09:30:00Z,4683.10500,4684.50500,4679.23500,4682.70500
XAUUSD,M5,2026-04-24T09:35:00Z,4682.69500,4683.90500,4680.84500,4682.69500
XAUUSD,M5,2026-04-24T09:40:00Z,4682.64500,4688.39500,4682.07500,4685.78500
XAUUSD,M5,2026-04-24T09:45:00Z,4685.81500,4686.67500,4684.28500,4684.94500
XAUUSD,M5,2026-04-24T09:50:00Z,4684.98500,4685.00500,4679.11500,4682.00500
XAUUSD,M5,2026-04-24T09:55:00Z,4681.97500,4684.11500,4679.77500,4681.81500
XAUUSD,M5,2026-04-24T10:00:00Z,4681.80500,4684.50500,4681.35500,4683.67500
XAUUSD,M5,2026-04-24T10:05:00Z,4683.63500,4684.56500,4680.69500,4683.38500
XAUUSD,M5,2026-04-24T10:10:00Z,4683.40500,4683.49500,4681.05500,4682.18500
XAUUSD,M5,2026-04-24T10:15:00Z,4682.12500,4683.57500,4681.31500,4682.88500
XAUUSD,M5,2026-04-24T10:20:00Z,4682.86500,4684.38500,4680.21500,4683.51500
XAUUSD,M5,2026-04-24T10:25:00Z,4683.47500,4686.07500,4682.08500,4682.08500
XAUUSD,M5,2026-04-24T10:30:00Z,4682.08500,4682.25500,4675.05500,4675.19500
XAUUSD,M5,2026-04-24T10:35:00Z,4675.16500,4678.69500,4674.45500,4677.20500
XAUUSD,M5,2026-04-24T10:40:00Z,4677.23500,4680.81500,4676.91500,4678.85500
XAUUSD,M5,2026-04-24T10:45:00Z,4678.97500,4679.66500,4677.53500,4679.43500
XAUUSD,M5,2026-04-24T10:50:00Z,4679.41500,4680.53500,4676.43500,4677.06500
XAUUSD,M5,2026-04-24T10:55:00Z,4677.06500,4680.18500,4676.66500,4677.62500
XAUUSD,M5,2026-04-24T11:00:00Z,4677.56500,4690.72500,4677.56500,4689.32500
XAUUSD,M5,2026-04-24T11:05:00Z,4689.35500,4703.07500,4687.07500,4695.80500
XAUUSD,M5,2026-04-24T11:10:00Z,4695.85500,4701.74500,4695.30500,4696.96500
XAUUSD,M5,2026-04-24T11:15:00Z,4696.96500,4700.30500,4692.26500,4695.02500
XAUUSD,M5,2026-04-24T11:20:00Z,4694.93500,4711.56500,4692.45500,4709.04500
XAUUSD,M5,2026-04-24T11:25:00Z,4709.43500,4716.94500,4706.42500,4715.20500
XAUUSD,M5,2026-04-24T11:30:00Z,4715.22500,4717.19500,4710.02500,4712.93500
XAUUSD,M5,2026-04-24T11:35:00Z,4712.73500,4713.06500,4705.93500,4706.96500
XAUUSD,M5,2026-04-24T11:40:00Z,4706.98500,4709.57500,4704.97500,4705.25500
XAUUSD,M5,2026-04-24T11:45:00Z,4705.13500,4705.70500,4702.72500,4704.21500
XAUUSD,M5,2026-04-24T11:50:00Z,4704.25500,4707.11500,4703.00500,4706.29500
XAUUSD,M5,2026-04-24T11:55:00Z,4706.25500,4708.08500,4704.99500,4706.68500
XAUUSD,M5,2026-04-24T12:00:00Z,4706.70500,4709.78500,4704.86500,4707.07500
XAUUSD,M5,2026-04-24T12:05:00Z,4707.07500,4707.69500,4703.19500,4705.32500
XAUUSD,M5,2026-04-24T12:10:00Z,4705.39500,4710.20500,4705.15500,4708.49500
XAUUSD,M5,2026-04-24T12:15:00Z,4708.53500,4711.62500,4701.33500,4705.88500
XAUUSD,M5,2026-04-24T12:20:00Z,4706.16500,4711.40500,4703.56500,4708.94500
XAUUSD,M5,2026-04-24T12:25:00Z,4708.78500,4710.60500,4707.07500,4709.99500
XAUUSD,M5,2026-04-24T12:30:00Z,4709.97500,4711.45500,4705.63500,4705.77500
XAUUSD,M5,2026-04-24T12:35:00Z,4705.72500,4707.25500,4703.22500,4705.62500
XAUUSD,M5,2026-04-24T12:40:00Z,4705.71500,4706.80500,4698.49500,4698.60500
XAUUSD,M5,2026-04-24T12:45:00Z,4698.63500,4699.24500,4690.15500,4692.13500
XAUUSD,M5,2026-04-24T12:50:00Z,4692.12500,4695.22500,4690.25500,4693.37500
XAUUSD,M5,2026-04-24T12:55:00Z,4693.49500,4700.91500,4693.36500,4700.55500
XAUUSD,M5,2026-04-24T13:00:00Z,4700.76500,4702.94500,4696.07500,4697.62500
XAUUSD,M5,2026-04-24T13:05:00Z,4697.51500,4702.70500,4695.94500,4700.20500
XAUUSD,M5,2026-04-24T13:10:00Z,4700.53500,4705.48500,4699.07500,4702.82500
XAUUSD,M5,2026-04-24T13:15:00Z,4702.79500,4705.04500,4699.53500,4702.10500
XAUUSD,M5,2026-04-24T13:20:00Z,4702.14500,4704.12500,4695.32500,4695.98500
XAUUSD,M5,2026-04-24T13:25:00Z,4696.01500,4697.17500,4693.38500,4696.92500
XAUUSD,M5,2026-04-24T13:30:00Z,4696.84500,4699.53500,4689.54500,4692.01500
XAUUSD,M5,2026-04-24T13:35:00Z,4692.02500,4704.30500,4691.42500,4703.70500
XAUUSD,M5,2026-04-24T13:40:00Z,4703.72500,4709.77500,4702.20500,4708.10500
XAUUSD,M5,2026-04-24T13:45:00Z,4708.28500,4717.18500,4706.00500,4711.87500
XAUUSD,M5,2026-04-24T13:50:00Z,4711.93500,4712.47500,4704.85500,4705.95500
XAUUSD,M5,2026-04-24T13:55:00Z,4706.00500,4712.78500,4704.48500,4710.66500
XAUUSD,M5,2026-04-24T14:00:00Z,4711.47500,4715.44300,4706.72500,4712.94500
XAUUSD,M5,2026-04-24T14:05:00Z,4712.96500,4730.94500,4712.67500,4727.85500
XAUUSD,M5,2026-04-24T14:10:00Z,4727.85500,4739.99500,4725.39500,4731.42500
XAUUSD,M5,2026-04-24T14:15:00Z,4731.28500,4733.53500,4726.73500,4731.31500
XAUUSD,M5,2026-04-24T14:20:00Z,4731.19500,4733.87500,4726.27500,4728.08500
XAUUSD,M5,2026-04-24T14:25:00Z,4728.08500,4728.33500,4721.31500,4725.32500
XAUUSD,M5,2026-04-24T14:30:00Z,4725.43500,4731.48500,4723.49500,4728.67500
XAUUSD,M5,2026-04-24T14:35:00Z,4728.69500,4731.93500,4725.88500,4729.60500
XAUUSD,M5,2026-04-24T14:40:00Z,4729.60500,4732.73500,4727.46500,4730.23500
XAUUSD,M5,2026-04-24T14:45:00Z,4730.23500,4731.03500,4725.10500,4727.50500
XAUUSD,M5,2026-04-24T14:50:00Z,4727.51500,4729.18500,4724.59500,4725.56500
XAUUSD,M5,2026-04-24T14:55:00Z,4725.62500,4727.25500,4723.81500,4726.22500
XAUUSD,M5,2026-04-24T15:00:00Z,4726.27500,4727.06500,4721.57800,4721.98500
XAUUSD,M5,2026-04-24T15:05:00Z,4721.97800,4724.51500,4718.75500,4724.06500
XAUUSD,M5,2026-04-24T15:10:00Z,4724.03500,4725.08500,4719.83500,4721.79500
XAUUSD,M5,2026-04-24T15:15:00Z,4721.60500,4723.14500,4719.66500,4721.36500
XAUUSD,M5,2026-04-24T15:20:00Z,4721.46500,4726.24500,4720.55500,4721.39500
XAUUSD,M5,2026-04-24T15:25:00Z,4721.41500,4722.51500,4718.47500,4721.78500
XAUUSD,M5,2026-04-24T15:30:00Z,4721.78500,4724.63500,4717.99500,4718.20500
XAUUSD,M5,2026-04-24T15:35:00Z,4718.17500,4720.12500,4717.22500,4718.74500
XAUUSD,M5,2026-04-24T15:40:00Z,4718.73500,4729.33500,4714.47500,4727.55500
XAUUSD,M5,2026-04-24T15:45:00Z,4727.63500,4733.15500,4723.83500,4723.83500
XAUUSD,M5,2026-04-24T15:50:00Z,4723.80500,4730.46500,4723.80500,4729.14500
XAUUSD,M5,2026-04-24T15:55:00Z,4729.20500,4729.83500,4725.20500,4726.93500
XAUUSD,M5,2026-04-24T16:00:00Z,4726.93500,4729.56500,4723.70500,4725.58500
XAUUSD,M5,2026-04-24T16:05:00Z,4725.58500,4726.40500,4720.43500,4721.54500
XAUUSD,M5,2026-04-24T16:10:00Z,4721.48500,4723.65500,4720.16500,4720.45500
XAUUSD,M5,2026-04-24T16:15:00Z,4720.38500,4720.89500,4718.96500,4720.42500
XAUUSD,M5,2026-04-24T16:20:00Z,4720.45500,4724.41500,4720.41500,4723.88500
XAUUSD,M5,2026-04-24T16:25:00Z,4723.91500,4725.71500,4722.31500,4723.21500
XAUUSD,M5,2026-04-24T16:30:00Z,4723.21500,4726.96500,4723.21500,4725.61500
XAUUSD,M5,2026-04-24T16:35:00Z,4725.61500,4725.62500,4723.54500,4723.98500
XAUUSD,M5,2026-04-24T16:40:00Z,4723.98500,4724.21500,4719.06500,4722.37500
XAUUSD,M5,2026-04-24T16:45:00Z,4722.35500,4724.45500,4720.18500,4721.56500
XAUUSD,M5,2026-04-24T16:50:00Z,4721.64500,4724.66500,4721.61500,4724.10500
XAUUSD,M5,2026-04-24T16:55:00Z,4724.25500,4727.59500,4723.34500,4726.65500
XAUUSD,M5,2026-04-24T17:00:00Z,4726.65500,4730.06500,4726.65500,4728.03500
XAUUSD,M5,2026-04-24T17:05:00Z,4727.96500,4728.90500,4725.43500,4727.58500
XAUUSD,M5,2026-04-24T17:10:00Z,4727.56500,4727.98500,4726.01500,4727.73500
XAUUSD,M5,2026-04-24T17:15:00Z,4727.49500,4729.19500,4725.79500,4728.65500
XAUUSD,M5,2026-04-24T17:20:00Z,4728.63500,4728.83500,4722.84500,4726.51500
XAUUSD,M5,2026-04-24T17:25:00Z,4726.59500,4727.73500,4722.05500,4722.62800
XAUUSD,M5,2026-04-24T17:30:00Z,4722.62800,4723.28500,4718.78500,4720.79500
XAUUSD,M5,2026-04-24T17:35:00Z,4720.74500,4725.38500,4720.49500,4721.57500
XAUUSD,M5,2026-04-24T17:40:00Z,4721.54500,4723.09500,4721.42500,4722.39500
XAUUSD,M5,2026-04-24T17:45:00Z,4722.39500,4723.02500,4721.20500,4721.94500
XAUUSD,M5,2026-04-24T17:50:00Z,4721.96500,4727.69500,4720.36500,4724.69500
XAUUSD,M5,2026-04-24T17:55:00Z,4724.80500,4726.32500,4723.05500,4723.24500
XAUUSD,M5,2026-04-24T18:00:00Z,4723.24500,4724.58500,4722.20500,4722.42500
XAUUSD,M5,2026-04-24T18:05:00Z,4722.45500,4722.65500,4719.73500,4722.34500
XAUUSD,M5,2026-04-24T18:10:00Z,4722.30500,4724.71500,4722.26500,4723.61500
XAUUSD,M5,2026-04-24T18:15:00Z,4723.56500,4724.17500,4720.58500,4721.16500
XAUUSD,M5,2026-04-24T18:20:00Z,4721.19500,4722.47500,4719.49500,4720.94500
XAUUSD,M5,2026-04-24T18:25:00Z,4720.95500,4721.00500,4716.80500,4716.87500
XAUUSD,M5,2026-04-24T18:30:00Z,4716.90500,4720.26500,4716.60500,4719.54500
XAUUSD,M5,2026-04-24T18:35:00Z,4719.52500,4720.33500,4718.42500,4719.77500
XAUUSD,M5,2026-04-24T18:40:00Z,4719.77500,4720.34500,4717.83500,4718.71500
XAUUSD,M5,2026-04-24T18:45:00Z,4718.64500,4719.55500,4717.58800,4718.44500
XAUUSD,M5,2026-04-24T18:50:00Z,4718.43500,4720.98500,4717.92500,4720.09500
XAUUSD,M5,2026-04-24T18:55:00Z,4720.09500,4723.07500,4719.57500,4722.58500
XAUUSD,M5,2026-04-24T19:00:00Z,4722.62500,4725.99500,4721.44500,4723.42500
XAUUSD,M5,2026-04-24T19:05:00Z,4723.39500,4723.99500,4721.98500,4722.00500
XAUUSD,M5,2026-04-24T19:10:00Z,4722.01500,4722.64500,4720.82500,4722.24500
XAUUSD,M5,2026-04-24T19:15:00Z,4722.15500,4723.16500,4720.00500,4721.07500
XAUUSD,M5,2026-04-24T19:20:00Z,4721.05500,4721.05500,4717.29500,4717.74500
XAUUSD,M5,2026-04-24T19:25:00Z,4717.69500,4718.95500,4717.36800,4718.84500
XAUUSD,M5,2026-04-24T19:30:00Z,4718.77500,4720.45500,4718.18500,4718.26500
XAUUSD,M5,2026-04-24T19:35:00Z,4718.26500,4718.35500,4715.86500,4717.21500
XAUUSD,M5,2026-04-24T19:40:00Z,4717.21500,4717.75500,4715.83500,4716.52500
XAUUSD,M5,2026-04-24T19:45:00Z,4716.49500,4718.43500,4715.60500,4716.14500
XAUUSD,M5,2026-04-24T19:50:00Z,4716.19500,4717.42500,4715.55500,4716.61500
XAUUSD,M5,2026-04-24T19:55:00Z,4716.59500,4717.45500,4713.51500,4716.26500
XAUUSD,M5,2026-04-24T20:00:00Z,4716.11500,4717.24500,4710.94500,4711.11500
XAUUSD,M5,2026-04-24T20:05:00Z,4711.12500,4712.13500,4708.51500,4708.93500
XAUUSD,M5,2026-04-24T20:10:00Z,4708.93500,4710.18500,4705.16500,4706.51500
XAUUSD,M5,2026-04-24T20:15:00Z,4706.49500,4707.33500,4705.08500,4705.75500
XAUUSD,M5,2026-04-24T20:20:00Z,4705.72500,4707.94500,4705.47500,4707.00500
XAUUSD,M5,2026-04-24T20:25:00Z,4706.94500,4709.13800,4706.09800,4707.89500
XAUUSD,M5,2026-04-24T20:30:00Z,4707.84500,4708.54500,4705.28500,4705.42500
XAUUSD,M5,2026-04-24T20:35:00Z,4705.44500,4708.67500,4705.25500,4707.01500
XAUUSD,M5,2026-04-24T20:40:00Z,4706.98500,4707.32800,4705.09800,4707.10500
XAUUSD,M5,2026-04-24T20:45:00Z,4707.10500,4708.52500,4706.42500,4706.77500
XAUUSD,M5,2026-04-24T20:50:00Z,4706.69800,4708.81800,4706.21500,4707.73800
XAUUSD,M5,2026-04-24T20:55:00Z,4707.69800,4710.03500,4706.34800,4707.86500
XAUUSD,M5,2026-04-26T22:00:00Z,4697.24800,4703.99500,4692.13500,4696.92500
XAUUSD,M5,2026-04-26T22:05:00Z,4696.85500,4696.87500,4681.19500,4681.62500
XAUUSD,M5,2026-04-26T22:10:00Z,4681.65500,4685.65500,4679.94500,4685.18500
XAUUSD,M5,2026-04-26T22:15:00Z,4685.20500,4688.43500,4683.81500,4688.43500
XAUUSD,M5,2026-04-26T22:20:00Z,4688.41500,4688.41500,4683.01500,4684.53500
XAUUSD,M5,2026-04-26T22:25:00Z,4684.50500,4687.18500,4682.74500,4686.58500
XAUUSD,M5,2026-04-26T22:30:00Z,4686.55500,4686.55500,4681.85500,4683.19500
XAUUSD,M5,2026-04-26T22:35:00Z,4683.16500,4685.93500,4682.99500,4685.74500
XAUUSD,M5,2026-04-26T22:40:00Z,4685.71500,4685.99500,4683.52500,4684.16500
XAUUSD,M5,2026-04-26T22:45:00Z,4684.14500,4685.42500,4683.12500,4684.60500
XAUUSD,M5,2026-04-26T22:50:00Z,4684.64500,4685.25500,4681.49500,4683.97500
XAUUSD,M5,2026-04-26T22:55:00Z,4684.07500,4685.63800,4683.45500,4684.07800
XAUUSD,M5,2026-04-26T23:00:00Z,4684.07800,4684.07800,4677.07500,4680.70500
XAUUSD,M5,2026-04-26T23:05:00Z,4680.69800,4684.02800,4680.69800,4682.73800
XAUUSD,M5,2026-04-26T23:10:00Z,4682.73800,4684.70500,4682.68500,4683.41500
XAUUSD,M5,2026-04-26T23:15:00Z,4683.44500,4684.31500,4683.11500,4683.29500
XAUUSD,M5,2026-04-26T23:20:00Z,4683.27500,4683.52500,4680.97500,4682.40500
XAUUSD,M5,2026-04-26T23:25:00Z,4682.35500,4682.42500,4676.98500,4677.09500
XAUUSD,M5,2026-04-26T23:30:00Z,4677.05500,4679.51500,4676.26500,4678.71500
XAUUSD,M5,2026-04-26T23:35:00Z,4678.68500,4679.65500,4675.09800,4676.39500
XAUUSD,M5,2026-04-26T23:40:00Z,4676.42500,4677.96500,4674.65500,4676.68500
XAUUSD,M5,2026-04-26T23:45:00Z,4676.72500,4681.91500,4676.72500,4680.32500
XAUUSD,M5,2026-04-26T23:50:00Z,4680.34500,4681.60500,4678.76500,4680.84500
XAUUSD,M5,2026-04-26T23:55:00Z,4680.94800,4681.53500,4679.45500,4679.82500
XAUUSD,M5,2026-04-27T00:00:00Z,4679.71500,4680.85500,4674.86500,4678.75500
XAUUSD,M5,2026-04-27T00:05:00Z,4678.72500,4679.38500,4672.02500,4675.36500
XAUUSD,M5,2026-04-27T00:10:00Z,4675.39500,4679.71500,4675.28500,4679.59500
XAUUSD,M5,2026-04-27T00:15:00Z,4679.60500,4681.25500,4677.61500,4678.73500
XAUUSD,M5,2026-04-27T00:20:00Z,4678.68500,4680.19500,4677.40500,4678.78500
XAUUSD,M5,2026-04-27T00:25:00Z,4678.81500,4682.03500,4677.49500,4680.54500
XAUUSD,M5,2026-04-27T00:30:00Z,4680.52500,4681.27500,4676.88500,4677.86500
XAUUSD,M5,2026-04-27T00:35:00Z,4677.84500,4679.18500,4676.58500,4679.08500
XAUUSD,M5,2026-04-27T00:40:00Z,4679.07500,4680.88500,4677.89500,4680.46500
XAUUSD,M5,2026-04-27T00:45:00Z,4680.46500,4682.81500,4680.42500,4682.34500
XAUUSD,M5,2026-04-27T00:50:00Z,4682.31500,4688.71500,4682.31500,4688.36500
XAUUSD,M5,2026-04-27T00:55:00Z,4688.39500,4698.14500,4688.39500,4697.60500
XAUUSD,M5,2026-04-27T01:00:00Z,4697.55500,4709.60500,4694.46500,4707.93500
XAUUSD,M5,2026-04-27T01:05:00Z,4708.09500,4708.67500,4696.62500,4697.97500
XAUUSD,M5,2026-04-27T01:10:00Z,4698.06500,4702.31500,4691.86500,4692.53500
XAUUSD,M5,2026-04-27T01:15:00Z,4692.37500,4696.34500,4690.53500,4695.69500
XAUUSD,M5,2026-04-27T01:20:00Z,4695.71500,4698.67500,4694.28500,4696.85500
XAUUSD,M5,2026-04-27T01:25:00Z,4696.76500,4697.99500,4692.68500,4697.89500
XAUUSD,M5,2026-04-27T01:30:00Z,4697.86500,4700.56500,4695.51500,4697.07500
XAUUSD,M5,2026-04-27T01:35:00Z,4697.11500,4699.77500,4695.89800,4699.66500
XAUUSD,M5,2026-04-27T01:40:00Z,4699.63500,4700.24500,4696.54500,4697.65500
XAUUSD,M5,2026-04-27T01:45:00Z,4697.60500,4701.60500,4697.49500,4701.36500
XAUUSD,M5,2026-04-27T01:50:00Z,4701.69500,4706.33500,4701.10500,4702.53500
XAUUSD,M5,2026-04-27T01:55:00Z,4702.70500,4704.00500,4699.68500,4702.41500
XAUUSD,M5,2026-04-27T02:00:00Z,4702.44500,4706.39500,4700.69500,4702.08500
XAUUSD,M5,2026-04-27T02:05:00Z,4702.14500,4702.15500,4696.30500,4698.45500
XAUUSD,M5,2026-04-27T02:10:00Z,4698.40500,4700.12500,4696.04500,4699.48500
XAUUSD,M5,2026-04-27T02:15:00Z,4699.34500,4708.03500,4698.73500,4705.01500
XAUUSD,M5,2026-04-27T02:20:00Z,4704.98500,4706.96500,4704.16500,4704.98500
XAUUSD,M5,2026-04-27T02:25:00Z,4704.95500,4706.55500,4704.63500,4705.45500
XAUUSD,M5,2026-04-27T02:30:00Z,4705.47500,4707.43500,4704.13500,4705.36500
XAUUSD,M5,2026-04-27T02:35:00Z,4705.40500,4714.23500,4705.40500,4711.93500
XAUUSD,M5,2026-04-27T02:40:00Z,4711.98500,4713.72500,4710.54500,4713.29500
XAUUSD,M5,2026-04-27T02:45:00Z,4713.43500,4719.23500,4711.86500,4718.09500
XAUUSD,M5,2026-04-27T02:50:00Z,4718.05800,4722.74500,4717.18500,4721.14500
XAUUSD,M5,2026-04-27T02:55:00Z,4721.21500,4723.17500,4718.01500,4718.05500
XAUUSD,M5,2026-04-27T03:00:00Z,4717.92500,4722.01500,4717.90500,4720.16500
XAUUSD,M5,2026-04-27T03:05:00Z,4720.14500,4720.89500,4718.58500,4720.16500
XAUUSD,M5,2026-04-27T03:10:00Z,4720.18500,4721.56500,4716.09500,4717.56500
XAUUSD,M5,2026-04-27T03:15:00Z,4717.51500,4718.31500,4716.33500,4716.58500
XAUUSD,M5,2026-04-27T03:20:00Z,4716.61500,4718.21500,4715.93500,4716.12500
XAUUSD,M5,2026-04-27T03:25:00Z,4716.23500,4716.36500,4714.10500,4715.42500
XAUUSD,M5,2026-04-27T03:30:00Z,4715.50500,4722.10500,4715.00500,4721.67500
XAUUSD,M5,2026-04-27T03:35:00Z,4721.75500,4725.33500,4720.75500,4723.47500
XAUUSD,M5,2026-04-27T03:40:00Z,4723.50500,4729.31500,4723.19500,4728.10500
XAUUSD,M5,2026-04-27T03:45:00Z,4728.13500,4728.57500,4722.89500,4724.04500
XAUUSD,M5,2026-04-27T03:50:00Z,4724.12500,4725.97500,4722.13500,4724.75500
XAUUSD,M5,2026-04-27T03:55:00Z,4724.77500,4726.01500,4723.75500,4723.92500
XAUUSD,M5,2026-04-27T04:00:00Z,4723.94500,4726.64500,4723.36500,4726.15500
XAUUSD,M5,2026-04-27T04:05:00Z,4726.13500,4727.35500,4726.09500,4726.87500
XAUUSD,M5,2026-04-27T04:10:00Z,4726.85500,4727.81500,4725.70500,4727.21500
XAUUSD,M5,2026-04-27T04:15:00Z,4727.24500,4727.78500,4724.69500,4726.25500
XAUUSD,M5,2026-04-27T04:20:00Z,4726.22500,4727.38500,4725.81500,4726.25500
XAUUSD,M5,2026-04-27T04:25:00Z,4726.21500,4726.85500,4724.86500,4726.71500
XAUUSD,M5,2026-04-27T04:30:00Z,4726.75500,4729.87500,4726.66500,4727.02500
XAUUSD,M5,2026-04-27T04:35:00Z,4726.99500,4727.91500,4725.11500,4727.57500
XAUUSD,M5,2026-04-27T04:40:00Z,4727.74500,4727.94500,4725.70500,4725.91500
XAUUSD,M5,2026-04-27T04:45:00Z,4725.87500,4726.28500,4723.68500,4723.99500
XAUUSD,M5,2026-04-27T04:50:00Z,4724.07500,4724.58500,4722.90500,4724.33500
XAUUSD,M5,2026-04-27T04:55:00Z,4724.29500,4726.16500,4722.49500,4724.77500
XAUUSD,M5,2026-04-27T05:00:00Z,4724.80500,4725.18500,4720.72500,4720.96500
XAUUSD,M5,2026-04-27T05:05:00Z,4720.98500,4721.72500,4719.38500,4719.38500
XAUUSD,M5,2026-04-27T05:10:00Z,4719.47500,4720.26500,4717.93500,4718.07500
XAUUSD,M5,2026-04-27T05:15:00Z,4718.03500,4718.43500,4715.74500,4717.66500
XAUUSD,M5,2026-04-27T05:20:00Z,4717.69500,4719.04500,4717.52500,4718.89500
XAUUSD,M5,2026-04-27T05:25:00Z,4718.85500,4719.73500,4717.38500,4718.01500
XAUUSD,M5,2026-04-27T05:30:00Z,4718.01500,4718.17500,4711.24500,4712.54500
XAUUSD,M5,2026-04-27T05:35:00Z,4712.63500,4712.72500,4709.29500,4710.44500
XAUUSD,M5,2026-04-27T05:40:00Z,4710.45500,4712.01500,4708.76500,4711.46500
XAUUSD,M5,2026-04-27T05:45:00Z,4711.43500,4713.37500,4711.01500,4711.18500
XAUUSD,M5,2026-04-27T05:50:00Z,4711.28500,4711.67500,4708.42500,4711.35500
XAUUSD,M5,2026-04-27T05:55:00Z,4711.39500,4713.00500,4709.52500,4709.87500
XAUUSD,M5,2026-04-27T06:00:00Z,4709.88500,4712.99500,4709.13500,4710.87500
XAUUSD,M5,2026-04-27T06:05:00Z,4710.83500,4713.32500,4709.21500,4713.14500
XAUUSD,M5,2026-04-27T06:10:00Z,4713.20500,4715.56500,4713.07500,4714.33500
XAUUSD,M5,2026-04-27T06:15:00Z,4714.30500,4714.33500,4711.44500,4712.03500
XAUUSD,M5,2026-04-27T06:20:00Z,4712.01500,4715.03500,4711.21500,4714.51500
XAUUSD,M5,2026-04-27T06:25:00Z,4714.49500,4715.48500,4712.13500,4714.21500
XAUUSD,M5,2026-04-27T06:30:00Z,4714.16500,4714.25500,4708.94500,4710.15500
XAUUSD,M5,2026-04-27T06:35:00Z,4710.18500,4713.96500,4709.48500,4711.79500
XAUUSD,M5,2026-04-27T06:40:00Z,4711.79500,4712.74500,4710.17500,4710.53500
XAUUSD,M5,2026-04-27T06:45:00Z,4710.50500,4714.29500,4709.82500,4714.07500
XAUUSD,M5,2026-04-27T06:50:00Z,4713.85500,4715.26500,4713.11500,4713.23500
XAUUSD,M5,2026-04-27T06:55:00Z,4713.27500,4714.48500,4711.82500,4712.59500
XAUUSD,M5,2026-04-27T07:00:00Z,4712.53800,4717.57500,4710.56500,4717.26500
XAUUSD,M5,2026-04-27T07:05:00Z,4717.23500,4718.19500,4714.57500,4716.86500
XAUUSD,M5,2026-04-27T07:10:00Z,4716.85500,4717.42500,4713.98500,4716.99500
XAUUSD,M5,2026-04-27T07:15:00Z,4716.99500,4717.22500,4712.13500,4715.04500
XAUUSD,M5,2026-04-27T07:20:00Z,4714.97500,4718.20500,4713.48500,4717.57500
XAUUSD,M5,2026-04-27T07:25:00Z,4717.54500,4718.04500,4714.10500,4715.98500
XAUUSD,M5,2026-04-27T07:30:00Z,4715.93500,4717.20500,4713.53500,4716.47500
XAUUSD,M5,2026-04-27T07:35:00Z,4716.40500,4716.45500,4713.33500,4715.76500
XAUUSD,M5,2026-04-27T07:40:00Z,4715.71500,4716.75500,4714.44500,4714.76500
XAUUSD,M5,2026-04-27T07:45:00Z,4714.76500,4716.73500,4712.97500,4714.17500
XAUUSD,M5,2026-04-27T07:50:00Z,4714.18500,4714.56500,4709.78500,4711.93500
XAUUSD,M5,2026-04-27T07:55:00Z,4711.92500,4714.33500,4711.58500,4713.23500
XAUUSD,M5,2026-04-27T08:00:00Z,4713.28500,4714.40500,4710.30500,4712.17500
XAUUSD,M5,2026-04-27T08:05:00Z,4712.22500,4713.44500,4710.09500,4711.76500
XAUUSD,M5,2026-04-27T08:10:00Z,4711.81500,4713.78500,4710.11500,4710.91500
XAUUSD,M5,2026-04-27T08:15:00Z,4710.92500,4714.06500,4710.43500,4710.51500
XAUUSD,M5,2026-04-27T08:20:00Z,4710.50500,4712.33500,4709.34500,4711.11500
XAUUSD,M5,2026-04-27T08:25:00Z,4711.17500,4711.75500,4709.37500,4710.65500
XAUUSD,M5,2026-04-27T08:30:00Z,4710.65500,4710.70500,4706.88500,4709.49500
XAUUSD,M5,2026-04-27T08:35:00Z,4709.48500,4709.79500,4706.93500,4707.41500
XAUUSD,M5,2026-04-27T08:40:00Z,4707.36500,4711.80500,4705.30500,4711.77500
XAUUSD,M5,2026-04-27T08:45:00Z,4711.79500,4714.57500,4711.36500,4712.09500
XAUUSD,M5,2026-04-27T08:50:00Z,4712.18500,4712.31500,4706.70500,4706.88500
XAUUSD,M5,2026-04-27T08:55:00Z,4706.85500,4708.44500,4705.40500,4706.73500
XAUUSD,M5,2026-04-27T09:00:00Z,4706.80500,4708.07500,4705.47500,4706.38500
XAUUSD,M5,2026-04-27T09:05:00Z,4706.40500,4708.14500,4704.03500,4704.27500
XAUUSD,M5,2026-04-27T09:10:00Z,4704.45500,4705.98500,4702.62500,4705.08500
XAUUSD,M5,2026-04-27T09:15:00Z,4705.06500,4705.94500,4703.33500,4705.36500
XAUUSD,M5,2026-04-27T09:20:00Z,4705.28500,4705.97500,4704.71500,4705.73500
XAUUSD,M5,2026-04-27T09:25:00Z,4705.70500,4706.60500,4701.44500,4702.13500
XAUUSD,M5,2026-04-27T09:30:00Z,4702.13500,4703.75500,4699.15500,4702.87500
XAUUSD,M5,2026-04-27T09:35:00Z,4702.86500,4704.22500,4700.49500,4704.18500
XAUUSD,M5,2026-04-27T09:40:00Z,4704.14500,4705.35500,4703.17500,4704.53500
XAUUSD,M5,2026-04-27T09:45:00Z,4704.47500,4704.53500,4700.05500,4700.30500
XAUUSD,M5,2026-04-27T09:50:00Z,4700.12500,4702.49500,4699.40500,4700.35500
XAUUSD,M5,2026-04-27T09:55:00Z,4700.40500,4704.28500,4700.36500,4703.55500
XAUUSD,M5,2026-04-27T10:00:00Z,4703.57500,4706.01500,4702.67500,4705.22500
XAUUSD,M5,2026-04-27T10:05:00Z,4705.25500,4706.75500,4703.35500,4703.71500
XAUUSD,M5,2026-04-27T10:10:00Z,4703.55500,4704.17500,4701.48500,4701.84500
XAUUSD,M5,2026-04-27T10:15:00Z,4701.86500,4702.96500,4699.40500,4702.13500
XAUUSD,M5,2026-04-27T10:20:00Z,4702.16500,4705.76500,4702.16500,4704.24500
XAUUSD,M5,2026-04-27T10:25:00Z,4704.31500,4705.40500,4703.30500,4704.97500
XAUUSD,M5,2026-04-27T10:30:00Z,4704.99500,4707.97500,4704.52500,4707.24500
XAUUSD,M5,2026-04-27T10:35:00Z,4707.16500,4709.55500,4705.19500,4708.23500
XAUUSD,M5,2026-04-27T10:40:00Z,4708.31500,4710.50500,4708.31500,4708.95500
XAUUSD,M5,2026-04-27T10:45:00Z,4709.09500,4710.55500,4707.71500,4708.28500
XAUUSD,M5,2026-04-27T10:50:00Z,4708.30500,4710.11500,4707.01500,4709.20500
XAUUSD,M5,2026-04-27T10:55:00Z,4709.24500,4710.86500,4708.09500,4708.76500
XAUUSD,M5,2026-04-27T11:00:00Z,4708.79500,4709.07500,4705.23500,4705.70500
XAUUSD,M5,2026-04-27T11:05:00Z,4705.73500,4707.76500,4705.34500,4706.85500
XAUUSD,M5,2026-04-27T11:10:00Z,4706.83500,4706.90500,4703.82500,4703.93500
XAUUSD,M5,2026-04-27T11:15:00Z,4703.95500,4704.78500,4700.48500,4703.91500
XAUUSD,M5,2026-04-27T11:20:00Z,4703.83500,4704.67500,4700.13500,4703.90500
XAUUSD,M5,2026-04-27T11:25:00Z,4703.93500,4706.93500,4703.07500,4705.10500
XAUUSD,M5,2026-04-27T11:30:00Z,4705.01500,4708.49500,4704.29500,4705.40500
XAUUSD,M5,2026-04-27T11:35:00Z,4705.40500,4705.62500,4700.50500,4701.91500
XAUUSD,M5,2026-04-27T11:40:00Z,4701.86500,4704.14500,4700.00500,4702.55500
XAUUSD,M5,2026-04-27T11:45:00Z,4702.50500,4705.25500,4702.50500,4702.82500
XAUUSD,M5,2026-04-27T11:50:00Z,4702.80500,4703.25500,4700.86500,4703.24500
XAUUSD,M5,2026-04-27T11:55:00Z,4703.29500,4705.01500,4700.78500,4704.78500
XAUUSD,M5,2026-04-27T12:00:00Z,4704.82500,4706.15500,4702.46500,4705.10500
XAUUSD,M5,2026-04-27T12:05:00Z,4705.12500,4706.15500,4702.37500,4706.05500
XAUUSD,M5,2026-04-27T12:10:00Z,4706.05500,4709.16500,4703.98500,4708.83500
XAUUSD,M5,2026-04-27T12:15:00Z,4708.85500,4711.39500,4707.11500,4710.70500
XAUUSD,M5,2026-04-27T12:20:00Z,4710.72500,4712.47500,4707.82500,4709.07500
XAUUSD,M5,2026-04-27T12:25:00Z,4709.05500,4709.74500,4701.88500,4706.89500
XAUUSD,M5,2026-04-27T12:30:00Z,4706.89500,4707.63500,4703.86500,4704.22500
XAUUSD,M5,2026-04-27T12:35:00Z,4704.34500,4705.15500,4700.93500,4701.35500
XAUUSD,M5,2026-04-27T12:40:00Z,4701.40500,4702.21500,4696.90500,4698.68500
XAUUSD,M5,2026-04-27T12:45:00Z,4698.58500,4703.40500,4697.32500,4703.22500
XAUUSD,M5,2026-04-27T12:50:00Z,4703.17500,4704.29500,4701.36500,4702.66500
XAUUSD,M5,2026-04-27T12:55:00Z,4702.64500,4702.67500,4696.67500,4699.01500
XAUUSD,M5,2026-04-27T13:00:00Z,4699.04500,4700.50500,4693.15500,4696.09500
XAUUSD,M5,2026-04-27T13:05:00Z,4696.09500,4696.78500,4693.12500,4696.01500
XAUUSD,M5,2026-04-27T13:10:00Z,4696.03500,4699.46500,4693.77500,4695.82500
XAUUSD,M5,2026-04-27T13:15:00Z,4695.83500,4703.30500,4695.36500,4700.50500
XAUUSD,M5,2026-04-27T13:20:00Z,4700.50500,4702.93500,4698.97500,4699.32500
XAUUSD,M5,2026-04-27T13:25:00Z,4699.16500,4700.09500,4697.41500,4699.78500
XAUUSD,M5,2026-04-27T13:30:00Z,4699.86500,4702.47500,4693.50500,4694.35500
XAUUSD,M5,2026-04-27T13:35:00Z,4694.34500,4695.40500,4688.82500,4692.23500
XAUUSD,M5,2026-04-27T13:40:00Z,4692.23500,4694.47500,4690.92500,4693.19500
XAUUSD,M5,2026-04-27T13:45:00Z,4693.22500,4695.60500,4689.39500,4689.64500
XAUUSD,M5,2026-04-27T13:50:00Z,4689.61500,4695.64500,4689.15500,4694.53500
XAUUSD,M5,2026-04-27T13:55:00Z,4694.55500,4697.28500,4692.67500,4695.93500
XAUUSD,M5,2026-04-27T14:00:00Z,4695.94500,4696.02500,4691.70500,4693.81500
XAUUSD,M5,2026-04-27T14:05:00Z,4693.79500,4696.07500,4688.38500,4688.74500
XAUUSD,M5,2026-04-27T14:10:00Z,4688.76500,4692.95500,4687.83500,4692.36500
XAUUSD,M5,2026-04-27T14:15:00Z,4692.36500,4696.43500,4690.44500,4695.08500
XAUUSD,M5,2026-04-27T14:20:00Z,4695.05500,4696.17500,4691.77500,4693.05500
XAUUSD,M5,2026-04-27T14:25:00Z,4693.05500,4694.11500,4686.06500,4688.80500
XAUUSD,M5,2026-04-27T14:30:00Z,4688.88500,4688.89500,4683.36500,4685.65500
XAUUSD,M5,2026-04-27T14:35:00Z,4685.71500,4696.58500,4685.44500,4693.17500
XAUUSD,M5,2026-04-27T14:40:00Z,4693.21500,4695.16500,4689.94500,4693.31500
XAUUSD,M5,2026-04-27T14:45:00Z,4693.45500,4693.91500,4690.27500,4690.84500
XAUUSD,M5,2026-04-27T14:50:00Z,4690.82500,4691.81500,4679.89800,4680.54500
