trade_date,symbol,symbol_name,open,high,low,close,pre_close,volume,amount,data_source,asof_date,notes
20250909,000001.SZ,平安银行,11.71,11.78,11.68,11.75,11.7,860539.17,1009279.729,tushare:daily,20250909,daily_ohlcv_raw_from_tushare
20250909,000002.SZ,万科A,6.79,6.91,6.74,6.86,6.76,2179398.04,1494592.694,tushare:daily,20250909,daily_ohlcv_raw_from_tushare
20250909,000651.SZ,格力电器,41.44,41.67,41.26,41.34,41.42,666713.52,2763193.803,tushare:daily,20250909,daily_ohlcv_raw_from_tushare
20250909,000725.SZ,京东方A,4.12,4.13,4.06,4.1,4.13,4612171.73,1887151.035,tushare:daily,20250909,daily_ohlcv_raw_from_tushare
20250909,002230.SZ,科大讯飞,52.01,52.32,50.28,50.31,52.7,673738.79,3433665.891,tushare:daily,20250909,daily_ohlcv_raw_from_tushare
20250909,002594.SZ,比亚迪,106.0,107.2,105.27,105.49,106.25,381636.22,4049249.507,tushare:daily,20250909,daily_ohlcv_raw_from_tushare
20250909,300750.SZ,宁德时代,322.8,334.58,317.16,320.0,325.37,434023.97,14085497.658,tushare:daily,20250909,daily_ohlcv_raw_from_tushare
20250909,600019.SH,宝钢股份,7.0,7.21,6.98,7.07,7.02,1151744.91,819669.847,tushare:daily,20250909,daily_ohlcv_raw_from_tushare
20250909,600030.SH,中信证券,29.45,29.74,29.38,29.52,29.45,1179284.05,3481157.225,tushare:daily,20250909,daily_ohlcv_raw_from_tushare
20250909,600050.SH,中国联通,5.61,5.62,5.47,5.47,5.65,8616784.1,4765844.57,tushare:daily,20250909,daily_ohlcv_raw_from_tushare
20250909,600276.SH,恒瑞医药,72.17,74.04,70.48,71.09,72.31,767670.09,5517534.684,tushare:daily,20250909,daily_ohlcv_raw_from_tushare
20250909,600309.SH,万华化学,69.65,70.2,67.82,68.52,69.6,403632.65,2786129.201,tushare:daily,20250909,daily_ohlcv_raw_from_tushare
20250909,600519.SH,贵州茅台,1505.0,1509.95,1493.42,1505.0,1501.23,35742.77,5366650.005,tushare:daily,20250909,daily_ohlcv_raw_from_tushare
20250909,600760.SH,中航沈飞,54.63,56.9,54.36,55.67,54.59,356480.33,1994602.216,tushare:daily,20250909,daily_ohlcv_raw_from_tushare
20250909,600900.SH,长江电力,28.16,28.2,27.96,28.01,28.15,761316.32,2134208.194,tushare:daily,20250909,daily_ohlcv_raw_from_tushare
20250909,601012.SH,隆基绿能,17.81,18.05,17.53,17.61,17.99,1468569.09,2603150.424,tushare:daily,20250909,daily_ohlcv_raw_from_tushare
20250909,601225.SH,陕西煤业,20.25,20.4,20.16,20.28,20.25,318817.54,646082.238,tushare:daily,20250909,daily_ohlcv_raw_from_tushare
20250909,601318.SH,中国平安,57.76,58.29,57.55,58.0,57.7,518911.44,3004298.501,tushare:daily,20250909,daily_ohlcv_raw_from_tushare
20250909,601899.SH,紫金矿业,24.99,25.85,24.75,25.19,24.64,3533515.54,8945036.383,tushare:daily,20250909,daily_ohlcv_raw_from_tushare
20250909,688981.SH,中芯国际,102.0,108.65,101.2,102.99,114.76,1574695.7,16482005.03,tushare:daily,20250909,daily_ohlcv_raw_from_tushare
20250910,000001.SZ,平安银行,11.74,11.79,11.71,11.77,11.75,792668.39,932170.201,tushare:daily,20250910,daily_ohlcv_raw_from_tushare
20250910,000002.SZ,万科A,6.81,6.86,6.76,6.86,6.86,1397196.76,950570.519,tushare:daily,20250910,daily_ohlcv_raw_from_tushare
20250910,000651.SZ,格力电器,41.32,41.37,41.11,41.16,41.34,491111.92,2023251.595,tushare:daily,20250910,daily_ohlcv_raw_from_tushare
20250910,000725.SZ,京东方A,4.1,4.1,4.06,4.08,4.1,3644817.35,1487420.804,tushare:daily,20250910,daily_ohlcv_raw_from_tushare
20250910,002230.SZ,科大讯飞,50.35,50.87,50.1,50.17,50.31,341809.78,1724253.923,tushare:daily,20250910,daily_ohlcv_raw_from_tushare
20250910,002594.SZ,比亚迪,105.52,106.45,105.02,105.2,105.49,322368.95,3401353.898,tushare:daily,20250910,daily_ohlcv_raw_from_tushare
20250910,300750.SZ,宁德时代,317.99,322.0,313.0,316.04,320.0,367526.83,11649703.595,tushare:daily,20250910,daily_ohlcv_raw_from_tushare
20250910,600019.SH,宝钢股份,7.04,7.06,6.92,6.94,7.07,929375.44,646478.545,tushare:daily,20250910,daily_ohlcv_raw_from_tushare
20250910,600030.SH,中信证券,29.57,29.69,29.34,29.48,29.52,884048.43,2609280.738,tushare:daily,20250910,daily_ohlcv_raw_from_tushare
20250910,600050.SH,中国联通,5.55,5.95,5.52,5.76,5.47,15881347.79,9160416.707,tushare:daily,20250910,daily_ohlcv_raw_from_tushare
20250910,600276.SH,恒瑞医药,70.84,71.77,70.08,70.32,71.09,468204.13,3306783.039,tushare:daily,20250910,daily_ohlcv_raw_from_tushare
20250910,600309.SH,万华化学,67.84,68.38,66.96,67.54,68.52,244392.88,1651111.48,tushare:daily,20250910,daily_ohlcv_raw_from_tushare
20250910,600519.SH,贵州茅台,1506.66,1529.95,1496.0,1522.01,1505.0,49663.31,7541460.049,tushare:daily,20250910,daily_ohlcv_raw_from_tushare
20250910,600760.SH,中航沈飞,55.75,58.18,55.7,57.24,55.67,316933.04,1823985.629,tushare:daily,20250910,daily_ohlcv_raw_from_tushare
20250910,600900.SH,长江电力,28.01,28.09,27.9,28.01,28.01,598614.83,1675916.918,tushare:daily,20250910,daily_ohlcv_raw_from_tushare
20250910,601012.SH,隆基绿能,17.5,17.58,17.0,17.2,17.61,1537668.67,2648424.099,tushare:daily,20250910,daily_ohlcv_raw_from_tushare
20250910,601225.SH,陕西煤业,20.31,20.32,20.01,20.03,20.28,301888.99,606460.621,tushare:daily,20250910,daily_ohlcv_raw_from_tushare
20250910,601318.SH,中国平安,57.77,58.16,57.62,57.87,58.0,308469.74,1786675.715,tushare:daily,20250910,daily_ohlcv_raw_from_tushare
20250910,601899.SH,紫金矿业,24.55,25.26,24.51,25.18,25.19,2243912.5,5601726.779,tushare:daily,20250910,daily_ohlcv_raw_from_tushare
20250910,688981.SH,中芯国际,103.0,105.96,102.13,103.91,102.99,1039925.7,10822524.036,tushare:daily,20250910,daily_ohlcv_raw_from_tushare
20250911,000001.SZ,平安银行,11.77,11.85,11.71,11.85,11.77,963931.63,1134234.367,tushare:daily,20250911,daily_ohlcv_raw_from_tushare
20250911,000002.SZ,万科A,6.82,6.84,6.73,6.83,6.86,1462904.75,992115.321,tushare:daily,20250911,daily_ohlcv_raw_from_tushare
20250911,000651.SZ,格力电器,41.17,41.39,41.01,41.37,41.16,528172.46,2173796.449,tushare:daily,20250911,daily_ohlcv_raw_from_tushare
20250911,000725.SZ,京东方A,4.08,4.16,4.06,4.16,4.08,7051552.08,2908382.788,tushare:daily,20250911,daily_ohlcv_raw_from_tushare
20250911,002230.SZ,科大讯飞,50.47,51.49,49.72,51.49,50.17,534695.69,2721586.223,tushare:daily,20250911,daily_ohlcv_raw_from_tushare
20250911,002594.SZ,比亚迪,105.25,106.6,104.89,106.59,105.2,537781.49,5683446.689,tushare:daily,20250911,daily_ohlcv_raw_from_tushare
20250911,300750.SZ,宁德时代,315.55,322.98,309.04,322.55,316.04,380344.6,12060756.827,tushare:daily,20250911,daily_ohlcv_raw_from_tushare
20250911,600019.SH,宝钢股份,6.94,7.07,6.93,7.06,6.94,950506.1,666315.661,tushare:daily,20250911,daily_ohlcv_raw_from_tushare
20250911,600030.SH,中信证券,29.39,30.33,29.3,30.33,29.48,1863990.77,5582043.266,tushare:daily,20250911,daily_ohlcv_raw_from_tushare
20250911,600050.SH,中国联通,5.68,5.77,5.62,5.77,5.76,10194499.94,5803989.198,tushare:daily,20250911,daily_ohlcv_raw_from_tushare
20250911,600276.SH,恒瑞医药,66.58,68.47,64.0,68.29,70.32,1942359.37,12928573.364,tushare:daily,20250911,daily_ohlcv_raw_from_tushare
20250911,600309.SH,万华化学,67.3,68.5,66.82,68.43,67.54,319294.65,2159602.266,tushare:daily,20250911,daily_ohlcv_raw_from_tushare
20250911,600519.SH,贵州茅台,1522.01,1526.02,1508.5,1523.5,1522.01,37238.96,5642778.456,tushare:daily,20250911,daily_ohlcv_raw_from_tushare
20250911,600760.SH,中航沈飞,57.25,58.86,56.82,58.84,57.24,278984.45,1619171.135,tushare:daily,20250911,daily_ohlcv_raw_from_tushare
20250911,600900.SH,长江电力,28.0,28.11,27.92,28.0,28.01,1053966.56,2946879.049,tushare:daily,20250911,daily_ohlcv_raw_from_tushare
20250911,601012.SH,隆基绿能,17.14,17.36,17.01,17.28,17.2,1099614.25,1891692.039,tushare:daily,20250911,daily_ohlcv_raw_from_tushare
20250911,601225.SH,陕西煤业,20.09,20.26,19.91,20.19,20.03,323983.2,649798.913,tushare:daily,20250911,daily_ohlcv_raw_from_tushare
20250911,601318.SH,中国平安,57.9,58.69,57.6,58.69,57.87,595072.07,3464480.19,tushare:daily,20250911,daily_ohlcv_raw_from_tushare
20250911,601899.SH,紫金矿业,25.25,25.74,25.08,25.71,25.18,2504284.71,6371900.233,tushare:daily,20250911,daily_ohlcv_raw_from_tushare
20250911,688981.SH,中芯国际,102.62,112.8,99.98,110.28,103.91,1467501.66,15776091.423,tushare:daily,20250911,daily_ohlcv_raw_from_tushare
20250912,000001.SZ,平安银行,11.83,11.88,11.7,11.72,11.85,940385.1,1107449.057,tushare:daily,20250912,daily_ohlcv_raw_from_tushare
20250912,000002.SZ,万科A,6.83,7.14,6.83,6.94,6.83,3220891.59,2235885.454,tushare:daily,20250912,daily_ohlcv_raw_from_tushare
20250912,000651.SZ,格力电器,41.38,41.45,41.02,41.05,41.37,660883.69,2722505.542,tushare:daily,20250912,daily_ohlcv_raw_from_tushare
20250912,000725.SZ,京东方A,4.19,4.2,4.15,4.17,4.16,5953652.34,2483992.512,tushare:daily,20250912,daily_ohlcv_raw_from_tushare
20250912,002230.SZ,科大讯飞,51.54,52.66,51.38,51.47,51.49,622686.66,3235648.545,tushare:daily,20250912,daily_ohlcv_raw_from_tushare
20250912,002594.SZ,比亚迪,106.6,107.58,105.9,105.91,106.59,455910.18,4859782.579,tushare:daily,20250912,daily_ohlcv_raw_from_tushare
20250912,300750.SZ,宁德时代,325.9,329.9,322.2,325.0,322.55,338713.16,11031032.653,tushare:daily,20250912,daily_ohlcv_raw_from_tushare
20250912,600019.SH,宝钢股份,7.07,7.2,6.97,7.03,7.06,1859233.8,1314434.402,tushare:daily,20250912,daily_ohlcv_raw_from_tushare
20250912,600030.SH,中信证券,30.36,30.43,29.7,29.78,30.33,1479843.24,4443482.473,tushare:daily,20250912,daily_ohlcv_raw_from_tushare
20250912,600050.SH,中国联通,5.75,5.79,5.67,5.68,5.77,6853746.98,3912295.116,tushare:daily,20250912,daily_ohlcv_raw_from_tushare
20250912,600276.SH,恒瑞医药,68.28,69.51,67.86,69.01,68.29,831215.21,5710845.365,tushare:daily,20250912,daily_ohlcv_raw_from_tushare
20250912,600309.SH,万华化学,68.44,68.71,67.1,67.79,68.43,263774.07,1787294.117,tushare:daily,20250912,daily_ohlcv_raw_from_tushare
20250912,600519.SH,贵州茅台,1526.0,1538.02,1510.53,1516.0,1523.5,33722.09,5132184.935,tushare:daily,20250912,daily_ohlcv_raw_from_tushare
20250912,600760.SH,中航沈飞,58.87,59.29,58.1,58.25,58.84,197416.07,1155613.56,tushare:daily,20250912,daily_ohlcv_raw_from_tushare
20250912,600900.SH,长江电力,28.0,28.15,27.9,27.93,28.0,929728.12,2603224.928,tushare:daily,20250912,daily_ohlcv_raw_from_tushare
20250912,601012.SH,隆基绿能,17.29,17.36,16.98,17.12,17.28,1096566.83,1881430.322,tushare:daily,20250912,daily_ohlcv_raw_from_tushare
20250912,601225.SH,陕西煤业,20.2,20.35,20.03,20.23,20.19,402259.85,812126.257,tushare:daily,20250912,daily_ohlcv_raw_from_tushare
20250912,601318.SH,中国平安,58.98,59.2,57.5,57.68,58.69,735376.27,4277497.749,tushare:daily,20250912,daily_ohlcv_raw_from_tushare
20250912,601899.SH,紫金矿业,26.0,26.35,25.43,25.65,25.71,3262668.58,8437739.638,tushare:daily,20250912,daily_ohlcv_raw_from_tushare
20250912,688981.SH,中芯国际,109.28,112.49,108.01,108.42,110.28,1159022.04,12730296.246,tushare:daily,20250912,daily_ohlcv_raw_from_tushare
20250915,000001.SZ,平安银行,11.7,11.72,11.63,11.65,11.72,840386.56,980347.617,tushare:daily,20250915,daily_ohlcv_raw_from_tushare
20250915,000002.SZ,万科A,6.92,7.04,6.82,6.97,6.94,2289230.25,1584580.818,tushare:daily,20250915,daily_ohlcv_raw_from_tushare
20250915,000651.SZ,格力电器,41.04,41.05,40.68,40.94,41.05,492795.18,2012642.286,tushare:daily,20250915,daily_ohlcv_raw_from_tushare
20250915,000725.SZ,京东方A,4.17,4.25,4.15,4.16,4.17,5787836.98,2424286.731,tushare:daily,20250915,daily_ohlcv_raw_from_tushare
20250915,002230.SZ,科大讯飞,51.49,52.11,51.13,51.6,51.47,427841.69,2207847.573,tushare:daily,20250915,daily_ohlcv_raw_from_tushare
20250915,002594.SZ,比亚迪,106.0,110.85,106.0,108.7,105.91,974804.07,10620465.041,tushare:daily,20250915,daily_ohlcv_raw_from_tushare
20250915,300750.SZ,宁德时代,346.01,371.52,344.02,354.7,325.0,718410.23,25586615.241,tushare:daily,20250915,daily_ohlcv_raw_from_tushare
20250915,600019.SH,宝钢股份,7.0,7.04,6.95,7.01,7.03,1012415.54,707044.878,tushare:daily,20250915,daily_ohlcv_raw_from_tushare
20250915,600030.SH,中信证券,29.86,30.15,29.42,29.59,29.78,1724541.02,5134931.803,tushare:daily,20250915,daily_ohlcv_raw_from_tushare
20250915,600050.SH,中国联通,5.66,5.67,5.56,5.58,5.68,4547586.25,2545716.547,tushare:daily,20250915,daily_ohlcv_raw_from_tushare
20250915,600276.SH,恒瑞医药,68.85,69.69,68.26,69.1,69.01,611881.53,4225790.379,tushare:daily,20250915,daily_ohlcv_raw_from_tushare
20250915,600309.SH,万华化学,67.79,69.09,67.5,67.74,67.79,209925.1,1426753.682,tushare:daily,20250915,daily_ohlcv_raw_from_tushare
20250915,600519.SH,贵州茅台,1515.87,1517.48,1501.5,1515.1,1516.0,25827.03,3901929.718,tushare:daily,20250915,daily_ohlcv_raw_from_tushare
20250915,600760.SH,中航沈飞,58.0,59.05,57.77,58.39,58.25,162915.98,951882.755,tushare:daily,20250915,daily_ohlcv_raw_from_tushare
20250915,600900.SH,长江电力,27.9,27.91,27.76,27.8,27.93,725656.97,2016875.299,tushare:daily,20250915,daily_ohlcv_raw_from_tushare
20250915,601012.SH,隆基绿能,17.13,17.5,17.1,17.16,17.12,1067448.7,1843544.711,tushare:daily,20250915,daily_ohlcv_raw_from_tushare
20250915,601225.SH,陕西煤业,20.23,20.5,20.09,20.39,20.23,465514.61,943227.332,tushare:daily,20250915,daily_ohlcv_raw_from_tushare
20250915,601318.SH,中国平安,57.65,57.99,57.09,57.33,57.68,546842.42,3147658.745,tushare:daily,20250915,daily_ohlcv_raw_from_tushare
20250915,601899.SH,紫金矿业,25.54,26.1,25.3,25.5,25.65,2408981.87,6197208.655,tushare:daily,20250915,daily_ohlcv_raw_from_tushare
20250915,688981.SH,中芯国际,110.55,112.55,107.5,108.66,108.42,946836.18,10395575.384,tushare:daily,20250915,daily_ohlcv_raw_from_tushare
20250916,000001.SZ,平安银行,11.66,11.71,11.61,11.64,11.65,708048.49,825169.464,tushare:daily,20250916,daily_ohlcv_raw_from_tushare
20250916,000002.SZ,万科A,6.95,7.05,6.89,7.04,6.97,2226805.38,1553899.604,tushare:daily,20250916,daily_ohlcv_raw_from_tushare
20250916,000651.SZ,格力电器,40.89,40.89,40.5,40.5,40.94,555724.98,2256583.688,tushare:daily,20250916,daily_ohlcv_raw_from_tushare
20250916,000725.SZ,京东方A,4.17,4.18,4.1,4.13,4.16,5098731.45,2103302.503,tushare:daily,20250916,daily_ohlcv_raw_from_tushare
20250916,002230.SZ,科大讯飞,51.6,52.65,51.36,52.27,51.6,547889.71,2855578.25,tushare:daily,20250916,daily_ohlcv_raw_from_tushare
20250916,002594.SZ,比亚迪,109.0,109.0,107.22,107.8,108.7,533160.21,5753437.964,tushare:daily,20250916,daily_ohlcv_raw_from_tushare
20250916,300750.SZ,宁德时代,356.11,359.0,348.5,353.42,354.7,377444.65,13325722.242,tushare:daily,20250916,daily_ohlcv_raw_from_tushare
20250916,600019.SH,宝钢股份,7.01,7.1,6.88,6.93,7.01,1397109.19,968604.663,tushare:daily,20250916,daily_ohlcv_raw_from_tushare
20250916,600030.SH,中信证券,29.6,29.86,29.21,29.28,29.59,2083444.21,6137333.282,tushare:daily,20250916,daily_ohlcv_raw_from_tushare
20250916,600050.SH,中国联通,5.57,5.61,5.52,5.58,5.58,3603624.0,2004779.335,tushare:daily,20250916,daily_ohlcv_raw_from_tushare
20250916,600276.SH,恒瑞医药,69.1,69.34,68.34,69.15,69.1,434582.05,2991348.434,tushare:daily,20250916,daily_ohlcv_raw_from_tushare
20250916,600309.SH,万华化学,67.81,68.05,66.0,66.61,67.74,284113.48,1893584.287,tushare:daily,20250916,daily_ohlcv_raw_from_tushare
20250916,600519.SH,贵州茅台,1515.1,1520.99,1496.21,1499.98,1515.1,32717.89,4928374.478,tushare:daily,20250916,daily_ohlcv_raw_from_tushare
20250916,600760.SH,中航沈飞,58.3,58.39,57.03,57.89,58.39,154965.86,893516.59,tushare:daily,20250916,daily_ohlcv_raw_from_tushare
20250916,600900.SH,长江电力,27.79,27.8,27.65,27.73,27.8,575128.76,1594342.991,tushare:daily,20250916,daily_ohlcv_raw_from_tushare
20250916,601012.SH,隆基绿能,17.29,17.5,16.85,17.05,17.16,1198009.28,2045195.615,tushare:daily,20250916,daily_ohlcv_raw_from_tushare
20250916,601225.SH,陕西煤业,20.6,20.7,20.19,20.27,20.39,346881.67,706447.107,tushare:daily,20250916,daily_ohlcv_raw_from_tushare
20250916,601318.SH,中国平安,57.35,57.45,56.5,56.62,57.33,685713.61,3894056.719,tushare:daily,20250916,daily_ohlcv_raw_from_tushare
20250916,601899.SH,紫金矿业,26.1,26.15,24.89,25.32,25.5,3128029.39,7930713.746,tushare:daily,20250916,daily_ohlcv_raw_from_tushare
20250916,688981.SH,中芯国际,109.0,111.86,108.09,109.78,108.66,866259.24,9501062.259,tushare:daily,20250916,daily_ohlcv_raw_from_tushare
20250917,000001.SZ,平安银行,11.64,11.67,11.58,11.64,11.64,771128.93,896750.27,tushare:daily,20250917,daily_ohlcv_raw_from_tushare
20250917,000002.SZ,万科A,7.03,7.08,6.93,7.05,7.04,1663639.87,1165912.724,tushare:daily,20250917,daily_ohlcv_raw_from_tushare
20250917,000651.SZ,格力电器,40.46,40.83,40.37,40.79,40.5,525926.42,2136326.5,tushare:daily,20250917,daily_ohlcv_raw_from_tushare
20250917,000725.SZ,京东方A,4.13,4.18,4.1,4.16,4.13,5275441.19,2189133.373,tushare:daily,20250917,daily_ohlcv_raw_from_tushare
20250917,002230.SZ,科大讯飞,52.25,52.75,51.7,52.4,52.27,499096.95,2603880.299,tushare:daily,20250917,daily_ohlcv_raw_from_tushare
20250917,002594.SZ,比亚迪,108.2,112.0,108.2,110.99,107.8,981239.71,10827682.692,tushare:daily,20250917,daily_ohlcv_raw_from_tushare
20250917,300750.SZ,宁德时代,356.8,381.88,354.0,377.1,353.42,543771.0,20113064.234,tushare:daily,20250917,daily_ohlcv_raw_from_tushare
20250917,600019.SH,宝钢股份,6.9,7.03,6.88,6.92,6.93,1425382.63,990718.513,tushare:daily,20250917,daily_ohlcv_raw_from_tushare
20250917,600030.SH,中信证券,29.29,29.51,28.96,28.99,29.28,3024152.62,8823722.234,tushare:daily,20250917,daily_ohlcv_raw_from_tushare
20250917,600050.SH,中国联通,5.57,5.72,5.53,5.62,5.58,5043601.85,2824149.475,tushare:daily,20250917,daily_ohlcv_raw_from_tushare
20250917,600276.SH,恒瑞医药,69.3,70.8,69.3,70.13,69.15,586033.71,4103135.889,tushare:daily,20250917,daily_ohlcv_raw_from_tushare
20250917,600309.SH,万华化学,66.32,67.5,66.06,67.01,66.61,212181.75,1417532.549,tushare:daily,20250917,daily_ohlcv_raw_from_tushare
20250917,600519.SH,贵州茅台,1499.99,1510.28,1490.01,1493.0,1499.98,30330.54,4534770.634,tushare:daily,20250917,daily_ohlcv_raw_from_tushare
20250917,600760.SH,中航沈飞,57.9,58.57,57.53,58.5,57.89,149135.69,866243.195,tushare:daily,20250917,daily_ohlcv_raw_from_tushare
20250917,600900.SH,长江电力,27.72,27.83,27.67,27.7,27.73,614926.75,1704493.488,tushare:daily,20250917,daily_ohlcv_raw_from_tushare
20250917,601012.SH,隆基绿能,17.0,17.47,16.82,17.3,17.05,1323768.23,2279274.111,tushare:daily,20250917,daily_ohlcv_raw_from_tushare
20250917,601225.SH,陕西煤业,20.25,21.08,20.2,20.81,20.27,621858.75,1290933.914,tushare:daily,20250917,daily_ohlcv_raw_from_tushare
20250917,601318.SH,中国平安,56.66,56.97,56.45,56.57,56.62,684651.87,3878151.157,tushare:daily,20250917,daily_ohlcv_raw_from_tushare
20250917,601899.SH,紫金矿业,25.12,25.29,24.75,25.07,25.32,2092149.7,5229817.966,tushare:daily,20250917,daily_ohlcv_raw_from_tushare
20250917,688981.SH,中芯国际,110.8,120.8,109.8,117.39,109.78,1528475.61,17861084.416,tushare:daily,20250917,daily_ohlcv_raw_from_tushare
20250918,000001.SZ,平安银行,11.65,11.66,11.38,11.41,11.64,1386160.4,1594827.2,tushare:daily,20250918,daily_ohlcv_raw_from_tushare
20250918,000002.SZ,万科A,6.98,6.99,6.72,6.77,7.05,2552968.64,1748915.147,tushare:daily,20250918,daily_ohlcv_raw_from_tushare
20250918,000651.SZ,格力电器,40.7,40.87,40.08,40.21,40.79,580312.18,2346320.116,tushare:daily,20250918,daily_ohlcv_raw_from_tushare
20250918,000725.SZ,京东方A,4.16,4.22,4.1,4.14,4.16,8427305.92,3514369.252,tushare:daily,20250918,daily_ohlcv_raw_from_tushare
20250918,002230.SZ,科大讯飞,52.43,54.26,51.8,52.58,52.4,1009565.65,5363628.288,tushare:daily,20250918,daily_ohlcv_raw_from_tushare
20250918,002594.SZ,比亚迪,110.99,112.8,108.56,109.71,110.99,934013.8,10362193.293,tushare:daily,20250918,daily_ohlcv_raw_from_tushare
20250918,300750.SZ,宁德时代,374.59,380.0,360.8,366.89,377.1,518896.9,19308545.614,tushare:daily,20250918,daily_ohlcv_raw_from_tushare
20250918,600019.SH,宝钢股份,6.93,6.94,6.83,6.86,6.92,1298684.98,894619.891,tushare:daily,20250918,daily_ohlcv_raw_from_tushare
20250918,600030.SH,中信证券,29.01,29.19,28.15,28.35,28.99,3729978.84,10712761.661,tushare:daily,20250918,daily_ohlcv_raw_from_tushare
20250918,600050.SH,中国联通,5.59,5.61,5.45,5.47,5.62,5344779.49,2956170.004,tushare:daily,20250918,daily_ohlcv_raw_from_tushare
20250918,600276.SH,恒瑞医药,70.56,73.12,69.9,71.09,70.13,865638.88,6173830.34,tushare:daily,20250918,daily_ohlcv_raw_from_tushare
20250918,600309.SH,万华化学,67.02,67.08,65.35,65.88,67.01,314009.89,2079520.749,tushare:daily,20250918,daily_ohlcv_raw_from_tushare
20250918,600519.SH,贵州茅台,1492.0,1497.8,1463.5,1467.96,1493.0,49721.25,7347477.479,tushare:daily,20250918,daily_ohlcv_raw_from_tushare
20250918,600760.SH,中航沈飞,58.47,59.77,58.01,58.65,58.5,262113.86,1545925.559,tushare:daily,20250918,daily_ohlcv_raw_from_tushare
20250918,600900.SH,长江电力,27.69,27.7,27.21,27.31,27.7,1448432.97,3975030.224,tushare:daily,20250918,daily_ohlcv_raw_from_tushare
20250918,601012.SH,隆基绿能,17.31,17.4,16.64,16.82,17.3,1539046.61,2622599.869,tushare:daily,20250918,daily_ohlcv_raw_from_tushare
20250918,601225.SH,陕西煤业,20.7,20.76,20.0,20.19,20.81,553122.0,1121265.497,tushare:daily,20250918,daily_ohlcv_raw_from_tushare
20250918,601318.SH,中国平安,56.64,56.67,55.11,55.28,56.57,1012073.56,5649599.209,tushare:daily,20250918,daily_ohlcv_raw_from_tushare
20250918,601899.SH,紫金矿业,24.68,25.04,24.11,24.42,25.07,2631921.55,6485158.842,tushare:daily,20250918,daily_ohlcv_raw_from_tushare
20250918,688981.SH,中芯国际,119.98,127.49,116.35,122.15,117.39,1931567.78,23495279.107,tushare:daily,20250918,daily_ohlcv_raw_from_tushare
20250919,000001.SZ,平安银行,11.41,11.51,11.37,11.45,11.41,834651.23,955004.097,tushare:daily,20250919,daily_ohlcv_raw_from_tushare
20250919,000002.SZ,万科A,6.75,7.04,6.68,6.98,6.77,2733151.85,1881123.059,tushare:daily,20250919,daily_ohlcv_raw_from_tushare
20250919,000651.SZ,格力电器,40.11,40.46,40.01,40.44,40.21,393408.52,1583195.857,tushare:daily,20250919,daily_ohlcv_raw_from_tushare
20250919,000725.SZ,京东方A,4.12,4.18,4.12,4.13,4.14,5535342.22,2299804.727,tushare:daily,20250919,daily_ohlcv_raw_from_tushare
20250919,002230.SZ,科大讯飞,52.58,53.92,52.17,52.8,52.58,744618.13,3962036.238,tushare:daily,20250919,daily_ohlcv_raw_from_tushare
20250919,002594.SZ,比亚迪,109.8,110.8,109.0,109.09,109.71,472977.48,5188176.204,tushare:daily,20250919,daily_ohlcv_raw_from_tushare
20250919,300750.SZ,宁德时代,365.0,375.71,361.72,368.49,366.89,339148.86,12515443.887,tushare:daily,20250919,daily_ohlcv_raw_from_tushare
20250919,600019.SH,宝钢股份,6.86,6.97,6.84,6.91,6.86,1183956.65,818173.639,tushare:daily,20250919,daily_ohlcv_raw_from_tushare
20250919,600030.SH,中信证券,28.25,28.6,28.14,28.31,28.35,1662300.32,4717340.586,tushare:daily,20250919,daily_ohlcv_raw_from_tushare
20250919,600050.SH,中国联通,5.47,5.52,5.42,5.42,5.47,3674672.22,2009844.461,tushare:daily,20250919,daily_ohlcv_raw_from_tushare
20250919,600276.SH,恒瑞医药,71.1,71.24,69.49,69.65,71.09,524392.42,3681125.692,tushare:daily,20250919,daily_ohlcv_raw_from_tushare
20250919,600309.SH,万华化学,65.66,66.52,65.31,65.31,65.88,293062.87,1927303.609,tushare:daily,20250919,daily_ohlcv_raw_from_tushare
20250919,600519.SH,贵州茅台,1467.99,1475.5,1457.01,1467.97,1467.96,32636.62,4784528.851,tushare:daily,20250919,daily_ohlcv_raw_from_tushare
20250919,600760.SH,中航沈飞,59.6,63.08,59.6,62.45,58.65,569575.2,3547301.42,tushare:daily,20250919,daily_ohlcv_raw_from_tushare
20250919,600900.SH,长江电力,27.32,27.35,27.12,27.2,27.31,734670.22,1999478.366,tushare:daily,20250919,daily_ohlcv_raw_from_tushare
20250919,601012.SH,隆基绿能,16.82,17.11,16.78,16.9,16.82,1101385.54,1869844.831,tushare:daily,20250919,daily_ohlcv_raw_from_tushare
20250919,601225.SH,陕西煤业,20.18,20.9,20.12,20.72,20.19,603429.31,1244620.168,tushare:daily,20250919,daily_ohlcv_raw_from_tushare
20250919,601318.SH,中国平安,55.29,56.0,55.0,55.1,55.28,543321.11,3008279.78,tushare:daily,20250919,daily_ohlcv_raw_from_tushare
20250919,601899.SH,紫金矿业,24.42,25.15,24.42,25.02,24.42,2021762.73,5031694.021,tushare:daily,20250919,daily_ohlcv_raw_from_tushare
20250919,688981.SH,中芯国际,123.0,127.4,120.11,121.34,122.15,1449106.23,17943778.048,tushare:daily,20250919,daily_ohlcv_raw_from_tushare
20250922,000001.SZ,平安银行,11.44,11.47,11.37,11.38,11.45,596402.32,680158.439,tushare:daily,20250922,daily_ohlcv_raw_from_tushare
20250922,000002.SZ,万科A,6.9,7.1,6.83,7.0,6.98,2259038.66,1573171.75,tushare:daily,20250922,daily_ohlcv_raw_from_tushare
20250922,000651.SZ,格力电器,40.3,40.33,39.7,39.83,40.44,582026.71,2322154.503,tushare:daily,20250922,daily_ohlcv_raw_from_tushare
20250922,000725.SZ,京东方A,4.13,4.18,4.08,4.14,4.13,5037545.98,2079566.768,tushare:daily,20250922,daily_ohlcv_raw_from_tushare
20250922,002230.SZ,科大讯飞,53.25,53.77,52.59,53.2,52.8,626645.49,3331938.106,tushare:daily,20250922,daily_ohlcv_raw_from_tushare
20250922,002594.SZ,比亚迪,108.87,108.91,107.15,107.99,109.09,491559.23,5293961.578,tushare:daily,20250922,daily_ohlcv_raw_from_tushare
20250922,300750.SZ,宁德时代,370.5,372.72,362.78,370.05,368.49,285277.63,10474484.764,tushare:daily,20250922,daily_ohlcv_raw_from_tushare
20250922,600019.SH,宝钢股份,6.9,6.96,6.84,6.96,6.91,948529.53,653831.553,tushare:daily,20250922,daily_ohlcv_raw_from_tushare
20250922,600030.SH,中信证券,28.45,28.88,28.36,28.78,28.31,1559234.18,4470772.78,tushare:daily,20250922,daily_ohlcv_raw_from_tushare
20250922,600050.SH,中国联通,5.45,5.49,5.42,5.47,5.42,2651683.5,1445072.396,tushare:daily,20250922,daily_ohlcv_raw_from_tushare
20250922,600276.SH,恒瑞医药,70.49,72.7,70.4,71.05,69.65,576542.43,4118513.261,tushare:daily,20250922,daily_ohlcv_raw_from_tushare
20250922,600309.SH,万华化学,65.22,65.22,63.51,64.1,65.31,287562.59,1842656.03,tushare:daily,20250922,daily_ohlcv_raw_from_tushare
20250922,600519.SH,贵州茅台,1465.09,1467.97,1450.01,1453.35,1467.97,34947.08,5085057.536,tushare:daily,20250922,daily_ohlcv_raw_from_tushare
20250922,600760.SH,中航沈飞,62.1,63.95,62.02,63.74,62.45,388327.9,2451426.879,tushare:daily,20250922,daily_ohlcv_raw_from_tushare
20250922,600900.SH,长江电力,27.1,27.25,27.02,27.12,27.2,696830.94,1890783.496,tushare:daily,20250922,daily_ohlcv_raw_from_tushare
20250922,601012.SH,隆基绿能,16.9,16.91,16.43,16.6,16.9,1068423.51,1771746.495,tushare:daily,20250922,daily_ohlcv_raw_from_tushare
20250922,601225.SH,陕西煤业,20.77,21.07,20.38,20.47,20.72,426845.55,879623.154,tushare:daily,20250922,daily_ohlcv_raw_from_tushare
20250922,601318.SH,中国平安,55.37,55.65,55.0,55.15,55.1,374437.68,2068811.784,tushare:daily,20250922,daily_ohlcv_raw_from_tushare
20250922,601899.SH,紫金矿业,25.5,25.56,24.85,25.37,25.02,1944232.51,4893950.898,tushare:daily,20250922,daily_ohlcv_raw_from_tushare
20250922,688981.SH,中芯国际,120.54,129.83,119.05,128.92,121.34,1588281.47,19858613.711,tushare:daily,20250922,daily_ohlcv_raw_from_tushare
20250923,000001.SZ,平安银行,11.37,11.58,11.32,11.52,11.38,1341430.22,1543271.185,tushare:daily,20250923,daily_ohlcv_raw_from_tushare
20250923,000002.SZ,万科A,6.94,6.95,6.68,6.76,7.0,1845203.37,1250871.499,tushare:daily,20250923,daily_ohlcv_raw_from_tushare
20250923,000651.SZ,格力电器,39.8,40.03,39.46,39.64,39.83,434243.66,1723357.528,tushare:daily,20250923,daily_ohlcv_raw_from_tushare
20250923,000725.SZ,京东方A,4.15,4.18,4.05,4.16,4.14,7129824.87,2932731.471,tushare:daily,20250923,daily_ohlcv_raw_from_tushare
20250923,002230.SZ,科大讯飞,53.31,53.36,50.75,51.65,53.2,779323.4,4035116.424,tushare:daily,20250923,daily_ohlcv_raw_from_tushare
20250923,002594.SZ,比亚迪,107.45,107.69,104.64,105.6,107.99,650962.62,6888232.046,tushare:daily,20250923,daily_ohlcv_raw_from_tushare
20250923,300750.SZ,宁德时代,368.0,376.96,360.0,368.15,370.05,348493.15,12813882.35,tushare:daily,20250923,daily_ohlcv_raw_from_tushare
20250923,600019.SH,宝钢股份,6.93,6.97,6.85,6.92,6.96,848512.26,585484.781,tushare:daily,20250923,daily_ohlcv_raw_from_tushare
20250923,600030.SH,中信证券,28.63,28.81,28.25,28.5,28.78,1497357.24,4261899.074,tushare:daily,20250923,daily_ohlcv_raw_from_tushare
20250923,600050.SH,中国联通,5.47,5.48,5.37,5.42,5.47,3485291.75,1885337.159,tushare:daily,20250923,daily_ohlcv_raw_from_tushare
20250923,600276.SH,恒瑞医药,71.0,71.19,68.5,69.7,71.05,561329.57,3909219.697,tushare:daily,20250923,daily_ohlcv_raw_from_tushare
20250923,600309.SH,万华化学,64.12,64.41,62.59,63.34,64.1,268882.6,1698997.495,tushare:daily,20250923,daily_ohlcv_raw_from_tushare
20250923,600519.SH,贵州茅台,1450.5,1457.5,1440.0,1447.42,1453.35,38663.0,5588384.388,tushare:daily,20250923,daily_ohlcv_raw_from_tushare
20250923,600760.SH,中航沈飞,64.7,65.08,62.19,63.74,63.74,289171.97,1829557.076,tushare:daily,20250923,daily_ohlcv_raw_from_tushare
20250923,600900.SH,长江电力,27.12,27.39,27.03,27.32,27.12,872473.25,2375221.478,tushare:daily,20250923,daily_ohlcv_raw_from_tushare
20250923,601012.SH,隆基绿能,16.55,16.7,16.07,16.29,16.6,1034342.27,1687496.776,tushare:daily,20250923,daily_ohlcv_raw_from_tushare
20250923,601225.SH,陕西煤业,20.4,20.98,20.3,20.66,20.47,529089.27,1093932.101,tushare:daily,20250923,daily_ohlcv_raw_from_tushare
20250923,601318.SH,中国平安,55.03,55.79,54.74,55.02,55.15,612960.96,3385890.145,tushare:daily,20250923,daily_ohlcv_raw_from_tushare
20250923,601899.SH,紫金矿业,25.6,26.38,25.25,25.82,25.37,2761082.02,7111485.401,tushare:daily,20250923,daily_ohlcv_raw_from_tushare
20250923,688981.SH,中芯国际,127.64,129.33,122.63,128.51,128.92,1441273.53,18120121.818,tushare:daily,20250923,daily_ohlcv_raw_from_tushare
20250924,000001.SZ,平安银行,11.51,11.62,11.43,11.46,11.52,1139583.47,1310214.181,tushare:daily,20250924,daily_ohlcv_raw_from_tushare
20250924,000002.SZ,万科A,6.71,6.94,6.69,6.84,6.76,1571675.16,1075298.493,tushare:daily,20250924,daily_ohlcv_raw_from_tushare
20250924,000651.SZ,格力电器,39.65,40.04,39.43,39.99,39.64,363780.47,1448981.726,tushare:daily,20250924,daily_ohlcv_raw_from_tushare
20250924,000725.SZ,京东方A,4.14,4.22,4.11,4.21,4.16,9485993.11,3974622.845,tushare:daily,20250924,daily_ohlcv_raw_from_tushare
20250924,002230.SZ,科大讯飞,51.25,55.99,51.05,55.05,51.65,1594764.4,8653428.484,tushare:daily,20250924,daily_ohlcv_raw_from_tushare
20250924,002594.SZ,比亚迪,105.0,105.83,104.0,105.71,105.6,548162.27,5758922.305,tushare:daily,20250924,daily_ohlcv_raw_from_tushare
20250924,300750.SZ,宁德时代,371.0,380.0,366.06,379.93,368.15,383145.48,14311189.086,tushare:daily,20250924,daily_ohlcv_raw_from_tushare
20250924,600019.SH,宝钢股份,6.81,6.88,6.74,6.86,6.8,795702.68,542811.442,tushare:daily,20250924,daily_ohlcv_raw_from_tushare
20250924,600030.SH,中信证券,28.35,28.87,28.34,28.69,28.5,1558198.04,4449992.755,tushare:daily,20250924,daily_ohlcv_raw_from_tushare
20250924,600050.SH,中国联通,5.4,5.5,5.37,5.48,5.42,2981529.31,1626922.257,tushare:daily,20250924,daily_ohlcv_raw_from_tushare
20250924,600276.SH,恒瑞医药,69.7,70.38,69.3,70.11,69.7,395302.11,2763214.641,tushare:daily,20250924,daily_ohlcv_raw_from_tushare
20250924,600309.SH,万华化学,63.06,63.92,63.0,63.68,63.34,215650.93,1367004.947,tushare:daily,20250924,daily_ohlcv_raw_from_tushare
20250924,600519.SH,贵州茅台,1434.07,1456.78,1434.07,1442.0,1447.42,30743.5,4443052.872,tushare:daily,20250924,daily_ohlcv_raw_from_tushare
20250924,600760.SH,中航沈飞,63.15,65.5,62.32,64.14,63.74,259408.53,1659134.492,tushare:daily,20250924,daily_ohlcv_raw_from_tushare
20250924,600900.SH,长江电力,27.28,27.53,27.24,27.25,27.32,874412.99,2391918.904,tushare:daily,20250924,daily_ohlcv_raw_from_tushare
20250924,601012.SH,隆基绿能,16.28,17.4,16.18,17.4,16.29,1804191.26,3038409.287,tushare:daily,20250924,daily_ohlcv_raw_from_tushare
20250924,601225.SH,陕西煤业,20.6,20.79,20.4,20.55,20.66,329484.35,677002.699,tushare:daily,20250924,daily_ohlcv_raw_from_tushare
20250924,601318.SH,中国平安,55.29,55.75,54.95,55.29,55.02,503174.33,2781363.925,tushare:daily,20250924,daily_ohlcv_raw_from_tushare
20250924,601899.SH,紫金矿业,25.82,25.93,25.49,25.93,25.82,1680028.37,4324307.319,tushare:daily,20250924,daily_ohlcv_raw_from_tushare
20250924,688981.SH,中芯国际,126.88,137.98,126.23,134.98,128.51,1460947.53,19497523.266,tushare:daily,20250924,daily_ohlcv_raw_from_tushare
20250925,000001.SZ,平安银行,11.43,11.47,11.36,11.4,11.46,773275.94,881943.148,tushare:daily,20250925,daily_ohlcv_raw_from_tushare
20250925,000002.SZ,万科A,6.83,6.9,6.76,6.8,6.84,1234019.75,840051.757,tushare:daily,20250925,daily_ohlcv_raw_from_tushare
20250925,000651.SZ,格力电器,39.88,39.9,39.45,39.5,39.99,468990.83,1857372.586,tushare:daily,20250925,daily_ohlcv_raw_from_tushare
20250925,000725.SZ,京东方A,4.2,4.21,4.15,4.17,4.21,6549625.42,2735280.005,tushare:daily,20250925,daily_ohlcv_raw_from_tushare
20250925,002230.SZ,科大讯飞,54.5,56.66,54.4,56.17,55.05,1234587.03,6893545.69,tushare:daily,20250925,daily_ohlcv_raw_from_tushare
20250925,002594.SZ,比亚迪,105.34,108.8,104.87,107.5,105.71,693482.04,7421942.405,tushare:daily,20250925,daily_ohlcv_raw_from_tushare
20250925,300750.SZ,宁德时代,376.6,402.59,376.47,392.85,379.93,466393.38,18251421.708,tushare:daily,20250925,daily_ohlcv_raw_from_tushare
20250925,600019.SH,宝钢股份,6.85,6.87,6.78,6.79,6.86,647737.59,441092.944,tushare:daily,20250925,daily_ohlcv_raw_from_tushare
20250925,600030.SH,中信证券,28.63,28.84,28.55,28.71,28.69,1328063.22,3815540.272,tushare:daily,20250925,daily_ohlcv_raw_from_tushare
20250925,600050.SH,中国联通,5.47,5.47,5.42,5.45,5.48,2400782.71,1307489.611,tushare:daily,20250925,daily_ohlcv_raw_from_tushare
20250925,600276.SH,恒瑞医药,72.4,73.08,71.55,72.27,70.11,739039.18,5347121.399,tushare:daily,20250925,daily_ohlcv_raw_from_tushare
20250925,600309.SH,万华化学,63.66,65.35,63.55,64.56,63.68,285235.59,1843083.119,tushare:daily,20250925,daily_ohlcv_raw_from_tushare
20250925,600519.SH,贵州茅台,1442.83,1445.21,1436.0,1439.0,1442.0,33869.73,4873274.661,tushare:daily,20250925,daily_ohlcv_raw_from_tushare
20250925,600760.SH,中航沈飞,63.66,64.88,62.69,63.88,64.14,262056.08,1672368.203,tushare:daily,20250925,daily_ohlcv_raw_from_tushare
20250925,600900.SH,长江电力,27.21,27.33,27.08,27.29,27.25,634292.58,1726865.388,tushare:daily,20250925,daily_ohlcv_raw_from_tushare
20250925,601012.SH,隆基绿能,17.38,18.05,17.23,17.76,17.4,2260226.77,4013782.259,tushare:daily,20250925,daily_ohlcv_raw_from_tushare
20250925,601225.SH,陕西煤业,20.45,20.53,20.31,20.46,20.55,278436.03,568063.482,tushare:daily,20250925,daily_ohlcv_raw_from_tushare
20250925,601318.SH,中国平安,55.28,55.39,55.03,55.09,55.29,514296.16,2838283.234,tushare:daily,20250925,daily_ohlcv_raw_from_tushare
20250925,601899.SH,紫金矿业,26.9,27.64,26.69,27.27,25.93,3953227.24,10746355.716,tushare:daily,20250925,daily_ohlcv_raw_from_tushare
20250925,688981.SH,中芯国际,133.0,137.8,132.31,134.11,134.98,1032583.21,13953307.668,tushare:daily,20250925,daily_ohlcv_raw_from_tushare
20250926,000001.SZ,平安银行,11.39,11.44,11.32,11.4,11.4,753238.75,856917.688,tushare:daily,20250926,daily_ohlcv_raw_from_tushare
20250926,000002.SZ,万科A,6.76,6.98,6.73,6.8,6.8,1509024.13,1034089.811,tushare:daily,20250926,daily_ohlcv_raw_from_tushare
20250926,000651.SZ,格力电器,39.51,40.05,39.3,39.85,39.5,450107.54,1788343.094,tushare:daily,20250926,daily_ohlcv_raw_from_tushare
20250926,000725.SZ,京东方A,4.16,4.17,4.1,4.1,4.17,7091057.95,2923583.292,tushare:daily,20250926,daily_ohlcv_raw_from_tushare
20250926,002230.SZ,科大讯飞,55.8,56.0,54.13,54.2,56.17,796259.27,4368605.054,tushare:daily,20250926,daily_ohlcv_raw_from_tushare
20250926,002594.SZ,比亚迪,107.45,111.23,107.0,107.29,107.5,756612.07,8250492.997,tushare:daily,20250926,daily_ohlcv_raw_from_tushare
20250926,300750.SZ,宁德时代,392.02,399.99,380.0,380.4,392.85,362633.26,14106499.742,tushare:daily,20250926,daily_ohlcv_raw_from_tushare
20250926,600019.SH,宝钢股份,6.79,7.02,6.77,6.96,6.79,1399204.43,970159.332,tushare:daily,20250926,daily_ohlcv_raw_from_tushare
20250926,600030.SH,中信证券,28.67,28.99,28.51,28.72,28.71,1266430.6,3641096.137,tushare:daily,20250926,daily_ohlcv_raw_from_tushare
20250926,600050.SH,中国联通,5.43,5.45,5.41,5.41,5.45,2168461.09,1177345.712,tushare:daily,20250926,daily_ohlcv_raw_from_tushare
20250926,600276.SH,恒瑞医药,70.8,71.37,69.23,70.08,72.27,699044.85,4900954.441,tushare:daily,20250926,daily_ohlcv_raw_from_tushare
20250926,600309.SH,万华化学,64.48,64.87,63.9,64.01,64.56,209298.25,1347414.871,tushare:daily,20250926,daily_ohlcv_raw_from_tushare
20250926,600519.SH,贵州茅台,1441.18,1447.11,1428.01,1435.0,1439.0,45120.71,6480889.597,tushare:daily,20250926,daily_ohlcv_raw_from_tushare
20250926,600760.SH,中航沈飞,64.0,65.97,63.31,64.48,63.88,317190.96,2057934.379,tushare:daily,20250926,daily_ohlcv_raw_from_tushare
20250926,600900.SH,长江电力,27.3,27.55,27.24,27.47,27.29,794087.06,2177282.26,tushare:daily,20250926,daily_ohlcv_raw_from_tushare
20250926,601012.SH,隆基绿能,17.65,17.83,17.48,17.5,17.76,964187.6,1698219.493,tushare:daily,20250926,daily_ohlcv_raw_from_tushare
20250926,601225.SH,陕西煤业,20.39,20.65,20.24,20.32,20.42,535273.63,1093913.353,tushare:daily,20250926,daily_ohlcv_raw_from_tushare
20250926,601318.SH,中国平安,55.02,55.55,54.66,55.22,55.09,548621.87,3021459.544,tushare:daily,20250926,daily_ohlcv_raw_from_tushare
20250926,601899.SH,紫金矿业,27.1,28.36,26.91,27.4,27.27,2820571.94,7783995.639,tushare:daily,20250926,daily_ohlcv_raw_from_tushare
20250926,688981.SH,中芯国际,132.71,135.95,131.2,132.27,134.11,912445.19,12181639.386,tushare:daily,20250926,daily_ohlcv_raw_from_tushare
20250929,000001.SZ,平安银行,11.4,11.48,11.27,11.37,11.4,1176012.43,1334456.974,tushare:daily,20250929,daily_ohlcv_raw_from_tushare
20250929,000002.SZ,万科A,6.78,6.87,6.65,6.81,6.8,1634571.95,1102204.585,tushare:daily,20250929,daily_ohlcv_raw_from_tushare
20250929,000651.SZ,格力电器,39.85,40.05,39.45,39.94,39.85,410191.4,1628579.198,tushare:daily,20250929,daily_ohlcv_raw_from_tushare
20250929,000725.SZ,京东方A,4.1,4.13,4.04,4.12,4.1,7313187.76,2984613.077,tushare:daily,20250929,daily_ohlcv_raw_from_tushare
20250929,002230.SZ,科大讯飞,54.25,54.9,53.61,53.95,54.2,588304.14,3178034.501,tushare:daily,20250929,daily_ohlcv_raw_from_tushare
20250929,002594.SZ,比亚迪,107.0,109.14,106.39,108.61,107.29,613983.68,6621874.267,tushare:daily,20250929,daily_ohlcv_raw_from_tushare
20250929,300750.SZ,宁德时代,386.34,399.89,386.01,397.37,380.4,389647.45,15381134.07,tushare:daily,20250929,daily_ohlcv_raw_from_tushare
20250929,600019.SH,宝钢股份,6.95,7.0,6.84,6.99,6.96,930686.03,642906.247,tushare:daily,20250929,daily_ohlcv_raw_from_tushare
20250929,600030.SH,中信证券,28.72,31.49,28.62,30.41,28.72,5937714.49,17972866.572,tushare:daily,20250929,daily_ohlcv_raw_from_tushare
20250929,600050.SH,中国联通,5.41,5.47,5.37,5.46,5.41,2858065.45,1548385.136,tushare:daily,20250929,daily_ohlcv_raw_from_tushare
20250929,600276.SH,恒瑞医药,69.79,69.79,67.76,69.2,70.08,647991.04,4442889.453,tushare:daily,20250929,daily_ohlcv_raw_from_tushare
20250929,600309.SH,万华化学,64.2,66.53,63.7,65.94,64.01,329371.69,2146263.245,tushare:daily,20250929,daily_ohlcv_raw_from_tushare
20250929,600519.SH,贵州茅台,1439.38,1469.99,1435.0,1460.86,1435.0,53684.03,7798434.586,tushare:daily,20250929,daily_ohlcv_raw_from_tushare
20250929,600760.SH,中航沈飞,65.0,65.8,63.21,65.3,64.48,257280.68,1669031.651,tushare:daily,20250929,daily_ohlcv_raw_from_tushare
20250929,600900.SH,长江电力,27.43,27.5,27.19,27.3,27.47,927031.0,2532328.827,tushare:daily,20250929,daily_ohlcv_raw_from_tushare
20250929,601012.SH,隆基绿能,17.48,17.7,17.39,17.58,17.5,1170919.1,2053870.973,tushare:daily,20250929,daily_ohlcv_raw_from_tushare
20250929,601225.SH,陕西煤业,20.27,20.27,19.9,20.06,20.32,525939.01,1052717.834,tushare:daily,20250929,daily_ohlcv_raw_from_tushare
20250929,601318.SH,中国平安,55.18,57.32,55.03,56.01,55.22,1035109.92,5816595.783,tushare:daily,20250929,daily_ohlcv_raw_from_tushare
20250929,601899.SH,紫金矿业,27.7,28.86,27.53,28.77,27.4,3997939.58,11348209.387,tushare:daily,20250929,daily_ohlcv_raw_from_tushare
20250929,688981.SH,中芯国际,131.0,136.02,129.16,136.02,132.27,1027207.23,13627566.349,tushare:daily,20250929,daily_ohlcv_raw_from_tushare
20250930,000001.SZ,平安银行,11.37,11.37,11.29,11.34,11.37,832479.47,942224.081,tushare:daily,20250930,daily_ohlcv_raw_from_tushare
20250930,000002.SZ,万科A,6.8,6.93,6.76,6.89,6.81,1763048.82,1211551.715,tushare:daily,20250930,daily_ohlcv_raw_from_tushare
20250930,000651.SZ,格力电器,39.96,40.0,39.66,39.72,39.94,395376.15,1572376.371,tushare:daily,20250930,daily_ohlcv_raw_from_tushare
20250930,000725.SZ,京东方A,4.11,4.17,4.11,4.16,4.12,6941579.65,2880953.71,tushare:daily,20250930,daily_ohlcv_raw_from_tushare
20250930,002230.SZ,科大讯飞,54.85,56.42,54.3,56.05,53.95,970798.54,5402759.284,tushare:daily,20250930,daily_ohlcv_raw_from_tushare
20250930,002594.SZ,比亚迪,108.19,109.98,107.76,109.21,108.61,567755.5,6200518.75,tushare:daily,20250930,daily_ohlcv_raw_from_tushare
20250930,300750.SZ,宁德时代,396.0,408.88,396.0,402.0,397.37,330313.1,13278445.667,tushare:daily,20250930,daily_ohlcv_raw_from_tushare
20250930,600019.SH,宝钢股份,6.98,7.08,6.93,7.07,6.99,1060949.39,745348.841,tushare:daily,20250930,daily_ohlcv_raw_from_tushare
20250930,600030.SH,中信证券,30.28,30.6,29.74,29.9,30.41,2950387.97,8855514.217,tushare:daily,20250930,daily_ohlcv_raw_from_tushare
20250930,600050.SH,中国联通,5.45,5.51,5.43,5.5,5.46,3160341.23,1728676.715,tushare:daily,20250930,daily_ohlcv_raw_from_tushare
20250930,600276.SH,恒瑞医药,69.0,71.58,68.8,71.55,69.2,579450.78,4079739.679,tushare:daily,20250930,daily_ohlcv_raw_from_tushare
20250930,600309.SH,万华化学,65.88,66.86,65.26,66.58,65.94,293174.11,1938922.281,tushare:daily,20250930,daily_ohlcv_raw_from_tushare
20250930,600519.SH,贵州茅台,1460.0,1460.76,1440.0,1443.99,1460.86,39363.62,5687474.876,tushare:daily,20250930,daily_ohlcv_raw_from_tushare
20250930,600760.SH,中航沈飞,65.29,71.83,65.09,71.83,65.3,639592.96,4465870.026,tushare:daily,20250930,daily_ohlcv_raw_from_tushare
20250930,600900.SH,长江电力,27.35,27.36,27.21,27.25,27.3,618827.74,1686097.117,tushare:daily,20250930,daily_ohlcv_raw_from_tushare
20250930,601012.SH,隆基绿能,17.59,18.05,17.46,18.0,17.58,1692376.97,3014925.216,tushare:daily,20250930,daily_ohlcv_raw_from_tushare
20250930,601225.SH,陕西煤业,20.08,20.13,19.92,20.0,20.06,279856.52,559675.709,tushare:daily,20250930,daily_ohlcv_raw_from_tushare
20250930,601318.SH,中国平安,55.8,56.2,55.0,55.11,56.01,767081.87,4247640.485,tushare:daily,20250930,daily_ohlcv_raw_from_tushare
20250930,601899.SH,紫金矿业,29.57,29.88,28.74,29.44,28.55,3858882.98,11322434.11,tushare:daily,20250930,daily_ohlcv_raw_from_tushare
20250930,688981.SH,中芯国际,138.5,142.0,136.6,140.13,136.02,986229.0,13794113.059,tushare:daily,20250930,daily_ohlcv_raw_from_tushare
20251009,000001.SZ,平安银行,11.33,11.41,11.27,11.4,11.34,1047469.06,1187061.683,tushare:daily,20251009,daily_ohlcv_raw_from_tushare
20251009,000002.SZ,万科A,6.8,6.81,6.6,6.79,6.89,2523403.39,1690536.827,tushare:daily,20251009,daily_ohlcv_raw_from_tushare
20251009,000651.SZ,格力电器,39.73,40.38,39.4,40.38,39.72,638098.38,2543021.33,tushare:daily,20251009,daily_ohlcv_raw_from_tushare
20251009,000725.SZ,京东方A,4.17,4.34,4.17,4.28,4.16,11954060.82,5103439.303,tushare:daily,20251009,daily_ohlcv_raw_from_tushare
20251009,002230.SZ,科大讯飞,56.4,60.99,55.66,59.64,56.05,1573324.69,9192616.377,tushare:daily,20251009,daily_ohlcv_raw_from_tushare
20251009,002594.SZ,比亚迪,108.67,112.48,108.07,110.6,109.21,1008721.97,11196004.667,tushare:daily,20251009,daily_ohlcv_raw_from_tushare
20251009,300750.SZ,宁德时代,399.98,424.36,399.74,409.89,402.0,412088.23,16989122.538,tushare:daily,20251009,daily_ohlcv_raw_from_tushare
20251009,600019.SH,宝钢股份,7.12,7.25,6.94,7.18,7.07,1767708.38,1258023.902,tushare:daily,20251009,daily_ohlcv_raw_from_tushare
20251009,600030.SH,中信证券,29.6,30.25,29.35,29.65,29.9,3807984.68,11325172.371,tushare:daily,20251009,daily_ohlcv_raw_from_tushare
20251009,600050.SH,中国联通,5.48,5.6,5.46,5.58,5.5,4168684.38,2307835.311,tushare:daily,20251009,daily_ohlcv_raw_from_tushare
20251009,600276.SH,恒瑞医药,71.56,71.66,69.11,71.15,71.55,592793.4,4173571.948,tushare:daily,20251009,daily_ohlcv_raw_from_tushare
20251009,600309.SH,万华化学,66.58,67.85,65.3,67.73,66.58,335340.0,2239007.155,tushare:daily,20251009,daily_ohlcv_raw_from_tushare
20251009,600519.SH,贵州茅台,1436.0,1439.38,1420.0,1436.78,1443.99,54918.12,7845448.947,tushare:daily,20251009,daily_ohlcv_raw_from_tushare
20251009,600760.SH,中航沈飞,71.0,71.79,68.0,71.21,71.83,614820.6,4307808.19,tushare:daily,20251009,daily_ohlcv_raw_from_tushare
20251009,600900.SH,长江电力,27.21,27.7,27.15,27.68,27.25,1132499.09,3112861.218,tushare:daily,20251009,daily_ohlcv_raw_from_tushare
20251009,601012.SH,隆基绿能,18.05,19.11,17.87,18.88,18.0,2753406.55,5131257.215,tushare:daily,20251009,daily_ohlcv_raw_from_tushare
20251009,601225.SH,陕西煤业,20.0,20.47,19.73,20.42,20.0,539675.12,1084375.484,tushare:daily,20251009,daily_ohlcv_raw_from_tushare
20251009,601318.SH,中国平安,55.04,55.28,54.25,55.04,55.11,824067.48,4521397.15,tushare:daily,20251009,daily_ohlcv_raw_from_tushare
20251009,601899.SH,紫金矿业,31.22,32.38,30.77,32.38,29.44,5093433.84,16065595.632,tushare:daily,20251009,daily_ohlcv_raw_from_tushare
20251009,688981.SH,中芯国际,144.0,153.0,137.0,138.91,140.13,1662841.1,24249284.345,tushare:daily,20251009,daily_ohlcv_raw_from_tushare
20251010,000001.SZ,平安银行,11.37,11.49,11.36,11.43,11.4,1087947.75,1244213.513,tushare:daily,20251010,daily_ohlcv_raw_from_tushare
20251010,000002.SZ,万科A,6.72,6.89,6.72,6.75,6.79,1548340.35,1050128.72,tushare:daily,20251010,daily_ohlcv_raw_from_tushare
20251010,000651.SZ,格力电器,40.18,40.84,40.03,40.41,40.38,609576.28,2469698.375,tushare:daily,20251010,daily_ohlcv_raw_from_tushare
20251010,000725.SZ,京东方A,4.26,4.27,4.16,4.17,4.28,8704489.13,3654399.538,tushare:daily,20251010,daily_ohlcv_raw_from_tushare
20251010,002230.SZ,科大讯飞,58.5,59.07,55.66,55.97,59.64,1199661.08,6841558.737,tushare:daily,20251010,daily_ohlcv_raw_from_tushare
20251010,002594.SZ,比亚迪,110.55,110.55,107.58,107.79,110.6,590102.53,6420415.513,tushare:daily,20251010,daily_ohlcv_raw_from_tushare
20251010,300750.SZ,宁德时代,401.0,403.8,379.01,381.95,409.89,533117.98,20684330.795,tushare:daily,20251010,daily_ohlcv_raw_from_tushare
20251010,600019.SH,宝钢股份,7.12,7.34,7.1,7.26,7.18,1706128.72,1240571.849,tushare:daily,20251010,daily_ohlcv_raw_from_tushare
20251010,600030.SH,中信证券,29.64,30.27,29.54,29.68,29.65,2675856.28,7995783.962,tushare:daily,20251010,daily_ohlcv_raw_from_tushare
20251010,600050.SH,中国联通,5.56,5.58,5.52,5.53,5.58,2992346.04,1660834.256,tushare:daily,20251010,daily_ohlcv_raw_from_tushare
20251010,600276.SH,恒瑞医药,70.38,70.88,67.85,68.2,71.15,706100.7,4868800.903,tushare:daily,20251010,daily_ohlcv_raw_from_tushare
20251010,600309.SH,万华化学,67.5,68.8,66.66,67.73,67.73,328917.39,2233362.07,tushare:daily,20251010,daily_ohlcv_raw_from_tushare
20251010,600519.SH,贵州茅台,1437.6,1439.94,1427.5,1430.0,1436.78,36001.44,5157459.262,tushare:daily,20251010,daily_ohlcv_raw_from_tushare
20251010,600760.SH,中航沈飞,70.64,73.66,70.1,71.19,71.21,495625.51,3551594.051,tushare:daily,20251010,daily_ohlcv_raw_from_tushare
20251010,600900.SH,长江电力,27.65,27.79,27.51,27.73,27.68,712605.02,1973210.96,tushare:daily,20251010,daily_ohlcv_raw_from_tushare
20251010,601012.SH,隆基绿能,18.97,19.22,18.26,18.4,18.88,1888724.74,3528008.334,tushare:daily,20251010,daily_ohlcv_raw_from_tushare
20251010,601225.SH,陕西煤业,20.25,21.17,20.16,20.67,20.42,579846.69,1200614.428,tushare:daily,20251010,daily_ohlcv_raw_from_tushare
20251010,601318.SH,中国平安,54.73,55.97,54.73,55.54,55.04,641465.32,3560844.773,tushare:daily,20251010,daily_ohlcv_raw_from_tushare
20251010,601899.SH,紫金矿业,31.5,32.0,30.35,30.87,32.38,4660206.25,14488772.296,tushare:daily,20251010,daily_ohlcv_raw_from_tushare
20251010,688981.SH,中芯国际,134.87,134.94,127.17,127.95,138.91,1617420.76,21074152.02,tushare:daily,20251010,daily_ohlcv_raw_from_tushare
20251013,000001.SZ,平安银行,11.32,11.46,11.28,11.4,11.43,1168801.73,1328180.364,tushare:daily,20251013,daily_ohlcv_raw_from_tushare
20251013,000002.SZ,万科A,6.52,6.63,6.47,6.57,6.75,2177742.92,1425261.306,tushare:daily,20251013,daily_ohlcv_raw_from_tushare
20251013,000651.SZ,格力电器,39.8,40.6,39.59,40.45,40.41,565692.97,2268779.182,tushare:daily,20251013,daily_ohlcv_raw_from_tushare
20251013,000725.SZ,京东方A,4.08,4.12,4.04,4.11,4.17,10634842.68,4329024.308,tushare:daily,20251013,daily_ohlcv_raw_from_tushare
20251013,002230.SZ,科大讯飞,53.77,56.5,53.71,55.42,55.97,812882.85,4497019.125,tushare:daily,20251013,daily_ohlcv_raw_from_tushare
20251013,002594.SZ,比亚迪,105.0,105.98,104.1,105.69,107.79,744429.8,7841774.365,tushare:daily,20251013,daily_ohlcv_raw_from_tushare
20251013,300750.SZ,宁德时代,362.86,384.6,362.86,374.5,381.95,471509.98,17618650.277,tushare:daily,20251013,daily_ohlcv_raw_from_tushare
20251013,600019.SH,宝钢股份,7.13,7.32,7.07,7.28,7.26,1496933.48,1080046.762,tushare:daily,20251013,daily_ohlcv_raw_from_tushare
20251013,600030.SH,中信证券,28.9,29.49,28.81,29.2,29.68,2110493.26,6135452.947,tushare:daily,20251013,daily_ohlcv_raw_from_tushare
20251013,600050.SH,中国联通,5.38,5.53,5.36,5.53,5.53,4319383.04,2359146.145,tushare:daily,20251013,daily_ohlcv_raw_from_tushare
20251013,600276.SH,恒瑞医药,66.0,68.03,65.7,66.98,68.2,532287.09,3555005.478,tushare:daily,20251013,daily_ohlcv_raw_from_tushare
20251013,600309.SH,万华化学,65.12,66.78,64.99,66.35,67.73,306093.72,2016781.745,tushare:daily,20251013,daily_ohlcv_raw_from_tushare
20251013,600519.SH,贵州茅台,1415.7,1422.85,1415.12,1419.2,1430.0,46068.8,6533147.458,tushare:daily,20251013,daily_ohlcv_raw_from_tushare
20251013,600760.SH,中航沈飞,69.04,72.26,69.0,70.75,71.19,352325.73,2486115.307,tushare:daily,20251013,daily_ohlcv_raw_from_tushare
20251013,600900.SH,长江电力,27.7,27.9,27.4,27.79,27.73,1174982.2,3255599.09,tushare:daily,20251013,daily_ohlcv_raw_from_tushare
20251013,601012.SH,隆基绿能,17.65,18.29,17.63,18.13,18.4,1574472.06,2824417.781,tushare:daily,20251013,daily_ohlcv_raw_from_tushare
20251013,601225.SH,陕西煤业,20.3,20.67,20.25,20.56,20.67,527323.88,1078622.743,tushare:daily,20251013,daily_ohlcv_raw_from_tushare
20251013,601318.SH,中国平安,54.51,55.33,54.51,55.1,55.54,609655.98,3353288.998,tushare:daily,20251013,daily_ohlcv_raw_from_tushare
20251013,601899.SH,紫金矿业,30.05,31.65,29.88,31.3,30.87,4175730.19,12791497.915,tushare:daily,20251013,daily_ohlcv_raw_from_tushare
20251013,688981.SH,中芯国际,126.0,136.48,126.0,136.47,127.95,1402994.86,18642587.057,tushare:daily,20251013,daily_ohlcv_raw_from_tushare
20251014,000001.SZ,平安银行,11.39,11.6,11.36,11.57,11.4,1843428.36,2124120.304,tushare:daily,20251014,daily_ohlcv_raw_from_tushare
20251014,000002.SZ,万科A,6.57,6.69,6.52,6.53,6.57,1913064.11,1262009.198,tushare:daily,20251014,daily_ohlcv_raw_from_tushare
20251014,000651.SZ,格力电器,40.45,40.79,40.1,40.58,40.45,557710.99,2261968.772,tushare:daily,20251014,daily_ohlcv_raw_from_tushare
20251014,000725.SZ,京东方A,4.12,4.15,4.05,4.06,4.11,8429044.61,3454369.141,tushare:daily,20251014,daily_ohlcv_raw_from_tushare
20251014,002230.SZ,科大讯飞,56.0,56.26,52.82,52.9,55.42,868055.92,4701299.402,tushare:daily,20251014,daily_ohlcv_raw_from_tushare
20251014,002594.SZ,比亚迪,106.68,109.36,105.62,105.99,105.69,767786.27,8244228.529,tushare:daily,20251014,daily_ohlcv_raw_from_tushare
20251014,300750.SZ,宁德时代,381.0,385.8,355.77,358.0,374.5,496399.39,18319370.881,tushare:daily,20251014,daily_ohlcv_raw_from_tushare
20251014,600019.SH,宝钢股份,7.33,7.36,7.19,7.22,7.28,961974.25,698743.379,tushare:daily,20251014,daily_ohlcv_raw_from_tushare
20251014,600030.SH,中信证券,29.2,29.71,28.93,29.03,29.2,1955124.52,5727412.73,tushare:daily,20251014,daily_ohlcv_raw_from_tushare
20251014,600050.SH,中国联通,5.53,5.59,5.5,5.52,5.53,3760586.94,2086045.564,tushare:daily,20251014,daily_ohlcv_raw_from_tushare
20251014,600276.SH,恒瑞医药,67.61,67.66,63.7,64.27,66.98,702946.63,4593967.583,tushare:daily,20251014,daily_ohlcv_raw_from_tushare
20251014,600309.SH,万华化学,66.54,67.45,64.54,64.77,66.35,306328.49,2010503.834,tushare:daily,20251014,daily_ohlcv_raw_from_tushare
20251014,600519.SH,贵州茅台,1429.99,1464.0,1429.99,1451.02,1419.2,66672.33,9639484.605,tushare:daily,20251014,daily_ohlcv_raw_from_tushare
20251014,600760.SH,中航沈飞,70.55,70.89,67.47,67.72,70.75,392978.47,2708076.999,tushare:daily,20251014,daily_ohlcv_raw_from_tushare
20251014,600900.SH,长江电力,27.74,28.01,27.55,27.99,27.79,1366699.04,3807496.908,tushare:daily,20251014,daily_ohlcv_raw_from_tushare
20251014,601012.SH,隆基绿能,18.4,19.94,18.4,19.28,18.13,5569400.97,10927964.906,tushare:daily,20251014,daily_ohlcv_raw_from_tushare
20251014,601225.SH,陕西煤业,20.55,21.54,20.5,21.33,20.56,1034838.22,2193200.831,tushare:daily,20251014,daily_ohlcv_raw_from_tushare
20251014,601318.SH,中国平安,55.58,56.68,55.52,56.48,55.1,1022940.25,5757976.241,tushare:daily,20251014,daily_ohlcv_raw_from_tushare
20251014,601899.SH,紫金矿业,32.4,32.65,29.15,29.5,31.3,5392360.5,16576942.201,tushare:daily,20251014,daily_ohlcv_raw_from_tushare
20251014,688981.SH,中芯国际,136.96,137.8,125.8,127.2,136.47,1321004.03,17321652.001,tushare:daily,20251014,daily_ohlcv_raw_from_tushare
20251015,000001.SZ,平安银行,11.34,11.42,11.26,11.4,11.33,1271061.03,1443458.105,tushare:daily,20251015,daily_ohlcv_raw_from_tushare
20251015,000002.SZ,万科A,6.52,6.57,6.42,6.49,6.53,1766066.12,1144865.927,tushare:daily,20251015,daily_ohlcv_raw_from_tushare
20251015,000651.SZ,格力电器,40.65,40.95,40.45,40.82,40.58,438869.95,1790310.725,tushare:daily,20251015,daily_ohlcv_raw_from_tushare
20251015,000725.SZ,京东方A,4.07,4.12,4.05,4.1,4.06,5682302.58,2321083.018,tushare:daily,20251015,daily_ohlcv_raw_from_tushare
20251015,002230.SZ,科大讯飞,53.06,54.55,52.51,54.48,52.9,588260.99,3154843.096,tushare:daily,20251015,daily_ohlcv_raw_from_tushare
20251015,002594.SZ,比亚迪,106.45,107.51,105.5,107.1,105.99,475791.33,5063179.652,tushare:daily,20251015,daily_ohlcv_raw_from_tushare
20251015,300750.SZ,宁德时代,358.5,369.71,354.76,369.3,358.0,369933.55,13383852.917,tushare:daily,20251015,daily_ohlcv_raw_from_tushare
20251015,600019.SH,宝钢股份,7.23,7.32,7.18,7.25,7.22,977401.0,708351.141,tushare:daily,20251015,daily_ohlcv_raw_from_tushare
20251015,600030.SH,中信证券,29.14,29.73,29.06,29.69,29.03,1964851.92,5779800.802,tushare:daily,20251015,daily_ohlcv_raw_from_tushare
20251015,600050.SH,中国联通,5.52,5.55,5.45,5.51,5.52,2708080.13,1489548.323,tushare:daily,20251015,daily_ohlcv_raw_from_tushare
20251015,600276.SH,恒瑞医药,64.2,66.42,63.68,66.4,64.27,511231.63,3335928.393,tushare:daily,20251015,daily_ohlcv_raw_from_tushare
20251015,600309.SH,万华化学,64.7,65.56,64.07,64.75,64.77,208856.78,1349772.906,tushare:daily,20251015,daily_ohlcv_raw_from_tushare
20251015,600519.SH,贵州茅台,1450.98,1463.0,1445.08,1462.0,1451.02,42785.4,6233407.482,tushare:daily,20251015,daily_ohlcv_raw_from_tushare
20251015,600760.SH,中航沈飞,67.72,67.74,65.6,66.58,67.72,322030.29,2136193.981,tushare:daily,20251015,daily_ohlcv_raw_from_tushare
20251015,600900.SH,长江电力,27.98,28.15,27.77,27.93,27.99,926323.29,2588206.846,tushare:daily,20251015,daily_ohlcv_raw_from_tushare
20251015,601012.SH,隆基绿能,19.27,20.24,18.84,19.72,19.28,4612512.32,9042907.864,tushare:daily,20251015,daily_ohlcv_raw_from_tushare
20251015,601225.SH,陕西煤业,21.5,21.83,21.28,21.83,21.33,613436.83,1323619.633,tushare:daily,20251015,daily_ohlcv_raw_from_tushare
20251015,601318.SH,中国平安,56.48,57.97,56.3,57.81,56.48,837046.28,4793965.559,tushare:daily,20251015,daily_ohlcv_raw_from_tushare
20251015,601899.SH,紫金矿业,29.96,31.2,29.38,30.98,29.5,3656411.42,11059689.469,tushare:daily,20251015,daily_ohlcv_raw_from_tushare
20251015,688981.SH,中芯国际,127.18,129.73,124.6,129.56,127.2,807987.26,10284318.328,tushare:daily,20251015,daily_ohlcv_raw_from_tushare
20251016,000001.SZ,平安银行,11.38,11.55,11.36,11.54,11.4,1261936.87,1447841.585,tushare:daily,20251016,daily_ohlcv_raw_from_tushare
20251016,000002.SZ,万科A,6.47,6.48,6.38,6.4,6.49,1434724.25,921148.581,tushare:daily,20251016,daily_ohlcv_raw_from_tushare
20251016,000651.SZ,格力电器,40.82,40.94,40.6,40.77,40.82,397468.59,1618938.798,tushare:daily,20251016,daily_ohlcv_raw_from_tushare
20251016,000725.SZ,京东方A,4.1,4.11,4.06,4.08,4.1,4037342.72,1648298.521,tushare:daily,20251016,daily_ohlcv_raw_from_tushare
20251016,002230.SZ,科大讯飞,53.97,54.24,53.37,53.71,54.48,405015.86,2174948.131,tushare:daily,20251016,daily_ohlcv_raw_from_tushare
20251016,002594.SZ,比亚迪,107.0,109.3,106.51,106.96,107.1,523096.38,5628738.804,tushare:daily,20251016,daily_ohlcv_raw_from_tushare
20251016,300750.SZ,宁德时代,367.5,373.9,364.5,368.5,369.3,276294.67,10185159.269,tushare:daily,20251016,daily_ohlcv_raw_from_tushare
20251016,600019.SH,宝钢股份,7.23,7.25,7.12,7.15,7.25,767301.4,549993.296,tushare:daily,20251016,daily_ohlcv_raw_from_tushare
20251016,600030.SH,中信证券,29.6,29.98,29.5,29.65,29.69,1597315.18,4745901.327,tushare:daily,20251016,daily_ohlcv_raw_from_tushare
20251016,600050.SH,中国联通,5.51,5.52,5.47,5.5,5.51,2246804.72,1234623.236,tushare:daily,20251016,daily_ohlcv_raw_from_tushare
20251016,600276.SH,恒瑞医药,66.43,68.5,65.72,66.84,66.4,460377.57,3096812.048,tushare:daily,20251016,daily_ohlcv_raw_from_tushare
20251016,600309.SH,万华化学,64.82,64.82,62.55,62.99,64.75,351123.83,2226520.884,tushare:daily,20251016,daily_ohlcv_raw_from_tushare
20251016,600519.SH,贵州茅台,1461.92,1484.95,1458.88,1484.91,1462.0,45730.15,6749162.949,tushare:daily,20251016,daily_ohlcv_raw_from_tushare
20251016,600760.SH,中航沈飞,67.88,69.3,66.99,67.14,66.58,369281.84,2520049.463,tushare:daily,20251016,daily_ohlcv_raw_from_tushare
20251016,600900.SH,长江电力,27.85,28.17,27.84,28.16,27.93,939734.94,2639404.753,tushare:daily,20251016,daily_ohlcv_raw_from_tushare
20251016,601012.SH,隆基绿能,19.65,20.35,19.51,20.25,19.72,3560638.87,7120042.855,tushare:daily,20251016,daily_ohlcv_raw_from_tushare
20251016,601225.SH,陕西煤业,21.85,22.65,21.81,22.54,21.83,759993.57,1700715.388,tushare:daily,20251016,daily_ohlcv_raw_from_tushare
20251016,601318.SH,中国平安,57.68,58.58,57.61,58.02,57.81,681478.2,3966486.441,tushare:daily,20251016,daily_ohlcv_raw_from_tushare
20251016,601899.SH,紫金矿业,30.99,31.37,30.06,30.47,30.98,2899009.66,8890666.662,tushare:daily,20251016,daily_ohlcv_raw_from_tushare
20251016,688981.SH,中芯国际,127.8,130.28,126.6,127.3,129.56,612310.62,7841134.057,tushare:daily,20251016,daily_ohlcv_raw_from_tushare
20251017,000001.SZ,平安银行,11.5,11.58,11.38,11.4,11.54,1039666.32,1193518.555,tushare:daily,20251017,daily_ohlcv_raw_from_tushare
20251017,000002.SZ,万科A,6.39,6.43,6.31,6.32,6.4,1429013.29,909191.87,tushare:daily,20251017,daily_ohlcv_raw_from_tushare
20251017,000651.SZ,格力电器,40.73,41.05,40.17,40.22,40.77,451803.83,1833060.233,tushare:daily,20251017,daily_ohlcv_raw_from_tushare
20251017,000725.SZ,京东方A,4.07,4.09,4.0,4.0,4.08,6538105.72,2638604.172,tushare:daily,20251017,daily_ohlcv_raw_from_tushare
20251017,002230.SZ,科大讯飞,53.72,53.72,51.27,51.34,53.71,628998.97,3272441.723,tushare:daily,20251017,daily_ohlcv_raw_from_tushare
20251017,002594.SZ,比亚迪,106.6,106.63,104.26,104.43,106.96,625724.94,6576614.911,tushare:daily,20251017,daily_ohlcv_raw_from_tushare
20251017,300750.SZ,宁德时代,367.5,375.0,356.99,358.14,368.5,319057.61,11588825.855,tushare:daily,20251017,daily_ohlcv_raw_from_tushare
20251017,600019.SH,宝钢股份,7.18,7.27,7.12,7.15,7.15,926587.15,665674.792,tushare:daily,20251017,daily_ohlcv_raw_from_tushare
20251017,600030.SH,中信证券,29.66,29.93,29.05,29.09,29.65,1739898.9,5124858.639,tushare:daily,20251017,daily_ohlcv_raw_from_tushare
20251017,600050.SH,中国联通,5.5,5.54,5.43,5.44,5.5,2969984.22,1631142.325,tushare:daily,20251017,daily_ohlcv_raw_from_tushare
20251017,600276.SH,恒瑞医药,66.85,67.4,65.0,65.1,66.84,349507.34,2298728.245,tushare:daily,20251017,daily_ohlcv_raw_from_tushare
20251017,600309.SH,万华化学,62.96,63.65,61.5,61.51,62.99,301345.79,1881115.7,tushare:daily,20251017,daily_ohlcv_raw_from_tushare
20251017,600519.SH,贵州茅台,1483.1,1488.0,1454.03,1455.0,1484.91,38085.89,5594724.9,tushare:daily,20251017,daily_ohlcv_raw_from_tushare
20251017,600760.SH,中航沈飞,66.8,67.99,64.42,64.57,67.14,324573.41,2139511.987,tushare:daily,20251017,daily_ohlcv_raw_from_tushare
20251017,600900.SH,长江电力,28.13,28.38,28.06,28.11,28.16,1147021.54,3235603.482,tushare:daily,20251017,daily_ohlcv_raw_from_tushare
20251017,601012.SH,隆基绿能,20.09,20.74,19.52,19.7,20.25,3394179.02,6805387.264,tushare:daily,20251017,daily_ohlcv_raw_from_tushare
20251017,601225.SH,陕西煤业,22.55,22.8,22.28,22.45,22.54,578275.92,1302960.668,tushare:daily,20251017,daily_ohlcv_raw_from_tushare
20251017,601318.SH,中国平安,58.0,58.48,57.17,57.28,58.02,677492.81,3916934.527,tushare:daily,20251017,daily_ohlcv_raw_from_tushare
20251017,601899.SH,紫金矿业,31.12,31.3,30.03,30.17,30.47,3044437.34,9293026.129,tushare:daily,20251017,daily_ohlcv_raw_from_tushare
20251017,688981.SH,中芯国际,126.85,127.32,120.87,121.98,127.3,820528.98,10097285.54,tushare:daily,20251017,daily_ohlcv_raw_from_tushare
20251020,000001.SZ,平安银行,11.41,11.45,11.27,11.42,11.4,952641.1,1081829.7,tushare:daily,20251020,daily_ohlcv_raw_from_tushare
20251020,000002.SZ,万科A,6.33,6.35,6.3,6.34,6.32,868612.8,549071.835,tushare:daily,20251020,daily_ohlcv_raw_from_tushare
20251020,000651.SZ,格力电器,40.36,40.78,40.23,40.77,40.22,394715.11,1600009.494,tushare:daily,20251020,daily_ohlcv_raw_from_tushare
20251020,000725.SZ,京东方A,4.03,4.04,3.99,4.0,4.0,4153328.58,1665718.366,tushare:daily,20251020,daily_ohlcv_raw_from_tushare
20251020,002230.SZ,科大讯飞,52.17,52.6,51.07,51.35,51.34,433313.65,2243922.144,tushare:daily,20251020,daily_ohlcv_raw_from_tushare
20251020,002594.SZ,比亚迪,105.22,105.63,104.08,104.52,104.43,355614.52,3721699.722,tushare:daily,20251020,daily_ohlcv_raw_from_tushare
20251020,300750.SZ,宁德时代,365.0,368.89,359.53,366.5,358.14,284324.2,10372513.059,tushare:daily,20251020,daily_ohlcv_raw_from_tushare
20251020,600019.SH,宝钢股份,7.14,7.17,7.08,7.16,7.15,633767.57,452150.452,tushare:daily,20251020,daily_ohlcv_raw_from_tushare
20251020,600030.SH,中信证券,29.4,29.54,29.12,29.23,29.09,1227306.84,3594768.008,tushare:daily,20251020,daily_ohlcv_raw_from_tushare
20251020,600050.SH,中国联通,5.46,5.5,5.44,5.47,5.44,1876479.8,1025265.023,tushare:daily,20251020,daily_ohlcv_raw_from_tushare
20251020,600276.SH,恒瑞医药,65.99,66.51,64.83,65.13,65.1,326716.94,2146357.392,tushare:daily,20251020,daily_ohlcv_raw_from_tushare
20251020,600309.SH,万华化学,62.03,62.03,60.61,60.86,61.51,259369.26,1584160.052,tushare:daily,20251020,daily_ohlcv_raw_from_tushare
20251020,600519.SH,贵州茅台,1455.0,1469.5,1454.88,1457.93,1455.0,25949.88,3793283.759,tushare:daily,20251020,daily_ohlcv_raw_from_tushare
20251020,600760.SH,中航沈飞,65.2,65.75,63.9,64.51,64.57,210305.81,1362723.573,tushare:daily,20251020,daily_ohlcv_raw_from_tushare
20251020,600900.SH,长江电力,28.12,28.15,27.75,28.05,28.11,914230.76,2555513.223,tushare:daily,20251020,daily_ohlcv_raw_from_tushare
20251020,601012.SH,隆基绿能,19.65,19.67,18.92,19.06,19.7,2182747.42,4185835.833,tushare:daily,20251020,daily_ohlcv_raw_from_tushare
20251020,601225.SH,陕西煤业,22.61,23.0,22.45,22.9,22.45,615487.5,1403876.076,tushare:daily,20251020,daily_ohlcv_raw_from_tushare
20251020,601318.SH,中国平安,58.33,58.57,57.45,57.9,57.28,526694.69,3058431.634,tushare:daily,20251020,daily_ohlcv_raw_from_tushare
20251020,601899.SH,紫金矿业,29.4,30.29,29.0,29.75,30.17,2973410.06,8845608.485,tushare:daily,20251020,daily_ohlcv_raw_from_tushare
20251020,688981.SH,中芯国际,124.1,125.18,121.69,122.63,121.98,571239.35,7060333.63,tushare:daily,20251020,daily_ohlcv_raw_from_tushare
20251021,000001.SZ,平安银行,11.4,11.47,11.39,11.43,11.42,761164.62,869658.08,tushare:daily,20251021,daily_ohlcv_raw_from_tushare
20251021,000002.SZ,万科A,6.33,6.41,6.31,6.4,6.34,1019035.23,650370.893,tushare:daily,20251021,daily_ohlcv_raw_from_tushare
20251021,000651.SZ,格力电器,40.77,40.86,40.45,40.69,40.77,354371.67,1442346.029,tushare:daily,20251021,daily_ohlcv_raw_from_tushare
20251021,000725.SZ,京东方A,4.01,4.04,4.0,4.02,4.0,3495761.08,1407596.04,tushare:daily,20251021,daily_ohlcv_raw_from_tushare
20251021,002230.SZ,科大讯飞,52.53,53.26,51.88,52.6,51.35,529937.25,2778513.306,tushare:daily,20251021,daily_ohlcv_raw_from_tushare
20251021,002594.SZ,比亚迪,104.69,105.07,104.24,104.76,104.52,299074.19,3133789.475,tushare:daily,20251021,daily_ohlcv_raw_from_tushare
20251021,300750.SZ,宁德时代,373.0,381.35,363.1,375.9,366.5,446328.7,16784956.526,tushare:daily,20251021,daily_ohlcv_raw_from_tushare
20251021,600019.SH,宝钢股份,7.17,7.21,7.12,7.16,7.16,617397.41,442265.271,tushare:daily,20251021,daily_ohlcv_raw_from_tushare
20251021,600030.SH,中信证券,29.31,30.11,29.21,29.36,29.23,3068678.2,9070647.644,tushare:daily,20251021,daily_ohlcv_raw_from_tushare
20251021,600050.SH,中国联通,5.47,5.51,5.46,5.5,5.47,2257075.79,1239449.734,tushare:daily,20251021,daily_ohlcv_raw_from_tushare
20251021,600276.SH,恒瑞医药,65.5,66.58,65.14,66.0,65.13,369560.31,2436269.459,tushare:daily,20251021,daily_ohlcv_raw_from_tushare
20251021,600309.SH,万华化学,61.09,61.55,60.6,61.18,60.86,191258.97,1168646.77,tushare:daily,20251021,daily_ohlcv_raw_from_tushare
20251021,600519.SH,贵州茅台,1459.0,1469.94,1455.5,1462.26,1457.93,25442.67,3727984.13,tushare:daily,20251021,daily_ohlcv_raw_from_tushare
20251021,600760.SH,中航沈飞,64.45,64.86,63.74,64.33,64.51,194841.01,1249287.993,tushare:daily,20251021,daily_ohlcv_raw_from_tushare
20251021,600900.SH,长江电力,28.0,28.1,27.85,27.91,28.05,801635.74,2239195.693,tushare:daily,20251021,daily_ohlcv_raw_from_tushare
20251021,601012.SH,隆基绿能,19.08,19.26,18.93,19.01,19.06,1405833.02,2680751.281,tushare:daily,20251021,daily_ohlcv_raw_from_tushare
20251021,601225.SH,陕西煤业,22.9,22.9,22.1,22.52,22.9,605149.3,1354280.092,tushare:daily,20251021,daily_ohlcv_raw_from_tushare
20251021,601318.SH,中国平安,57.93,58.92,57.93,58.08,57.9,762200.49,4456452.771,tushare:daily,20251021,daily_ohlcv_raw_from_tushare
20251021,601899.SH,紫金矿业,30.4,30.78,29.81,30.05,29.75,2616485.88,7927327.603,tushare:daily,20251021,daily_ohlcv_raw_from_tushare
20251021,688981.SH,中芯国际,123.8,127.85,122.61,127.19,122.63,784150.88,9888217.346,tushare:daily,20251021,daily_ohlcv_raw_from_tushare
20251022,000001.SZ,平安银行,11.4,11.54,11.4,11.52,11.43,833703.19,957661.636,tushare:daily,20251022,daily_ohlcv_raw_from_tushare
20251022,000002.SZ,万科A,6.36,6.44,6.35,6.38,6.4,780302.49,498606.559,tushare:daily,20251022,daily_ohlcv_raw_from_tushare
20251022,000651.SZ,格力电器,40.58,40.81,40.52,40.57,40.69,307742.74,1250401.263,tushare:daily,20251022,daily_ohlcv_raw_from_tushare
20251022,000725.SZ,京东方A,4.02,4.04,4.01,4.02,4.02,2414810.62,972181.787,tushare:daily,20251022,daily_ohlcv_raw_from_tushare
20251022,002230.SZ,科大讯飞,52.3,52.36,51.64,51.75,52.6,338910.44,1757583.526,tushare:daily,20251022,daily_ohlcv_raw_from_tushare
20251022,002594.SZ,比亚迪,104.1,104.32,103.37,103.78,104.76,357874.19,3715302.136,tushare:daily,20251022,daily_ohlcv_raw_from_tushare
20251022,300750.SZ,宁德时代,375.9,378.88,368.2,372.86,375.9,219458.79,8178934.535,tushare:daily,20251022,daily_ohlcv_raw_from_tushare
20251022,600019.SH,宝钢股份,7.15,7.19,7.12,7.17,7.16,423407.1,303260.292,tushare:daily,20251022,daily_ohlcv_raw_from_tushare
20251022,600030.SH,中信证券,29.22,29.23,29.02,29.19,29.36,1226948.26,3574148.771,tushare:daily,20251022,daily_ohlcv_raw_from_tushare
20251022,600050.SH,中国联通,5.48,5.55,5.47,5.54,5.5,2406171.54,1327854.439,tushare:daily,20251022,daily_ohlcv_raw_from_tushare
20251022,600276.SH,恒瑞医药,66.25,66.79,65.01,65.26,66.0,398048.08,2610971.756,tushare:daily,20251022,daily_ohlcv_raw_from_tushare
20251022,600309.SH,万华化学,61.2,61.58,60.81,61.34,61.18,158524.72,970840.274,tushare:daily,20251022,daily_ohlcv_raw_from_tushare
20251022,600519.SH,贵州茅台,1462.08,1465.73,1456.0,1458.7,1462.26,18194.92,2657486.636,tushare:daily,20251022,daily_ohlcv_raw_from_tushare
20251022,600760.SH,中航沈飞,64.23,64.23,62.88,63.1,64.33,168721.32,1066737.447,tushare:daily,20251022,daily_ohlcv_raw_from_tushare
20251022,600900.SH,长江电力,27.89,28.08,27.85,28.04,27.91,619189.68,1734320.789,tushare:daily,20251022,daily_ohlcv_raw_from_tushare
20251022,601012.SH,隆基绿能,19.17,19.39,18.72,18.77,19.01,1371236.02,2597092.644,tushare:daily,20251022,daily_ohlcv_raw_from_tushare
20251022,601225.SH,陕西煤业,22.3,22.7,22.22,22.4,22.52,349037.75,780911.142,tushare:daily,20251022,daily_ohlcv_raw_from_tushare
20251022,601318.SH,中国平安,58.0,58.5,57.93,58.21,58.08,379892.66,2211002.991,tushare:daily,20251022,daily_ohlcv_raw_from_tushare
20251022,601899.SH,紫金矿业,28.19,29.6,28.19,29.45,30.05,3153554.82,9158923.058,tushare:daily,20251022,daily_ohlcv_raw_from_tushare
20251022,688981.SH,中芯国际,125.42,129.27,123.81,126.81,127.19,653954.11,8265031.817,tushare:daily,20251022,daily_ohlcv_raw_from_tushare
20251023,000001.SZ,平安银行,11.52,11.71,11.5,11.63,11.52,1373111.58,1593155.218,tushare:daily,20251023,daily_ohlcv_raw_from_tushare
20251023,000002.SZ,万科A,6.41,6.43,6.33,6.38,6.38,753668.63,479621.653,tushare:daily,20251023,daily_ohlcv_raw_from_tushare
20251023,000651.SZ,格力电器,40.55,40.64,40.21,40.53,40.57,331124.15,1338043.368,tushare:daily,20251023,daily_ohlcv_raw_from_tushare
20251023,000725.SZ,京东方A,4.02,4.05,4.0,4.05,4.02,3398282.22,1368731.171,tushare:daily,20251023,daily_ohlcv_raw_from_tushare
20251023,002230.SZ,科大讯飞,51.82,52.1,50.69,51.85,51.75,354945.26,1819513.374,tushare:daily,20251023,daily_ohlcv_raw_from_tushare
20251023,002594.SZ,比亚迪,103.3,103.73,102.0,103.69,103.78,378603.42,3889661.811,tushare:daily,20251023,daily_ohlcv_raw_from_tushare
20251023,300750.SZ,宁德时代,373.8,378.8,369.0,376.45,372.86,239980.98,8982628.027,tushare:daily,20251023,daily_ohlcv_raw_from_tushare
20251023,600019.SH,宝钢股份,7.16,7.24,7.12,7.22,7.17,604993.97,434847.229,tushare:daily,20251023,daily_ohlcv_raw_from_tushare
20251023,600030.SH,中信证券,29.2,29.58,28.85,29.52,29.19,1403605.35,4096658.104,tushare:daily,20251023,daily_ohlcv_raw_from_tushare
20251023,600050.SH,中国联通,5.55,5.57,5.49,5.55,5.54,2727049.49,1507982.201,tushare:daily,20251023,daily_ohlcv_raw_from_tushare
20251023,600276.SH,恒瑞医药,65.01,65.43,64.02,65.14,65.26,342785.26,2219041.425,tushare:daily,20251023,daily_ohlcv_raw_from_tushare
20251023,600309.SH,万华化学,61.24,62.8,60.85,62.73,61.34,225942.42,1399372.56,tushare:daily,20251023,daily_ohlcv_raw_from_tushare
20251023,600519.SH,贵州茅台,1455.0,1468.8,1447.2,1467.98,1458.7,29322.35,4274652.09,tushare:daily,20251023,daily_ohlcv_raw_from_tushare
20251023,600760.SH,中航沈飞,63.07,63.3,61.36,62.27,63.1,207710.27,1286926.951,tushare:daily,20251023,daily_ohlcv_raw_from_tushare
20251023,600900.SH,长江电力,28.04,28.27,28.04,28.23,28.04,785588.09,2215031.621,tushare:daily,20251023,daily_ohlcv_raw_from_tushare
20251023,601012.SH,隆基绿能,18.65,19.11,18.38,19.04,18.77,1747564.53,3274446.752,tushare:daily,20251023,daily_ohlcv_raw_from_tushare
20251023,601225.SH,陕西煤业,22.41,22.84,22.4,22.75,22.4,469474.59,1064819.976,tushare:daily,20251023,daily_ohlcv_raw_from_tushare
20251023,601318.SH,中国平安,58.22,58.87,58.09,58.75,58.21,503501.04,2943942.596,tushare:daily,20251023,daily_ohlcv_raw_from_tushare
20251023,601899.SH,紫金矿业,29.03,29.93,28.56,29.7,29.45,2465283.06,7195142.824,tushare:daily,20251023,daily_ohlcv_raw_from_tushare
20251023,688981.SH,中芯国际,125.18,128.5,124.01,128.3,126.81,634264.02,8038110.025,tushare:daily,20251023,daily_ohlcv_raw_from_tushare
20251024,000001.SZ,平安银行,11.6,11.68,11.55,11.56,11.63,980475.3,1138026.681,tushare:daily,20251024,daily_ohlcv_raw_from_tushare
20251024,000002.SZ,万科A,6.36,6.39,6.34,6.36,6.38,738578.63,469613.402,tushare:daily,20251024,daily_ohlcv_raw_from_tushare
20251024,000651.SZ,格力电器,40.53,40.75,40.44,40.5,40.53,292379.85,1185827.907,tushare:daily,20251024,daily_ohlcv_raw_from_tushare
20251024,000725.SZ,京东方A,4.05,4.07,4.03,4.05,4.05,2712257.72,1098279.999,tushare:daily,20251024,daily_ohlcv_raw_from_tushare
20251024,002230.SZ,科大讯飞,52.27,52.75,52.12,52.55,51.85,467090.29,2450064.703,tushare:daily,20251024,daily_ohlcv_raw_from_tushare
20251024,002594.SZ,比亚迪,103.98,104.37,103.61,103.76,103.69,305542.68,3173964.302,tushare:daily,20251024,daily_ohlcv_raw_from_tushare
20251024,300750.SZ,宁德时代,379.97,387.8,378.0,385.77,376.45,320415.78,12276721.104,tushare:daily,20251024,daily_ohlcv_raw_from_tushare
20251024,600019.SH,宝钢股份,7.22,7.23,7.1,7.14,7.22,733394.88,523848.101,tushare:daily,20251024,daily_ohlcv_raw_from_tushare
20251024,600030.SH,中信证券,29.55,30.06,29.5,29.87,29.52,2990943.43,8892004.443,tushare:daily,20251024,daily_ohlcv_raw_from_tushare
20251024,600050.SH,中国联通,5.47,5.48,5.42,5.43,5.44,2479491.21,1350154.636,tushare:daily,20251024,daily_ohlcv_raw_from_tushare
20251024,600276.SH,恒瑞医药,65.26,66.36,65.01,65.5,65.14,372752.77,2441099.938,tushare:daily,20251024,daily_ohlcv_raw_from_tushare
20251024,600309.SH,万华化学,62.69,62.97,61.01,61.45,62.73,310696.41,1914812.498,tushare:daily,20251024,daily_ohlcv_raw_from_tushare
20251024,600519.SH,贵州茅台,1467.95,1478.88,1449.34,1450.0,1467.98,38225.83,5578603.148,tushare:daily,20251024,daily_ohlcv_raw_from_tushare
20251024,600760.SH,中航沈飞,63.0,64.11,62.88,63.15,62.27,242740.31,1539184.93,tushare:daily,20251024,daily_ohlcv_raw_from_tushare
20251024,600900.SH,长江电力,28.21,28.29,28.08,28.19,28.23,770600.06,2172735.273,tushare:daily,20251024,daily_ohlcv_raw_from_tushare
20251024,601012.SH,隆基绿能,19.05,19.48,18.69,18.84,19.04,1426308.36,2710507.388,tushare:daily,20251024,daily_ohlcv_raw_from_tushare
20251024,601225.SH,陕西煤业,22.6,22.85,22.45,22.76,22.75,387682.76,877311.976,tushare:daily,20251024,daily_ohlcv_raw_from_tushare
20251024,601318.SH,中国平安,58.14,58.49,57.75,57.88,57.8,558241.7,3240224.545,tushare:daily,20251024,daily_ohlcv_raw_from_tushare
20251024,601899.SH,紫金矿业,30.05,30.3,29.76,30.03,29.7,1869697.78,5613321.506,tushare:daily,20251024,daily_ohlcv_raw_from_tushare
20251024,688981.SH,中芯国际,130.3,134.8,128.9,134.06,128.3,1024466.21,13548726.657,tushare:daily,20251024,daily_ohlcv_raw_from_tushare
20251027,000001.SZ,平安银行,11.54,11.61,11.44,11.52,11.56,1239485.26,1428199.707,tushare:daily,20251027,daily_ohlcv_raw_from_tushare
20251027,000002.SZ,万科A,6.37,6.38,6.31,6.32,6.36,1053944.09,667073.659,tushare:daily,20251027,daily_ohlcv_raw_from_tushare
20251027,000651.SZ,格力电器,40.53,41.14,40.51,40.97,40.5,616525.29,2522404.578,tushare:daily,20251027,daily_ohlcv_raw_from_tushare
20251027,000725.SZ,京东方A,4.07,4.08,4.05,4.07,4.05,3887685.98,1580741.526,tushare:daily,20251027,daily_ohlcv_raw_from_tushare
20251027,002230.SZ,科大讯飞,53.2,53.53,52.56,52.82,52.55,509699.78,2697902.337,tushare:daily,20251027,daily_ohlcv_raw_from_tushare
20251027,002594.SZ,比亚迪,104.0,104.97,103.88,104.01,103.76,345987.84,3607756.848,tushare:daily,20251027,daily_ohlcv_raw_from_tushare
20251027,300750.SZ,宁德时代,393.0,393.0,376.57,386.18,385.77,404510.18,15542852.577,tushare:daily,20251027,daily_ohlcv_raw_from_tushare
20251027,600019.SH,宝钢股份,7.15,7.34,7.13,7.27,7.14,1206624.01,876804.761,tushare:daily,20251027,daily_ohlcv_raw_from_tushare
20251027,600030.SH,中信证券,30.25,30.63,29.83,29.99,29.87,4612142.11,13902244.215,tushare:daily,20251027,daily_ohlcv_raw_from_tushare
20251027,600050.SH,中国联通,5.44,5.5,5.44,5.49,5.43,3038414.16,1663704.002,tushare:daily,20251027,daily_ohlcv_raw_from_tushare
20251027,600276.SH,恒瑞医药,66.55,67.85,66.51,67.01,65.5,508924.92,3413538.793,tushare:daily,20251027,daily_ohlcv_raw_from_tushare
20251027,600309.SH,万华化学,62.0,63.3,61.81,62.49,61.45,367917.59,2306127.005,tushare:daily,20251027,daily_ohlcv_raw_from_tushare
20251027,600519.SH,贵州茅台,1440.0,1452.49,1435.99,1440.41,1450.0,37102.39,5352667.152,tushare:daily,20251027,daily_ohlcv_raw_from_tushare
20251027,600760.SH,中航沈飞,63.93,64.14,62.7,63.66,63.15,213064.28,1351044.816,tushare:daily,20251027,daily_ohlcv_raw_from_tushare
20251027,600900.SH,长江电力,28.14,28.56,28.02,28.3,28.19,1248426.35,3534388.258,tushare:daily,20251027,daily_ohlcv_raw_from_tushare
20251027,601012.SH,隆基绿能,19.0,19.38,18.87,19.06,18.84,1647106.36,3152114.268,tushare:daily,20251027,daily_ohlcv_raw_from_tushare
20251027,601225.SH,陕西煤业,22.55,23.18,22.16,22.85,22.76,411193.72,936344.941,tushare:daily,20251027,daily_ohlcv_raw_from_tushare
20251027,601318.SH,中国平安,58.0,58.39,57.5,57.75,57.88,685004.38,3964893.063,tushare:daily,20251027,daily_ohlcv_raw_from_tushare
20251027,601899.SH,紫金矿业,30.12,31.3,30.12,31.0,30.03,2902466.2,8975329.655,tushare:daily,20251027,daily_ohlcv_raw_from_tushare
20251027,688981.SH,中芯国际,137.5,137.5,132.3,134.5,134.06,1012643.04,13623206.912,tushare:daily,20251027,daily_ohlcv_raw_from_tushare
20251028,000001.SZ,平安银行,11.53,11.58,11.42,11.47,11.52,821568.18,943626.835,tushare:daily,20251028,daily_ohlcv_raw_from_tushare
20251028,000002.SZ,万科A,6.32,6.33,6.26,6.27,6.32,917900.19,577519.765,tushare:daily,20251028,daily_ohlcv_raw_from_tushare
20251028,000651.SZ,格力电器,40.97,41.15,40.67,40.72,40.97,338061.25,1378729.084,tushare:daily,20251028,daily_ohlcv_raw_from_tushare
20251028,000725.SZ,京东方A,4.06,4.07,4.04,4.06,4.07,3409723.06,1383148.119,tushare:daily,20251028,daily_ohlcv_raw_from_tushare
20251028,002230.SZ,科大讯飞,52.79,54.48,52.46,53.59,52.82,719841.0,3865422.283,tushare:daily,20251028,daily_ohlcv_raw_from_tushare
20251028,002594.SZ,比亚迪,104.02,104.32,103.5,103.72,104.01,265415.83,2755526.047,tushare:daily,20251028,daily_ohlcv_raw_from_tushare
20251028,300750.SZ,宁德时代,386.16,393.8,383.02,386.48,386.18,287082.95,11160796.766,tushare:daily,20251028,daily_ohlcv_raw_from_tushare
20251028,600019.SH,宝钢股份,7.26,7.26,7.1,7.11,7.27,952436.89,682431.762,tushare:daily,20251028,daily_ohlcv_raw_from_tushare
20251028,600030.SH,中信证券,29.98,30.34,29.8,30.0,29.99,2263316.03,6798411.079,tushare:daily,20251028,daily_ohlcv_raw_from_tushare
20251028,600050.SH,中国联通,5.49,5.5,5.45,5.46,5.49,2185299.89,1195764.639,tushare:daily,20251028,daily_ohlcv_raw_from_tushare
20251028,600276.SH,恒瑞医药,65.22,65.46,63.5,63.62,67.01,1082089.99,6923383.033,tushare:daily,20251028,daily_ohlcv_raw_from_tushare
20251028,600309.SH,万华化学,62.66,62.66,61.41,61.48,62.49,247704.19,1533333.889,tushare:daily,20251028,daily_ohlcv_raw_from_tushare
20251028,600519.SH,贵州茅台,1442.0,1451.2,1441.1,1445.0,1440.41,27124.33,3923817.14,tushare:daily,20251028,daily_ohlcv_raw_from_tushare
20251028,600760.SH,中航沈飞,63.67,66.16,63.45,64.88,63.66,391444.95,2541289.808,tushare:daily,20251028,daily_ohlcv_raw_from_tushare
20251028,600900.SH,长江电力,28.26,28.54,28.26,28.46,28.3,732635.65,2082899.503,tushare:daily,20251028,daily_ohlcv_raw_from_tushare
20251028,601012.SH,隆基绿能,19.19,19.22,18.76,18.9,19.06,1164185.58,2207676.661,tushare:daily,20251028,daily_ohlcv_raw_from_tushare
20251028,601225.SH,陕西煤业,22.79,22.96,22.52,22.63,22.85,286205.89,648942.793,tushare:daily,20251028,daily_ohlcv_raw_from_tushare
20251028,601318.SH,中国平安,57.79,58.23,57.62,57.76,57.75,491305.08,2842864.953,tushare:daily,20251028,daily_ohlcv_raw_from_tushare
20251028,601899.SH,紫金矿业,30.5,30.79,29.81,29.84,31.0,2642452.45,7986327.533,tushare:daily,20251028,daily_ohlcv_raw_from_tushare
20251028,688981.SH,中芯国际,133.0,135.8,132.0,132.69,134.5,695189.45,9299045.972,tushare:daily,20251028,daily_ohlcv_raw_from_tushare
20251029,000001.SZ,平安银行,11.46,11.46,11.36,11.39,11.47,966213.64,1100783.363,tushare:daily,20251029,daily_ohlcv_raw_from_tushare
20251029,000002.SZ,万科A,6.26,6.32,6.24,6.31,6.27,857160.82,539296.509,tushare:daily,20251029,daily_ohlcv_raw_from_tushare
20251029,000651.SZ,格力电器,40.72,40.72,40.52,40.69,40.72,287433.19,1167340.75,tushare:daily,20251029,daily_ohlcv_raw_from_tushare
20251029,000725.SZ,京东方A,4.05,4.08,4.04,4.07,4.06,3518629.4,1428652.705,tushare:daily,20251029,daily_ohlcv_raw_from_tushare
20251029,002230.SZ,科大讯飞,53.34,53.99,53.01,53.99,53.59,511816.06,2744158.443,tushare:daily,20251029,daily_ohlcv_raw_from_tushare
20251029,002594.SZ,比亚迪,103.73,105.18,103.0,104.52,103.72,397340.4,4128608.369,tushare:daily,20251029,daily_ohlcv_raw_from_tushare
20251029,300750.SZ,宁德时代,386.0,400.04,384.7,400.0,386.48,344740.46,13644645.226,tushare:daily,20251029,daily_ohlcv_raw_from_tushare
20251029,600019.SH,宝钢股份,7.12,7.13,7.03,7.08,7.11,747647.65,528162.037,tushare:daily,20251029,daily_ohlcv_raw_from_tushare
20251029,600030.SH,中信证券,29.95,30.46,29.85,30.3,30.0,3136701.98,9477951.609,tushare:daily,20251029,daily_ohlcv_raw_from_tushare
20251029,600050.SH,中国联通,5.46,5.49,5.44,5.49,5.46,1921226.77,1050054.461,tushare:daily,20251029,daily_ohlcv_raw_from_tushare
20251029,600276.SH,恒瑞医药,63.6,64.48,62.71,64.02,63.62,562174.55,3577122.185,tushare:daily,20251029,daily_ohlcv_raw_from_tushare
20251029,600309.SH,万华化学,61.4,62.45,61.03,61.99,61.48,269625.42,1663277.296,tushare:daily,20251029,daily_ohlcv_raw_from_tushare
20251029,600519.SH,贵州茅台,1440.02,1446.55,1430.04,1431.9,1445.0,33937.11,4868780.319,tushare:daily,20251029,daily_ohlcv_raw_from_tushare
20251029,600760.SH,中航沈飞,64.85,64.85,63.8,64.13,64.88,225398.63,1445653.977,tushare:daily,20251029,daily_ohlcv_raw_from_tushare
20251029,600900.SH,长江电力,28.46,28.46,28.26,28.29,28.46,740543.03,2097455.018,tushare:daily,20251029,daily_ohlcv_raw_from_tushare
20251029,601012.SH,隆基绿能,18.9,20.79,18.81,20.79,18.9,3900066.27,7852274.544,tushare:daily,20251029,daily_ohlcv_raw_from_tushare
20251029,601225.SH,陕西煤业,22.63,22.72,22.32,22.52,22.63,221608.12,498789.243,tushare:daily,20251029,daily_ohlcv_raw_from_tushare
20251029,601318.SH,中国平安,58.6,59.7,58.49,58.95,57.76,1044431.61,6172236.795,tushare:daily,20251029,daily_ohlcv_raw_from_tushare
20251029,601899.SH,紫金矿业,30.05,31.05,30.01,30.96,29.84,2116509.59,6463154.654,tushare:daily,20251029,daily_ohlcv_raw_from_tushare
20251029,688981.SH,中芯国际,132.0,134.53,130.31,133.0,132.69,688460.74,9111437.51,tushare:daily,20251029,daily_ohlcv_raw_from_tushare
20251030,000001.SZ,平安银行,11.38,11.47,11.36,11.38,11.39,943770.15,1077182.643,tushare:daily,20251030,daily_ohlcv_raw_from_tushare
20251030,000002.SZ,万科A,6.31,6.32,6.26,6.27,6.31,737459.11,463346.536,tushare:daily,20251030,daily_ohlcv_raw_from_tushare
20251030,000651.SZ,格力电器,40.61,40.79,40.41,40.47,40.69,439595.53,1782629.301,tushare:daily,20251030,daily_ohlcv_raw_from_tushare
20251030,000725.SZ,京东方A,4.07,4.14,4.06,4.09,4.07,6314409.17,2588031.798,tushare:daily,20251030,daily_ohlcv_raw_from_tushare
20251030,002230.SZ,科大讯飞,53.7,55.15,53.43,54.02,53.99,743525.01,4042739.344,tushare:daily,20251030,daily_ohlcv_raw_from_tushare
20251030,002594.SZ,比亚迪,104.0,104.86,103.5,103.61,104.52,358989.45,3733925.603,tushare:daily,20251030,daily_ohlcv_raw_from_tushare
20251030,300750.SZ,宁德时代,405.98,409.08,396.83,398.29,400.0,343060.88,13797530.229,tushare:daily,20251030,daily_ohlcv_raw_from_tushare
20251030,600019.SH,宝钢股份,7.13,7.31,7.11,7.24,7.08,1367322.32,988269.339,tushare:daily,20251030,daily_ohlcv_raw_from_tushare
20251030,600030.SH,中信证券,30.19,30.23,29.62,29.68,30.3,2452208.42,7339678.554,tushare:daily,20251030,daily_ohlcv_raw_from_tushare
20251030,600050.SH,中国联通,5.48,5.52,5.44,5.46,5.49,2663876.55,1460808.501,tushare:daily,20251030,daily_ohlcv_raw_from_tushare
20251030,600276.SH,恒瑞医药,64.02,64.02,62.87,62.88,64.02,608740.0,3856500.507,tushare:daily,20251030,daily_ohlcv_raw_from_tushare
20251030,600309.SH,万华化学,62.0,62.25,61.18,61.71,61.99,280866.99,1731886.03,tushare:daily,20251030,daily_ohlcv_raw_from_tushare
20251030,600519.SH,贵州茅台,1421.81,1436.63,1421.81,1426.74,1431.9,47456.1,6768821.311,tushare:daily,20251030,daily_ohlcv_raw_from_tushare
20251030,600760.SH,中航沈飞,63.39,64.1,61.63,62.61,64.13,309039.63,1942807.333,tushare:daily,20251030,daily_ohlcv_raw_from_tushare
20251030,600900.SH,长江电力,28.29,28.56,28.19,28.47,28.29,867173.76,2465019.759,tushare:daily,20251030,daily_ohlcv_raw_from_tushare
20251030,601012.SH,隆基绿能,21.01,22.14,21.0,21.51,20.79,4925438.12,10673662.671,tushare:daily,20251030,daily_ohlcv_raw_from_tushare
20251030,601225.SH,陕西煤业,22.52,23.33,22.51,22.91,22.52,428477.81,984518.95,tushare:daily,20251030,daily_ohlcv_raw_from_tushare
20251030,601318.SH,中国平安,59.3,60.1,58.58,58.65,58.95,745712.83,4424147.711,tushare:daily,20251030,daily_ohlcv_raw_from_tushare
20251030,601899.SH,紫金矿业,30.78,31.6,30.62,31.11,30.96,2766722.92,8630460.755,tushare:daily,20251030,daily_ohlcv_raw_from_tushare
20251030,688981.SH,中芯国际,133.0,133.0,128.51,128.55,133.0,692863.97,9018982.748,tushare:daily,20251030,daily_ohlcv_raw_from_tushare
20251031,000001.SZ,平安银行,11.38,11.4,11.3,11.32,11.38,970192.93,1099179.193,tushare:daily,20251031,daily_ohlcv_raw_from_tushare
20251031,000002.SZ,万科A,6.24,6.3,6.2,6.27,6.27,845102.09,529341.765,tushare:daily,20251031,daily_ohlcv_raw_from_tushare
20251031,000651.SZ,格力电器,39.79,40.03,39.52,39.75,40.47,921555.79,3666645.834,tushare:daily,20251031,daily_ohlcv_raw_from_tushare
20251031,000725.SZ,京东方A,4.1,4.12,4.05,4.06,4.09,5405928.41,2205281.357,tushare:daily,20251031,daily_ohlcv_raw_from_tushare
20251031,002230.SZ,科大讯飞,54.11,55.83,54.1,55.6,54.02,855945.98,4735820.623,tushare:daily,20251031,daily_ohlcv_raw_from_tushare
20251031,002594.SZ,比亚迪,101.0,101.32,100.0,100.79,103.61,637052.59,6418551.106,tushare:daily,20251031,daily_ohlcv_raw_from_tushare
20251031,300750.SZ,宁德时代,398.0,406.8,388.2,388.77,398.29,340483.5,13515773.431,tushare:daily,20251031,daily_ohlcv_raw_from_tushare
20251031,600019.SH,宝钢股份,7.3,7.55,7.28,7.37,7.24,2054274.07,1525613.071,tushare:daily,20251031,daily_ohlcv_raw_from_tushare
20251031,600030.SH,中信证券,29.72,29.87,29.37,29.38,29.68,1671532.29,4938189.521,tushare:daily,20251031,daily_ohlcv_raw_from_tushare
20251031,600050.SH,中国联通,5.46,5.47,5.4,5.42,5.46,2583159.76,1400779.308,tushare:daily,20251031,daily_ohlcv_raw_from_tushare
20251031,600276.SH,恒瑞医药,63.36,65.49,63.2,64.15,62.88,837063.9,5386074.734,tushare:daily,20251031,daily_ohlcv_raw_from_tushare
20251031,600309.SH,万华化学,61.88,63.33,61.87,62.63,61.71,311848.57,1957106.824,tushare:daily,20251031,daily_ohlcv_raw_from_tushare
20251031,600519.SH,贵州茅台,1422.0,1435.98,1420.11,1430.01,1426.74,35693.77,5109623.861,tushare:daily,20251031,daily_ohlcv_raw_from_tushare
20251031,600760.SH,中航沈飞,62.62,62.97,61.08,61.08,62.61,221190.0,1367643.125,tushare:daily,20251031,daily_ohlcv_raw_from_tushare
20251031,600900.SH,长江电力,28.46,28.46,27.93,28.1,28.47,1184702.29,3332582.343,tushare:daily,20251031,daily_ohlcv_raw_from_tushare
20251031,601012.SH,隆基绿能,21.41,22.24,21.0,21.11,21.51,3190613.95,6863229.668,tushare:daily,20251031,daily_ohlcv_raw_from_tushare
20251031,601225.SH,陕西煤业,22.98,23.13,22.66,22.7,22.91,254192.19,579224.459,tushare:daily,20251031,daily_ohlcv_raw_from_tushare
20251031,601318.SH,中国平安,58.99,58.99,57.8,57.83,58.65,572541.54,3331214.748,tushare:daily,20251031,daily_ohlcv_raw_from_tushare
20251031,601899.SH,紫金矿业,31.11,31.29,30.45,30.5,31.11,1749231.1,5380173.288,tushare:daily,20251031,daily_ohlcv_raw_from_tushare
20251031,688981.SH,中芯国际,128.03,128.7,124.18,124.18,128.55,691668.89,8692098.673,tushare:daily,20251031,daily_ohlcv_raw_from_tushare
20251103,000001.SZ,平安银行,11.34,11.44,11.3,11.43,11.32,952326.43,1084422.504,tushare:daily,20251103,daily_ohlcv_raw_from_tushare
20251103,000002.SZ,万科A,6.28,6.32,6.26,6.3,6.27,689571.0,433621.136,tushare:daily,20251103,daily_ohlcv_raw_from_tushare
20251103,000651.SZ,格力电器,39.65,39.84,39.2,39.52,39.75,613443.9,2416098.282,tushare:daily,20251103,daily_ohlcv_raw_from_tushare
20251103,000725.SZ,京东方A,4.06,4.07,4.03,4.06,4.06,3778568.28,1528023.305,tushare:daily,20251103,daily_ohlcv_raw_from_tushare
20251103,002230.SZ,科大讯飞,56.28,56.38,54.71,55.6,55.6,662671.34,3673186.707,tushare:daily,20251103,daily_ohlcv_raw_from_tushare
20251103,002594.SZ,比亚迪,100.79,100.99,98.5,99.6,100.79,551670.21,5472679.665,tushare:daily,20251103,daily_ohlcv_raw_from_tushare
20251103,300750.SZ,宁德时代,387.0,391.91,375.77,386.86,388.77,263681.77,10106566.781,tushare:daily,20251103,daily_ohlcv_raw_from_tushare
20251103,600019.SH,宝钢股份,7.37,7.62,7.37,7.57,7.37,1631250.25,1230900.521,tushare:daily,20251103,daily_ohlcv_raw_from_tushare
20251103,600030.SH,中信证券,29.35,29.38,28.93,29.22,29.38,1393516.93,4059197.676,tushare:daily,20251103,daily_ohlcv_raw_from_tushare
20251103,600050.SH,中国联通,5.42,5.44,5.39,5.43,5.42,1577319.53,853541.048,tushare:daily,20251103,daily_ohlcv_raw_from_tushare
20251103,600276.SH,恒瑞医药,64.96,64.99,62.82,63.4,64.15,460305.61,2924454.178,tushare:daily,20251103,daily_ohlcv_raw_from_tushare
20251103,600309.SH,万华化学,62.85,62.96,61.66,62.52,62.63,182917.73,1138186.707,tushare:daily,20251103,daily_ohlcv_raw_from_tushare
20251103,600519.SH,贵州茅台,1431.0,1448.0,1420.1,1435.0,1430.01,34547.66,4945310.83,tushare:daily,20251103,daily_ohlcv_raw_from_tushare
20251103,600760.SH,中航沈飞,61.08,61.7,60.6,61.41,61.08,159746.72,977378.575,tushare:daily,20251103,daily_ohlcv_raw_from_tushare
20251103,600900.SH,长江电力,28.11,28.35,28.11,28.31,28.1,613783.22,1735602.286,tushare:daily,20251103,daily_ohlcv_raw_from_tushare
20251103,601012.SH,隆基绿能,21.37,21.88,21.2,21.76,21.11,2898191.63,6249206.921,tushare:daily,20251103,daily_ohlcv_raw_from_tushare
20251103,601225.SH,陕西煤业,22.98,23.91,22.91,23.66,22.7,520815.22,1226748.727,tushare:daily,20251103,daily_ohlcv_raw_from_tushare
20251103,601318.SH,中国平安,58.27,58.7,57.86,58.31,57.83,411430.33,2399870.47,tushare:daily,20251103,daily_ohlcv_raw_from_tushare
20251103,601899.SH,紫金矿业,30.11,30.33,28.87,30.0,30.5,2361912.7,6968610.609,tushare:daily,20251103,daily_ohlcv_raw_from_tushare
20251103,688981.SH,中芯国际,122.0,122.6,117.55,120.21,124.18,747709.27,8940382.093,tushare:daily,20251103,daily_ohlcv_raw_from_tushare
20251104,000001.SZ,平安银行,11.42,11.64,11.4,11.59,11.43,1503007.48,1737289.514,tushare:daily,20251104,daily_ohlcv_raw_from_tushare
20251104,000002.SZ,万科A,6.28,6.3,6.21,6.23,6.3,1077372.5,672486.858,tushare:daily,20251104,daily_ohlcv_raw_from_tushare
20251104,000651.SZ,格力电器,39.5,39.92,39.41,39.71,39.52,398198.16,1581033.855,tushare:daily,20251104,daily_ohlcv_raw_from_tushare
20251104,000725.SZ,京东方A,4.05,4.06,4.0,4.0,4.06,4983636.31,2003625.535,tushare:daily,20251104,daily_ohlcv_raw_from_tushare
20251104,002230.SZ,科大讯飞,54.9,54.9,53.71,54.09,55.6,563574.96,3058841.264,tushare:daily,20251104,daily_ohlcv_raw_from_tushare
20251104,002594.SZ,比亚迪,99.0,99.54,97.71,97.8,99.6,435017.04,4274197.474,tushare:daily,20251104,daily_ohlcv_raw_from_tushare
20251104,300750.SZ,宁德时代,383.06,386.5,374.0,378.95,386.86,239390.74,9091842.153,tushare:daily,20251104,daily_ohlcv_raw_from_tushare
20251104,600019.SH,宝钢股份,7.57,7.67,7.47,7.51,7.57,994291.01,751887.162,tushare:daily,20251104,daily_ohlcv_raw_from_tushare
20251104,600030.SH,中信证券,29.18,29.25,28.96,29.08,29.22,1197589.45,3482779.128,tushare:daily,20251104,daily_ohlcv_raw_from_tushare
20251104,600050.SH,中国联通,5.42,5.46,5.4,5.43,5.43,1874294.47,1018131.653,tushare:daily,20251104,daily_ohlcv_raw_from_tushare
20251104,600276.SH,恒瑞医药,63.42,63.45,61.55,61.92,63.4,515609.66,3215841.267,tushare:daily,20251104,daily_ohlcv_raw_from_tushare
20251104,600309.SH,万华化学,62.35,62.85,61.11,61.6,62.52,189338.55,1170822.739,tushare:daily,20251104,daily_ohlcv_raw_from_tushare
20251104,600519.SH,贵州茅台,1435.1,1435.78,1423.78,1429.0,1435.0,26565.72,3793892.903,tushare:daily,20251104,daily_ohlcv_raw_from_tushare
20251104,600760.SH,中航沈飞,61.2,61.3,59.94,60.29,61.41,153669.02,928837.962,tushare:daily,20251104,daily_ohlcv_raw_from_tushare
20251104,600900.SH,长江电力,28.31,28.69,28.28,28.6,28.31,1049428.89,2995456.129,tushare:daily,20251104,daily_ohlcv_raw_from_tushare
20251104,601012.SH,隆基绿能,21.78,21.93,21.18,21.35,21.76,1957379.81,4212139.097,tushare:daily,20251104,daily_ohlcv_raw_from_tushare
20251104,601225.SH,陕西煤业,23.73,23.97,23.48,23.55,23.66,373993.71,884909.059,tushare:daily,20251104,daily_ohlcv_raw_from_tushare
20251104,601318.SH,中国平安,58.35,59.13,58.2,58.94,58.31,518126.0,3045009.961,tushare:daily,20251104,daily_ohlcv_raw_from_tushare
20251104,601899.SH,紫金矿业,29.5,29.78,28.6,28.78,30.0,2680317.47,7788693.365,tushare:daily,20251104,daily_ohlcv_raw_from_tushare
20251104,688981.SH,中芯国际,121.0,122.66,119.0,119.88,120.21,477384.17,5770504.489,tushare:daily,20251104,daily_ohlcv_raw_from_tushare
20251105,000001.SZ,平安银行,11.59,11.6,11.5,11.52,11.59,794926.05,918112.474,tushare:daily,20251105,daily_ohlcv_raw_from_tushare
20251105,000002.SZ,万科A,6.2,6.24,6.16,6.22,6.23,692007.28,429343.47,tushare:daily,20251105,daily_ohlcv_raw_from_tushare
20251105,000651.SZ,格力电器,39.55,39.88,39.45,39.72,39.71,281069.83,1116210.036,tushare:daily,20251105,daily_ohlcv_raw_from_tushare
20251105,000725.SZ,京东方A,3.99,4.02,3.96,4.0,4.0,4124789.74,1645610.522,tushare:daily,20251105,daily_ohlcv_raw_from_tushare
20251105,002230.SZ,科大讯飞,53.01,53.39,52.09,52.77,54.09,565421.46,2977680.525,tushare:daily,20251105,daily_ohlcv_raw_from_tushare
20251105,002594.SZ,比亚迪,96.66,96.66,94.73,95.8,97.8,587215.1,5617215.879,tushare:daily,20251105,daily_ohlcv_raw_from_tushare
20251105,300750.SZ,宁德时代,372.85,393.0,372.0,388.7,378.95,311425.32,11937586.811,tushare:daily,20251105,daily_ohlcv_raw_from_tushare
20251105,600019.SH,宝钢股份,7.48,7.51,7.42,7.48,7.51,650024.12,485976.979,tushare:daily,20251105,daily_ohlcv_raw_from_tushare
20251105,600030.SH,中信证券,28.93,29.17,28.92,29.06,29.08,940558.79,2735028.199,tushare:daily,20251105,daily_ohlcv_raw_from_tushare
20251105,600050.SH,中国联通,5.41,5.45,5.38,5.44,5.43,1906442.57,1034357.3,tushare:daily,20251105,daily_ohlcv_raw_from_tushare
20251105,600276.SH,恒瑞医药,61.3,62.49,61.22,61.96,61.92,334380.78,2074291.419,tushare:daily,20251105,daily_ohlcv_raw_from_tushare
20251105,600309.SH,万华化学,61.11,62.08,60.69,61.47,61.6,177935.6,1091721.629,tushare:daily,20251105,daily_ohlcv_raw_from_tushare
20251105,600519.SH,贵州茅台,1425.89,1430.99,1420.01,1420.08,1429.0,34475.27,4908475.373,tushare:daily,20251105,daily_ohlcv_raw_from_tushare
20251105,600760.SH,中航沈飞,59.7,60.7,59.58,60.38,60.29,116057.28,699031.264,tushare:daily,20251105,daily_ohlcv_raw_from_tushare
20251105,600900.SH,长江电力,28.63,28.69,28.4,28.42,28.6,685791.15,1954741.549,tushare:daily,20251105,daily_ohlcv_raw_from_tushare
20251105,601012.SH,隆基绿能,21.01,22.52,20.73,21.85,21.35,3303288.25,7153463.684,tushare:daily,20251105,daily_ohlcv_raw_from_tushare
20251105,601225.SH,陕西煤业,23.6,24.39,23.33,24.0,23.55,451950.28,1082297.914,tushare:daily,20251105,daily_ohlcv_raw_from_tushare
20251105,601318.SH,中国平安,58.4,58.84,57.92,58.32,58.94,402157.85,2348603.001,tushare:daily,20251105,daily_ohlcv_raw_from_tushare
20251105,601899.SH,紫金矿业,27.92,29.25,27.82,29.01,28.78,2154613.56,6171176.199,tushare:daily,20251105,daily_ohlcv_raw_from_tushare
20251105,688981.SH,中芯国际,116.9,121.1,116.5,119.78,119.88,485016.0,5753269.424,tushare:daily,20251105,daily_ohlcv_raw_from_tushare
20251106,000001.SZ,平安银行,11.5,11.58,11.47,11.51,11.52,766585.46,882799.462,tushare:daily,20251106,daily_ohlcv_raw_from_tushare
20251106,000002.SZ,万科A,6.2,6.22,6.17,6.18,6.22,889218.53,550107.118,tushare:daily,20251106,daily_ohlcv_raw_from_tushare
20251106,000651.SZ,格力电器,39.71,40.05,39.65,39.99,39.72,347530.78,1387911.304,tushare:daily,20251106,daily_ohlcv_raw_from_tushare
20251106,000725.SZ,京东方A,4.0,4.02,3.99,4.0,4.0,3145668.56,1259635.603,tushare:daily,20251106,daily_ohlcv_raw_from_tushare
20251106,002230.SZ,科大讯飞,52.78,54.6,52.38,53.6,52.77,494758.37,2636640.397,tushare:daily,20251106,daily_ohlcv_raw_from_tushare
20251106,002594.SZ,比亚迪,95.58,97.75,95.4,97.52,95.8,402003.67,3897723.836,tushare:daily,20251106,daily_ohlcv_raw_from_tushare
20251106,300750.SZ,宁德时代,390.0,399.49,388.7,394.68,388.7,234474.77,9261688.312,tushare:daily,20251106,daily_ohlcv_raw_from_tushare
20251106,600019.SH,宝钢股份,7.48,7.75,7.47,7.74,7.48,1435151.63,1100003.497,tushare:daily,20251106,daily_ohlcv_raw_from_tushare
20251106,600030.SH,中信证券,29.12,29.43,29.1,29.19,29.06,1625618.07,4753244.677,tushare:daily,20251106,daily_ohlcv_raw_from_tushare
20251106,600050.SH,中国联通,5.44,5.49,5.43,5.47,5.44,1962396.92,1073839.806,tushare:daily,20251106,daily_ohlcv_raw_from_tushare
20251106,600276.SH,恒瑞医药,61.95,62.5,61.47,62.42,61.96,252523.95,1567372.106,tushare:daily,20251106,daily_ohlcv_raw_from_tushare
20251106,600309.SH,万华化学,61.3,62.45,61.3,61.7,61.47,205363.1,1270732.054,tushare:daily,20251106,daily_ohlcv_raw_from_tushare
20251106,600519.SH,贵州茅台,1430.0,1441.45,1429.99,1435.13,1420.08,38347.82,5505960.415,tushare:daily,20251106,daily_ohlcv_raw_from_tushare
20251106,600760.SH,中航沈飞,60.38,61.02,60.37,60.66,60.38,128146.21,778013.339,tushare:daily,20251106,daily_ohlcv_raw_from_tushare
20251106,600900.SH,长江电力,28.39,28.6,28.36,28.5,28.42,673928.32,1920939.279,tushare:daily,20251106,daily_ohlcv_raw_from_tushare
20251106,601012.SH,隆基绿能,21.85,22.16,21.42,21.77,21.85,2216458.02,4818581.107,tushare:daily,20251106,daily_ohlcv_raw_from_tushare
20251106,601225.SH,陕西煤业,24.0,24.64,23.77,24.08,24.0,463268.85,1124076.412,tushare:daily,20251106,daily_ohlcv_raw_from_tushare
20251106,601318.SH,中国平安,58.35,59.28,58.34,58.9,58.32,547345.99,3224909.538,tushare:daily,20251106,daily_ohlcv_raw_from_tushare
20251106,601899.SH,紫金矿业,29.01,29.8,28.92,29.7,29.01,1789698.43,5281857.227,tushare:daily,20251106,daily_ohlcv_raw_from_tushare
20251106,688981.SH,中芯国际,121.9,125.99,121.05,124.85,119.78,731507.65,9060521.121,tushare:daily,20251106,daily_ohlcv_raw_from_tushare
20251107,000001.SZ,平安银行,11.52,11.58,11.5,11.55,11.51,734850.55,848177.984,tushare:daily,20251107,daily_ohlcv_raw_from_tushare
20251107,000002.SZ,万科A,6.17,6.22,6.15,6.18,6.18,733081.92,453507.99,tushare:daily,20251107,daily_ohlcv_raw_from_tushare
20251107,000651.SZ,格力电器,39.95,40.08,39.88,40.02,39.99,244832.24,979334.368,tushare:daily,20251107,daily_ohlcv_raw_from_tushare
20251107,000725.SZ,京东方A,4.0,4.02,3.98,4.01,4.0,3042867.42,1218198.534,tushare:daily,20251107,daily_ohlcv_raw_from_tushare
20251107,002230.SZ,科大讯飞,53.15,53.27,52.5,52.52,53.6,384750.85,2030721.679,tushare:daily,20251107,daily_ohlcv_raw_from_tushare
20251107,002594.SZ,比亚迪,97.0,98.15,96.83,97.2,97.52,322560.73,3145817.991,tushare:daily,20251107,daily_ohlcv_raw_from_tushare
20251107,300750.SZ,宁德时代,393.5,397.51,388.88,395.37,394.68,165548.92,6516185.371,tushare:daily,20251107,daily_ohlcv_raw_from_tushare
20251107,600019.SH,宝钢股份,7.71,7.81,7.62,7.65,7.74,855926.44,656956.524,tushare:daily,20251107,daily_ohlcv_raw_from_tushare
20251107,600030.SH,中信证券,29.09,29.12,28.95,29.0,29.19,960721.34,2787864.865,tushare:daily,20251107,daily_ohlcv_raw_from_tushare
20251107,600050.SH,中国联通,5.46,5.52,5.45,5.51,5.47,2204482.56,1213059.698,tushare:daily,20251107,daily_ohlcv_raw_from_tushare
20251107,600276.SH,恒瑞医药,62.0,62.49,61.5,61.58,62.42,270654.28,1670988.958,tushare:daily,20251107,daily_ohlcv_raw_from_tushare
20251107,600309.SH,万华化学,61.69,65.51,61.35,65.27,61.7,762160.0,4913339.326,tushare:daily,20251107,daily_ohlcv_raw_from_tushare
20251107,600519.SH,贵州茅台,1435.11,1439.78,1431.11,1433.33,1435.13,18861.39,2704995.856,tushare:daily,20251107,daily_ohlcv_raw_from_tushare
20251107,600760.SH,中航沈飞,60.41,60.52,59.65,59.82,60.66,151619.89,907906.89,tushare:daily,20251107,daily_ohlcv_raw_from_tushare
20251107,600900.SH,长江电力,28.51,28.64,28.43,28.52,28.5,551417.84,1572837.493,tushare:daily,20251107,daily_ohlcv_raw_from_tushare
20251107,601012.SH,隆基绿能,21.64,23.3,21.64,22.43,21.77,4223350.16,9584105.295,tushare:daily,20251107,daily_ohlcv_raw_from_tushare
20251107,601225.SH,陕西煤业,24.15,24.4,24.0,24.13,24.08,255375.26,616834.391,tushare:daily,20251107,daily_ohlcv_raw_from_tushare
20251107,601318.SH,中国平安,58.78,59.15,58.66,58.89,58.9,371910.41,2191134.861,tushare:daily,20251107,daily_ohlcv_raw_from_tushare
20251107,601899.SH,紫金矿业,29.69,30.25,29.62,30.17,29.7,1497566.54,4498419.194,tushare:daily,20251107,daily_ohlcv_raw_from_tushare
20251107,688981.SH,中芯国际,122.93,124.18,122.05,122.11,124.85,382292.14,4694221.497,tushare:daily,20251107,daily_ohlcv_raw_from_tushare
20251110,000001.SZ,平安银行,11.52,11.64,11.45,11.63,11.55,827208.33,957555.601,tushare:daily,20251110,daily_ohlcv_raw_from_tushare
20251110,000002.SZ,万科A,6.17,6.26,6.16,6.26,6.18,1031199.13,641296.734,tushare:daily,20251110,daily_ohlcv_raw_from_tushare
20251110,000651.SZ,格力电器,40.1,40.88,40.09,40.86,40.02,640991.07,2605209.45,tushare:daily,20251110,daily_ohlcv_raw_from_tushare
20251110,000725.SZ,京东方A,4.01,4.07,3.99,4.06,4.01,5715496.57,2306375.737,tushare:daily,20251110,daily_ohlcv_raw_from_tushare
20251110,002230.SZ,科大讯飞,52.66,53.42,52.66,52.91,52.52,347121.89,1840704.652,tushare:daily,20251110,daily_ohlcv_raw_from_tushare
20251110,002594.SZ,比亚迪,97.35,100.35,97.35,99.39,97.2,554876.9,5513238.813,tushare:daily,20251110,daily_ohlcv_raw_from_tushare
20251110,300750.SZ,宁德时代,398.4,400.31,383.32,384.51,395.37,238959.91,9267204.047,tushare:daily,20251110,daily_ohlcv_raw_from_tushare
20251110,600019.SH,宝钢股份,7.67,7.67,7.53,7.61,7.65,723467.51,548468.474,tushare:daily,20251110,daily_ohlcv_raw_from_tushare
20251110,600030.SH,中信证券,29.0,29.46,28.96,29.3,29.0,1621940.18,4737134.777,tushare:daily,20251110,daily_ohlcv_raw_from_tushare
20251110,600050.SH,中国联通,5.51,5.53,5.49,5.53,5.51,1800805.49,991843.04,tushare:daily,20251110,daily_ohlcv_raw_from_tushare
20251110,600276.SH,恒瑞医药,61.57,61.93,60.96,61.83,61.58,396248.3,2431973.885,tushare:daily,20251110,daily_ohlcv_raw_from_tushare
20251110,600309.SH,万华化学,66.2,68.78,66.15,67.86,65.27,786641.6,5331349.256,tushare:daily,20251110,daily_ohlcv_raw_from_tushare
20251110,600519.SH,贵州茅台,1435.0,1463.69,1434.98,1462.3,1433.33,49451.54,7181246.441,tushare:daily,20251110,daily_ohlcv_raw_from_tushare
20251110,600760.SH,中航沈飞,59.8,60.2,58.62,59.63,59.82,161172.44,954659.375,tushare:daily,20251110,daily_ohlcv_raw_from_tushare
20251110,600900.SH,长江电力,28.52,28.59,28.39,28.53,28.52,493344.59,1406140.642,tushare:daily,20251110,daily_ohlcv_raw_from_tushare
20251110,601012.SH,隆基绿能,22.88,23.57,22.6,22.8,22.43,4031035.09,9280405.739,tushare:daily,20251110,daily_ohlcv_raw_from_tushare
20251110,601225.SH,陕西煤业,24.17,24.7,23.93,24.68,24.13,411135.4,1007109.215,tushare:daily,20251110,daily_ohlcv_raw_from_tushare
20251110,601318.SH,中国平安,58.85,59.4,58.44,59.3,58.89,529487.21,3132320.906,tushare:daily,20251110,daily_ohlcv_raw_from_tushare
20251110,601899.SH,紫金矿业,30.8,30.95,29.88,30.17,30.17,1885111.7,5707821.666,tushare:daily,20251110,daily_ohlcv_raw_from_tushare
20251110,688981.SH,中芯国际,122.13,122.95,118.76,120.01,122.11,395832.71,4749065.264,tushare:daily,20251110,daily_ohlcv_raw_from_tushare
20251111,000001.SZ,平安银行,11.62,11.69,11.57,11.67,11.63,886508.87,1033284.776,tushare:daily,20251111,daily_ohlcv_raw_from_tushare
20251111,000002.SZ,万科A,6.24,6.31,6.23,6.28,6.26,906104.54,568430.823,tushare:daily,20251111,daily_ohlcv_raw_from_tushare
20251111,000651.SZ,格力电器,40.9,41.09,40.75,40.92,40.86,468452.73,1916064.154,tushare:daily,20251111,daily_ohlcv_raw_from_tushare
20251111,000725.SZ,京东方A,4.07,4.07,4.03,4.04,4.06,3508117.1,1419617.895,tushare:daily,20251111,daily_ohlcv_raw_from_tushare
20251111,002230.SZ,科大讯飞,53.02,53.15,51.2,51.48,52.91,522031.79,2717365.847,tushare:daily,20251111,daily_ohlcv_raw_from_tushare
20251111,002594.SZ,比亚迪,99.5,99.78,98.14,98.71,99.39,319857.88,3161124.11,tushare:daily,20251111,daily_ohlcv_raw_from_tushare
20251111,300750.SZ,宁德时代,386.0,394.77,384.5,385.6,384.51,193031.75,7500041.113,tushare:daily,20251111,daily_ohlcv_raw_from_tushare
20251111,600019.SH,宝钢股份,7.62,7.67,7.54,7.64,7.61,759381.67,577840.96,tushare:daily,20251111,daily_ohlcv_raw_from_tushare
20251111,600030.SH,中信证券,29.34,29.4,29.0,29.06,29.3,1042995.4,3038989.818,tushare:daily,20251111,daily_ohlcv_raw_from_tushare
20251111,600050.SH,中国联通,5.52,5.53,5.49,5.5,5.53,1627065.11,896241.096,tushare:daily,20251111,daily_ohlcv_raw_from_tushare
20251111,600276.SH,恒瑞医药,61.95,62.2,61.0,61.06,61.83,275159.98,1687561.58,tushare:daily,20251111,daily_ohlcv_raw_from_tushare
20251111,600309.SH,万华化学,67.4,68.49,66.75,67.95,67.86,373544.69,2532261.115,tushare:daily,20251111,daily_ohlcv_raw_from_tushare
20251111,600519.SH,贵州茅台,1462.0,1462.18,1447.0,1458.99,1462.3,26691.56,3882776.772,tushare:daily,20251111,daily_ohlcv_raw_from_tushare
20251111,600760.SH,中航沈飞,59.7,60.06,58.88,58.93,59.63,128503.37,762335.484,tushare:daily,20251111,daily_ohlcv_raw_from_tushare
20251111,600900.SH,长江电力,28.53,28.72,28.47,28.62,28.53,625175.78,1788389.426,tushare:daily,20251111,daily_ohlcv_raw_from_tushare
20251111,601012.SH,隆基绿能,22.8,23.09,22.41,22.44,22.8,2808370.54,6387793.972,tushare:daily,20251111,daily_ohlcv_raw_from_tushare
20251111,601225.SH,陕西煤业,24.47,24.6,23.6,24.12,24.68,512742.75,1230214.857,tushare:daily,20251111,daily_ohlcv_raw_from_tushare
20251111,601318.SH,中国平安,59.3,59.5,58.81,59.2,59.3,362503.76,2143772.917,tushare:daily,20251111,daily_ohlcv_raw_from_tushare
20251111,601899.SH,紫金矿业,30.57,30.68,29.5,29.62,30.17,1664377.26,4968850.126,tushare:daily,20251111,daily_ohlcv_raw_from_tushare
20251111,688981.SH,中芯国际,120.6,121.47,117.53,117.73,120.01,342530.08,4073862.296,tushare:daily,20251111,daily_ohlcv_raw_from_tushare
20251112,000001.SZ,平安银行,11.7,11.79,11.65,11.68,11.67,1141325.38,1337963.805,tushare:daily,20251112,daily_ohlcv_raw_from_tushare
20251112,000002.SZ,万科A,6.31,6.33,6.24,6.26,6.28,860610.61,540093.753,tushare:daily,20251112,daily_ohlcv_raw_from_tushare
20251112,000651.SZ,格力电器,40.93,41.35,40.93,41.15,40.92,580158.18,2389716.804,tushare:daily,20251112,daily_ohlcv_raw_from_tushare
20251112,000725.SZ,京东方A,4.04,4.06,4.01,4.04,4.04,4891171.08,1972766.4,tushare:daily,20251112,daily_ohlcv_raw_from_tushare
20251112,002230.SZ,科大讯飞,51.48,51.68,50.18,50.55,51.48,380685.71,1932575.7,tushare:daily,20251112,daily_ohlcv_raw_from_tushare
20251112,002594.SZ,比亚迪,98.8,98.99,97.54,97.77,98.71,260643.35,2555847.684,tushare:daily,20251112,daily_ohlcv_raw_from_tushare
20251112,300750.SZ,宁德时代,390.78,392.99,383.98,386.38,385.6,212998.25,8261238.197,tushare:daily,20251112,daily_ohlcv_raw_from_tushare
20251112,600019.SH,宝钢股份,7.65,7.79,7.62,7.73,7.64,978464.2,755879.143,tushare:daily,20251112,daily_ohlcv_raw_from_tushare
20251112,600030.SH,中信证券,29.07,29.11,28.81,28.9,29.06,1086308.12,3144600.711,tushare:daily,20251112,daily_ohlcv_raw_from_tushare
20251112,600050.SH,中国联通,5.51,5.52,5.46,5.48,5.5,2126213.65,1168054.156,tushare:daily,20251112,daily_ohlcv_raw_from_tushare
20251112,600276.SH,恒瑞医药,61.09,62.86,61.09,62.1,61.06,514267.76,3203516.791,tushare:daily,20251112,daily_ohlcv_raw_from_tushare
20251112,600309.SH,万华化学,68.0,68.5,67.23,67.77,67.95,299056.91,2029440.035,tushare:daily,20251112,daily_ohlcv_raw_from_tushare
20251112,600519.SH,贵州茅台,1459.98,1478.36,1459.21,1465.15,1458.99,32992.1,4849073.051,tushare:daily,20251112,daily_ohlcv_raw_from_tushare
20251112,600760.SH,中航沈飞,58.88,58.92,57.62,58.32,58.93,150671.93,876529.829,tushare:daily,20251112,daily_ohlcv_raw_from_tushare
20251112,600900.SH,长江电力,28.7,28.88,28.61,28.61,28.62,629704.97,1810844.126,tushare:daily,20251112,daily_ohlcv_raw_from_tushare
20251112,601012.SH,隆基绿能,22.3,22.3,20.22,20.79,22.44,5223453.18,10945020.73,tushare:daily,20251112,daily_ohlcv_raw_from_tushare
20251112,601225.SH,陕西煤业,24.11,24.27,23.82,23.91,24.12,253969.97,609943.481,tushare:daily,20251112,daily_ohlcv_raw_from_tushare
20251112,601318.SH,中国平安,59.3,60.79,59.3,60.03,59.2,1490245.84,8994592.304,tushare:daily,20251112,daily_ohlcv_raw_from_tushare
20251112,601899.SH,紫金矿业,29.62,30.06,29.15,29.49,29.62,1364288.12,4037371.771,tushare:daily,20251112,daily_ohlcv_raw_from_tushare
20251112,688981.SH,中芯国际,117.0,119.8,115.74,119.63,117.73,457015.52,5405408.039,tushare:daily,20251112,daily_ohlcv_raw_from_tushare
20251113,000001.SZ,平安银行,11.68,11.72,11.57,11.7,11.68,978991.03,1139765.204,tushare:daily,20251113,daily_ohlcv_raw_from_tushare
20251113,000002.SZ,万科A,6.24,6.28,6.22,6.28,6.26,763515.74,477638.822,tushare:daily,20251113,daily_ohlcv_raw_from_tushare
20251113,000651.SZ,格力电器,41.15,41.32,40.75,41.0,41.15,441638.42,1807279.175,tushare:daily,20251113,daily_ohlcv_raw_from_tushare
20251113,000725.SZ,京东方A,4.03,4.05,4.02,4.04,4.04,3840009.65,1548913.679,tushare:daily,20251113,daily_ohlcv_raw_from_tushare
20251113,002230.SZ,科大讯飞,50.54,51.06,50.37,50.87,50.55,274688.32,1394510.651,tushare:daily,20251113,daily_ohlcv_raw_from_tushare
20251113,002594.SZ,比亚迪,97.01,100.5,97.01,99.83,97.77,579990.22,5759429.264,tushare:daily,20251113,daily_ohlcv_raw_from_tushare
20251113,300750.SZ,宁德时代,385.05,421.3,385.05,415.6,386.38,562654.49,22945441.956,tushare:daily,20251113,daily_ohlcv_raw_from_tushare
20251113,600019.SH,宝钢股份,7.75,7.83,7.61,7.76,7.73,909615.13,701547.734,tushare:daily,20251113,daily_ohlcv_raw_from_tushare
20251113,600030.SH,中信证券,28.88,29.12,28.86,29.08,28.9,1178749.07,3418473.434,tushare:daily,20251113,daily_ohlcv_raw_from_tushare
20251113,600050.SH,中国联通,5.47,5.49,5.43,5.45,5.48,2803611.24,1528700.715,tushare:daily,20251113,daily_ohlcv_raw_from_tushare
20251113,600276.SH,恒瑞医药,62.69,63.79,62.23,63.56,62.1,508318.37,3211808.939,tushare:daily,20251113,daily_ohlcv_raw_from_tushare
20251113,600309.SH,万华化学,67.4,69.16,67.4,68.71,67.77,416458.4,2850195.669,tushare:daily,20251113,daily_ohlcv_raw_from_tushare
20251113,600519.SH,贵州茅台,1462.12,1473.58,1458.0,1470.38,1465.15,31179.23,4569178.269,tushare:daily,20251113,daily_ohlcv_raw_from_tushare
20251113,600760.SH,中航沈飞,58.28,58.8,58.03,58.45,58.32,91310.33,532880.345,tushare:daily,20251113,daily_ohlcv_raw_from_tushare
20251113,600900.SH,长江电力,28.62,28.73,28.26,28.44,28.61,1012328.04,2874569.006,tushare:daily,20251113,daily_ohlcv_raw_from_tushare
20251113,601012.SH,隆基绿能,20.8,21.64,20.69,21.3,20.79,3219396.0,6821922.566,tushare:daily,20251113,daily_ohlcv_raw_from_tushare
20251113,601225.SH,陕西煤业,23.9,24.17,23.55,24.08,23.91,316713.22,757518.574,tushare:daily,20251113,daily_ohlcv_raw_from_tushare
20251113,601318.SH,中国平安,60.29,61.38,60.29,60.88,60.03,890186.99,5421878.882,tushare:daily,20251113,daily_ohlcv_raw_from_tushare
20251113,601899.SH,紫金矿业,29.8,31.12,29.71,30.72,29.49,2809335.94,8597741.661,tushare:daily,20251113,daily_ohlcv_raw_from_tushare
20251113,688981.SH,中芯国际,118.99,123.33,117.8,123.1,119.63,549888.53,6638319.087,tushare:daily,20251113,daily_ohlcv_raw_from_tushare
20251114,000001.SZ,平安银行,11.67,11.84,11.66,11.75,11.7,1316994.98,1551867.288,tushare:daily,20251114,daily_ohlcv_raw_from_tushare
20251114,000002.SZ,万科A,6.25,6.32,6.25,6.27,6.28,1182180.67,743739.695,tushare:daily,20251114,daily_ohlcv_raw_from_tushare
20251114,000651.SZ,格力电器,40.87,41.13,40.61,40.62,41.0,351223.41,1433919.235,tushare:daily,20251114,daily_ohlcv_raw_from_tushare
20251114,000725.SZ,京东方A,4.02,4.03,3.99,4.0,4.04,3937048.65,1579251.592,tushare:daily,20251114,daily_ohlcv_raw_from_tushare
20251114,002230.SZ,科大讯飞,50.4,50.54,49.98,49.98,50.87,301073.85,1510723.296,tushare:daily,20251114,daily_ohlcv_raw_from_tushare
20251114,002594.SZ,比亚迪,99.0,100.5,98.33,98.37,99.83,342984.66,3396134.916,tushare:daily,20251114,daily_ohlcv_raw_from_tushare
20251114,300750.SZ,宁德时代,407.0,414.6,403.88,404.12,415.6,241721.2,9879119.548,tushare:daily,20251114,daily_ohlcv_raw_from_tushare
20251114,600019.SH,宝钢股份,7.73,7.83,7.66,7.67,7.76,708893.28,548303.009,tushare:daily,20251114,daily_ohlcv_raw_from_tushare
20251114,600030.SH,中信证券,28.95,28.96,28.62,28.64,29.08,1201707.06,3463551.862,tushare:daily,20251114,daily_ohlcv_raw_from_tushare
20251114,600050.SH,中国联通,5.44,5.46,5.42,5.42,5.45,1805525.7,982270.188,tushare:daily,20251114,daily_ohlcv_raw_from_tushare
20251114,600276.SH,恒瑞医药,63.45,63.9,62.76,62.9,63.56,319504.14,2021555.066,tushare:daily,20251114,daily_ohlcv_raw_from_tushare
20251114,600309.SH,万华化学,67.4,68.28,65.8,65.8,68.71,504502.96,3370324.226,tushare:daily,20251114,daily_ohlcv_raw_from_tushare
20251114,600519.SH,贵州茅台,1470.0,1478.95,1456.3,1456.6,1470.38,27473.06,4031007.106,tushare:daily,20251114,daily_ohlcv_raw_from_tushare
20251114,600760.SH,中航沈飞,58.47,60.61,58.41,59.04,58.45,309342.01,1840326.178,tushare:daily,20251114,daily_ohlcv_raw_from_tushare
20251114,600900.SH,长江电力,28.44,28.71,28.34,28.34,28.44,747625.18,2134920.337,tushare:daily,20251114,daily_ohlcv_raw_from_tushare
20251114,601012.SH,隆基绿能,21.0,23.11,20.8,21.88,21.3,4048316.62,8888797.854,tushare:daily,20251114,daily_ohlcv_raw_from_tushare
20251114,601225.SH,陕西煤业,24.2,24.37,23.62,23.62,24.08,194934.96,464645.025,tushare:daily,20251114,daily_ohlcv_raw_from_tushare
20251114,601318.SH,中国平安,60.85,62.27,60.65,60.65,60.88,752741.01,4630168.806,tushare:daily,20251114,daily_ohlcv_raw_from_tushare
20251114,601899.SH,紫金矿业,30.1,30.43,29.82,30.02,30.72,1661667.7,5009890.531,tushare:daily,20251114,daily_ohlcv_raw_from_tushare
20251114,688981.SH,中芯国际,123.0,125.5,117.89,118.18,123.1,775293.52,9432871.553,tushare:daily,20251114,daily_ohlcv_raw_from_tushare
20251117,000001.SZ,平安银行,11.75,11.75,11.62,11.67,11.75,995232.87,1161416.222,tushare:daily,20251117,daily_ohlcv_raw_from_tushare
20251117,000002.SZ,万科A,6.25,6.29,6.24,6.26,6.27,841324.65,527202.319,tushare:daily,20251117,daily_ohlcv_raw_from_tushare
20251117,000651.SZ,格力电器,40.62,40.62,40.06,40.19,40.62,366439.71,1474977.099,tushare:daily,20251117,daily_ohlcv_raw_from_tushare
20251117,000725.SZ,京东方A,3.99,4.0,3.96,3.96,4.0,4118776.81,1637454.772,tushare:daily,20251117,daily_ohlcv_raw_from_tushare
20251117,002230.SZ,科大讯飞,49.9,50.9,49.82,50.56,49.98,292978.38,1476611.348,tushare:daily,20251117,daily_ohlcv_raw_from_tushare
20251117,002594.SZ,比亚迪,97.8,98.59,97.25,98.08,98.37,207247.59,2029207.779,tushare:daily,20251117,daily_ohlcv_raw_from_tushare
20251117,300750.SZ,宁德时代,388.0,392.4,382.5,390.78,404.12,476855.03,18542294.255,tushare:daily,20251117,daily_ohlcv_raw_from_tushare
20251117,600019.SH,宝钢股份,7.67,7.71,7.57,7.66,7.67,775527.4,592553.632,tushare:daily,20251117,daily_ohlcv_raw_from_tushare
20251117,600030.SH,中信证券,28.61,28.61,28.26,28.29,28.64,1077709.05,3058387.828,tushare:daily,20251117,daily_ohlcv_raw_from_tushare
20251117,600050.SH,中国联通,5.41,5.43,5.39,5.41,5.42,1906854.86,1029943.939,tushare:daily,20251117,daily_ohlcv_raw_from_tushare
20251117,600276.SH,恒瑞医药,62.89,63.05,61.41,61.8,62.9,315384.52,1952561.578,tushare:daily,20251117,daily_ohlcv_raw_from_tushare
20251117,600309.SH,万华化学,65.08,67.68,65.08,66.38,65.8,326430.84,2168091.663,tushare:daily,20251117,daily_ohlcv_raw_from_tushare
20251117,600519.SH,贵州茅台,1454.0,1473.0,1445.79,1471.0,1456.6,34462.21,5035780.027,tushare:daily,20251117,daily_ohlcv_raw_from_tushare
20251117,600760.SH,中航沈飞,61.49,62.3,59.75,60.26,59.04,434427.09,2656441.402,tushare:daily,20251117,daily_ohlcv_raw_from_tushare
20251117,600900.SH,长江电力,28.37,28.43,28.03,28.16,28.34,725596.43,2041952.507,tushare:daily,20251117,daily_ohlcv_raw_from_tushare
20251117,601012.SH,隆基绿能,22.0,22.1,21.26,21.69,21.88,2312457.21,4997065.752,tushare:daily,20251117,daily_ohlcv_raw_from_tushare
20251117,601225.SH,陕西煤业,23.65,24.24,23.5,24.03,23.62,274773.0,658385.297,tushare:daily,20251117,daily_ohlcv_raw_from_tushare
20251117,601318.SH,中国平安,60.69,61.0,59.46,59.83,60.65,560197.16,3354710.745,tushare:daily,20251117,daily_ohlcv_raw_from_tushare
20251117,601899.SH,紫金矿业,29.73,29.92,28.86,28.98,30.02,2159943.74,6311373.29,tushare:daily,20251117,daily_ohlcv_raw_from_tushare
20251117,688981.SH,中芯国际,116.82,119.29,116.51,117.63,118.18,421773.41,4961789.944,tushare:daily,20251117,daily_ohlcv_raw_from_tushare
20251118,000001.SZ,平安银行,11.65,11.69,11.57,11.59,11.67,670077.35,778887.578,tushare:daily,20251118,daily_ohlcv_raw_from_tushare
20251118,000002.SZ,万科A,6.26,6.27,6.12,6.13,6.26,1461830.5,901746.513,tushare:daily,20251118,daily_ohlcv_raw_from_tushare
20251118,000651.SZ,格力电器,40.19,40.46,40.05,40.11,40.19,265683.19,1069136.102,tushare:daily,20251118,daily_ohlcv_raw_from_tushare
20251118,000725.SZ,京东方A,3.96,3.97,3.92,3.93,3.96,4187631.5,1649319.682,tushare:daily,20251118,daily_ohlcv_raw_from_tushare
20251118,002230.SZ,科大讯飞,50.4,52.0,50.1,51.55,50.56,456933.49,2343992.656,tushare:daily,20251118,daily_ohlcv_raw_from_tushare
20251118,002594.SZ,比亚迪,97.54,97.85,96.02,96.49,98.08,304756.45,2949162.765,tushare:daily,20251118,daily_ohlcv_raw_from_tushare
20251118,300750.SZ,宁德时代,389.0,398.63,381.0,385.0,390.78,395658.14,15353867.657,tushare:daily,20251118,daily_ohlcv_raw_from_tushare
20251118,600019.SH,宝钢股份,7.67,7.69,7.49,7.52,7.66,807155.7,610216.445,tushare:daily,20251118,daily_ohlcv_raw_from_tushare
20251118,600030.SH,中信证券,28.27,28.43,28.17,28.22,28.29,915153.89,2589358.392,tushare:daily,20251118,daily_ohlcv_raw_from_tushare
20251118,600050.SH,中国联通,5.4,5.43,5.39,5.4,5.41,1617764.65,875534.912,tushare:daily,20251118,daily_ohlcv_raw_from_tushare
20251118,600276.SH,恒瑞医药,61.61,62.85,61.52,61.78,61.8,219100.59,1359324.791,tushare:daily,20251118,daily_ohlcv_raw_from_tushare
20251118,600309.SH,万华化学,66.4,66.76,65.02,65.4,66.38,234161.99,1534038.477,tushare:daily,20251118,daily_ohlcv_raw_from_tushare
20251118,600519.SH,贵州茅台,1470.7,1486.07,1469.0,1476.0,1471.0,34204.78,5055675.474,tushare:daily,20251118,daily_ohlcv_raw_from_tushare
20251118,600760.SH,中航沈飞,60.3,60.4,57.98,59.38,60.26,248884.6,1470724.353,tushare:daily,20251118,daily_ohlcv_raw_from_tushare
20251118,600900.SH,长江电力,28.16,28.34,28.08,28.15,28.16,590136.98,1664566.13,tushare:daily,20251118,daily_ohlcv_raw_from_tushare
20251118,601012.SH,隆基绿能,21.54,21.88,21.01,21.15,21.69,1734623.73,3693621.417,tushare:daily,20251118,daily_ohlcv_raw_from_tushare
20251118,601225.SH,陕西煤业,24.0,24.02,23.3,23.53,24.03,310869.57,732787.914,tushare:daily,20251118,daily_ohlcv_raw_from_tushare
20251118,601318.SH,中国平安,59.67,60.15,59.48,59.62,59.83,445712.18,2663627.684,tushare:daily,20251118,daily_ohlcv_raw_from_tushare
20251118,601899.SH,紫金矿业,28.7,28.95,28.21,28.39,28.98,1733397.54,4945509.143,tushare:daily,20251118,daily_ohlcv_raw_from_tushare
20251118,688981.SH,中芯国际,117.5,120.18,117.13,117.96,117.63,473915.08,5629538.134,tushare:daily,20251118,daily_ohlcv_raw_from_tushare
20251119,000001.SZ,平安银行,11.58,11.83,11.57,11.8,11.59,1334996.19,1565428.547,tushare:daily,20251119,daily_ohlcv_raw_from_tushare
20251119,000002.SZ,万科A,6.12,6.13,6.04,6.06,6.13,1024094.2,622029.495,tushare:daily,20251119,daily_ohlcv_raw_from_tushare
20251119,000651.SZ,格力电器,40.1,40.29,40.0,40.16,40.11,218006.37,875626.45,tushare:daily,20251119,daily_ohlcv_raw_from_tushare
20251119,000725.SZ,京东方A,3.92,3.94,3.88,3.92,3.93,4432660.9,1731734.666,tushare:daily,20251119,daily_ohlcv_raw_from_tushare
20251119,002230.SZ,科大讯飞,51.46,51.49,50.55,50.92,51.55,291113.28,1484210.466,tushare:daily,20251119,daily_ohlcv_raw_from_tushare
20251119,002594.SZ,比亚迪,96.4,96.66,95.01,95.17,96.49,348292.35,3327809.284,tushare:daily,20251119,daily_ohlcv_raw_from_tushare
20251119,300750.SZ,宁德时代,385.5,398.44,384.96,391.1,385.0,292666.86,11462348.543,tushare:daily,20251119,daily_ohlcv_raw_from_tushare
20251119,600019.SH,宝钢股份,7.5,7.54,7.4,7.47,7.52,722656.59,538967.995,tushare:daily,20251119,daily_ohlcv_raw_from_tushare
20251119,600030.SH,中信证券,28.22,28.42,28.2,28.3,28.22,844812.74,2392792.474,tushare:daily,20251119,daily_ohlcv_raw_from_tushare
20251119,600050.SH,中国联通,5.4,5.44,5.39,5.41,5.4,1676744.28,908777.34,tushare:daily,20251119,daily_ohlcv_raw_from_tushare
20251119,600276.SH,恒瑞医药,61.5,61.78,61.02,61.11,61.78,211162.42,1295307.075,tushare:daily,20251119,daily_ohlcv_raw_from_tushare
20251119,600309.SH,万华化学,65.2,66.0,65.0,65.61,65.4,162992.74,1066332.366,tushare:daily,20251119,daily_ohlcv_raw_from_tushare
20251119,600519.SH,贵州茅台,1474.0,1479.53,1469.96,1471.01,1476.0,22045.37,3249449.214,tushare:daily,20251119,daily_ohlcv_raw_from_tushare
20251119,600760.SH,中航沈飞,59.02,61.29,58.88,60.44,59.38,257850.36,1560556.889,tushare:daily,20251119,daily_ohlcv_raw_from_tushare
20251119,600900.SH,长江电力,28.15,28.33,28.11,28.23,28.15,481597.61,1359794.725,tushare:daily,20251119,daily_ohlcv_raw_from_tushare
20251119,601012.SH,隆基绿能,21.15,21.44,20.64,21.2,21.15,1962514.24,4120662.266,tushare:daily,20251119,daily_ohlcv_raw_from_tushare
20251119,601225.SH,陕西煤业,23.53,23.93,23.27,23.76,23.53,216218.01,512594.64,tushare:daily,20251119,daily_ohlcv_raw_from_tushare
20251119,601318.SH,中国平安,59.8,61.12,59.71,60.37,59.62,705865.09,4268493.624,tushare:daily,20251119,daily_ohlcv_raw_from_tushare
20251119,601899.SH,紫金矿业,28.74,29.55,28.7,29.34,28.39,1921844.77,5608158.691,tushare:daily,20251119,daily_ohlcv_raw_from_tushare
20251119,688981.SH,中芯国际,117.99,118.49,115.51,116.28,117.96,415119.56,4848790.041,tushare:daily,20251119,daily_ohlcv_raw_from_tushare
20251120,000001.SZ,平安银行,11.79,11.99,11.74,11.85,11.8,1637039.85,1948415.94,tushare:daily,20251120,daily_ohlcv_raw_from_tushare
20251120,000002.SZ,万科A,6.06,6.29,6.02,6.2,6.06,1962248.31,1211557.177,tushare:daily,20251120,daily_ohlcv_raw_from_tushare
20251120,000651.SZ,格力电器,40.18,40.64,40.06,40.35,40.16,332902.13,1345880.532,tushare:daily,20251120,daily_ohlcv_raw_from_tushare
20251120,000725.SZ,京东方A,3.92,3.94,3.9,3.9,3.92,3542675.23,1388610.092,tushare:daily,20251120,daily_ohlcv_raw_from_tushare
20251120,002230.SZ,科大讯飞,51.3,51.4,50.08,50.1,50.92,242108.21,1222637.641,tushare:daily,20251120,daily_ohlcv_raw_from_tushare
20251120,002594.SZ,比亚迪,95.17,95.5,93.5,93.61,95.17,391810.87,3692348.085,tushare:daily,20251120,daily_ohlcv_raw_from_tushare
20251120,300750.SZ,宁德时代,394.9,395.0,377.01,379.39,391.1,336742.85,12895238.923,tushare:daily,20251120,daily_ohlcv_raw_from_tushare
20251120,600019.SH,宝钢股份,7.46,7.55,7.46,7.47,7.47,495350.36,371246.194,tushare:daily,20251120,daily_ohlcv_raw_from_tushare
20251120,600030.SH,中信证券,28.85,28.94,28.28,28.3,28.3,1528642.85,4380360.233,tushare:daily,20251120,daily_ohlcv_raw_from_tushare
20251120,600050.SH,中国联通,5.42,5.52,5.41,5.49,5.41,3301109.13,1809206.61,tushare:daily,20251120,daily_ohlcv_raw_from_tushare
20251120,600276.SH,恒瑞医药,61.23,61.65,60.54,60.63,61.11,253480.06,1544020.77,tushare:daily,20251120,daily_ohlcv_raw_from_tushare
20251120,600309.SH,万华化学,65.97,66.47,64.18,64.3,65.61,207793.25,1354277.927,tushare:daily,20251120,daily_ohlcv_raw_from_tushare
20251120,600519.SH,贵州茅台,1472.0,1479.9,1465.03,1467.11,1471.01,24002.32,3531653.943,tushare:daily,20251120,daily_ohlcv_raw_from_tushare
20251120,600760.SH,中航沈飞,59.6,60.25,58.91,58.95,60.44,163823.71,972296.159,tushare:daily,20251120,daily_ohlcv_raw_from_tushare
20251120,600900.SH,长江电力,28.18,28.32,28.05,28.14,28.23,576112.35,1624414.752,tushare:daily,20251120,daily_ohlcv_raw_from_tushare
20251120,601012.SH,隆基绿能,21.2,21.3,20.0,20.1,21.2,2338838.65,4822149.607,tushare:daily,20251120,daily_ohlcv_raw_from_tushare
20251120,601225.SH,陕西煤业,23.68,23.79,23.1,23.17,23.76,255843.28,599579.033,tushare:daily,20251120,daily_ohlcv_raw_from_tushare
20251120,601318.SH,中国平安,60.6,61.15,60.03,60.2,60.37,394490.64,2387256.691,tushare:daily,20251120,daily_ohlcv_raw_from_tushare
20251120,601899.SH,紫金矿业,29.4,29.68,28.9,28.97,29.34,1331418.33,3887558.725,tushare:daily,20251120,daily_ohlcv_raw_from_tushare
20251120,688981.SH,中芯国际,117.99,118.29,116.46,116.78,116.28,344702.85,4045624.435,tushare:daily,20251120,daily_ohlcv_raw_from_tushare
20251121,000001.SZ,平安银行,11.8,11.88,11.66,11.69,11.85,1465358.88,1721871.193,tushare:daily,20251121,daily_ohlcv_raw_from_tushare
20251121,000002.SZ,万科A,6.12,6.19,6.06,6.06,6.2,1231018.91,752393.756,tushare:daily,20251121,daily_ohlcv_raw_from_tushare
20251121,000651.SZ,格力电器,40.18,40.72,39.97,40.25,40.35,550948.77,2218464.826,tushare:daily,20251121,daily_ohlcv_raw_from_tushare
20251121,000725.SZ,京东方A,3.88,3.89,3.82,3.83,3.9,5257286.69,2027238.704,tushare:daily,20251121,daily_ohlcv_raw_from_tushare
20251121,002230.SZ,科大讯飞,49.54,50.2,48.64,49.2,50.1,377140.69,1859923.804,tushare:daily,20251121,daily_ohlcv_raw_from_tushare
20251121,002594.SZ,比亚迪,92.49,94.39,91.7,92.7,93.61,451713.13,4182916.493,tushare:daily,20251121,daily_ohlcv_raw_from_tushare
20251121,300750.SZ,宁德时代,375.0,383.0,370.0,370.0,379.39,316313.35,11850710.342,tushare:daily,20251121,daily_ohlcv_raw_from_tushare
20251121,600019.SH,宝钢股份,7.42,7.45,7.26,7.27,7.47,1248402.0,915176.375,tushare:daily,20251121,daily_ohlcv_raw_from_tushare
20251121,600030.SH,中信证券,28.01,28.25,27.3,27.3,28.3,1695039.16,4693752.816,tushare:daily,20251121,daily_ohlcv_raw_from_tushare
20251121,600050.SH,中国联通,5.46,5.48,5.37,5.38,5.49,3035436.96,1645747.407,tushare:daily,20251121,daily_ohlcv_raw_from_tushare
20251121,600276.SH,恒瑞医药,60.33,61.1,59.31,59.5,60.63,447335.34,2679336.097,tushare:daily,20251121,daily_ohlcv_raw_from_tushare
20251121,600309.SH,万华化学,63.85,63.93,62.33,62.71,64.3,298714.74,1882363.02,tushare:daily,20251121,daily_ohlcv_raw_from_tushare
20251121,600519.SH,贵州茅台,1470.5,1480.0,1456.0,1466.6,1467.11,42607.2,6259873.433,tushare:daily,20251121,daily_ohlcv_raw_from_tushare
20251121,600760.SH,中航沈飞,58.02,59.2,57.4,57.9,58.95,186065.57,1084855.02,tushare:daily,20251121,daily_ohlcv_raw_from_tushare
20251121,600900.SH,长江电力,28.17,28.27,28.07,28.16,28.14,919941.5,2591450.861,tushare:daily,20251121,daily_ohlcv_raw_from_tushare
20251121,601012.SH,隆基绿能,19.7,19.9,18.81,18.84,20.1,2871239.74,5515259.064,tushare:daily,20251121,daily_ohlcv_raw_from_tushare
20251121,601225.SH,陕西煤业,23.42,23.43,22.85,22.9,23.17,314142.52,723951.072,tushare:daily,20251121,daily_ohlcv_raw_from_tushare
20251121,601318.SH,中国平安,60.0,60.1,58.88,58.91,60.2,685579.69,4067315.652,tushare:daily,20251121,daily_ohlcv_raw_from_tushare
20251121,601899.SH,紫金矿业,28.47,28.86,28.0,28.14,28.97,1887292.49,5347653.775,tushare:daily,20251121,daily_ohlcv_raw_from_tushare
20251121,688981.SH,中芯国际,113.86,116.08,113.0,113.0,116.78,461358.62,5264860.634,tushare:daily,20251121,daily_ohlcv_raw_from_tushare
20251124,000001.SZ,平安银行,11.7,11.73,11.6,11.6,11.69,1117118.8,1302444.63,tushare:daily,20251124,daily_ohlcv_raw_from_tushare
20251124,000002.SZ,万科A,6.06,6.13,6.04,6.04,6.06,1006978.04,612019.543,tushare:daily,20251124,daily_ohlcv_raw_from_tushare
20251124,000651.SZ,格力电器,40.26,40.42,40.01,40.11,40.25,355300.91,1427143.469,tushare:daily,20251124,daily_ohlcv_raw_from_tushare
20251124,000725.SZ,京东方A,3.84,3.85,3.79,3.82,3.83,4752872.61,1815626.625,tushare:daily,20251124,daily_ohlcv_raw_from_tushare
20251124,002230.SZ,科大讯飞,49.8,50.84,48.83,50.55,49.2,415296.96,2077273.344,tushare:daily,20251124,daily_ohlcv_raw_from_tushare
20251124,002594.SZ,比亚迪,93.1,94.41,92.2,93.93,92.7,327302.13,3064736.739,tushare:daily,20251124,daily_ohlcv_raw_from_tushare
20251124,300750.SZ,宁德时代,373.8,374.9,367.18,370.55,370.0,228458.19,8464724.008,tushare:daily,20251124,daily_ohlcv_raw_from_tushare
20251124,600019.SH,宝钢股份,7.28,7.35,7.14,7.17,7.27,1371247.56,990022.332,tushare:daily,20251124,daily_ohlcv_raw_from_tushare
20251124,600030.SH,中信证券,27.4,27.5,27.26,27.39,27.3,891388.79,2441061.829,tushare:daily,20251124,daily_ohlcv_raw_from_tushare
20251124,600050.SH,中国联通,5.4,5.44,5.38,5.43,5.38,1920149.75,1040589.114,tushare:daily,20251124,daily_ohlcv_raw_from_tushare
20251124,600276.SH,恒瑞医药,60.04,61.1,59.96,60.66,59.5,343973.24,2083464.658,tushare:daily,20251124,daily_ohlcv_raw_from_tushare
20251124,600309.SH,万华化学,63.43,63.65,62.26,62.79,62.71,242334.82,1524183.129,tushare:daily,20251124,daily_ohlcv_raw_from_tushare
20251124,600519.SH,贵州茅台,1467.0,1471.0,1451.13,1452.0,1466.6,33607.44,4901903.705,tushare:daily,20251124,daily_ohlcv_raw_from_tushare
20251124,600760.SH,中航沈飞,58.22,61.38,58.18,61.2,57.9,329898.92,1986334.315,tushare:daily,20251124,daily_ohlcv_raw_from_tushare
20251124,600900.SH,长江电力,28.18,28.2,27.92,28.19,28.16,971795.69,2725992.366,tushare:daily,20251124,daily_ohlcv_raw_from_tushare
20251124,601012.SH,隆基绿能,19.02,19.09,18.51,18.76,18.84,1615064.15,3026319.105,tushare:daily,20251124,daily_ohlcv_raw_from_tushare
20251124,601225.SH,陕西煤业,23.0,23.08,22.3,22.62,22.9,381262.56,862929.366,tushare:daily,20251124,daily_ohlcv_raw_from_tushare
20251124,601318.SH,中国平安,59.16,59.2,58.35,58.4,58.91,534709.19,3141756.214,tushare:daily,20251124,daily_ohlcv_raw_from_tushare
20251124,601899.SH,紫金矿业,28.44,28.5,27.63,28.0,28.14,1708342.81,4782114.495,tushare:daily,20251124,daily_ohlcv_raw_from_tushare
20251124,688981.SH,中芯国际,112.99,113.5,108.18,111.51,113.0,557908.63,6159093.355,tushare:daily,20251124,daily_ohlcv_raw_from_tushare
20251125,000001.SZ,平安银行,11.61,11.8,11.58,11.8,11.6,1028080.52,1203879.797,tushare:daily,20251125,daily_ohlcv_raw_from_tushare
20251125,000002.SZ,万科A,6.05,6.1,6.01,6.04,6.04,960658.4,581041.097,tushare:daily,20251125,daily_ohlcv_raw_from_tushare
20251125,000651.SZ,格力电器,40.16,40.2,39.72,40.07,40.11,413435.01,1650903.64,tushare:daily,20251125,daily_ohlcv_raw_from_tushare
20251125,000725.SZ,京东方A,3.83,3.87,3.82,3.85,3.82,3576158.39,1378973.13,tushare:daily,20251125,daily_ohlcv_raw_from_tushare
20251125,002230.SZ,科大讯飞,50.66,51.58,50.46,50.53,50.55,406041.12,2069265.044,tushare:daily,20251125,daily_ohlcv_raw_from_tushare
20251125,002594.SZ,比亚迪,94.0,95.38,93.7,93.91,93.93,277488.87,2620855.758,tushare:daily,20251125,daily_ohlcv_raw_from_tushare
20251125,300750.SZ,宁德时代,375.0,379.66,370.59,372.36,370.55,206332.46,7733117.132,tushare:daily,20251125,daily_ohlcv_raw_from_tushare
20251125,600019.SH,宝钢股份,7.19,7.21,7.1,7.16,7.17,891938.75,638311.094,tushare:daily,20251125,daily_ohlcv_raw_from_tushare
20251125,600030.SH,中信证券,27.47,27.65,27.4,27.47,27.39,802259.05,2207852.49,tushare:daily,20251125,daily_ohlcv_raw_from_tushare
20251125,600050.SH,中国联通,5.44,5.46,5.42,5.44,5.43,1459101.57,793811.441,tushare:daily,20251125,daily_ohlcv_raw_from_tushare
20251125,600276.SH,恒瑞医药,61.1,61.61,60.53,60.88,60.66,265045.13,1620797.704,tushare:daily,20251125,daily_ohlcv_raw_from_tushare
20251125,600309.SH,万华化学,63.0,64.1,62.93,63.04,62.79,216534.63,1373230.931,tushare:daily,20251125,daily_ohlcv_raw_from_tushare
20251125,600519.SH,贵州茅台,1458.0,1458.0,1444.5,1444.65,1452.0,28440.69,4119930.011,tushare:daily,20251125,daily_ohlcv_raw_from_tushare
20251125,600760.SH,中航沈飞,60.59,60.59,59.59,60.37,61.2,248865.64,1492572.291,tushare:daily,20251125,daily_ohlcv_raw_from_tushare
20251125,600900.SH,长江电力,28.19,28.2,27.83,28.03,28.19,929854.19,2602515.319,tushare:daily,20251125,daily_ohlcv_raw_from_tushare
20251125,601012.SH,隆基绿能,18.91,19.23,18.8,18.98,18.76,1377796.98,2619061.64,tushare:daily,20251125,daily_ohlcv_raw_from_tushare
20251125,601225.SH,陕西煤业,22.79,22.86,22.3,22.7,22.62,269415.21,608513.574,tushare:daily,20251125,daily_ohlcv_raw_from_tushare
20251125,601318.SH,中国平安,58.68,59.82,58.23,59.47,58.4,487770.97,2887514.429,tushare:daily,20251125,daily_ohlcv_raw_from_tushare
20251125,601899.SH,紫金矿业,28.47,28.88,28.41,28.51,28.0,1474476.01,4217260.552,tushare:daily,20251125,daily_ohlcv_raw_from_tushare
20251125,688981.SH,中芯国际,112.5,113.96,111.37,111.68,111.51,407223.82,4584278.768,tushare:daily,20251125,daily_ohlcv_raw_from_tushare
20251126,000001.SZ,平安银行,11.81,11.85,11.65,11.69,11.8,821301.09,962935.43,tushare:daily,20251126,daily_ohlcv_raw_from_tushare
20251126,000002.SZ,万科A,6.03,6.06,5.88,5.89,6.04,2005217.22,1192429.529,tushare:daily,20251126,daily_ohlcv_raw_from_tushare
20251126,000651.SZ,格力电器,40.07,40.38,40.02,40.33,40.07,319654.63,1285253.244,tushare:daily,20251126,daily_ohlcv_raw_from_tushare
20251126,000725.SZ,京东方A,3.86,3.88,3.85,3.86,3.85,2765761.3,1068537.512,tushare:daily,20251126,daily_ohlcv_raw_from_tushare
20251126,002230.SZ,科大讯飞,50.11,50.74,49.9,50.02,50.53,300177.6,1507441.648,tushare:daily,20251126,daily_ohlcv_raw_from_tushare
20251126,002594.SZ,比亚迪,94.75,95.44,94.45,95.09,93.91,306576.97,2914626.393,tushare:daily,20251126,daily_ohlcv_raw_from_tushare
20251126,300750.SZ,宁德时代,375.5,375.5,370.07,372.82,372.36,189106.6,7048903.988,tushare:daily,20251126,daily_ohlcv_raw_from_tushare
20251126,600019.SH,宝钢股份,7.17,7.25,7.17,7.19,7.16,835834.38,603444.987,tushare:daily,20251126,daily_ohlcv_raw_from_tushare
20251126,600030.SH,中信证券,27.52,27.72,27.44,27.6,27.47,681694.52,1881110.589,tushare:daily,20251126,daily_ohlcv_raw_from_tushare
20251126,600050.SH,中国联通,5.44,5.48,5.43,5.45,5.44,1566528.47,855205.606,tushare:daily,20251126,daily_ohlcv_raw_from_tushare
20251126,600276.SH,恒瑞医药,61.5,62.8,61.03,62.36,60.88,439861.95,2739532.775,tushare:daily,20251126,daily_ohlcv_raw_from_tushare
20251126,600309.SH,万华化学,63.06,63.88,62.82,63.7,63.04,168651.0,1069887.337,tushare:daily,20251126,daily_ohlcv_raw_from_tushare
20251126,600519.SH,贵州茅台,1448.88,1453.49,1443.58,1449.15,1444.65,20306.16,2938818.095,tushare:daily,20251126,daily_ohlcv_raw_from_tushare
20251126,600760.SH,中航沈飞,59.8,59.8,58.27,58.4,60.37,236827.23,1387467.023,tushare:daily,20251126,daily_ohlcv_raw_from_tushare
20251126,600900.SH,长江电力,28.03,28.12,27.9,27.94,28.03,662732.78,1854668.14,tushare:daily,20251126,daily_ohlcv_raw_from_tushare
20251126,601012.SH,隆基绿能,19.12,19.2,18.7,18.81,18.98,1474895.66,2791746.11,tushare:daily,20251126,daily_ohlcv_raw_from_tushare
20251126,601225.SH,陕西煤业,22.6,22.82,22.46,22.48,22.7,157527.74,355735.276,tushare:daily,20251126,daily_ohlcv_raw_from_tushare
20251126,601318.SH,中国平安,59.66,60.22,59.32,59.78,59.47,434692.73,2598031.333,tushare:daily,20251126,daily_ohlcv_raw_from_tushare
20251126,601899.SH,紫金矿业,28.66,28.77,28.35,28.43,28.51,1590126.08,4530158.086,tushare:daily,20251126,daily_ohlcv_raw_from_tushare
20251126,688981.SH,中芯国际,110.7,113.9,110.61,112.71,111.68,419553.57,4731195.304,tushare:daily,20251126,daily_ohlcv_raw_from_tushare
20251127,000001.SZ,平安银行,11.66,11.71,11.58,11.71,11.69,1011847.1,1178308.953,tushare:daily,20251127,daily_ohlcv_raw_from_tushare
20251127,000002.SZ,万科A,5.6,5.65,5.37,5.47,5.89,3961433.24,2181600.717,tushare:daily,20251127,daily_ohlcv_raw_from_tushare
20251127,000651.SZ,格力电器,40.25,40.48,40.04,40.33,40.33,295930.24,1191840.275,tushare:daily,20251127,daily_ohlcv_raw_from_tushare
20251127,000725.SZ,京东方A,3.86,3.87,3.83,3.84,3.86,2477697.57,953888.296,tushare:daily,20251127,daily_ohlcv_raw_from_tushare
20251127,002230.SZ,科大讯飞,50.03,50.49,49.33,49.37,50.02,287799.29,1435825.349,tushare:daily,20251127,daily_ohlcv_raw_from_tushare
20251127,002594.SZ,比亚迪,94.6,95.16,94.22,94.29,95.09,202279.96,1915349.541,tushare:daily,20251127,daily_ohlcv_raw_from_tushare
20251127,300750.SZ,宁德时代,373.0,378.88,370.0,371.2,372.82,222002.59,8289124.681,tushare:daily,20251127,daily_ohlcv_raw_from_tushare
20251127,600019.SH,宝钢股份,7.2,7.26,7.13,7.19,7.19,527039.22,379586.155,tushare:daily,20251127,daily_ohlcv_raw_from_tushare
20251127,600030.SH,中信证券,27.53,27.81,27.52,27.58,27.6,648647.4,1794367.924,tushare:daily,20251127,daily_ohlcv_raw_from_tushare
20251127,600050.SH,中国联通,5.45,5.46,5.42,5.42,5.45,1302135.12,707889.983,tushare:daily,20251127,daily_ohlcv_raw_from_tushare
20251127,600276.SH,恒瑞医药,62.6,62.96,61.94,62.09,62.36,257307.63,1604386.052,tushare:daily,20251127,daily_ohlcv_raw_from_tushare
20251127,600309.SH,万华化学,63.4,66.33,63.35,65.9,63.7,378088.66,2464210.489,tushare:daily,20251127,daily_ohlcv_raw_from_tushare
20251127,600519.SH,贵州茅台,1449.5,1450.0,1439.04,1447.3,1449.15,22286.89,3216797.187,tushare:daily,20251127,daily_ohlcv_raw_from_tushare
20251127,600760.SH,中航沈飞,58.04,59.35,58.03,58.53,58.4,149829.03,876586.64,tushare:daily,20251127,daily_ohlcv_raw_from_tushare
20251127,600900.SH,长江电力,27.93,28.14,27.78,28.09,27.94,768692.86,2152113.661,tushare:daily,20251127,daily_ohlcv_raw_from_tushare
20251127,601012.SH,隆基绿能,18.76,19.07,18.52,18.58,18.81,1570440.53,2953523.047,tushare:daily,20251127,daily_ohlcv_raw_from_tushare
20251127,601225.SH,陕西煤业,22.48,23.07,22.39,23.04,22.48,272932.39,621922.918,tushare:daily,20251127,daily_ohlcv_raw_from_tushare
20251127,601318.SH,中国平安,59.5,59.73,58.7,59.34,59.78,505700.87,2993560.813,tushare:daily,20251127,daily_ohlcv_raw_from_tushare
20251127,601899.SH,紫金矿业,28.8,29.2,28.5,28.6,28.43,1636296.59,4722632.921,tushare:daily,20251127,daily_ohlcv_raw_from_tushare
20251127,688981.SH,中芯国际,113.8,116.8,112.56,112.71,112.71,523431.12,6012840.143,tushare:daily,20251127,daily_ohlcv_raw_from_tushare
20251128,000001.SZ,平安银行,11.67,11.68,11.58,11.61,11.71,884358.45,1027933.464,tushare:daily,20251128,daily_ohlcv_raw_from_tushare
20251128,000002.SZ,万科A,5.41,5.48,5.27,5.38,5.47,2953635.76,1579226.789,tushare:daily,20251128,daily_ohlcv_raw_from_tushare
20251128,000651.SZ,格力电器,40.28,40.39,40.11,40.36,40.33,204371.45,823012.374,tushare:daily,20251128,daily_ohlcv_raw_from_tushare
20251128,000725.SZ,京东方A,3.84,3.86,3.82,3.86,3.84,2353449.96,904344.536,tushare:daily,20251128,daily_ohlcv_raw_from_tushare
20251128,002230.SZ,科大讯飞,49.45,49.68,49.18,49.52,49.37,209852.65,1037150.024,tushare:daily,20251128,daily_ohlcv_raw_from_tushare
20251128,002594.SZ,比亚迪,94.6,95.23,94.2,95.17,94.29,219350.62,2080615.71,tushare:daily,20251128,daily_ohlcv_raw_from_tushare
20251128,300750.SZ,宁德时代,370.5,375.48,366.16,373.2,371.2,203402.63,7542337.298,tushare:daily,20251128,daily_ohlcv_raw_from_tushare
20251128,600019.SH,宝钢股份,7.19,7.27,7.15,7.25,7.19,632813.67,457642.493,tushare:daily,20251128,daily_ohlcv_raw_from_tushare
20251128,600030.SH,中信证券,27.61,27.64,27.41,27.59,27.58,746598.23,2055903.546,tushare:daily,20251128,daily_ohlcv_raw_from_tushare
20251128,600050.SH,中国联通,5.43,5.43,5.39,5.4,5.42,1498753.08,809794.718,tushare:daily,20251128,daily_ohlcv_raw_from_tushare
20251128,600276.SH,恒瑞医药,62.36,62.36,61.61,62.08,62.09,202776.19,1257510.631,tushare:daily,20251128,daily_ohlcv_raw_from_tushare
20251128,600309.SH,万华化学,65.89,67.98,65.85,67.12,65.9,388355.22,2604034.649,tushare:daily,20251128,daily_ohlcv_raw_from_tushare
20251128,600519.SH,贵州茅台,1446.5,1455.5,1443.0,1450.5,1447.3,23211.21,3366696.622,tushare:daily,20251128,daily_ohlcv_raw_from_tushare
20251128,600760.SH,中航沈飞,58.53,58.9,58.17,58.71,58.53,107022.24,626404.937,tushare:daily,20251128,daily_ohlcv_raw_from_tushare
20251128,600900.SH,长江电力,28.01,28.07,27.95,27.98,28.09,590180.67,1651765.723,tushare:daily,20251128,daily_ohlcv_raw_from_tushare
20251128,601012.SH,隆基绿能,18.49,18.72,18.35,18.57,18.58,1259891.53,2337017.11,tushare:daily,20251128,daily_ohlcv_raw_from_tushare
20251128,601225.SH,陕西煤业,22.9,23.0,22.61,22.68,23.04,194311.0,442408.891,tushare:daily,20251128,daily_ohlcv_raw_from_tushare
20251128,601318.SH,中国平安,59.21,59.29,58.51,58.99,59.34,433558.14,2553839.886,tushare:daily,20251128,daily_ohlcv_raw_from_tushare
20251128,601899.SH,紫金矿业,28.79,29.09,28.4,28.58,28.6,1975434.56,5668367.755,tushare:daily,20251128,daily_ohlcv_raw_from_tushare
20251128,688981.SH,中芯国际,112.71,114.11,111.4,113.6,112.71,308663.84,3486790.036,tushare:daily,20251128,daily_ohlcv_raw_from_tushare
20251201,000001.SZ,平安银行,11.6,11.7,11.53,11.69,11.61,1037322.71,1205480.323,tushare:daily,20251201,daily_ohlcv_raw_from_tushare
20251201,000002.SZ,万科A,5.3,5.34,5.17,5.2,5.38,3212116.25,1684908.905,tushare:daily,20251201,daily_ohlcv_raw_from_tushare
20251201,000651.SZ,格力电器,40.42,40.85,40.32,40.85,40.36,408827.55,1662495.213,tushare:daily,20251201,daily_ohlcv_raw_from_tushare
20251201,000725.SZ,京东方A,3.86,3.91,3.85,3.9,3.86,3655252.97,1419026.262,tushare:daily,20251201,daily_ohlcv_raw_from_tushare
20251201,002230.SZ,科大讯飞,49.82,50.3,49.45,50.08,49.52,280843.7,1403439.786,tushare:daily,20251201,daily_ohlcv_raw_from_tushare
20251201,002594.SZ,比亚迪,95.39,96.3,95.14,95.77,95.17,233712.72,2237016.414,tushare:daily,20251201,daily_ohlcv_raw_from_tushare
20251201,300750.SZ,宁德时代,374.76,382.97,374.03,382.97,373.2,267510.13,10120862.871,tushare:daily,20251201,daily_ohlcv_raw_from_tushare
20251201,600019.SH,宝钢股份,7.25,7.29,7.18,7.24,7.25,904062.42,651788.054,tushare:daily,20251201,daily_ohlcv_raw_from_tushare
20251201,600030.SH,中信证券,27.5,27.73,27.48,27.67,27.59,707987.37,1956001.679,tushare:daily,20251201,daily_ohlcv_raw_from_tushare
20251201,600050.SH,中国联通,5.41,5.45,5.4,5.45,5.4,1506050.83,816917.851,tushare:daily,20251201,daily_ohlcv_raw_from_tushare
20251201,600276.SH,恒瑞医药,62.08,62.09,61.06,61.94,62.08,254830.95,1567868.103,tushare:daily,20251201,daily_ohlcv_raw_from_tushare
20251201,600309.SH,万华化学,66.97,68.18,66.6,67.96,67.12,312903.08,2119991.965,tushare:daily,20251201,daily_ohlcv_raw_from_tushare
20251201,600519.SH,贵州茅台,1451.0,1462.27,1442.0,1448.0,1450.5,27333.42,3961994.999,tushare:daily,20251201,daily_ohlcv_raw_from_tushare
20251201,600760.SH,中航沈飞,58.7,58.95,58.01,58.23,58.71,126031.73,734143.813,tushare:daily,20251201,daily_ohlcv_raw_from_tushare
20251201,600900.SH,长江电力,28.05,28.15,27.99,28.07,27.98,582523.94,1634524.009,tushare:daily,20251201,daily_ohlcv_raw_from_tushare
20251201,601012.SH,隆基绿能,18.7,18.85,18.5,18.75,18.57,1274347.12,2380406.032,tushare:daily,20251201,daily_ohlcv_raw_from_tushare
20251201,601225.SH,陕西煤业,22.5,22.9,22.45,22.89,22.68,255272.72,579906.373,tushare:daily,20251201,daily_ohlcv_raw_from_tushare
20251201,601318.SH,中国平安,58.91,59.18,58.41,58.63,58.99,445804.06,2614280.156,tushare:daily,20251201,daily_ohlcv_raw_from_tushare
20251201,601899.SH,紫金矿业,29.5,30.67,29.4,30.06,28.58,3600529.73,10853439.596,tushare:daily,20251201,daily_ohlcv_raw_from_tushare
20251201,688981.SH,中芯国际,113.4,114.68,112.6,114.4,113.6,327640.04,3724984.486,tushare:daily,20251201,daily_ohlcv_raw_from_tushare
20251202,000001.SZ,平安银行,11.68,11.73,11.59,11.64,11.69,768059.93,894720.592,tushare:daily,20251202,daily_ohlcv_raw_from_tushare
20251202,000002.SZ,万科A,5.24,5.26,5.18,5.2,5.2,1686909.29,880080.038,tushare:daily,20251202,daily_ohlcv_raw_from_tushare
20251202,000651.SZ,格力电器,40.85,41.06,40.66,40.9,40.85,320497.57,1309293.683,tushare:daily,20251202,daily_ohlcv_raw_from_tushare
20251202,000725.SZ,京东方A,3.9,3.91,3.87,3.88,3.9,3142161.27,1221233.044,tushare:daily,20251202,daily_ohlcv_raw_from_tushare
20251202,002230.SZ,科大讯飞,50.15,50.2,49.43,49.49,50.08,210493.14,1046033.644,tushare:daily,20251202,daily_ohlcv_raw_from_tushare
20251202,002594.SZ,比亚迪,96.42,97.8,96.25,96.62,95.77,359217.46,3483571.735,tushare:daily,20251202,daily_ohlcv_raw_from_tushare
20251202,300750.SZ,宁德时代,383.5,384.98,377.4,380.08,382.97,163484.61,6220569.502,tushare:daily,20251202,daily_ohlcv_raw_from_tushare
20251202,600019.SH,宝钢股份,7.24,7.32,7.22,7.29,7.24,814164.42,591863.214,tushare:daily,20251202,daily_ohlcv_raw_from_tushare
20251202,600030.SH,中信证券,27.66,27.69,27.35,27.37,27.67,652921.52,1793505.908,tushare:daily,20251202,daily_ohlcv_raw_from_tushare
20251202,600050.SH,中国联通,5.44,5.48,5.43,5.45,5.45,1407460.5,767276.248,tushare:daily,20251202,daily_ohlcv_raw_from_tushare
20251202,600276.SH,恒瑞医药,61.9,61.9,61.0,61.12,61.94,182306.14,1115986.037,tushare:daily,20251202,daily_ohlcv_raw_from_tushare
20251202,600309.SH,万华化学,67.8,68.09,66.9,67.0,67.96,205282.97,1383080.399,tushare:daily,20251202,daily_ohlcv_raw_from_tushare
20251202,600519.SH,贵州茅台,1448.0,1451.92,1435.02,1436.03,1448.0,25047.26,3607543.825,tushare:daily,20251202,daily_ohlcv_raw_from_tushare
20251202,600760.SH,中航沈飞,58.1,58.34,57.57,57.58,58.23,117283.11,678488.064,tushare:daily,20251202,daily_ohlcv_raw_from_tushare
20251202,600900.SH,长江电力,28.03,28.27,28.02,28.26,28.07,748779.62,2111131.853,tushare:daily,20251202,daily_ohlcv_raw_from_tushare
20251202,601012.SH,隆基绿能,18.65,18.66,18.25,18.31,18.75,1262765.37,2319595.364,tushare:daily,20251202,daily_ohlcv_raw_from_tushare
20251202,601225.SH,陕西煤业,22.98,23.0,22.51,22.82,22.89,234623.98,532492.497,tushare:daily,20251202,daily_ohlcv_raw_from_tushare
20251202,601318.SH,中国平安,58.8,59.4,58.45,58.8,58.63,373837.34,2200530.387,tushare:daily,20251202,daily_ohlcv_raw_from_tushare
20251202,601899.SH,紫金矿业,29.9,29.98,29.45,29.74,30.06,1548725.15,4605561.852,tushare:daily,20251202,daily_ohlcv_raw_from_tushare
20251202,688981.SH,中芯国际,114.1,114.19,112.7,113.0,114.4,237771.82,2694922.636,tushare:daily,20251202,daily_ohlcv_raw_from_tushare
20251203,000001.SZ,平安银行,11.64,11.7,11.54,11.55,11.64,944601.09,1099167.227,tushare:daily,20251203,daily_ohlcv_raw_from_tushare
20251203,000002.SZ,万科A,5.22,5.23,5.0,5.01,5.2,2792336.1,1419297.667,tushare:daily,20251203,daily_ohlcv_raw_from_tushare
20251203,000651.SZ,格力电器,40.85,41.15,40.76,40.81,40.9,371872.97,1524469.883,tushare:daily,20251203,daily_ohlcv_raw_from_tushare
20251203,000725.SZ,京东方A,3.89,4.08,3.88,4.03,3.88,13007301.82,5204396.132,tushare:daily,20251203,daily_ohlcv_raw_from_tushare
20251203,002230.SZ,科大讯飞,49.55,49.61,48.5,48.51,49.49,271984.73,1330140.841,tushare:daily,20251203,daily_ohlcv_raw_from_tushare
20251203,002594.SZ,比亚迪,96.64,96.65,94.89,95.05,96.62,231572.84,2207429.346,tushare:daily,20251203,daily_ohlcv_raw_from_tushare
20251203,300750.SZ,宁德时代,380.09,383.37,375.0,376.08,380.08,139911.35,5294871.743,tushare:daily,20251203,daily_ohlcv_raw_from_tushare
20251203,600019.SH,宝钢股份,7.27,7.44,7.24,7.36,7.29,786926.06,579970.082,tushare:daily,20251203,daily_ohlcv_raw_from_tushare
20251203,600030.SH,中信证券,27.45,27.57,27.03,27.15,27.37,781105.36,2129256.756,tushare:daily,20251203,daily_ohlcv_raw_from_tushare
20251203,600050.SH,中国联通,5.45,5.46,5.39,5.4,5.45,1455965.62,788255.2,tushare:daily,20251203,daily_ohlcv_raw_from_tushare
20251203,600276.SH,恒瑞医药,61.1,61.55,60.7,60.97,61.12,198529.76,1211357.997,tushare:daily,20251203,daily_ohlcv_raw_from_tushare
20251203,600309.SH,万华化学,67.2,69.37,67.13,68.2,67.0,459657.55,3154902.058,tushare:daily,20251203,daily_ohlcv_raw_from_tushare
20251203,600519.SH,贵州茅台,1435.81,1435.97,1428.0,1429.1,1436.03,23572.79,3370080.066,tushare:daily,20251203,daily_ohlcv_raw_from_tushare
20251203,600760.SH,中航沈飞,57.55,57.57,55.82,55.95,57.58,193188.59,1090898.881,tushare:daily,20251203,daily_ohlcv_raw_from_tushare
20251203,600900.SH,长江电力,28.25,28.36,28.21,28.27,28.26,445599.66,1260442.579,tushare:daily,20251203,daily_ohlcv_raw_from_tushare
20251203,601012.SH,隆基绿能,18.3,18.34,17.98,18.02,18.31,1120542.1,2028587.487,tushare:daily,20251203,daily_ohlcv_raw_from_tushare
20251203,601225.SH,陕西煤业,22.7,22.88,22.56,22.62,22.82,210942.94,478777.544,tushare:daily,20251203,daily_ohlcv_raw_from_tushare
20251203,601318.SH,中国平安,58.75,59.02,58.15,58.35,58.8,335494.47,1961924.291,tushare:daily,20251203,daily_ohlcv_raw_from_tushare
20251203,601899.SH,紫金矿业,29.85,30.26,29.72,29.97,29.74,1911286.9,5730973.207,tushare:daily,20251203,daily_ohlcv_raw_from_tushare
20251203,688981.SH,中芯国际,112.8,113.69,111.13,111.62,113.0,245413.59,2756774.41,tushare:daily,20251203,daily_ohlcv_raw_from_tushare
20251204,000001.SZ,平安银行,11.55,11.58,11.46,11.49,11.55,886089.88,1019178.99,tushare:daily,20251204,daily_ohlcv_raw_from_tushare
20251204,000002.SZ,万科A,4.96,5.07,4.91,4.97,5.01,2620008.93,1302590.182,tushare:daily,20251204,daily_ohlcv_raw_from_tushare
20251204,000651.SZ,格力电器,40.78,41.17,40.7,40.94,40.81,264627.07,1084266.565,tushare:daily,20251204,daily_ohlcv_raw_from_tushare
20251204,000725.SZ,京东方A,4.02,4.08,4.01,4.05,4.03,7947714.47,3219445.781,tushare:daily,20251204,daily_ohlcv_raw_from_tushare
20251204,002230.SZ,科大讯飞,48.46,48.79,48.08,48.63,48.51,197802.0,958420.508,tushare:daily,20251204,daily_ohlcv_raw_from_tushare
20251204,002594.SZ,比亚迪,94.92,95.29,94.2,95.24,95.05,166141.64,1576759.405,tushare:daily,20251204,daily_ohlcv_raw_from_tushare
20251204,300750.SZ,宁德时代,379.19,383.6,375.15,383.35,376.08,191658.09,7299943.081,tushare:daily,20251204,daily_ohlcv_raw_from_tushare
20251204,600019.SH,宝钢股份,7.39,7.41,7.23,7.27,7.36,642061.92,467390.647,tushare:daily,20251204,daily_ohlcv_raw_from_tushare
20251204,600030.SH,中信证券,27.14,27.38,27.02,27.2,27.15,692375.57,1882466.793,tushare:daily,20251204,daily_ohlcv_raw_from_tushare
20251204,600050.SH,中国联通,5.4,5.41,5.35,5.36,5.4,2061867.35,1106899.888,tushare:daily,20251204,daily_ohlcv_raw_from_tushare
20251204,600276.SH,恒瑞医药,61.01,61.49,60.97,61.25,60.97,180407.66,1103403.553,tushare:daily,20251204,daily_ohlcv_raw_from_tushare
20251204,600309.SH,万华化学,68.07,68.8,67.26,67.68,68.2,191121.02,1295272.723,tushare:daily,20251204,daily_ohlcv_raw_from_tushare
20251204,600519.SH,贵州茅台,1429.1,1432.5,1418.38,1423.98,1429.1,29075.39,4134921.902,tushare:daily,20251204,daily_ohlcv_raw_from_tushare
20251204,600760.SH,中航沈飞,55.95,57.3,55.9,56.7,55.95,134550.17,762966.967,tushare:daily,20251204,daily_ohlcv_raw_from_tushare
20251204,600900.SH,长江电力,28.3,28.32,28.17,28.24,28.27,379967.06,1072988.579,tushare:daily,20251204,daily_ohlcv_raw_from_tushare
20251204,601012.SH,隆基绿能,17.87,18.03,17.8,17.91,18.02,868696.94,1555532.232,tushare:daily,20251204,daily_ohlcv_raw_from_tushare
20251204,601225.SH,陕西煤业,22.65,22.86,22.55,22.66,22.62,187203.63,424972.997,tushare:daily,20251204,daily_ohlcv_raw_from_tushare
20251204,601318.SH,中国平安,58.35,58.55,58.21,58.55,58.35,217663.66,1271252.461,tushare:daily,20251204,daily_ohlcv_raw_from_tushare
20251204,601899.SH,紫金矿业,30.84,31.38,30.53,30.69,29.97,2728595.68,8436844.624,tushare:daily,20251204,daily_ohlcv_raw_from_tushare
20251204,688981.SH,中芯国际,111.65,114.73,110.98,114.73,111.62,387551.96,4392462.735,tushare:daily,20251204,daily_ohlcv_raw_from_tushare
20251205,000001.SZ,平安银行,11.49,11.54,11.4,11.53,11.49,890766.09,1022334.912,tushare:daily,20251205,daily_ohlcv_raw_from_tushare
20251205,000002.SZ,万科A,4.94,4.97,4.81,4.95,4.97,3180996.4,1552889.664,tushare:daily,20251205,daily_ohlcv_raw_from_tushare
20251205,000651.SZ,格力电器,40.94,41.09,40.65,40.87,40.94,274382.29,1120758.571,tushare:daily,20251205,daily_ohlcv_raw_from_tushare
20251205,000725.SZ,京东方A,4.05,4.26,4.04,4.26,4.05,19001402.69,7914360.386,tushare:daily,20251205,daily_ohlcv_raw_from_tushare
20251205,002230.SZ,科大讯飞,48.63,49.06,48.2,48.83,48.63,213200.21,1036382.488,tushare:daily,20251205,daily_ohlcv_raw_from_tushare
20251205,002594.SZ,比亚迪,95.29,96.22,94.71,95.98,95.24,211618.47,2021250.209,tushare:daily,20251205,daily_ohlcv_raw_from_tushare
20251205,300750.SZ,宁德时代,387.2,389.31,382.0,389.09,383.35,232915.59,9004580.816,tushare:daily,20251205,daily_ohlcv_raw_from_tushare
20251205,600019.SH,宝钢股份,7.25,7.35,7.23,7.33,7.27,511526.32,372906.289,tushare:daily,20251205,daily_ohlcv_raw_from_tushare
20251205,600030.SH,中信证券,27.2,28.09,27.16,27.86,27.2,1637905.21,4536315.644,tushare:daily,20251205,daily_ohlcv_raw_from_tushare
20251205,600050.SH,中国联通,5.35,5.36,5.28,5.35,5.36,2421453.86,1287458.356,tushare:daily,20251205,daily_ohlcv_raw_from_tushare
20251205,600276.SH,恒瑞医药,61.19,61.79,60.7,61.62,61.25,231176.15,1418750.952,tushare:daily,20251205,daily_ohlcv_raw_from_tushare
20251205,600309.SH,万华化学,67.82,70.67,67.7,69.98,67.68,496446.3,3448828.691,tushare:daily,20251205,daily_ohlcv_raw_from_tushare
20251205,600519.SH,贵州茅台,1423.98,1433.09,1419.5,1430.01,1423.98,25401.66,3622681.597,tushare:daily,20251205,daily_ohlcv_raw_from_tushare
20251205,600760.SH,中航沈飞,56.71,56.98,56.21,56.85,56.7,110267.99,624436.971,tushare:daily,20251205,daily_ohlcv_raw_from_tushare
20251205,600900.SH,长江电力,28.24,28.24,28.02,28.07,28.24,544975.5,1531066.285,tushare:daily,20251205,daily_ohlcv_raw_from_tushare
20251205,601012.SH,隆基绿能,17.92,18.07,17.81,18.02,17.91,1028737.97,1849427.406,tushare:daily,20251205,daily_ohlcv_raw_from_tushare
20251205,601225.SH,陕西煤业,22.76,22.76,22.45,22.62,22.66,196978.33,445243.324,tushare:daily,20251205,daily_ohlcv_raw_from_tushare
20251205,601318.SH,中国平安,58.65,62.2,58.55,61.99,58.55,1377948.27,8385205.488,tushare:daily,20251205,daily_ohlcv_raw_from_tushare
20251205,601899.SH,紫金矿业,30.59,31.49,30.47,31.32,30.69,2334710.95,7266652.269,tushare:daily,20251205,daily_ohlcv_raw_from_tushare
20251205,688981.SH,中芯国际,114.0,114.88,112.5,114.18,114.73,352653.66,4015690.336,tushare:daily,20251205,daily_ohlcv_raw_from_tushare
20251208,000001.SZ,平安银行,11.49,11.6,11.48,11.52,11.53,855898.93,988510.035,tushare:daily,20251208,daily_ohlcv_raw_from_tushare
20251208,000002.SZ,万科A,4.9,4.98,4.9,4.91,4.95,1954117.74,964354.593,tushare:daily,20251208,daily_ohlcv_raw_from_tushare
20251208,000651.SZ,格力电器,40.88,41.05,40.62,40.68,40.87,328105.13,1338254.293,tushare:daily,20251208,daily_ohlcv_raw_from_tushare
20251208,000725.SZ,京东方A,4.26,4.35,4.2,4.21,4.26,11891016.05,5049918.352,tushare:daily,20251208,daily_ohlcv_raw_from_tushare
20251208,002230.SZ,科大讯飞,49.06,49.41,48.9,49.18,48.83,239562.16,1177586.876,tushare:daily,20251208,daily_ohlcv_raw_from_tushare
20251208,002594.SZ,比亚迪,96.21,97.15,96.21,96.53,95.98,247804.98,2397261.754,tushare:daily,20251208,daily_ohlcv_raw_from_tushare
20251208,300750.SZ,宁德时代,390.43,395.38,385.5,392.5,389.09,216597.58,8476698.7,tushare:daily,20251208,daily_ohlcv_raw_from_tushare
20251208,600019.SH,宝钢股份,7.32,7.34,7.16,7.18,7.33,1169009.64,841647.101,tushare:daily,20251208,daily_ohlcv_raw_from_tushare
20251208,600030.SH,中信证券,28.38,29.06,28.38,28.7,27.86,3146216.7,9057705.852,tushare:daily,20251208,daily_ohlcv_raw_from_tushare
20251208,600050.SH,中国联通,5.35,5.37,5.32,5.33,5.35,1709719.82,915070.298,tushare:daily,20251208,daily_ohlcv_raw_from_tushare
20251208,600276.SH,恒瑞医药,62.6,63.55,61.92,62.46,61.62,508617.59,3186857.202,tushare:daily,20251208,daily_ohlcv_raw_from_tushare
20251208,600309.SH,万华化学,70.2,70.7,69.38,69.97,69.98,329802.85,2308354.611,tushare:daily,20251208,daily_ohlcv_raw_from_tushare
20251208,600519.SH,贵州茅台,1429.2,1436.67,1418.0,1418.22,1430.01,33602.8,4789155.77,tushare:daily,20251208,daily_ohlcv_raw_from_tushare
20251208,600760.SH,中航沈飞,57.01,57.64,56.86,56.93,56.85,156396.89,893326.746,tushare:daily,20251208,daily_ohlcv_raw_from_tushare
20251208,600900.SH,长江电力,28.07,28.1,27.86,27.87,28.07,754265.06,2109155.093,tushare:daily,20251208,daily_ohlcv_raw_from_tushare
20251208,601012.SH,隆基绿能,17.99,18.17,17.9,18.08,18.02,1083150.49,1956004.32,tushare:daily,20251208,daily_ohlcv_raw_from_tushare
20251208,601225.SH,陕西煤业,22.48,22.53,21.87,22.29,22.62,377014.92,836726.888,tushare:daily,20251208,daily_ohlcv_raw_from_tushare
20251208,601318.SH,中国平安,62.04,63.8,62.0,63.4,61.99,1029978.68,6514118.72,tushare:daily,20251208,daily_ohlcv_raw_from_tushare
20251208,601899.SH,紫金矿业,31.4,31.6,30.94,31.5,31.32,2068023.86,6478217.451,tushare:daily,20251208,daily_ohlcv_raw_from_tushare
20251208,688981.SH,中芯国际,114.21,118.0,114.18,117.2,114.18,508359.77,5945081.548,tushare:daily,20251208,daily_ohlcv_raw_from_tushare
20251209,000001.SZ,平安银行,11.52,11.54,11.43,11.43,11.52,733957.45,842732.358,tushare:daily,20251209,daily_ohlcv_raw_from_tushare
20251209,000002.SZ,万科A,4.89,4.93,4.76,4.77,4.91,2356612.74,1136449.251,tushare:daily,20251209,daily_ohlcv_raw_from_tushare
20251209,000651.SZ,格力电器,40.72,40.84,40.3,40.35,40.68,292292.9,1183740.573,tushare:daily,20251209,daily_ohlcv_raw_from_tushare
20251209,000725.SZ,京东方A,4.2,4.23,4.15,4.17,4.21,7528102.84,3147923.505,tushare:daily,20251209,daily_ohlcv_raw_from_tushare
20251209,002230.SZ,科大讯飞,49.18,49.31,48.51,48.63,49.18,212788.68,1040111.09,tushare:daily,20251209,daily_ohlcv_raw_from_tushare
20251209,002594.SZ,比亚迪,96.21,96.66,95.7,96.03,96.53,163227.02,1568057.388,tushare:daily,20251209,daily_ohlcv_raw_from_tushare
20251209,300750.SZ,宁德时代,391.5,392.26,386.0,387.59,392.5,186917.73,7255076.087,tushare:daily,20251209,daily_ohlcv_raw_from_tushare
20251209,600019.SH,宝钢股份,7.15,7.16,7.06,7.09,7.18,945288.55,670503.683,tushare:daily,20251209,daily_ohlcv_raw_from_tushare
20251209,600030.SH,中信证券,28.52,28.83,28.38,28.53,28.7,1301285.21,3717964.325,tushare:daily,20251209,daily_ohlcv_raw_from_tushare
20251209,600050.SH,中国联通,5.33,5.34,5.27,5.28,5.33,1539944.84,815832.812,tushare:daily,20251209,daily_ohlcv_raw_from_tushare
20251209,600276.SH,恒瑞医药,62.32,64.15,62.3,63.08,62.46,493593.39,3131342.824,tushare:daily,20251209,daily_ohlcv_raw_from_tushare
20251209,600309.SH,万华化学,69.97,71.0,69.0,69.3,69.97,332060.86,2317657.029,tushare:daily,20251209,daily_ohlcv_raw_from_tushare
20251209,600519.SH,贵州茅台,1418.23,1421.0,1400.05,1401.01,1418.22,42634.43,5995722.121,tushare:daily,20251209,daily_ohlcv_raw_from_tushare
20251209,600760.SH,中航沈飞,56.72,56.85,55.41,55.6,56.93,189361.69,1059763.871,tushare:daily,20251209,daily_ohlcv_raw_from_tushare
20251209,600900.SH,长江电力,27.93,28.04,27.9,27.97,27.87,512302.07,1432281.938,tushare:daily,20251209,daily_ohlcv_raw_from_tushare
20251209,601012.SH,隆基绿能,18.06,18.26,17.9,18.2,18.08,1500690.26,2715269.483,tushare:daily,20251209,daily_ohlcv_raw_from_tushare
20251209,601225.SH,陕西煤业,22.24,22.35,21.92,22.0,22.29,267172.66,590324.97,tushare:daily,20251209,daily_ohlcv_raw_from_tushare
20251209,601318.SH,中国平安,63.4,63.69,62.42,62.45,63.4,483731.02,3044070.518,tushare:daily,20251209,daily_ohlcv_raw_from_tushare
20251209,601899.SH,紫金矿业,31.18,31.23,30.18,30.4,31.5,1990926.49,6086281.908,tushare:daily,20251209,daily_ohlcv_raw_from_tushare
20251209,688981.SH,中芯国际,115.58,117.9,115.51,116.32,117.2,371384.45,4333826.426,tushare:daily,20251209,daily_ohlcv_raw_from_tushare
20251210,000001.SZ,平安银行,11.44,11.46,11.29,11.33,11.43,1044064.72,1184087.688,tushare:daily,20251210,daily_ohlcv_raw_from_tushare
20251210,000002.SZ,万科A,4.76,5.25,4.7,5.25,4.77,6362120.7,3229111.691,tushare:daily,20251210,daily_ohlcv_raw_from_tushare
20251210,000651.SZ,格力电器,40.3,40.51,40.15,40.37,40.35,258695.1,1043151.124,tushare:daily,20251210,daily_ohlcv_raw_from_tushare
20251210,000725.SZ,京东方A,4.17,4.24,4.15,4.18,4.17,6945594.86,2901766.002,tushare:daily,20251210,daily_ohlcv_raw_from_tushare
20251210,002230.SZ,科大讯飞,48.4,49.18,48.1,49.16,48.63,233904.62,1138057.622,tushare:daily,20251210,daily_ohlcv_raw_from_tushare
20251210,002594.SZ,比亚迪,95.6,96.65,94.9,96.47,96.03,198402.24,1902988.18,tushare:daily,20251210,daily_ohlcv_raw_from_tushare
20251210,300750.SZ,宁德时代,385.05,388.0,377.26,382.38,387.59,194334.05,7399361.241,tushare:daily,20251210,daily_ohlcv_raw_from_tushare
20251210,600019.SH,宝钢股份,7.07,7.16,7.01,7.15,7.09,909308.08,644121.925,tushare:daily,20251210,daily_ohlcv_raw_from_tushare
20251210,600030.SH,中信证券,28.42,28.57,28.16,28.52,28.53,992896.87,2815735.192,tushare:daily,20251210,daily_ohlcv_raw_from_tushare
20251210,600050.SH,中国联通,5.27,5.28,5.22,5.26,5.28,1568933.85,822867.333,tushare:daily,20251210,daily_ohlcv_raw_from_tushare
20251210,600276.SH,恒瑞医药,63.15,63.56,62.27,63.38,63.08,288959.61,1820981.675,tushare:daily,20251210,daily_ohlcv_raw_from_tushare
20251210,600309.SH,万华化学,68.97,69.43,67.9,69.3,69.3,238362.99,1635590.847,tushare:daily,20251210,daily_ohlcv_raw_from_tushare
20251210,600519.SH,贵州茅台,1400.0,1402.8,1383.18,1402.8,1401.01,33133.47,4625906.139,tushare:daily,20251210,daily_ohlcv_raw_from_tushare
20251210,600760.SH,中航沈飞,55.56,55.96,55.03,55.82,55.6,154068.69,852889.158,tushare:daily,20251210,daily_ohlcv_raw_from_tushare
20251210,600900.SH,长江电力,27.93,28.07,27.85,27.89,27.97,585389.54,1634914.947,tushare:daily,20251210,daily_ohlcv_raw_from_tushare
20251210,601012.SH,隆基绿能,18.29,18.54,17.8,18.2,18.2,1718834.21,3112585.783,tushare:daily,20251210,daily_ohlcv_raw_from_tushare
20251210,601225.SH,陕西煤业,21.95,22.14,21.83,21.89,22.0,213893.42,469592.676,tushare:daily,20251210,daily_ohlcv_raw_from_tushare
20251210,601318.SH,中国平安,62.66,63.06,62.13,62.55,62.45,448822.18,2808948.857,tushare:daily,20251210,daily_ohlcv_raw_from_tushare
20251210,601899.SH,紫金矿业,30.6,30.85,30.2,30.75,30.4,1170209.33,3574713.139,tushare:daily,20251210,daily_ohlcv_raw_from_tushare
20251210,688981.SH,中芯国际,115.58,116.59,113.44,116.31,116.32,315714.73,3624511.935,tushare:daily,20251210,daily_ohlcv_raw_from_tushare
20251211,000001.SZ,平安银行,11.35,11.39,11.3,11.37,11.33,925261.29,1049906.216,tushare:daily,20251211,daily_ohlcv_raw_from_tushare
20251211,000002.SZ,万科A,5.18,5.25,5.04,5.07,5.25,5461723.61,2792490.249,tushare:daily,20251211,daily_ohlcv_raw_from_tushare
20251211,000651.SZ,格力电器,40.51,41.08,40.48,40.65,40.37,455941.36,1859381.215,tushare:daily,20251211,daily_ohlcv_raw_from_tushare
20251211,000725.SZ,京东方A,4.18,4.19,4.1,4.11,4.18,5553656.32,2295224.945,tushare:daily,20251211,daily_ohlcv_raw_from_tushare
20251211,002230.SZ,科大讯飞,49.25,49.28,48.85,48.87,49.16,211272.03,1036437.914,tushare:daily,20251211,daily_ohlcv_raw_from_tushare
20251211,002594.SZ,比亚迪,96.98,97.12,95.85,96.23,96.47,250907.67,2422448.208,tushare:daily,20251211,daily_ohlcv_raw_from_tushare
20251211,300750.SZ,宁德时代,384.9,398.86,383.38,388.99,382.38,282153.78,11089031.995,tushare:daily,20251211,daily_ohlcv_raw_from_tushare
20251211,600019.SH,宝钢股份,7.14,7.15,7.04,7.08,7.15,890956.02,631177.122,tushare:daily,20251211,daily_ohlcv_raw_from_tushare
20251211,600030.SH,中信证券,28.55,28.58,28.15,28.29,28.52,742250.23,2103229.398,tushare:daily,20251211,daily_ohlcv_raw_from_tushare
20251211,600050.SH,中国联通,5.26,5.27,5.21,5.22,5.26,1380528.95,722323.093,tushare:daily,20251211,daily_ohlcv_raw_from_tushare
20251211,600276.SH,恒瑞医药,63.56,63.94,63.11,63.4,63.38,247061.27,1569053.154,tushare:daily,20251211,daily_ohlcv_raw_from_tushare
20251211,600309.SH,万华化学,69.31,70.5,68.18,68.47,69.3,199392.22,1376722.189,tushare:daily,20251211,daily_ohlcv_raw_from_tushare
20251211,600519.SH,贵州茅台,1406.66,1411.99,1401.55,1411.99,1402.8,22385.01,3149974.074,tushare:daily,20251211,daily_ohlcv_raw_from_tushare
20251211,600760.SH,中航沈飞,55.77,56.08,54.33,54.4,55.82,200799.33,1104318.379,tushare:daily,20251211,daily_ohlcv_raw_from_tushare
20251211,600900.SH,长江电力,27.92,27.94,27.75,27.86,27.89,695636.24,1936057.504,tushare:daily,20251211,daily_ohlcv_raw_from_tushare
20251211,601012.SH,隆基绿能,18.16,18.26,17.86,17.88,18.2,1009355.67,1822141.144,tushare:daily,20251211,daily_ohlcv_raw_from_tushare
20251211,601225.SH,陕西煤业,21.97,22.2,21.68,21.77,21.89,292351.0,639057.093,tushare:daily,20251211,daily_ohlcv_raw_from_tushare
20251211,601318.SH,中国平安,62.8,63.36,62.17,62.53,62.55,477963.4,2990603.756,tushare:daily,20251211,daily_ohlcv_raw_from_tushare
20251211,601899.SH,紫金矿业,31.2,31.95,30.75,30.96,30.75,2407725.14,7547700.504,tushare:daily,20251211,daily_ohlcv_raw_from_tushare
20251211,688981.SH,中芯国际,116.53,117.14,113.5,113.61,116.31,303108.96,3488207.042,tushare:daily,20251211,daily_ohlcv_raw_from_tushare
20251212,000001.SZ,平安银行,11.37,11.43,11.3,11.35,11.37,1191894.72,1357465.371,tushare:daily,20251212,daily_ohlcv_raw_from_tushare
20251212,000002.SZ,万科A,5.13,5.21,5.01,5.02,5.07,3356576.69,1709879.517,tushare:daily,20251212,daily_ohlcv_raw_from_tushare
20251212,000651.SZ,格力电器,40.72,40.95,40.58,40.75,40.65,487137.16,1988362.913,tushare:daily,20251212,daily_ohlcv_raw_from_tushare
20251212,000725.SZ,京东方A,4.12,4.16,4.09,4.14,4.11,7000578.24,2891234.201,tushare:daily,20251212,daily_ohlcv_raw_from_tushare
20251212,002230.SZ,科大讯飞,48.8,49.82,48.71,49.7,48.87,400636.23,1980640.77,tushare:daily,20251212,daily_ohlcv_raw_from_tushare
20251212,002594.SZ,比亚迪,96.2,97.7,95.65,97.0,96.23,554620.88,5390456.375,tushare:daily,20251212,daily_ohlcv_raw_from_tushare
20251212,300750.SZ,宁德时代,392.0,393.39,385.5,391.8,388.99,240020.22,9355490.916,tushare:daily,20251212,daily_ohlcv_raw_from_tushare
20251212,600019.SH,宝钢股份,7.09,7.19,7.02,7.19,7.08,1947081.59,1386581.781,tushare:daily,20251212,daily_ohlcv_raw_from_tushare
20251212,600030.SH,中信证券,28.26,28.56,28.08,28.41,28.29,1067569.84,3023765.536,tushare:daily,20251212,daily_ohlcv_raw_from_tushare
20251212,600050.SH,中国联通,5.21,5.23,5.17,5.23,5.22,2071963.37,1076719.853,tushare:daily,20251212,daily_ohlcv_raw_from_tushare
20251212,600276.SH,恒瑞医药,63.28,63.28,62.26,63.28,63.4,315629.26,1984535.365,tushare:daily,20251212,daily_ohlcv_raw_from_tushare
20251212,600309.SH,万华化学,68.47,68.81,67.53,68.47,68.47,225459.49,1533196.022,tushare:daily,20251212,daily_ohlcv_raw_from_tushare
20251212,600519.SH,贵州茅台,1418.0,1425.0,1413.57,1420.65,1411.99,37159.19,5273563.274,tushare:daily,20251212,daily_ohlcv_raw_from_tushare
20251212,600760.SH,中航沈飞,54.41,54.6,53.19,53.63,54.4,374739.31,2014622.747,tushare:daily,20251212,daily_ohlcv_raw_from_tushare
20251212,600900.SH,长江电力,27.85,28.05,27.81,28.04,27.86,898708.32,2509907.08,tushare:daily,20251212,daily_ohlcv_raw_from_tushare
20251212,601012.SH,隆基绿能,17.95,18.25,17.86,18.19,17.88,1297537.6,2349187.324,tushare:daily,20251212,daily_ohlcv_raw_from_tushare
20251212,601225.SH,陕西煤业,21.93,22.08,21.48,21.86,21.77,721331.67,1565789.713,tushare:daily,20251212,daily_ohlcv_raw_from_tushare
20251212,601318.SH,中国平安,62.56,64.09,62.41,63.91,62.53,1091760.25,6926125.694,tushare:daily,20251212,daily_ohlcv_raw_from_tushare
20251212,601899.SH,紫金矿业,31.67,31.8,31.35,31.7,30.96,2211742.85,6991527.058,tushare:daily,20251212,daily_ohlcv_raw_from_tushare
20251212,688981.SH,中芯国际,113.61,117.42,111.6,116.8,113.61,584998.04,6734945.965,tushare:daily,20251212,daily_ohlcv_raw_from_tushare
