
-------------------------------------------------------------------------------
   ROBOCOPY     ::     Windows 的可靠文件复制                              
-------------------------------------------------------------------------------

  开始时间: 2026年7月7日 15:26:31
        源: D:\Stock\trading_analysis\
      目标: d:\Stock\trading_assistant\12_tooling_runtime_archive\batch_09_legacy_analysis_migration__20260707\lifted_trading_analysis\

      文件: *.*
	    
  执行目录: .git
	    .venv
	    .venv_mt5
	    __pycache__
	    
      选项: *.* /TEE /S /E /DCOPY:DAT /COPY:DAT /NP /R:1 /W:1 

------------------------------------------------------------------------------

	                  23	D:\Stock\trading_analysis\
	    较新的    		    4923	01_阶段一_项目记录_过去与落地.md
	    较新的    		     479	ashare_daily_ops.md
	    较新的    		   19456	OLD_REPO_TO_NEW_REPO_PROGRESS.md
	                   1	D:\Stock\trading_analysis\.cache\
	                   0	D:\Stock\trading_analysis\.cache\marketdata\
	                   0	D:\Stock\trading_analysis\.cache\marketdata\XAUUSD\
	                   0	D:\Stock\trading_analysis\.cache\marketdata\XAUUSD\2026\
	                   0	D:\Stock\trading_analysis\.cache\marketdata\XAUUSD\2026\03\
	                   1	D:\Stock\trading_analysis\.cache\marketdata\XAUUSD\2026\03\01\
	                   0	D:\Stock\trading_analysis\.dc_cache\
	                   0	D:\Stock\trading_analysis\.dc_cache\XAUUSD\
	                   0	D:\Stock\trading_analysis\.dc_cache\XAUUSD\2024\
	                  62	D:\Stock\trading_analysis\.dc_cache\XAUUSD\2024\00\
	                  10	D:\Stock\trading_analysis\.dc_cache\XAUUSD\2024\01\
	                   6	D:\Stock\trading_analysis\.dc_cache\XAUUSD\2024\01\06\
	                   8	D:\Stock\trading_analysis\.trae\
	    较新的    		    2453	README__ARCHIVE_ONLY.md
	                   1	D:\Stock\trading_analysis\.trae\agents\
	    较新的    		    1240	README__ARCHIVE_ONLY.md
	                   1	D:\Stock\trading_analysis\.trae\agents\p0-exec-evidence-officer\
	                   2	D:\Stock\trading_analysis\.trae\skills\
	    较新的    		    2557	INDEX.md
	                   1	D:\Stock\trading_analysis\.trae\skills\artifact-provenance-note-guard-cn\
	                   1	D:\Stock\trading_analysis\.trae\skills\ashare-ops-guard\
	    较新的    		    7131	SKILL.md
	                   1	D:\Stock\trading_analysis\.trae\skills\dev-guardrails\
	                   1	D:\Stock\trading_analysis\.trae\skills\dual-epub-pdf-truth-anchor-cn\
	                   1	D:\Stock\trading_analysis\.trae\skills\indicator-audit-shrink-loop-cn\
	                   1	D:\Stock\trading_analysis\.trae\skills\knowledge-intake-quantize-cn\
	                   1	D:\Stock\trading_analysis\.trae\skills\main-doc-contract-mirror-cn\
	                   1	D:\Stock\trading_analysis\.trae\skills\mainline-full-ingest-cn\
	                   1	D:\Stock\trading_analysis\.trae\skills\mt-indicator-engineering-cn\
	                   1	D:\Stock\trading_analysis\.trae\skills\mt5-audit\
	    较新的    		    7238	SKILL.md
	                   1	D:\Stock\trading_analysis\.trae\skills\multi-ai-discussion-guard\
	    较新的    		   11594	SKILL.md
	                   1	D:\Stock\trading_analysis\.trae\skills\multi-ai-orchestrator-cn\
	                   1	D:\Stock\trading_analysis\.trae\skills\multi-ai-suite-entry-cn\
	                   1	D:\Stock\trading_analysis\.trae\skills\p0-exec-evidence-officer\
	                   1	D:\Stock\trading_analysis\.trae\skills\p0-lab\
	    较新的    		    7841	SKILL.md
	                   1	D:\Stock\trading_analysis\.trae\skills\p0-suite-entry-cn\
	                   1	D:\Stock\trading_analysis\.trae\skills\p0-sweep-outbound-guard\
	                   1	D:\Stock\trading_analysis\.trae\skills\panel-multi-ai-cn\
	                   1	D:\Stock\trading_analysis\.trae\skills\proof-of-mapping-standard-cn\
	                   1	D:\Stock\trading_analysis\.trae\skills\rolling-playbook-cn\
	                   1	D:\Stock\trading_analysis\.trae\skills\source-sweep-batch-cn\
	                   1	D:\Stock\trading_analysis\.trae\skills\tool-idea-ingest-guard\
	                   1	D:\Stock\trading_analysis\.vscode\
	                   0	D:\Stock\trading_analysis\10_来源库_SOURCE_LIBRARY\
	                  21	D:\Stock\trading_analysis\10_来源库_SOURCE_LIBRARY\00_TK外汇\
	                 243	D:\Stock\trading_analysis\10_来源库_SOURCE_LIBRARY\00_TK外汇\20231219TK外汇交易系统学习资料整理(6)_导出_images\
	                   0	D:\Stock\trading_analysis\10_来源库_SOURCE_LIBRARY\00_交易系统书籍\
	                   2	D:\Stock\trading_analysis\10_来源库_SOURCE_LIBRARY\00_交易系统书籍\01_期货市场技术分析_墨菲\
	                   5	D:\Stock\trading_analysis\10_来源库_SOURCE_LIBRARY\00_交易系统书籍\01_期货市场技术分析_墨菲\archive\
	                  16	D:\Stock\trading_analysis\10_来源库_SOURCE_LIBRARY\00_交易系统书籍\01_期货市场技术分析_墨菲\raw_chapters\
	                   3	D:\Stock\trading_analysis\10_来源库_SOURCE_LIBRARY\00_交易系统书籍\02_通向财务自由之路_VanTharp\
	                   2	D:\Stock\trading_analysis\10_来源库_SOURCE_LIBRARY\00_交易系统书籍\02_通向财务自由之路_VanTharp\archive\
	                  93	D:\Stock\trading_analysis\10_来源库_SOURCE_LIBRARY\00_交易系统书籍\02_通向财务自由之路_VanTharp\vt_images\
	                  18	D:\Stock\trading_analysis\10_来源库_SOURCE_LIBRARY\00_交易系统书籍\03_交易系统与方法_Kaufman\
	                   6	D:\Stock\trading_analysis\10_来源库_SOURCE_LIBRARY\00_交易系统书籍\03_交易系统与方法_Kaufman\archive\
	                   4	D:\Stock\trading_analysis\10_来源库_SOURCE_LIBRARY\00_交易系统书籍\04_海龟交易法则\
	                   2	D:\Stock\trading_analysis\10_来源库_SOURCE_LIBRARY\00_交易系统书籍\99_流程模板\
	                   0	D:\Stock\trading_analysis\10_来源库_SOURCE_LIBRARY\00_周期女王\
	                   9	D:\Stock\trading_analysis\10_来源库_SOURCE_LIBRARY\00_周期女王\01_万法归一系统课程\
	                  18	D:\Stock\trading_analysis\10_来源库_SOURCE_LIBRARY\00_周期女王\02_周期自然之力\
	                   8	D:\Stock\trading_analysis\10_来源库_SOURCE_LIBRARY\00_周期女王\03_个股案例拆解\
	                  28	D:\Stock\trading_analysis\10_来源库_SOURCE_LIBRARY\00_周期女王\04_临盘和复盘视频\
	                   4	D:\Stock\trading_analysis\10_来源库_SOURCE_LIBRARY\00_周期女王\99_可用规则壳\
	                   0	D:\Stock\trading_analysis\10_来源库_SOURCE_LIBRARY\00_外部公开资料与方法论参考\
	                  57	D:\Stock\trading_analysis\10_来源库_SOURCE_LIBRARY\00_外部公开资料与方法论参考\01_外部公开指标资料_Batch9\
	    较新的    		    7327	REOPEN_B9_N02_IB_OBJECT_P0_对象入口_v1.md
	    较新的    		    4033	REOPEN_B9_N02_OTHER_SYMBOL_OTHER_TIMEFRAME_VALIDATION_XAUUSD_M5_P0_关系入口_v1.md
	    较新的    		    3856	REOPEN_B9_N02_OTHER_SYMBOL_VALIDATION_XAUUSD_M1_TAIL_P0_关系入口_v1.md
	    较新的    		    2752	REOPEN_B9_N02_SECOND_FX_SUBHOUR_INPUT_GATE_P0_关系入口_v1.md
	    较新的    		    3888	REOPEN_B9_N02_SECOND_FX_SYMBOL_INPUT_GATE_GBPUSD_H1_P0_关系入口_v1.md
	                   1	D:\Stock\trading_analysis\10_来源库_SOURCE_LIBRARY\00_外部公开资料与方法论参考\01_外部公开指标资料_Batch9\A股指标整理区_待整理_N04_N05_N06\
	                   0	D:\Stock\trading_analysis\10_来源库_SOURCE_LIBRARY\00_外部公开资料与方法论参考\01_外部公开指标资料_Batch9\batch9_sources_kimi\
	                   3	D:\Stock\trading_analysis\10_来源库_SOURCE_LIBRARY\00_外部公开资料与方法论参考\01_外部公开指标资料_Batch9\batch9_sources_kimi\N01\
	                   3	D:\Stock\trading_analysis\10_来源库_SOURCE_LIBRARY\00_外部公开资料与方法论参考\01_外部公开指标资料_Batch9\batch9_sources_kimi\N01\strictMode_kimi_followup\
	    较新的    		    3389	OUTBOUND__strictMode_mechanism_v3.md
	    较新的    		    6924	OUTBOUND__strictMode_vs_close_overlap_v1.md
	    较新的    		    6249	OUTBOUND__strictMode_vs_close_overlap_v2.md
	                   1	D:\Stock\trading_analysis\10_来源库_SOURCE_LIBRARY\00_外部公开资料与方法论参考\01_外部公开指标资料_Batch9\batch9_sources_kimi\N02\
	                   2	D:\Stock\trading_analysis\10_来源库_SOURCE_LIBRARY\00_外部公开资料与方法论参考\01_外部公开指标资料_Batch9\batch9_sources_kimi\N03\
	                  11	D:\Stock\trading_analysis\10_来源库_SOURCE_LIBRARY\00_外部公开资料与方法论参考\01_外部公开指标资料_Batch9\N01_波动率状态机\
	                   7	D:\Stock\trading_analysis\10_来源库_SOURCE_LIBRARY\00_外部公开资料与方法论参考\01_外部公开指标资料_Batch9\N02_时段_开盘区间结构\
	                  11	D:\Stock\trading_analysis\10_来源库_SOURCE_LIBRARY\00_外部公开资料与方法论参考\01_外部公开指标资料_Batch9\N03_市场结构_突破质量_条件收集\
	                   0	D:\Stock\trading_analysis\10_来源库_SOURCE_LIBRARY\00_外部公开资料与方法论参考\02_外部视频与方法论参考\
	                  42	D:\Stock\trading_analysis\10_来源库_SOURCE_LIBRARY\00_外部公开资料与方法论参考\02_外部视频与方法论参考\Norman_NFTRADEZ_ICT_Trader_NYC\
	    较新的    		    3693	NFTRADEZ_AGENT_STATUS__2026-06-23.md
	    较新的    		    1446	NFTRADEZ_KIMI_concept_glossary_direct_message_v1.txt
	    较新的    		    1153	NFTRADEZ_KIMI_concept_glossary_direct_message_v2__agentA.txt
	    较新的    		    3547	NFTRADEZ_KIMI_concept_glossary_manifest_v1.tsv
	    较新的    		    2335	NFTRADEZ_KIMI_concept_glossary_shrink_v1__imported.md
	    较新的    		    1522	NFTRADEZ_KIMI_premarket_template_direct_message_v1.txt
	    较新的    		    1167	NFTRADEZ_KIMI_premarket_template_direct_message_v2__agentB.txt
	    较新的    		    2317	NFTRADEZ_KIMI_premarket_template_manifest_v1.tsv
	    较新的    		    3436	NFTRADEZ_KIMI_premarket_template_v1__imported.md
	    较新的    		   16055	Norman_NFTRADEZ_manifest_v1.tsv
	    较新的    		    3170	README.md
	                   2	D:\Stock\trading_analysis\10_来源库_SOURCE_LIBRARY\00_外部公开资料与方法论参考\02_外部视频与方法论参考\Smile_SMC交易系统2_0\
	    较新的    		    7655	Smile_SMC交易系统2_0_吸收与总纲_v1.md
	    较新的    		    4185	Smile_SMC交易系统2_0_逐帧运行过程_文字化_v1.md
	                   2	D:\Stock\trading_analysis\10_来源库_SOURCE_LIBRARY\00_外部公开资料与方法论参考\02_外部视频与方法论参考\Smile_SMC交易系统2_0\raw_materials\
	                  27	D:\Stock\trading_analysis\10_来源库_SOURCE_LIBRARY\00_外部公开资料与方法论参考\02_外部视频与方法论参考\Smile_SMC交易系统2_0\raw_materials\video_screenshots\
	                   1	D:\Stock\trading_analysis\10_来源库_SOURCE_LIBRARY\00_大隐体系\
	                  11	D:\Stock\trading_analysis\10_来源库_SOURCE_LIBRARY\00_大隐体系\0)stochastic oscillator指标组的各种讲解\
	                  38	D:\Stock\trading_analysis\10_来源库_SOURCE_LIBRARY\00_大隐体系\1)大隐时空波浪相关课程视频\
	                  39	D:\Stock\trading_analysis\10_来源库_SOURCE_LIBRARY\00_大隐体系\2)大隐於朝二维时空技术讲座系列\
	                  17	D:\Stock\trading_analysis\10_来源库_SOURCE_LIBRARY\00_大隐体系\3)大隐交易系统\
	                   8	D:\Stock\trading_analysis\10_来源库_SOURCE_LIBRARY\00_大隐体系\4)大隐波段交易技术专栏\
	                  18	D:\Stock\trading_analysis\10_来源库_SOURCE_LIBRARY\00_大隐体系\5)超短、拔头皮技术课程\
	                   1	D:\Stock\trading_analysis\10_来源库_SOURCE_LIBRARY\00_大隐体系\6)综合技术专栏\
	                  61	D:\Stock\trading_analysis\10_来源库_SOURCE_LIBRARY\00_指标定义&公式\
	                 130	D:\Stock\trading_analysis\10_来源库_SOURCE_LIBRARY\01_Kimi拆书待入库\
	    较新的    		   24203	Kimi拆书待入库_批次检查_v1.md
	    较新的    		    3007	S_BUCKET_KIMI_batch1_priority_read_prompt_v1.txt
	    较新的    		    1393	S_BUCKET_KIMI_batch1_prompt_v1.txt
	    较新的    		    3238	S_BUCKET_KIMI_batch1_round2_direct_message_v2.txt
	    较新的    		    3352	S_BUCKET_KIMI_batch1_round3_function_core_direct_message_v1.txt
	    较新的    		    4491	S_BUCKET_KIMI_batch1_round3_function_core_prompt_v1.txt
	    较新的    		   26508	S_BUCKET_stage_proof__01_集合竞价教程__v1.tsv
	    较新的    		    5487	S_BUCKET_stage_proof__03_券商研报__representatives_v1.tsv
	    较新的    		    4799	S_BUCKET_stage_proof__03_券商研报__representatives_v10.tsv
	    较新的    		    4727	S_BUCKET_stage_proof__03_券商研报__representatives_v11.tsv
	    较新的    		    4633	S_BUCKET_stage_proof__03_券商研报__representatives_v12.tsv
	    较新的    		    4981	S_BUCKET_stage_proof__03_券商研报__representatives_v13.tsv
	    较新的    		    4852	S_BUCKET_stage_proof__03_券商研报__representatives_v14.tsv
	    较新的    		    4883	S_BUCKET_stage_proof__03_券商研报__representatives_v15.tsv
	    较新的    		    5020	S_BUCKET_stage_proof__03_券商研报__representatives_v16.tsv
	    较新的    		    5040	S_BUCKET_stage_proof__03_券商研报__representatives_v17.tsv
	    较新的    		    4845	S_BUCKET_stage_proof__03_券商研报__representatives_v18.tsv
	    较新的    		    4955	S_BUCKET_stage_proof__03_券商研报__representatives_v19.tsv
	    较新的    		    5221	S_BUCKET_stage_proof__03_券商研报__representatives_v2.tsv
	    较新的    		    5016	S_BUCKET_stage_proof__03_券商研报__representatives_v20.tsv
	    较新的    		    4868	S_BUCKET_stage_proof__03_券商研报__representatives_v21.tsv
	    较新的    		    4941	S_BUCKET_stage_proof__03_券商研报__representatives_v22.tsv
	    较新的    		    4612	S_BUCKET_stage_proof__03_券商研报__representatives_v23.tsv
	    较新的    		    4572	S_BUCKET_stage_proof__03_券商研报__representatives_v24.tsv
	    较新的    		    4622	S_BUCKET_stage_proof__03_券商研报__representatives_v25.tsv
	    较新的    		    4630	S_BUCKET_stage_proof__03_券商研报__representatives_v26.tsv
	    较新的    		    5130	S_BUCKET_stage_proof__03_券商研报__representatives_v27.tsv
	    较新的    		    4605	S_BUCKET_stage_proof__03_券商研报__representatives_v28.tsv
	    较新的    		    4841	S_BUCKET_stage_proof__03_券商研报__representatives_v29.tsv
	    较新的    		    5540	S_BUCKET_stage_proof__03_券商研报__representatives_v3.tsv
	    较新的    		    5023	S_BUCKET_stage_proof__03_券商研报__representatives_v30.tsv
	    较新的    		    4939	S_BUCKET_stage_proof__03_券商研报__representatives_v31.tsv
	    较新的    		    4849	S_BUCKET_stage_proof__03_券商研报__representatives_v32.tsv
	    较新的    		    5091	S_BUCKET_stage_proof__03_券商研报__representatives_v33.tsv
	    较新的    		    5049	S_BUCKET_stage_proof__03_券商研报__representatives_v34.tsv
	    较新的    		    4825	S_BUCKET_stage_proof__03_券商研报__representatives_v35.tsv
	    较新的    		    4621	S_BUCKET_stage_proof__03_券商研报__representatives_v36.tsv
	    较新的    		    4576	S_BUCKET_stage_proof__03_券商研报__representatives_v37.tsv
	    较新的    		    4915	S_BUCKET_stage_proof__03_券商研报__representatives_v38.tsv
	    较新的    		    4942	S_BUCKET_stage_proof__03_券商研报__representatives_v39.tsv
	    较新的    		    5345	S_BUCKET_stage_proof__03_券商研报__representatives_v4.tsv
	    较新的    		    4685	S_BUCKET_stage_proof__03_券商研报__representatives_v40.tsv
	    较新的    		    3868	S_BUCKET_stage_proof__03_券商研报__representatives_v41.tsv
	    较新的    		    4767	S_BUCKET_stage_proof__03_券商研报__representatives_v42.tsv
	    较新的    		    4796	S_BUCKET_stage_proof__03_券商研报__representatives_v43.tsv
	    较新的    		    4817	S_BUCKET_stage_proof__03_券商研报__representatives_v44.tsv
	    较新的    		    5037	S_BUCKET_stage_proof__03_券商研报__representatives_v45.tsv
	    较新的    		    4805	S_BUCKET_stage_proof__03_券商研报__representatives_v46.tsv
	    较新的    		    4952	S_BUCKET_stage_proof__03_券商研报__representatives_v47.tsv
	    较新的    		    4920	S_BUCKET_stage_proof__03_券商研报__representatives_v48.tsv
	    较新的    		    4869	S_BUCKET_stage_proof__03_券商研报__representatives_v49.tsv
	    较新的    		    5182	S_BUCKET_stage_proof__03_券商研报__representatives_v5.tsv
	    较新的    		    4690	S_BUCKET_stage_proof__03_券商研报__representatives_v50.tsv
	    较新的    		    4428	S_BUCKET_stage_proof__03_券商研报__representatives_v51.tsv
	    较新的    		    1202	S_BUCKET_stage_proof__03_券商研报__representatives_v52.tsv
	    较新的    		    5038	S_BUCKET_stage_proof__03_券商研报__representatives_v6.tsv
	    较新的    		    5054	S_BUCKET_stage_proof__03_券商研报__representatives_v7.tsv
	    较新的    		    4831	S_BUCKET_stage_proof__03_券商研报__representatives_v8.tsv
	    较新的    		    4333	S_BUCKET_stage_proof__03_券商研报__representatives_v9.tsv
	                   3	D:\Stock\trading_analysis\10_来源库_SOURCE_LIBRARY\01_Kimi拆书待入库\99_回收与外部回帖_IMPORTS\
	                   3	D:\Stock\trading_analysis\10_来源库_SOURCE_LIBRARY\01_Kimi拆书待入库\GROUP_01_微观结构_交易所_HFT\
	                  12	D:\Stock\trading_analysis\10_来源库_SOURCE_LIBRARY\01_Kimi拆书待入库\GROUP_01_微观结构_交易所_HFT\01_F2_cutpack_v2_final\
	    较新的    		    2971	manifest_v2.tsv
	                   3	D:\Stock\trading_analysis\10_来源库_SOURCE_LIBRARY\01_Kimi拆书待入库\GROUP_02_期权_波动率_波动率微笑\
	                   3	D:\Stock\trading_analysis\10_来源库_SOURCE_LIBRARY\01_Kimi拆书待入库\GROUP_03_组合管理_风险模型_交易成本\
	                   3	D:\Stock\trading_analysis\10_来源库_SOURCE_LIBRARY\01_Kimi拆书待入库\GROUP_04_统计套利_研究方法_ML\
	                   3	D:\Stock\trading_analysis\10_来源库_SOURCE_LIBRARY\01_Kimi拆书待入库\GROUP_05_趋势_系统交易\
	                  11	D:\Stock\trading_analysis\10_来源库_SOURCE_LIBRARY\01_Kimi拆书待入库\GROUP_05_趋势_系统交易\01_F1_cutpack_v2_final\
	    较新的    		    3073	manifest_v2.tsv
	                   3	D:\Stock\trading_analysis\10_来源库_SOURCE_LIBRARY\01_Kimi拆书待入库\GROUP_06_Auction_MarketProfile_价格行为\
	                   8	D:\Stock\trading_analysis\10_来源库_SOURCE_LIBRARY\01_Kimi拆书待入库\GROUP_06_Auction_MarketProfile_价格行为\01_A2_cutpack_v2\
	    较新的    		    1583	manifest_v2.tsv
	                  12	D:\Stock\trading_analysis\10_来源库_SOURCE_LIBRARY\01_Kimi拆书待入库\GROUP_06_Auction_MarketProfile_价格行为\01_A2_cutpack_v2_final\
	    较新的    		    1677	manifest_v2.tsv
	                   1	D:\Stock\trading_analysis\10_来源库_SOURCE_LIBRARY\01_Kimi拆书待入库\GROUP_07_传记_行业史_故事\
	                  39	D:\Stock\trading_analysis\10_来源库_SOURCE_LIBRARY\01_Kimi拆书待入库\GROUP_08_A股量化_数据研究\
	    较新的    		   17915	GROUP_08_delete_candidates_ref_cleanup_list_v1.md
	    较新的    		   18109	GROUP_08_delete_candidates_ref_cleanup_list_v1.tsv
	    较新的    		   11567	GROUP_08_external_delete_candidate_plan_v1.tsv
	    较新的    		   44788	GROUP_08_external_move_plan_v1.tsv
	    较新的    		   41357	GROUP_08_external_ops_plan_v1.tsv
	    较新的    		   42646	GROUP_08_external_ops_preflight_v1.tsv
	    较新的    		   43432	GROUP_08_materials_catalog_v1.md
	    较新的    		   42788	GROUP_08_materials_catalog_v1.tsv
	    较新的    		  167770	GROUP_08_repo_refscan_for_final_delete_list_v1.tsv
	    较新的    		    6800	GROUP_08_repo_refscan_summary_v1.tsv
	    较新的    		   38806	GROUP_08_research_pdf_最终删除勾选_逐条清单_v1.tsv
	    较新的    		    1487	GROUP_08_SOURCE_RAW_需要你找回的源头书本_v1.md
	    较新的    		    1867	GROUP_08_主题锚点勾验_v1.tsv
	    较新的    		   41171	GROUP_08_前后路径台账_v1.tsv
	    较新的    		    4481	README_放这里.md
	                   1	D:\Stock\trading_analysis\10_来源库_SOURCE_LIBRARY\01_Kimi拆书待入库\GROUP_08_A股量化_数据研究\00_external_import_staging\
	                   0	D:\Stock\trading_analysis\10_来源库_SOURCE_LIBRARY\01_Kimi拆书待入库\GROUP_08_A股量化_数据研究\00_external_import_staging\confirmed_bookdir\
	                   3	D:\Stock\trading_analysis\10_来源库_SOURCE_LIBRARY\01_Kimi拆书待入库\GROUP_08_A股量化_数据研究\00_external_import_staging\confirmed_bookdir\量化择时 3份\
	                   0	D:\Stock\trading_analysis\10_来源库_SOURCE_LIBRARY\01_Kimi拆书待入库\GROUP_08_A股量化_数据研究\00_external_import_staging\confirmed_bookdir\量化资产配置 17份\
	                   4	D:\Stock\trading_analysis\10_来源库_SOURCE_LIBRARY\01_Kimi拆书待入库\GROUP_08_A股量化_数据研究\00_external_import_staging\confirmed_bookdir\量化资产配置 17份\行业基本面预测模型\
	                   7	D:\Stock\trading_analysis\10_来源库_SOURCE_LIBRARY\01_Kimi拆书待入库\GROUP_08_A股量化_数据研究\00_external_import_staging\confirmed_bookdir\量化资产配置 17份\行业轮动模型\
	                   5	D:\Stock\trading_analysis\10_来源库_SOURCE_LIBRARY\01_Kimi拆书待入库\GROUP_08_A股量化_数据研究\00_external_import_staging\confirmed_bookdir\量化资产配置 17份\风格轮动模型\
	                   1	D:\Stock\trading_analysis\10_来源库_SOURCE_LIBRARY\01_Kimi拆书待入库\GROUP_08_A股量化_数据研究\00_external_import_staging\confirmed_bookdir\量化选股 40份\
	                  12	D:\Stock\trading_analysis\10_来源库_SOURCE_LIBRARY\01_Kimi拆书待入库\GROUP_08_A股量化_数据研究\00_external_import_staging\confirmed_bookdir\量化选股 40份\事件驱动策略系列\
	                  10	D:\Stock\trading_analysis\10_来源库_SOURCE_LIBRARY\01_Kimi拆书待入库\GROUP_08_A股量化_数据研究\00_external_import_staging\confirmed_bookdir\量化选股 40份\多因子选股模型\
	                   2	D:\Stock\trading_analysis\10_来源库_SOURCE_LIBRARY\01_Kimi拆书待入库\GROUP_08_A股量化_数据研究\00_external_import_staging\confirmed_bookdir\量化选股 40份\成长股选股模型\
	                   3	D:\Stock\trading_analysis\10_来源库_SOURCE_LIBRARY\01_Kimi拆书待入库\GROUP_08_A股量化_数据研究\00_external_import_staging\confirmed_bookdir\量化选股 40份\财务指标选股研究系列\
	                   5	D:\Stock\trading_analysis\10_来源库_SOURCE_LIBRARY\01_Kimi拆书待入库\GROUP_08_A股量化_数据研究\00_external_import_staging\confirmed_bookdir\量化选股 40份\选股因子研究系列\
	                   0	D:\Stock\trading_analysis\10_来源库_SOURCE_LIBRARY\01_Kimi拆书待入库\GROUP_08_A股量化_数据研究\00_external_import_staging\confirmed_exact\
	                   1	D:\Stock\trading_analysis\10_来源库_SOURCE_LIBRARY\01_Kimi拆书待入库\GROUP_08_A股量化_数据研究\00_external_import_staging\confirmed_exact\04_多因子\
	                   0	D:\Stock\trading_analysis\10_来源库_SOURCE_LIBRARY\01_Kimi拆书待入库\GROUP_08_A股量化_数据研究\00_external_import_staging\confirmed_series\
	                   5	D:\Stock\trading_analysis\10_来源库_SOURCE_LIBRARY\01_Kimi拆书待入库\GROUP_08_A股量化_数据研究\00_external_import_staging\confirmed_series\04_多因子\
	                   0	D:\Stock\trading_analysis\10_来源库_SOURCE_LIBRARY\01_Kimi拆书待入库\GROUP_08_A股量化_数据研究\00_external_import_staging\confirmed_topic\
	                   1	D:\Stock\trading_analysis\10_来源库_SOURCE_LIBRARY\01_Kimi拆书待入库\GROUP_08_A股量化_数据研究\00_external_import_staging\confirmed_topic\04_多因子\
	                   5	D:\Stock\trading_analysis\10_来源库_SOURCE_LIBRARY\01_Kimi拆书待入库\GROUP_08_A股量化_数据研究\01_62份研究PDF\
	                   2	D:\Stock\trading_analysis\10_来源库_SOURCE_LIBRARY\01_Kimi拆书待入库\GROUP_08_A股量化_数据研究\02_pdf入门书\
	                   1	D:\Stock\trading_analysis\10_来源库_SOURCE_LIBRARY\01_Kimi拆书待入库\GROUP_08_A股量化_数据研究\03_txt标题聚类\
	                   1	D:\Stock\trading_analysis\10_来源库_SOURCE_LIBRARY\01_Kimi拆书待入库\GROUP_08_A股量化_数据研究\04_epub目录粗切\
	                   2	D:\Stock\trading_analysis\10_来源库_SOURCE_LIBRARY\01_Kimi拆书待入库\GROUP_08_A股量化_数据研究\05_txt源码_md归档\
	    较新的    		    1061	README_放这里.md
	    较新的    		   69008	txt_md_index_v1.tsv
	                  18	D:\Stock\trading_analysis\10_来源库_SOURCE_LIBRARY\01_Kimi拆书待入库\GROUP_08_A股量化_数据研究\05_txt源码_md归档\TX-01_择时_指标_大盘信号\
	    较新的    		    4802	21 果核量化出品 -- BIAS_QL乖离率策略指数择时1.0.md
	    较新的    		    3124	27 RSRS指标择时（30分钟线）.md
	    较新的    		    3779	29 KD指标量化交易策略.md
	    较新的    		   15333	37 个股止损.md
	    较新的    		    4065	40 kdj指标配合accer过滤.md
	    较新的    		    3974	45 布林带策略.md
	    较新的    		    3467	52 布林带1.md
	    较新的    		   15893	58 MACD金叉买入，死叉卖出.md
	    较新的    		    2539	66 高于MA10买入低于MA20卖出回测半年收益率20.4%.md
	    较新的    		    3379	69 阻力支撑相对强度（RSRS）指标择时策略.md
	    较新的    		   15435	70 蓝筹&均线.md
	    较新的    		    2923	76 MACD——大盘择时.md
	    较新的    		    6157	77 RSRS大盘择时优化.md
	    较新的    		    6090	78 GFTD第二版.md
	    较新的    		    2676	79 DMI——大盘择时.md
	    较新的    		   15572	90 MA均线金叉买入，死叉卖出.md
	    较新的    		    3493	91 Stoch（KDJ）——大盘择时.md
	    较新的    		    6237	93 RSRS——大盘择时.md
	                  18	D:\Stock\trading_analysis\10_来源库_SOURCE_LIBRARY\01_Kimi拆书待入库\GROUP_08_A股量化_数据研究\05_txt源码_md归档\TX-02_因子_价值_财务_ML\
	    较新的    		    4604	03 机器学习多因子策略.md
	    较新的    		    9344	07 穿越牛熊基业长青的价值精选策略.md
	    较新的    		   15650	08 MACD单因子多头策略.md
	    较新的    		    3944	12 【均值回归】基于zscore的均值回归策略（胜率100%）.md
	    较新的    		   13823	18 均值回归策略分享.md
	    较新的    		    5817	30 基于LSTM模型预测股票价格走势.md
	    较新的    		   20383	31 低PB价值投资策略分享.md
	    较新的    		   15749	34 成长策略.md
	    较新的    		    2150	39 因子分析——利用JoinQuant因子分析模块选取因子并封装为策略.md
	    较新的    		    4310	41 多因子模型（三）-交易回测.md
	    较新的    		   11318	42 低估值+TRIX+RSI 低回撤策略.md
	    较新的    		    5157	43 无模型评估的多因子模型.md
	    较新的    		   11234	67 多因子回测完整模板（筛选和买卖条件强于‘策略生成器’）.md
	    较新的    		    9439	71 【投资学】CAPM单因子回归模型+ROE股票池（含止损）.md
	    较新的    		   15914	75 财务因子策略.md
	    较新的    		    7528	92 多因子选股策略.md
	    较新的    		   15698	94 PE和PB策略.md
	    较新的    		    4179	98 机器学习SVM用法示例策略.md
	                  12	D:\Stock\trading_analysis\10_来源库_SOURCE_LIBRARY\01_Kimi拆书待入库\GROUP_08_A股量化_数据研究\05_txt源码_md归档\TX-03_行业_ETF_轮动_指数增强\
	    较新的    		    3045	25 简单市值轮动策略-学习.md
	    较新的    		   46474	33 买入每个行业市值最大的股票.md
	    较新的    		   32972	51 HS300--随机森林拐点识别.md
	    较新的    		    3416	59 小市值轮动，修改了内容，剔除了停牌股，同时PE要求为正的股票。.md
	    较新的    		   15986	64 12年年化34%，Sharpe1.2，银行股轮动.md
	    较新的    		    5489	65 8只基金按PE调仓.md
	    较新的    		    8507	68 板块轮动不动？.md
	    较新的    		    6546	72 基金定投-沪深300-5年回测.md
	    较新的    		   15870	74 基于沪深300的增强.md
	    较新的    		    6817	81 申万行业轮动策略.md
	    较新的    		    6207	82 次新+小市值+KAMA择时 轮动.md
	    较新的    		    1881	83 沪深300ETF-1060双均线.md
	                   6	D:\Stock\trading_analysis\10_来源库_SOURCE_LIBRARY\01_Kimi拆书待入库\GROUP_08_A股量化_数据研究\05_txt源码_md归档\TX-04_期货_趋势_动量系统\
	    较新的    		   15923	01 AdaptiveMA自适应均线 过滤器 期货多品种模型 收益稳定增长.md
	    较新的    		   15967	04 趋势交易能赚钱吗？商品期货动量效应挖掘初探.md
	    较新的    		   16120	09 商品期货 多品种日频双均线模型 作为给入门者的小礼物.md
	    较新的    		   18869	17 商品期货截面动量模型，真的靠谱吗？.md
	    较新的    		   13292	22 海龟交易法则升级版---（分钟级回测+合约变更移仓）.md
	    较新的    		   16576	49 海龟克隆优化.md
	                   4	D:\Stock\trading_analysis\10_来源库_SOURCE_LIBRARY\01_Kimi拆书待入库\GROUP_08_A股量化_数据研究\05_txt源码_md归档\TX-05_配对_统计套利_相关性\
	    较新的    		    4663	13 招行_海天配对策略-改进版.md
	    较新的    		    4693	19 招行_海天配对策略（学习招行伊利配对）.md
	    较新的    		    6650	50 简单配对交易.md
	    较新的    		    4653	55 中小板-中证500配对交易.md
	                   3	D:\Stock\trading_analysis\10_来源库_SOURCE_LIBRARY\01_Kimi拆书待入库\GROUP_08_A股量化_数据研究\05_txt源码_md归档\TX-06_资金流_事件驱动\
	    较新的    		    9038	38 一个简单的跟踪聪明钱策略.md
	    较新的    		    7324	73 跟着港资（北向资金）买A股.md
	    较新的    		   15995	95 资金流策略.md
	                  38	D:\Stock\trading_analysis\10_来源库_SOURCE_LIBRARY\01_Kimi拆书待入库\GROUP_08_A股量化_数据研究\05_txt源码_md归档\TX-07_杂项_练习_待筛\
	    较新的    		    4689	02 我好像破解了聚宽擂台排第一的策略？！.md
	    较新的    		    6785	05 兄台且慢，去天台排队不如看看这个策略先.md
	    较新的    		    5449	06 为什么股票市值是当前的样子？.md
	    较新的    		    6285	10 追三板策略.md
	    较新的    		    2431	11 酒股地中短线策略.md
	    较新的    		    2502	14 抗击熊市的中短期低市值策略.md
	    较新的    		    8515	15 基于多期限的选股策略（一）.md
	    较新的    		   16050	16 投资学作业.md
	    较新的    		   21738	20 分钟K线数据重构 ATR自适应通道 请高手来迭代.md
	    较新的    		   22802	23 Principle by Jim Slater 祖鲁法则在A股的实现与改进.md
	    较新的    		   15570	24 自选策略1.md
	    较新的    		   15333	26 向导式-1.md
	    较新的    		   15770	28 收益策略.md
	    较新的    		   16001	32 测试策略1.md
	    较新的    		   15927	35 投资学作业——简单多因子选股策略.md
	    较新的    		   16116	36 投资学作业——简单多因子选股策略改进.md
	    较新的    		   17011	44 新手初来，写了一个价值投资策略.md
	    较新的    		    8072	46 Get API 新技能，研究中写策略并回测.md
	    较新的    		   15770	47 次新小盘策略.md
	    较新的    		    4041	48 再测一支.md
	    较新的    		   15549	53 小市值策略.md
	    较新的    		   20842	54 中长线买入卖出点选择.md
	    较新的    		   15379	56 爱神的箭放声大哭.md
	    较新的    		   15783	57 黄泽森策略.md
	    较新的    		   16272	60 投资期末作业.md
	    较新的    		   15709	61 向导式策略生成器生成的成长股精选策略.md
	    较新的    		   16155	62 选股策略.md
	    较新的    		   15476	63 向导式.md
	    较新的    		   15974	80 向导式 价值分析(一),成功避开股灾,大盘震荡跌时小涨.md
	    较新的    		   16065	84 投资策略说明.md
	    较新的    		    8761	85 【第一次玩】我就是要买便宜股系列.md
	    较新的    		    2165	86 5日线穿十日线策略（供初学）.md
	    较新的    		   16035	87 选股策略说明——张燕兰 16318320.md
	    较新的    		   16038	88 一位小白编辑的多因子选股策略.md
	    较新的    		    4136	89 test1：简单的多均线择时.md
	    较新的    		    2397	96 沪港两地上市的银行股翻倍策略报告.md
	    较新的    		    3172	97 银行翻倍策略.md
	    较新的    		   16110	99 一个中信证券的向导策略.md
	                  67	D:\Stock\trading_analysis\10_来源库_SOURCE_LIBRARY\01_Kimi拆书待入库\GROUP_08_A股量化_数据研究\06_pdf_retained_cut_v2\
	    较新的    		   22665	manifest_v2.tsv
	                   0	D:\Stock\trading_analysis\10_来源库_SOURCE_LIBRARY\01_Kimi拆书待入库\GROUP_08_A股量化_数据研究__SOURCE_RAW\
	                   0	D:\Stock\trading_analysis\10_来源库_SOURCE_LIBRARY\01_Kimi拆书待入库\GROUP_08_A股量化_数据研究__SOURCE_RAW\新的参考书\
	                   2	D:\Stock\trading_analysis\10_来源库_SOURCE_LIBRARY\01_Kimi拆书待入库\GROUP_08_A股量化_数据研究__SOURCE_RAW\新的参考书\《Python股票量化交易从入门到实践》完整版\
	                  99	D:\Stock\trading_analysis\10_来源库_SOURCE_LIBRARY\01_Kimi拆书待入库\GROUP_08_A股量化_数据研究__SOURCE_RAW\新的参考书\《Python股票量化交易从入门到实践》完整版\1.量化策略代码(99份)（赠品）\
	                   0	D:\Stock\trading_analysis\10_来源库_SOURCE_LIBRARY\01_Kimi拆书待入库\GROUP_08_A股量化_数据研究__SOURCE_RAW\新的参考书\《Python股票量化交易从入门到实践》完整版\2.其他量化资料(62份)（赠品）\
	                   3	D:\Stock\trading_analysis\10_来源库_SOURCE_LIBRARY\01_Kimi拆书待入库\GROUP_08_A股量化_数据研究__SOURCE_RAW\新的参考书\《Python股票量化交易从入门到实践》完整版\2.其他量化资料(62份)（赠品）\量化择时 3份\
	                   0	D:\Stock\trading_analysis\10_来源库_SOURCE_LIBRARY\01_Kimi拆书待入库\GROUP_08_A股量化_数据研究__SOURCE_RAW\新的参考书\《Python股票量化交易从入门到实践》完整版\2.其他量化资料(62份)（赠品）\量化资产配置 17份\
	                   4	D:\Stock\trading_analysis\10_来源库_SOURCE_LIBRARY\01_Kimi拆书待入库\GROUP_08_A股量化_数据研究__SOURCE_RAW\新的参考书\《Python股票量化交易从入门到实践》完整版\2.其他量化资料(62份)（赠品）\量化资产配置 17份\行业基本面预测模型\
	                   7	D:\Stock\trading_analysis\10_来源库_SOURCE_LIBRARY\01_Kimi拆书待入库\GROUP_08_A股量化_数据研究__SOURCE_RAW\新的参考书\《Python股票量化交易从入门到实践》完整版\2.其他量化资料(62份)（赠品）\量化资产配置 17份\行业轮动模型\
	                   6	D:\Stock\trading_analysis\10_来源库_SOURCE_LIBRARY\01_Kimi拆书待入库\GROUP_08_A股量化_数据研究__SOURCE_RAW\新的参考书\《Python股票量化交易从入门到实践》完整版\2.其他量化资料(62份)（赠品）\量化资产配置 17份\风格轮动模型\
	                   2	D:\Stock\trading_analysis\10_来源库_SOURCE_LIBRARY\01_Kimi拆书待入库\GROUP_08_A股量化_数据研究__SOURCE_RAW\新的参考书\《Python股票量化交易从入门到实践》完整版\2.其他量化资料(62份)（赠品）\量化选股 40份\
	                  13	D:\Stock\trading_analysis\10_来源库_SOURCE_LIBRARY\01_Kimi拆书待入库\GROUP_08_A股量化_数据研究__SOURCE_RAW\新的参考书\《Python股票量化交易从入门到实践》完整版\2.其他量化资料(62份)（赠品）\量化选股 40份\事件驱动策略系列\
	                  11	D:\Stock\trading_analysis\10_来源库_SOURCE_LIBRARY\01_Kimi拆书待入库\GROUP_08_A股量化_数据研究__SOURCE_RAW\新的参考书\《Python股票量化交易从入门到实践》完整版\2.其他量化资料(62份)（赠品）\量化选股 40份\多因子选股模型\
	                   2	D:\Stock\trading_analysis\10_来源库_SOURCE_LIBRARY\01_Kimi拆书待入库\GROUP_08_A股量化_数据研究__SOURCE_RAW\新的参考书\《Python股票量化交易从入门到实践》完整版\2.其他量化资料(62份)（赠品）\量化选股 40份\成长股选股模型\
	                   3	D:\Stock\trading_analysis\10_来源库_SOURCE_LIBRARY\01_Kimi拆书待入库\GROUP_08_A股量化_数据研究__SOURCE_RAW\新的参考书\《Python股票量化交易从入门到实践》完整版\2.其他量化资料(62份)（赠品）\量化选股 40份\财务指标选股研究系列\
	                  11	D:\Stock\trading_analysis\10_来源库_SOURCE_LIBRARY\01_Kimi拆书待入库\GROUP_08_A股量化_数据研究__SOURCE_RAW\新的参考书\《Python股票量化交易从入门到实践》完整版\2.其他量化资料(62份)（赠品）\量化选股 40份\选股因子研究系列\
	                   1	D:\Stock\trading_analysis\10_来源库_SOURCE_LIBRARY\01_Kimi拆书待入库\GROUP_08_A股量化_数据研究__SOURCE_RAW\新的参考书\《Python股票量化交易从入门到实践》完整版\导入“图书”app教程\
	                   3	D:\Stock\trading_analysis\10_来源库_SOURCE_LIBRARY\01_Kimi拆书待入库\GROUP_08_A股量化_数据研究__SOURCE_RAW\新的参考书\《Python股票量化交易从入门到实践》完整版\支持美股黄金“世界杯”全能交易平台\
	                   6	D:\Stock\trading_analysis\10_来源库_SOURCE_LIBRARY\01_Kimi拆书待入库\GROUP_08_A股量化_数据研究__SOURCE_RAW\新的参考书\《Python股票量化交易从入门到实践》完整版\美股外汇黄金石油期货“世界杯”平台\
	                   4	D:\Stock\trading_analysis\10_来源库_SOURCE_LIBRARY\01_Kimi拆书待入库\GROUP_08_A股量化_数据研究__SOURCE_RAW\新的参考书\《Python股票量化交易从入门到实践》完整版\美股外汇黄金石油期货“世界杯”平台\Gate支持量化api-预测市场polymarket-美股金属外汇大宗商品\
	                   5	D:\Stock\trading_analysis\10_来源库_SOURCE_LIBRARY\01_Kimi拆书待入库\GROUP_08_A股量化_数据研究__SOURCE_RAW\新的参考书\《Python股票量化交易从入门到实践》完整版\赵长鹏创建的平台：币安（可买世界杯）\
	                   6	D:\Stock\trading_analysis\10_来源库_SOURCE_LIBRARY\01_Kimi拆书待入库\GROUP_09_完善体系书库_切割产物\
	    较新的    		    1309	manifest_v2.tsv
	                   9	D:\Stock\trading_analysis\10_来源库_SOURCE_LIBRARY\01_Kimi拆书待入库\GROUP_09_完善体系书库_切割产物\01_A1_cutpack_v2\
	                  10	D:\Stock\trading_analysis\10_来源库_SOURCE_LIBRARY\01_Kimi拆书待入库\GROUP_09_完善体系书库_切割产物\01_A1_cutpack_v2_final\
	    较新的    		    2102	manifest_v2.tsv
	                   6	D:\Stock\trading_analysis\10_来源库_SOURCE_LIBRARY\01_Kimi拆书待入库\GROUP_09_完善体系书库_切割产物\02_A3C1_cutpack_v2\
	                  11	D:\Stock\trading_analysis\10_来源库_SOURCE_LIBRARY\01_Kimi拆书待入库\GROUP_09_完善体系书库_切割产物\02_A3C1_cutpack_v2_final\
	    较新的    		    2914	manifest_v2.tsv
	                   8	D:\Stock\trading_analysis\10_来源库_SOURCE_LIBRARY\01_Kimi拆书待入库\GROUP_09_完善体系书库_切割产物\03_A3_extra_cutpack_v2_final\
	    较新的    		    1785	manifest_v2.tsv
	                   6	D:\Stock\trading_analysis\10_来源库_SOURCE_LIBRARY\01_Kimi拆书待入库\GROUP_09_完善体系书库_切割产物\04_A4_cutpack_v2_final\
	    较新的    		    1309	manifest_v2.tsv
	                   1	D:\Stock\trading_analysis\10_来源库_SOURCE_LIBRARY\01_Kimi拆书待入库\GROUP_10_A5_财报_估值_组合管理\
	                   2	D:\Stock\trading_analysis\10_来源库_SOURCE_LIBRARY\01_Kimi拆书待入库\GROUP_10_A5_财报_估值_组合管理\01_A5_cutpack_v1_final\
	    较新的    		    1408	manifest_v2.tsv
	                  55	D:\Stock\trading_analysis\10_来源库_SOURCE_LIBRARY\01_Kimi拆书待入库\GROUP_10_A5_财报_估值_组合管理\01_A5_cutpack_v1_final\5073_Quantitative_Equity_Portfolio_Management\
	                  25	D:\Stock\trading_analysis\10_来源库_SOURCE_LIBRARY\01_Kimi拆书待入库\GROUP_10_A5_财报_估值_组合管理\01_A5_cutpack_v1_final\Active_Portfolio_Management\
	                   7	D:\Stock\trading_analysis\10_来源库_SOURCE_LIBRARY\01_Kimi拆书待入库\GROUP_10_A5_财报_估值_组合管理\01_A5_cutpack_v1_final\上市公司财报分析与股票估值\
	                  23	D:\Stock\trading_analysis\10_来源库_SOURCE_LIBRARY\01_Kimi拆书待入库\GROUP_10_A5_财报_估值_组合管理\01_A5_cutpack_v1_final\财务报表分析与股票估值_郭永清\
	                   0	D:\Stock\trading_analysis\10_来源库_SOURCE_LIBRARY\01_Kimi拆书待入库\S_BUCKET__staging\
	                   0	D:\Stock\trading_analysis\10_来源库_SOURCE_LIBRARY\01_Kimi拆书待入库\S_BUCKET__staging\01_集合竞价教程\
	                   1	D:\Stock\trading_analysis\10_来源库_SOURCE_LIBRARY\01_Kimi拆书待入库\S_BUCKET__staging\01_集合竞价教程\01.股票《集合竞价基础规则》共3集\
	                   4	D:\Stock\trading_analysis\10_来源库_SOURCE_LIBRARY\01_Kimi拆书待入库\S_BUCKET__staging\01_集合竞价教程\02.老姜《盘口集合竞价战法》共5集\
	                   3	D:\Stock\trading_analysis\10_来源库_SOURCE_LIBRARY\01_Kimi拆书待入库\S_BUCKET__staging\01_集合竞价教程\03.老班长《集合竞价培训课》共3集\
	                   3	D:\Stock\trading_analysis\10_来源库_SOURCE_LIBRARY\01_Kimi拆书待入库\S_BUCKET__staging\01_集合竞价教程\04.朱玄《集合竞价培训课》共2集\
	                   5	D:\Stock\trading_analysis\10_来源库_SOURCE_LIBRARY\01_Kimi拆书待入库\S_BUCKET__staging\01_集合竞价教程\05.枫叶《集合竞价培训课程》共4集\
	                   3	D:\Stock\trading_analysis\10_来源库_SOURCE_LIBRARY\01_Kimi拆书待入库\S_BUCKET__staging\01_集合竞价教程\06.张馨元《集合竞价实战培训》共3集\
	                   4	D:\Stock\trading_analysis\10_来源库_SOURCE_LIBRARY\01_Kimi拆书待入库\S_BUCKET__staging\01_集合竞价教程\07.周上人《集合竞价抓涨停技术》共4集\
	                   3	D:\Stock\trading_analysis\10_来源库_SOURCE_LIBRARY\01_Kimi拆书待入库\S_BUCKET__staging\01_集合竞价教程\08.范博《主力行为集合竞价》共3集\
	                   6	D:\Stock\trading_analysis\10_来源库_SOURCE_LIBRARY\01_Kimi拆书待入库\S_BUCKET__staging\01_集合竞价教程\09.戴强《屠龙战法破解集合竞价》共6集\
	                   6	D:\Stock\trading_analysis\10_来源库_SOURCE_LIBRARY\01_Kimi拆书待入库\S_BUCKET__staging\01_集合竞价教程\10.首板《涨停板集合竞价》共3集\
	                  11	D:\Stock\trading_analysis\10_来源库_SOURCE_LIBRARY\01_Kimi拆书待入库\S_BUCKET__staging\01_集合竞价教程\11.百家争鸣《集合竞价视频》共10集\
	                   0	D:\Stock\trading_analysis\10_来源库_SOURCE_LIBRARY\01_Kimi拆书待入库\S_BUCKET__staging\03_券商研报\
	                   0	D:\Stock\trading_analysis\10_来源库_SOURCE_LIBRARY\01_Kimi拆书待入库\S_BUCKET__staging\03_券商研报\representatives_v1\
	                   0	D:\Stock\trading_analysis\10_来源库_SOURCE_LIBRARY\01_Kimi拆书待入库\S_BUCKET__staging\03_券商研报\representatives_v1\03_券商研报\
	                   2	D:\Stock\trading_analysis\10_来源库_SOURCE_LIBRARY\01_Kimi拆书待入库\S_BUCKET__staging\03_券商研报\representatives_v1\03_券商研报\01_高频微观\
	                   2	D:\Stock\trading_analysis\10_来源库_SOURCE_LIBRARY\01_Kimi拆书待入库\S_BUCKET__staging\03_券商研报\representatives_v1\03_券商研报\02_指数增强\
	                   2	D:\Stock\trading_analysis\10_来源库_SOURCE_LIBRARY\01_Kimi拆书待入库\S_BUCKET__staging\03_券商研报\representatives_v1\03_券商研报\03_机器学习\
	                   2	D:\Stock\trading_analysis\10_来源库_SOURCE_LIBRARY\01_Kimi拆书待入库\S_BUCKET__staging\03_券商研报\representatives_v1\03_券商研报\04_多因子\
	                   0	D:\Stock\trading_analysis\10_来源库_SOURCE_LIBRARY\01_Kimi拆书待入库\S_BUCKET__staging\03_券商研报\representatives_v10\
	                   0	D:\Stock\trading_analysis\10_来源库_SOURCE_LIBRARY\01_Kimi拆书待入库\S_BUCKET__staging\03_券商研报\representatives_v10\03_券商研报\
	                   2	D:\Stock\trading_analysis\10_来源库_SOURCE_LIBRARY\01_Kimi拆书待入库\S_BUCKET__staging\03_券商研报\representatives_v10\03_券商研报\01_高频微观\
	                   3	D:\Stock\trading_analysis\10_来源库_SOURCE_LIBRARY\01_Kimi拆书待入库\S_BUCKET__staging\03_券商研报\representatives_v10\03_券商研报\03_机器学习\
	                   3	D:\Stock\trading_analysis\10_来源库_SOURCE_LIBRARY\01_Kimi拆书待入库\S_BUCKET__staging\03_券商研报\representatives_v10\03_券商研报\04_多因子\
	                   0	D:\Stock\trading_analysis\10_来源库_SOURCE_LIBRARY\01_Kimi拆书待入库\S_BUCKET__staging\03_券商研报\representatives_v11\
	                   0	D:\Stock\trading_analysis\10_来源库_SOURCE_LIBRARY\01_Kimi拆书待入库\S_BUCKET__staging\03_券商研报\representatives_v11\03_券商研报\
	                   2	D:\Stock\trading_analysis\10_来源库_SOURCE_LIBRARY\01_Kimi拆书待入库\S_BUCKET__staging\03_券商研报\representatives_v11\03_券商研报\01_高频微观\
	                   3	D:\Stock\trading_analysis\10_来源库_SOURCE_LIBRARY\01_Kimi拆书待入库\S_BUCKET__staging\03_券商研报\representatives_v11\03_券商研报\03_机器学习\
	                   3	D:\Stock\trading_analysis\10_来源库_SOURCE_LIBRARY\01_Kimi拆书待入库\S_BUCKET__staging\03_券商研报\representatives_v11\03_券商研报\04_多因子\
	                   0	D:\Stock\trading_analysis\10_来源库_SOURCE_LIBRARY\01_Kimi拆书待入库\S_BUCKET__staging\03_券商研报\representatives_v12\
	                   0	D:\Stock\trading_analysis\10_来源库_SOURCE_LIBRARY\01_Kimi拆书待入库\S_BUCKET__staging\03_券商研报\representatives_v12\03_券商研报\
	                   2	D:\Stock\trading_analysis\10_来源库_SOURCE_LIBRARY\01_Kimi拆书待入库\S_BUCKET__staging\03_券商研报\representatives_v12\03_券商研报\01_高频微观\
	                   3	D:\Stock\trading_analysis\10_来源库_SOURCE_LIBRARY\01_Kimi拆书待入库\S_BUCKET__staging\03_券商研报\representatives_v12\03_券商研报\03_机器学习\
	                   3	D:\Stock\trading_analysis\10_来源库_SOURCE_LIBRARY\01_Kimi拆书待入库\S_BUCKET__staging\03_券商研报\representatives_v12\03_券商研报\04_多因子\
	                   0	D:\Stock\trading_analysis\10_来源库_SOURCE_LIBRARY\01_Kimi拆书待入库\S_BUCKET__staging\03_券商研报\representatives_v13\
	                   0	D:\Stock\trading_analysis\10_来源库_SOURCE_LIBRARY\01_Kimi拆书待入库\S_BUCKET__staging\03_券商研报\representatives_v13\03_券商研报\
	                   2	D:\Stock\trading_analysis\10_来源库_SOURCE_LIBRARY\01_Kimi拆书待入库\S_BUCKET__staging\03_券商研报\representatives_v13\03_券商研报\01_高频微观\
	                   3	D:\Stock\trading_analysis\10_来源库_SOURCE_LIBRARY\01_Kimi拆书待入库\S_BUCKET__staging\03_券商研报\representatives_v13\03_券商研报\03_机器学习\
	                   3	D:\Stock\trading_analysis\10_来源库_SOURCE_LIBRARY\01_Kimi拆书待入库\S_BUCKET__staging\03_券商研报\representatives_v13\03_券商研报\04_多因子\
	                   0	D:\Stock\trading_analysis\10_来源库_SOURCE_LIBRARY\01_Kimi拆书待入库\S_BUCKET__staging\03_券商研报\representatives_v14\
	                   0	D:\Stock\trading_analysis\10_来源库_SOURCE_LIBRARY\01_Kimi拆书待入库\S_BUCKET__staging\03_券商研报\representatives_v14\03_券商研报\
	                   2	D:\Stock\trading_analysis\10_来源库_SOURCE_LIBRARY\01_Kimi拆书待入库\S_BUCKET__staging\03_券商研报\representatives_v14\03_券商研报\01_高频微观\
	                   3	D:\Stock\trading_analysis\10_来源库_SOURCE_LIBRARY\01_Kimi拆书待入库\S_BUCKET__staging\03_券商研报\representatives_v14\03_券商研报\03_机器学习\
	                   3	D:\Stock\trading_analysis\10_来源库_SOURCE_LIBRARY\01_Kimi拆书待入库\S_BUCKET__staging\03_券商研报\representatives_v14\03_券商研报\04_多因子\
	                   0	D:\Stock\trading_analysis\10_来源库_SOURCE_LIBRARY\01_Kimi拆书待入库\S_BUCKET__staging\03_券商研报\representatives_v15\
	                   0	D:\Stock\trading_analysis\10_来源库_SOURCE_LIBRARY\01_Kimi拆书待入库\S_BUCKET__staging\03_券商研报\representatives_v15\03_券商研报\
	                   2	D:\Stock\trading_analysis\10_来源库_SOURCE_LIBRARY\01_Kimi拆书待入库\S_BUCKET__staging\03_券商研报\representatives_v15\03_券商研报\01_高频微观\
	                   3	D:\Stock\trading_analysis\10_来源库_SOURCE_LIBRARY\01_Kimi拆书待入库\S_BUCKET__staging\03_券商研报\representatives_v15\03_券商研报\03_机器学习\
	                   3	D:\Stock\trading_analysis\10_来源库_SOURCE_LIBRARY\01_Kimi拆书待入库\S_BUCKET__staging\03_券商研报\representatives_v15\03_券商研报\04_多因子\
	                   0	D:\Stock\trading_analysis\10_来源库_SOURCE_LIBRARY\01_Kimi拆书待入库\S_BUCKET__staging\03_券商研报\representatives_v16\
	                   0	D:\Stock\trading_analysis\10_来源库_SOURCE_LIBRARY\01_Kimi拆书待入库\S_BUCKET__staging\03_券商研报\representatives_v16\03_券商研报\
	                   2	D:\Stock\trading_analysis\10_来源库_SOURCE_LIBRARY\01_Kimi拆书待入库\S_BUCKET__staging\03_券商研报\representatives_v16\03_券商研报\01_高频微观\
	                   3	D:\Stock\trading_analysis\10_来源库_SOURCE_LIBRARY\01_Kimi拆书待入库\S_BUCKET__staging\03_券商研报\representatives_v16\03_券商研报\03_机器学习\
	                   3	D:\Stock\trading_analysis\10_来源库_SOURCE_LIBRARY\01_Kimi拆书待入库\S_BUCKET__staging\03_券商研报\representatives_v16\03_券商研报\04_多因子\
	                   0	D:\Stock\trading_analysis\10_来源库_SOURCE_LIBRARY\01_Kimi拆书待入库\S_BUCKET__staging\03_券商研报\representatives_v17\
	                   0	D:\Stock\trading_analysis\10_来源库_SOURCE_LIBRARY\01_Kimi拆书待入库\S_BUCKET__staging\03_券商研报\representatives_v17\03_券商研报\
	                   2	D:\Stock\trading_analysis\10_来源库_SOURCE_LIBRARY\01_Kimi拆书待入库\S_BUCKET__staging\03_券商研报\representatives_v17\03_券商研报\01_高频微观\
	                   3	D:\Stock\trading_analysis\10_来源库_SOURCE_LIBRARY\01_Kimi拆书待入库\S_BUCKET__staging\03_券商研报\representatives_v17\03_券商研报\03_机器学习\
	                   3	D:\Stock\trading_analysis\10_来源库_SOURCE_LIBRARY\01_Kimi拆书待入库\S_BUCKET__staging\03_券商研报\representatives_v17\03_券商研报\04_多因子\
	                   0	D:\Stock\trading_analysis\10_来源库_SOURCE_LIBRARY\01_Kimi拆书待入库\S_BUCKET__staging\03_券商研报\representatives_v18\
	                   0	D:\Stock\trading_analysis\10_来源库_SOURCE_LIBRARY\01_Kimi拆书待入库\S_BUCKET__staging\03_券商研报\representatives_v18\03_券商研报\
	                   2	D:\Stock\trading_analysis\10_来源库_SOURCE_LIBRARY\01_Kimi拆书待入库\S_BUCKET__staging\03_券商研报\representatives_v18\03_券商研报\01_高频微观\
	                   3	D:\Stock\trading_analysis\10_来源库_SOURCE_LIBRARY\01_Kimi拆书待入库\S_BUCKET__staging\03_券商研报\representatives_v18\03_券商研报\03_机器学习\
	                   3	D:\Stock\trading_analysis\10_来源库_SOURCE_LIBRARY\01_Kimi拆书待入库\S_BUCKET__staging\03_券商研报\representatives_v18\03_券商研报\04_多因子\
	                   0	D:\Stock\trading_analysis\10_来源库_SOURCE_LIBRARY\01_Kimi拆书待入库\S_BUCKET__staging\03_券商研报\representatives_v19\
	                   0	D:\Stock\trading_analysis\10_来源库_SOURCE_LIBRARY\01_Kimi拆书待入库\S_BUCKET__staging\03_券商研报\representatives_v19\03_券商研报\
	                   2	D:\Stock\trading_analysis\10_来源库_SOURCE_LIBRARY\01_Kimi拆书待入库\S_BUCKET__staging\03_券商研报\representatives_v19\03_券商研报\01_高频微观\
	                   3	D:\Stock\trading_analysis\10_来源库_SOURCE_LIBRARY\01_Kimi拆书待入库\S_BUCKET__staging\03_券商研报\representatives_v19\03_券商研报\03_机器学习\
	                   3	D:\Stock\trading_analysis\10_来源库_SOURCE_LIBRARY\01_Kimi拆书待入库\S_BUCKET__staging\03_券商研报\representatives_v19\03_券商研报\04_多因子\
	                   0	D:\Stock\trading_analysis\10_来源库_SOURCE_LIBRARY\01_Kimi拆书待入库\S_BUCKET__staging\03_券商研报\representatives_v2\
	                   0	D:\Stock\trading_analysis\10_来源库_SOURCE_LIBRARY\01_Kimi拆书待入库\S_BUCKET__staging\03_券商研报\representatives_v2\03_券商研报\
	                   2	D:\Stock\trading_analysis\10_来源库_SOURCE_LIBRARY\01_Kimi拆书待入库\S_BUCKET__staging\03_券商研报\representatives_v2\03_券商研报\01_高频微观\
	                   2	D:\Stock\trading_analysis\10_来源库_SOURCE_LIBRARY\01_Kimi拆书待入库\S_BUCKET__staging\03_券商研报\representatives_v2\03_券商研报\02_指数增强\
	                   2	D:\Stock\trading_analysis\10_来源库_SOURCE_LIBRARY\01_Kimi拆书待入库\S_BUCKET__staging\03_券商研报\representatives_v2\03_券商研报\03_机器学习\
	                   2	D:\Stock\trading_analysis\10_来源库_SOURCE_LIBRARY\01_Kimi拆书待入库\S_BUCKET__staging\03_券商研报\representatives_v2\03_券商研报\04_多因子\
	                   0	D:\Stock\trading_analysis\10_来源库_SOURCE_LIBRARY\01_Kimi拆书待入库\S_BUCKET__staging\03_券商研报\representatives_v20\
	                   0	D:\Stock\trading_analysis\10_来源库_SOURCE_LIBRARY\01_Kimi拆书待入库\S_BUCKET__staging\03_券商研报\representatives_v20\03_券商研报\
	                   2	D:\Stock\trading_analysis\10_来源库_SOURCE_LIBRARY\01_Kimi拆书待入库\S_BUCKET__staging\03_券商研报\representatives_v20\03_券商研报\01_高频微观\
	                   3	D:\Stock\trading_analysis\10_来源库_SOURCE_LIBRARY\01_Kimi拆书待入库\S_BUCKET__staging\03_券商研报\representatives_v20\03_券商研报\03_机器学习\
	                   3	D:\Stock\trading_analysis\10_来源库_SOURCE_LIBRARY\01_Kimi拆书待入库\S_BUCKET__staging\03_券商研报\representatives_v20\03_券商研报\04_多因子\
	                   0	D:\Stock\trading_analysis\10_来源库_SOURCE_LIBRARY\01_Kimi拆书待入库\S_BUCKET__staging\03_券商研报\representatives_v21\
	                   0	D:\Stock\trading_analysis\10_来源库_SOURCE_LIBRARY\01_Kimi拆书待入库\S_BUCKET__staging\03_券商研报\representatives_v21\03_券商研报\
	                   2	D:\Stock\trading_analysis\10_来源库_SOURCE_LIBRARY\01_Kimi拆书待入库\S_BUCKET__staging\03_券商研报\representatives_v21\03_券商研报\01_高频微观\
	                   3	D:\Stock\trading_analysis\10_来源库_SOURCE_LIBRARY\01_Kimi拆书待入库\S_BUCKET__staging\03_券商研报\representatives_v21\03_券商研报\03_机器学习\
	                   3	D:\Stock\trading_analysis\10_来源库_SOURCE_LIBRARY\01_Kimi拆书待入库\S_BUCKET__staging\03_券商研报\representatives_v21\03_券商研报\04_多因子\
	                   0	D:\Stock\trading_analysis\10_来源库_SOURCE_LIBRARY\01_Kimi拆书待入库\S_BUCKET__staging\03_券商研报\representatives_v22\
	                   0	D:\Stock\trading_analysis\10_来源库_SOURCE_LIBRARY\01_Kimi拆书待入库\S_BUCKET__staging\03_券商研报\representatives_v22\03_券商研报\
	                   2	D:\Stock\trading_analysis\10_来源库_SOURCE_LIBRARY\01_Kimi拆书待入库\S_BUCKET__staging\03_券商研报\representatives_v22\03_券商研报\01_高频微观\
	                   3	D:\Stock\trading_analysis\10_来源库_SOURCE_LIBRARY\01_Kimi拆书待入库\S_BUCKET__staging\03_券商研报\representatives_v22\03_券商研报\03_机器学习\
	                   3	D:\Stock\trading_analysis\10_来源库_SOURCE_LIBRARY\01_Kimi拆书待入库\S_BUCKET__staging\03_券商研报\representatives_v22\03_券商研报\04_多因子\
	                   0	D:\Stock\trading_analysis\10_来源库_SOURCE_LIBRARY\01_Kimi拆书待入库\S_BUCKET__staging\03_券商研报\representatives_v23\
	                   0	D:\Stock\trading_analysis\10_来源库_SOURCE_LIBRARY\01_Kimi拆书待入库\S_BUCKET__staging\03_券商研报\representatives_v23\03_券商研报\
	                   2	D:\Stock\trading_analysis\10_来源库_SOURCE_LIBRARY\01_Kimi拆书待入库\S_BUCKET__staging\03_券商研报\representatives_v23\03_券商研报\01_高频微观\
	                   3	D:\Stock\trading_analysis\10_来源库_SOURCE_LIBRARY\01_Kimi拆书待入库\S_BUCKET__staging\03_券商研报\representatives_v23\03_券商研报\03_机器学习\
	                   3	D:\Stock\trading_analysis\10_来源库_SOURCE_LIBRARY\01_Kimi拆书待入库\S_BUCKET__staging\03_券商研报\representatives_v23\03_券商研报\04_多因子\
	                   0	D:\Stock\trading_analysis\10_来源库_SOURCE_LIBRARY\01_Kimi拆书待入库\S_BUCKET__staging\03_券商研报\representatives_v24\
	                   0	D:\Stock\trading_analysis\10_来源库_SOURCE_LIBRARY\01_Kimi拆书待入库\S_BUCKET__staging\03_券商研报\representatives_v24\03_券商研报\
	                   2	D:\Stock\trading_analysis\10_来源库_SOURCE_LIBRARY\01_Kimi拆书待入库\S_BUCKET__staging\03_券商研报\representatives_v24\03_券商研报\01_高频微观\
	                   3	D:\Stock\trading_analysis\10_来源库_SOURCE_LIBRARY\01_Kimi拆书待入库\S_BUCKET__staging\03_券商研报\representatives_v24\03_券商研报\03_机器学习\
	                   3	D:\Stock\trading_analysis\10_来源库_SOURCE_LIBRARY\01_Kimi拆书待入库\S_BUCKET__staging\03_券商研报\representatives_v24\03_券商研报\04_多因子\
	                   0	D:\Stock\trading_analysis\10_来源库_SOURCE_LIBRARY\01_Kimi拆书待入库\S_BUCKET__staging\03_券商研报\representatives_v25\
	                   0	D:\Stock\trading_analysis\10_来源库_SOURCE_LIBRARY\01_Kimi拆书待入库\S_BUCKET__staging\03_券商研报\representatives_v25\03_券商研报\
	                   2	D:\Stock\trading_analysis\10_来源库_SOURCE_LIBRARY\01_Kimi拆书待入库\S_BUCKET__staging\03_券商研报\representatives_v25\03_券商研报\01_高频微观\
	                   3	D:\Stock\trading_analysis\10_来源库_SOURCE_LIBRARY\01_Kimi拆书待入库\S_BUCKET__staging\03_券商研报\representatives_v25\03_券商研报\03_机器学习\
	                   3	D:\Stock\trading_analysis\10_来源库_SOURCE_LIBRARY\01_Kimi拆书待入库\S_BUCKET__staging\03_券商研报\representatives_v25\03_券商研报\04_多因子\
	                   0	D:\Stock\trading_analysis\10_来源库_SOURCE_LIBRARY\01_Kimi拆书待入库\S_BUCKET__staging\03_券商研报\representatives_v26\
	                   0	D:\Stock\trading_analysis\10_来源库_SOURCE_LIBRARY\01_Kimi拆书待入库\S_BUCKET__staging\03_券商研报\representatives_v26\03_券商研报\
	                   2	D:\Stock\trading_analysis\10_来源库_SOURCE_LIBRARY\01_Kimi拆书待入库\S_BUCKET__staging\03_券商研报\representatives_v26\03_券商研报\01_高频微观\
	                   3	D:\Stock\trading_analysis\10_来源库_SOURCE_LIBRARY\01_Kimi拆书待入库\S_BUCKET__staging\03_券商研报\representatives_v26\03_券商研报\03_机器学习\
	                   3	D:\Stock\trading_analysis\10_来源库_SOURCE_LIBRARY\01_Kimi拆书待入库\S_BUCKET__staging\03_券商研报\representatives_v26\03_券商研报\04_多因子\
	                   0	D:\Stock\trading_analysis\10_来源库_SOURCE_LIBRARY\01_Kimi拆书待入库\S_BUCKET__staging\03_券商研报\representatives_v27\
	                   0	D:\Stock\trading_analysis\10_来源库_SOURCE_LIBRARY\01_Kimi拆书待入库\S_BUCKET__staging\03_券商研报\representatives_v27\03_券商研报\
	                   2	D:\Stock\trading_analysis\10_来源库_SOURCE_LIBRARY\01_Kimi拆书待入库\S_BUCKET__staging\03_券商研报\representatives_v27\03_券商研报\01_高频微观\
	                   3	D:\Stock\trading_analysis\10_来源库_SOURCE_LIBRARY\01_Kimi拆书待入库\S_BUCKET__staging\03_券商研报\representatives_v27\03_券商研报\03_机器学习\
	                   3	D:\Stock\trading_analysis\10_来源库_SOURCE_LIBRARY\01_Kimi拆书待入库\S_BUCKET__staging\03_券商研报\representatives_v27\03_券商研报\04_多因子\
	                   0	D:\Stock\trading_analysis\10_来源库_SOURCE_LIBRARY\01_Kimi拆书待入库\S_BUCKET__staging\03_券商研报\representatives_v28\
	                   0	D:\Stock\trading_analysis\10_来源库_SOURCE_LIBRARY\01_Kimi拆书待入库\S_BUCKET__staging\03_券商研报\representatives_v28\03_券商研报\
	                   2	D:\Stock\trading_analysis\10_来源库_SOURCE_LIBRARY\01_Kimi拆书待入库\S_BUCKET__staging\03_券商研报\representatives_v28\03_券商研报\01_高频微观\
	                   3	D:\Stock\trading_analysis\10_来源库_SOURCE_LIBRARY\01_Kimi拆书待入库\S_BUCKET__staging\03_券商研报\representatives_v28\03_券商研报\03_机器学习\
	                   3	D:\Stock\trading_analysis\10_来源库_SOURCE_LIBRARY\01_Kimi拆书待入库\S_BUCKET__staging\03_券商研报\representatives_v28\03_券商研报\04_多因子\
	                   0	D:\Stock\trading_analysis\10_来源库_SOURCE_LIBRARY\01_Kimi拆书待入库\S_BUCKET__staging\03_券商研报\representatives_v29\
	                   0	D:\Stock\trading_analysis\10_来源库_SOURCE_LIBRARY\01_Kimi拆书待入库\S_BUCKET__staging\03_券商研报\representatives_v29\03_券商研报\
	                   2	D:\Stock\trading_analysis\10_来源库_SOURCE_LIBRARY\01_Kimi拆书待入库\S_BUCKET__staging\03_券商研报\representatives_v29\03_券商研报\01_高频微观\
	                   3	D:\Stock\trading_analysis\10_来源库_SOURCE_LIBRARY\01_Kimi拆书待入库\S_BUCKET__staging\03_券商研报\representatives_v29\03_券商研报\03_机器学习\
	                   3	D:\Stock\trading_analysis\10_来源库_SOURCE_LIBRARY\01_Kimi拆书待入库\S_BUCKET__staging\03_券商研报\representatives_v29\03_券商研报\04_多因子\
	                   0	D:\Stock\trading_analysis\10_来源库_SOURCE_LIBRARY\01_Kimi拆书待入库\S_BUCKET__staging\03_券商研报\representatives_v3\
	                   0	D:\Stock\trading_analysis\10_来源库_SOURCE_LIBRARY\01_Kimi拆书待入库\S_BUCKET__staging\03_券商研报\representatives_v3\03_券商研报\
	                   2	D:\Stock\trading_analysis\10_来源库_SOURCE_LIBRARY\01_Kimi拆书待入库\S_BUCKET__staging\03_券商研报\representatives_v3\03_券商研报\01_高频微观\
	                   2	D:\Stock\trading_analysis\10_来源库_SOURCE_LIBRARY\01_Kimi拆书待入库\S_BUCKET__staging\03_券商研报\representatives_v3\03_券商研报\02_指数增强\
	                   2	D:\Stock\trading_analysis\10_来源库_SOURCE_LIBRARY\01_Kimi拆书待入库\S_BUCKET__staging\03_券商研报\representatives_v3\03_券商研报\03_机器学习\
	                   2	D:\Stock\trading_analysis\10_来源库_SOURCE_LIBRARY\01_Kimi拆书待入库\S_BUCKET__staging\03_券商研报\representatives_v3\03_券商研报\04_多因子\
	                   0	D:\Stock\trading_analysis\10_来源库_SOURCE_LIBRARY\01_Kimi拆书待入库\S_BUCKET__staging\03_券商研报\representatives_v30\
	                   0	D:\Stock\trading_analysis\10_来源库_SOURCE_LIBRARY\01_Kimi拆书待入库\S_BUCKET__staging\03_券商研报\representatives_v30\03_券商研报\
	                   2	D:\Stock\trading_analysis\10_来源库_SOURCE_LIBRARY\01_Kimi拆书待入库\S_BUCKET__staging\03_券商研报\representatives_v30\03_券商研报\01_高频微观\
	                   3	D:\Stock\trading_analysis\10_来源库_SOURCE_LIBRARY\01_Kimi拆书待入库\S_BUCKET__staging\03_券商研报\representatives_v30\03_券商研报\03_机器学习\
	                   3	D:\Stock\trading_analysis\10_来源库_SOURCE_LIBRARY\01_Kimi拆书待入库\S_BUCKET__staging\03_券商研报\representatives_v30\03_券商研报\04_多因子\
	                   0	D:\Stock\trading_analysis\10_来源库_SOURCE_LIBRARY\01_Kimi拆书待入库\S_BUCKET__staging\03_券商研报\representatives_v31\
	                   0	D:\Stock\trading_analysis\10_来源库_SOURCE_LIBRARY\01_Kimi拆书待入库\S_BUCKET__staging\03_券商研报\representatives_v31\03_券商研报\
	                   2	D:\Stock\trading_analysis\10_来源库_SOURCE_LIBRARY\01_Kimi拆书待入库\S_BUCKET__staging\03_券商研报\representatives_v31\03_券商研报\01_高频微观\
	                   3	D:\Stock\trading_analysis\10_来源库_SOURCE_LIBRARY\01_Kimi拆书待入库\S_BUCKET__staging\03_券商研报\representatives_v31\03_券商研报\03_机器学习\
	                   3	D:\Stock\trading_analysis\10_来源库_SOURCE_LIBRARY\01_Kimi拆书待入库\S_BUCKET__staging\03_券商研报\representatives_v31\03_券商研报\04_多因子\
	                   0	D:\Stock\trading_analysis\10_来源库_SOURCE_LIBRARY\01_Kimi拆书待入库\S_BUCKET__staging\03_券商研报\representatives_v32\
	                   0	D:\Stock\trading_analysis\10_来源库_SOURCE_LIBRARY\01_Kimi拆书待入库\S_BUCKET__staging\03_券商研报\representatives_v32\03_券商研报\
	                   2	D:\Stock\trading_analysis\10_来源库_SOURCE_LIBRARY\01_Kimi拆书待入库\S_BUCKET__staging\03_券商研报\representatives_v32\03_券商研报\01_高频微观\
	                   3	D:\Stock\trading_analysis\10_来源库_SOURCE_LIBRARY\01_Kimi拆书待入库\S_BUCKET__staging\03_券商研报\representatives_v32\03_券商研报\03_机器学习\
	                   3	D:\Stock\trading_analysis\10_来源库_SOURCE_LIBRARY\01_Kimi拆书待入库\S_BUCKET__staging\03_券商研报\representatives_v32\03_券商研报\04_多因子\
	                   0	D:\Stock\trading_analysis\10_来源库_SOURCE_LIBRARY\01_Kimi拆书待入库\S_BUCKET__staging\03_券商研报\representatives_v33\
	                   0	D:\Stock\trading_analysis\10_来源库_SOURCE_LIBRARY\01_Kimi拆书待入库\S_BUCKET__staging\03_券商研报\representatives_v33\03_券商研报\
	                   2	D:\Stock\trading_analysis\10_来源库_SOURCE_LIBRARY\01_Kimi拆书待入库\S_BUCKET__staging\03_券商研报\representatives_v33\03_券商研报\01_高频微观\
	                   3	D:\Stock\trading_analysis\10_来源库_SOURCE_LIBRARY\01_Kimi拆书待入库\S_BUCKET__staging\03_券商研报\representatives_v33\03_券商研报\03_机器学习\
	                   3	D:\Stock\trading_analysis\10_来源库_SOURCE_LIBRARY\01_Kimi拆书待入库\S_BUCKET__staging\03_券商研报\representatives_v33\03_券商研报\04_多因子\
	                   0	D:\Stock\trading_analysis\10_来源库_SOURCE_LIBRARY\01_Kimi拆书待入库\S_BUCKET__staging\03_券商研报\representatives_v34\
	                   0	D:\Stock\trading_analysis\10_来源库_SOURCE_LIBRARY\01_Kimi拆书待入库\S_BUCKET__staging\03_券商研报\representatives_v34\03_券商研报\
	                   2	D:\Stock\trading_analysis\10_来源库_SOURCE_LIBRARY\01_Kimi拆书待入库\S_BUCKET__staging\03_券商研报\representatives_v34\03_券商研报\01_高频微观\
	                   3	D:\Stock\trading_analysis\10_来源库_SOURCE_LIBRARY\01_Kimi拆书待入库\S_BUCKET__staging\03_券商研报\representatives_v34\03_券商研报\03_机器学习\
	                   3	D:\Stock\trading_analysis\10_来源库_SOURCE_LIBRARY\01_Kimi拆书待入库\S_BUCKET__staging\03_券商研报\representatives_v34\03_券商研报\04_多因子\
	                   0	D:\Stock\trading_analysis\10_来源库_SOURCE_LIBRARY\01_Kimi拆书待入库\S_BUCKET__staging\03_券商研报\representatives_v35\
	                   0	D:\Stock\trading_analysis\10_来源库_SOURCE_LIBRARY\01_Kimi拆书待入库\S_BUCKET__staging\03_券商研报\representatives_v35\03_券商研报\
	                   2	D:\Stock\trading_analysis\10_来源库_SOURCE_LIBRARY\01_Kimi拆书待入库\S_BUCKET__staging\03_券商研报\representatives_v35\03_券商研报\01_高频微观\
	                   3	D:\Stock\trading_analysis\10_来源库_SOURCE_LIBRARY\01_Kimi拆书待入库\S_BUCKET__staging\03_券商研报\representatives_v35\03_券商研报\03_机器学习\
	                   3	D:\Stock\trading_analysis\10_来源库_SOURCE_LIBRARY\01_Kimi拆书待入库\S_BUCKET__staging\03_券商研报\representatives_v35\03_券商研报\04_多因子\
	                   0	D:\Stock\trading_analysis\10_来源库_SOURCE_LIBRARY\01_Kimi拆书待入库\S_BUCKET__staging\03_券商研报\representatives_v36\
	                   0	D:\Stock\trading_analysis\10_来源库_SOURCE_LIBRARY\01_Kimi拆书待入库\S_BUCKET__staging\03_券商研报\representatives_v36\03_券商研报\
	                   2	D:\Stock\trading_analysis\10_来源库_SOURCE_LIBRARY\01_Kimi拆书待入库\S_BUCKET__staging\03_券商研报\representatives_v36\03_券商研报\01_高频微观\
	                   3	D:\Stock\trading_analysis\10_来源库_SOURCE_LIBRARY\01_Kimi拆书待入库\S_BUCKET__staging\03_券商研报\representatives_v36\03_券商研报\03_机器学习\
	                   3	D:\Stock\trading_analysis\10_来源库_SOURCE_LIBRARY\01_Kimi拆书待入库\S_BUCKET__staging\03_券商研报\representatives_v36\03_券商研报\04_多因子\
	                   0	D:\Stock\trading_analysis\10_来源库_SOURCE_LIBRARY\01_Kimi拆书待入库\S_BUCKET__staging\03_券商研报\representatives_v37\
	                   0	D:\Stock\trading_analysis\10_来源库_SOURCE_LIBRARY\01_Kimi拆书待入库\S_BUCKET__staging\03_券商研报\representatives_v37\03_券商研报\
	                   2	D:\Stock\trading_analysis\10_来源库_SOURCE_LIBRARY\01_Kimi拆书待入库\S_BUCKET__staging\03_券商研报\representatives_v37\03_券商研报\01_高频微观\
	                   3	D:\Stock\trading_analysis\10_来源库_SOURCE_LIBRARY\01_Kimi拆书待入库\S_BUCKET__staging\03_券商研报\representatives_v37\03_券商研报\03_机器学习\
	                   3	D:\Stock\trading_analysis\10_来源库_SOURCE_LIBRARY\01_Kimi拆书待入库\S_BUCKET__staging\03_券商研报\representatives_v37\03_券商研报\04_多因子\
	                   0	D:\Stock\trading_analysis\10_来源库_SOURCE_LIBRARY\01_Kimi拆书待入库\S_BUCKET__staging\03_券商研报\representatives_v38\
	                   0	D:\Stock\trading_analysis\10_来源库_SOURCE_LIBRARY\01_Kimi拆书待入库\S_BUCKET__staging\03_券商研报\representatives_v38\03_券商研报\
	                   2	D:\Stock\trading_analysis\10_来源库_SOURCE_LIBRARY\01_Kimi拆书待入库\S_BUCKET__staging\03_券商研报\representatives_v38\03_券商研报\01_高频微观\
	                   3	D:\Stock\trading_analysis\10_来源库_SOURCE_LIBRARY\01_Kimi拆书待入库\S_BUCKET__staging\03_券商研报\representatives_v38\03_券商研报\03_机器学习\
	                   3	D:\Stock\trading_analysis\10_来源库_SOURCE_LIBRARY\01_Kimi拆书待入库\S_BUCKET__staging\03_券商研报\representatives_v38\03_券商研报\04_多因子\
	                   0	D:\Stock\trading_analysis\10_来源库_SOURCE_LIBRARY\01_Kimi拆书待入库\S_BUCKET__staging\03_券商研报\representatives_v39\
	                   0	D:\Stock\trading_analysis\10_来源库_SOURCE_LIBRARY\01_Kimi拆书待入库\S_BUCKET__staging\03_券商研报\representatives_v39\03_券商研报\
	                   2	D:\Stock\trading_analysis\10_来源库_SOURCE_LIBRARY\01_Kimi拆书待入库\S_BUCKET__staging\03_券商研报\representatives_v39\03_券商研报\01_高频微观\
	                   3	D:\Stock\trading_analysis\10_来源库_SOURCE_LIBRARY\01_Kimi拆书待入库\S_BUCKET__staging\03_券商研报\representatives_v39\03_券商研报\03_机器学习\
	                   3	D:\Stock\trading_analysis\10_来源库_SOURCE_LIBRARY\01_Kimi拆书待入库\S_BUCKET__staging\03_券商研报\representatives_v39\03_券商研报\04_多因子\
	                   0	D:\Stock\trading_analysis\10_来源库_SOURCE_LIBRARY\01_Kimi拆书待入库\S_BUCKET__staging\03_券商研报\representatives_v4\
	                   0	D:\Stock\trading_analysis\10_来源库_SOURCE_LIBRARY\01_Kimi拆书待入库\S_BUCKET__staging\03_券商研报\representatives_v4\03_券商研报\
	                   2	D:\Stock\trading_analysis\10_来源库_SOURCE_LIBRARY\01_Kimi拆书待入库\S_BUCKET__staging\03_券商研报\representatives_v4\03_券商研报\01_高频微观\
	                   2	D:\Stock\trading_analysis\10_来源库_SOURCE_LIBRARY\01_Kimi拆书待入库\S_BUCKET__staging\03_券商研报\representatives_v4\03_券商研报\02_指数增强\
	                   2	D:\Stock\trading_analysis\10_来源库_SOURCE_LIBRARY\01_Kimi拆书待入库\S_BUCKET__staging\03_券商研报\representatives_v4\03_券商研报\03_机器学习\
	                   2	D:\Stock\trading_analysis\10_来源库_SOURCE_LIBRARY\01_Kimi拆书待入库\S_BUCKET__staging\03_券商研报\representatives_v4\03_券商研报\04_多因子\
	                   0	D:\Stock\trading_analysis\10_来源库_SOURCE_LIBRARY\01_Kimi拆书待入库\S_BUCKET__staging\03_券商研报\representatives_v40\
	                   0	D:\Stock\trading_analysis\10_来源库_SOURCE_LIBRARY\01_Kimi拆书待入库\S_BUCKET__staging\03_券商研报\representatives_v40\03_券商研报\
	                   2	D:\Stock\trading_analysis\10_来源库_SOURCE_LIBRARY\01_Kimi拆书待入库\S_BUCKET__staging\03_券商研报\representatives_v40\03_券商研报\01_高频微观\
	                   3	D:\Stock\trading_analysis\10_来源库_SOURCE_LIBRARY\01_Kimi拆书待入库\S_BUCKET__staging\03_券商研报\representatives_v40\03_券商研报\03_机器学习\
	                   3	D:\Stock\trading_analysis\10_来源库_SOURCE_LIBRARY\01_Kimi拆书待入库\S_BUCKET__staging\03_券商研报\representatives_v40\03_券商研报\04_多因子\
	                   0	D:\Stock\trading_analysis\10_来源库_SOURCE_LIBRARY\01_Kimi拆书待入库\S_BUCKET__staging\03_券商研报\representatives_v41\
	                   0	D:\Stock\trading_analysis\10_来源库_SOURCE_LIBRARY\01_Kimi拆书待入库\S_BUCKET__staging\03_券商研报\representatives_v41\03_券商研报\
	                   2	D:\Stock\trading_analysis\10_来源库_SOURCE_LIBRARY\01_Kimi拆书待入库\S_BUCKET__staging\03_券商研报\representatives_v41\03_券商研报\01_高频微观\
	                   1	D:\Stock\trading_analysis\10_来源库_SOURCE_LIBRARY\01_Kimi拆书待入库\S_BUCKET__staging\03_券商研报\representatives_v41\03_券商研报\03_机器学习\
	                   3	D:\Stock\trading_analysis\10_来源库_SOURCE_LIBRARY\01_Kimi拆书待入库\S_BUCKET__staging\03_券商研报\representatives_v41\03_券商研报\04_多因子\
	                   0	D:\Stock\trading_analysis\10_来源库_SOURCE_LIBRARY\01_Kimi拆书待入库\S_BUCKET__staging\03_券商研报\representatives_v42\
	                   0	D:\Stock\trading_analysis\10_来源库_SOURCE_LIBRARY\01_Kimi拆书待入库\S_BUCKET__staging\03_券商研报\representatives_v42\03_券商研报\
	                   2	D:\Stock\trading_analysis\10_来源库_SOURCE_LIBRARY\01_Kimi拆书待入库\S_BUCKET__staging\03_券商研报\representatives_v42\03_券商研报\01_高频微观\
	                   6	D:\Stock\trading_analysis\10_来源库_SOURCE_LIBRARY\01_Kimi拆书待入库\S_BUCKET__staging\03_券商研报\representatives_v42\03_券商研报\04_多因子\
	                   0	D:\Stock\trading_analysis\10_来源库_SOURCE_LIBRARY\01_Kimi拆书待入库\S_BUCKET__staging\03_券商研报\representatives_v43\
	                   0	D:\Stock\trading_analysis\10_来源库_SOURCE_LIBRARY\01_Kimi拆书待入库\S_BUCKET__staging\03_券商研报\representatives_v43\03_券商研报\
	                   2	D:\Stock\trading_analysis\10_来源库_SOURCE_LIBRARY\01_Kimi拆书待入库\S_BUCKET__staging\03_券商研报\representatives_v43\03_券商研报\01_高频微观\
	                   6	D:\Stock\trading_analysis\10_来源库_SOURCE_LIBRARY\01_Kimi拆书待入库\S_BUCKET__staging\03_券商研报\representatives_v43\03_券商研报\04_多因子\
	                   0	D:\Stock\trading_analysis\10_来源库_SOURCE_LIBRARY\01_Kimi拆书待入库\S_BUCKET__staging\03_券商研报\representatives_v44\
	                   0	D:\Stock\trading_analysis\10_来源库_SOURCE_LIBRARY\01_Kimi拆书待入库\S_BUCKET__staging\03_券商研报\representatives_v44\03_券商研报\
	                   2	D:\Stock\trading_analysis\10_来源库_SOURCE_LIBRARY\01_Kimi拆书待入库\S_BUCKET__staging\03_券商研报\representatives_v44\03_券商研报\01_高频微观\
	                   6	D:\Stock\trading_analysis\10_来源库_SOURCE_LIBRARY\01_Kimi拆书待入库\S_BUCKET__staging\03_券商研报\representatives_v44\03_券商研报\04_多因子\
	                   0	D:\Stock\trading_analysis\10_来源库_SOURCE_LIBRARY\01_Kimi拆书待入库\S_BUCKET__staging\03_券商研报\representatives_v45\
	                   0	D:\Stock\trading_analysis\10_来源库_SOURCE_LIBRARY\01_Kimi拆书待入库\S_BUCKET__staging\03_券商研报\representatives_v45\03_券商研报\
	                   2	D:\Stock\trading_analysis\10_来源库_SOURCE_LIBRARY\01_Kimi拆书待入库\S_BUCKET__staging\03_券商研报\representatives_v45\03_券商研报\01_高频微观\
	                   6	D:\Stock\trading_analysis\10_来源库_SOURCE_LIBRARY\01_Kimi拆书待入库\S_BUCKET__staging\03_券商研报\representatives_v45\03_券商研报\04_多因子\
	                   0	D:\Stock\trading_analysis\10_来源库_SOURCE_LIBRARY\01_Kimi拆书待入库\S_BUCKET__staging\03_券商研报\representatives_v46\
	                   0	D:\Stock\trading_analysis\10_来源库_SOURCE_LIBRARY\01_Kimi拆书待入库\S_BUCKET__staging\03_券商研报\representatives_v46\03_券商研报\
	                   2	D:\Stock\trading_analysis\10_来源库_SOURCE_LIBRARY\01_Kimi拆书待入库\S_BUCKET__staging\03_券商研报\representatives_v46\03_券商研报\01_高频微观\
	                   6	D:\Stock\trading_analysis\10_来源库_SOURCE_LIBRARY\01_Kimi拆书待入库\S_BUCKET__staging\03_券商研报\representatives_v46\03_券商研报\04_多因子\
	                   0	D:\Stock\trading_analysis\10_来源库_SOURCE_LIBRARY\01_Kimi拆书待入库\S_BUCKET__staging\03_券商研报\representatives_v47\
	                   0	D:\Stock\trading_analysis\10_来源库_SOURCE_LIBRARY\01_Kimi拆书待入库\S_BUCKET__staging\03_券商研报\representatives_v47\03_券商研报\
	                   2	D:\Stock\trading_analysis\10_来源库_SOURCE_LIBRARY\01_Kimi拆书待入库\S_BUCKET__staging\03_券商研报\representatives_v47\03_券商研报\01_高频微观\
	                   6	D:\Stock\trading_analysis\10_来源库_SOURCE_LIBRARY\01_Kimi拆书待入库\S_BUCKET__staging\03_券商研报\representatives_v47\03_券商研报\04_多因子\
	                   0	D:\Stock\trading_analysis\10_来源库_SOURCE_LIBRARY\01_Kimi拆书待入库\S_BUCKET__staging\03_券商研报\representatives_v48\
	                   0	D:\Stock\trading_analysis\10_来源库_SOURCE_LIBRARY\01_Kimi拆书待入库\S_BUCKET__staging\03_券商研报\representatives_v48\03_券商研报\
	                   2	D:\Stock\trading_analysis\10_来源库_SOURCE_LIBRARY\01_Kimi拆书待入库\S_BUCKET__staging\03_券商研报\representatives_v48\03_券商研报\01_高频微观\
	                   6	D:\Stock\trading_analysis\10_来源库_SOURCE_LIBRARY\01_Kimi拆书待入库\S_BUCKET__staging\03_券商研报\representatives_v48\03_券商研报\04_多因子\
	                   0	D:\Stock\trading_analysis\10_来源库_SOURCE_LIBRARY\01_Kimi拆书待入库\S_BUCKET__staging\03_券商研报\representatives_v49\
	                   0	D:\Stock\trading_analysis\10_来源库_SOURCE_LIBRARY\01_Kimi拆书待入库\S_BUCKET__staging\03_券商研报\representatives_v49\03_券商研报\
	                   2	D:\Stock\trading_analysis\10_来源库_SOURCE_LIBRARY\01_Kimi拆书待入库\S_BUCKET__staging\03_券商研报\representatives_v49\03_券商研报\01_高频微观\
	                   6	D:\Stock\trading_analysis\10_来源库_SOURCE_LIBRARY\01_Kimi拆书待入库\S_BUCKET__staging\03_券商研报\representatives_v49\03_券商研报\04_多因子\
	                   0	D:\Stock\trading_analysis\10_来源库_SOURCE_LIBRARY\01_Kimi拆书待入库\S_BUCKET__staging\03_券商研报\representatives_v5\
	                   0	D:\Stock\trading_analysis\10_来源库_SOURCE_LIBRARY\01_Kimi拆书待入库\S_BUCKET__staging\03_券商研报\representatives_v5\03_券商研报\
	                   2	D:\Stock\trading_analysis\10_来源库_SOURCE_LIBRARY\01_Kimi拆书待入库\S_BUCKET__staging\03_券商研报\representatives_v5\03_券商研报\01_高频微观\
	                   2	D:\Stock\trading_analysis\10_来源库_SOURCE_LIBRARY\01_Kimi拆书待入库\S_BUCKET__staging\03_券商研报\representatives_v5\03_券商研报\02_指数增强\
	                   2	D:\Stock\trading_analysis\10_来源库_SOURCE_LIBRARY\01_Kimi拆书待入库\S_BUCKET__staging\03_券商研报\representatives_v5\03_券商研报\03_机器学习\
	                   2	D:\Stock\trading_analysis\10_来源库_SOURCE_LIBRARY\01_Kimi拆书待入库\S_BUCKET__staging\03_券商研报\representatives_v5\03_券商研报\04_多因子\
	                   0	D:\Stock\trading_analysis\10_来源库_SOURCE_LIBRARY\01_Kimi拆书待入库\S_BUCKET__staging\03_券商研报\representatives_v50\
	                   0	D:\Stock\trading_analysis\10_来源库_SOURCE_LIBRARY\01_Kimi拆书待入库\S_BUCKET__staging\03_券商研报\representatives_v50\03_券商研报\
	                   8	D:\Stock\trading_analysis\10_来源库_SOURCE_LIBRARY\01_Kimi拆书待入库\S_BUCKET__staging\03_券商研报\representatives_v50\03_券商研报\04_多因子\
	                   0	D:\Stock\trading_analysis\10_来源库_SOURCE_LIBRARY\01_Kimi拆书待入库\S_BUCKET__staging\03_券商研报\representatives_v51\
	                   0	D:\Stock\trading_analysis\10_来源库_SOURCE_LIBRARY\01_Kimi拆书待入库\S_BUCKET__staging\03_券商研报\representatives_v51\03_券商研报\
	                   8	D:\Stock\trading_analysis\10_来源库_SOURCE_LIBRARY\01_Kimi拆书待入库\S_BUCKET__staging\03_券商研报\representatives_v51\03_券商研报\04_多因子\
	                   0	D:\Stock\trading_analysis\10_来源库_SOURCE_LIBRARY\01_Kimi拆书待入库\S_BUCKET__staging\03_券商研报\representatives_v52\
	                   0	D:\Stock\trading_analysis\10_来源库_SOURCE_LIBRARY\01_Kimi拆书待入库\S_BUCKET__staging\03_券商研报\representatives_v52\03_券商研报\
	                   2	D:\Stock\trading_analysis\10_来源库_SOURCE_LIBRARY\01_Kimi拆书待入库\S_BUCKET__staging\03_券商研报\representatives_v52\03_券商研报\04_多因子\
	                   0	D:\Stock\trading_analysis\10_来源库_SOURCE_LIBRARY\01_Kimi拆书待入库\S_BUCKET__staging\03_券商研报\representatives_v6\
	                   0	D:\Stock\trading_analysis\10_来源库_SOURCE_LIBRARY\01_Kimi拆书待入库\S_BUCKET__staging\03_券商研报\representatives_v6\03_券商研报\
	                   2	D:\Stock\trading_analysis\10_来源库_SOURCE_LIBRARY\01_Kimi拆书待入库\S_BUCKET__staging\03_券商研报\representatives_v6\03_券商研报\01_高频微观\
	                   2	D:\Stock\trading_analysis\10_来源库_SOURCE_LIBRARY\01_Kimi拆书待入库\S_BUCKET__staging\03_券商研报\representatives_v6\03_券商研报\02_指数增强\
	                   2	D:\Stock\trading_analysis\10_来源库_SOURCE_LIBRARY\01_Kimi拆书待入库\S_BUCKET__staging\03_券商研报\representatives_v6\03_券商研报\03_机器学习\
	                   2	D:\Stock\trading_analysis\10_来源库_SOURCE_LIBRARY\01_Kimi拆书待入库\S_BUCKET__staging\03_券商研报\representatives_v6\03_券商研报\04_多因子\
	                   0	D:\Stock\trading_analysis\10_来源库_SOURCE_LIBRARY\01_Kimi拆书待入库\S_BUCKET__staging\03_券商研报\representatives_v7\
	                   0	D:\Stock\trading_analysis\10_来源库_SOURCE_LIBRARY\01_Kimi拆书待入库\S_BUCKET__staging\03_券商研报\representatives_v7\03_券商研报\
	                   2	D:\Stock\trading_analysis\10_来源库_SOURCE_LIBRARY\01_Kimi拆书待入库\S_BUCKET__staging\03_券商研报\representatives_v7\03_券商研报\01_高频微观\
	                   2	D:\Stock\trading_analysis\10_来源库_SOURCE_LIBRARY\01_Kimi拆书待入库\S_BUCKET__staging\03_券商研报\representatives_v7\03_券商研报\02_指数增强\
	                   2	D:\Stock\trading_analysis\10_来源库_SOURCE_LIBRARY\01_Kimi拆书待入库\S_BUCKET__staging\03_券商研报\representatives_v7\03_券商研报\03_机器学习\
	                   2	D:\Stock\trading_analysis\10_来源库_SOURCE_LIBRARY\01_Kimi拆书待入库\S_BUCKET__staging\03_券商研报\representatives_v7\03_券商研报\04_多因子\
	                   0	D:\Stock\trading_analysis\10_来源库_SOURCE_LIBRARY\01_Kimi拆书待入库\S_BUCKET__staging\03_券商研报\representatives_v8\
	                   0	D:\Stock\trading_analysis\10_来源库_SOURCE_LIBRARY\01_Kimi拆书待入库\S_BUCKET__staging\03_券商研报\representatives_v8\03_券商研报\
	                   2	D:\Stock\trading_analysis\10_来源库_SOURCE_LIBRARY\01_Kimi拆书待入库\S_BUCKET__staging\03_券商研报\representatives_v8\03_券商研报\01_高频微观\
	                   2	D:\Stock\trading_analysis\10_来源库_SOURCE_LIBRARY\01_Kimi拆书待入库\S_BUCKET__staging\03_券商研报\representatives_v8\03_券商研报\02_指数增强\
	                   2	D:\Stock\trading_analysis\10_来源库_SOURCE_LIBRARY\01_Kimi拆书待入库\S_BUCKET__staging\03_券商研报\representatives_v8\03_券商研报\03_机器学习\
	                   2	D:\Stock\trading_analysis\10_来源库_SOURCE_LIBRARY\01_Kimi拆书待入库\S_BUCKET__staging\03_券商研报\representatives_v8\03_券商研报\04_多因子\
	                   0	D:\Stock\trading_analysis\10_来源库_SOURCE_LIBRARY\01_Kimi拆书待入库\S_BUCKET__staging\03_券商研报\representatives_v9\
	                   0	D:\Stock\trading_analysis\10_来源库_SOURCE_LIBRARY\01_Kimi拆书待入库\S_BUCKET__staging\03_券商研报\representatives_v9\03_券商研报\
	                   2	D:\Stock\trading_analysis\10_来源库_SOURCE_LIBRARY\01_Kimi拆书待入库\S_BUCKET__staging\03_券商研报\representatives_v9\03_券商研报\01_高频微观\
	                   3	D:\Stock\trading_analysis\10_来源库_SOURCE_LIBRARY\01_Kimi拆书待入库\S_BUCKET__staging\03_券商研报\representatives_v9\03_券商研报\03_机器学习\
	                   3	D:\Stock\trading_analysis\10_来源库_SOURCE_LIBRARY\01_Kimi拆书待入库\S_BUCKET__staging\03_券商研报\representatives_v9\03_券商研报\04_多因子\
	                  81	D:\Stock\trading_analysis\10_来源库_SOURCE_LIBRARY\02_原子化拆解文件\
	    较新的    		    2276	A股竞价规则_R01_9点15到9点20可撤单与假单诱导_v1.md
	    较新的    		    2263	A股竞价规则_R02_9点20到9点25不可撤单与挂单更真实_v1.md
	    较新的    		    2831	A股竞价规则_R03_白点未匹配量与红绿柱观察卡_v1.md
	    较新的    		    2127	A股竞价规则_R04_9点25真实成交与9点25前飙升片段卡_v1.md
	    较新的    		    1887	A股竞价规则_R21_9点20前涨停封单可撤单片段卡_v1.md
	    较新的    		    2066	A股竞价规则_R22_9点20前后可信度分界_v1.md
	    较新的    		    2055	A股竞价规则_R23_白点多与量能活跃不等于直接涨停片段卡_v1.md
	    较新的    		    2200	A股竞价规则_R25_撮合量放大与抛压变化片段卡_v1.md
	                  11	D:\Stock\trading_analysis\10_来源库_SOURCE_LIBRARY\02_原子化拆解文件\00_本地证据锚点__集合竞价教程\
	    较新的    		    4050	manifest_v1.tsv
	                   0	D:\Stock\trading_analysis\11_冻结总结层_FROZEN_SUMMARIES\
	                   4	D:\Stock\trading_analysis\11_冻结总结层_FROZEN_SUMMARIES\00_active_doc_cleanup_archive_20260621\
	    较新的    		  273095	daily_active_before_cleanup_20260621.md
	                  12	D:\Stock\trading_analysis\11_冻结总结层_FROZEN_SUMMARIES\01_初整理文档备份_禁止修改\
	                   2	D:\Stock\trading_analysis\11_冻结总结层_FROZEN_SUMMARIES\02_阶段成果索引_STAGE_DELIVERABLES\
	                   2	D:\Stock\trading_analysis\11_冻结总结层_FROZEN_SUMMARIES\03_迭代后核心母版V1.2\
	                   5	D:\Stock\trading_analysis\11_冻结总结层_FROZEN_SUMMARIES\03_迭代后核心母版V1.2\01_核心技术体系模块\
	                   1	D:\Stock\trading_analysis\11_冻结总结层_FROZEN_SUMMARIES\03_迭代后核心母版V1.2\02_题材与标的选择模块\
	                   1	D:\Stock\trading_analysis\11_冻结总结层_FROZEN_SUMMARIES\03_迭代后核心母版V1.2\03_交易策略执行模块\
	                   2	D:\Stock\trading_analysis\11_冻结总结层_FROZEN_SUMMARIES\03_迭代后核心母版V1.2\04_技术指标用法模块\
	                   1	D:\Stock\trading_analysis\11_冻结总结层_FROZEN_SUMMARIES\03_迭代后核心母版V1.2\05_交易系统闭环模块\
	                   4	D:\Stock\trading_analysis\11_冻结总结层_FROZEN_SUMMARIES\99_活跃主文档损坏前备份_20260611_planb_pre_rebuild\
	    较新的    		  168719	01_阶段一_项目记录_过去与落地.md
	    较新的    		   70731	03_阶段二_当下计划_执行清单.md
	    较新的    		  369293	关于日活.md
	                  10	D:\Stock\trading_analysis\11_冻结总结层_FROZEN_SUMMARIES\99_活跃主文档损坏前备份_20260611_planb_pre_rebuild\00_batch1_recovered_utf8\
	    较新的    		  120474	01_阶段一_项目记录_过去与落地_best_effort_gb18030.md
	    较新的    		   55101	03_阶段二_当下计划_执行清单_best_effort_gb18030.md
	    较新的    		  310844	关于日活_best_effort_gb18030.md
	    较新的    		  271443	关于日活_current_truth_anchor.md
	                 340	D:\Stock\trading_analysis\12_工具运行时_TOOLING_RUNTIME\
	    较新的    		    1919	cross_line_frozen_acceptance_chain_index_v1.md
	    较新的    		    1620	cross_line_frozen_acceptance_compare_v1.md
	    较新的    		    2029	cross_line_frozen_acceptance_super_index_v1.md
	    较新的    		    1943	cross_line_frozen_acceptance_super_super_index_v1.md
	    较新的    		    1878	cross_line_frozen_acceptance_super_super_super_index_v1.md
	    较新的    		    1944	cross_line_frozen_acceptance_super_super_super_super_index_v1.md
	    较新的    		    2010	cross_line_frozen_acceptance_super_super_super_super_super_index_v1.md
	    较新的    		    2076	cross_line_frozen_acceptance_super_super_super_super_super_super_index_v1.md
	    较新的    		    2142	cross_line_frozen_acceptance_super_super_super_super_super_super_super_index_v1.md
	    较新的    		    2208	cross_line_frozen_acceptance_super_super_super_super_super_super_super_super_index_v1.md
	    较新的    		    2274	cross_line_frozen_acceptance_super_super_super_super_super_super_super_super_super_index_v1.md
	    较新的    		    2340	cross_line_frozen_acceptance_super_super_super_super_super_super_super_super_super_super_index_v1.md
	    较新的    		    2406	cross_line_frozen_acceptance_super_super_super_super_super_super_super_super_super_super_super_index_v1.md
	    较新的    		    2472	cross_line_frozen_acceptance_super_super_super_super_super_super_super_super_super_super_super_super_index_v1.md
	    较新的    		    2538	cross_line_frozen_acceptance_super_super_super_super_super_super_super_super_super_super_super_super_super_index_v1.md
	    较新的    		    2604	cross_line_frozen_acceptance_super_super_super_super_super_super_super_super_super_super_super_super_super_super_index_v1.md
	    较新的    		    2670	cross_line_frozen_acceptance_super_super_super_super_super_super_super_super_super_super_super_super_super_super_super_index_v1.md
	    较新的    		    2736	cross_line_frozen_acceptance_super_super_super_super_super_super_super_super_super_super_super_super_super_super_super_super_index_v1.md
	    较新的    		    2802	cross_line_frozen_acceptance_super_super_super_super_super_super_super_super_super_super_super_super_super_super_super_super_super_index_v1.md
	    较新的    		    2868	cross_line_frozen_acceptance_super_super_super_super_super_super_super_super_super_super_super_super_super_super_super_super_super_super_index_v1.md
	    较新的    		    2934	cross_line_frozen_acceptance_super_super_super_super_super_super_super_super_super_super_super_super_super_super_super_super_super_super_super_index_v1.md
	    较新的    		    2874	cross_line_frozen_acceptance_super_super_super_super_super_super_super_super_super_super_super_super_super_super_super_super_super_super_super_super_index_v1.md
	    较新的    		    2934	cross_line_frozen_acceptance_super_super_super_super_super_super_super_super_super_super_super_super_super_super_super_super_super_super_super_super_super_index_v1.md
	    较新的    		    2994	cross_line_frozen_acceptance_super_super_super_super_super_super_super_super_super_super_super_super_super_super_super_super_super_super_super_super_super_super_index_v1.md
	    较新的    		    3054	cross_line_frozen_acceptance_super_super_super_super_super_super_super_super_super_super_super_super_super_super_super_super_super_super_super_super_super_super_super_index_v1.md
	    较新的    		    3114	cross_line_frozen_acceptance_super_super_super_super_super_super_super_super_super_super_super_super_super_super_super_super_super_super_super_super_super_super_super_super_index_v1.md
	    较新的    		    3174	cross_line_frozen_acceptance_super_super_super_super_super_super_super_super_super_super_super_super_super_super_super_super_super_super_super_super_super_super_super_super_super_index_v1.md
	    较新的    		    3375	cross_line_frozen_acceptance_super_super_super_super_super_super_super_super_super_super_super_super_super_super_super_super_super_super_super_super_super_super_super_super_super_super_index_v1.md
	    较新的    		    3428	cross_line_frozen_acceptance_super_super_super_super_super_super_super_super_super_super_super_super_super_super_super_super_super_super_super_super_super_super_super_super_super_super_super_index_v1.md
	    较新的    		    1630	cross_line_frozen_chain_acceptance_compare_v1.md
	    较新的    		    1820	cross_line_frozen_chain_manifest_acceptance_v1.md
	    较新的    		    1874	cross_line_frozen_manifest_acceptance_v1.md
	    较新的    		    1724	cross_line_frozen_manifest_index_v1.md
	    较新的    		    1794	cross_line_frozen_super_acceptance_compare_v1.md
	    较新的    		    1662	cross_line_frozen_super_chain_acceptance_compare_v1.md
	    较新的    		    1874	cross_line_frozen_super_chain_index_v1.md
	    较新的    		    2032	cross_line_frozen_super_chain_manifest_acceptance_v1.md
	    较新的    		    1985	cross_line_frozen_super_manifest_acceptance_v1.md
	    较新的    		    1726	cross_line_frozen_super_super_acceptance_compare_v1.md
	    较新的    		    1722	cross_line_frozen_super_super_chain_acceptance_compare_v1.md
	    较新的    		    1806	cross_line_frozen_super_super_chain_index_v1.md
	    较新的    		    1967	cross_line_frozen_super_super_chain_manifest_acceptance_v1.md
	    较新的    		    1937	cross_line_frozen_super_super_manifest_acceptance_v1.md
	    较新的    		    1762	cross_line_frozen_super_super_super_acceptance_compare_v1.md
	    较新的    		    1776	cross_line_frozen_super_super_super_chain_acceptance_compare_v1.md
	    较新的    		    1872	cross_line_frozen_super_super_super_chain_index_v1.md
	    较新的    		    2057	cross_line_frozen_super_super_super_chain_manifest_acceptance_v1.md
	    较新的    		    2033	cross_line_frozen_super_super_super_manifest_acceptance_v1.md
	    较新的    		    1816	cross_line_frozen_super_super_super_super_acceptance_compare_v1.md
	    较新的    		    1830	cross_line_frozen_super_super_super_super_chain_acceptance_compare_v1.md
	    较新的    		    1938	cross_line_frozen_super_super_super_super_chain_index_v1.md
	    较新的    		    2147	cross_line_frozen_super_super_super_super_chain_manifest_acceptance_v1.md
	    较新的    		    2123	cross_line_frozen_super_super_super_super_manifest_acceptance_v1.md
	    较新的    		    1870	cross_line_frozen_super_super_super_super_super_acceptance_compare_v1.md
	    较新的    		    1884	cross_line_frozen_super_super_super_super_super_chain_acceptance_compare_v1.md
	    较新的    		    2004	cross_line_frozen_super_super_super_super_super_chain_index_v1.md
	    较新的    		    2237	cross_line_frozen_super_super_super_super_super_chain_manifest_acceptance_v1.md
	    较新的    		    2213	cross_line_frozen_super_super_super_super_super_manifest_acceptance_v1.md
	    较新的    		    1924	cross_line_frozen_super_super_super_super_super_super_acceptance_compare_v1.md
	    较新的    		    1938	cross_line_frozen_super_super_super_super_super_super_chain_acceptance_compare_v1.md
	    较新的    		    2070	cross_line_frozen_super_super_super_super_super_super_chain_index_v1.md
	    较新的    		    2327	cross_line_frozen_super_super_super_super_super_super_chain_manifest_acceptance_v1.md
	    较新的    		    2303	cross_line_frozen_super_super_super_super_super_super_manifest_acceptance_v1.md
	    较新的    		    1978	cross_line_frozen_super_super_super_super_super_super_super_acceptance_compare_v1.md
	    较新的    		    1992	cross_line_frozen_super_super_super_super_super_super_super_chain_acceptance_compare_v1.md
	    较新的    		    2136	cross_line_frozen_super_super_super_super_super_super_super_chain_index_v1.md
	    较新的    		    2417	cross_line_frozen_super_super_super_super_super_super_super_chain_manifest_acceptance_v1.md
	    较新的    		    2393	cross_line_frozen_super_super_super_super_super_super_super_manifest_acceptance_v1.md
	    较新的    		    2032	cross_line_frozen_super_super_super_super_super_super_super_super_acceptance_compare_v1.md
	    较新的    		    2100	cross_line_frozen_super_super_super_super_super_super_super_super_chain_acceptance_compare_v1.md
	    较新的    		    2268	cross_line_frozen_super_super_super_super_super_super_super_super_chain_index_v1.md
	    较新的    		    2507	cross_line_frozen_super_super_super_super_super_super_super_super_chain_manifest_acceptance_v1.md
	    较新的    		    2483	cross_line_frozen_super_super_super_super_super_super_super_super_manifest_acceptance_v1.md
	    较新的    		    2086	cross_line_frozen_super_super_super_super_super_super_super_super_super_acceptance_compare_v1.md
	    较新的    		    2573	cross_line_frozen_super_super_super_super_super_super_super_super_super_manifest_acceptance_v1.md
	    较新的    		    2140	cross_line_frozen_super_super_super_super_super_super_super_super_super_super_acceptance_compare_v1.md
	    较新的    		    2663	cross_line_frozen_super_super_super_super_super_super_super_super_super_super_manifest_acceptance_v1.md
	    较新的    		    2194	cross_line_frozen_super_super_super_super_super_super_super_super_super_super_super_acceptance_compare_v1.md
	    较新的    		    2753	cross_line_frozen_super_super_super_super_super_super_super_super_super_super_super_manifest_acceptance_v1.md
	    较新的    		    2248	cross_line_frozen_super_super_super_super_super_super_super_super_super_super_super_super_acceptance_compare_v1.md
	    较新的    		    2843	cross_line_frozen_super_super_super_super_super_super_super_super_super_super_super_super_manifest_acceptance_v1.md
	    较新的    		    2302	cross_line_frozen_super_super_super_super_super_super_super_super_super_super_super_super_super_acceptance_compare_v1.md
	    较新的    		    2933	cross_line_frozen_super_super_super_super_super_super_super_super_super_super_super_super_super_manifest_acceptance_v1.md
	    较新的    		    2356	cross_line_frozen_super_super_super_super_super_super_super_super_super_super_super_super_super_super_acceptance_compare_v1.md
	    较新的    		    3023	cross_line_frozen_super_super_super_super_super_super_super_super_super_super_super_super_super_super_manifest_acceptance_v1.md
	    较新的    		    2410	cross_line_frozen_super_super_super_super_super_super_super_super_super_super_super_super_super_super_super_acceptance_compare_v1.md
	    较新的    		    3113	cross_line_frozen_super_super_super_super_super_super_super_super_super_super_super_super_super_super_super_manifest_acceptance_v1.md
	    较新的    		    2464	cross_line_frozen_super_super_super_super_super_super_super_super_super_super_super_super_super_super_super_super_acceptance_compare_v1.md
	    较新的    		    3203	cross_line_frozen_super_super_super_super_super_super_super_super_super_super_super_super_super_super_super_super_manifest_acceptance_v1.md
	    较新的    		    2518	cross_line_frozen_super_super_super_super_super_super_super_super_super_super_super_super_super_super_super_super_super_acceptance_compare_v1.md
	    较新的    		    3293	cross_line_frozen_super_super_super_super_super_super_super_super_super_super_super_super_super_super_super_super_super_manifest_acceptance_v1.md
	    较新的    		    2626	cross_line_frozen_super_super_super_super_super_super_super_super_super_super_super_super_super_super_super_super_super_super_acceptance_compare_v1.md
	    较新的    		    3548	cross_line_frozen_super_super_super_super_super_super_super_super_super_super_super_super_super_super_super_super_super_super_chain_manifest_acceptance_v1.md
	    较新的    		    3455	cross_line_frozen_super_super_super_super_super_super_super_super_super_super_super_super_super_super_super_super_super_super_manifest_acceptance_v1.md
	    较新的    		    2626	cross_line_frozen_super_super_super_super_super_super_super_super_super_super_super_super_super_super_super_super_super_super_super_acceptance_compare_v1.md
	    较新的    		    3473	cross_line_frozen_super_super_super_super_super_super_super_super_super_super_super_super_super_super_super_super_super_super_super_manifest_acceptance_v1.md
	    较新的    		    2565	cross_line_frozen_super_super_super_super_super_super_super_super_super_super_super_super_super_super_super_super_super_super_super_super_acceptance_compare_v1.md
	    较新的    		    2579	cross_line_frozen_super_super_super_super_super_super_super_super_super_super_super_super_super_super_super_super_super_super_super_super_chain_acceptance_compare_v1.md
	    较新的    		    2879	cross_line_frozen_super_super_super_super_super_super_super_super_super_super_super_super_super_super_super_super_super_super_super_super_chain_index_v1.md
	    较新的    		    3430	cross_line_frozen_super_super_super_super_super_super_super_super_super_super_super_super_super_super_super_super_super_super_super_super_manifest_acceptance_v1.md
	    较新的    		    2613	cross_line_frozen_super_super_super_super_super_super_super_super_super_super_super_super_super_super_super_super_super_super_super_super_super_acceptance_compare_v1.md
	    较新的    		    2627	cross_line_frozen_super_super_super_super_super_super_super_super_super_super_super_super_super_super_super_super_super_super_super_super_super_chain_acceptance_compare_v1.md
	    较新的    		    2939	cross_line_frozen_super_super_super_super_super_super_super_super_super_super_super_super_super_super_super_super_super_super_super_super_super_chain_index_v1.md
	    较新的    		    3496	cross_line_frozen_super_super_super_super_super_super_super_super_super_super_super_super_super_super_super_super_super_super_super_super_super_manifest_acceptance_v1.md
	    较新的    		    2661	cross_line_frozen_super_super_super_super_super_super_super_super_super_super_super_super_super_super_super_super_super_super_super_super_super_super_acceptance_compare_v1.md
	    较新的    		    2675	cross_line_frozen_super_super_super_super_super_super_super_super_super_super_super_super_super_super_super_super_super_super_super_super_super_super_chain_acceptance_compare_v1.md
	    较新的    		    2999	cross_line_frozen_super_super_super_super_super_super_super_super_super_super_super_super_super_super_super_super_super_super_super_super_super_super_chain_index_v1.md
	    较新的    		    3781	cross_line_frozen_super_super_super_super_super_super_super_super_super_super_super_super_super_super_super_super_super_super_super_super_super_super_chain_manifest_acceptance_v1.md
	    较新的    		    3703	cross_line_frozen_super_super_super_super_super_super_super_super_super_super_super_super_super_super_super_super_super_super_super_super_super_super_manifest_acceptance_v1.md
	    较新的    		    2888	cross_line_frozen_super_super_super_super_super_super_super_super_super_super_super_super_super_super_super_super_super_super_super_super_super_super_super_acceptance_compare_v1.md
	    较新的    		    2902	cross_line_frozen_super_super_super_super_super_super_super_super_super_super_super_super_super_super_super_super_super_super_super_super_super_super_super_chain_acceptance_compare_v1.md
	    较新的    		    3238	cross_line_frozen_super_super_super_super_super_super_super_super_super_super_super_super_super_super_super_super_super_super_super_super_super_super_super_chain_index_v1.md
	    较新的    		    3807	cross_line_frozen_super_super_super_super_super_super_super_super_super_super_super_super_super_super_super_super_super_super_super_super_super_super_super_manifest_acceptance_v1.md
	    较新的    		    2898	cross_line_frozen_super_super_super_super_super_super_super_super_super_super_super_super_super_super_super_super_super_super_super_super_super_super_super_super_acceptance_compare_v1.md
	    较新的    		    2912	cross_line_frozen_super_super_super_super_super_super_super_super_super_super_super_super_super_super_super_super_super_super_super_super_super_super_super_super_chain_acceptance_compare_v1.md
	    较新的    		    3260	cross_line_frozen_super_super_super_super_super_super_super_super_super_super_super_super_super_super_super_super_super_super_super_super_super_super_super_super_chain_index_v1.md
	    较新的    		    3949	cross_line_frozen_super_super_super_super_super_super_super_super_super_super_super_super_super_super_super_super_super_super_super_super_super_super_super_super_chain_manifest_acceptance_v1.md
	    较新的    		    3835	cross_line_frozen_super_super_super_super_super_super_super_super_super_super_super_super_super_super_super_super_super_super_super_super_super_super_super_super_manifest_acceptance_v1.md
	    较新的    		    2850	cross_line_frozen_super_super_super_super_super_super_super_super_super_super_super_super_super_super_super_super_super_super_super_super_super_super_super_super_super_acceptance_compare_v1.md
	    较新的    		    2981	cross_line_frozen_super_super_super_super_super_super_super_super_super_super_super_super_super_super_super_super_super_super_super_super_super_super_super_super_super_chain_acceptance_compare_v1.md
	    较新的    		    3341	cross_line_frozen_super_super_super_super_super_super_super_super_super_super_super_super_super_super_super_super_super_super_super_super_super_super_super_super_super_chain_index_v1.md
	    较新的    		    3805	cross_line_frozen_super_super_super_super_super_super_super_super_super_super_super_super_super_super_super_super_super_super_super_super_super_super_super_super_super_manifest_acceptance_v1.md
	    较新的    		    2898	cross_line_frozen_super_super_super_super_super_super_super_super_super_super_super_super_super_super_super_super_super_super_super_super_super_super_super_super_super_super_acceptance_compare_v1.md
	    较新的    		    2912	cross_line_frozen_super_super_super_super_super_super_super_super_super_super_super_super_super_super_super_super_super_super_super_super_super_super_super_super_super_super_chain_acceptance_compare_v1.md
	    较新的    		    3418	cross_line_frozen_super_super_super_super_super_super_super_super_super_super_super_super_super_super_super_super_super_super_super_super_super_super_super_super_super_super_chain_index_v1.md
	    较新的    		    3871	cross_line_frozen_super_super_super_super_super_super_super_super_super_super_super_super_super_super_super_super_super_super_super_super_super_super_super_super_super_super_manifest_acceptance_v1.md
	    较新的    		    3074	cross_line_frozen_super_super_super_super_super_super_super_super_super_super_super_super_super_super_super_super_super_super_super_super_super_super_super_super_super_super_super_acceptance_compare_v1.md
	    较新的    		    3088	cross_line_frozen_super_super_super_super_super_super_super_super_super_super_super_super_super_super_super_super_super_super_super_super_super_super_super_super_super_super_super_chain_acceptance_compare_v1.md
	    较新的    		    3472	cross_line_frozen_super_super_super_super_super_super_super_super_super_super_super_super_super_super_super_super_super_super_super_super_super_super_super_super_super_super_super_chain_index_v1.md
	    较新的    		    4065	cross_line_frozen_super_super_super_super_super_super_super_super_super_super_super_super_super_super_super_super_super_super_super_super_super_super_super_super_super_super_super_manifest_acceptance_v1.md
	                  21	D:\Stock\trading_analysis\12_工具运行时_TOOLING_RUNTIME\02_MT指标家族_源码与探针\
	    较新的    		     513	NOTE__INI_CONFIGS_ARE_ARCHIVE_ONLY__20260706.md
	                   6	D:\Stock\trading_analysis\12_工具运行时_TOOLING_RUNTIME\03_MT4便携探针实例\
	    较新的    		     521	NOTE__INI_CONFIGS_ARE_ARCHIVE_ONLY__20260706.md
	                  18	D:\Stock\trading_analysis\12_工具运行时_TOOLING_RUNTIME\03_MT4便携探针实例\config\
	                   6	D:\Stock\trading_analysis\12_工具运行时_TOOLING_RUNTIME\03_MT4便携探针实例\config\00_text_recovered_batch1\
	                   1	D:\Stock\trading_analysis\12_工具运行时_TOOLING_RUNTIME\03_MT4便携探针实例\history\
	    较新的    		     423	README.md
	                   4	D:\Stock\trading_analysis\12_工具运行时_TOOLING_RUNTIME\03_MT4便携探针实例\logs\
	                   0	D:\Stock\trading_analysis\12_工具运行时_TOOLING_RUNTIME\03_MT4便携探针实例\MQL4\
	                   5	D:\Stock\trading_analysis\12_工具运行时_TOOLING_RUNTIME\03_MT4便携探针实例\MQL4\Experts\
	                  20	D:\Stock\trading_analysis\12_工具运行时_TOOLING_RUNTIME\03_MT4便携探针实例\MQL4\Experts\Probe\
	                   0	D:\Stock\trading_analysis\12_工具运行时_TOOLING_RUNTIME\03_MT4便携探针实例\MQL4\Files\
	                   0	D:\Stock\trading_analysis\12_工具运行时_TOOLING_RUNTIME\03_MT4便携探针实例\MQL4\Images\
	                   6	D:\Stock\trading_analysis\12_工具运行时_TOOLING_RUNTIME\03_MT4便携探针实例\MQL4\Include\
	                  12	D:\Stock\trading_analysis\12_工具运行时_TOOLING_RUNTIME\03_MT4便携探针实例\MQL4\Include\Arrays\
	                   1	D:\Stock\trading_analysis\12_工具运行时_TOOLING_RUNTIME\03_MT4便携探针实例\MQL4\Include\Canvas\
	                  10	D:\Stock\trading_analysis\12_工具运行时_TOOLING_RUNTIME\03_MT4便携探针实例\MQL4\Include\ChartObjects\
	                   1	D:\Stock\trading_analysis\12_工具运行时_TOOLING_RUNTIME\03_MT4便携探针实例\MQL4\Include\Charts\
	                  24	D:\Stock\trading_analysis\12_工具运行时_TOOLING_RUNTIME\03_MT4便携探针实例\MQL4\Include\Controls\
	                  47	D:\Stock\trading_analysis\12_工具运行时_TOOLING_RUNTIME\03_MT4便携探针实例\MQL4\Include\Controls\res\
	                   4	D:\Stock\trading_analysis\12_工具运行时_TOOLING_RUNTIME\03_MT4便携探针实例\MQL4\Include\Files\
	                   9	D:\Stock\trading_analysis\12_工具运行时_TOOLING_RUNTIME\03_MT4便携探针实例\MQL4\Include\Indicators\
	                   1	D:\Stock\trading_analysis\12_工具运行时_TOOLING_RUNTIME\03_MT4便携探针实例\MQL4\Include\Strings\
	                   1	D:\Stock\trading_analysis\12_工具运行时_TOOLING_RUNTIME\03_MT4便携探针实例\MQL4\Include\Tools\
	                  41	D:\Stock\trading_analysis\12_工具运行时_TOOLING_RUNTIME\03_MT4便携探针实例\MQL4\Indicators\
	                   0	D:\Stock\trading_analysis\12_工具运行时_TOOLING_RUNTIME\03_MT4便携探针实例\MQL4\Indicators\Examples\
	                   3	D:\Stock\trading_analysis\12_工具运行时_TOOLING_RUNTIME\03_MT4便携探针实例\MQL4\Indicators\Examples\SimplePanel\
	                  20	D:\Stock\trading_analysis\12_工具运行时_TOOLING_RUNTIME\03_MT4便携探针实例\MQL4\Indicators\Probe\
	                   3	D:\Stock\trading_analysis\12_工具运行时_TOOLING_RUNTIME\03_MT4便携探针实例\MQL4\Libraries\
	                   0	D:\Stock\trading_analysis\12_工具运行时_TOOLING_RUNTIME\03_MT4便携探针实例\MQL4\Logs\
	                   0	D:\Stock\trading_analysis\12_工具运行时_TOOLING_RUNTIME\03_MT4便携探针实例\MQL4\Presets\
	                   0	D:\Stock\trading_analysis\12_工具运行时_TOOLING_RUNTIME\03_MT4便携探针实例\MQL4\Projects\
	                   3	D:\Stock\trading_analysis\12_工具运行时_TOOLING_RUNTIME\03_MT4便携探针实例\MQL4\Scripts\
	                   0	D:\Stock\trading_analysis\12_工具运行时_TOOLING_RUNTIME\03_MT4便携探针实例\MQL4\Scripts\Examples\
	                   5	D:\Stock\trading_analysis\12_工具运行时_TOOLING_RUNTIME\03_MT4便携探针实例\MQL4\Scripts\Examples\DLL\
	                   1	D:\Stock\trading_analysis\12_工具运行时_TOOLING_RUNTIME\03_MT4便携探针实例\MQL4\Scripts\Examples\DLL\Libraries\
	                   4	D:\Stock\trading_analysis\12_工具运行时_TOOLING_RUNTIME\03_MT4便携探针实例\MQL4\Scripts\Examples\Pipes\
	                   1	D:\Stock\trading_analysis\12_工具运行时_TOOLING_RUNTIME\03_MT4便携探针实例\profiles\
	                   4	D:\Stock\trading_analysis\12_工具运行时_TOOLING_RUNTIME\03_MT4便携探针实例\profiles\British Pound\
	                   5	D:\Stock\trading_analysis\12_工具运行时_TOOLING_RUNTIME\03_MT4便携探针实例\profiles\default\
	                   4	D:\Stock\trading_analysis\12_工具运行时_TOOLING_RUNTIME\03_MT4便携探针实例\profiles\Euro\
	                   5	D:\Stock\trading_analysis\12_工具运行时_TOOLING_RUNTIME\03_MT4便携探针实例\profiles\Market Overview\
	                   4	D:\Stock\trading_analysis\12_工具运行时_TOOLING_RUNTIME\03_MT4便携探针实例\profiles\Swiss Franc\
	                  12	D:\Stock\trading_analysis\12_工具运行时_TOOLING_RUNTIME\03_MT4便携探针实例\Sounds\
	                  11	D:\Stock\trading_analysis\12_工具运行时_TOOLING_RUNTIME\03_MT4便携探针实例\templates\
	                   6	D:\Stock\trading_analysis\12_工具运行时_TOOLING_RUNTIME\03_MT4便携探针实例\tester\
	                   0	D:\Stock\trading_analysis\12_工具运行时_TOOLING_RUNTIME\03_MT4便携探针实例\tester\caches\
	                   8	D:\Stock\trading_analysis\12_工具运行时_TOOLING_RUNTIME\03_MT4便携探针实例\tester\files\
	                   2	D:\Stock\trading_analysis\12_工具运行时_TOOLING_RUNTIME\03_MT4便携探针实例\tester\history\
	                   1	D:\Stock\trading_analysis\12_工具运行时_TOOLING_RUNTIME\03_MT4便携探针实例\tester\logs\
	                   5	D:\Stock\trading_analysis\12_工具运行时_TOOLING_RUNTIME\04_MT_export_scripts\
	    较新的    		    2186	README.md
	                 213	D:\Stock\trading_analysis\12_工具运行时_TOOLING_RUNTIME\98_MT历史数据_VTMarkets_Live2\
	                   0	D:\Stock\trading_analysis\12_工具运行时_TOOLING_RUNTIME\a2_pdf_render_111213\
	                  11	D:\Stock\trading_analysis\12_工具运行时_TOOLING_RUNTIME\Batch9_reopen_n01_vol_state_p0_v1\
	    较新的    		   37999	n01_p0_runtime_notes_v1.md
	                  45	D:\Stock\trading_analysis\12_工具运行时_TOOLING_RUNTIME\Batch9_reopen_n01_vol_state_p0_v1\real_input_samples\
	    较新的    		    3337	README.md
	                 262	D:\Stock\trading_analysis\12_工具运行时_TOOLING_RUNTIME\Batch9_reopen_n02_session_or_p0_v1\
	    较新的    		    2277	n02_gbpusd_m15_candidate_slice_summary_v1.json
	    较新的    		   13359	n02_gbpusd_m15_slice_downstream_summary_v1.json
	    较新的    		    2819	n02_ib_object_p0_summary_gbpusd_m15_candidate_v1.json
	    较新的    		    2694	n02_ib_object_p0_summary_gbpusd_m15_slice_v1.json
	    较新的    		    2691	n02_ib_object_p0_summary_v1.json
	    较新的    		    2067	n02_ib_or_beyond_continuation_card_summary_v1.json
	    较新的    		    3423	n02_ib_or_beyond_continuation_observation_p0_summary_gbpusd_m15_slice_v1.json
	    较新的    		    3265	n02_ib_or_beyond_continuation_observation_p0_summary_v1.json
	    较新的    		    2397	n02_ib_or_beyond_multi_session_persistence_card_summary_gbpusd_m15_slice_v1.json
	    较新的    		    1911	n02_ib_or_beyond_multi_session_persistence_card_summary_v1.json
	    较新的    		    3544	n02_ib_or_beyond_multi_session_persistence_observation_p0_summary_gbpusd_m15_slice_v1.json
	    较新的    		    3088	n02_ib_or_beyond_multi_session_persistence_observation_p0_summary_v1.json
	    较新的    		    2029	n02_ib_or_beyond_third_same_session_persistence_card_summary_gbpusd_m15_slice_v1.json
	    较新的    		    1931	n02_ib_or_beyond_third_same_session_persistence_card_summary_v1.json
	    较新的    		    3213	n02_ib_or_beyond_third_same_session_persistence_observation_p0_summary_gbpusd_m15_slice_v1.json
	    较新的    		    3145	n02_ib_or_beyond_third_same_session_persistence_observation_p0_summary_v1.json
	    较新的    		    4394	n02_ib_or_break_bar_evidence_p0_summary_gbpusd_m15_slice_v1.json
	    较新的    		    4383	n02_ib_or_break_bar_evidence_p0_summary_v1.json
	    较新的    		    4315	n02_ib_or_cross_outcome_split_p0_summary_gbpusd_m15_slice_v1.json
	    较新的    		    4528	n02_ib_or_cross_outcome_split_p0_summary_v1.json
	    较新的    		    3584	n02_ib_or_first_break_relative_p0_summary_gbpusd_m15_candidate_v1.json
	    较新的    		    3483	n02_ib_or_first_break_relative_p0_summary_gbpusd_m15_slice_v1.json
	    较新的    		    3441	n02_ib_or_first_break_relative_p0_summary_v1.json
	    较新的    		    2342	n02_ib_or_not_beyond_multi_session_stability_card_summary_gbpusd_m15_slice_v1.json
	    较新的    		    2053	n02_ib_or_not_beyond_multi_session_stability_card_summary_v1.json
	    较新的    		    3497	n02_ib_or_not_beyond_multi_session_stability_observation_p0_summary_gbpusd_m15_slice_v1.json
	    较新的    		    3238	n02_ib_or_not_beyond_multi_session_stability_observation_p0_summary_v1.json
	    较新的    		    3456	n02_ib_or_not_beyond_pullback_stability_observation_p0_summary_gbpusd_m15_slice_v1.json
	    较新的    		    3338	n02_ib_or_not_beyond_pullback_stability_observation_p0_summary_v1.json
	    较新的    		    2119	n02_ib_or_not_beyond_stability_card_summary_v1.json
	    较新的    		    2337	n02_ib_or_not_beyond_third_same_session_stability_card_summary_gbpusd_m15_slice_v1.json
	    较新的    		    1878	n02_ib_or_not_beyond_third_same_session_stability_card_summary_v1.json
	    较新的    		    3521	n02_ib_or_not_beyond_third_same_session_stability_observation_p0_summary_gbpusd_m15_slice_v1.json
	    较新的    		    3092	n02_ib_or_not_beyond_third_same_session_stability_observation_p0_summary_v1.json
	    较新的    		    1965	n02_ib_or_or_break_only_branch_summary_gbpusd_m15_slice_v1.json
	    较新的    		    1995	n02_ib_or_or_break_only_branch_summary_v1.json
	    较新的    		    3774	n02_ib_or_or_break_only_same_day_session_close_split_p0_summary_gbpusd_m15_slice_v1.json
	    较新的    		    2627	n02_ib_or_or_break_only_session_close_beyond_or_multi_session_persistence_card_summary_gbpusd_m15_slice_v1.json
	    较新的    		    3822	n02_ib_or_or_break_only_session_close_beyond_or_multi_session_persistence_p0_summary_gbpusd_m15_slice_v1.json
	    较新的    		    2584	n02_ib_or_or_break_only_session_close_beyond_or_next_session_continuation_card_summary_gbpusd_m15_slice_v1.json
	    较新的    		    3387	n02_ib_or_or_break_only_session_close_beyond_or_next_session_continuation_p0_summary_gbpusd_m15_slice_v1.json
	    较新的    		    2653	n02_ib_or_or_break_only_session_close_beyond_or_summary_gbpusd_m15_slice_v1.json
	    较新的    		    2691	n02_ib_or_or_break_only_session_close_not_beyond_or_summary_gbpusd_m15_slice_v1.json
	    较新的    		    3094	n02_ib_or_post_cross_path_observation_p0_summary_gbpusd_m15_slice_v1.json
	    较新的    		    3165	n02_ib_or_post_cross_path_observation_p0_summary_v1.json
	    较新的    		    3633	n02_ib_or_relation_p0_summary_gbpusd_m15_candidate_v1.json
	    较新的    		    3497	n02_ib_or_relation_p0_summary_gbpusd_m15_slice_v1.json
	    较新的    		    3488	n02_ib_or_relation_p0_summary_v1.json
	    较新的    		    2652	n02_ib_or_return_inside_ib_same_day_summary_gbpusd_m15_slice_v1.json
	    较新的    		    2694	n02_ib_or_return_inside_ib_same_day_summary_v1.json
	    较新的    		    2317	n02_ib_or_session_close_beyond_ib_summary_gbpusd_m15_slice_v1.json
	    较新的    		    2230	n02_ib_or_session_close_beyond_ib_summary_v1.json
	    较新的    		    2653	n02_ib_or_session_close_beyond_split_p0_summary_gbpusd_m15_slice_v1.json
	    较新的    		    2693	n02_ib_or_session_close_beyond_split_p0_summary_v1.json
	    较新的    		    2369	n02_ib_or_session_close_not_beyond_pullback_summary_gbpusd_m15_slice_v1.json
	    较新的    		    2376	n02_ib_or_session_close_not_beyond_pullback_summary_v1.json
	    较新的    		    2371	n02_ib_or_third_same_session_terminal_summary_gbpusd_m15_slice_v1.json
	    较新的    		    2234	n02_ib_or_third_same_session_terminal_summary_v1.json
	    较新的    		    6469	n02_ib_runtime_notes_v1.md
	    较新的    		    2982	n02_other_symbol_other_timeframe_validation_xauusd_m5_summary_v1.json
	    较新的    		    2860	n02_other_symbol_validation_xauusd_m1_tail_summary_v1.json
	    较新的    		    5118	n02_other_timeframe_validation_eurusd_m5_fall_dst_summary_v1.json
	    较新的    		    5876	n02_p0_runtime_notes_v1.md
	    较新的    		   21505	n02_p0_runtime_session_calendar_dst_checklist_v1.md
	    较新的    		    6676	n02_runtime_ref_check_report_v1.json
	    较新的    		    4430	n02_second_fx_subhour_historical_recovery_gbpusd_m15_runtime_notes_v1.md
	    较新的    		    5890	n02_second_fx_subhour_historical_recovery_gbpusd_m15_summary_v1.json
	    较新的    		    1528	n02_second_fx_subhour_historical_recovery_gbpusd_m15_summary_v1.md
	    较新的    		    2590	n02_second_fx_subhour_input_acquisition_runtime_notes_v1.md
	    较新的    		    9829	n02_second_fx_subhour_input_acquisition_summary_v1.json
	    较新的    		    3119	n02_second_fx_subhour_input_cache_recovery_ready_runtime_notes_v1.md
	    较新的    		    9140	n02_second_fx_subhour_input_cache_recovery_ready_summary_v1.json
	    较新的    		    2137	n02_second_fx_subhour_input_gate_runtime_notes_v1.md
	    较新的    		    3515	n02_second_fx_subhour_input_gate_summary_v1.json
	    较新的    		    3953	n02_second_fx_subhour_terminal_export_insufficient_summary_v1.json
	    较新的    		    4083	n02_second_fx_symbol_input_gate_gbpusd_h1_summary_v1.json
	    较新的    		    3906	n02_wider_history_validation_eurusd_m5_from_m1_summary_v1.json
	                  49	D:\Stock\trading_analysis\12_工具运行时_TOOLING_RUNTIME\Batch9_reopen_n02_session_or_p0_v1\real_input_samples\
	    较新的    		    7966	n02_mt4_hst_ingest_v1.py
	    较新的    		    1766	n02_real_input_gbpusd_m15_report_v1.json
	    较新的    		    1468	n02_real_input_xauusd_m5_from_m1_tail_report_v1.json
	    较新的    		    7019	README.md
	                  13	D:\Stock\trading_analysis\12_工具运行时_TOOLING_RUNTIME\kd_mtf_p0_v1\
	    较新的    		    5323	kd_mtf_p0_runtime_append_acceptance_v1.md
	                   2	D:\Stock\trading_analysis\12_工具运行时_TOOLING_RUNTIME\kd_mtf_p0_v1\real_input_samples\
	                   1	D:\Stock\trading_analysis\12_工具运行时_TOOLING_RUNTIME\mt4_probe_instance\
	                  34	D:\Stock\trading_analysis\12_工具运行时_TOOLING_RUNTIME\pv_corr_state_p0_v1\
	    较新的    		    2724	pv_corr_state_p0_append_compatibility_acceptance_v1.md
	    较新的    		    2521	pv_corr_state_p0_bar_window_mapping_acceptance_v1.md
	    较新的    		    2157	pv_corr_state_p0_bar_window_sample_acceptance_v1.md
	    较新的    		    2112	pv_corr_state_p0_bar_window_stub_acceptance_v1.md
	    较新的    		    1774	pv_corr_state_p0_chain_summary_acceptance_compare_v1.md
	    较新的    		    2206	pv_corr_state_p0_chain_summary_index_v1.md
	    较新的    		    1656	pv_corr_state_p0_manifest_freeze_v1.md
	    较新的    		    2243	pv_corr_state_p0_replay_chain_acceptance_v1.md
	    较新的    		    2675	pv_corr_state_p0_replay_preview_acceptance_v1.md
	    较新的    		    1880	pv_corr_state_p0_replay_preview_acceptance_validation_v1.md
	    较新的    		    2839	pv_corr_state_p0_runtime_append_acceptance_v1.md
	    较新的    		    4105	pv_corr_state_p0_runtime_params_template_v1.json
	    较新的    		    2548	pv_corr_state_p0_simulate_append_diff_acceptance_v1.md
	                   3	D:\Stock\trading_analysis\12_工具运行时_TOOLING_RUNTIME\pv_corr_state_p0_v1\real_input_samples\
	                  34	D:\Stock\trading_analysis\12_工具运行时_TOOLING_RUNTIME\rsj_state_p0_v1\
	    较新的    		    2676	rsj_state_p0_append_compatibility_acceptance_v1.md
	    较新的    		    1746	rsj_state_p0_chain_summary_acceptance_compare_v1.md
	    较新的    		    2142	rsj_state_p0_chain_summary_index_v1.md
	    较新的    		    1620	rsj_state_p0_manifest_freeze_v1.md
	    较新的    		    2459	rsj_state_p0_raw_window_mapping_acceptance_v1.md
	    较新的    		    2046	rsj_state_p0_raw_window_sample_acceptance_v1.md
	    较新的    		    2030	rsj_state_p0_raw_window_stub_acceptance_v1.md
	    较新的    		    2207	rsj_state_p0_replay_chain_acceptance_v1.md
	    较新的    		    2612	rsj_state_p0_replay_preview_acceptance_v1.md
	    较新的    		    1848	rsj_state_p0_replay_preview_acceptance_validation_v1.md
	    较新的    		    2771	rsj_state_p0_runtime_append_acceptance_v1.md
	    较新的    		    3962	rsj_state_p0_runtime_params_template_v1.json
	    较新的    		    2508	rsj_state_p0_simulate_append_diff_acceptance_v1.md
	                   3	D:\Stock\trading_analysis\12_工具运行时_TOOLING_RUNTIME\rsj_state_p0_v1\real_input_samples\
	                   4	D:\Stock\trading_analysis\12_工具运行时_TOOLING_RUNTIME\TK_R6\
	    较新的    		    1699	README_放这里.md
	    较新的    		     563	tkr6_manual_audit_summary_v1.md
	                   4	D:\Stock\trading_analysis\12_工具运行时_TOOLING_RUNTIME\TK_R7\
	    较新的    		    1831	README_放这里.md
	    较新的    		     372	tkr7_manual_audit_summary_v1.md
	                   4	D:\Stock\trading_analysis\12_工具运行时_TOOLING_RUNTIME\TK_R8\
	    较新的    		    1904	README_放这里.md
	    较新的    		     375	tkr8_manual_audit_summary_v1.md
	                   4	D:\Stock\trading_analysis\12_工具运行时_TOOLING_RUNTIME\vantharp_risk_p0_v1\
	                   4	D:\Stock\trading_analysis\12_工具运行时_TOOLING_RUNTIME\vantharp_risk_p0_v1\real_input_samples\
	                   1	D:\Stock\trading_analysis\12_工具运行时_TOOLING_RUNTIME\VTMarkets-Live 2\
	                   1	D:\Stock\trading_analysis\backtest_out\
	                  49	D:\Stock\trading_analysis\data\
	                  46	D:\Stock\trading_analysis\data\ashare_clean\
	                  45	D:\Stock\trading_analysis\data\ashare_watchlist\
	                   4	D:\Stock\trading_analysis\data\ashare_watchlist\kline_1d\
	                   1	D:\Stock\trading_analysis\data\BRENTCMDUSD_1 Min_Bid_2012.05.19_2026.05.25\
	                   1	D:\Stock\trading_analysis\data\COPPERCMDUSD_1 Min_Bid_2012.05.19_2026.05.25\
	                   1	D:\Stock\trading_analysis\data\DEUIDXEUR_1 Min_Bid_2013.09.30_2026.03.15\
	                   1	D:\Stock\trading_analysis\data\DOLLARIDXUSD_1 Min_Bid_2017.12.01_2026.05.25_(1)\
	                   1	D:\Stock\trading_analysis\data\GBRIDXGBP_1 Min_Bid_2012.05.19_2026.05.25\
	                   1	D:\Stock\trading_analysis\data\LIGHTCMDUSD_1 Min_Bid_2012.05.19_2026.05.25\
	                   6	D:\Stock\trading_analysis\data\mt_exports_drop\
	    较新的    		    3168	README.md
	                   4	D:\Stock\trading_analysis\data\mt_exports_drop\batch\
	                   2	D:\Stock\trading_analysis\data\mt_exports_drop\batch9_n01_asia_index\
	                   2	D:\Stock\trading_analysis\data\mt_exports_drop\batch9_n01_equity_asset\
	                   2	D:\Stock\trading_analysis\data\mt_exports_drop\batch9_n01_hk_index\
	                   2	D:\Stock\trading_analysis\data\mt_exports_drop\batch9_n01_index_asset\
	                   4	D:\Stock\trading_analysis\data\mt_exports_drop\batch9_n01_more_index\
	                   2	D:\Stock\trading_analysis\data\mt_exports_drop\batch9_n01_new_asset\
	                   2	D:\Stock\trading_analysis\data\mt_exports_drop\batch9_n01_second_cycle\
	                   1	D:\Stock\trading_analysis\data\mt_exports_drop\batch9_n01_second_sample\
	                   2	D:\Stock\trading_analysis\data\mt_exports_drop\batch9_n01_third_cycle\
	                   4	D:\Stock\trading_analysis\data\mt_exports_drop\batch_verify\
	                   0	D:\Stock\trading_analysis\data\mt_exports_drop\dst_windows\
	                   2	D:\Stock\trading_analysis\data\mt_exports_drop\dst_windows\london_fall_20251023_20251028\
	                   1	D:\Stock\trading_analysis\data\mt_exports_drop\dst_windows\london_spring_20260327_20260331\
	                   1	D:\Stock\trading_analysis\data\mt_exports_drop\dst_windows\london_spring_20260328_20260330\
	                   1	D:\Stock\trading_analysis\data\mt_exports_drop\dst_windows\ny_fall_20251031_20251104\
	                   1	D:\Stock\trading_analysis\data\mt_exports_drop\dst_windows\ny_spring_20260306_20260310\
	                   3	D:\Stock\trading_analysis\data\mt_exports_drop\jobs\
	                   3	D:\Stock\trading_analysis\data\mt_exports_drop\jobs_verify\
	                   1	D:\Stock\trading_analysis\data\quicktiny_ladder_web\
	                   2	D:\Stock\trading_analysis\data\quicktiny_ladder_web\assets\
	                   1	D:\Stock\trading_analysis\data\USA30IDXUSD_1 Min_Bid_2013.09.30_2026.03.01\
	                   1	D:\Stock\trading_analysis\data\USA500IDXUSD_1 Min_Bid_2015.04.21_2026.04.27\
	                   1	D:\Stock\trading_analysis\data\USATECHIDXUSD_1 Min_Bid_2015.04.21_2026.04.27\
	                   0	D:\Stock\trading_analysis\data\XAUUSD CSV\
	                   9	D:\Stock\trading_analysis\data\XAUUSD CSV\XAUUSD CSV\
	                   9	D:\Stock\trading_analysis\docs\
	    较新的    		   26159	P0_规则子表_v0.1.md
	    较新的    		     471	README__ARCHIVE_ONLY_BACKLOG_DOCS_MOVED__20260706.md
	    较新的    		     490	README__ARCHIVE_ONLY_BATCH_DOCS_MOVED__20260706.md
	    较新的    		     462	README__ARCHIVE_ONLY_COMMIT_HELPERS_MOVED__20260706.md
	    较新的    		     773	README__ARCHIVE_ONLY_DOCS_SCOPE__20260706.md
	    较新的    		    2166	TK-R4_USD_half_risk_SchemeB_Quickstart.md
	                   1	D:\Stock\trading_analysis\docs\indexes\
	    较新的    		   51983	_ai_index_legacy_20260611.txt
	                   1	D:\Stock\trading_analysis\docs\ops\
	    较新的    		    6452	ashare_daily_ops.md
	                   1	D:\Stock\trading_analysis\docs\playbooks\
	                  14	D:\Stock\trading_analysis\DY_R1_KD_MTF_P0\
	    较新的    		    5055	kd_mtf_p0_runtime_append_acceptance_v1.md
	    较新的    		    5605	kd_mtf_p0_runtime_params_template_v1.json
	    较新的    		    2646	README.md
	                   2	D:\Stock\trading_analysis\DY_R1_KD_MTF_P0\real_input_samples\
	                   1	D:\Stock\trading_analysis\DY_R1_KD_MTF_P0\upstream_samples\
	                   0	D:\Stock\trading_analysis\projects\
	                  47	D:\Stock\trading_analysis\tools\

------------------------------------------------------------------------------

                  总数        复制        跳过       不匹配        失败        其他
       目录:       573         0       573         0         0         0
       文件:      4061       496      3565         0         0         0
       字节:   5.124 g    4.47 m   5.119 g         0         0         0
       时间:   0:00:04   0:00:02                       0:00:00   0:00:01


       速度:           2,100,887 字节/秒。
       速度:             120.214 MB/分钟。
   已结束: 2026年7月7日 15:26:36

