
-------------------------------------------------------------------------------
   ROBOCOPY     ::     Windows 的可靠文件复制                              
-------------------------------------------------------------------------------

  开始时间: 2026年7月7日 15:12:43
        源: D:\Stock\trading_analysis\
      目标: d:\Stock\trading_assistant\12_tooling_runtime_archive\batch_09_legacy_analysis_migration__20260707\lifted_trading_analysis\

      文件: *.*
	    
  执行目录: .git
	    .venv
	    .venv_mt5
	    __pycache__
	    
      选项: *.* /TEE /S /E /DCOPY:DAT /COPY:DAT /NP /R:1 /W:1 

------------------------------------------------------------------------------

	                  23	D:\Stock\trading_analysis\
	    新文件    		    2614	.gitignore
	    新文件    		   32117	00_主线检索索引.md
	    新文件    		    4843	01_阶段一_项目记录_过去与落地.md
	    新文件    		    3608	02_阶段二_工作方向_想法库.md
	    新文件    		   71760	03_阶段二_当下计划_执行清单.md
	    新文件    		     421	ashare_daily_ops.md
	    新文件    		   79635	ashare_preprocess.py
	    新文件    		   1.5 m	backtest_p0.py
	    新文件    		     222	basedpyrightconfig.json
	    新文件    		     214	generate_p0_subset.py
	    新文件    		    5782	mt5_daily_ops.ps1
	    新文件    		  374673	mt5_exit_assistant.py
	    新文件    		   18117	mt5_export_1h.py
	    新文件    		   17421	mt5_export_bars.py
	    新文件    		    6696	OLD_MAIN_DOC_CLEANUP_TASKBOARD.md
	    新文件    		   19226	OLD_REPO_TO_NEW_REPO_PROGRESS.md
	    新文件    		     356	PLAYBOOK_滚动模板.md
	    新文件    		     213	pyrightconfig.json
	    新文件    		    2019	run_ab_baseline.ps1
	    新文件    		   28797	run_p0_sweep.ps1
	    新文件    		     419	tk_r4_usd_half_risk_scheme_b_runner.py
	    新文件    		     482	_ai_index.txt
	    新文件    		   65202	关于日活.md
	  新目录           1	D:\Stock\trading_analysis\.cache\
	    新文件    		     695	mt5_exit_assistant_state.json
	  新目录           0	D:\Stock\trading_analysis\.cache\marketdata\
	  新目录           0	D:\Stock\trading_analysis\.cache\marketdata\XAUUSD\
	  新目录           0	D:\Stock\trading_analysis\.cache\marketdata\XAUUSD\2026\
	  新目录           0	D:\Stock\trading_analysis\.cache\marketdata\XAUUSD\2026\03\
	  新目录           1	D:\Stock\trading_analysis\.cache\marketdata\XAUUSD\2026\03\01\
	    新文件    		   69806	00h_ticks.bi5
	  新目录           0	D:\Stock\trading_analysis\.dc_cache\
	  新目录           0	D:\Stock\trading_analysis\.dc_cache\XAUUSD\
	  新目录           0	D:\Stock\trading_analysis\.dc_cache\XAUUSD\2024\
	  新目录          62	D:\Stock\trading_analysis\.dc_cache\XAUUSD\2024\00\
	    新文件    		    1289	01_ask.csv.zst
	    新文件    		    1310	01_bid.csv.zst
	    新文件    		   29301	02_ask.csv.zst
	    新文件    		   29114	02_bid.csv.zst
	    新文件    		   29928	03_ask.csv.zst
	    新文件    		   29491	03_bid.csv.zst
	    新文件    		   28888	04_ask.csv.zst
	    新文件    		   27661	04_bid.csv.zst
	    新文件    		   28595	05_ask.csv.zst
	    新文件    		   27700	05_bid.csv.zst
	    新文件    		      47	06_ask.csv.zst
	    新文件    		      47	06_bid.csv.zst
	    新文件    		    1268	07_ask.csv.zst
	    新文件    		    1284	07_bid.csv.zst
	    新文件    		   30608	08_ask.csv.zst
	    新文件    		   28880	08_bid.csv.zst
	    新文件    		   29132	09_ask.csv.zst
	    新文件    		   28925	09_bid.csv.zst
	    新文件    		   29858	10_ask.csv.zst
	    新文件    		   29770	10_bid.csv.zst
	    新文件    		   30423	11_ask.csv.zst
	    新文件    		   29955	11_bid.csv.zst
	    新文件    		   28883	12_ask.csv.zst
	    新文件    		   28839	12_bid.csv.zst
	    新文件    		      47	13_ask.csv.zst
	    新文件    		      47	13_bid.csv.zst
	    新文件    		    1325	14_ask.csv.zst
	    新文件    		    1277	14_bid.csv.zst
	    新文件    		   25113	15_ask.csv.zst
	    新文件    		   25469	15_bid.csv.zst
	    新文件    		   30300	16_ask.csv.zst
	    新文件    		   29946	16_bid.csv.zst
	    新文件    		   30134	17_ask.csv.zst
	    新文件    		   30309	17_bid.csv.zst
	    新文件    		   29807	18_ask.csv.zst
	    新文件    		   28819	18_bid.csv.zst
	    新文件    		   28032	19_ask.csv.zst
	    新文件    		   27097	19_bid.csv.zst
	    新文件    		      47	20_ask.csv.zst
	    新文件    		      47	20_bid.csv.zst
	    新文件    		    1282	21_ask.csv.zst
	    新文件    		    1214	21_bid.csv.zst
	    新文件    		   29013	22_ask.csv.zst
	    新文件    		   28511	22_bid.csv.zst
	    新文件    		   29152	23_ask.csv.zst
	    新文件    		   29043	23_bid.csv.zst
	    新文件    		   29598	24_ask.csv.zst
	    新文件    		   29557	24_bid.csv.zst
	    新文件    		   29650	25_ask.csv.zst
	    新文件    		   28473	25_bid.csv.zst
	    新文件    		   26972	26_ask.csv.zst
	    新文件    		   26188	26_bid.csv.zst
	    新文件    		      47	27_ask.csv.zst
	    新文件    		      47	27_bid.csv.zst
	    新文件    		    1385	28_ask.csv.zst
	    新文件    		    1418	28_bid.csv.zst
	    新文件    		   28243	29_ask.csv.zst
	    新文件    		   27948	29_bid.csv.zst
	    新文件    		   28937	30_ask.csv.zst
	    新文件    		   27641	30_bid.csv.zst
	    新文件    		   29905	31_ask.csv.zst
	    新文件    		   28984	31_bid.csv.zst
	  新目录          10	D:\Stock\trading_analysis\.dc_cache\XAUUSD\2024\01\
	    新文件    		   29184	01_ask.csv.zst
	    新文件    		   29868	01_bid.csv.zst
	    新文件    		   27129	02_ask.csv.zst
	    新文件    		   27555	02_bid.csv.zst
	    新文件    		      47	03_ask.csv.zst
	    新文件    		      47	03_bid.csv.zst
	    新文件    		    1312	04_ask.csv.zst
	    新文件    		    1309	04_bid.csv.zst
	    新文件    		   29473	05_ask.csv.zst
	    新文件    		   28295	05_bid.csv.zst
	  新目录           6	D:\Stock\trading_analysis\.dc_cache\XAUUSD\2024\01\06\
	    新文件    		    9031	00h_ticks.bi5
	    新文件    		   16655	01h_ticks.bi5
	    新文件    		   15980	02h_ticks.bi5
	    新文件    		   13347	03h_ticks.bi5
	    新文件    		   10834	04h_ticks.bi5
	    新文件    		   15693	05h_ticks.bi5
	  新目录           8	D:\Stock\trading_analysis\.trae\
	    新文件    		    1733	README__ARCHIVE_ONLY.md
	    新文件    		     144	recover_01.md
	    新文件    		     390	recover_01_from_blob.md
	    新文件    		     170	recover_02.md
	    新文件    		     170	recover_02_from_blob.md
	    新文件    		     302	recover_03.md
	    新文件    		     302	recover_03_from_blob.md
	    新文件    		     672	recover_about.md
	  新目录           1	D:\Stock\trading_analysis\.trae\agents\
	    新文件    		    1080	README__ARCHIVE_ONLY.md
	  新目录           1	D:\Stock\trading_analysis\.trae\agents\p0-exec-evidence-officer\
	    新文件    		    2182	PROMPT.md
	  新目录           2	D:\Stock\trading_analysis\.trae\skills\
	    新文件    		    2521	INDEX.md
	    新文件    		     736	README__ARCHIVE_ONLY.md
	  新目录           1	D:\Stock\trading_analysis\.trae\skills\artifact-provenance-note-guard-cn\
	    新文件    		    3794	SKILL.md
	  新目录           1	D:\Stock\trading_analysis\.trae\skills\ashare-ops-guard\
	    新文件    		    7201	SKILL.md
	  新目录           1	D:\Stock\trading_analysis\.trae\skills\dev-guardrails\
	    新文件    		    5790	SKILL.md
	  新目录           1	D:\Stock\trading_analysis\.trae\skills\dual-epub-pdf-truth-anchor-cn\
	    新文件    		    6575	SKILL.md
	  新目录           1	D:\Stock\trading_analysis\.trae\skills\indicator-audit-shrink-loop-cn\
	    新文件    		    3982	SKILL.md
	  新目录           1	D:\Stock\trading_analysis\.trae\skills\knowledge-intake-quantize-cn\
	    新文件    		    3397	SKILL.md
	  新目录           1	D:\Stock\trading_analysis\.trae\skills\main-doc-contract-mirror-cn\
	    新文件    		    7908	SKILL.md
	  新目录           1	D:\Stock\trading_analysis\.trae\skills\mainline-full-ingest-cn\
	    新文件    		    6435	SKILL.md
	  新目录           1	D:\Stock\trading_analysis\.trae\skills\mt-indicator-engineering-cn\
	    新文件    		    3037	SKILL.md
	  新目录           1	D:\Stock\trading_analysis\.trae\skills\mt5-audit\
	    新文件    		    7245	SKILL.md
	  新目录           1	D:\Stock\trading_analysis\.trae\skills\multi-ai-discussion-guard\
	    新文件    		   11658	SKILL.md
	  新目录           1	D:\Stock\trading_analysis\.trae\skills\multi-ai-orchestrator-cn\
	    新文件    		    8337	SKILL.md
	  新目录           1	D:\Stock\trading_analysis\.trae\skills\multi-ai-suite-entry-cn\
	    新文件    		    3410	SKILL.md
	  新目录           1	D:\Stock\trading_analysis\.trae\skills\p0-exec-evidence-officer\
	    新文件    		    4190	SKILL.md
	  新目录           1	D:\Stock\trading_analysis\.trae\skills\p0-lab\
	    新文件    		    7785	SKILL.md
	  新目录           1	D:\Stock\trading_analysis\.trae\skills\p0-suite-entry-cn\
	    新文件    		    3114	SKILL.md
	  新目录           1	D:\Stock\trading_analysis\.trae\skills\p0-sweep-outbound-guard\
	    新文件    		    3296	SKILL.md
	  新目录           1	D:\Stock\trading_analysis\.trae\skills\panel-multi-ai-cn\
	    新文件    		    5002	SKILL.md
	  新目录           1	D:\Stock\trading_analysis\.trae\skills\proof-of-mapping-standard-cn\
	    新文件    		    4764	SKILL.md
	  新目录           1	D:\Stock\trading_analysis\.trae\skills\rolling-playbook-cn\
	    新文件    		    2045	SKILL.md
	  新目录           1	D:\Stock\trading_analysis\.trae\skills\source-sweep-batch-cn\
	    新文件    		    5179	SKILL.md
	  新目录           1	D:\Stock\trading_analysis\.trae\skills\tool-idea-ingest-guard\
	    新文件    		    3175	SKILL.md
	  新目录           1	D:\Stock\trading_analysis\.vscode\
	    新文件    		     257	settings.json
	  新目录           0	D:\Stock\trading_analysis\10_来源库_SOURCE_LIBRARY\
	  新目录          21	D:\Stock\trading_analysis\10_来源库_SOURCE_LIBRARY\00_TK外汇\
	    新文件    		    7445	20231219TK外汇交易系统学习资料整理(6)_吸收结论_v1.md
	    新文件    		   84136	20231219TK外汇交易系统学习资料整理(6)_导出.md
	    新文件    		    7857	TK-R6_IB_retest_rejection_最小标签定义_v1.md
	    新文件    		    5906	TK-R6_IB回撤阻挡到TP3_后续对象定义入口_v1.md
	    新文件    		    4804	TK-R6_IB附近_最小距离口径_v1.md
	    新文件    		    4361	TK-R7_AO背离风险调整标签_后续对象定义入口_v1.md
	    新文件    		    4583	TK-R8_ABC结构失效_最小条件_v1.md
	    新文件    		    4309	TK-R8_B区域qualify壳_后续对象定义入口_v1.md
	    新文件    		    7324	TK-R8_B区域_最小判据草案_v1.md
	    新文件    		    3515	TK_Batch1_新增对象入口索引_v1.md
	    新文件    		   14266	外汇交易课程第一集-信号_导出.md
	    新文件    		   24577	外汇交易课程第七集-斐波那契回调线MT4与MT5设定技巧_导出.md
	    新文件    		   16304	外汇交易课程第三集-斐波那契TP3的延申做法_导出.md
	    新文件    		   10248	外汇交易课程第九集-如何让Xbreaking在小周期正常运作_导出.md
	    新文件    		   14381	外汇交易课程第二集-斐波那契设定与运用_导出.md
	    新文件    		   21009	外汇交易课程第五集-风险与资金管理_导出.md
	    新文件    		   50033	外汇交易课程第八集-让我稳定获利的开单工具_导出.md
	    新文件    		   19289	外汇交易课程第六集-风险与报酬比率_导出.md
	    新文件    		   15907	外汇交易课程第十集-MT4 Xbreaking Bug解决方法_导出.md
	    新文件    		   27846	外汇交易课程第四集-斐波那契支撑阻力转换区_导出.md
	    新文件    		     891	经验分享.txt
	  新目录         243	D:\Stock\trading_analysis\10_来源库_SOURCE_LIBRARY\00_TK外汇\20231219TK外汇交易系统学习资料整理(6)_导出_images\
	    新文件    		    3204	img_001.png
	    新文件    		    3781	img_002.png
	    新文件    		   27511	img_003.jpg
	    新文件    		   27472	img_004.jpg
	    新文件    		   33389	img_005.png
	    新文件    		   47556	img_006.png
	    新文件    		   22442	img_007.jpg
	    新文件    		   22324	img_008.jpg
	    新文件    		   26884	img_009.jpg
	    新文件    		   62829	img_010.png
	    新文件    		   34363	img_011.png
	    新文件    		   63185	img_012.png
	    新文件    		   36137	img_013.png
	    新文件    		  103137	img_014.png
	    新文件    		   25204	img_015.png
	    新文件    		   41793	img_016.png
	    新文件    		   65064	img_017.png
	    新文件    		   63938	img_018.png
	    新文件    		   12288	img_019.png
	    新文件    		   16817	img_020.png
	    新文件    		   14426	img_021.png
	    新文件    		   10633	img_022.png
	    新文件    		   23634	img_023.png
	    新文件    		   54769	img_024.png
	    新文件    		   75106	img_025.png
	    新文件    		   49251	img_026.png
	    新文件    		   27504	img_027.png
	    新文件    		   22121	img_028.png
	    新文件    		   38443	img_029.png
	    新文件    		   62308	img_030.png
	    新文件    		   70145	img_031.png
	    新文件    		   81050	img_032.png
	    新文件    		   30617	img_033.png
	    新文件    		   82930	img_034.png
	    新文件    		   69173	img_035.png
	    新文件    		   51118	img_036.png
	    新文件    		   69287	img_037.png
	    新文件    		   74694	img_038.png
	    新文件    		   75947	img_039.png
	    新文件    		   78404	img_040.png
	    新文件    		   74372	img_041.png
	    新文件    		   54611	img_042.png
	    新文件    		   77521	img_043.png
	    新文件    		   11714	img_044.png
	    新文件    		   38850	img_045.png
	    新文件    		   77252	img_046.png
	    新文件    		   65722	img_047.png
	    新文件    		   64448	img_048.png
	    新文件    		   71960	img_049.png
	    新文件    		   76642	img_050.png
	    新文件    		   72141	img_051.png
	    新文件    		   80483	img_052.png
	    新文件    		   76684	img_053.png
	    新文件    		   33967	img_054.png
	    新文件    		   41057	img_055.png
	    新文件    		   61209	img_056.png
	    新文件    		   66441	img_057.png
	    新文件    		   54801	img_058.png
	    新文件    		   60781	img_059.png
	    新文件    		   77284	img_060.png
	    新文件    		   93425	img_061.png
	    新文件    		   75203	img_062.png
	    新文件    		   55020	img_063.png
	    新文件    		   87371	img_064.png
	    新文件    		   70789	img_065.png
	    新文件    		   70999	img_066.png
	    新文件    		   47789	img_067.png
	    新文件    		   82606	img_068.png
	    新文件    		   55678	img_069.png
	    新文件    		   52498	img_070.png
	    新文件    		   87264	img_071.png
	    新文件    		  104368	img_072.png
	    新文件    		   71221	img_073.png
	    新文件    		   98351	img_074.png
	    新文件    		  145957	img_075.png
	    新文件    		  191255	img_076.png
	    新文件    		  173769	img_077.png
	    新文件    		  127782	img_078.png
	    新文件    		  113573	img_079.png
	    新文件    		   91879	img_080.png
	    新文件    		  104619	img_081.png
	    新文件    		   93573	img_082.png
	    新文件    		   94568	img_083.png
	    新文件    		  129204	img_084.png
	    新文件    		  110348	img_085.png
	    新文件    		  126608	img_086.png
	    新文件    		  117028	img_087.png
	    新文件    		  114865	img_088.png
	    新文件    		   53728	img_089.png
	    新文件    		  157326	img_090.png
	    新文件    		  119660	img_091.png
	    新文件    		  150149	img_092.png
	    新文件    		  156948	img_093.png
	    新文件    		  106517	img_094.png
	    新文件    		  127731	img_095.png
	    新文件    		  281424	img_096.png
	    新文件    		  319800	img_097.png
	    新文件    		  275754	img_098.png
	    新文件    		  254031	img_099.png
	    新文件    		  323626	img_100.png
	    新文件    		  271496	img_101.png
	    新文件    		  276475	img_102.png
	    新文件    		  243840	img_103.png
	    新文件    		  319424	img_104.png
	    新文件    		  225806	img_105.png
	    新文件    		  318046	img_106.png
	    新文件    		  229471	img_107.png
	    新文件    		  226998	img_108.png
	    新文件    		   38738	img_109.png
	    新文件    		   39840	img_110.png
	    新文件    		     761	img_111.png
	    新文件    		   52481	img_112.png
	    新文件    		   28346	img_113.png
	    新文件    		   24151	img_114.png
	    新文件    		   28955	img_115.png
	    新文件    		   58722	img_116.png
	    新文件    		   14104	img_117.png
	    新文件    		   33535	img_118.png
	    新文件    		   18108	img_119.png
	    新文件    		   15947	img_120.png
	    新文件    		   12355	img_121.png
	    新文件    		    9784	img_122.png
	    新文件    		   25466	img_123.png
	    新文件    		   17098	img_124.png
	    新文件    		   19348	img_125.png
	    新文件    		   16001	img_126.png
	    新文件    		   10282	img_127.png
	    新文件    		   13425	img_128.png
	    新文件    		   25535	img_129.png
	    新文件    		   28207	img_130.png
	    新文件    		   27156	img_131.png
	    新文件    		   15938	img_132.png
	    新文件    		   17209	img_133.png
	    新文件    		    8326	img_134.gif
	    新文件    		   42944	img_135.jpg
	    新文件    		  252516	img_136.png
	    新文件    		  235083	img_137.png
	    新文件    		  134004	img_138.gif
	    新文件    		   32853	img_139.jpg
	    新文件    		   25375	img_140.jpg
	    新文件    		   26655	img_141.jpg
	    新文件    		   13925	img_142.jpg
	    新文件    		   13504	img_143.jpg
	    新文件    		   13971	img_144.jpg
	    新文件    		   36540	img_145.jpg
	    新文件    		   29466	img_146.jpg
	    新文件    		   44482	img_147.png
	    新文件    		   15938	img_148.png
	    新文件    		   57991	img_149.jpg
	    新文件    		   15019	img_150.png
	    新文件    		   21373	img_151.png
	    新文件    		   44915	img_152.png
	    新文件    		   85553	img_153.png
	    新文件    		   19201	img_154.png
	    新文件    		   39953	img_155.png
	    新文件    		   56382	img_156.png
	    新文件    		   23913	img_157.png
	    新文件    		   52161	img_158.png
	    新文件    		   58004	img_159.png
	    新文件    		   21674	img_160.png
	    新文件    		   32796	img_161.png
	    新文件    		   69794	img_162.png
	    新文件    		   16763	img_163.png
	    新文件    		   34960	img_164.png
	    新文件    		   28947	img_165.png
	    新文件    		   53251	img_166.png
	    新文件    		   42340	img_167.png
	    新文件    		   14923	img_168.png
	    新文件    		   75087	img_169.png
	    新文件    		    9947	img_170.png
	    新文件    		   60469	img_171.png
	    新文件    		   65243	img_172.png
	    新文件    		   56893	img_173.png
	    新文件    		   28590	img_174.png
	    新文件    		   49387	img_175.png
	    新文件    		   51603	img_176.png
	    新文件    		   31363	img_177.png
	    新文件    		   54786	img_178.png
	    新文件    		   51409	img_179.png
	    新文件    		   59324	img_180.png
	    新文件    		   25312	img_181.png
	    新文件    		   50811	img_182.png
	    新文件    		   54616	img_183.png
	    新文件    		   23002	img_184.png
	    新文件    		   48802	img_185.png
	    新文件    		   15694	img_186.png
	    新文件    		   46213	img_187.png
	    新文件    		   15631	img_188.png
	    新文件    		   13261	img_189.png
	    新文件    		   22385	img_190.png
	    新文件    		   15797	img_191.png
	    新文件    		   27487	img_192.png
	    新文件    		   25739	img_193.png
	    新文件    		   49332	img_194.png
	    新文件    		   14306	img_195.png
	    新文件    		   31318	img_196.png
	    新文件    		   25362	img_197.png
	    新文件    		   56747	img_198.png
	    新文件    		   16895	img_199.png
	    新文件    		   42780	img_200.png
	    新文件    		   31824	img_201.png
	    新文件    		   56579	img_202.png
	    新文件    		   23149	img_203.png
	    新文件    		   23714	img_204.png
	    新文件    		   33619	img_205.png
	    新文件    		   37491	img_206.png
	    新文件    		  119980	img_207.png
	    新文件    		   29982	img_208.png
	    新文件    		  332991	img_209.png
	    新文件    		   40418	img_210.png
	    新文件    		   51863	img_211.png
	    新文件    		   42339	img_212.png
	    新文件    		   50114	img_213.png
	    新文件    		   49519	img_214.png
	    新文件    		   28455	img_215.png
	    新文件    		   52397	img_216.png
	    新文件    		  251431	img_217.png
	    新文件    		  217982	img_218.png
	    新文件    		  231605	img_219.png
	    新文件    		  207928	img_220.png
	    新文件    		  255233	img_221.png
	    新文件    		  286235	img_222.png
	    新文件    		  246580	img_223.png
	    新文件    		  301551	img_224.png
	    新文件    		  258497	img_225.png
	    新文件    		  247213	img_226.png
	    新文件    		  259481	img_227.png
	    新文件    		  329787	img_228.png
	    新文件    		  312802	img_229.png
	    新文件    		  350256	img_230.png
	    新文件    		  179955	img_231.png
	    新文件    		  148998	img_232.png
	    新文件    		  159254	img_233.png
	    新文件    		  106882	img_234.png
	    新文件    		   99132	img_235.png
	    新文件    		   98580	img_236.png
	    新文件    		  145955	img_237.png
	    新文件    		  146774	img_238.png
	    新文件    		  154636	img_239.png
	    新文件    		  153334	img_240.png
	    新文件    		  148662	img_241.png
	    新文件    		  155233	img_242.png
	    新文件    		  218877	img_243.png
	  新目录           0	D:\Stock\trading_analysis\10_来源库_SOURCE_LIBRARY\00_交易系统书籍\
	  新目录           2	D:\Stock\trading_analysis\10_来源库_SOURCE_LIBRARY\00_交易系统书籍\01_期货市场技术分析_墨菲\
	    新文件    		   10428	墨菲_STATE_TEMPLATE_V1_全书最终版_34切片.md
	    新文件    		   16160	墨菲_STEP_B_ch01_ch09_ch15_批次4.md
	  新目录           5	D:\Stock\trading_analysis\10_来源库_SOURCE_LIBRARY\00_交易系统书籍\01_期货市场技术分析_墨菲\archive\
	    新文件    		   69307	book1_ch04_STEP_B_切片提炼.md
	    新文件    		    6580	墨菲_STATE_TEMPLATE_V1_最终版_19切片.md
	    新文件    		    8569	墨菲_STEP_B_ch05_ch06_ch10_ch16_批次2.md
	    新文件    		    9439	墨菲_STEP_B_ch07_ch06_ch10_批次3.md
	    新文件    		    4684	墨菲_STEP_C_滚动合并_第2批_14切片.md
	  新目录          16	D:\Stock\trading_analysis\10_来源库_SOURCE_LIBRARY\00_交易系统书籍\01_期货市场技术分析_墨菲\raw_chapters\
	    新文件    		   37755	第一章_技术分析的理论基础.md
	    新文件    		   37576	第七章_交易量和持仓兴趣.md
	    新文件    		   14909	第三章_图表简介.md
	    新文件    		   45220	第九章_移动平均线.md
	    新文件    		   15474	第二章_道氏理论.md
	    新文件    		   40257	第五章_主要反转形态.md
	    新文件    		   26186	第八章_长期图表和商品指数.md
	    新文件    		   37492	第六章_持续形态.md
	    新文件    		   31823	第十一章_日内点数图.md
	    新文件    		   43279	第十三章_艾略特波浪理论.md
	    新文件    		   25934	第十二章_三点转向和优化点数图.md
	    新文件    		   42452	第十五章_计算机和交易系统.md
	    新文件    		   96856	第十六章_资金管理和交易策略.md
	    新文件    		   42778	第十四章_时间周期.md
	    新文件    		   52613	第十章_摆动指数和相反意见理论.md
	    新文件    		   54279	第四章_趋势的基本概念.md
	  新目录           3	D:\Stock\trading_analysis\10_来源库_SOURCE_LIBRARY\00_交易系统书籍\02_通向财务自由之路_VanTharp\
	    新文件    		   19466	book2_通向财务自由之路_STEP_A_B_切片提炼.md
	    新文件    		    6649	VT_4条NEED_EVIDENCE_补齐方案.md
	    新文件    		   11072	任务1_通向财务自由之路_14条锚点补齐.md
	  新目录           2	D:\Stock\trading_analysis\10_来源库_SOURCE_LIBRARY\00_交易系统书籍\02_通向财务自由之路_VanTharp\archive\
	    新文件    		    5115	任务1_VT_4条缺锚点_最终补齐.md
	    新文件    		    5103	任务1_VT_4条缺锚点_补齐.md
	  新目录          93	D:\Stock\trading_analysis\10_来源库_SOURCE_LIBRARY\00_交易系统书籍\02_通向财务自由之路_VanTharp\vt_images\
	    新文件    		  439719	cover.jpeg
	    新文件    		   1.5 m	index-066_1.png
	    新文件    		  255936	index-100_1.png
	    新文件    		  262120	index-101_1.png
	    新文件    		  208587	index-102_1.png
	    新文件    		  247800	index-103_1.png
	    新文件    		  268732	index-104_1.png
	    新文件    		  226133	index-105_1.png
	    新文件    		  249271	index-106_1.png
	    新文件    		  243903	index-107_1.png
	    新文件    		  211044	index-108_1.png
	    新文件    		  183868	index-109_1.png
	    新文件    		  265043	index-10_1.png
	    新文件    		  189862	index-110_1.png
	    新文件    		  182003	index-111_1.png
	    新文件    		  240313	index-112_1.png
	    新文件    		  220391	index-113_1.png
	    新文件    		  247979	index-114_1.png
	    新文件    		  168668	index-115_1.png
	    新文件    		  197537	index-116_1.png
	    新文件    		  206608	index-117_1.png
	    新文件    		  256042	index-118_1.png
	    新文件    		  230449	index-119_1.png
	    新文件    		  252212	index-11_1.png
	    新文件    		  192399	index-120_1.png
	    新文件    		  203642	index-121_1.png
	    新文件    		  217856	index-122_1.png
	    新文件    		  246358	index-123_1.png
	    新文件    		  248209	index-124_1.png
	    新文件    		  253995	index-125_1.png
	    新文件    		  261048	index-126_1.png
	    新文件    		  252200	index-12_1.png
	    新文件    		  132869	index-13_1.png
	    新文件    		  163222	index-14_1.png
	    新文件    		  250628	index-15_1.png
	    新文件    		  213549	index-160_1.png
	    新文件    		  122855	index-165_1.png
	    新文件    		   1.6 m	index-167_1.png
	    新文件    		  164836	index-16_1.png
	    新文件    		  236086	index-170_1.png
	    新文件    		   1.3 m	index-171_1.png
	    新文件    		   1.4 m	index-172_1.png
	    新文件    		   1.5 m	index-173_1.png
	    新文件    		  195841	index-175_1.png
	    新文件    		  160805	index-17_1.png
	    新文件    		  221001	index-180_1.png
	    新文件    		  242985	index-18_1.png
	    新文件    		   85611	index-19_1.png
	    新文件    		  231965	index-1_1.jpg
	    新文件    		  173403	index-20_1.png
	    新文件    		  131561	index-213_1.png
	    新文件    		  133945	index-218_1.png
	    新文件    		  260764	index-21_1.png
	    新文件    		  201338	index-223_1.png
	    新文件    		  231908	index-228_1.png
	    新文件    		  159304	index-22_1.png
	    新文件    		  236442	index-230_1.png
	    新文件    		  160277	index-235_1.png
	    新文件    		  233475	index-238_1.png
	    新文件    		   80290	index-23_1.png
	    新文件    		  240128	index-241_1.png
	    新文件    		  114546	index-24_1.png
	    新文件    		  115336	index-25_1.png
	    新文件    		  106837	index-26_1.png
	    新文件    		  103760	index-27_1.png
	    新文件    		  204171	index-287_1.png
	    新文件    		  115403	index-28_1.png
	    新文件    		  237564	index-290_1.png
	    新文件    		   1.5 m	index-291_1.png
	    新文件    		   1.5 m	index-292_1.png
	    新文件    		   1.6 m	index-293_1.png
	    新文件    		  232657	index-294_1.png
	    新文件    		  208586	index-296_1.png
	    新文件    		   91901	index-29_1.png
	    新文件    		  248181	index-2_1.jpg
	    新文件    		  204087	index-301_1.png
	    新文件    		  212272	index-302_1.png
	    新文件    		  202538	index-307_1.png
	    新文件    		  121497	index-314_1.png
	    新文件    		  251280	index-320_1.png
	    新文件    		  218749	index-330_1.png
	    新文件    		  382142	index-3_1.png
	    新文件    		  209742	index-4_1.png
	    新文件    		  216784	index-51_1.png
	    新文件    		  240429	index-56_1.png
	    新文件    		  157732	index-5_1.png
	    新文件    		  216969	index-60_1.png
	    新文件    		  221107	index-64_1.png
	    新文件    		  339058	index-69_1.png
	    新文件    		  269092	index-6_1.png
	    新文件    		  269028	index-7_1.png
	    新文件    		   56921	index-8_1.png
	    新文件    		  177272	index-9_1.png
	  新目录          18	D:\Stock\trading_analysis\10_来源库_SOURCE_LIBRARY\00_交易系统书籍\03_交易系统与方法_Kaufman\
	    新文件    		    7199	Kaufman_STATE_TEMPLATE_V1_全书最终版_36切片.md
	    新文件    		    5868	Kaufman_STEP_B_ch02批次1.md
	    新文件    		    5596	Kaufman_STEP_B_ch03_道氏理论.md
	    新文件    		    7183	Kaufman_STEP_B_ch08_批次3.md
	    新文件    		   11775	Kaufman_STEP_B_ch09_ch12_批次4.md
	    新文件    		   12802	Kaufman_STEP_B_ch18_ch20_批次5.md
	    新文件    		    7884	Kaufman_STEP_B_ch21_批次6.md
	    新文件    		    8404	Kaufman_STEP_B_ch23_批次7.md
	    新文件    		    7476	Kaufman_STEP_B_ch24_批次8.md
	    新文件    		  145027	kaufman_toc_p10.jpg
	    新文件    		  142087	kaufman_toc_p11.jpg
	    新文件    		  146017	kaufman_toc_p12.jpg
	    新文件    		  144344	kaufman_toc_p13.jpg
	    新文件    		  131315	kaufman_toc_p14.jpg
	    新文件    		  150439	kaufman_toc_p15.jpg
	    新文件    		  128200	kaufman_toc_p16.jpg
	    新文件    		   95688	kaufman_toc_p9.jpg
	    新文件    		   11327	任务2_交易系统与方法_Kaufman_STEP_A.md
	  新目录           6	D:\Stock\trading_analysis\10_来源库_SOURCE_LIBRARY\00_交易系统书籍\03_交易系统与方法_Kaufman\archive\
	    新文件    		   10088	Kaufman_STATE_TEMPLATE_V1_最终版_32切片.md
	    新文件    		    8989	Kaufman_STEP_C_最终版_STATE_TEMPLATE_V1.md
	    新文件    		    2535	Kaufman_STEP_C_滚动合并_第1批.md
	    新文件    		    3893	Kaufman_STEP_C_滚动合并_第2批.md
	    新文件    		    5982	Kaufman_STEP_C_滚动合并_第3批_最终版.md
	    新文件    		    6623	Kaufman_STEP_C_滚动合并_第4批_完整版.md
	  新目录           4	D:\Stock\trading_analysis\10_来源库_SOURCE_LIBRARY\00_交易系统书籍\04_海龟交易法则\
	    新文件    		    6793	海龟交易法则_STEP_B_切片提炼_批次1.md
	    新文件    		    5933	海龟交易法则_STEP_B_切片提炼_批次2.md
	    新文件    		    6786	海龟交易法则_STEP_B_切片提炼_批次3.md
	    新文件    		    6732	海龟交易法则_STEP_C_最终合并版_一页纸规则壳.md
	  新目录           2	D:\Stock\trading_analysis\10_来源库_SOURCE_LIBRARY\00_交易系统书籍\99_流程模板\
	    新文件    		   12718	三本书_STEP_A_切片计划.md
	    新文件    		   10939	三本书_STEP_C_滚动合并与锚点补齐.md
	  新目录           0	D:\Stock\trading_analysis\10_来源库_SOURCE_LIBRARY\00_周期女王\
	  新目录           9	D:\Stock\trading_analysis\10_来源库_SOURCE_LIBRARY\00_周期女王\01_万法归一系统课程\
	    新文件    		   88486	20240122用势交易_ev.mp4_导出.md
	    新文件    		   99102	20240128用状态交易_ev.mp4_导出.md
	    新文件    		   53753	20240204用状态交易_ev.mp4_导出.md
	    新文件    		   75532	20240225余温与孕化阶段的识别与应对_ev.mp4_导出.md
	    新文件    		   64328	20240303确认攻击的识别与把握_ev.mp4_导出.md
	    新文件    		   58646	20240310翻倍个股的表现形式_ev.mp4_导出.md
	    新文件    		   60072	20240317万法归一的应对思维_ev.mp4_导出.md
	    新文件    		   63067	20240324用状态交易-实战篇_ev.mp4_导出.md
	    新文件    		   64682	20240331万法归一完结篇_ev.mp4_导出.md
	  新目录          18	D:\Stock\trading_analysis\10_来源库_SOURCE_LIBRARY\00_周期女王\02_周期自然之力\
	    新文件    		    3610	1.看盘界面设置_ev.mp4_导出.md
	    新文件    		   33888	10.自然之力   用势交易_ev.mp4_导出.md
	    新文件    		   13460	11.自然之力   实战应对_ev.mp4_导出.md
	    新文件    		   14283	12.自然之力  仓随势动_ev.mp4_导出.md
	    新文件    		   15500	13.自然之力  九死一生_ev.mp4_导出.md
	    新文件    		   21277	14.自然之力  以一多元_ev.mp4_导出.md
	    新文件    		   28613	2.道法术器_ev.mp4_导出.md
	    新文件    		   27079	3.女王复盘日常_ev.mp4_导出.md
	    新文件    		    8538	4.发书了课本导图模板提取_ev.mp4_导出.md
	    新文件    		   39478	5.缘起心法_ev.mp4_导出.md
	    新文件    		   25346	6.自然之力  效法天地_ev.mp4_导出.md
	    新文件    		   42391	7.自然之力、用状态交易_ev.mp4_导出.md
	    新文件    		   25804	8.自然之力、用状态交易_ev.mp4_导出.md
	    新文件    		   43614	9.自然之力、落到实处看个股_ev.mp4_导出.md
	    新文件    		   14953	十日区间涨幅榜多轨迹同列方法_ev.mp4_导出.md
	    新文件    		   11364	十日区间看盘界面设置_ev.mp4_导出.md
	    新文件    		    6942	手机如何设置10日区间涨幅_ev.mp4_导出.md
	    新文件    		   19405	新人入圈怎么学_ev.mp4_导出.md
	  新目录           8	D:\Stock\trading_analysis\10_来源库_SOURCE_LIBRARY\00_周期女王\03_个股案例拆解\
	    新文件    		   25099	10月11月永贵森远个股案例拆解.mp4_导出.md
	    新文件    		   35380	11月12月天威视讯东安动力案例拆解.mp4_导出.md
	    新文件    		   32505	6月接7月   中马传动  德迈士  众泰汽车个股案例拆解.mp4_导出.md
	    新文件    		   36856	7月中央商场个股案例拆解.mp4_导出.md
	    新文件    		   24302	8月 环保之战  个股案例拆解.mp4_导出.md
	    新文件    		   21128	9月 我乐家居  个股案例拆解.mp4_导出.md
	    新文件    		   18845	9月下旬  常山药业 个股案例拆解.mp4_导出.md
	    新文件    		   28023	9月中旬通化金马个股案例拆解.mp4_导出.md
	  新目录          28	D:\Stock\trading_analysis\10_来源库_SOURCE_LIBRARY\00_周期女王\04_临盘和复盘视频\
	    新文件    		   19840	20240505女王复盘日常.mp4_导出.md
	    新文件    		   19735	20240506女王临盘日常.mp4_导出.md
	    新文件    		   20548	20240506女王复盘日常.mp4_导出.md
	    新文件    		   21951	20240507女王临盘日常.mp4_导出.md
	    新文件    		   20692	20240507女王复盘日常.mp4_导出.md
	    新文件    		   18917	20240508女王临盘日常.mp4_导出.md
	    新文件    		   18319	20240508女王复盘日常.mp4_导出.md
	    新文件    		   21557	20240509女王临盘日常.mp4_导出.md
	    新文件    		   22030	20240509女王临盘日常_ev.mp4_导出.md
	    新文件    		   21523	20240509女王复盘日常.mp4_导出.md
	    新文件    		   20854	20240509女王复盘日常_ev.mp4_导出.md
	    新文件    		   24816	20240511女王复盘日常.mp4_导出.md
	    新文件    		   22356	20240513女王临盘日常.mp4_导出.md
	    新文件    		   15444	20240513女王复盘日常.mp4_导出.md
	    新文件    		   24903	20240514女王临盘日常.mp4_导出.md
	    新文件    		   17365	20240514女王复盘日常.mp4_导出.md
	    新文件    		   17117	20240515女王复盘日常.mp4_导出.md
	    新文件    		   16053	20240516女王临盘日常.mp4_导出.md
	    新文件    		   14011	20240516女王复盘日常.mp4_导出.md
	    新文件    		   19329	20240519女王复盘日常.mp4_导出.md
	    新文件    		   17377	20240520女王临盘日常.mp4_导出.md
	    新文件    		   17723	20240520女王复盘日常.mp4_导出.md
	    新文件    		   22350	20240521女王临盘日常.mp4_导出.md
	    新文件    		   14353	20240521女王复盘日常.mp4_导出.md
	    新文件    		   17087	20240522女王临盘日常.mp4_导出.md
	    新文件    		   12395	20240522女王复盘日常.mp4_导出.md
	    新文件    		   19423	20240523女王临盘日常.mp4_导出.md
	    新文件    		   17148	20240523女王复盘日常.mp4_导出.md
	  新目录           4	D:\Stock\trading_analysis\10_来源库_SOURCE_LIBRARY\00_周期女王\99_可用规则壳\
	    新文件    		   33364	周期状态系统规则壳.md
	    新文件    		   26136	周期状态系统规则壳_个股案例拆解.md
	    新文件    		   19663	周期状态系统规则壳_临盘复盘视频.md
	    新文件    		   31951	周期状态系统规则壳_自然之力.md
	  新目录           0	D:\Stock\trading_analysis\10_来源库_SOURCE_LIBRARY\00_外部公开资料与方法论参考\
	  新目录          57	D:\Stock\trading_analysis\10_来源库_SOURCE_LIBRARY\00_外部公开资料与方法论参考\01_外部公开指标资料_Batch9\
	    新文件    		    8897	00_本批说明与多AI能力画像.md
	    新文件    		     570	Batch9_P0_统一字段_CSV样例空表_v1.csv
	    新文件    		    5063	Batch9_P0_统一字段_CSV草案_v1.csv
	    新文件    		    7875	Batch9_P0_统一落盘草案总表_v1.md
	    新文件    		   10117	batch9_source_manifest.csv
	    新文件    		    8336	Batch9_外部AI补源评估_v1.md
	    新文件    		    5779	Batch9_字段落盘优先级清单_v1.md
	    新文件    		    5458	Batch9_待用户手动补网页清单_v1.md
	    新文件    		    7718	Batch9_批次收口与四分流_v1.md
	    新文件    		    4278	Batch9_指标字段总表_v1.md
	    新文件    		   12328	Batch9_标准字段名到实际落盘名映射表_v1.md
	    新文件    		    5657	Batch9_统一字段命名规范_v1.md
	    新文件    		   11753	Batch9_统一字段索引表_v1.md
	    新文件    		    1903	n01_p0_contract_notes_v1.md
	    新文件    		     150	n01_p0_field_header_v1.txt
	    新文件    		     282	n01_p0_field_sample_v1.csv
	    新文件    		    4286	n02_ib_contract_notes_v1.md
	    新文件    		    2183	n02_p0_contract_notes_v1.md
	    新文件    		     266	n02_p0_field_header_v1.txt
	    新文件    		     463	n02_p0_field_sample_v1.csv
	    新文件    		   18472	REOPEN_B9_N01_VOL_STATE_P0_批次推进记录_v1.md
	    新文件    		    4596	REOPEN_B9_N01_VOL_STATE_P0_最小实施草案_v1.md
	    新文件    		    4030	REOPEN_B9_N01_VOL_STATE_P0_真实字段输出路径草案_v1.md
	    新文件    		    5246	REOPEN_B9_N02_GBPUSD_M15_SLICE_DOWNSTREAM_WITHOUT_FAILED_BREAKOUT_P0_关系入口_v1.md
	    新文件    		    3000	REOPEN_B9_N02_GBPUSD_M15_SLICE_OR_BREAK_ONLY_BEYOND_MULTI_SESSION_PERSISTENCE_P0_关系入口_v1.md
	    新文件    		    3472	REOPEN_B9_N02_GBPUSD_M15_SLICE_OR_BREAK_ONLY_BEYOND_NEXT_SESSION_CONTINUATION_P0_关系入口_v1.md
	    新文件    		    3623	REOPEN_B9_N02_GBPUSD_M15_SLICE_OR_BREAK_ONLY_SAME_DAY_SESSION_CLOSE_P0_关系入口_v1.md
	    新文件    		    6847	REOPEN_B9_N02_IB_OBJECT_P0_对象入口_v1.md
	    新文件    		    4574	REOPEN_B9_N02_IB_OR_BREAK_BAR_EVIDENCE_P0_关系入口_v1.md
	    新文件    		    4381	REOPEN_B9_N02_IB_OR_CROSS_OUTCOME_SPLIT_P0_关系入口_v1.md
	    新文件    		    4526	REOPEN_B9_N02_IB_OR_FIRST_BREAK_RELATIVE_P0_关系入口_v1.md
	    新文件    		    5890	REOPEN_B9_N02_IB_OR_MULTI_SESSION_BRANCH_CARDS_P0_关系入口_v1.md
	    新文件    		    5602	REOPEN_B9_N02_IB_OR_MULTI_SESSION_PERSISTENCE_STABILITY_P0_关系入口_v1.md
	    新文件    		    5626	REOPEN_B9_N02_IB_OR_NEXT_SESSION_BRANCH_CARDS_P0_关系入口_v1.md
	    新文件    		    7307	REOPEN_B9_N02_IB_OR_NEXT_SESSION_CONTINUATION_STABILITY_P0_关系入口_v1.md
	    新文件    		    4860	REOPEN_B9_N02_IB_OR_POST_CROSS_PATH_P0_关系入口_v1.md
	    新文件    		    4762	REOPEN_B9_N02_IB_OR_RELATION_P0_关系入口_v1.md
	    新文件    		    4988	REOPEN_B9_N02_IB_OR_RETURN_INSIDE_AND_SESSION_CLOSE_SPLIT_P0_关系入口_v1.md
	    新文件    		    5151	REOPEN_B9_N02_IB_OR_SESSION_CLOSE_BRANCH_CARDS_P0_关系入口_v1.md
	    新文件    		    5150	REOPEN_B9_N02_IB_OR_THIRD_SAME_SESSION_BRANCH_CARDS_P0_关系入口_v1.md
	    新文件    		    6312	REOPEN_B9_N02_IB_OR_THIRD_SAME_SESSION_PERSISTENCE_STABILITY_P0_关系入口_v1.md
	    新文件    		    4444	REOPEN_B9_N02_IB_OR_THIRD_SAME_SESSION_TERMINAL_SUMMARY_P0_关系入口_v1.md
	    新文件    		   13313	REOPEN_B9_N02_IB_后续对象定义入口_v1.md
	    新文件    		    3963	REOPEN_B9_N02_OTHER_SYMBOL_OTHER_TIMEFRAME_VALIDATION_XAUUSD_M5_P0_关系入口_v1.md
	    新文件    		    3786	REOPEN_B9_N02_OTHER_SYMBOL_VALIDATION_XAUUSD_M1_TAIL_P0_关系入口_v1.md
	    新文件    		    3683	REOPEN_B9_N02_OTHER_TIMEFRAME_VALIDATION_EURUSD_M5_FALL_DST_P0_关系入口_v1.md
	    新文件    		    3200	REOPEN_B9_N02_SECOND_FX_SUBHOUR_HISTORICAL_RECOVERY_GBPUSD_M15_P0_关系入口_v1.md
	    新文件    		    2866	REOPEN_B9_N02_SECOND_FX_SUBHOUR_INPUT_ACQUISITION_P0_关系入口_v1.md
	    新文件    		    3027	REOPEN_B9_N02_SECOND_FX_SUBHOUR_INPUT_CACHE_RECOVERY_READY_P0_关系入口_v1.md
	    新文件    		    2682	REOPEN_B9_N02_SECOND_FX_SUBHOUR_INPUT_GATE_P0_关系入口_v1.md
	    新文件    		    3031	REOPEN_B9_N02_SECOND_FX_SUBHOUR_TERMINAL_EXPORT_INSUFFICIENT_P0_关系入口_v1.md
	    新文件    		    3818	REOPEN_B9_N02_SECOND_FX_SYMBOL_INPUT_GATE_GBPUSD_H1_P0_关系入口_v1.md
	    新文件    		   24981	REOPEN_B9_N02_SESSION_OR_P0_批次推进记录_v1.md
	    新文件    		    6245	REOPEN_B9_N02_SESSION_OR_P0_最小实施草案_v1.md
	    新文件    		    3997	REOPEN_B9_N02_SESSION_OR_P0_真实字段输出路径草案_v1.md
	    新文件    		    3727	REOPEN_B9_N02_WIDER_HISTORY_VALIDATION_EURUSD_M5_FROM_M1_P0_关系入口_v1.md
	    新文件    		    3487	strictMode_v3_监看清单_v1.md
	  新目录           1	D:\Stock\trading_analysis\10_来源库_SOURCE_LIBRARY\00_外部公开资料与方法论参考\01_外部公开指标资料_Batch9\A股指标整理区_待整理_N04_N05_N06\
	    新文件    		     799	README.md
	  新目录           0	D:\Stock\trading_analysis\10_来源库_SOURCE_LIBRARY\00_外部公开资料与方法论参考\01_外部公开指标资料_Batch9\batch9_sources_kimi\
	  新目录           3	D:\Stock\trading_analysis\10_来源库_SOURCE_LIBRARY\00_外部公开资料与方法论参考\01_外部公开指标资料_Batch9\batch9_sources_kimi\N01\
	    新文件    		    1382	02_gainzalgo_volatility_regimes_STATUS.md
	    新文件    		    5752	03_ag_pro_atr_compression_map_tradingview.md
	    新文件    		    5662	06_ttm_squeeze_pro_tradingview.md
	  新目录           3	D:\Stock\trading_analysis\10_来源库_SOURCE_LIBRARY\00_外部公开资料与方法论参考\01_外部公开指标资料_Batch9\batch9_sources_kimi\N01\strictMode_kimi_followup\
	    新文件    		    3249	OUTBOUND__strictMode_mechanism_v3.md
	    新文件    		    6784	OUTBOUND__strictMode_vs_close_overlap_v1.md
	    新文件    		    6109	OUTBOUND__strictMode_vs_close_overlap_v2.md
	  新目录           1	D:\Stock\trading_analysis\10_来源库_SOURCE_LIBRARY\00_外部公开资料与方法论参考\01_外部公开指标资料_Batch9\batch9_sources_kimi\N02\
	    新文件    		    6369	01_initial_balance_breakout_strategy_marketprofile.info.md
	  新目录           2	D:\Stock\trading_analysis\10_来源库_SOURCE_LIBRARY\00_外部公开资料与方法论参考\01_外部公开指标资料_Batch9\batch9_sources_kimi\N03\
	    新文件    		    6472	04_dots3red_regime_adaptive_smc_tradingview.md
	    新文件    		    6546	05_algo_aakash_bos_choch_tradingview.md
	  新目录          11	D:\Stock\trading_analysis\10_来源库_SOURCE_LIBRARY\00_外部公开资料与方法论参考\01_外部公开指标资料_Batch9\N01_波动率状态机\
	    新文件    		    6430	AG_Pro_ATR_Compression_Map__page_excerpt.md
	    新文件    		    2599	ATR_Regime_Study__CHE__page_excerpt.md
	    新文件    		    7558	N01_P0_字段落盘草案_v1.md
	    新文件    		    5120	N01_字段草案_v1.md
	    新文件    		    2800	N01_资料整理说明.md
	    新文件    		    4183	README__volscope.md
	    新文件    		    1194	Squeeze__MQL5__page_excerpt.md
	    新文件    		    1870	TTM-Squeeze-Pro__vijankush.pine
	    新文件    		    3532	TTM_Squeeze_Pro__TradingView_page_excerpt.md
	    新文件    		     754	TTM_Squeeze__Alorse.pine
	    新文件    		    4600	Volatility_Regimes__GainzAlgo__page_excerpt.md
	  新目录           7	D:\Stock\trading_analysis\10_来源库_SOURCE_LIBRARY\00_外部公开资料与方法论参考\01_外部公开指标资料_Batch9\N02_时段_开盘区间结构\
	    新文件    		    2381	Initial_Balance_Breakout__page_excerpt.md
	    新文件    		    6734	N02_P0_字段落盘草案_v1.md
	    新文件    		    5622	N02_字段草案_v1.md
	    新文件    		    1801	N02_资料整理说明.md
	    新文件    		   35270	opening_range_breakout__joveteo.pine
	    新文件    		   12033	README__joveteo_orb.md
	    新文件    		    8349	USER_GUIDE__joveteo_orb.md
	  新目录          11	D:\Stock\trading_analysis\10_来源库_SOURCE_LIBRARY\00_外部公开资料与方法论参考\01_外部公开指标资料_Batch9\N03_市场结构_突破质量_条件收集\
	    新文件    		    7574	BOS_CHOCH_Indicator__github.pine
	    新文件    		    1182	BOS_ChoCh_Market_Structure__page_excerpt.md
	    新文件    		    6645	CHOCH-BOS-ICT__gist.pine
	    新文件    		    1258	Failed_Breakout_Trading__page_excerpt.md
	    新文件    		    4324	Institutional_Market_Structure_BOS_CHoCH__algo_aakash__page_excerpt.md
	    新文件    		    8636	N03_P0_字段落盘草案_v1.md
	    新文件    		    5124	N03_字段草案_v1.md
	    新文件    		    2850	N03_资料整理说明.md
	    新文件    		    4077	Regime_Adaptive_SMC__Dots3Red__page_excerpt.md
	    新文件    		    2704	Smart_Money_Structure__GainzAlgo__page_excerpt.md
	    新文件    		    1341	SMC_Indicator__page_excerpt.md
	  新目录           0	D:\Stock\trading_analysis\10_来源库_SOURCE_LIBRARY\00_外部公开资料与方法论参考\02_外部视频与方法论参考\
	  新目录          42	D:\Stock\trading_analysis\10_来源库_SOURCE_LIBRARY\00_外部公开资料与方法论参考\02_外部视频与方法论参考\Norman_NFTRADEZ_ICT_Trader_NYC\
	    新文件    		   25157	10分钟理解机构订单流的底层逻辑 (fvg 篇）_导出.md
	    新文件    		   10984	3分钟告诉你，我是如何在开盘前预判今天走势的_导出.md
	    新文件    		   16479	5 分钟学会判断今天涨跌：Daily Bias 新手最强入门_导出.md
	    新文件    		   15152	5 分钟学会判断今天涨跌：复盘篇_导出.md
	    新文件    		   14432	6月8日 NQ 交易复盘_导出.md
	    新文件    		   14146	9 交易复盘）_导出.md
	    新文件    		   29137	90%的交易员都用错了 Breaker Block（底层逻辑解析）_导出.md
	    新文件    		    3623	NFTRADEZ_AGENT_STATUS__2026-06-23.md
	    新文件    		    5060	NFTRADEZ_KIMI_batch_README_v1.md
	    新文件    		    1237	NFTRADEZ_KIMI_concept_glossary_direct_message_v1.txt
	    新文件    		     944	NFTRADEZ_KIMI_concept_glossary_direct_message_v2__agentA.txt
	    新文件    		    3128	NFTRADEZ_KIMI_concept_glossary_manifest_v1.tsv
	    新文件    		    1303	NFTRADEZ_KIMI_concept_glossary_prompt_v1.txt
	    新文件    		    2265	NFTRADEZ_KIMI_concept_glossary_shrink_v1__imported.md
	    新文件    		    1313	NFTRADEZ_KIMI_premarket_template_direct_message_v1.txt
	    新文件    		     958	NFTRADEZ_KIMI_premarket_template_direct_message_v2__agentB.txt
	    新文件    		    2038	NFTRADEZ_KIMI_premarket_template_manifest_v1.tsv
	    新文件    		    4136	NFTRADEZ_KIMI_premarket_template_OUTBOUND__agentB__copy_paste_v1.txt
	    新文件    		    1292	NFTRADEZ_KIMI_premarket_template_prompt_v1.txt
	    新文件    		    3459	NFTRADEZ_KIMI_premarket_template_v1__imported.md
	    新文件    		   14262	Norman_NFTRADEZ_manifest_v1.tsv
	    新文件    		    4161	Norman_NFTRADEZ_吸收与分流_v1.md
	    新文件    		    3100	README.md
	    新文件    		   21093	“第四节｜Liquidity：小白第一次真正理解价格行为_导出.md
	    新文件    		   20955	一个视频教你用 80% 胜率 FVG 入场：机构算法从不告诉你的秘密_导出.md
	    新文件    		   16992	一个视频，让你彻底学会 FOMC 怎么交易_导出.md
	    新文件    		   17774	三根 K 线改变走势：看涨拒绝块的完美示范_导出.md
	    新文件    		   14659	他在 3 秒钟亏掉 $1500：你绝对不想经历的真实交易事故_导出.md
	    新文件    		   18246	做交易最核心的一课：理解这一点，你的交易会完全不一样_导出.md
	    新文件    		   10703	内部外部流动性讲解_导出.md
	    新文件    		   15966	别再瞎交易！机构用的订单块 OB，我今天一次讲透_导出.md
	    新文件    		   12621	我是如何在10分钟内亏损 $5,357 的｜一次值得复盘的交易_导出.md
	    新文件    		   16923	我是如何失去 $10,000 浮盈的｜低概率环境下最重要的一课_导出.md
	    新文件    		   13147	我是如何用 ICT 在 1 小时内做到 $5,000 盈利的（完整交易逻辑）_导出.md
	    新文件    		   12802	我是如何用15分钟赚到 $6,827 的（完整交易复盘）_导出.md
	    新文件    		   16767	机构算法的秘密：如何提前抓到市场的顶部与底部？（SMT篇）_导出.md
	    新文件    		   14347	独角兽模型到底有多强？本周出现次数直接说明一切_导出.md
	    新文件    		   15133	看懂结构，你就能看懂趋势：小白入门第二课_导出.md
	    新文件    		   16166	看懂蜡烛图，你就能看懂市场：小白入门第一课_导出.md
	    新文件    		   23631	第三节｜看懂 BOS，你就能看懂趋势_导出.md
	    新文件    		   16572	这就是情绪化交易：17笔冲动操作如何毁掉一个账户_导出.md
	    新文件    		   23787	送你一套能直接实盘的交易系统 + 评级测评体系（免费领取）_导出.md
	  新目录           2	D:\Stock\trading_analysis\10_来源库_SOURCE_LIBRARY\00_外部公开资料与方法论参考\02_外部视频与方法论参考\Smile_SMC交易系统2_0\
	    新文件    		    7375	Smile_SMC交易系统2_0_吸收与总纲_v1.md
	    新文件    		    4115	Smile_SMC交易系统2_0_逐帧运行过程_文字化_v1.md
	  新目录           2	D:\Stock\trading_analysis\10_来源库_SOURCE_LIBRARY\00_外部公开资料与方法论参考\02_外部视频与方法论参考\Smile_SMC交易系统2_0\raw_materials\
	    新文件    		   36647	一套完整的加密货币交易系统2.0公开上集.md
	    新文件    		   42918	一套完整的加密货币交易系统2.0公开下集.md
	  新目录          27	D:\Stock\trading_analysis\10_来源库_SOURCE_LIBRARY\00_外部公开资料与方法论参考\02_外部视频与方法论参考\Smile_SMC交易系统2_0\raw_materials\video_screenshots\
	    新文件    		  987993	1.png
	    新文件    		   1.2 m	10.png
	    新文件    		   1.2 m	11.png
	    新文件    		   1.1 m	12.png
	    新文件    		   1.1 m	13.png
	    新文件    		   1.0 m	14.png
	    新文件    		   1.0 m	15.png
	    新文件    		  953448	16.png
	    新文件    		  963427	17.png
	    新文件    		 1041310	18.png
	    新文件    		   1.4 m	19.png
	    新文件    		 1002072	2.png
	    新文件    		   1.4 m	20.png
	    新文件    		   1.2 m	21.png
	    新文件    		   1.1 m	22.png
	    新文件    		   1.1 m	23.png
	    新文件    		   1.1 m	24.png
	    新文件    		   1.0 m	25.png
	    新文件    		   1.0 m	26.png
	    新文件    		  946089	27.png
	    新文件    		 1013712	3.png
	    新文件    		  926180	4.png
	    新文件    		  955184	5.png
	    新文件    		  962400	6.png
	    新文件    		  949699	7.png
	    新文件    		   1.4 m	8.png
	    新文件    		   1.4 m	9.png
	  新目录           1	D:\Stock\trading_analysis\10_来源库_SOURCE_LIBRARY\00_大隐体系\
	    新文件    		    7822	大隐体系_一级索引与可重开候选_v1.md
	  新目录          11	D:\Stock\trading_analysis\10_来源库_SOURCE_LIBRARY\00_大隐体系\0)stochastic oscillator指标组的各种讲解\
	    新文件    		   37505	0.stochastic oscillator指标组实战应用详细讲解.mp4.md
	    新文件    		   34717	1.[专业技术课]stochastic oscillator指标组的深入讲解.mp4.md
	    新文件    		   29542	2.持仓量指标概念、使用方法与规则在期货交易中的应用.mp4.md
	    新文件    		   37674	3.[精华尽出]stochastic oscillator指标组设计思想、应用方法详解.mp4.md
	    新文件    		   19093	4.stochastic oscillator指标组钝化后涨跌判断诀窍.mp4.md
	    新文件    		    7144	5.如何在MT4软件上,建立和设置stochastic oscillator(KD)指标和指标模板.mp4.md
	    新文件    		   12507	6.关于如何把股票走势图移植到MT4软件上,stochastic oscillator指标组和指标模板应用的问题,并对股票、期货、外汇等全市场品种指标组和指标模板的建立和使用方法做了较为详尽的介绍.mp4.md
	    新文件    		   12032	7.如何对比分析不同品种之间的走势差异和强弱牛熊.mp4.md
	    新文件    		  153727	8_1.四句指标组口诀.jpg
	    新文件    		  127112	8_2.四句指标组口诀.jpg
	    新文件    		    8829	9.指标组口诀的视频教学课程.mp4.md
	  新目录          38	D:\Stock\trading_analysis\10_来源库_SOURCE_LIBRARY\00_大隐体系\1)大隐时空波浪相关课程视频\
	    新文件    		   37297	1.大隐时空波浪基础课讲座.mp4.md
	    新文件    		   12569	10.有关用力度线做空铁矿石的相关技术问题.mp4.md
	    新文件    		    7328	11.怎么对日线级别的英镑美元加减仓.mp4.md
	    新文件    		   11619	12.欧元美元和美元指数未来几周的走势预测和推演.mp4.md
	    新文件    		    6054	13.有关美原油指数未来走势的问题.mp4.md
	    新文件    		    7869	14.有关比特币周线行情判断问题.mp4.md
	    新文件    		   19166	15.大隐波浪理论基础课：波浪理论无法克服的致命软肋.mp4.md
	    新文件    		    9074	16.详细讲解天王山K线.mp4.md
	    新文件    		   15907	17.深度解盘日元走势和实盘做多日元及未来如何加仓等问题.mp4.md
	    新文件    		   25045	18.专业辅导课：如何在临盘中发现天王山K线并进行交易.mp4.md
	    新文件    		   26991	19.如何用大隐ABC波浪数浪规则进行数浪.mp4.md
	    新文件    		   23236	2.级别与数浪.mp4.md
	    新文件    		   22536	20.三波涨跌和五波涨跌对后市走势的影响(大隐ABC波浪专业课).mp4.md
	    新文件    		   17453	21.小转大条件下的大隐二维时空波浪技术.mp4.md
	    新文件    		   12966	22.小教学课程：用锰硅指数做经典案例,讲解浪形和时间周期的关系.mp4.md
	    新文件    		   13034	23.如何对PTA2101进行大隐二维时空技术分析.mp4.md
	    新文件    		   20084	24.短C浪及其后续变化.mp4.md
	    新文件    		   12509	25.如何确定大B浪及大B浪结束的标准判断是什么.mp4.md
	    新文件    		   19819	26.[大隐波浪教学课]如何提前判断和确定C浪的大小.mp4.md
	    新文件    		   24074	27.[专业基础课]如何确定动态和静态压力支撑位.mp4.md
	    新文件    		   15173	28.[大隐二维时空波浪关键课程]如何正确使用对称角度线,如何正确应用黄金分割线进行B转A判断.mp4.md
	    新文件    		   19099	29.大隐二维时空波浪理论专业基础课.mp4.md
	    新文件    		    9428	3.支撑or压力位反复测试后的方向判断.mp4.md
	    新文件    		   19225	30.[大隐二维时空波浪进阶课程]如何在大趋势过程中拿住趋势单(中继楔形在趋势过程中的作用).mp4.md
	    新文件    		   19098	31.[大隐二维时空波浪提高课程]中继楔形的动力学原理及其实战中的应用.mp4.md
	    新文件    		   14415	32.有关BTC走势的相关问题,讲解双短C浪和反向双短C浪的情况和特点.mp4.md
	    新文件    		   15167	33.[专业技术课]双短C浪的形成与大B浪的关系.mp4.md
	    新文件    		    7789	34.B转A概念的复习、提高、加强.mp4.md
	    新文件    		   16416	35.[大隐二维时空波浪基础课教学]如何用好对称角度线进行技术分析.mp4.md
	    新文件    		   20192	36.[大隐二维时空波浪重要内容]各级别顶底判断和确认技术.mp4.md
	    新文件    		   18427	37_1.顶底判断确认技术的提高与综合,如何在实战中进行中继和反转的正确判断.mp4.md
	    新文件    		  293727	37_2.关键分形点 普通分形点.jpg
	    新文件    		    8777	4.伦镍综合下一步走势会怎样.mp4.md
	    新文件    		   40518	5.美元日元实盘操作.mp4.md
	    新文件    		    7791	6.如何确定是大B浪本身还是大B浪的内部子浪.mp4.md
	    新文件    		    9933	7.B浪时间和空间成立的标准是什么.mp4.md
	    新文件    		   32701	8.力度线应用原理.mp4.md
	    新文件    		    4534	9.有关B浪与级别的问题.mp4.md
	  新目录          39	D:\Stock\trading_analysis\10_来源库_SOURCE_LIBRARY\00_大隐体系\2)大隐於朝二维时空技术讲座系列\
	    新文件    		    9882	10.伦镍综合下一步走势会怎样.mp4.md
	    新文件    		   16732	11.对称角度线和力度线完美配合下的白糖指数走势案例讲解.mp4.md
	    新文件    		   12208	12.怎么样对赖皮B后的走势进行数浪.mp4.md
	    新文件    		    9766	13.[大隐二维时空技术基础课]B转A.mp4.md
	    新文件    		   12402	14.对称角度线和黄金分割详尽分析美糖11号指数.mp4.md
	    新文件    		   19353	15.[大隐二维时空技术基础课精华]时间完美和时间背离.mp4.md
	    新文件    		   20473	16.大A浪对应的调整时间和空间,与大A浪及内部子浪的相互关系.mp4.md
	    新文件    		   18380	17.[教学视频]如何在实盘中临盘快速区分终结楔形与中继楔形.mp4.md
	    新文件    		   18347	18.[实战教学课]反手原理(铁矿石2009的反手做多经典案例).mp4.md
	    新文件    		   24956	19.[进阶课程]如何进行技术分析,判断和推演未来走势.mp4.md
	    新文件    		  493738	1_1.强A浪和深A浪的区别和相互关系(第一课).jpg
	    新文件    		  159274	1_2.强A浪和深A浪的区别和相互关系(第一课).jpg
	    新文件    		   18395	20.[教学课]对美原油进行综合性技术分析及走势推演.mp4.md
	    新文件    		   12621	21.[教学课]大隐理论VS传统突破理论,讲解鸡蛋的上涨突破.mp4.md
	    新文件    		   11394	22.[教学视频]用正确的级别观念去判断未来价格运动可能出现的级别.mp4.md
	    新文件    		   10729	23.价格运动的多空方向蕴含的内在本质是否有区别.mp4.md
	    新文件    		   11732	24.[教学课]趋势逆转的转弯半径.mp4.md
	    新文件    		   21178	25.[专业基础课程]如何理解和应用涨跌时空升级问题.mp4.md
	    新文件    		    5809	26.趋势逆转的必要条件和充分条件.mp4.md
	    新文件    		    6923	27.[实战技能]关于大隐二维时空升级不升级的补充教学视频.mp4.md
	    新文件    		   11725	28.[综合课]如何在缓涨但大涨的图形中进场.mp4.md
	    新文件    		   17410	29.应用Forex Tester2复盘软件进行各级别走势的复盘及进出场和加减仓训练的简明教程.mp4.md
	    新文件    		  816180	2_1.强A浪和深A浪的区别和相互关系(第二课).jpg
	    新文件    		  116387	2_2.强A浪和深A浪的区别和相互关系(第二课).jpg
	    新文件    		   12867	3.[第三课]浪形强弱判断工具(对称角度线).mp4.md
	    新文件    		   14264	30.有关纯碱2105走势相关问题,对走势变化与天王山K线出现的相互关系作详尽的讲解和推演.mp4.md
	    新文件    		   31119	31.[教学视频课]大隐二维时空波浪数浪规则和指引.mp4.md
	    新文件    		   17179	32.如何捕捉暴涨品种专题课.mp4.md
	    新文件    		    9667	33.[教学视频]一线定乾坤之天王山K线的转折性作用.mp4.md
	    新文件    		   35851	34.[大隐复盘指导课]如何进行高效复盘,复盘中要掌握的是哪些东西.mp4.md
	    新文件    		   26751	35.[大隐二维时空波浪课程]对称角度线升级版：变异角度线技术原理以及使用要领.mp4.md
	    新文件    		  210059	4_1.有关文华指数的日线和周线走势预测推演图.jpg
	    新文件    		  141601	4_2.有关文华指数的日线和周线走势预测推演图.jpg
	    新文件    		  145183	4_3.有关文华指数的日线和周线走势预测推演图.jpg
	    新文件    		   41419	5.[第四课]结合实战讲解对称角度线.mp4.md
	    新文件    		   23705	6.[第五课]如何用堆成角度线和stochastic oscillator指标组进场和加仓.mp4.md
	    新文件    		   24493	7.级别于对称角度线之二.mp4.md
	    新文件    		    5789	8.级别与对称角度线之三.mp4.md
	    新文件    		   28351	9.大隐波浪四种浪形的划分以及对ABC三浪的定义.mp4.md
	  新目录          17	D:\Stock\trading_analysis\10_来源库_SOURCE_LIBRARY\00_大隐体系\3)大隐交易系统\
	    新文件    		   24351	1.大隐操作系统详细讲解和进出场条件规定.mp4.md
	    新文件    		   18606	10.[实战精华课程]欧元美元多头走势中的不断加仓.mp4.md
	    新文件    		   12599	11.[实战加仓技能详尽讲解]如何在五分钟图表中进场加仓.mp4.md
	    新文件    		   17924	12.[进场和加仓必杀技]如何进场和加仓详细讲解.mp4.md
	    新文件    		    8947	13.[实盘讲解]我是如何不断加仓做多棕榈油的操作细节详解.mp4.md
	    新文件    		   18448	14[.大隐交易系统之三和精髓]追涨杀跌加仓系统的原理和实战案例详解.mp4.md
	    新文件    		   12339	15.[教学视频]如何在2B进行抄底加仓,2020年8月12日多头抄底欧元讲解.mp4.md
	    新文件    		   29293	16.[最重要的课程]交易方法论,如何快速和正确地建立起自己的分析系统和交易系统并将二者严格区分开来,并以此为基础稳定盈利.mp4.md
	    新文件    		   13965	17.[实战操作教学必修课]如何克服恐高症进行华丽加仓和不断浮盈加仓.mp4.md
	    新文件    		   28059	2.用大隐交易系统做空铁矿石1909的进出场、加仓经典案例的讲解.mp4.md
	    新文件    		   23416	3.实时解盘2020年4月13日铁矿石2009走势,并给出应采取的交易策略.mp4.md
	    新文件    		   23019	4.大隐交易系统进出场条件视频答疑课.mp4.md
	    新文件    		    9963	5.2020年4月15日早间对英镑美元走势的解盘和未来走势推演.mp4.md
	    新文件    		   10211	6.2020年4月17日早间对比特币短中长势的点评.mp4.md
	    新文件    		   21081	7.[专业答疑课]小转大与走势成长的相互关系.mp4.md
	    新文件    		   10714	8.如何摸顶日元C浪(2B)顶部.mp4.md
	    新文件    		   28045	9.[高阶交易技术]对称角度线、形态与安全加仓法深度融合技术.mp4.md
	  新目录           8	D:\Stock\trading_analysis\10_来源库_SOURCE_LIBRARY\00_大隐体系\4)大隐波段交易技术专栏\
	    新文件    		   27497	1.[大隐波段交易基础课]三种调整浪与后市上涨波段的关系.mp4.md
	    新文件    		   11390	2.[大隐二维时空波浪基础课重要补充]大B浪时空大小对大C浪时空大小的影响和作用.mp4.md
	    新文件    		   21372	3.[波段操作课程]如何第一时间发现大级别顶底,以及如何在大趋势中做趋势和波段.mp4.md
	    新文件    		   31441	4.欧美四小时级别波段操作教学视频课程.mp4.md
	    新文件    		   14750	5.[重要课程]波段操作规则和禁忌,波段操作必备的基本功.mp4.md
	    新文件    		   25985	6.[重要波段操作技术课]如何用小引大技术进行波段顶底的抄底摸顶.mp4.md
	    新文件    		   14345	7.[交易基础课]同板块品种涨跌时参与品种的选择原则.mp4.md
	    新文件    		   17738	8.[波段进场提高课]深入浅出讲解根据大隐波段形态技术进场典型案例,收割波段利润的技术和方法.mp4.md
	  新目录          18	D:\Stock\trading_analysis\10_来源库_SOURCE_LIBRARY\00_大隐体系\5)超短、拔头皮技术课程\
	    新文件    		   19608	1.[最重要的超短技术课程]超短与拔头皮技术基础课之一.mp4.md
	    新文件    		  264364	10_1.如何右侧进场抓起爆点.jpg
	    新文件    		  113016	10_2.如何右侧进场抓起爆点.jpg
	    新文件    		   95944	10_3.如何右侧进场抓起爆点.jpg
	    新文件    		   26790	11.[重磅教学课程]震荡行情中的反手交易.mp4.md
	    新文件    		   39823	2.[超短与拔头皮基础课之二]超短线技术工具的使用规则和用法详解.mp4.md
	    新文件    		   45331	3.[超短基础课第三课之加强课]如何进行正确的超短技术分析、判断、交易,引导和启发如何站在专业角度上去分析、判断、交易铁矿石2109的超短线.mp4.md
	    新文件    		  218899	4_1.今天开盘后的铁矿石2109应该如何做十秒钟周期反弹.jpg
	    新文件    		  171412	4_2.今天开盘后的铁矿石2109应该如何做十秒钟周期反弹.jpg
	    新文件    		  278799	5_1.棕榈油2109反弹后的动态支阻、颈线位画法.jpg
	    新文件    		  148510	5_2.棕榈油2109反弹后的动态支阻、颈线位画法.jpg
	    新文件    		   18430	6.[超短加强课]如何进行突破加仓或反手.mp4.md
	    新文件    		  220999	7_1.多头介入英镑的固定套路.jpg
	    新文件    		  118546	7_2.多头介入英镑的固定套路.jpg
	    新文件    		  288019	8_1.固定的进场套路中必须注意的问题.jpg
	    新文件    		  144311	8_2.固定的进场套路中必须注意的问题.jpg
	    新文件    		  173264	9_1.有关铜暴涨的套路和最佳进场位置.jpg
	    新文件    		  101788	9_2.有关铜暴涨的套路和最佳进场位置.jpg
	  新目录           1	D:\Stock\trading_analysis\10_来源库_SOURCE_LIBRARY\00_大隐体系\6)综合技术专栏\
	    新文件    		   12461	1.[综合技术课程]震荡格局中的压力支撑位与力度线的关系和应用.mp4.md
	  新目录          61	D:\Stock\trading_analysis\10_来源库_SOURCE_LIBRARY\00_指标定义&公式\
	    新文件    		    5600	01  趋势线 (最基本的技术手段)_来自一牛一熊谓之道.txt
	    新文件    		   12962	02  阻速线 (时空体系)_来自一牛一熊谓之道.txt
	    新文件    		   32007	04  通道四象 (通道一元论的展开)_来自一牛一熊谓之道.txt
	    新文件    		    1533	07：随笔三_来自一牛一熊谓之道.txt
	    新文件    		    1348	07：随笔二_来自一牛一熊谓之道.txt
	    新文件    		    1211	07：随笔四_来自一牛一熊谓之道.txt
	    新文件    		    2170	08：随笔七_来自一牛一熊谓之道.txt
	    新文件    		     850	08：随笔五_来自一牛一熊谓之道.txt
	    新文件    		   11075	08：随笔八_来自一牛一熊谓之道.txt
	    新文件    		    3758	08：随笔六_来自一牛一熊谓之道.txt
	    新文件    		    2779	09：随笔十_来自一牛一熊谓之道.txt
	    新文件    		    3910	09：随笔十一_来自一牛一熊谓之道.txt
	    新文件    		   15666	0_Harmony_06.mq4
	    新文件    		    6172	a_ZZ.mq4
	    新文件    		   16225	GAS五里神马.docx
	    新文件    		   44032	GAS五里趋势.docx
	    新文件    		  171024	GAS五里金山.docx
	    新文件    		   13929	GAS八字箴言.docx
	    新文件    		   14712	GAS否极泰来.docx
	    新文件    		   14656	GAS回头是岸.docx
	    新文件    		   13676	GAS归真返璞.docx
	    新文件    		   13703	GAS物极必反.docx
	    新文件    		   13753	GAS觅庄建仓.docx
	    新文件    		   14490	GAS逆来顺受.docx
	    新文件    		   14367	GAS随波逐流.docx
	    新文件    		   13900	GAS高山低谷.docx
	    新文件    		    6187	MT指标家族映射_v1.md
	    新文件    		    7180	Stochastic.mq4
	    新文件    		    6319	VoltyChannel_Stop_v2_1M.mq4
	    新文件    		   58547	ZUP_v15[1][1].1.mq4
	    新文件    		    2183	[K线附属指标]审时度势_来自神奇数字和通用数字指标[文华].txt
	    新文件    		    2174	[K线附属指标]审时度势_来自神奇数字系列指标[文华].txt
	    新文件    		    3597	[K线附属指标]明镜非台_来自2.0神奇数字指标[文华].txt
	    新文件    		    5066	[K线附属指标]明镜非台_来自神奇数字和通用数字指标[文华].txt
	    新文件    		    3388	[K线附属指标]明镜非台_来自神奇数字系列指标[文华].txt
	    新文件    		    3617	[K线附属指标]明镜非台_来自神奇数字系列指标[文华]2.0.txt
	    新文件    		    1469	[K线附属指标]绳趋尺步_来自2.0神奇数字指标[文华].txt
	    新文件    		     933	[K线附属指标]绳趋尺步_来自神奇数字系列指标[文华].txt
	    新文件    		     854	[K线附属指标]绳趋尺步_来自神奇数字系列指标[文华]2.0.txt
	    新文件    		     375	[K线附属指标]菩提无树_来自神奇数字和通用数字指标[文华].txt
	    新文件    		     366	[K线附属指标]菩提无树_来自神奇数字系列指标[文华].txt
	    新文件    		    1390	[K线附属指标]进退有度_来自2.0神奇数字指标[文华].txt
	    新文件    		    2061	[K线附属指标]进退有度_来自神奇数字系列指标[文华].txt
	    新文件    		    1503	[K线附属指标]迷途知返_来自神奇数字系列指标[文华]2.0.txt
	    新文件    		    1782	[K线附属指标]飞天遁地_来自神奇数字和通用数字指标[文华].txt
	    新文件    		    1773	[K线附属指标]飞天遁地_来自神奇数字系列指标[文华].txt
	    新文件    		    1740	[主图K线形态]回头是岸_来自神奇数字和通用数字指标[文华].txt
	    新文件    		    1731	[主图K线形态]回头是岸_来自神奇数字系列指标[文华].txt
	    新文件    		    2990	[副图指标]周而复始_来自2.0神奇数字指标[文华].txt
	    新文件    		    2699	[副图指标]周而复始_来自神奇数字和通用数字指标[文华].txt
	    新文件    		    2690	[副图指标]周而复始_来自神奇数字系列指标[文华].txt
	    新文件    		    3013	[副图指标]周而复始_来自神奇数字系列指标[文华]2.0.txt
	    新文件    		     925	[副图指标]循环往复_来自2.0神奇数字指标[文华].txt
	    新文件    		     687	[副图指标]循环往复_来自神奇数字和通用数字指标[文华].txt
	    新文件    		    2317	[副图指标]循环往复_来自神奇数字系列指标[文华].txt
	    新文件    		     925	[副图指标]循环往复_来自神奇数字系列指标[文华]2.0.txt
	    新文件    		     439	[副图指标]量价时空_来自2.0神奇数字指标[文华].txt
	    新文件    		     449	[副图指标]量价时空_来自神奇数字系列指标[文华]2.0.txt
	    新文件    		    1911	周而复始_来自神奇数字系列指标[金鼎].txt
	    新文件    		    1627	明镜非台_来自神奇数字系列指标[金鼎].txt
	    新文件    		    1200	菩提无树_来自神奇数字系列指标[金鼎].txt
	  新目录         130	D:\Stock\trading_analysis\10_来源库_SOURCE_LIBRARY\01_Kimi拆书待入库\
	    新文件    		    3418	CUT_CONTRACT__Kimi_保留型切割_v2.md
	    新文件    		    2505	CUT_CONTRACT__Kimi_全文保留优先_v1.md
	    新文件    		    2507	GROUP_05_GROUP_06_统一吸收壳_v1.md
	    新文件    		    4452	GROUP_05_GROUP_06_首批可吸收清单_v1.md
	    新文件    		    3281	GROUP_06_to_N02_对象候选清单_v1.md
	    新文件    		   24063	Kimi拆书待入库_批次检查_v1.md
	    新文件    		    5063	PANEL__S文件夹_分桶与额度控制__OUTBOUND__2026-06-17.md
	    新文件    		    6014	PANEL__S文件夹_整理方向__EVIDENCE_PACK__2026-06-17.md
	    新文件    		    2615	README_放这里.md
	    新文件    		    1409	S_BUCKET_batch1_round2_focus_manifest_v1.tsv
	    新文件    		     475	S_BUCKET_batch1_round2_focus_README_v1.md
	    新文件    		    1915	S_BUCKET_batch1_round3_function_core_manifest_v1.tsv
	    新文件    		    1284	S_BUCKET_batch1_round3_function_core_README_v1.md
	    新文件    		  223760	S_BUCKET_INDEX__2026-06-17.tsv
	    新文件    		    2657	S_BUCKET_KIMI_batch1_priority_read_prompt_v1.txt
	    新文件    		    1113	S_BUCKET_KIMI_batch1_prompt_v1.txt
	    新文件    		    2818	S_BUCKET_KIMI_batch1_round2_direct_message_v2.txt
	    新文件    		    1576	S_BUCKET_KIMI_batch1_round2_focus_prompt_v1.txt
	    新文件    		    2862	S_BUCKET_KIMI_batch1_round3_function_core_direct_message_v1.txt
	    新文件    		    4001	S_BUCKET_KIMI_batch1_round3_function_core_prompt_v1.txt
	    新文件    		    3065	S_BUCKET_report_representatives_v1.tsv
	    新文件    		    2587	S_BUCKET_report_representatives_v10.tsv
	    新文件    		    2576	S_BUCKET_report_representatives_v11.tsv
	    新文件    		    2502	S_BUCKET_report_representatives_v12.tsv
	    新文件    		    2756	S_BUCKET_report_representatives_v13.tsv
	    新文件    		    2656	S_BUCKET_report_representatives_v14.tsv
	    新文件    		    2697	S_BUCKET_report_representatives_v15.tsv
	    新文件    		    2782	S_BUCKET_report_representatives_v16.tsv
	    新文件    		    2775	S_BUCKET_report_representatives_v17.tsv
	    新文件    		    2634	S_BUCKET_report_representatives_v18.tsv
	    新文件    		    2713	S_BUCKET_report_representatives_v19.tsv
	    新文件    		    2864	S_BUCKET_report_representatives_v2.tsv
	    新文件    		    2774	S_BUCKET_report_representatives_v20.tsv
	    新文件    		    2622	S_BUCKET_report_representatives_v21.tsv
	    新文件    		    2710	S_BUCKET_report_representatives_v22.tsv
	    新文件    		    2481	S_BUCKET_report_representatives_v23.tsv
	    新文件    		    2438	S_BUCKET_report_representatives_v24.tsv
	    新文件    		    2501	S_BUCKET_report_representatives_v25.tsv
	    新文件    		    2502	S_BUCKET_report_representatives_v26.tsv
	    新文件    		    2818	S_BUCKET_report_representatives_v27.tsv
	    新文件    		    2489	S_BUCKET_report_representatives_v28.tsv
	    新文件    		    2618	S_BUCKET_report_representatives_v29.tsv
	    新文件    		    3084	S_BUCKET_report_representatives_v3.tsv
	    新文件    		    2785	S_BUCKET_report_representatives_v30.tsv
	    新文件    		    2704	S_BUCKET_report_representatives_v31.tsv
	    新文件    		    2637	S_BUCKET_report_representatives_v32.tsv
	    新文件    		    2809	S_BUCKET_report_representatives_v33.tsv
	    新文件    		    2799	S_BUCKET_report_representatives_v34.tsv
	    新文件    		    2699	S_BUCKET_report_representatives_v35.tsv
	    新文件    		    2525	S_BUCKET_report_representatives_v36.tsv
	    新文件    		    2496	S_BUCKET_report_representatives_v37.tsv
	    新文件    		    2737	S_BUCKET_report_representatives_v38.tsv
	    新文件    		    2753	S_BUCKET_report_representatives_v39.tsv
	    新文件    		    2947	S_BUCKET_report_representatives_v4.tsv
	    新文件    		    2604	S_BUCKET_report_representatives_v40.tsv
	    新文件    		    2250	S_BUCKET_report_representatives_v41.tsv
	    新文件    		    2588	S_BUCKET_report_representatives_v42.tsv
	    新文件    		    2619	S_BUCKET_report_representatives_v43.tsv
	    新文件    		    2664	S_BUCKET_report_representatives_v44.tsv
	    新文件    		    2793	S_BUCKET_report_representatives_v45.tsv
	    新文件    		    2645	S_BUCKET_report_representatives_v46.tsv
	    新文件    		    2695	S_BUCKET_report_representatives_v47.tsv
	    新文件    		    2690	S_BUCKET_report_representatives_v48.tsv
	    新文件    		    2675	S_BUCKET_report_representatives_v49.tsv
	    新文件    		    2838	S_BUCKET_report_representatives_v5.tsv
	    新文件    		    2557	S_BUCKET_report_representatives_v50.tsv
	    新文件    		    2375	S_BUCKET_report_representatives_v51.tsv
	    新文件    		     681	S_BUCKET_report_representatives_v52.tsv
	    新文件    		    2721	S_BUCKET_report_representatives_v6.tsv
	    新文件    		    2773	S_BUCKET_report_representatives_v7.tsv
	    新文件    		    2620	S_BUCKET_report_representatives_v8.tsv
	    新文件    		    2285	S_BUCKET_report_representatives_v9.tsv
	    新文件    		   23128	S_BUCKET_stage_proof__01_集合竞价教程__v1.tsv
	    新文件    		    4936	S_BUCKET_stage_proof__03_券商研报__representatives_v1.tsv
	    新文件    		    4248	S_BUCKET_stage_proof__03_券商研报__representatives_v10.tsv
	    新文件    		    4176	S_BUCKET_stage_proof__03_券商研报__representatives_v11.tsv
	    新文件    		    4082	S_BUCKET_stage_proof__03_券商研报__representatives_v12.tsv
	    新文件    		    4430	S_BUCKET_stage_proof__03_券商研报__representatives_v13.tsv
	    新文件    		    4301	S_BUCKET_stage_proof__03_券商研报__representatives_v14.tsv
	    新文件    		    4332	S_BUCKET_stage_proof__03_券商研报__representatives_v15.tsv
	    新文件    		    4469	S_BUCKET_stage_proof__03_券商研报__representatives_v16.tsv
	    新文件    		    4489	S_BUCKET_stage_proof__03_券商研报__representatives_v17.tsv
	    新文件    		    4294	S_BUCKET_stage_proof__03_券商研报__representatives_v18.tsv
	    新文件    		    4404	S_BUCKET_stage_proof__03_券商研报__representatives_v19.tsv
	    新文件    		    4670	S_BUCKET_stage_proof__03_券商研报__representatives_v2.tsv
	    新文件    		    4465	S_BUCKET_stage_proof__03_券商研报__representatives_v20.tsv
	    新文件    		    4317	S_BUCKET_stage_proof__03_券商研报__representatives_v21.tsv
	    新文件    		    4390	S_BUCKET_stage_proof__03_券商研报__representatives_v22.tsv
	    新文件    		    4061	S_BUCKET_stage_proof__03_券商研报__representatives_v23.tsv
	    新文件    		    4021	S_BUCKET_stage_proof__03_券商研报__representatives_v24.tsv
	    新文件    		    4071	S_BUCKET_stage_proof__03_券商研报__representatives_v25.tsv
	    新文件    		    4079	S_BUCKET_stage_proof__03_券商研报__representatives_v26.tsv
	    新文件    		    4579	S_BUCKET_stage_proof__03_券商研报__representatives_v27.tsv
	    新文件    		    4054	S_BUCKET_stage_proof__03_券商研报__representatives_v28.tsv
	    新文件    		    4290	S_BUCKET_stage_proof__03_券商研报__representatives_v29.tsv
	    新文件    		    4989	S_BUCKET_stage_proof__03_券商研报__representatives_v3.tsv
	    新文件    		    4472	S_BUCKET_stage_proof__03_券商研报__representatives_v30.tsv
	    新文件    		    4388	S_BUCKET_stage_proof__03_券商研报__representatives_v31.tsv
	    新文件    		    4298	S_BUCKET_stage_proof__03_券商研报__representatives_v32.tsv
	    新文件    		    4540	S_BUCKET_stage_proof__03_券商研报__representatives_v33.tsv
	    新文件    		    4498	S_BUCKET_stage_proof__03_券商研报__representatives_v34.tsv
	    新文件    		    4274	S_BUCKET_stage_proof__03_券商研报__representatives_v35.tsv
	    新文件    		    4070	S_BUCKET_stage_proof__03_券商研报__representatives_v36.tsv
	    新文件    		    4025	S_BUCKET_stage_proof__03_券商研报__representatives_v37.tsv
	    新文件    		    4364	S_BUCKET_stage_proof__03_券商研报__representatives_v38.tsv
	    新文件    		    4391	S_BUCKET_stage_proof__03_券商研报__representatives_v39.tsv
	    新文件    		    4794	S_BUCKET_stage_proof__03_券商研报__representatives_v4.tsv
	    新文件    		    4134	S_BUCKET_stage_proof__03_券商研报__representatives_v40.tsv
	    新文件    		    3455	S_BUCKET_stage_proof__03_券商研报__representatives_v41.tsv
	    新文件    		    4216	S_BUCKET_stage_proof__03_券商研报__representatives_v42.tsv
	    新文件    		    4245	S_BUCKET_stage_proof__03_券商研报__representatives_v43.tsv
	    新文件    		    4266	S_BUCKET_stage_proof__03_券商研报__representatives_v44.tsv
	    新文件    		    4486	S_BUCKET_stage_proof__03_券商研报__representatives_v45.tsv
	    新文件    		    4254	S_BUCKET_stage_proof__03_券商研报__representatives_v46.tsv
	    新文件    		    4401	S_BUCKET_stage_proof__03_券商研报__representatives_v47.tsv
	    新文件    		    4369	S_BUCKET_stage_proof__03_券商研报__representatives_v48.tsv
	    新文件    		    4318	S_BUCKET_stage_proof__03_券商研报__representatives_v49.tsv
	    新文件    		    4631	S_BUCKET_stage_proof__03_券商研报__representatives_v5.tsv
	    新文件    		    4139	S_BUCKET_stage_proof__03_券商研报__representatives_v50.tsv
	    新文件    		    3877	S_BUCKET_stage_proof__03_券商研报__representatives_v51.tsv
	    新文件    		    1065	S_BUCKET_stage_proof__03_券商研报__representatives_v52.tsv
	    新文件    		    4487	S_BUCKET_stage_proof__03_券商研报__representatives_v6.tsv
	    新文件    		    4503	S_BUCKET_stage_proof__03_券商研报__representatives_v7.tsv
	    新文件    		    4280	S_BUCKET_stage_proof__03_券商研报__representatives_v8.tsv
	    新文件    		    3782	S_BUCKET_stage_proof__03_券商研报__representatives_v9.tsv
	    新文件    		   31627	S_BUCKET_SUMMARY__2026-06-17.md
	    新文件    		    3632	S_BUCKET_功能归类最小框架_v1.md
	    新文件    		   37025	S_BUCKET_功能映射表_v1.tsv
	    新文件    		   81450	S_DUP_DELETE_LIST__same_hash__2026-06-17.tsv
	    新文件    		  166587	S_DUP_REPORT__sha256__2026-06-17.tsv
	  新目录           3	D:\Stock\trading_analysis\10_来源库_SOURCE_LIBRARY\01_Kimi拆书待入库\99_回收与外部回帖_IMPORTS\
	    新文件    		   34008	S_BUCKET_batch1_priority_read_v1__text_review__imported_2026-06-24.md
	    新文件    		   24528	S_BUCKET_batch1_round2_focus_v1__text_review__imported_2026-06-24.md
	    新文件    		   33078	S_BUCKET_functional_cards_batch1_v15_v16__draft__imported_2026-06-24.md
	  新目录           3	D:\Stock\trading_analysis\10_来源库_SOURCE_LIBRARY\01_Kimi拆书待入库\GROUP_01_微观结构_交易所_HFT\
	    新文件    		   13879	GROUP_01_microstructure_master_part_01.md
	    新文件    		   22244	GROUP_01_microstructure_master_part_02.md
	    新文件    		   27838	GROUP_01_microstructure_master_part_03.md
	  新目录          12	D:\Stock\trading_analysis\10_来源库_SOURCE_LIBRARY\01_Kimi拆书待入库\GROUP_01_微观结构_交易所_HFT\01_F2_cutpack_v2_final\
	    新文件    		    5403	compliance_report_r1.json
	    新文件    		   54652	CUTPACK__F2__AuctionMarketTheory__v2_r1.md
	    新文件    		   54589	CUTPACK__F2__MarketMicrostructureTheory__v2_r1.md
	    新文件    		   61900	CUTPACK__F2__Mike53OrderFlowStrategies__v2.md
	    新文件    		   76502	CUTPACK__F2__OrderFlowAnalysis__v2.md
	    新文件    		   75660	CUTPACK__F2__OrderFlowTradingSetups__v2.md
	    新文件    		   71847	CUTPACK__F2__TradingAndExchanges__v2.md
	    新文件    		   61134	CUTPACK__F2__VolumeProfileMarketProfileOrderFlow__v2.md
	    新文件    		   42943	CUTPACK__F2__VWAP__v2_r1.md
	    新文件    		   49131	CUTPACK__F2__Wyckoff20__v2.md
	    新文件    		    2351	manifest_v2.tsv
	    新文件    		     778	README_放这里.md
	  新目录           3	D:\Stock\trading_analysis\10_来源库_SOURCE_LIBRARY\01_Kimi拆书待入库\GROUP_02_期权_波动率_波动率微笑\
	    新文件    		   18772	GROUP_02_options_volatility_master_part_01.md
	    新文件    		   20422	GROUP_02_options_volatility_master_part_02.md
	    新文件    		   16376	GROUP_02_options_volatility_master_part_03.md
	  新目录           3	D:\Stock\trading_analysis\10_来源库_SOURCE_LIBRARY\01_Kimi拆书待入库\GROUP_03_组合管理_风险模型_交易成本\
	    新文件    		   17143	GROUP_03_portfolio_risk_master_part_01.md
	    新文件    		   16983	GROUP_03_portfolio_risk_master_part_02.md
	    新文件    		   16097	GROUP_03_portfolio_risk_master_part_03.md
	  新目录           3	D:\Stock\trading_analysis\10_来源库_SOURCE_LIBRARY\01_Kimi拆书待入库\GROUP_04_统计套利_研究方法_ML\
	    新文件    		   63952	GROUP_04_stat_arb_research_master_part_01.md
	    新文件    		   52537	GROUP_04_stat_arb_research_master_part_02.md
	    新文件    		   31292	GROUP_04_stat_arb_research_master_part_03.md
	  新目录           3	D:\Stock\trading_analysis\10_来源库_SOURCE_LIBRARY\01_Kimi拆书待入库\GROUP_05_趋势_系统交易\
	    新文件    		   27809	GROUP_05_trend_systematic_trading.md
	    新文件    		   45900	GROUP_05_trend_system_trading_STATE_TEMPLATE.md
	    新文件    		    4542	GROUP_05_最小吸收包_v1.md
	  新目录          11	D:\Stock\trading_analysis\10_来源库_SOURCE_LIBRARY\01_Kimi拆书待入库\GROUP_05_趋势_系统交易\01_F1_cutpack_v2_final\
	    新文件    		   42996	CUTPACK__F1__CN__外汇日内交易与波段交易__v2_r1.md
	    新文件    		   45437	CUTPACK__F1__CN__外汇超短线交易_技术结构与价格行为原理__v2_r1.md
	    新文件    		   50371	CUTPACK__F1__ForexPriceActionScalping__v2_r1.md
	    新文件    		   16076	CUTPACK__F1__HeikinAshi_剥头皮很有趣__part1__v2_r1.md
	    新文件    		   20607	CUTPACK__F1__HeikinAshi_剥头皮很有趣__part2__v2_r1.md
	    新文件    		   24074	CUTPACK__F1__HeikinAshi_剥头皮很有趣__part3__v2_r1.md
	    新文件    		   29540	CUTPACK__F1__HeikinAshi_剥头皮很有趣__part4__v2_r1.md
	    新文件    		   46166	CUTPACK__F1__TradesAboutToHappen__v2_r1.md
	    新文件    		   36759	CUTPACK__F1__WyckoffMethod_赠送__v2_r1.md
	    新文件    		    2453	manifest_v2.tsv
	    新文件    		    1103	README_放这里.md
	  新目录           3	D:\Stock\trading_analysis\10_来源库_SOURCE_LIBRARY\01_Kimi拆书待入库\GROUP_06_Auction_MarketProfile_价格行为\
	    新文件    		   35142	GROUP_06_market_profile_price_action.md
	    新文件    		   54868	GROUP_06_market_profile_price_action_DEFINITIONS.md
	    新文件    		    4854	GROUP_06_最小吸收包_v1.md
	  新目录           8	D:\Stock\trading_analysis\10_来源库_SOURCE_LIBRARY\01_Kimi拆书待入库\GROUP_06_Auction_MarketProfile_价格行为\01_A2_cutpack_v2\
	    新文件    		   11576	BATCH_SUMMARY__A2__v2.md
	    新文件    		   42911	CUTPACK__A2__CN__市场轮廓理论__part1__v2.md
	    新文件    		   37999	CUTPACK__A2__CN__市场轮廓理论__part2__v2.md
	    新文件    		   23478	CUTPACK__A2__Dalton__MarketsInProfile__v2.md
	    新文件    		   23321	CUTPACK__A2__Dalton__MindOverMarkets__v2.md
	    新文件    		   25907	CUTPACK__A2__Harris__TradingAndExchanges__v2.md
	    新文件    		    1236	manifest_v2.tsv
	    新文件    		    1092	README_放这里.md
	  新目录          12	D:\Stock\trading_analysis\10_来源库_SOURCE_LIBRARY\01_Kimi拆书待入库\GROUP_06_Auction_MarketProfile_价格行为\01_A2_cutpack_v2_final\
	    新文件    		   42918	CUTPACK__A2__CN__市场轮廓理论__part1__v2.md
	    新文件    		   54095	CUTPACK__A2__CN__市场轮廓理论__part1__v2_r1.md
	    新文件    		   40676	CUTPACK__A2__CN__市场轮廓理论__part2__v2_r1.md
	    新文件    		   55029	CUTPACK__A2__CN__市场轮廓理论__part2__v2_r2.md
	    新文件    		   23445	CUTPACK__A2__Dalton__MarketsInProfile__v2.md
	    新文件    		   30565	CUTPACK__A2__Dalton__MarketsInProfile__v2_r1.md
	    新文件    		   23268	CUTPACK__A2__Dalton__MindOverMarkets__v2.md
	    新文件    		   57393	CUTPACK__A2__Dalton__MindOverMarkets__v2_r1.md
	    新文件    		   25876	CUTPACK__A2__Harris__TradingAndExchanges__v2.md
	    新文件    		   26051	CUTPACK__A2__Harris__TradingAndExchanges__v2_r1.md
	    新文件    		    1333	manifest_v2.tsv
	    新文件    		    1661	README_放这里.md
	  新目录           1	D:\Stock\trading_analysis\10_来源库_SOURCE_LIBRARY\01_Kimi拆书待入库\GROUP_07_传记_行业史_故事\
	    新文件    		   33173	GROUP_07_quant_history_index.md
	  新目录          39	D:\Stock\trading_analysis\10_来源库_SOURCE_LIBRARY\01_Kimi拆书待入库\GROUP_08_A股量化_数据研究\
	    新文件    		     402	GROUP_08_bookdir_ambiguous_candidates_v1.tsv
	    新文件    		    4201	GROUP_08_coverage_对账_v1.md
	    新文件    		   16087	GROUP_08_delete_candidates_ref_cleanup_list_v1.md
	    新文件    		   16109	GROUP_08_delete_candidates_ref_cleanup_list_v1.tsv
	    新文件    		    4093	GROUP_08_external_delete_candidate_dryrun_v1.ps1
	    新文件    		    9196	GROUP_08_external_delete_candidate_plan_v1.tsv
	    新文件    		   45262	GROUP_08_external_move_plan_dryrun_v1.ps1
	    新文件    		   41551	GROUP_08_external_move_plan_v1.tsv
	    新文件    		     169	GROUP_08_external_move_postcheck_v1.md
	    新文件    		   20865	GROUP_08_external_move_postcheck_v1.tsv
	    新文件    		   35748	GROUP_08_external_ops_plan_v1.tsv
	    新文件    		   38927	GROUP_08_external_ops_preflight_v1.tsv
	    新文件    		    2864	GROUP_08_external_ops_runbook_v1.md
	    新文件    		     358	GROUP_08_external_ops_stats_v1.md
	    新文件    		   39721	GROUP_08_materials_catalog_v1.md
	    新文件    		   39069	GROUP_08_materials_catalog_v1.tsv
	    新文件    		  121341	GROUP_08_repo_refscan_for_final_delete_list_v1.tsv
	    新文件    		    5031	GROUP_08_repo_refscan_summary_v1.tsv
	    新文件    		    5486	GROUP_08_research_pdf_61_vs_62归属审计_v1.md
	    新文件    		   35087	GROUP_08_research_pdf_最终删除勾选_逐条清单_v1.tsv
	    新文件    		   15040	GROUP_08_research_pdf_逐条映射清单_v1.md
	    新文件    		    4099	GROUP_08_S-014_S-027_删除级别重核_v1.md
	    新文件    		      84	GROUP_08_SOURCE_RAW_missing_manifest_v1.tsv
	    新文件    		    5302	GROUP_08_SOURCE_RAW_可回找书名与包名清单_v1.md
	    新文件    		    4430	GROUP_08_SOURCE_RAW_回找执行记录_v1.md
	    新文件    		    1417	GROUP_08_SOURCE_RAW_需要你找回的源头书本_v1.md
	    新文件    		    1730	GROUP_08_主题锚点勾验_v1.tsv
	    新文件    		   37452	GROUP_08_前后路径台账_v1.tsv
	    新文件    		    4501	GROUP_08_双侧删除验收表_v1.md
	    新文件    		   11004	GROUP_08_外部精确路径勾验_v1.md
	    新文件    		   22629	GROUP_08_外部精确路径勾验_v1.tsv
	    新文件    		    5452	GROUP_08_最终删除勾选_v1.md
	    新文件    		    4859	GROUP_08_第七批树外目录与旧来源层反查_v1.md
	    新文件    		    3221	GROUP_08_第五批极值反转候选扫描_v1.md
	    新文件    		    5891	GROUP_08_第六批遗漏目录与旧原题反查_v1.md
	    新文件    		    3804	GROUP_08_第四批主题锚点收紧核查_v1.md
	    新文件    		   13566	GROUP_08_逐文件删除勾验行_v1.md
	    新文件    		    5775	GROUP_08_逐源coverage总表_v1.md
	    新文件    		    4411	README_放这里.md
	  新目录           1	D:\Stock\trading_analysis\10_来源库_SOURCE_LIBRARY\01_Kimi拆书待入库\GROUP_08_A股量化_数据研究\00_external_import_staging\
	    新文件    		    2047	README.md
	  新目录           0	D:\Stock\trading_analysis\10_来源库_SOURCE_LIBRARY\01_Kimi拆书待入库\GROUP_08_A股量化_数据研究\00_external_import_staging\confirmed_bookdir\
	  新目录           3	D:\Stock\trading_analysis\10_来源库_SOURCE_LIBRARY\01_Kimi拆书待入库\GROUP_08_A股量化_数据研究\00_external_import_staging\confirmed_bookdir\量化择时 3份\
	    新文件    		  418655	度量市场“恐惧与贪婪”的量化择时指标.pdf
	    新文件    		  831206	通过产业资本增减持数据构建的量化择时指标.pdf
	    新文件    		  418642	量化择时——度量市场“恐惧与贪婪”的量化择时指标.pdf
	  新目录           0	D:\Stock\trading_analysis\10_来源库_SOURCE_LIBRARY\01_Kimi拆书待入库\GROUP_08_A股量化_数据研究\00_external_import_staging\confirmed_bookdir\量化资产配置 17份\
	  新目录           4	D:\Stock\trading_analysis\10_来源库_SOURCE_LIBRARY\01_Kimi拆书待入库\GROUP_08_A股量化_数据研究\00_external_import_staging\confirmed_bookdir\量化资产配置 17份\行业基本面预测模型\
	    新文件    		  458853	行业基本面预测——在工程机械行业的实证.pdf
	    新文件    		  692968	行业基本面预测——在煤炭行业的实证.pdf
	    新文件    		  987775	行业基本面预测——在电力行业的实证.pdf
	    新文件    		  627115	行业基本面预测——在钢铁行业的实证.pdf
	  新目录           7	D:\Stock\trading_analysis\10_来源库_SOURCE_LIBRARY\01_Kimi拆书待入库\GROUP_08_A股量化_数据研究\00_external_import_staging\confirmed_bookdir\量化资产配置 17份\行业轮动模型\
	    新文件    		  616256	基于板块效应动量反转特征的alpha策略研究.pdf
	    新文件    		   1.7 m	基于涨跌比的行业轮动与择时研究.pdf
	    新文件    		 1026797	妙用涨跌比，小盘指数巧择时.pdf
	    新文件    		   1.6 m	板块持仓测算在创业板风格轮动中的应用.pdf
	    新文件    		  586388	海通AK行业轮动策略——结构性行情必杀技.pdf
	    新文件    		  540666	行业动量策略进阶之一：间隔期、系统性风险及换手率的影响.pdf
	    新文件    		   1.2 m	衍生产品及量化组合管理策略介绍.pdf
	  新目录           5	D:\Stock\trading_analysis\10_来源库_SOURCE_LIBRARY\01_Kimi拆书待入库\GROUP_08_A股量化_数据研究\00_external_import_staging\confirmed_bookdir\量化资产配置 17份\风格轮动模型\
	    新文件    		  471159	华夏上证行业ETF风格轮动策略之一：——利用债券YTM打造行业风格导航仪.pdf
	    新文件    		  574457	华夏上证行业ETF风格轮动策略之三：——基于涨跌比择时的绝对收益动量策略.pdf
	    新文件    		  440609	华夏上证行业ETF风格轮动策略之二——强弱趋势捕捉组合投资机会.pdf
	    新文件    		  948380	华夏上证行业ETF风格轮动策略之四：——基于残差动量的相对收益动量策略.pdf
	    新文件    		  429052	如虎添翼,两融带给ETF的投资机会——海通ETF风格轮动模型实证分析.pdf
	  新目录           1	D:\Stock\trading_analysis\10_来源库_SOURCE_LIBRARY\01_Kimi拆书待入库\GROUP_08_A股量化_数据研究\00_external_import_staging\confirmed_bookdir\量化选股 40份\
	    新文件    		   1.2 m	分析师荐股能力评定与跟踪.pdf
	  新目录          12	D:\Stock\trading_analysis\10_来源库_SOURCE_LIBRARY\01_Kimi拆书待入库\GROUP_08_A股量化_数据研究\00_external_import_staging\confirmed_bookdir\量化选股 40份\事件驱动策略系列\
	    新文件    		  516129	事件驱动策略之一——业绩预告之一——把握扭亏、预减公告，获取短期超额收益.pdf
	    新文件    		  458106	事件驱动策略之七——高送转行情下的事件性投资机会.pdf
	    新文件    		  449555	事件驱动策略之三——指数样本股调整.pdf
	    新文件    		  520111	事件驱动策略之九——股权激励续篇.pdf
	    新文件    		  756962	事件驱动策略之二——关注主板预减快报后的短期反弹机会以及中小板盈利公告.pdf
	    新文件    		  657088	事件驱动策略之五——大股东增减持——关注增持比例较大的事件机会.pdf
	    新文件    		  537798	事件驱动策略之六——规避预案陷阱，把握实施收益.pdf
	    新文件    		  647309	事件驱动策略之十一——事件驱动组合止损机制设计.pdf
	    新文件    		   1.4 m	事件驱动策略之十三——定增事件投资——甄别市场，把握买点.pdf
	    新文件    		   1.1 m	事件驱动策略之十二——重要股东持股结构变化蕴含的信息分析.pdf
	    新文件    		  377669	事件驱动策略之四——ETF事件套利研究.pdf
	    新文件    		  678210	量化选股之事件驱动策略.pdf
	  新目录          10	D:\Stock\trading_analysis\10_来源库_SOURCE_LIBRARY\01_Kimi拆书待入库\GROUP_08_A股量化_数据研究\00_external_import_staging\confirmed_bookdir\量化选股 40份\多因子选股模型\
	    新文件    		  373366	A股全市场选股策略研究.pdf
	    新文件    		  552442	从极值角度进行选股因子有效性的确认——在换手率上的实证.pdf
	    新文件    		  521920	商业贸易行业选股策略.pdf
	    新文件    		  431364	相关性选股策略——全市场选股方法改进.pdf
	    新文件    		  442998	相关性选股策略——在公用事业行业上的实证以及选股因子权重的再讨论.pdf
	    新文件    		  431591	相关性选股策略——在化学工业行业上的实证.pdf
	    新文件    		  531259	相关性选股策略——在房地产行业上的实证.pdf
	    新文件    		  476022	相关性选股策略——在有色金属行业上的实证.pdf
	    新文件    		  377586	相关性选股策略——在纺织服装行业上的实证.pdf
	    新文件    		  512261	高估值，你是否师出有名？.pdf
	  新目录           2	D:\Stock\trading_analysis\10_来源库_SOURCE_LIBRARY\01_Kimi拆书待入库\GROUP_08_A股量化_数据研究\00_external_import_staging\confirmed_bookdir\量化选股 40份\成长股选股模型\
	    新文件    		  480600	行业内选股策略——有色金属行业.pdf
	    新文件    		  423154	行业内选股策略——钢铁行业.pdf
	  新目录           3	D:\Stock\trading_analysis\10_来源库_SOURCE_LIBRARY\01_Kimi拆书待入库\GROUP_08_A股量化_数据研究\00_external_import_staging\confirmed_bookdir\量化选股 40份\财务指标选股研究系列\
	    新文件    		  468909	A股上市公司毛利率的均值回归及选股实证.pdf
	    新文件    		  432008	上市公司估值指标的稳定性与选股识别度.pdf
	    新文件    		  398482	上市公司动量反转以及市值因子的选股识别度.pdf
	  新目录           5	D:\Stock\trading_analysis\10_来源库_SOURCE_LIBRARY\01_Kimi拆书待入库\GROUP_08_A股量化_数据研究\00_external_import_staging\confirmed_bookdir\量化选股 40份\选股因子研究系列\
	    新文件    		  467132	A股市场特征研究（二）——波段划分新方法及应用展望.pdf
	    新文件    		   1.4 m	如何捕捉短线反弹机会？.pdf
	    新文件    		  506405	工欲善其事，必先利其器——选股因子深度解析.pdf
	    新文件    		  334421	现金流量市值比因子的极值效应.pdf
	    新文件    		  466972	行业内股票业绩弹性分析——在钢铁行业上的实证.pdf
	  新目录           0	D:\Stock\trading_analysis\10_来源库_SOURCE_LIBRARY\01_Kimi拆书待入库\GROUP_08_A股量化_数据研究\00_external_import_staging\confirmed_exact\
	  新目录           1	D:\Stock\trading_analysis\10_来源库_SOURCE_LIBRARY\01_Kimi拆书待入库\GROUP_08_A股量化_数据研究\00_external_import_staging\confirmed_exact\04_多因子\
	    新文件    		  519875	海通选股因子系列研究6：极值视角下的多因子选股策略.pdf
	  新目录           0	D:\Stock\trading_analysis\10_来源库_SOURCE_LIBRARY\01_Kimi拆书待入库\GROUP_08_A股量化_数据研究\00_external_import_staging\confirmed_series\
	  新目录           5	D:\Stock\trading_analysis\10_来源库_SOURCE_LIBRARY\01_Kimi拆书待入库\GROUP_08_A股量化_数据研究\00_external_import_staging\confirmed_series\04_多因子\
	    新文件    		  542677	海通选股因子系列研究1：弱者终有逆袭日,强势几无持续时：A股市场的动量反转效应研究.pdf
	    新文件    		   1.3 m	海通选股因子系列研究2：因子模型的尾部相关性研究.pdf
	    新文件    		  497620	海通选股因子系列研究3：从Spearman相关系数出发研究因子有效性，Kalman+Filter模型在因子选择中的应用.pdf
	    新文件    		  645413	海通选股因子系列研究4：多因子选股模型的有效与失效.pdf
	    新文件    		   1.3 m	海通选股因子系列研究5：寻找股价驱动新因子净换手率.pdf
	  新目录           0	D:\Stock\trading_analysis\10_来源库_SOURCE_LIBRARY\01_Kimi拆书待入库\GROUP_08_A股量化_数据研究\00_external_import_staging\confirmed_topic\
	  新目录           1	D:\Stock\trading_analysis\10_来源库_SOURCE_LIBRARY\01_Kimi拆书待入库\GROUP_08_A股量化_数据研究\00_external_import_staging\confirmed_topic\04_多因子\
	    新文件    		   1.6 m	海通选股因子系列研究21：分析师一致预期相关因子.pdf
	  新目录           5	D:\Stock\trading_analysis\10_来源库_SOURCE_LIBRARY\01_Kimi拆书待入库\GROUP_08_A股量化_数据研究\01_62份研究PDF\
	    新文件    		    9109	A股_量化择时_研究PDF_总摘要_v1.md
	    新文件    		   34845	A股_量化资产配置_研究PDF_总摘要_v1.md
	    新文件    		    4655	A股_量化选股_研究PDF_总摘要_v1_index.md
	    新文件    		   33246	A股_量化选股_研究PDF_总摘要_v1_part1.md
	    新文件    		   35913	A股_量化选股_研究PDF_总摘要_v1_part2.md
	  新目录           2	D:\Stock\trading_analysis\10_来源库_SOURCE_LIBRARY\01_Kimi拆书待入库\GROUP_08_A股量化_数据研究\02_pdf入门书\
	    新文件    		    3242	A股_pdf入门书_章节切分总索引_v1.md
	    新文件    		   19031	A股_pdf入门书_章节卡片_v1.md
	  新目录           1	D:\Stock\trading_analysis\10_来源库_SOURCE_LIBRARY\01_Kimi拆书待入库\GROUP_08_A股量化_数据研究\03_txt标题聚类\
	    新文件    		   38277	A股_txt标题聚类与内容保留_v1.md
	  新目录           1	D:\Stock\trading_analysis\10_来源库_SOURCE_LIBRARY\01_Kimi拆书待入库\GROUP_08_A股量化_数据研究\04_epub目录粗切\
	    新文件    		   22039	A股_epub_保留型粗切_v1.md
	  新目录           2	D:\Stock\trading_analysis\10_来源库_SOURCE_LIBRARY\01_Kimi拆书待入库\GROUP_08_A股量化_数据研究\05_txt源码_md归档\
	    新文件    		     942	README_放这里.md
	    新文件    		   55248	txt_md_index_v1.tsv
	  新目录          18	D:\Stock\trading_analysis\10_来源库_SOURCE_LIBRARY\01_Kimi拆书待入库\GROUP_08_A股量化_数据研究\05_txt源码_md归档\TX-01_择时_指标_大盘信号\
	    新文件    		    4877	21 果核量化出品 -- BIAS_QL乖离率策略指数择时1.0.md
	    新文件    		    3135	27 RSRS指标择时（30分钟线）.md
	    新文件    		    3808	29 KD指标量化交易策略.md
	    新文件    		   15726	37 个股止损.md
	    新文件    		    4101	40 kdj指标配合accer过滤.md
	    新文件    		    4017	45 布林带策略.md
	    新文件    		    3491	52 布林带1.md
	    新文件    		   16296	58 MACD金叉买入，死叉卖出.md
	    新文件    		    2530	66 高于MA10买入低于MA20卖出回测半年收益率20.4%.md
	    新文件    		    3394	69 阻力支撑相对强度（RSRS）指标择时策略.md
	    新文件    		   15829	70 蓝筹&均线.md
	    新文件    		    2920	76 MACD——大盘择时.md
	    新文件    		    6248	77 RSRS大盘择时优化.md
	    新文件    		    6173	78 GFTD第二版.md
	    新文件    		    2677	79 DMI——大盘择时.md
	    新文件    		   15967	90 MA均线金叉买入，死叉卖出.md
	    新文件    		    3500	91 Stoch（KDJ）——大盘择时.md
	    新文件    		    6319	93 RSRS——大盘择时.md
	  新目录          18	D:\Stock\trading_analysis\10_来源库_SOURCE_LIBRARY\01_Kimi拆书待入库\GROUP_08_A股量化_数据研究\05_txt源码_md归档\TX-02_因子_价值_财务_ML\
	    新文件    		    4645	03 机器学习多因子策略.md
	    新文件    		    9508	07 穿越牛熊基业长青的价值精选策略.md
	    新文件    		   16043	08 MACD单因子多头策略.md
	    新文件    		    3968	12 【均值回归】基于zscore的均值回归策略（胜率100%）.md
	    新文件    		   14144	18 均值回归策略分享.md
	    新文件    		    5816	30 基于LSTM模型预测股票价格走势.md
	    新文件    		   20761	31 低PB价值投资策略分享.md
	    新文件    		   16146	34 成长策略.md
	    新文件    		    2138	39 因子分析——利用JoinQuant因子分析模块选取因子并封装为策略.md
	    新文件    		    4345	41 多因子模型（三）-交易回测.md
	    新文件    		   11581	42 低估值+TRIX+RSI 低回撤策略.md
	    新文件    		    5205	43 无模型评估的多因子模型.md
	    新文件    		   11432	67 多因子回测完整模板（筛选和买卖条件强于‘策略生成器’）.md
	    新文件    		    9610	71 【投资学】CAPM单因子回归模型+ROE股票池（含止损）.md
	    新文件    		   16310	75 财务因子策略.md
	    新文件    		    7653	92 多因子选股策略.md
	    新文件    		   16092	94 PE和PB策略.md
	    新文件    		    4231	98 机器学习SVM用法示例策略.md
	  新目录          12	D:\Stock\trading_analysis\10_来源库_SOURCE_LIBRARY\01_Kimi拆书待入库\GROUP_08_A股量化_数据研究\05_txt源码_md归档\TX-03_行业_ETF_轮动_指数增强\
	    新文件    		    3055	25 简单市值轮动策略-学习.md
	    新文件    		   47471	33 买入每个行业市值最大的股票.md
	    新文件    		   33722	51 HS300--随机森林拐点识别.md
	    新文件    		    3416	59 小市值轮动，修改了内容，剔除了停牌股，同时PE要求为正的股票。.md
	    新文件    		   16388	64 12年年化34%，Sharpe1.2，银行股轮动.md
	    新文件    		    5562	65 8只基金按PE调仓.md
	    新文件    		    8644	68 板块轮动不动？.md
	    新文件    		    6633	72 基金定投-沪深300-5年回测.md
	    新文件    		   16269	74 基于沪深300的增强.md
	    新文件    		    6913	81 申万行业轮动策略.md
	    新文件    		    6296	82 次新+小市值+KAMA择时 轮动.md
	    新文件    		    1863	83 沪深300ETF-1060双均线.md
	  新目录           6	D:\Stock\trading_analysis\10_来源库_SOURCE_LIBRARY\01_Kimi拆书待入库\GROUP_08_A股量化_数据研究\05_txt源码_md归档\TX-04_期货_趋势_动量系统\
	    新文件    		   16197	01 AdaptiveMA自适应均线 过滤器 期货多品种模型 收益稳定增长.md
	    新文件    		   16245	04 趋势交易能赚钱吗？商品期货动量效应挖掘初探.md
	    新文件    		   16399	09 商品期货 多品种日频双均线模型 作为给入门者的小礼物.md
	    新文件    		   19203	17 商品期货截面动量模型，真的靠谱吗？.md
	    新文件    		   13508	22 海龟交易法则升级版---（分钟级回测+合约变更移仓）.md
	    新文件    		   16907	49 海龟克隆优化.md
	  新目录           4	D:\Stock\trading_analysis\10_来源库_SOURCE_LIBRARY\01_Kimi拆书待入库\GROUP_08_A股量化_数据研究\05_txt源码_md归档\TX-05_配对_统计套利_相关性\
	    新文件    		    4736	13 招行_海天配对策略-改进版.md
	    新文件    		    4766	19 招行_海天配对策略（学习招行伊利配对）.md
	    新文件    		    6743	50 简单配对交易.md
	    新文件    		    4726	55 中小板-中证500配对交易.md
	  新目录           3	D:\Stock\trading_analysis\10_来源库_SOURCE_LIBRARY\01_Kimi拆书待入库\GROUP_08_A股量化_数据研究\05_txt源码_md归档\TX-06_资金流_事件驱动\
	    新文件    		    9226	38 一个简单的跟踪聪明钱策略.md
	    新文件    		    7421	73 跟着港资（北向资金）买A股.md
	    新文件    		   16395	95 资金流策略.md
	  新目录          38	D:\Stock\trading_analysis\10_来源库_SOURCE_LIBRARY\01_Kimi拆书待入库\GROUP_08_A股量化_数据研究\05_txt源码_md归档\TX-07_杂项_练习_待筛\
	    新文件    		    4762	02 我好像破解了聚宽擂台排第一的策略？！.md
	    新文件    		    6902	05 兄台且慢，去天台排队不如看看这个策略先.md
	    新文件    		    5509	06 为什么股票市值是当前的样子？.md
	    新文件    		    6396	10 追三板策略.md
	    新文件    		    2430	11 酒股地中短线策略.md
	    新文件    		    2500	14 抗击熊市的中短期低市值策略.md
	    新文件    		    8680	15 基于多期限的选股策略（一）.md
	    新文件    		   16447	16 投资学作业.md
	    新文件    		   22145	20 分钟K线数据重构 ATR自适应通道 请高手来迭代.md
	    新文件    		   23229	23 Principle by Jim Slater 祖鲁法则在A股的实现与改进.md
	    新文件    		   15965	24 自选策略1.md
	    新文件    		   15726	26 向导式-1.md
	    新文件    		   16168	28 收益策略.md
	    新文件    		   16400	32 测试策略1.md
	    新文件    		   16323	35 投资学作业——简单多因子选股策略.md
	    新文件    		   16517	36 投资学作业——简单多因子选股策略改进.md
	    新文件    		   17423	44 新手初来，写了一个价值投资策略.md
	    新文件    		    8198	46 Get API 新技能，研究中写策略并回测.md
	    新文件    		   16168	47 次新小盘策略.md
	    新文件    		    4077	48 再测一支.md
	    新文件    		   15942	53 小市值策略.md
	    新文件    		   21275	54 中长线买入卖出点选择.md
	    新文件    		   15772	56 爱神的箭放声大哭.md
	    新文件    		   16178	57 黄泽森策略.md
	    新文件    		   16678	60 投资期末作业.md
	    新文件    		   16105	61 向导式策略生成器生成的成长股精选策略.md
	    新文件    		   16558	62 选股策略.md
	    新文件    		   15870	63 向导式.md
	    新文件    		   16370	80 向导式 价值分析(一),成功避开股灾,大盘震荡跌时小涨.md
	    新文件    		   16463	84 投资策略说明.md
	    新文件    		    8894	85 【第一次玩】我就是要买便宜股系列.md
	    新文件    		    2146	86 5日线穿十日线策略（供初学）.md
	    新文件    		   16436	87 选股策略说明——张燕兰 16318320.md
	    新文件    		   16436	88 一位小白编辑的多因子选股策略.md
	    新文件    		    4186	89 test1：简单的多均线择时.md
	    新文件    		    2396	96 沪港两地上市的银行股翻倍策略报告.md
	    新文件    		    3177	97 银行翻倍策略.md
	    新文件    		   16512	99 一个中信证券的向导策略.md
	  新目录          67	D:\Stock\trading_analysis\10_来源库_SOURCE_LIBRARY\01_Kimi拆书待入库\GROUP_08_A股量化_数据研究\06_pdf_retained_cut_v2\
	    新文件    		   36358	CUTPACK__G08__择时__产业资本增减持择时__v2.md
	    新文件    		   28389	CUTPACK__G08__择时__恐惧与贪婪择时指标__v2.md
	    新文件    		   27682	CUTPACK__G08__资产配置__两融ETF投资机会_海通轮动__v2.md
	    新文件    		   28651	CUTPACK__G08__资产配置__华夏ETF风格轮动之一_YTM导航仪__v2.md
	    新文件    		   30737	CUTPACK__G08__资产配置__华夏ETF风格轮动之三_涨跌比择时__v2.md
	    新文件    		   21984	CUTPACK__G08__资产配置__华夏ETF风格轮动之二_强弱趋势__v2.md
	    新文件    		   30406	CUTPACK__G08__资产配置__华夏ETF风格轮动之四_残差动量__v2.md
	    新文件    		   20608	CUTPACK__G08__资产配置__板块持仓测算_创业板轮动__v2.md
	    新文件    		   39253	CUTPACK__G08__资产配置__板块效应动量反转_alpha策略__v2.md
	    新文件    		   25015	CUTPACK__G08__资产配置__海通AK行业轮动策略__v2.md
	    新文件    		   44488	CUTPACK__G08__资产配置__涨跌比小盘指数择时__v2.md
	    新文件    		   37140	CUTPACK__G08__资产配置__涨跌比行业轮动择时__v2.md
	    新文件    		   28589	CUTPACK__G08__资产配置__行业动量策略进阶_间隔期风险换手率__v2.md
	    新文件    		   23345	CUTPACK__G08__资产配置__行业基本面预测_工程机械__v2.md
	    新文件    		   24297	CUTPACK__G08__资产配置__行业基本面预测_煤炭__v2.md
	    新文件    		   22084	CUTPACK__G08__资产配置__行业基本面预测_电力__v2.md
	    新文件    		   26891	CUTPACK__G08__资产配置__行业基本面预测_钢铁__v2.md
	    新文件    		   54062	CUTPACK__G08__资产配置__衍生产品量化组合管理__v2.md
	    新文件    		   19334	CUTPACK__G08__选股__A股全市场选股策略__v2.md
	    新文件    		   13583	CUTPACK__G08__选股__A股市场特征_尾部相关性__v2.md
	    新文件    		   16536	CUTPACK__G08__选股__A股市场特征_波段划分__v2.md
	    新文件    		   28421	CUTPACK__G08__选股__事件驱动_ETF套利__v2.md
	    新文件    		   18476	CUTPACK__G08__选股__事件驱动_业绩预告扭亏预减__v2.md
	    新文件    		   29291	CUTPACK__G08__选股__事件驱动_大股东增减持__v2.md
	    新文件    		   51951	CUTPACK__G08__选股__事件驱动_定增事件投资__v2.md
	    新文件    		   16736	CUTPACK__G08__选股__事件驱动_指数样本股调整__v2.md
	    新文件    		   41133	CUTPACK__G08__选股__事件驱动_组合止损机制__v2.md
	    新文件    		   56623	CUTPACK__G08__选股__事件驱动_股东持股结构变化__v2.md
	    新文件    		   20373	CUTPACK__G08__选股__事件驱动_股权激励续篇__v2.md
	    新文件    		   37854	CUTPACK__G08__选股__事件驱动_股票热度潜在热门股__v2.md
	    新文件    		   38213	CUTPACK__G08__选股__事件驱动_规避预案陷阱__v2.md
	    新文件    		   36696	CUTPACK__G08__选股__事件驱动_预减快报反弹__v2.md
	    新文件    		   13901	CUTPACK__G08__选股__事件驱动_高送转__v2.md
	    新文件    		   15708	CUTPACK__G08__选股__估值指标稳定性选股识别度__v2.md
	    新文件    		   37331	CUTPACK__G08__选股__分析师盈利预测选股__v2.md
	    新文件    		   25959	CUTPACK__G08__选股__分析师荐股能力评定__v2.md
	    新文件    		   18307	CUTPACK__G08__选股__动量反转市值因子选股识别度__v2.md
	    新文件    		   53120	CUTPACK__G08__选股__商业贸易行业选股__v2.md
	    新文件    		   52575	CUTPACK__G08__选股__捕捉短线反弹机会__v2.md
	    新文件    		   48226	CUTPACK__G08__选股__极值视角多因子选股__v2.md
	    新文件    		   31986	CUTPACK__G08__选股__极值角度_换手率因子有效性__v2.md
	    新文件    		   19841	CUTPACK__G08__选股__毛利率均值回归选股__v2.md
	    新文件    		   44492	CUTPACK__G08__选股__现金流量市值比极值效应__v2.md
	    新文件    		   45837	CUTPACK__G08__选股__相关性选股_全市场改进__v2.md
	    新文件    		   45708	CUTPACK__G08__选股__相关性选股_公用事业__v2.md
	    新文件    		   24416	CUTPACK__G08__选股__相关性选股_化学工业__v2.md
	    新文件    		   23579	CUTPACK__G08__选股__相关性选股_房地产__v2.md
	    新文件    		   27708	CUTPACK__G08__选股__相关性选股_有色金属__v2.md
	    新文件    		   27076	CUTPACK__G08__选股__相关性选股_纺织服装__v2.md
	    新文件    		   25078	CUTPACK__G08__选股__行业内业绩弹性_钢铁__v2.md
	    新文件    		   24020	CUTPACK__G08__选股__行业内选股_有色金属__v2.md
	    新文件    		   56802	CUTPACK__G08__选股__行业内选股_钢铁__v2.md
	    新文件    		   45580	CUTPACK__G08__选股__选股因子_Spearman_KalmanFilter__v2.md
	    新文件    		   43701	CUTPACK__G08__选股__选股因子_净换手率__v2.md
	    新文件    		   42259	CUTPACK__G08__选股__选股因子_动量反转效应__v2.md
	    新文件    		   90372	CUTPACK__G08__选股__选股因子_尾部相关性__v2.md
	    新文件    		   42908	CUTPACK__G08__选股__选股因子_有效与失效__v2.md
	    新文件    		   59024	CUTPACK__G08__选股__选股因子深度解析__v2.md
	    新文件    		   85308	CUTPACK__G08__选股__量化选股_事件驱动策略__v2.md
	    新文件    		   52475	CUTPACK__G08__选股__高估值师出有名__v2.md
	    新文件    		   38384	CUTPACK__G08__选股（Python量化技术）__量化交易之路Python分析_part1__v2.md
	    新文件    		   42300	CUTPACK__G08__选股（Python量化技术）__量化交易之路Python分析_part2__v2.md
	    新文件    		   42483	CUTPACK__G08__选股（Python量化技术）__量化交易之路Python分析_part3__v2.md
	    新文件    		   55187	CUTPACK__G08__选股（Python量化技术）__量化交易之路Python分析_part4__v2.md
	    新文件    		   84995	CUTPACK__G08__选股（偏基础入门）__量化交易从入门到精通__v2.md
	    新文件    		   18181	manifest_v2.tsv
	    新文件    		    1156	README_放这里.md
	  新目录           0	D:\Stock\trading_analysis\10_来源库_SOURCE_LIBRARY\01_Kimi拆书待入库\GROUP_08_A股量化_数据研究__SOURCE_RAW\
	  新目录           0	D:\Stock\trading_analysis\10_来源库_SOURCE_LIBRARY\01_Kimi拆书待入库\GROUP_08_A股量化_数据研究__SOURCE_RAW\新的参考书\
	  新目录           2	D:\Stock\trading_analysis\10_来源库_SOURCE_LIBRARY\01_Kimi拆书待入库\GROUP_08_A股量化_数据研究__SOURCE_RAW\新的参考书\《Python股票量化交易从入门到实践》完整版\
	    新文件    		 215.8 m	量化交易之路：用Python做股票量化分析.pdf
	    新文件    		     361	阅读说明.txt
	  新目录          99	D:\Stock\trading_analysis\10_来源库_SOURCE_LIBRARY\01_Kimi拆书待入库\GROUP_08_A股量化_数据研究__SOURCE_RAW\新的参考书\《Python股票量化交易从入门到实践》完整版\1.量化策略代码(99份)（赠品）\
	    新文件    		   14602	01 AdaptiveMA自适应均线 过滤器 期货多品种模型 收益稳定增长.txt
	    新文件    		    3716	02 我好像破解了聚宽擂台排第一的策略？！.txt
	    新文件    		    4042	03 机器学习多因子策略.txt
	    新文件    		   14603	04 趋势交易能赚钱吗？商品期货动量效应挖掘初探.txt
	    新文件    		    5591	05 兄台且慢，去天台排队不如看看这个策略先.txt
	    新文件    		    4797	06 为什么股票市值是当前的样子？.txt
	    新文件    		    8122	07 穿越牛熊基业长青的价值精选策略.txt
	    新文件    		   14426	08 MACD单因子多头策略.txt
	    新文件    		   14573	09 商品期货 多品种日频双均线模型 作为给入门者的小礼物.txt
	    新文件    		    5602	10 追三板策略.txt
	    新文件    		    1835	11 酒股地中短线策略.txt
	    新文件    		    3092	12 【均值回归】基于zscore的均值回归策略（胜率100%）.txt
	    新文件    		    3737	13 招行_海天配对策略-改进版.txt
	    新文件    		    1875	14 抗击熊市的中短期低市值策略.txt
	    新文件    		    7406	15 基于多期限的选股策略（一）.txt
	    新文件    		   14856	16 投资学作业.txt
	    新文件    		   17399	17 商品期货截面动量模型，真的靠谱吗？.txt
	    新文件    		   12450	18 均值回归策略分享.txt
	    新文件    		    3716	19 招行_海天配对策略（学习招行伊利配对）.txt
	    新文件    		   20110	20 分钟K线数据重构 ATR自适应通道 请高手来迭代.txt
	    新文件    		    4206	21 果核量化出品 -- BIAS_QL乖离率策略指数择时1.0.txt
	    新文件    		   12195	22 海龟交易法则升级版---（分钟级回测+合约变更移仓）.txt
	    新文件    		   21979	23 Principle by Jim Slater 祖鲁法则在A股的实现与改进.txt
	    新文件    		   14378	24 自选策略1.txt
	    新文件    		    2163	25 简单市值轮动策略-学习.txt
	    新文件    		   14143	26 向导式-1.txt
	    新文件    		    2450	27 RSRS指标择时（30分钟线）.txt
	    新文件    		   14583	28 收益策略.txt
	    新文件    		    2883	29 KD指标量化交易策略.txt
	    新文件    		    4948	30 基于LSTM模型预测股票价格走势.txt
	    新文件    		   17676	31 低PB价值投资策略分享.txt
	    新文件    		   14813	32 测试策略1.txt
	    新文件    		   45083	33 买入每个行业市值最大的股票.txt
	    新文件    		   14555	34 成长策略.txt
	    新文件    		   14666	35 投资学作业——简单多因子选股策略.txt
	    新文件    		   14848	36 投资学作业——简单多因子选股策略改进.txt
	    新文件    		   14142	37 个股止损.txt
	    新文件    		    8346	38 一个简单的跟踪聪明钱策略.txt
	    新文件    		    1427	39 因子分析——利用JoinQuant因子分析模块选取因子并封装为策略.txt
	    新文件    		    3289	40 kdj指标配合accer过滤.txt
	    新文件    		    3556	41 多因子模型（三）-交易回测.txt
	    新文件    		   10197	42 低估值+TRIX+RSI 低回撤策略.txt
	    新文件    		    4461	43 无模型评估的多因子模型.txt
	    新文件    		   15772	44 新手初来，写了一个价值投资策略.txt
	    新文件    		    3109	45 布林带策略.txt
	    新文件    		    6670	46 Get API 新技能，研究中写策略并回测.txt
	    新文件    		   14571	47 次新小盘策略.txt
	    新文件    		    3292	48 再测一支.txt
	    新文件    		   15479	49 海龟克隆优化.txt
	    新文件    		    5644	50 简单配对交易.txt
	    新文件    		   30161	51 HS300--随机森林拐点识别.txt
	    新文件    		    2614	52 布林带1.txt
	    新文件    		   14351	53 小市值策略.txt
	    新文件    		   19646	54 中长线买入卖出点选择.txt
	    新文件    		    3735	55 中小板-中证500配对交易.txt
	    新文件    		   14163	56 爱神的箭放声大哭.txt
	    新文件    		   14587	57 黄泽森策略.txt
	    新文件    		   14674	58 MACD金叉买入，死叉卖出.txt
	    新文件    		    2401	59 小市值轮动，修改了内容，剔除了停牌股，同时PE要求为正的股票。.txt
	    新文件    		   15081	60 投资期末作业.txt
	    新文件    		   14436	61 向导式策略生成器生成的成长股精选策略.txt
	    新文件    		   14973	62 选股策略.txt
	    新文件    		   14291	63 向导式.txt
	    新文件    		   14736	64 12年年化34%，Sharpe1.2，银行股轮动.txt
	    新文件    		    4903	65 8只基金按PE调仓.txt
	    新文件    		    1647	66 高于MA10买入低于MA20卖出回测半年收益率20.4%.txt
	    新文件    		   10489	67 多因子回测完整模板（筛选和买卖条件强于‘策略生成器’）.txt
	    新文件    		    8054	68 板块轮动不动？.txt
	    新文件    		    2648	69 阻力支撑相对强度（RSRS）指标择时策略.txt
	    新文件    		   14243	70 蓝筹&均线.txt
	    新文件    		    8216	71 【投资学】CAPM单因子回归模型+ROE股票池（含止损）.txt
	    新文件    		    5692	72 基金定投-沪深300-5年回测.txt
	    新文件    		    6531	73 跟着港资（北向资金）买A股.txt
	    新文件    		   14657	74 基于沪深300的增强.txt
	    新文件    		   14707	75 财务因子策略.txt
	    新文件    		    2104	76 MACD——大盘择时.txt
	    新文件    		    5091	77 RSRS大盘择时优化.txt
	    新文件    		    5187	78 GFTD第二版.txt
	    新文件    		    1972	79 DMI——大盘择时.txt
	    新文件    		   14667	80 向导式 价值分析(一),成功避开股灾,大盘震荡跌时小涨.txt
	    新文件    		    5742	81 申万行业轮动策略.txt
	    新文件    		    5626	82 次新+小市值+KAMA择时 轮动.txt
	    新文件    		    1253	83 沪深300ETF-1060双均线.txt
	    新文件    		   14866	84 投资策略说明.txt
	    新文件    		    7832	85 【第一次玩】我就是要买便宜股系列.txt
	    新文件    		    1355	86 5日线穿十日线策略（供初学）.txt
	    新文件    		   14791	87 选股策略说明——张燕兰 16318320.txt
	    新文件    		   14791	88 一位小白编辑的多因子选股策略.txt
	    新文件    		    3397	89 test1：简单的多均线择时.txt
	    新文件    		   14337	90 MA均线金叉买入，死叉卖出.txt
	    新文件    		    2662	91 Stoch（KDJ）——大盘择时.txt
	    新文件    		    6391	92 多因子选股策略.txt
	    新文件    		    5153	93 RSRS——大盘择时.txt
	    新文件    		   14499	94 PE和PB策略.txt
	    新文件    		   14799	95 资金流策略.txt
	    新文件    		    1655	96 沪港两地上市的银行股翻倍策略报告.txt
	    新文件    		    2466	97 银行翻倍策略.txt
	    新文件    		    3236	98 机器学习SVM用法示例策略.txt
	    新文件    		   14885	99 一个中信证券的向导策略.txt
	  新目录           0	D:\Stock\trading_analysis\10_来源库_SOURCE_LIBRARY\01_Kimi拆书待入库\GROUP_08_A股量化_数据研究__SOURCE_RAW\新的参考书\《Python股票量化交易从入门到实践》完整版\2.其他量化资料(62份)（赠品）\
	  新目录           3	D:\Stock\trading_analysis\10_来源库_SOURCE_LIBRARY\01_Kimi拆书待入库\GROUP_08_A股量化_数据研究__SOURCE_RAW\新的参考书\《Python股票量化交易从入门到实践》完整版\2.其他量化资料(62份)（赠品）\量化择时 3份\
	    新文件    		  418655	度量市场“恐惧与贪婪”的量化择时指标.pdf
	    新文件    		  831206	通过产业资本增减持数据构建的量化择时指标.pdf
	    新文件    		  418642	量化择时——度量市场“恐惧与贪婪”的量化择时指标.pdf
	  新目录           0	D:\Stock\trading_analysis\10_来源库_SOURCE_LIBRARY\01_Kimi拆书待入库\GROUP_08_A股量化_数据研究__SOURCE_RAW\新的参考书\《Python股票量化交易从入门到实践》完整版\2.其他量化资料(62份)（赠品）\量化资产配置 17份\
	  新目录           4	D:\Stock\trading_analysis\10_来源库_SOURCE_LIBRARY\01_Kimi拆书待入库\GROUP_08_A股量化_数据研究__SOURCE_RAW\新的参考书\《Python股票量化交易从入门到实践》完整版\2.其他量化资料(62份)（赠品）\量化资产配置 17份\行业基本面预测模型\
	    新文件    		  458853	行业基本面预测——在工程机械行业的实证.pdf
	    新文件    		  692968	行业基本面预测——在煤炭行业的实证.pdf
	    新文件    		  987775	行业基本面预测——在电力行业的实证.pdf
	    新文件    		  627115	行业基本面预测——在钢铁行业的实证.pdf
	  新目录           7	D:\Stock\trading_analysis\10_来源库_SOURCE_LIBRARY\01_Kimi拆书待入库\GROUP_08_A股量化_数据研究__SOURCE_RAW\新的参考书\《Python股票量化交易从入门到实践》完整版\2.其他量化资料(62份)（赠品）\量化资产配置 17份\行业轮动模型\
	    新文件    		  616256	基于板块效应动量反转特征的alpha策略研究.pdf
	    新文件    		   1.7 m	基于涨跌比的行业轮动与择时研究.pdf
	    新文件    		 1026797	妙用涨跌比，小盘指数巧择时.pdf
	    新文件    		   1.6 m	板块持仓测算在创业板风格轮动中的应用.pdf
	    新文件    		  586388	海通AK行业轮动策略——结构性行情必杀技.pdf
	    新文件    		  540666	行业动量策略进阶之一：间隔期、系统性风险及换手率的影响.pdf
	    新文件    		   1.2 m	衍生产品及量化组合管理策略介绍.pdf
	  新目录           6	D:\Stock\trading_analysis\10_来源库_SOURCE_LIBRARY\01_Kimi拆书待入库\GROUP_08_A股量化_数据研究__SOURCE_RAW\新的参考书\《Python股票量化交易从入门到实践》完整版\2.其他量化资料(62份)（赠品）\量化资产配置 17份\风格轮动模型\
	    新文件    		  471159	华夏上证行业ETF风格轮动策略之一：——利用债券YTM打造行业风格导航仪.pdf
	    新文件    		  574457	华夏上证行业ETF风格轮动策略之三：——基于涨跌比择时的绝对收益动量策略.pdf
	    新文件    		  440609	华夏上证行业ETF风格轮动策略之二——强弱趋势捕捉组合投资机会.pdf
	    新文件    		  948380	华夏上证行业ETF风格轮动策略之四：——基于残差动量的相对收益动量策略.pdf
	    新文件    		  429052	如虎添翼,两融带给ETF的投资机会——海通ETF风格轮动模型实证分析.pdf
	    新文件    		   1.6 m	板块持仓测算在创业板风格轮动中的应用.pdf
	  新目录           2	D:\Stock\trading_analysis\10_来源库_SOURCE_LIBRARY\01_Kimi拆书待入库\GROUP_08_A股量化_数据研究__SOURCE_RAW\新的参考书\《Python股票量化交易从入门到实践》完整版\2.其他量化资料(62份)（赠品）\量化选股 40份\
	    新文件    		   1.2 m	分析师荐股能力评定与跟踪.pdf
	    新文件    		   1.0 m	利用分析师盈利预测数据挖掘投资机会.pdf
	  新目录          13	D:\Stock\trading_analysis\10_来源库_SOURCE_LIBRARY\01_Kimi拆书待入库\GROUP_08_A股量化_数据研究__SOURCE_RAW\新的参考书\《Python股票量化交易从入门到实践》完整版\2.其他量化资料(62份)（赠品）\量化选股 40份\事件驱动策略系列\
	    新文件    		  516129	事件驱动策略之一——业绩预告之一——把握扭亏、预减公告，获取短期超额收益.pdf
	    新文件    		  458106	事件驱动策略之七——高送转行情下的事件性投资机会.pdf
	    新文件    		  449555	事件驱动策略之三——指数样本股调整.pdf
	    新文件    		  520111	事件驱动策略之九——股权激励续篇.pdf
	    新文件    		  756962	事件驱动策略之二——关注主板预减快报后的短期反弹机会以及中小板盈利公告.pdf
	    新文件    		  657088	事件驱动策略之五——大股东增减持——关注增持比例较大的事件机会.pdf
	    新文件    		  537798	事件驱动策略之六——规避预案陷阱，把握实施收益.pdf
	    新文件    		  813737	事件驱动策略之十——如何刻画股票热度以及寻找“潜在热门股”.pdf
	    新文件    		  647309	事件驱动策略之十一——事件驱动组合止损机制设计.pdf
	    新文件    		   1.4 m	事件驱动策略之十三——定增事件投资——甄别市场，把握买点.pdf
	    新文件    		   1.1 m	事件驱动策略之十二——重要股东持股结构变化蕴含的信息分析.pdf
	    新文件    		  377669	事件驱动策略之四——ETF事件套利研究.pdf
	    新文件    		  678210	量化选股之事件驱动策略.pdf
	  新目录          11	D:\Stock\trading_analysis\10_来源库_SOURCE_LIBRARY\01_Kimi拆书待入库\GROUP_08_A股量化_数据研究__SOURCE_RAW\新的参考书\《Python股票量化交易从入门到实践》完整版\2.其他量化资料(62份)（赠品）\量化选股 40份\多因子选股模型\
	    新文件    		  373366	A股全市场选股策略研究.pdf
	    新文件    		  552442	从极值角度进行选股因子有效性的确认——在换手率上的实证.pdf
	    新文件    		  521920	商业贸易行业选股策略.pdf
	    新文件    		  565947	极值视角下的多因子选股策略.pdf
	    新文件    		  431364	相关性选股策略——全市场选股方法改进.pdf
	    新文件    		  442998	相关性选股策略——在公用事业行业上的实证以及选股因子权重的再讨论.pdf
	    新文件    		  431591	相关性选股策略——在化学工业行业上的实证.pdf
	    新文件    		  531259	相关性选股策略——在房地产行业上的实证.pdf
	    新文件    		  476022	相关性选股策略——在有色金属行业上的实证.pdf
	    新文件    		  377586	相关性选股策略——在纺织服装行业上的实证.pdf
	    新文件    		  512261	高估值，你是否师出有名？.pdf
	  新目录           2	D:\Stock\trading_analysis\10_来源库_SOURCE_LIBRARY\01_Kimi拆书待入库\GROUP_08_A股量化_数据研究__SOURCE_RAW\新的参考书\《Python股票量化交易从入门到实践》完整版\2.其他量化资料(62份)（赠品）\量化选股 40份\成长股选股模型\
	    新文件    		  480600	行业内选股策略——有色金属行业.pdf
	    新文件    		  423154	行业内选股策略——钢铁行业.pdf
	  新目录           3	D:\Stock\trading_analysis\10_来源库_SOURCE_LIBRARY\01_Kimi拆书待入库\GROUP_08_A股量化_数据研究__SOURCE_RAW\新的参考书\《Python股票量化交易从入门到实践》完整版\2.其他量化资料(62份)（赠品）\量化选股 40份\财务指标选股研究系列\
	    新文件    		  468909	A股上市公司毛利率的均值回归及选股实证.pdf
	    新文件    		  432008	上市公司估值指标的稳定性与选股识别度.pdf
	    新文件    		  398482	上市公司动量反转以及市值因子的选股识别度.pdf
	  新目录          11	D:\Stock\trading_analysis\10_来源库_SOURCE_LIBRARY\01_Kimi拆书待入库\GROUP_08_A股量化_数据研究__SOURCE_RAW\新的参考书\《Python股票量化交易从入门到实践》完整版\2.其他量化资料(62份)（赠品）\量化选股 40份\选股因子研究系列\
	    新文件    		  526519	A股市场特征研究（一）——沪深300样本股尾部相关性观察.pdf
	    新文件    		  467132	A股市场特征研究（二）——波段划分新方法及应用展望.pdf
	    新文件    		   1.4 m	如何捕捉短线反弹机会？.pdf
	    新文件    		  506405	工欲善其事，必先利其器——选股因子深度解析.pdf
	    新文件    		  334421	现金流量市值比因子的极值效应.pdf
	    新文件    		  466972	行业内股票业绩弹性分析——在钢铁行业上的实证.pdf
	    新文件    		  468343	选股因子研究系列（一）——弱者终有逆袭日，强势几无持续时——A股市场的动量反转效应研究.pdf
	    新文件    		  544847	选股因子研究系列（三）——从Spearman相关系数出发研究因子有效性——Kalman Filter模型在因子选择中的应用.pdf
	    新文件    		   1.3 m	选股因子研究系列（二）——因子模型的尾部相关性研究.pdf
	    新文件    		   1.0 m	选股因子研究系列（五）——寻找股价驱动新因子之净换手率.pdf
	    新文件    		  690647	选股因子研究系列（四）——多因子选股模型的有效与失效.pdf
	  新目录           1	D:\Stock\trading_analysis\10_来源库_SOURCE_LIBRARY\01_Kimi拆书待入库\GROUP_08_A股量化_数据研究__SOURCE_RAW\新的参考书\《Python股票量化交易从入门到实践》完整版\导入“图书”app教程\
	    新文件    		  411957	没有图书app的可以下一个微信图书.heic
	  新目录           3	D:\Stock\trading_analysis\10_来源库_SOURCE_LIBRARY\01_Kimi拆书待入库\GROUP_08_A股量化_数据研究__SOURCE_RAW\新的参考书\《Python股票量化交易从入门到实践》完整版\支持美股黄金“世界杯”全能交易平台\
	    新文件    		   1.0 m	gate：可买“世界杯”“美股”的全能平台.jpg
	    新文件    		   1.2 m	币安：可买“世界杯”“美股”的全能平台.jpg
	    新文件    		  353738	点击图片查看.jpg
	  新目录           6	D:\Stock\trading_analysis\10_来源库_SOURCE_LIBRARY\01_Kimi拆书待入库\GROUP_08_A股量化_数据研究__SOURCE_RAW\新的参考书\《Python股票量化交易从入门到实践》完整版\美股外汇黄金石油期货“世界杯”平台\
	    新文件    		   1.0 m	支持购买世界杯的全能平台.jpg
	    新文件    		  865737	点击图片查看a.jpg
	    新文件    		  512024	点击图片查看b.jpg
	    新文件    		  661551	点击图片查看c.jpg
	    新文件    		  849126	点击图片查看d.jpg
	    新文件    		  783909	点击图片查看e.jpg
	  新目录           4	D:\Stock\trading_analysis\10_来源库_SOURCE_LIBRARY\01_Kimi拆书待入库\GROUP_08_A股量化_数据研究__SOURCE_RAW\新的参考书\《Python股票量化交易从入门到实践》完整版\美股外汇黄金石油期货“世界杯”平台\Gate支持量化api-预测市场polymarket-美股金属外汇大宗商品\
	    新文件    		   1.0 m	支持购买“世界杯”的全能平台.jpg
	    新文件    		  865737	点击图片查看a.jpg
	    新文件    		  512024	点击图片查看b.jpg
	    新文件    		  661551	点击图片查看c.jpg
	  新目录           5	D:\Stock\trading_analysis\10_来源库_SOURCE_LIBRARY\01_Kimi拆书待入库\GROUP_08_A股量化_数据研究__SOURCE_RAW\新的参考书\《Python股票量化交易从入门到实践》完整版\赵长鹏创建的平台：币安（可买世界杯）\
	    新文件    		  461523	2026-06-05 010538.png
	    新文件    		   1.2 m	币安：支持购买“世界杯”美股的全能平台.jpg
	    新文件    		  578343	支持港美股.jpg
	    新文件    		  550691	支持黄金原油白银期货.jpg
	    新文件    		 1015723	普通人只有100块也可以玩.jpg
	  新目录           6	D:\Stock\trading_analysis\10_来源库_SOURCE_LIBRARY\01_Kimi拆书待入库\GROUP_09_完善体系书库_切割产物\
	    新文件    		   32291	CUTPACK__A4__AFML__v2.md
	    新文件    		   19345	CUTPACK__A4__Algorithmic_Trading__v2.md
	    新文件    		   25008	CUTPACK__A4__Quantitative_Trading__v2_retry.md
	    新文件    		   25808	CUTPACK__A4__Successful_Algorithmic_Trading__v2_retry.md
	    新文件    		    1034	manifest_v2.tsv
	    新文件    		    1479	README_放这里.md
	  新目录           9	D:\Stock\trading_analysis\10_来源库_SOURCE_LIBRARY\01_Kimi拆书待入库\GROUP_09_完善体系书库_切割产物\01_A1_cutpack_v2\
	    新文件    		   29867	CUTPACK__A1__情绪流龙头战法__part1__v2.md
	    新文件    		   63249	CUTPACK__A1__情绪流龙头战法__part2__v2.md
	    新文件    		   88656	CUTPACK__A1__股市极客思考录升级版__v2_r2.md
	    新文件    		   56266	CUTPACK__A1__顿悟渐修__v2_r2.md
	    新文件    		   76143	CUTPACK__A1__香象渡河__v2_r2.md
	    新文件    		   70348	CUTPACK__A1__龙头价值与赛道__v2_r2.md
	    新文件    		   76990	CUTPACK__A1__龙头信仰__v2_r2.md
	    新文件    		    1549	manifest_v2.tsv
	    新文件    		     807	README_放这里.md
	  新目录          10	D:\Stock\trading_analysis\10_来源库_SOURCE_LIBRARY\01_Kimi拆书待入库\GROUP_09_完善体系书库_切割产物\01_A1_cutpack_v2_final\
	    新文件    		   30241	CUTPACK__A1__情绪流龙头战法__part1__v2_r2.md
	    新文件    		   65332	CUTPACK__A1__情绪流龙头战法__part2__v2_r1.md
	    新文件    		   66330	CUTPACK__A1__情绪流龙头战法__part2__v2_r2.md
	    新文件    		   87661	CUTPACK__A1__股市极客思考录升级版__v2_r2.md
	    新文件    		   56287	CUTPACK__A1__顿悟渐修__v2_r2.md
	    新文件    		   76145	CUTPACK__A1__香象渡河__v2_r2.md
	    新文件    		   70327	CUTPACK__A1__龙头价值与赛道__v2_r2.md
	    新文件    		   76999	CUTPACK__A1__龙头信仰__v2_r2.md
	    新文件    		    1620	manifest_v2.tsv
	    新文件    		    1086	README_放这里.md
	  新目录           6	D:\Stock\trading_analysis\10_来源库_SOURCE_LIBRARY\01_Kimi拆书待入库\GROUP_09_完善体系书库_切割产物\02_A3C1_cutpack_v2\
	    新文件    		   47907	CUTPACK__A3C1__擒住大牛筹码_part1__v2_r1.md
	    新文件    		   26944	CUTPACK__A3C1__擒住大牛筹码_part2__v2_r1.md
	    新文件    		   42132	CUTPACK__A3C1__筹码形态手册_part1__v2_r1.md
	    新文件    		   43639	CUTPACK__A3C1__筹码形态手册_part2__v2_r1.md
	    新文件    		     970	manifest_v2.tsv
	    新文件    		     741	README_放这里.md
	  新目录          11	D:\Stock\trading_analysis\10_来源库_SOURCE_LIBRARY\01_Kimi拆书待入库\GROUP_09_完善体系书库_切割产物\02_A3C1_cutpack_v2_final\
	    新文件    		   65667	CUTPACK__A3C1__从零开始学筹码分布_part1__v2_r1.md
	    新文件    		   47912	CUTPACK__A3C1__擒住大牛筹码_part1__v2_r1.md
	    新文件    		   26949	CUTPACK__A3C1__擒住大牛筹码_part2__v2_r1.md
	    新文件    		   32848	CUTPACK__A3C1__筹码分布_陈浩完整版__v2.md
	    新文件    		   24741	CUTPACK__A3C1__筹码分布揭密主力操盘手法__v2.md
	    新文件    		   18248	CUTPACK__A3C1__筹码分布选股法__v2.md
	    新文件    		   43306	CUTPACK__A3C1__筹码形态手册_part1__v2_r2.md
	    新文件    		   44854	CUTPACK__A3C1__筹码形态手册_part2__v2_r2.md
	    新文件    		   73181	CUTPACK__A3C1__跟我学筹码分布_part1__v2_r1.md
	    新文件    		    2294	manifest_v2.tsv
	    新文件    		     825	README_放这里.md
	  新目录           8	D:\Stock\trading_analysis\10_来源库_SOURCE_LIBRARY\01_Kimi拆书待入库\GROUP_09_完善体系书库_切割产物\03_A3_extra_cutpack_v2_final\
	    新文件    		   45944	CUTPACK__A3__VolumeProfile__v2_r1.md
	    新文件    		   19265	CUTPACK__A3__和谐交易__v2.md
	    新文件    		   25157	CUTPACK__A3__威科夫操盘法__v2_r1.md
	    新文件    		   21776	CUTPACK__A3__日本蜡烛图技术__v2.md
	    新文件    		   23836	CUTPACK__A3__日本蜡烛图技术新解__v2_r1.md
	    新文件    		   21162	CUTPACK__A3__量价分析威科夫盘口解读方法__v2_r1.md
	    新文件    		    1441	manifest_v2.tsv
	    新文件    		     611	README_放这里.md
	  新目录           6	D:\Stock\trading_analysis\10_来源库_SOURCE_LIBRARY\01_Kimi拆书待入库\GROUP_09_完善体系书库_切割产物\04_A4_cutpack_v2_final\
	    新文件    		   32238	CUTPACK__A4__AFML__v2.md
	    新文件    		   23342	CUTPACK__A4__Algorithmic_Trading__v2.md
	    新文件    		   24363	CUTPACK__A4__Quantitative_Trading__v2_retry_r2.md
	    新文件    		   32545	CUTPACK__A4__Successful_Algorithmic_Trading__v2_retry.md
	    新文件    		    1034	manifest_v2.tsv
	    新文件    		     458	README_放这里.md
	  新目录           1	D:\Stock\trading_analysis\10_来源库_SOURCE_LIBRARY\01_Kimi拆书待入库\GROUP_10_A5_财报_估值_组合管理\
	    新文件    		    1936	README_放这里.md
	  新目录           2	D:\Stock\trading_analysis\10_来源库_SOURCE_LIBRARY\01_Kimi拆书待入库\GROUP_10_A5_财报_估值_组合管理\01_A5_cutpack_v1_final\
	    新文件    		    1128	manifest_v2.tsv
	    新文件    		    1972	README_放这里.md
	  新目录          55	D:\Stock\trading_analysis\10_来源库_SOURCE_LIBRARY\01_Kimi拆书待入库\GROUP_10_A5_财报_估值_组合管理\01_A5_cutpack_v1_final\5073_Quantitative_Equity_Portfolio_Management\
	    新文件    		   12203	abbbreviations.md
	    新文件    		    2021	appendix10A.md
	    新文件    		   13389	appendix10B.md
	    新文件    		   22447	appendix10C.md
	    新文件    		    2856	appendix12A.md
	    新文件    		    1607	appendix12B.md
	    新文件    		   12864	appendix12C.md
	    新文件    		   15134	appendix13A.md
	    新文件    		   10387	appendix15A.md
	    新文件    		    6560	appendix15B.md
	    新文件    		    4363	appendix15C.md
	    新文件    		   12981	appendix15D.md
	    新文件    		    4670	appendix16A.md
	    新文件    		    1031	appendix4A.md
	    新文件    		   13325	appendix4B.md
	    新文件    		     658	appendix5A.md
	    新文件    		    8248	appendix5B.md
	    新文件    		   11840	appendix5C.md
	    新文件    		   13528	appendix9A.md
	    新文件    		   20138	appendix9B.md
	    新文件    		    1795	authors.md
	    新文件    		   70288	bibliography.md
	    新文件    		   44037	chapter01.md
	    新文件    		   89372	chapter02.md
	    新文件    		   45178	chapter03.md
	    新文件    		   75213	chapter04.md
	    新文件    		   72660	chapter05.md
	    新文件    		   47171	chapter06.md
	    新文件    		   42397	chapter07.md
	    新文件    		   31789	chapter08.md
	    新文件    		   57604	chapter09.md
	    新文件    		   38236	chapter10.md
	    新文件    		   47956	chapter11.md
	    新文件    		   72655	chapter12.md
	    新文件    		   58948	chapter13.md
	    新文件    		   44973	chapter14.md
	    新文件    		   84875	chapter15.md
	    新文件    		   76155	chapter16.md
	    新文件    		   41580	chapter17.md
	    新文件    		   13838	contents.md
	    新文件    		    4114	copyright.md
	    新文件    		     336	cover.md
	    新文件    		    3113	foreword.md
	    新文件    		   23495	glossary.md
	    新文件    		   50669	INDEX.md
	    新文件    		   56673	indexa.md
	    新文件    		   16313	nav.md
	    新文件    		    2729	part01.md
	    新文件    		    1919	part02.md
	    新文件    		    2377	part03.md
	    新文件    		    1403	part04.md
	    新文件    		    2182	part05.md
	    新文件    		    9299	preface01.md
	    新文件    		    7700	preface02.md
	    新文件    		     336	title.md
	  新目录          25	D:\Stock\trading_analysis\10_来源库_SOURCE_LIBRARY\01_Kimi拆书待入库\GROUP_10_A5_财报_估值_组合管理\01_A5_cutpack_v1_final\Active_Portfolio_Management\
	    新文件    		   15834	.tmp_chapter_boundaries.json
	    新文件    		   17953	chapter_01.md
	    新文件    		   50141	chapter_02.md
	    新文件    		   83753	chapter_03.md
	    新文件    		   37503	chapter_04.md
	    新文件    		   59626	chapter_05.md
	    新文件    		   39887	chapter_06.md
	    新文件    		   47757	chapter_07.md
	    新文件    		   42303	chapter_08.md
	    新文件    		   59179	chapter_09.md
	    新文件    		   55421	chapter_10.md
	    新文件    		   31376	chapter_11.md
	    新文件    		   56514	chapter_12.md
	    新文件    		   41708	chapter_13.md
	    新文件    		   81646	chapter_14.md
	    新文件    		   37238	chapter_15.md
	    新文件    		   59269	chapter_16.md
	    新文件    		   64152	chapter_17.md
	    新文件    		   45051	chapter_18.md
	    新文件    		   29270	chapter_19.md
	    新文件    		   30757	chapter_20.md
	    新文件    		    7526	chapter_21.md
	    新文件    		   42397	chapter_22.md
	    新文件    		   14257	front_matter.md
	    新文件    		    1898	INDEX.md
	  新目录           7	D:\Stock\trading_analysis\10_来源库_SOURCE_LIBRARY\01_Kimi拆书待入库\GROUP_10_A5_财报_估值_组合管理\01_A5_cutpack_v1_final\上市公司财报分析与股票估值\
	    新文件    		     565	INDEX.md
	    新文件    		    4335	part_0_front.md
	    新文件    		   98271	part_1.md
	    新文件    		   66700	part_2.md
	    新文件    		   67674	part_3.md
	    新文件    		   54632	part_4.md
	    新文件    		    1268	part_5_back.md
	  新目录          23	D:\Stock\trading_analysis\10_来源库_SOURCE_LIBRARY\01_Kimi拆书待入库\GROUP_10_A5_财报_估值_组合管理\01_A5_cutpack_v1_final\财务报表分析与股票估值_郭永清\
	    新文件    		    2815	.tmp_chapter_map.json
	    新文件    		    3042	.tmp_chapter_map2.json
	    新文件    		   83094	4_1_公司战略_行业选择和竞争策略决策.md
	    新文件    		    2443	INDEX.md
	    新文件    		   34557	前言_财报分析_知行合一_学以致用.md
	    新文件    		  388624	推荐序一以价值为核心的财务报表分析.md
	    新文件    		  126171	推荐序二用管理思维进行财务报表分析_和股票估值.md
	    新文件    		   47233	第10章_资产资本表和股权价值增加表的_综合分析.md
	    新文件    		   38673	第11章_回归现金_经营活动现金流量分_析.md
	    新文件    		   34108	第12章股票价格和股票价值.md
	    新文件    		   22206	第13章常见的相对估值法.md
	    新文件    		   27579	第14章终极方法_绝对估值法.md
	    新文件    		   85708	第15章_运用自由现金流贴现模型进行股_票估值.md
	    新文件    		  571960	第16章我的投资实战案例.md
	    新文件    		   27696	第1章财报基础.md
	    新文件    		  184060	第2章财报原理及财报质量.md
	    新文件    		  191999	第3章公司财报分析的框架.md
	    新文件    		   17243	第5章财报项目之间的逻辑关系.md
	    新文件    		   30985	第6章从投资活动现金流量看一家公司_的战略和未来.md
	    新文件    		   28612	第7章从筹资活动现金流量看一家公司_的资本管理能力.md
	    新文件    		   81509	第8章资产和资本分析.md
	    新文件    		   98574	第9章股权价值增加表分析.md
	    新文件    		    1776	补源请求_第10章表格_OCR.md
	  新目录           0	D:\Stock\trading_analysis\10_来源库_SOURCE_LIBRARY\01_Kimi拆书待入库\S_BUCKET__staging\
	  新目录           0	D:\Stock\trading_analysis\10_来源库_SOURCE_LIBRARY\01_Kimi拆书待入库\S_BUCKET__staging\01_集合竞价教程\
	  新目录           1	D:\Stock\trading_analysis\10_来源库_SOURCE_LIBRARY\01_Kimi拆书待入库\S_BUCKET__staging\01_集合竞价教程\01.股票《集合竞价基础规则》共3集\
	    新文件    		  124149	01.什么是集合竞价+02.集合竞价买卖技法+03.集合竞价交易细节_merged.mp4_导出.md
	  新目录           4	D:\Stock\trading_analysis\10_来源库_SOURCE_LIBRARY\01_Kimi拆书待入库\S_BUCKET__staging\01_集合竞价教程\02.老姜《盘口集合竞价战法》共5集\
	    新文件    		   37442	02.老姜《集合竞价线下课程》2.mp4_导出.md
	    新文件    		   48521	03.老姜《集合竞价线下课程》3.mp4_导出.md
	    新文件    		   54433	04.老姜《集合竞价线下星战》1.mp4_导出.md
	    新文件    		   42756	05.老姜《集合竞价线下星战》2.mp4_导出.md
	  新目录           3	D:\Stock\trading_analysis\10_来源库_SOURCE_LIBRARY\01_Kimi拆书待入库\S_BUCKET__staging\01_集合竞价教程\03.老班长《集合竞价培训课》共3集\
	    新文件    		   79937	老班长《早盘集合竞价》.mp4_导出.md
	    新文件    		   41160	老班长《涨停板集合竞价》上.wmv_导出.md
	    新文件    		    8554	老班长《涨停板集合竞价》下.wmv_导出.md
	  新目录           3	D:\Stock\trading_analysis\10_来源库_SOURCE_LIBRARY\01_Kimi拆书待入库\S_BUCKET__staging\01_集合竞价教程\04.朱玄《集合竞价培训课》共2集\
	    新文件    		  152501	【朱玄】集合竞价异动.mp4_导出.md
	    新文件    		   73608	【朱玄】集合竞价抓涨停.avi_导出.md
	    新文件    		   2.5 m	【朱玄】集合竞价抓涨停.pdf
	  新目录           5	D:\Stock\trading_analysis\10_来源库_SOURCE_LIBRARY\01_Kimi拆书待入库\S_BUCKET__staging\01_集合竞价教程\05.枫叶《集合竞价培训课程》共4集\
	    新文件    		   13623	01.早盘集合竞价（实盘抓3涨停）.wmv_导出.md
	    新文件    		   46644	02.集合竞价高量柱.wmv_导出.md
	    新文件    		   28338	03.集合竞价战法.wmv_导出.md
	    新文件    		   25042	04.集合竞价高量柱战法.avi_导出.md
	    新文件    		   1.2 m	如何设置通达信界面.pdf
	  新目录           3	D:\Stock\trading_analysis\10_来源库_SOURCE_LIBRARY\01_Kimi拆书待入库\S_BUCKET__staging\01_集合竞价教程\06.张馨元《集合竞价实战培训》共3集\
	    新文件    		    7817	01.集合竞价规则及异动.mp4_导出.md
	    新文件    		    9967	02.集合竞价游资套路.mp4_导出.md
	    新文件    		   11294	03.集合竞价买入法.mp4_导出.md
	  新目录           4	D:\Stock\trading_analysis\10_来源库_SOURCE_LIBRARY\01_Kimi拆书待入库\S_BUCKET__staging\01_集合竞价教程\07.周上人《集合竞价抓涨停技术》共4集\
	    新文件    		    4030	第1节：930分前筛选启动个股方案.mp4_导出.md
	    新文件    		   49485	第2节：筛选有效个股的步骤.mp4_导出.md
	    新文件    		   70329	第3节：介入法和卖出操作管理应对.mp4_导出.md
	    新文件    		   70962	第4节：快速观察涨停股走势指标.mp4_导出.md
	  新目录           3	D:\Stock\trading_analysis\10_来源库_SOURCE_LIBRARY\01_Kimi拆书待入库\S_BUCKET__staging\01_集合竞价教程\08.范博《主力行为集合竞价》共3集\
	    新文件    		   20356	01.集合竞价（一）.flv_导出.md
	    新文件    		   21627	02.集合竞价（二）.flv_导出.md
	    新文件    		   25621	03.集合竞价（三）.flv_导出.md
	  新目录           6	D:\Stock\trading_analysis\10_来源库_SOURCE_LIBRARY\01_Kimi拆书待入库\S_BUCKET__staging\01_集合竞价教程\09.戴强《屠龙战法破解集合竞价》共6集\
	    新文件    		    7997	01.游资为什么要关注集合竞价？.mp4_导出.md
	    新文件    		   10414	02.主力是如何通过集合竞价来骗散户的？.mp4_导出.md
	    新文件    		   12057	03.集合竞价排单技巧及黄金时间.mp4_导出.md
	    新文件    		   10633	04.重大利好利空时排一字单技巧.mp4_导出.md
	    新文件    		   12686	05.四大交易通道背后的奥秘.mp4_导出.md
	    新文件    		   12502	06.三大涨停模型中集合竞价的实战.mp4_导出.md
	  新目录           6	D:\Stock\trading_analysis\10_来源库_SOURCE_LIBRARY\01_Kimi拆书待入库\S_BUCKET__staging\01_集合竞价教程\10.首板《涨停板集合竞价》共3集\
	    新文件    		   27136	01.讲义_集合竞价买入：如何看竞价.doc
	    新文件    		   39689	01.集合竞价买入：如何看竞价.mp4_导出.md
	    新文件    		   26624	02.讲义_集合竞价：竞价不及预期.doc
	    新文件    		   26387	02.集合竞价：竞价不及预期.mp4_导出.md
	    新文件    		   27648	03.讲义_集合竞价：竞价抢筹-板块抢筹.doc
	    新文件    		   31801	03.集合竞价：竞价抢筹-板块抢筹.mp4_导出.md
	  新目录          11	D:\Stock\trading_analysis\10_来源库_SOURCE_LIBRARY\01_Kimi拆书待入库\S_BUCKET__staging\01_集合竞价教程\11.百家争鸣《集合竞价视频》共10集\
	    新文件    		   26349	一剑封板《对集合竞价的理解》.mp4_导出.md
	    新文件    		   64460	姜灵海《主控思维集合竞价选股实战》.mp4_导出.md
	    新文件    		   55908	小黑龙《分时战法之集合竞价密码》.wmv_导出.md
	    新文件    		   42951	柚子小M《集合竞价讲解》.mp4_导出.md
	    新文件    		    4435	游资混江龙《如何观察集合竞价》.mp4_导出.md
	    新文件    		   41178	田渊公《集合竞价选股方法及实战应用》.mp4_导出.md
	    新文件    		  110727	白泽哥《集合竞价分析》.mkv_导出.md
	    新文件    		   20413	网易云课堂《集合竞价》.mp4_导出.md
	    新文件    		   26983	长风《集合竞价抓涨停战法》.avi_导出.md
	    新文件    		  110187	高帥《集合竞价选股》.wmv_导出.md
	    新文件    		   12245	龙头泰山《手把手教你集合竞价抓涨停》.avi_导出.md
	  新目录           0	D:\Stock\trading_analysis\10_来源库_SOURCE_LIBRARY\01_Kimi拆书待入库\S_BUCKET__staging\03_券商研报\
	  新目录           0	D:\Stock\trading_analysis\10_来源库_SOURCE_LIBRARY\01_Kimi拆书待入库\S_BUCKET__staging\03_券商研报\representatives_v1\
	  新目录           0	D:\Stock\trading_analysis\10_来源库_SOURCE_LIBRARY\01_Kimi拆书待入库\S_BUCKET__staging\03_券商研报\representatives_v1\03_券商研报\
	  新目录           2	D:\Stock\trading_analysis\10_来源库_SOURCE_LIBRARY\01_Kimi拆书待入库\S_BUCKET__staging\03_券商研报\representatives_v1\03_券商研报\01_高频微观\
	    新文件    		   1.7 m	20200728-财通证券-高频波动率择时指标：RSJ市场情绪冷暖剂.pdf
	    新文件    		   1.1 m	海通选股因子系列研究59：基于逐笔成交数据的高频因子梳理.pdf
	  新目录           2	D:\Stock\trading_analysis\10_来源库_SOURCE_LIBRARY\01_Kimi拆书待入库\S_BUCKET__staging\03_券商研报\representatives_v1\03_券商研报\02_指数增强\
	    新文件    		   1.7 m	20191106-东吴证券-金工专题报告：ETF情绪温度计_基于高频折溢价的择时策略.pdf
	    新文件    		   1.6 m	20220118-海通证券-金融工程专题报告：高频因子还是行业暴露，多因子指数增强策略的突围选择.pdf
	  新目录           2	D:\Stock\trading_analysis\10_来源库_SOURCE_LIBRARY\01_Kimi拆书待入库\S_BUCKET__staging\03_券商研报\representatives_v1\03_券商研报\03_机器学习\
	    新文件    		 1009257	20200424-海通证券-选股因子系列研究（六十四）：基于直观逻辑和机器学习的高频数据低频化应用.pdf
	    新文件    		  912190	20211228-海通证券-选股因子系列研究（七十六）：基于深度学习的高频因子挖掘.pdf
	  新目录           2	D:\Stock\trading_analysis\10_来源库_SOURCE_LIBRARY\01_Kimi拆书待入库\S_BUCKET__staging\03_券商研报\representatives_v1\03_券商研报\04_多因子\
	    新文件    		  497620	海通选股因子系列研究3：从Spearman相关系数出发研究因子有效性，Kalman+Filter模型在因子选择中的应用.pdf
	    新文件    		  645413	海通选股因子系列研究4：多因子选股模型的有效与失效.pdf
	  新目录           0	D:\Stock\trading_analysis\10_来源库_SOURCE_LIBRARY\01_Kimi拆书待入库\S_BUCKET__staging\03_券商研报\representatives_v10\
	  新目录           0	D:\Stock\trading_analysis\10_来源库_SOURCE_LIBRARY\01_Kimi拆书待入库\S_BUCKET__staging\03_券商研报\representatives_v10\03_券商研报\
	  新目录           2	D:\Stock\trading_analysis\10_来源库_SOURCE_LIBRARY\01_Kimi拆书待入库\S_BUCKET__staging\03_券商研报\representatives_v10\03_券商研报\01_高频微观\
	    新文件    		   2.1 m	20200630-招商证券-“琢璞”系列报告之十七：高频数据中的知情交易（二）.pdf
	    新文件    		  827728	20200829-海通证券-金融工程专题报告：选股因子系列研究（七十），日内市场微观结构与高频因子选股能力.pdf
	  新目录           3	D:\Stock\trading_analysis\10_来源库_SOURCE_LIBRARY\01_Kimi拆书待入库\S_BUCKET__staging\03_券商研报\representatives_v10\03_券商研报\03_机器学习\
	    新文件    		   5.8 m	Deep Learning for Finance.pdf
	    新文件    		   9.4 m	Machine Learning in Finance_ From Theory to Practice.pdf
	    新文件    		  21.9 m	Probabilistic Machine Learning for Finance and Investing.pdf
	  新目录           3	D:\Stock\trading_analysis\10_来源库_SOURCE_LIBRARY\01_Kimi拆书待入库\S_BUCKET__staging\03_券商研报\representatives_v10\03_券商研报\04_多因子\
	    新文件    		   2.5 m	华泰多因子系列11：单因子测试之海量技术因子.pdf
	    新文件    		   7.5 m	华泰多因子系列13：单因子测试之历史分位数因子.pdf
	    新文件    		   2.6 m	国盛因子择时：的三个标尺，因子动量、因子离散度与因子拥挤度.pdf
	  新目录           0	D:\Stock\trading_analysis\10_来源库_SOURCE_LIBRARY\01_Kimi拆书待入库\S_BUCKET__staging\03_券商研报\representatives_v11\
	  新目录           0	D:\Stock\trading_analysis\10_来源库_SOURCE_LIBRARY\01_Kimi拆书待入库\S_BUCKET__staging\03_券商研报\representatives_v11\03_券商研报\
	  新目录           2	D:\Stock\trading_analysis\10_来源库_SOURCE_LIBRARY\01_Kimi拆书待入库\S_BUCKET__staging\03_券商研报\representatives_v11\03_券商研报\01_高频微观\
	    新文件    		  724091	20130620-国泰君安-2013年夏季金融工程沙龙：高频交易，海外发展与国内展望.pdf
	    新文件    		   1.4 m	20170801-天风证券-利用高频数据拓展盘口数据：买卖压力失衡.pdf
	  新目录           3	D:\Stock\trading_analysis\10_来源库_SOURCE_LIBRARY\01_Kimi拆书待入库\S_BUCKET__staging\03_券商研报\representatives_v11\03_券商研报\03_机器学习\
	    新文件    		   1.0 m	Empirical Asset Pricing via Machine Learning.pdf
	    新文件    		   6.2 m	Machine Learning in Asset Pricing-Princeton Univ Pr (2021).pdf
	    新文件    		   1.5 m	华泰人工智能系列12：人工智能选股特征选择.pdf
	  新目录           3	D:\Stock\trading_analysis\10_来源库_SOURCE_LIBRARY\01_Kimi拆书待入库\S_BUCKET__staging\03_券商研报\representatives_v11\03_券商研报\04_多因子\
	    新文件    		  11.3 m	Quantitative Strategies for Achieving Alpha (McGraw-Hill Finance & Investing)-McGraw-Hill Finance & Investing (2008).pdf
	    新文件    		   2.6 m	华泰多因子系列2：单因子测试之估值类因子.pdf
	    新文件    		   1.4 m	国盛多因子系列10：行业内选股初探.pdf
	  新目录           0	D:\Stock\trading_analysis\10_来源库_SOURCE_LIBRARY\01_Kimi拆书待入库\S_BUCKET__staging\03_券商研报\representatives_v12\
	  新目录           0	D:\Stock\trading_analysis\10_来源库_SOURCE_LIBRARY\01_Kimi拆书待入库\S_BUCKET__staging\03_券商研报\representatives_v12\03_券商研报\
	  新目录           2	D:\Stock\trading_analysis\10_来源库_SOURCE_LIBRARY\01_Kimi拆书待入库\S_BUCKET__staging\03_券商研报\representatives_v12\03_券商研报\01_高频微观\
	    新文件    		   1.6 m	20191029-招商证券-“琢璞”系列报告之二：高频数据中的知情交易.pdf
	    新文件    		   2.8 m	20210107-招商证券-“高频寻踪”系列之二：轻装上阵，高频数据因子的应用.pdf
	  新目录           3	D:\Stock\trading_analysis\10_来源库_SOURCE_LIBRARY\01_Kimi拆书待入库\S_BUCKET__staging\03_券商研报\representatives_v12\03_券商研报\03_机器学习\
	    新文件    		  17.8 m	Financial Signal Processing and Machine Learning.pdf
	    新文件    		   4.3 m	Machine Learning for Asset Managers-Cambridge University Press (2020).pdf
	    新文件    		   1.3 m	华泰人工智能系列13：人工智能选股损失函数的改进.pdf
	  新目录           3	D:\Stock\trading_analysis\10_来源库_SOURCE_LIBRARY\01_Kimi拆书待入库\S_BUCKET__staging\03_券商研报\representatives_v12\03_券商研报\04_多因子\
	    新文件    		   8.2 m	中信因子深度研究系列4：市值因子择时.pdf
	    新文件    		   2.9 m	华泰多因子系列3：单因子测试之成长类因子.pdf
	    新文件    		   1.0 m	国盛多因子系列11：主题的风险与收益.pdf
	  新目录           0	D:\Stock\trading_analysis\10_来源库_SOURCE_LIBRARY\01_Kimi拆书待入库\S_BUCKET__staging\03_券商研报\representatives_v13\
	  新目录           0	D:\Stock\trading_analysis\10_来源库_SOURCE_LIBRARY\01_Kimi拆书待入库\S_BUCKET__staging\03_券商研报\representatives_v13\03_券商研报\
	  新目录           2	D:\Stock\trading_analysis\10_来源库_SOURCE_LIBRARY\01_Kimi拆书待入库\S_BUCKET__staging\03_券商研报\representatives_v13\03_券商研报\01_高频微观\
	    新文件    		   2.7 m	20190810-长江证券-基础因子研究（十）：高频因子（五），高频因子和交易行为.pdf
	    新文件    		   4.5 m	20200227-方正证券-市场微观结构剖析系列6：量价关系的高频乐章 .pdf
	  新目录           3	D:\Stock\trading_analysis\10_来源库_SOURCE_LIBRARY\01_Kimi拆书待入库\S_BUCKET__staging\03_券商研报\representatives_v13\03_券商研报\03_机器学习\
	    新文件    		  13.2 m	Algorithmic Trading Methods_ Applications Using Advanced Statistics, Optimization, and Machine Learning Techniques-Academic Press (2020).pdf
	    新文件    		   1.7 m	华泰人工智能系列14：对抗过拟合：从时序交叉验证谈起.pdf
	    新文件    		   4.1 m	华泰人工智能系列21：基于遗传规划的选股因子挖掘.pdf
	  新目录           3	D:\Stock\trading_analysis\10_来源库_SOURCE_LIBRARY\01_Kimi拆书待入库\S_BUCKET__staging\03_券商研报\representatives_v13\03_券商研报\04_多因子\
	    新文件    		   2.9 m	华泰多因子系列4：单因子测试之动量类因子.pdf
	    新文件    		   2.0 m	国盛多因子系列12：无形资产估值因子.pdf
	    新文件    		   2.4 m	广发多因子系列11：考虑换手率限制的多因子Alpha模型.pdf
	  新目录           0	D:\Stock\trading_analysis\10_来源库_SOURCE_LIBRARY\01_Kimi拆书待入库\S_BUCKET__staging\03_券商研报\representatives_v14\
	  新目录           0	D:\Stock\trading_analysis\10_来源库_SOURCE_LIBRARY\01_Kimi拆书待入库\S_BUCKET__staging\03_券商研报\representatives_v14\03_券商研报\
	  新目录           2	D:\Stock\trading_analysis\10_来源库_SOURCE_LIBRARY\01_Kimi拆书待入库\S_BUCKET__staging\03_券商研报\representatives_v14\03_券商研报\01_高频微观\
	    新文件    		   2.4 m	20191113-海通证券-金融工程专题报告：高频因子在不同周期和域下的表现及影响因素分析.pdf
	    新文件    		   4.3 m	20210606-长江证券-基础因子研究（十八）：高频因子（十二），日内与日间.pdf
	  新目录           3	D:\Stock\trading_analysis\10_来源库_SOURCE_LIBRARY\01_Kimi拆书待入库\S_BUCKET__staging\03_券商研报\representatives_v14\03_券商研报\03_机器学习\
	    新文件    		  24.9 m	Machine Learning for Financial Risk Management with Python.pdf
	    新文件    		   1.4 m	华泰人工智能系列15：人工智能选股卷积神经网络.pdf
	    新文件    		   2.4 m	华泰人工智能系列22：基于CSCV框架的回测过拟合概率.pdf
	  新目录           3	D:\Stock\trading_analysis\10_来源库_SOURCE_LIBRARY\01_Kimi拆书待入库\S_BUCKET__staging\03_券商研报\representatives_v14\03_券商研报\04_多因子\
	    新文件    		   1.3 m	中信因子深度研究系列8：分析师超预期因子选股策略.pdf
	    新文件    		   2.8 m	华泰多因子系列5：单因子测试之换手率类因子.pdf
	    新文件    		   1.6 m	国盛多因子系列15：分析师盈利修正后的股价漂移.pdf
	  新目录           0	D:\Stock\trading_analysis\10_来源库_SOURCE_LIBRARY\01_Kimi拆书待入库\S_BUCKET__staging\03_券商研报\representatives_v15\
	  新目录           0	D:\Stock\trading_analysis\10_来源库_SOURCE_LIBRARY\01_Kimi拆书待入库\S_BUCKET__staging\03_券商研报\representatives_v15\03_券商研报\
	  新目录           2	D:\Stock\trading_analysis\10_来源库_SOURCE_LIBRARY\01_Kimi拆书待入库\S_BUCKET__staging\03_券商研报\representatives_v15\03_券商研报\01_高频微观\
	    新文件    		   2.7 m	20190611-海通证券-金融工程专题报告：听海外高频交易专家讲解美国的高频交易.pdf
	    新文件    		   2.2 m	20200810-长江证券-基础因子研究（十二），高频因子（七）：分布估计下的主动成交占比.pdf
	  新目录           3	D:\Stock\trading_analysis\10_来源库_SOURCE_LIBRARY\01_Kimi拆书待入库\S_BUCKET__staging\03_券商研报\representatives_v15\03_券商研报\03_机器学习\
	    新文件    		   9.4 m	Machine Learning in Finance_ From Theory to Practice-Springer (2020).pdf
	    新文件    		   1.1 m	华泰人工智能系列16：再论时序交叉验证对抗过拟合.pdf
	    新文件    		   2.8 m	华泰人工智能系列28：基于量价的人工智能选股体系概览.pdf
	  新目录           3	D:\Stock\trading_analysis\10_来源库_SOURCE_LIBRARY\01_Kimi拆书待入库\S_BUCKET__staging\03_券商研报\representatives_v15\03_券商研报\04_多因子\
	    新文件    		   3.5 m	华泰多因子系列6：单因子测试之波动率类因子.pdf
	    新文件    		   1.7 m	国盛多因子系列13：基金重仓股研究.pdf
	    新文件    		   2.0 m	广发多因子系列12：从ICIR角度探讨风格因子的均值回复性.pdf
	  新目录           0	D:\Stock\trading_analysis\10_来源库_SOURCE_LIBRARY\01_Kimi拆书待入库\S_BUCKET__staging\03_券商研报\representatives_v16\
	  新目录           0	D:\Stock\trading_analysis\10_来源库_SOURCE_LIBRARY\01_Kimi拆书待入库\S_BUCKET__staging\03_券商研报\representatives_v16\03_券商研报\
	  新目录           2	D:\Stock\trading_analysis\10_来源库_SOURCE_LIBRARY\01_Kimi拆书待入库\S_BUCKET__staging\03_券商研报\representatives_v16\03_券商研报\01_高频微观\
	    新文件    		   1.1 m	20210428-海通证券-高频数据应用系列研究（一）：使用高频数据跟踪核心资产的公募基金持仓变化.pdf
	    新文件    		   1.0 m	20210730-国泰君安-算法交易系列二：利用高频数据监测机构动向.pdf
	  新目录           3	D:\Stock\trading_analysis\10_来源库_SOURCE_LIBRARY\01_Kimi拆书待入库\S_BUCKET__staging\03_券商研报\representatives_v16\03_券商研报\03_机器学习\
	    新文件    		  17.6 m	Reinforcement Learning for Finance_ Solve Problems in Finance with CNN and RNN Using the TensorFlow Library.pdf
	    新文件    		   2.3 m	华泰人工智能系列17：人工智能选股数据标注方法实证.pdf
	    新文件    		   1.7 m	华泰人工智能系列30：从关联到逻辑：因果推断初探.pdf
	  新目录           3	D:\Stock\trading_analysis\10_来源库_SOURCE_LIBRARY\01_Kimi拆书待入库\S_BUCKET__staging\03_券商研报\representatives_v16\03_券商研报\04_多因子\
	    新文件    		   2.2 m	华泰多因子系列7：单因子测试之资金流向因子.pdf
	    新文件    		   1.9 m	国盛因子择时：风险溢价时钟视角下的攻守因子配置.pdf
	    新文件    		   1.7 m	广发多因子系列13：考虑非线性特征的多因子Alpha策略 .pdf
	  新目录           0	D:\Stock\trading_analysis\10_来源库_SOURCE_LIBRARY\01_Kimi拆书待入库\S_BUCKET__staging\03_券商研报\representatives_v17\
	  新目录           0	D:\Stock\trading_analysis\10_来源库_SOURCE_LIBRARY\01_Kimi拆书待入库\S_BUCKET__staging\03_券商研报\representatives_v17\03_券商研报\
	  新目录           2	D:\Stock\trading_analysis\10_来源库_SOURCE_LIBRARY\01_Kimi拆书待入库\S_BUCKET__staging\03_券商研报\representatives_v17\03_券商研报\01_高频微观\
	    新文件    		   1.0 m	20210714-海通证券-高频数据应用系列研究（二）：公募基金持仓占比预期在选股以及行业轮动中的应用.pdf
	    新文件    		  984657	20211011-海通证券-高频数据应用系列研究（三）：高频调仓对多因子模型的收益增强.pdf
	  新目录           3	D:\Stock\trading_analysis\10_来源库_SOURCE_LIBRARY\01_Kimi拆书待入库\S_BUCKET__staging\03_券商研报\representatives_v17\03_券商研报\03_机器学习\
	    新文件    		   2.4 m	华泰人工智能系列19：偶然中的必然：重采样技术检验过拟合.pdf
	    新文件    		   2.1 m	华泰人工智能系列27：揭开机器学习模型的“黑箱”.pdf
	    新文件    		   3.0 m	华泰人工智能系列37：舆情因子和BERT情感分类模型.pdf
	  新目录           3	D:\Stock\trading_analysis\10_来源库_SOURCE_LIBRARY\01_Kimi拆书待入库\S_BUCKET__staging\03_券商研报\representatives_v17\03_券商研报\04_多因子\
	    新文件    		   2.4 m	国盛多因子系列14：刻画财报信息质量.pdf
	    新文件    		   1.4 m	国盛多因子系列2：Alpha因子高维度与非线性问题_基于Lasso的收益预测模型.pdf
	    新文件    		   2.4 m	广发多因子系列15：宏观事件驱动下的风格轮动.pdf
	  新目录           0	D:\Stock\trading_analysis\10_来源库_SOURCE_LIBRARY\01_Kimi拆书待入库\S_BUCKET__staging\03_券商研报\representatives_v18\
	  新目录           0	D:\Stock\trading_analysis\10_来源库_SOURCE_LIBRARY\01_Kimi拆书待入库\S_BUCKET__staging\03_券商研报\representatives_v18\03_券商研报\
	  新目录           2	D:\Stock\trading_analysis\10_来源库_SOURCE_LIBRARY\01_Kimi拆书待入库\S_BUCKET__staging\03_券商研报\representatives_v18\03_券商研报\01_高频微观\
	    新文件    		  986207	20220422-国泰君安-学界纵横系列之三十八：基于波动率分解的高频波动率预测模型.pdf
	    新文件    		   1.0 m	20220428-信达证券-因子选股系列之一：基于分钟线的高频选股因子.pdf
	  新目录           3	D:\Stock\trading_analysis\10_来源库_SOURCE_LIBRARY\01_Kimi拆书待入库\S_BUCKET__staging\03_券商研报\representatives_v18\03_券商研报\03_机器学习\
	    新文件    		   2.4 m	华泰人工智能系列32：AlphaNet：因子挖掘神经网络.pdf
	    新文件    		   2.5 m	华泰人工智能系列33：数据模式探索：无监督学习案例.pdf
	    新文件    		   2.7 m	华泰人工智能系列34：再探AlphaNet：结构和特征优化.pdf
	  新目录           3	D:\Stock\trading_analysis\10_来源库_SOURCE_LIBRARY\01_Kimi拆书待入库\S_BUCKET__staging\03_券商研报\representatives_v18\03_券商研报\04_多因子\
	    新文件    		   3.9 m	华泰多因子系列8：单因子测试之财务质量因子.pdf
	    新文件    		   4.4 m	广发多因子系列20：基于风格回复的多因子动态调仓策略.pdf
	    新文件    		   1.3 m	广发多因子系列21：alpha因子何处寻 掘金海量技术指标.pdf
	  新目录           0	D:\Stock\trading_analysis\10_来源库_SOURCE_LIBRARY\01_Kimi拆书待入库\S_BUCKET__staging\03_券商研报\representatives_v19\
	  新目录           0	D:\Stock\trading_analysis\10_来源库_SOURCE_LIBRARY\01_Kimi拆书待入库\S_BUCKET__staging\03_券商研报\representatives_v19\03_券商研报\
	  新目录           2	D:\Stock\trading_analysis\10_来源库_SOURCE_LIBRARY\01_Kimi拆书待入库\S_BUCKET__staging\03_券商研报\representatives_v19\03_券商研报\01_高频微观\
	    新文件    		   3.2 m	20191013-长江证券-基础因子研究（十一）：高频因子（六），特异视角下的波动率因子.pdf
	    新文件    		   1.8 m	20200916-长江证券-基础因子研究（十三）：高频因子（八），高位成交因子，从量价匹配说起.pdf
	  新目录           3	D:\Stock\trading_analysis\10_来源库_SOURCE_LIBRARY\01_Kimi拆书待入库\S_BUCKET__staging\03_券商研报\representatives_v19\03_券商研报\03_机器学习\
	    新文件    		   1.5 m	华泰人工智能系列18：机器学习选股模型的调仓频率实证.pdf
	    新文件    		   9.5 m	华泰人工智能系列23：再探基于遗传规划的选股因子挖掘.pdf
	    新文件    		   1.4 m	华泰人工智能系列29：提升超额收益_另类标签和集成学习.pdf
	  新目录           3	D:\Stock\trading_analysis\10_来源库_SOURCE_LIBRARY\01_Kimi拆书待入库\S_BUCKET__staging\03_券商研报\representatives_v19\03_券商研报\04_多因子\
	    新文件    		   1.0 m	国盛多因子系列16：基本面因子的收益分解.pdf
	    新文件    		   1.7 m	广发多因子系列14：基于情景分析的多因子Alpha策略.pdf
	    新文件    		   1.7 m	广发多因子系列24：财报因子使用方法新探.pdf
	  新目录           0	D:\Stock\trading_analysis\10_来源库_SOURCE_LIBRARY\01_Kimi拆书待入库\S_BUCKET__staging\03_券商研报\representatives_v2\
	  新目录           0	D:\Stock\trading_analysis\10_来源库_SOURCE_LIBRARY\01_Kimi拆书待入库\S_BUCKET__staging\03_券商研报\representatives_v2\03_券商研报\
	  新目录           2	D:\Stock\trading_analysis\10_来源库_SOURCE_LIBRARY\01_Kimi拆书待入库\S_BUCKET__staging\03_券商研报\representatives_v2\03_券商研报\01_高频微观\
	    新文件    		   2.0 m	20200620-招商证券-“高频寻踪”系列之一：交易指令流中的Alpha.pdf
	    新文件    		  793332	20211015-东兴证券-另辟蹊径系列之一：基于高频快照数据的行为追踪因子.pdf
	  新目录           2	D:\Stock\trading_analysis\10_来源库_SOURCE_LIBRARY\01_Kimi拆书待入库\S_BUCKET__staging\03_券商研报\representatives_v2\03_券商研报\02_指数增强\
	    新文件    		   1.1 m	20200514-天风证券-市场微观结构探析系列之四：结合中高频信息的指数增强策略.pdf
	    新文件    		   3.0 m	20200701-长江证券-负面Alpha研究（三）：高频因子篇，如何利用负面因子做指数增强？.pdf
	  新目录           2	D:\Stock\trading_analysis\10_来源库_SOURCE_LIBRARY\01_Kimi拆书待入库\S_BUCKET__staging\03_券商研报\representatives_v2\03_券商研报\03_机器学习\
	    新文件    		   1.6 m	20131211-民生证券-CTA程序化交易实务研究之六：基于机器学习的订单簿高频交易策略.pdf
	    新文件    		   9.0 m	渤海多因子模型研究系列4：随机森林与传统多因子模型的选股风格对比.pdf
	  新目录           2	D:\Stock\trading_analysis\10_来源库_SOURCE_LIBRARY\01_Kimi拆书待入库\S_BUCKET__staging\03_券商研报\representatives_v2\03_券商研报\04_多因子\
	    新文件    		   1.6 m	海通选股因子系列研究21：分析师一致预期相关因子.pdf
	    新文件    		   6.6 m	渤海多因子模型研究系列3：风险模型与组合优化.pdf
	  新目录           0	D:\Stock\trading_analysis\10_来源库_SOURCE_LIBRARY\01_Kimi拆书待入库\S_BUCKET__staging\03_券商研报\representatives_v20\
	  新目录           0	D:\Stock\trading_analysis\10_来源库_SOURCE_LIBRARY\01_Kimi拆书待入库\S_BUCKET__staging\03_券商研报\representatives_v20\03_券商研报\
	  新目录           2	D:\Stock\trading_analysis\10_来源库_SOURCE_LIBRARY\01_Kimi拆书待入库\S_BUCKET__staging\03_券商研报\representatives_v20\03_券商研报\01_高频微观\
	    新文件    		   1.8 m	20201012-长江证券-基础因子研究（十四）：高频因子（九），高频波动中的时间序列信息.pdf
	    新文件    		  948299	20210924-开源证券-开源量化评论（36）：独家量价因子的高频测试.pdf
	  新目录           3	D:\Stock\trading_analysis\10_来源库_SOURCE_LIBRARY\01_Kimi拆书待入库\S_BUCKET__staging\03_券商研报\representatives_v20\03_券商研报\03_机器学习\
	    新文件    		   2.6 m	华泰人工智能系列24：真假序列识别研究-投石问路：技术分析可靠否？.pdf
	    新文件    		   2.5 m	华泰人工智能系列26：遗传规划在CTA信号挖掘中的应用.pdf
	    新文件    		   2.2 m	华泰人工智能系列39：周频量价选股模型的组合优化实证.pdf
	  新目录           3	D:\Stock\trading_analysis\10_来源库_SOURCE_LIBRARY\01_Kimi拆书待入库\S_BUCKET__staging\03_券商研报\representatives_v20\03_券商研报\04_多因子\
	    新文件    		   2.3 m	国盛多因子系列17：基于个股信息透明度和久期的分域研究.pdf
	    新文件    		   1.8 m	广发多因子系列18：基于风格特征归因的动态因子策略.pdf
	    新文件    		   2.2 m	广发多因子系列25：反转因子再优化，更精准把握拐点.pdf
	  新目录           0	D:\Stock\trading_analysis\10_来源库_SOURCE_LIBRARY\01_Kimi拆书待入库\S_BUCKET__staging\03_券商研报\representatives_v21\
	  新目录           0	D:\Stock\trading_analysis\10_来源库_SOURCE_LIBRARY\01_Kimi拆书待入库\S_BUCKET__staging\03_券商研报\representatives_v21\03_券商研报\
	  新目录           2	D:\Stock\trading_analysis\10_来源库_SOURCE_LIBRARY\01_Kimi拆书待入库\S_BUCKET__staging\03_券商研报\representatives_v21\03_券商研报\01_高频微观\
	    新文件    		   2.6 m	20210322-长江证券-基础因子研究（十七）：高频因子（十一），高频数据的微观划分.pdf
	    新文件    		   1.2 m	20220504-兴业证券-高频研究系列三：收益率分布中的Alpha（2）.pdf
	  新目录           3	D:\Stock\trading_analysis\10_来源库_SOURCE_LIBRARY\01_Kimi拆书待入库\S_BUCKET__staging\03_券商研报\representatives_v21\03_券商研报\03_机器学习\
	    新文件    		   3.1 m	华泰人工智能系列1：人工智能选股框架及经典算法简介.pdf
	    新文件    		   1.7 m	华泰人工智能系列2：人工智能选股广义线性模型.pdf
	    新文件    		   3.1 m	华泰人工智能系列3：人工智能选股支持向量机模型.pdf
	  新目录           3	D:\Stock\trading_analysis\10_来源库_SOURCE_LIBRARY\01_Kimi拆书待入库\S_BUCKET__staging\03_券商研报\representatives_v21\03_券商研报\04_多因子\
	    新文件    		   2.1 m	国盛多因子系列4：对价值因子的思考和改进.pdf
	    新文件    		   2.1 m	国盛多因子系列5：使用预测数据改进财报月基本面因子.pdf
	    新文件    		   2.1 m	广发多因子系列22：一致预期指标构建及其在因子选股中的应用.pdf
	  新目录           0	D:\Stock\trading_analysis\10_来源库_SOURCE_LIBRARY\01_Kimi拆书待入库\S_BUCKET__staging\03_券商研报\representatives_v22\
	  新目录           0	D:\Stock\trading_analysis\10_来源库_SOURCE_LIBRARY\01_Kimi拆书待入库\S_BUCKET__staging\03_券商研报\representatives_v22\03_券商研报\
	  新目录           2	D:\Stock\trading_analysis\10_来源库_SOURCE_LIBRARY\01_Kimi拆书待入库\S_BUCKET__staging\03_券商研报\representatives_v22\03_券商研报\01_高频微观\
	    新文件    		   1.8 m	20220612-开源证券-市场微观结构研究系列（15）：高频因子，分钟单笔金额序列中的主力行为刻画.pdf
	    新文件    		  835466	20221118-国金证券-金融工程专题报告：Alpha掘金系列之二，基于高频快照数据的量价背离选股因子.pdf
	  新目录           3	D:\Stock\trading_analysis\10_来源库_SOURCE_LIBRARY\01_Kimi拆书待入库\S_BUCKET__staging\03_券商研报\representatives_v22\03_券商研报\03_机器学习\
	    新文件    		   5.3 m	华泰人工智能系列40：微软AI量化投资平台Qlib体验.pdf
	    新文件    		   3.2 m	华泰人工智能系列41：基于BERT的分析师研报情感因子.pdf
	    新文件    		   2.8 m	华泰人工智能系列42：图神经网络选股与Qlib实践.pdf
	  新目录           3	D:\Stock\trading_analysis\10_来源库_SOURCE_LIBRARY\01_Kimi拆书待入库\S_BUCKET__staging\03_券商研报\representatives_v22\03_券商研报\04_多因子\
	    新文件    		   1.3 m	国盛多因子系列8：日间量价模型研究.pdf
	    新文件    		   1.9 m	广发多因子系列30：个股配对思想在因子策略中的应用.pdf
	    新文件    		   1.2 m	广发多因子系列34：基于多期限的选股策略研究.pdf
	  新目录           0	D:\Stock\trading_analysis\10_来源库_SOURCE_LIBRARY\01_Kimi拆书待入库\S_BUCKET__staging\03_券商研报\representatives_v23\
	  新目录           0	D:\Stock\trading_analysis\10_来源库_SOURCE_LIBRARY\01_Kimi拆书待入库\S_BUCKET__staging\03_券商研报\representatives_v23\03_券商研报\
	  新目录           2	D:\Stock\trading_analysis\10_来源库_SOURCE_LIBRARY\01_Kimi拆书待入库\S_BUCKET__staging\03_券商研报\representatives_v23\03_券商研报\01_高频微观\
	    新文件    		 1040283	20220123-兴业证券-高频研究系列二：收益率分布因子构建.pdf
	    新文件    		   1.6 m	20221221-海通证券-高频策略交易成本的分析和预测.pdf
	  新目录           3	D:\Stock\trading_analysis\10_来源库_SOURCE_LIBRARY\01_Kimi拆书待入库\S_BUCKET__staging\03_券商研报\representatives_v23\03_券商研报\03_机器学习\
	    新文件    		   1.2 m	华泰人工智能系列20：必然中的偶然：机器学习中的随机数.pdf
	    新文件    		   2.0 m	华泰人工智能系列43：因子观点融入机器学习.pdf
	    新文件    		   3.1 m	华泰人工智能系列51：文本PEAD选股策略.pdf
	  新目录           3	D:\Stock\trading_analysis\10_来源库_SOURCE_LIBRARY\01_Kimi拆书待入库\S_BUCKET__staging\03_券商研报\representatives_v23\03_券商研报\04_多因子\
	    新文件    		   2.0 m	国盛多因子系列3：因子空头问题及其“顶端”优化.pdf
	    新文件    		   1.3 m	广发多因子系列28：基于因子及事件的智能替换策略.pdf
	    新文件    		  10.7 m	广发多因子系列42：海量技术指标掘金Alpha因子.pdf
	  新目录           0	D:\Stock\trading_analysis\10_来源库_SOURCE_LIBRARY\01_Kimi拆书待入库\S_BUCKET__staging\03_券商研报\representatives_v24\
	  新目录           0	D:\Stock\trading_analysis\10_来源库_SOURCE_LIBRARY\01_Kimi拆书待入库\S_BUCKET__staging\03_券商研报\representatives_v24\03_券商研报\
	  新目录           2	D:\Stock\trading_analysis\10_来源库_SOURCE_LIBRARY\01_Kimi拆书待入库\S_BUCKET__staging\03_券商研报\representatives_v24\03_券商研报\01_高频微观\
	    新文件    		  803208	20201231-开源证券-量化评论（13）：高频股东数据的隐含信息量.pdf
	    新文件    		   1.2 m	中信因子深度研究系列10：买卖报单流动性因子构建.pdf
	  新目录           3	D:\Stock\trading_analysis\10_来源库_SOURCE_LIBRARY\01_Kimi拆书待入库\S_BUCKET__staging\03_券商研报\representatives_v24\03_券商研报\03_机器学习\
	    新文件    		   2.1 m	华泰人工智能系列46：AlphaNet改进：结构和损失函数.pdf
	    新文件    		   2.6 m	华泰人工智能系列52：神经网络组合优化初探.pdf
	    新文件    		   3.1 m	华泰人工智能系列53：揭秘微软AI量化研究.pdf
	  新目录           3	D:\Stock\trading_analysis\10_来源库_SOURCE_LIBRARY\01_Kimi拆书待入库\S_BUCKET__staging\03_券商研报\representatives_v24\03_券商研报\04_多因子\
	    新文件    		   2.1 m	国盛多因子系列7：对成长的分解及多维度寻找成长因子.pdf
	    新文件    		   1.1 m	广发多因子系列45：基于SemiBeta的因子研究.pdf
	    新文件    		   7.2 m	广发多因子系列46：股价跳跃因子研究.pdf
	  新目录           0	D:\Stock\trading_analysis\10_来源库_SOURCE_LIBRARY\01_Kimi拆书待入库\S_BUCKET__staging\03_券商研报\representatives_v25\
	  新目录           0	D:\Stock\trading_analysis\10_来源库_SOURCE_LIBRARY\01_Kimi拆书待入库\S_BUCKET__staging\03_券商研报\representatives_v25\03_券商研报\
	  新目录           2	D:\Stock\trading_analysis\10_来源库_SOURCE_LIBRARY\01_Kimi拆书待入库\S_BUCKET__staging\03_券商研报\representatives_v25\03_券商研报\01_高频微观\
	    新文件    		   1.8 m	中信因子深度研究系列11：高频订单失衡及价差因子.pdf
	    新文件    		   2.6 m	广发多因子系列41：高频价量数据的因子化方法.pdf
	  新目录           3	D:\Stock\trading_analysis\10_来源库_SOURCE_LIBRARY\01_Kimi拆书待入库\S_BUCKET__staging\03_券商研报\representatives_v25\03_券商研报\03_机器学习\
	    新文件    		   3.6 m	华泰人工智能系列54：基于遗传规划的一致预期因子挖掘.pdf
	    新文件    		   2.8 m	华泰人工智能系列55：图神经网络选股的进阶路.pdf
	    新文件    		   2.9 m	华泰人工智能系列56：新闻舆情分析的HAN网络选股.pdf
	  新目录           3	D:\Stock\trading_analysis\10_来源库_SOURCE_LIBRARY\01_Kimi拆书待入库\S_BUCKET__staging\03_券商研报\representatives_v25\03_券商研报\04_多因子\
	    新文件    		   1.5 m	广发多因子系列35：宏观视角下的风格轮动探讨.pdf
	    新文件    		   1.8 m	广发多因子系列43：基于地理关联度因子研究.pdf
	    新文件    		   1.0 m	星火多因子专题报告10：如何对Beta因子进行稳健估计？.pdf
	  新目录           0	D:\Stock\trading_analysis\10_来源库_SOURCE_LIBRARY\01_Kimi拆书待入库\S_BUCKET__staging\03_券商研报\representatives_v26\
	  新目录           0	D:\Stock\trading_analysis\10_来源库_SOURCE_LIBRARY\01_Kimi拆书待入库\S_BUCKET__staging\03_券商研报\representatives_v26\03_券商研报\
	  新目录           2	D:\Stock\trading_analysis\10_来源库_SOURCE_LIBRARY\01_Kimi拆书待入库\S_BUCKET__staging\03_券商研报\representatives_v26\03_券商研报\01_高频微观\
	    新文件    		   2.3 m	中信因子深度研究系列12：多层次订单失衡及订单斜率因子.pdf
	    新文件    		   1.2 m	中信因子深度研究系列9：高频量价选股因子初探.pdf
	  新目录           3	D:\Stock\trading_analysis\10_来源库_SOURCE_LIBRARY\01_Kimi拆书待入库\S_BUCKET__staging\03_券商研报\representatives_v26\03_券商研报\03_机器学习\
	    新文件    		   4.5 m	华泰人工智能系列57：文本FADT选股.pdf
	    新文件    		   3.5 m	华泰人工智能系列58：分析师共同覆盖因子和图神经网络.pdf
	    新文件    		   4.0 m	华泰人工智能系列59：强化学习初探与DQN择时.pdf
	  新目录           3	D:\Stock\trading_analysis\10_来源库_SOURCE_LIBRARY\01_Kimi拆书待入库\S_BUCKET__staging\03_券商研报\representatives_v26\03_券商研报\04_多因子\
	    新文件    		   1.7 m	广发多因子系列37：探寻资金流背后的风格轮动规律.pdf
	    新文件    		   1.3 m	广发多因子系列44：再谈地理关联度因子研究.pdf
	    新文件    		  13.4 m	广发多因子系列49：基于基金属性的因子选股策略研究分析报.pdf
	  新目录           0	D:\Stock\trading_analysis\10_来源库_SOURCE_LIBRARY\01_Kimi拆书待入库\S_BUCKET__staging\03_券商研报\representatives_v27\
	  新目录           0	D:\Stock\trading_analysis\10_来源库_SOURCE_LIBRARY\01_Kimi拆书待入库\S_BUCKET__staging\03_券商研报\representatives_v27\03_券商研报\
	  新目录           2	D:\Stock\trading_analysis\10_来源库_SOURCE_LIBRARY\01_Kimi拆书待入库\S_BUCKET__staging\03_券商研报\representatives_v27\03_券商研报\01_高频微观\
	    新文件    		   2.0 m	20221218-开源证券-市场微观结构研究系列（18）：大小单资金流alpha探究2.0，变量精筛与高频测算.pdf
	    新文件    		  994995	广发多因子系列47：再谈SemiBeta因子-高频测算.pdf
	  新目录           3	D:\Stock\trading_analysis\10_来源库_SOURCE_LIBRARY\01_Kimi拆书待入库\S_BUCKET__staging\03_券商研报\representatives_v27\03_券商研报\03_机器学习\
	    新文件    		   1.4 m	华泰人工智能系列60：量化如何追求模糊的正确：有序回归.pdf
	    新文件    		   1.7 m	华泰人工智能系列61：深挖分析师共同覆盖中的关联因子.pdf
	    新文件    		   3.0 m	华泰人工智能系列62：NLP综述：勾勒AI语义理解的轨迹.pdf
	  新目录           3	D:\Stock\trading_analysis\10_来源库_SOURCE_LIBRARY\01_Kimi拆书待入库\S_BUCKET__staging\03_券商研报\representatives_v27\03_券商研报\04_多因子\
	    新文件    		   1.1 m	星火多因子专题报告11：在下跌中寻找惊喜，业绩超预期与反转因子的融合.pdf
	    新文件    		   1.8 m	星火多因子专题报告12：从质量到质量增长，挖掘公司基本面改善带来的Alpha.pdf
	    新文件    		   1.6 m	星火多因子专题报告13：从事件驱动角度看分析师评级上调带来的Alpha.pdf
	  新目录           0	D:\Stock\trading_analysis\10_来源库_SOURCE_LIBRARY\01_Kimi拆书待入库\S_BUCKET__staging\03_券商研报\representatives_v28\
	  新目录           0	D:\Stock\trading_analysis\10_来源库_SOURCE_LIBRARY\01_Kimi拆书待入库\S_BUCKET__staging\03_券商研报\representatives_v28\03_券商研报\
	  新目录           2	D:\Stock\trading_analysis\10_来源库_SOURCE_LIBRARY\01_Kimi拆书待入库\S_BUCKET__staging\03_券商研报\representatives_v28\03_券商研报\01_高频微观\
	    新文件    		  12.6 m	广发多因子系列48：高频数据的因子化研究.pdf
	    新文件    		  12.9 m	广发多因子系列50：弹性因子研究-从高频数据说起.pdf
	  新目录           3	D:\Stock\trading_analysis\10_来源库_SOURCE_LIBRARY\01_Kimi拆书待入库\S_BUCKET__staging\03_券商研报\representatives_v28\03_券商研报\03_机器学习\
	    新文件    		   3.7 m	华泰人工智能系列25：真假序列识别再探：市场弱有效性检验与择时战场选择.pdf
	    新文件    		   5.0 m	华泰人工智能系列63：再探文本FADT选股.pdf
	    新文件    		   2.7 m	华泰人工智能系列6：人工智能选股Boosting模型.pdf
	  新目录           3	D:\Stock\trading_analysis\10_来源库_SOURCE_LIBRARY\01_Kimi拆书待入库\S_BUCKET__staging\03_券商研报\representatives_v28\03_券商研报\04_多因子\
	    新文件    		   1.7 m	广发多因子系列16：基于情景切换的技术选股策略.pdf
	    新文件    		   2.9 m	广发多因子系列17：行业事件驱动下的风格轮动.pdf
	    新文件    		   1.8 m	广发多因子系列38：从个股分化看风格轮动.pdf
	  新目录           0	D:\Stock\trading_analysis\10_来源库_SOURCE_LIBRARY\01_Kimi拆书待入库\S_BUCKET__staging\03_券商研报\representatives_v29\
	  新目录           0	D:\Stock\trading_analysis\10_来源库_SOURCE_LIBRARY\01_Kimi拆书待入库\S_BUCKET__staging\03_券商研报\representatives_v29\03_券商研报\
	  新目录           2	D:\Stock\trading_analysis\10_来源库_SOURCE_LIBRARY\01_Kimi拆书待入库\S_BUCKET__staging\03_券商研报\representatives_v29\03_券商研报\01_高频微观\
	    新文件    		   2.8 m	广发高频数据因子研究系列1：基于日内高频数据的短周期选股因子研究.pdf
	    新文件    		   2.4 m	广发高频数据因子研究系列3：基于个股羊群效应的选股因子研究.pdf
	  新目录           3	D:\Stock\trading_analysis\10_来源库_SOURCE_LIBRARY\01_Kimi拆书待入库\S_BUCKET__staging\03_券商研报\representatives_v29\03_券商研报\03_机器学习\
	    新文件    		   3.3 m	华泰人工智能系列7：人工智能选股Python实战.pdf
	    新文件    		   1.9 m	华泰人工智能系列8：人工智能选股全连接神经网络.pdf
	    新文件    		   1.9 m	华泰人工智能系列9：人工智能选股循环神经网络模型.pdf
	  新目录           3	D:\Stock\trading_analysis\10_来源库_SOURCE_LIBRARY\01_Kimi拆书待入库\S_BUCKET__staging\03_券商研报\representatives_v29\03_券商研报\04_多因子\
	    新文件    		   1.8 m	星火多因子专题报告1：Barra模型初探，A股市场风格解析.pdf
	    新文件    		   2.0 m	星火多因子专题报告2：Barra模型进阶，多因子模型风险预测.pdf
	    新文件    		   1.6 m	星火多因子专题报告3：Barra模型深化，纯因子组合构建.pdf
	  新目录           0	D:\Stock\trading_analysis\10_来源库_SOURCE_LIBRARY\01_Kimi拆书待入库\S_BUCKET__staging\03_券商研报\representatives_v3\
	  新目录           0	D:\Stock\trading_analysis\10_来源库_SOURCE_LIBRARY\01_Kimi拆书待入库\S_BUCKET__staging\03_券商研报\representatives_v3\03_券商研报\
	  新目录           2	D:\Stock\trading_analysis\10_来源库_SOURCE_LIBRARY\01_Kimi拆书待入库\S_BUCKET__staging\03_券商研报\representatives_v3\03_券商研报\01_高频微观\
	    新文件    		   3.0 m	20190721-长江证券-基础因子研究（八）：高频因子（三），高频因子研究框架.pdf
	    新文件    		   8.5 m	20210128-长江证券-基础因子研究（十六）：高频因子（十），量价关系中的反转微观结构.pdf
	  新目录           2	D:\Stock\trading_analysis\10_来源库_SOURCE_LIBRARY\01_Kimi拆书待入库\S_BUCKET__staging\03_券商研报\representatives_v3\03_券商研报\02_指数增强\
	    新文件    		  865585	20200413-海通证券-选股因子系列研究（六十三）：剔除高频多因子空头组合后的沪深300指数增强策略.pdf
	    新文件    		   7.5 m	渤海多因子模型研究系列10：融合BL模型的上证50指数增强模型.pdf
	  新目录           2	D:\Stock\trading_analysis\10_来源库_SOURCE_LIBRARY\01_Kimi拆书待入库\S_BUCKET__staging\03_券商研报\representatives_v3\03_券商研报\03_机器学习\
	    新文件    		  871419	20200322-海通证券-选股因子系列研究（六十一）：从加权IC到机器学习，高频因子多头失效的修正.pdf
	    新文件    		   1.0 m	20220407-海通证券-选股因子系列研究（七十七）：改进深度学习高频因子的9个尝试.pdf
	  新目录           2	D:\Stock\trading_analysis\10_来源库_SOURCE_LIBRARY\01_Kimi拆书待入库\S_BUCKET__staging\03_券商研报\representatives_v3\03_券商研报\04_多因子\
	    新文件    		   2.4 m	中信因子深度研究系列3：Barra风险模型介绍及与中信建投选股体系的比较.pdf
	    新文件    		   1.0 m	中信因子深度研究系列5：因子衰减在多因子选股中的应用.pdf
	  新目录           0	D:\Stock\trading_analysis\10_来源库_SOURCE_LIBRARY\01_Kimi拆书待入库\S_BUCKET__staging\03_券商研报\representatives_v30\
	  新目录           0	D:\Stock\trading_analysis\10_来源库_SOURCE_LIBRARY\01_Kimi拆书待入库\S_BUCKET__staging\03_券商研报\representatives_v30\03_券商研报\
	  新目录           2	D:\Stock\trading_analysis\10_来源库_SOURCE_LIBRARY\01_Kimi拆书待入库\S_BUCKET__staging\03_券商研报\representatives_v30\03_券商研报\01_高频微观\
	    新文件    		   3.5 m	广发高频数据因子研究系列6：信息不对称理论下的因子研究.pdf
	    新文件    		   1.6 m	广发高频数据因子研究系列7：再谈信息不对称理论下的因子研究.pdf
	  新目录           3	D:\Stock\trading_analysis\10_来源库_SOURCE_LIBRARY\01_Kimi拆书待入库\S_BUCKET__staging\03_券商研报\representatives_v30\03_券商研报\03_机器学习\
	    新文件    		   1.7 m	广发多因子系列36：机器学习多因子动态调仓策略.pdf
	    新文件    		   1.2 m	广发多因子系列51：基于深度学习的高频数据因子挖掘.pdf
	    新文件    		  12.7 m	广发深度学习研究报告3：深度学习新进展，Alpha因子再挖掘.pdf
	  新目录           3	D:\Stock\trading_analysis\10_来源库_SOURCE_LIBRARY\01_Kimi拆书待入库\S_BUCKET__staging\03_券商研报\representatives_v30\03_券商研报\04_多因子\
	    新文件    		   2.6 m	星火多因子专题报告4：基于持仓的基金业绩归因，始于Brinson，归于Barra.pdf
	    新文件    		   2.2 m	星火多因子专题报告5：源于动量，超越动量，特质动量因子全解析.pdf
	    新文件    		 1029734	星火多因子专题报告6：Alpha 因子重构 - 引入协方差矩阵的因子有效性检验.pdf
	  新目录           0	D:\Stock\trading_analysis\10_来源库_SOURCE_LIBRARY\01_Kimi拆书待入库\S_BUCKET__staging\03_券商研报\representatives_v31\
	  新目录           0	D:\Stock\trading_analysis\10_来源库_SOURCE_LIBRARY\01_Kimi拆书待入库\S_BUCKET__staging\03_券商研报\representatives_v31\03_券商研报\
	  新目录           2	D:\Stock\trading_analysis\10_来源库_SOURCE_LIBRARY\01_Kimi拆书待入库\S_BUCKET__staging\03_券商研报\representatives_v31\03_券商研报\01_高频微观\
	    新文件    		   2.0 m	20200223-东吴证券-“技术分析拥抱选股因子”系列研究（一）：高频价量相关性，意想不到的选股因子.pdf
	    新文件    		   1.1 m	20221109-兴业证券-高频研究系列五：市场微观结构剖析.pdf
	  新目录           3	D:\Stock\trading_analysis\10_来源库_SOURCE_LIBRARY\01_Kimi拆书待入库\S_BUCKET__staging\03_券商研报\representatives_v31\03_券商研报\03_机器学习\
	    新文件    		   2.0 m	华泰人工智能系列4：人工智能选股朴素贝叶斯模型.pdf
	    新文件    		   2.1 m	华泰人工智能系列5：人工智能选股随机森林模型.pdf
	    新文件    		  10.2 m	广发深度学习研究报告4：趋势策略的深度学习增强.pdf
	  新目录           3	D:\Stock\trading_analysis\10_来源库_SOURCE_LIBRARY\01_Kimi拆书待入库\S_BUCKET__staging\03_券商研报\representatives_v31\03_券商研报\04_多因子\
	    新文件    		   1.2 m	星火多因子专题报告7：借因子组合之力，优化Alpha因子合成.pdf
	    新文件    		   1.3 m	星火多因子专题报告8：组合风险控制，协方差矩阵估计方法介绍及比较.pdf
	    新文件    		 1042361	海通选股因子系列研究17：选股因子的正交.pdf
	  新目录           0	D:\Stock\trading_analysis\10_来源库_SOURCE_LIBRARY\01_Kimi拆书待入库\S_BUCKET__staging\03_券商研报\representatives_v32\
	  新目录           0	D:\Stock\trading_analysis\10_来源库_SOURCE_LIBRARY\01_Kimi拆书待入库\S_BUCKET__staging\03_券商研报\representatives_v32\03_券商研报\
	  新目录           2	D:\Stock\trading_analysis\10_来源库_SOURCE_LIBRARY\01_Kimi拆书待入库\S_BUCKET__staging\03_券商研报\representatives_v32\03_券商研报\01_高频微观\
	    新文件    		   2.3 m	广发高频数据因子研究系列8：日内价量数据因子化研究.pdf
	    新文件    		   1.5 m	广发高频数据因子研究系列9：基于股价跳跃模型的因子研究.pdf
	  新目录           3	D:\Stock\trading_analysis\10_来源库_SOURCE_LIBRARY\01_Kimi拆书待入库\S_BUCKET__staging\03_券商研报\representatives_v32\03_券商研报\03_机器学习\
	    新文件    		  10.0 m	广发深度学习研究报告5：风险中性的深度学习选股策略.pdf
	    新文件    		  16.2 m	广发深度学习研究报告6：深度学习在指数增强策略上的应用.pdf
	    新文件    		   1.1 m	海通选股因子系列研究61：从加权IC到机器学习：高频因子多头失效的修正.pdf
	  新目录           3	D:\Stock\trading_analysis\10_来源库_SOURCE_LIBRARY\01_Kimi拆书待入库\S_BUCKET__staging\03_券商研报\representatives_v32\03_券商研报\04_多因子\
	    新文件    		  891208	海通选股因子系列研究15：“博彩型”股票的预期收益.pdf
	    新文件    		   1.0 m	海通选股因子系列研究16：选股因子空头收益的转化.pdf
	    新文件    		   1.0 m	海通选股因子系列研究18：价格形态选股因子.pdf
	  新目录           0	D:\Stock\trading_analysis\10_来源库_SOURCE_LIBRARY\01_Kimi拆书待入库\S_BUCKET__staging\03_券商研报\representatives_v33\
	  新目录           0	D:\Stock\trading_analysis\10_来源库_SOURCE_LIBRARY\01_Kimi拆书待入库\S_BUCKET__staging\03_券商研报\representatives_v33\03_券商研报\
	  新目录           2	D:\Stock\trading_analysis\10_来源库_SOURCE_LIBRARY\01_Kimi拆书待入库\S_BUCKET__staging\03_券商研报\representatives_v33\03_券商研报\01_高频微观\
	    新文件    		   1.2 m	20200901-东吴证券-“波动率选股因子”系列研究（二）：信息分布均匀度，基于高频波动率的选股因子.pdf
	    新文件    		   1.4 m	20220419-海通证券-从2021年四季度量化私募的回撤说开去：高频赛道拥挤了吗？.pdf
	  新目录           3	D:\Stock\trading_analysis\10_来源库_SOURCE_LIBRARY\01_Kimi拆书待入库\S_BUCKET__staging\03_券商研报\representatives_v33\03_券商研报\03_机器学习\
	    新文件    		   3.6 m	华泰人工智能系列31：生成对抗网络GAN初探.pdf
	    新文件    		   1.2 m	广发深度学习研究报告7：深度学习框架下高频数据因子挖掘.pdf
	    新文件    		   1.3 m	海通选股因子系列研究64：基于直观逻辑和机器学习的高频数据低频化应用.pdf
	  新目录           3	D:\Stock\trading_analysis\10_来源库_SOURCE_LIBRARY\01_Kimi拆书待入库\S_BUCKET__staging\03_券商研报\representatives_v33\03_券商研报\04_多因子\
	    新文件    		   1.1 m	星火多因子专题报告14：将事件驱动融入因子选股.pdf
	    新文件    		  986951	海通选股因子系列研究20：基于条件期 望的因子择时框架.pdf
	    新文件    		   6.0 m	海通选股因子系列研究22：分析师覆盖度与股票预期收益.pdf
	  新目录           0	D:\Stock\trading_analysis\10_来源库_SOURCE_LIBRARY\01_Kimi拆书待入库\S_BUCKET__staging\03_券商研报\representatives_v34\
	  新目录           0	D:\Stock\trading_analysis\10_来源库_SOURCE_LIBRARY\01_Kimi拆书待入库\S_BUCKET__staging\03_券商研报\representatives_v34\03_券商研报\
	  新目录           2	D:\Stock\trading_analysis\10_来源库_SOURCE_LIBRARY\01_Kimi拆书待入库\S_BUCKET__staging\03_券商研报\representatives_v34\03_券商研报\01_高频微观\
	    新文件    		  999685	20201114-开源证券-开源量化评论（11）：北上资金高频数据的CTA潜力.pdf
	    新文件    		   2.0 m	20220502-中泰证券-追踪“聪明资金”系列：揭开公募持仓“面纱”，细化模型尝试对股票仓位进行高频跟踪.pdf
	  新目录           3	D:\Stock\trading_analysis\10_来源库_SOURCE_LIBRARY\01_Kimi拆书待入库\S_BUCKET__staging\03_券商研报\representatives_v34\03_券商研报\03_机器学习\
	    新文件    		   3.1 m	华泰人工智能系列35：WGAN应用于金融时间序列生成.pdf
	    新文件    		  12.0 m	广发深度学习研究报告8：基本面因子模型的深度学习增强.pdf
	    新文件    		   1.2 m	海通选股因子系列研究76：基于深度学习的高频因子挖掘.pdf
	  新目录           3	D:\Stock\trading_analysis\10_来源库_SOURCE_LIBRARY\01_Kimi拆书待入库\S_BUCKET__staging\03_券商研报\representatives_v34\03_券商研报\04_多因子\
	    新文件    		 1035755	海通选股因子系列研究12：“量”与“价”的结合.pdf
	    新文件    		  801096	海通选股因子系列研究14：交易行为的波动和股票预期收益.pdf
	    新文件    		   1.0 m	海通选股因子系列研究23：历史财务信息对股票收益的预测能力.pdf
	  新目录           0	D:\Stock\trading_analysis\10_来源库_SOURCE_LIBRARY\01_Kimi拆书待入库\S_BUCKET__staging\03_券商研报\representatives_v35\
	  新目录           0	D:\Stock\trading_analysis\10_来源库_SOURCE_LIBRARY\01_Kimi拆书待入库\S_BUCKET__staging\03_券商研报\representatives_v35\03_券商研报\
	  新目录           2	D:\Stock\trading_analysis\10_来源库_SOURCE_LIBRARY\01_Kimi拆书待入库\S_BUCKET__staging\03_券商研报\representatives_v35\03_券商研报\01_高频微观\
	    新文件    		   1.5 m	20140815-银河证券-CTA程序化交易实务研究之八：期指Level2行情的价格发现研究及高频实战体会.pdf
	    新文件    		  827260	20220104-兴业证券-高频漫谈.pdf
	  新目录           3	D:\Stock\trading_analysis\10_来源库_SOURCE_LIBRARY\01_Kimi拆书待入库\S_BUCKET__staging\03_券商研报\representatives_v35\03_券商研报\03_机器学习\
	    新文件    		   4.1 m	华泰人工智能系列36：相对生成对抗网络RGAN实证.pdf
	    新文件    		   3.2 m	华泰人工智能系列38：WGAN生成：从单资产到多资产.pdf
	    新文件    		   2.1 m	海通选股因子系列研究87：高频与日度量价数据混合的深度学习因子.pdf
	  新目录           3	D:\Stock\trading_analysis\10_来源库_SOURCE_LIBRARY\01_Kimi拆书待入库\S_BUCKET__staging\03_券商研报\representatives_v35\03_券商研报\04_多因子\
	    新文件    		   1.0 m	海通选股因子系列研究24：拟合优度_波动率调整因子溢价.pdf
	    新文件    		  893340	海通选股因子系列研究26：因子加权、正交和择时的若干性质.pdf
	    新文件    		   7.8 m	海通选股因子系列研究29：底层因子降维方法对比.pdf
	  新目录           0	D:\Stock\trading_analysis\10_来源库_SOURCE_LIBRARY\01_Kimi拆书待入库\S_BUCKET__staging\03_券商研报\representatives_v36\
	  新目录           0	D:\Stock\trading_analysis\10_来源库_SOURCE_LIBRARY\01_Kimi拆书待入库\S_BUCKET__staging\03_券商研报\representatives_v36\03_券商研报\
	  新目录           2	D:\Stock\trading_analysis\10_来源库_SOURCE_LIBRARY\01_Kimi拆书待入库\S_BUCKET__staging\03_券商研报\representatives_v36\03_券商研报\01_高频微观\
	    新文件    		   4.0 m	20220719-国联证券-基于Level2数据：股票多因子系列1_机构主动资金流.pdf
	    新文件    		   1.5 m	海通选股因子系列研究85：买卖单主动成交中的隐藏信息.pdf
	  新目录           3	D:\Stock\trading_analysis\10_来源库_SOURCE_LIBRARY\01_Kimi拆书待入库\S_BUCKET__staging\03_券商研报\representatives_v36\03_券商研报\03_机器学习\
	    新文件    		   2.6 m	华泰人工智能系列44：深度卷积GAN实证.pdf
	    新文件    		   1.5 m	华泰人工智能系列45：cGAN应用于资产配置.pdf
	    新文件    		   3.2 m	华泰人工智能系列47：cGAN模拟宏观指标.pdf
	  新目录           3	D:\Stock\trading_analysis\10_来源库_SOURCE_LIBRARY\01_Kimi拆书待入库\S_BUCKET__staging\03_券商研报\representatives_v36\03_券商研报\04_多因子\
	    新文件    		   1.7 m	广发多因子系列39：分析师一致预期下.pdf
	    新文件    		  19.6 m	海通选股因子系列研究30：因子择时模型改进与择时指标库构建.pdf
	    新文件    		   1.0 m	海通选股因子系列研究32：因子择时在风控模型中的应用.pdf
	  新目录           0	D:\Stock\trading_analysis\10_来源库_SOURCE_LIBRARY\01_Kimi拆书待入库\S_BUCKET__staging\03_券商研报\representatives_v37\
	  新目录           0	D:\Stock\trading_analysis\10_来源库_SOURCE_LIBRARY\01_Kimi拆书待入库\S_BUCKET__staging\03_券商研报\representatives_v37\03_券商研报\
	  新目录           2	D:\Stock\trading_analysis\10_来源库_SOURCE_LIBRARY\01_Kimi拆书待入库\S_BUCKET__staging\03_券商研报\representatives_v37\03_券商研报\01_高频微观\
	    新文件    		  854144	海通选股因子系列研究11：LEVEL2行情选股因子初探.pdf
	    新文件    		   1.3 m	海通选股因子系列研究58：知情交易与主买主卖.pdf
	  新目录           3	D:\Stock\trading_analysis\10_来源库_SOURCE_LIBRARY\01_Kimi拆书待入库\S_BUCKET__staging\03_券商研报\representatives_v37\03_券商研报\03_机器学习\
	    新文件    		   3.0 m	华泰人工智能系列48：对抗过拟合：cGAN应用于策略调参.pdf
	    新文件    		   2.7 m	华泰人工智能系列49：SinGAN单样本生成.pdf
	    新文件    		   3.2 m	华泰人工智能系列50：再探cGAN资产配置.pdf
	  新目录           3	D:\Stock\trading_analysis\10_来源库_SOURCE_LIBRARY\01_Kimi拆书待入库\S_BUCKET__staging\03_券商研报\representatives_v37\03_券商研报\04_多因子\
	    新文件    		   1.3 m	海通选股因子系列研究27：分位数回归在多因子选股中的应用.pdf
	    新文件    		  981758	海通选股因子系列研究28：一致预期质量分析.pdf
	    新文件    		   8.7 m	海通选股因子系列研究33：预期调整类因子的收益特征.pdf
	  新目录           0	D:\Stock\trading_analysis\10_来源库_SOURCE_LIBRARY\01_Kimi拆书待入库\S_BUCKET__staging\03_券商研报\representatives_v38\
	  新目录           0	D:\Stock\trading_analysis\10_来源库_SOURCE_LIBRARY\01_Kimi拆书待入库\S_BUCKET__staging\03_券商研报\representatives_v38\03_券商研报\
	  新目录           2	D:\Stock\trading_analysis\10_来源库_SOURCE_LIBRARY\01_Kimi拆书待入库\S_BUCKET__staging\03_券商研报\representatives_v38\03_券商研报\01_高频微观\
	    新文件    		   1.3 m	海通选股因子系列研究66：寻找逐笔交易中的有效信息.pdf
	    新文件    		   1.5 m	海通选股因子系列研究67：短周期高频因子与组合调仓收益增强.pdf
	  新目录           3	D:\Stock\trading_analysis\10_来源库_SOURCE_LIBRARY\01_Kimi拆书待入库\S_BUCKET__staging\03_券商研报\representatives_v38\03_券商研报\03_机器学习\
	    新文件    		   1.9 m	海通选股因子系列研究88：多颗粒度特征的深度学习模型：探索和对比.pdf
	    新文件    		  18.2 m	逐鹿Alpha专题报告16：基于Graph Embedding的行业因子向量化.pdf
	    新文件    		   1.9 m	逐鹿Alpha专题报告9：基于QLIBALPHA360的Temporal_FusionTransformer选股模型.pdf
	  新目录           3	D:\Stock\trading_analysis\10_来源库_SOURCE_LIBRARY\01_Kimi拆书待入库\S_BUCKET__staging\03_券商研报\representatives_v38\03_券商研报\04_多因子\
	    新文件    		  254248	广发多因子系列1 ：风格因子驱动下的行业选择_超配金融地产.pdf
	    新文件    		  558066	广发多因子系列2：风格因子驱动下的行业内量化选股研究.pdf
	    新文件    		  388671	广发多因子系列3：估值与动量结合的选股模型.pdf
	  新目录           0	D:\Stock\trading_analysis\10_来源库_SOURCE_LIBRARY\01_Kimi拆书待入库\S_BUCKET__staging\03_券商研报\representatives_v39\
	  新目录           0	D:\Stock\trading_analysis\10_来源库_SOURCE_LIBRARY\01_Kimi拆书待入库\S_BUCKET__staging\03_券商研报\representatives_v39\03_券商研报\
	  新目录           2	D:\Stock\trading_analysis\10_来源库_SOURCE_LIBRARY\01_Kimi拆书待入库\S_BUCKET__staging\03_券商研报\representatives_v39\03_券商研报\01_高频微观\
	    新文件    		   1.2 m	20201228-华安证券-“学海拾珠”系列之二十四：知情交易的高频指标.pdf
	    新文件    		   1.4 m	海通选股因子系列研究46：日内分时成交中的玄机.pdf
	  新目录           3	D:\Stock\trading_analysis\10_来源库_SOURCE_LIBRARY\01_Kimi拆书待入库\S_BUCKET__staging\03_券商研报\representatives_v39\03_券商研报\03_机器学习\
	    新文件    		   8.2 m	Artificial Intelligence, Learning and Computation in Economics and Finance.pdf
	    新文件    		  13.9 m	【2022新书】机器学习在金融时间序列分析与预测中的应用，385页pdf.pdf
	    新文件    		   6.4 m	渤海多因子模型研究系列13：基于机器学习模型的因子择时框架.pdf
	  新目录           3	D:\Stock\trading_analysis\10_来源库_SOURCE_LIBRARY\01_Kimi拆书待入库\S_BUCKET__staging\03_券商研报\representatives_v39\03_券商研报\04_多因子\
	    新文件    		   1.2 m	海通选股因子系列研究34：宏观经济数据可以用来选股吗.pdf
	    新文件    		   1.1 m	海通选股因子系列研究35：宏观经济的不确定性在A股中的定价.pdf
	    新文件    		 1023620	海通选股因子系列研究36：哪些宏观经济指标存在选股效应.pdf
	  新目录           0	D:\Stock\trading_analysis\10_来源库_SOURCE_LIBRARY\01_Kimi拆书待入库\S_BUCKET__staging\03_券商研报\representatives_v4\
	  新目录           0	D:\Stock\trading_analysis\10_来源库_SOURCE_LIBRARY\01_Kimi拆书待入库\S_BUCKET__staging\03_券商研报\representatives_v4\03_券商研报\
	  新目录           2	D:\Stock\trading_analysis\10_来源库_SOURCE_LIBRARY\01_Kimi拆书待入库\S_BUCKET__staging\03_券商研报\representatives_v4\03_券商研报\01_高频微观\
	    新文件    		  874494	20160606-海通证券-选股因子系列研究（十一）：Level2行情选股因子初探.pdf
	    新文件    		   1.2 m	20170909-海通证券-选股因子系列研究（二十五）：高频因子之已实现波动分解.pdf
	  新目录           2	D:\Stock\trading_analysis\10_来源库_SOURCE_LIBRARY\01_Kimi拆书待入库\S_BUCKET__staging\03_券商研报\representatives_v4\03_券商研报\02_指数增强\
	    新文件    		   1.5 m	20200225-东吴证券-“ETF情绪温度计”系列研究（三）：ETF情绪温度计，高频折溢价的基差预测能力.pdf
	    新文件    		  762583	20200527-海通证券-选股因子系列研究（六十五）：剔除高频因子空头组合后的中证500指数增强策略.pdf
	  新目录           2	D:\Stock\trading_analysis\10_来源库_SOURCE_LIBRARY\01_Kimi拆书待入库\S_BUCKET__staging\03_券商研报\representatives_v4\03_券商研报\03_机器学习\
	    新文件    		   2.4 m	20191230-安信证券-中高频交易策略再出发：机器学习T0.pdf
	    新文件    		   1.2 m	20220531-海通证券-选股因子系列研究（七十九）：用注意力机制优化深度学习高频因子.pdf
	  新目录           2	D:\Stock\trading_analysis\10_来源库_SOURCE_LIBRARY\01_Kimi拆书待入库\S_BUCKET__staging\03_券商研报\representatives_v4\03_券商研报\04_多因子\
	    新文件    		   1.7 m	中信因子深度研究系列2：宏观变量控制下的有效因子轮动.pdf
	    新文件    		   1.8 m	中信因子深度研究系列6：一致预期因子体系搭建.pdf
	  新目录           0	D:\Stock\trading_analysis\10_来源库_SOURCE_LIBRARY\01_Kimi拆书待入库\S_BUCKET__staging\03_券商研报\representatives_v40\
	  新目录           0	D:\Stock\trading_analysis\10_来源库_SOURCE_LIBRARY\01_Kimi拆书待入库\S_BUCKET__staging\03_券商研报\representatives_v40\03_券商研报\
	  新目录           2	D:\Stock\trading_analysis\10_来源库_SOURCE_LIBRARY\01_Kimi拆书待入库\S_BUCKET__staging\03_券商研报\representatives_v40\03_券商研报\01_高频微观\
	    新文件    		   1.1 m	海通选股因子系列研究71：逐笔大单因子与大资金行为.pdf
	    新文件    		   1.6 m	海通选股因子系列研究75：限价订单簿LOB的还原和应用.pdf
	  新目录           3	D:\Stock\trading_analysis\10_来源库_SOURCE_LIBRARY\01_Kimi拆书待入库\S_BUCKET__staging\03_券商研报\representatives_v40\03_券商研报\03_机器学习\
	    新文件    		  14.3 m	Financial Technology_ Case Studies in Fintech Innovation-Kogan Page (2020).pdf
	    新文件    		   6.3 m	Hands-On Artificial Intelligence for Banking.pdf
	    新文件    		   4.3 m	Quantum Machine Learning and Optimisation in Finance_ On the Road to Quantum Advantage.pdf
	  新目录           3	D:\Stock\trading_analysis\10_来源库_SOURCE_LIBRARY\01_Kimi拆书待入库\S_BUCKET__staging\03_券商研报\representatives_v40\03_券商研报\04_多因子\
	    新文件    		   1.1 m	广发多因子系列6：从宏观角度观察Alpha因子趋势.pdf
	    新文件    		   2.2 m	广发多因子系列8：观宏观经济周期,察风格因子轮动.pdf
	    新文件    		  937530	海通选股因子系列研究40：预期因子的底层数据处理.pdf
	  新目录           0	D:\Stock\trading_analysis\10_来源库_SOURCE_LIBRARY\01_Kimi拆书待入库\S_BUCKET__staging\03_券商研报\representatives_v41\
	  新目录           0	D:\Stock\trading_analysis\10_来源库_SOURCE_LIBRARY\01_Kimi拆书待入库\S_BUCKET__staging\03_券商研报\representatives_v41\03_券商研报\
	  新目录           2	D:\Stock\trading_analysis\10_来源库_SOURCE_LIBRARY\01_Kimi拆书待入库\S_BUCKET__staging\03_券商研报\representatives_v41\03_券商研报\01_高频微观\
	    新文件    		   1.0 m	20170813-方正证券-“聆听高频世界的声音”系列研究（六）：本福特的启示，从分钟成交量看机构痕迹.pdf
	    新文件    		 1027384	海通选股因子系列研究70：日内市场微观结构与高频因子选股能力.pdf
	  新目录           1	D:\Stock\trading_analysis\10_来源库_SOURCE_LIBRARY\01_Kimi拆书待入库\S_BUCKET__staging\03_券商研报\representatives_v41\03_券商研报\03_机器学习\
	    新文件    		  11.6 m	Robert Carver - Systematic Trading_ A unique new method for designing trading and investing systems-Harriman House (2015).pdf
	  新目录           3	D:\Stock\trading_analysis\10_来源库_SOURCE_LIBRARY\01_Kimi拆书待入库\S_BUCKET__staging\03_券商研报\representatives_v41\03_券商研报\04_多因子\
	    新文件    		   1.4 m	海通选股因子系列研究41：医药行业因子选股研究.pdf
	    新文件    		   1.5 m	海通选股因子系列研究42：因子失效预警_因子拥挤.pdf
	    新文件    		   1.1 m	海通选股因子系列研究45：质量因子.pdf
	  新目录           0	D:\Stock\trading_analysis\10_来源库_SOURCE_LIBRARY\01_Kimi拆书待入库\S_BUCKET__staging\03_券商研报\representatives_v42\
	  新目录           0	D:\Stock\trading_analysis\10_来源库_SOURCE_LIBRARY\01_Kimi拆书待入库\S_BUCKET__staging\03_券商研报\representatives_v42\03_券商研报\
	  新目录           2	D:\Stock\trading_analysis\10_来源库_SOURCE_LIBRARY\01_Kimi拆书待入库\S_BUCKET__staging\03_券商研报\representatives_v42\03_券商研报\01_高频微观\
	    新文件    		   1.0 m	20201219-招商证券-ESG投资研究系列之三：高频ESG数据，穿着燕尾服的Alpha.pdf
	    新文件    		  997165	20210608-国信证券-学术文献研究系列第5期：交易量时钟，对高频交易模式的洞察.pdf
	  新目录           6	D:\Stock\trading_analysis\10_来源库_SOURCE_LIBRARY\01_Kimi拆书待入库\S_BUCKET__staging\03_券商研报\representatives_v42\03_券商研报\04_多因子\
	    新文件    		   1.6 m	海通选股因子系列研究43：因子拥挤度的改进.pdf
	    新文件    		   1.2 m	海通选股因子系列研究44：因子拥挤度的扩展.pdf
	    新文件    		   1.7 m	海通选股因子系列研究47：捕捉投资者的交易意愿.pdf
	    新文件    		   1.1 m	海通选股因子系列研究48：探索A股的五因子模型.pdf
	    新文件    		   1.1 m	海通选股因子系列研究52：基于决策树的因子择时模型.pdf
	    新文件    		   1.5 m	海通选股因子系列研究53：上市公司股价关系网因子.pdf
	  新目录           0	D:\Stock\trading_analysis\10_来源库_SOURCE_LIBRARY\01_Kimi拆书待入库\S_BUCKET__staging\03_券商研报\representatives_v43\
	  新目录           0	D:\Stock\trading_analysis\10_来源库_SOURCE_LIBRARY\01_Kimi拆书待入库\S_BUCKET__staging\03_券商研报\representatives_v43\03_券商研报\
	  新目录           2	D:\Stock\trading_analysis\10_来源库_SOURCE_LIBRARY\01_Kimi拆书待入库\S_BUCKET__staging\03_券商研报\representatives_v43\03_券商研报\01_高频微观\
	    新文件    		   1.3 m	20220728-国泰君安-数量化专题报告：高频量价策略不等于躺着赚钱.pdf
	    新文件    		   1.5 m	20220909-中银国际-中银量化专题研究：如何高频预测模拟Wind主动股基（885000.WI）指数？.pdf
	  新目录           6	D:\Stock\trading_analysis\10_来源库_SOURCE_LIBRARY\01_Kimi拆书待入库\S_BUCKET__staging\03_券商研报\representatives_v43\03_券商研报\04_多因子\
	    新文件    		   1.1 m	海通选股因子系列研究37：A股是否存在异质动量效应.pdf
	    新文件    		   1.2 m	海通选股因子系列研究39：如何计算盈利指标的趋势.pdf
	    新文件    		   1.2 m	海通选股因子系列研究49：当下跌遇到托底.pdf
	    新文件    		   1.2 m	海通选股因子系列研究51：消费板块的因子组合.pdf
	    新文件    		 1029874	海通选股因子系列研究54：资产增长稳定性与资本结构变化.pdf
	    新文件    		   1.2 m	海通选股因子系列研究56：买卖单数据中的Alpha.pdf
	  新目录           0	D:\Stock\trading_analysis\10_来源库_SOURCE_LIBRARY\01_Kimi拆书待入库\S_BUCKET__staging\03_券商研报\representatives_v44\
	  新目录           0	D:\Stock\trading_analysis\10_来源库_SOURCE_LIBRARY\01_Kimi拆书待入库\S_BUCKET__staging\03_券商研报\representatives_v44\03_券商研报\
	  新目录           2	D:\Stock\trading_analysis\10_来源库_SOURCE_LIBRARY\01_Kimi拆书待入库\S_BUCKET__staging\03_券商研报\representatives_v44\03_券商研报\01_高频微观\
	    新文件    		   1.2 m	20210610-国泰君安-学界纵横系列之八：天然气期货的高频交易模式是怎样的.pdf
	    新文件    		   2.5 m	广发高频数据因子研究系列2：基于日内高频数据的短周期选股因子研究.pdf
	  新目录           6	D:\Stock\trading_analysis\10_来源库_SOURCE_LIBRARY\01_Kimi拆书待入库\S_BUCKET__staging\03_券商研报\representatives_v44\03_券商研报\04_多因子\
	    新文件    		   1.7 m	国盛多因子系列6：寻找财务数据中的.pdf
	    新文件    		   2.2 m	国盛多因子系列9：海外市场市值和价值因子演化研究.pdf
	    新文件    		   2.1 m	广发多因子系列10：转融通双刃剑“惑”_基于多因子选股的量化对冲方案分析.pdf
	    新文件    		   2.2 m	广发多因子系列19：笑看北雁南飞南雁北归.pdf
	    新文件    		   2.1 m	广发多因子系列23：Alpha对冲中的期现交易时差影响分析.pdf
	    新文件    		   1.6 m	广发多因子系列7：大浪淘金Alpha因子何处寻.pdf
	  新目录           0	D:\Stock\trading_analysis\10_来源库_SOURCE_LIBRARY\01_Kimi拆书待入库\S_BUCKET__staging\03_券商研报\representatives_v45\
	  新目录           0	D:\Stock\trading_analysis\10_来源库_SOURCE_LIBRARY\01_Kimi拆书待入库\S_BUCKET__staging\03_券商研报\representatives_v45\03_券商研报\
	  新目录           2	D:\Stock\trading_analysis\10_来源库_SOURCE_LIBRARY\01_Kimi拆书待入库\S_BUCKET__staging\03_券商研报\representatives_v45\03_券商研报\01_高频微观\
	    新文件    		   1.1 m	20210527-中泰证券-追踪“聪明资金”系列一：大小盘如何择时？基金抱团高频跟踪数据给我们启示.pdf
	    新文件    		   5.0 m	20210823-中泰证券-追踪“聪明资金”系列二：如何高频探测基金行业配置动向？.pdf
	  新目录           6	D:\Stock\trading_analysis\10_来源库_SOURCE_LIBRARY\01_Kimi拆书待入库\S_BUCKET__staging\03_券商研报\representatives_v45\03_券商研报\04_多因子\
	    新文件    		   1.6 m	广发多因子系列26：牛股归因下的风格动量策略.pdf
	    新文件    		   1.8 m	广发多因子系列40：科技板块量化选股策略研究.pdf
	    新文件    		   1.3 m	海通选股因子系列研究13：因子大讲坛.pdf
	    新文件    		   1.8 m	海通选股因子系列研究57：基于主动买入行为的选股因子.pdf
	    新文件    		   1.2 m	海通选股因子系列研究62：被动产品的规模扩张对alpha策略的影响分析：从美国到中国的证据.pdf
	    新文件    		  519875	海通选股因子系列研究6：极值视角下的多因子选股策略.pdf
	  新目录           0	D:\Stock\trading_analysis\10_来源库_SOURCE_LIBRARY\01_Kimi拆书待入库\S_BUCKET__staging\03_券商研报\representatives_v46\
	  新目录           0	D:\Stock\trading_analysis\10_来源库_SOURCE_LIBRARY\01_Kimi拆书待入库\S_BUCKET__staging\03_券商研报\representatives_v46\03_券商研报\
	  新目录           2	D:\Stock\trading_analysis\10_来源库_SOURCE_LIBRARY\01_Kimi拆书待入库\S_BUCKET__staging\03_券商研报\representatives_v46\03_券商研报\01_高频微观\
	    新文件    		   1.4 m	海通选股因子系列研究19：高频因子股票收益分布特征.pdf
	    新文件    		   1.1 m	海通选股因子系列研究25：高频因子之已实现波动率分解.pdf
	  新目录           6	D:\Stock\trading_analysis\10_来源库_SOURCE_LIBRARY\01_Kimi拆书待入库\S_BUCKET__staging\03_券商研报\representatives_v46\03_券商研报\04_多因子\
	    新文件    		   3.0 m	广发多因子系列9：追踪行业特点捕获行业ALPHA驱动力.pdf
	    新文件    		   1.2 m	海通选股因子系列研究72：大单的精细化处理与大单因子重构.pdf
	    新文件    		   1.2 m	海通选股因子系列研究73：使用基本面逻辑改进ROE因子.pdf
	    新文件    		   1.3 m	海通选股因子系列研究74：基于风格特征的股票重新分类及应用.pdf
	    新文件    		   1.3 m	海通选股因子系列研究78：构造A股价值组合的三种范式.pdf
	    新文件    		   1.3 m	海通选股因子系列研究80：股票久期的定义、溢价及应用.pdf
	  新目录           0	D:\Stock\trading_analysis\10_来源库_SOURCE_LIBRARY\01_Kimi拆书待入库\S_BUCKET__staging\03_券商研报\representatives_v47\
	  新目录           0	D:\Stock\trading_analysis\10_来源库_SOURCE_LIBRARY\01_Kimi拆书待入库\S_BUCKET__staging\03_券商研报\representatives_v47\03_券商研报\
	  新目录           2	D:\Stock\trading_analysis\10_来源库_SOURCE_LIBRARY\01_Kimi拆书待入库\S_BUCKET__staging\03_券商研报\representatives_v47\03_券商研报\01_高频微观\
	    新文件    		   1.0 m	海通选股因子系列研究60：如何利用高频因子的空头效应.pdf
	    新文件    		   2.1 m	海通选股因子系列研究69：高频因子的现实与幻想.pdf
	  新目录           6	D:\Stock\trading_analysis\10_来源库_SOURCE_LIBRARY\01_Kimi拆书待入库\S_BUCKET__staging\03_券商研报\representatives_v47\03_券商研报\04_多因子\
	    新文件    		   1.3 m	海通选股因子系列研究82：不可忽视的无形资产.pdf
	    新文件    		   1.2 m	海通选股因子系列研究83：盈利加速的定量刻画与高增长组合的构建.pdf
	    新文件    		   1.3 m	海通选股因子系列研究84：选股因子的季节效应及其成因.pdf
	    新文件    		   1.3 m	海通选股因子系列研究89：买入评级因子的改进及其在大盘股优选策略中的应用.pdf
	    新文件    		   2.2 m	海通选股因子系列研究90：理解红利投资，加入红利投资，超越红利投资.pdf
	    新文件    		   1.1 m	海通选股因子系列研究92：组合约束对其收益表现的影响分析.pdf
	  新目录           0	D:\Stock\trading_analysis\10_来源库_SOURCE_LIBRARY\01_Kimi拆书待入库\S_BUCKET__staging\03_券商研报\representatives_v48\
	  新目录           0	D:\Stock\trading_analysis\10_来源库_SOURCE_LIBRARY\01_Kimi拆书待入库\S_BUCKET__staging\03_券商研报\representatives_v48\03_券商研报\
	  新目录           2	D:\Stock\trading_analysis\10_来源库_SOURCE_LIBRARY\01_Kimi拆书待入库\S_BUCKET__staging\03_券商研报\representatives_v48\03_券商研报\01_高频微观\
	    新文件    		   9.3 m	Maureen O'Hara - Market Microstructure Theory  -Wiley (1998).pdf
	    新文件    		   1.2 m	星火多因子专题报告9：博彩偏好还是风险补偿？高频特质偏度因子全解析.pdf
	  新目录           6	D:\Stock\trading_analysis\10_来源库_SOURCE_LIBRARY\01_Kimi拆书待入库\S_BUCKET__staging\03_券商研报\representatives_v48\03_券商研报\04_多因子\
	    新文件    		  542677	海通选股因子系列研究1：弱者终有逆袭日,强势几无持续时：A股市场的动量反转效应研究.pdf
	    新文件    		   1.3 m	海通选股因子系列研究2：因子模型的尾部相关性研究.pdf
	    新文件    		   1.3 m	海通选股因子系列研究5：寻找股价驱动新因子净换手率.pdf
	    新文件    		   1.3 m	海通选股因子系列研究7：融资融券对个股收益的影响研究.pdf
	    新文件    		   1.3 m	海通选股因子系列研究8：从串联到并联，单因子多策略组合.pdf
	    新文件    		   1.3 m	海通选股因子系列研究9：上市公司薪酬那些事.pdf
	  新目录           0	D:\Stock\trading_analysis\10_来源库_SOURCE_LIBRARY\01_Kimi拆书待入库\S_BUCKET__staging\03_券商研报\representatives_v49\
	  新目录           0	D:\Stock\trading_analysis\10_来源库_SOURCE_LIBRARY\01_Kimi拆书待入库\S_BUCKET__staging\03_券商研报\representatives_v49\03_券商研报\
	  新目录           2	D:\Stock\trading_analysis\10_来源库_SOURCE_LIBRARY\01_Kimi拆书待入库\S_BUCKET__staging\03_券商研报\representatives_v49\03_券商研报\01_高频微观\
	    新文件    		   1.6 m	海通选股因子系列研究91：组合规模、交易成本和大单冲击对因子表现的影响分析.pdf
	    新文件    		   1.8 m	逐鹿Alpha专题报告11：基于限价订单簿数据的.pdf
	  新目录           6	D:\Stock\trading_analysis\10_来源库_SOURCE_LIBRARY\01_Kimi拆书待入库\S_BUCKET__staging\03_券商研报\representatives_v49\03_券商研报\04_多因子\
	    新文件    		  11.4 m	渤海多因子模型研究系列1：单因子测试.pdf
	    新文件    		   8.1 m	渤海多因子模型研究系列2：收益预测模型.pdf
	    新文件    		   5.5 m	渤海多因子模型研究系列5：使用Bandit Learning算法的多因子模型.pdf
	    新文件    		   8.0 m	渤海多因子模型研究系列6：使用thompson sampling算法的策略混合模型.pdf
	    新文件    		  18.7 m	渤海多因子模型研究系列8：Barra风险模型（CNE6）单因子检测.pdf
	    新文件    		   9.0 m	渤海多因子模型研究系列9：Barra风险模型（CNE6）纯因子构建与因子合成.pdf
	  新目录           0	D:\Stock\trading_analysis\10_来源库_SOURCE_LIBRARY\01_Kimi拆书待入库\S_BUCKET__staging\03_券商研报\representatives_v5\
	  新目录           0	D:\Stock\trading_analysis\10_来源库_SOURCE_LIBRARY\01_Kimi拆书待入库\S_BUCKET__staging\03_券商研报\representatives_v5\03_券商研报\
	  新目录           2	D:\Stock\trading_analysis\10_来源库_SOURCE_LIBRARY\01_Kimi拆书待入库\S_BUCKET__staging\03_券商研报\representatives_v5\03_券商研报\01_高频微观\
	    新文件    		  901118	20170310-长江证券-金工高频识途系列（一）：基于买入行为构建情绪因子.pdf
	    新文件    		  765156	20200305-海通证券-选股因子系列研究（六十）：如何利用高频因子的空头效应？.pdf
	  新目录           2	D:\Stock\trading_analysis\10_来源库_SOURCE_LIBRARY\01_Kimi拆书待入库\S_BUCKET__staging\03_券商研报\representatives_v5\03_券商研报\02_指数增强\
	    新文件    		  798514	海通选股因子系列研究10：基于机构持股信息的PORTABLE_ALPHA策略增强.pdf
	    新文件    		   6.2 m	渤海多因子模型研究系列7：使用多因子框架的沪深300指数增强模型.pdf
	  新目录           2	D:\Stock\trading_analysis\10_来源库_SOURCE_LIBRARY\01_Kimi拆书待入库\S_BUCKET__staging\03_券商研报\representatives_v5\03_券商研报\03_机器学习\
	    新文件    		   2.4 m	20191230-安信证券-中高频交易策略再出发：机器学习T0.pdf
	    新文件    		   1.1 m	20220309-东兴证券-海外文献速览系列之十六：高频数据下基于文本挖掘和深度学习的股票波动性预测.pdf
	  新目录           2	D:\Stock\trading_analysis\10_来源库_SOURCE_LIBRARY\01_Kimi拆书待入库\S_BUCKET__staging\03_券商研报\representatives_v5\03_券商研报\04_多因子\
	    新文件    		   1.4 m	中信因子深度研究系列1：特质波动率纯因子组合在A股的实证与研究.pdf
	    新文件    		  882426	华泰多因子系列1：多因子模型体系初探.pdf
	  新目录           0	D:\Stock\trading_analysis\10_来源库_SOURCE_LIBRARY\01_Kimi拆书待入库\S_BUCKET__staging\03_券商研报\representatives_v50\
	  新目录           0	D:\Stock\trading_analysis\10_来源库_SOURCE_LIBRARY\01_Kimi拆书待入库\S_BUCKET__staging\03_券商研报\representatives_v50\03_券商研报\
	  新目录           8	D:\Stock\trading_analysis\10_来源库_SOURCE_LIBRARY\01_Kimi拆书待入库\S_BUCKET__staging\03_券商研报\representatives_v50\03_券商研报\04_多因子\
	    新文件    		  12.4 m	渤海多因子模型研究系列11：多因子模型的行业分类方法.pdf
	    新文件    		   9.1 m	渤海多因子模型研究系列14：技术因子的再挖掘Alpha 101.pdf
	    新文件    		  36.8 m	石川_ 刘洋溢_ 连祥斌 - 因子投资：方法与实践-电子工业出版社 (2020).pdf
	    新文件    		   2.1 m	逐鹿Alpha专题报告12：AlphaZero，基于AutoML_Zero的.pdf
	    新文件    		  536450	逐鹿Alpha专题报告13：基于openFE的.pdf
	    新文件    		  742533	逐鹿Alpha专题报告14：基本面因子与量价因子融合模型.pdf
	    新文件    		   1.7 m	逐鹿Alpha专题报告15：基于领域知识生成的基本面因子挖掘框架.pdf
	    新文件    		  26.2 m	逐鹿Alpha专题报告17：基于TiDE及其改进的因子融合模型.pdf
	  新目录           0	D:\Stock\trading_analysis\10_来源库_SOURCE_LIBRARY\01_Kimi拆书待入库\S_BUCKET__staging\03_券商研报\representatives_v51\
	  新目录           0	D:\Stock\trading_analysis\10_来源库_SOURCE_LIBRARY\01_Kimi拆书待入库\S_BUCKET__staging\03_券商研报\representatives_v51\03_券商研报\
	  新目录           8	D:\Stock\trading_analysis\10_来源库_SOURCE_LIBRARY\01_Kimi拆书待入库\S_BUCKET__staging\03_券商研报\representatives_v51\03_券商研报\04_多因子\
	    新文件    		  76.0 m	逐鹿Alpha专题报告18：Model Zoo.pdf
	    新文件    		  994665	逐鹿Alpha专题报告1：一致预期因子深度挖掘.pdf
	    新文件    		   1.2 m	逐鹿Alpha专题报告2：q-factor在A股实证及改进.pdf
	    新文件    		   1.1 m	逐鹿Alpha专题报告3：聪明的资金流向数据.pdf
	    新文件    		   1.7 m	逐鹿Alpha专题报告4：基于南向资金的选股择时策略.pdf
	    新文件    		 1046360	逐鹿Alpha专题报告5：杠杆因子和盈利收益因子的风格轮动.pdf
	    新文件    		   1.1 m	逐鹿Alpha专题报告6：基于北向机构持仓的选股分析.pdf
	    新文件    		  880912	逐鹿Alpha专题报告7：基于超预期的事件驱动策略.pdf
	  新目录           0	D:\Stock\trading_analysis\10_来源库_SOURCE_LIBRARY\01_Kimi拆书待入库\S_BUCKET__staging\03_券商研报\representatives_v52\
	  新目录           0	D:\Stock\trading_analysis\10_来源库_SOURCE_LIBRARY\01_Kimi拆书待入库\S_BUCKET__staging\03_券商研报\representatives_v52\03_券商研报\
	  新目录           2	D:\Stock\trading_analysis\10_来源库_SOURCE_LIBRARY\01_Kimi拆书待入库\S_BUCKET__staging\03_券商研报\representatives_v52\03_券商研报\04_多因子\
	    新文件    		   8.4 m	逐鹿Alpha专题报告8：北向机构持仓深入挖掘.pdf
	    新文件    		   1.8 m	逐鹿Alpha专题报告巡礼：不同类型策略过去表现.pdf
	  新目录           0	D:\Stock\trading_analysis\10_来源库_SOURCE_LIBRARY\01_Kimi拆书待入库\S_BUCKET__staging\03_券商研报\representatives_v6\
	  新目录           0	D:\Stock\trading_analysis\10_来源库_SOURCE_LIBRARY\01_Kimi拆书待入库\S_BUCKET__staging\03_券商研报\representatives_v6\03_券商研报\
	  新目录           2	D:\Stock\trading_analysis\10_来源库_SOURCE_LIBRARY\01_Kimi拆书待入库\S_BUCKET__staging\03_券商研报\representatives_v6\03_券商研报\01_高频微观\
	    新文件    		   1.4 m	20170505-海通证券-选股因子系列研究（十九）：高频因子之股票收益分布特征.pdf
	    新文件    		  806423	20200623-海通证券-选股因子系列研究（六十七）：短周期高频因子与组合调仓收益增强.pdf
	  新目录           2	D:\Stock\trading_analysis\10_来源库_SOURCE_LIBRARY\01_Kimi拆书待入库\S_BUCKET__staging\03_券商研报\representatives_v6\03_券商研报\02_指数增强\
	    新文件    		 1013873	海通选股因子系列研究68：基金重仓超配因子及其对指数增强组合的影响.pdf
	    新文件    		   6.4 m	渤海多因子模型研究系列12：沪深300指数增强组合业绩归因分析.pdf
	  新目录           2	D:\Stock\trading_analysis\10_来源库_SOURCE_LIBRARY\01_Kimi拆书待入库\S_BUCKET__staging\03_券商研报\representatives_v6\03_券商研报\03_机器学习\
	    新文件    		  404349	20180826-安信证券-机器学习与CTA：本周行情有利于中高频策略.pdf
	    新文件    		  24.8 m	Hands-On Machine Learning for Algorithmic Trading.pdf
	  新目录           2	D:\Stock\trading_analysis\10_来源库_SOURCE_LIBRARY\01_Kimi拆书待入库\S_BUCKET__staging\03_券商研报\representatives_v6\03_券商研报\04_多因子\
	    新文件    		   4.5 m	中信因子深度研究系列13：分析师预期调整事件增强选股策略全攻略.pdf
	    新文件    		   2.0 m	华泰多因子系列12：结构化多因子风险模型.pdf
	  新目录           0	D:\Stock\trading_analysis\10_来源库_SOURCE_LIBRARY\01_Kimi拆书待入库\S_BUCKET__staging\03_券商研报\representatives_v7\
	  新目录           0	D:\Stock\trading_analysis\10_来源库_SOURCE_LIBRARY\01_Kimi拆书待入库\S_BUCKET__staging\03_券商研报\representatives_v7\03_券商研报\
	  新目录           2	D:\Stock\trading_analysis\10_来源库_SOURCE_LIBRARY\01_Kimi拆书待入库\S_BUCKET__staging\03_券商研报\representatives_v7\03_券商研报\01_高频微观\
	    新文件    		   1.9 m	20181101-海通证券-金融工程专题报告：高频量价因子在股票与期货中的表现.pdf
	    新文件    		   2.1 m	20200610-华安证券-高频视角下成交额蕴藏的Alpha：市场微观结构剖析之七.pdf
	  新目录           2	D:\Stock\trading_analysis\10_来源库_SOURCE_LIBRARY\01_Kimi拆书待入库\S_BUCKET__staging\03_券商研报\representatives_v7\03_券商研报\02_指数增强\
	    新文件    		   1.2 m	海通选股因子系列研究63：剔除高频多因子空头组合后的沪深300指数增强策略.pdf
	    新文件    		   5.2 m	逐鹿Alpha专题报告10：光伏行业因子投资框架，如何构建光伏行业指数增强策略.pdf
	  新目录           2	D:\Stock\trading_analysis\10_来源库_SOURCE_LIBRARY\01_Kimi拆书待入库\S_BUCKET__staging\03_券商研报\representatives_v7\03_券商研报\03_机器学习\
	    新文件    		   4.6 m	Financial Machine Learning.pdf
	    新文件    		  12.7 m	Marcos López de Prado - Advances in Financial Machine Learning-John Wiley & Sons, Inc. (2018).pdf
	  新目录           2	D:\Stock\trading_analysis\10_来源库_SOURCE_LIBRARY\01_Kimi拆书待入库\S_BUCKET__staging\03_券商研报\representatives_v7\03_券商研报\04_多因子\
	    新文件    		   3.7 m	中信因子深度研究系列14：券商金股组合深度解析及分析师因子再增强.pdf
	    新文件    		   5.5 m	华泰多因子系列9：单因子测试之一致预期因子.pdf
	  新目录           0	D:\Stock\trading_analysis\10_来源库_SOURCE_LIBRARY\01_Kimi拆书待入库\S_BUCKET__staging\03_券商研报\representatives_v8\
	  新目录           0	D:\Stock\trading_analysis\10_来源库_SOURCE_LIBRARY\01_Kimi拆书待入库\S_BUCKET__staging\03_券商研报\representatives_v8\03_券商研报\
	  新目录           2	D:\Stock\trading_analysis\10_来源库_SOURCE_LIBRARY\01_Kimi拆书待入库\S_BUCKET__staging\03_券商研报\representatives_v8\03_券商研报\01_高频微观\
	    新文件    		   2.6 m	20190601-长江证券-基础因子研究（七）：高频因子（二），结构化反转因子.pdf
	    新文件    		   1.1 m	20200618-东吴证券-“高频价量相关性拥抱CTA”系列研究（一）：CPV因子期货版.pdf
	  新目录           2	D:\Stock\trading_analysis\10_来源库_SOURCE_LIBRARY\01_Kimi拆书待入库\S_BUCKET__staging\03_券商研报\representatives_v8\03_券商研报\02_指数增强\
	    新文件    		   1.1 m	广发多因子系列4：沪深300成份股的应用分析上.pdf
	    新文件    		  312861	广发多因子系列5：沪深300成份股的应用分析下.pdf
	  新目录           2	D:\Stock\trading_analysis\10_来源库_SOURCE_LIBRARY\01_Kimi拆书待入库\S_BUCKET__staging\03_券商研报\representatives_v8\03_券商研报\03_机器学习\
	    新文件    		   1.6 m	华泰人工智能系列10：宏观周期指标应用于随机森林选股.pdf
	    新文件    		   2.4 m	华泰人工智能系列11：人工智能选股stacking集成学习.pdf
	  新目录           2	D:\Stock\trading_analysis\10_来源库_SOURCE_LIBRARY\01_Kimi拆书待入库\S_BUCKET__staging\03_券商研报\representatives_v8\03_券商研报\04_多因子\
	    新文件    		   1.7 m	中信因子深度研究系列7：分析师预期修正动量效应选股策略.pdf
	    新文件    		   2.6 m	国盛多因子系列1：多因子选股体系的思考.pdf
	  新目录           0	D:\Stock\trading_analysis\10_来源库_SOURCE_LIBRARY\01_Kimi拆书待入库\S_BUCKET__staging\03_券商研报\representatives_v9\
	  新目录           0	D:\Stock\trading_analysis\10_来源库_SOURCE_LIBRARY\01_Kimi拆书待入库\S_BUCKET__staging\03_券商研报\representatives_v9\03_券商研报\
	  新目录           2	D:\Stock\trading_analysis\10_来源库_SOURCE_LIBRARY\01_Kimi拆书待入库\S_BUCKET__staging\03_券商研报\representatives_v9\03_券商研报\01_高频微观\
	    新文件    		   1.7 m	20200223-海通证券-选股因子系列研究（五十九）：基于逐笔成交数据的高频因子梳理.pdf
	    新文件    		   1.5 m	20200730-海通证券-选股因子系列研究（六十九）：高频因子的现实与幻想.pdf
	  新目录           3	D:\Stock\trading_analysis\10_来源库_SOURCE_LIBRARY\01_Kimi拆书待入库\S_BUCKET__staging\03_券商研报\representatives_v9\03_券商研报\03_机器学习\
	    新文件    		  23.7 m	Artificial Intelligence in Finance_ A Python-Based Guide.pdf
	    新文件    		  17.3 m	Machine Learning for Algorithmic Trading.pdf
	    新文件    		   8.5 m	Machine Learning for Finance.pdf
	  新目录           3	D:\Stock\trading_analysis\10_来源库_SOURCE_LIBRARY\01_Kimi拆书待入库\S_BUCKET__staging\03_券商研报\representatives_v9\03_券商研报\04_多因子\
	    新文件    		  255211	101 Formulaic Alphas - arXiv.org.pdf
	    新文件    		  10.4 m	Finding Alphas.pdf
	    新文件    		   1.2 m	华泰多因子系列10：因子合成方法实证分析.pdf
	  新目录          81	D:\Stock\trading_analysis\10_来源库_SOURCE_LIBRARY\02_原子化拆解文件\
	    新文件    		    2101	A股竞价规则_R01_9点15到9点20可撤单与假单诱导_v1.md
	    新文件    		    2088	A股竞价规则_R02_9点20到9点25不可撤单与挂单更真实_v1.md
	    新文件    		    2590	A股竞价规则_R03_白点未匹配量与红绿柱观察卡_v1.md
	    新文件    		    1952	A股竞价规则_R04_9点25真实成交与9点25前飙升片段卡_v1.md
	    新文件    		    1778	A股竞价规则_R21_9点20前涨停封单可撤单片段卡_v1.md
	    新文件    		    1891	A股竞价规则_R22_9点20前后可信度分界_v1.md
	    新文件    		    1879	A股竞价规则_R23_白点多与量能活跃不等于直接涨停片段卡_v1.md
	    新文件    		    2024	A股竞价规则_R25_撮合量放大与抛压变化片段卡_v1.md
	    新文件    		    2016	kd_mtf_p0_contract_notes_v1.md
	    新文件    		     126	kd_mtf_p0_field_header_v1.txt
	    新文件    		     353	kd_mtf_p0_field_sample_v1.csv
	    新文件    		    1847	交易策略_波段操作_止损止盈量化规则.md
	    新文件    		    1825	交易策略_波段操作_选股与择时量化规则.md
	    新文件    		    1716	交易策略_波段超短_策略切换量化规则.md
	    新文件    		    2319	交易策略_超短操作_打板与接力量化规则.md
	    新文件    		    2466	交易系统_五步骤闭环量化规则.md
	    新文件    		    2024	交易系统_复盘优化_量化复盘规则.md
	    新文件    		    2310	交易系统_心理管理_情绪控制量化规则.md
	    新文件    		    1768	交易系统_资金管理_仓位配置量化规则.md
	    新文件    		    1938	交易系统_风控体系_回撤控制量化规则.md
	    新文件    		  126702	原子规则表.md
	    新文件    		    1975	技术指标_时空波浪_二维时空共振交易规则.md
	    新文件    		    1913	技术指标_时空波浪_二维时空时间周期规则.md
	    新文件    		    2287	技术指标_时空波浪_推动浪与调整浪量化特征.md
	    新文件    		    2089	技术指标_时空波浪_波浪延伸与失败量化判定.md
	    新文件    		    2074	技术指标_时空波浪_波浪计数量化规则.md
	    新文件    		    5435	技术指标_波动率_RSJ市场情绪冷暖剂_后续对象定义入口_v1.md
	    新文件    		    2561	技术指标_补充技术_价格形态量化识别规则.md
	    新文件    		    1964	技术指标_补充技术_成交量形态量化识别规则.md
	    新文件    		    5665	技术指标_量价关系_高频价量相关性因子_后续对象定义入口_v1.md
	    新文件    		    2434	技术指标_随机指标_KDJ与MACD共振量化规则.md
	    新文件    		    2319	技术指标_随机指标_KD基础用法量化规则.md
	    新文件    		    2245	技术指标_随机指标_KD背离量化判定规则.md
	    新文件    		    2320	技术指标_随机指标_KD钝化识别与应对规则.md
	    新文件    		    7584	技术指标_随机指标_多周期KD共振_P0_最小实施草案_v1.md
	    新文件    		    6563	技术指标_随机指标_多周期KD共振_后续对象定义入口_v1.md
	    新文件    		    6996	技术指标_随机指标_多周期KD共振_真实字段输出路径草案_v1.md
	    新文件    		    2099	技术指标_随机指标_多周期KD共振与过滤规则.md
	    新文件    		    1982	核心技术_ALBrooks_EMA均线量化用法规则.md
	    新文件    		    2212	核心技术_ALBrooks_交易区间量化判定与策略.md
	    新文件    		    1760	核心技术_ALBrooks_信号棒质量量化评分.md
	    新文件    		    3561	核心技术_ALBrooks_入场形态20个量化判定.md
	    新文件    		    1958	核心技术_ALBrooks_区间陷阱与假突破识别规则.md
	    新文件    		    2391	核心技术_ALBrooks_反转量化识别与入场规则.md
	    新文件    		    1870	核心技术_ALBrooks_总在场内状态判定规则.md
	    新文件    		    2276	核心技术_ALBrooks_止损位量化设置规则.md
	    新文件    		    2128	核心技术_ALBrooks_目标位测量与盈亏比规则.md
	    新文件    		    1906	核心技术_ALBrooks_趋势回调量化规则.md
	    新文件    		    1609	核心技术_ALBrooks_趋势强度量化评分.md
	    新文件    		    2107	核心技术_ALBrooks_趋势棒与十字星量化定义.md
	    新文件    		    2466	核心技术_威科夫_价格周期四阶段量化规则.md
	    新文件    		    2294	核心技术_威科夫_供需关系量价分析规则.md
	    新文件    		    2280	核心技术_威科夫_努力与结果法则量化规则.md
	    新文件    		    2213	核心技术_威科夫_复合人操作量化分析.md
	    新文件    		    3972	核心技术_威科夫_弹簧Spring与上抛UT量化判定.md
	    新文件    		    2143	核心技术_威科夫_突破回测确认量化规则.md
	    新文件    		    2371	核心技术_斐波那契_回调位量化交易规则.md
	    新文件    		    1749	核心技术_斐波那契_多周期共振交易规则.md
	    新文件    		    1543	核心技术_斐波那契_弧线支撑阻力分析规则.md
	    新文件    		    1816	核心技术_斐波那契_扇形线趋势分析规则.md
	    新文件    		    1830	核心技术_斐波那契_扩展位目标位测量规则.md
	    新文件    		    1993	核心技术_斐波那契_时间周期量化规则.md
	    新文件    		    1747	核心技术_谐波交易_ABCD形态量化规则.md
	    新文件    		    2232	核心技术_谐波交易_三重推动TripleDrive量化规则.md
	    新文件    		    2211	核心技术_谐波交易_入场过滤与止损止盈通用规则.md
	    新文件    		    2013	核心技术_谐波交易_加特利Gartley形态量化规则.md
	    新文件    		    2004	核心技术_谐波交易_蝙蝠Bat形态量化规则.md
	    新文件    		    2376	核心技术_谐波交易_蝴蝶Butterfly形态量化规则.md
	    新文件    		    1962	核心技术_谐波交易_螃蟹Crab形态量化规则.md
	    新文件    		    2110	特色优化_仓位动态优化量化规则.md
	    新文件    		    2114	特色优化_多维度信号融合量化规则.md
	    新文件    		    1859	特色优化_趋势启动点量化识别规则.md
	    新文件    		    1811	特色优化_趋势衰竭点量化识别规则.md
	    新文件    		    1845	特色优化_震荡区间优化量化策略.md
	    新文件    		    2304	趋势系统交易_四轴状态模板_后续对象定义入口_v1.md
	    新文件    		    2128	题材标选_中军买点与仓位管理规则.md
	    新文件    		    1977	题材标选_中军卖点与撤退纪律规则.md
	    新文件    		    2013	题材标选_中军定义与核心识别标准.md
	    新文件    		    2761	题材标选_中军筛选五维量化模型.md
	    新文件    		    2283	题材标选_中军龙头补涨协同交易策略.md
	    新文件    		    5169	风险管理_VanTharp_R乘数_期望与头寸规模_后续对象定义入口_v1.md
	  新目录          11	D:\Stock\trading_analysis\10_来源库_SOURCE_LIBRARY\02_原子化拆解文件\00_本地证据锚点__集合竞价教程\
	    新文件    		    7817	06.张馨元《集合竞价实战培训》共3集__01.集合竞价规则及异动.mp4_导出.md
	    新文件    		   21627	08.范博《主力行为集合竞价》共3集__02.集合竞价（二）.flv_导出.md
	    新文件    		   10414	09.戴强《屠龙战法破解集合竞价》共6集__02.主力是如何通过集合竞价来骗散户的？.mp4_导出.md
	    新文件    		   12502	09.戴强《屠龙战法破解集合竞价》共6集__06.三大涨停模型中集合竞价的实战.mp4_导出.md
	    新文件    		   39689	10.首板《涨停板集合竞价》共3集__01.集合竞价买入：如何看竞价.mp4_导出.md
	    新文件    		   64460	11.百家争鸣《集合竞价视频》共10集__姜灵海《主控思维集合竞价选股实战》.mp4_导出.md
	    新文件    		   41178	11.百家争鸣《集合竞价视频》共10集__田渊公《集合竞价选股方法及实战应用》.mp4_导出.md
	    新文件    		  110727	11.百家争鸣《集合竞价视频》共10集__白泽哥《集合竞价分析》.mkv_导出.md
	    新文件    		   12245	11.百家争鸣《集合竞价视频》共10集__龙头泰山《手把手教你集合竞价抓涨停》.avi_导出.md
	    新文件    		    3420	manifest_v1.tsv
	    新文件    		     411	README.md
	  新目录           0	D:\Stock\trading_analysis\11_冻结总结层_FROZEN_SUMMARIES\
	  新目录           4	D:\Stock\trading_analysis\11_冻结总结层_FROZEN_SUMMARIES\00_active_doc_cleanup_archive_20260621\
	    新文件    		  161302	01_fact_log_before_cleanup_20260621.md
	    新文件    		   66227	03_current_plan_before_cleanup_20260621.md
	    新文件    		  262486	daily_active_before_cleanup_20260621.md
	    新文件    		    3308	mainline_index_before_refresh_20260621.md
	  新目录          12	D:\Stock\trading_analysis\11_冻结总结层_FROZEN_SUMMARIES\01_初整理文档备份_禁止修改\
	    新文件    		   18889	体系GAS_核心母版.md
	    新文件    		   23540	体系大隐_时空波浪.md
	    新文件    		   22849	体系大隐_波段超短.md
	    新文件    		   19616	体系大隐_闭环体系.md
	    新文件    		   18357	体系大隐_随机指标.md
	    新文件    		   30687	体系补充_特色优化.md
	    新文件    		   50158	参考书_ALBrooks价格行为.md
	    新文件    		   32053	参考书_威科夫操盘法.md
	    新文件    		   37205	参考书_斐波那契体系.md
	    新文件    		   32783	参考书_谐波交易者.md
	    新文件    		   32168	参考书_题材股中军.md
	    新文件    		   20381	量化分析体系V1.1_核心母版.md
	  新目录           2	D:\Stock\trading_analysis\11_冻结总结层_FROZEN_SUMMARIES\02_阶段成果索引_STAGE_DELIVERABLES\
	    新文件    		    6750	00_阶段成果总索引.md
	    新文件    		    2732	01_根目录入口与归类_20260621.md
	  新目录           2	D:\Stock\trading_analysis\11_冻结总结层_FROZEN_SUMMARIES\03_迭代后核心母版V1.2\
	    新文件    		   10800	#量化分析体系V1.2.md
	    新文件    		    8669	体系GAS_可量化逻辑拆解归档V1.2.md
	  新目录           5	D:\Stock\trading_analysis\11_冻结总结层_FROZEN_SUMMARIES\03_迭代后核心母版V1.2\01_核心技术体系模块\
	    新文件    		   18520	[模块]ALBrooks_入场信号与交易执行.md
	    新文件    		   11209	[模块]ALBrooks_趋势判定与基础定义.md
	    新文件    		   14004	[模块]威科夫_四阶段量价突破体系.md
	    新文件    		   11596	[模块]斐波那契_回调扩展时间共振体系.md
	    新文件    		   14832	[模块]谐波交易_六大形态风控体系.md
	  新目录           1	D:\Stock\trading_analysis\11_冻结总结层_FROZEN_SUMMARIES\03_迭代后核心母版V1.2\02_题材与标的选择模块\
	    新文件    		   11427	[模块]题材中军_筛选建仓协同撤退全体系.md
	  新目录           1	D:\Stock\trading_analysis\11_冻结总结层_FROZEN_SUMMARIES\03_迭代后核心母版V1.2\03_交易策略执行模块\
	    新文件    		   18032	[模块]交易策略与优化_波段超短特色优化综合体系.md
	  新目录           2	D:\Stock\trading_analysis\11_冻结总结层_FROZEN_SUMMARIES\03_迭代后核心母版V1.2\04_技术指标用法模块\
	    新文件    		   16448	[模块]技术指标_KD随机指标与补充技术综合分析体系.md
	    新文件    		   10603	[模块]时空波浪_计数推动共振分析体系.md
	  新目录           1	D:\Stock\trading_analysis\11_冻结总结层_FROZEN_SUMMARIES\03_迭代后核心母版V1.2\05_交易系统闭环模块\
	    新文件    		   10771	[模块]交易系统_五步骤资金风控复盘心理全体系.md
	  新目录           4	D:\Stock\trading_analysis\11_冻结总结层_FROZEN_SUMMARIES\99_活跃主文档损坏前备份_20260611_planb_pre_rebuild\
	    新文件    		  168300	01_阶段一_项目记录_过去与落地.md
	    新文件    		  213357	02_阶段二_工作方向_想法库.md
	    新文件    		   71007	03_阶段二_当下计划_执行清单.md
	    新文件    		  368524	关于日活.md
	  新目录          10	D:\Stock\trading_analysis\11_冻结总结层_FROZEN_SUMMARIES\99_活跃主文档损坏前备份_20260611_planb_pre_rebuild\00_batch1_recovered_utf8\
	    新文件    		  120913	01_阶段一_项目记录_过去与落地_best_effort_gb18030.md
	    新文件    		  145607	01_阶段一_项目记录_过去与落地_current_truth_anchor.md
	    新文件    		  159712	02_阶段二_工作方向_想法库_best_effort_gb18030.md
	    新文件    		  111971	02_阶段二_工作方向_想法库_current_truth_anchor.md
	    新文件    		   55587	03_阶段二_当下计划_执行清单_best_effort_gb18030.md
	    新文件    		   65945	03_阶段二_当下计划_执行清单_current_truth_anchor.md
	    新文件    		     731	COMPARE_NOTES_round1.md
	    新文件    		     326	README_batch1.md
	    新文件    		  312734	关于日活_best_effort_gb18030.md
	    新文件    		  260862	关于日活_current_truth_anchor.md
	  新目录         340	D:\Stock\trading_analysis\12_工具运行时_TOOLING_RUNTIME\
	    新文件    		   24860	a2_111213_deepcheck.txt
	    新文件    		   78151	a2_ch8_context_dump.txt
	    新文件    		   48071	a2_part2_ocr_spotcheck_evidence.txt
	    新文件    		    1852	cross_line_frozen_acceptance_chain_index_v1.md
	    新文件    		    3937	cross_line_frozen_acceptance_chain_index_v1.py
	    新文件    		    1553	cross_line_frozen_acceptance_compare_v1.md
	    新文件    		    5538	cross_line_frozen_acceptance_compare_v1.py
	    新文件    		    1961	cross_line_frozen_acceptance_super_index_v1.md
	    新文件    		    5223	cross_line_frozen_acceptance_super_index_v1.py
	    新文件    		    1875	cross_line_frozen_acceptance_super_super_index_v1.md
	    新文件    		    1890	cross_line_frozen_acceptance_super_super_index_v1.py
	    新文件    		    1811	cross_line_frozen_acceptance_super_super_super_index_v1.md
	    新文件    		    1926	cross_line_frozen_acceptance_super_super_super_index_v1.py
	    新文件    		    1877	cross_line_frozen_acceptance_super_super_super_super_index_v1.md
	    新文件    		    1962	cross_line_frozen_acceptance_super_super_super_super_index_v1.py
	    新文件    		    1943	cross_line_frozen_acceptance_super_super_super_super_super_index_v1.md
	    新文件    		    1998	cross_line_frozen_acceptance_super_super_super_super_super_index_v1.py
	    新文件    		    2009	cross_line_frozen_acceptance_super_super_super_super_super_super_index_v1.md
	    新文件    		    2034	cross_line_frozen_acceptance_super_super_super_super_super_super_index_v1.py
	    新文件    		    2075	cross_line_frozen_acceptance_super_super_super_super_super_super_super_index_v1.md
	    新文件    		    2099	cross_line_frozen_acceptance_super_super_super_super_super_super_super_index_v1.py
	    新文件    		    2182	cross_line_frozen_acceptance_super_super_super_super_super_super_super_super_index_v1.md
	    新文件    		    2129	cross_line_frozen_acceptance_super_super_super_super_super_super_super_super_index_v1.py
	    新文件    		    2248	cross_line_frozen_acceptance_super_super_super_super_super_super_super_super_super_index_v1.md
	    新文件    		    2159	cross_line_frozen_acceptance_super_super_super_super_super_super_super_super_super_index_v1.py
	    新文件    		    2314	cross_line_frozen_acceptance_super_super_super_super_super_super_super_super_super_super_index_v1.md
	    新文件    		    2189	cross_line_frozen_acceptance_super_super_super_super_super_super_super_super_super_super_index_v1.py
	    新文件    		    2380	cross_line_frozen_acceptance_super_super_super_super_super_super_super_super_super_super_super_index_v1.md
	    新文件    		    2219	cross_line_frozen_acceptance_super_super_super_super_super_super_super_super_super_super_super_index_v1.py
	    新文件    		    2446	cross_line_frozen_acceptance_super_super_super_super_super_super_super_super_super_super_super_super_index_v1.md
	    新文件    		    2249	cross_line_frozen_acceptance_super_super_super_super_super_super_super_super_super_super_super_super_index_v1.py
	    新文件    		    2512	cross_line_frozen_acceptance_super_super_super_super_super_super_super_super_super_super_super_super_super_index_v1.md
	    新文件    		    2279	cross_line_frozen_acceptance_super_super_super_super_super_super_super_super_super_super_super_super_super_index_v1.py
	    新文件    		    2578	cross_line_frozen_acceptance_super_super_super_super_super_super_super_super_super_super_super_super_super_super_index_v1.md
	    新文件    		    2309	cross_line_frozen_acceptance_super_super_super_super_super_super_super_super_super_super_super_super_super_super_index_v1.py
	    新文件    		    2644	cross_line_frozen_acceptance_super_super_super_super_super_super_super_super_super_super_super_super_super_super_super_index_v1.md
	    新文件    		    2339	cross_line_frozen_acceptance_super_super_super_super_super_super_super_super_super_super_super_super_super_super_super_index_v1.py
	    新文件    		    2710	cross_line_frozen_acceptance_super_super_super_super_super_super_super_super_super_super_super_super_super_super_super_super_index_v1.md
	    新文件    		    2369	cross_line_frozen_acceptance_super_super_super_super_super_super_super_super_super_super_super_super_super_super_super_super_index_v1.py
	    新文件    		    2776	cross_line_frozen_acceptance_super_super_super_super_super_super_super_super_super_super_super_super_super_super_super_super_super_index_v1.md
	    新文件    		    2399	cross_line_frozen_acceptance_super_super_super_super_super_super_super_super_super_super_super_super_super_super_super_super_super_index_v1.py
	    新文件    		    2842	cross_line_frozen_acceptance_super_super_super_super_super_super_super_super_super_super_super_super_super_super_super_super_super_super_index_v1.md
	    新文件    		    2429	cross_line_frozen_acceptance_super_super_super_super_super_super_super_super_super_super_super_super_super_super_super_super_super_super_index_v1.py
	    新文件    		    2908	cross_line_frozen_acceptance_super_super_super_super_super_super_super_super_super_super_super_super_super_super_super_super_super_super_super_index_v1.md
	    新文件    		    2459	cross_line_frozen_acceptance_super_super_super_super_super_super_super_super_super_super_super_super_super_super_super_super_super_super_super_index_v1.py
	    新文件    		    2848	cross_line_frozen_acceptance_super_super_super_super_super_super_super_super_super_super_super_super_super_super_super_super_super_super_super_super_index_v1.md
	    新文件    		    2489	cross_line_frozen_acceptance_super_super_super_super_super_super_super_super_super_super_super_super_super_super_super_super_super_super_super_super_index_v1.py
	    新文件    		    2908	cross_line_frozen_acceptance_super_super_super_super_super_super_super_super_super_super_super_super_super_super_super_super_super_super_super_super_super_index_v1.md
	    新文件    		    2519	cross_line_frozen_acceptance_super_super_super_super_super_super_super_super_super_super_super_super_super_super_super_super_super_super_super_super_super_index_v1.py
	    新文件    		    2968	cross_line_frozen_acceptance_super_super_super_super_super_super_super_super_super_super_super_super_super_super_super_super_super_super_super_super_super_super_index_v1.md
	    新文件    		    2549	cross_line_frozen_acceptance_super_super_super_super_super_super_super_super_super_super_super_super_super_super_super_super_super_super_super_super_super_super_index_v1.py
	    新文件    		    3028	cross_line_frozen_acceptance_super_super_super_super_super_super_super_super_super_super_super_super_super_super_super_super_super_super_super_super_super_super_super_index_v1.md
	    新文件    		    2579	cross_line_frozen_acceptance_super_super_super_super_super_super_super_super_super_super_super_super_super_super_super_super_super_super_super_super_super_super_super_index_v1.py
	    新文件    		    3088	cross_line_frozen_acceptance_super_super_super_super_super_super_super_super_super_super_super_super_super_super_super_super_super_super_super_super_super_super_super_super_index_v1.md
	    新文件    		    2609	cross_line_frozen_acceptance_super_super_super_super_super_super_super_super_super_super_super_super_super_super_super_super_super_super_super_super_super_super_super_super_index_v1.py
	    新文件    		    3148	cross_line_frozen_acceptance_super_super_super_super_super_super_super_super_super_super_super_super_super_super_super_super_super_super_super_super_super_super_super_super_super_index_v1.md
	    新文件    		    2639	cross_line_frozen_acceptance_super_super_super_super_super_super_super_super_super_super_super_super_super_super_super_super_super_super_super_super_super_super_super_super_super_index_v1.py
	    新文件    		    3345	cross_line_frozen_acceptance_super_super_super_super_super_super_super_super_super_super_super_super_super_super_super_super_super_super_super_super_super_super_super_super_super_super_index_v1.md
	    新文件    		    2669	cross_line_frozen_acceptance_super_super_super_super_super_super_super_super_super_super_super_super_super_super_super_super_super_super_super_super_super_super_super_super_super_super_index_v1.py
	    新文件    		    3403	cross_line_frozen_acceptance_super_super_super_super_super_super_super_super_super_super_super_super_super_super_super_super_super_super_super_super_super_super_super_super_super_super_super_index_v1.md
	    新文件    		    2699	cross_line_frozen_acceptance_super_super_super_super_super_super_super_super_super_super_super_super_super_super_super_super_super_super_super_super_super_super_super_super_super_super_super_index_v1.py
	    新文件    		    1563	cross_line_frozen_chain_acceptance_compare_v1.md
	    新文件    		    4946	cross_line_frozen_chain_acceptance_compare_v1.py
	    新文件    		    1753	cross_line_frozen_chain_manifest_acceptance_v1.md
	    新文件    		    6480	cross_line_frozen_chain_manifest_acceptance_v1.py
	    新文件    		    4127	cross_line_frozen_current_manifest_v1.md
	    新文件    		    1807	cross_line_frozen_manifest_acceptance_v1.md
	    新文件    		    4915	cross_line_frozen_manifest_acceptance_v1.py
	    新文件    		    1644	cross_line_frozen_manifest_index_v1.md
	    新文件    		    5313	cross_line_frozen_manifest_index_v1.py
	    新文件    		    1726	cross_line_frozen_super_acceptance_compare_v1.md
	    新文件    		    4592	cross_line_frozen_super_acceptance_compare_v1.py
	    新文件    		    1595	cross_line_frozen_super_chain_acceptance_compare_v1.md
	    新文件    		    4646	cross_line_frozen_super_chain_acceptance_compare_v1.py
	    新文件    		    1806	cross_line_frozen_super_chain_index_v1.md
	    新文件    		    1855	cross_line_frozen_super_chain_index_v1.py
	    新文件    		    1952	cross_line_frozen_super_chain_manifest_acceptance_v1.md
	    新文件    		    6954	cross_line_frozen_super_chain_manifest_acceptance_v1.py
	    新文件    		    1905	cross_line_frozen_super_manifest_acceptance_v1.md
	    新文件    		    5480	cross_line_frozen_super_manifest_acceptance_v1.py
	    新文件    		    1659	cross_line_frozen_super_super_acceptance_compare_v1.md
	    新文件    		    4725	cross_line_frozen_super_super_acceptance_compare_v1.py
	    新文件    		    1655	cross_line_frozen_super_super_chain_acceptance_compare_v1.md
	    新文件    		    4820	cross_line_frozen_super_super_chain_acceptance_compare_v1.py
	    新文件    		    1739	cross_line_frozen_super_super_chain_index_v1.md
	    新文件    		    1891	cross_line_frozen_super_super_chain_index_v1.py
	    新文件    		    1900	cross_line_frozen_super_super_chain_manifest_acceptance_v1.md
	    新文件    		    7326	cross_line_frozen_super_super_chain_manifest_acceptance_v1.py
	    新文件    		    1870	cross_line_frozen_super_super_manifest_acceptance_v1.md
	    新文件    		    7109	cross_line_frozen_super_super_manifest_acceptance_v1.py
	    新文件    		    1695	cross_line_frozen_super_super_super_acceptance_compare_v1.md
	    新文件    		    4869	cross_line_frozen_super_super_super_acceptance_compare_v1.py
	    新文件    		    1709	cross_line_frozen_super_super_super_chain_acceptance_compare_v1.md
	    新文件    		    4964	cross_line_frozen_super_super_super_chain_acceptance_compare_v1.py
	    新文件    		    1805	cross_line_frozen_super_super_super_chain_index_v1.md
	    新文件    		    1927	cross_line_frozen_super_super_super_chain_index_v1.py
	    新文件    		    1990	cross_line_frozen_super_super_super_chain_manifest_acceptance_v1.md
	    新文件    		    7698	cross_line_frozen_super_super_super_chain_manifest_acceptance_v1.py
	    新文件    		    1966	cross_line_frozen_super_super_super_manifest_acceptance_v1.md
	    新文件    		    7481	cross_line_frozen_super_super_super_manifest_acceptance_v1.py
	    新文件    		    1749	cross_line_frozen_super_super_super_super_acceptance_compare_v1.md
	    新文件    		    5013	cross_line_frozen_super_super_super_super_acceptance_compare_v1.py
	    新文件    		    1763	cross_line_frozen_super_super_super_super_chain_acceptance_compare_v1.md
	    新文件    		    5108	cross_line_frozen_super_super_super_super_chain_acceptance_compare_v1.py
	    新文件    		    1871	cross_line_frozen_super_super_super_super_chain_index_v1.md
	    新文件    		    1963	cross_line_frozen_super_super_super_super_chain_index_v1.py
	    新文件    		    2080	cross_line_frozen_super_super_super_super_chain_manifest_acceptance_v1.md
	    新文件    		    8084	cross_line_frozen_super_super_super_super_chain_manifest_acceptance_v1.py
	    新文件    		    2056	cross_line_frozen_super_super_super_super_manifest_acceptance_v1.md
	    新文件    		    7867	cross_line_frozen_super_super_super_super_manifest_acceptance_v1.py
	    新文件    		    1803	cross_line_frozen_super_super_super_super_super_acceptance_compare_v1.md
	    新文件    		    5157	cross_line_frozen_super_super_super_super_super_acceptance_compare_v1.py
	    新文件    		    1817	cross_line_frozen_super_super_super_super_super_chain_acceptance_compare_v1.md
	    新文件    		    5252	cross_line_frozen_super_super_super_super_super_chain_acceptance_compare_v1.py
	    新文件    		    1937	cross_line_frozen_super_super_super_super_super_chain_index_v1.md
	    新文件    		    1999	cross_line_frozen_super_super_super_super_super_chain_index_v1.py
	    新文件    		    2170	cross_line_frozen_super_super_super_super_super_chain_manifest_acceptance_v1.md
	    新文件    		    8500	cross_line_frozen_super_super_super_super_super_chain_manifest_acceptance_v1.py
	    新文件    		    2146	cross_line_frozen_super_super_super_super_super_manifest_acceptance_v1.md
	    新文件    		    8269	cross_line_frozen_super_super_super_super_super_manifest_acceptance_v1.py
	    新文件    		    1857	cross_line_frozen_super_super_super_super_super_super_acceptance_compare_v1.md
	    新文件    		    5301	cross_line_frozen_super_super_super_super_super_super_acceptance_compare_v1.py
	    新文件    		    1871	cross_line_frozen_super_super_super_super_super_super_chain_acceptance_compare_v1.md
	    新文件    		    5396	cross_line_frozen_super_super_super_super_super_super_chain_acceptance_compare_v1.py
	    新文件    		    2003	cross_line_frozen_super_super_super_super_super_super_chain_index_v1.md
	    新文件    		    2035	cross_line_frozen_super_super_super_super_super_super_chain_index_v1.py
	    新文件    		    2260	cross_line_frozen_super_super_super_super_super_super_chain_manifest_acceptance_v1.md
	    新文件    		    8872	cross_line_frozen_super_super_super_super_super_super_chain_manifest_acceptance_v1.py
	    新文件    		    2236	cross_line_frozen_super_super_super_super_super_super_manifest_acceptance_v1.md
	    新文件    		    8641	cross_line_frozen_super_super_super_super_super_super_manifest_acceptance_v1.py
	    新文件    		    1911	cross_line_frozen_super_super_super_super_super_super_super_acceptance_compare_v1.md
	    新文件    		    5482	cross_line_frozen_super_super_super_super_super_super_super_acceptance_compare_v1.py
	    新文件    		    1925	cross_line_frozen_super_super_super_super_super_super_super_chain_acceptance_compare_v1.md
	    新文件    		    5577	cross_line_frozen_super_super_super_super_super_super_super_chain_acceptance_compare_v1.py
	    新文件    		    2069	cross_line_frozen_super_super_super_super_super_super_super_chain_index_v1.md
	    新文件    		    2100	cross_line_frozen_super_super_super_super_super_super_super_chain_index_v1.py
	    新文件    		    2350	cross_line_frozen_super_super_super_super_super_super_super_chain_manifest_acceptance_v1.md
	    新文件    		    9290	cross_line_frozen_super_super_super_super_super_super_super_chain_manifest_acceptance_v1.py
	    新文件    		    2326	cross_line_frozen_super_super_super_super_super_super_super_manifest_acceptance_v1.md
	    新文件    		    9093	cross_line_frozen_super_super_super_super_super_super_super_manifest_acceptance_v1.py
	    新文件    		    2002	cross_line_frozen_super_super_super_super_super_super_super_super_acceptance_compare_v1.md
	    新文件    		    5578	cross_line_frozen_super_super_super_super_super_super_super_super_acceptance_compare_v1.py
	    新文件    		    2070	cross_line_frozen_super_super_super_super_super_super_super_super_chain_acceptance_compare_v1.md
	    新文件    		    5769	cross_line_frozen_super_super_super_super_super_super_super_super_chain_acceptance_compare_v1.py
	    新文件    		    2242	cross_line_frozen_super_super_super_super_super_super_super_super_chain_index_v1.md
	    新文件    		    2130	cross_line_frozen_super_super_super_super_super_super_super_super_chain_index_v1.py
	    新文件    		    2480	cross_line_frozen_super_super_super_super_super_super_super_super_chain_manifest_acceptance_v1.md
	    新文件    		    9878	cross_line_frozen_super_super_super_super_super_super_super_super_chain_manifest_acceptance_v1.py
	    新文件    		    2456	cross_line_frozen_super_super_super_super_super_super_super_super_manifest_acceptance_v1.md
	    新文件    		    9387	cross_line_frozen_super_super_super_super_super_super_super_super_manifest_acceptance_v1.py
	    新文件    		    2056	cross_line_frozen_super_super_super_super_super_super_super_super_super_acceptance_compare_v1.md
	    新文件    		    5674	cross_line_frozen_super_super_super_super_super_super_super_super_super_acceptance_compare_v1.py
	    新文件    		    2075	cross_line_frozen_super_super_super_super_super_super_super_super_super_chain_acceptance_compare_v1.md
	    新文件    		    5769	cross_line_frozen_super_super_super_super_super_super_super_super_super_chain_acceptance_compare_v1.py
	    新文件    		    2247	cross_line_frozen_super_super_super_super_super_super_super_super_super_chain_index_v1.md
	    新文件    		    2160	cross_line_frozen_super_super_super_super_super_super_super_super_super_chain_index_v1.py
	    新文件    		    2576	cross_line_frozen_super_super_super_super_super_super_super_super_super_chain_manifest_acceptance_v1.md
	    新文件    		    9878	cross_line_frozen_super_super_super_super_super_super_super_super_super_chain_manifest_acceptance_v1.py
	    新文件    		    2546	cross_line_frozen_super_super_super_super_super_super_super_super_super_manifest_acceptance_v1.md
	    新文件    		    9681	cross_line_frozen_super_super_super_super_super_super_super_super_super_manifest_acceptance_v1.py
	    新文件    		    2110	cross_line_frozen_super_super_super_super_super_super_super_super_super_super_acceptance_compare_v1.md
	    新文件    		    5770	cross_line_frozen_super_super_super_super_super_super_super_super_super_super_acceptance_compare_v1.py
	    新文件    		    2130	cross_line_frozen_super_super_super_super_super_super_super_super_super_super_chain_acceptance_compare_v1.md
	    新文件    		    5865	cross_line_frozen_super_super_super_super_super_super_super_super_super_super_chain_acceptance_compare_v1.py
	    新文件    		    2314	cross_line_frozen_super_super_super_super_super_super_super_super_super_super_chain_index_v1.md
	    新文件    		    2190	cross_line_frozen_super_super_super_super_super_super_super_super_super_super_chain_index_v1.py
	    新文件    		    2666	cross_line_frozen_super_super_super_super_super_super_super_super_super_super_chain_manifest_acceptance_v1.md
	    新文件    		   10172	cross_line_frozen_super_super_super_super_super_super_super_super_super_super_chain_manifest_acceptance_v1.py
	    新文件    		    2636	cross_line_frozen_super_super_super_super_super_super_super_super_super_super_manifest_acceptance_v1.md
	    新文件    		    9975	cross_line_frozen_super_super_super_super_super_super_super_super_super_super_manifest_acceptance_v1.py
	    新文件    		    2164	cross_line_frozen_super_super_super_super_super_super_super_super_super_super_super_acceptance_compare_v1.md
	    新文件    		    5866	cross_line_frozen_super_super_super_super_super_super_super_super_super_super_super_acceptance_compare_v1.py
	    新文件    		    2184	cross_line_frozen_super_super_super_super_super_super_super_super_super_super_super_chain_acceptance_compare_v1.md
	    新文件    		    5961	cross_line_frozen_super_super_super_super_super_super_super_super_super_super_super_chain_acceptance_compare_v1.py
	    新文件    		    2380	cross_line_frozen_super_super_super_super_super_super_super_super_super_super_super_chain_index_v1.md
	    新文件    		    2220	cross_line_frozen_super_super_super_super_super_super_super_super_super_super_super_chain_index_v1.py
	    新文件    		    2756	cross_line_frozen_super_super_super_super_super_super_super_super_super_super_super_chain_manifest_acceptance_v1.md
	    新文件    		   10466	cross_line_frozen_super_super_super_super_super_super_super_super_super_super_super_chain_manifest_acceptance_v1.py
	    新文件    		    2726	cross_line_frozen_super_super_super_super_super_super_super_super_super_super_super_manifest_acceptance_v1.md
	    新文件    		   10269	cross_line_frozen_super_super_super_super_super_super_super_super_super_super_super_manifest_acceptance_v1.py
	    新文件    		    2218	cross_line_frozen_super_super_super_super_super_super_super_super_super_super_super_super_acceptance_compare_v1.md
	    新文件    		    5962	cross_line_frozen_super_super_super_super_super_super_super_super_super_super_super_super_acceptance_compare_v1.py
	    新文件    		    2238	cross_line_frozen_super_super_super_super_super_super_super_super_super_super_super_super_chain_acceptance_compare_v1.md
	    新文件    		    6057	cross_line_frozen_super_super_super_super_super_super_super_super_super_super_super_super_chain_acceptance_compare_v1.py
	    新文件    		    2446	cross_line_frozen_super_super_super_super_super_super_super_super_super_super_super_super_chain_index_v1.md
	    新文件    		    2250	cross_line_frozen_super_super_super_super_super_super_super_super_super_super_super_super_chain_index_v1.py
	    新文件    		    2846	cross_line_frozen_super_super_super_super_super_super_super_super_super_super_super_super_chain_manifest_acceptance_v1.md
	    新文件    		   10760	cross_line_frozen_super_super_super_super_super_super_super_super_super_super_super_super_chain_manifest_acceptance_v1.py
	    新文件    		    2816	cross_line_frozen_super_super_super_super_super_super_super_super_super_super_super_super_manifest_acceptance_v1.md
	    新文件    		   10563	cross_line_frozen_super_super_super_super_super_super_super_super_super_super_super_super_manifest_acceptance_v1.py
	    新文件    		    2272	cross_line_frozen_super_super_super_super_super_super_super_super_super_super_super_super_super_acceptance_compare_v1.md
	    新文件    		    6058	cross_line_frozen_super_super_super_super_super_super_super_super_super_super_super_super_super_acceptance_compare_v1.py
	    新文件    		    2292	cross_line_frozen_super_super_super_super_super_super_super_super_super_super_super_super_super_chain_acceptance_compare_v1.md
	    新文件    		    6153	cross_line_frozen_super_super_super_super_super_super_super_super_super_super_super_super_super_chain_acceptance_compare_v1.py
	    新文件    		    2512	cross_line_frozen_super_super_super_super_super_super_super_super_super_super_super_super_super_chain_index_v1.md
	    新文件    		    2280	cross_line_frozen_super_super_super_super_super_super_super_super_super_super_super_super_super_chain_index_v1.py
	    新文件    		    2936	cross_line_frozen_super_super_super_super_super_super_super_super_super_super_super_super_super_chain_manifest_acceptance_v1.md
	    新文件    		   11054	cross_line_frozen_super_super_super_super_super_super_super_super_super_super_super_super_super_chain_manifest_acceptance_v1.py
	    新文件    		    2906	cross_line_frozen_super_super_super_super_super_super_super_super_super_super_super_super_super_manifest_acceptance_v1.md
	    新文件    		   10857	cross_line_frozen_super_super_super_super_super_super_super_super_super_super_super_super_super_manifest_acceptance_v1.py
	    新文件    		    2326	cross_line_frozen_super_super_super_super_super_super_super_super_super_super_super_super_super_super_acceptance_compare_v1.md
	    新文件    		    6154	cross_line_frozen_super_super_super_super_super_super_super_super_super_super_super_super_super_super_acceptance_compare_v1.py
	    新文件    		    2346	cross_line_frozen_super_super_super_super_super_super_super_super_super_super_super_super_super_super_chain_acceptance_compare_v1.md
	    新文件    		    6249	cross_line_frozen_super_super_super_super_super_super_super_super_super_super_super_super_super_super_chain_acceptance_compare_v1.py
	    新文件    		    2578	cross_line_frozen_super_super_super_super_super_super_super_super_super_super_super_super_super_super_chain_index_v1.md
	    新文件    		    2310	cross_line_frozen_super_super_super_super_super_super_super_super_super_super_super_super_super_super_chain_index_v1.py
	    新文件    		    3026	cross_line_frozen_super_super_super_super_super_super_super_super_super_super_super_super_super_super_chain_manifest_acceptance_v1.md
	    新文件    		   11348	cross_line_frozen_super_super_super_super_super_super_super_super_super_super_super_super_super_super_chain_manifest_acceptance_v1.py
	    新文件    		    2996	cross_line_frozen_super_super_super_super_super_super_super_super_super_super_super_super_super_super_manifest_acceptance_v1.md
	    新文件    		   11151	cross_line_frozen_super_super_super_super_super_super_super_super_super_super_super_super_super_super_manifest_acceptance_v1.py
	    新文件    		    2380	cross_line_frozen_super_super_super_super_super_super_super_super_super_super_super_super_super_super_super_acceptance_compare_v1.md
	    新文件    		    6250	cross_line_frozen_super_super_super_super_super_super_super_super_super_super_super_super_super_super_super_acceptance_compare_v1.py
	    新文件    		    2400	cross_line_frozen_super_super_super_super_super_super_super_super_super_super_super_super_super_super_super_chain_acceptance_compare_v1.md
	    新文件    		    6345	cross_line_frozen_super_super_super_super_super_super_super_super_super_super_super_super_super_super_super_chain_acceptance_compare_v1.py
	    新文件    		    2644	cross_line_frozen_super_super_super_super_super_super_super_super_super_super_super_super_super_super_super_chain_index_v1.md
	    新文件    		    2340	cross_line_frozen_super_super_super_super_super_super_super_super_super_super_super_super_super_super_super_chain_index_v1.py
	    新文件    		    3116	cross_line_frozen_super_super_super_super_super_super_super_super_super_super_super_super_super_super_super_chain_manifest_acceptance_v1.md
	    新文件    		   11642	cross_line_frozen_super_super_super_super_super_super_super_super_super_super_super_super_super_super_super_chain_manifest_acceptance_v1.py
	    新文件    		    3086	cross_line_frozen_super_super_super_super_super_super_super_super_super_super_super_super_super_super_super_manifest_acceptance_v1.md
	    新文件    		   11445	cross_line_frozen_super_super_super_super_super_super_super_super_super_super_super_super_super_super_super_manifest_acceptance_v1.py
	    新文件    		    2434	cross_line_frozen_super_super_super_super_super_super_super_super_super_super_super_super_super_super_super_super_acceptance_compare_v1.md
	    新文件    		    6346	cross_line_frozen_super_super_super_super_super_super_super_super_super_super_super_super_super_super_super_super_acceptance_compare_v1.py
	    新文件    		    2454	cross_line_frozen_super_super_super_super_super_super_super_super_super_super_super_super_super_super_super_super_chain_acceptance_compare_v1.md
	    新文件    		    6441	cross_line_frozen_super_super_super_super_super_super_super_super_super_super_super_super_super_super_super_super_chain_acceptance_compare_v1.py
	    新文件    		    2710	cross_line_frozen_super_super_super_super_super_super_super_super_super_super_super_super_super_super_super_super_chain_index_v1.md
	    新文件    		    2370	cross_line_frozen_super_super_super_super_super_super_super_super_super_super_super_super_super_super_super_super_chain_index_v1.py
	    新文件    		    3206	cross_line_frozen_super_super_super_super_super_super_super_super_super_super_super_super_super_super_super_super_chain_manifest_acceptance_v1.md
	    新文件    		   11936	cross_line_frozen_super_super_super_super_super_super_super_super_super_super_super_super_super_super_super_super_chain_manifest_acceptance_v1.py
	    新文件    		    3176	cross_line_frozen_super_super_super_super_super_super_super_super_super_super_super_super_super_super_super_super_manifest_acceptance_v1.md
	    新文件    		   11739	cross_line_frozen_super_super_super_super_super_super_super_super_super_super_super_super_super_super_super_super_manifest_acceptance_v1.py
	    新文件    		    2488	cross_line_frozen_super_super_super_super_super_super_super_super_super_super_super_super_super_super_super_super_super_acceptance_compare_v1.md
	    新文件    		    6442	cross_line_frozen_super_super_super_super_super_super_super_super_super_super_super_super_super_super_super_super_super_acceptance_compare_v1.py
	    新文件    		    2508	cross_line_frozen_super_super_super_super_super_super_super_super_super_super_super_super_super_super_super_super_super_chain_acceptance_compare_v1.md
	    新文件    		    6537	cross_line_frozen_super_super_super_super_super_super_super_super_super_super_super_super_super_super_super_super_super_chain_acceptance_compare_v1.py
	    新文件    		    2776	cross_line_frozen_super_super_super_super_super_super_super_super_super_super_super_super_super_super_super_super_super_chain_index_v1.md
	    新文件    		    2400	cross_line_frozen_super_super_super_super_super_super_super_super_super_super_super_super_super_super_super_super_super_chain_index_v1.py
	    新文件    		    3296	cross_line_frozen_super_super_super_super_super_super_super_super_super_super_super_super_super_super_super_super_super_chain_manifest_acceptance_v1.md
	    新文件    		   12230	cross_line_frozen_super_super_super_super_super_super_super_super_super_super_super_super_super_super_super_super_super_chain_manifest_acceptance_v1.py
	    新文件    		    3266	cross_line_frozen_super_super_super_super_super_super_super_super_super_super_super_super_super_super_super_super_super_manifest_acceptance_v1.md
	    新文件    		   12033	cross_line_frozen_super_super_super_super_super_super_super_super_super_super_super_super_super_super_super_super_super_manifest_acceptance_v1.py
	    新文件    		    2596	cross_line_frozen_super_super_super_super_super_super_super_super_super_super_super_super_super_super_super_super_super_super_acceptance_compare_v1.md
	    新文件    		    6538	cross_line_frozen_super_super_super_super_super_super_super_super_super_super_super_super_super_super_super_super_super_super_acceptance_compare_v1.py
	    新文件    		    2616	cross_line_frozen_super_super_super_super_super_super_super_super_super_super_super_super_super_super_super_super_super_super_chain_acceptance_compare_v1.md
	    新文件    		    6729	cross_line_frozen_super_super_super_super_super_super_super_super_super_super_super_super_super_super_super_super_super_super_chain_acceptance_compare_v1.py
	    新文件    		    2908	cross_line_frozen_super_super_super_super_super_super_super_super_super_super_super_super_super_super_super_super_super_super_chain_index_v1.md
	    新文件    		    2460	cross_line_frozen_super_super_super_super_super_super_super_super_super_super_super_super_super_super_super_super_super_super_chain_index_v1.py
	    新文件    		    3516	cross_line_frozen_super_super_super_super_super_super_super_super_super_super_super_super_super_super_super_super_super_super_chain_manifest_acceptance_v1.md
	    新文件    		   12524	cross_line_frozen_super_super_super_super_super_super_super_super_super_super_super_super_super_super_super_super_super_super_chain_manifest_acceptance_v1.py
	    新文件    		    3428	cross_line_frozen_super_super_super_super_super_super_super_super_super_super_super_super_super_super_super_super_super_super_manifest_acceptance_v1.md
	    新文件    		   12327	cross_line_frozen_super_super_super_super_super_super_super_super_super_super_super_super_super_super_super_super_super_super_manifest_acceptance_v1.py
	    新文件    		    2596	cross_line_frozen_super_super_super_super_super_super_super_super_super_super_super_super_super_super_super_super_super_super_super_acceptance_compare_v1.md
	    新文件    		    6634	cross_line_frozen_super_super_super_super_super_super_super_super_super_super_super_super_super_super_super_super_super_super_super_acceptance_compare_v1.py
	    新文件    		    2616	cross_line_frozen_super_super_super_super_super_super_super_super_super_super_super_super_super_super_super_super_super_super_super_chain_acceptance_compare_v1.md
	    新文件    		    6729	cross_line_frozen_super_super_super_super_super_super_super_super_super_super_super_super_super_super_super_super_super_super_super_chain_acceptance_compare_v1.py
	    新文件    		    2908	cross_line_frozen_super_super_super_super_super_super_super_super_super_super_super_super_super_super_super_super_super_super_super_chain_index_v1.md
	    新文件    		    2460	cross_line_frozen_super_super_super_super_super_super_super_super_super_super_super_super_super_super_super_super_super_super_super_chain_index_v1.py
	    新文件    		    3476	cross_line_frozen_super_super_super_super_super_super_super_super_super_super_super_super_super_super_super_super_super_super_super_chain_manifest_acceptance_v1.md
	    新文件    		   12818	cross_line_frozen_super_super_super_super_super_super_super_super_super_super_super_super_super_super_super_super_super_super_super_chain_manifest_acceptance_v1.py
	    新文件    		    3446	cross_line_frozen_super_super_super_super_super_super_super_super_super_super_super_super_super_super_super_super_super_super_super_manifest_acceptance_v1.md
	    新文件    		   12621	cross_line_frozen_super_super_super_super_super_super_super_super_super_super_super_super_super_super_super_super_super_super_super_manifest_acceptance_v1.py
	    新文件    		    2535	cross_line_frozen_super_super_super_super_super_super_super_super_super_super_super_super_super_super_super_super_super_super_super_super_acceptance_compare_v1.md
	    新文件    		    6730	cross_line_frozen_super_super_super_super_super_super_super_super_super_super_super_super_super_super_super_super_super_super_super_super_acceptance_compare_v1.py
	    新文件    		    2549	cross_line_frozen_super_super_super_super_super_super_super_super_super_super_super_super_super_super_super_super_super_super_super_super_chain_acceptance_compare_v1.md
	    新文件    		    6825	cross_line_frozen_super_super_super_super_super_super_super_super_super_super_super_super_super_super_super_super_super_super_super_super_chain_acceptance_compare_v1.py
	    新文件    		    2853	cross_line_frozen_super_super_super_super_super_super_super_super_super_super_super_super_super_super_super_super_super_super_super_super_chain_index_v1.md
	    新文件    		    2490	cross_line_frozen_super_super_super_super_super_super_super_super_super_super_super_super_super_super_super_super_super_super_super_super_chain_index_v1.py
	    新文件    		    3451	cross_line_frozen_super_super_super_super_super_super_super_super_super_super_super_super_super_super_super_super_super_super_super_super_chain_manifest_acceptance_v1.md
	    新文件    		   13112	cross_line_frozen_super_super_super_super_super_super_super_super_super_super_super_super_super_super_super_super_super_super_super_super_chain_manifest_acceptance_v1.py
	    新文件    		    3403	cross_line_frozen_super_super_super_super_super_super_super_super_super_super_super_super_super_super_super_super_super_super_super_super_manifest_acceptance_v1.md
	    新文件    		   12915	cross_line_frozen_super_super_super_super_super_super_super_super_super_super_super_super_super_super_super_super_super_super_super_super_manifest_acceptance_v1.py
	    新文件    		    2583	cross_line_frozen_super_super_super_super_super_super_super_super_super_super_super_super_super_super_super_super_super_super_super_super_super_acceptance_compare_v1.md
	    新文件    		    6826	cross_line_frozen_super_super_super_super_super_super_super_super_super_super_super_super_super_super_super_super_super_super_super_super_super_acceptance_compare_v1.py
	    新文件    		    2597	cross_line_frozen_super_super_super_super_super_super_super_super_super_super_super_super_super_super_super_super_super_super_super_super_super_chain_acceptance_compare_v1.md
	    新文件    		    6921	cross_line_frozen_super_super_super_super_super_super_super_super_super_super_super_super_super_super_super_super_super_super_super_super_super_chain_acceptance_compare_v1.py
	    新文件    		    2913	cross_line_frozen_super_super_super_super_super_super_super_super_super_super_super_super_super_super_super_super_super_super_super_super_super_chain_index_v1.md
	    新文件    		    2520	cross_line_frozen_super_super_super_super_super_super_super_super_super_super_super_super_super_super_super_super_super_super_super_super_super_chain_index_v1.py
	    新文件    		    3535	cross_line_frozen_super_super_super_super_super_super_super_super_super_super_super_super_super_super_super_super_super_super_super_super_super_chain_manifest_acceptance_v1.md
	    新文件    		   13406	cross_line_frozen_super_super_super_super_super_super_super_super_super_super_super_super_super_super_super_super_super_super_super_super_super_chain_manifest_acceptance_v1.py
	    新文件    		    3469	cross_line_frozen_super_super_super_super_super_super_super_super_super_super_super_super_super_super_super_super_super_super_super_super_super_manifest_acceptance_v1.md
	    新文件    		   13209	cross_line_frozen_super_super_super_super_super_super_super_super_super_super_super_super_super_super_super_super_super_super_super_super_super_manifest_acceptance_v1.py
	    新文件    		    2631	cross_line_frozen_super_super_super_super_super_super_super_super_super_super_super_super_super_super_super_super_super_super_super_super_super_super_acceptance_compare_v1.md
	    新文件    		    6922	cross_line_frozen_super_super_super_super_super_super_super_super_super_super_super_super_super_super_super_super_super_super_super_super_super_super_acceptance_compare_v1.py
	    新文件    		    2645	cross_line_frozen_super_super_super_super_super_super_super_super_super_super_super_super_super_super_super_super_super_super_super_super_super_super_chain_acceptance_compare_v1.md
	    新文件    		    7017	cross_line_frozen_super_super_super_super_super_super_super_super_super_super_super_super_super_super_super_super_super_super_super_super_super_super_chain_acceptance_compare_v1.py
	    新文件    		    2973	cross_line_frozen_super_super_super_super_super_super_super_super_super_super_super_super_super_super_super_super_super_super_super_super_super_super_chain_index_v1.md
	    新文件    		    2550	cross_line_frozen_super_super_super_super_super_super_super_super_super_super_super_super_super_super_super_super_super_super_super_super_super_super_chain_index_v1.py
	    新文件    		    3749	cross_line_frozen_super_super_super_super_super_super_super_super_super_super_super_super_super_super_super_super_super_super_super_super_super_super_chain_manifest_acceptance_v1.md
	    新文件    		   13700	cross_line_frozen_super_super_super_super_super_super_super_super_super_super_super_super_super_super_super_super_super_super_super_super_super_super_chain_manifest_acceptance_v1.py
	    新文件    		    3672	cross_line_frozen_super_super_super_super_super_super_super_super_super_super_super_super_super_super_super_super_super_super_super_super_super_super_manifest_acceptance_v1.md
	    新文件    		   13503	cross_line_frozen_super_super_super_super_super_super_super_super_super_super_super_super_super_super_super_super_super_super_super_super_super_super_manifest_acceptance_v1.py
	    新文件    		    2855	cross_line_frozen_super_super_super_super_super_super_super_super_super_super_super_super_super_super_super_super_super_super_super_super_super_super_super_acceptance_compare_v1.md
	    新文件    		    7018	cross_line_frozen_super_super_super_super_super_super_super_super_super_super_super_super_super_super_super_super_super_super_super_super_super_super_super_acceptance_compare_v1.py
	    新文件    		    2873	cross_line_frozen_super_super_super_super_super_super_super_super_super_super_super_super_super_super_super_super_super_super_super_super_super_super_super_chain_acceptance_compare_v1.md
	    新文件    		    7113	cross_line_frozen_super_super_super_super_super_super_super_super_super_super_super_super_super_super_super_super_super_super_super_super_super_super_super_chain_acceptance_compare_v1.py
	    新文件    		    3213	cross_line_frozen_super_super_super_super_super_super_super_super_super_super_super_super_super_super_super_super_super_super_super_super_super_super_super_chain_index_v1.md
	    新文件    		    2580	cross_line_frozen_super_super_super_super_super_super_super_super_super_super_super_super_super_super_super_super_super_super_super_super_super_super_super_chain_index_v1.py
	    新文件    		    3879	cross_line_frozen_super_super_super_super_super_super_super_super_super_super_super_super_super_super_super_super_super_super_super_super_super_super_super_chain_manifest_acceptance_v1.md
	    新文件    		   13994	cross_line_frozen_super_super_super_super_super_super_super_super_super_super_super_super_super_super_super_super_super_super_super_super_super_super_super_chain_manifest_acceptance_v1.py
	    新文件    		    3777	cross_line_frozen_super_super_super_super_super_super_super_super_super_super_super_super_super_super_super_super_super_super_super_super_super_super_super_manifest_acceptance_v1.md
	    新文件    		   13797	cross_line_frozen_super_super_super_super_super_super_super_super_super_super_super_super_super_super_super_super_super_super_super_super_super_super_super_manifest_acceptance_v1.py
	    新文件    		    2864	cross_line_frozen_super_super_super_super_super_super_super_super_super_super_super_super_super_super_super_super_super_super_super_super_super_super_super_super_acceptance_compare_v1.md
	    新文件    		    7114	cross_line_frozen_super_super_super_super_super_super_super_super_super_super_super_super_super_super_super_super_super_super_super_super_super_super_super_super_acceptance_compare_v1.py
	    新文件    		    2878	cross_line_frozen_super_super_super_super_super_super_super_super_super_super_super_super_super_super_super_super_super_super_super_super_super_super_super_super_chain_acceptance_compare_v1.md
	    新文件    		    7209	cross_line_frozen_super_super_super_super_super_super_super_super_super_super_super_super_super_super_super_super_super_super_super_super_super_super_super_super_chain_acceptance_compare_v1.py
	    新文件    		    3230	cross_line_frozen_super_super_super_super_super_super_super_super_super_super_super_super_super_super_super_super_super_super_super_super_super_super_super_super_chain_index_v1.md
	    新文件    		    2610	cross_line_frozen_super_super_super_super_super_super_super_super_super_super_super_super_super_super_super_super_super_super_super_super_super_super_super_super_chain_index_v1.py
	    新文件    		    3923	cross_line_frozen_super_super_super_super_super_super_super_super_super_super_super_super_super_super_super_super_super_super_super_super_super_super_super_super_chain_manifest_acceptance_v1.md
	    新文件    		   14288	cross_line_frozen_super_super_super_super_super_super_super_super_super_super_super_super_super_super_super_super_super_super_super_super_super_super_super_super_chain_manifest_acceptance_v1.py
	    新文件    		    3809	cross_line_frozen_super_super_super_super_super_super_super_super_super_super_super_super_super_super_super_super_super_super_super_super_super_super_super_super_manifest_acceptance_v1.md
	    新文件    		   14091	cross_line_frozen_super_super_super_super_super_super_super_super_super_super_super_super_super_super_super_super_super_super_super_super_super_super_super_super_manifest_acceptance_v1.py
	    新文件    		    2818	cross_line_frozen_super_super_super_super_super_super_super_super_super_super_super_super_super_super_super_super_super_super_super_super_super_super_super_super_super_acceptance_compare_v1.md
	    新文件    		    7210	cross_line_frozen_super_super_super_super_super_super_super_super_super_super_super_super_super_super_super_super_super_super_super_super_super_super_super_super_super_acceptance_compare_v1.py
	    新文件    		    2952	cross_line_frozen_super_super_super_super_super_super_super_super_super_super_super_super_super_super_super_super_super_super_super_super_super_super_super_super_super_chain_acceptance_compare_v1.md
	    新文件    		    7305	cross_line_frozen_super_super_super_super_super_super_super_super_super_super_super_super_super_super_super_super_super_super_super_super_super_super_super_super_super_chain_acceptance_compare_v1.py
	    新文件    		    3316	cross_line_frozen_super_super_super_super_super_super_super_super_super_super_super_super_super_super_super_super_super_super_super_super_super_super_super_super_super_chain_index_v1.md
	    新文件    		    2640	cross_line_frozen_super_super_super_super_super_super_super_super_super_super_super_super_super_super_super_super_super_super_super_super_super_super_super_super_super_chain_index_v1.py
	    新文件    		    3914	cross_line_frozen_super_super_super_super_super_super_super_super_super_super_super_super_super_super_super_super_super_super_super_super_super_super_super_super_super_chain_manifest_acceptance_v1.md
	    新文件    		   14582	cross_line_frozen_super_super_super_super_super_super_super_super_super_super_super_super_super_super_super_super_super_super_super_super_super_super_super_super_super_chain_manifest_acceptance_v1.py
	    新文件    		    3776	cross_line_frozen_super_super_super_super_super_super_super_super_super_super_super_super_super_super_super_super_super_super_super_super_super_super_super_super_super_manifest_acceptance_v1.md
	    新文件    		   14385	cross_line_frozen_super_super_super_super_super_super_super_super_super_super_super_super_super_super_super_super_super_super_super_super_super_super_super_super_super_manifest_acceptance_v1.py
	    新文件    		    2866	cross_line_frozen_super_super_super_super_super_super_super_super_super_super_super_super_super_super_super_super_super_super_super_super_super_super_super_super_super_super_acceptance_compare_v1.md
	    新文件    		    7306	cross_line_frozen_super_super_super_super_super_super_super_super_super_super_super_super_super_super_super_super_super_super_super_super_super_super_super_super_super_super_acceptance_compare_v1.py
	    新文件    		    2880	cross_line_frozen_super_super_super_super_super_super_super_super_super_super_super_super_super_super_super_super_super_super_super_super_super_super_super_super_super_super_chain_acceptance_compare_v1.md
	    新文件    		    7401	cross_line_frozen_super_super_super_super_super_super_super_super_super_super_super_super_super_super_super_super_super_super_super_super_super_super_super_super_super_super_chain_acceptance_compare_v1.py
	    新文件    		    3393	cross_line_frozen_super_super_super_super_super_super_super_super_super_super_super_super_super_super_super_super_super_super_super_super_super_super_super_super_super_super_chain_index_v1.md
	    新文件    		    2670	cross_line_frozen_super_super_super_super_super_super_super_super_super_super_super_super_super_super_super_super_super_super_super_super_super_super_super_super_super_super_chain_index_v1.py
	    新文件    		    3994	cross_line_frozen_super_super_super_super_super_super_super_super_super_super_super_super_super_super_super_super_super_super_super_super_super_super_super_super_super_super_chain_manifest_acceptance_v1.md
	    新文件    		   14876	cross_line_frozen_super_super_super_super_super_super_super_super_super_super_super_super_super_super_super_super_super_super_super_super_super_super_super_super_super_super_chain_manifest_acceptance_v1.py
	    新文件    		    3842	cross_line_frozen_super_super_super_super_super_super_super_super_super_super_super_super_super_super_super_super_super_super_super_super_super_super_super_super_super_super_manifest_acceptance_v1.md
	    新文件    		   14679	cross_line_frozen_super_super_super_super_super_super_super_super_super_super_super_super_super_super_super_super_super_super_super_super_super_super_super_super_super_super_manifest_acceptance_v1.py
	    新文件    		    3045	cross_line_frozen_super_super_super_super_super_super_super_super_super_super_super_super_super_super_super_super_super_super_super_super_super_super_super_super_super_super_super_acceptance_compare_v1.md
	    新文件    		    7402	cross_line_frozen_super_super_super_super_super_super_super_super_super_super_super_super_super_super_super_super_super_super_super_super_super_super_super_super_super_super_super_acceptance_compare_v1.py
	    新文件    		    3059	cross_line_frozen_super_super_super_super_super_super_super_super_super_super_super_super_super_super_super_super_super_super_super_super_super_super_super_super_super_super_super_chain_acceptance_compare_v1.md
	    新文件    		    7497	cross_line_frozen_super_super_super_super_super_super_super_super_super_super_super_super_super_super_super_super_super_super_super_super_super_super_super_super_super_super_super_chain_acceptance_compare_v1.py
	    新文件    		    3447	cross_line_frozen_super_super_super_super_super_super_super_super_super_super_super_super_super_super_super_super_super_super_super_super_super_super_super_super_super_super_super_chain_index_v1.md
	    新文件    		    2700	cross_line_frozen_super_super_super_super_super_super_super_super_super_super_super_super_super_super_super_super_super_super_super_super_super_super_super_super_super_super_super_chain_index_v1.py
	    新文件    		    4218	cross_line_frozen_super_super_super_super_super_super_super_super_super_super_super_super_super_super_super_super_super_super_super_super_super_super_super_super_super_super_super_chain_manifest_acceptance_v1.md
	    新文件    		   15170	cross_line_frozen_super_super_super_super_super_super_super_super_super_super_super_super_super_super_super_super_super_super_super_super_super_super_super_super_super_super_super_chain_manifest_acceptance_v1.py
	    新文件    		    4038	cross_line_frozen_super_super_super_super_super_super_super_super_super_super_super_super_super_super_super_super_super_super_super_super_super_super_super_super_super_super_super_manifest_acceptance_v1.md
	    新文件    		   14973	cross_line_frozen_super_super_super_super_super_super_super_super_super_super_super_super_super_super_super_super_super_super_super_super_super_super_super_super_super_super_super_manifest_acceptance_v1.py
	  新目录          21	D:\Stock\trading_analysis\12_工具运行时_TOOLING_RUNTIME\02_MT指标家族_源码与探针\
	    新文件    		   66800	0_Harmony_06.ex4
	    新文件    		   15672	0_Harmony_06.mq4
	    新文件    		   29650	a_ZZ.ex4
	    新文件    		    6179	a_ZZ.mq4
	    新文件    		   10490	MT4IndicatorProbe.ex4
	    新文件    		    3931	MT4IndicatorProbe.mq4
	    新文件    		   10572	MT4Probe_Volty.ex4
	    新文件    		    4217	MT4Probe_Volty.mq4
	    新文件    		     308	mt4probe_volty_portable.ini
	    新文件    		     439	MT4Probe_XBreaking.ini
	    新文件    		     443	NOTE__INI_CONFIGS_ARE_ARCHIVE_ONLY__20260706.md
	    新文件    		   20784	VoltyChannel_Stop_v2_1M.ex4
	    新文件    		    6319	VoltyChannel_Stop_v2_1M.mq4
	    新文件    		   50128	XBreaking.ex4
	    新文件    		   57486	XBreaking.ex5
	    新文件    		   19318	XBreakingProbe.ex5
	    新文件    		     374	XBreakingProbe.ini
	    新文件    		    3297	XBreakingProbe.mq5
	    新文件    		  106010	ZUP_v15[1][1].1.ex4
	    新文件    		   58547	ZUP_v15[1][1].1.mq4
	    新文件    		 1045294	交易盈亏统计.ex4
	  新目录           6	D:\Stock\trading_analysis\12_工具运行时_TOOLING_RUNTIME\03_MT4便携探针实例\
	    新文件    		   23040	DDE-Sample.xls
	    新文件    		  15.9 m	metaeditor.exe
	    新文件    		     451	NOTE__INI_CONFIGS_ARE_ARCHIVE_ONLY__20260706.md
	    新文件    		  44.8 m	terminal.exe
	    新文件    		   45126	terminal.ico
	    新文件    		   4.8 m	uninstall.exe
	  新目录          18	D:\Stock\trading_analysis\12_工具运行时_TOOLING_RUNTIME\03_MT4便携探针实例\config\
	    新文件    		   14403	accounts.ini
	    新文件    		     284	charts.ini
	    新文件    		    1224	community.ini
	    新文件    		     680	email.ini
	    新文件    		    4388	experts.ini
	    新文件    		     299	mt4probe_volty.ini
	    新文件    		     683	mt4probe_volty_dumpseries_portable.ini
	    新文件    		     529	mt4probe_volty_portable.ini
	    新文件    		     529	mt4probe_volty_portable__backup_before_dumpseries.ini
	    新文件    		     529	mt4probe_volty_portable__backup_before_force_dumpseries.ini
	    新文件    		     529	mt4probe_volty_portable__backup_before_gui_once.ini
	    新文件    		     264	notifications.ini
	    新文件    		     736	publish.ini
	    新文件    		     548	server.ini
	    新文件    		   92492	servers.ini
	    新文件    		     511	smoke_moving_average_portable.ini
	    新文件    		    4311	terminal.ini
	    新文件    		    3786	terminal.lic
	  新目录           6	D:\Stock\trading_analysis\12_工具运行时_TOOLING_RUNTIME\03_MT4便携探针实例\config\00_text_recovered_batch1\
	    新文件    		     312	mt4probe_volty.ini
	    新文件    		     554	mt4probe_volty_portable.ini
	    新文件    		     312	README_batch1.md
	    新文件    		  138106	servers.ini
	    新文件    		     536	smoke_moving_average_portable.ini
	    新文件    		    4277	terminal.ini
	  新目录           1	D:\Stock\trading_analysis\12_工具运行时_TOOLING_RUNTIME\03_MT4便携探针实例\history\
	    新文件    		     343	README.md
	  新目录           4	D:\Stock\trading_analysis\12_工具运行时_TOOLING_RUNTIME\03_MT4便携探针实例\logs\
	    新文件    		    7466	20260609.log
	    新文件    		     563	20260610.log
	    新文件    		    4412	20260701.log
	    新文件    		       6	metaeditor.log
	  新目录           0	D:\Stock\trading_analysis\12_工具运行时_TOOLING_RUNTIME\03_MT4便携探针实例\MQL4\
	  新目录           5	D:\Stock\trading_analysis\12_工具运行时_TOOLING_RUNTIME\03_MT4便携探针实例\MQL4\Experts\
	    新文件    		   10960	MACD Sample.ex4
	    新文件    		    6236	MACD Sample.mq4
	    新文件    		   14542	Moving Average.ex4
	    新文件    		    5138	Moving Average.mq4
	    新文件    		   10684	mqlcache.dat
	  新目录          20	D:\Stock\trading_analysis\12_工具运行时_TOOLING_RUNTIME\03_MT4便携探针实例\MQL4\Experts\Probe\
	    新文件    		   66800	0_Harmony_06.ex4
	    新文件    		   15672	0_Harmony_06.mq4
	    新文件    		   29650	a_ZZ.ex4
	    新文件    		    6179	a_ZZ.mq4
	    新文件    		   10490	MT4IndicatorProbe.ex4
	    新文件    		    2266	MT4IndicatorProbe.mq4
	    新文件    		   12522	MT4Probe_Volty.ex4
	    新文件    		    4217	MT4Probe_Volty.mq4
	    新文件    		     308	mt4probe_volty_portable.ini
	    新文件    		     408	MT4Probe_XBreaking.ini
	    新文件    		   20784	VoltyChannel_Stop_v2_1M.ex4
	    新文件    		    6319	VoltyChannel_Stop_v2_1M.mq4
	    新文件    		   50128	XBreaking.ex4
	    新文件    		   57486	XBreaking.ex5
	    新文件    		   19318	XBreakingProbe.ex5
	    新文件    		     374	XBreakingProbe.ini
	    新文件    		    3297	XBreakingProbe.mq5
	    新文件    		  106010	ZUP_v15[1][1].1.ex4
	    新文件    		   58547	ZUP_v15[1][1].1.mq4
	    新文件    		 1045294	交易盈亏统计.ex4
	  新目录           0	D:\Stock\trading_analysis\12_工具运行时_TOOLING_RUNTIME\03_MT4便携探针实例\MQL4\Files\
	  新目录           0	D:\Stock\trading_analysis\12_工具运行时_TOOLING_RUNTIME\03_MT4便携探针实例\MQL4\Images\
	  新目录           6	D:\Stock\trading_analysis\12_工具运行时_TOOLING_RUNTIME\03_MT4便携探针实例\MQL4\Include\
	    新文件    		    9059	MovingAverages.mqh
	    新文件    		    2036	Object.mqh
	    新文件    		   10048	stderror.mqh
	    新文件    		     662	stdlib.mqh
	    新文件    		     683	StdLibErr.mqh
	    新文件    		   18426	WinUser32.mqh
	  新目录          12	D:\Stock\trading_analysis\12_工具运行时_TOOLING_RUNTIME\03_MT4便携探针实例\MQL4\Include\Arrays\
	    新文件    		    6585	Array.mqh
	    新文件    		   24522	ArrayChar.mqh
	    新文件    		   25057	ArrayDouble.mqh
	    新文件    		   25054	ArrayFloat.mqh
	    新文件    		   24400	ArrayInt.mqh
	    新文件    		   24472	ArrayLong.mqh
	    新文件    		   24968	ArrayObj.mqh
	    新文件    		   24617	ArrayShort.mqh
	    新文件    		   24746	ArrayString.mqh
	    新文件    		   21080	List.mqh
	    新文件    		   14241	Tree.mqh
	    新文件    		    6801	TreeNode.mqh
	  新目录           1	D:\Stock\trading_analysis\12_工具运行时_TOOLING_RUNTIME\03_MT4便携探针实例\MQL4\Include\Canvas\
	    新文件    		   84674	Canvas.mqh
	  新目录          10	D:\Stock\trading_analysis\12_工具运行时_TOOLING_RUNTIME\03_MT4便携探针实例\MQL4\Include\ChartObjects\
	    新文件    		   42668	ChartObject.mqh
	    新文件    		    7643	ChartObjectPanel.mqh
	    新文件    		   23721	ChartObjectsArrows.mqh
	    新文件    		   21359	ChartObjectsBmpControls.mqh
	    新文件    		   12047	ChartObjectsChannels.mqh
	    新文件    		   17752	ChartObjectsFibo.mqh
	    新文件    		   17218	ChartObjectsGann.mqh
	    新文件    		   15710	ChartObjectsLines.mqh
	    新文件    		    7288	ChartObjectsShapes.mqh
	    新文件    		   37722	ChartObjectsTxtControls.mqh
	  新目录           1	D:\Stock\trading_analysis\12_工具运行时_TOOLING_RUNTIME\03_MT4便携探针实例\MQL4\Include\Charts\
	    新文件    		   63771	Chart.mqh
	  新目录          24	D:\Stock\trading_analysis\12_工具运行时_TOOLING_RUNTIME\03_MT4便携探针实例\MQL4\Include\Controls\
	    新文件    		   11453	BmpButton.mqh
	    新文件    		    6892	Button.mqh
	    新文件    		    7670	CheckBox.mqh
	    新文件    		   14137	CheckGroup.mqh
	    新文件    		   13390	ComboBox.mqh
	    新文件    		   15153	DateDropList.mqh
	    新文件    		   10698	DatePicker.mqh
	    新文件    		   12638	Defines.mqh
	    新文件    		   38873	Dialog.mqh
	    新文件    		    8823	Edit.mqh
	    新文件    		    4309	Label.mqh
	    新文件    		   20092	ListView.mqh
	    新文件    		    5871	Panel.mqh
	    新文件    		    5602	Picture.mqh
	    新文件    		    6982	RadioButton.mqh
	    新文件    		   14063	RadioGroup.mqh
	    新文件    		   11101	Rect.mqh
	    新文件    		   26693	Scrolls.mqh
	    新文件    		   10331	SpinEdit.mqh
	    新文件    		   14665	TimePicker.mqh
	    新文件    		   30293	Wnd.mqh
	    新文件    		   12315	WndClient.mqh
	    新文件    		   16303	WndContainer.mqh
	    新文件    		   10629	WndObj.mqh
	  新目录          47	D:\Stock\trading_analysis\12_工具运行时_TOOLING_RUNTIME\03_MT4便携探针实例\MQL4\Include\Controls\res\
	    新文件    		     576	CheckBoxOff.bmp
	    新文件    		     576	CheckBoxOn.bmp
	    新文件    		    1080	Close.bmp
	    新文件    		    1500	CloseDisable.bmp
	    新文件    		     824	CloseOff.bmp
	    新文件    		     824	CloseOn.bmp
	    新文件    		    2104	DateDropOff.bmp
	    新文件    		    2104	DateDropOn.bmp
	    新文件    		     824	Down.bmp
	    新文件    		     824	DownDisable.bmp
	    新文件    		     440	DownSmall.bmp
	    新文件    		    1080	DownTransp.bmp
	    新文件    		     440	down_smoll.bmp
	    新文件    		    1080	DropOff.bmp
	    新文件    		    1080	DropOn.bmp
	    新文件    		    1500	ExpandDisable.bmp
	    新文件    		    1500	ExpandOff.bmp
	    新文件    		    1500	ExpandOn.bmp
	    新文件    		    1500	HelpDisable.bmp
	    新文件    		     824	HelpOff.bmp
	    新文件    		    1500	HelpOn.bmp
	    新文件    		     824	Left.bmp
	    新文件    		     822	LeftDisable.bmp
	    新文件    		    1080	LeftTransp.bmp
	    新文件    		     632	RadioButtonOff.bmp
	    新文件    		     632	RadioButtonOn.bmp
	    新文件    		    1080	Restore.bmp
	    新文件    		    1500	RestoreDisable.bmp
	    新文件    		     824	RestoreOff.bmp
	    新文件    		     824	RestoreOn.bmp
	    新文件    		     824	Right.bmp
	    新文件    		     822	RightDisable.bmp
	    新文件    		    1080	RightTransp.bmp
	    新文件    		     568	SpinDec.bmp
	    新文件    		     568	SpinInc.bmp
	    新文件    		    1144	ThumbHor.bmp
	    新文件    		    1142	ThumbHorDisable.bmp
	    新文件    		    1112	ThumbVert.bmp
	    新文件    		    1112	ThumbVertDisable.bmp
	    新文件    		    1080	Turn.bmp
	    新文件    		     824	TurnOff.bmp
	    新文件    		     824	TurnOn.bmp
	    新文件    		     824	Up.bmp
	    新文件    		     824	UpDisable.bmp
	    新文件    		     440	UpSmall.bmp
	    新文件    		    1080	UpTransp.bmp
	    新文件    		     440	up_smoll.bmp
	  新目录           4	D:\Stock\trading_analysis\12_工具运行时_TOOLING_RUNTIME\03_MT4便携探针实例\MQL4\Include\Files\
	    新文件    		   12206	File.mqh
	    新文件    		   20944	FileBin.mqh
	    新文件    		   12879	FilePipe.mqh
	    新文件    		    2825	FileTxt.mqh
	  新目录           9	D:\Stock\trading_analysis\12_工具运行时_TOOLING_RUNTIME\03_MT4便携探针实例\MQL4\Include\Indicators\
	    新文件    		   29750	BillWilliams.mqh
	    新文件    		    5775	Custom.mqh
	    新文件    		    6884	Indicator.mqh
	    新文件    		   11390	Indicators.mqh
	    新文件    		   57001	Oscilators.mqh
	    新文件    		    5221	Series.mqh
	    新文件    		   19975	TimeSeries.mqh
	    新文件    		   36747	Trend.mqh
	    新文件    		   11778	Volumes.mqh
	  新目录           1	D:\Stock\trading_analysis\12_工具运行时_TOOLING_RUNTIME\03_MT4便携探针实例\MQL4\Include\Strings\
	    新文件    		   13856	String.mqh
	  新目录           1	D:\Stock\trading_analysis\12_工具运行时_TOOLING_RUNTIME\03_MT4便携探针实例\MQL4\Include\Tools\
	    新文件    		   17883	DateTime.mqh
	  新目录          41	D:\Stock\trading_analysis\12_工具运行时_TOOLING_RUNTIME\03_MT4便携探针实例\MQL4\Indicators\
	    新文件    		   10754	Accelerator.ex4
	    新文件    		    3970	Accelerator.mq4
	    新文件    		    7500	Accumulation.ex4
	    新文件    		    2433	Accumulation.mq4
	    新文件    		    9544	Alligator.ex4
	    新文件    		    3268	Alligator.mq4
	    新文件    		   10296	ATR.ex4
	    新文件    		    3900	ATR.mq4
	    新文件    		    8158	Awesome.ex4
	    新文件    		    3386	Awesome.mq4
	    新文件    		   11286	Bands.ex4
	    新文件    		    5009	Bands.mq4
	    新文件    		    7640	Bears.ex4
	    新文件    		    2527	Bears.mq4
	    新文件    		    7302	Bulls.ex4
	    新文件    		    2512	Bulls.mq4
	    新文件    		   10222	CCI.ex4
	    新文件    		    4155	CCI.mq4
	    新文件    		   13218	Custom Moving Averages.ex4
	    新文件    		    7065	Custom Moving Averages.mq4
	    新文件    		   12680	Heiken Ashi.ex4
	    新文件    		    4915	Heiken Ashi.mq4
	    新文件    		   14932	Ichimoku.ex4
	    新文件    		    6685	Ichimoku.mq4
	    新文件    		   15968	iExposure.ex4
	    新文件    		    8626	iExposure.mq4
	    新文件    		   11116	MACD.ex4
	    新文件    		    3495	MACD.mq4
	    新文件    		    8306	Momentum.ex4
	    新文件    		    2860	Momentum.mq4
	    新文件    		   30976	mqlcache.dat
	    新文件    		   10934	OsMA.ex4
	    新文件    		    3586	OsMA.mq4
	    新文件    		   15060	Parabolic.ex4
	    新文件    		    7400	Parabolic.mq4
	    新文件    		   11364	RSI.ex4
	    新文件    		    4757	RSI.mq4
	    新文件    		   11578	Stochastic.ex4
	    新文件    		    5153	Stochastic.mq4
	    新文件    		   13500	ZigZag.ex4
	    新文件    		    8449	ZigZag.mq4
	  新目录           0	D:\Stock\trading_analysis\12_工具运行时_TOOLING_RUNTIME\03_MT4便携探针实例\MQL4\Indicators\Examples\
	  新目录           3	D:\Stock\trading_analysis\12_工具运行时_TOOLING_RUNTIME\03_MT4便携探针实例\MQL4\Indicators\Examples\SimplePanel\
	    新文件    		   15403	PanelDialog.mqh
	    新文件    		  180710	SimplePanel.ex4
	    新文件    		    2729	SimplePanel.mq4
	  新目录          20	D:\Stock\trading_analysis\12_工具运行时_TOOLING_RUNTIME\03_MT4便携探针实例\MQL4\Indicators\Probe\
	    新文件    		   66800	0_Harmony_06.ex4
	    新文件    		   15672	0_Harmony_06.mq4
	    新文件    		   29650	a_ZZ.ex4
	    新文件    		    6179	a_ZZ.mq4
	    新文件    		   10490	MT4IndicatorProbe.ex4
	    新文件    		    2266	MT4IndicatorProbe.mq4
	    新文件    		   10572	MT4Probe_Volty.ex4
	    新文件    		    2318	MT4Probe_Volty.mq4
	    新文件    		     308	mt4probe_volty_portable.ini
	    新文件    		     406	MT4Probe_XBreaking.ini
	    新文件    		   20784	VoltyChannel_Stop_v2_1M.ex4
	    新文件    		    6319	VoltyChannel_Stop_v2_1M.mq4
	    新文件    		   50128	XBreaking.ex4
	    新文件    		   57486	XBreaking.ex5
	    新文件    		   19318	XBreakingProbe.ex5
	    新文件    		     374	XBreakingProbe.ini
	    新文件    		    3297	XBreakingProbe.mq5
	    新文件    		  106010	ZUP_v15[1][1].1.ex4
	    新文件    		   58547	ZUP_v15[1][1].1.mq4
	    新文件    		 1045294	交易盈亏统计.ex4
	  新目录           3	D:\Stock\trading_analysis\12_工具运行时_TOOLING_RUNTIME\03_MT4便携探针实例\MQL4\Libraries\
	    新文件    		    1072	mqlcache.dat
	    新文件    		   17782	stdlib.ex4
	    新文件    		   19555	stdlib.mq4
	  新目录           0	D:\Stock\trading_analysis\12_工具运行时_TOOLING_RUNTIME\03_MT4便携探针实例\MQL4\Logs\
	  新目录           0	D:\Stock\trading_analysis\12_工具运行时_TOOLING_RUNTIME\03_MT4便携探针实例\MQL4\Presets\
	  新目录           0	D:\Stock\trading_analysis\12_工具运行时_TOOLING_RUNTIME\03_MT4便携探针实例\MQL4\Projects\
	  新目录           3	D:\Stock\trading_analysis\12_工具运行时_TOOLING_RUNTIME\03_MT4便携探针实例\MQL4\Scripts\
	    新文件    		    4276	mqlcache.dat
	    新文件    		   12196	PeriodConverter.ex4
	    新文件    		    6948	PeriodConverter.mq4
	  新目录           0	D:\Stock\trading_analysis\12_工具运行时_TOOLING_RUNTIME\03_MT4便携探针实例\MQL4\Scripts\Examples\
	  新目录           5	D:\Stock\trading_analysis\12_工具运行时_TOOLING_RUNTIME\03_MT4便携探针实例\MQL4\Scripts\Examples\DLL\
	    新文件    		   57517	code-analyser.html
	    新文件    		    8022	DLLSample.cpp
	    新文件    		    5597	DLLSample.vcxproj
	    新文件    		    7934	DLLSampleTester.ex4
	    新文件    		    2302	DLLSampleTester.mq4
	  新目录           1	D:\Stock\trading_analysis\12_工具运行时_TOOLING_RUNTIME\03_MT4便携探针实例\MQL4\Scripts\Examples\DLL\Libraries\
	    新文件    		  108032	DLLSample.dll
	  新目录           4	D:\Stock\trading_analysis\12_工具运行时_TOOLING_RUNTIME\03_MT4便携探针实例\MQL4\Scripts\Examples\Pipes\
	    新文件    		   12668	PipeClient.ex4
	    新文件    		    3448	PipeClient.mq4
	    新文件    		   10816	PipeClientPure.ex4
	    新文件    		    4798	PipeClientPure.mq4
	  新目录           1	D:\Stock\trading_analysis\12_工具运行时_TOOLING_RUNTIME\03_MT4便携探针实例\profiles\
	    新文件    		       9	lastprofile.ini
	  新目录           4	D:\Stock\trading_analysis\12_工具运行时_TOOLING_RUNTIME\03_MT4便携探针实例\profiles\British Pound\
	    新文件    		    1566	chart01.CHR
	    新文件    		    1569	chart02.CHR
	    新文件    		    1570	chart03.CHR
	    新文件    		      36	order.wnd
	  新目录           5	D:\Stock\trading_analysis\12_工具运行时_TOOLING_RUNTIME\03_MT4便携探针实例\profiles\default\
	    新文件    		     812	chart01.CHR
	    新文件    		     919	chart02.CHR
	    新文件    		     815	chart03.CHR
	    新文件    		     963	chart04.CHR
	    新文件    		      44	order.wnd
	  新目录           4	D:\Stock\trading_analysis\12_工具运行时_TOOLING_RUNTIME\03_MT4便携探针实例\profiles\Euro\
	    新文件    		    1566	chart01.CHR
	    新文件    		    1569	chart02.CHR
	    新文件    		    1570	chart03.CHR
	    新文件    		      36	order.wnd
	  新目录           5	D:\Stock\trading_analysis\12_工具运行时_TOOLING_RUNTIME\03_MT4便携探针实例\profiles\Market Overview\
	    新文件    		    1489	chart01.CHR
	    新文件    		    1724	chart02.CHR
	    新文件    		    1491	chart03.CHR
	    新文件    		    1416	chart04.CHR
	    新文件    		      48	order.wnd
	  新目录           4	D:\Stock\trading_analysis\12_工具运行时_TOOLING_RUNTIME\03_MT4便携探针实例\profiles\Swiss Franc\
	    新文件    		    1566	chart01.CHR
	    新文件    		    1569	chart02.CHR
	    新文件    		    1570	chart03.CHR
	    新文件    		      36	order.wnd
	  新目录          12	D:\Stock\trading_analysis\12_工具运行时_TOOLING_RUNTIME\03_MT4便携探针实例\Sounds\
	    新文件    		   16620	alert.wav
	    新文件    		   20114	alert2.wav
	    新文件    		   13250	connect.wav
	    新文件    		    7740	disconnect.wav
	    新文件    		   26758	email.wav
	    新文件    		    2842	expert.wav
	    新文件    		   25816	news.wav
	    新文件    		    2558	ok.wav
	    新文件    		    5212	stops.wav
	    新文件    		   22676	tick.wav
	    新文件    		   20712	timeout.wav
	    新文件    		    5212	wait.wav
	  新目录          11	D:\Stock\trading_analysis\12_工具运行时_TOOLING_RUNTIME\03_MT4便携探针实例\templates\
	    新文件    		     998	ADX.tpl
	    新文件    		    1113	BollingerBands.tpl
	    新文件    		    3529	Layers.tpl
	    新文件    		    1900	Momentum.tpl
	    新文件    		    1188	OptimizationReport.htm
	    新文件    		    1810	Popular.tpl
	    新文件    		    4071	statement.htm
	    新文件    		    7324	StatementDetailed.htm
	    新文件    		    1191	strategytester.htm
	    新文件    		    1672	Volume.tpl
	    新文件    		    1478	Williams.tpl
	  新目录           6	D:\Stock\trading_analysis\12_工具运行时_TOOLING_RUNTIME\03_MT4便携探针实例\tester\
	    新文件    		      91	lastparameters.ini
	    新文件    		     967	Moving Average.ini
	    新文件    		     745	MT4Probe_Volty.ini
	    新文件    		    1080	MT4Probe_Volty_dumpseries_0_6.ini
	    新文件    		     747	MT4Probe_Volty__backup_before_force_dumpseries.ini
	    新文件    		     745	MT4Probe_Volty__backup_before_gui_once.ini
	  新目录           0	D:\Stock\trading_analysis\12_工具运行时_TOOLING_RUNTIME\03_MT4便携探针实例\tester\caches\
	  新目录           8	D:\Stock\trading_analysis\12_工具运行时_TOOLING_RUNTIME\03_MT4便携探针实例\tester\files\
	    新文件    		    4992	mt4probe_volty_dumpseries_portable.gif
	    新文件    		    4038	mt4probe_volty_dumpseries_portable.htm
	    新文件    		    4992	mt4probe_volty_portable.gif
	    新文件    		    3957	mt4probe_volty_portable.htm
	    新文件    		   29393	MT4_probe_Volty_EURUSD_H1_20250102_000000.csv
	    新文件    		     826	MT4_probe_Volty_EURUSD_H4_20250102_000000.csv
	    新文件    		    4992	smoke_moving_average_portable.gif
	    新文件    		    3946	smoke_moving_average_portable.htm
	  新目录           2	D:\Stock\trading_analysis\12_工具运行时_TOOLING_RUNTIME\03_MT4便携探针实例\tester\history\
	    新文件    		   62832	EURUSD240_2.fxt
	    新文件    		  32.3 m	EURUSD60_0.fxt
	  新目录           1	D:\Stock\trading_analysis\12_工具运行时_TOOLING_RUNTIME\03_MT4便携探针实例\tester\logs\
	    新文件    		   16787	20260701.log
	  新目录           5	D:\Stock\trading_analysis\12_工具运行时_TOOLING_RUNTIME\04_MT_export_scripts\
	    新文件    		    1305	ExportBarsToCsv_UTC_v1.mq4
	    新文件    		    1305	ExportBarsToCsv_UTC_v1.mq5
	    新文件    		    1558	ExportBarsToCsv_v1.mq4
	    新文件    		    1701	ExportBarsToCsv_v1.mq5
	    新文件    		    1976	README.md
	  新目录         213	D:\Stock\trading_analysis\12_工具运行时_TOOLING_RUNTIME\98_MT历史数据_VTMarkets_Live2\
	    新文件    		  123028	AUDCAD-VIP15.hst
	    新文件    		  190408	AUDCAD-VIP240.hst
	    新文件    		  422548	AUDCAD-VIP60.hst
	    新文件    		   72868	AUDJPY-VIP10080.hst
	    新文件    		  133468	AUDJPY-VIP1440.hst
	    新文件    		   1.8 m	AUDJPY-VIP15.hst
	    新文件    		  504388	AUDJPY-VIP240.hst
	    新文件    		   1.1 m	AUDJPY-VIP30.hst
	    新文件    		   18868	AUDJPY-VIP43200.hst
	    新文件    		   1.5 m	AUDJPY-VIP60.hst
	    新文件    		  586708	AUDNZD-VIP60.hst
	    新文件    		   16168	AUDUSD-VIP10080.hst
	    新文件    		  111208	AUDUSD-VIP1440.hst
	    新文件    		   1.6 m	AUDUSD-VIP15.hst
	    新文件    		  504628	AUDUSD-VIP240.hst
	    新文件    		   2.6 m	AUDUSD-VIP30.hst
	    新文件    		   16108	AUDUSD-VIP43200.hst
	    新文件    		   1.5 m	AUDUSD-VIP60.hst
	    新文件    		   74548	AUDUSD10080.hst
	    新文件    		  136708	AUDUSD1440.hst
	    新文件    		  480808	AUDUSD240.hst
	    新文件    		   18448	AUDUSD43200.hst
	    新文件    		  835588	AUDUSD60.hst
	    新文件    		   25828	BTCUSD10080.hst
	    新文件    		  146368	BTCUSD1440.hst
	    新文件    		  563308	BTCUSD240.hst
	    新文件    		    6088	BTCUSD43200.hst
	    新文件    		   1.6 m	BTCUSD60.hst
	    新文件    		  123028	CADCHF-VIP60.hst
	    新文件    		   62548	CADJPY-VIP10080.hst
	    新文件    		   71308	CADJPY-VIP1440.hst
	    新文件    		  123508	CADJPY-VIP15.hst
	    新文件    		  267028	CADJPY-VIP240.hst
	    新文件    		  564028	CADJPY-VIP30.hst
	    新文件    		   15748	CADJPY-VIP43200.hst
	    新文件    		  698008	CADJPY-VIP60.hst
	    新文件    		   29308	CHINA50.10080.hst
	    新文件    		   89248	CHINA50.1440.hst
	    新文件    		  136528	CHINA50.240.hst
	    新文件    		    6928	CHINA50.43200.hst
	    新文件    		  282508	CHINA50.60.hst
	    新文件    		   53308	DJ30.10080.hst
	    新文件    		   89248	DJ30.1440.hst
	    新文件    		  178828	DJ30.240.hst
	    新文件    		  587968	DJ30.60.hst
	    新文件    		   63868	EURAUD-VIP10080.hst
	    新文件    		   80488	EURAUD-VIP1440.hst
	    新文件    		  317608	EURAUD-VIP240.hst
	    新文件    		   16048	EURAUD-VIP43200.hst
	    新文件    		  380428	EURAUD-VIP60.hst
	    新文件    		  659488	EURCAD-VIP60.hst
	    新文件    		  254128	EURCHF-VIP240.hst
	    新文件    		  123028	EURGBP-VIP240.hst
	    新文件    		  659488	EURGBP-VIP60.hst
	    新文件    		   38848	EURJPY-VIP10080.hst
	    新文件    		  110308	EURJPY-VIP1440.hst
	    新文件    		   1.4 m	EURJPY-VIP15.hst
	    新文件    		  504628	EURJPY-VIP240.hst
	    新文件    		   1.5 m	EURJPY-VIP30.hst
	    新文件    		   17608	EURJPY-VIP43200.hst
	    新文件    		   1.5 m	EURJPY-VIP60.hst
	    新文件    		   80488	EURNZD-VIP1440.hst
	    新文件    		  123028	EURNZD-VIP60.hst
	    新文件    		   1.3 m	EURUSD-VIP1.hst
	    新文件    		   74188	EURUSD-VIP10080.hst
	    新文件    		  137188	EURUSD-VIP1440.hst
	    新文件    		   3.7 m	EURUSD-VIP15.hst
	    新文件    		  509248	EURUSD-VIP240.hst
	    新文件    		  915568	EURUSD-VIP30.hst
	    新文件    		   18388	EURUSD-VIP43200.hst
	    新文件    		  123028	EURUSD-VIP5.hst
	    新文件    		   1.5 m	EURUSD-VIP60.hst
	    新文件    		   61768	EURUSD10080.hst
	    新文件    		  136228	EURUSD1440.hst
	    新文件    		  551668	EURUSD240.hst
	    新文件    		  219988	EURUSD60.hst
	    新文件    		  123028	GASOIL-C.240.hst
	    新文件    		  123028	GASOIL-C.60.hst
	    新文件    		  502288	GBPAUD-VIP240.hst
	    新文件    		  826528	GBPAUD-VIP60.hst
	    新文件    		  194068	GBPCAD-VIP240.hst
	    新文件    		  631648	GBPCAD-VIP60.hst
	    新文件    		   80488	GBPCHF-VIP1440.hst
	    新文件    		  188128	GBPCHF-VIP240.hst
	    新文件    		  143068	GBPCHF-VIP60.hst
	    新文件    		   24508	GBPJPY-VIP10080.hst
	    新文件    		  122608	GBPJPY-VIP1440.hst
	    新文件    		   2.5 m	GBPJPY-VIP15.hst
	    新文件    		  509248	GBPJPY-VIP240.hst
	    新文件    		   1.8 m	GBPJPY-VIP30.hst
	    新文件    		    5788	GBPJPY-VIP43200.hst
	    新文件    		  123028	GBPJPY-VIP5.hst
	    新文件    		   1.5 m	GBPJPY-VIP60.hst
	    新文件    		   67588	GBPNZD-VIP1440.hst
	    新文件    		  246208	GBPNZD-VIP240.hst
	    新文件    		  123028	GBPNZD-VIP60.hst
	    新文件    		  359068	GBPUSD-VIP1.hst
	    新文件    		   76468	GBPUSD-VIP10080.hst
	    新文件    		  135568	GBPUSD-VIP1440.hst
	    新文件    		   1.0 m	GBPUSD-VIP15.hst
	    新文件    		  504628	GBPUSD-VIP240.hst
	    新文件    		   1.8 m	GBPUSD-VIP30.hst
	    新文件    		   18448	GBPUSD-VIP43200.hst
	    新文件    		  123088	GBPUSD-VIP5.hst
	    新文件    		   1.5 m	GBPUSD-VIP60.hst
	    新文件    		   73648	GBPUSD1440.hst
	    新文件    		  192268	GBPUSD60.hst
	    新文件    		  123028	LTCUSD60.hst
	    新文件    		  264688	NAS100.1.hst
	    新文件    		   26668	NAS100.10080.hst
	    新文件    		  131428	NAS100.1440.hst
	    新文件    		  664708	NAS100.15.hst
	    新文件    		  505408	NAS100.240.hst
	    新文件    		  552868	NAS100.30.hst
	    新文件    		    6328	NAS100.43200.hst
	    新文件    		  135028	NAS100.5.hst
	    新文件    		   1.3 m	NAS100.60.hst
	    新文件    		   1.1 m	news.dat
	    新文件    		   18808	NG-C.10080.hst
	    新文件    		   93808	NG-C.1440.hst
	    新文件    		  228988	NG-C.240.hst
	    新文件    		    4528	NG-C.43200.hst
	    新文件    		  583888	NG-C.60.hst
	    新文件    		  123028	Nikkei225.60.hst
	    新文件    		   17248	NZDUSD-VIP10080.hst
	    新文件    		  109708	NZDUSD-VIP1440.hst
	    新文件    		  266128	NZDUSD-VIP240.hst
	    新文件    		    4168	NZDUSD-VIP43200.hst
	    新文件    		  123028	NZDUSD-VIP5.hst
	    新文件    		  306928	NZDUSD-VIP60.hst
	    新文件    		  254308	NZDUSD240.hst
	    新文件    		   64348	SP500.10080.hst
	    新文件    		   66868	SP500.1440.hst
	    新文件    		   92068	SP500.240.hst
	    新文件    		  123028	SP500.60.hst
	    新文件    		  549824	symbols.raw
	    新文件    		   23556	symbols.sel
	    新文件    		    2560	symgroups.raw
	    新文件    		  161840	ticks.raw
	    新文件    		   32128	UKOUSD-VIP10080.hst
	    新文件    		  134788	UKOUSD-VIP1440.hst
	    新文件    		   2.7 m	UKOUSD-VIP15.hst
	    新文件    		  500248	UKOUSD-VIP240.hst
	    新文件    		   1.9 m	UKOUSD-VIP30.hst
	    新文件    		    7588	UKOUSD-VIP43200.hst
	    新文件    		   1.4 m	UKOUSD-VIP60.hst
	    新文件    		   35368	US2000.10080.hst
	    新文件    		   93988	US2000.1440.hst
	    新文件    		  192088	US2000.240.hst
	    新文件    		    8308	US2000.43200.hst
	    新文件    		  739408	US2000.60.hst
	    新文件    		   73528	USDCAD-VIP10080.hst
	    新文件    		  132268	USDCAD-VIP1440.hst
	    新文件    		   2.3 m	USDCAD-VIP15.hst
	    新文件    		  504628	USDCAD-VIP240.hst
	    新文件    		   1.4 m	USDCAD-VIP30.hst
	    新文件    		   1.5 m	USDCAD-VIP60.hst
	    新文件    		   74188	USDCAD10080.hst
	    新文件    		  135568	USDCAD1440.hst
	    新文件    		  428788	USDCAD240.hst
	    新文件    		   18508	USDCAD43200.hst
	    新文件    		 1002148	USDCAD60.hst
	    新文件    		   24508	USDCHF-VIP10080.hst
	    新文件    		  122608	USDCHF-VIP1440.hst
	    新文件    		   1.1 m	USDCHF-VIP15.hst
	    新文件    		  504628	USDCHF-VIP240.hst
	    新文件    		  380248	USDCHF-VIP30.hst
	    新文件    		    5788	USDCHF-VIP43200.hst
	    新文件    		   1.5 m	USDCHF-VIP60.hst
	    新文件    		   22288	USDCNH-VIP10080.hst
	    新文件    		  107428	USDCNH-VIP1440.hst
	    新文件    		  255208	USDCNH-VIP240.hst
	    新文件    		    5308	USDCNH-VIP43200.hst
	    新文件    		  347788	USDCNH-VIP60.hst
	    新文件    		  628408	USDJPY-VIP1.hst
	    新文件    		   70468	USDJPY-VIP10080.hst
	    新文件    		  131968	USDJPY-VIP1440.hst
	    新文件    		   1.8 m	USDJPY-VIP15.hst
	    新文件    		  509728	USDJPY-VIP240.hst
	    新文件    		   1.3 m	USDJPY-VIP30.hst
	    新文件    		   16768	USDJPY-VIP43200.hst
	    新文件    		  127768	USDJPY-VIP5.hst
	    新文件    		   1.5 m	USDJPY-VIP60.hst
	    新文件    		   74368	USDJPY10080.hst
	    新文件    		  137188	USDJPY1440.hst
	    新文件    		  837268	USDJPY240.hst
	    新文件    		   18448	USDJPY43200.hst
	    新文件    		  989848	USDJPY60.hst
	    新文件    		  123268	USDX.1.hst
	    新文件    		   74488	USDX.10080.hst
	    新文件    		  136768	USDX.1440.hst
	    新文件    		   2.4 m	USDX.15.hst
	    新文件    		  502228	USDX.240.hst
	    新文件    		   1.1 m	USDX.30.hst
	    新文件    		   18928	USDX.43200.hst
	    新文件    		   1.4 m	USDX.60.hst
	    新文件    		   72148	XAGUSD-VIP10080.hst
	    新文件    		  136228	XAGUSD-VIP1440.hst
	    新文件    		   3.9 m	XAGUSD-VIP15.hst
	    新文件    		  502048	XAGUSD-VIP240.hst
	    新文件    		   1.0 m	XAGUSD-VIP30.hst
	    新文件    		   16708	XAGUSD-VIP43200.hst
	    新文件    		  905608	XAGUSD-VIP5.hst
	    新文件    		   1.4 m	XAGUSD-VIP60.hst
	    新文件    		  22.3 m	XAUUSD-VIP1.hst
	    新文件    		   74548	XAUUSD-VIP10080.hst
	    新文件    		  136528	XAUUSD-VIP1440.hst
	    新文件    		   5.2 m	XAUUSD-VIP15.hst
	    新文件    		  510988	XAUUSD-VIP240.hst
	    新文件    		   2.7 m	XAUUSD-VIP30.hst
	    新文件    		   18448	XAUUSD-VIP43200.hst
	    新文件    		   9.7 m	XAUUSD-VIP5.hst
	    新文件    		   1.5 m	XAUUSD-VIP60.hst
	  新目录           0	D:\Stock\trading_analysis\12_工具运行时_TOOLING_RUNTIME\a2_pdf_render_111213\
	  新目录          11	D:\Stock\trading_analysis\12_工具运行时_TOOLING_RUNTIME\Batch9_reopen_n01_vol_state_p0_v1\
	    新文件    		     150	n01_p0_fields_runtime_header_v1.txt
	    新文件    		  11.3 m	n01_p0_fields_runtime_v1.csv
	    新文件    		    3435	n01_p0_real_input_mapping_draft_v1.md
	    新文件    		   20259	n01_p0_runtime_append_acceptance_v1.md
	    新文件    		    3668	n01_p0_runtime_append_from_proof_v1.py
	    新文件    		    4545	n01_p0_runtime_append_protocol_v1.md
	    新文件    		    3407	n01_p0_runtime_append_stub_v1.py
	    新文件    		    2447	n01_p0_runtime_atr_calculation_checklist_v1.md
	    新文件    		   18295	n01_p0_runtime_gaps_v1.md
	    新文件    		   37859	n01_p0_runtime_notes_v1.md
	    新文件    		    3755	n01_p0_runtime_params_template_v1.json
	  新目录          45	D:\Stock\trading_analysis\12_工具运行时_TOOLING_RUNTIME\Batch9_reopen_n01_vol_state_p0_v1\real_input_samples\
	    新文件    		  155019	n01_aapl_nas_h1_bars_v1.csv
	    新文件    		   44305	n01_aapl_nas_h4_bars_v1.csv
	    新文件    		  518233	n01_de40_h1_bars_v1.csv
	    新文件    		  136099	n01_de40_h4_bars_v1.csv
	    新文件    		  148048	n01_eurusd_h4_bars_v1.csv
	    新文件    		   2.2 m	n01_eurusd_m15_bars_v1.csv
	    新文件    		  590844	n01_first_real_input_bars_v1.csv
	    新文件    		    4456	n01_first_real_input_bars_v1.csv.bak_20260612T034840Z
	    新文件    		   3.9 m	n01_first_real_input_bars_v1.csv.bak_20260612T042619Z
	    新文件    		  372328	n01_hk50_h1_bars_v1.csv
	    新文件    		  117118	n01_hk50_h4_bars_v1.csv
	    新文件    		  542042	n01_jp225_h1_bars_v1.csv
	    新文件    		  141017	n01_jp225_h4_bars_v1.csv
	    新文件    		    9243	n01_mt5_export_ingest_v1.py
	    新文件    		  194629	n01_proof_of_mapping_output_aapl_nas_h1_v1.csv
	    新文件    		   54833	n01_proof_of_mapping_output_aapl_nas_h4_v1.csv
	    新文件    		  625193	n01_proof_of_mapping_output_de40_h1_v1.csv
	    新文件    		  164326	n01_proof_of_mapping_output_de40_h4_v1.csv
	    新文件    		  169188	n01_proof_of_mapping_output_eurusd_h4_v1.csv
	    新文件    		   2.6 m	n01_proof_of_mapping_output_eurusd_m15_v1.csv
	    新文件    		  447781	n01_proof_of_mapping_output_hk50_h1_v1.csv
	    新文件    		  140890	n01_proof_of_mapping_output_hk50_h4_v1.csv
	    新文件    		  655785	n01_proof_of_mapping_output_jp225_h1_v1.csv
	    新文件    		  170528	n01_proof_of_mapping_output_jp225_h4_v1.csv
	    新文件    		  642539	n01_proof_of_mapping_output_us500_h1_v1.csv
	    新文件    		  167668	n01_proof_of_mapping_output_us500_h4_v1.csv
	    新文件    		  646329	n01_proof_of_mapping_output_ustec_h1_v1.csv
	    新文件    		  169290	n01_proof_of_mapping_output_ustec_h4_v1.csv
	    新文件    		  679337	n01_proof_of_mapping_output_v1.csv
	    新文件    		  651773	n01_proof_of_mapping_output_xauusd_h1_v1.csv
	    新文件    		  170698	n01_proof_of_mapping_output_xauusd_h4_v1.csv
	    新文件    		   2.5 m	n01_proof_of_mapping_output_xauusd_m15_v1.csv
	    新文件    		  605304	n01_proof_of_mapping_output_xbrusd_h1_v1.csv
	    新文件    		  168115	n01_proof_of_mapping_output_xbrusd_h4_v1.csv
	    新文件    		   13768	n01_proof_of_mapping_v1.py
	    新文件    		  505828	n01_us500_h1_bars_v1.csv
	    新文件    		  132395	n01_us500_h4_bars_v1.csv
	    新文件    		  542534	n01_ustec_h1_bars_v1.csv
	    新文件    		  141961	n01_ustec_h4_bars_v1.csv
	    新文件    		  542529	n01_xauusd_h1_bars_v1.csv
	    新文件    		  142036	n01_xauusd_h4_bars_v1.csv
	    新文件    		   2.1 m	n01_xauusd_m15_bars_v1.csv
	    新文件    		  449374	n01_xbrusd_h1_bars_v1.csv
	    新文件    		  125356	n01_xbrusd_h4_bars_v1.csv
	    新文件    		    3057	README.md
	  新目录         262	D:\Stock\trading_analysis\12_工具运行时_TOOLING_RUNTIME\Batch9_reopen_n02_session_or_p0_v1\
	    新文件    		    6104	n02_gbpusd_m15_candidate_slice_build_v1.py
	    新文件    		    1917	n02_gbpusd_m15_candidate_slice_summary_v1.json
	    新文件    		    3280	n02_gbpusd_m15_slice_downstream_acceptance_v1.md
	    新文件    		    5581	n02_gbpusd_m15_slice_downstream_runtime_notes_v1.md
	    新文件    		   16226	n02_gbpusd_m15_slice_downstream_summary_build_v1.py
	    新文件    		   11998	n02_gbpusd_m15_slice_downstream_summary_v1.json
	    新文件    		    5713	n02_gbpusd_m15_slice_downstream_summary_v1.md
	    新文件    		    1729	n02_gbpusd_m15_slice_or_break_only_beyond_multi_session_persistence_acceptance_v1.md
	    新文件    		    2333	n02_gbpusd_m15_slice_or_break_only_beyond_multi_session_persistence_runtime_notes_v1.md
	    新文件    		    1857	n02_gbpusd_m15_slice_or_break_only_beyond_next_session_continuation_acceptance_v1.md
	    新文件    		    2923	n02_gbpusd_m15_slice_or_break_only_beyond_next_session_continuation_runtime_notes_v1.md
	    新文件    		    1765	n02_gbpusd_m15_slice_or_break_only_same_day_session_close_acceptance_v1.md
	    新文件    		    2582	n02_gbpusd_m15_slice_or_break_only_same_day_session_close_runtime_notes_v1.md
	    新文件    		     747	n02_ib_fields_runtime_gbpusd_m15_candidate_report_v1.json
	    新文件    		   74369	n02_ib_fields_runtime_gbpusd_m15_candidate_v1.csv
	    新文件    		   56774	n02_ib_fields_runtime_gbpusd_m15_slice_v1.csv
	    新文件    		   17762	n02_ib_fields_runtime_v1.csv
	    新文件    		   11034	n02_ib_object_p0_build_v1.py
	    新文件    		  125177	n02_ib_object_p0_sample_gbpusd_m15_candidate_v1.csv
	    新文件    		   93092	n02_ib_object_p0_sample_gbpusd_m15_slice_v1.csv
	    新文件    		   32315	n02_ib_object_p0_sample_v1.csv
	    新文件    		    2660	n02_ib_object_p0_summary_gbpusd_m15_candidate_v1.json
	    新文件    		    2533	n02_ib_object_p0_summary_gbpusd_m15_slice_v1.json
	    新文件    		    2530	n02_ib_object_p0_summary_v1.json
	    新文件    		    9627	n02_ib_or_beyond_continuation_and_not_beyond_stability_cards_p0_build_v1.py
	    新文件    		   15595	n02_ib_or_beyond_continuation_and_not_beyond_stability_p0_build_v1.py
	    新文件    		    1870	n02_ib_or_beyond_continuation_card_summary_v1.json
	    新文件    		    1221	n02_ib_or_beyond_continuation_card_v1.md
	    新文件    		   15393	n02_ib_or_beyond_continuation_observation_p0_sample_gbpusd_m15_slice_v1.csv
	    新文件    		    5519	n02_ib_or_beyond_continuation_observation_p0_sample_v1.csv
	    新文件    		    3089	n02_ib_or_beyond_continuation_observation_p0_summary_gbpusd_m15_slice_v1.json
	    新文件    		    2925	n02_ib_or_beyond_continuation_observation_p0_summary_v1.json
	    新文件    		    1564	n02_ib_or_beyond_multi_session_persistence_card_gbpusd_m15_slice_v1.md
	    新文件    		    2206	n02_ib_or_beyond_multi_session_persistence_card_summary_gbpusd_m15_slice_v1.json
	    新文件    		    1710	n02_ib_or_beyond_multi_session_persistence_card_summary_v1.json
	    新文件    		    1086	n02_ib_or_beyond_multi_session_persistence_card_v1.md
	    新文件    		    8511	n02_ib_or_beyond_multi_session_persistence_observation_p0_sample_gbpusd_m15_slice_v1.csv
	    新文件    		    1854	n02_ib_or_beyond_multi_session_persistence_observation_p0_sample_v1.csv
	    新文件    		    3300	n02_ib_or_beyond_multi_session_persistence_observation_p0_summary_gbpusd_m15_slice_v1.json
	    新文件    		    2834	n02_ib_or_beyond_multi_session_persistence_observation_p0_summary_v1.json
	    新文件    		    1155	n02_ib_or_beyond_third_same_session_persistence_card_gbpusd_m15_slice_v1.md
	    新文件    		    1832	n02_ib_or_beyond_third_same_session_persistence_card_summary_gbpusd_m15_slice_v1.json
	    新文件    		    1730	n02_ib_or_beyond_third_same_session_persistence_card_summary_v1.json
	    新文件    		    1036	n02_ib_or_beyond_third_same_session_persistence_card_v1.md
	    新文件    		    1902	n02_ib_or_beyond_third_same_session_persistence_observation_p0_sample_gbpusd_m15_slice_v1.csv
	    新文件    		    1937	n02_ib_or_beyond_third_same_session_persistence_observation_p0_sample_v1.csv
	    新文件    		    2964	n02_ib_or_beyond_third_same_session_persistence_observation_p0_summary_gbpusd_m15_slice_v1.json
	    新文件    		    2892	n02_ib_or_beyond_third_same_session_persistence_observation_p0_summary_v1.json
	    新文件    		    2119	n02_ib_or_break_bar_evidence_acceptance_v1.md
	    新文件    		   22876	n02_ib_or_break_bar_evidence_p0_build_v1.py
	    新文件    		  158809	n02_ib_or_break_bar_evidence_p0_sample_gbpusd_m15_slice_v1.csv
	    新文件    		   56764	n02_ib_or_break_bar_evidence_p0_sample_v1.csv
	    新文件    		    4106	n02_ib_or_break_bar_evidence_p0_summary_gbpusd_m15_slice_v1.json
	    新文件    		    4091	n02_ib_or_break_bar_evidence_p0_summary_v1.json
	    新文件    		    3452	n02_ib_or_break_bar_evidence_runtime_notes_v1.md
	    新文件    		   16971	n02_ib_or_confirmed_cross_candidates_p0_sample_gbpusd_m15_slice_v1.csv
	    新文件    		    5566	n02_ib_or_confirmed_cross_candidates_p0_sample_v1.csv
	    新文件    		   18620	n02_ib_or_confirmed_cross_outcome_shell_p0_sample_gbpusd_m15_slice_v1.csv
	    新文件    		    6069	n02_ib_or_confirmed_cross_outcome_shell_p0_sample_v1.csv
	    新文件    		    1625	n02_ib_or_cross_outcome_split_acceptance_v1.md
	    新文件    		   14833	n02_ib_or_cross_outcome_split_p0_build_v1.py
	    新文件    		    4027	n02_ib_or_cross_outcome_split_p0_summary_gbpusd_m15_slice_v1.json
	    新文件    		    4245	n02_ib_or_cross_outcome_split_p0_summary_v1.json
	    新文件    		    3284	n02_ib_or_cross_outcome_split_runtime_notes_v1.md
	    新文件    		    1495	n02_ib_or_first_break_relative_acceptance_v1.md
	    新文件    		   13447	n02_ib_or_first_break_relative_p0_build_v1.py
	    新文件    		  178176	n02_ib_or_first_break_relative_p0_sample_gbpusd_m15_candidate_v1.csv
	    新文件    		  132243	n02_ib_or_first_break_relative_p0_sample_gbpusd_m15_slice_v1.csv
	    新文件    		   46407	n02_ib_or_first_break_relative_p0_sample_v1.csv
	    新文件    		    3441	n02_ib_or_first_break_relative_p0_summary_gbpusd_m15_candidate_v1.json
	    新文件    		    3340	n02_ib_or_first_break_relative_p0_summary_gbpusd_m15_slice_v1.json
	    新文件    		    3294	n02_ib_or_first_break_relative_p0_summary_v1.json
	    新文件    		    3035	n02_ib_or_first_break_relative_runtime_notes_v1.md
	    新文件    		    2530	n02_ib_or_multi_session_branch_cards_acceptance_v1.md
	    新文件    		    3901	n02_ib_or_multi_session_branch_cards_runtime_notes_v1.md
	    新文件    		   11213	n02_ib_or_multi_session_persistence_and_stability_cards_p0_build_v1.py
	    新文件    		   16051	n02_ib_or_multi_session_persistence_and_stability_p0_build_v1.py
	    新文件    		    2752	n02_ib_or_multi_session_persistence_stability_acceptance_v1.md
	    新文件    		    4127	n02_ib_or_multi_session_persistence_stability_runtime_notes_v1.md
	    新文件    		    3246	n02_ib_or_next_session_branch_cards_acceptance_v1.md
	    新文件    		    4360	n02_ib_or_next_session_branch_cards_runtime_notes_v1.md
	    新文件    		    2224	n02_ib_or_next_session_continuation_stability_acceptance_v1.md
	    新文件    		    5613	n02_ib_or_next_session_continuation_stability_runtime_notes_v1.md
	    新文件    		    1520	n02_ib_or_not_beyond_multi_session_stability_card_gbpusd_m15_slice_v1.md
	    新文件    		    2150	n02_ib_or_not_beyond_multi_session_stability_card_summary_gbpusd_m15_slice_v1.json
	    新文件    		    1853	n02_ib_or_not_beyond_multi_session_stability_card_summary_v1.json
	    新文件    		    1227	n02_ib_or_not_beyond_multi_session_stability_card_v1.md
	    新文件    		    9274	n02_ib_or_not_beyond_multi_session_stability_observation_p0_sample_gbpusd_m15_slice_v1.csv
	    新文件    		    1838	n02_ib_or_not_beyond_multi_session_stability_observation_p0_sample_v1.csv
	    新文件    		    3252	n02_ib_or_not_beyond_multi_session_stability_observation_p0_summary_gbpusd_m15_slice_v1.json
	    新文件    		    2985	n02_ib_or_not_beyond_multi_session_stability_observation_p0_summary_v1.json
	    新文件    		   12299	n02_ib_or_not_beyond_pullback_stability_observation_p0_sample_gbpusd_m15_slice_v1.csv
	    新文件    		    3882	n02_ib_or_not_beyond_pullback_stability_observation_p0_sample_v1.csv
	    新文件    		    3122	n02_ib_or_not_beyond_pullback_stability_observation_p0_summary_gbpusd_m15_slice_v1.json
	    新文件    		    3001	n02_ib_or_not_beyond_pullback_stability_observation_p0_summary_v1.json
	    新文件    		    1925	n02_ib_or_not_beyond_stability_card_summary_v1.json
	    新文件    		    1266	n02_ib_or_not_beyond_stability_card_v1.md
	    新文件    		    1441	n02_ib_or_not_beyond_third_same_session_stability_card_gbpusd_m15_slice_v1.md
	    新文件    		    2145	n02_ib_or_not_beyond_third_same_session_stability_card_summary_gbpusd_m15_slice_v1.json
	    新文件    		    1675	n02_ib_or_not_beyond_third_same_session_stability_card_summary_v1.json
	    新文件    		     995	n02_ib_or_not_beyond_third_same_session_stability_card_v1.md
	    新文件    		    6407	n02_ib_or_not_beyond_third_same_session_stability_observation_p0_sample_gbpusd_m15_slice_v1.csv
	    新文件    		    1245	n02_ib_or_not_beyond_third_same_session_stability_observation_p0_sample_v1.csv
	    新文件    		    3277	n02_ib_or_not_beyond_third_same_session_stability_observation_p0_summary_gbpusd_m15_slice_v1.json
	    新文件    		    2837	n02_ib_or_not_beyond_third_same_session_stability_observation_p0_summary_v1.json
	    新文件    		    1016	n02_ib_or_or_break_only_branch_card_gbpusd_m15_slice_v1.md
	    新文件    		    1007	n02_ib_or_or_break_only_branch_card_v1.md
	    新文件    		    1779	n02_ib_or_or_break_only_branch_summary_gbpusd_m15_slice_v1.json
	    新文件    		    1809	n02_ib_or_or_break_only_branch_summary_v1.json
	    新文件    		  108977	n02_ib_or_or_break_only_candidates_p0_sample_gbpusd_m15_slice_v1.csv
	    新文件    		   41118	n02_ib_or_or_break_only_candidates_p0_sample_v1.csv
	    新文件    		  139521	n02_ib_or_or_break_only_return_inside_or_same_day_candidates_p0_sample_gbpusd_m15_slice_v1.csv
	    新文件    		   20858	n02_ib_or_or_break_only_same_day_session_close_split_p0_build_v1.py
	    新文件    		    3364	n02_ib_or_or_break_only_same_day_session_close_split_p0_summary_gbpusd_m15_slice_v1.json
	    新文件    		   75133	n02_ib_or_or_break_only_session_close_beyond_or_candidates_p0_sample_gbpusd_m15_slice_v1.csv
	    新文件    		     931	n02_ib_or_or_break_only_session_close_beyond_or_card_gbpusd_m15_slice_v1.md
	    新文件    		    1645	n02_ib_or_or_break_only_session_close_beyond_or_multi_session_persistence_card_gbpusd_m15_slice_v1.md
	    新文件    		    2436	n02_ib_or_or_break_only_session_close_beyond_or_multi_session_persistence_card_summary_gbpusd_m15_slice_v1.json
	    新文件    		   62661	n02_ib_or_or_break_only_session_close_beyond_or_multi_session_persistence_observation_p0_sample_gbpusd_m15_slice_v1.csv
	    新文件    		   18734	n02_ib_or_or_break_only_session_close_beyond_or_multi_session_persistence_p0_build_v1.py
	    新文件    		    3578	n02_ib_or_or_break_only_session_close_beyond_or_multi_session_persistence_p0_summary_gbpusd_m15_slice_v1.json
	    新文件    		    1574	n02_ib_or_or_break_only_session_close_beyond_or_next_session_continuation_card_gbpusd_m15_slice_v1.md
	    新文件    		    2393	n02_ib_or_or_break_only_session_close_beyond_or_next_session_continuation_card_summary_gbpusd_m15_slice_v1.json
	    新文件    		   78292	n02_ib_or_or_break_only_session_close_beyond_or_next_session_continuation_observation_p0_sample_gbpusd_m15_slice_v1.csv
	    新文件    		   18354	n02_ib_or_or_break_only_session_close_beyond_or_next_session_continuation_p0_build_v1.py
	    新文件    		    3131	n02_ib_or_or_break_only_session_close_beyond_or_next_session_continuation_p0_summary_gbpusd_m15_slice_v1.json
	    新文件    		    2488	n02_ib_or_or_break_only_session_close_beyond_or_summary_gbpusd_m15_slice_v1.json
	    新文件    		   70489	n02_ib_or_or_break_only_session_close_not_beyond_or_candidates_p0_sample_gbpusd_m15_slice_v1.csv
	    新文件    		     949	n02_ib_or_or_break_only_session_close_not_beyond_or_card_gbpusd_m15_slice_v1.md
	    新文件    		    2527	n02_ib_or_or_break_only_session_close_not_beyond_or_summary_gbpusd_m15_slice_v1.json
	    新文件    		    1875	n02_ib_or_post_cross_path_acceptance_v1.md
	    新文件    		   20208	n02_ib_or_post_cross_path_and_or_break_only_card_p0_build_v1.py
	    新文件    		   24585	n02_ib_or_post_cross_path_observation_p0_sample_gbpusd_m15_slice_v1.csv
	    新文件    		    8122	n02_ib_or_post_cross_path_observation_p0_sample_v1.csv
	    新文件    		    2758	n02_ib_or_post_cross_path_observation_p0_summary_gbpusd_m15_slice_v1.json
	    新文件    		    2829	n02_ib_or_post_cross_path_observation_p0_summary_v1.json
	    新文件    		    3807	n02_ib_or_post_cross_path_runtime_notes_v1.md
	    新文件    		    1778	n02_ib_or_relation_acceptance_v1.md
	    新文件    		   16290	n02_ib_or_relation_p0_build_v1.py
	    新文件    		  211065	n02_ib_or_relation_p0_sample_gbpusd_m15_candidate_v1.csv
	    新文件    		  157094	n02_ib_or_relation_p0_sample_gbpusd_m15_slice_v1.csv
	    新文件    		   54477	n02_ib_or_relation_p0_sample_v1.csv
	    新文件    		    3413	n02_ib_or_relation_p0_summary_gbpusd_m15_candidate_v1.json
	    新文件    		    3277	n02_ib_or_relation_p0_summary_gbpusd_m15_slice_v1.json
	    新文件    		    3265	n02_ib_or_relation_p0_summary_v1.json
	    新文件    		    3034	n02_ib_or_relation_runtime_notes_v1.md
	    新文件    		    1859	n02_ib_or_return_inside_and_session_close_split_acceptance_v1.md
	    新文件    		   16229	n02_ib_or_return_inside_and_session_close_split_p0_build_v1.py
	    新文件    		    3901	n02_ib_or_return_inside_and_session_close_split_runtime_notes_v1.md
	    新文件    		   19371	n02_ib_or_return_inside_ib_same_day_candidates_p0_sample_gbpusd_m15_slice_v1.csv
	    新文件    		    6728	n02_ib_or_return_inside_ib_same_day_candidates_p0_sample_v1.csv
	    新文件    		     966	n02_ib_or_return_inside_ib_same_day_card_gbpusd_m15_slice_v1.md
	    新文件    		     956	n02_ib_or_return_inside_ib_same_day_card_v1.md
	    新文件    		    2396	n02_ib_or_return_inside_ib_same_day_summary_gbpusd_m15_slice_v1.json
	    新文件    		    2438	n02_ib_or_return_inside_ib_same_day_summary_v1.json
	    新文件    		    8654	n02_ib_or_session_close_beyond_and_not_beyond_cards_p0_build_v1.py
	    新文件    		   11288	n02_ib_or_session_close_beyond_ib_candidates_p0_sample_gbpusd_m15_slice_v1.csv
	    新文件    		    4035	n02_ib_or_session_close_beyond_ib_candidates_p0_sample_v1.csv
	    新文件    		     877	n02_ib_or_session_close_beyond_ib_card_gbpusd_m15_slice_v1.md
	    新文件    		     783	n02_ib_or_session_close_beyond_ib_card_v1.md
	    新文件    		    2145	n02_ib_or_session_close_beyond_ib_summary_gbpusd_m15_slice_v1.json
	    新文件    		    2052	n02_ib_or_session_close_beyond_ib_summary_v1.json
	    新文件    		    2395	n02_ib_or_session_close_beyond_split_p0_summary_gbpusd_m15_slice_v1.json
	    新文件    		    2435	n02_ib_or_session_close_beyond_split_p0_summary_v1.json
	    新文件    		    1946	n02_ib_or_session_close_branch_cards_acceptance_v1.md
	    新文件    		    3578	n02_ib_or_session_close_branch_cards_runtime_notes_v1.md
	    新文件    		    9001	n02_ib_or_session_close_not_beyond_ib_candidates_p0_sample_gbpusd_m15_slice_v1.csv
	    新文件    		    2789	n02_ib_or_session_close_not_beyond_ib_candidates_p0_sample_v1.csv
	    新文件    		     918	n02_ib_or_session_close_not_beyond_pullback_card_gbpusd_m15_slice_v1.md
	    新文件    		     892	n02_ib_or_session_close_not_beyond_pullback_card_v1.md
	    新文件    		    2198	n02_ib_or_session_close_not_beyond_pullback_summary_gbpusd_m15_slice_v1.json
	    新文件    		    2204	n02_ib_or_session_close_not_beyond_pullback_summary_v1.json
	    新文件    		    1970	n02_ib_or_third_same_session_branch_cards_acceptance_v1.md
	    新文件    		    3715	n02_ib_or_third_same_session_branch_cards_runtime_notes_v1.md
	    新文件    		   11180	n02_ib_or_third_same_session_persistence_and_stability_cards_p0_build_v1.py
	    新文件    		   16221	n02_ib_or_third_same_session_persistence_and_stability_p0_build_v1.py
	    新文件    		    2099	n02_ib_or_third_same_session_persistence_stability_acceptance_v1.md
	    新文件    		    4279	n02_ib_or_third_same_session_persistence_stability_runtime_notes_v1.md
	    新文件    		    1571	n02_ib_or_third_same_session_terminal_summary_acceptance_v1.md
	    新文件    		    7654	n02_ib_or_third_same_session_terminal_summary_build_v1.py
	    新文件    		    2091	n02_ib_or_third_same_session_terminal_summary_gbpusd_m15_slice_v1.json
	    新文件    		    1369	n02_ib_or_third_same_session_terminal_summary_gbpusd_m15_slice_v1.md
	    新文件    		    2410	n02_ib_or_third_same_session_terminal_summary_runtime_notes_v1.md
	    新文件    		    1951	n02_ib_or_third_same_session_terminal_summary_v1.json
	    新文件    		    1162	n02_ib_or_third_same_session_terminal_summary_v1.md
	    新文件    		    8021	n02_ib_runtime_append_from_proof_v1.py
	    新文件    		    6229	n02_ib_runtime_notes_v1.md
	    新文件    		    1806	n02_other_symbol_other_timeframe_validation_xauusd_m5_acceptance_v1.md
	    新文件    		    7948	n02_other_symbol_other_timeframe_validation_xauusd_m5_build_v1.py
	    新文件    		    3595	n02_other_symbol_other_timeframe_validation_xauusd_m5_runtime_notes_v1.md
	    新文件    		    2647	n02_other_symbol_other_timeframe_validation_xauusd_m5_summary_v1.json
	    新文件    		     987	n02_other_symbol_other_timeframe_validation_xauusd_m5_summary_v1.md
	    新文件    		    1558	n02_other_symbol_validation_xauusd_m1_tail_acceptance_v1.md
	    新文件    		    7681	n02_other_symbol_validation_xauusd_m1_tail_build_v1.py
	    新文件    		    3015	n02_other_symbol_validation_xauusd_m1_tail_runtime_notes_v1.md
	    新文件    		    2523	n02_other_symbol_validation_xauusd_m1_tail_summary_v1.json
	    新文件    		     903	n02_other_symbol_validation_xauusd_m1_tail_summary_v1.md
	    新文件    		    1648	n02_other_timeframe_validation_eurusd_m5_fall_dst_acceptance_v1.md
	    新文件    		    7288	n02_other_timeframe_validation_eurusd_m5_fall_dst_build_v1.py
	    新文件    		    3197	n02_other_timeframe_validation_eurusd_m5_fall_dst_runtime_notes_v1.md
	    新文件    		    4814	n02_other_timeframe_validation_eurusd_m5_fall_dst_summary_v1.json
	    新文件    		     903	n02_other_timeframe_validation_eurusd_m5_fall_dst_summary_v1.md
	    新文件    		     759	n02_p0_fields_runtime_gbpusd_m15_candidate_report_v1.json
	    新文件    		   72450	n02_p0_fields_runtime_gbpusd_m15_candidate_v1.csv
	    新文件    		   53596	n02_p0_fields_runtime_gbpusd_m15_slice_v1.csv
	    新文件    		     266	n02_p0_fields_runtime_header_v1.txt
	    新文件    		     283	n02_p0_fields_runtime_header_v2.txt
	    新文件    		    2644	n02_p0_fields_runtime_v1.csv
	    新文件    		   19138	n02_p0_fields_runtime_v2.csv
	    新文件    		    3230	n02_p0_real_input_mapping_draft_v1.md
	    新文件    		    2391	n02_p0_runtime_append_acceptance_v1.md
	    新文件    		    4444	n02_p0_runtime_append_acceptance_v2.md
	    新文件    		    4034	n02_p0_runtime_append_from_proof_v1.py
	    新文件    		    7034	n02_p0_runtime_append_from_proof_v2.py
	    新文件    		    3261	n02_p0_runtime_append_protocol_v1.md
	    新文件    		     512	n02_p0_runtime_append_protocol_v2.md
	    新文件    		    3730	n02_p0_runtime_append_stub_v1.py
	    新文件    		    2440	n02_p0_runtime_gaps_v1.md
	    新文件    		    1327	n02_p0_runtime_gaps_v2.md
	    新文件    		    5716	n02_p0_runtime_notes_v1.md
	    新文件    		    7812	n02_p0_runtime_notes_v2.md
	    新文件    		    4012	n02_p0_runtime_params_template_v1.json
	    新文件    		   17905	n02_p0_runtime_session_calendar_dst_checklist_v1.md
	    新文件    		     886	n02_runtime_ref_check_acceptance_v1.md
	    新文件    		    5972	n02_runtime_ref_check_report_v1.json
	    新文件    		    1626	n02_runtime_ref_check_runtime_notes_v1.md
	    新文件    		    8814	n02_runtime_ref_check_v1.py
	    新文件    		    1943	n02_second_fx_subhour_historical_recovery_gbpusd_m15_acceptance_v1.md
	    新文件    		    9900	n02_second_fx_subhour_historical_recovery_gbpusd_m15_build_v1.py
	    新文件    		    4110	n02_second_fx_subhour_historical_recovery_gbpusd_m15_runtime_notes_v1.md
	    新文件    		    5373	n02_second_fx_subhour_historical_recovery_gbpusd_m15_summary_v1.json
	    新文件    		    1475	n02_second_fx_subhour_historical_recovery_gbpusd_m15_summary_v1.md
	    新文件    		    1588	n02_second_fx_subhour_input_acquisition_acceptance_v1.md
	    新文件    		   10308	n02_second_fx_subhour_input_acquisition_build_v1.py
	    新文件    		    2510	n02_second_fx_subhour_input_acquisition_runtime_notes_v1.md
	    新文件    		    9906	n02_second_fx_subhour_input_acquisition_summary_v1.json
	    新文件    		    1148	n02_second_fx_subhour_input_acquisition_summary_v1.md
	    新文件    		    1927	n02_second_fx_subhour_input_cache_recovery_ready_acceptance_v1.md
	    新文件    		   12575	n02_second_fx_subhour_input_cache_recovery_ready_build_v1.py
	    新文件    		    3039	n02_second_fx_subhour_input_cache_recovery_ready_runtime_notes_v1.md
	    新文件    		    9168	n02_second_fx_subhour_input_cache_recovery_ready_summary_v1.json
	    新文件    		    1333	n02_second_fx_subhour_input_cache_recovery_ready_summary_v1.md
	    新文件    		    1105	n02_second_fx_subhour_input_gate_acceptance_v1.md
	    新文件    		    6849	n02_second_fx_subhour_input_gate_build_v1.py
	    新文件    		    2057	n02_second_fx_subhour_input_gate_runtime_notes_v1.md
	    新文件    		    3452	n02_second_fx_subhour_input_gate_summary_v1.json
	    新文件    		     929	n02_second_fx_subhour_input_gate_summary_v1.md
	    新文件    		    1880	n02_second_fx_subhour_terminal_export_insufficient_acceptance_v1.md
	    新文件    		   11679	n02_second_fx_subhour_terminal_export_insufficient_build_v1.py
	    新文件    		    2750	n02_second_fx_subhour_terminal_export_insufficient_runtime_notes_v1.md
	    新文件    		    3867	n02_second_fx_subhour_terminal_export_insufficient_summary_v1.json
	    新文件    		    2340	n02_second_fx_subhour_terminal_export_insufficient_summary_v1.md
	    新文件    		    1769	n02_second_fx_symbol_input_gate_gbpusd_h1_acceptance_v1.md
	    新文件    		    9969	n02_second_fx_symbol_input_gate_gbpusd_h1_build_v1.py
	    新文件    		    3342	n02_second_fx_symbol_input_gate_gbpusd_h1_runtime_notes_v1.md
	    新文件    		    3793	n02_second_fx_symbol_input_gate_gbpusd_h1_summary_v1.json
	    新文件    		    1538	n02_second_fx_symbol_input_gate_gbpusd_h1_summary_v1.md
	    新文件    		    1688	n02_wider_history_validation_eurusd_m5_from_m1_acceptance_v1.md
	    新文件    		    7143	n02_wider_history_validation_eurusd_m5_from_m1_build_v1.py
	    新文件    		    2921	n02_wider_history_validation_eurusd_m5_from_m1_runtime_notes_v1.md
	    新文件    		    3579	n02_wider_history_validation_eurusd_m5_from_m1_summary_v1.json
	    新文件    		    1009	n02_wider_history_validation_eurusd_m5_from_m1_summary_v1.md
	  新目录          49	D:\Stock\trading_analysis\12_工具运行时_TOOLING_RUNTIME\Batch9_reopen_n02_session_or_p0_v1\real_input_samples\
	    新文件    		    5253	n02_aggregate_bars_to_m5_v1.py
	    新文件    		   57592	n02_dst_london_fall_20251023_20251028_bars.csv
	    新文件    		  191548	n02_dst_london_spring_20260327_20260331_bars.csv
	    新文件    		   38281	n02_dst_newyork_fall_20251031_20251104_bars.csv
	    新文件    		  114756	n02_dst_newyork_spring_20260306_20260310_bars.csv
	    新文件    		    4141	n02_expand_real_input_with_dst_report_v1.json
	    新文件    		    5645	n02_expand_real_input_with_dst_v1.py
	    新文件    		   6.2 m	n02_first_real_input_bars_v1.csv
	    新文件    		    3952	n02_first_real_input_bars_v1.csv.bak_20260612T034756Z
	    新文件    		   1.2 m	n02_first_real_input_bars_v1.csv.bak_20260612T042540Z
	    新文件    		   6.2 m	n02_first_real_input_bars_v1.csv.bak_20260703T143053Z
	    新文件    		   6.2 m	n02_first_real_input_bars_v1.csv.bak_20260704T154435Z
	    新文件    		   6.3 m	n02_first_real_input_bars_v1.csv.bak_20260704T154531Z
	    新文件    		    1442	n02_ib_proof_of_mapping_output_eurusd_m5_fall_dst_v1.csv
	    新文件    		   17762	n02_ib_proof_of_mapping_output_eurusd_m5_from_m1_main_v1.csv
	    新文件    		  684982	n02_ib_proof_of_mapping_output_gbpusd_h1_v1.csv
	    新文件    		   56774	n02_ib_proof_of_mapping_output_gbpusd_m15_v1.csv
	    新文件    		   17762	n02_ib_proof_of_mapping_output_v1.csv
	    新文件    		    4291	n02_ib_proof_of_mapping_output_xauusd_m1_tail_v1.csv
	    新文件    		   70930	n02_ib_proof_of_mapping_output_xauusd_m5_jobs_v1.csv
	    新文件    		   11352	n02_ib_proof_of_mapping_v1.py
	    新文件    		    7886	n02_mt4_hst_ingest_v1.py
	    新文件    		   11023	n02_mt5_export_ingest_v1.py
	    新文件    		     345	n02_or_proof_config_v1.json
	    新文件    		    1934	n02_proof_of_mapping_output_eurusd_m5_fall_dst_v1.csv
	    新文件    		   19140	n02_proof_of_mapping_output_eurusd_m5_from_m1_main_v1.csv
	    新文件    		   53596	n02_proof_of_mapping_output_gbpusd_m15_v1.csv
	    新文件    		    2644	n02_proof_of_mapping_output_v1.csv
	    新文件    		   19138	n02_proof_of_mapping_output_v2.csv
	    新文件    		   19138	n02_proof_of_mapping_output_v2_recheck.csv
	    新文件    		    4885	n02_proof_of_mapping_output_xauusd_m1_tail_v1.csv
	    新文件    		   75851	n02_proof_of_mapping_output_xauusd_m5_jobs_v1.csv
	    新文件    		     706	n02_proof_of_mapping_output__single_verify_20260610_utc_v1.csv
	    新文件    		   13582	n02_proof_of_mapping_v1.py
	    新文件    		   23713	n02_proof_of_mapping_v2.py
	    新文件    		   95244	n02_real_input_eurusd_m1_20260610_utc_v1.csv
	    新文件    		   95244	n02_real_input_eurusd_m1_20260610_utc_v1.csv.bak_20260703T142508Z
	    新文件    		    2393	n02_real_input_eurusd_m5_fall_dst_report_v1.json
	    新文件    		   95826	n02_real_input_eurusd_m5_fall_dst_v1.csv
	    新文件    		    1193	n02_real_input_eurusd_m5_from_m1_main_report_v1.json
	    新文件    		   1.2 m	n02_real_input_eurusd_m5_from_m1_main_v1.csv
	    新文件    		   3.9 m	n02_real_input_gbpusd_h1_v1.csv
	    新文件    		    1731	n02_real_input_gbpusd_m15_report_v1.json
	    新文件    		   1.1 m	n02_real_input_gbpusd_m15_v1.csv
	    新文件    		   1.2 m	n02_real_input_xauusd_m1_tail_v1.csv
	    新文件    		    1248	n02_real_input_xauusd_m5_from_m1_tail_report_v1.json
	    新文件    		  304047	n02_real_input_xauusd_m5_from_m1_tail_v1.csv
	    新文件    		   4.2 m	n02_real_input_xauusd_m5_jobs_v1.csv
	    新文件    		    6699	README.md
	  新目录          13	D:\Stock\trading_analysis\12_工具运行时_TOOLING_RUNTIME\kd_mtf_p0_v1\
	    新文件    		    3640	kd_mtf_p0_b_blocker_note_v1.md
	    新文件    		    4623	kd_mtf_p0_directory_index_card_v1.md
	    新文件    		     126	kd_mtf_p0_fields_runtime_header_v1.txt
	    新文件    		    1209	kd_mtf_p0_fields_runtime_v1.csv
	    新文件    		    3560	kd_mtf_p0_object_responsibility_card_v1.md
	    新文件    		    3196	kd_mtf_p0_quick_entry_card_v1.md
	    新文件    		   13214	kd_mtf_p0_real_input_mapping_draft_v1.md
	    新文件    		    5003	kd_mtf_p0_runtime_append_acceptance_v1.md
	    新文件    		    5074	kd_mtf_p0_runtime_append_protocol_v1.md
	    新文件    		    3701	kd_mtf_p0_runtime_append_stub_v1.py
	    新文件    		    1715	kd_mtf_p0_runtime_gaps_v1.md
	    新文件    		    3925	kd_mtf_p0_runtime_notes_v1.md
	    新文件    		    6082	kd_mtf_p0_runtime_params_template_v1.json
	  新目录           2	D:\Stock\trading_analysis\12_工具运行时_TOOLING_RUNTIME\kd_mtf_p0_v1\real_input_samples\
	    新文件    		    1355	kd_mtf_p0_proof_input_v1.csv
	    新文件    		    1207	kd_mtf_p0_proof_output_v1.csv
	  新目录           1	D:\Stock\trading_analysis\12_工具运行时_TOOLING_RUNTIME\mt4_probe_instance\
	    新文件    		     319	README.md
	  新目录          34	D:\Stock\trading_analysis\12_工具运行时_TOOLING_RUNTIME\pv_corr_state_p0_v1\
	    新文件    		    2715	pv_corr_state_p0_append_compatibility_acceptance_v1.md
	    新文件    		    2067	pv_corr_state_p0_append_from_bar_window_stub_v1.py
	    新文件    		    2602	pv_corr_state_p0_bar_window_input_contract_v1.md
	    新文件    		     143	pv_corr_state_p0_bar_window_input_header_v1.txt
	    新文件    		    2445	pv_corr_state_p0_bar_window_mapping_acceptance_v1.md
	    新文件    		    2135	pv_corr_state_p0_bar_window_sample_acceptance_v1.md
	    新文件    		    2355	pv_corr_state_p0_bar_window_sample_schema_v1.md
	    新文件    		    2095	pv_corr_state_p0_bar_window_stub_acceptance_v1.md
	    新文件    		    1694	pv_corr_state_p0_chain_summary_acceptance_compare_v1.md
	    新文件    		    2130	pv_corr_state_p0_chain_summary_index_v1.md
	    新文件    		    2891	pv_corr_state_p0_export_chain_summary_index_v1.py
	    新文件    		    2621	pv_corr_state_p0_export_manifest_freeze_v1.py
	    新文件    		    3240	pv_corr_state_p0_export_replay_preview_v1.py
	    新文件    		      83	pv_corr_state_p0_fields_output_header_v1.txt
	    新文件    		     469	pv_corr_state_p0_fields_runtime_v1.csv
	    新文件    		    1580	pv_corr_state_p0_manifest_freeze_v1.md
	    新文件    		    3560	pv_corr_state_p0_min_contract_v1.md
	    新文件    		    1557	pv_corr_state_p0_proof_of_mapping_v1.md
	    新文件    		    2167	pv_corr_state_p0_replay_chain_acceptance_v1.md
	    新文件    		    2595	pv_corr_state_p0_replay_preview_acceptance_v1.md
	    新文件    		    1853	pv_corr_state_p0_replay_preview_acceptance_validation_v1.md
	    新文件    		     340	pv_corr_state_p0_replay_preview_rows_v1.csv
	    新文件    		    2683	pv_corr_state_p0_runtime_append_acceptance_v1.md
	    新文件    		    3906	pv_corr_state_p0_runtime_append_stub_v1.py
	    新文件    		    5674	pv_corr_state_p0_runtime_notes_v1.md
	    新文件    		    4025	pv_corr_state_p0_runtime_params_template_v1.json
	    新文件    		    2468	pv_corr_state_p0_simulate_append_diff_acceptance_v1.md
	    新文件    		    3382	pv_corr_state_p0_simulate_append_diff_v1.py
	    新文件    		    3058	pv_corr_state_p0_validate_append_compatibility_v1.py
	    新文件    		    5107	pv_corr_state_p0_validate_bar_window_mapping_v1.py
	    新文件    		    5459	pv_corr_state_p0_validate_bar_window_sample_v1.py
	    新文件    		    2926	pv_corr_state_p0_validate_chain_summary_acceptance_compare_v1.py
	    新文件    		    3887	pv_corr_state_p0_validate_replay_chain_v1.py
	    新文件    		    2805	pv_corr_state_p0_validate_replay_preview_acceptance_v1.py
	  新目录           3	D:\Stock\trading_analysis\12_工具运行时_TOOLING_RUNTIME\pv_corr_state_p0_v1\real_input_samples\
	    新文件    		     514	pv_corr_state_p0_bar_window_sample_input_v1.csv
	    新文件    		     531	pv_corr_state_p0_proof_input_v1.csv
	    新文件    		     463	pv_corr_state_p0_proof_output_v1.csv
	  新目录          34	D:\Stock\trading_analysis\12_工具运行时_TOOLING_RUNTIME\rsj_state_p0_v1\
	    新文件    		    2667	rsj_state_p0_append_compatibility_acceptance_v1.md
	    新文件    		    2005	rsj_state_p0_append_from_raw_window_stub_v1.py
	    新文件    		    1666	rsj_state_p0_chain_summary_acceptance_compare_v1.md
	    新文件    		    2066	rsj_state_p0_chain_summary_index_v1.md
	    新文件    		    2875	rsj_state_p0_export_chain_summary_index_v1.py
	    新文件    		    2609	rsj_state_p0_export_manifest_freeze_v1.py
	    新文件    		    3131	rsj_state_p0_export_replay_preview_v1.py
	    新文件    		      90	rsj_state_p0_fields_output_header_v1.txt
	    新文件    		     423	rsj_state_p0_fields_runtime_v1.csv
	    新文件    		    1544	rsj_state_p0_manifest_freeze_v1.md
	    新文件    		    3124	rsj_state_p0_min_contract_v1.md
	    新文件    		    1374	rsj_state_p0_proof_of_mapping_v1.md
	    新文件    		    2261	rsj_state_p0_raw_window_input_contract_v1.md
	    新文件    		      90	rsj_state_p0_raw_window_input_header_v1.txt
	    新文件    		    2383	rsj_state_p0_raw_window_mapping_acceptance_v1.md
	    新文件    		    1970	rsj_state_p0_raw_window_sample_acceptance_v1.md
	    新文件    		    2228	rsj_state_p0_raw_window_sample_schema_v1.md
	    新文件    		    2012	rsj_state_p0_raw_window_stub_acceptance_v1.md
	    新文件    		    2131	rsj_state_p0_replay_chain_acceptance_v1.md
	    新文件    		    2532	rsj_state_p0_replay_preview_acceptance_v1.md
	    新文件    		    1821	rsj_state_p0_replay_preview_acceptance_validation_v1.md
	    新文件    		     325	rsj_state_p0_replay_preview_rows_v1.csv
	    新文件    		    2615	rsj_state_p0_runtime_append_acceptance_v1.md
	    新文件    		    3918	rsj_state_p0_runtime_append_stub_v1.py
	    新文件    		    5335	rsj_state_p0_runtime_notes_v1.md
	    新文件    		    3882	rsj_state_p0_runtime_params_template_v1.json
	    新文件    		    2428	rsj_state_p0_simulate_append_diff_acceptance_v1.md
	    新文件    		    3337	rsj_state_p0_simulate_append_diff_v1.py
	    新文件    		    2949	rsj_state_p0_validate_append_compatibility_v1.py
	    新文件    		    2914	rsj_state_p0_validate_chain_summary_acceptance_compare_v1.py
	    新文件    		    4519	rsj_state_p0_validate_raw_window_mapping_v1.py
	    新文件    		    5051	rsj_state_p0_validate_raw_window_sample_v1.py
	    新文件    		    3787	rsj_state_p0_validate_replay_chain_v1.py
	    新文件    		    2806	rsj_state_p0_validate_replay_preview_acceptance_v1.py
	  新目录           3	D:\Stock\trading_analysis\12_工具运行时_TOOLING_RUNTIME\rsj_state_p0_v1\real_input_samples\
	    新文件    		     438	rsj_state_p0_proof_input_v1.csv
	    新文件    		     417	rsj_state_p0_proof_output_v1.csv
	    新文件    		     406	rsj_state_p0_raw_window_sample_input_v1.csv
	  新目录           4	D:\Stock\trading_analysis\12_工具运行时_TOOLING_RUNTIME\TK_R6\
	    新文件    		    1489	README_放这里.md
	    新文件    		     481	tkr6_manual_audit_sheet_v1.tsv
	    新文件    		     509	tkr6_manual_audit_summary_v1.md
	    新文件    		     195	tkr6_manual_audit_summary_v1.tsv
	  新目录           4	D:\Stock\trading_analysis\12_工具运行时_TOOLING_RUNTIME\TK_R7\
	    新文件    		    1551	README_放这里.md
	    新文件    		     365	tkr7_manual_audit_sheet_v1.tsv
	    新文件    		     314	tkr7_manual_audit_summary_v1.md
	    新文件    		      44	tkr7_manual_audit_summary_v1.tsv
	  新目录           4	D:\Stock\trading_analysis\12_工具运行时_TOOLING_RUNTIME\TK_R8\
	    新文件    		    1624	README_放这里.md
	    新文件    		     403	tkr8_manual_audit_sheet_v1.tsv
	    新文件    		     317	tkr8_manual_audit_summary_v1.md
	    新文件    		      47	tkr8_manual_audit_summary_v1.tsv
	  新目录           4	D:\Stock\trading_analysis\12_工具运行时_TOOLING_RUNTIME\vantharp_risk_p0_v1\
	    新文件    		     185	vantharp_risk_p0_fields_output_header_v1.txt
	    新文件    		     210	vantharp_risk_p0_fields_output_header_v2.txt
	    新文件    		    5550	vantharp_risk_p0_min_contract_v1.md
	    新文件    		    2063	vantharp_risk_p0_proof_of_mapping_v1.md
	  新目录           4	D:\Stock\trading_analysis\12_工具运行时_TOOLING_RUNTIME\vantharp_risk_p0_v1\real_input_samples\
	    新文件    		     631	vantharp_risk_p0_proof_input_v1.csv
	    新文件    		    1146	vantharp_risk_p0_proof_input_v2.csv
	    新文件    		     660	vantharp_risk_p0_proof_output_v1.csv
	    新文件    		    1021	vantharp_risk_p0_proof_output_v2.csv
	  新目录           1	D:\Stock\trading_analysis\12_工具运行时_TOOLING_RUNTIME\VTMarkets-Live 2\
	    新文件    		     349	README.md
	  新目录           1	D:\Stock\trading_analysis\backtest_out\
	    新文件    		     331	README.md
	  新目录          49	D:\Stock\trading_analysis\data\
	    新文件    		   1.0 m	AUDJPY_1h.csv
	    新文件    		  463425	AUDJPY_1h.csv.bak_2026-05-21
	    新文件    		   1.1 m	AUDNZD_1h.csv
	    新文件    		  501407	AUDNZD_1h.csv.bak_2026-05-21
	    新文件    		   3.4 m	audusd_1h.csv
	    新文件    		   1.1 m	CADJPY_1h.csv
	    新文件    		  483663	CADJPY_1h.csv.bak_2026-05-21
	    新文件    		   3.4 m	CHFJPY_1h.csv
	    新文件    		   2.3 m	dollaridxusd_1h.csv
	    新文件    		    1302	economic_events_maintenance_v1.md
	    新文件    		  862092	econ_calendar_1h_flags_20240101_20260525.csv
	    新文件    		   7.2 m	econ_calendar_utc.csv
	    新文件    		   4.1 m	EURAUD_1h.csv
	    新文件    		   3.5 m	EURCHF_1h.csv
	    新文件    		   3.4 m	EURGBP_1h.csv
	    新文件    		   3.5 m	eurjpy_1h.csv
	    新文件    		   4.1 m	EURNZD_1h.csv
	    新文件    		   3.4 m	eurusd_1h.csv
	    新文件    		   3.6 m	GBPCHF_1h.csv
	    新文件    		   3.5 m	gbpjpy_1h.csv
	    新文件    		   3.4 m	gbpusd_1h.csv
	    新文件    		   4.7 m	GBRIDXGBP_1h.csv
	    新文件    		   4.7 m	GER30_1h.csv
	    新文件    		  974029	ger40_1h.csv
	    新文件    		   2.3 m	macro_1h_20240101_20260525.csv
	    新文件    		   3.8 m	mx2025.hhhuu.com.har
	    新文件    		   4.1 m	nas100_1h.csv
	    新文件    		   8.5 m	news_2007-01 to 2026-05 CSV; sorted date, time; UTC.csv
	    新文件    		   3.2 m	NZDJPY_1h.csv
	    新文件    		   3.4 m	nzdusd_1h.csv
	    新文件    		   3.9 m	UKOIL_1h.csv
	    新文件    		  640948	UKOIL_1h.csv.bak_2026-05-26
	    新文件    		   4.7 m	US30_1h.csv
	    新文件    		   3.9 m	us500_1h.csv
	    新文件    		   3.4 m	usdcad_1h.csv
	    新文件    		   3.4 m	usdchf_1h.csv
	    新文件    		   3.5 m	usdjpy_1h.csv
	    新文件    		  731119	usoil_1h.csv
	    新文件    		   89423	us_yield_2y10y_1d.csv
	    新文件    		  164019	vix_1d.csv
	    新文件    		   3.0 m	xagusd_1h.csv
	    新文件    		   3.3 m	xauusd_1h.csv
	    新文件    		   4.2 m	XCUUSD_1h.csv
	    新文件    		   79971	XCUUSD_1h.csv.bak_2026-05-26
	    新文件    		   4.2 m	xtiusd_1h.csv
	    新文件    		  864648	xtiusd_1h.csv.bak_2026-05-26
	    新文件    		   29190	_xau_test_1h.csv
	    新文件    		  434032	标普500波动率指数_VIX_day.xlsx
	    新文件    		  231223	美国国债收益率2年+10年期.xlsx
	  新目录          46	D:\Stock\trading_analysis\data\ashare_clean\
	    新文件    		   37884	000066_SZ_1d.csv
	    新文件    		   35023	000720_SZ_1d.csv
	    新文件    		   36266	002031_SZ_1d.csv
	    新文件    		   43307	002081_SZ_1d.csv
	    新文件    		   46113	002317_SZ_1d.csv
	    新文件    		   35792	002491_SZ_1d.csv
	    新文件    		   46584	002552_SZ_1d.csv
	    新文件    		   44124	002655_SZ_1d.csv
	    新文件    		   45106	002903_SZ_1d.csv
	    新文件    		   46012	002929_SZ_1d.csv
	    新文件    		   44760	002930_SZ_1d.csv
	    新文件    		   45771	300161_SZ_1d.csv
	    新文件    		   41773	300209_SZ_1d.csv
	    新文件    		   37858	300283_SZ_1d.csv
	    新文件    		   37708	300302_SZ_1d.csv
	    新文件    		   44163	300488_SZ_1d.csv
	    新文件    		   36991	300571_SZ_1d.csv
	    新文件    		   44574	300632_SZ_1d.csv
	    新文件    		   37065	300745_SZ_1d.csv
	    新文件    		  177616	300750_SZ_1d.csv
	    新文件    		   37814	300769_SZ_1d.csv
	    新文件    		   47664	301217_SZ_1d.csv
	    新文件    		   44125	301319_SZ_1d.csv
	    新文件    		   39752	301511_SZ_1d.csv
	    新文件    		    1029	301666_SZ_1d.csv
	    新文件    		   36378	600130_SH_1d.csv
	    新文件    		   35000	600936_SH_1d.csv
	    新文件    		   46306	601991_SH_1d.csv
	    新文件    		   44627	603045_SH_1d.csv
	    新文件    		   39267	603278_SH_1d.csv
	    新文件    		   36120	603399_SH_1d.csv
	    新文件    		    1397	603459_SH_1d.csv
	    新文件    		   43422	603618_SH_1d.csv
	    新文件    		   47706	603629_SH_1d.csv
	    新文件    		   39742	603636_SH_1d.csv
	    新文件    		   45685	603738_SH_1d.csv
	    新文件    		   37827	603937_SH_1d.csv
	    新文件    		   37186	605006_SH_1d.csv
	    新文件    		   46299	688069_SH_1d.csv
	    新文件    		   47348	688256_SH_1d.csv
	    新文件    		   36668	688371_SH_1d.csv
	    新文件    		   45814	688400_SH_1d.csv
	    新文件    		   22902	688449_SH_1d.csv
	    新文件    		   37714	688515_SH_1d.csv
	    新文件    		   45202	688531_SH_1d.csv
	    新文件    		   39843	688655_SH_1d.csv
	  新目录          45	D:\Stock\trading_analysis\data\ashare_watchlist\
	    新文件    		      38	blogroom_codes_20260511.csv
	    新文件    		      62	blogroom_codes_20260511_easyocr_full.csv
	    新文件    		      62	blogroom_codes_20260511_easyocr_gpu.csv
	    新文件    		      38	blogroom_codes_20260511_easyocr_v2.csv
	    新文件    		      38	blogroom_codes_20260511_v2.csv
	    新文件    		      31	blogroom_names_20260511_easyocr_full.csv
	    新文件    		      15	blogroom_names_20260511_mx.csv
	    新文件    		      15	blogroom_names_20260511_mx_msg.csv
	    新文件    		      15	blogroom_names_20260511_mx_msg_v2.csv
	    新文件    		     602	blogroom_summary_20260511.jsonl
	    新文件    		    7506	blogroom_summary_20260511_easyocr_full.jsonl
	    新文件    		    7548	blogroom_summary_20260511_easyocr_gpu.jsonl
	    新文件    		    7464	blogroom_summary_20260511_easyocr_v2.jsonl
	    新文件    		    4687	blogroom_summary_20260511_v2.jsonl
	    新文件    		      32	blogroom_topics_20260511_easyocr_full.csv
	    新文件    		      16	blogroom_topics_20260511_mx.csv
	    新文件    		      16	blogroom_topics_20260511_mx_msg.csv
	    新文件    		      16	blogroom_topics_20260511_mx_msg_v2.csv
	    新文件    		      50	core_pool_20260508.csv
	    新文件    		       0	core_pool_20260508.txt
	    新文件    		    3022	factors_ladder_20260508.csv
	    新文件    		    1653	focus_pool_20260508.csv
	    新文件    		      40	focus_pool_20260508.txt
	    新文件    		    1263	focus_pool_20260509.csv
	    新文件    		      40	focus_pool_20260509.txt
	    新文件    		       0	mx2025_summary_20260511_mx.jsonl
	    新文件    		   45095	mx2025_summary_20260511_mx_msg.jsonl
	    新文件    		     837	top10_day_20260513.csv
	    新文件    		      64	top10_day_20260513.txt
	    新文件    		     842	top10_week_20260513.csv
	    新文件    		      80	top10_week_20260513.txt
	    新文件    		    1605	top20_week_20260509.csv
	    新文件    		     160	top20_week_20260509.txt
	    新文件    		     701	top3_day_20260513.csv
	    新文件    		      24	top3_day_20260513.txt
	    新文件    		     606	top3_day_state_20260513.csv
	    新文件    		     307	top3_week_20260513.csv
	    新文件    		      24	top3_week_20260513.txt
	    新文件    		     941	top5_day_20260513.csv
	    新文件    		      32	top5_day_20260513.txt
	    新文件    		     890	top5_day_state_20260513.csv
	    新文件    		     459	top5_week_20260513.csv
	    新文件    		      40	top5_week_20260513.txt
	    新文件    		    3645	watchlist_screen_20260508.csv
	    新文件    		    4001	watchlist_screen_20260509.csv
	  新目录           4	D:\Stock\trading_analysis\data\ashare_watchlist\kline_1d\
	    新文件    		  108262	300302_SZ_1d.csv
	    新文件    		  101211	300736_SZ_1d.csv
	    新文件    		    1239	301666_SZ_1d.csv
	    新文件    		  129990	601991_SH_1d.csv
	  新目录           1	D:\Stock\trading_analysis\data\BRENTCMDUSD_1 Min_Bid_2012.05.19_2026.05.25\
	    新文件    		 244.5 m	BRENTCMDUSD_1 Min_Bid_2012.05.19_2026.05.25.csv
	  新目录           1	D:\Stock\trading_analysis\data\COPPERCMDUSD_1 Min_Bid_2012.05.19_2026.05.25\
	    新文件    		 262.3 m	COPPERCMDUSD_1 Min_Bid_2012.05.19_2026.05.25.csv
	  新目录           1	D:\Stock\trading_analysis\data\DEUIDXEUR_1 Min_Bid_2013.09.30_2026.03.15\
	    新文件    		 269.4 m	DEUIDXEUR_1 Min_Bid_2013.09.30_2026.03.15.csv
	  新目录           1	D:\Stock\trading_analysis\data\DOLLARIDXUSD_1 Min_Bid_2017.12.01_2026.05.25_(1)\
	    新文件    		 146.5 m	DOLLARIDXUSD_1 Min_Bid_2017.12.01_2026.05.25_(1).csv
	  新目录           1	D:\Stock\trading_analysis\data\GBRIDXGBP_1 Min_Bid_2012.05.19_2026.05.25\
	    新文件    		 281.8 m	GBRIDXGBP_1 Min_Bid_2012.05.19_2026.05.25.csv
	  新目录           1	D:\Stock\trading_analysis\data\LIGHTCMDUSD_1 Min_Bid_2012.05.19_2026.05.25\
	    新文件    		 264.9 m	LIGHTCMDUSD_1 Min_Bid_2012.05.19_2026.05.25.csv
	  新目录           6	D:\Stock\trading_analysis\data\mt_exports_drop\
	    新文件    		  527143	eurusd_h1_export.csv
	    新文件    		    2934	eurusd_h1_export_probe.csv
	    新文件    		   5.4 m	eurusd_m1_export.csv
	    新文件    		    3024	README.md
	    新文件    		   82325	single_verify_eurusd_m1.csv
	    新文件    		   1.2 m	xauusd_m1_tail_20000.csv
	  新目录           4	D:\Stock\trading_analysis\data\mt_exports_drop\batch\
	    新文件    		   3.6 m	eurusd_h1.csv
	    新文件    		   5.4 m	eurusd_m1.csv
	    新文件    		   3.0 m	xauusd_h1.csv
	    新文件    		   5.2 m	xauusd_m1.csv
	  新目录           2	D:\Stock\trading_analysis\data\mt_exports_drop\batch9_n01_asia_index\
	    新文件    		  489801	jp225_h1.csv
	    新文件    		  128782	jp225_h4.csv
	  新目录           2	D:\Stock\trading_analysis\data\mt_exports_drop\batch9_n01_equity_asset\
	    新文件    		  132353	aapl_nas_h1.csv
	    新文件    		   38035	aapl_nas_h4.csv
	  新目录           2	D:\Stock\trading_analysis\data\mt_exports_drop\batch9_n01_hk_index\
	    新文件    		  343809	hk50_h1.csv
	    新文件    		  109090	hk50_h4.csv
	  新目录           2	D:\Stock\trading_analysis\data\mt_exports_drop\batch9_n01_index_asset\
	    新文件    		  496693	ustec_h1.csv
	    新文件    		  131014	ustec_h4.csv
	  新目录           4	D:\Stock\trading_analysis\data\mt_exports_drop\batch9_n01_more_index\
	    新文件    		  474665	de40_h1.csv
	    新文件    		  126247	de40_h4.csv
	    新文件    		  454523	us500_h1.csv
	    新文件    		  120313	us500_h4.csv
	  新目录           2	D:\Stock\trading_analysis\data\mt_exports_drop\batch9_n01_new_asset\
	    新文件    		  389104	xbrusd_h1.csv
	    新文件    		  109738	xbrusd_h4.csv
	  新目录           2	D:\Stock\trading_analysis\data\mt_exports_drop\batch9_n01_second_cycle\
	    新文件    		   1.9 m	eurusd_m15.csv
	    新文件    		   1.8 m	xauusd_m15.csv
	  新目录           1	D:\Stock\trading_analysis\data\mt_exports_drop\batch9_n01_second_sample\
	    新文件    		  486111	xauusd_h1.csv
	  新目录           2	D:\Stock\trading_analysis\data\mt_exports_drop\batch9_n01_third_cycle\
	    新文件    		  133434	eurusd_h4.csv
	    新文件    		  128672	xauusd_h4.csv
	  新目录           4	D:\Stock\trading_analysis\data\mt_exports_drop\batch_verify\
	    新文件    		    1478	eurusd_h1.csv
	    新文件    		   82325	eurusd_m1.csv
	    新文件    		     844	xauusd_h1.csv
	    新文件    		   46347	xauusd_m1.csv
	  新目录           0	D:\Stock\trading_analysis\data\mt_exports_drop\dst_windows\
	  新目录           2	D:\Stock\trading_analysis\data\mt_exports_drop\dst_windows\london_fall_20251023_20251028\
	    新文件    		      94	eurusd_m1.csv
	    新文件    		   50360	eurusd_m5.csv
	  新目录           1	D:\Stock\trading_analysis\data\mt_exports_drop\dst_windows\london_spring_20260327_20260331\
	    新文件    		  165624	eurusd_m1.csv
	  新目录           1	D:\Stock\trading_analysis\data\mt_exports_drop\dst_windows\london_spring_20260328_20260330\
	    新文件    		      92	eurusd_m1.csv
	  新目录           1	D:\Stock\trading_analysis\data\mt_exports_drop\dst_windows\ny_fall_20251031_20251104\
	    新文件    		   33493	eurusd_m5.csv
	  新目录           1	D:\Stock\trading_analysis\data\mt_exports_drop\dst_windows\ny_spring_20260306_20260310\
	    新文件    		   99970	eurusd_m1.csv
	  新目录           3	D:\Stock\trading_analysis\data\mt_exports_drop\jobs\
	    新文件    		   3.4 m	eurusd_h1.csv
	    新文件    		   5.4 m	eurusd_m1.csv
	    新文件    		   3.7 m	xauusd_m5.csv
	  新目录           3	D:\Stock\trading_analysis\data\mt_exports_drop\jobs_verify\
	    新文件    		    1478	eurusd_h1.csv
	    新文件    		   82325	eurusd_m1.csv
	    新文件    		    1362	xauusd_h1.csv
	  新目录           1	D:\Stock\trading_analysis\data\quicktiny_ladder_web\
	    新文件    		   2.2 m	ladder_live.html
	  新目录           2	D:\Stock\trading_analysis\data\quicktiny_ladder_web\assets\
	    新文件    		   47372	index.2d251e4e.css
	    新文件    		   6.0 m	index.ab198726.js
	  新目录           1	D:\Stock\trading_analysis\data\USA30IDXUSD_1 Min_Bid_2013.09.30_2026.03.01\
	    新文件    		 274.4 m	USA30IDXUSD_1 Min_Bid_2013.09.30_2026.03.01.csv
	  新目录           1	D:\Stock\trading_analysis\data\USA500IDXUSD_1 Min_Bid_2015.04.21_2026.04.27\
	    新文件    		 227.8 m	USA500IDXUSD_1 Min_Bid_2015.04.21_2026.04.27.csv
	  新目录           1	D:\Stock\trading_analysis\data\USATECHIDXUSD_1 Min_Bid_2015.04.21_2026.04.27\
	    新文件    		 235.9 m	USATECHIDXUSD_1 Min_Bid_2015.04.21_2026.04.27.csv
	  新目录           0	D:\Stock\trading_analysis\data\XAUUSD CSV\
	  新目录           9	D:\Stock\trading_analysis\data\XAUUSD CSV\XAUUSD CSV\
	    新文件    		 499.4 m	XAUUSD_1 Min_Bid_2003.05.05_2026.04.27.csv
	    新文件    		  33.4 m	XAUUSD_15 Mins_Bid_2003.05.05_2026.04.27.csv
	    新文件    		  16.7 m	XAUUSD_30 Mins_Bid_2003.05.05_2026.04.27.csv
	    新文件    		   2.2 m	XAUUSD_4 Hours_Bid_2003.05.05_2026.04.27.csv
	    新文件    		 100.3 m	XAUUSD_5 Mins_Bid_2003.05.05_2026.04.27.csv
	    新文件    		  459958	XAUUSD_Daily_Bid_2003.04.21_2026.04.26.csv
	    新文件    		   3.6 m	XAUUSD_Hourly_Bid_2016.04.21_2026.04.27.csv
	    新文件    		   18186	XAUUSD_Monthly_Bid_2003.04.01_2026.03.01.csv
	    新文件    		   78356	XAUUSD_Weekly_Bid_2003.04.21_2026.04.20.csv
	  新目录           9	D:\Stock\trading_analysis\docs\
	    新文件    		    3054	MT4_MT5_安装与数据目录定位_v1.md
	    新文件    		   26181	P0_规则子表_v0.1.md
	    新文件    		     391	README__ARCHIVE_ONLY_BACKLOG_DOCS_MOVED__20260706.md
	    新文件    		     410	README__ARCHIVE_ONLY_BATCH_DOCS_MOVED__20260706.md
	    新文件    		     382	README__ARCHIVE_ONLY_COMMIT_HELPERS_MOVED__20260706.md
	    新文件    		     693	README__ARCHIVE_ONLY_DOCS_SCOPE__20260706.md
	    新文件    		     950	rules_index.md
	    新文件    		    7682	SKILL_DIRECTORY_TRIAGE__2026-06-24.md
	    新文件    		    2006	TK-R4_USD_half_risk_SchemeB_Quickstart.md
	  新目录           1	D:\Stock\trading_analysis\docs\indexes\
	    新文件    		   33973	_ai_index_legacy_20260611.txt
	  新目录           1	D:\Stock\trading_analysis\docs\ops\
	    新文件    		    6507	ashare_daily_ops.md
	  新目录           1	D:\Stock\trading_analysis\docs\playbooks\
	    新文件    		   17149	PLAYBOOK_滚动模板.md
	  新目录          14	D:\Stock\trading_analysis\DY_R1_KD_MTF_P0\
	    新文件    		    3602	kd_mtf_p0_b_blocker_note_v1.md
	    新文件    		    4635	kd_mtf_p0_directory_index_card_v1.md
	    新文件    		     126	kd_mtf_p0_fields_runtime_header_v1.txt
	    新文件    		    1141	kd_mtf_p0_fields_runtime_v1.csv
	    新文件    		    3560	kd_mtf_p0_object_responsibility_card_v1.md
	    新文件    		    2881	kd_mtf_p0_quick_entry_card_v1.md
	    新文件    		   13013	kd_mtf_p0_real_input_mapping_draft_v1.md
	    新文件    		    4735	kd_mtf_p0_runtime_append_acceptance_v1.md
	    新文件    		    5030	kd_mtf_p0_runtime_append_protocol_v1.md
	    新文件    		    3701	kd_mtf_p0_runtime_append_stub_v1.py
	    新文件    		    2109	kd_mtf_p0_runtime_gaps_v1.md
	    新文件    		    4167	kd_mtf_p0_runtime_notes_v1.md
	    新文件    		    5525	kd_mtf_p0_runtime_params_template_v1.json
	    新文件    		    2486	README.md
	  新目录           2	D:\Stock\trading_analysis\DY_R1_KD_MTF_P0\real_input_samples\
	    新文件    		    1197	kd_mtf_p0_proof_input_v1.csv
	    新文件    		    1093	kd_mtf_p0_proof_output_v1.csv
	  新目录           1	D:\Stock\trading_analysis\DY_R1_KD_MTF_P0\upstream_samples\
	    新文件    		  590844	n01_first_real_input_bars_v1.csv
	  新目录           0	D:\Stock\trading_analysis\projects\
	  新目录          47	D:\Stock\trading_analysis\tools\
	    新文件    		    8227	generate_p0_subset.py
	    新文件    		    3847	group08_batch2_series_copy.py
	    新文件    		    4639	group08_batch3_topic_copy.py
	    新文件    		    4391	group08_batch4_topic_anchor.py
	    新文件    		    4941	group08_batch5_bookdir_autoresolve.py
	    新文件    		    3082	group08_external_move_postcheck.py
	    新文件    		    5114	group08_external_ops_preflight.py
	    新文件    		    3026	group08_external_ops_stats.py
	    新文件    		    7045	group08_generate_delete_refs_cleanup.py
	    新文件    		    3045	group08_generate_external_ops_plan.py
	    新文件    		    3880	group08_generate_materials_catalog.py
	    新文件    		    4568	group08_generate_powershell_dryrun_cmds.py
	    新文件    		    3841	group08_refscan_final_delete_list.py
	    新文件    		    4783	group08_sourceraw_missing_manifest.py
	    新文件    		    5108	group08_split_external_ops_plan.py
	    新文件    		    2991	group08_sync_final_delete_list.py
	    新文件    		    7321	ingest_ashare_txt_to_md.py
	    新文件    		    4868	kimi_cutpack_manifest.py
	    新文件    		    1222	relocate_path_prefix.py
	    新文件    		    1303	slice_csv_tail_v1.py
	    新文件    		   17694	s_bucketize.py
	    新文件    		    1602	s_dedup_delete_list.py
	    新文件    		    4731	s_dedup_report.py
	    新文件    		    1042	tk_manual_append_rows.py
	    新文件    		   18844	tk_r1_interactions.py
	    新文件    		    5267	tk_r1_stage2_audit.py
	    新文件    		    3235	tk_r1_stage2_conditional_shrink.py
	    新文件    		    7065	tk_r2_pocket_apply_audit.py
	    新文件    		    4741	tk_r2_pocket_shrink.py
	    新文件    		   10670	tk_r2_tradelevel_audit.py
	    新文件    		   11145	tk_r3_rr_minwin_audit.py
	    新文件    		   10215	tk_r3_rr_minwin_recompute_cam_tp3.py
	    新文件    		    1972	tk_r3_tp3_reason_smoketest.py
	    新文件    		    6274	tk_r4_half_risk_paper_audit.py
	    新文件    		   11538	tk_r4_risk_corr_audit.py
	    新文件    		   10507	tk_r4_usd_half_risk_role_finalize.py
	    新文件    		    9277	tk_r4_usd_half_risk_scheme_b.py
	    新文件    		   26844	tk_r4_usd_half_risk_scheme_b_runner.py
	    新文件    		    8512	tk_r4_usd_overlap_depth_audit.py
	    新文件    		    9907	tk_r4_usd_overlap_heterogeneity_audit.py
	    新文件    		   10150	tk_r4_usd_overlap_negative_pockets.py
	    新文件    		    1324	tk_r6_make_manual_sheet.py
	    新文件    		    2836	tk_r6_summarize_manual_sheet.py
	    新文件    		    1151	tk_r7_make_manual_sheet.py
	    新文件    		    2082	tk_r7_summarize_manual_sheet.py
	    新文件    		    1189	tk_r8_make_manual_sheet.py
	    新文件    		    2082	tk_r8_summarize_manual_sheet.py

------------------------------------------------------------------------------

                  总数        复制        跳过       不匹配        失败        其他
       目录:       573       562        11         0         0         0
       文件:      4061      4061         0         0         0         0
       字节:   5.123 g   5.123 g         0         0         0         0
       时间:   0:01:12   0:01:09                       0:00:00   0:00:03


       速度:           79,453,872 字节/秒。
       速度:            4,546.387 MB/分钟。
   已结束: 2026年7月7日 15:13:55

