relative_id,relative_family,relative_level,relative_status,source_relation_id,symbol,timeframe,session_id,session_timezone,session_local_date,ib_window_minutes,opening_range_window_minutes,first_break_direction,first_break_mode,break_side,or_break_edge_value,ib_same_side_edge_value,same_side_gap_to_ib,shared_boundary_on_break_side,first_break_relative_case,can_confirm_ib_break_from_current_fields,requires_break_price_for_ib_confirmation,inference_scope,width_error_day
IBORFB|IBOR|GBPUSD|M15|london|2021-06-16|60|IB60|OR30,IB_OR_FIRST_BREAK_RELATIVE,RELATION_P0,conservative_gap_remaining_inference,IBOR|GBPUSD|M15|london|2021-06-16|60|IB60|OR30,GBPUSD,M15,london,Europe/London,2021-06-16,60,30,up,close,up,1.40866,1.40890,0.00024,0,or_break_with_ib_same_side_gap_remaining,0,1,edge_alignment_only,0
IBORFB|IBOR|GBPUSD|M15|new_york|2021-06-16|60|IB60|OR30,IB_OR_FIRST_BREAK_RELATIVE,RELATION_P0,conservative_gap_remaining_inference,IBOR|GBPUSD|M15|new_york|2021-06-16|60|IB60|OR30,GBPUSD,M15,new_york,America/New_York,2021-06-16,60,30,down,wick,down,1.41094,1.41093,0.00001,0,or_break_with_ib_same_side_gap_remaining,0,1,edge_alignment_only,0
IBORFB|IBOR|GBPUSD|M15|london|2021-06-17|60|IB60|OR30,IB_OR_FIRST_BREAK_RELATIVE,RELATION_P0,conservative_gap_remaining_inference,IBOR|GBPUSD|M15|london|2021-06-17|60|IB60|OR30,GBPUSD,M15,london,Europe/London,2021-06-17,60,30,up,close,up,1.39959,1.39983,0.00024,0,or_break_with_ib_same_side_gap_remaining,0,1,edge_alignment_only,0
IBORFB|IBOR|GBPUSD|M15|new_york|2021-06-17|60|IB60|OR30,IB_OR_FIRST_BREAK_RELATIVE,RELATION_P0,conservative_gap_remaining_inference,IBOR|GBPUSD|M15|new_york|2021-06-17|60|IB60|OR30,GBPUSD,M15,new_york,America/New_York,2021-06-17,60,30,up,wick,up,1.39489,1.39573,0.00084,0,or_break_with_ib_same_side_gap_remaining,0,1,edge_alignment_only,0
IBORFB|IBOR|GBPUSD|M15|london|2021-06-18|60|IB60|OR30,IB_OR_FIRST_BREAK_RELATIVE,RELATION_P0,conservative_gap_remaining_inference,IBOR|GBPUSD|M15|london|2021-06-18|60|IB60|OR30,GBPUSD,M15,london,Europe/London,2021-06-18,60,30,down,close,down,1.39211,1.39093,0.00118,0,or_break_with_ib_same_side_gap_remaining,0,1,edge_alignment_only,0
IBORFB|IBOR|GBPUSD|M15|new_york|2021-06-18|60|IB60|OR30,IB_OR_FIRST_BREAK_RELATIVE,RELATION_P0,conservative_gap_remaining_inference,IBOR|GBPUSD|M15|new_york|2021-06-18|60|IB60|OR30,GBPUSD,M15,new_york,America/New_York,2021-06-18,60,30,down,wick,down,1.38987,1.38925,0.00062,0,or_break_with_ib_same_side_gap_remaining,0,1,edge_alignment_only,0
IBORFB|IBOR|GBPUSD|M15|london|2021-06-21|60|IB60|OR30,IB_OR_FIRST_BREAK_RELATIVE,RELATION_P0,conservative_gap_remaining_inference,IBOR|GBPUSD|M15|london|2021-06-21|60|IB60|OR30,GBPUSD,M15,london,Europe/London,2021-06-21,60,30,down,wick,down,1.37920,1.37892,0.00028,0,or_break_with_ib_same_side_gap_remaining,0,1,edge_alignment_only,0
IBORFB|IBOR|GBPUSD|M15|new_york|2021-06-21|60|IB60|OR30,IB_OR_FIRST_BREAK_RELATIVE,RELATION_P0,shared_edge_confirmed_from_current_fields,IBOR|GBPUSD|M15|new_york|2021-06-21|60|IB60|OR30,GBPUSD,M15,new_york,America/New_York,2021-06-21,60,30,up,close,up,1.38869,1.38869,0.00000,1,shared_edge_break,1,0,edge_alignment_only,0
IBORFB|IBOR|GBPUSD|M15|london|2021-06-22|60|IB60|OR30,IB_OR_FIRST_BREAK_RELATIVE,RELATION_P0,conservative_gap_remaining_inference,IBOR|GBPUSD|M15|london|2021-06-22|60|IB60|OR30,GBPUSD,M15,london,Europe/London,2021-06-22,60,30,down,close,down,1.39112,1.39087,0.00025,0,or_break_with_ib_same_side_gap_remaining,0,1,edge_alignment_only,0
IBORFB|IBOR|GBPUSD|M15|new_york|2021-06-22|60|IB60|OR30,IB_OR_FIRST_BREAK_RELATIVE,RELATION_P0,conservative_gap_remaining_inference,IBOR|GBPUSD|M15|new_york|2021-06-22|60|IB60|OR30,GBPUSD,M15,new_york,America/New_York,2021-06-22,60,30,up,close,up,1.38876,1.38932,0.00056,0,or_break_with_ib_same_side_gap_remaining,0,1,edge_alignment_only,0
IBORFB|IBOR|GBPUSD|M15|london|2021-06-23|60|IB60|OR30,IB_OR_FIRST_BREAK_RELATIVE,RELATION_P0,conservative_gap_remaining_inference,IBOR|GBPUSD|M15|london|2021-06-23|60|IB60|OR30,GBPUSD,M15,london,Europe/London,2021-06-23,60,30,up,wick,up,1.39307,1.39314,0.00007,0,or_break_with_ib_same_side_gap_remaining,0,1,edge_alignment_only,0
IBORFB|IBOR|GBPUSD|M15|new_york|2021-06-23|60|IB60|OR30,IB_OR_FIRST_BREAK_RELATIVE,RELATION_P0,conservative_gap_remaining_inference,IBOR|GBPUSD|M15|new_york|2021-06-23|60|IB60|OR30,GBPUSD,M15,new_york,America/New_York,2021-06-23,60,30,down,close,down,1.39575,1.39534,0.00041,0,or_break_with_ib_same_side_gap_remaining,0,1,edge_alignment_only,0
IBORFB|IBOR|GBPUSD|M15|london|2021-06-24|60|IB60|OR30,IB_OR_FIRST_BREAK_RELATIVE,RELATION_P0,conservative_gap_remaining_inference,IBOR|GBPUSD|M15|london|2021-06-24|60|IB60|OR30,GBPUSD,M15,london,Europe/London,2021-06-24,60,30,up,close,up,1.39597,1.39615,0.00018,0,or_break_with_ib_same_side_gap_remaining,0,1,edge_alignment_only,0
IBORFB|IBOR|GBPUSD|M15|new_york|2021-06-24|60|IB60|OR30,IB_OR_FIRST_BREAK_RELATIVE,RELATION_P0,conservative_gap_remaining_inference,IBOR|GBPUSD|M15|new_york|2021-06-24|60|IB60|OR30,GBPUSD,M15,new_york,America/New_York,2021-06-24,60,30,down,close,down,1.39675,1.39049,0.00626,0,or_break_with_ib_same_side_gap_remaining,0,1,edge_alignment_only,0
IBORFB|IBOR|GBPUSD|M15|london|2021-06-25|60|IB60|OR30,IB_OR_FIRST_BREAK_RELATIVE,RELATION_P0,conservative_gap_remaining_inference,IBOR|GBPUSD|M15|london|2021-06-25|60|IB60|OR30,GBPUSD,M15,london,Europe/London,2021-06-25,60,30,down,close,down,1.39243,1.39200,0.00043,0,or_break_with_ib_same_side_gap_remaining,0,1,edge_alignment_only,0
IBORFB|IBOR|GBPUSD|M15|new_york|2021-06-25|60|IB60|OR30,IB_OR_FIRST_BREAK_RELATIVE,RELATION_P0,shared_edge_confirmed_from_current_fields,IBOR|GBPUSD|M15|new_york|2021-06-25|60|IB60|OR30,GBPUSD,M15,new_york,America/New_York,2021-06-25,60,30,down,close,down,1.38981,1.38981,0.00000,1,shared_edge_break,1,0,edge_alignment_only,0
IBORFB|IBOR|GBPUSD|M15|london|2021-06-28|60|IB60|OR30,IB_OR_FIRST_BREAK_RELATIVE,RELATION_P0,conservative_gap_remaining_inference,IBOR|GBPUSD|M15|london|2021-06-28|60|IB60|OR30,GBPUSD,M15,london,Europe/London,2021-06-28,60,30,up,wick,up,1.38904,1.38914,0.00010,0,or_break_with_ib_same_side_gap_remaining,0,1,edge_alignment_only,0
IBORFB|IBOR|GBPUSD|M15|new_york|2021-06-28|60|IB60|OR30,IB_OR_FIRST_BREAK_RELATIVE,RELATION_P0,conservative_gap_remaining_inference,IBOR|GBPUSD|M15|new_york|2021-06-28|60|IB60|OR30,GBPUSD,M15,new_york,America/New_York,2021-06-28,60,30,down,close,down,1.38999,1.38955,0.00044,0,or_break_with_ib_same_side_gap_remaining,0,1,edge_alignment_only,0
IBORFB|IBOR|GBPUSD|M15|london|2021-06-29|60|IB60|OR30,IB_OR_FIRST_BREAK_RELATIVE,RELATION_P0,conservative_gap_remaining_inference,IBOR|GBPUSD|M15|london|2021-06-29|60|IB60|OR30,GBPUSD,M15,london,Europe/London,2021-06-29,60,30,up,close,up,1.38667,1.38692,0.00025,0,or_break_with_ib_same_side_gap_remaining,0,1,edge_alignment_only,0
IBORFB|IBOR|GBPUSD|M15|new_york|2021-06-29|60|IB60|OR30,IB_OR_FIRST_BREAK_RELATIVE,RELATION_P0,conservative_gap_remaining_inference,IBOR|GBPUSD|M15|new_york|2021-06-29|60|IB60|OR30,GBPUSD,M15,new_york,America/New_York,2021-06-29,60,30,down,close,down,1.38373,1.38213,0.00160,0,or_break_with_ib_same_side_gap_remaining,0,1,edge_alignment_only,0
IBORFB|IBOR|GBPUSD|M15|london|2021-06-30|60|IB60|OR30,IB_OR_FIRST_BREAK_RELATIVE,RELATION_P0,no_break_relative_inference,IBOR|GBPUSD|M15|london|2021-06-30|60|IB60|OR30,GBPUSD,M15,london,Europe/London,2021-06-30,60,30,none,ambiguous,none,,,,0,no_break,0,0,edge_alignment_only,0
IBORFB|IBOR|GBPUSD|M15|new_york|2021-06-30|60|IB60|OR30,IB_OR_FIRST_BREAK_RELATIVE,RELATION_P0,shared_edge_confirmed_from_current_fields,IBOR|GBPUSD|M15|new_york|2021-06-30|60|IB60|OR30,GBPUSD,M15,new_york,America/New_York,2021-06-30,60,30,down,close,down,1.38555,1.38555,0.00000,1,shared_edge_break,1,0,edge_alignment_only,0
IBORFB|IBOR|GBPUSD|M15|london|2021-07-01|60|IB60|OR30,IB_OR_FIRST_BREAK_RELATIVE,RELATION_P0,conservative_gap_remaining_inference,IBOR|GBPUSD|M15|london|2021-07-01|60|IB60|OR30,GBPUSD,M15,london,Europe/London,2021-07-01,60,30,down,wick,down,1.38176,1.38168,0.00008,0,or_break_with_ib_same_side_gap_remaining,0,1,edge_alignment_only,0
IBORFB|IBOR|GBPUSD|M15|new_york|2021-07-01|60|IB60|OR30,IB_OR_FIRST_BREAK_RELATIVE,RELATION_P0,conservative_gap_remaining_inference,IBOR|GBPUSD|M15|new_york|2021-07-01|60|IB60|OR30,GBPUSD,M15,new_york,America/New_York,2021-07-01,60,30,up,close,up,1.37916,1.37997,0.00081,0,or_break_with_ib_same_side_gap_remaining,0,1,edge_alignment_only,0
IBORFB|IBOR|GBPUSD|M15|london|2021-07-02|60|IB60|OR30,IB_OR_FIRST_BREAK_RELATIVE,RELATION_P0,shared_edge_confirmed_from_current_fields,IBOR|GBPUSD|M15|london|2021-07-02|60|IB60|OR30,GBPUSD,M15,london,Europe/London,2021-07-02,60,30,down,close,down,1.37670,1.37670,0.00000,1,shared_edge_break,1,0,edge_alignment_only,0
IBORFB|IBOR|GBPUSD|M15|new_york|2021-07-02|60|IB60|OR30,IB_OR_FIRST_BREAK_RELATIVE,RELATION_P0,conservative_gap_remaining_inference,IBOR|GBPUSD|M15|new_york|2021-07-02|60|IB60|OR30,GBPUSD,M15,new_york,America/New_York,2021-07-02,60,30,up,close,up,1.37500,1.37561,0.00061,0,or_break_with_ib_same_side_gap_remaining,0,1,edge_alignment_only,0
IBORFB|IBOR|GBPUSD|M15|london|2021-07-05|60|IB60|OR30,IB_OR_FIRST_BREAK_RELATIVE,RELATION_P0,conservative_gap_remaining_inference,IBOR|GBPUSD|M15|london|2021-07-05|60|IB60|OR30,GBPUSD,M15,london,Europe/London,2021-07-05,60,30,up,close,up,1.38222,1.38245,0.00023,0,or_break_with_ib_same_side_gap_remaining,0,1,edge_alignment_only,0
IBORFB|IBOR|GBPUSD|M15|new_york|2021-07-05|60|IB60|OR30,IB_OR_FIRST_BREAK_RELATIVE,RELATION_P0,shared_edge_confirmed_from_current_fields,IBOR|GBPUSD|M15|new_york|2021-07-05|60|IB60|OR30,GBPUSD,M15,new_york,America/New_York,2021-07-05,60,30,down,wick,down,1.38449,1.38449,0.00000,1,shared_edge_break,1,0,edge_alignment_only,0
IBORFB|IBOR|GBPUSD|M15|london|2021-07-06|60|IB60|OR30,IB_OR_FIRST_BREAK_RELATIVE,RELATION_P0,no_break_relative_inference,IBOR|GBPUSD|M15|london|2021-07-06|60|IB60|OR30,GBPUSD,M15,london,Europe/London,2021-07-06,60,30,none,ambiguous,none,,,,0,no_break,0,0,edge_alignment_only,0
IBORFB|IBOR|GBPUSD|M15|new_york|2021-07-06|60|IB60|OR30,IB_OR_FIRST_BREAK_RELATIVE,RELATION_P0,conservative_gap_remaining_inference,IBOR|GBPUSD|M15|new_york|2021-07-06|60|IB60|OR30,GBPUSD,M15,new_york,America/New_York,2021-07-06,60,30,up,close,up,1.38508,1.38572,0.00064,0,or_break_with_ib_same_side_gap_remaining,0,1,edge_alignment_only,0
IBORFB|IBOR|GBPUSD|M15|london|2021-07-07|60|IB60|OR30,IB_OR_FIRST_BREAK_RELATIVE,RELATION_P0,no_break_relative_inference,IBOR|GBPUSD|M15|london|2021-07-07|60|IB60|OR30,GBPUSD,M15,london,Europe/London,2021-07-07,60,30,none,ambiguous,none,,,,0,no_break,0,0,edge_alignment_only,0
IBORFB|IBOR|GBPUSD|M15|new_york|2021-07-07|60|IB60|OR30,IB_OR_FIRST_BREAK_RELATIVE,RELATION_P0,conservative_gap_remaining_inference,IBOR|GBPUSD|M15|new_york|2021-07-07|60|IB60|OR30,GBPUSD,M15,new_york,America/New_York,2021-07-07,60,30,up,close,up,1.38245,1.38286,0.00041,0,or_break_with_ib_same_side_gap_remaining,0,1,edge_alignment_only,0
IBORFB|IBOR|GBPUSD|M15|london|2021-07-08|60|IB60|OR30,IB_OR_FIRST_BREAK_RELATIVE,RELATION_P0,conservative_gap_remaining_inference,IBOR|GBPUSD|M15|london|2021-07-08|60|IB60|OR30,GBPUSD,M15,london,Europe/London,2021-07-08,60,30,down,wick,down,1.37809,1.37804,0.00005,0,or_break_with_ib_same_side_gap_remaining,0,1,edge_alignment_only,0
IBORFB|IBOR|GBPUSD|M15|new_york|2021-07-08|60|IB60|OR30,IB_OR_FIRST_BREAK_RELATIVE,RELATION_P0,conservative_gap_remaining_inference,IBOR|GBPUSD|M15|new_york|2021-07-08|60|IB60|OR30,GBPUSD,M15,new_york,America/New_York,2021-07-08,60,30,up,wick,up,1.37742,1.37780,0.00038,0,or_break_with_ib_same_side_gap_remaining,0,1,edge_alignment_only,0
IBORFB|IBOR|GBPUSD|M15|london|2021-07-09|60|IB60|OR30,IB_OR_FIRST_BREAK_RELATIVE,RELATION_P0,shared_edge_confirmed_from_current_fields,IBOR|GBPUSD|M15|london|2021-07-09|60|IB60|OR30,GBPUSD,M15,london,Europe/London,2021-07-09,60,30,up,wick,up,1.37807,1.37807,0.00000,1,shared_edge_break,1,0,edge_alignment_only,0
IBORFB|IBOR|GBPUSD|M15|new_york|2021-07-09|60|IB60|OR30,IB_OR_FIRST_BREAK_RELATIVE,RELATION_P0,conservative_gap_remaining_inference,IBOR|GBPUSD|M15|new_york|2021-07-09|60|IB60|OR30,GBPUSD,M15,new_york,America/New_York,2021-07-09,60,30,up,close,up,1.38127,1.38238,0.00111,0,or_break_with_ib_same_side_gap_remaining,0,1,edge_alignment_only,0
IBORFB|IBOR|GBPUSD|M15|london|2021-07-12|60|IB60|OR30,IB_OR_FIRST_BREAK_RELATIVE,RELATION_P0,conservative_gap_remaining_inference,IBOR|GBPUSD|M15|london|2021-07-12|60|IB60|OR30,GBPUSD,M15,london,Europe/London,2021-07-12,60,30,up,close,up,1.38861,1.38910,0.00049,0,or_break_with_ib_same_side_gap_remaining,0,1,edge_alignment_only,0
IBORFB|IBOR|GBPUSD|M15|new_york|2021-07-12|60|IB60|OR30,IB_OR_FIRST_BREAK_RELATIVE,RELATION_P0,conservative_gap_remaining_inference,IBOR|GBPUSD|M15|new_york|2021-07-12|60|IB60|OR30,GBPUSD,M15,new_york,America/New_York,2021-07-12,60,30,up,close,up,1.38530,1.38620,0.00090,0,or_break_with_ib_same_side_gap_remaining,0,1,edge_alignment_only,0
IBORFB|IBOR|GBPUSD|M15|london|2021-07-13|60|IB60|OR30,IB_OR_FIRST_BREAK_RELATIVE,RELATION_P0,conservative_gap_remaining_inference,IBOR|GBPUSD|M15|london|2021-07-13|60|IB60|OR30,GBPUSD,M15,london,Europe/London,2021-07-13,60,30,down,close,down,1.38935,1.38915,0.00020,0,or_break_with_ib_same_side_gap_remaining,0,1,edge_alignment_only,0
IBORFB|IBOR|GBPUSD|M15|new_york|2021-07-13|60|IB60|OR30,IB_OR_FIRST_BREAK_RELATIVE,RELATION_P0,conservative_gap_remaining_inference,IBOR|GBPUSD|M15|new_york|2021-07-13|60|IB60|OR30,GBPUSD,M15,new_york,America/New_York,2021-07-13,60,30,down,close,down,1.38520,1.38380,0.00140,0,or_break_with_ib_same_side_gap_remaining,0,1,edge_alignment_only,0
IBORFB|IBOR|GBPUSD|M15|london|2021-07-14|60|IB60|OR30,IB_OR_FIRST_BREAK_RELATIVE,RELATION_P0,conservative_gap_remaining_inference,IBOR|GBPUSD|M15|london|2021-07-14|60|IB60|OR30,GBPUSD,M15,london,Europe/London,2021-07-14,60,30,down,wick,down,1.38149,1.38146,0.00003,0,or_break_with_ib_same_side_gap_remaining,0,1,edge_alignment_only,0
IBORFB|IBOR|GBPUSD|M15|new_york|2021-07-14|60|IB60|OR30,IB_OR_FIRST_BREAK_RELATIVE,RELATION_P0,shared_edge_confirmed_from_current_fields,IBOR|GBPUSD|M15|new_york|2021-07-14|60|IB60|OR30,GBPUSD,M15,new_york,America/New_York,2021-07-14,60,30,down,wick,down,1.38544,1.38544,0.00000,1,shared_edge_break,1,0,edge_alignment_only,0
IBORFB|IBOR|GBPUSD|M15|london|2021-07-15|60|IB60|OR30,IB_OR_FIRST_BREAK_RELATIVE,RELATION_P0,conservative_gap_remaining_inference,IBOR|GBPUSD|M15|london|2021-07-15|60|IB60|OR30,GBPUSD,M15,london,Europe/London,2021-07-15,60,30,up,close,up,1.38378,1.38396,0.00018,0,or_break_with_ib_same_side_gap_remaining,0,1,edge_alignment_only,0
IBORFB|IBOR|GBPUSD|M15|new_york|2021-07-15|60|IB60|OR30,IB_OR_FIRST_BREAK_RELATIVE,RELATION_P0,conservative_gap_remaining_inference,IBOR|GBPUSD|M15|new_york|2021-07-15|60|IB60|OR30,GBPUSD,M15,new_york,America/New_York,2021-07-15,60,30,down,close,down,1.38688,1.38589,0.00099,0,or_break_with_ib_same_side_gap_remaining,0,1,edge_alignment_only,0
IBORFB|IBOR|GBPUSD|M15|london|2021-07-16|60|IB60|OR30,IB_OR_FIRST_BREAK_RELATIVE,RELATION_P0,conservative_gap_remaining_inference,IBOR|GBPUSD|M15|london|2021-07-16|60|IB60|OR30,GBPUSD,M15,london,Europe/London,2021-07-16,60,30,down,close,down,1.38358,1.38337,0.00021,0,or_break_with_ib_same_side_gap_remaining,0,1,edge_alignment_only,0
IBORFB|IBOR|GBPUSD|M15|new_york|2021-07-16|60|IB60|OR30,IB_OR_FIRST_BREAK_RELATIVE,RELATION_P0,conservative_gap_remaining_inference,IBOR|GBPUSD|M15|new_york|2021-07-16|60|IB60|OR30,GBPUSD,M15,new_york,America/New_York,2021-07-16,60,30,down,wick,down,1.38024,1.37994,0.00030,0,or_break_with_ib_same_side_gap_remaining,0,1,edge_alignment_only,0
IBORFB|IBOR|GBPUSD|M15|london|2021-07-19|60|IB60|OR30,IB_OR_FIRST_BREAK_RELATIVE,RELATION_P0,conservative_gap_remaining_inference,IBOR|GBPUSD|M15|london|2021-07-19|60|IB60|OR30,GBPUSD,M15,london,Europe/London,2021-07-19,60,30,down,close,down,1.37554,1.37524,0.00030,0,or_break_with_ib_same_side_gap_remaining,0,1,edge_alignment_only,0
IBORFB|IBOR|GBPUSD|M15|new_york|2021-07-19|60|IB60|OR30,IB_OR_FIRST_BREAK_RELATIVE,RELATION_P0,conservative_gap_remaining_inference,IBOR|GBPUSD|M15|new_york|2021-07-19|60|IB60|OR30,GBPUSD,M15,new_york,America/New_York,2021-07-19,60,30,down,close,down,1.37025,1.36997,0.00028,0,or_break_with_ib_same_side_gap_remaining,0,1,edge_alignment_only,0
IBORFB|IBOR|GBPUSD|M15|london|2021-07-20|60|IB60|OR30,IB_OR_FIRST_BREAK_RELATIVE,RELATION_P0,conservative_gap_remaining_inference,IBOR|GBPUSD|M15|london|2021-07-20|60|IB60|OR30,GBPUSD,M15,london,Europe/London,2021-07-20,60,30,up,wick,up,1.36711,1.36725,0.00014,0,or_break_with_ib_same_side_gap_remaining,0,1,edge_alignment_only,0
IBORFB|IBOR|GBPUSD|M15|new_york|2021-07-20|60|IB60|OR30,IB_OR_FIRST_BREAK_RELATIVE,RELATION_P0,conservative_gap_remaining_inference,IBOR|GBPUSD|M15|new_york|2021-07-20|60|IB60|OR30,GBPUSD,M15,new_york,America/New_York,2021-07-20,60,30,down,close,down,1.36164,1.36058,0.00106,0,or_break_with_ib_same_side_gap_remaining,0,1,edge_alignment_only,0
IBORFB|IBOR|GBPUSD|M15|london|2021-07-21|60|IB60|OR30,IB_OR_FIRST_BREAK_RELATIVE,RELATION_P0,conservative_gap_remaining_inference,IBOR|GBPUSD|M15|london|2021-07-21|60|IB60|OR30,GBPUSD,M15,london,Europe/London,2021-07-21,60,30,down,wick,down,1.36146,1.36125,0.00021,0,or_break_with_ib_same_side_gap_remaining,0,1,edge_alignment_only,0
IBORFB|IBOR|GBPUSD|M15|new_york|2021-07-21|60|IB60|OR30,IB_OR_FIRST_BREAK_RELATIVE,RELATION_P0,conservative_gap_remaining_inference,IBOR|GBPUSD|M15|new_york|2021-07-21|60|IB60|OR30,GBPUSD,M15,new_york,America/New_York,2021-07-21,60,30,down,wick,down,1.36013,1.35952,0.00061,0,or_break_with_ib_same_side_gap_remaining,0,1,edge_alignment_only,0
IBORFB|IBOR|GBPUSD|M15|london|2021-07-22|60|IB60|OR30,IB_OR_FIRST_BREAK_RELATIVE,RELATION_P0,conservative_gap_remaining_inference,IBOR|GBPUSD|M15|london|2021-07-22|60|IB60|OR30,GBPUSD,M15,london,Europe/London,2021-07-22,60,30,up,close,up,1.37153,1.37186,0.00033,0,or_break_with_ib_same_side_gap_remaining,0,1,edge_alignment_only,0
IBORFB|IBOR|GBPUSD|M15|new_york|2021-07-22|60|IB60|OR30,IB_OR_FIRST_BREAK_RELATIVE,RELATION_P0,conservative_gap_remaining_inference,IBOR|GBPUSD|M15|new_york|2021-07-22|60|IB60|OR30,GBPUSD,M15,new_york,America/New_York,2021-07-22,60,30,down,wick,down,1.37526,1.37498,0.00028,0,or_break_with_ib_same_side_gap_remaining,0,1,edge_alignment_only,0
IBORFB|IBOR|GBPUSD|M15|london|2021-07-23|60|IB60|OR30,IB_OR_FIRST_BREAK_RELATIVE,RELATION_P0,no_break_relative_inference,IBOR|GBPUSD|M15|london|2021-07-23|60|IB60|OR30,GBPUSD,M15,london,Europe/London,2021-07-23,60,30,none,ambiguous,none,,,,0,no_break,0,0,edge_alignment_only,0
IBORFB|IBOR|GBPUSD|M15|new_york|2021-07-23|60|IB60|OR30,IB_OR_FIRST_BREAK_RELATIVE,RELATION_P0,conservative_gap_remaining_inference,IBOR|GBPUSD|M15|new_york|2021-07-23|60|IB60|OR30,GBPUSD,M15,new_york,America/New_York,2021-07-23,60,30,down,wick,down,1.37281,1.37195,0.00086,0,or_break_with_ib_same_side_gap_remaining,0,1,edge_alignment_only,0
IBORFB|IBOR|GBPUSD|M15|london|2021-07-26|60|IB60|OR30,IB_OR_FIRST_BREAK_RELATIVE,RELATION_P0,conservative_gap_remaining_inference,IBOR|GBPUSD|M15|london|2021-07-26|60|IB60|OR30,GBPUSD,M15,london,Europe/London,2021-07-26,60,30,up,close,up,1.37486,1.37547,0.00061,0,or_break_with_ib_same_side_gap_remaining,0,1,edge_alignment_only,0
IBORFB|IBOR|GBPUSD|M15|new_york|2021-07-26|60|IB60|OR30,IB_OR_FIRST_BREAK_RELATIVE,RELATION_P0,conservative_gap_remaining_inference,IBOR|GBPUSD|M15|new_york|2021-07-26|60|IB60|OR30,GBPUSD,M15,new_york,America/New_York,2021-07-26,60,30,down,wick,down,1.37829,1.37776,0.00053,0,or_break_with_ib_same_side_gap_remaining,0,1,edge_alignment_only,0
IBORFB|IBOR|GBPUSD|M15|london|2021-07-27|60|IB60|OR30,IB_OR_FIRST_BREAK_RELATIVE,RELATION_P0,conservative_gap_remaining_inference,IBOR|GBPUSD|M15|london|2021-07-27|60|IB60|OR30,GBPUSD,M15,london,Europe/London,2021-07-27,60,30,down,wick,down,1.38238,1.38234,0.00004,0,or_break_with_ib_same_side_gap_remaining,0,1,edge_alignment_only,0
IBORFB|IBOR|GBPUSD|M15|new_york|2021-07-27|60|IB60|OR30,IB_OR_FIRST_BREAK_RELATIVE,RELATION_P0,no_break_relative_inference,IBOR|GBPUSD|M15|new_york|2021-07-27|60|IB60|OR30,GBPUSD,M15,new_york,America/New_York,2021-07-27,60,30,none,ambiguous,none,,,,0,no_break,0,0,edge_alignment_only,0
IBORFB|IBOR|GBPUSD|M15|london|2021-07-28|60|IB60|OR30,IB_OR_FIRST_BREAK_RELATIVE,RELATION_P0,conservative_gap_remaining_inference,IBOR|GBPUSD|M15|london|2021-07-28|60|IB60|OR30,GBPUSD,M15,london,Europe/London,2021-07-28,60,30,down,close,down,1.38719,1.38705,0.00014,0,or_break_with_ib_same_side_gap_remaining,0,1,edge_alignment_only,0
IBORFB|IBOR|GBPUSD|M15|new_york|2021-07-28|60|IB60|OR30,IB_OR_FIRST_BREAK_RELATIVE,RELATION_P0,conservative_gap_remaining_inference,IBOR|GBPUSD|M15|new_york|2021-07-28|60|IB60|OR30,GBPUSD,M15,new_york,America/New_York,2021-07-28,60,30,up,wick,up,1.38808,1.38840,0.00032,0,or_break_with_ib_same_side_gap_remaining,0,1,edge_alignment_only,0
IBORFB|IBOR|GBPUSD|M15|london|2021-07-29|60|IB60|OR30,IB_OR_FIRST_BREAK_RELATIVE,RELATION_P0,conservative_gap_remaining_inference,IBOR|GBPUSD|M15|london|2021-07-29|60|IB60|OR30,GBPUSD,M15,london,Europe/London,2021-07-29,60,30,up,wick,up,1.39285,1.39310,0.00025,0,or_break_with_ib_same_side_gap_remaining,0,1,edge_alignment_only,0
IBORFB|IBOR|GBPUSD|M15|new_york|2021-07-29|60|IB60|OR30,IB_OR_FIRST_BREAK_RELATIVE,RELATION_P0,conservative_gap_remaining_inference,IBOR|GBPUSD|M15|new_york|2021-07-29|60|IB60|OR30,GBPUSD,M15,new_york,America/New_York,2021-07-29,60,30,up,wick,up,1.39606,1.39635,0.00029,0,or_break_with_ib_same_side_gap_remaining,0,1,edge_alignment_only,0
IBORFB|IBOR|GBPUSD|M15|london|2021-07-30|60|IB60|OR30,IB_OR_FIRST_BREAK_RELATIVE,RELATION_P0,conservative_gap_remaining_inference,IBOR|GBPUSD|M15|london|2021-07-30|60|IB60|OR30,GBPUSD,M15,london,Europe/London,2021-07-30,60,30,up,close,up,1.39475,1.39503,0.00028,0,or_break_with_ib_same_side_gap_remaining,0,1,edge_alignment_only,0
IBORFB|IBOR|GBPUSD|M15|new_york|2021-07-30|60|IB60|OR30,IB_OR_FIRST_BREAK_RELATIVE,RELATION_P0,conservative_gap_remaining_inference,IBOR|GBPUSD|M15|new_york|2021-07-30|60|IB60|OR30,GBPUSD,M15,new_york,America/New_York,2021-07-30,60,30,down,close,down,1.39653,1.39598,0.00055,0,or_break_with_ib_same_side_gap_remaining,0,1,edge_alignment_only,0
IBORFB|IBOR|GBPUSD|M15|london|2021-08-02|60|IB60|OR30,IB_OR_FIRST_BREAK_RELATIVE,RELATION_P0,conservative_gap_remaining_inference,IBOR|GBPUSD|M15|london|2021-08-02|60|IB60|OR30,GBPUSD,M15,london,Europe/London,2021-08-02,60,30,down,wick,down,1.38979,1.38976,0.00003,0,or_break_with_ib_same_side_gap_remaining,0,1,edge_alignment_only,0
IBORFB|IBOR|GBPUSD|M15|new_york|2021-08-02|60|IB60|OR30,IB_OR_FIRST_BREAK_RELATIVE,RELATION_P0,shared_edge_confirmed_from_current_fields,IBOR|GBPUSD|M15|new_york|2021-08-02|60|IB60|OR30,GBPUSD,M15,new_york,America/New_York,2021-08-02,60,30,down,wick,down,1.38968,1.38968,0.00000,1,shared_edge_break,1,0,edge_alignment_only,0
IBORFB|IBOR|GBPUSD|M15|london|2021-08-03|60|IB60|OR30,IB_OR_FIRST_BREAK_RELATIVE,RELATION_P0,conservative_gap_remaining_inference,IBOR|GBPUSD|M15|london|2021-08-03|60|IB60|OR30,GBPUSD,M15,london,Europe/London,2021-08-03,60,30,up,wick,up,1.38980,1.39038,0.00058,0,or_break_with_ib_same_side_gap_remaining,0,1,edge_alignment_only,0
IBORFB|IBOR|GBPUSD|M15|new_york|2021-08-03|60|IB60|OR30,IB_OR_FIRST_BREAK_RELATIVE,RELATION_P0,conservative_gap_remaining_inference,IBOR|GBPUSD|M15|new_york|2021-08-03|60|IB60|OR30,GBPUSD,M15,new_york,America/New_York,2021-08-03,60,30,up,wick,up,1.39347,1.39381,0.00034,0,or_break_with_ib_same_side_gap_remaining,0,1,edge_alignment_only,0
IBORFB|IBOR|GBPUSD|M15|london|2021-08-04|60|IB60|OR30,IB_OR_FIRST_BREAK_RELATIVE,RELATION_P0,shared_edge_confirmed_from_current_fields,IBOR|GBPUSD|M15|london|2021-08-04|60|IB60|OR30,GBPUSD,M15,london,Europe/London,2021-08-04,60,30,up,close,up,1.39278,1.39278,0.00000,1,shared_edge_break,1,0,edge_alignment_only,0
IBORFB|IBOR|GBPUSD|M15|new_york|2021-08-04|60|IB60|OR30,IB_OR_FIRST_BREAK_RELATIVE,RELATION_P0,conservative_gap_remaining_inference,IBOR|GBPUSD|M15|new_york|2021-08-04|60|IB60|OR30,GBPUSD,M15,new_york,America/New_York,2021-08-04,60,30,down,wick,down,1.39222,1.39178,0.00044,0,or_break_with_ib_same_side_gap_remaining,0,1,edge_alignment_only,0
IBORFB|IBOR|GBPUSD|M15|london|2021-08-05|60|IB60|OR30,IB_OR_FIRST_BREAK_RELATIVE,RELATION_P0,shared_edge_confirmed_from_current_fields,IBOR|GBPUSD|M15|london|2021-08-05|60|IB60|OR30,GBPUSD,M15,london,Europe/London,2021-08-05,60,30,up,close,up,1.38926,1.38926,0.00000,1,shared_edge_break,1,0,edge_alignment_only,0
IBORFB|IBOR|GBPUSD|M15|new_york|2021-08-05|60|IB60|OR30,IB_OR_FIRST_BREAK_RELATIVE,RELATION_P0,no_break_relative_inference,IBOR|GBPUSD|M15|new_york|2021-08-05|60|IB60|OR30,GBPUSD,M15,new_york,America/New_York,2021-08-05,60,30,none,ambiguous,none,,,,0,no_break,0,0,edge_alignment_only,0
IBORFB|IBOR|GBPUSD|M15|london|2021-08-06|60|IB60|OR30,IB_OR_FIRST_BREAK_RELATIVE,RELATION_P0,conservative_gap_remaining_inference,IBOR|GBPUSD|M15|london|2021-08-06|60|IB60|OR30,GBPUSD,M15,london,Europe/London,2021-08-06,60,30,down,wick,down,1.39173,1.39166,0.00007,0,or_break_with_ib_same_side_gap_remaining,0,1,edge_alignment_only,0
IBORFB|IBOR|GBPUSD|M15|new_york|2021-08-06|60|IB60|OR30,IB_OR_FIRST_BREAK_RELATIVE,RELATION_P0,conservative_gap_remaining_inference,IBOR|GBPUSD|M15|new_york|2021-08-06|60|IB60|OR30,GBPUSD,M15,new_york,America/New_York,2021-08-06,60,30,down,wick,down,1.39071,1.39043,0.00028,0,or_break_with_ib_same_side_gap_remaining,0,1,edge_alignment_only,0
IBORFB|IBOR|GBPUSD|M15|london|2021-08-09|60|IB60|OR30,IB_OR_FIRST_BREAK_RELATIVE,RELATION_P0,conservative_gap_remaining_inference,IBOR|GBPUSD|M15|london|2021-08-09|60|IB60|OR30,GBPUSD,M15,london,Europe/London,2021-08-09,60,30,up,close,up,1.38687,1.38699,0.00012,0,or_break_with_ib_same_side_gap_remaining,0,1,edge_alignment_only,0
IBORFB|IBOR|GBPUSD|M15|new_york|2021-08-09|60|IB60|OR30,IB_OR_FIRST_BREAK_RELATIVE,RELATION_P0,conservative_gap_remaining_inference,IBOR|GBPUSD|M15|new_york|2021-08-09|60|IB60|OR30,GBPUSD,M15,new_york,America/New_York,2021-08-09,60,30,down,wick,down,1.38784,1.38776,0.00008,0,or_break_with_ib_same_side_gap_remaining,0,1,edge_alignment_only,0
IBORFB|IBOR|GBPUSD|M15|london|2021-08-10|60|IB60|OR30,IB_OR_FIRST_BREAK_RELATIVE,RELATION_P0,conservative_gap_remaining_inference,IBOR|GBPUSD|M15|london|2021-08-10|60|IB60|OR30,GBPUSD,M15,london,Europe/London,2021-08-10,60,30,down,close,down,1.38459,1.38426,0.00033,0,or_break_with_ib_same_side_gap_remaining,0,1,edge_alignment_only,0
IBORFB|IBOR|GBPUSD|M15|new_york|2021-08-10|60|IB60|OR30,IB_OR_FIRST_BREAK_RELATIVE,RELATION_P0,conservative_gap_remaining_inference,IBOR|GBPUSD|M15|new_york|2021-08-10|60|IB60|OR30,GBPUSD,M15,new_york,America/New_York,2021-08-10,60,30,up,close,up,1.38616,1.38640,0.00024,0,or_break_with_ib_same_side_gap_remaining,0,1,edge_alignment_only,0
IBORFB|IBOR|GBPUSD|M15|london|2021-08-11|60|IB60|OR30,IB_OR_FIRST_BREAK_RELATIVE,RELATION_P0,shared_edge_confirmed_from_current_fields,IBOR|GBPUSD|M15|london|2021-08-11|60|IB60|OR30,GBPUSD,M15,london,Europe/London,2021-08-11,60,30,up,close,up,1.38309,1.38309,0.00000,1,shared_edge_break,1,0,edge_alignment_only,0
IBORFB|IBOR|GBPUSD|M15|new_york|2021-08-11|60|IB60|OR30,IB_OR_FIRST_BREAK_RELATIVE,RELATION_P0,shared_edge_confirmed_from_current_fields,IBOR|GBPUSD|M15|new_york|2021-08-11|60|IB60|OR30,GBPUSD,M15,new_york,America/New_York,2021-08-11,60,30,up,close,up,1.38189,1.38189,0.00000,1,shared_edge_break,1,0,edge_alignment_only,0
IBORFB|IBOR|GBPUSD|M15|london|2021-08-12|60|IB60|OR30,IB_OR_FIRST_BREAK_RELATIVE,RELATION_P0,conservative_gap_remaining_inference,IBOR|GBPUSD|M15|london|2021-08-12|60|IB60|OR30,GBPUSD,M15,london,Europe/London,2021-08-12,60,30,down,close,down,1.38722,1.38672,0.00050,0,or_break_with_ib_same_side_gap_remaining,0,1,edge_alignment_only,0
IBORFB|IBOR|GBPUSD|M15|new_york|2021-08-12|60|IB60|OR30,IB_OR_FIRST_BREAK_RELATIVE,RELATION_P0,conservative_gap_remaining_inference,IBOR|GBPUSD|M15|new_york|2021-08-12|60|IB60|OR30,GBPUSD,M15,new_york,America/New_York,2021-08-12,60,30,down,wick,down,1.38497,1.38452,0.00045,0,or_break_with_ib_same_side_gap_remaining,0,1,edge_alignment_only,0
IBORFB|IBOR|GBPUSD|M15|london|2021-08-13|60|IB60|OR30,IB_OR_FIRST_BREAK_RELATIVE,RELATION_P0,conservative_gap_remaining_inference,IBOR|GBPUSD|M15|london|2021-08-13|60|IB60|OR30,GBPUSD,M15,london,Europe/London,2021-08-13,60,30,down,wick,down,1.38130,1.38122,0.00008,0,or_break_with_ib_same_side_gap_remaining,0,1,edge_alignment_only,0
IBORFB|IBOR|GBPUSD|M15|new_york|2021-08-13|60|IB60|OR30,IB_OR_FIRST_BREAK_RELATIVE,RELATION_P0,conservative_gap_remaining_inference,IBOR|GBPUSD|M15|new_york|2021-08-13|60|IB60|OR30,GBPUSD,M15,new_york,America/New_York,2021-08-13,60,30,up,close,up,1.37994,1.38106,0.00112,0,or_break_with_ib_same_side_gap_remaining,0,1,edge_alignment_only,0
IBORFB|IBOR|GBPUSD|M15|london|2021-08-16|60|IB60|OR30,IB_OR_FIRST_BREAK_RELATIVE,RELATION_P0,conservative_gap_remaining_inference,IBOR|GBPUSD|M15|london|2021-08-16|60|IB60|OR30,GBPUSD,M15,london,Europe/London,2021-08-16,60,30,up,wick,up,1.38556,1.38570,0.00014,0,or_break_with_ib_same_side_gap_remaining,0,1,edge_alignment_only,0
IBORFB|IBOR|GBPUSD|M15|new_york|2021-08-16|60|IB60|OR30,IB_OR_FIRST_BREAK_RELATIVE,RELATION_P0,no_break_relative_inference,IBOR|GBPUSD|M15|new_york|2021-08-16|60|IB60|OR30,GBPUSD,M15,new_york,America/New_York,2021-08-16,60,30,none,ambiguous,none,,,,0,no_break,0,0,edge_alignment_only,0
IBORFB|IBOR|GBPUSD|M15|london|2021-08-17|60|IB60|OR30,IB_OR_FIRST_BREAK_RELATIVE,RELATION_P0,conservative_gap_remaining_inference,IBOR|GBPUSD|M15|london|2021-08-17|60|IB60|OR30,GBPUSD,M15,london,Europe/London,2021-08-17,60,30,up,wick,up,1.38185,1.38199,0.00014,0,or_break_with_ib_same_side_gap_remaining,0,1,edge_alignment_only,0
IBORFB|IBOR|GBPUSD|M15|new_york|2021-08-17|60|IB60|OR30,IB_OR_FIRST_BREAK_RELATIVE,RELATION_P0,shared_edge_confirmed_from_current_fields,IBOR|GBPUSD|M15|new_york|2021-08-17|60|IB60|OR30,GBPUSD,M15,new_york,America/New_York,2021-08-17,60,30,up,wick,up,1.37963,1.37963,0.00000,1,shared_edge_break,1,0,edge_alignment_only,0
IBORFB|IBOR|GBPUSD|M15|london|2021-08-18|60|IB60|OR30,IB_OR_FIRST_BREAK_RELATIVE,RELATION_P0,conservative_gap_remaining_inference,IBOR|GBPUSD|M15|london|2021-08-18|60|IB60|OR30,GBPUSD,M15,london,Europe/London,2021-08-18,60,30,down,close,down,1.37485,1.37414,0.00071,0,or_break_with_ib_same_side_gap_remaining,0,1,edge_alignment_only,0
IBORFB|IBOR|GBPUSD|M15|new_york|2021-08-18|60|IB60|OR30,IB_OR_FIRST_BREAK_RELATIVE,RELATION_P0,conservative_gap_remaining_inference,IBOR|GBPUSD|M15|new_york|2021-08-18|60|IB60|OR30,GBPUSD,M15,new_york,America/New_York,2021-08-18,60,30,down,wick,down,1.37494,1.37472,0.00022,0,or_break_with_ib_same_side_gap_remaining,0,1,edge_alignment_only,0
IBORFB|IBOR|GBPUSD|M15|london|2021-08-19|60|IB60|OR30,IB_OR_FIRST_BREAK_RELATIVE,RELATION_P0,conservative_gap_remaining_inference,IBOR|GBPUSD|M15|london|2021-08-19|60|IB60|OR30,GBPUSD,M15,london,Europe/London,2021-08-19,60,30,down,close,down,1.37193,1.37167,0.00026,0,or_break_with_ib_same_side_gap_remaining,0,1,edge_alignment_only,0
IBORFB|IBOR|GBPUSD|M15|new_york|2021-08-19|60|IB60|OR30,IB_OR_FIRST_BREAK_RELATIVE,RELATION_P0,conservative_gap_remaining_inference,IBOR|GBPUSD|M15|new_york|2021-08-19|60|IB60|OR30,GBPUSD,M15,new_york,America/New_York,2021-08-19,60,30,down,wick,down,1.36858,1.36825,0.00033,0,or_break_with_ib_same_side_gap_remaining,0,1,edge_alignment_only,0
IBORFB|IBOR|GBPUSD|M15|london|2021-08-20|60|IB60|OR30,IB_OR_FIRST_BREAK_RELATIVE,RELATION_P0,shared_edge_confirmed_from_current_fields,IBOR|GBPUSD|M15|london|2021-08-20|60|IB60|OR30,GBPUSD,M15,london,Europe/London,2021-08-20,60,30,down,close,down,1.36291,1.36291,0.00000,1,shared_edge_break,1,0,edge_alignment_only,0
IBORFB|IBOR|GBPUSD|M15|new_york|2021-08-20|60|IB60|OR30,IB_OR_FIRST_BREAK_RELATIVE,RELATION_P0,conservative_gap_remaining_inference,IBOR|GBPUSD|M15|new_york|2021-08-20|60|IB60|OR30,GBPUSD,M15,new_york,America/New_York,2021-08-20,60,30,down,wick,down,1.36116,1.36102,0.00014,0,or_break_with_ib_same_side_gap_remaining,0,1,edge_alignment_only,0
IBORFB|IBOR|GBPUSD|M15|london|2021-08-23|60|IB60|OR30,IB_OR_FIRST_BREAK_RELATIVE,RELATION_P0,conservative_gap_remaining_inference,IBOR|GBPUSD|M15|london|2021-08-23|60|IB60|OR30,GBPUSD,M15,london,Europe/London,2021-08-23,60,30,down,wick,down,1.36444,1.36423,0.00021,0,or_break_with_ib_same_side_gap_remaining,0,1,edge_alignment_only,0
IBORFB|IBOR|GBPUSD|M15|new_york|2021-08-23|60|IB60|OR30,IB_OR_FIRST_BREAK_RELATIVE,RELATION_P0,conservative_gap_remaining_inference,IBOR|GBPUSD|M15|new_york|2021-08-23|60|IB60|OR30,GBPUSD,M15,new_york,America/New_York,2021-08-23,60,30,up,wick,up,1.36781,1.36791,0.00010,0,or_break_with_ib_same_side_gap_remaining,0,1,edge_alignment_only,0
IBORFB|IBOR|GBPUSD|M15|london|2021-08-24|60|IB60|OR30,IB_OR_FIRST_BREAK_RELATIVE,RELATION_P0,conservative_gap_remaining_inference,IBOR|GBPUSD|M15|london|2021-08-24|60|IB60|OR30,GBPUSD,M15,london,Europe/London,2021-08-24,60,30,up,close,up,1.37202,1.37252,0.00050,0,or_break_with_ib_same_side_gap_remaining,0,1,edge_alignment_only,0
IBORFB|IBOR|GBPUSD|M15|new_york|2021-08-24|60|IB60|OR30,IB_OR_FIRST_BREAK_RELATIVE,RELATION_P0,conservative_gap_remaining_inference,IBOR|GBPUSD|M15|new_york|2021-08-24|60|IB60|OR30,GBPUSD,M15,new_york,America/New_York,2021-08-24,60,30,down,close,down,1.37165,1.37119,0.00046,0,or_break_with_ib_same_side_gap_remaining,0,1,edge_alignment_only,0
IBORFB|IBOR|GBPUSD|M15|london|2021-08-25|60|IB60|OR30,IB_OR_FIRST_BREAK_RELATIVE,RELATION_P0,no_break_relative_inference,IBOR|GBPUSD|M15|london|2021-08-25|60|IB60|OR30,GBPUSD,M15,london,Europe/London,2021-08-25,60,30,none,ambiguous,none,,,,0,no_break,0,0,edge_alignment_only,0
IBORFB|IBOR|GBPUSD|M15|new_york|2021-08-25|60|IB60|OR30,IB_OR_FIRST_BREAK_RELATIVE,RELATION_P0,shared_edge_confirmed_from_current_fields,IBOR|GBPUSD|M15|new_york|2021-08-25|60|IB60|OR30,GBPUSD,M15,new_york,America/New_York,2021-08-25,60,30,down,wick,down,1.37129,1.37129,0.00000,1,shared_edge_break,1,0,edge_alignment_only,0
IBORFB|IBOR|GBPUSD|M15|london|2021-08-26|60|IB60|OR30,IB_OR_FIRST_BREAK_RELATIVE,RELATION_P0,conservative_gap_remaining_inference,IBOR|GBPUSD|M15|london|2021-08-26|60|IB60|OR30,GBPUSD,M15,london,Europe/London,2021-08-26,60,30,up,close,up,1.37574,1.37585,0.00011,0,or_break_with_ib_same_side_gap_remaining,0,1,edge_alignment_only,0
IBORFB|IBOR|GBPUSD|M15|new_york|2021-08-26|60|IB60|OR30,IB_OR_FIRST_BREAK_RELATIVE,RELATION_P0,conservative_gap_remaining_inference,IBOR|GBPUSD|M15|new_york|2021-08-26|60|IB60|OR30,GBPUSD,M15,new_york,America/New_York,2021-08-26,60,30,down,wick,down,1.37369,1.37315,0.00054,0,or_break_with_ib_same_side_gap_remaining,0,1,edge_alignment_only,0
IBORFB|IBOR|GBPUSD|M15|london|2021-08-27|60|IB60|OR30,IB_OR_FIRST_BREAK_RELATIVE,RELATION_P0,conservative_gap_remaining_inference,IBOR|GBPUSD|M15|london|2021-08-27|60|IB60|OR30,GBPUSD,M15,london,Europe/London,2021-08-27,60,30,up,close,up,1.36988,1.37006,0.00018,0,or_break_with_ib_same_side_gap_remaining,0,1,edge_alignment_only,0
IBORFB|IBOR|GBPUSD|M15|new_york|2021-08-27|60|IB60|OR30,IB_OR_FIRST_BREAK_RELATIVE,RELATION_P0,conservative_gap_remaining_inference,IBOR|GBPUSD|M15|new_york|2021-08-27|60|IB60|OR30,GBPUSD,M15,new_york,America/New_York,2021-08-27,60,30,up,close,up,1.37106,1.37139,0.00033,0,or_break_with_ib_same_side_gap_remaining,0,1,edge_alignment_only,0
IBORFB|IBOR|GBPUSD|M15|london|2021-08-30|60|IB60|OR30,IB_OR_FIRST_BREAK_RELATIVE,RELATION_P0,conservative_gap_remaining_inference,IBOR|GBPUSD|M15|london|2021-08-30|60|IB60|OR30,GBPUSD,M15,london,Europe/London,2021-08-30,60,30,up,wick,up,1.37702,1.37704,0.00002,0,or_break_with_ib_same_side_gap_remaining,0,1,edge_alignment_only,0
IBORFB|IBOR|GBPUSD|M15|new_york|2021-08-30|60|IB60|OR30,IB_OR_FIRST_BREAK_RELATIVE,RELATION_P0,conservative_gap_remaining_inference,IBOR|GBPUSD|M15|new_york|2021-08-30|60|IB60|OR30,GBPUSD,M15,new_york,America/New_York,2021-08-30,60,30,down,wick,down,1.37501,1.37481,0.00020,0,or_break_with_ib_same_side_gap_remaining,0,1,edge_alignment_only,0
IBORFB|IBOR|GBPUSD|M15|london|2021-08-31|60|IB60|OR30,IB_OR_FIRST_BREAK_RELATIVE,RELATION_P0,shared_edge_confirmed_from_current_fields,IBOR|GBPUSD|M15|london|2021-08-31|60|IB60|OR30,GBPUSD,M15,london,Europe/London,2021-08-31,60,30,up,close,up,1.37814,1.37814,0.00000,1,shared_edge_break,1,0,edge_alignment_only,0
IBORFB|IBOR|GBPUSD|M15|new_york|2021-08-31|60|IB60|OR30,IB_OR_FIRST_BREAK_RELATIVE,RELATION_P0,conservative_gap_remaining_inference,IBOR|GBPUSD|M15|new_york|2021-08-31|60|IB60|OR30,GBPUSD,M15,new_york,America/New_York,2021-08-31,60,30,up,close,up,1.37790,1.37857,0.00067,0,or_break_with_ib_same_side_gap_remaining,0,1,edge_alignment_only,0
IBORFB|IBOR|GBPUSD|M15|london|2021-09-01|60|IB60|OR30,IB_OR_FIRST_BREAK_RELATIVE,RELATION_P0,conservative_gap_remaining_inference,IBOR|GBPUSD|M15|london|2021-09-01|60|IB60|OR30,GBPUSD,M15,london,Europe/London,2021-09-01,60,30,up,wick,up,1.37379,1.37380,0.00001,0,or_break_with_ib_same_side_gap_remaining,0,1,edge_alignment_only,0
IBORFB|IBOR|GBPUSD|M15|new_york|2021-09-01|60|IB60|OR30,IB_OR_FIRST_BREAK_RELATIVE,RELATION_P0,conservative_gap_remaining_inference,IBOR|GBPUSD|M15|new_york|2021-09-01|60|IB60|OR30,GBPUSD,M15,new_york,America/New_York,2021-09-01,60,30,up,wick,up,1.37613,1.37624,0.00011,0,or_break_with_ib_same_side_gap_remaining,0,1,edge_alignment_only,0
IBORFB|IBOR|GBPUSD|M15|london|2021-09-02|60|IB60|OR30,IB_OR_FIRST_BREAK_RELATIVE,RELATION_P0,conservative_gap_remaining_inference,IBOR|GBPUSD|M15|london|2021-09-02|60|IB60|OR30,GBPUSD,M15,london,Europe/London,2021-09-02,60,30,down,wick,down,1.37720,1.37702,0.00018,0,or_break_with_ib_same_side_gap_remaining,0,1,edge_alignment_only,0
IBORFB|IBOR|GBPUSD|M15|new_york|2021-09-02|60|IB60|OR30,IB_OR_FIRST_BREAK_RELATIVE,RELATION_P0,conservative_gap_remaining_inference,IBOR|GBPUSD|M15|new_york|2021-09-02|60|IB60|OR30,GBPUSD,M15,new_york,America/New_York,2021-09-02,60,30,down,close,down,1.37876,1.37857,0.00019,0,or_break_with_ib_same_side_gap_remaining,0,1,edge_alignment_only,0
IBORFB|IBOR|GBPUSD|M15|london|2021-09-03|60|IB60|OR30,IB_OR_FIRST_BREAK_RELATIVE,RELATION_P0,conservative_gap_remaining_inference,IBOR|GBPUSD|M15|london|2021-09-03|60|IB60|OR30,GBPUSD,M15,london,Europe/London,2021-09-03,60,30,down,close,down,1.38332,1.38312,0.00020,0,or_break_with_ib_same_side_gap_remaining,0,1,edge_alignment_only,0
IBORFB|IBOR|GBPUSD|M15|new_york|2021-09-03|60|IB60|OR30,IB_OR_FIRST_BREAK_RELATIVE,RELATION_P0,conservative_gap_remaining_inference,IBOR|GBPUSD|M15|new_york|2021-09-03|60|IB60|OR30,GBPUSD,M15,new_york,America/New_York,2021-09-03,60,30,up,close,up,1.38275,1.38347,0.00072,0,or_break_with_ib_same_side_gap_remaining,0,1,edge_alignment_only,0
IBORFB|IBOR|GBPUSD|M15|london|2021-09-06|60|IB60|OR30,IB_OR_FIRST_BREAK_RELATIVE,RELATION_P0,conservative_gap_remaining_inference,IBOR|GBPUSD|M15|london|2021-09-06|60|IB60|OR30,GBPUSD,M15,london,Europe/London,2021-09-06,60,30,down,close,down,1.38474,1.38426,0.00048,0,or_break_with_ib_same_side_gap_remaining,0,1,edge_alignment_only,0
IBORFB|IBOR|GBPUSD|M15|new_york|2021-09-06|60|IB60|OR30,IB_OR_FIRST_BREAK_RELATIVE,RELATION_P0,no_break_relative_inference,IBOR|GBPUSD|M15|new_york|2021-09-06|60|IB60|OR30,GBPUSD,M15,new_york,America/New_York,2021-09-06,60,30,none,ambiguous,none,,,,0,no_break,0,0,edge_alignment_only,0
IBORFB|IBOR|GBPUSD|M15|london|2021-09-07|60|IB60|OR30,IB_OR_FIRST_BREAK_RELATIVE,RELATION_P0,no_break_relative_inference,IBOR|GBPUSD|M15|london|2021-09-07|60|IB60|OR30,GBPUSD,M15,london,Europe/London,2021-09-07,60,30,none,ambiguous,none,,,,0,no_break,0,0,edge_alignment_only,0
IBORFB|IBOR|GBPUSD|M15|new_york|2021-09-07|60|IB60|OR30,IB_OR_FIRST_BREAK_RELATIVE,RELATION_P0,conservative_gap_remaining_inference,IBOR|GBPUSD|M15|new_york|2021-09-07|60|IB60|OR30,GBPUSD,M15,new_york,America/New_York,2021-09-07,60,30,down,wick,down,1.37859,1.37838,0.00021,0,or_break_with_ib_same_side_gap_remaining,0,1,edge_alignment_only,0
IBORFB|IBOR|GBPUSD|M15|london|2021-09-08|60|IB60|OR30,IB_OR_FIRST_BREAK_RELATIVE,RELATION_P0,conservative_gap_remaining_inference,IBOR|GBPUSD|M15|london|2021-09-08|60|IB60|OR30,GBPUSD,M15,london,Europe/London,2021-09-08,60,30,down,wick,down,1.37788,1.37783,0.00005,0,or_break_with_ib_same_side_gap_remaining,0,1,edge_alignment_only,0
IBORFB|IBOR|GBPUSD|M15|new_york|2021-09-08|60|IB60|OR30,IB_OR_FIRST_BREAK_RELATIVE,RELATION_P0,conservative_gap_remaining_inference,IBOR|GBPUSD|M15|new_york|2021-09-08|60|IB60|OR30,GBPUSD,M15,new_york,America/New_York,2021-09-08,60,30,up,close,up,1.37675,1.37777,0.00102,0,or_break_with_ib_same_side_gap_remaining,0,1,edge_alignment_only,0
IBORFB|IBOR|GBPUSD|M15|london|2021-09-09|60|IB60|OR30,IB_OR_FIRST_BREAK_RELATIVE,RELATION_P0,conservative_gap_remaining_inference,IBOR|GBPUSD|M15|london|2021-09-09|60|IB60|OR30,GBPUSD,M15,london,Europe/London,2021-09-09,60,30,down,close,down,1.37587,1.37529,0.00058,0,or_break_with_ib_same_side_gap_remaining,0,1,edge_alignment_only,0
IBORFB|IBOR|GBPUSD|M15|new_york|2021-09-09|60|IB60|OR30,IB_OR_FIRST_BREAK_RELATIVE,RELATION_P0,conservative_gap_remaining_inference,IBOR|GBPUSD|M15|new_york|2021-09-09|60|IB60|OR30,GBPUSD,M15,new_york,America/New_York,2021-09-09,60,30,down,wick,down,1.38094,1.38088,0.00006,0,or_break_with_ib_same_side_gap_remaining,0,1,edge_alignment_only,0
IBORFB|IBOR|GBPUSD|M15|london|2021-09-10|60|IB60|OR30,IB_OR_FIRST_BREAK_RELATIVE,RELATION_P0,conservative_gap_remaining_inference,IBOR|GBPUSD|M15|london|2021-09-10|60|IB60|OR30,GBPUSD,M15,london,Europe/London,2021-09-10,60,30,down,close,down,1.38477,1.38471,0.00006,0,or_break_with_ib_same_side_gap_remaining,0,1,edge_alignment_only,0
IBORFB|IBOR|GBPUSD|M15|new_york|2021-09-10|60|IB60|OR30,IB_OR_FIRST_BREAK_RELATIVE,RELATION_P0,conservative_gap_remaining_inference,IBOR|GBPUSD|M15|new_york|2021-09-10|60|IB60|OR30,GBPUSD,M15,new_york,America/New_York,2021-09-10,60,30,up,wick,up,1.38738,1.38819,0.00081,0,or_break_with_ib_same_side_gap_remaining,0,1,edge_alignment_only,0
IBORFB|IBOR|GBPUSD|M15|london|2021-09-13|60|IB60|OR30,IB_OR_FIRST_BREAK_RELATIVE,RELATION_P0,conservative_gap_remaining_inference,IBOR|GBPUSD|M15|london|2021-09-13|60|IB60|OR30,GBPUSD,M15,london,Europe/London,2021-09-13,60,30,down,close,down,1.38334,1.38211,0.00123,0,or_break_with_ib_same_side_gap_remaining,0,1,edge_alignment_only,0
IBORFB|IBOR|GBPUSD|M15|new_york|2021-09-13|60|IB60|OR30,IB_OR_FIRST_BREAK_RELATIVE,RELATION_P0,conservative_gap_remaining_inference,IBOR|GBPUSD|M15|new_york|2021-09-13|60|IB60|OR30,GBPUSD,M15,new_york,America/New_York,2021-09-13,60,30,down,close,down,1.38245,1.38160,0.00085,0,or_break_with_ib_same_side_gap_remaining,0,1,edge_alignment_only,0
IBORFB|IBOR|GBPUSD|M15|london|2021-09-14|60|IB60|OR30,IB_OR_FIRST_BREAK_RELATIVE,RELATION_P0,conservative_gap_remaining_inference,IBOR|GBPUSD|M15|london|2021-09-14|60|IB60|OR30,GBPUSD,M15,london,Europe/London,2021-09-14,60,30,down,close,down,1.38440,1.38382,0.00058,0,or_break_with_ib_same_side_gap_remaining,0,1,edge_alignment_only,0
IBORFB|IBOR|GBPUSD|M15|new_york|2021-09-14|60|IB60|OR30,IB_OR_FIRST_BREAK_RELATIVE,RELATION_P0,conservative_gap_remaining_inference,IBOR|GBPUSD|M15|new_york|2021-09-14|60|IB60|OR30,GBPUSD,M15,new_york,America/New_York,2021-09-14,60,30,down,close,down,1.38652,1.38567,0.00085,0,or_break_with_ib_same_side_gap_remaining,0,1,edge_alignment_only,0
IBORFB|IBOR|GBPUSD|M15|london|2021-09-15|60|IB60|OR30,IB_OR_FIRST_BREAK_RELATIVE,RELATION_P0,conservative_gap_remaining_inference,IBOR|GBPUSD|M15|london|2021-09-15|60|IB60|OR30,GBPUSD,M15,london,Europe/London,2021-09-15,60,30,up,wick,up,1.38082,1.38083,0.00001,0,or_break_with_ib_same_side_gap_remaining,0,1,edge_alignment_only,0
IBORFB|IBOR|GBPUSD|M15|new_york|2021-09-15|60|IB60|OR30,IB_OR_FIRST_BREAK_RELATIVE,RELATION_P0,conservative_gap_remaining_inference,IBOR|GBPUSD|M15|new_york|2021-09-15|60|IB60|OR30,GBPUSD,M15,new_york,America/New_York,2021-09-15,60,30,down,close,down,1.38238,1.38143,0.00095,0,or_break_with_ib_same_side_gap_remaining,0,1,edge_alignment_only,0
IBORFB|IBOR|GBPUSD|M15|london|2021-09-16|60|IB60|OR30,IB_OR_FIRST_BREAK_RELATIVE,RELATION_P0,conservative_gap_remaining_inference,IBOR|GBPUSD|M15|london|2021-09-16|60|IB60|OR30,GBPUSD,M15,london,Europe/London,2021-09-16,60,30,down,wick,down,1.38315,1.38314,0.00001,0,or_break_with_ib_same_side_gap_remaining,0,1,edge_alignment_only,0
IBORFB|IBOR|GBPUSD|M15|new_york|2021-09-16|60|IB60|OR30,IB_OR_FIRST_BREAK_RELATIVE,RELATION_P0,conservative_gap_remaining_inference,IBOR|GBPUSD|M15|new_york|2021-09-16|60|IB60|OR30,GBPUSD,M15,new_york,America/New_York,2021-09-16,60,30,up,wick,up,1.38258,1.38301,0.00043,0,or_break_with_ib_same_side_gap_remaining,0,1,edge_alignment_only,0
IBORFB|IBOR|GBPUSD|M15|london|2021-09-17|60|IB60|OR30,IB_OR_FIRST_BREAK_RELATIVE,RELATION_P0,conservative_gap_remaining_inference,IBOR|GBPUSD|M15|london|2021-09-17|60|IB60|OR30,GBPUSD,M15,london,Europe/London,2021-09-17,60,30,up,close,up,1.38022,1.38065,0.00043,0,or_break_with_ib_same_side_gap_remaining,0,1,edge_alignment_only,0
IBORFB|IBOR|GBPUSD|M15|new_york|2021-09-17|60|IB60|OR30,IB_OR_FIRST_BREAK_RELATIVE,RELATION_P0,shared_edge_confirmed_from_current_fields,IBOR|GBPUSD|M15|new_york|2021-09-17|60|IB60|OR30,GBPUSD,M15,new_york,America/New_York,2021-09-17,60,30,up,close,up,1.37954,1.37954,0.00000,1,shared_edge_break,1,0,edge_alignment_only,0
IBORFB|IBOR|GBPUSD|M15|london|2021-09-20|60|IB60|OR30,IB_OR_FIRST_BREAK_RELATIVE,RELATION_P0,conservative_gap_remaining_inference,IBOR|GBPUSD|M15|london|2021-09-20|60|IB60|OR30,GBPUSD,M15,london,Europe/London,2021-09-20,60,30,down,close,down,1.37054,1.37027,0.00027,0,or_break_with_ib_same_side_gap_remaining,0,1,edge_alignment_only,0
IBORFB|IBOR|GBPUSD|M15|new_york|2021-09-20|60|IB60|OR30,IB_OR_FIRST_BREAK_RELATIVE,RELATION_P0,conservative_gap_remaining_inference,IBOR|GBPUSD|M15|new_york|2021-09-20|60|IB60|OR30,GBPUSD,M15,new_york,America/New_York,2021-09-20,60,30,down,close,down,1.36895,1.36775,0.00120,0,or_break_with_ib_same_side_gap_remaining,0,1,edge_alignment_only,0
IBORFB|IBOR|GBPUSD|M15|london|2021-09-21|60|IB60|OR30,IB_OR_FIRST_BREAK_RELATIVE,RELATION_P0,conservative_gap_remaining_inference,IBOR|GBPUSD|M15|london|2021-09-21|60|IB60|OR30,GBPUSD,M15,london,Europe/London,2021-09-21,60,30,down,wick,down,1.36692,1.36682,0.00010,0,or_break_with_ib_same_side_gap_remaining,0,1,edge_alignment_only,0
IBORFB|IBOR|GBPUSD|M15|new_york|2021-09-21|60|IB60|OR30,IB_OR_FIRST_BREAK_RELATIVE,RELATION_P0,conservative_gap_remaining_inference,IBOR|GBPUSD|M15|new_york|2021-09-21|60|IB60|OR30,GBPUSD,M15,new_york,America/New_York,2021-09-21,60,30,down,close,down,1.36760,1.36737,0.00023,0,or_break_with_ib_same_side_gap_remaining,0,1,edge_alignment_only,0
IBORFB|IBOR|GBPUSD|M15|london|2021-09-22|60|IB60|OR30,IB_OR_FIRST_BREAK_RELATIVE,RELATION_P0,conservative_gap_remaining_inference,IBOR|GBPUSD|M15|london|2021-09-22|60|IB60|OR30,GBPUSD,M15,london,Europe/London,2021-09-22,60,30,up,close,up,1.36495,1.36533,0.00038,0,or_break_with_ib_same_side_gap_remaining,0,1,edge_alignment_only,0
IBORFB|IBOR|GBPUSD|M15|new_york|2021-09-22|60|IB60|OR30,IB_OR_FIRST_BREAK_RELATIVE,RELATION_P0,conservative_gap_remaining_inference,IBOR|GBPUSD|M15|new_york|2021-09-22|60|IB60|OR30,GBPUSD,M15,new_york,America/New_York,2021-09-22,60,30,down,close,down,1.36374,1.36336,0.00038,0,or_break_with_ib_same_side_gap_remaining,0,1,edge_alignment_only,0
IBORFB|IBOR|GBPUSD|M15|london|2021-09-23|60|IB60|OR30,IB_OR_FIRST_BREAK_RELATIVE,RELATION_P0,conservative_gap_remaining_inference,IBOR|GBPUSD|M15|london|2021-09-23|60|IB60|OR30,GBPUSD,M15,london,Europe/London,2021-09-23,60,30,down,close,down,1.36375,1.36363,0.00012,0,or_break_with_ib_same_side_gap_remaining,0,1,edge_alignment_only,0
IBORFB|IBOR|GBPUSD|M15|new_york|2021-09-23|60|IB60|OR30,IB_OR_FIRST_BREAK_RELATIVE,RELATION_P0,conservative_gap_remaining_inference,IBOR|GBPUSD|M15|new_york|2021-09-23|60|IB60|OR30,GBPUSD,M15,new_york,America/New_York,2021-09-23,60,30,up,close,up,1.36850,1.37078,0.00228,0,or_break_with_ib_same_side_gap_remaining,0,1,edge_alignment_only,0
IBORFB|IBOR|GBPUSD|M15|london|2021-09-24|60|IB60|OR30,IB_OR_FIRST_BREAK_RELATIVE,RELATION_P0,conservative_gap_remaining_inference,IBOR|GBPUSD|M15|london|2021-09-24|60|IB60|OR30,GBPUSD,M15,london,Europe/London,2021-09-24,60,30,down,wick,down,1.37223,1.37202,0.00021,0,or_break_with_ib_same_side_gap_remaining,0,1,edge_alignment_only,0
IBORFB|IBOR|GBPUSD|M15|new_york|2021-09-24|60|IB60|OR30,IB_OR_FIRST_BREAK_RELATIVE,RELATION_P0,conservative_gap_remaining_inference,IBOR|GBPUSD|M15|new_york|2021-09-24|60|IB60|OR30,GBPUSD,M15,new_york,America/New_York,2021-09-24,60,30,down,close,down,1.36936,1.36789,0.00147,0,or_break_with_ib_same_side_gap_remaining,0,1,edge_alignment_only,0
IBORFB|IBOR|GBPUSD|M15|london|2021-09-27|60|IB60|OR30,IB_OR_FIRST_BREAK_RELATIVE,RELATION_P0,shared_edge_confirmed_from_current_fields,IBOR|GBPUSD|M15|london|2021-09-27|60|IB60|OR30,GBPUSD,M15,london,Europe/London,2021-09-27,60,30,up,close,up,1.36775,1.36775,0.00000,1,shared_edge_break,1,0,edge_alignment_only,0
IBORFB|IBOR|GBPUSD|M15|new_york|2021-09-27|60|IB60|OR30,IB_OR_FIRST_BREAK_RELATIVE,RELATION_P0,conservative_gap_remaining_inference,IBOR|GBPUSD|M15|new_york|2021-09-27|60|IB60|OR30,GBPUSD,M15,new_york,America/New_York,2021-09-27,60,30,up,close,up,1.37058,1.37130,0.00072,0,or_break_with_ib_same_side_gap_remaining,0,1,edge_alignment_only,0
IBORFB|IBOR|GBPUSD|M15|london|2021-09-28|60|IB60|OR30,IB_OR_FIRST_BREAK_RELATIVE,RELATION_P0,conservative_gap_remaining_inference,IBOR|GBPUSD|M15|london|2021-09-28|60|IB60|OR30,GBPUSD,M15,london,Europe/London,2021-09-28,60,30,up,close,up,1.37070,1.37137,0.00067,0,or_break_with_ib_same_side_gap_remaining,0,1,edge_alignment_only,0
IBORFB|IBOR|GBPUSD|M15|new_york|2021-09-28|60|IB60|OR30,IB_OR_FIRST_BREAK_RELATIVE,RELATION_P0,conservative_gap_remaining_inference,IBOR|GBPUSD|M15|new_york|2021-09-28|60|IB60|OR30,GBPUSD,M15,new_york,America/New_York,2021-09-28,60,30,down,wick,down,1.35945,1.35932,0.00013,0,or_break_with_ib_same_side_gap_remaining,0,1,edge_alignment_only,0
IBORFB|IBOR|GBPUSD|M15|london|2021-09-29|60|IB60|OR30,IB_OR_FIRST_BREAK_RELATIVE,RELATION_P0,conservative_gap_remaining_inference,IBOR|GBPUSD|M15|london|2021-09-29|60|IB60|OR30,GBPUSD,M15,london,Europe/London,2021-09-29,60,30,up,wick,up,1.35473,1.35486,0.00013,0,or_break_with_ib_same_side_gap_remaining,0,1,edge_alignment_only,0
IBORFB|IBOR|GBPUSD|M15|new_york|2021-09-29|60|IB60|OR30,IB_OR_FIRST_BREAK_RELATIVE,RELATION_P0,conservative_gap_remaining_inference,IBOR|GBPUSD|M15|new_york|2021-09-29|60|IB60|OR30,GBPUSD,M15,new_york,America/New_York,2021-09-29,60,30,down,close,down,1.35027,1.34728,0.00299,0,or_break_with_ib_same_side_gap_remaining,0,1,edge_alignment_only,0
IBORFB|IBOR|GBPUSD|M15|london|2021-09-30|60|IB60|OR30,IB_OR_FIRST_BREAK_RELATIVE,RELATION_P0,conservative_gap_remaining_inference,IBOR|GBPUSD|M15|london|2021-09-30|60|IB60|OR30,GBPUSD,M15,london,Europe/London,2021-09-30,60,30,down,close,down,1.34502,1.34463,0.00039,0,or_break_with_ib_same_side_gap_remaining,0,1,edge_alignment_only,0
IBORFB|IBOR|GBPUSD|M15|new_york|2021-09-30|60|IB60|OR30,IB_OR_FIRST_BREAK_RELATIVE,RELATION_P0,shared_edge_confirmed_from_current_fields,IBOR|GBPUSD|M15|new_york|2021-09-30|60|IB60|OR30,GBPUSD,M15,new_york,America/New_York,2021-09-30,60,30,up,wick,up,1.34490,1.34490,0.00000,1,shared_edge_break,1,0,edge_alignment_only,0
IBORFB|IBOR|GBPUSD|M15|london|2021-10-01|60|IB60|OR30,IB_OR_FIRST_BREAK_RELATIVE,RELATION_P0,conservative_gap_remaining_inference,IBOR|GBPUSD|M15|london|2021-10-01|60|IB60|OR30,GBPUSD,M15,london,Europe/London,2021-10-01,60,30,down,wick,down,1.34536,1.34503,0.00033,0,or_break_with_ib_same_side_gap_remaining,0,1,edge_alignment_only,0
IBORFB|IBOR|GBPUSD|M15|new_york|2021-10-01|60|IB60|OR30,IB_OR_FIRST_BREAK_RELATIVE,RELATION_P0,no_break_relative_inference,IBOR|GBPUSD|M15|new_york|2021-10-01|60|IB60|OR30,GBPUSD,M15,new_york,America/New_York,2021-10-01,60,30,none,ambiguous,none,,,,0,no_break,0,0,edge_alignment_only,0
IBORFB|IBOR|GBPUSD|M15|london|2021-10-04|60|IB60|OR30,IB_OR_FIRST_BREAK_RELATIVE,RELATION_P0,conservative_gap_remaining_inference,IBOR|GBPUSD|M15|london|2021-10-04|60|IB60|OR30,GBPUSD,M15,london,Europe/London,2021-10-04,60,30,up,close,up,1.35428,1.35480,0.00052,0,or_break_with_ib_same_side_gap_remaining,0,1,edge_alignment_only,0
IBORFB|IBOR|GBPUSD|M15|new_york|2021-10-04|60|IB60|OR30,IB_OR_FIRST_BREAK_RELATIVE,RELATION_P0,conservative_gap_remaining_inference,IBOR|GBPUSD|M15|new_york|2021-10-04|60|IB60|OR30,GBPUSD,M15,new_york,America/New_York,2021-10-04,60,30,up,close,up,1.35915,1.35980,0.00065,0,or_break_with_ib_same_side_gap_remaining,0,1,edge_alignment_only,0
IBORFB|IBOR|GBPUSD|M15|london|2021-10-05|60|IB60|OR30,IB_OR_FIRST_BREAK_RELATIVE,RELATION_P0,conservative_gap_remaining_inference,IBOR|GBPUSD|M15|london|2021-10-05|60|IB60|OR30,GBPUSD,M15,london,Europe/London,2021-10-05,60,30,down,close,down,1.35897,1.35857,0.00040,0,or_break_with_ib_same_side_gap_remaining,0,1,edge_alignment_only,0
IBORFB|IBOR|GBPUSD|M15|new_york|2021-10-05|60|IB60|OR30,IB_OR_FIRST_BREAK_RELATIVE,RELATION_P0,conservative_gap_remaining_inference,IBOR|GBPUSD|M15|new_york|2021-10-05|60|IB60|OR30,GBPUSD,M15,new_york,America/New_York,2021-10-05,60,30,up,close,up,1.36283,1.36420,0.00137,0,or_break_with_ib_same_side_gap_remaining,0,1,edge_alignment_only,0
IBORFB|IBOR|GBPUSD|M15|london|2021-10-06|60|IB60|OR30,IB_OR_FIRST_BREAK_RELATIVE,RELATION_P0,conservative_gap_remaining_inference,IBOR|GBPUSD|M15|london|2021-10-06|60|IB60|OR30,GBPUSD,M15,london,Europe/London,2021-10-06,60,30,down,close,down,1.36026,1.35987,0.00039,0,or_break_with_ib_same_side_gap_remaining,0,1,edge_alignment_only,0
IBORFB|IBOR|GBPUSD|M15|new_york|2021-10-06|60|IB60|OR30,IB_OR_FIRST_BREAK_RELATIVE,RELATION_P0,conservative_gap_remaining_inference,IBOR|GBPUSD|M15|new_york|2021-10-06|60|IB60|OR30,GBPUSD,M15,new_york,America/New_York,2021-10-06,60,30,up,close,up,1.35732,1.35778,0.00046,0,or_break_with_ib_same_side_gap_remaining,0,1,edge_alignment_only,0
IBORFB|IBOR|GBPUSD|M15|london|2021-10-07|60|IB60|OR30,IB_OR_FIRST_BREAK_RELATIVE,RELATION_P0,conservative_gap_remaining_inference,IBOR|GBPUSD|M15|london|2021-10-07|60|IB60|OR30,GBPUSD,M15,london,Europe/London,2021-10-07,60,30,up,wick,up,1.35866,1.35872,0.00006,0,or_break_with_ib_same_side_gap_remaining,0,1,edge_alignment_only,0
IBORFB|IBOR|GBPUSD|M15|new_york|2021-10-07|60|IB60|OR30,IB_OR_FIRST_BREAK_RELATIVE,RELATION_P0,conservative_gap_remaining_inference,IBOR|GBPUSD|M15|new_york|2021-10-07|60|IB60|OR30,GBPUSD,M15,new_york,America/New_York,2021-10-07,60,30,up,close,up,1.35944,1.36166,0.00222,0,or_break_with_ib_same_side_gap_remaining,0,1,edge_alignment_only,0
IBORFB|IBOR|GBPUSD|M15|london|2021-10-08|60|IB60|OR30,IB_OR_FIRST_BREAK_RELATIVE,RELATION_P0,conservative_gap_remaining_inference,IBOR|GBPUSD|M15|london|2021-10-08|60|IB60|OR30,GBPUSD,M15,london,Europe/London,2021-10-08,60,30,down,wick,down,1.36082,1.36013,0.00069,0,or_break_with_ib_same_side_gap_remaining,0,1,edge_alignment_only,0
IBORFB|IBOR|GBPUSD|M15|new_york|2021-10-08|60|IB60|OR30,IB_OR_FIRST_BREAK_RELATIVE,RELATION_P0,conservative_gap_remaining_inference,IBOR|GBPUSD|M15|new_york|2021-10-08|60|IB60|OR30,GBPUSD,M15,new_york,America/New_York,2021-10-08,60,30,down,wick,down,1.36256,1.36235,0.00021,0,or_break_with_ib_same_side_gap_remaining,0,1,edge_alignment_only,0
IBORFB|IBOR|GBPUSD|M15|london|2021-10-11|60|IB60|OR30,IB_OR_FIRST_BREAK_RELATIVE,RELATION_P0,conservative_gap_remaining_inference,IBOR|GBPUSD|M15|london|2021-10-11|60|IB60|OR30,GBPUSD,M15,london,Europe/London,2021-10-11,60,30,up,wick,up,1.36362,1.36404,0.00042,0,or_break_with_ib_same_side_gap_remaining,0,1,edge_alignment_only,0
IBORFB|IBOR|GBPUSD|M15|new_york|2021-10-11|60|IB60|OR30,IB_OR_FIRST_BREAK_RELATIVE,RELATION_P0,conservative_gap_remaining_inference,IBOR|GBPUSD|M15|new_york|2021-10-11|60|IB60|OR30,GBPUSD,M15,new_york,America/New_York,2021-10-11,60,30,up,wick,up,1.36324,1.36344,0.00020,0,or_break_with_ib_same_side_gap_remaining,0,1,edge_alignment_only,0
IBORFB|IBOR|GBPUSD|M15|london|2021-10-12|60|IB60|OR30,IB_OR_FIRST_BREAK_RELATIVE,RELATION_P0,conservative_gap_remaining_inference,IBOR|GBPUSD|M15|london|2021-10-12|60|IB60|OR30,GBPUSD,M15,london,Europe/London,2021-10-12,60,30,down,wick,down,1.35951,1.35945,0.00006,0,or_break_with_ib_same_side_gap_remaining,0,1,edge_alignment_only,0
IBORFB|IBOR|GBPUSD|M15|new_york|2021-10-12|60|IB60|OR30,IB_OR_FIRST_BREAK_RELATIVE,RELATION_P0,conservative_gap_remaining_inference,IBOR|GBPUSD|M15|new_york|2021-10-12|60|IB60|OR30,GBPUSD,M15,new_york,America/New_York,2021-10-12,60,30,up,wick,up,1.36192,1.36202,0.00010,0,or_break_with_ib_same_side_gap_remaining,0,1,edge_alignment_only,0
IBORFB|IBOR|GBPUSD|M15|london|2021-10-13|60|IB60|OR30,IB_OR_FIRST_BREAK_RELATIVE,RELATION_P0,conservative_gap_remaining_inference,IBOR|GBPUSD|M15|london|2021-10-13|60|IB60|OR30,GBPUSD,M15,london,Europe/London,2021-10-13,60,30,up,close,up,1.36167,1.36175,0.00008,0,or_break_with_ib_same_side_gap_remaining,0,1,edge_alignment_only,0
IBORFB|IBOR|GBPUSD|M15|new_york|2021-10-13|60|IB60|OR30,IB_OR_FIRST_BREAK_RELATIVE,RELATION_P0,conservative_gap_remaining_inference,IBOR|GBPUSD|M15|new_york|2021-10-13|60|IB60|OR30,GBPUSD,M15,new_york,America/New_York,2021-10-13,60,30,down,close,down,1.36213,1.36163,0.00050,0,or_break_with_ib_same_side_gap_remaining,0,1,edge_alignment_only,0
IBORFB|IBOR|GBPUSD|M15|london|2021-10-14|60|IB60|OR30,IB_OR_FIRST_BREAK_RELATIVE,RELATION_P0,conservative_gap_remaining_inference,IBOR|GBPUSD|M15|london|2021-10-14|60|IB60|OR30,GBPUSD,M15,london,Europe/London,2021-10-14,60,30,down,close,down,1.36654,1.36630,0.00024,0,or_break_with_ib_same_side_gap_remaining,0,1,edge_alignment_only,0
IBORFB|IBOR|GBPUSD|M15|new_york|2021-10-14|60|IB60|OR30,IB_OR_FIRST_BREAK_RELATIVE,RELATION_P0,no_break_relative_inference,IBOR|GBPUSD|M15|new_york|2021-10-14|60|IB60|OR30,GBPUSD,M15,new_york,America/New_York,2021-10-14,60,30,none,ambiguous,none,,,,0,no_break,0,0,edge_alignment_only,0
IBORFB|IBOR|GBPUSD|M15|london|2021-10-15|60|IB60|OR30,IB_OR_FIRST_BREAK_RELATIVE,RELATION_P0,conservative_gap_remaining_inference,IBOR|GBPUSD|M15|london|2021-10-15|60|IB60|OR30,GBPUSD,M15,london,Europe/London,2021-10-15,60,30,up,wick,up,1.36875,1.36885,0.00010,0,or_break_with_ib_same_side_gap_remaining,0,1,edge_alignment_only,0
IBORFB|IBOR|GBPUSD|M15|new_york|2021-10-15|60|IB60|OR30,IB_OR_FIRST_BREAK_RELATIVE,RELATION_P0,conservative_gap_remaining_inference,IBOR|GBPUSD|M15|new_york|2021-10-15|60|IB60|OR30,GBPUSD,M15,new_york,America/New_York,2021-10-15,60,30,up,close,up,1.37449,1.37576,0.00127,0,or_break_with_ib_same_side_gap_remaining,0,1,edge_alignment_only,0
IBORFB|IBOR|GBPUSD|M15|london|2021-10-18|60|IB60|OR30,IB_OR_FIRST_BREAK_RELATIVE,RELATION_P0,conservative_gap_remaining_inference,IBOR|GBPUSD|M15|london|2021-10-18|60|IB60|OR30,GBPUSD,M15,london,Europe/London,2021-10-18,60,30,up,wick,up,1.37334,1.37339,0.00005,0,or_break_with_ib_same_side_gap_remaining,0,1,edge_alignment_only,0
IBORFB|IBOR|GBPUSD|M15|new_york|2021-10-18|60|IB60|OR30,IB_OR_FIRST_BREAK_RELATIVE,RELATION_P0,conservative_gap_remaining_inference,IBOR|GBPUSD|M15|new_york|2021-10-18|60|IB60|OR30,GBPUSD,M15,new_york,America/New_York,2021-10-18,60,30,down,close,down,1.37252,1.37223,0.00029,0,or_break_with_ib_same_side_gap_remaining,0,1,edge_alignment_only,0
IBORFB|IBOR|GBPUSD|M15|london|2021-10-19|60|IB60|OR30,IB_OR_FIRST_BREAK_RELATIVE,RELATION_P0,conservative_gap_remaining_inference,IBOR|GBPUSD|M15|london|2021-10-19|60|IB60|OR30,GBPUSD,M15,london,Europe/London,2021-10-19,60,30,up,wick,up,1.37737,1.37740,0.00003,0,or_break_with_ib_same_side_gap_remaining,0,1,edge_alignment_only,0
IBORFB|IBOR|GBPUSD|M15|new_york|2021-10-19|60|IB60|OR30,IB_OR_FIRST_BREAK_RELATIVE,RELATION_P0,conservative_gap_remaining_inference,IBOR|GBPUSD|M15|new_york|2021-10-19|60|IB60|OR30,GBPUSD,M15,new_york,America/New_York,2021-10-19,60,30,down,wick,down,1.38196,1.38176,0.00020,0,or_break_with_ib_same_side_gap_remaining,0,1,edge_alignment_only,0
IBORFB|IBOR|GBPUSD|M15|london|2021-10-20|60|IB60|OR30,IB_OR_FIRST_BREAK_RELATIVE,RELATION_P0,conservative_gap_remaining_inference,IBOR|GBPUSD|M15|london|2021-10-20|60|IB60|OR30,GBPUSD,M15,london,Europe/London,2021-10-20,60,30,up,wick,up,1.38105,1.38124,0.00019,0,or_break_with_ib_same_side_gap_remaining,0,1,edge_alignment_only,0
IBORFB|IBOR|GBPUSD|M15|new_york|2021-10-20|60|IB60|OR30,IB_OR_FIRST_BREAK_RELATIVE,RELATION_P0,no_break_relative_inference,IBOR|GBPUSD|M15|new_york|2021-10-20|60|IB60|OR30,GBPUSD,M15,new_york,America/New_York,2021-10-20,60,30,none,ambiguous,none,,,,0,no_break,0,0,edge_alignment_only,0
IBORFB|IBOR|GBPUSD|M15|london|2021-10-21|60|IB60|OR30,IB_OR_FIRST_BREAK_RELATIVE,RELATION_P0,conservative_gap_remaining_inference,IBOR|GBPUSD|M15|london|2021-10-21|60|IB60|OR30,GBPUSD,M15,london,Europe/London,2021-10-21,60,30,down,wick,down,1.38159,1.38128,0.00031,0,or_break_with_ib_same_side_gap_remaining,0,1,edge_alignment_only,0
IBORFB|IBOR|GBPUSD|M15|new_york|2021-10-21|60|IB60|OR30,IB_OR_FIRST_BREAK_RELATIVE,RELATION_P0,conservative_gap_remaining_inference,IBOR|GBPUSD|M15|new_york|2021-10-21|60|IB60|OR30,GBPUSD,M15,new_york,America/New_York,2021-10-21,60,30,up,close,up,1.38044,1.38147,0.00103,0,or_break_with_ib_same_side_gap_remaining,0,1,edge_alignment_only,0
IBORFB|IBOR|GBPUSD|M15|london|2021-10-22|60|IB60|OR30,IB_OR_FIRST_BREAK_RELATIVE,RELATION_P0,conservative_gap_remaining_inference,IBOR|GBPUSD|M15|london|2021-10-22|60|IB60|OR30,GBPUSD,M15,london,Europe/London,2021-10-22,60,30,down,wick,down,1.37942,1.37928,0.00014,0,or_break_with_ib_same_side_gap_remaining,0,1,edge_alignment_only,0
IBORFB|IBOR|GBPUSD|M15|new_york|2021-10-22|60|IB60|OR30,IB_OR_FIRST_BREAK_RELATIVE,RELATION_P0,shared_edge_confirmed_from_current_fields,IBOR|GBPUSD|M15|new_york|2021-10-22|60|IB60|OR30,GBPUSD,M15,new_york,America/New_York,2021-10-22,60,30,down,wick,down,1.37808,1.37808,0.00000,1,shared_edge_break,1,0,edge_alignment_only,0
IBORFB|IBOR|GBPUSD|M15|london|2021-10-25|60|IB60|OR30,IB_OR_FIRST_BREAK_RELATIVE,RELATION_P0,conservative_gap_remaining_inference,IBOR|GBPUSD|M15|london|2021-10-25|60|IB60|OR30,GBPUSD,M15,london,Europe/London,2021-10-25,60,30,down,wick,down,1.37799,1.37796,0.00003,0,or_break_with_ib_same_side_gap_remaining,0,1,edge_alignment_only,0
IBORFB|IBOR|GBPUSD|M15|new_york|2021-10-25|60|IB60|OR30,IB_OR_FIRST_BREAK_RELATIVE,RELATION_P0,conservative_gap_remaining_inference,IBOR|GBPUSD|M15|new_york|2021-10-25|60|IB60|OR30,GBPUSD,M15,new_york,America/New_York,2021-10-25,60,30,up,wick,up,1.37733,1.37748,0.00015,0,or_break_with_ib_same_side_gap_remaining,0,1,edge_alignment_only,0
IBORFB|IBOR|GBPUSD|M15|london|2021-10-26|60|IB60|OR30,IB_OR_FIRST_BREAK_RELATIVE,RELATION_P0,conservative_gap_remaining_inference,IBOR|GBPUSD|M15|london|2021-10-26|60|IB60|OR30,GBPUSD,M15,london,Europe/London,2021-10-26,60,30,down,wick,down,1.37586,1.37573,0.00013,0,or_break_with_ib_same_side_gap_remaining,0,1,edge_alignment_only,0
IBORFB|IBOR|GBPUSD|M15|new_york|2021-10-26|60|IB60|OR30,IB_OR_FIRST_BREAK_RELATIVE,RELATION_P0,conservative_gap_remaining_inference,IBOR|GBPUSD|M15|new_york|2021-10-26|60|IB60|OR30,GBPUSD,M15,new_york,America/New_York,2021-10-26,60,30,up,wick,up,1.38283,1.38287,0.00004,0,or_break_with_ib_same_side_gap_remaining,0,1,edge_alignment_only,0
IBORFB|IBOR|GBPUSD|M15|london|2021-10-27|60|IB60|OR30,IB_OR_FIRST_BREAK_RELATIVE,RELATION_P0,conservative_gap_remaining_inference,IBOR|GBPUSD|M15|london|2021-10-27|60|IB60|OR30,GBPUSD,M15,london,Europe/London,2021-10-27,60,30,up,close,up,1.37729,1.37739,0.00010,0,or_break_with_ib_same_side_gap_remaining,0,1,edge_alignment_only,0
IBORFB|IBOR|GBPUSD|M15|new_york|2021-10-27|60|IB60|OR30,IB_OR_FIRST_BREAK_RELATIVE,RELATION_P0,conservative_gap_remaining_inference,IBOR|GBPUSD|M15|new_york|2021-10-27|60|IB60|OR30,GBPUSD,M15,new_york,America/New_York,2021-10-27,60,30,down,wick,down,1.37118,1.37097,0.00021,0,or_break_with_ib_same_side_gap_remaining,0,1,edge_alignment_only,0
IBORFB|IBOR|GBPUSD|M15|london|2021-10-28|60|IB60|OR30,IB_OR_FIRST_BREAK_RELATIVE,RELATION_P0,conservative_gap_remaining_inference,IBOR|GBPUSD|M15|london|2021-10-28|60|IB60|OR30,GBPUSD,M15,london,Europe/London,2021-10-28,60,30,down,wick,down,1.37403,1.37373,0.00030,0,or_break_with_ib_same_side_gap_remaining,0,1,edge_alignment_only,0
IBORFB|IBOR|GBPUSD|M15|new_york|2021-10-28|60|IB60|OR30,IB_OR_FIRST_BREAK_RELATIVE,RELATION_P0,conservative_gap_remaining_inference,IBOR|GBPUSD|M15|new_york|2021-10-28|60|IB60|OR30,GBPUSD,M15,new_york,America/New_York,2021-10-28,60,30,up,wick,up,1.37605,1.37633,0.00028,0,or_break_with_ib_same_side_gap_remaining,0,1,edge_alignment_only,0
IBORFB|IBOR|GBPUSD|M15|london|2021-10-29|60|IB60|OR30,IB_OR_FIRST_BREAK_RELATIVE,RELATION_P0,conservative_gap_remaining_inference,IBOR|GBPUSD|M15|london|2021-10-29|60|IB60|OR30,GBPUSD,M15,london,Europe/London,2021-10-29,60,30,down,close,down,1.37931,1.37869,0.00062,0,or_break_with_ib_same_side_gap_remaining,0,1,edge_alignment_only,0
IBORFB|IBOR|GBPUSD|M15|new_york|2021-10-29|60|IB60|OR30,IB_OR_FIRST_BREAK_RELATIVE,RELATION_P0,conservative_gap_remaining_inference,IBOR|GBPUSD|M15|new_york|2021-10-29|60|IB60|OR30,GBPUSD,M15,new_york,America/New_York,2021-10-29,60,30,down,wick,down,1.37824,1.37773,0.00051,0,or_break_with_ib_same_side_gap_remaining,0,1,edge_alignment_only,0
IBORFB|IBOR|GBPUSD|M15|london|2021-11-01|60|IB60|OR30,IB_OR_FIRST_BREAK_RELATIVE,RELATION_P0,conservative_gap_remaining_inference,IBOR|GBPUSD|M15|london|2021-11-01|60|IB60|OR30,GBPUSD,M15,london,Europe/London,2021-11-01,60,30,up,close,up,1.36851,1.36871,0.00020,0,or_break_with_ib_same_side_gap_remaining,0,1,edge_alignment_only,0
IBORFB|IBOR|GBPUSD|M15|new_york|2021-11-01|60|IB60|OR30,IB_OR_FIRST_BREAK_RELATIVE,RELATION_P0,shared_edge_confirmed_from_current_fields,IBOR|GBPUSD|M15|new_york|2021-11-01|60|IB60|OR30,GBPUSD,M15,new_york,America/New_York,2021-11-01,60,30,up,close,up,1.36579,1.36579,0.00000,1,shared_edge_break,1,0,edge_alignment_only,0
IBORFB|IBOR|GBPUSD|M15|london|2021-11-02|60|IB60|OR30,IB_OR_FIRST_BREAK_RELATIVE,RELATION_P0,conservative_gap_remaining_inference,IBOR|GBPUSD|M15|london|2021-11-02|60|IB60|OR30,GBPUSD,M15,london,Europe/London,2021-11-02,60,30,down,wick,down,1.36528,1.36497,0.00031,0,or_break_with_ib_same_side_gap_remaining,0,1,edge_alignment_only,0
IBORFB|IBOR|GBPUSD|M15|new_york|2021-11-02|60|IB60|OR30,IB_OR_FIRST_BREAK_RELATIVE,RELATION_P0,conservative_gap_remaining_inference,IBOR|GBPUSD|M15|new_york|2021-11-02|60|IB60|OR30,GBPUSD,M15,new_york,America/New_York,2021-11-02,60,30,up,close,up,1.36374,1.36407,0.00033,0,or_break_with_ib_same_side_gap_remaining,0,1,edge_alignment_only,0
IBORFB|IBOR|GBPUSD|M15|london|2021-11-03|60|IB60|OR30,IB_OR_FIRST_BREAK_RELATIVE,RELATION_P0,no_break_relative_inference,IBOR|GBPUSD|M15|london|2021-11-03|60|IB60|OR30,GBPUSD,M15,london,Europe/London,2021-11-03,60,30,none,ambiguous,none,,,,0,no_break,0,0,edge_alignment_only,0
IBORFB|IBOR|GBPUSD|M15|new_york|2021-11-03|60|IB60|OR30,IB_OR_FIRST_BREAK_RELATIVE,RELATION_P0,conservative_gap_remaining_inference,IBOR|GBPUSD|M15|new_york|2021-11-03|60|IB60|OR30,GBPUSD,M15,new_york,America/New_York,2021-11-03,60,30,up,wick,up,1.36258,1.36275,0.00017,0,or_break_with_ib_same_side_gap_remaining,0,1,edge_alignment_only,0
IBORFB|IBOR|GBPUSD|M15|london|2021-11-04|60|IB60|OR30,IB_OR_FIRST_BREAK_RELATIVE,RELATION_P0,conservative_gap_remaining_inference,IBOR|GBPUSD|M15|london|2021-11-04|60|IB60|OR30,GBPUSD,M15,london,Europe/London,2021-11-04,60,30,down,close,down,1.36533,1.36511,0.00022,0,or_break_with_ib_same_side_gap_remaining,0,1,edge_alignment_only,0
IBORFB|IBOR|GBPUSD|M15|new_york|2021-11-04|60|IB60|OR30,IB_OR_FIRST_BREAK_RELATIVE,RELATION_P0,conservative_gap_remaining_inference,IBOR|GBPUSD|M15|new_york|2021-11-04|60|IB60|OR30,GBPUSD,M15,new_york,America/New_York,2021-11-04,60,30,up,close,up,1.36329,1.36375,0.00046,0,or_break_with_ib_same_side_gap_remaining,0,1,edge_alignment_only,0
IBORFB|IBOR|GBPUSD|M15|london|2021-11-05|60|IB60|OR30,IB_OR_FIRST_BREAK_RELATIVE,RELATION_P0,conservative_gap_remaining_inference,IBOR|GBPUSD|M15|london|2021-11-05|60|IB60|OR30,GBPUSD,M15,london,Europe/London,2021-11-05,60,30,down,close,down,1.34913,1.34900,0.00013,0,or_break_with_ib_same_side_gap_remaining,0,1,edge_alignment_only,0
IBORFB|IBOR|GBPUSD|M15|new_york|2021-11-05|60|IB60|OR30,IB_OR_FIRST_BREAK_RELATIVE,RELATION_P0,conservative_gap_remaining_inference,IBOR|GBPUSD|M15|new_york|2021-11-05|60|IB60|OR30,GBPUSD,M15,new_york,America/New_York,2021-11-05,60,30,up,wick,up,1.34426,1.34477,0.00051,0,or_break_with_ib_same_side_gap_remaining,0,1,edge_alignment_only,0
IBORFB|IBOR|GBPUSD|M15|london|2021-11-08|60|IB60|OR30,IB_OR_FIRST_BREAK_RELATIVE,RELATION_P0,no_break_relative_inference,IBOR|GBPUSD|M15|london|2021-11-08|60|IB60|OR30,GBPUSD,M15,london,Europe/London,2021-11-08,60,30,none,ambiguous,none,,,,0,no_break,0,0,edge_alignment_only,0
IBORFB|IBOR|GBPUSD|M15|new_york|2021-11-08|60|IB60|OR30,IB_OR_FIRST_BREAK_RELATIVE,RELATION_P0,conservative_gap_remaining_inference,IBOR|GBPUSD|M15|new_york|2021-11-08|60|IB60|OR30,GBPUSD,M15,new_york,America/New_York,2021-11-08,60,30,up,close,up,1.35370,1.35497,0.00127,0,or_break_with_ib_same_side_gap_remaining,0,1,edge_alignment_only,0
IBORFB|IBOR|GBPUSD|M15|london|2021-11-09|60|IB60|OR30,IB_OR_FIRST_BREAK_RELATIVE,RELATION_P0,conservative_gap_remaining_inference,IBOR|GBPUSD|M15|london|2021-11-09|60|IB60|OR30,GBPUSD,M15,london,Europe/London,2021-11-09,60,30,down,close,down,1.35730,1.35634,0.00096,0,or_break_with_ib_same_side_gap_remaining,0,1,edge_alignment_only,0
IBORFB|IBOR|GBPUSD|M15|new_york|2021-11-09|60|IB60|OR30,IB_OR_FIRST_BREAK_RELATIVE,RELATION_P0,conservative_gap_remaining_inference,IBOR|GBPUSD|M15|new_york|2021-11-09|60|IB60|OR30,GBPUSD,M15,new_york,America/New_York,2021-11-09,60,30,down,wick,down,1.35573,1.35531,0.00042,0,or_break_with_ib_same_side_gap_remaining,0,1,edge_alignment_only,0
IBORFB|IBOR|GBPUSD|M15|london|2021-11-10|60|IB60|OR30,IB_OR_FIRST_BREAK_RELATIVE,RELATION_P0,conservative_gap_remaining_inference,IBOR|GBPUSD|M15|london|2021-11-10|60|IB60|OR30,GBPUSD,M15,london,Europe/London,2021-11-10,60,30,up,close,up,1.35544,1.35614,0.00070,0,or_break_with_ib_same_side_gap_remaining,0,1,edge_alignment_only,0
IBORFB|IBOR|GBPUSD|M15|new_york|2021-11-10|60|IB60|OR30,IB_OR_FIRST_BREAK_RELATIVE,RELATION_P0,conservative_gap_remaining_inference,IBOR|GBPUSD|M15|new_york|2021-11-10|60|IB60|OR30,GBPUSD,M15,new_york,America/New_York,2021-11-10,60,30,up,close,up,1.35084,1.35109,0.00025,0,or_break_with_ib_same_side_gap_remaining,0,1,edge_alignment_only,0
IBORFB|IBOR|GBPUSD|M15|london|2021-11-11|60|IB60|OR30,IB_OR_FIRST_BREAK_RELATIVE,RELATION_P0,conservative_gap_remaining_inference,IBOR|GBPUSD|M15|london|2021-11-11|60|IB60|OR30,GBPUSD,M15,london,Europe/London,2021-11-11,60,30,up,close,up,1.34257,1.34325,0.00068,0,or_break_with_ib_same_side_gap_remaining,0,1,edge_alignment_only,0
IBORFB|IBOR|GBPUSD|M15|new_york|2021-11-11|60|IB60|OR30,IB_OR_FIRST_BREAK_RELATIVE,RELATION_P0,conservative_gap_remaining_inference,IBOR|GBPUSD|M15|new_york|2021-11-11|60|IB60|OR30,GBPUSD,M15,new_york,America/New_York,2021-11-11,60,30,down,close,down,1.33984,1.33911,0.00073,0,or_break_with_ib_same_side_gap_remaining,0,1,edge_alignment_only,0
IBORFB|IBOR|GBPUSD|M15|london|2021-11-12|60|IB60|OR30,IB_OR_FIRST_BREAK_RELATIVE,RELATION_P0,conservative_gap_remaining_inference,IBOR|GBPUSD|M15|london|2021-11-12|60|IB60|OR30,GBPUSD,M15,london,Europe/London,2021-11-12,60,30,up,close,up,1.33717,1.33728,0.00011,0,or_break_with_ib_same_side_gap_remaining,0,1,edge_alignment_only,0
IBORFB|IBOR|GBPUSD|M15|new_york|2021-11-12|60|IB60|OR30,IB_OR_FIRST_BREAK_RELATIVE,RELATION_P0,conservative_gap_remaining_inference,IBOR|GBPUSD|M15|new_york|2021-11-12|60|IB60|OR30,GBPUSD,M15,new_york,America/New_York,2021-11-12,60,30,down,close,down,1.33917,1.33813,0.00104,0,or_break_with_ib_same_side_gap_remaining,0,1,edge_alignment_only,0
IBORFB|IBOR|GBPUSD|M15|london|2021-11-15|60|IB60|OR30,IB_OR_FIRST_BREAK_RELATIVE,RELATION_P0,shared_edge_confirmed_from_current_fields,IBOR|GBPUSD|M15|london|2021-11-15|60|IB60|OR30,GBPUSD,M15,london,Europe/London,2021-11-15,60,30,down,close,down,1.34283,1.34283,0.00000,1,shared_edge_break,1,0,edge_alignment_only,0
IBORFB|IBOR|GBPUSD|M15|new_york|2021-11-15|60|IB60|OR30,IB_OR_FIRST_BREAK_RELATIVE,RELATION_P0,conservative_gap_remaining_inference,IBOR|GBPUSD|M15|new_york|2021-11-15|60|IB60|OR30,GBPUSD,M15,new_york,America/New_York,2021-11-15,60,30,up,wick,up,1.34372,1.34407,0.00035,0,or_break_with_ib_same_side_gap_remaining,0,1,edge_alignment_only,0
IBORFB|IBOR|GBPUSD|M15|london|2021-11-16|60|IB60|OR30,IB_OR_FIRST_BREAK_RELATIVE,RELATION_P0,shared_edge_confirmed_from_current_fields,IBOR|GBPUSD|M15|london|2021-11-16|60|IB60|OR30,GBPUSD,M15,london,Europe/London,2021-11-16,60,30,up,close,up,1.34249,1.34249,0.00000,1,shared_edge_break,1,0,edge_alignment_only,0
IBORFB|IBOR|GBPUSD|M15|new_york|2021-11-16|60|IB60|OR30,IB_OR_FIRST_BREAK_RELATIVE,RELATION_P0,conservative_gap_remaining_inference,IBOR|GBPUSD|M15|new_york|2021-11-16|60|IB60|OR30,GBPUSD,M15,new_york,America/New_York,2021-11-16,60,30,down,wick,down,1.34403,1.34400,0.00003,0,or_break_with_ib_same_side_gap_remaining,0,1,edge_alignment_only,0
IBORFB|IBOR|GBPUSD|M15|london|2021-11-17|60|IB60|OR30,IB_OR_FIRST_BREAK_RELATIVE,RELATION_P0,conservative_gap_remaining_inference,IBOR|GBPUSD|M15|london|2021-11-17|60|IB60|OR30,GBPUSD,M15,london,Europe/London,2021-11-17,60,30,up,close,up,1.34323,1.34475,0.00152,0,or_break_with_ib_same_side_gap_remaining,0,1,edge_alignment_only,0
IBORFB|IBOR|GBPUSD|M15|new_york|2021-11-17|60|IB60|OR30,IB_OR_FIRST_BREAK_RELATIVE,RELATION_P0,conservative_gap_remaining_inference,IBOR|GBPUSD|M15|new_york|2021-11-17|60|IB60|OR30,GBPUSD,M15,new_york,America/New_York,2021-11-17,60,30,down,wick,down,1.34532,1.34528,0.00004,0,or_break_with_ib_same_side_gap_remaining,0,1,edge_alignment_only,0
IBORFB|IBOR|GBPUSD|M15|london|2021-11-18|60|IB60|OR30,IB_OR_FIRST_BREAK_RELATIVE,RELATION_P0,conservative_gap_remaining_inference,IBOR|GBPUSD|M15|london|2021-11-18|60|IB60|OR30,GBPUSD,M15,london,Europe/London,2021-11-18,60,30,up,wick,up,1.34925,1.34951,0.00026,0,or_break_with_ib_same_side_gap_remaining,0,1,edge_alignment_only,0
IBORFB|IBOR|GBPUSD|M15|new_york|2021-11-18|60|IB60|OR30,IB_OR_FIRST_BREAK_RELATIVE,RELATION_P0,conservative_gap_remaining_inference,IBOR|GBPUSD|M15|new_york|2021-11-18|60|IB60|OR30,GBPUSD,M15,new_york,America/New_York,2021-11-18,60,30,down,wick,down,1.34750,1.34630,0.00120,0,or_break_with_ib_same_side_gap_remaining,0,1,edge_alignment_only,0
IBORFB|IBOR|GBPUSD|M15|london|2021-11-19|60|IB60|OR30,IB_OR_FIRST_BREAK_RELATIVE,RELATION_P0,conservative_gap_remaining_inference,IBOR|GBPUSD|M15|london|2021-11-19|60|IB60|OR30,GBPUSD,M15,london,Europe/London,2021-11-19,60,30,up,close,up,1.34919,1.35003,0.00084,0,or_break_with_ib_same_side_gap_remaining,0,1,edge_alignment_only,0
IBORFB|IBOR|GBPUSD|M15|new_york|2021-11-19|60|IB60|OR30,IB_OR_FIRST_BREAK_RELATIVE,RELATION_P0,shared_edge_confirmed_from_current_fields,IBOR|GBPUSD|M15|new_york|2021-11-19|60|IB60|OR30,GBPUSD,M15,new_york,America/New_York,2021-11-19,60,30,up,close,up,1.34479,1.34479,0.00000,1,shared_edge_break,1,0,edge_alignment_only,0
IBORFB|IBOR|GBPUSD|M15|london|2021-11-22|60|IB60|OR30,IB_OR_FIRST_BREAK_RELATIVE,RELATION_P0,conservative_gap_remaining_inference,IBOR|GBPUSD|M15|london|2021-11-22|60|IB60|OR30,GBPUSD,M15,london,Europe/London,2021-11-22,60,30,down,wick,down,1.34381,1.34368,0.00013,0,or_break_with_ib_same_side_gap_remaining,0,1,edge_alignment_only,0
IBORFB|IBOR|GBPUSD|M15|new_york|2021-11-22|60|IB60|OR30,IB_OR_FIRST_BREAK_RELATIVE,RELATION_P0,conservative_gap_remaining_inference,IBOR|GBPUSD|M15|new_york|2021-11-22|60|IB60|OR30,GBPUSD,M15,new_york,America/New_York,2021-11-22,60,30,down,close,down,1.34390,1.34333,0.00057,0,or_break_with_ib_same_side_gap_remaining,0,1,edge_alignment_only,0
IBORFB|IBOR|GBPUSD|M15|london|2021-11-23|60|IB60|OR30,IB_OR_FIRST_BREAK_RELATIVE,RELATION_P0,shared_edge_confirmed_from_current_fields,IBOR|GBPUSD|M15|london|2021-11-23|60|IB60|OR30,GBPUSD,M15,london,Europe/London,2021-11-23,60,30,down,close,down,1.33815,1.33815,0.00000,1,shared_edge_break,1,0,edge_alignment_only,0
IBORFB|IBOR|GBPUSD|M15|new_york|2021-11-23|60|IB60|OR30,IB_OR_FIRST_BREAK_RELATIVE,RELATION_P0,conservative_gap_remaining_inference,IBOR|GBPUSD|M15|new_york|2021-11-23|60|IB60|OR30,GBPUSD,M15,new_york,America/New_York,2021-11-23,60,30,up,close,up,1.33538,1.33734,0.00196,0,or_break_with_ib_same_side_gap_remaining,0,1,edge_alignment_only,0
IBORFB|IBOR|GBPUSD|M15|london|2021-11-24|60|IB60|OR30,IB_OR_FIRST_BREAK_RELATIVE,RELATION_P0,conservative_gap_remaining_inference,IBOR|GBPUSD|M15|london|2021-11-24|60|IB60|OR30,GBPUSD,M15,london,Europe/London,2021-11-24,60,30,down,wick,down,1.33770,1.33749,0.00021,0,or_break_with_ib_same_side_gap_remaining,0,1,edge_alignment_only,0
IBORFB|IBOR|GBPUSD|M15|new_york|2021-11-24|60|IB60|OR30,IB_OR_FIRST_BREAK_RELATIVE,RELATION_P0,conservative_gap_remaining_inference,IBOR|GBPUSD|M15|new_york|2021-11-24|60|IB60|OR30,GBPUSD,M15,new_york,America/New_York,2021-11-24,60,30,down,wick,down,1.33502,1.33435,0.00067,0,or_break_with_ib_same_side_gap_remaining,0,1,edge_alignment_only,0
IBORFB|IBOR|GBPUSD|M15|london|2021-11-25|60|IB60|OR30,IB_OR_FIRST_BREAK_RELATIVE,RELATION_P0,conservative_gap_remaining_inference,IBOR|GBPUSD|M15|london|2021-11-25|60|IB60|OR30,GBPUSD,M15,london,Europe/London,2021-11-25,60,30,up,wick,up,1.33501,1.33504,0.00003,0,or_break_with_ib_same_side_gap_remaining,0,1,edge_alignment_only,0
IBORFB|IBOR|GBPUSD|M15|new_york|2021-11-25|60|IB60|OR30,IB_OR_FIRST_BREAK_RELATIVE,RELATION_P0,shared_edge_confirmed_from_current_fields,IBOR|GBPUSD|M15|new_york|2021-11-25|60|IB60|OR30,GBPUSD,M15,new_york,America/New_York,2021-11-25,60,30,up,wick,up,1.33178,1.33178,0.00000,1,shared_edge_break,1,0,edge_alignment_only,0
IBORFB|IBOR|GBPUSD|M15|london|2021-11-26|60|IB60|OR30,IB_OR_FIRST_BREAK_RELATIVE,RELATION_P0,conservative_gap_remaining_inference,IBOR|GBPUSD|M15|london|2021-11-26|60|IB60|OR30,GBPUSD,M15,london,Europe/London,2021-11-26,60,30,down,wick,down,1.32961,1.32959,0.00002,0,or_break_with_ib_same_side_gap_remaining,0,1,edge_alignment_only,0
IBORFB|IBOR|GBPUSD|M15|new_york|2021-11-26|60|IB60|OR30,IB_OR_FIRST_BREAK_RELATIVE,RELATION_P0,conservative_gap_remaining_inference,IBOR|GBPUSD|M15|new_york|2021-11-26|60|IB60|OR30,GBPUSD,M15,new_york,America/New_York,2021-11-26,60,30,up,close,up,1.33408,1.33487,0.00079,0,or_break_with_ib_same_side_gap_remaining,0,1,edge_alignment_only,0
IBORFB|IBOR|GBPUSD|M15|london|2021-11-29|60|IB60|OR30,IB_OR_FIRST_BREAK_RELATIVE,RELATION_P0,conservative_gap_remaining_inference,IBOR|GBPUSD|M15|london|2021-11-29|60|IB60|OR30,GBPUSD,M15,london,Europe/London,2021-11-29,60,30,down,wick,down,1.33332,1.33321,0.00011,0,or_break_with_ib_same_side_gap_remaining,0,1,edge_alignment_only,0
IBORFB|IBOR|GBPUSD|M15|new_york|2021-11-29|60|IB60|OR30,IB_OR_FIRST_BREAK_RELATIVE,RELATION_P0,conservative_gap_remaining_inference,IBOR|GBPUSD|M15|new_york|2021-11-29|60|IB60|OR30,GBPUSD,M15,new_york,America/New_York,2021-11-29,60,30,down,close,down,1.33325,1.33242,0.00083,0,or_break_with_ib_same_side_gap_remaining,0,1,edge_alignment_only,0
IBORFB|IBOR|GBPUSD|M15|london|2021-11-30|60|IB60|OR30,IB_OR_FIRST_BREAK_RELATIVE,RELATION_P0,conservative_gap_remaining_inference,IBOR|GBPUSD|M15|london|2021-11-30|60|IB60|OR30,GBPUSD,M15,london,Europe/London,2021-11-30,60,30,up,close,up,1.33180,1.33272,0.00092,0,or_break_with_ib_same_side_gap_remaining,0,1,edge_alignment_only,0
IBORFB|IBOR|GBPUSD|M15|new_york|2021-11-30|60|IB60|OR30,IB_OR_FIRST_BREAK_RELATIVE,RELATION_P0,conservative_gap_remaining_inference,IBOR|GBPUSD|M15|new_york|2021-11-30|60|IB60|OR30,GBPUSD,M15,new_york,America/New_York,2021-11-30,60,30,up,wick,up,1.33396,1.33450,0.00054,0,or_break_with_ib_same_side_gap_remaining,0,1,edge_alignment_only,0
IBORFB|IBOR|GBPUSD|M15|london|2021-12-01|60|IB60|OR30,IB_OR_FIRST_BREAK_RELATIVE,RELATION_P0,conservative_gap_remaining_inference,IBOR|GBPUSD|M15|london|2021-12-01|60|IB60|OR30,GBPUSD,M15,london,Europe/London,2021-12-01,60,30,up,close,up,1.33277,1.33307,0.00030,0,or_break_with_ib_same_side_gap_remaining,0,1,edge_alignment_only,0
IBORFB|IBOR|GBPUSD|M15|new_york|2021-12-01|60|IB60|OR30,IB_OR_FIRST_BREAK_RELATIVE,RELATION_P0,conservative_gap_remaining_inference,IBOR|GBPUSD|M15|new_york|2021-12-01|60|IB60|OR30,GBPUSD,M15,new_york,America/New_York,2021-12-01,60,30,down,close,down,1.33145,1.33078,0.00067,0,or_break_with_ib_same_side_gap_remaining,0,1,edge_alignment_only,0
IBORFB|IBOR|GBPUSD|M15|london|2021-12-02|60|IB60|OR30,IB_OR_FIRST_BREAK_RELATIVE,RELATION_P0,conservative_gap_remaining_inference,IBOR|GBPUSD|M15|london|2021-12-02|60|IB60|OR30,GBPUSD,M15,london,Europe/London,2021-12-02,60,30,up,wick,up,1.32894,1.32932,0.00038,0,or_break_with_ib_same_side_gap_remaining,0,1,edge_alignment_only,0
IBORFB|IBOR|GBPUSD|M15|new_york|2021-12-02|60|IB60|OR30,IB_OR_FIRST_BREAK_RELATIVE,RELATION_P0,conservative_gap_remaining_inference,IBOR|GBPUSD|M15|new_york|2021-12-02|60|IB60|OR30,GBPUSD,M15,new_york,America/New_York,2021-12-02,60,30,up,wick,up,1.33309,1.33327,0.00018,0,or_break_with_ib_same_side_gap_remaining,0,1,edge_alignment_only,0
IBORFB|IBOR|GBPUSD|M15|london|2021-12-03|60|IB60|OR30,IB_OR_FIRST_BREAK_RELATIVE,RELATION_P0,conservative_gap_remaining_inference,IBOR|GBPUSD|M15|london|2021-12-03|60|IB60|OR30,GBPUSD,M15,london,Europe/London,2021-12-03,60,30,down,close,down,1.32926,1.32793,0.00133,0,or_break_with_ib_same_side_gap_remaining,0,1,edge_alignment_only,0
IBORFB|IBOR|GBPUSD|M15|new_york|2021-12-03|60|IB60|OR30,IB_OR_FIRST_BREAK_RELATIVE,RELATION_P0,conservative_gap_remaining_inference,IBOR|GBPUSD|M15|new_york|2021-12-03|60|IB60|OR30,GBPUSD,M15,new_york,America/New_York,2021-12-03,60,30,up,wick,up,1.32790,1.32809,0.00019,0,or_break_with_ib_same_side_gap_remaining,0,1,edge_alignment_only,0
IBORFB|IBOR|GBPUSD|M15|london|2021-12-06|60|IB60|OR30,IB_OR_FIRST_BREAK_RELATIVE,RELATION_P0,conservative_gap_remaining_inference,IBOR|GBPUSD|M15|london|2021-12-06|60|IB60|OR30,GBPUSD,M15,london,Europe/London,2021-12-06,60,30,down,close,down,1.32283,1.32220,0.00063,0,or_break_with_ib_same_side_gap_remaining,0,1,edge_alignment_only,0
IBORFB|IBOR|GBPUSD|M15|new_york|2021-12-06|60|IB60|OR30,IB_OR_FIRST_BREAK_RELATIVE,RELATION_P0,conservative_gap_remaining_inference,IBOR|GBPUSD|M15|new_york|2021-12-06|60|IB60|OR30,GBPUSD,M15,new_york,America/New_York,2021-12-06,60,30,down,close,down,1.32678,1.32525,0.00153,0,or_break_with_ib_same_side_gap_remaining,0,1,edge_alignment_only,0
IBORFB|IBOR|GBPUSD|M15|london|2021-12-07|60|IB60|OR30,IB_OR_FIRST_BREAK_RELATIVE,RELATION_P0,conservative_gap_remaining_inference,IBOR|GBPUSD|M15|london|2021-12-07|60|IB60|OR30,GBPUSD,M15,london,Europe/London,2021-12-07,60,30,down,close,down,1.32832,1.32757,0.00075,0,or_break_with_ib_same_side_gap_remaining,0,1,edge_alignment_only,0
IBORFB|IBOR|GBPUSD|M15|new_york|2021-12-07|60|IB60|OR30,IB_OR_FIRST_BREAK_RELATIVE,RELATION_P0,conservative_gap_remaining_inference,IBOR|GBPUSD|M15|new_york|2021-12-07|60|IB60|OR30,GBPUSD,M15,new_york,America/New_York,2021-12-07,60,30,up,wick,up,1.32543,1.32580,0.00037,0,or_break_with_ib_same_side_gap_remaining,0,1,edge_alignment_only,0
IBORFB|IBOR|GBPUSD|M15|london|2021-12-08|60|IB60|OR30,IB_OR_FIRST_BREAK_RELATIVE,RELATION_P0,conservative_gap_remaining_inference,IBOR|GBPUSD|M15|london|2021-12-08|60|IB60|OR30,GBPUSD,M15,london,Europe/London,2021-12-08,60,30,down,close,down,1.32505,1.32454,0.00051,0,or_break_with_ib_same_side_gap_remaining,0,1,edge_alignment_only,0
IBORFB|IBOR|GBPUSD|M15|new_york|2021-12-08|60|IB60|OR30,IB_OR_FIRST_BREAK_RELATIVE,RELATION_P0,conservative_gap_remaining_inference,IBOR|GBPUSD|M15|new_york|2021-12-08|60|IB60|OR30,GBPUSD,M15,new_york,America/New_York,2021-12-08,60,30,down,wick,down,1.31849,1.31845,0.00004,0,or_break_with_ib_same_side_gap_remaining,0,1,edge_alignment_only,0
IBORFB|IBOR|GBPUSD|M15|london|2021-12-09|60|IB60|OR30,IB_OR_FIRST_BREAK_RELATIVE,RELATION_P0,conservative_gap_remaining_inference,IBOR|GBPUSD|M15|london|2021-12-09|60|IB60|OR30,GBPUSD,M15,london,Europe/London,2021-12-09,60,30,up,wick,up,1.32148,1.32156,0.00008,0,or_break_with_ib_same_side_gap_remaining,0,1,edge_alignment_only,0
IBORFB|IBOR|GBPUSD|M15|new_york|2021-12-09|60|IB60|OR30,IB_OR_FIRST_BREAK_RELATIVE,RELATION_P0,conservative_gap_remaining_inference,IBOR|GBPUSD|M15|new_york|2021-12-09|60|IB60|OR30,GBPUSD,M15,new_york,America/New_York,2021-12-09,60,30,up,wick,up,1.31912,1.32095,0.00183,0,or_break_with_ib_same_side_gap_remaining,0,1,edge_alignment_only,0
IBORFB|IBOR|GBPUSD|M15|london|2021-12-10|60|IB60|OR30,IB_OR_FIRST_BREAK_RELATIVE,RELATION_P0,no_break_relative_inference,IBOR|GBPUSD|M15|london|2021-12-10|60|IB60|OR30,GBPUSD,M15,london,Europe/London,2021-12-10,60,30,none,ambiguous,none,,,,0,no_break,0,0,edge_alignment_only,0
IBORFB|IBOR|GBPUSD|M15|new_york|2021-12-10|60|IB60|OR30,IB_OR_FIRST_BREAK_RELATIVE,RELATION_P0,conservative_gap_remaining_inference,IBOR|GBPUSD|M15|new_york|2021-12-10|60|IB60|OR30,GBPUSD,M15,new_york,America/New_York,2021-12-10,60,30,up,wick,up,1.32097,1.32114,0.00017,0,or_break_with_ib_same_side_gap_remaining,0,1,edge_alignment_only,0
IBORFB|IBOR|GBPUSD|M15|london|2021-12-13|60|IB60|OR30,IB_OR_FIRST_BREAK_RELATIVE,RELATION_P0,conservative_gap_remaining_inference,IBOR|GBPUSD|M15|london|2021-12-13|60|IB60|OR30,GBPUSD,M15,london,Europe/London,2021-12-13,60,30,down,close,down,1.32382,1.32239,0.00143,0,or_break_with_ib_same_side_gap_remaining,0,1,edge_alignment_only,0
IBORFB|IBOR|GBPUSD|M15|new_york|2021-12-13|60|IB60|OR30,IB_OR_FIRST_BREAK_RELATIVE,RELATION_P0,conservative_gap_remaining_inference,IBOR|GBPUSD|M15|new_york|2021-12-13|60|IB60|OR30,GBPUSD,M15,new_york,America/New_York,2021-12-13,60,30,down,close,down,1.32452,1.32374,0.00078,0,or_break_with_ib_same_side_gap_remaining,0,1,edge_alignment_only,0
IBORFB|IBOR|GBPUSD|M15|london|2021-12-14|60|IB60|OR30,IB_OR_FIRST_BREAK_RELATIVE,RELATION_P0,conservative_gap_remaining_inference,IBOR|GBPUSD|M15|london|2021-12-14|60|IB60|OR30,GBPUSD,M15,london,Europe/London,2021-12-14,60,30,up,wick,up,1.32131,1.32150,0.00019,0,or_break_with_ib_same_side_gap_remaining,0,1,edge_alignment_only,0
IBORFB|IBOR|GBPUSD|M15|new_york|2021-12-14|60|IB60|OR30,IB_OR_FIRST_BREAK_RELATIVE,RELATION_P0,conservative_gap_remaining_inference,IBOR|GBPUSD|M15|new_york|2021-12-14|60|IB60|OR30,GBPUSD,M15,new_york,America/New_York,2021-12-14,60,30,down,wick,down,1.32452,1.32435,0.00017,0,or_break_with_ib_same_side_gap_remaining,0,1,edge_alignment_only,0
IBORFB|IBOR|GBPUSD|M15|london|2021-12-15|60|IB60|OR30,IB_OR_FIRST_BREAK_RELATIVE,RELATION_P0,conservative_gap_remaining_inference,IBOR|GBPUSD|M15|london|2021-12-15|60|IB60|OR30,GBPUSD,M15,london,Europe/London,2021-12-15,60,30,down,wick,down,1.32366,1.32360,0.00006,0,or_break_with_ib_same_side_gap_remaining,0,1,edge_alignment_only,0
IBORFB|IBOR|GBPUSD|M15|new_york|2021-12-15|60|IB60|OR30,IB_OR_FIRST_BREAK_RELATIVE,RELATION_P0,conservative_gap_remaining_inference,IBOR|GBPUSD|M15|new_york|2021-12-15|60|IB60|OR30,GBPUSD,M15,new_york,America/New_York,2021-12-15,60,30,down,wick,down,1.32517,1.32458,0.00059,0,or_break_with_ib_same_side_gap_remaining,0,1,edge_alignment_only,0
IBORFB|IBOR|GBPUSD|M15|london|2021-12-16|60|IB60|OR30,IB_OR_FIRST_BREAK_RELATIVE,RELATION_P0,conservative_gap_remaining_inference,IBOR|GBPUSD|M15|london|2021-12-16|60|IB60|OR30,GBPUSD,M15,london,Europe/London,2021-12-16,60,30,up,wick,up,1.32486,1.32531,0.00045,0,or_break_with_ib_same_side_gap_remaining,0,1,edge_alignment_only,0
IBORFB|IBOR|GBPUSD|M15|new_york|2021-12-16|60|IB60|OR30,IB_OR_FIRST_BREAK_RELATIVE,RELATION_P0,conservative_gap_remaining_inference,IBOR|GBPUSD|M15|new_york|2021-12-16|60|IB60|OR30,GBPUSD,M15,new_york,America/New_York,2021-12-16,60,30,up,wick,up,1.33686,1.33739,0.00053,0,or_break_with_ib_same_side_gap_remaining,0,1,edge_alignment_only,0
IBORFB|IBOR|GBPUSD|M15|london|2021-12-17|60|IB60|OR30,IB_OR_FIRST_BREAK_RELATIVE,RELATION_P0,conservative_gap_remaining_inference,IBOR|GBPUSD|M15|london|2021-12-17|60|IB60|OR30,GBPUSD,M15,london,Europe/London,2021-12-17,60,30,down,wick,down,1.33263,1.33226,0.00037,0,or_break_with_ib_same_side_gap_remaining,0,1,edge_alignment_only,0
IBORFB|IBOR|GBPUSD|M15|new_york|2021-12-17|60|IB60|OR30,IB_OR_FIRST_BREAK_RELATIVE,RELATION_P0,conservative_gap_remaining_inference,IBOR|GBPUSD|M15|new_york|2021-12-17|60|IB60|OR30,GBPUSD,M15,new_york,America/New_York,2021-12-17,60,30,up,wick,up,1.32960,1.33012,0.00052,0,or_break_with_ib_same_side_gap_remaining,0,1,edge_alignment_only,0
IBORFB|IBOR|GBPUSD|M15|london|2021-12-20|60|IB60|OR30,IB_OR_FIRST_BREAK_RELATIVE,RELATION_P0,shared_edge_confirmed_from_current_fields,IBOR|GBPUSD|M15|london|2021-12-20|60|IB60|OR30,GBPUSD,M15,london,Europe/London,2021-12-20,60,30,down,close,down,1.32159,1.32159,0.00000,1,shared_edge_break,1,0,edge_alignment_only,0
IBORFB|IBOR|GBPUSD|M15|new_york|2021-12-20|60|IB60|OR30,IB_OR_FIRST_BREAK_RELATIVE,RELATION_P0,conservative_gap_remaining_inference,IBOR|GBPUSD|M15|new_york|2021-12-20|60|IB60|OR30,GBPUSD,M15,new_york,America/New_York,2021-12-20,60,30,up,close,up,1.32182,1.32383,0.00201,0,or_break_with_ib_same_side_gap_remaining,0,1,edge_alignment_only,0
IBORFB|IBOR|GBPUSD|M15|london|2021-12-21|60|IB60|OR30,IB_OR_FIRST_BREAK_RELATIVE,RELATION_P0,conservative_gap_remaining_inference,IBOR|GBPUSD|M15|london|2021-12-21|60|IB60|OR30,GBPUSD,M15,london,Europe/London,2021-12-21,60,30,down,wick,down,1.32128,1.32111,0.00017,0,or_break_with_ib_same_side_gap_remaining,0,1,edge_alignment_only,0
IBORFB|IBOR|GBPUSD|M15|new_york|2021-12-21|60|IB60|OR30,IB_OR_FIRST_BREAK_RELATIVE,RELATION_P0,no_break_relative_inference,IBOR|GBPUSD|M15|new_york|2021-12-21|60|IB60|OR30,GBPUSD,M15,new_york,America/New_York,2021-12-21,60,30,none,ambiguous,none,,,,0,no_break,0,0,edge_alignment_only,0
IBORFB|IBOR|GBPUSD|M15|london|2021-12-22|60|IB60|OR30,IB_OR_FIRST_BREAK_RELATIVE,RELATION_P0,conservative_gap_remaining_inference,IBOR|GBPUSD|M15|london|2021-12-22|60|IB60|OR30,GBPUSD,M15,london,Europe/London,2021-12-22,60,30,up,wick,up,1.32555,1.32556,0.00001,0,or_break_with_ib_same_side_gap_remaining,0,1,edge_alignment_only,0
IBORFB|IBOR|GBPUSD|M15|new_york|2021-12-22|60|IB60|OR30,IB_OR_FIRST_BREAK_RELATIVE,RELATION_P0,conservative_gap_remaining_inference,IBOR|GBPUSD|M15|new_york|2021-12-22|60|IB60|OR30,GBPUSD,M15,new_york,America/New_York,2021-12-22,60,30,up,wick,up,1.33149,1.33154,0.00005,0,or_break_with_ib_same_side_gap_remaining,0,1,edge_alignment_only,0
IBORFB|IBOR|GBPUSD|M15|london|2021-12-23|60|IB60|OR30,IB_OR_FIRST_BREAK_RELATIVE,RELATION_P0,conservative_gap_remaining_inference,IBOR|GBPUSD|M15|london|2021-12-23|60|IB60|OR30,GBPUSD,M15,london,Europe/London,2021-12-23,60,30,up,wick,up,1.33531,1.33540,0.00009,0,or_break_with_ib_same_side_gap_remaining,0,1,edge_alignment_only,0
IBORFB|IBOR|GBPUSD|M15|new_york|2021-12-23|60|IB60|OR30,IB_OR_FIRST_BREAK_RELATIVE,RELATION_P0,shared_edge_confirmed_from_current_fields,IBOR|GBPUSD|M15|new_york|2021-12-23|60|IB60|OR30,GBPUSD,M15,new_york,America/New_York,2021-12-23,60,30,down,close,down,1.34183,1.34183,0.00000,1,shared_edge_break,1,0,edge_alignment_only,0
IBORFB|IBOR|GBPUSD|M15|london|2021-12-24|60|IB60|OR30,IB_OR_FIRST_BREAK_RELATIVE,RELATION_P0,conservative_gap_remaining_inference,IBOR|GBPUSD|M15|london|2021-12-24|60|IB60|OR30,GBPUSD,M15,london,Europe/London,2021-12-24,60,30,up,close,up,1.33929,1.34044,0.00115,0,or_break_with_ib_same_side_gap_remaining,0,1,edge_alignment_only,0
IBORFB|IBOR|GBPUSD|M15|new_york|2021-12-24|60|IB60|OR30,IB_OR_FIRST_BREAK_RELATIVE,RELATION_P0,conservative_gap_remaining_inference,IBOR|GBPUSD|M15|new_york|2021-12-24|60|IB60|OR30,GBPUSD,M15,new_york,America/New_York,2021-12-24,60,30,down,wick,down,1.34107,1.33995,0.00112,0,or_break_with_ib_same_side_gap_remaining,0,1,edge_alignment_only,0
IBORFB|IBOR|GBPUSD|M15|london|2021-12-27|60|IB60|OR30,IB_OR_FIRST_BREAK_RELATIVE,RELATION_P0,shared_edge_confirmed_from_current_fields,IBOR|GBPUSD|M15|london|2021-12-27|60|IB60|OR30,GBPUSD,M15,london,Europe/London,2021-12-27,60,30,down,wick,down,1.33949,1.33949,0.00000,1,shared_edge_break,1,0,edge_alignment_only,0
IBORFB|IBOR|GBPUSD|M15|new_york|2021-12-27|60|IB60|OR30,IB_OR_FIRST_BREAK_RELATIVE,RELATION_P0,conservative_gap_remaining_inference,IBOR|GBPUSD|M15|new_york|2021-12-27|60|IB60|OR30,GBPUSD,M15,new_york,America/New_York,2021-12-27,60,30,up,wick,up,1.34134,1.34174,0.00040,0,or_break_with_ib_same_side_gap_remaining,0,1,edge_alignment_only,0
IBORFB|IBOR|GBPUSD|M15|london|2021-12-28|60|IB60|OR30,IB_OR_FIRST_BREAK_RELATIVE,RELATION_P0,conservative_gap_remaining_inference,IBOR|GBPUSD|M15|london|2021-12-28|60|IB60|OR30,GBPUSD,M15,london,Europe/London,2021-12-28,60,30,up,wick,up,1.34367,1.34376,0.00009,0,or_break_with_ib_same_side_gap_remaining,0,1,edge_alignment_only,0
IBORFB|IBOR|GBPUSD|M15|new_york|2021-12-28|60|IB60|OR30,IB_OR_FIRST_BREAK_RELATIVE,RELATION_P0,conservative_gap_remaining_inference,IBOR|GBPUSD|M15|new_york|2021-12-28|60|IB60|OR30,GBPUSD,M15,new_york,America/New_York,2021-12-28,60,30,up,close,up,1.34529,1.34571,0.00042,0,or_break_with_ib_same_side_gap_remaining,0,1,edge_alignment_only,0
IBORFB|IBOR|GBPUSD|M15|london|2021-12-29|60|IB60|OR30,IB_OR_FIRST_BREAK_RELATIVE,RELATION_P0,conservative_gap_remaining_inference,IBOR|GBPUSD|M15|london|2021-12-29|60|IB60|OR30,GBPUSD,M15,london,Europe/London,2021-12-29,60,30,down,close,down,1.34266,1.34194,0.00072,0,or_break_with_ib_same_side_gap_remaining,0,1,edge_alignment_only,0
IBORFB|IBOR|GBPUSD|M15|new_york|2021-12-29|60|IB60|OR30,IB_OR_FIRST_BREAK_RELATIVE,RELATION_P0,conservative_gap_remaining_inference,IBOR|GBPUSD|M15|new_york|2021-12-29|60|IB60|OR30,GBPUSD,M15,new_york,America/New_York,2021-12-29,60,30,up,close,up,1.34331,1.34462,0.00131,0,or_break_with_ib_same_side_gap_remaining,0,1,edge_alignment_only,0
IBORFB|IBOR|GBPUSD|M15|london|2021-12-30|60|IB60|OR30,IB_OR_FIRST_BREAK_RELATIVE,RELATION_P0,conservative_gap_remaining_inference,IBOR|GBPUSD|M15|london|2021-12-30|60|IB60|OR30,GBPUSD,M15,london,Europe/London,2021-12-30,60,30,down,close,down,1.34750,1.34716,0.00034,0,or_break_with_ib_same_side_gap_remaining,0,1,edge_alignment_only,0
IBORFB|IBOR|GBPUSD|M15|new_york|2021-12-30|60|IB60|OR30,IB_OR_FIRST_BREAK_RELATIVE,RELATION_P0,conservative_gap_remaining_inference,IBOR|GBPUSD|M15|new_york|2021-12-30|60|IB60|OR30,GBPUSD,M15,new_york,America/New_York,2021-12-30,60,30,up,wick,up,1.35154,1.35163,0.00009,0,or_break_with_ib_same_side_gap_remaining,0,1,edge_alignment_only,0
IBORFB|IBOR|GBPUSD|M15|london|2021-12-31|60|IB60|OR30,IB_OR_FIRST_BREAK_RELATIVE,RELATION_P0,conservative_gap_remaining_inference,IBOR|GBPUSD|M15|london|2021-12-31|60|IB60|OR30,GBPUSD,M15,london,Europe/London,2021-12-31,60,30,up,close,up,1.34985,1.35043,0.00058,0,or_break_with_ib_same_side_gap_remaining,0,1,edge_alignment_only,0
IBORFB|IBOR|GBPUSD|M15|new_york|2021-12-31|60|IB60|OR30,IB_OR_FIRST_BREAK_RELATIVE,RELATION_P0,conservative_gap_remaining_inference,IBOR|GBPUSD|M15|new_york|2021-12-31|60|IB60|OR30,GBPUSD,M15,new_york,America/New_York,2021-12-31,60,30,down,wick,down,1.34773,1.34676,0.00097,0,or_break_with_ib_same_side_gap_remaining,0,1,edge_alignment_only,0
IBORFB|IBOR|GBPUSD|M15|london|2022-01-03|60|IB60|OR30,IB_OR_FIRST_BREAK_RELATIVE,RELATION_P0,conservative_gap_remaining_inference,IBOR|GBPUSD|M15|london|2022-01-03|60|IB60|OR30,GBPUSD,M15,london,Europe/London,2022-01-03,60,30,up,close,up,1.35028,1.35073,0.00045,0,or_break_with_ib_same_side_gap_remaining,0,1,edge_alignment_only,0
IBORFB|IBOR|GBPUSD|M15|new_york|2022-01-03|60|IB60|OR30,IB_OR_FIRST_BREAK_RELATIVE,RELATION_P0,conservative_gap_remaining_inference,IBOR|GBPUSD|M15|new_york|2022-01-03|60|IB60|OR30,GBPUSD,M15,new_york,America/New_York,2022-01-03,60,30,down,close,down,1.35003,1.34899,0.00104,0,or_break_with_ib_same_side_gap_remaining,0,1,edge_alignment_only,0
IBORFB|IBOR|GBPUSD|M15|london|2022-01-04|60|IB60|OR30,IB_OR_FIRST_BREAK_RELATIVE,RELATION_P0,shared_edge_confirmed_from_current_fields,IBOR|GBPUSD|M15|london|2022-01-04|60|IB60|OR30,GBPUSD,M15,london,Europe/London,2022-01-04,60,30,up,close,up,1.34696,1.34696,0.00000,1,shared_edge_break,1,0,edge_alignment_only,0
IBORFB|IBOR|GBPUSD|M15|new_york|2022-01-04|60|IB60|OR30,IB_OR_FIRST_BREAK_RELATIVE,RELATION_P0,conservative_gap_remaining_inference,IBOR|GBPUSD|M15|new_york|2022-01-04|60|IB60|OR30,GBPUSD,M15,new_york,America/New_York,2022-01-04,60,30,up,wick,up,1.34872,1.34983,0.00111,0,or_break_with_ib_same_side_gap_remaining,0,1,edge_alignment_only,0
IBORFB|IBOR|GBPUSD|M15|london|2022-01-05|60|IB60|OR30,IB_OR_FIRST_BREAK_RELATIVE,RELATION_P0,conservative_gap_remaining_inference,IBOR|GBPUSD|M15|london|2022-01-05|60|IB60|OR30,GBPUSD,M15,london,Europe/London,2022-01-05,60,30,up,close,up,1.35322,1.35344,0.00022,0,or_break_with_ib_same_side_gap_remaining,0,1,edge_alignment_only,0
IBORFB|IBOR|GBPUSD|M15|new_york|2022-01-05|60|IB60|OR30,IB_OR_FIRST_BREAK_RELATIVE,RELATION_P0,conservative_gap_remaining_inference,IBOR|GBPUSD|M15|new_york|2022-01-05|60|IB60|OR30,GBPUSD,M15,new_york,America/New_York,2022-01-05,60,30,up,close,up,1.35424,1.35476,0.00052,0,or_break_with_ib_same_side_gap_remaining,0,1,edge_alignment_only,0
IBORFB|IBOR|GBPUSD|M15|london|2022-01-06|60|IB60|OR30,IB_OR_FIRST_BREAK_RELATIVE,RELATION_P0,conservative_gap_remaining_inference,IBOR|GBPUSD|M15|london|2022-01-06|60|IB60|OR30,GBPUSD,M15,london,Europe/London,2022-01-06,60,30,down,wick,down,1.35247,1.35119,0.00128,0,or_break_with_ib_same_side_gap_remaining,0,1,edge_alignment_only,0
IBORFB|IBOR|GBPUSD|M15|new_york|2022-01-06|60|IB60|OR30,IB_OR_FIRST_BREAK_RELATIVE,RELATION_P0,conservative_gap_remaining_inference,IBOR|GBPUSD|M15|new_york|2022-01-06|60|IB60|OR30,GBPUSD,M15,new_york,America/New_York,2022-01-06,60,30,down,close,down,1.35363,1.35260,0.00103,0,or_break_with_ib_same_side_gap_remaining,0,1,edge_alignment_only,0
IBORFB|IBOR|GBPUSD|M15|london|2022-01-07|60|IB60|OR30,IB_OR_FIRST_BREAK_RELATIVE,RELATION_P0,conservative_gap_remaining_inference,IBOR|GBPUSD|M15|london|2022-01-07|60|IB60|OR30,GBPUSD,M15,london,Europe/London,2022-01-07,60,30,down,wick,down,1.35396,1.35377,0.00019,0,or_break_with_ib_same_side_gap_remaining,0,1,edge_alignment_only,0
IBORFB|IBOR|GBPUSD|M15|new_york|2022-01-07|60|IB60|OR30,IB_OR_FIRST_BREAK_RELATIVE,RELATION_P0,conservative_gap_remaining_inference,IBOR|GBPUSD|M15|new_york|2022-01-07|60|IB60|OR30,GBPUSD,M15,new_york,America/New_York,2022-01-07,60,30,up,wick,up,1.35468,1.35474,0.00006,0,or_break_with_ib_same_side_gap_remaining,0,1,edge_alignment_only,0
IBORFB|IBOR|GBPUSD|M15|london|2022-01-10|60|IB60|OR30,IB_OR_FIRST_BREAK_RELATIVE,RELATION_P0,shared_edge_confirmed_from_current_fields,IBOR|GBPUSD|M15|london|2022-01-10|60|IB60|OR30,GBPUSD,M15,london,Europe/London,2022-01-10,60,30,up,close,up,1.35863,1.35863,0.00000,1,shared_edge_break,1,0,edge_alignment_only,0
IBORFB|IBOR|GBPUSD|M15|new_york|2022-01-10|60|IB60|OR30,IB_OR_FIRST_BREAK_RELATIVE,RELATION_P0,shared_edge_confirmed_from_current_fields,IBOR|GBPUSD|M15|new_york|2022-01-10|60|IB60|OR30,GBPUSD,M15,new_york,America/New_York,2022-01-10,60,30,down,close,down,1.35637,1.35637,0.00000,1,shared_edge_break,1,0,edge_alignment_only,0
IBORFB|IBOR|GBPUSD|M15|london|2022-01-11|60|IB60|OR30,IB_OR_FIRST_BREAK_RELATIVE,RELATION_P0,conservative_gap_remaining_inference,IBOR|GBPUSD|M15|london|2022-01-11|60|IB60|OR30,GBPUSD,M15,london,Europe/London,2022-01-11,60,30,down,close,down,1.35895,1.35789,0.00106,0,or_break_with_ib_same_side_gap_remaining,0,1,edge_alignment_only,0
IBORFB|IBOR|GBPUSD|M15|new_york|2022-01-11|60|IB60|OR30,IB_OR_FIRST_BREAK_RELATIVE,RELATION_P0,conservative_gap_remaining_inference,IBOR|GBPUSD|M15|new_york|2022-01-11|60|IB60|OR30,GBPUSD,M15,new_york,America/New_York,2022-01-11,60,30,down,wick,down,1.35735,1.35722,0.00013,0,or_break_with_ib_same_side_gap_remaining,0,1,edge_alignment_only,0
IBORFB|IBOR|GBPUSD|M15|london|2022-01-12|60|IB60|OR30,IB_OR_FIRST_BREAK_RELATIVE,RELATION_P0,conservative_gap_remaining_inference,IBOR|GBPUSD|M15|london|2022-01-12|60|IB60|OR30,GBPUSD,M15,london,Europe/London,2022-01-12,60,30,down,close,down,1.36402,1.36320,0.00082,0,or_break_with_ib_same_side_gap_remaining,0,1,edge_alignment_only,0
IBORFB|IBOR|GBPUSD|M15|new_york|2022-01-12|60|IB60|OR30,IB_OR_FIRST_BREAK_RELATIVE,RELATION_P0,conservative_gap_remaining_inference,IBOR|GBPUSD|M15|new_york|2022-01-12|60|IB60|OR30,GBPUSD,M15,new_york,America/New_York,2022-01-12,60,30,up,close,up,1.36413,1.36486,0.00073,0,or_break_with_ib_same_side_gap_remaining,0,1,edge_alignment_only,0
IBORFB|IBOR|GBPUSD|M15|london|2022-01-13|60|IB60|OR30,IB_OR_FIRST_BREAK_RELATIVE,RELATION_P0,conservative_gap_remaining_inference,IBOR|GBPUSD|M15|london|2022-01-13|60|IB60|OR30,GBPUSD,M15,london,Europe/London,2022-01-13,60,30,down,wick,down,1.37047,1.37045,0.00002,0,or_break_with_ib_same_side_gap_remaining,0,1,edge_alignment_only,0
IBORFB|IBOR|GBPUSD|M15|new_york|2022-01-13|60|IB60|OR30,IB_OR_FIRST_BREAK_RELATIVE,RELATION_P0,shared_edge_confirmed_from_current_fields,IBOR|GBPUSD|M15|new_york|2022-01-13|60|IB60|OR30,GBPUSD,M15,new_york,America/New_York,2022-01-13,60,30,up,close,up,1.37345,1.37345,0.00000,1,shared_edge_break,1,0,edge_alignment_only,0
IBORFB|IBOR|GBPUSD|M15|london|2022-01-14|60|IB60|OR30,IB_OR_FIRST_BREAK_RELATIVE,RELATION_P0,conservative_gap_remaining_inference,IBOR|GBPUSD|M15|london|2022-01-14|60|IB60|OR30,GBPUSD,M15,london,Europe/London,2022-01-14,60,30,down,close,down,1.37307,1.37273,0.00034,0,or_break_with_ib_same_side_gap_remaining,0,1,edge_alignment_only,0
IBORFB|IBOR|GBPUSD|M15|new_york|2022-01-14|60|IB60|OR30,IB_OR_FIRST_BREAK_RELATIVE,RELATION_P0,conservative_gap_remaining_inference,IBOR|GBPUSD|M15|new_york|2022-01-14|60|IB60|OR30,GBPUSD,M15,new_york,America/New_York,2022-01-14,60,30,down,wick,down,1.37050,1.37038,0.00012,0,or_break_with_ib_same_side_gap_remaining,0,1,edge_alignment_only,0
IBORFB|IBOR|GBPUSD|M15|london|2022-01-17|60|IB60|OR30,IB_OR_FIRST_BREAK_RELATIVE,RELATION_P0,conservative_gap_remaining_inference,IBOR|GBPUSD|M15|london|2022-01-17|60|IB60|OR30,GBPUSD,M15,london,Europe/London,2022-01-17,60,30,down,close,down,1.36720,1.36690,0.00030,0,or_break_with_ib_same_side_gap_remaining,0,1,edge_alignment_only,0
IBORFB|IBOR|GBPUSD|M15|new_york|2022-01-17|60|IB60|OR30,IB_OR_FIRST_BREAK_RELATIVE,RELATION_P0,conservative_gap_remaining_inference,IBOR|GBPUSD|M15|new_york|2022-01-17|60|IB60|OR30,GBPUSD,M15,new_york,America/New_York,2022-01-17,60,30,down,wick,down,1.36398,1.36366,0.00032,0,or_break_with_ib_same_side_gap_remaining,0,1,edge_alignment_only,0
IBORFB|IBOR|GBPUSD|M15|london|2022-01-18|60|IB60|OR30,IB_OR_FIRST_BREAK_RELATIVE,RELATION_P0,conservative_gap_remaining_inference,IBOR|GBPUSD|M15|london|2022-01-18|60|IB60|OR30,GBPUSD,M15,london,Europe/London,2022-01-18,60,30,up,wick,up,1.36378,1.36430,0.00052,0,or_break_with_ib_same_side_gap_remaining,0,1,edge_alignment_only,0
IBORFB|IBOR|GBPUSD|M15|new_york|2022-01-18|60|IB60|OR30,IB_OR_FIRST_BREAK_RELATIVE,RELATION_P0,conservative_gap_remaining_inference,IBOR|GBPUSD|M15|new_york|2022-01-18|60|IB60|OR30,GBPUSD,M15,new_york,America/New_York,2022-01-18,60,30,down,close,down,1.35896,1.35795,0.00101,0,or_break_with_ib_same_side_gap_remaining,0,1,edge_alignment_only,0
IBORFB|IBOR|GBPUSD|M15|london|2022-01-19|60|IB60|OR30,IB_OR_FIRST_BREAK_RELATIVE,RELATION_P0,conservative_gap_remaining_inference,IBOR|GBPUSD|M15|london|2022-01-19|60|IB60|OR30,GBPUSD,M15,london,Europe/London,2022-01-19,60,30,down,close,down,1.36046,1.36007,0.00039,0,or_break_with_ib_same_side_gap_remaining,0,1,edge_alignment_only,0
IBORFB|IBOR|GBPUSD|M15|new_york|2022-01-19|60|IB60|OR30,IB_OR_FIRST_BREAK_RELATIVE,RELATION_P0,conservative_gap_remaining_inference,IBOR|GBPUSD|M15|new_york|2022-01-19|60|IB60|OR30,GBPUSD,M15,new_york,America/New_York,2022-01-19,60,30,up,close,up,1.36302,1.36432,0.00130,0,or_break_with_ib_same_side_gap_remaining,0,1,edge_alignment_only,0
IBORFB|IBOR|GBPUSD|M15|london|2022-01-20|60|IB60|OR30,IB_OR_FIRST_BREAK_RELATIVE,RELATION_P0,conservative_gap_remaining_inference,IBOR|GBPUSD|M15|london|2022-01-20|60|IB60|OR30,GBPUSD,M15,london,Europe/London,2022-01-20,60,30,up,close,up,1.36284,1.36298,0.00014,0,or_break_with_ib_same_side_gap_remaining,0,1,edge_alignment_only,0
IBORFB|IBOR|GBPUSD|M15|new_york|2022-01-20|60|IB60|OR30,IB_OR_FIRST_BREAK_RELATIVE,RELATION_P0,conservative_gap_remaining_inference,IBOR|GBPUSD|M15|new_york|2022-01-20|60|IB60|OR30,GBPUSD,M15,new_york,America/New_York,2022-01-20,60,30,up,close,up,1.36149,1.36196,0.00047,0,or_break_with_ib_same_side_gap_remaining,0,1,edge_alignment_only,0
IBORFB|IBOR|GBPUSD|M15|london|2022-01-21|60|IB60|OR30,IB_OR_FIRST_BREAK_RELATIVE,RELATION_P0,no_break_relative_inference,IBOR|GBPUSD|M15|london|2022-01-21|60|IB60|OR30,GBPUSD,M15,london,Europe/London,2022-01-21,60,30,none,ambiguous,none,,,,0,no_break,0,0,edge_alignment_only,0
IBORFB|IBOR|GBPUSD|M15|new_york|2022-01-21|60|IB60|OR30,IB_OR_FIRST_BREAK_RELATIVE,RELATION_P0,shared_edge_confirmed_from_current_fields,IBOR|GBPUSD|M15|new_york|2022-01-21|60|IB60|OR30,GBPUSD,M15,new_york,America/New_York,2022-01-21,60,30,up,wick,up,1.35731,1.35731,0.00000,1,shared_edge_break,1,0,edge_alignment_only,0
IBORFB|IBOR|GBPUSD|M15|london|2022-01-24|60|IB60|OR30,IB_OR_FIRST_BREAK_RELATIVE,RELATION_P0,conservative_gap_remaining_inference,IBOR|GBPUSD|M15|london|2022-01-24|60|IB60|OR30,GBPUSD,M15,london,Europe/London,2022-01-24,60,30,down,wick,down,1.35386,1.35376,0.00010,0,or_break_with_ib_same_side_gap_remaining,0,1,edge_alignment_only,0
IBORFB|IBOR|GBPUSD|M15|new_york|2022-01-24|60|IB60|OR30,IB_OR_FIRST_BREAK_RELATIVE,RELATION_P0,shared_edge_confirmed_from_current_fields,IBOR|GBPUSD|M15|new_york|2022-01-24|60|IB60|OR30,GBPUSD,M15,new_york,America/New_York,2022-01-24,60,30,down,close,down,1.34770,1.34770,0.00000,1,shared_edge_break,1,0,edge_alignment_only,0
IBORFB|IBOR|GBPUSD|M15|london|2022-01-25|60|IB60|OR30,IB_OR_FIRST_BREAK_RELATIVE,RELATION_P0,conservative_gap_remaining_inference,IBOR|GBPUSD|M15|london|2022-01-25|60|IB60|OR30,GBPUSD,M15,london,Europe/London,2022-01-25,60,30,up,wick,up,1.34779,1.34864,0.00085,0,or_break_with_ib_same_side_gap_remaining,0,1,edge_alignment_only,0
IBORFB|IBOR|GBPUSD|M15|new_york|2022-01-25|60|IB60|OR30,IB_OR_FIRST_BREAK_RELATIVE,RELATION_P0,conservative_gap_remaining_inference,IBOR|GBPUSD|M15|new_york|2022-01-25|60|IB60|OR30,GBPUSD,M15,new_york,America/New_York,2022-01-25,60,30,up,close,up,1.34563,1.34701,0.00138,0,or_break_with_ib_same_side_gap_remaining,0,1,edge_alignment_only,0
IBORFB|IBOR|GBPUSD|M15|london|2022-01-26|60|IB60|OR30,IB_OR_FIRST_BREAK_RELATIVE,RELATION_P0,conservative_gap_remaining_inference,IBOR|GBPUSD|M15|london|2022-01-26|60|IB60|OR30,GBPUSD,M15,london,Europe/London,2022-01-26,60,30,down,wick,down,1.35068,1.35023,0.00045,0,or_break_with_ib_same_side_gap_remaining,0,1,edge_alignment_only,0
IBORFB|IBOR|GBPUSD|M15|new_york|2022-01-26|60|IB60|OR30,IB_OR_FIRST_BREAK_RELATIVE,RELATION_P0,conservative_gap_remaining_inference,IBOR|GBPUSD|M15|new_york|2022-01-26|60|IB60|OR30,GBPUSD,M15,new_york,America/New_York,2022-01-26,60,30,up,wick,up,1.35185,1.35198,0.00013,0,or_break_with_ib_same_side_gap_remaining,0,1,edge_alignment_only,0
IBORFB|IBOR|GBPUSD|M15|london|2022-01-27|60|IB60|OR30,IB_OR_FIRST_BREAK_RELATIVE,RELATION_P0,conservative_gap_remaining_inference,IBOR|GBPUSD|M15|london|2022-01-27|60|IB60|OR30,GBPUSD,M15,london,Europe/London,2022-01-27,60,30,down,wick,down,1.34245,1.34214,0.00031,0,or_break_with_ib_same_side_gap_remaining,0,1,edge_alignment_only,0
IBORFB|IBOR|GBPUSD|M15|new_york|2022-01-27|60|IB60|OR30,IB_OR_FIRST_BREAK_RELATIVE,RELATION_P0,conservative_gap_remaining_inference,IBOR|GBPUSD|M15|new_york|2022-01-27|60|IB60|OR30,GBPUSD,M15,new_york,America/New_York,2022-01-27,60,30,down,close,down,1.33893,1.33684,0.00209,0,or_break_with_ib_same_side_gap_remaining,0,1,edge_alignment_only,0
IBORFB|IBOR|GBPUSD|M15|london|2022-01-28|60|IB60|OR30,IB_OR_FIRST_BREAK_RELATIVE,RELATION_P0,conservative_gap_remaining_inference,IBOR|GBPUSD|M15|london|2022-01-28|60|IB60|OR30,GBPUSD,M15,london,Europe/London,2022-01-28,60,30,down,close,down,1.34082,1.34022,0.00060,0,or_break_with_ib_same_side_gap_remaining,0,1,edge_alignment_only,0
IBORFB|IBOR|GBPUSD|M15|new_york|2022-01-28|60|IB60|OR30,IB_OR_FIRST_BREAK_RELATIVE,RELATION_P0,conservative_gap_remaining_inference,IBOR|GBPUSD|M15|new_york|2022-01-28|60|IB60|OR30,GBPUSD,M15,new_york,America/New_York,2022-01-28,60,30,up,close,up,1.33846,1.33908,0.00062,0,or_break_with_ib_same_side_gap_remaining,0,1,edge_alignment_only,0
IBORFB|IBOR|GBPUSD|M15|london|2022-01-31|60|IB60|OR30,IB_OR_FIRST_BREAK_RELATIVE,RELATION_P0,conservative_gap_remaining_inference,IBOR|GBPUSD|M15|london|2022-01-31|60|IB60|OR30,GBPUSD,M15,london,Europe/London,2022-01-31,60,30,up,close,up,1.34234,1.34259,0.00025,0,or_break_with_ib_same_side_gap_remaining,0,1,edge_alignment_only,0
IBORFB|IBOR|GBPUSD|M15|new_york|2022-01-31|60|IB60|OR30,IB_OR_FIRST_BREAK_RELATIVE,RELATION_P0,conservative_gap_remaining_inference,IBOR|GBPUSD|M15|new_york|2022-01-31|60|IB60|OR30,GBPUSD,M15,new_york,America/New_York,2022-01-31,60,30,up,wick,up,1.34209,1.34237,0.00028,0,or_break_with_ib_same_side_gap_remaining,0,1,edge_alignment_only,0
IBORFB|IBOR|GBPUSD|M15|london|2022-02-01|60|IB60|OR30,IB_OR_FIRST_BREAK_RELATIVE,RELATION_P0,conservative_gap_remaining_inference,IBOR|GBPUSD|M15|london|2022-02-01|60|IB60|OR30,GBPUSD,M15,london,Europe/London,2022-02-01,60,30,down,close,down,1.34474,1.34419,0.00055,0,or_break_with_ib_same_side_gap_remaining,0,1,edge_alignment_only,0
IBORFB|IBOR|GBPUSD|M15|new_york|2022-02-01|60|IB60|OR30,IB_OR_FIRST_BREAK_RELATIVE,RELATION_P0,conservative_gap_remaining_inference,IBOR|GBPUSD|M15|new_york|2022-02-01|60|IB60|OR30,GBPUSD,M15,new_york,America/New_York,2022-02-01,60,30,down,wick,down,1.34757,1.34756,0.00001,0,or_break_with_ib_same_side_gap_remaining,0,1,edge_alignment_only,0
IBORFB|IBOR|GBPUSD|M15|london|2022-02-02|60|IB60|OR30,IB_OR_FIRST_BREAK_RELATIVE,RELATION_P0,conservative_gap_remaining_inference,IBOR|GBPUSD|M15|london|2022-02-02|60|IB60|OR30,GBPUSD,M15,london,Europe/London,2022-02-02,60,30,up,wick,up,1.35236,1.35245,0.00009,0,or_break_with_ib_same_side_gap_remaining,0,1,edge_alignment_only,0
IBORFB|IBOR|GBPUSD|M15|new_york|2022-02-02|60|IB60|OR30,IB_OR_FIRST_BREAK_RELATIVE,RELATION_P0,conservative_gap_remaining_inference,IBOR|GBPUSD|M15|new_york|2022-02-02|60|IB60|OR30,GBPUSD,M15,new_york,America/New_York,2022-02-02,60,30,up,wick,up,1.35798,1.35869,0.00071,0,or_break_with_ib_same_side_gap_remaining,0,1,edge_alignment_only,0
IBORFB|IBOR|GBPUSD|M15|london|2022-02-03|60|IB60|OR30,IB_OR_FIRST_BREAK_RELATIVE,RELATION_P0,conservative_gap_remaining_inference,IBOR|GBPUSD|M15|london|2022-02-03|60|IB60|OR30,GBPUSD,M15,london,Europe/London,2022-02-03,60,30,up,wick,up,1.35539,1.35568,0.00029,0,or_break_with_ib_same_side_gap_remaining,0,1,edge_alignment_only,0
IBORFB|IBOR|GBPUSD|M15|new_york|2022-02-03|60|IB60|OR30,IB_OR_FIRST_BREAK_RELATIVE,RELATION_P0,conservative_gap_remaining_inference,IBOR|GBPUSD|M15|new_york|2022-02-03|60|IB60|OR30,GBPUSD,M15,new_york,America/New_York,2022-02-03,60,30,down,close,down,1.35758,1.35578,0.00180,0,or_break_with_ib_same_side_gap_remaining,0,1,edge_alignment_only,0
IBORFB|IBOR|GBPUSD|M15|london|2022-02-04|60|IB60|OR30,IB_OR_FIRST_BREAK_RELATIVE,RELATION_P0,shared_edge_confirmed_from_current_fields,IBOR|GBPUSD|M15|london|2022-02-04|60|IB60|OR30,GBPUSD,M15,london,Europe/London,2022-02-04,60,30,down,close,down,1.35820,1.35820,0.00000,1,shared_edge_break,1,0,edge_alignment_only,0
IBORFB|IBOR|GBPUSD|M15|new_york|2022-02-04|60|IB60|OR30,IB_OR_FIRST_BREAK_RELATIVE,RELATION_P0,conservative_gap_remaining_inference,IBOR|GBPUSD|M15|new_york|2022-02-04|60|IB60|OR30,GBPUSD,M15,new_york,America/New_York,2022-02-04,60,30,down,close,down,1.35568,1.35396,0.00172,0,or_break_with_ib_same_side_gap_remaining,0,1,edge_alignment_only,0
IBORFB|IBOR|GBPUSD|M15|london|2022-02-07|60|IB60|OR30,IB_OR_FIRST_BREAK_RELATIVE,RELATION_P0,conservative_gap_remaining_inference,IBOR|GBPUSD|M15|london|2022-02-07|60|IB60|OR30,GBPUSD,M15,london,Europe/London,2022-02-07,60,30,up,wick,up,1.35235,1.35256,0.00021,0,or_break_with_ib_same_side_gap_remaining,0,1,edge_alignment_only,0
IBORFB|IBOR|GBPUSD|M15|new_york|2022-02-07|60|IB60|OR30,IB_OR_FIRST_BREAK_RELATIVE,RELATION_P0,shared_edge_confirmed_from_current_fields,IBOR|GBPUSD|M15|new_york|2022-02-07|60|IB60|OR30,GBPUSD,M15,new_york,America/New_York,2022-02-07,60,30,down,wick,down,1.35101,1.35101,0.00000,1,shared_edge_break,1,0,edge_alignment_only,0
IBORFB|IBOR|GBPUSD|M15|london|2022-02-08|60|IB60|OR30,IB_OR_FIRST_BREAK_RELATIVE,RELATION_P0,conservative_gap_remaining_inference,IBOR|GBPUSD|M15|london|2022-02-08|60|IB60|OR30,GBPUSD,M15,london,Europe/London,2022-02-08,60,30,up,close,up,1.35241,1.35300,0.00059,0,or_break_with_ib_same_side_gap_remaining,0,1,edge_alignment_only,0
IBORFB|IBOR|GBPUSD|M15|new_york|2022-02-08|60|IB60|OR30,IB_OR_FIRST_BREAK_RELATIVE,RELATION_P0,conservative_gap_remaining_inference,IBOR|GBPUSD|M15|new_york|2022-02-08|60|IB60|OR30,GBPUSD,M15,new_york,America/New_York,2022-02-08,60,30,down,close,down,1.35247,1.35151,0.00096,0,or_break_with_ib_same_side_gap_remaining,0,1,edge_alignment_only,0
IBORFB|IBOR|GBPUSD|M15|london|2022-02-09|60|IB60|OR30,IB_OR_FIRST_BREAK_RELATIVE,RELATION_P0,conservative_gap_remaining_inference,IBOR|GBPUSD|M15|london|2022-02-09|60|IB60|OR30,GBPUSD,M15,london,Europe/London,2022-02-09,60,30,down,close,down,1.35523,1.35514,0.00009,0,or_break_with_ib_same_side_gap_remaining,0,1,edge_alignment_only,0
IBORFB|IBOR|GBPUSD|M15|new_york|2022-02-09|60|IB60|OR30,IB_OR_FIRST_BREAK_RELATIVE,RELATION_P0,conservative_gap_remaining_inference,IBOR|GBPUSD|M15|new_york|2022-02-09|60|IB60|OR30,GBPUSD,M15,new_york,America/New_York,2022-02-09,60,30,down,close,down,1.35702,1.35633,0.00069,0,or_break_with_ib_same_side_gap_remaining,0,1,edge_alignment_only,0
IBORFB|IBOR|GBPUSD|M15|london|2022-02-10|60|IB60|OR30,IB_OR_FIRST_BREAK_RELATIVE,RELATION_P0,conservative_gap_remaining_inference,IBOR|GBPUSD|M15|london|2022-02-10|60|IB60|OR30,GBPUSD,M15,london,Europe/London,2022-02-10,60,30,up,close,up,1.35338,1.35361,0.00023,0,or_break_with_ib_same_side_gap_remaining,0,1,edge_alignment_only,0
IBORFB|IBOR|GBPUSD|M15|new_york|2022-02-10|60|IB60|OR30,IB_OR_FIRST_BREAK_RELATIVE,RELATION_P0,conservative_gap_remaining_inference,IBOR|GBPUSD|M15|new_york|2022-02-10|60|IB60|OR30,GBPUSD,M15,new_york,America/New_York,2022-02-10,60,30,up,close,up,1.35776,1.35800,0.00024,0,or_break_with_ib_same_side_gap_remaining,0,1,edge_alignment_only,0
IBORFB|IBOR|GBPUSD|M15|london|2022-02-11|60|IB60|OR30,IB_OR_FIRST_BREAK_RELATIVE,RELATION_P0,conservative_gap_remaining_inference,IBOR|GBPUSD|M15|london|2022-02-11|60|IB60|OR30,GBPUSD,M15,london,Europe/London,2022-02-11,60,30,down,close,down,1.35234,1.35135,0.00099,0,or_break_with_ib_same_side_gap_remaining,0,1,edge_alignment_only,0
IBORFB|IBOR|GBPUSD|M15|new_york|2022-02-11|60|IB60|OR30,IB_OR_FIRST_BREAK_RELATIVE,RELATION_P0,conservative_gap_remaining_inference,IBOR|GBPUSD|M15|new_york|2022-02-11|60|IB60|OR30,GBPUSD,M15,new_york,America/New_York,2022-02-11,60,30,up,close,up,1.35879,1.35984,0.00105,0,or_break_with_ib_same_side_gap_remaining,0,1,edge_alignment_only,0
IBORFB|IBOR|GBPUSD|M15|london|2022-02-14|60|IB60|OR30,IB_OR_FIRST_BREAK_RELATIVE,RELATION_P0,conservative_gap_remaining_inference,IBOR|GBPUSD|M15|london|2022-02-14|60|IB60|OR30,GBPUSD,M15,london,Europe/London,2022-02-14,60,30,down,close,down,1.35381,1.35369,0.00012,0,or_break_with_ib_same_side_gap_remaining,0,1,edge_alignment_only,0
IBORFB|IBOR|GBPUSD|M15|new_york|2022-02-14|60|IB60|OR30,IB_OR_FIRST_BREAK_RELATIVE,RELATION_P0,no_break_relative_inference,IBOR|GBPUSD|M15|new_york|2022-02-14|60|IB60|OR30,GBPUSD,M15,new_york,America/New_York,2022-02-14,60,30,none,none,none,,,,0,no_break,0,0,edge_alignment_only,0
IBORFB|IBOR|GBPUSD|M15|london|2022-02-15|60|IB60|OR30,IB_OR_FIRST_BREAK_RELATIVE,RELATION_P0,no_break_relative_inference,IBOR|GBPUSD|M15|london|2022-02-15|60|IB60|OR30,GBPUSD,M15,london,Europe/London,2022-02-15,60,30,none,ambiguous,none,,,,0,no_break,0,0,edge_alignment_only,0
IBORFB|IBOR|GBPUSD|M15|new_york|2022-02-15|60|IB60|OR30,IB_OR_FIRST_BREAK_RELATIVE,RELATION_P0,no_break_relative_inference,IBOR|GBPUSD|M15|new_york|2022-02-15|60|IB60|OR30,GBPUSD,M15,new_york,America/New_York,2022-02-15,60,30,none,ambiguous,none,,,,0,no_break,0,0,edge_alignment_only,0
IBORFB|IBOR|GBPUSD|M15|london|2022-02-16|60|IB60|OR30,IB_OR_FIRST_BREAK_RELATIVE,RELATION_P0,conservative_gap_remaining_inference,IBOR|GBPUSD|M15|london|2022-02-16|60|IB60|OR30,GBPUSD,M15,london,Europe/London,2022-02-16,60,30,up,close,up,1.35528,1.35562,0.00034,0,or_break_with_ib_same_side_gap_remaining,0,1,edge_alignment_only,0
IBORFB|IBOR|GBPUSD|M15|new_york|2022-02-16|60|IB60|OR30,IB_OR_FIRST_BREAK_RELATIVE,RELATION_P0,shared_edge_confirmed_from_current_fields,IBOR|GBPUSD|M15|new_york|2022-02-16|60|IB60|OR30,GBPUSD,M15,new_york,America/New_York,2022-02-16,60,30,down,wick,down,1.35429,1.35429,0.00000,1,shared_edge_break,1,0,edge_alignment_only,0
IBORFB|IBOR|GBPUSD|M15|london|2022-02-17|60|IB60|OR30,IB_OR_FIRST_BREAK_RELATIVE,RELATION_P0,conservative_gap_remaining_inference,IBOR|GBPUSD|M15|london|2022-02-17|60|IB60|OR30,GBPUSD,M15,london,Europe/London,2022-02-17,60,30,up,wick,up,1.35942,1.35966,0.00024,0,or_break_with_ib_same_side_gap_remaining,0,1,edge_alignment_only,0
IBORFB|IBOR|GBPUSD|M15|new_york|2022-02-17|60|IB60|OR30,IB_OR_FIRST_BREAK_RELATIVE,RELATION_P0,conservative_gap_remaining_inference,IBOR|GBPUSD|M15|new_york|2022-02-17|60|IB60|OR30,GBPUSD,M15,new_york,America/New_York,2022-02-17,60,30,up,wick,up,1.36275,1.36280,0.00005,0,or_break_with_ib_same_side_gap_remaining,0,1,edge_alignment_only,0
IBORFB|IBOR|GBPUSD|M15|london|2022-02-18|60|IB60|OR30,IB_OR_FIRST_BREAK_RELATIVE,RELATION_P0,conservative_gap_remaining_inference,IBOR|GBPUSD|M15|london|2022-02-18|60|IB60|OR30,GBPUSD,M15,london,Europe/London,2022-02-18,60,30,up,close,up,1.36160,1.36191,0.00031,0,or_break_with_ib_same_side_gap_remaining,0,1,edge_alignment_only,0
IBORFB|IBOR|GBPUSD|M15|new_york|2022-02-18|60|IB60|OR30,IB_OR_FIRST_BREAK_RELATIVE,RELATION_P0,conservative_gap_remaining_inference,IBOR|GBPUSD|M15|new_york|2022-02-18|60|IB60|OR30,GBPUSD,M15,new_york,America/New_York,2022-02-18,60,30,down,close,down,1.36136,1.36003,0.00133,0,or_break_with_ib_same_side_gap_remaining,0,1,edge_alignment_only,0
IBORFB|IBOR|GBPUSD|M15|london|2022-02-21|60|IB60|OR30,IB_OR_FIRST_BREAK_RELATIVE,RELATION_P0,conservative_gap_remaining_inference,IBOR|GBPUSD|M15|london|2022-02-21|60|IB60|OR30,GBPUSD,M15,london,Europe/London,2022-02-21,60,30,up,close,up,1.36210,1.36266,0.00056,0,or_break_with_ib_same_side_gap_remaining,0,1,edge_alignment_only,0
IBORFB|IBOR|GBPUSD|M15|new_york|2022-02-21|60|IB60|OR30,IB_OR_FIRST_BREAK_RELATIVE,RELATION_P0,conservative_gap_remaining_inference,IBOR|GBPUSD|M15|new_york|2022-02-21|60|IB60|OR30,GBPUSD,M15,new_york,America/New_York,2022-02-21,60,30,down,close,down,1.36056,1.35989,0.00067,0,or_break_with_ib_same_side_gap_remaining,0,1,edge_alignment_only,0
IBORFB|IBOR|GBPUSD|M15|london|2022-02-22|60|IB60|OR30,IB_OR_FIRST_BREAK_RELATIVE,RELATION_P0,conservative_gap_remaining_inference,IBOR|GBPUSD|M15|london|2022-02-22|60|IB60|OR30,GBPUSD,M15,london,Europe/London,2022-02-22,60,30,down,close,down,1.35896,1.35834,0.00062,0,or_break_with_ib_same_side_gap_remaining,0,1,edge_alignment_only,0
IBORFB|IBOR|GBPUSD|M15|new_york|2022-02-22|60|IB60|OR30,IB_OR_FIRST_BREAK_RELATIVE,RELATION_P0,conservative_gap_remaining_inference,IBOR|GBPUSD|M15|new_york|2022-02-22|60|IB60|OR30,GBPUSD,M15,new_york,America/New_York,2022-02-22,60,30,down,wick,down,1.35432,1.35430,0.00002,0,or_break_with_ib_same_side_gap_remaining,0,1,edge_alignment_only,0
IBORFB|IBOR|GBPUSD|M15|london|2022-02-23|60|IB60|OR30,IB_OR_FIRST_BREAK_RELATIVE,RELATION_P0,conservative_gap_remaining_inference,IBOR|GBPUSD|M15|london|2022-02-23|60|IB60|OR30,GBPUSD,M15,london,Europe/London,2022-02-23,60,30,up,wick,up,1.35961,1.35970,0.00009,0,or_break_with_ib_same_side_gap_remaining,0,1,edge_alignment_only,0
IBORFB|IBOR|GBPUSD|M15|new_york|2022-02-23|60|IB60|OR30,IB_OR_FIRST_BREAK_RELATIVE,RELATION_P0,conservative_gap_remaining_inference,IBOR|GBPUSD|M15|new_york|2022-02-23|60|IB60|OR30,GBPUSD,M15,new_york,America/New_York,2022-02-23,60,30,down,wick,down,1.35831,1.35810,0.00021,0,or_break_with_ib_same_side_gap_remaining,0,1,edge_alignment_only,0
IBORFB|IBOR|GBPUSD|M15|london|2022-02-24|60|IB60|OR30,IB_OR_FIRST_BREAK_RELATIVE,RELATION_P0,conservative_gap_remaining_inference,IBOR|GBPUSD|M15|london|2022-02-24|60|IB60|OR30,GBPUSD,M15,london,Europe/London,2022-02-24,60,30,down,wick,down,1.34962,1.34945,0.00017,0,or_break_with_ib_same_side_gap_remaining,0,1,edge_alignment_only,0
IBORFB|IBOR|GBPUSD|M15|new_york|2022-02-24|60|IB60|OR30,IB_OR_FIRST_BREAK_RELATIVE,RELATION_P0,conservative_gap_remaining_inference,IBOR|GBPUSD|M15|new_york|2022-02-24|60|IB60|OR30,GBPUSD,M15,new_york,America/New_York,2022-02-24,60,30,down,close,down,1.33926,1.33687,0.00239,0,or_break_with_ib_same_side_gap_remaining,0,1,edge_alignment_only,0
IBORFB|IBOR|GBPUSD|M15|london|2022-02-25|60|IB60|OR30,IB_OR_FIRST_BREAK_RELATIVE,RELATION_P0,conservative_gap_remaining_inference,IBOR|GBPUSD|M15|london|2022-02-25|60|IB60|OR30,GBPUSD,M15,london,Europe/London,2022-02-25,60,30,down,close,down,1.34228,1.34137,0.00091,0,or_break_with_ib_same_side_gap_remaining,0,1,edge_alignment_only,0
IBORFB|IBOR|GBPUSD|M15|new_york|2022-02-25|60|IB60|OR30,IB_OR_FIRST_BREAK_RELATIVE,RELATION_P0,shared_edge_confirmed_from_current_fields,IBOR|GBPUSD|M15|new_york|2022-02-25|60|IB60|OR30,GBPUSD,M15,new_york,America/New_York,2022-02-25,60,30,down,wick,down,1.33819,1.33819,0.00000,1,shared_edge_break,1,0,edge_alignment_only,0
IBORFB|IBOR|GBPUSD|M15|london|2022-02-28|60|IB60|OR30,IB_OR_FIRST_BREAK_RELATIVE,RELATION_P0,conservative_gap_remaining_inference,IBOR|GBPUSD|M15|london|2022-02-28|60|IB60|OR30,GBPUSD,M15,london,Europe/London,2022-02-28,60,30,up,close,up,1.33691,1.33743,0.00052,0,or_break_with_ib_same_side_gap_remaining,0,1,edge_alignment_only,0
IBORFB|IBOR|GBPUSD|M15|new_york|2022-02-28|60|IB60|OR30,IB_OR_FIRST_BREAK_RELATIVE,RELATION_P0,no_break_relative_inference,IBOR|GBPUSD|M15|new_york|2022-02-28|60|IB60|OR30,GBPUSD,M15,new_york,America/New_York,2022-02-28,60,30,none,ambiguous,none,,,,0,no_break,0,0,edge_alignment_only,0
IBORFB|IBOR|GBPUSD|M15|london|2022-03-01|60|IB60|OR30,IB_OR_FIRST_BREAK_RELATIVE,RELATION_P0,conservative_gap_remaining_inference,IBOR|GBPUSD|M15|london|2022-03-01|60|IB60|OR30,GBPUSD,M15,london,Europe/London,2022-03-01,60,30,up,close,up,1.34218,1.34251,0.00033,0,or_break_with_ib_same_side_gap_remaining,0,1,edge_alignment_only,0
IBORFB|IBOR|GBPUSD|M15|new_york|2022-03-01|60|IB60|OR30,IB_OR_FIRST_BREAK_RELATIVE,RELATION_P0,conservative_gap_remaining_inference,IBOR|GBPUSD|M15|new_york|2022-03-01|60|IB60|OR30,GBPUSD,M15,new_york,America/New_York,2022-03-01,60,30,down,close,down,1.33931,1.33818,0.00113,0,or_break_with_ib_same_side_gap_remaining,0,1,edge_alignment_only,0
IBORFB|IBOR|GBPUSD|M15|london|2022-03-02|60|IB60|OR30,IB_OR_FIRST_BREAK_RELATIVE,RELATION_P0,conservative_gap_remaining_inference,IBOR|GBPUSD|M15|london|2022-03-02|60|IB60|OR30,GBPUSD,M15,london,Europe/London,2022-03-02,60,30,down,close,down,1.33018,1.32836,0.00182,0,or_break_with_ib_same_side_gap_remaining,0,1,edge_alignment_only,0
IBORFB|IBOR|GBPUSD|M15|new_york|2022-03-02|60|IB60|OR30,IB_OR_FIRST_BREAK_RELATIVE,RELATION_P0,shared_edge_confirmed_from_current_fields,IBOR|GBPUSD|M15|new_york|2022-03-02|60|IB60|OR30,GBPUSD,M15,new_york,America/New_York,2022-03-02,60,30,up,wick,up,1.33341,1.33341,0.00000,1,shared_edge_break,1,0,edge_alignment_only,0
IBORFB|IBOR|GBPUSD|M15|london|2022-03-03|60|IB60|OR30,IB_OR_FIRST_BREAK_RELATIVE,RELATION_P0,conservative_gap_remaining_inference,IBOR|GBPUSD|M15|london|2022-03-03|60|IB60|OR30,GBPUSD,M15,london,Europe/London,2022-03-03,60,30,up,close,up,1.34113,1.34146,0.00033,0,or_break_with_ib_same_side_gap_remaining,0,1,edge_alignment_only,0
IBORFB|IBOR|GBPUSD|M15|new_york|2022-03-03|60|IB60|OR30,IB_OR_FIRST_BREAK_RELATIVE,RELATION_P0,shared_edge_confirmed_from_current_fields,IBOR|GBPUSD|M15|new_york|2022-03-03|60|IB60|OR30,GBPUSD,M15,new_york,America/New_York,2022-03-03,60,30,down,wick,down,1.33734,1.33734,0.00000,1,shared_edge_break,1,0,edge_alignment_only,0
IBORFB|IBOR|GBPUSD|M15|london|2022-03-04|60|IB60|OR30,IB_OR_FIRST_BREAK_RELATIVE,RELATION_P0,conservative_gap_remaining_inference,IBOR|GBPUSD|M15|london|2022-03-04|60|IB60|OR30,GBPUSD,M15,london,Europe/London,2022-03-04,60,30,down,wick,down,1.33371,1.33319,0.00052,0,or_break_with_ib_same_side_gap_remaining,0,1,edge_alignment_only,0
IBORFB|IBOR|GBPUSD|M15|new_york|2022-03-04|60|IB60|OR30,IB_OR_FIRST_BREAK_RELATIVE,RELATION_P0,conservative_gap_remaining_inference,IBOR|GBPUSD|M15|new_york|2022-03-04|60|IB60|OR30,GBPUSD,M15,new_york,America/New_York,2022-03-04,60,30,down,wick,down,1.32585,1.32538,0.00047,0,or_break_with_ib_same_side_gap_remaining,0,1,edge_alignment_only,0
IBORFB|IBOR|GBPUSD|M15|london|2022-03-07|60|IB60|OR30,IB_OR_FIRST_BREAK_RELATIVE,RELATION_P0,shared_edge_confirmed_from_current_fields,IBOR|GBPUSD|M15|london|2022-03-07|60|IB60|OR30,GBPUSD,M15,london,Europe/London,2022-03-07,60,30,up,wick,up,1.32192,1.32192,0.00000,1,shared_edge_break,1,0,edge_alignment_only,0
IBORFB|IBOR|GBPUSD|M15|new_york|2022-03-07|60|IB60|OR30,IB_OR_FIRST_BREAK_RELATIVE,RELATION_P0,conservative_gap_remaining_inference,IBOR|GBPUSD|M15|new_york|2022-03-07|60|IB60|OR30,GBPUSD,M15,new_york,America/New_York,2022-03-07,60,30,down,wick,down,1.31814,1.31733,0.00081,0,or_break_with_ib_same_side_gap_remaining,0,1,edge_alignment_only,0
IBORFB|IBOR|GBPUSD|M15|london|2022-03-08|60|IB60|OR30,IB_OR_FIRST_BREAK_RELATIVE,RELATION_P0,conservative_gap_remaining_inference,IBOR|GBPUSD|M15|london|2022-03-08|60|IB60|OR30,GBPUSD,M15,london,Europe/London,2022-03-08,60,30,down,close,down,1.31047,1.31003,0.00044,0,or_break_with_ib_same_side_gap_remaining,0,1,edge_alignment_only,0
IBORFB|IBOR|GBPUSD|M15|new_york|2022-03-08|60|IB60|OR30,IB_OR_FIRST_BREAK_RELATIVE,RELATION_P0,conservative_gap_remaining_inference,IBOR|GBPUSD|M15|new_york|2022-03-08|60|IB60|OR30,GBPUSD,M15,new_york,America/New_York,2022-03-08,60,30,down,close,down,1.31002,1.30849,0.00153,0,or_break_with_ib_same_side_gap_remaining,0,1,edge_alignment_only,0
IBORFB|IBOR|GBPUSD|M15|london|2022-03-09|60|IB60|OR30,IB_OR_FIRST_BREAK_RELATIVE,RELATION_P0,shared_edge_confirmed_from_current_fields,IBOR|GBPUSD|M15|london|2022-03-09|60|IB60|OR30,GBPUSD,M15,london,Europe/London,2022-03-09,60,30,down,wick,down,1.31109,1.31109,0.00000,1,shared_edge_break,1,0,edge_alignment_only,0
IBORFB|IBOR|GBPUSD|M15|new_york|2022-03-09|60|IB60|OR30,IB_OR_FIRST_BREAK_RELATIVE,RELATION_P0,shared_edge_confirmed_from_current_fields,IBOR|GBPUSD|M15|new_york|2022-03-09|60|IB60|OR30,GBPUSD,M15,new_york,America/New_York,2022-03-09,60,30,down,wick,down,1.31445,1.31445,0.00000,1,shared_edge_break,1,0,edge_alignment_only,0
IBORFB|IBOR|GBPUSD|M15|london|2022-03-10|60|IB60|OR30,IB_OR_FIRST_BREAK_RELATIVE,RELATION_P0,conservative_gap_remaining_inference,IBOR|GBPUSD|M15|london|2022-03-10|60|IB60|OR30,GBPUSD,M15,london,Europe/London,2022-03-10,60,30,up,wick,up,1.31830,1.31837,0.00007,0,or_break_with_ib_same_side_gap_remaining,0,1,edge_alignment_only,0
IBORFB|IBOR|GBPUSD|M15|new_york|2022-03-10|60|IB60|OR30,IB_OR_FIRST_BREAK_RELATIVE,RELATION_P0,shared_edge_confirmed_from_current_fields,IBOR|GBPUSD|M15|new_york|2022-03-10|60|IB60|OR30,GBPUSD,M15,new_york,America/New_York,2022-03-10,60,30,down,close,down,1.31571,1.31571,0.00000,1,shared_edge_break,1,0,edge_alignment_only,0
IBORFB|IBOR|GBPUSD|M15|london|2022-03-11|60|IB60|OR30,IB_OR_FIRST_BREAK_RELATIVE,RELATION_P0,conservative_gap_remaining_inference,IBOR|GBPUSD|M15|london|2022-03-11|60|IB60|OR30,GBPUSD,M15,london,Europe/London,2022-03-11,60,30,up,close,up,1.30926,1.30959,0.00033,0,or_break_with_ib_same_side_gap_remaining,0,1,edge_alignment_only,0
IBORFB|IBOR|GBPUSD|M15|new_york|2022-03-11|60|IB60|OR30,IB_OR_FIRST_BREAK_RELATIVE,RELATION_P0,shared_edge_confirmed_from_current_fields,IBOR|GBPUSD|M15|new_york|2022-03-11|60|IB60|OR30,GBPUSD,M15,new_york,America/New_York,2022-03-11,60,30,down,close,down,1.30787,1.30787,0.00000,1,shared_edge_break,1,0,edge_alignment_only,0
IBORFB|IBOR|GBPUSD|M15|london|2022-03-14|60|IB60|OR30,IB_OR_FIRST_BREAK_RELATIVE,RELATION_P0,shared_edge_confirmed_from_current_fields,IBOR|GBPUSD|M15|london|2022-03-14|60|IB60|OR30,GBPUSD,M15,london,Europe/London,2022-03-14,60,30,down,wick,down,1.30131,1.30131,0.00000,1,shared_edge_break,1,0,edge_alignment_only,0
IBORFB|IBOR|GBPUSD|M15|new_york|2022-03-14|60|IB60|OR30,IB_OR_FIRST_BREAK_RELATIVE,RELATION_P0,conservative_gap_remaining_inference,IBOR|GBPUSD|M15|new_york|2022-03-14|60|IB60|OR30,GBPUSD,M15,new_york,America/New_York,2022-03-14,60,30,down,close,down,1.30310,1.30236,0.00074,0,or_break_with_ib_same_side_gap_remaining,0,1,edge_alignment_only,0
IBORFB|IBOR|GBPUSD|M15|london|2022-03-15|60|IB60|OR30,IB_OR_FIRST_BREAK_RELATIVE,RELATION_P0,conservative_gap_remaining_inference,IBOR|GBPUSD|M15|london|2022-03-15|60|IB60|OR30,GBPUSD,M15,london,Europe/London,2022-03-15,60,30,down,close,down,1.30396,1.30366,0.00030,0,or_break_with_ib_same_side_gap_remaining,0,1,edge_alignment_only,0
IBORFB|IBOR|GBPUSD|M15|new_york|2022-03-15|60|IB60|OR30,IB_OR_FIRST_BREAK_RELATIVE,RELATION_P0,conservative_gap_remaining_inference,IBOR|GBPUSD|M15|new_york|2022-03-15|60|IB60|OR30,GBPUSD,M15,new_york,America/New_York,2022-03-15,60,30,up,close,up,1.30397,1.30565,0.00168,0,or_break_with_ib_same_side_gap_remaining,0,1,edge_alignment_only,0
IBORFB|IBOR|GBPUSD|M15|london|2022-03-16|60|IB60|OR30,IB_OR_FIRST_BREAK_RELATIVE,RELATION_P0,conservative_gap_remaining_inference,IBOR|GBPUSD|M15|london|2022-03-16|60|IB60|OR30,GBPUSD,M15,london,Europe/London,2022-03-16,60,30,up,close,up,1.30549,1.30632,0.00083,0,or_break_with_ib_same_side_gap_remaining,0,1,edge_alignment_only,0
IBORFB|IBOR|GBPUSD|M15|new_york|2022-03-16|60|IB60|OR30,IB_OR_FIRST_BREAK_RELATIVE,RELATION_P0,no_break_relative_inference,IBOR|GBPUSD|M15|new_york|2022-03-16|60|IB60|OR30,GBPUSD,M15,new_york,America/New_York,2022-03-16,60,30,none,ambiguous,none,,,,0,no_break,0,0,edge_alignment_only,0
IBORFB|IBOR|GBPUSD|M15|london|2022-03-17|60|IB60|OR30,IB_OR_FIRST_BREAK_RELATIVE,RELATION_P0,shared_edge_confirmed_from_current_fields,IBOR|GBPUSD|M15|london|2022-03-17|60|IB60|OR30,GBPUSD,M15,london,Europe/London,2022-03-17,60,30,down,wick,down,1.31527,1.31527,0.00000,1,shared_edge_break,1,0,edge_alignment_only,0
IBORFB|IBOR|GBPUSD|M15|new_york|2022-03-17|60|IB60|OR30,IB_OR_FIRST_BREAK_RELATIVE,RELATION_P0,conservative_gap_remaining_inference,IBOR|GBPUSD|M15|new_york|2022-03-17|60|IB60|OR30,GBPUSD,M15,new_york,America/New_York,2022-03-17,60,30,up,close,up,1.31842,1.31996,0.00154,0,or_break_with_ib_same_side_gap_remaining,0,1,edge_alignment_only,0
IBORFB|IBOR|GBPUSD|M15|london|2022-03-18|60|IB60|OR30,IB_OR_FIRST_BREAK_RELATIVE,RELATION_P0,conservative_gap_remaining_inference,IBOR|GBPUSD|M15|london|2022-03-18|60|IB60|OR30,GBPUSD,M15,london,Europe/London,2022-03-18,60,30,up,close,up,1.31599,1.31645,0.00046,0,or_break_with_ib_same_side_gap_remaining,0,1,edge_alignment_only,0
IBORFB|IBOR|GBPUSD|M15|new_york|2022-03-18|60|IB60|OR30,IB_OR_FIRST_BREAK_RELATIVE,RELATION_P0,conservative_gap_remaining_inference,IBOR|GBPUSD|M15|new_york|2022-03-18|60|IB60|OR30,GBPUSD,M15,new_york,America/New_York,2022-03-18,60,30,down,wick,down,1.31229,1.31214,0.00015,0,or_break_with_ib_same_side_gap_remaining,0,1,edge_alignment_only,0
IBORFB|IBOR|EURUSD|M1|london|2026-03-09|60|IB60|OR30,IB_OR_FIRST_BREAK_RELATIVE,RELATION_P0,conservative_gap_remaining_inference,IBOR|EURUSD|M1|london|2026-03-09|60|IB60|OR30,EURUSD,M1,london,Europe/London,2026-03-09,60,30,up,close,up,1.15607,1.15715,0.00108,0,or_break_with_ib_same_side_gap_remaining,0,1,edge_alignment_only,0
IBORFB|IBOR|EURUSD|M1|new_york|2026-03-09|60|IB60|OR30,IB_OR_FIRST_BREAK_RELATIVE,RELATION_P0,conservative_gap_remaining_inference,IBOR|EURUSD|M1|new_york|2026-03-09|60|IB60|OR30,EURUSD,M1,new_york,America/New_York,2026-03-09,60,30,up,close,up,1.15649,1.15678,0.00029,0,or_break_with_ib_same_side_gap_remaining,0,1,edge_alignment_only,0
IBORFB|IBOR|EURUSD|M1|london|2026-03-10|60|IB60|OR30,IB_OR_FIRST_BREAK_RELATIVE,RELATION_P0,conservative_gap_remaining_inference,IBOR|EURUSD|M1|london|2026-03-10|60|IB60|OR30,EURUSD,M1,london,Europe/London,2026-03-10,60,30,up,wick,up,1.16200,1.16203,0.00003,0,or_break_with_ib_same_side_gap_remaining,0,1,edge_alignment_only,0
IBORFB|IBOR|EURUSD|M1|new_york|2026-03-10|60|IB60|OR30,IB_OR_FIRST_BREAK_RELATIVE,RELATION_P0,conservative_gap_remaining_inference,IBOR|EURUSD|M1|new_york|2026-03-10|60|IB60|OR30,EURUSD,M1,new_york,America/New_York,2026-03-10,60,30,up,close,up,1.16448,1.16531,0.00083,0,or_break_with_ib_same_side_gap_remaining,0,1,edge_alignment_only,0
IBORFB|IBOR|EURUSD|M1|london|2026-03-11|60|IB60|OR30,IB_OR_FIRST_BREAK_RELATIVE,RELATION_P0,shared_edge_confirmed_from_current_fields,IBOR|EURUSD|M1|london|2026-03-11|60|IB60|OR30,EURUSD,M1,london,Europe/London,2026-03-11,60,30,up,wick,up,1.16361,1.16361,0.00000,1,shared_edge_break,1,0,edge_alignment_only,0
IBORFB|IBOR|EURUSD|M1|new_york|2026-03-11|60|IB60|OR30,IB_OR_FIRST_BREAK_RELATIVE,RELATION_P0,conservative_gap_remaining_inference,IBOR|EURUSD|M1|new_york|2026-03-11|60|IB60|OR30,EURUSD,M1,new_york,America/New_York,2026-03-11,60,30,down,wick,down,1.16022,1.16006,0.00016,0,or_break_with_ib_same_side_gap_remaining,0,1,edge_alignment_only,0
IBORFB|IBOR|EURUSD|M1|london|2026-03-12|60|IB60|OR30,IB_OR_FIRST_BREAK_RELATIVE,RELATION_P0,conservative_gap_remaining_inference,IBOR|EURUSD|M1|london|2026-03-12|60|IB60|OR30,EURUSD,M1,london,Europe/London,2026-03-12,60,30,up,close,up,1.15438,1.15453,0.00015,0,or_break_with_ib_same_side_gap_remaining,0,1,edge_alignment_only,0
IBORFB|IBOR|EURUSD|M1|new_york|2026-03-12|60|IB60|OR30,IB_OR_FIRST_BREAK_RELATIVE,RELATION_P0,conservative_gap_remaining_inference,IBOR|EURUSD|M1|new_york|2026-03-12|60|IB60|OR30,EURUSD,M1,new_york,America/New_York,2026-03-12,60,30,up,close,up,1.15582,1.15608,0.00026,0,or_break_with_ib_same_side_gap_remaining,0,1,edge_alignment_only,0
IBORFB|IBOR|EURUSD|M1|london|2026-03-13|60|IB60|OR30,IB_OR_FIRST_BREAK_RELATIVE,RELATION_P0,conservative_gap_remaining_inference,IBOR|EURUSD|M1|london|2026-03-13|60|IB60|OR30,EURUSD,M1,london,Europe/London,2026-03-13,60,30,up,wick,up,1.15046,1.15065,0.00019,0,or_break_with_ib_same_side_gap_remaining,0,1,edge_alignment_only,0
IBORFB|IBOR|EURUSD|M1|new_york|2026-03-13|60|IB60|OR30,IB_OR_FIRST_BREAK_RELATIVE,RELATION_P0,shared_edge_confirmed_from_current_fields,IBOR|EURUSD|M1|new_york|2026-03-13|60|IB60|OR30,EURUSD,M1,new_york,America/New_York,2026-03-13,60,30,up,wick,up,1.14720,1.14720,0.00000,1,shared_edge_break,1,0,edge_alignment_only,0
IBORFB|IBOR|EURUSD|M1|london|2026-03-16|60|IB60|OR30,IB_OR_FIRST_BREAK_RELATIVE,RELATION_P0,conservative_gap_remaining_inference,IBOR|EURUSD|M1|london|2026-03-16|60|IB60|OR30,EURUSD,M1,london,Europe/London,2026-03-16,60,30,down,close,down,1.14393,1.14332,0.00061,0,or_break_with_ib_same_side_gap_remaining,0,1,edge_alignment_only,0
IBORFB|IBOR|EURUSD|M1|new_york|2026-03-16|60|IB60|OR30,IB_OR_FIRST_BREAK_RELATIVE,RELATION_P0,conservative_gap_remaining_inference,IBOR|EURUSD|M1|new_york|2026-03-16|60|IB60|OR30,EURUSD,M1,new_york,America/New_York,2026-03-16,60,30,up,wick,up,1.14773,1.14814,0.00041,0,or_break_with_ib_same_side_gap_remaining,0,1,edge_alignment_only,0
IBORFB|IBOR|EURUSD|M1|london|2026-03-17|60|IB60|OR30,IB_OR_FIRST_BREAK_RELATIVE,RELATION_P0,conservative_gap_remaining_inference,IBOR|EURUSD|M1|london|2026-03-17|60|IB60|OR30,EURUSD,M1,london,Europe/London,2026-03-17,60,30,down,wick,down,1.14939,1.14781,0.00158,0,or_break_with_ib_same_side_gap_remaining,0,1,edge_alignment_only,0
IBORFB|IBOR|EURUSD|M1|new_york|2026-03-17|60|IB60|OR30,IB_OR_FIRST_BREAK_RELATIVE,RELATION_P0,conservative_gap_remaining_inference,IBOR|EURUSD|M1|new_york|2026-03-17|60|IB60|OR30,EURUSD,M1,new_york,America/New_York,2026-03-17,60,30,down,close,down,1.15054,1.15048,0.00006,0,or_break_with_ib_same_side_gap_remaining,0,1,edge_alignment_only,0
IBORFB|IBOR|EURUSD|M1|london|2026-03-18|60|IB60|OR30,IB_OR_FIRST_BREAK_RELATIVE,RELATION_P0,conservative_gap_remaining_inference,IBOR|EURUSD|M1|london|2026-03-18|60|IB60|OR30,EURUSD,M1,london,Europe/London,2026-03-18,60,30,up,close,up,1.15439,1.15468,0.00029,0,or_break_with_ib_same_side_gap_remaining,0,1,edge_alignment_only,0
IBORFB|IBOR|EURUSD|M1|new_york|2026-03-18|60|IB60|OR30,IB_OR_FIRST_BREAK_RELATIVE,RELATION_P0,conservative_gap_remaining_inference,IBOR|EURUSD|M1|new_york|2026-03-18|60|IB60|OR30,EURUSD,M1,new_york,America/New_York,2026-03-18,60,30,up,close,up,1.15424,1.15553,0.00129,0,or_break_with_ib_same_side_gap_remaining,0,1,edge_alignment_only,0
IBORFB|IBOR|EURUSD|M1|london|2026-03-19|60|IB60|OR30,IB_OR_FIRST_BREAK_RELATIVE,RELATION_P0,conservative_gap_remaining_inference,IBOR|EURUSD|M1|london|2026-03-19|60|IB60|OR30,EURUSD,M1,london,Europe/London,2026-03-19,60,30,down,wick,down,1.14675,1.14636,0.00039,0,or_break_with_ib_same_side_gap_remaining,0,1,edge_alignment_only,0
IBORFB|IBOR|EURUSD|M1|new_york|2026-03-19|60|IB60|OR30,IB_OR_FIRST_BREAK_RELATIVE,RELATION_P0,conservative_gap_remaining_inference,IBOR|EURUSD|M1|new_york|2026-03-19|60|IB60|OR30,EURUSD,M1,new_york,America/New_York,2026-03-19,60,30,up,wick,up,1.14779,1.14814,0.00035,0,or_break_with_ib_same_side_gap_remaining,0,1,edge_alignment_only,0
IBORFB|IBOR|EURUSD|M1|london|2026-03-20|60|IB60|OR30,IB_OR_FIRST_BREAK_RELATIVE,RELATION_P0,conservative_gap_remaining_inference,IBOR|EURUSD|M1|london|2026-03-20|60|IB60|OR30,EURUSD,M1,london,Europe/London,2026-03-20,60,30,down,wick,down,1.15552,1.15523,0.00029,0,or_break_with_ib_same_side_gap_remaining,0,1,edge_alignment_only,0
IBORFB|IBOR|EURUSD|M1|new_york|2026-03-20|60|IB60|OR30,IB_OR_FIRST_BREAK_RELATIVE,RELATION_P0,conservative_gap_remaining_inference,IBOR|EURUSD|M1|new_york|2026-03-20|60|IB60|OR30,EURUSD,M1,new_york,America/New_York,2026-03-20,60,30,up,wick,up,1.15625,1.15719,0.00094,0,or_break_with_ib_same_side_gap_remaining,0,1,edge_alignment_only,0
IBORFB|IBOR|EURUSD|M1|london|2026-03-23|60|IB60|OR30,IB_OR_FIRST_BREAK_RELATIVE,RELATION_P0,conservative_gap_remaining_inference,IBOR|EURUSD|M1|london|2026-03-23|60|IB60|OR30,EURUSD,M1,london,Europe/London,2026-03-23,60,30,down,close,down,1.15392,1.15341,0.00051,0,or_break_with_ib_same_side_gap_remaining,0,1,edge_alignment_only,0
IBORFB|IBOR|EURUSD|M1|new_york|2026-03-23|60|IB60|OR30,IB_OR_FIRST_BREAK_RELATIVE,RELATION_P0,conservative_gap_remaining_inference,IBOR|EURUSD|M1|new_york|2026-03-23|60|IB60|OR30,EURUSD,M1,new_york,America/New_York,2026-03-23,60,30,up,close,up,1.15013,1.16191,0.01178,0,or_break_with_ib_same_side_gap_remaining,0,1,edge_alignment_only,0
IBORFB|IBOR|EURUSD|M1|london|2026-03-24|60|IB60|OR30,IB_OR_FIRST_BREAK_RELATIVE,RELATION_P0,conservative_gap_remaining_inference,IBOR|EURUSD|M1|london|2026-03-24|60|IB60|OR30,EURUSD,M1,london,Europe/London,2026-03-24,60,30,up,wick,up,1.15847,1.15892,0.00045,0,or_break_with_ib_same_side_gap_remaining,0,1,edge_alignment_only,0
IBORFB|IBOR|EURUSD|M1|new_york|2026-03-24|60|IB60|OR30,IB_OR_FIRST_BREAK_RELATIVE,RELATION_P0,conservative_gap_remaining_inference,IBOR|EURUSD|M1|new_york|2026-03-24|60|IB60|OR30,EURUSD,M1,new_york,America/New_York,2026-03-24,60,30,up,close,up,1.15923,1.16004,0.00081,0,or_break_with_ib_same_side_gap_remaining,0,1,edge_alignment_only,0
IBORFB|IBOR|EURUSD|M1|london|2026-03-25|60|IB60|OR30,IB_OR_FIRST_BREAK_RELATIVE,RELATION_P0,conservative_gap_remaining_inference,IBOR|EURUSD|M1|london|2026-03-25|60|IB60|OR30,EURUSD,M1,london,Europe/London,2026-03-25,60,30,up,wick,up,1.15979,1.15981,0.00002,0,or_break_with_ib_same_side_gap_remaining,0,1,edge_alignment_only,0
IBORFB|IBOR|EURUSD|M1|new_york|2026-03-25|60|IB60|OR30,IB_OR_FIRST_BREAK_RELATIVE,RELATION_P0,conservative_gap_remaining_inference,IBOR|EURUSD|M1|new_york|2026-03-25|60|IB60|OR30,EURUSD,M1,new_york,America/New_York,2026-03-25,60,30,up,close,up,1.16054,1.16114,0.00060,0,or_break_with_ib_same_side_gap_remaining,0,1,edge_alignment_only,0
IBORFB|IBOR|EURUSD|M1|london|2026-03-26|60|IB60|OR30,IB_OR_FIRST_BREAK_RELATIVE,RELATION_P0,conservative_gap_remaining_inference,IBOR|EURUSD|M1|london|2026-03-26|60|IB60|OR30,EURUSD,M1,london,Europe/London,2026-03-26,60,30,down,wick,down,1.15616,1.15577,0.00039,0,or_break_with_ib_same_side_gap_remaining,0,1,edge_alignment_only,0
IBORFB|IBOR|EURUSD|M1|new_york|2026-03-26|60|IB60|OR30,IB_OR_FIRST_BREAK_RELATIVE,RELATION_P0,conservative_gap_remaining_inference,IBOR|EURUSD|M1|new_york|2026-03-26|60|IB60|OR30,EURUSD,M1,new_york,America/New_York,2026-03-26,60,30,down,wick,down,1.15546,1.15430,0.00116,0,or_break_with_ib_same_side_gap_remaining,0,1,edge_alignment_only,0
IBORFB|IBOR|EURUSD|M1|london|2026-03-27|60|IB60|OR30,IB_OR_FIRST_BREAK_RELATIVE,RELATION_P0,conservative_gap_remaining_inference,IBOR|EURUSD|M1|london|2026-03-27|60|IB60|OR30,EURUSD,M1,london,Europe/London,2026-03-27,60,30,down,close,down,1.15403,1.15373,0.00030,0,or_break_with_ib_same_side_gap_remaining,0,1,edge_alignment_only,0
IBORFB|IBOR|EURUSD|M1|new_york|2026-03-27|60|IB60|OR30,IB_OR_FIRST_BREAK_RELATIVE,RELATION_P0,conservative_gap_remaining_inference,IBOR|EURUSD|M1|new_york|2026-03-27|60|IB60|OR30,EURUSD,M1,new_york,America/New_York,2026-03-27,60,30,down,wick,down,1.15101,1.15091,0.00010,0,or_break_with_ib_same_side_gap_remaining,0,1,edge_alignment_only,0
IBORFB|IBOR|EURUSD|M1|london|2026-03-30|60|IB60|OR30,IB_OR_FIRST_BREAK_RELATIVE,RELATION_P0,conservative_gap_remaining_inference,IBOR|EURUSD|M1|london|2026-03-30|60|IB60|OR30,EURUSD,M1,london,Europe/London,2026-03-30,60,30,down,close,down,1.15149,1.15136,0.00013,0,or_break_with_ib_same_side_gap_remaining,0,1,edge_alignment_only,0
IBORFB|IBOR|EURUSD|M1|new_york|2026-03-30|60|IB60|OR30,IB_OR_FIRST_BREAK_RELATIVE,RELATION_P0,conservative_gap_remaining_inference,IBOR|EURUSD|M1|new_york|2026-03-30|60|IB60|OR30,EURUSD,M1,new_york,America/New_York,2026-03-30,60,30,down,wick,down,1.14880,1.14875,0.00005,0,or_break_with_ib_same_side_gap_remaining,0,1,edge_alignment_only,0
IBORFB|IBOR|EURUSD|M1|london|2026-03-31|60|IB60|OR30,IB_OR_FIRST_BREAK_RELATIVE,RELATION_P0,conservative_gap_remaining_inference,IBOR|EURUSD|M1|london|2026-03-31|60|IB60|OR30,EURUSD,M1,london,Europe/London,2026-03-31,60,30,up,close,up,1.14722,1.14728,0.00006,0,or_break_with_ib_same_side_gap_remaining,0,1,edge_alignment_only,0
IBORFB|IBOR|EURUSD|M1|new_york|2026-03-31|60|IB60|OR30,IB_OR_FIRST_BREAK_RELATIVE,RELATION_P0,conservative_gap_remaining_inference,IBOR|EURUSD|M1|new_york|2026-03-31|60|IB60|OR30,EURUSD,M1,new_york,America/New_York,2026-03-31,60,30,down,wick,down,1.14580,1.14575,0.00005,0,or_break_with_ib_same_side_gap_remaining,0,1,edge_alignment_only,0
IBORFB|IBOR|EURUSD|M1|london|2026-04-01|60|IB60|OR30,IB_OR_FIRST_BREAK_RELATIVE,RELATION_P0,conservative_gap_remaining_inference,IBOR|EURUSD|M1|london|2026-04-01|60|IB60|OR30,EURUSD,M1,london,Europe/London,2026-04-01,60,30,up,wick,up,1.15629,1.15665,0.00036,0,or_break_with_ib_same_side_gap_remaining,0,1,edge_alignment_only,0
IBORFB|IBOR|EURUSD|M1|new_york|2026-04-01|60|IB60|OR30,IB_OR_FIRST_BREAK_RELATIVE,RELATION_P0,conservative_gap_remaining_inference,IBOR|EURUSD|M1|new_york|2026-04-01|60|IB60|OR30,EURUSD,M1,new_york,America/New_York,2026-04-01,60,30,up,wick,up,1.16036,1.16057,0.00021,0,or_break_with_ib_same_side_gap_remaining,0,1,edge_alignment_only,0
IBORFB|IBOR|EURUSD|M1|london|2026-04-02|60|IB60|OR30,IB_OR_FIRST_BREAK_RELATIVE,RELATION_P0,conservative_gap_remaining_inference,IBOR|EURUSD|M1|london|2026-04-02|60|IB60|OR30,EURUSD,M1,london,Europe/London,2026-04-02,60,30,down,wick,down,1.15349,1.15321,0.00028,0,or_break_with_ib_same_side_gap_remaining,0,1,edge_alignment_only,0
IBORFB|IBOR|EURUSD|M1|new_york|2026-04-02|60|IB60|OR30,IB_OR_FIRST_BREAK_RELATIVE,RELATION_P0,conservative_gap_remaining_inference,IBOR|EURUSD|M1|new_york|2026-04-02|60|IB60|OR30,EURUSD,M1,new_york,America/New_York,2026-04-02,60,30,down,wick,down,1.15111,1.15091,0.00020,0,or_break_with_ib_same_side_gap_remaining,0,1,edge_alignment_only,0
IBORFB|IBOR|EURUSD|M1|london|2026-04-03|60|IB60|OR30,IB_OR_FIRST_BREAK_RELATIVE,RELATION_P0,conservative_gap_remaining_inference,IBOR|EURUSD|M1|london|2026-04-03|60|IB60|OR30,EURUSD,M1,london,Europe/London,2026-04-03,60,30,down,wick,down,1.15344,1.15339,0.00005,0,or_break_with_ib_same_side_gap_remaining,0,1,edge_alignment_only,0
IBORFB|IBOR|EURUSD|M1|new_york|2026-04-03|60|IB60|OR30,IB_OR_FIRST_BREAK_RELATIVE,RELATION_P0,shared_edge_confirmed_from_current_fields,IBOR|EURUSD|M1|new_york|2026-04-03|60|IB60|OR30,EURUSD,M1,new_york,America/New_York,2026-04-03,60,30,down,close,down,1.15419,1.15419,0.00000,1,shared_edge_break,1,0,edge_alignment_only,0
IBORFB|IBOR|EURUSD|M1|london|2026-04-06|60|IB60|OR30,IB_OR_FIRST_BREAK_RELATIVE,RELATION_P0,conservative_gap_remaining_inference,IBOR|EURUSD|M1|london|2026-04-06|60|IB60|OR30,EURUSD,M1,london,Europe/London,2026-04-06,60,30,up,close,up,1.15213,1.15251,0.00038,0,or_break_with_ib_same_side_gap_remaining,0,1,edge_alignment_only,0
IBORFB|IBOR|EURUSD|M1|new_york|2026-04-06|60|IB60|OR30,IB_OR_FIRST_BREAK_RELATIVE,RELATION_P0,shared_edge_confirmed_from_current_fields,IBOR|EURUSD|M1|new_york|2026-04-06|60|IB60|OR30,EURUSD,M1,new_york,America/New_York,2026-04-06,60,30,up,wick,up,1.15516,1.15516,0.00000,1,shared_edge_break,1,0,edge_alignment_only,0
IBORFB|IBOR|EURUSD|M1|london|2026-04-07|60|IB60|OR30,IB_OR_FIRST_BREAK_RELATIVE,RELATION_P0,conservative_gap_remaining_inference,IBOR|EURUSD|M1|london|2026-04-07|60|IB60|OR30,EURUSD,M1,london,Europe/London,2026-04-07,60,30,up,wick,up,1.15360,1.15388,0.00028,0,or_break_with_ib_same_side_gap_remaining,0,1,edge_alignment_only,0
IBORFB|IBOR|EURUSD|M1|new_york|2026-04-07|60|IB60|OR30,IB_OR_FIRST_BREAK_RELATIVE,RELATION_P0,shared_edge_confirmed_from_current_fields,IBOR|EURUSD|M1|new_york|2026-04-07|60|IB60|OR30,EURUSD,M1,new_york,America/New_York,2026-04-07,60,30,up,wick,up,1.15587,1.15587,0.00000,1,shared_edge_break,1,0,edge_alignment_only,0
IBORFB|IBOR|EURUSD|M1|london|2026-04-08|60|IB60|OR30,IB_OR_FIRST_BREAK_RELATIVE,RELATION_P0,shared_edge_confirmed_from_current_fields,IBOR|EURUSD|M1|london|2026-04-08|60|IB60|OR30,EURUSD,M1,london,Europe/London,2026-04-08,60,30,up,close,up,1.16811,1.16811,0.00000,1,shared_edge_break,1,0,edge_alignment_only,0
IBORFB|IBOR|EURUSD|M1|new_york|2026-04-08|60|IB60|OR30,IB_OR_FIRST_BREAK_RELATIVE,RELATION_P0,conservative_gap_remaining_inference,IBOR|EURUSD|M1|new_york|2026-04-08|60|IB60|OR30,EURUSD,M1,new_york,America/New_York,2026-04-08,60,30,up,close,up,1.16924,1.17101,0.00177,0,or_break_with_ib_same_side_gap_remaining,0,1,edge_alignment_only,0
IBORFB|IBOR|EURUSD|M1|london|2026-04-09|60|IB60|OR30,IB_OR_FIRST_BREAK_RELATIVE,RELATION_P0,conservative_gap_remaining_inference,IBOR|EURUSD|M1|london|2026-04-09|60|IB60|OR30,EURUSD,M1,london,Europe/London,2026-04-09,60,30,up,close,up,1.16699,1.16711,0.00012,0,or_break_with_ib_same_side_gap_remaining,0,1,edge_alignment_only,0
IBORFB|IBOR|EURUSD|M1|new_york|2026-04-09|60|IB60|OR30,IB_OR_FIRST_BREAK_RELATIVE,RELATION_P0,conservative_gap_remaining_inference,IBOR|EURUSD|M1|new_york|2026-04-09|60|IB60|OR30,EURUSD,M1,new_york,America/New_York,2026-04-09,60,30,down,close,down,1.16711,1.16696,0.00015,0,or_break_with_ib_same_side_gap_remaining,0,1,edge_alignment_only,0
IBORFB|IBOR|EURUSD|M1|london|2026-04-10|60|IB60|OR30,IB_OR_FIRST_BREAK_RELATIVE,RELATION_P0,conservative_gap_remaining_inference,IBOR|EURUSD|M1|london|2026-04-10|60|IB60|OR30,EURUSD,M1,london,Europe/London,2026-04-10,60,30,down,wick,down,1.16931,1.16911,0.00020,0,or_break_with_ib_same_side_gap_remaining,0,1,edge_alignment_only,0
IBORFB|IBOR|EURUSD|M1|new_york|2026-04-10|60|IB60|OR30,IB_OR_FIRST_BREAK_RELATIVE,RELATION_P0,conservative_gap_remaining_inference,IBOR|EURUSD|M1|new_york|2026-04-10|60|IB60|OR30,EURUSD,M1,new_york,America/New_York,2026-04-10,60,30,up,close,up,1.17158,1.17188,0.00030,0,or_break_with_ib_same_side_gap_remaining,0,1,edge_alignment_only,0
IBORFB|IBOR|EURUSD|M1|london|2026-04-13|60|IB60|OR30,IB_OR_FIRST_BREAK_RELATIVE,RELATION_P0,conservative_gap_remaining_inference,IBOR|EURUSD|M1|london|2026-04-13|60|IB60|OR30,EURUSD,M1,london,Europe/London,2026-04-13,60,30,down,close,down,1.16870,1.16858,0.00012,0,or_break_with_ib_same_side_gap_remaining,0,1,edge_alignment_only,0
IBORFB|IBOR|EURUSD|M1|new_york|2026-04-13|60|IB60|OR30,IB_OR_FIRST_BREAK_RELATIVE,RELATION_P0,conservative_gap_remaining_inference,IBOR|EURUSD|M1|new_york|2026-04-13|60|IB60|OR30,EURUSD,M1,new_york,America/New_York,2026-04-13,60,30,up,wick,up,1.16951,1.16997,0.00046,0,or_break_with_ib_same_side_gap_remaining,0,1,edge_alignment_only,0
IBORFB|IBOR|EURUSD|M1|london|2026-04-14|60|IB60|OR30,IB_OR_FIRST_BREAK_RELATIVE,RELATION_P0,conservative_gap_remaining_inference,IBOR|EURUSD|M1|london|2026-04-14|60|IB60|OR30,EURUSD,M1,london,Europe/London,2026-04-14,60,30,up,close,up,1.17693,1.17699,0.00006,0,or_break_with_ib_same_side_gap_remaining,0,1,edge_alignment_only,0
IBORFB|IBOR|EURUSD|M1|new_york|2026-04-14|60|IB60|OR30,IB_OR_FIRST_BREAK_RELATIVE,RELATION_P0,conservative_gap_remaining_inference,IBOR|EURUSD|M1|new_york|2026-04-14|60|IB60|OR30,EURUSD,M1,new_york,America/New_York,2026-04-14,60,30,up,close,up,1.17982,1.18020,0.00038,0,or_break_with_ib_same_side_gap_remaining,0,1,edge_alignment_only,0
IBORFB|IBOR|EURUSD|M1|london|2026-04-15|60|IB60|OR30,IB_OR_FIRST_BREAK_RELATIVE,RELATION_P0,conservative_gap_remaining_inference,IBOR|EURUSD|M1|london|2026-04-15|60|IB60|OR30,EURUSD,M1,london,Europe/London,2026-04-15,60,30,up,close,up,1.17892,1.17896,0.00004,0,or_break_with_ib_same_side_gap_remaining,0,1,edge_alignment_only,0
IBORFB|IBOR|EURUSD|M1|new_york|2026-04-15|60|IB60|OR30,IB_OR_FIRST_BREAK_RELATIVE,RELATION_P0,shared_edge_confirmed_from_current_fields,IBOR|EURUSD|M1|new_york|2026-04-15|60|IB60|OR30,EURUSD,M1,new_york,America/New_York,2026-04-15,60,30,up,wick,up,1.17835,1.17835,0.00000,1,shared_edge_break,1,0,edge_alignment_only,0
IBORFB|IBOR|EURUSD|M1|london|2026-04-16|60|IB60|OR30,IB_OR_FIRST_BREAK_RELATIVE,RELATION_P0,conservative_gap_remaining_inference,IBOR|EURUSD|M1|london|2026-04-16|60|IB60|OR30,EURUSD,M1,london,Europe/London,2026-04-16,60,30,down,wick,down,1.18103,1.18082,0.00021,0,or_break_with_ib_same_side_gap_remaining,0,1,edge_alignment_only,0
IBORFB|IBOR|EURUSD|M1|new_york|2026-04-16|60|IB60|OR30,IB_OR_FIRST_BREAK_RELATIVE,RELATION_P0,conservative_gap_remaining_inference,IBOR|EURUSD|M1|new_york|2026-04-16|60|IB60|OR30,EURUSD,M1,new_york,America/New_York,2026-04-16,60,30,up,close,up,1.17802,1.17887,0.00085,0,or_break_with_ib_same_side_gap_remaining,0,1,edge_alignment_only,0
IBORFB|IBOR|EURUSD|M1|london|2026-04-17|60|IB60|OR30,IB_OR_FIRST_BREAK_RELATIVE,RELATION_P0,conservative_gap_remaining_inference,IBOR|EURUSD|M1|london|2026-04-17|60|IB60|OR30,EURUSD,M1,london,Europe/London,2026-04-17,60,30,down,wick,down,1.17816,1.17815,0.00001,0,or_break_with_ib_same_side_gap_remaining,0,1,edge_alignment_only,0
IBORFB|IBOR|EURUSD|M1|new_york|2026-04-17|60|IB60|OR30,IB_OR_FIRST_BREAK_RELATIVE,RELATION_P0,conservative_gap_remaining_inference,IBOR|EURUSD|M1|new_york|2026-04-17|60|IB60|OR30,EURUSD,M1,new_york,America/New_York,2026-04-17,60,30,up,wick,up,1.17959,1.17987,0.00028,0,or_break_with_ib_same_side_gap_remaining,0,1,edge_alignment_only,0
IBORFB|IBOR|EURUSD|M1|london|2026-04-20|60|IB60|OR30,IB_OR_FIRST_BREAK_RELATIVE,RELATION_P0,conservative_gap_remaining_inference,IBOR|EURUSD|M1|london|2026-04-20|60|IB60|OR30,EURUSD,M1,london,Europe/London,2026-04-20,60,30,down,wick,down,1.17571,1.17563,0.00008,0,or_break_with_ib_same_side_gap_remaining,0,1,edge_alignment_only,0
IBORFB|IBOR|EURUSD|M1|new_york|2026-04-20|60|IB60|OR30,IB_OR_FIRST_BREAK_RELATIVE,RELATION_P0,conservative_gap_remaining_inference,IBOR|EURUSD|M1|new_york|2026-04-20|60|IB60|OR30,EURUSD,M1,new_york,America/New_York,2026-04-20,60,30,up,wick,up,1.17713,1.17747,0.00034,0,or_break_with_ib_same_side_gap_remaining,0,1,edge_alignment_only,0
IBORFB|IBOR|EURUSD|M1|london|2026-04-21|60|IB60|OR30,IB_OR_FIRST_BREAK_RELATIVE,RELATION_P0,conservative_gap_remaining_inference,IBOR|EURUSD|M1|london|2026-04-21|60|IB60|OR30,EURUSD,M1,london,Europe/London,2026-04-21,60,30,up,close,up,1.17765,1.17767,0.00002,0,or_break_with_ib_same_side_gap_remaining,0,1,edge_alignment_only,0
IBORFB|IBOR|EURUSD|M1|new_york|2026-04-21|60|IB60|OR30,IB_OR_FIRST_BREAK_RELATIVE,RELATION_P0,conservative_gap_remaining_inference,IBOR|EURUSD|M1|new_york|2026-04-21|60|IB60|OR30,EURUSD,M1,new_york,America/New_York,2026-04-21,60,30,up,wick,up,1.17614,1.17664,0.00050,0,or_break_with_ib_same_side_gap_remaining,0,1,edge_alignment_only,0
IBORFB|IBOR|EURUSD|M1|london|2026-04-22|60|IB60|OR30,IB_OR_FIRST_BREAK_RELATIVE,RELATION_P0,conservative_gap_remaining_inference,IBOR|EURUSD|M1|london|2026-04-22|60|IB60|OR30,EURUSD,M1,london,Europe/London,2026-04-22,60,30,up,close,up,1.17409,1.17425,0.00016,0,or_break_with_ib_same_side_gap_remaining,0,1,edge_alignment_only,0
IBORFB|IBOR|EURUSD|M1|new_york|2026-04-22|60|IB60|OR30,IB_OR_FIRST_BREAK_RELATIVE,RELATION_P0,conservative_gap_remaining_inference,IBOR|EURUSD|M1|new_york|2026-04-22|60|IB60|OR30,EURUSD,M1,new_york,America/New_York,2026-04-22,60,30,down,close,down,1.17487,1.17426,0.00061,0,or_break_with_ib_same_side_gap_remaining,0,1,edge_alignment_only,0
IBORFB|IBOR|EURUSD|M1|london|2026-04-23|60|IB60|OR30,IB_OR_FIRST_BREAK_RELATIVE,RELATION_P0,conservative_gap_remaining_inference,IBOR|EURUSD|M1|london|2026-04-23|60|IB60|OR30,EURUSD,M1,london,Europe/London,2026-04-23,60,30,up,close,up,1.16997,1.17007,0.00010,0,or_break_with_ib_same_side_gap_remaining,0,1,edge_alignment_only,0
IBORFB|IBOR|EURUSD|M1|new_york|2026-04-23|60|IB60|OR30,IB_OR_FIRST_BREAK_RELATIVE,RELATION_P0,conservative_gap_remaining_inference,IBOR|EURUSD|M1|new_york|2026-04-23|60|IB60|OR30,EURUSD,M1,new_york,America/New_York,2026-04-23,60,30,down,wick,down,1.16801,1.16793,0.00008,0,or_break_with_ib_same_side_gap_remaining,0,1,edge_alignment_only,0
IBORFB|IBOR|EURUSD|M1|london|2026-04-24|60|IB60|OR30,IB_OR_FIRST_BREAK_RELATIVE,RELATION_P0,conservative_gap_remaining_inference,IBOR|EURUSD|M1|london|2026-04-24|60|IB60|OR30,EURUSD,M1,london,Europe/London,2026-04-24,60,30,up,close,up,1.16803,1.16817,0.00014,0,or_break_with_ib_same_side_gap_remaining,0,1,edge_alignment_only,0
IBORFB|IBOR|EURUSD|M1|new_york|2026-04-24|60|IB60|OR30,IB_OR_FIRST_BREAK_RELATIVE,RELATION_P0,conservative_gap_remaining_inference,IBOR|EURUSD|M1|new_york|2026-04-24|60|IB60|OR30,EURUSD,M1,new_york,America/New_York,2026-04-24,60,30,up,close,up,1.17036,1.17180,0.00144,0,or_break_with_ib_same_side_gap_remaining,0,1,edge_alignment_only,0
IBORFB|IBOR|EURUSD|M1|london|2026-04-27|60|IB60|OR30,IB_OR_FIRST_BREAK_RELATIVE,RELATION_P0,conservative_gap_remaining_inference,IBOR|EURUSD|M1|london|2026-04-27|60|IB60|OR30,EURUSD,M1,london,Europe/London,2026-04-27,60,30,up,close,up,1.17306,1.17315,0.00009,0,or_break_with_ib_same_side_gap_remaining,0,1,edge_alignment_only,0
IBORFB|IBOR|EURUSD|M1|new_york|2026-04-27|60|IB60|OR30,IB_OR_FIRST_BREAK_RELATIVE,RELATION_P0,conservative_gap_remaining_inference,IBOR|EURUSD|M1|new_york|2026-04-27|60|IB60|OR30,EURUSD,M1,new_york,America/New_York,2026-04-27,60,30,down,close,down,1.17413,1.17398,0.00015,0,or_break_with_ib_same_side_gap_remaining,0,1,edge_alignment_only,0
IBORFB|IBOR|EURUSD|M1|london|2026-04-28|60|IB60|OR30,IB_OR_FIRST_BREAK_RELATIVE,RELATION_P0,conservative_gap_remaining_inference,IBOR|EURUSD|M1|london|2026-04-28|60|IB60|OR30,EURUSD,M1,london,Europe/London,2026-04-28,60,30,up,wick,up,1.17145,1.17164,0.00019,0,or_break_with_ib_same_side_gap_remaining,0,1,edge_alignment_only,0
IBORFB|IBOR|EURUSD|M1|new_york|2026-04-28|60|IB60|OR30,IB_OR_FIRST_BREAK_RELATIVE,RELATION_P0,conservative_gap_remaining_inference,IBOR|EURUSD|M1|new_york|2026-04-28|60|IB60|OR30,EURUSD,M1,new_york,America/New_York,2026-04-28,60,30,up,wick,up,1.16957,1.16993,0.00036,0,or_break_with_ib_same_side_gap_remaining,0,1,edge_alignment_only,0
IBORFB|IBOR|EURUSD|M1|london|2026-04-29|60|IB60|OR30,IB_OR_FIRST_BREAK_RELATIVE,RELATION_P0,conservative_gap_remaining_inference,IBOR|EURUSD|M1|london|2026-04-29|60|IB60|OR30,EURUSD,M1,london,Europe/London,2026-04-29,60,30,up,close,up,1.17075,1.17077,0.00002,0,or_break_with_ib_same_side_gap_remaining,0,1,edge_alignment_only,0
IBORFB|IBOR|EURUSD|M1|new_york|2026-04-29|60|IB60|OR30,IB_OR_FIRST_BREAK_RELATIVE,RELATION_P0,conservative_gap_remaining_inference,IBOR|EURUSD|M1|new_york|2026-04-29|60|IB60|OR30,EURUSD,M1,new_york,America/New_York,2026-04-29,60,30,up,wick,up,1.17092,1.17096,0.00004,0,or_break_with_ib_same_side_gap_remaining,0,1,edge_alignment_only,0
IBORFB|IBOR|EURUSD|M1|london|2026-04-30|60|IB60|OR30,IB_OR_FIRST_BREAK_RELATIVE,RELATION_P0,conservative_gap_remaining_inference,IBOR|EURUSD|M1|london|2026-04-30|60|IB60|OR30,EURUSD,M1,london,Europe/London,2026-04-30,60,30,down,close,down,1.16575,1.16551,0.00024,0,or_break_with_ib_same_side_gap_remaining,0,1,edge_alignment_only,0
IBORFB|IBOR|EURUSD|M1|new_york|2026-04-30|60|IB60|OR30,IB_OR_FIRST_BREAK_RELATIVE,RELATION_P0,conservative_gap_remaining_inference,IBOR|EURUSD|M1|new_york|2026-04-30|60|IB60|OR30,EURUSD,M1,new_york,America/New_York,2026-04-30,60,30,up,close,up,1.17153,1.17195,0.00042,0,or_break_with_ib_same_side_gap_remaining,0,1,edge_alignment_only,0
IBORFB|IBOR|EURUSD|M1|london|2026-05-01|60|IB60|OR30,IB_OR_FIRST_BREAK_RELATIVE,RELATION_P0,conservative_gap_remaining_inference,IBOR|EURUSD|M1|london|2026-05-01|60|IB60|OR30,EURUSD,M1,london,Europe/London,2026-05-01,60,30,down,wick,down,1.17263,1.17259,0.00004,0,or_break_with_ib_same_side_gap_remaining,0,1,edge_alignment_only,0
IBORFB|IBOR|EURUSD|M1|new_york|2026-05-01|60|IB60|OR30,IB_OR_FIRST_BREAK_RELATIVE,RELATION_P0,conservative_gap_remaining_inference,IBOR|EURUSD|M1|new_york|2026-05-01|60|IB60|OR30,EURUSD,M1,new_york,America/New_York,2026-05-01,60,30,up,wick,up,1.17458,1.17582,0.00124,0,or_break_with_ib_same_side_gap_remaining,0,1,edge_alignment_only,0
IBORFB|IBOR|EURUSD|M1|london|2026-05-04|60|IB60|OR30,IB_OR_FIRST_BREAK_RELATIVE,RELATION_P0,conservative_gap_remaining_inference,IBOR|EURUSD|M1|london|2026-05-04|60|IB60|OR30,EURUSD,M1,london,Europe/London,2026-05-04,60,30,down,close,down,1.17292,1.17276,0.00016,0,or_break_with_ib_same_side_gap_remaining,0,1,edge_alignment_only,0
IBORFB|IBOR|EURUSD|M1|new_york|2026-05-04|60|IB60|OR30,IB_OR_FIRST_BREAK_RELATIVE,RELATION_P0,conservative_gap_remaining_inference,IBOR|EURUSD|M1|new_york|2026-05-04|60|IB60|OR30,EURUSD,M1,new_york,America/New_York,2026-05-04,60,30,down,wick,down,1.17021,1.16957,0.00064,0,or_break_with_ib_same_side_gap_remaining,0,1,edge_alignment_only,0
IBORFB|IBOR|EURUSD|M1|london|2026-05-05|60|IB60|OR30,IB_OR_FIRST_BREAK_RELATIVE,RELATION_P0,conservative_gap_remaining_inference,IBOR|EURUSD|M1|london|2026-05-05|60|IB60|OR30,EURUSD,M1,london,Europe/London,2026-05-05,60,30,up,wick,up,1.16867,1.16874,0.00007,0,or_break_with_ib_same_side_gap_remaining,0,1,edge_alignment_only,0
IBORFB|IBOR|EURUSD|M1|new_york|2026-05-05|60|IB60|OR30,IB_OR_FIRST_BREAK_RELATIVE,RELATION_P0,conservative_gap_remaining_inference,IBOR|EURUSD|M1|new_york|2026-05-05|60|IB60|OR30,EURUSD,M1,new_york,America/New_York,2026-05-05,60,30,down,close,down,1.16873,1.16833,0.00040,0,or_break_with_ib_same_side_gap_remaining,0,1,edge_alignment_only,0
IBORFB|IBOR|EURUSD|M1|london|2026-05-06|60|IB60|OR30,IB_OR_FIRST_BREAK_RELATIVE,RELATION_P0,conservative_gap_remaining_inference,IBOR|EURUSD|M1|london|2026-05-06|60|IB60|OR30,EURUSD,M1,london,Europe/London,2026-05-06,60,30,up,close,up,1.17284,1.17429,0.00145,0,or_break_with_ib_same_side_gap_remaining,0,1,edge_alignment_only,0
IBORFB|IBOR|EURUSD|M1|new_york|2026-05-06|60|IB60|OR30,IB_OR_FIRST_BREAK_RELATIVE,RELATION_P0,shared_edge_confirmed_from_current_fields,IBOR|EURUSD|M1|new_york|2026-05-06|60|IB60|OR30,EURUSD,M1,new_york,America/New_York,2026-05-06,60,30,down,wick,down,1.17694,1.17694,0.00000,1,shared_edge_break,1,0,edge_alignment_only,0
IBORFB|IBOR|EURUSD|M1|london|2026-05-07|60|IB60|OR30,IB_OR_FIRST_BREAK_RELATIVE,RELATION_P0,conservative_gap_remaining_inference,IBOR|EURUSD|M1|london|2026-05-07|60|IB60|OR30,EURUSD,M1,london,Europe/London,2026-05-07,60,30,up,wick,up,1.17530,1.17536,0.00006,0,or_break_with_ib_same_side_gap_remaining,0,1,edge_alignment_only,0
IBORFB|IBOR|EURUSD|M1|new_york|2026-05-07|60|IB60|OR30,IB_OR_FIRST_BREAK_RELATIVE,RELATION_P0,conservative_gap_remaining_inference,IBOR|EURUSD|M1|new_york|2026-05-07|60|IB60|OR30,EURUSD,M1,new_york,America/New_York,2026-05-07,60,30,down,close,down,1.17650,1.17622,0.00028,0,or_break_with_ib_same_side_gap_remaining,0,1,edge_alignment_only,0
IBORFB|IBOR|EURUSD|M1|london|2026-05-08|60|IB60|OR30,IB_OR_FIRST_BREAK_RELATIVE,RELATION_P0,conservative_gap_remaining_inference,IBOR|EURUSD|M1|london|2026-05-08|60|IB60|OR30,EURUSD,M1,london,Europe/London,2026-05-08,60,30,up,close,up,1.17307,1.17359,0.00052,0,or_break_with_ib_same_side_gap_remaining,0,1,edge_alignment_only,0
IBORFB|IBOR|EURUSD|M1|new_york|2026-05-08|60|IB60|OR30,IB_OR_FIRST_BREAK_RELATIVE,RELATION_P0,shared_edge_confirmed_from_current_fields,IBOR|EURUSD|M1|new_york|2026-05-08|60|IB60|OR30,EURUSD,M1,new_york,America/New_York,2026-05-08,60,30,down,wick,down,1.17614,1.17614,0.00000,1,shared_edge_break,1,0,edge_alignment_only,0
IBORFB|IBOR|EURUSD|M1|london|2026-05-11|60|IB60|OR30,IB_OR_FIRST_BREAK_RELATIVE,RELATION_P0,conservative_gap_remaining_inference,IBOR|EURUSD|M1|london|2026-05-11|60|IB60|OR30,EURUSD,M1,london,Europe/London,2026-05-11,60,30,down,close,down,1.17544,1.17502,0.00042,0,or_break_with_ib_same_side_gap_remaining,0,1,edge_alignment_only,0
IBORFB|IBOR|EURUSD|M1|new_york|2026-05-11|60|IB60|OR30,IB_OR_FIRST_BREAK_RELATIVE,RELATION_P0,conservative_gap_remaining_inference,IBOR|EURUSD|M1|new_york|2026-05-11|60|IB60|OR30,EURUSD,M1,new_york,America/New_York,2026-05-11,60,30,up,close,up,1.17741,1.17746,0.00005,0,or_break_with_ib_same_side_gap_remaining,0,1,edge_alignment_only,0
IBORFB|IBOR|EURUSD|M1|london|2026-05-12|60|IB60|OR30,IB_OR_FIRST_BREAK_RELATIVE,RELATION_P0,conservative_gap_remaining_inference,IBOR|EURUSD|M1|london|2026-05-12|60|IB60|OR30,EURUSD,M1,london,Europe/London,2026-05-12,60,30,up,close,up,1.17578,1.17598,0.00020,0,or_break_with_ib_same_side_gap_remaining,0,1,edge_alignment_only,0
IBORFB|IBOR|EURUSD|M1|new_york|2026-05-12|60|IB60|OR30,IB_OR_FIRST_BREAK_RELATIVE,RELATION_P0,conservative_gap_remaining_inference,IBOR|EURUSD|M1|new_york|2026-05-12|60|IB60|OR30,EURUSD,M1,new_york,America/New_York,2026-05-12,60,30,down,wick,down,1.17405,1.17349,0.00056,0,or_break_with_ib_same_side_gap_remaining,0,1,edge_alignment_only,0
IBORFB|IBOR|EURUSD|M1|london|2026-05-13|60|IB60|OR30,IB_OR_FIRST_BREAK_RELATIVE,RELATION_P0,conservative_gap_remaining_inference,IBOR|EURUSD|M1|london|2026-05-13|60|IB60|OR30,EURUSD,M1,london,Europe/London,2026-05-13,60,30,down,wick,down,1.17336,1.17322,0.00014,0,or_break_with_ib_same_side_gap_remaining,0,1,edge_alignment_only,0
IBORFB|IBOR|EURUSD|M1|new_york|2026-05-13|60|IB60|OR30,IB_OR_FIRST_BREAK_RELATIVE,RELATION_P0,conservative_gap_remaining_inference,IBOR|EURUSD|M1|new_york|2026-05-13|60|IB60|OR30,EURUSD,M1,new_york,America/New_York,2026-05-13,60,30,up,wick,up,1.17145,1.17152,0.00007,0,or_break_with_ib_same_side_gap_remaining,0,1,edge_alignment_only,0
IBORFB|IBOR|EURUSD|M1|london|2026-05-14|60|IB60|OR30,IB_OR_FIRST_BREAK_RELATIVE,RELATION_P0,conservative_gap_remaining_inference,IBOR|EURUSD|M1|london|2026-05-14|60|IB60|OR30,EURUSD,M1,london,Europe/London,2026-05-14,60,30,up,close,up,1.17163,1.17173,0.00010,0,or_break_with_ib_same_side_gap_remaining,0,1,edge_alignment_only,0
IBORFB|IBOR|EURUSD|M1|new_york|2026-05-14|60|IB60|OR30,IB_OR_FIRST_BREAK_RELATIVE,RELATION_P0,conservative_gap_remaining_inference,IBOR|EURUSD|M1|new_york|2026-05-14|60|IB60|OR30,EURUSD,M1,new_york,America/New_York,2026-05-14,60,30,down,wick,down,1.17049,1.17041,0.00008,0,or_break_with_ib_same_side_gap_remaining,0,1,edge_alignment_only,0
IBORFB|IBOR|EURUSD|M1|london|2026-05-15|60|IB60|OR30,IB_OR_FIRST_BREAK_RELATIVE,RELATION_P0,conservative_gap_remaining_inference,IBOR|EURUSD|M1|london|2026-05-15|60|IB60|OR30,EURUSD,M1,london,Europe/London,2026-05-15,60,30,down,wick,down,1.16506,1.16465,0.00041,0,or_break_with_ib_same_side_gap_remaining,0,1,edge_alignment_only,0
IBORFB|IBOR|EURUSD|M1|new_york|2026-05-15|60|IB60|OR30,IB_OR_FIRST_BREAK_RELATIVE,RELATION_P0,shared_edge_confirmed_from_current_fields,IBOR|EURUSD|M1|new_york|2026-05-15|60|IB60|OR30,EURUSD,M1,new_york,America/New_York,2026-05-15,60,30,down,close,down,1.16364,1.16364,0.00000,1,shared_edge_break,1,0,edge_alignment_only,0
IBORFB|IBOR|EURUSD|M1|london|2026-05-18|60|IB60|OR30,IB_OR_FIRST_BREAK_RELATIVE,RELATION_P0,conservative_gap_remaining_inference,IBOR|EURUSD|M1|london|2026-05-18|60|IB60|OR30,EURUSD,M1,london,Europe/London,2026-05-18,60,30,down,close,down,1.16208,1.16191,0.00017,0,or_break_with_ib_same_side_gap_remaining,0,1,edge_alignment_only,0
IBORFB|IBOR|EURUSD|M1|new_york|2026-05-18|60|IB60|OR30,IB_OR_FIRST_BREAK_RELATIVE,RELATION_P0,shared_edge_confirmed_from_current_fields,IBOR|EURUSD|M1|new_york|2026-05-18|60|IB60|OR30,EURUSD,M1,new_york,America/New_York,2026-05-18,60,30,up,wick,up,1.16364,1.16364,0.00000,1,shared_edge_break,1,0,edge_alignment_only,0
IBORFB|IBOR|EURUSD|M1|london|2026-05-19|60|IB60|OR30,IB_OR_FIRST_BREAK_RELATIVE,RELATION_P0,conservative_gap_remaining_inference,IBOR|EURUSD|M1|london|2026-05-19|60|IB60|OR30,EURUSD,M1,london,Europe/London,2026-05-19,60,30,down,close,down,1.16404,1.16352,0.00052,0,or_break_with_ib_same_side_gap_remaining,0,1,edge_alignment_only,0
IBORFB|IBOR|EURUSD|M1|new_york|2026-05-19|60|IB60|OR30,IB_OR_FIRST_BREAK_RELATIVE,RELATION_P0,shared_edge_confirmed_from_current_fields,IBOR|EURUSD|M1|new_york|2026-05-19|60|IB60|OR30,EURUSD,M1,new_york,America/New_York,2026-05-19,60,30,down,close,down,1.16111,1.16111,0.00000,1,shared_edge_break,1,0,edge_alignment_only,0
IBORFB|IBOR|EURUSD|M1|london|2026-05-20|60|IB60|OR30,IB_OR_FIRST_BREAK_RELATIVE,RELATION_P0,conservative_gap_remaining_inference,IBOR|EURUSD|M1|london|2026-05-20|60|IB60|OR30,EURUSD,M1,london,Europe/London,2026-05-20,60,30,down,close,down,1.16021,1.15970,0.00051,0,or_break_with_ib_same_side_gap_remaining,0,1,edge_alignment_only,0
IBORFB|IBOR|EURUSD|M1|new_york|2026-05-20|60|IB60|OR30,IB_OR_FIRST_BREAK_RELATIVE,RELATION_P0,shared_edge_confirmed_from_current_fields,IBOR|EURUSD|M1|new_york|2026-05-20|60|IB60|OR30,EURUSD,M1,new_york,America/New_York,2026-05-20,60,30,up,close,up,1.16029,1.16029,0.00000,1,shared_edge_break,1,0,edge_alignment_only,0
IBORFB|IBOR|EURUSD|M1|london|2026-05-21|60|IB60|OR30,IB_OR_FIRST_BREAK_RELATIVE,RELATION_P0,conservative_gap_remaining_inference,IBOR|EURUSD|M1|london|2026-05-21|60|IB60|OR30,EURUSD,M1,london,Europe/London,2026-05-21,60,30,up,close,up,1.16217,1.16236,0.00019,0,or_break_with_ib_same_side_gap_remaining,0,1,edge_alignment_only,0
IBORFB|IBOR|EURUSD|M1|new_york|2026-05-21|60|IB60|OR30,IB_OR_FIRST_BREAK_RELATIVE,RELATION_P0,conservative_gap_remaining_inference,IBOR|EURUSD|M1|new_york|2026-05-21|60|IB60|OR30,EURUSD,M1,new_york,America/New_York,2026-05-21,60,30,up,close,up,1.16135,1.16160,0.00025,0,or_break_with_ib_same_side_gap_remaining,0,1,edge_alignment_only,0
IBORFB|IBOR|EURUSD|M1|london|2026-05-22|60|IB60|OR30,IB_OR_FIRST_BREAK_RELATIVE,RELATION_P0,conservative_gap_remaining_inference,IBOR|EURUSD|M1|london|2026-05-22|60|IB60|OR30,EURUSD,M1,london,Europe/London,2026-05-22,60,30,up,wick,up,1.16150,1.16155,0.00005,0,or_break_with_ib_same_side_gap_remaining,0,1,edge_alignment_only,0
IBORFB|IBOR|EURUSD|M1|new_york|2026-05-22|60|IB60|OR30,IB_OR_FIRST_BREAK_RELATIVE,RELATION_P0,conservative_gap_remaining_inference,IBOR|EURUSD|M1|new_york|2026-05-22|60|IB60|OR30,EURUSD,M1,new_york,America/New_York,2026-05-22,60,30,down,close,down,1.15952,1.15934,0.00018,0,or_break_with_ib_same_side_gap_remaining,0,1,edge_alignment_only,0
IBORFB|IBOR|EURUSD|M1|london|2026-05-25|60|IB60|OR30,IB_OR_FIRST_BREAK_RELATIVE,RELATION_P0,conservative_gap_remaining_inference,IBOR|EURUSD|M1|london|2026-05-25|60|IB60|OR30,EURUSD,M1,london,Europe/London,2026-05-25,60,30,up,close,up,1.16376,1.16438,0.00062,0,or_break_with_ib_same_side_gap_remaining,0,1,edge_alignment_only,0
IBORFB|IBOR|EURUSD|M1|new_york|2026-05-25|60|IB60|OR30,IB_OR_FIRST_BREAK_RELATIVE,RELATION_P0,conservative_gap_remaining_inference,IBOR|EURUSD|M1|new_york|2026-05-25|60|IB60|OR30,EURUSD,M1,new_york,America/New_York,2026-05-25,60,30,down,close,down,1.16414,1.16402,0.00012,0,or_break_with_ib_same_side_gap_remaining,0,1,edge_alignment_only,0
IBORFB|IBOR|EURUSD|M1|london|2026-05-26|60|IB60|OR30,IB_OR_FIRST_BREAK_RELATIVE,RELATION_P0,conservative_gap_remaining_inference,IBOR|EURUSD|M1|london|2026-05-26|60|IB60|OR30,EURUSD,M1,london,Europe/London,2026-05-26,60,30,down,close,down,1.16332,1.16293,0.00039,0,or_break_with_ib_same_side_gap_remaining,0,1,edge_alignment_only,0
IBORFB|IBOR|EURUSD|M1|new_york|2026-05-26|60|IB60|OR30,IB_OR_FIRST_BREAK_RELATIVE,RELATION_P0,shared_edge_confirmed_from_current_fields,IBOR|EURUSD|M1|new_york|2026-05-26|60|IB60|OR30,EURUSD,M1,new_york,America/New_York,2026-05-26,60,30,down,close,down,1.16377,1.16377,0.00000,1,shared_edge_break,1,0,edge_alignment_only,0
IBORFB|IBOR|EURUSD|M1|london|2026-05-27|60|IB60|OR30,IB_OR_FIRST_BREAK_RELATIVE,RELATION_P0,conservative_gap_remaining_inference,IBOR|EURUSD|M1|london|2026-05-27|60|IB60|OR30,EURUSD,M1,london,Europe/London,2026-05-27,60,30,up,wick,up,1.16409,1.16424,0.00015,0,or_break_with_ib_same_side_gap_remaining,0,1,edge_alignment_only,0
IBORFB|IBOR|EURUSD|M1|new_york|2026-05-27|60|IB60|OR30,IB_OR_FIRST_BREAK_RELATIVE,RELATION_P0,conservative_gap_remaining_inference,IBOR|EURUSD|M1|new_york|2026-05-27|60|IB60|OR30,EURUSD,M1,new_york,America/New_York,2026-05-27,60,30,up,close,up,1.16405,1.16419,0.00014,0,or_break_with_ib_same_side_gap_remaining,0,1,edge_alignment_only,0
IBORFB|IBOR|EURUSD|M1|london|2026-05-28|60|IB60|OR30,IB_OR_FIRST_BREAK_RELATIVE,RELATION_P0,conservative_gap_remaining_inference,IBOR|EURUSD|M1|london|2026-05-28|60|IB60|OR30,EURUSD,M1,london,Europe/London,2026-05-28,60,30,up,close,up,1.15918,1.15927,0.00009,0,or_break_with_ib_same_side_gap_remaining,0,1,edge_alignment_only,0
IBORFB|IBOR|EURUSD|M1|new_york|2026-05-28|60|IB60|OR30,IB_OR_FIRST_BREAK_RELATIVE,RELATION_P0,conservative_gap_remaining_inference,IBOR|EURUSD|M1|new_york|2026-05-28|60|IB60|OR30,EURUSD,M1,new_york,America/New_York,2026-05-28,60,30,down,wick,down,1.16036,1.16034,0.00002,0,or_break_with_ib_same_side_gap_remaining,0,1,edge_alignment_only,0
IBORFB|IBOR|EURUSD|M1|london|2026-05-29|60|IB60|OR30,IB_OR_FIRST_BREAK_RELATIVE,RELATION_P0,conservative_gap_remaining_inference,IBOR|EURUSD|M1|london|2026-05-29|60|IB60|OR30,EURUSD,M1,london,Europe/London,2026-05-29,60,30,down,close,down,1.16354,1.16343,0.00011,0,or_break_with_ib_same_side_gap_remaining,0,1,edge_alignment_only,0
IBORFB|IBOR|EURUSD|M1|new_york|2026-05-29|60|IB60|OR30,IB_OR_FIRST_BREAK_RELATIVE,RELATION_P0,conservative_gap_remaining_inference,IBOR|EURUSD|M1|new_york|2026-05-29|60|IB60|OR30,EURUSD,M1,new_york,America/New_York,2026-05-29,60,30,up,close,up,1.16444,1.16449,0.00005,0,or_break_with_ib_same_side_gap_remaining,0,1,edge_alignment_only,0
IBORFB|IBOR|EURUSD|M1|london|2026-06-01|60|IB60|OR30,IB_OR_FIRST_BREAK_RELATIVE,RELATION_P0,conservative_gap_remaining_inference,IBOR|EURUSD|M1|london|2026-06-01|60|IB60|OR30,EURUSD,M1,london,Europe/London,2026-06-01,60,30,up,wick,up,1.16474,1.16485,0.00011,0,or_break_with_ib_same_side_gap_remaining,0,1,edge_alignment_only,0
IBORFB|IBOR|EURUSD|M1|new_york|2026-06-01|60|IB60|OR30,IB_OR_FIRST_BREAK_RELATIVE,RELATION_P0,conservative_gap_remaining_inference,IBOR|EURUSD|M1|new_york|2026-06-01|60|IB60|OR30,EURUSD,M1,new_york,America/New_York,2026-06-01,60,30,down,wick,down,1.16461,1.16417,0.00044,0,or_break_with_ib_same_side_gap_remaining,0,1,edge_alignment_only,0
IBORFB|IBOR|EURUSD|M1|london|2026-06-02|60|IB60|OR30,IB_OR_FIRST_BREAK_RELATIVE,RELATION_P0,conservative_gap_remaining_inference,IBOR|EURUSD|M1|london|2026-06-02|60|IB60|OR30,EURUSD,M1,london,Europe/London,2026-06-02,60,30,up,wick,up,1.16364,1.16388,0.00024,0,or_break_with_ib_same_side_gap_remaining,0,1,edge_alignment_only,0
IBORFB|IBOR|EURUSD|M1|new_york|2026-06-02|60|IB60|OR30,IB_OR_FIRST_BREAK_RELATIVE,RELATION_P0,conservative_gap_remaining_inference,IBOR|EURUSD|M1|new_york|2026-06-02|60|IB60|OR30,EURUSD,M1,new_york,America/New_York,2026-06-02,60,30,up,close,up,1.16462,1.16468,0.00006,0,or_break_with_ib_same_side_gap_remaining,0,1,edge_alignment_only,0
IBORFB|IBOR|EURUSD|M1|london|2026-06-03|60|IB60|OR30,IB_OR_FIRST_BREAK_RELATIVE,RELATION_P0,conservative_gap_remaining_inference,IBOR|EURUSD|M1|london|2026-06-03|60|IB60|OR30,EURUSD,M1,london,Europe/London,2026-06-03,60,30,down,wick,down,1.16247,1.16243,0.00004,0,or_break_with_ib_same_side_gap_remaining,0,1,edge_alignment_only,0
IBORFB|IBOR|EURUSD|M1|new_york|2026-06-03|60|IB60|OR30,IB_OR_FIRST_BREAK_RELATIVE,RELATION_P0,conservative_gap_remaining_inference,IBOR|EURUSD|M1|new_york|2026-06-03|60|IB60|OR30,EURUSD,M1,new_york,America/New_York,2026-06-03,60,30,up,close,up,1.16178,1.16203,0.00025,0,or_break_with_ib_same_side_gap_remaining,0,1,edge_alignment_only,0
IBORFB|IBOR|EURUSD|M1|london|2026-06-04|60|IB60|OR30,IB_OR_FIRST_BREAK_RELATIVE,RELATION_P0,conservative_gap_remaining_inference,IBOR|EURUSD|M1|london|2026-06-04|60|IB60|OR30,EURUSD,M1,london,Europe/London,2026-06-04,60,30,up,close,up,1.16061,1.16129,0.00068,0,or_break_with_ib_same_side_gap_remaining,0,1,edge_alignment_only,0
IBORFB|IBOR|EURUSD|M1|new_york|2026-06-04|60|IB60|OR30,IB_OR_FIRST_BREAK_RELATIVE,RELATION_P0,conservative_gap_remaining_inference,IBOR|EURUSD|M1|new_york|2026-06-04|60|IB60|OR30,EURUSD,M1,new_york,America/New_York,2026-06-04,60,30,up,close,up,1.16342,1.16434,0.00092,0,or_break_with_ib_same_side_gap_remaining,0,1,edge_alignment_only,0
IBORFB|IBOR|EURUSD|M1|london|2026-06-05|60|IB60|OR30,IB_OR_FIRST_BREAK_RELATIVE,RELATION_P0,conservative_gap_remaining_inference,IBOR|EURUSD|M1|london|2026-06-05|60|IB60|OR30,EURUSD,M1,london,Europe/London,2026-06-05,60,30,up,close,up,1.16165,1.16170,0.00005,0,or_break_with_ib_same_side_gap_remaining,0,1,edge_alignment_only,0
IBORFB|IBOR|EURUSD|M1|new_york|2026-06-05|60|IB60|OR30,IB_OR_FIRST_BREAK_RELATIVE,RELATION_P0,conservative_gap_remaining_inference,IBOR|EURUSD|M1|new_york|2026-06-05|60|IB60|OR30,EURUSD,M1,new_york,America/New_York,2026-06-05,60,30,down,close,down,1.16388,1.16354,0.00034,0,or_break_with_ib_same_side_gap_remaining,0,1,edge_alignment_only,0
IBORFB|IBOR|EURUSD|M1|london|2026-06-08|60|IB60|OR30,IB_OR_FIRST_BREAK_RELATIVE,RELATION_P0,conservative_gap_remaining_inference,IBOR|EURUSD|M1|london|2026-06-08|60|IB60|OR30,EURUSD,M1,london,Europe/London,2026-06-08,60,30,up,wick,up,1.15335,1.15339,0.00004,0,or_break_with_ib_same_side_gap_remaining,0,1,edge_alignment_only,0
IBORFB|IBOR|EURUSD|M1|new_york|2026-06-08|60|IB60|OR30,IB_OR_FIRST_BREAK_RELATIVE,RELATION_P0,conservative_gap_remaining_inference,IBOR|EURUSD|M1|new_york|2026-06-08|60|IB60|OR30,EURUSD,M1,new_york,America/New_York,2026-06-08,60,30,up,wick,up,1.15324,1.15422,0.00098,0,or_break_with_ib_same_side_gap_remaining,0,1,edge_alignment_only,0
IBORFB|IBOR|EURUSD|M1|london|2026-06-09|60|IB60|OR30,IB_OR_FIRST_BREAK_RELATIVE,RELATION_P0,conservative_gap_remaining_inference,IBOR|EURUSD|M1|london|2026-06-09|60|IB60|OR30,EURUSD,M1,london,Europe/London,2026-06-09,60,30,up,close,up,1.15420,1.15482,0.00062,0,or_break_with_ib_same_side_gap_remaining,0,1,edge_alignment_only,0
IBORFB|IBOR|EURUSD|M1|new_york|2026-06-09|60|IB60|OR30,IB_OR_FIRST_BREAK_RELATIVE,RELATION_P0,conservative_gap_remaining_inference,IBOR|EURUSD|M1|new_york|2026-06-09|60|IB60|OR30,EURUSD,M1,new_york,America/New_York,2026-06-09,60,30,up,wick,up,1.15692,1.15726,0.00034,0,or_break_with_ib_same_side_gap_remaining,0,1,edge_alignment_only,0
IBORFB|IBOR|EURUSD|M1|london|2026-06-10|60|IB60|OR30,IB_OR_FIRST_BREAK_RELATIVE,RELATION_P0,conservative_gap_remaining_inference,IBOR|EURUSD|M1|london|2026-06-10|60|IB60|OR30,EURUSD,M1,london,Europe/London,2026-06-10,60,30,down,close,down,1.15467,1.15445,0.00022,0,or_break_with_ib_same_side_gap_remaining,0,1,edge_alignment_only,0
IBORFB|IBOR|EURUSD|M1|new_york|2026-06-10|60|IB60|OR30,IB_OR_FIRST_BREAK_RELATIVE,RELATION_P0,conservative_gap_remaining_inference,IBOR|EURUSD|M1|new_york|2026-06-10|60|IB60|OR30,EURUSD,M1,new_york,America/New_York,2026-06-10,60,30,down,close,down,1.15503,1.15361,0.00142,0,or_break_with_ib_same_side_gap_remaining,0,1,edge_alignment_only,0
IBORFB|IBOR|EURUSD|M1|london|2026-06-11|60|IB60|OR30,IB_OR_FIRST_BREAK_RELATIVE,RELATION_P0,conservative_gap_remaining_inference,IBOR|EURUSD|M1|london|2026-06-11|60|IB60|OR30,EURUSD,M1,london,Europe/London,2026-06-11,60,30,up,close,up,1.15473,1.15503,0.00030,0,or_break_with_ib_same_side_gap_remaining,0,1,edge_alignment_only,0
IBORFB|IBOR|EURUSD|M1|new_york|2026-06-11|60|IB60|OR30,IB_OR_FIRST_BREAK_RELATIVE,RELATION_P0,conservative_gap_remaining_inference,IBOR|EURUSD|M1|new_york|2026-06-11|60|IB60|OR30,EURUSD,M1,new_york,America/New_York,2026-06-11,60,30,up,close,up,1.15318,1.15395,0.00077,0,or_break_with_ib_same_side_gap_remaining,0,1,edge_alignment_only,0
