candidate_id,candidate_family,candidate_level,candidate_status,source_evidence_id,symbol,timeframe,session_id,session_timezone,session_local_date,break_bar_time_utc,first_break_direction,first_break_mode,break_trigger_price,or_break_edge_value,ib_same_side_edge_value,same_side_gap_to_ib_before_break,break_trigger_source,direction_mode_match_to_relation,split_scope
IBORONLY|IBORB|IBORFB|IBOR|GBPUSD|M15|london|2021-06-16|60|IB60|OR30,IB_OR_BREAK_ONLY_CANDIDATE,RELATION_P0,or_break_only_not_ib_cross,IBORB|IBORFB|IBOR|GBPUSD|M15|london|2021-06-16|60|IB60|OR30,GBPUSD,M15,london,Europe/London,2021-06-16,2021-06-16T07:30:00Z,up,close,1.40879,1.40866,1.40890,0.00024,close,1,or_break_only_branch
IBORONLY|IBORB|IBORFB|IBOR|GBPUSD|M15|new_york|2021-06-16|60|IB60|OR30,IB_OR_BREAK_ONLY_CANDIDATE,RELATION_P0,or_break_only_not_ib_cross,IBORB|IBORFB|IBOR|GBPUSD|M15|new_york|2021-06-16|60|IB60|OR30,GBPUSD,M15,new_york,America/New_York,2021-06-16,2021-06-16T14:00:00Z,down,wick,1.41093,1.41094,1.41093,0.00001,low,1,or_break_only_branch
IBORONLY|IBORB|IBORFB|IBOR|GBPUSD|M15|london|2021-06-17|60|IB60|OR30,IB_OR_BREAK_ONLY_CANDIDATE,RELATION_P0,or_break_only_not_ib_cross,IBORB|IBORFB|IBOR|GBPUSD|M15|london|2021-06-17|60|IB60|OR30,GBPUSD,M15,london,Europe/London,2021-06-17,2021-06-17T07:45:00Z,up,close,1.39981,1.39959,1.39983,0.00024,close,1,or_break_only_branch
IBORONLY|IBORB|IBORFB|IBOR|GBPUSD|M15|new_york|2021-06-17|60|IB60|OR30,IB_OR_BREAK_ONLY_CANDIDATE,RELATION_P0,or_break_only_not_ib_cross,IBORB|IBORFB|IBOR|GBPUSD|M15|new_york|2021-06-17|60|IB60|OR30,GBPUSD,M15,new_york,America/New_York,2021-06-17,2021-06-17T14:00:00Z,up,wick,1.39522,1.39489,1.39573,0.00084,high,1,or_break_only_branch
IBORONLY|IBORB|IBORFB|IBOR|GBPUSD|M15|london|2021-06-18|60|IB60|OR30,IB_OR_BREAK_ONLY_CANDIDATE,RELATION_P0,or_break_only_not_ib_cross,IBORB|IBORFB|IBOR|GBPUSD|M15|london|2021-06-18|60|IB60|OR30,GBPUSD,M15,london,Europe/London,2021-06-18,2021-06-18T07:30:00Z,down,close,1.39172,1.39211,1.39093,0.00118,close,1,or_break_only_branch
IBORONLY|IBORB|IBORFB|IBOR|GBPUSD|M15|new_york|2021-06-18|60|IB60|OR30,IB_OR_BREAK_ONLY_CANDIDATE,RELATION_P0,or_break_only_not_ib_cross,IBORB|IBORFB|IBOR|GBPUSD|M15|new_york|2021-06-18|60|IB60|OR30,GBPUSD,M15,new_york,America/New_York,2021-06-18,2021-06-18T14:00:00Z,down,wick,1.38971,1.38987,1.38925,0.00062,low,1,or_break_only_branch
IBORONLY|IBORB|IBORFB|IBOR|GBPUSD|M15|london|2021-06-21|60|IB60|OR30,IB_OR_BREAK_ONLY_CANDIDATE,RELATION_P0,or_break_only_not_ib_cross,IBORB|IBORFB|IBOR|GBPUSD|M15|london|2021-06-21|60|IB60|OR30,GBPUSD,M15,london,Europe/London,2021-06-21,2021-06-21T07:30:00Z,down,wick,1.37892,1.37920,1.37892,0.00028,low,1,or_break_only_branch
IBORONLY|IBORB|IBORFB|IBOR|GBPUSD|M15|london|2021-06-22|60|IB60|OR30,IB_OR_BREAK_ONLY_CANDIDATE,RELATION_P0,or_break_only_not_ib_cross,IBORB|IBORFB|IBOR|GBPUSD|M15|london|2021-06-22|60|IB60|OR30,GBPUSD,M15,london,Europe/London,2021-06-22,2021-06-22T07:30:00Z,down,close,1.3911,1.39112,1.39087,0.00025,close,1,or_break_only_branch
IBORONLY|IBORB|IBORFB|IBOR|GBPUSD|M15|new_york|2021-06-22|60|IB60|OR30,IB_OR_BREAK_ONLY_CANDIDATE,RELATION_P0,or_break_only_not_ib_cross,IBORB|IBORFB|IBOR|GBPUSD|M15|new_york|2021-06-22|60|IB60|OR30,GBPUSD,M15,new_york,America/New_York,2021-06-22,2021-06-22T14:00:00Z,up,close,1.38924,1.38876,1.38932,0.00056,close,1,or_break_only_branch
IBORONLY|IBORB|IBORFB|IBOR|GBPUSD|M15|london|2021-06-23|60|IB60|OR30,IB_OR_BREAK_ONLY_CANDIDATE,RELATION_P0,or_break_only_not_ib_cross,IBORB|IBORFB|IBOR|GBPUSD|M15|london|2021-06-23|60|IB60|OR30,GBPUSD,M15,london,Europe/London,2021-06-23,2021-06-23T07:30:00Z,up,wick,1.39309,1.39307,1.39314,0.00007,high,1,or_break_only_branch
IBORONLY|IBORB|IBORFB|IBOR|GBPUSD|M15|new_york|2021-06-23|60|IB60|OR30,IB_OR_BREAK_ONLY_CANDIDATE,RELATION_P0,or_break_only_not_ib_cross,IBORB|IBORFB|IBOR|GBPUSD|M15|new_york|2021-06-23|60|IB60|OR30,GBPUSD,M15,new_york,America/New_York,2021-06-23,2021-06-23T14:00:00Z,down,close,1.39548,1.39575,1.39534,0.00041,close,1,or_break_only_branch
IBORONLY|IBORB|IBORFB|IBOR|GBPUSD|M15|london|2021-06-24|60|IB60|OR30,IB_OR_BREAK_ONLY_CANDIDATE,RELATION_P0,or_break_only_not_ib_cross,IBORB|IBORFB|IBOR|GBPUSD|M15|london|2021-06-24|60|IB60|OR30,GBPUSD,M15,london,Europe/London,2021-06-24,2021-06-24T07:30:00Z,up,close,1.396,1.39597,1.39615,0.00018,close,1,or_break_only_branch
IBORONLY|IBORB|IBORFB|IBOR|GBPUSD|M15|new_york|2021-06-24|60|IB60|OR30,IB_OR_BREAK_ONLY_CANDIDATE,RELATION_P0,or_break_only_not_ib_cross,IBORB|IBORFB|IBOR|GBPUSD|M15|new_york|2021-06-24|60|IB60|OR30,GBPUSD,M15,new_york,America/New_York,2021-06-24,2021-06-24T14:00:00Z,down,close,1.39244,1.39675,1.39049,0.00626,close,1,or_break_only_branch
IBORONLY|IBORB|IBORFB|IBOR|GBPUSD|M15|london|2021-06-25|60|IB60|OR30,IB_OR_BREAK_ONLY_CANDIDATE,RELATION_P0,or_break_only_not_ib_cross,IBORB|IBORFB|IBOR|GBPUSD|M15|london|2021-06-25|60|IB60|OR30,GBPUSD,M15,london,Europe/London,2021-06-25,2021-06-25T07:30:00Z,down,close,1.39229,1.39243,1.39200,0.00043,close,1,or_break_only_branch
IBORONLY|IBORB|IBORFB|IBOR|GBPUSD|M15|london|2021-06-28|60|IB60|OR30,IB_OR_BREAK_ONLY_CANDIDATE,RELATION_P0,or_break_only_not_ib_cross,IBORB|IBORFB|IBOR|GBPUSD|M15|london|2021-06-28|60|IB60|OR30,GBPUSD,M15,london,Europe/London,2021-06-28,2021-06-28T07:45:00Z,up,wick,1.38914,1.38904,1.38914,0.00010,high,1,or_break_only_branch
IBORONLY|IBORB|IBORFB|IBOR|GBPUSD|M15|new_york|2021-06-28|60|IB60|OR30,IB_OR_BREAK_ONLY_CANDIDATE,RELATION_P0,or_break_only_not_ib_cross,IBORB|IBORFB|IBOR|GBPUSD|M15|new_york|2021-06-28|60|IB60|OR30,GBPUSD,M15,new_york,America/New_York,2021-06-28,2021-06-28T14:15:00Z,down,close,1.38979,1.38999,1.38955,0.00044,close,1,or_break_only_branch
IBORONLY|IBORB|IBORFB|IBOR|GBPUSD|M15|london|2021-06-29|60|IB60|OR30,IB_OR_BREAK_ONLY_CANDIDATE,RELATION_P0,or_break_only_not_ib_cross,IBORB|IBORFB|IBOR|GBPUSD|M15|london|2021-06-29|60|IB60|OR30,GBPUSD,M15,london,Europe/London,2021-06-29,2021-06-29T07:30:00Z,up,close,1.38688,1.38667,1.38692,0.00025,close,1,or_break_only_branch
IBORONLY|IBORB|IBORFB|IBOR|GBPUSD|M15|new_york|2021-06-29|60|IB60|OR30,IB_OR_BREAK_ONLY_CANDIDATE,RELATION_P0,or_break_only_not_ib_cross,IBORB|IBORFB|IBOR|GBPUSD|M15|new_york|2021-06-29|60|IB60|OR30,GBPUSD,M15,new_york,America/New_York,2021-06-29,2021-06-29T14:00:00Z,down,close,1.38234,1.38373,1.38213,0.00160,close,1,or_break_only_branch
IBORONLY|IBORB|IBORFB|IBOR|GBPUSD|M15|london|2021-07-01|60|IB60|OR30,IB_OR_BREAK_ONLY_CANDIDATE,RELATION_P0,or_break_only_not_ib_cross,IBORB|IBORFB|IBOR|GBPUSD|M15|london|2021-07-01|60|IB60|OR30,GBPUSD,M15,london,Europe/London,2021-07-01,2021-07-01T07:30:00Z,down,wick,1.38169,1.38176,1.38168,0.00008,low,1,or_break_only_branch
IBORONLY|IBORB|IBORFB|IBOR|GBPUSD|M15|new_york|2021-07-01|60|IB60|OR30,IB_OR_BREAK_ONLY_CANDIDATE,RELATION_P0,or_break_only_not_ib_cross,IBORB|IBORFB|IBOR|GBPUSD|M15|new_york|2021-07-01|60|IB60|OR30,GBPUSD,M15,new_york,America/New_York,2021-07-01,2021-07-01T14:00:00Z,up,close,1.37962,1.37916,1.37997,0.00081,close,1,or_break_only_branch
IBORONLY|IBORB|IBORFB|IBOR|GBPUSD|M15|new_york|2021-07-02|60|IB60|OR30,IB_OR_BREAK_ONLY_CANDIDATE,RELATION_P0,or_break_only_not_ib_cross,IBORB|IBORFB|IBOR|GBPUSD|M15|new_york|2021-07-02|60|IB60|OR30,GBPUSD,M15,new_york,America/New_York,2021-07-02,2021-07-02T14:00:00Z,up,close,1.37518,1.37500,1.37561,0.00061,close,1,or_break_only_branch
IBORONLY|IBORB|IBORFB|IBOR|GBPUSD|M15|london|2021-07-05|60|IB60|OR30,IB_OR_BREAK_ONLY_CANDIDATE,RELATION_P0,or_break_only_not_ib_cross,IBORB|IBORFB|IBOR|GBPUSD|M15|london|2021-07-05|60|IB60|OR30,GBPUSD,M15,london,Europe/London,2021-07-05,2021-07-05T07:45:00Z,up,close,1.38236,1.38222,1.38245,0.00023,close,1,or_break_only_branch
IBORONLY|IBORB|IBORFB|IBOR|GBPUSD|M15|new_york|2021-07-06|60|IB60|OR30,IB_OR_BREAK_ONLY_CANDIDATE,RELATION_P0,or_break_only_not_ib_cross,IBORB|IBORFB|IBOR|GBPUSD|M15|new_york|2021-07-06|60|IB60|OR30,GBPUSD,M15,new_york,America/New_York,2021-07-06,2021-07-06T14:00:00Z,up,close,1.38511,1.38508,1.38572,0.00064,close,1,or_break_only_branch
IBORONLY|IBORB|IBORFB|IBOR|GBPUSD|M15|new_york|2021-07-07|60|IB60|OR30,IB_OR_BREAK_ONLY_CANDIDATE,RELATION_P0,or_break_only_not_ib_cross,IBORB|IBORFB|IBOR|GBPUSD|M15|new_york|2021-07-07|60|IB60|OR30,GBPUSD,M15,new_york,America/New_York,2021-07-07,2021-07-07T14:00:00Z,up,close,1.38271,1.38245,1.38286,0.00041,close,1,or_break_only_branch
IBORONLY|IBORB|IBORFB|IBOR|GBPUSD|M15|london|2021-07-08|60|IB60|OR30,IB_OR_BREAK_ONLY_CANDIDATE,RELATION_P0,or_break_only_not_ib_cross,IBORB|IBORFB|IBOR|GBPUSD|M15|london|2021-07-08|60|IB60|OR30,GBPUSD,M15,london,Europe/London,2021-07-08,2021-07-08T07:30:00Z,down,wick,1.37804,1.37809,1.37804,0.00005,low,1,or_break_only_branch
IBORONLY|IBORB|IBORFB|IBOR|GBPUSD|M15|new_york|2021-07-08|60|IB60|OR30,IB_OR_BREAK_ONLY_CANDIDATE,RELATION_P0,or_break_only_not_ib_cross,IBORB|IBORFB|IBOR|GBPUSD|M15|new_york|2021-07-08|60|IB60|OR30,GBPUSD,M15,new_york,America/New_York,2021-07-08,2021-07-08T14:00:00Z,up,wick,1.37766,1.37742,1.37780,0.00038,high,1,or_break_only_branch
IBORONLY|IBORB|IBORFB|IBOR|GBPUSD|M15|new_york|2021-07-09|60|IB60|OR30,IB_OR_BREAK_ONLY_CANDIDATE,RELATION_P0,or_break_only_not_ib_cross,IBORB|IBORFB|IBOR|GBPUSD|M15|new_york|2021-07-09|60|IB60|OR30,GBPUSD,M15,new_york,America/New_York,2021-07-09,2021-07-09T14:00:00Z,up,close,1.38144,1.38127,1.38238,0.00111,close,1,or_break_only_branch
IBORONLY|IBORB|IBORFB|IBOR|GBPUSD|M15|london|2021-07-12|60|IB60|OR30,IB_OR_BREAK_ONLY_CANDIDATE,RELATION_P0,or_break_only_not_ib_cross,IBORB|IBORFB|IBOR|GBPUSD|M15|london|2021-07-12|60|IB60|OR30,GBPUSD,M15,london,Europe/London,2021-07-12,2021-07-12T07:30:00Z,up,close,1.38869,1.38861,1.38910,0.00049,close,1,or_break_only_branch
IBORONLY|IBORB|IBORFB|IBOR|GBPUSD|M15|new_york|2021-07-12|60|IB60|OR30,IB_OR_BREAK_ONLY_CANDIDATE,RELATION_P0,or_break_only_not_ib_cross,IBORB|IBORFB|IBOR|GBPUSD|M15|new_york|2021-07-12|60|IB60|OR30,GBPUSD,M15,new_york,America/New_York,2021-07-12,2021-07-12T14:00:00Z,up,close,1.38554,1.38530,1.38620,0.00090,close,1,or_break_only_branch
IBORONLY|IBORB|IBORFB|IBOR|GBPUSD|M15|london|2021-07-13|60|IB60|OR30,IB_OR_BREAK_ONLY_CANDIDATE,RELATION_P0,or_break_only_not_ib_cross,IBORB|IBORFB|IBOR|GBPUSD|M15|london|2021-07-13|60|IB60|OR30,GBPUSD,M15,london,Europe/London,2021-07-13,2021-07-13T07:45:00Z,down,close,1.38923,1.38935,1.38915,0.00020,close,1,or_break_only_branch
IBORONLY|IBORB|IBORFB|IBOR|GBPUSD|M15|new_york|2021-07-13|60|IB60|OR30,IB_OR_BREAK_ONLY_CANDIDATE,RELATION_P0,or_break_only_not_ib_cross,IBORB|IBORFB|IBOR|GBPUSD|M15|new_york|2021-07-13|60|IB60|OR30,GBPUSD,M15,new_york,America/New_York,2021-07-13,2021-07-13T14:00:00Z,down,close,1.3847,1.38520,1.38380,0.00140,close,1,or_break_only_branch
IBORONLY|IBORB|IBORFB|IBOR|GBPUSD|M15|london|2021-07-14|60|IB60|OR30,IB_OR_BREAK_ONLY_CANDIDATE,RELATION_P0,or_break_only_not_ib_cross,IBORB|IBORFB|IBOR|GBPUSD|M15|london|2021-07-14|60|IB60|OR30,GBPUSD,M15,london,Europe/London,2021-07-14,2021-07-14T07:30:00Z,down,wick,1.38146,1.38149,1.38146,0.00003,low,1,or_break_only_branch
IBORONLY|IBORB|IBORFB|IBOR|GBPUSD|M15|london|2021-07-15|60|IB60|OR30,IB_OR_BREAK_ONLY_CANDIDATE,RELATION_P0,or_break_only_not_ib_cross,IBORB|IBORFB|IBOR|GBPUSD|M15|london|2021-07-15|60|IB60|OR30,GBPUSD,M15,london,Europe/London,2021-07-15,2021-07-15T07:30:00Z,up,close,1.38393,1.38378,1.38396,0.00018,close,1,or_break_only_branch
IBORONLY|IBORB|IBORFB|IBOR|GBPUSD|M15|new_york|2021-07-15|60|IB60|OR30,IB_OR_BREAK_ONLY_CANDIDATE,RELATION_P0,or_break_only_not_ib_cross,IBORB|IBORFB|IBOR|GBPUSD|M15|new_york|2021-07-15|60|IB60|OR30,GBPUSD,M15,new_york,America/New_York,2021-07-15,2021-07-15T14:00:00Z,down,close,1.38683,1.38688,1.38589,0.00099,close,1,or_break_only_branch
IBORONLY|IBORB|IBORFB|IBOR|GBPUSD|M15|london|2021-07-16|60|IB60|OR30,IB_OR_BREAK_ONLY_CANDIDATE,RELATION_P0,or_break_only_not_ib_cross,IBORB|IBORFB|IBOR|GBPUSD|M15|london|2021-07-16|60|IB60|OR30,GBPUSD,M15,london,Europe/London,2021-07-16,2021-07-16T07:30:00Z,down,close,1.38344,1.38358,1.38337,0.00021,close,1,or_break_only_branch
IBORONLY|IBORB|IBORFB|IBOR|GBPUSD|M15|new_york|2021-07-16|60|IB60|OR30,IB_OR_BREAK_ONLY_CANDIDATE,RELATION_P0,or_break_only_not_ib_cross,IBORB|IBORFB|IBOR|GBPUSD|M15|new_york|2021-07-16|60|IB60|OR30,GBPUSD,M15,new_york,America/New_York,2021-07-16,2021-07-16T14:00:00Z,down,wick,1.37994,1.38024,1.37994,0.00030,low,1,or_break_only_branch
IBORONLY|IBORB|IBORFB|IBOR|GBPUSD|M15|london|2021-07-19|60|IB60|OR30,IB_OR_BREAK_ONLY_CANDIDATE,RELATION_P0,or_break_only_not_ib_cross,IBORB|IBORFB|IBOR|GBPUSD|M15|london|2021-07-19|60|IB60|OR30,GBPUSD,M15,london,Europe/London,2021-07-19,2021-07-19T07:45:00Z,down,close,1.37548,1.37554,1.37524,0.00030,close,1,or_break_only_branch
IBORONLY|IBORB|IBORFB|IBOR|GBPUSD|M15|new_york|2021-07-19|60|IB60|OR30,IB_OR_BREAK_ONLY_CANDIDATE,RELATION_P0,or_break_only_not_ib_cross,IBORB|IBORFB|IBOR|GBPUSD|M15|new_york|2021-07-19|60|IB60|OR30,GBPUSD,M15,new_york,America/New_York,2021-07-19,2021-07-19T14:00:00Z,down,close,1.37018,1.37025,1.36997,0.00028,close,1,or_break_only_branch
IBORONLY|IBORB|IBORFB|IBOR|GBPUSD|M15|london|2021-07-20|60|IB60|OR30,IB_OR_BREAK_ONLY_CANDIDATE,RELATION_P0,or_break_only_not_ib_cross,IBORB|IBORFB|IBOR|GBPUSD|M15|london|2021-07-20|60|IB60|OR30,GBPUSD,M15,london,Europe/London,2021-07-20,2021-07-20T07:45:00Z,up,wick,1.36725,1.36711,1.36725,0.00014,high,1,or_break_only_branch
IBORONLY|IBORB|IBORFB|IBOR|GBPUSD|M15|new_york|2021-07-20|60|IB60|OR30,IB_OR_BREAK_ONLY_CANDIDATE,RELATION_P0,or_break_only_not_ib_cross,IBORB|IBORFB|IBOR|GBPUSD|M15|new_york|2021-07-20|60|IB60|OR30,GBPUSD,M15,new_york,America/New_York,2021-07-20,2021-07-20T14:00:00Z,down,close,1.36122,1.36164,1.36058,0.00106,close,1,or_break_only_branch
IBORONLY|IBORB|IBORFB|IBOR|GBPUSD|M15|london|2021-07-21|60|IB60|OR30,IB_OR_BREAK_ONLY_CANDIDATE,RELATION_P0,or_break_only_not_ib_cross,IBORB|IBORFB|IBOR|GBPUSD|M15|london|2021-07-21|60|IB60|OR30,GBPUSD,M15,london,Europe/London,2021-07-21,2021-07-21T07:30:00Z,down,wick,1.36125,1.36146,1.36125,0.00021,low,1,or_break_only_branch
IBORONLY|IBORB|IBORFB|IBOR|GBPUSD|M15|new_york|2021-07-21|60|IB60|OR30,IB_OR_BREAK_ONLY_CANDIDATE,RELATION_P0,or_break_only_not_ib_cross,IBORB|IBORFB|IBOR|GBPUSD|M15|new_york|2021-07-21|60|IB60|OR30,GBPUSD,M15,new_york,America/New_York,2021-07-21,2021-07-21T14:00:00Z,down,wick,1.35952,1.36013,1.35952,0.00061,low,1,or_break_only_branch
IBORONLY|IBORB|IBORFB|IBOR|GBPUSD|M15|london|2021-07-22|60|IB60|OR30,IB_OR_BREAK_ONLY_CANDIDATE,RELATION_P0,or_break_only_not_ib_cross,IBORB|IBORFB|IBOR|GBPUSD|M15|london|2021-07-22|60|IB60|OR30,GBPUSD,M15,london,Europe/London,2021-07-22,2021-07-22T07:30:00Z,up,close,1.37154,1.37153,1.37186,0.00033,close,1,or_break_only_branch
IBORONLY|IBORB|IBORFB|IBOR|GBPUSD|M15|new_york|2021-07-22|60|IB60|OR30,IB_OR_BREAK_ONLY_CANDIDATE,RELATION_P0,or_break_only_not_ib_cross,IBORB|IBORFB|IBOR|GBPUSD|M15|new_york|2021-07-22|60|IB60|OR30,GBPUSD,M15,new_york,America/New_York,2021-07-22,2021-07-22T14:15:00Z,down,wick,1.37498,1.37526,1.37498,0.00028,low,1,or_break_only_branch
IBORONLY|IBORB|IBORFB|IBOR|GBPUSD|M15|new_york|2021-07-23|60|IB60|OR30,IB_OR_BREAK_ONLY_CANDIDATE,RELATION_P0,or_break_only_not_ib_cross,IBORB|IBORFB|IBOR|GBPUSD|M15|new_york|2021-07-23|60|IB60|OR30,GBPUSD,M15,new_york,America/New_York,2021-07-23,2021-07-23T14:00:00Z,down,wick,1.37234,1.37281,1.37195,0.00086,low,1,or_break_only_branch
IBORONLY|IBORB|IBORFB|IBOR|GBPUSD|M15|london|2021-07-26|60|IB60|OR30,IB_OR_BREAK_ONLY_CANDIDATE,RELATION_P0,or_break_only_not_ib_cross,IBORB|IBORFB|IBOR|GBPUSD|M15|london|2021-07-26|60|IB60|OR30,GBPUSD,M15,london,Europe/London,2021-07-26,2021-07-26T07:30:00Z,up,close,1.37545,1.37486,1.37547,0.00061,close,1,or_break_only_branch
IBORONLY|IBORB|IBORFB|IBOR|GBPUSD|M15|new_york|2021-07-26|60|IB60|OR30,IB_OR_BREAK_ONLY_CANDIDATE,RELATION_P0,or_break_only_not_ib_cross,IBORB|IBORFB|IBOR|GBPUSD|M15|new_york|2021-07-26|60|IB60|OR30,GBPUSD,M15,new_york,America/New_York,2021-07-26,2021-07-26T14:00:00Z,down,wick,1.37776,1.37829,1.37776,0.00053,low,1,or_break_only_branch
IBORONLY|IBORB|IBORFB|IBOR|GBPUSD|M15|london|2021-07-27|60|IB60|OR30,IB_OR_BREAK_ONLY_CANDIDATE,RELATION_P0,or_break_only_not_ib_cross,IBORB|IBORFB|IBOR|GBPUSD|M15|london|2021-07-27|60|IB60|OR30,GBPUSD,M15,london,Europe/London,2021-07-27,2021-07-27T07:45:00Z,down,wick,1.38234,1.38238,1.38234,0.00004,low,1,or_break_only_branch
IBORONLY|IBORB|IBORFB|IBOR|GBPUSD|M15|london|2021-07-28|60|IB60|OR30,IB_OR_BREAK_ONLY_CANDIDATE,RELATION_P0,or_break_only_not_ib_cross,IBORB|IBORFB|IBOR|GBPUSD|M15|london|2021-07-28|60|IB60|OR30,GBPUSD,M15,london,Europe/London,2021-07-28,2021-07-28T07:45:00Z,down,close,1.38705,1.38719,1.38705,0.00014,close,1,or_break_only_branch
IBORONLY|IBORB|IBORFB|IBOR|GBPUSD|M15|new_york|2021-07-28|60|IB60|OR30,IB_OR_BREAK_ONLY_CANDIDATE,RELATION_P0,or_break_only_not_ib_cross,IBORB|IBORFB|IBOR|GBPUSD|M15|new_york|2021-07-28|60|IB60|OR30,GBPUSD,M15,new_york,America/New_York,2021-07-28,2021-07-28T14:00:00Z,up,wick,1.3884,1.38808,1.38840,0.00032,high,1,or_break_only_branch
IBORONLY|IBORB|IBORFB|IBOR|GBPUSD|M15|london|2021-07-29|60|IB60|OR30,IB_OR_BREAK_ONLY_CANDIDATE,RELATION_P0,or_break_only_not_ib_cross,IBORB|IBORFB|IBOR|GBPUSD|M15|london|2021-07-29|60|IB60|OR30,GBPUSD,M15,london,Europe/London,2021-07-29,2021-07-29T07:45:00Z,up,wick,1.3931,1.39285,1.39310,0.00025,high,1,or_break_only_branch
IBORONLY|IBORB|IBORFB|IBOR|GBPUSD|M15|new_york|2021-07-29|60|IB60|OR30,IB_OR_BREAK_ONLY_CANDIDATE,RELATION_P0,or_break_only_not_ib_cross,IBORB|IBORFB|IBOR|GBPUSD|M15|new_york|2021-07-29|60|IB60|OR30,GBPUSD,M15,new_york,America/New_York,2021-07-29,2021-07-29T14:00:00Z,up,wick,1.39612,1.39606,1.39635,0.00029,high,1,or_break_only_branch
IBORONLY|IBORB|IBORFB|IBOR|GBPUSD|M15|london|2021-07-30|60|IB60|OR30,IB_OR_BREAK_ONLY_CANDIDATE,RELATION_P0,or_break_only_not_ib_cross,IBORB|IBORFB|IBOR|GBPUSD|M15|london|2021-07-30|60|IB60|OR30,GBPUSD,M15,london,Europe/London,2021-07-30,2021-07-30T07:30:00Z,up,close,1.39481,1.39475,1.39503,0.00028,close,1,or_break_only_branch
IBORONLY|IBORB|IBORFB|IBOR|GBPUSD|M15|new_york|2021-07-30|60|IB60|OR30,IB_OR_BREAK_ONLY_CANDIDATE,RELATION_P0,or_break_only_not_ib_cross,IBORB|IBORFB|IBOR|GBPUSD|M15|new_york|2021-07-30|60|IB60|OR30,GBPUSD,M15,new_york,America/New_York,2021-07-30,2021-07-30T14:00:00Z,down,close,1.39626,1.39653,1.39598,0.00055,close,1,or_break_only_branch
IBORONLY|IBORB|IBORFB|IBOR|GBPUSD|M15|london|2021-08-02|60|IB60|OR30,IB_OR_BREAK_ONLY_CANDIDATE,RELATION_P0,or_break_only_not_ib_cross,IBORB|IBORFB|IBOR|GBPUSD|M15|london|2021-08-02|60|IB60|OR30,GBPUSD,M15,london,Europe/London,2021-08-02,2021-08-02T07:45:00Z,down,wick,1.38976,1.38979,1.38976,0.00003,low,1,or_break_only_branch
IBORONLY|IBORB|IBORFB|IBOR|GBPUSD|M15|london|2021-08-03|60|IB60|OR30,IB_OR_BREAK_ONLY_CANDIDATE,RELATION_P0,or_break_only_not_ib_cross,IBORB|IBORFB|IBOR|GBPUSD|M15|london|2021-08-03|60|IB60|OR30,GBPUSD,M15,london,Europe/London,2021-08-03,2021-08-03T07:30:00Z,up,wick,1.39038,1.38980,1.39038,0.00058,high,1,or_break_only_branch
IBORONLY|IBORB|IBORFB|IBOR|GBPUSD|M15|new_york|2021-08-03|60|IB60|OR30,IB_OR_BREAK_ONLY_CANDIDATE,RELATION_P0,or_break_only_not_ib_cross,IBORB|IBORFB|IBOR|GBPUSD|M15|new_york|2021-08-03|60|IB60|OR30,GBPUSD,M15,new_york,America/New_York,2021-08-03,2021-08-03T14:00:00Z,up,wick,1.39381,1.39347,1.39381,0.00034,high,1,or_break_only_branch
IBORONLY|IBORB|IBORFB|IBOR|GBPUSD|M15|new_york|2021-08-04|60|IB60|OR30,IB_OR_BREAK_ONLY_CANDIDATE,RELATION_P0,or_break_only_not_ib_cross,IBORB|IBORFB|IBOR|GBPUSD|M15|new_york|2021-08-04|60|IB60|OR30,GBPUSD,M15,new_york,America/New_York,2021-08-04,2021-08-04T14:00:00Z,down,wick,1.39178,1.39222,1.39178,0.00044,low,1,or_break_only_branch
IBORONLY|IBORB|IBORFB|IBOR|GBPUSD|M15|london|2021-08-06|60|IB60|OR30,IB_OR_BREAK_ONLY_CANDIDATE,RELATION_P0,or_break_only_not_ib_cross,IBORB|IBORFB|IBOR|GBPUSD|M15|london|2021-08-06|60|IB60|OR30,GBPUSD,M15,london,Europe/London,2021-08-06,2021-08-06T07:30:00Z,down,wick,1.39166,1.39173,1.39166,0.00007,low,1,or_break_only_branch
IBORONLY|IBORB|IBORFB|IBOR|GBPUSD|M15|new_york|2021-08-06|60|IB60|OR30,IB_OR_BREAK_ONLY_CANDIDATE,RELATION_P0,or_break_only_not_ib_cross,IBORB|IBORFB|IBOR|GBPUSD|M15|new_york|2021-08-06|60|IB60|OR30,GBPUSD,M15,new_york,America/New_York,2021-08-06,2021-08-06T14:00:00Z,down,wick,1.39043,1.39071,1.39043,0.00028,low,1,or_break_only_branch
IBORONLY|IBORB|IBORFB|IBOR|GBPUSD|M15|london|2021-08-09|60|IB60|OR30,IB_OR_BREAK_ONLY_CANDIDATE,RELATION_P0,or_break_only_not_ib_cross,IBORB|IBORFB|IBOR|GBPUSD|M15|london|2021-08-09|60|IB60|OR30,GBPUSD,M15,london,Europe/London,2021-08-09,2021-08-09T07:30:00Z,up,close,1.38691,1.38687,1.38699,0.00012,close,1,or_break_only_branch
IBORONLY|IBORB|IBORFB|IBOR|GBPUSD|M15|new_york|2021-08-09|60|IB60|OR30,IB_OR_BREAK_ONLY_CANDIDATE,RELATION_P0,or_break_only_not_ib_cross,IBORB|IBORFB|IBOR|GBPUSD|M15|new_york|2021-08-09|60|IB60|OR30,GBPUSD,M15,new_york,America/New_York,2021-08-09,2021-08-09T14:00:00Z,down,wick,1.38776,1.38784,1.38776,0.00008,low,1,or_break_only_branch
IBORONLY|IBORB|IBORFB|IBOR|GBPUSD|M15|london|2021-08-10|60|IB60|OR30,IB_OR_BREAK_ONLY_CANDIDATE,RELATION_P0,or_break_only_not_ib_cross,IBORB|IBORFB|IBOR|GBPUSD|M15|london|2021-08-10|60|IB60|OR30,GBPUSD,M15,london,Europe/London,2021-08-10,2021-08-10T07:30:00Z,down,close,1.38449,1.38459,1.38426,0.00033,close,1,or_break_only_branch
IBORONLY|IBORB|IBORFB|IBOR|GBPUSD|M15|new_york|2021-08-10|60|IB60|OR30,IB_OR_BREAK_ONLY_CANDIDATE,RELATION_P0,or_break_only_not_ib_cross,IBORB|IBORFB|IBOR|GBPUSD|M15|new_york|2021-08-10|60|IB60|OR30,GBPUSD,M15,new_york,America/New_York,2021-08-10,2021-08-10T14:00:00Z,up,close,1.38618,1.38616,1.38640,0.00024,close,1,or_break_only_branch
IBORONLY|IBORB|IBORFB|IBOR|GBPUSD|M15|london|2021-08-12|60|IB60|OR30,IB_OR_BREAK_ONLY_CANDIDATE,RELATION_P0,or_break_only_not_ib_cross,IBORB|IBORFB|IBOR|GBPUSD|M15|london|2021-08-12|60|IB60|OR30,GBPUSD,M15,london,Europe/London,2021-08-12,2021-08-12T07:30:00Z,down,close,1.38696,1.38722,1.38672,0.00050,close,1,or_break_only_branch
IBORONLY|IBORB|IBORFB|IBOR|GBPUSD|M15|new_york|2021-08-12|60|IB60|OR30,IB_OR_BREAK_ONLY_CANDIDATE,RELATION_P0,or_break_only_not_ib_cross,IBORB|IBORFB|IBOR|GBPUSD|M15|new_york|2021-08-12|60|IB60|OR30,GBPUSD,M15,new_york,America/New_York,2021-08-12,2021-08-12T14:00:00Z,down,wick,1.38452,1.38497,1.38452,0.00045,low,1,or_break_only_branch
IBORONLY|IBORB|IBORFB|IBOR|GBPUSD|M15|london|2021-08-13|60|IB60|OR30,IB_OR_BREAK_ONLY_CANDIDATE,RELATION_P0,or_break_only_not_ib_cross,IBORB|IBORFB|IBOR|GBPUSD|M15|london|2021-08-13|60|IB60|OR30,GBPUSD,M15,london,Europe/London,2021-08-13,2021-08-13T07:30:00Z,down,wick,1.38122,1.38130,1.38122,0.00008,low,1,or_break_only_branch
IBORONLY|IBORB|IBORFB|IBOR|GBPUSD|M15|new_york|2021-08-13|60|IB60|OR30,IB_OR_BREAK_ONLY_CANDIDATE,RELATION_P0,or_break_only_not_ib_cross,IBORB|IBORFB|IBOR|GBPUSD|M15|new_york|2021-08-13|60|IB60|OR30,GBPUSD,M15,new_york,America/New_York,2021-08-13,2021-08-13T14:00:00Z,up,close,1.38062,1.37994,1.38106,0.00112,close,1,or_break_only_branch
IBORONLY|IBORB|IBORFB|IBOR|GBPUSD|M15|london|2021-08-16|60|IB60|OR30,IB_OR_BREAK_ONLY_CANDIDATE,RELATION_P0,or_break_only_not_ib_cross,IBORB|IBORFB|IBOR|GBPUSD|M15|london|2021-08-16|60|IB60|OR30,GBPUSD,M15,london,Europe/London,2021-08-16,2021-08-16T07:30:00Z,up,wick,1.3856,1.38556,1.38570,0.00014,high,1,or_break_only_branch
IBORONLY|IBORB|IBORFB|IBOR|GBPUSD|M15|london|2021-08-17|60|IB60|OR30,IB_OR_BREAK_ONLY_CANDIDATE,RELATION_P0,or_break_only_not_ib_cross,IBORB|IBORFB|IBOR|GBPUSD|M15|london|2021-08-17|60|IB60|OR30,GBPUSD,M15,london,Europe/London,2021-08-17,2021-08-17T07:45:00Z,up,wick,1.38199,1.38185,1.38199,0.00014,high,1,or_break_only_branch
IBORONLY|IBORB|IBORFB|IBOR|GBPUSD|M15|london|2021-08-18|60|IB60|OR30,IB_OR_BREAK_ONLY_CANDIDATE,RELATION_P0,or_break_only_not_ib_cross,IBORB|IBORFB|IBOR|GBPUSD|M15|london|2021-08-18|60|IB60|OR30,GBPUSD,M15,london,Europe/London,2021-08-18,2021-08-18T07:30:00Z,down,close,1.37427,1.37485,1.37414,0.00071,close,1,or_break_only_branch
IBORONLY|IBORB|IBORFB|IBOR|GBPUSD|M15|new_york|2021-08-18|60|IB60|OR30,IB_OR_BREAK_ONLY_CANDIDATE,RELATION_P0,or_break_only_not_ib_cross,IBORB|IBORFB|IBOR|GBPUSD|M15|new_york|2021-08-18|60|IB60|OR30,GBPUSD,M15,new_york,America/New_York,2021-08-18,2021-08-18T14:00:00Z,down,wick,1.37483,1.37494,1.37472,0.00022,low,1,or_break_only_branch
IBORONLY|IBORB|IBORFB|IBOR|GBPUSD|M15|london|2021-08-19|60|IB60|OR30,IB_OR_BREAK_ONLY_CANDIDATE,RELATION_P0,or_break_only_not_ib_cross,IBORB|IBORFB|IBOR|GBPUSD|M15|london|2021-08-19|60|IB60|OR30,GBPUSD,M15,london,Europe/London,2021-08-19,2021-08-19T07:30:00Z,down,close,1.37192,1.37193,1.37167,0.00026,close,1,or_break_only_branch
IBORONLY|IBORB|IBORFB|IBOR|GBPUSD|M15|new_york|2021-08-19|60|IB60|OR30,IB_OR_BREAK_ONLY_CANDIDATE,RELATION_P0,or_break_only_not_ib_cross,IBORB|IBORFB|IBOR|GBPUSD|M15|new_york|2021-08-19|60|IB60|OR30,GBPUSD,M15,new_york,America/New_York,2021-08-19,2021-08-19T14:00:00Z,down,wick,1.36825,1.36858,1.36825,0.00033,low,1,or_break_only_branch
IBORONLY|IBORB|IBORFB|IBOR|GBPUSD|M15|new_york|2021-08-20|60|IB60|OR30,IB_OR_BREAK_ONLY_CANDIDATE,RELATION_P0,or_break_only_not_ib_cross,IBORB|IBORFB|IBOR|GBPUSD|M15|new_york|2021-08-20|60|IB60|OR30,GBPUSD,M15,new_york,America/New_York,2021-08-20,2021-08-20T14:15:00Z,down,wick,1.36102,1.36116,1.36102,0.00014,low,1,or_break_only_branch
IBORONLY|IBORB|IBORFB|IBOR|GBPUSD|M15|london|2021-08-23|60|IB60|OR30,IB_OR_BREAK_ONLY_CANDIDATE,RELATION_P0,or_break_only_not_ib_cross,IBORB|IBORFB|IBOR|GBPUSD|M15|london|2021-08-23|60|IB60|OR30,GBPUSD,M15,london,Europe/London,2021-08-23,2021-08-23T07:30:00Z,down,wick,1.36423,1.36444,1.36423,0.00021,low,1,or_break_only_branch
IBORONLY|IBORB|IBORFB|IBOR|GBPUSD|M15|new_york|2021-08-23|60|IB60|OR30,IB_OR_BREAK_ONLY_CANDIDATE,RELATION_P0,or_break_only_not_ib_cross,IBORB|IBORFB|IBOR|GBPUSD|M15|new_york|2021-08-23|60|IB60|OR30,GBPUSD,M15,new_york,America/New_York,2021-08-23,2021-08-23T14:15:00Z,up,wick,1.36791,1.36781,1.36791,0.00010,high,1,or_break_only_branch
IBORONLY|IBORB|IBORFB|IBOR|GBPUSD|M15|london|2021-08-24|60|IB60|OR30,IB_OR_BREAK_ONLY_CANDIDATE,RELATION_P0,or_break_only_not_ib_cross,IBORB|IBORFB|IBOR|GBPUSD|M15|london|2021-08-24|60|IB60|OR30,GBPUSD,M15,london,Europe/London,2021-08-24,2021-08-24T07:30:00Z,up,close,1.37233,1.37202,1.37252,0.00050,close,1,or_break_only_branch
IBORONLY|IBORB|IBORFB|IBOR|GBPUSD|M15|new_york|2021-08-24|60|IB60|OR30,IB_OR_BREAK_ONLY_CANDIDATE,RELATION_P0,or_break_only_not_ib_cross,IBORB|IBORFB|IBOR|GBPUSD|M15|new_york|2021-08-24|60|IB60|OR30,GBPUSD,M15,new_york,America/New_York,2021-08-24,2021-08-24T14:00:00Z,down,close,1.37161,1.37165,1.37119,0.00046,close,1,or_break_only_branch
IBORONLY|IBORB|IBORFB|IBOR|GBPUSD|M15|london|2021-08-26|60|IB60|OR30,IB_OR_BREAK_ONLY_CANDIDATE,RELATION_P0,or_break_only_not_ib_cross,IBORB|IBORFB|IBOR|GBPUSD|M15|london|2021-08-26|60|IB60|OR30,GBPUSD,M15,london,Europe/London,2021-08-26,2021-08-26T07:30:00Z,up,close,1.37584,1.37574,1.37585,0.00011,close,1,or_break_only_branch
IBORONLY|IBORB|IBORFB|IBOR|GBPUSD|M15|new_york|2021-08-26|60|IB60|OR30,IB_OR_BREAK_ONLY_CANDIDATE,RELATION_P0,or_break_only_not_ib_cross,IBORB|IBORFB|IBOR|GBPUSD|M15|new_york|2021-08-26|60|IB60|OR30,GBPUSD,M15,new_york,America/New_York,2021-08-26,2021-08-26T14:00:00Z,down,wick,1.37315,1.37369,1.37315,0.00054,low,1,or_break_only_branch
IBORONLY|IBORB|IBORFB|IBOR|GBPUSD|M15|london|2021-08-27|60|IB60|OR30,IB_OR_BREAK_ONLY_CANDIDATE,RELATION_P0,or_break_only_not_ib_cross,IBORB|IBORFB|IBOR|GBPUSD|M15|london|2021-08-27|60|IB60|OR30,GBPUSD,M15,london,Europe/London,2021-08-27,2021-08-27T07:45:00Z,up,close,1.37003,1.36988,1.37006,0.00018,close,1,or_break_only_branch
IBORONLY|IBORB|IBORFB|IBOR|GBPUSD|M15|new_york|2021-08-27|60|IB60|OR30,IB_OR_BREAK_ONLY_CANDIDATE,RELATION_P0,or_break_only_not_ib_cross,IBORB|IBORFB|IBOR|GBPUSD|M15|new_york|2021-08-27|60|IB60|OR30,GBPUSD,M15,new_york,America/New_York,2021-08-27,2021-08-27T14:15:00Z,up,close,1.37128,1.37106,1.37139,0.00033,close,1,or_break_only_branch
IBORONLY|IBORB|IBORFB|IBOR|GBPUSD|M15|london|2021-08-30|60|IB60|OR30,IB_OR_BREAK_ONLY_CANDIDATE,RELATION_P0,or_break_only_not_ib_cross,IBORB|IBORFB|IBOR|GBPUSD|M15|london|2021-08-30|60|IB60|OR30,GBPUSD,M15,london,Europe/London,2021-08-30,2021-08-30T07:30:00Z,up,wick,1.37703,1.37702,1.37704,0.00002,high,1,or_break_only_branch
IBORONLY|IBORB|IBORFB|IBOR|GBPUSD|M15|new_york|2021-08-30|60|IB60|OR30,IB_OR_BREAK_ONLY_CANDIDATE,RELATION_P0,or_break_only_not_ib_cross,IBORB|IBORFB|IBOR|GBPUSD|M15|new_york|2021-08-30|60|IB60|OR30,GBPUSD,M15,new_york,America/New_York,2021-08-30,2021-08-30T14:00:00Z,down,wick,1.37493,1.37501,1.37481,0.00020,low,1,or_break_only_branch
IBORONLY|IBORB|IBORFB|IBOR|GBPUSD|M15|new_york|2021-08-31|60|IB60|OR30,IB_OR_BREAK_ONLY_CANDIDATE,RELATION_P0,or_break_only_not_ib_cross,IBORB|IBORFB|IBOR|GBPUSD|M15|new_york|2021-08-31|60|IB60|OR30,GBPUSD,M15,new_york,America/New_York,2021-08-31,2021-08-31T14:15:00Z,up,close,1.37832,1.37790,1.37857,0.00067,close,1,or_break_only_branch
IBORONLY|IBORB|IBORFB|IBOR|GBPUSD|M15|london|2021-09-01|60|IB60|OR30,IB_OR_BREAK_ONLY_CANDIDATE,RELATION_P0,or_break_only_not_ib_cross,IBORB|IBORFB|IBOR|GBPUSD|M15|london|2021-09-01|60|IB60|OR30,GBPUSD,M15,london,Europe/London,2021-09-01,2021-09-01T07:30:00Z,up,wick,1.3738,1.37379,1.37380,0.00001,high,1,or_break_only_branch
IBORONLY|IBORB|IBORFB|IBOR|GBPUSD|M15|new_york|2021-09-01|60|IB60|OR30,IB_OR_BREAK_ONLY_CANDIDATE,RELATION_P0,or_break_only_not_ib_cross,IBORB|IBORFB|IBOR|GBPUSD|M15|new_york|2021-09-01|60|IB60|OR30,GBPUSD,M15,new_york,America/New_York,2021-09-01,2021-09-01T14:00:00Z,up,wick,1.37624,1.37613,1.37624,0.00011,high,1,or_break_only_branch
IBORONLY|IBORB|IBORFB|IBOR|GBPUSD|M15|london|2021-09-02|60|IB60|OR30,IB_OR_BREAK_ONLY_CANDIDATE,RELATION_P0,or_break_only_not_ib_cross,IBORB|IBORFB|IBOR|GBPUSD|M15|london|2021-09-02|60|IB60|OR30,GBPUSD,M15,london,Europe/London,2021-09-02,2021-09-02T07:30:00Z,down,wick,1.3771,1.37720,1.37702,0.00018,low,1,or_break_only_branch
IBORONLY|IBORB|IBORFB|IBOR|GBPUSD|M15|new_york|2021-09-02|60|IB60|OR30,IB_OR_BREAK_ONLY_CANDIDATE,RELATION_P0,or_break_only_not_ib_cross,IBORB|IBORFB|IBOR|GBPUSD|M15|new_york|2021-09-02|60|IB60|OR30,GBPUSD,M15,new_york,America/New_York,2021-09-02,2021-09-02T14:00:00Z,down,close,1.37868,1.37876,1.37857,0.00019,close,1,or_break_only_branch
IBORONLY|IBORB|IBORFB|IBOR|GBPUSD|M15|london|2021-09-03|60|IB60|OR30,IB_OR_BREAK_ONLY_CANDIDATE,RELATION_P0,or_break_only_not_ib_cross,IBORB|IBORFB|IBOR|GBPUSD|M15|london|2021-09-03|60|IB60|OR30,GBPUSD,M15,london,Europe/London,2021-09-03,2021-09-03T07:30:00Z,down,close,1.38326,1.38332,1.38312,0.00020,close,1,or_break_only_branch
IBORONLY|IBORB|IBORFB|IBOR|GBPUSD|M15|new_york|2021-09-03|60|IB60|OR30,IB_OR_BREAK_ONLY_CANDIDATE,RELATION_P0,or_break_only_not_ib_cross,IBORB|IBORFB|IBOR|GBPUSD|M15|new_york|2021-09-03|60|IB60|OR30,GBPUSD,M15,new_york,America/New_York,2021-09-03,2021-09-03T14:15:00Z,up,close,1.38314,1.38275,1.38347,0.00072,close,1,or_break_only_branch
IBORONLY|IBORB|IBORFB|IBOR|GBPUSD|M15|london|2021-09-06|60|IB60|OR30,IB_OR_BREAK_ONLY_CANDIDATE,RELATION_P0,or_break_only_not_ib_cross,IBORB|IBORFB|IBOR|GBPUSD|M15|london|2021-09-06|60|IB60|OR30,GBPUSD,M15,london,Europe/London,2021-09-06,2021-09-06T07:30:00Z,down,close,1.38444,1.38474,1.38426,0.00048,close,1,or_break_only_branch
IBORONLY|IBORB|IBORFB|IBOR|GBPUSD|M15|new_york|2021-09-07|60|IB60|OR30,IB_OR_BREAK_ONLY_CANDIDATE,RELATION_P0,or_break_only_not_ib_cross,IBORB|IBORFB|IBOR|GBPUSD|M15|new_york|2021-09-07|60|IB60|OR30,GBPUSD,M15,new_york,America/New_York,2021-09-07,2021-09-07T14:00:00Z,down,wick,1.37838,1.37859,1.37838,0.00021,low,1,or_break_only_branch
IBORONLY|IBORB|IBORFB|IBOR|GBPUSD|M15|london|2021-09-08|60|IB60|OR30,IB_OR_BREAK_ONLY_CANDIDATE,RELATION_P0,or_break_only_not_ib_cross,IBORB|IBORFB|IBOR|GBPUSD|M15|london|2021-09-08|60|IB60|OR30,GBPUSD,M15,london,Europe/London,2021-09-08,2021-09-08T07:45:00Z,down,wick,1.37783,1.37788,1.37783,0.00005,low,1,or_break_only_branch
IBORONLY|IBORB|IBORFB|IBOR|GBPUSD|M15|new_york|2021-09-08|60|IB60|OR30,IB_OR_BREAK_ONLY_CANDIDATE,RELATION_P0,or_break_only_not_ib_cross,IBORB|IBORFB|IBOR|GBPUSD|M15|new_york|2021-09-08|60|IB60|OR30,GBPUSD,M15,new_york,America/New_York,2021-09-08,2021-09-08T14:00:00Z,up,close,1.37717,1.37675,1.37777,0.00102,close,1,or_break_only_branch
IBORONLY|IBORB|IBORFB|IBOR|GBPUSD|M15|london|2021-09-09|60|IB60|OR30,IB_OR_BREAK_ONLY_CANDIDATE,RELATION_P0,or_break_only_not_ib_cross,IBORB|IBORFB|IBOR|GBPUSD|M15|london|2021-09-09|60|IB60|OR30,GBPUSD,M15,london,Europe/London,2021-09-09,2021-09-09T07:30:00Z,down,close,1.37547,1.37587,1.37529,0.00058,close,1,or_break_only_branch
IBORONLY|IBORB|IBORFB|IBOR|GBPUSD|M15|new_york|2021-09-09|60|IB60|OR30,IB_OR_BREAK_ONLY_CANDIDATE,RELATION_P0,or_break_only_not_ib_cross,IBORB|IBORFB|IBOR|GBPUSD|M15|new_york|2021-09-09|60|IB60|OR30,GBPUSD,M15,new_york,America/New_York,2021-09-09,2021-09-09T14:00:00Z,down,wick,1.38088,1.38094,1.38088,0.00006,low,1,or_break_only_branch
IBORONLY|IBORB|IBORFB|IBOR|GBPUSD|M15|london|2021-09-10|60|IB60|OR30,IB_OR_BREAK_ONLY_CANDIDATE,RELATION_P0,or_break_only_not_ib_cross,IBORB|IBORFB|IBOR|GBPUSD|M15|london|2021-09-10|60|IB60|OR30,GBPUSD,M15,london,Europe/London,2021-09-10,2021-09-10T07:30:00Z,down,close,1.38473,1.38477,1.38471,0.00006,close,1,or_break_only_branch
IBORONLY|IBORB|IBORFB|IBOR|GBPUSD|M15|new_york|2021-09-10|60|IB60|OR30,IB_OR_BREAK_ONLY_CANDIDATE,RELATION_P0,or_break_only_not_ib_cross,IBORB|IBORFB|IBOR|GBPUSD|M15|new_york|2021-09-10|60|IB60|OR30,GBPUSD,M15,new_york,America/New_York,2021-09-10,2021-09-10T14:00:00Z,up,wick,1.38747,1.38738,1.38819,0.00081,high,1,or_break_only_branch
IBORONLY|IBORB|IBORFB|IBOR|GBPUSD|M15|london|2021-09-13|60|IB60|OR30,IB_OR_BREAK_ONLY_CANDIDATE,RELATION_P0,or_break_only_not_ib_cross,IBORB|IBORFB|IBOR|GBPUSD|M15|london|2021-09-13|60|IB60|OR30,GBPUSD,M15,london,Europe/London,2021-09-13,2021-09-13T07:30:00Z,down,close,1.38299,1.38334,1.38211,0.00123,close,1,or_break_only_branch
IBORONLY|IBORB|IBORFB|IBOR|GBPUSD|M15|new_york|2021-09-13|60|IB60|OR30,IB_OR_BREAK_ONLY_CANDIDATE,RELATION_P0,or_break_only_not_ib_cross,IBORB|IBORFB|IBOR|GBPUSD|M15|new_york|2021-09-13|60|IB60|OR30,GBPUSD,M15,new_york,America/New_York,2021-09-13,2021-09-13T14:00:00Z,down,close,1.38189,1.38245,1.38160,0.00085,close,1,or_break_only_branch
IBORONLY|IBORB|IBORFB|IBOR|GBPUSD|M15|london|2021-09-14|60|IB60|OR30,IB_OR_BREAK_ONLY_CANDIDATE,RELATION_P0,or_break_only_not_ib_cross,IBORB|IBORFB|IBOR|GBPUSD|M15|london|2021-09-14|60|IB60|OR30,GBPUSD,M15,london,Europe/London,2021-09-14,2021-09-14T07:30:00Z,down,close,1.38419,1.38440,1.38382,0.00058,close,1,or_break_only_branch
IBORONLY|IBORB|IBORFB|IBOR|GBPUSD|M15|new_york|2021-09-14|60|IB60|OR30,IB_OR_BREAK_ONLY_CANDIDATE,RELATION_P0,or_break_only_not_ib_cross,IBORB|IBORFB|IBOR|GBPUSD|M15|new_york|2021-09-14|60|IB60|OR30,GBPUSD,M15,new_york,America/New_York,2021-09-14,2021-09-14T14:00:00Z,down,close,1.38647,1.38652,1.38567,0.00085,close,1,or_break_only_branch
IBORONLY|IBORB|IBORFB|IBOR|GBPUSD|M15|london|2021-09-15|60|IB60|OR30,IB_OR_BREAK_ONLY_CANDIDATE,RELATION_P0,or_break_only_not_ib_cross,IBORB|IBORFB|IBOR|GBPUSD|M15|london|2021-09-15|60|IB60|OR30,GBPUSD,M15,london,Europe/London,2021-09-15,2021-09-15T07:30:00Z,up,wick,1.38083,1.38082,1.38083,0.00001,high,1,or_break_only_branch
IBORONLY|IBORB|IBORFB|IBOR|GBPUSD|M15|new_york|2021-09-15|60|IB60|OR30,IB_OR_BREAK_ONLY_CANDIDATE,RELATION_P0,or_break_only_not_ib_cross,IBORB|IBORFB|IBOR|GBPUSD|M15|new_york|2021-09-15|60|IB60|OR30,GBPUSD,M15,new_york,America/New_York,2021-09-15,2021-09-15T14:00:00Z,down,close,1.38175,1.38238,1.38143,0.00095,close,1,or_break_only_branch
IBORONLY|IBORB|IBORFB|IBOR|GBPUSD|M15|london|2021-09-16|60|IB60|OR30,IB_OR_BREAK_ONLY_CANDIDATE,RELATION_P0,or_break_only_not_ib_cross,IBORB|IBORFB|IBOR|GBPUSD|M15|london|2021-09-16|60|IB60|OR30,GBPUSD,M15,london,Europe/London,2021-09-16,2021-09-16T07:30:00Z,down,wick,1.38314,1.38315,1.38314,0.00001,low,1,or_break_only_branch
IBORONLY|IBORB|IBORFB|IBOR|GBPUSD|M15|new_york|2021-09-16|60|IB60|OR30,IB_OR_BREAK_ONLY_CANDIDATE,RELATION_P0,or_break_only_not_ib_cross,IBORB|IBORFB|IBOR|GBPUSD|M15|new_york|2021-09-16|60|IB60|OR30,GBPUSD,M15,new_york,America/New_York,2021-09-16,2021-09-16T14:00:00Z,up,wick,1.38281,1.38258,1.38301,0.00043,high,1,or_break_only_branch
IBORONLY|IBORB|IBORFB|IBOR|GBPUSD|M15|london|2021-09-17|60|IB60|OR30,IB_OR_BREAK_ONLY_CANDIDATE,RELATION_P0,or_break_only_not_ib_cross,IBORB|IBORFB|IBOR|GBPUSD|M15|london|2021-09-17|60|IB60|OR30,GBPUSD,M15,london,Europe/London,2021-09-17,2021-09-17T07:30:00Z,up,close,1.38025,1.38022,1.38065,0.00043,close,1,or_break_only_branch
IBORONLY|IBORB|IBORFB|IBOR|GBPUSD|M15|london|2021-09-20|60|IB60|OR30,IB_OR_BREAK_ONLY_CANDIDATE,RELATION_P0,or_break_only_not_ib_cross,IBORB|IBORFB|IBOR|GBPUSD|M15|london|2021-09-20|60|IB60|OR30,GBPUSD,M15,london,Europe/London,2021-09-20,2021-09-20T07:30:00Z,down,close,1.3704,1.37054,1.37027,0.00027,close,1,or_break_only_branch
IBORONLY|IBORB|IBORFB|IBOR|GBPUSD|M15|new_york|2021-09-20|60|IB60|OR30,IB_OR_BREAK_ONLY_CANDIDATE,RELATION_P0,or_break_only_not_ib_cross,IBORB|IBORFB|IBOR|GBPUSD|M15|new_york|2021-09-20|60|IB60|OR30,GBPUSD,M15,new_york,America/New_York,2021-09-20,2021-09-20T14:00:00Z,down,close,1.3685,1.36895,1.36775,0.00120,close,1,or_break_only_branch
IBORONLY|IBORB|IBORFB|IBOR|GBPUSD|M15|london|2021-09-21|60|IB60|OR30,IB_OR_BREAK_ONLY_CANDIDATE,RELATION_P0,or_break_only_not_ib_cross,IBORB|IBORFB|IBOR|GBPUSD|M15|london|2021-09-21|60|IB60|OR30,GBPUSD,M15,london,Europe/London,2021-09-21,2021-09-21T07:30:00Z,down,wick,1.36682,1.36692,1.36682,0.00010,low,1,or_break_only_branch
IBORONLY|IBORB|IBORFB|IBOR|GBPUSD|M15|new_york|2021-09-21|60|IB60|OR30,IB_OR_BREAK_ONLY_CANDIDATE,RELATION_P0,or_break_only_not_ib_cross,IBORB|IBORFB|IBOR|GBPUSD|M15|new_york|2021-09-21|60|IB60|OR30,GBPUSD,M15,new_york,America/New_York,2021-09-21,2021-09-21T14:00:00Z,down,close,1.36759,1.36760,1.36737,0.00023,close,1,or_break_only_branch
IBORONLY|IBORB|IBORFB|IBOR|GBPUSD|M15|london|2021-09-22|60|IB60|OR30,IB_OR_BREAK_ONLY_CANDIDATE,RELATION_P0,or_break_only_not_ib_cross,IBORB|IBORFB|IBOR|GBPUSD|M15|london|2021-09-22|60|IB60|OR30,GBPUSD,M15,london,Europe/London,2021-09-22,2021-09-22T07:45:00Z,up,close,1.36514,1.36495,1.36533,0.00038,close,1,or_break_only_branch
IBORONLY|IBORB|IBORFB|IBOR|GBPUSD|M15|new_york|2021-09-22|60|IB60|OR30,IB_OR_BREAK_ONLY_CANDIDATE,RELATION_P0,or_break_only_not_ib_cross,IBORB|IBORFB|IBOR|GBPUSD|M15|new_york|2021-09-22|60|IB60|OR30,GBPUSD,M15,new_york,America/New_York,2021-09-22,2021-09-22T14:00:00Z,down,close,1.36348,1.36374,1.36336,0.00038,close,1,or_break_only_branch
IBORONLY|IBORB|IBORFB|IBOR|GBPUSD|M15|london|2021-09-23|60|IB60|OR30,IB_OR_BREAK_ONLY_CANDIDATE,RELATION_P0,or_break_only_not_ib_cross,IBORB|IBORFB|IBOR|GBPUSD|M15|london|2021-09-23|60|IB60|OR30,GBPUSD,M15,london,Europe/London,2021-09-23,2021-09-23T07:30:00Z,down,close,1.36363,1.36375,1.36363,0.00012,close,1,or_break_only_branch
IBORONLY|IBORB|IBORFB|IBOR|GBPUSD|M15|new_york|2021-09-23|60|IB60|OR30,IB_OR_BREAK_ONLY_CANDIDATE,RELATION_P0,or_break_only_not_ib_cross,IBORB|IBORFB|IBOR|GBPUSD|M15|new_york|2021-09-23|60|IB60|OR30,GBPUSD,M15,new_york,America/New_York,2021-09-23,2021-09-23T14:00:00Z,up,close,1.36982,1.36850,1.37078,0.00228,close,1,or_break_only_branch
IBORONLY|IBORB|IBORFB|IBOR|GBPUSD|M15|london|2021-09-24|60|IB60|OR30,IB_OR_BREAK_ONLY_CANDIDATE,RELATION_P0,or_break_only_not_ib_cross,IBORB|IBORFB|IBOR|GBPUSD|M15|london|2021-09-24|60|IB60|OR30,GBPUSD,M15,london,Europe/London,2021-09-24,2021-09-24T07:30:00Z,down,wick,1.37221,1.37223,1.37202,0.00021,low,1,or_break_only_branch
IBORONLY|IBORB|IBORFB|IBOR|GBPUSD|M15|new_york|2021-09-24|60|IB60|OR30,IB_OR_BREAK_ONLY_CANDIDATE,RELATION_P0,or_break_only_not_ib_cross,IBORB|IBORFB|IBOR|GBPUSD|M15|new_york|2021-09-24|60|IB60|OR30,GBPUSD,M15,new_york,America/New_York,2021-09-24,2021-09-24T14:00:00Z,down,close,1.36809,1.36936,1.36789,0.00147,close,1,or_break_only_branch
IBORONLY|IBORB|IBORFB|IBOR|GBPUSD|M15|new_york|2021-09-27|60|IB60|OR30,IB_OR_BREAK_ONLY_CANDIDATE,RELATION_P0,or_break_only_not_ib_cross,IBORB|IBORFB|IBOR|GBPUSD|M15|new_york|2021-09-27|60|IB60|OR30,GBPUSD,M15,new_york,America/New_York,2021-09-27,2021-09-27T14:00:00Z,up,close,1.37096,1.37058,1.37130,0.00072,close,1,or_break_only_branch
IBORONLY|IBORB|IBORFB|IBOR|GBPUSD|M15|london|2021-09-28|60|IB60|OR30,IB_OR_BREAK_ONLY_CANDIDATE,RELATION_P0,or_break_only_not_ib_cross,IBORB|IBORFB|IBOR|GBPUSD|M15|london|2021-09-28|60|IB60|OR30,GBPUSD,M15,london,Europe/London,2021-09-28,2021-09-28T07:30:00Z,up,close,1.37103,1.37070,1.37137,0.00067,close,1,or_break_only_branch
IBORONLY|IBORB|IBORFB|IBOR|GBPUSD|M15|new_york|2021-09-28|60|IB60|OR30,IB_OR_BREAK_ONLY_CANDIDATE,RELATION_P0,or_break_only_not_ib_cross,IBORB|IBORFB|IBOR|GBPUSD|M15|new_york|2021-09-28|60|IB60|OR30,GBPUSD,M15,new_york,America/New_York,2021-09-28,2021-09-28T14:00:00Z,down,wick,1.35932,1.35945,1.35932,0.00013,low,1,or_break_only_branch
IBORONLY|IBORB|IBORFB|IBOR|GBPUSD|M15|london|2021-09-29|60|IB60|OR30,IB_OR_BREAK_ONLY_CANDIDATE,RELATION_P0,or_break_only_not_ib_cross,IBORB|IBORFB|IBOR|GBPUSD|M15|london|2021-09-29|60|IB60|OR30,GBPUSD,M15,london,Europe/London,2021-09-29,2021-09-29T07:30:00Z,up,wick,1.35483,1.35473,1.35486,0.00013,high,1,or_break_only_branch
IBORONLY|IBORB|IBORFB|IBOR|GBPUSD|M15|new_york|2021-09-29|60|IB60|OR30,IB_OR_BREAK_ONLY_CANDIDATE,RELATION_P0,or_break_only_not_ib_cross,IBORB|IBORFB|IBOR|GBPUSD|M15|new_york|2021-09-29|60|IB60|OR30,GBPUSD,M15,new_york,America/New_York,2021-09-29,2021-09-29T14:00:00Z,down,close,1.34853,1.35027,1.34728,0.00299,close,1,or_break_only_branch
IBORONLY|IBORB|IBORFB|IBOR|GBPUSD|M15|london|2021-09-30|60|IB60|OR30,IB_OR_BREAK_ONLY_CANDIDATE,RELATION_P0,or_break_only_not_ib_cross,IBORB|IBORFB|IBOR|GBPUSD|M15|london|2021-09-30|60|IB60|OR30,GBPUSD,M15,london,Europe/London,2021-09-30,2021-09-30T07:30:00Z,down,close,1.34466,1.34502,1.34463,0.00039,close,1,or_break_only_branch
IBORONLY|IBORB|IBORFB|IBOR|GBPUSD|M15|london|2021-10-01|60|IB60|OR30,IB_OR_BREAK_ONLY_CANDIDATE,RELATION_P0,or_break_only_not_ib_cross,IBORB|IBORFB|IBOR|GBPUSD|M15|london|2021-10-01|60|IB60|OR30,GBPUSD,M15,london,Europe/London,2021-10-01,2021-10-01T07:30:00Z,down,wick,1.34503,1.34536,1.34503,0.00033,low,1,or_break_only_branch
IBORONLY|IBORB|IBORFB|IBOR|GBPUSD|M15|london|2021-10-04|60|IB60|OR30,IB_OR_BREAK_ONLY_CANDIDATE,RELATION_P0,or_break_only_not_ib_cross,IBORB|IBORFB|IBOR|GBPUSD|M15|london|2021-10-04|60|IB60|OR30,GBPUSD,M15,london,Europe/London,2021-10-04,2021-10-04T07:30:00Z,up,close,1.35429,1.35428,1.35480,0.00052,close,1,or_break_only_branch
IBORONLY|IBORB|IBORFB|IBOR|GBPUSD|M15|new_york|2021-10-04|60|IB60|OR30,IB_OR_BREAK_ONLY_CANDIDATE,RELATION_P0,or_break_only_not_ib_cross,IBORB|IBORFB|IBOR|GBPUSD|M15|new_york|2021-10-04|60|IB60|OR30,GBPUSD,M15,new_york,America/New_York,2021-10-04,2021-10-04T14:15:00Z,up,close,1.35968,1.35915,1.35980,0.00065,close,1,or_break_only_branch
IBORONLY|IBORB|IBORFB|IBOR|GBPUSD|M15|london|2021-10-05|60|IB60|OR30,IB_OR_BREAK_ONLY_CANDIDATE,RELATION_P0,or_break_only_not_ib_cross,IBORB|IBORFB|IBOR|GBPUSD|M15|london|2021-10-05|60|IB60|OR30,GBPUSD,M15,london,Europe/London,2021-10-05,2021-10-05T07:30:00Z,down,close,1.35876,1.35897,1.35857,0.00040,close,1,or_break_only_branch
IBORONLY|IBORB|IBORFB|IBOR|GBPUSD|M15|new_york|2021-10-05|60|IB60|OR30,IB_OR_BREAK_ONLY_CANDIDATE,RELATION_P0,or_break_only_not_ib_cross,IBORB|IBORFB|IBOR|GBPUSD|M15|new_york|2021-10-05|60|IB60|OR30,GBPUSD,M15,new_york,America/New_York,2021-10-05,2021-10-05T14:00:00Z,up,close,1.36312,1.36283,1.36420,0.00137,close,1,or_break_only_branch
IBORONLY|IBORB|IBORFB|IBOR|GBPUSD|M15|london|2021-10-06|60|IB60|OR30,IB_OR_BREAK_ONLY_CANDIDATE,RELATION_P0,or_break_only_not_ib_cross,IBORB|IBORFB|IBOR|GBPUSD|M15|london|2021-10-06|60|IB60|OR30,GBPUSD,M15,london,Europe/London,2021-10-06,2021-10-06T07:30:00Z,down,close,1.36003,1.36026,1.35987,0.00039,close,1,or_break_only_branch
IBORONLY|IBORB|IBORFB|IBOR|GBPUSD|M15|new_york|2021-10-06|60|IB60|OR30,IB_OR_BREAK_ONLY_CANDIDATE,RELATION_P0,or_break_only_not_ib_cross,IBORB|IBORFB|IBOR|GBPUSD|M15|new_york|2021-10-06|60|IB60|OR30,GBPUSD,M15,new_york,America/New_York,2021-10-06,2021-10-06T14:00:00Z,up,close,1.35733,1.35732,1.35778,0.00046,close,1,or_break_only_branch
IBORONLY|IBORB|IBORFB|IBOR|GBPUSD|M15|london|2021-10-07|60|IB60|OR30,IB_OR_BREAK_ONLY_CANDIDATE,RELATION_P0,or_break_only_not_ib_cross,IBORB|IBORFB|IBOR|GBPUSD|M15|london|2021-10-07|60|IB60|OR30,GBPUSD,M15,london,Europe/London,2021-10-07,2021-10-07T07:30:00Z,up,wick,1.35872,1.35866,1.35872,0.00006,high,1,or_break_only_branch
IBORONLY|IBORB|IBORFB|IBOR|GBPUSD|M15|new_york|2021-10-07|60|IB60|OR30,IB_OR_BREAK_ONLY_CANDIDATE,RELATION_P0,or_break_only_not_ib_cross,IBORB|IBORFB|IBOR|GBPUSD|M15|new_york|2021-10-07|60|IB60|OR30,GBPUSD,M15,new_york,America/New_York,2021-10-07,2021-10-07T14:00:00Z,up,close,1.36148,1.35944,1.36166,0.00222,close,1,or_break_only_branch
IBORONLY|IBORB|IBORFB|IBOR|GBPUSD|M15|london|2021-10-08|60|IB60|OR30,IB_OR_BREAK_ONLY_CANDIDATE,RELATION_P0,or_break_only_not_ib_cross,IBORB|IBORFB|IBOR|GBPUSD|M15|london|2021-10-08|60|IB60|OR30,GBPUSD,M15,london,Europe/London,2021-10-08,2021-10-08T07:30:00Z,down,wick,1.36068,1.36082,1.36013,0.00069,low,1,or_break_only_branch
IBORONLY|IBORB|IBORFB|IBOR|GBPUSD|M15|new_york|2021-10-08|60|IB60|OR30,IB_OR_BREAK_ONLY_CANDIDATE,RELATION_P0,or_break_only_not_ib_cross,IBORB|IBORFB|IBOR|GBPUSD|M15|new_york|2021-10-08|60|IB60|OR30,GBPUSD,M15,new_york,America/New_York,2021-10-08,2021-10-08T14:00:00Z,down,wick,1.36235,1.36256,1.36235,0.00021,low,1,or_break_only_branch
IBORONLY|IBORB|IBORFB|IBOR|GBPUSD|M15|london|2021-10-11|60|IB60|OR30,IB_OR_BREAK_ONLY_CANDIDATE,RELATION_P0,or_break_only_not_ib_cross,IBORB|IBORFB|IBOR|GBPUSD|M15|london|2021-10-11|60|IB60|OR30,GBPUSD,M15,london,Europe/London,2021-10-11,2021-10-11T07:30:00Z,up,wick,1.36363,1.36362,1.36404,0.00042,high,1,or_break_only_branch
IBORONLY|IBORB|IBORFB|IBOR|GBPUSD|M15|new_york|2021-10-11|60|IB60|OR30,IB_OR_BREAK_ONLY_CANDIDATE,RELATION_P0,or_break_only_not_ib_cross,IBORB|IBORFB|IBOR|GBPUSD|M15|new_york|2021-10-11|60|IB60|OR30,GBPUSD,M15,new_york,America/New_York,2021-10-11,2021-10-11T14:00:00Z,up,wick,1.36344,1.36324,1.36344,0.00020,high,1,or_break_only_branch
IBORONLY|IBORB|IBORFB|IBOR|GBPUSD|M15|london|2021-10-12|60|IB60|OR30,IB_OR_BREAK_ONLY_CANDIDATE,RELATION_P0,or_break_only_not_ib_cross,IBORB|IBORFB|IBOR|GBPUSD|M15|london|2021-10-12|60|IB60|OR30,GBPUSD,M15,london,Europe/London,2021-10-12,2021-10-12T07:30:00Z,down,wick,1.35945,1.35951,1.35945,0.00006,low,1,or_break_only_branch
IBORONLY|IBORB|IBORFB|IBOR|GBPUSD|M15|new_york|2021-10-12|60|IB60|OR30,IB_OR_BREAK_ONLY_CANDIDATE,RELATION_P0,or_break_only_not_ib_cross,IBORB|IBORFB|IBOR|GBPUSD|M15|new_york|2021-10-12|60|IB60|OR30,GBPUSD,M15,new_york,America/New_York,2021-10-12,2021-10-12T14:00:00Z,up,wick,1.362,1.36192,1.36202,0.00010,high,1,or_break_only_branch
IBORONLY|IBORB|IBORFB|IBOR|GBPUSD|M15|london|2021-10-13|60|IB60|OR30,IB_OR_BREAK_ONLY_CANDIDATE,RELATION_P0,or_break_only_not_ib_cross,IBORB|IBORFB|IBOR|GBPUSD|M15|london|2021-10-13|60|IB60|OR30,GBPUSD,M15,london,Europe/London,2021-10-13,2021-10-13T07:45:00Z,up,close,1.36175,1.36167,1.36175,0.00008,close,1,or_break_only_branch
IBORONLY|IBORB|IBORFB|IBOR|GBPUSD|M15|new_york|2021-10-13|60|IB60|OR30,IB_OR_BREAK_ONLY_CANDIDATE,RELATION_P0,or_break_only_not_ib_cross,IBORB|IBORFB|IBOR|GBPUSD|M15|new_york|2021-10-13|60|IB60|OR30,GBPUSD,M15,new_york,America/New_York,2021-10-13,2021-10-13T14:15:00Z,down,close,1.36163,1.36213,1.36163,0.00050,close,1,or_break_only_branch
IBORONLY|IBORB|IBORFB|IBOR|GBPUSD|M15|london|2021-10-14|60|IB60|OR30,IB_OR_BREAK_ONLY_CANDIDATE,RELATION_P0,or_break_only_not_ib_cross,IBORB|IBORFB|IBOR|GBPUSD|M15|london|2021-10-14|60|IB60|OR30,GBPUSD,M15,london,Europe/London,2021-10-14,2021-10-14T07:30:00Z,down,close,1.36631,1.36654,1.36630,0.00024,close,1,or_break_only_branch
IBORONLY|IBORB|IBORFB|IBOR|GBPUSD|M15|london|2021-10-15|60|IB60|OR30,IB_OR_BREAK_ONLY_CANDIDATE,RELATION_P0,or_break_only_not_ib_cross,IBORB|IBORFB|IBOR|GBPUSD|M15|london|2021-10-15|60|IB60|OR30,GBPUSD,M15,london,Europe/London,2021-10-15,2021-10-15T07:30:00Z,up,wick,1.36885,1.36875,1.36885,0.00010,high,1,or_break_only_branch
IBORONLY|IBORB|IBORFB|IBOR|GBPUSD|M15|new_york|2021-10-15|60|IB60|OR30,IB_OR_BREAK_ONLY_CANDIDATE,RELATION_P0,or_break_only_not_ib_cross,IBORB|IBORFB|IBOR|GBPUSD|M15|new_york|2021-10-15|60|IB60|OR30,GBPUSD,M15,new_york,America/New_York,2021-10-15,2021-10-15T14:00:00Z,up,close,1.37527,1.37449,1.37576,0.00127,close,1,or_break_only_branch
IBORONLY|IBORB|IBORFB|IBOR|GBPUSD|M15|london|2021-10-18|60|IB60|OR30,IB_OR_BREAK_ONLY_CANDIDATE,RELATION_P0,or_break_only_not_ib_cross,IBORB|IBORFB|IBOR|GBPUSD|M15|london|2021-10-18|60|IB60|OR30,GBPUSD,M15,london,Europe/London,2021-10-18,2021-10-18T07:30:00Z,up,wick,1.37339,1.37334,1.37339,0.00005,high,1,or_break_only_branch
IBORONLY|IBORB|IBORFB|IBOR|GBPUSD|M15|new_york|2021-10-18|60|IB60|OR30,IB_OR_BREAK_ONLY_CANDIDATE,RELATION_P0,or_break_only_not_ib_cross,IBORB|IBORFB|IBOR|GBPUSD|M15|new_york|2021-10-18|60|IB60|OR30,GBPUSD,M15,new_york,America/New_York,2021-10-18,2021-10-18T14:00:00Z,down,close,1.37246,1.37252,1.37223,0.00029,close,1,or_break_only_branch
IBORONLY|IBORB|IBORFB|IBOR|GBPUSD|M15|london|2021-10-19|60|IB60|OR30,IB_OR_BREAK_ONLY_CANDIDATE,RELATION_P0,or_break_only_not_ib_cross,IBORB|IBORFB|IBOR|GBPUSD|M15|london|2021-10-19|60|IB60|OR30,GBPUSD,M15,london,Europe/London,2021-10-19,2021-10-19T07:30:00Z,up,wick,1.37739,1.37737,1.37740,0.00003,high,1,or_break_only_branch
IBORONLY|IBORB|IBORFB|IBOR|GBPUSD|M15|new_york|2021-10-19|60|IB60|OR30,IB_OR_BREAK_ONLY_CANDIDATE,RELATION_P0,or_break_only_not_ib_cross,IBORB|IBORFB|IBOR|GBPUSD|M15|new_york|2021-10-19|60|IB60|OR30,GBPUSD,M15,new_york,America/New_York,2021-10-19,2021-10-19T14:00:00Z,down,wick,1.38176,1.38196,1.38176,0.00020,low,1,or_break_only_branch
IBORONLY|IBORB|IBORFB|IBOR|GBPUSD|M15|london|2021-10-20|60|IB60|OR30,IB_OR_BREAK_ONLY_CANDIDATE,RELATION_P0,or_break_only_not_ib_cross,IBORB|IBORFB|IBOR|GBPUSD|M15|london|2021-10-20|60|IB60|OR30,GBPUSD,M15,london,Europe/London,2021-10-20,2021-10-20T07:30:00Z,up,wick,1.38124,1.38105,1.38124,0.00019,high,1,or_break_only_branch
IBORONLY|IBORB|IBORFB|IBOR|GBPUSD|M15|london|2021-10-21|60|IB60|OR30,IB_OR_BREAK_ONLY_CANDIDATE,RELATION_P0,or_break_only_not_ib_cross,IBORB|IBORFB|IBOR|GBPUSD|M15|london|2021-10-21|60|IB60|OR30,GBPUSD,M15,london,Europe/London,2021-10-21,2021-10-21T07:30:00Z,down,wick,1.38144,1.38159,1.38128,0.00031,low,1,or_break_only_branch
IBORONLY|IBORB|IBORFB|IBOR|GBPUSD|M15|new_york|2021-10-21|60|IB60|OR30,IB_OR_BREAK_ONLY_CANDIDATE,RELATION_P0,or_break_only_not_ib_cross,IBORB|IBORFB|IBOR|GBPUSD|M15|new_york|2021-10-21|60|IB60|OR30,GBPUSD,M15,new_york,America/New_York,2021-10-21,2021-10-21T14:00:00Z,up,close,1.38099,1.38044,1.38147,0.00103,close,1,or_break_only_branch
IBORONLY|IBORB|IBORFB|IBOR|GBPUSD|M15|london|2021-10-22|60|IB60|OR30,IB_OR_BREAK_ONLY_CANDIDATE,RELATION_P0,or_break_only_not_ib_cross,IBORB|IBORFB|IBOR|GBPUSD|M15|london|2021-10-22|60|IB60|OR30,GBPUSD,M15,london,Europe/London,2021-10-22,2021-10-22T07:30:00Z,down,wick,1.37928,1.37942,1.37928,0.00014,low,1,or_break_only_branch
IBORONLY|IBORB|IBORFB|IBOR|GBPUSD|M15|london|2021-10-25|60|IB60|OR30,IB_OR_BREAK_ONLY_CANDIDATE,RELATION_P0,or_break_only_not_ib_cross,IBORB|IBORFB|IBOR|GBPUSD|M15|london|2021-10-25|60|IB60|OR30,GBPUSD,M15,london,Europe/London,2021-10-25,2021-10-25T07:30:00Z,down,wick,1.37796,1.37799,1.37796,0.00003,low,1,or_break_only_branch
IBORONLY|IBORB|IBORFB|IBOR|GBPUSD|M15|new_york|2021-10-25|60|IB60|OR30,IB_OR_BREAK_ONLY_CANDIDATE,RELATION_P0,or_break_only_not_ib_cross,IBORB|IBORFB|IBOR|GBPUSD|M15|new_york|2021-10-25|60|IB60|OR30,GBPUSD,M15,new_york,America/New_York,2021-10-25,2021-10-25T14:15:00Z,up,wick,1.37748,1.37733,1.37748,0.00015,high,1,or_break_only_branch
IBORONLY|IBORB|IBORFB|IBOR|GBPUSD|M15|london|2021-10-26|60|IB60|OR30,IB_OR_BREAK_ONLY_CANDIDATE,RELATION_P0,or_break_only_not_ib_cross,IBORB|IBORFB|IBOR|GBPUSD|M15|london|2021-10-26|60|IB60|OR30,GBPUSD,M15,london,Europe/London,2021-10-26,2021-10-26T07:30:00Z,down,wick,1.37573,1.37586,1.37573,0.00013,low,1,or_break_only_branch
IBORONLY|IBORB|IBORFB|IBOR|GBPUSD|M15|new_york|2021-10-26|60|IB60|OR30,IB_OR_BREAK_ONLY_CANDIDATE,RELATION_P0,or_break_only_not_ib_cross,IBORB|IBORFB|IBOR|GBPUSD|M15|new_york|2021-10-26|60|IB60|OR30,GBPUSD,M15,new_york,America/New_York,2021-10-26,2021-10-26T14:15:00Z,up,wick,1.38287,1.38283,1.38287,0.00004,high,1,or_break_only_branch
IBORONLY|IBORB|IBORFB|IBOR|GBPUSD|M15|london|2021-10-27|60|IB60|OR30,IB_OR_BREAK_ONLY_CANDIDATE,RELATION_P0,or_break_only_not_ib_cross,IBORB|IBORFB|IBOR|GBPUSD|M15|london|2021-10-27|60|IB60|OR30,GBPUSD,M15,london,Europe/London,2021-10-27,2021-10-27T07:30:00Z,up,close,1.37738,1.37729,1.37739,0.00010,close,1,or_break_only_branch
IBORONLY|IBORB|IBORFB|IBOR|GBPUSD|M15|new_york|2021-10-27|60|IB60|OR30,IB_OR_BREAK_ONLY_CANDIDATE,RELATION_P0,or_break_only_not_ib_cross,IBORB|IBORFB|IBOR|GBPUSD|M15|new_york|2021-10-27|60|IB60|OR30,GBPUSD,M15,new_york,America/New_York,2021-10-27,2021-10-27T14:00:00Z,down,wick,1.37097,1.37118,1.37097,0.00021,low,1,or_break_only_branch
IBORONLY|IBORB|IBORFB|IBOR|GBPUSD|M15|london|2021-10-28|60|IB60|OR30,IB_OR_BREAK_ONLY_CANDIDATE,RELATION_P0,or_break_only_not_ib_cross,IBORB|IBORFB|IBOR|GBPUSD|M15|london|2021-10-28|60|IB60|OR30,GBPUSD,M15,london,Europe/London,2021-10-28,2021-10-28T07:30:00Z,down,wick,1.37373,1.37403,1.37373,0.00030,low,1,or_break_only_branch
IBORONLY|IBORB|IBORFB|IBOR|GBPUSD|M15|new_york|2021-10-28|60|IB60|OR30,IB_OR_BREAK_ONLY_CANDIDATE,RELATION_P0,or_break_only_not_ib_cross,IBORB|IBORFB|IBOR|GBPUSD|M15|new_york|2021-10-28|60|IB60|OR30,GBPUSD,M15,new_york,America/New_York,2021-10-28,2021-10-28T14:00:00Z,up,wick,1.37633,1.37605,1.37633,0.00028,high,1,or_break_only_branch
IBORONLY|IBORB|IBORFB|IBOR|GBPUSD|M15|london|2021-10-29|60|IB60|OR30,IB_OR_BREAK_ONLY_CANDIDATE,RELATION_P0,or_break_only_not_ib_cross,IBORB|IBORFB|IBOR|GBPUSD|M15|london|2021-10-29|60|IB60|OR30,GBPUSD,M15,london,Europe/London,2021-10-29,2021-10-29T07:30:00Z,down,close,1.37917,1.37931,1.37869,0.00062,close,1,or_break_only_branch
IBORONLY|IBORB|IBORFB|IBOR|GBPUSD|M15|new_york|2021-10-29|60|IB60|OR30,IB_OR_BREAK_ONLY_CANDIDATE,RELATION_P0,or_break_only_not_ib_cross,IBORB|IBORFB|IBOR|GBPUSD|M15|new_york|2021-10-29|60|IB60|OR30,GBPUSD,M15,new_york,America/New_York,2021-10-29,2021-10-29T14:00:00Z,down,wick,1.37773,1.37824,1.37773,0.00051,low,1,or_break_only_branch
IBORONLY|IBORB|IBORFB|IBOR|GBPUSD|M15|london|2021-11-01|60|IB60|OR30,IB_OR_BREAK_ONLY_CANDIDATE,RELATION_P0,or_break_only_not_ib_cross,IBORB|IBORFB|IBOR|GBPUSD|M15|london|2021-11-01|60|IB60|OR30,GBPUSD,M15,london,Europe/London,2021-11-01,2021-11-01T08:30:00Z,up,close,1.3686,1.36851,1.36871,0.00020,close,1,or_break_only_branch
IBORONLY|IBORB|IBORFB|IBOR|GBPUSD|M15|london|2021-11-02|60|IB60|OR30,IB_OR_BREAK_ONLY_CANDIDATE,RELATION_P0,or_break_only_not_ib_cross,IBORB|IBORFB|IBOR|GBPUSD|M15|london|2021-11-02|60|IB60|OR30,GBPUSD,M15,london,Europe/London,2021-11-02,2021-11-02T08:45:00Z,down,wick,1.36497,1.36528,1.36497,0.00031,low,1,or_break_only_branch
IBORONLY|IBORB|IBORFB|IBOR|GBPUSD|M15|new_york|2021-11-02|60|IB60|OR30,IB_OR_BREAK_ONLY_CANDIDATE,RELATION_P0,or_break_only_not_ib_cross,IBORB|IBORFB|IBOR|GBPUSD|M15|new_york|2021-11-02|60|IB60|OR30,GBPUSD,M15,new_york,America/New_York,2021-11-02,2021-11-02T14:00:00Z,up,close,1.36383,1.36374,1.36407,0.00033,close,1,or_break_only_branch
IBORONLY|IBORB|IBORFB|IBOR|GBPUSD|M15|new_york|2021-11-03|60|IB60|OR30,IB_OR_BREAK_ONLY_CANDIDATE,RELATION_P0,or_break_only_not_ib_cross,IBORB|IBORFB|IBOR|GBPUSD|M15|new_york|2021-11-03|60|IB60|OR30,GBPUSD,M15,new_york,America/New_York,2021-11-03,2021-11-03T14:00:00Z,up,wick,1.36265,1.36258,1.36275,0.00017,high,1,or_break_only_branch
IBORONLY|IBORB|IBORFB|IBOR|GBPUSD|M15|london|2021-11-04|60|IB60|OR30,IB_OR_BREAK_ONLY_CANDIDATE,RELATION_P0,or_break_only_not_ib_cross,IBORB|IBORFB|IBOR|GBPUSD|M15|london|2021-11-04|60|IB60|OR30,GBPUSD,M15,london,Europe/London,2021-11-04,2021-11-04T08:30:00Z,down,close,1.36524,1.36533,1.36511,0.00022,close,1,or_break_only_branch
IBORONLY|IBORB|IBORFB|IBOR|GBPUSD|M15|new_york|2021-11-04|60|IB60|OR30,IB_OR_BREAK_ONLY_CANDIDATE,RELATION_P0,or_break_only_not_ib_cross,IBORB|IBORFB|IBOR|GBPUSD|M15|new_york|2021-11-04|60|IB60|OR30,GBPUSD,M15,new_york,America/New_York,2021-11-04,2021-11-04T14:00:00Z,up,close,1.36367,1.36329,1.36375,0.00046,close,1,or_break_only_branch
IBORONLY|IBORB|IBORFB|IBOR|GBPUSD|M15|london|2021-11-05|60|IB60|OR30,IB_OR_BREAK_ONLY_CANDIDATE,RELATION_P0,or_break_only_not_ib_cross,IBORB|IBORFB|IBOR|GBPUSD|M15|london|2021-11-05|60|IB60|OR30,GBPUSD,M15,london,Europe/London,2021-11-05,2021-11-05T08:45:00Z,down,close,1.34912,1.34913,1.34900,0.00013,close,1,or_break_only_branch
IBORONLY|IBORB|IBORFB|IBOR|GBPUSD|M15|new_york|2021-11-05|60|IB60|OR30,IB_OR_BREAK_ONLY_CANDIDATE,RELATION_P0,or_break_only_not_ib_cross,IBORB|IBORFB|IBOR|GBPUSD|M15|new_york|2021-11-05|60|IB60|OR30,GBPUSD,M15,new_york,America/New_York,2021-11-05,2021-11-05T14:00:00Z,up,wick,1.34477,1.34426,1.34477,0.00051,high,1,or_break_only_branch
IBORONLY|IBORB|IBORFB|IBOR|GBPUSD|M15|new_york|2021-11-08|60|IB60|OR30,IB_OR_BREAK_ONLY_CANDIDATE,RELATION_P0,or_break_only_not_ib_cross,IBORB|IBORFB|IBOR|GBPUSD|M15|new_york|2021-11-08|60|IB60|OR30,GBPUSD,M15,new_york,America/New_York,2021-11-08,2021-11-08T15:00:00Z,up,close,1.35453,1.35370,1.35497,0.00127,close,1,or_break_only_branch
IBORONLY|IBORB|IBORFB|IBOR|GBPUSD|M15|london|2021-11-09|60|IB60|OR30,IB_OR_BREAK_ONLY_CANDIDATE,RELATION_P0,or_break_only_not_ib_cross,IBORB|IBORFB|IBOR|GBPUSD|M15|london|2021-11-09|60|IB60|OR30,GBPUSD,M15,london,Europe/London,2021-11-09,2021-11-09T08:30:00Z,down,close,1.35675,1.35730,1.35634,0.00096,close,1,or_break_only_branch
IBORONLY|IBORB|IBORFB|IBOR|GBPUSD|M15|new_york|2021-11-09|60|IB60|OR30,IB_OR_BREAK_ONLY_CANDIDATE,RELATION_P0,or_break_only_not_ib_cross,IBORB|IBORFB|IBOR|GBPUSD|M15|new_york|2021-11-09|60|IB60|OR30,GBPUSD,M15,new_york,America/New_York,2021-11-09,2021-11-09T15:00:00Z,down,wick,1.35566,1.35573,1.35531,0.00042,low,1,or_break_only_branch
IBORONLY|IBORB|IBORFB|IBOR|GBPUSD|M15|london|2021-11-10|60|IB60|OR30,IB_OR_BREAK_ONLY_CANDIDATE,RELATION_P0,or_break_only_not_ib_cross,IBORB|IBORFB|IBOR|GBPUSD|M15|london|2021-11-10|60|IB60|OR30,GBPUSD,M15,london,Europe/London,2021-11-10,2021-11-10T08:30:00Z,up,close,1.35563,1.35544,1.35614,0.00070,close,1,or_break_only_branch
IBORONLY|IBORB|IBORFB|IBOR|GBPUSD|M15|new_york|2021-11-10|60|IB60|OR30,IB_OR_BREAK_ONLY_CANDIDATE,RELATION_P0,or_break_only_not_ib_cross,IBORB|IBORFB|IBOR|GBPUSD|M15|new_york|2021-11-10|60|IB60|OR30,GBPUSD,M15,new_york,America/New_York,2021-11-10,2021-11-10T15:00:00Z,up,close,1.35097,1.35084,1.35109,0.00025,close,1,or_break_only_branch
IBORONLY|IBORB|IBORFB|IBOR|GBPUSD|M15|london|2021-11-11|60|IB60|OR30,IB_OR_BREAK_ONLY_CANDIDATE,RELATION_P0,or_break_only_not_ib_cross,IBORB|IBORFB|IBOR|GBPUSD|M15|london|2021-11-11|60|IB60|OR30,GBPUSD,M15,london,Europe/London,2021-11-11,2021-11-11T08:30:00Z,up,close,1.34315,1.34257,1.34325,0.00068,close,1,or_break_only_branch
IBORONLY|IBORB|IBORFB|IBOR|GBPUSD|M15|new_york|2021-11-11|60|IB60|OR30,IB_OR_BREAK_ONLY_CANDIDATE,RELATION_P0,or_break_only_not_ib_cross,IBORB|IBORFB|IBOR|GBPUSD|M15|new_york|2021-11-11|60|IB60|OR30,GBPUSD,M15,new_york,America/New_York,2021-11-11,2021-11-11T15:00:00Z,down,close,1.33979,1.33984,1.33911,0.00073,close,1,or_break_only_branch
IBORONLY|IBORB|IBORFB|IBOR|GBPUSD|M15|london|2021-11-12|60|IB60|OR30,IB_OR_BREAK_ONLY_CANDIDATE,RELATION_P0,or_break_only_not_ib_cross,IBORB|IBORFB|IBOR|GBPUSD|M15|london|2021-11-12|60|IB60|OR30,GBPUSD,M15,london,Europe/London,2021-11-12,2021-11-12T08:45:00Z,up,close,1.33728,1.33717,1.33728,0.00011,close,1,or_break_only_branch
IBORONLY|IBORB|IBORFB|IBOR|GBPUSD|M15|new_york|2021-11-12|60|IB60|OR30,IB_OR_BREAK_ONLY_CANDIDATE,RELATION_P0,or_break_only_not_ib_cross,IBORB|IBORFB|IBOR|GBPUSD|M15|new_york|2021-11-12|60|IB60|OR30,GBPUSD,M15,new_york,America/New_York,2021-11-12,2021-11-12T15:00:00Z,down,close,1.33883,1.33917,1.33813,0.00104,close,1,or_break_only_branch
IBORONLY|IBORB|IBORFB|IBOR|GBPUSD|M15|new_york|2021-11-15|60|IB60|OR30,IB_OR_BREAK_ONLY_CANDIDATE,RELATION_P0,or_break_only_not_ib_cross,IBORB|IBORFB|IBOR|GBPUSD|M15|new_york|2021-11-15|60|IB60|OR30,GBPUSD,M15,new_york,America/New_York,2021-11-15,2021-11-15T15:00:00Z,up,wick,1.34396,1.34372,1.34407,0.00035,high,1,or_break_only_branch
IBORONLY|IBORB|IBORFB|IBOR|GBPUSD|M15|new_york|2021-11-16|60|IB60|OR30,IB_OR_BREAK_ONLY_CANDIDATE,RELATION_P0,or_break_only_not_ib_cross,IBORB|IBORFB|IBOR|GBPUSD|M15|new_york|2021-11-16|60|IB60|OR30,GBPUSD,M15,new_york,America/New_York,2021-11-16,2021-11-16T15:15:00Z,down,wick,1.344,1.34403,1.34400,0.00003,low,1,or_break_only_branch
IBORONLY|IBORB|IBORFB|IBOR|GBPUSD|M15|london|2021-11-17|60|IB60|OR30,IB_OR_BREAK_ONLY_CANDIDATE,RELATION_P0,or_break_only_not_ib_cross,IBORB|IBORFB|IBOR|GBPUSD|M15|london|2021-11-17|60|IB60|OR30,GBPUSD,M15,london,Europe/London,2021-11-17,2021-11-17T08:30:00Z,up,close,1.34385,1.34323,1.34475,0.00152,close,1,or_break_only_branch
IBORONLY|IBORB|IBORFB|IBOR|GBPUSD|M15|new_york|2021-11-17|60|IB60|OR30,IB_OR_BREAK_ONLY_CANDIDATE,RELATION_P0,or_break_only_not_ib_cross,IBORB|IBORFB|IBOR|GBPUSD|M15|new_york|2021-11-17|60|IB60|OR30,GBPUSD,M15,new_york,America/New_York,2021-11-17,2021-11-17T15:00:00Z,down,wick,1.34528,1.34532,1.34528,0.00004,low,1,or_break_only_branch
IBORONLY|IBORB|IBORFB|IBOR|GBPUSD|M15|london|2021-11-18|60|IB60|OR30,IB_OR_BREAK_ONLY_CANDIDATE,RELATION_P0,or_break_only_not_ib_cross,IBORB|IBORFB|IBOR|GBPUSD|M15|london|2021-11-18|60|IB60|OR30,GBPUSD,M15,london,Europe/London,2021-11-18,2021-11-18T08:30:00Z,up,wick,1.34931,1.34925,1.34951,0.00026,high,1,or_break_only_branch
IBORONLY|IBORB|IBORFB|IBOR|GBPUSD|M15|new_york|2021-11-18|60|IB60|OR30,IB_OR_BREAK_ONLY_CANDIDATE,RELATION_P0,or_break_only_not_ib_cross,IBORB|IBORFB|IBOR|GBPUSD|M15|new_york|2021-11-18|60|IB60|OR30,GBPUSD,M15,new_york,America/New_York,2021-11-18,2021-11-18T15:00:00Z,down,wick,1.34736,1.34750,1.34630,0.00120,low,1,or_break_only_branch
IBORONLY|IBORB|IBORFB|IBOR|GBPUSD|M15|london|2021-11-19|60|IB60|OR30,IB_OR_BREAK_ONLY_CANDIDATE,RELATION_P0,or_break_only_not_ib_cross,IBORB|IBORFB|IBOR|GBPUSD|M15|london|2021-11-19|60|IB60|OR30,GBPUSD,M15,london,Europe/London,2021-11-19,2021-11-19T08:30:00Z,up,close,1.34983,1.34919,1.35003,0.00084,close,1,or_break_only_branch
IBORONLY|IBORB|IBORFB|IBOR|GBPUSD|M15|london|2021-11-22|60|IB60|OR30,IB_OR_BREAK_ONLY_CANDIDATE,RELATION_P0,or_break_only_not_ib_cross,IBORB|IBORFB|IBOR|GBPUSD|M15|london|2021-11-22|60|IB60|OR30,GBPUSD,M15,london,Europe/London,2021-11-22,2021-11-22T08:30:00Z,down,wick,1.34369,1.34381,1.34368,0.00013,low,1,or_break_only_branch
IBORONLY|IBORB|IBORFB|IBOR|GBPUSD|M15|new_york|2021-11-22|60|IB60|OR30,IB_OR_BREAK_ONLY_CANDIDATE,RELATION_P0,or_break_only_not_ib_cross,IBORB|IBORFB|IBOR|GBPUSD|M15|new_york|2021-11-22|60|IB60|OR30,GBPUSD,M15,new_york,America/New_York,2021-11-22,2021-11-22T15:00:00Z,down,close,1.34386,1.34390,1.34333,0.00057,close,1,or_break_only_branch
IBORONLY|IBORB|IBORFB|IBOR|GBPUSD|M15|new_york|2021-11-23|60|IB60|OR30,IB_OR_BREAK_ONLY_CANDIDATE,RELATION_P0,or_break_only_not_ib_cross,IBORB|IBORFB|IBOR|GBPUSD|M15|new_york|2021-11-23|60|IB60|OR30,GBPUSD,M15,new_york,America/New_York,2021-11-23,2021-11-23T15:00:00Z,up,close,1.33725,1.33538,1.33734,0.00196,close,1,or_break_only_branch
IBORONLY|IBORB|IBORFB|IBOR|GBPUSD|M15|london|2021-11-24|60|IB60|OR30,IB_OR_BREAK_ONLY_CANDIDATE,RELATION_P0,or_break_only_not_ib_cross,IBORB|IBORFB|IBOR|GBPUSD|M15|london|2021-11-24|60|IB60|OR30,GBPUSD,M15,london,Europe/London,2021-11-24,2021-11-24T08:30:00Z,down,wick,1.33749,1.33770,1.33749,0.00021,low,1,or_break_only_branch
IBORONLY|IBORB|IBORFB|IBOR|GBPUSD|M15|new_york|2021-11-24|60|IB60|OR30,IB_OR_BREAK_ONLY_CANDIDATE,RELATION_P0,or_break_only_not_ib_cross,IBORB|IBORFB|IBOR|GBPUSD|M15|new_york|2021-11-24|60|IB60|OR30,GBPUSD,M15,new_york,America/New_York,2021-11-24,2021-11-24T15:00:00Z,down,wick,1.33435,1.33502,1.33435,0.00067,low,1,or_break_only_branch
IBORONLY|IBORB|IBORFB|IBOR|GBPUSD|M15|london|2021-11-25|60|IB60|OR30,IB_OR_BREAK_ONLY_CANDIDATE,RELATION_P0,or_break_only_not_ib_cross,IBORB|IBORFB|IBOR|GBPUSD|M15|london|2021-11-25|60|IB60|OR30,GBPUSD,M15,london,Europe/London,2021-11-25,2021-11-25T08:30:00Z,up,wick,1.33504,1.33501,1.33504,0.00003,high,1,or_break_only_branch
IBORONLY|IBORB|IBORFB|IBOR|GBPUSD|M15|london|2021-11-26|60|IB60|OR30,IB_OR_BREAK_ONLY_CANDIDATE,RELATION_P0,or_break_only_not_ib_cross,IBORB|IBORFB|IBOR|GBPUSD|M15|london|2021-11-26|60|IB60|OR30,GBPUSD,M15,london,Europe/London,2021-11-26,2021-11-26T08:30:00Z,down,wick,1.32959,1.32961,1.32959,0.00002,low,1,or_break_only_branch
IBORONLY|IBORB|IBORFB|IBOR|GBPUSD|M15|new_york|2021-11-26|60|IB60|OR30,IB_OR_BREAK_ONLY_CANDIDATE,RELATION_P0,or_break_only_not_ib_cross,IBORB|IBORFB|IBOR|GBPUSD|M15|new_york|2021-11-26|60|IB60|OR30,GBPUSD,M15,new_york,America/New_York,2021-11-26,2021-11-26T15:00:00Z,up,close,1.33428,1.33408,1.33487,0.00079,close,1,or_break_only_branch
IBORONLY|IBORB|IBORFB|IBOR|GBPUSD|M15|london|2021-11-29|60|IB60|OR30,IB_OR_BREAK_ONLY_CANDIDATE,RELATION_P0,or_break_only_not_ib_cross,IBORB|IBORFB|IBOR|GBPUSD|M15|london|2021-11-29|60|IB60|OR30,GBPUSD,M15,london,Europe/London,2021-11-29,2021-11-29T08:30:00Z,down,wick,1.33321,1.33332,1.33321,0.00011,low,1,or_break_only_branch
IBORONLY|IBORB|IBORFB|IBOR|GBPUSD|M15|new_york|2021-11-29|60|IB60|OR30,IB_OR_BREAK_ONLY_CANDIDATE,RELATION_P0,or_break_only_not_ib_cross,IBORB|IBORFB|IBOR|GBPUSD|M15|new_york|2021-11-29|60|IB60|OR30,GBPUSD,M15,new_york,America/New_York,2021-11-29,2021-11-29T15:00:00Z,down,close,1.33282,1.33325,1.33242,0.00083,close,1,or_break_only_branch
IBORONLY|IBORB|IBORFB|IBOR|GBPUSD|M15|london|2021-11-30|60|IB60|OR30,IB_OR_BREAK_ONLY_CANDIDATE,RELATION_P0,or_break_only_not_ib_cross,IBORB|IBORFB|IBOR|GBPUSD|M15|london|2021-11-30|60|IB60|OR30,GBPUSD,M15,london,Europe/London,2021-11-30,2021-11-30T08:30:00Z,up,close,1.3322,1.33180,1.33272,0.00092,close,1,or_break_only_branch
IBORONLY|IBORB|IBORFB|IBOR|GBPUSD|M15|new_york|2021-11-30|60|IB60|OR30,IB_OR_BREAK_ONLY_CANDIDATE,RELATION_P0,or_break_only_not_ib_cross,IBORB|IBORFB|IBOR|GBPUSD|M15|new_york|2021-11-30|60|IB60|OR30,GBPUSD,M15,new_york,America/New_York,2021-11-30,2021-11-30T15:00:00Z,up,wick,1.33439,1.33396,1.33450,0.00054,high,1,or_break_only_branch
IBORONLY|IBORB|IBORFB|IBOR|GBPUSD|M15|london|2021-12-01|60|IB60|OR30,IB_OR_BREAK_ONLY_CANDIDATE,RELATION_P0,or_break_only_not_ib_cross,IBORB|IBORFB|IBOR|GBPUSD|M15|london|2021-12-01|60|IB60|OR30,GBPUSD,M15,london,Europe/London,2021-12-01,2021-12-01T08:30:00Z,up,close,1.33281,1.33277,1.33307,0.00030,close,1,or_break_only_branch
IBORONLY|IBORB|IBORFB|IBOR|GBPUSD|M15|new_york|2021-12-01|60|IB60|OR30,IB_OR_BREAK_ONLY_CANDIDATE,RELATION_P0,or_break_only_not_ib_cross,IBORB|IBORFB|IBOR|GBPUSD|M15|new_york|2021-12-01|60|IB60|OR30,GBPUSD,M15,new_york,America/New_York,2021-12-01,2021-12-01T15:00:00Z,down,close,1.33095,1.33145,1.33078,0.00067,close,1,or_break_only_branch
IBORONLY|IBORB|IBORFB|IBOR|GBPUSD|M15|london|2021-12-02|60|IB60|OR30,IB_OR_BREAK_ONLY_CANDIDATE,RELATION_P0,or_break_only_not_ib_cross,IBORB|IBORFB|IBOR|GBPUSD|M15|london|2021-12-02|60|IB60|OR30,GBPUSD,M15,london,Europe/London,2021-12-02,2021-12-02T08:30:00Z,up,wick,1.32919,1.32894,1.32932,0.00038,high,1,or_break_only_branch
IBORONLY|IBORB|IBORFB|IBOR|GBPUSD|M15|new_york|2021-12-02|60|IB60|OR30,IB_OR_BREAK_ONLY_CANDIDATE,RELATION_P0,or_break_only_not_ib_cross,IBORB|IBORFB|IBOR|GBPUSD|M15|new_york|2021-12-02|60|IB60|OR30,GBPUSD,M15,new_york,America/New_York,2021-12-02,2021-12-02T15:00:00Z,up,wick,1.33327,1.33309,1.33327,0.00018,high,1,or_break_only_branch
IBORONLY|IBORB|IBORFB|IBOR|GBPUSD|M15|london|2021-12-03|60|IB60|OR30,IB_OR_BREAK_ONLY_CANDIDATE,RELATION_P0,or_break_only_not_ib_cross,IBORB|IBORFB|IBOR|GBPUSD|M15|london|2021-12-03|60|IB60|OR30,GBPUSD,M15,london,Europe/London,2021-12-03,2021-12-03T08:30:00Z,down,close,1.32895,1.32926,1.32793,0.00133,close,1,or_break_only_branch
IBORONLY|IBORB|IBORFB|IBOR|GBPUSD|M15|new_york|2021-12-03|60|IB60|OR30,IB_OR_BREAK_ONLY_CANDIDATE,RELATION_P0,or_break_only_not_ib_cross,IBORB|IBORFB|IBOR|GBPUSD|M15|new_york|2021-12-03|60|IB60|OR30,GBPUSD,M15,new_york,America/New_York,2021-12-03,2021-12-03T15:15:00Z,up,wick,1.32809,1.32790,1.32809,0.00019,high,1,or_break_only_branch
IBORONLY|IBORB|IBORFB|IBOR|GBPUSD|M15|london|2021-12-06|60|IB60|OR30,IB_OR_BREAK_ONLY_CANDIDATE,RELATION_P0,or_break_only_not_ib_cross,IBORB|IBORFB|IBOR|GBPUSD|M15|london|2021-12-06|60|IB60|OR30,GBPUSD,M15,london,Europe/London,2021-12-06,2021-12-06T08:30:00Z,down,close,1.32278,1.32283,1.32220,0.00063,close,1,or_break_only_branch
IBORONLY|IBORB|IBORFB|IBOR|GBPUSD|M15|new_york|2021-12-06|60|IB60|OR30,IB_OR_BREAK_ONLY_CANDIDATE,RELATION_P0,or_break_only_not_ib_cross,IBORB|IBORFB|IBOR|GBPUSD|M15|new_york|2021-12-06|60|IB60|OR30,GBPUSD,M15,new_york,America/New_York,2021-12-06,2021-12-06T15:00:00Z,down,close,1.32584,1.32678,1.32525,0.00153,close,1,or_break_only_branch
IBORONLY|IBORB|IBORFB|IBOR|GBPUSD|M15|london|2021-12-07|60|IB60|OR30,IB_OR_BREAK_ONLY_CANDIDATE,RELATION_P0,or_break_only_not_ib_cross,IBORB|IBORFB|IBOR|GBPUSD|M15|london|2021-12-07|60|IB60|OR30,GBPUSD,M15,london,Europe/London,2021-12-07,2021-12-07T08:30:00Z,down,close,1.32806,1.32832,1.32757,0.00075,close,1,or_break_only_branch
IBORONLY|IBORB|IBORFB|IBOR|GBPUSD|M15|new_york|2021-12-07|60|IB60|OR30,IB_OR_BREAK_ONLY_CANDIDATE,RELATION_P0,or_break_only_not_ib_cross,IBORB|IBORFB|IBOR|GBPUSD|M15|new_york|2021-12-07|60|IB60|OR30,GBPUSD,M15,new_york,America/New_York,2021-12-07,2021-12-07T15:00:00Z,up,wick,1.3258,1.32543,1.32580,0.00037,high,1,or_break_only_branch
IBORONLY|IBORB|IBORFB|IBOR|GBPUSD|M15|london|2021-12-08|60|IB60|OR30,IB_OR_BREAK_ONLY_CANDIDATE,RELATION_P0,or_break_only_not_ib_cross,IBORB|IBORFB|IBOR|GBPUSD|M15|london|2021-12-08|60|IB60|OR30,GBPUSD,M15,london,Europe/London,2021-12-08,2021-12-08T08:30:00Z,down,close,1.32476,1.32505,1.32454,0.00051,close,1,or_break_only_branch
IBORONLY|IBORB|IBORFB|IBOR|GBPUSD|M15|new_york|2021-12-08|60|IB60|OR30,IB_OR_BREAK_ONLY_CANDIDATE,RELATION_P0,or_break_only_not_ib_cross,IBORB|IBORFB|IBOR|GBPUSD|M15|new_york|2021-12-08|60|IB60|OR30,GBPUSD,M15,new_york,America/New_York,2021-12-08,2021-12-08T15:15:00Z,down,wick,1.31845,1.31849,1.31845,0.00004,low,1,or_break_only_branch
IBORONLY|IBORB|IBORFB|IBOR|GBPUSD|M15|london|2021-12-09|60|IB60|OR30,IB_OR_BREAK_ONLY_CANDIDATE,RELATION_P0,or_break_only_not_ib_cross,IBORB|IBORFB|IBOR|GBPUSD|M15|london|2021-12-09|60|IB60|OR30,GBPUSD,M15,london,Europe/London,2021-12-09,2021-12-09T08:30:00Z,up,wick,1.32156,1.32148,1.32156,0.00008,high,1,or_break_only_branch
IBORONLY|IBORB|IBORFB|IBOR|GBPUSD|M15|new_york|2021-12-09|60|IB60|OR30,IB_OR_BREAK_ONLY_CANDIDATE,RELATION_P0,or_break_only_not_ib_cross,IBORB|IBORFB|IBOR|GBPUSD|M15|new_york|2021-12-09|60|IB60|OR30,GBPUSD,M15,new_york,America/New_York,2021-12-09,2021-12-09T15:00:00Z,up,wick,1.31952,1.31912,1.32095,0.00183,high,1,or_break_only_branch
IBORONLY|IBORB|IBORFB|IBOR|GBPUSD|M15|new_york|2021-12-10|60|IB60|OR30,IB_OR_BREAK_ONLY_CANDIDATE,RELATION_P0,or_break_only_not_ib_cross,IBORB|IBORFB|IBOR|GBPUSD|M15|new_york|2021-12-10|60|IB60|OR30,GBPUSD,M15,new_york,America/New_York,2021-12-10,2021-12-10T15:00:00Z,up,wick,1.32109,1.32097,1.32114,0.00017,high,1,or_break_only_branch
IBORONLY|IBORB|IBORFB|IBOR|GBPUSD|M15|london|2021-12-13|60|IB60|OR30,IB_OR_BREAK_ONLY_CANDIDATE,RELATION_P0,or_break_only_not_ib_cross,IBORB|IBORFB|IBOR|GBPUSD|M15|london|2021-12-13|60|IB60|OR30,GBPUSD,M15,london,Europe/London,2021-12-13,2021-12-13T08:30:00Z,down,close,1.32348,1.32382,1.32239,0.00143,close,1,or_break_only_branch
IBORONLY|IBORB|IBORFB|IBOR|GBPUSD|M15|new_york|2021-12-13|60|IB60|OR30,IB_OR_BREAK_ONLY_CANDIDATE,RELATION_P0,or_break_only_not_ib_cross,IBORB|IBORFB|IBOR|GBPUSD|M15|new_york|2021-12-13|60|IB60|OR30,GBPUSD,M15,new_york,America/New_York,2021-12-13,2021-12-13T15:00:00Z,down,close,1.32421,1.32452,1.32374,0.00078,close,1,or_break_only_branch
IBORONLY|IBORB|IBORFB|IBOR|GBPUSD|M15|london|2021-12-14|60|IB60|OR30,IB_OR_BREAK_ONLY_CANDIDATE,RELATION_P0,or_break_only_not_ib_cross,IBORB|IBORFB|IBOR|GBPUSD|M15|london|2021-12-14|60|IB60|OR30,GBPUSD,M15,london,Europe/London,2021-12-14,2021-12-14T08:30:00Z,up,wick,1.32143,1.32131,1.32150,0.00019,high,1,or_break_only_branch
IBORONLY|IBORB|IBORFB|IBOR|GBPUSD|M15|new_york|2021-12-14|60|IB60|OR30,IB_OR_BREAK_ONLY_CANDIDATE,RELATION_P0,or_break_only_not_ib_cross,IBORB|IBORFB|IBOR|GBPUSD|M15|new_york|2021-12-14|60|IB60|OR30,GBPUSD,M15,new_york,America/New_York,2021-12-14,2021-12-14T15:15:00Z,down,wick,1.32435,1.32452,1.32435,0.00017,low,1,or_break_only_branch
IBORONLY|IBORB|IBORFB|IBOR|GBPUSD|M15|london|2021-12-15|60|IB60|OR30,IB_OR_BREAK_ONLY_CANDIDATE,RELATION_P0,or_break_only_not_ib_cross,IBORB|IBORFB|IBOR|GBPUSD|M15|london|2021-12-15|60|IB60|OR30,GBPUSD,M15,london,Europe/London,2021-12-15,2021-12-15T08:30:00Z,down,wick,1.3236,1.32366,1.32360,0.00006,low,1,or_break_only_branch
IBORONLY|IBORB|IBORFB|IBOR|GBPUSD|M15|new_york|2021-12-15|60|IB60|OR30,IB_OR_BREAK_ONLY_CANDIDATE,RELATION_P0,or_break_only_not_ib_cross,IBORB|IBORFB|IBOR|GBPUSD|M15|new_york|2021-12-15|60|IB60|OR30,GBPUSD,M15,new_york,America/New_York,2021-12-15,2021-12-15T15:00:00Z,down,wick,1.32496,1.32517,1.32458,0.00059,low,1,or_break_only_branch
IBORONLY|IBORB|IBORFB|IBOR|GBPUSD|M15|london|2021-12-16|60|IB60|OR30,IB_OR_BREAK_ONLY_CANDIDATE,RELATION_P0,or_break_only_not_ib_cross,IBORB|IBORFB|IBOR|GBPUSD|M15|london|2021-12-16|60|IB60|OR30,GBPUSD,M15,london,Europe/London,2021-12-16,2021-12-16T08:30:00Z,up,wick,1.32492,1.32486,1.32531,0.00045,high,1,or_break_only_branch
IBORONLY|IBORB|IBORFB|IBOR|GBPUSD|M15|new_york|2021-12-16|60|IB60|OR30,IB_OR_BREAK_ONLY_CANDIDATE,RELATION_P0,or_break_only_not_ib_cross,IBORB|IBORFB|IBOR|GBPUSD|M15|new_york|2021-12-16|60|IB60|OR30,GBPUSD,M15,new_york,America/New_York,2021-12-16,2021-12-16T15:15:00Z,up,wick,1.33739,1.33686,1.33739,0.00053,high,1,or_break_only_branch
IBORONLY|IBORB|IBORFB|IBOR|GBPUSD|M15|london|2021-12-17|60|IB60|OR30,IB_OR_BREAK_ONLY_CANDIDATE,RELATION_P0,or_break_only_not_ib_cross,IBORB|IBORFB|IBOR|GBPUSD|M15|london|2021-12-17|60|IB60|OR30,GBPUSD,M15,london,Europe/London,2021-12-17,2021-12-17T08:30:00Z,down,wick,1.33226,1.33263,1.33226,0.00037,low,1,or_break_only_branch
IBORONLY|IBORB|IBORFB|IBOR|GBPUSD|M15|new_york|2021-12-17|60|IB60|OR30,IB_OR_BREAK_ONLY_CANDIDATE,RELATION_P0,or_break_only_not_ib_cross,IBORB|IBORFB|IBOR|GBPUSD|M15|new_york|2021-12-17|60|IB60|OR30,GBPUSD,M15,new_york,America/New_York,2021-12-17,2021-12-17T15:00:00Z,up,wick,1.32978,1.32960,1.33012,0.00052,high,1,or_break_only_branch
IBORONLY|IBORB|IBORFB|IBOR|GBPUSD|M15|new_york|2021-12-20|60|IB60|OR30,IB_OR_BREAK_ONLY_CANDIDATE,RELATION_P0,or_break_only_not_ib_cross,IBORB|IBORFB|IBOR|GBPUSD|M15|new_york|2021-12-20|60|IB60|OR30,GBPUSD,M15,new_york,America/New_York,2021-12-20,2021-12-20T15:00:00Z,up,close,1.32291,1.32182,1.32383,0.00201,close,1,or_break_only_branch
IBORONLY|IBORB|IBORFB|IBOR|GBPUSD|M15|london|2021-12-21|60|IB60|OR30,IB_OR_BREAK_ONLY_CANDIDATE,RELATION_P0,or_break_only_not_ib_cross,IBORB|IBORFB|IBOR|GBPUSD|M15|london|2021-12-21|60|IB60|OR30,GBPUSD,M15,london,Europe/London,2021-12-21,2021-12-21T08:30:00Z,down,wick,1.32111,1.32128,1.32111,0.00017,low,1,or_break_only_branch
IBORONLY|IBORB|IBORFB|IBOR|GBPUSD|M15|london|2021-12-22|60|IB60|OR30,IB_OR_BREAK_ONLY_CANDIDATE,RELATION_P0,or_break_only_not_ib_cross,IBORB|IBORFB|IBOR|GBPUSD|M15|london|2021-12-22|60|IB60|OR30,GBPUSD,M15,london,Europe/London,2021-12-22,2021-12-22T08:30:00Z,up,wick,1.32556,1.32555,1.32556,0.00001,high,1,or_break_only_branch
IBORONLY|IBORB|IBORFB|IBOR|GBPUSD|M15|new_york|2021-12-22|60|IB60|OR30,IB_OR_BREAK_ONLY_CANDIDATE,RELATION_P0,or_break_only_not_ib_cross,IBORB|IBORFB|IBOR|GBPUSD|M15|new_york|2021-12-22|60|IB60|OR30,GBPUSD,M15,new_york,America/New_York,2021-12-22,2021-12-22T15:15:00Z,up,wick,1.33154,1.33149,1.33154,0.00005,high,1,or_break_only_branch
IBORONLY|IBORB|IBORFB|IBOR|GBPUSD|M15|london|2021-12-23|60|IB60|OR30,IB_OR_BREAK_ONLY_CANDIDATE,RELATION_P0,or_break_only_not_ib_cross,IBORB|IBORFB|IBOR|GBPUSD|M15|london|2021-12-23|60|IB60|OR30,GBPUSD,M15,london,Europe/London,2021-12-23,2021-12-23T08:30:00Z,up,wick,1.3354,1.33531,1.33540,0.00009,high,1,or_break_only_branch
IBORONLY|IBORB|IBORFB|IBOR|GBPUSD|M15|london|2021-12-24|60|IB60|OR30,IB_OR_BREAK_ONLY_CANDIDATE,RELATION_P0,or_break_only_not_ib_cross,IBORB|IBORFB|IBOR|GBPUSD|M15|london|2021-12-24|60|IB60|OR30,GBPUSD,M15,london,Europe/London,2021-12-24,2021-12-24T08:30:00Z,up,close,1.33942,1.33929,1.34044,0.00115,close,1,or_break_only_branch
IBORONLY|IBORB|IBORFB|IBOR|GBPUSD|M15|new_york|2021-12-24|60|IB60|OR30,IB_OR_BREAK_ONLY_CANDIDATE,RELATION_P0,or_break_only_not_ib_cross,IBORB|IBORFB|IBOR|GBPUSD|M15|new_york|2021-12-24|60|IB60|OR30,GBPUSD,M15,new_york,America/New_York,2021-12-24,2021-12-24T15:00:00Z,down,wick,1.33995,1.34107,1.33995,0.00112,low,1,or_break_only_branch
IBORONLY|IBORB|IBORFB|IBOR|GBPUSD|M15|new_york|2021-12-27|60|IB60|OR30,IB_OR_BREAK_ONLY_CANDIDATE,RELATION_P0,or_break_only_not_ib_cross,IBORB|IBORFB|IBOR|GBPUSD|M15|new_york|2021-12-27|60|IB60|OR30,GBPUSD,M15,new_york,America/New_York,2021-12-27,2021-12-27T15:00:00Z,up,wick,1.34139,1.34134,1.34174,0.00040,high,1,or_break_only_branch
IBORONLY|IBORB|IBORFB|IBOR|GBPUSD|M15|london|2021-12-28|60|IB60|OR30,IB_OR_BREAK_ONLY_CANDIDATE,RELATION_P0,or_break_only_not_ib_cross,IBORB|IBORFB|IBOR|GBPUSD|M15|london|2021-12-28|60|IB60|OR30,GBPUSD,M15,london,Europe/London,2021-12-28,2021-12-28T08:30:00Z,up,wick,1.34376,1.34367,1.34376,0.00009,high,1,or_break_only_branch
IBORONLY|IBORB|IBORFB|IBOR|GBPUSD|M15|new_york|2021-12-28|60|IB60|OR30,IB_OR_BREAK_ONLY_CANDIDATE,RELATION_P0,or_break_only_not_ib_cross,IBORB|IBORFB|IBOR|GBPUSD|M15|new_york|2021-12-28|60|IB60|OR30,GBPUSD,M15,new_york,America/New_York,2021-12-28,2021-12-28T15:15:00Z,up,close,1.34563,1.34529,1.34571,0.00042,close,1,or_break_only_branch
IBORONLY|IBORB|IBORFB|IBOR|GBPUSD|M15|london|2021-12-29|60|IB60|OR30,IB_OR_BREAK_ONLY_CANDIDATE,RELATION_P0,or_break_only_not_ib_cross,IBORB|IBORFB|IBOR|GBPUSD|M15|london|2021-12-29|60|IB60|OR30,GBPUSD,M15,london,Europe/London,2021-12-29,2021-12-29T08:30:00Z,down,close,1.34254,1.34266,1.34194,0.00072,close,1,or_break_only_branch
IBORONLY|IBORB|IBORFB|IBOR|GBPUSD|M15|new_york|2021-12-29|60|IB60|OR30,IB_OR_BREAK_ONLY_CANDIDATE,RELATION_P0,or_break_only_not_ib_cross,IBORB|IBORFB|IBOR|GBPUSD|M15|new_york|2021-12-29|60|IB60|OR30,GBPUSD,M15,new_york,America/New_York,2021-12-29,2021-12-29T15:00:00Z,up,close,1.34366,1.34331,1.34462,0.00131,close,1,or_break_only_branch
IBORONLY|IBORB|IBORFB|IBOR|GBPUSD|M15|london|2021-12-30|60|IB60|OR30,IB_OR_BREAK_ONLY_CANDIDATE,RELATION_P0,or_break_only_not_ib_cross,IBORB|IBORFB|IBOR|GBPUSD|M15|london|2021-12-30|60|IB60|OR30,GBPUSD,M15,london,Europe/London,2021-12-30,2021-12-30T08:30:00Z,down,close,1.34746,1.34750,1.34716,0.00034,close,1,or_break_only_branch
IBORONLY|IBORB|IBORFB|IBOR|GBPUSD|M15|new_york|2021-12-30|60|IB60|OR30,IB_OR_BREAK_ONLY_CANDIDATE,RELATION_P0,or_break_only_not_ib_cross,IBORB|IBORFB|IBOR|GBPUSD|M15|new_york|2021-12-30|60|IB60|OR30,GBPUSD,M15,new_york,America/New_York,2021-12-30,2021-12-30T15:00:00Z,up,wick,1.35163,1.35154,1.35163,0.00009,high,1,or_break_only_branch
IBORONLY|IBORB|IBORFB|IBOR|GBPUSD|M15|london|2021-12-31|60|IB60|OR30,IB_OR_BREAK_ONLY_CANDIDATE,RELATION_P0,or_break_only_not_ib_cross,IBORB|IBORFB|IBOR|GBPUSD|M15|london|2021-12-31|60|IB60|OR30,GBPUSD,M15,london,Europe/London,2021-12-31,2021-12-31T08:45:00Z,up,close,1.35038,1.34985,1.35043,0.00058,close,1,or_break_only_branch
IBORONLY|IBORB|IBORFB|IBOR|GBPUSD|M15|new_york|2021-12-31|60|IB60|OR30,IB_OR_BREAK_ONLY_CANDIDATE,RELATION_P0,or_break_only_not_ib_cross,IBORB|IBORFB|IBOR|GBPUSD|M15|new_york|2021-12-31|60|IB60|OR30,GBPUSD,M15,new_york,America/New_York,2021-12-31,2021-12-31T15:00:00Z,down,wick,1.34751,1.34773,1.34676,0.00097,low,1,or_break_only_branch
IBORONLY|IBORB|IBORFB|IBOR|GBPUSD|M15|london|2022-01-03|60|IB60|OR30,IB_OR_BREAK_ONLY_CANDIDATE,RELATION_P0,or_break_only_not_ib_cross,IBORB|IBORFB|IBOR|GBPUSD|M15|london|2022-01-03|60|IB60|OR30,GBPUSD,M15,london,Europe/London,2022-01-03,2022-01-03T08:30:00Z,up,close,1.35029,1.35028,1.35073,0.00045,close,1,or_break_only_branch
IBORONLY|IBORB|IBORFB|IBOR|GBPUSD|M15|new_york|2022-01-03|60|IB60|OR30,IB_OR_BREAK_ONLY_CANDIDATE,RELATION_P0,or_break_only_not_ib_cross,IBORB|IBORFB|IBOR|GBPUSD|M15|new_york|2022-01-03|60|IB60|OR30,GBPUSD,M15,new_york,America/New_York,2022-01-03,2022-01-03T15:00:00Z,down,close,1.34955,1.35003,1.34899,0.00104,close,1,or_break_only_branch
IBORONLY|IBORB|IBORFB|IBOR|GBPUSD|M15|new_york|2022-01-04|60|IB60|OR30,IB_OR_BREAK_ONLY_CANDIDATE,RELATION_P0,or_break_only_not_ib_cross,IBORB|IBORFB|IBOR|GBPUSD|M15|new_york|2022-01-04|60|IB60|OR30,GBPUSD,M15,new_york,America/New_York,2022-01-04,2022-01-04T15:00:00Z,up,wick,1.34892,1.34872,1.34983,0.00111,high,1,or_break_only_branch
IBORONLY|IBORB|IBORFB|IBOR|GBPUSD|M15|london|2022-01-05|60|IB60|OR30,IB_OR_BREAK_ONLY_CANDIDATE,RELATION_P0,or_break_only_not_ib_cross,IBORB|IBORFB|IBOR|GBPUSD|M15|london|2022-01-05|60|IB60|OR30,GBPUSD,M15,london,Europe/London,2022-01-05,2022-01-05T08:30:00Z,up,close,1.3533,1.35322,1.35344,0.00022,close,1,or_break_only_branch
IBORONLY|IBORB|IBORFB|IBOR|GBPUSD|M15|new_york|2022-01-05|60|IB60|OR30,IB_OR_BREAK_ONLY_CANDIDATE,RELATION_P0,or_break_only_not_ib_cross,IBORB|IBORFB|IBOR|GBPUSD|M15|new_york|2022-01-05|60|IB60|OR30,GBPUSD,M15,new_york,America/New_York,2022-01-05,2022-01-05T15:00:00Z,up,close,1.35458,1.35424,1.35476,0.00052,close,1,or_break_only_branch
IBORONLY|IBORB|IBORFB|IBOR|GBPUSD|M15|london|2022-01-06|60|IB60|OR30,IB_OR_BREAK_ONLY_CANDIDATE,RELATION_P0,or_break_only_not_ib_cross,IBORB|IBORFB|IBOR|GBPUSD|M15|london|2022-01-06|60|IB60|OR30,GBPUSD,M15,london,Europe/London,2022-01-06,2022-01-06T08:30:00Z,down,wick,1.35222,1.35247,1.35119,0.00128,low,1,or_break_only_branch
IBORONLY|IBORB|IBORFB|IBOR|GBPUSD|M15|new_york|2022-01-06|60|IB60|OR30,IB_OR_BREAK_ONLY_CANDIDATE,RELATION_P0,or_break_only_not_ib_cross,IBORB|IBORFB|IBOR|GBPUSD|M15|new_york|2022-01-06|60|IB60|OR30,GBPUSD,M15,new_york,America/New_York,2022-01-06,2022-01-06T15:00:00Z,down,close,1.35346,1.35363,1.35260,0.00103,close,1,or_break_only_branch
IBORONLY|IBORB|IBORFB|IBOR|GBPUSD|M15|london|2022-01-07|60|IB60|OR30,IB_OR_BREAK_ONLY_CANDIDATE,RELATION_P0,or_break_only_not_ib_cross,IBORB|IBORFB|IBOR|GBPUSD|M15|london|2022-01-07|60|IB60|OR30,GBPUSD,M15,london,Europe/London,2022-01-07,2022-01-07T08:30:00Z,down,wick,1.35377,1.35396,1.35377,0.00019,low,1,or_break_only_branch
IBORONLY|IBORB|IBORFB|IBOR|GBPUSD|M15|new_york|2022-01-07|60|IB60|OR30,IB_OR_BREAK_ONLY_CANDIDATE,RELATION_P0,or_break_only_not_ib_cross,IBORB|IBORFB|IBOR|GBPUSD|M15|new_york|2022-01-07|60|IB60|OR30,GBPUSD,M15,new_york,America/New_York,2022-01-07,2022-01-07T15:00:00Z,up,wick,1.35473,1.35468,1.35474,0.00006,high,1,or_break_only_branch
IBORONLY|IBORB|IBORFB|IBOR|GBPUSD|M15|london|2022-01-11|60|IB60|OR30,IB_OR_BREAK_ONLY_CANDIDATE,RELATION_P0,or_break_only_not_ib_cross,IBORB|IBORFB|IBOR|GBPUSD|M15|london|2022-01-11|60|IB60|OR30,GBPUSD,M15,london,Europe/London,2022-01-11,2022-01-11T08:30:00Z,down,close,1.35828,1.35895,1.35789,0.00106,close,1,or_break_only_branch
IBORONLY|IBORB|IBORFB|IBOR|GBPUSD|M15|new_york|2022-01-11|60|IB60|OR30,IB_OR_BREAK_ONLY_CANDIDATE,RELATION_P0,or_break_only_not_ib_cross,IBORB|IBORFB|IBOR|GBPUSD|M15|new_york|2022-01-11|60|IB60|OR30,GBPUSD,M15,new_york,America/New_York,2022-01-11,2022-01-11T15:15:00Z,down,wick,1.35722,1.35735,1.35722,0.00013,low,1,or_break_only_branch
IBORONLY|IBORB|IBORFB|IBOR|GBPUSD|M15|london|2022-01-12|60|IB60|OR30,IB_OR_BREAK_ONLY_CANDIDATE,RELATION_P0,or_break_only_not_ib_cross,IBORB|IBORFB|IBOR|GBPUSD|M15|london|2022-01-12|60|IB60|OR30,GBPUSD,M15,london,Europe/London,2022-01-12,2022-01-12T08:45:00Z,down,close,1.36328,1.36402,1.36320,0.00082,close,1,or_break_only_branch
IBORONLY|IBORB|IBORFB|IBOR|GBPUSD|M15|new_york|2022-01-12|60|IB60|OR30,IB_OR_BREAK_ONLY_CANDIDATE,RELATION_P0,or_break_only_not_ib_cross,IBORB|IBORFB|IBOR|GBPUSD|M15|new_york|2022-01-12|60|IB60|OR30,GBPUSD,M15,new_york,America/New_York,2022-01-12,2022-01-12T15:00:00Z,up,close,1.36425,1.36413,1.36486,0.00073,close,1,or_break_only_branch
IBORONLY|IBORB|IBORFB|IBOR|GBPUSD|M15|london|2022-01-13|60|IB60|OR30,IB_OR_BREAK_ONLY_CANDIDATE,RELATION_P0,or_break_only_not_ib_cross,IBORB|IBORFB|IBOR|GBPUSD|M15|london|2022-01-13|60|IB60|OR30,GBPUSD,M15,london,Europe/London,2022-01-13,2022-01-13T08:30:00Z,down,wick,1.37045,1.37047,1.37045,0.00002,low,1,or_break_only_branch
IBORONLY|IBORB|IBORFB|IBOR|GBPUSD|M15|london|2022-01-14|60|IB60|OR30,IB_OR_BREAK_ONLY_CANDIDATE,RELATION_P0,or_break_only_not_ib_cross,IBORB|IBORFB|IBOR|GBPUSD|M15|london|2022-01-14|60|IB60|OR30,GBPUSD,M15,london,Europe/London,2022-01-14,2022-01-14T08:45:00Z,down,close,1.37283,1.37307,1.37273,0.00034,close,1,or_break_only_branch
IBORONLY|IBORB|IBORFB|IBOR|GBPUSD|M15|new_york|2022-01-14|60|IB60|OR30,IB_OR_BREAK_ONLY_CANDIDATE,RELATION_P0,or_break_only_not_ib_cross,IBORB|IBORFB|IBOR|GBPUSD|M15|new_york|2022-01-14|60|IB60|OR30,GBPUSD,M15,new_york,America/New_York,2022-01-14,2022-01-14T15:00:00Z,down,wick,1.37038,1.37050,1.37038,0.00012,low,1,or_break_only_branch
IBORONLY|IBORB|IBORFB|IBOR|GBPUSD|M15|london|2022-01-17|60|IB60|OR30,IB_OR_BREAK_ONLY_CANDIDATE,RELATION_P0,or_break_only_not_ib_cross,IBORB|IBORFB|IBOR|GBPUSD|M15|london|2022-01-17|60|IB60|OR30,GBPUSD,M15,london,Europe/London,2022-01-17,2022-01-17T08:45:00Z,down,close,1.36711,1.36720,1.36690,0.00030,close,1,or_break_only_branch
IBORONLY|IBORB|IBORFB|IBOR|GBPUSD|M15|new_york|2022-01-17|60|IB60|OR30,IB_OR_BREAK_ONLY_CANDIDATE,RELATION_P0,or_break_only_not_ib_cross,IBORB|IBORFB|IBOR|GBPUSD|M15|new_york|2022-01-17|60|IB60|OR30,GBPUSD,M15,new_york,America/New_York,2022-01-17,2022-01-17T15:15:00Z,down,wick,1.36366,1.36398,1.36366,0.00032,low,1,or_break_only_branch
IBORONLY|IBORB|IBORFB|IBOR|GBPUSD|M15|london|2022-01-18|60|IB60|OR30,IB_OR_BREAK_ONLY_CANDIDATE,RELATION_P0,or_break_only_not_ib_cross,IBORB|IBORFB|IBOR|GBPUSD|M15|london|2022-01-18|60|IB60|OR30,GBPUSD,M15,london,Europe/London,2022-01-18,2022-01-18T08:30:00Z,up,wick,1.3641,1.36378,1.36430,0.00052,high,1,or_break_only_branch
IBORONLY|IBORB|IBORFB|IBOR|GBPUSD|M15|new_york|2022-01-18|60|IB60|OR30,IB_OR_BREAK_ONLY_CANDIDATE,RELATION_P0,or_break_only_not_ib_cross,IBORB|IBORFB|IBOR|GBPUSD|M15|new_york|2022-01-18|60|IB60|OR30,GBPUSD,M15,new_york,America/New_York,2022-01-18,2022-01-18T15:00:00Z,down,close,1.35841,1.35896,1.35795,0.00101,close,1,or_break_only_branch
IBORONLY|IBORB|IBORFB|IBOR|GBPUSD|M15|london|2022-01-19|60|IB60|OR30,IB_OR_BREAK_ONLY_CANDIDATE,RELATION_P0,or_break_only_not_ib_cross,IBORB|IBORFB|IBOR|GBPUSD|M15|london|2022-01-19|60|IB60|OR30,GBPUSD,M15,london,Europe/London,2022-01-19,2022-01-19T08:45:00Z,down,close,1.36023,1.36046,1.36007,0.00039,close,1,or_break_only_branch
IBORONLY|IBORB|IBORFB|IBOR|GBPUSD|M15|new_york|2022-01-19|60|IB60|OR30,IB_OR_BREAK_ONLY_CANDIDATE,RELATION_P0,or_break_only_not_ib_cross,IBORB|IBORFB|IBOR|GBPUSD|M15|new_york|2022-01-19|60|IB60|OR30,GBPUSD,M15,new_york,America/New_York,2022-01-19,2022-01-19T15:00:00Z,up,close,1.36409,1.36302,1.36432,0.00130,close,1,or_break_only_branch
IBORONLY|IBORB|IBORFB|IBOR|GBPUSD|M15|london|2022-01-20|60|IB60|OR30,IB_OR_BREAK_ONLY_CANDIDATE,RELATION_P0,or_break_only_not_ib_cross,IBORB|IBORFB|IBOR|GBPUSD|M15|london|2022-01-20|60|IB60|OR30,GBPUSD,M15,london,Europe/London,2022-01-20,2022-01-20T08:30:00Z,up,close,1.36285,1.36284,1.36298,0.00014,close,1,or_break_only_branch
IBORONLY|IBORB|IBORFB|IBOR|GBPUSD|M15|new_york|2022-01-20|60|IB60|OR30,IB_OR_BREAK_ONLY_CANDIDATE,RELATION_P0,or_break_only_not_ib_cross,IBORB|IBORFB|IBOR|GBPUSD|M15|new_york|2022-01-20|60|IB60|OR30,GBPUSD,M15,new_york,America/New_York,2022-01-20,2022-01-20T15:00:00Z,up,close,1.36155,1.36149,1.36196,0.00047,close,1,or_break_only_branch
IBORONLY|IBORB|IBORFB|IBOR|GBPUSD|M15|london|2022-01-24|60|IB60|OR30,IB_OR_BREAK_ONLY_CANDIDATE,RELATION_P0,or_break_only_not_ib_cross,IBORB|IBORFB|IBOR|GBPUSD|M15|london|2022-01-24|60|IB60|OR30,GBPUSD,M15,london,Europe/London,2022-01-24,2022-01-24T08:30:00Z,down,wick,1.35376,1.35386,1.35376,0.00010,low,1,or_break_only_branch
IBORONLY|IBORB|IBORFB|IBOR|GBPUSD|M15|london|2022-01-25|60|IB60|OR30,IB_OR_BREAK_ONLY_CANDIDATE,RELATION_P0,or_break_only_not_ib_cross,IBORB|IBORFB|IBOR|GBPUSD|M15|london|2022-01-25|60|IB60|OR30,GBPUSD,M15,london,Europe/London,2022-01-25,2022-01-25T08:30:00Z,up,wick,1.34789,1.34779,1.34864,0.00085,high,1,or_break_only_branch
IBORONLY|IBORB|IBORFB|IBOR|GBPUSD|M15|new_york|2022-01-25|60|IB60|OR30,IB_OR_BREAK_ONLY_CANDIDATE,RELATION_P0,or_break_only_not_ib_cross,IBORB|IBORFB|IBOR|GBPUSD|M15|new_york|2022-01-25|60|IB60|OR30,GBPUSD,M15,new_york,America/New_York,2022-01-25,2022-01-25T15:00:00Z,up,close,1.34597,1.34563,1.34701,0.00138,close,1,or_break_only_branch
IBORONLY|IBORB|IBORFB|IBOR|GBPUSD|M15|london|2022-01-26|60|IB60|OR30,IB_OR_BREAK_ONLY_CANDIDATE,RELATION_P0,or_break_only_not_ib_cross,IBORB|IBORFB|IBOR|GBPUSD|M15|london|2022-01-26|60|IB60|OR30,GBPUSD,M15,london,Europe/London,2022-01-26,2022-01-26T08:30:00Z,down,wick,1.35067,1.35068,1.35023,0.00045,low,1,or_break_only_branch
IBORONLY|IBORB|IBORFB|IBOR|GBPUSD|M15|new_york|2022-01-26|60|IB60|OR30,IB_OR_BREAK_ONLY_CANDIDATE,RELATION_P0,or_break_only_not_ib_cross,IBORB|IBORFB|IBOR|GBPUSD|M15|new_york|2022-01-26|60|IB60|OR30,GBPUSD,M15,new_york,America/New_York,2022-01-26,2022-01-26T15:00:00Z,up,wick,1.35198,1.35185,1.35198,0.00013,high,1,or_break_only_branch
IBORONLY|IBORB|IBORFB|IBOR|GBPUSD|M15|london|2022-01-27|60|IB60|OR30,IB_OR_BREAK_ONLY_CANDIDATE,RELATION_P0,or_break_only_not_ib_cross,IBORB|IBORFB|IBOR|GBPUSD|M15|london|2022-01-27|60|IB60|OR30,GBPUSD,M15,london,Europe/London,2022-01-27,2022-01-27T08:45:00Z,down,wick,1.34214,1.34245,1.34214,0.00031,low,1,or_break_only_branch
IBORONLY|IBORB|IBORFB|IBOR|GBPUSD|M15|new_york|2022-01-27|60|IB60|OR30,IB_OR_BREAK_ONLY_CANDIDATE,RELATION_P0,or_break_only_not_ib_cross,IBORB|IBORFB|IBOR|GBPUSD|M15|new_york|2022-01-27|60|IB60|OR30,GBPUSD,M15,new_york,America/New_York,2022-01-27,2022-01-27T15:00:00Z,down,close,1.33849,1.33893,1.33684,0.00209,close,1,or_break_only_branch
IBORONLY|IBORB|IBORFB|IBOR|GBPUSD|M15|london|2022-01-28|60|IB60|OR30,IB_OR_BREAK_ONLY_CANDIDATE,RELATION_P0,or_break_only_not_ib_cross,IBORB|IBORFB|IBOR|GBPUSD|M15|london|2022-01-28|60|IB60|OR30,GBPUSD,M15,london,Europe/London,2022-01-28,2022-01-28T08:45:00Z,down,close,1.34034,1.34082,1.34022,0.00060,close,1,or_break_only_branch
IBORONLY|IBORB|IBORFB|IBOR|GBPUSD|M15|new_york|2022-01-28|60|IB60|OR30,IB_OR_BREAK_ONLY_CANDIDATE,RELATION_P0,or_break_only_not_ib_cross,IBORB|IBORFB|IBOR|GBPUSD|M15|new_york|2022-01-28|60|IB60|OR30,GBPUSD,M15,new_york,America/New_York,2022-01-28,2022-01-28T15:00:00Z,up,close,1.33891,1.33846,1.33908,0.00062,close,1,or_break_only_branch
IBORONLY|IBORB|IBORFB|IBOR|GBPUSD|M15|london|2022-01-31|60|IB60|OR30,IB_OR_BREAK_ONLY_CANDIDATE,RELATION_P0,or_break_only_not_ib_cross,IBORB|IBORFB|IBOR|GBPUSD|M15|london|2022-01-31|60|IB60|OR30,GBPUSD,M15,london,Europe/London,2022-01-31,2022-01-31T08:30:00Z,up,close,1.34241,1.34234,1.34259,0.00025,close,1,or_break_only_branch
IBORONLY|IBORB|IBORFB|IBOR|GBPUSD|M15|new_york|2022-01-31|60|IB60|OR30,IB_OR_BREAK_ONLY_CANDIDATE,RELATION_P0,or_break_only_not_ib_cross,IBORB|IBORFB|IBOR|GBPUSD|M15|new_york|2022-01-31|60|IB60|OR30,GBPUSD,M15,new_york,America/New_York,2022-01-31,2022-01-31T15:00:00Z,up,wick,1.34237,1.34209,1.34237,0.00028,high,1,or_break_only_branch
IBORONLY|IBORB|IBORFB|IBOR|GBPUSD|M15|london|2022-02-01|60|IB60|OR30,IB_OR_BREAK_ONLY_CANDIDATE,RELATION_P0,or_break_only_not_ib_cross,IBORB|IBORFB|IBOR|GBPUSD|M15|london|2022-02-01|60|IB60|OR30,GBPUSD,M15,london,Europe/London,2022-02-01,2022-02-01T08:30:00Z,down,close,1.34464,1.34474,1.34419,0.00055,close,1,or_break_only_branch
IBORONLY|IBORB|IBORFB|IBOR|GBPUSD|M15|new_york|2022-02-01|60|IB60|OR30,IB_OR_BREAK_ONLY_CANDIDATE,RELATION_P0,or_break_only_not_ib_cross,IBORB|IBORFB|IBOR|GBPUSD|M15|new_york|2022-02-01|60|IB60|OR30,GBPUSD,M15,new_york,America/New_York,2022-02-01,2022-02-01T15:00:00Z,down,wick,1.34756,1.34757,1.34756,0.00001,low,1,or_break_only_branch
IBORONLY|IBORB|IBORFB|IBOR|GBPUSD|M15|london|2022-02-02|60|IB60|OR30,IB_OR_BREAK_ONLY_CANDIDATE,RELATION_P0,or_break_only_not_ib_cross,IBORB|IBORFB|IBOR|GBPUSD|M15|london|2022-02-02|60|IB60|OR30,GBPUSD,M15,london,Europe/London,2022-02-02,2022-02-02T08:45:00Z,up,wick,1.35245,1.35236,1.35245,0.00009,high,1,or_break_only_branch
IBORONLY|IBORB|IBORFB|IBOR|GBPUSD|M15|new_york|2022-02-02|60|IB60|OR30,IB_OR_BREAK_ONLY_CANDIDATE,RELATION_P0,or_break_only_not_ib_cross,IBORB|IBORFB|IBOR|GBPUSD|M15|new_york|2022-02-02|60|IB60|OR30,GBPUSD,M15,new_york,America/New_York,2022-02-02,2022-02-02T15:00:00Z,up,wick,1.35838,1.35798,1.35869,0.00071,high,1,or_break_only_branch
IBORONLY|IBORB|IBORFB|IBOR|GBPUSD|M15|london|2022-02-03|60|IB60|OR30,IB_OR_BREAK_ONLY_CANDIDATE,RELATION_P0,or_break_only_not_ib_cross,IBORB|IBORFB|IBOR|GBPUSD|M15|london|2022-02-03|60|IB60|OR30,GBPUSD,M15,london,Europe/London,2022-02-03,2022-02-03T08:30:00Z,up,wick,1.35568,1.35539,1.35568,0.00029,high,1,or_break_only_branch
IBORONLY|IBORB|IBORFB|IBOR|GBPUSD|M15|new_york|2022-02-03|60|IB60|OR30,IB_OR_BREAK_ONLY_CANDIDATE,RELATION_P0,or_break_only_not_ib_cross,IBORB|IBORFB|IBOR|GBPUSD|M15|new_york|2022-02-03|60|IB60|OR30,GBPUSD,M15,new_york,America/New_York,2022-02-03,2022-02-03T15:00:00Z,down,close,1.35627,1.35758,1.35578,0.00180,close,1,or_break_only_branch
IBORONLY|IBORB|IBORFB|IBOR|GBPUSD|M15|new_york|2022-02-04|60|IB60|OR30,IB_OR_BREAK_ONLY_CANDIDATE,RELATION_P0,or_break_only_not_ib_cross,IBORB|IBORFB|IBOR|GBPUSD|M15|new_york|2022-02-04|60|IB60|OR30,GBPUSD,M15,new_york,America/New_York,2022-02-04,2022-02-04T15:00:00Z,down,close,1.35522,1.35568,1.35396,0.00172,close,1,or_break_only_branch
IBORONLY|IBORB|IBORFB|IBOR|GBPUSD|M15|london|2022-02-07|60|IB60|OR30,IB_OR_BREAK_ONLY_CANDIDATE,RELATION_P0,or_break_only_not_ib_cross,IBORB|IBORFB|IBOR|GBPUSD|M15|london|2022-02-07|60|IB60|OR30,GBPUSD,M15,london,Europe/London,2022-02-07,2022-02-07T08:30:00Z,up,wick,1.35241,1.35235,1.35256,0.00021,high,1,or_break_only_branch
IBORONLY|IBORB|IBORFB|IBOR|GBPUSD|M15|london|2022-02-08|60|IB60|OR30,IB_OR_BREAK_ONLY_CANDIDATE,RELATION_P0,or_break_only_not_ib_cross,IBORB|IBORFB|IBOR|GBPUSD|M15|london|2022-02-08|60|IB60|OR30,GBPUSD,M15,london,Europe/London,2022-02-08,2022-02-08T08:30:00Z,up,close,1.3528,1.35241,1.35300,0.00059,close,1,or_break_only_branch
IBORONLY|IBORB|IBORFB|IBOR|GBPUSD|M15|new_york|2022-02-08|60|IB60|OR30,IB_OR_BREAK_ONLY_CANDIDATE,RELATION_P0,or_break_only_not_ib_cross,IBORB|IBORFB|IBOR|GBPUSD|M15|new_york|2022-02-08|60|IB60|OR30,GBPUSD,M15,new_york,America/New_York,2022-02-08,2022-02-08T15:00:00Z,down,close,1.35211,1.35247,1.35151,0.00096,close,1,or_break_only_branch
IBORONLY|IBORB|IBORFB|IBOR|GBPUSD|M15|london|2022-02-09|60|IB60|OR30,IB_OR_BREAK_ONLY_CANDIDATE,RELATION_P0,or_break_only_not_ib_cross,IBORB|IBORFB|IBOR|GBPUSD|M15|london|2022-02-09|60|IB60|OR30,GBPUSD,M15,london,Europe/London,2022-02-09,2022-02-09T08:45:00Z,down,close,1.35517,1.35523,1.35514,0.00009,close,1,or_break_only_branch
IBORONLY|IBORB|IBORFB|IBOR|GBPUSD|M15|new_york|2022-02-09|60|IB60|OR30,IB_OR_BREAK_ONLY_CANDIDATE,RELATION_P0,or_break_only_not_ib_cross,IBORB|IBORFB|IBOR|GBPUSD|M15|new_york|2022-02-09|60|IB60|OR30,GBPUSD,M15,new_york,America/New_York,2022-02-09,2022-02-09T15:00:00Z,down,close,1.35695,1.35702,1.35633,0.00069,close,1,or_break_only_branch
IBORONLY|IBORB|IBORFB|IBOR|GBPUSD|M15|london|2022-02-10|60|IB60|OR30,IB_OR_BREAK_ONLY_CANDIDATE,RELATION_P0,or_break_only_not_ib_cross,IBORB|IBORFB|IBOR|GBPUSD|M15|london|2022-02-10|60|IB60|OR30,GBPUSD,M15,london,Europe/London,2022-02-10,2022-02-10T08:30:00Z,up,close,1.3534,1.35338,1.35361,0.00023,close,1,or_break_only_branch
IBORONLY|IBORB|IBORFB|IBOR|GBPUSD|M15|new_york|2022-02-10|60|IB60|OR30,IB_OR_BREAK_ONLY_CANDIDATE,RELATION_P0,or_break_only_not_ib_cross,IBORB|IBORFB|IBOR|GBPUSD|M15|new_york|2022-02-10|60|IB60|OR30,GBPUSD,M15,new_york,America/New_York,2022-02-10,2022-02-10T15:00:00Z,up,close,1.35778,1.35776,1.35800,0.00024,close,1,or_break_only_branch
IBORONLY|IBORB|IBORFB|IBOR|GBPUSD|M15|london|2022-02-11|60|IB60|OR30,IB_OR_BREAK_ONLY_CANDIDATE,RELATION_P0,or_break_only_not_ib_cross,IBORB|IBORFB|IBOR|GBPUSD|M15|london|2022-02-11|60|IB60|OR30,GBPUSD,M15,london,Europe/London,2022-02-11,2022-02-11T08:30:00Z,down,close,1.35198,1.35234,1.35135,0.00099,close,1,or_break_only_branch
IBORONLY|IBORB|IBORFB|IBOR|GBPUSD|M15|new_york|2022-02-11|60|IB60|OR30,IB_OR_BREAK_ONLY_CANDIDATE,RELATION_P0,or_break_only_not_ib_cross,IBORB|IBORFB|IBOR|GBPUSD|M15|new_york|2022-02-11|60|IB60|OR30,GBPUSD,M15,new_york,America/New_York,2022-02-11,2022-02-11T15:00:00Z,up,close,1.35969,1.35879,1.35984,0.00105,close,1,or_break_only_branch
IBORONLY|IBORB|IBORFB|IBOR|GBPUSD|M15|london|2022-02-14|60|IB60|OR30,IB_OR_BREAK_ONLY_CANDIDATE,RELATION_P0,or_break_only_not_ib_cross,IBORB|IBORFB|IBOR|GBPUSD|M15|london|2022-02-14|60|IB60|OR30,GBPUSD,M15,london,Europe/London,2022-02-14,2022-02-14T08:30:00Z,down,close,1.35379,1.35381,1.35369,0.00012,close,1,or_break_only_branch
IBORONLY|IBORB|IBORFB|IBOR|GBPUSD|M15|london|2022-02-16|60|IB60|OR30,IB_OR_BREAK_ONLY_CANDIDATE,RELATION_P0,or_break_only_not_ib_cross,IBORB|IBORFB|IBOR|GBPUSD|M15|london|2022-02-16|60|IB60|OR30,GBPUSD,M15,london,Europe/London,2022-02-16,2022-02-16T08:30:00Z,up,close,1.35533,1.35528,1.35562,0.00034,close,1,or_break_only_branch
IBORONLY|IBORB|IBORFB|IBOR|GBPUSD|M15|london|2022-02-17|60|IB60|OR30,IB_OR_BREAK_ONLY_CANDIDATE,RELATION_P0,or_break_only_not_ib_cross,IBORB|IBORFB|IBOR|GBPUSD|M15|london|2022-02-17|60|IB60|OR30,GBPUSD,M15,london,Europe/London,2022-02-17,2022-02-17T08:30:00Z,up,wick,1.35966,1.35942,1.35966,0.00024,high,1,or_break_only_branch
IBORONLY|IBORB|IBORFB|IBOR|GBPUSD|M15|new_york|2022-02-17|60|IB60|OR30,IB_OR_BREAK_ONLY_CANDIDATE,RELATION_P0,or_break_only_not_ib_cross,IBORB|IBORFB|IBOR|GBPUSD|M15|new_york|2022-02-17|60|IB60|OR30,GBPUSD,M15,new_york,America/New_York,2022-02-17,2022-02-17T15:00:00Z,up,wick,1.3628,1.36275,1.36280,0.00005,high,1,or_break_only_branch
IBORONLY|IBORB|IBORFB|IBOR|GBPUSD|M15|london|2022-02-18|60|IB60|OR30,IB_OR_BREAK_ONLY_CANDIDATE,RELATION_P0,or_break_only_not_ib_cross,IBORB|IBORFB|IBOR|GBPUSD|M15|london|2022-02-18|60|IB60|OR30,GBPUSD,M15,london,Europe/London,2022-02-18,2022-02-18T08:30:00Z,up,close,1.36172,1.36160,1.36191,0.00031,close,1,or_break_only_branch
IBORONLY|IBORB|IBORFB|IBOR|GBPUSD|M15|new_york|2022-02-18|60|IB60|OR30,IB_OR_BREAK_ONLY_CANDIDATE,RELATION_P0,or_break_only_not_ib_cross,IBORB|IBORFB|IBOR|GBPUSD|M15|new_york|2022-02-18|60|IB60|OR30,GBPUSD,M15,new_york,America/New_York,2022-02-18,2022-02-18T15:00:00Z,down,close,1.36083,1.36136,1.36003,0.00133,close,1,or_break_only_branch
IBORONLY|IBORB|IBORFB|IBOR|GBPUSD|M15|london|2022-02-21|60|IB60|OR30,IB_OR_BREAK_ONLY_CANDIDATE,RELATION_P0,or_break_only_not_ib_cross,IBORB|IBORFB|IBOR|GBPUSD|M15|london|2022-02-21|60|IB60|OR30,GBPUSD,M15,london,Europe/London,2022-02-21,2022-02-21T08:30:00Z,up,close,1.36238,1.36210,1.36266,0.00056,close,1,or_break_only_branch
IBORONLY|IBORB|IBORFB|IBOR|GBPUSD|M15|new_york|2022-02-21|60|IB60|OR30,IB_OR_BREAK_ONLY_CANDIDATE,RELATION_P0,or_break_only_not_ib_cross,IBORB|IBORFB|IBOR|GBPUSD|M15|new_york|2022-02-21|60|IB60|OR30,GBPUSD,M15,new_york,America/New_York,2022-02-21,2022-02-21T15:15:00Z,down,close,1.36031,1.36056,1.35989,0.00067,close,1,or_break_only_branch
IBORONLY|IBORB|IBORFB|IBOR|GBPUSD|M15|london|2022-02-22|60|IB60|OR30,IB_OR_BREAK_ONLY_CANDIDATE,RELATION_P0,or_break_only_not_ib_cross,IBORB|IBORFB|IBOR|GBPUSD|M15|london|2022-02-22|60|IB60|OR30,GBPUSD,M15,london,Europe/London,2022-02-22,2022-02-22T08:45:00Z,down,close,1.35867,1.35896,1.35834,0.00062,close,1,or_break_only_branch
IBORONLY|IBORB|IBORFB|IBOR|GBPUSD|M15|new_york|2022-02-22|60|IB60|OR30,IB_OR_BREAK_ONLY_CANDIDATE,RELATION_P0,or_break_only_not_ib_cross,IBORB|IBORFB|IBOR|GBPUSD|M15|new_york|2022-02-22|60|IB60|OR30,GBPUSD,M15,new_york,America/New_York,2022-02-22,2022-02-22T15:00:00Z,down,wick,1.3543,1.35432,1.35430,0.00002,low,1,or_break_only_branch
IBORONLY|IBORB|IBORFB|IBOR|GBPUSD|M15|london|2022-02-23|60|IB60|OR30,IB_OR_BREAK_ONLY_CANDIDATE,RELATION_P0,or_break_only_not_ib_cross,IBORB|IBORFB|IBOR|GBPUSD|M15|london|2022-02-23|60|IB60|OR30,GBPUSD,M15,london,Europe/London,2022-02-23,2022-02-23T08:30:00Z,up,wick,1.35968,1.35961,1.35970,0.00009,high,1,or_break_only_branch
IBORONLY|IBORB|IBORFB|IBOR|GBPUSD|M15|new_york|2022-02-23|60|IB60|OR30,IB_OR_BREAK_ONLY_CANDIDATE,RELATION_P0,or_break_only_not_ib_cross,IBORB|IBORFB|IBOR|GBPUSD|M15|new_york|2022-02-23|60|IB60|OR30,GBPUSD,M15,new_york,America/New_York,2022-02-23,2022-02-23T15:00:00Z,down,wick,1.3581,1.35831,1.35810,0.00021,low,1,or_break_only_branch
IBORONLY|IBORB|IBORFB|IBOR|GBPUSD|M15|london|2022-02-24|60|IB60|OR30,IB_OR_BREAK_ONLY_CANDIDATE,RELATION_P0,or_break_only_not_ib_cross,IBORB|IBORFB|IBOR|GBPUSD|M15|london|2022-02-24|60|IB60|OR30,GBPUSD,M15,london,Europe/London,2022-02-24,2022-02-24T08:45:00Z,down,wick,1.34945,1.34962,1.34945,0.00017,low,1,or_break_only_branch
IBORONLY|IBORB|IBORFB|IBOR|GBPUSD|M15|new_york|2022-02-24|60|IB60|OR30,IB_OR_BREAK_ONLY_CANDIDATE,RELATION_P0,or_break_only_not_ib_cross,IBORB|IBORFB|IBOR|GBPUSD|M15|new_york|2022-02-24|60|IB60|OR30,GBPUSD,M15,new_york,America/New_York,2022-02-24,2022-02-24T15:00:00Z,down,close,1.33739,1.33926,1.33687,0.00239,close,1,or_break_only_branch
IBORONLY|IBORB|IBORFB|IBOR|GBPUSD|M15|london|2022-02-25|60|IB60|OR30,IB_OR_BREAK_ONLY_CANDIDATE,RELATION_P0,or_break_only_not_ib_cross,IBORB|IBORFB|IBOR|GBPUSD|M15|london|2022-02-25|60|IB60|OR30,GBPUSD,M15,london,Europe/London,2022-02-25,2022-02-25T08:30:00Z,down,close,1.34195,1.34228,1.34137,0.00091,close,1,or_break_only_branch
IBORONLY|IBORB|IBORFB|IBOR|GBPUSD|M15|london|2022-02-28|60|IB60|OR30,IB_OR_BREAK_ONLY_CANDIDATE,RELATION_P0,or_break_only_not_ib_cross,IBORB|IBORFB|IBOR|GBPUSD|M15|london|2022-02-28|60|IB60|OR30,GBPUSD,M15,london,Europe/London,2022-02-28,2022-02-28T08:45:00Z,up,close,1.33694,1.33691,1.33743,0.00052,close,1,or_break_only_branch
IBORONLY|IBORB|IBORFB|IBOR|GBPUSD|M15|london|2022-03-01|60|IB60|OR30,IB_OR_BREAK_ONLY_CANDIDATE,RELATION_P0,or_break_only_not_ib_cross,IBORB|IBORFB|IBOR|GBPUSD|M15|london|2022-03-01|60|IB60|OR30,GBPUSD,M15,london,Europe/London,2022-03-01,2022-03-01T08:30:00Z,up,close,1.34222,1.34218,1.34251,0.00033,close,1,or_break_only_branch
IBORONLY|IBORB|IBORFB|IBOR|GBPUSD|M15|new_york|2022-03-01|60|IB60|OR30,IB_OR_BREAK_ONLY_CANDIDATE,RELATION_P0,or_break_only_not_ib_cross,IBORB|IBORFB|IBOR|GBPUSD|M15|new_york|2022-03-01|60|IB60|OR30,GBPUSD,M15,new_york,America/New_York,2022-03-01,2022-03-01T15:15:00Z,down,close,1.33882,1.33931,1.33818,0.00113,close,1,or_break_only_branch
IBORONLY|IBORB|IBORFB|IBOR|GBPUSD|M15|london|2022-03-02|60|IB60|OR30,IB_OR_BREAK_ONLY_CANDIDATE,RELATION_P0,or_break_only_not_ib_cross,IBORB|IBORFB|IBOR|GBPUSD|M15|london|2022-03-02|60|IB60|OR30,GBPUSD,M15,london,Europe/London,2022-03-02,2022-03-02T08:30:00Z,down,close,1.32898,1.33018,1.32836,0.00182,close,1,or_break_only_branch
IBORONLY|IBORB|IBORFB|IBOR|GBPUSD|M15|london|2022-03-03|60|IB60|OR30,IB_OR_BREAK_ONLY_CANDIDATE,RELATION_P0,or_break_only_not_ib_cross,IBORB|IBORFB|IBOR|GBPUSD|M15|london|2022-03-03|60|IB60|OR30,GBPUSD,M15,london,Europe/London,2022-03-03,2022-03-03T08:45:00Z,up,close,1.34143,1.34113,1.34146,0.00033,close,1,or_break_only_branch
IBORONLY|IBORB|IBORFB|IBOR|GBPUSD|M15|london|2022-03-04|60|IB60|OR30,IB_OR_BREAK_ONLY_CANDIDATE,RELATION_P0,or_break_only_not_ib_cross,IBORB|IBORFB|IBOR|GBPUSD|M15|london|2022-03-04|60|IB60|OR30,GBPUSD,M15,london,Europe/London,2022-03-04,2022-03-04T08:30:00Z,down,wick,1.33366,1.33371,1.33319,0.00052,low,1,or_break_only_branch
IBORONLY|IBORB|IBORFB|IBOR|GBPUSD|M15|new_york|2022-03-04|60|IB60|OR30,IB_OR_BREAK_ONLY_CANDIDATE,RELATION_P0,or_break_only_not_ib_cross,IBORB|IBORFB|IBOR|GBPUSD|M15|new_york|2022-03-04|60|IB60|OR30,GBPUSD,M15,new_york,America/New_York,2022-03-04,2022-03-04T15:15:00Z,down,wick,1.32538,1.32585,1.32538,0.00047,low,1,or_break_only_branch
IBORONLY|IBORB|IBORFB|IBOR|GBPUSD|M15|new_york|2022-03-07|60|IB60|OR30,IB_OR_BREAK_ONLY_CANDIDATE,RELATION_P0,or_break_only_not_ib_cross,IBORB|IBORFB|IBOR|GBPUSD|M15|new_york|2022-03-07|60|IB60|OR30,GBPUSD,M15,new_york,America/New_York,2022-03-07,2022-03-07T15:00:00Z,down,wick,1.31757,1.31814,1.31733,0.00081,low,1,or_break_only_branch
IBORONLY|IBORB|IBORFB|IBOR|GBPUSD|M15|london|2022-03-08|60|IB60|OR30,IB_OR_BREAK_ONLY_CANDIDATE,RELATION_P0,or_break_only_not_ib_cross,IBORB|IBORFB|IBOR|GBPUSD|M15|london|2022-03-08|60|IB60|OR30,GBPUSD,M15,london,Europe/London,2022-03-08,2022-03-08T08:45:00Z,down,close,1.31024,1.31047,1.31003,0.00044,close,1,or_break_only_branch
IBORONLY|IBORB|IBORFB|IBOR|GBPUSD|M15|new_york|2022-03-08|60|IB60|OR30,IB_OR_BREAK_ONLY_CANDIDATE,RELATION_P0,or_break_only_not_ib_cross,IBORB|IBORFB|IBOR|GBPUSD|M15|new_york|2022-03-08|60|IB60|OR30,GBPUSD,M15,new_york,America/New_York,2022-03-08,2022-03-08T15:00:00Z,down,close,1.30924,1.31002,1.30849,0.00153,close,1,or_break_only_branch
IBORONLY|IBORB|IBORFB|IBOR|GBPUSD|M15|london|2022-03-10|60|IB60|OR30,IB_OR_BREAK_ONLY_CANDIDATE,RELATION_P0,or_break_only_not_ib_cross,IBORB|IBORFB|IBOR|GBPUSD|M15|london|2022-03-10|60|IB60|OR30,GBPUSD,M15,london,Europe/London,2022-03-10,2022-03-10T08:30:00Z,up,wick,1.31837,1.31830,1.31837,0.00007,high,1,or_break_only_branch
IBORONLY|IBORB|IBORFB|IBOR|GBPUSD|M15|london|2022-03-11|60|IB60|OR30,IB_OR_BREAK_ONLY_CANDIDATE,RELATION_P0,or_break_only_not_ib_cross,IBORB|IBORFB|IBOR|GBPUSD|M15|london|2022-03-11|60|IB60|OR30,GBPUSD,M15,london,Europe/London,2022-03-11,2022-03-11T08:45:00Z,up,close,1.30935,1.30926,1.30959,0.00033,close,1,or_break_only_branch
IBORONLY|IBORB|IBORFB|IBOR|GBPUSD|M15|new_york|2022-03-14|60|IB60|OR30,IB_OR_BREAK_ONLY_CANDIDATE,RELATION_P0,or_break_only_not_ib_cross,IBORB|IBORFB|IBOR|GBPUSD|M15|new_york|2022-03-14|60|IB60|OR30,GBPUSD,M15,new_york,America/New_York,2022-03-14,2022-03-14T14:15:00Z,down,close,1.30262,1.30310,1.30236,0.00074,close,1,or_break_only_branch
IBORONLY|IBORB|IBORFB|IBOR|GBPUSD|M15|london|2022-03-15|60|IB60|OR30,IB_OR_BREAK_ONLY_CANDIDATE,RELATION_P0,or_break_only_not_ib_cross,IBORB|IBORFB|IBOR|GBPUSD|M15|london|2022-03-15|60|IB60|OR30,GBPUSD,M15,london,Europe/London,2022-03-15,2022-03-15T08:30:00Z,down,close,1.30386,1.30396,1.30366,0.00030,close,1,or_break_only_branch
IBORONLY|IBORB|IBORFB|IBOR|GBPUSD|M15|new_york|2022-03-15|60|IB60|OR30,IB_OR_BREAK_ONLY_CANDIDATE,RELATION_P0,or_break_only_not_ib_cross,IBORB|IBORFB|IBOR|GBPUSD|M15|new_york|2022-03-15|60|IB60|OR30,GBPUSD,M15,new_york,America/New_York,2022-03-15,2022-03-15T14:00:00Z,up,close,1.30441,1.30397,1.30565,0.00168,close,1,or_break_only_branch
IBORONLY|IBORB|IBORFB|IBOR|GBPUSD|M15|london|2022-03-16|60|IB60|OR30,IB_OR_BREAK_ONLY_CANDIDATE,RELATION_P0,or_break_only_not_ib_cross,IBORB|IBORFB|IBOR|GBPUSD|M15|london|2022-03-16|60|IB60|OR30,GBPUSD,M15,london,Europe/London,2022-03-16,2022-03-16T08:30:00Z,up,close,1.3058,1.30549,1.30632,0.00083,close,1,or_break_only_branch
IBORONLY|IBORB|IBORFB|IBOR|GBPUSD|M15|new_york|2022-03-17|60|IB60|OR30,IB_OR_BREAK_ONLY_CANDIDATE,RELATION_P0,or_break_only_not_ib_cross,IBORB|IBORFB|IBOR|GBPUSD|M15|new_york|2022-03-17|60|IB60|OR30,GBPUSD,M15,new_york,America/New_York,2022-03-17,2022-03-17T14:00:00Z,up,close,1.31934,1.31842,1.31996,0.00154,close,1,or_break_only_branch
IBORONLY|IBORB|IBORFB|IBOR|GBPUSD|M15|london|2022-03-18|60|IB60|OR30,IB_OR_BREAK_ONLY_CANDIDATE,RELATION_P0,or_break_only_not_ib_cross,IBORB|IBORFB|IBOR|GBPUSD|M15|london|2022-03-18|60|IB60|OR30,GBPUSD,M15,london,Europe/London,2022-03-18,2022-03-18T08:30:00Z,up,close,1.31627,1.31599,1.31645,0.00046,close,1,or_break_only_branch
IBORONLY|IBORB|IBORFB|IBOR|GBPUSD|M15|new_york|2022-03-18|60|IB60|OR30,IB_OR_BREAK_ONLY_CANDIDATE,RELATION_P0,or_break_only_not_ib_cross,IBORB|IBORFB|IBOR|GBPUSD|M15|new_york|2022-03-18|60|IB60|OR30,GBPUSD,M15,new_york,America/New_York,2022-03-18,2022-03-18T14:00:00Z,down,wick,1.31214,1.31229,1.31214,0.00015,low,1,or_break_only_branch
