candidate_id,candidate_family,candidate_level,candidate_status,source_candidate_id,symbol,timeframe,session_id,session_timezone,session_local_date,first_break_direction,first_break_mode,break_bar_time_utc,break_trigger_price,or_break_edge_value,ib_same_side_edge_value,same_side_gap_to_ib_before_break,bars_after_break_count,return_inside_or_observed_same_day,first_return_inside_or_bar_time_utc,max_extension_price_same_day,max_extension_distance_over_or,session_close_price,session_close_beyond_or,observation_scope
IBORONLYSC|IBORONLY|IBORB|IBORFB|IBOR|GBPUSD|M15|london|2021-06-16|60|IB60|OR30,IB_OR_BREAK_ONLY_SAME_DAY_SESSION_CLOSE,RELATION_P0,or_break_only_same_day_session_close_observed,IBORONLY|IBORB|IBORFB|IBOR|GBPUSD|M15|london|2021-06-16|60|IB60|OR30,GBPUSD,M15,london,Europe/London,2021-06-16,up,close,2021-06-16T07:30:00Z,1.40879,1.40866,1.40890,0.00024,61,1,2021-06-16T08:00:00Z,1.41319,0.00453,1.39963,0,same_local_date_after_or_break_only
IBORONLYSC|IBORONLY|IBORB|IBORFB|IBOR|GBPUSD|M15|new_york|2021-06-16|60|IB60|OR30,IB_OR_BREAK_ONLY_SAME_DAY_SESSION_CLOSE,RELATION_P0,or_break_only_same_day_session_close_observed,IBORONLY|IBORB|IBORFB|IBOR|GBPUSD|M15|new_york|2021-06-16|60|IB60|OR30,GBPUSD,M15,new_york,America/New_York,2021-06-16,down,wick,2021-06-16T14:00:00Z,1.41093,1.41094,1.41093,0.00001,55,1,2021-06-16T14:15:00Z,1.39702,0.01392,1.39753,1,same_local_date_after_or_break_only
IBORONLYSC|IBORONLY|IBORB|IBORFB|IBOR|GBPUSD|M15|london|2021-06-17|60|IB60|OR30,IB_OR_BREAK_ONLY_SAME_DAY_SESSION_CLOSE,RELATION_P0,or_break_only_same_day_session_close_observed,IBORONLY|IBORB|IBORFB|IBOR|GBPUSD|M15|london|2021-06-17|60|IB60|OR30,GBPUSD,M15,london,Europe/London,2021-06-17,up,close,2021-06-17T07:45:00Z,1.39981,1.39959,1.39983,0.00024,60,1,2021-06-17T08:00:00Z,1.40083,0.00124,1.39188,0,same_local_date_after_or_break_only
IBORONLYSC|IBORONLY|IBORB|IBORFB|IBOR|GBPUSD|M15|new_york|2021-06-17|60|IB60|OR30,IB_OR_BREAK_ONLY_SAME_DAY_SESSION_CLOSE,RELATION_P0,or_break_only_same_day_session_close_observed,IBORONLY|IBORB|IBORFB|IBOR|GBPUSD|M15|new_york|2021-06-17|60|IB60|OR30,GBPUSD,M15,new_york,America/New_York,2021-06-17,up,wick,2021-06-17T14:00:00Z,1.39522,1.39489,1.39573,0.00084,55,1,2021-06-17T14:15:00Z,1.39618,0.00129,1.39331,0,same_local_date_after_or_break_only
IBORONLYSC|IBORONLY|IBORB|IBORFB|IBOR|GBPUSD|M15|new_york|2021-06-18|60|IB60|OR30,IB_OR_BREAK_ONLY_SAME_DAY_SESSION_CLOSE,RELATION_P0,or_break_only_same_day_session_close_observed,IBORONLY|IBORB|IBORFB|IBOR|GBPUSD|M15|new_york|2021-06-18|60|IB60|OR30,GBPUSD,M15,new_york,America/New_York,2021-06-18,down,wick,2021-06-18T14:00:00Z,1.38971,1.38987,1.38925,0.00062,39,1,2021-06-18T14:15:00Z,1.37909,0.01078,1.37931,1,same_local_date_after_or_break_only
IBORONLYSC|IBORONLY|IBORB|IBORFB|IBOR|GBPUSD|M15|london|2021-06-21|60|IB60|OR30,IB_OR_BREAK_ONLY_SAME_DAY_SESSION_CLOSE,RELATION_P0,or_break_only_same_day_session_close_observed,IBORONLY|IBORB|IBORFB|IBOR|GBPUSD|M15|london|2021-06-21|60|IB60|OR30,GBPUSD,M15,london,Europe/London,2021-06-21,down,wick,2021-06-21T07:30:00Z,1.37892,1.37920,1.37892,0.00028,61,1,2021-06-21T07:45:00Z,1.37907,0.00013,1.39313,0,same_local_date_after_or_break_only
IBORONLYSC|IBORONLY|IBORB|IBORFB|IBOR|GBPUSD|M15|london|2021-06-22|60|IB60|OR30,IB_OR_BREAK_ONLY_SAME_DAY_SESSION_CLOSE,RELATION_P0,or_break_only_same_day_session_close_observed,IBORONLY|IBORB|IBORFB|IBOR|GBPUSD|M15|london|2021-06-22|60|IB60|OR30,GBPUSD,M15,london,Europe/London,2021-06-22,down,close,2021-06-22T07:30:00Z,1.3911,1.39112,1.39087,0.00025,61,1,2021-06-22T07:45:00Z,1.38596,0.00516,1.39489,0,same_local_date_after_or_break_only
IBORONLYSC|IBORONLY|IBORB|IBORFB|IBOR|GBPUSD|M15|new_york|2021-06-22|60|IB60|OR30,IB_OR_BREAK_ONLY_SAME_DAY_SESSION_CLOSE,RELATION_P0,or_break_only_same_day_session_close_observed,IBORONLY|IBORB|IBORFB|IBOR|GBPUSD|M15|new_york|2021-06-22|60|IB60|OR30,GBPUSD,M15,new_york,America/New_York,2021-06-22,up,close,2021-06-22T14:00:00Z,1.38924,1.38876,1.38932,0.00056,55,1,2021-06-22T14:15:00Z,1.39629,0.00753,1.39394,1,same_local_date_after_or_break_only
IBORONLYSC|IBORONLY|IBORB|IBORFB|IBOR|GBPUSD|M15|london|2021-06-23|60|IB60|OR30,IB_OR_BREAK_ONLY_SAME_DAY_SESSION_CLOSE,RELATION_P0,or_break_only_same_day_session_close_observed,IBORONLY|IBORB|IBORFB|IBOR|GBPUSD|M15|london|2021-06-23|60|IB60|OR30,GBPUSD,M15,london,Europe/London,2021-06-23,up,wick,2021-06-23T07:30:00Z,1.39309,1.39307,1.39314,0.00007,61,1,2021-06-23T07:45:00Z,1.40007,0.00700,1.39577,1,same_local_date_after_or_break_only
IBORONLYSC|IBORONLY|IBORB|IBORFB|IBOR|GBPUSD|M15|new_york|2021-06-23|60|IB60|OR30,IB_OR_BREAK_ONLY_SAME_DAY_SESSION_CLOSE,RELATION_P0,or_break_only_same_day_session_close_observed,IBORONLY|IBORB|IBORFB|IBOR|GBPUSD|M15|new_york|2021-06-23|60|IB60|OR30,GBPUSD,M15,new_york,America/New_York,2021-06-23,down,close,2021-06-23T14:00:00Z,1.39548,1.39575,1.39534,0.00041,55,1,2021-06-23T14:15:00Z,1.3951,0.00065,1.3962,0,same_local_date_after_or_break_only
IBORONLYSC|IBORONLY|IBORB|IBORFB|IBOR|GBPUSD|M15|london|2021-06-24|60|IB60|OR30,IB_OR_BREAK_ONLY_SAME_DAY_SESSION_CLOSE,RELATION_P0,or_break_only_same_day_session_close_observed,IBORONLY|IBORB|IBORFB|IBOR|GBPUSD|M15|london|2021-06-24|60|IB60|OR30,GBPUSD,M15,london,Europe/London,2021-06-24,up,close,2021-06-24T07:30:00Z,1.396,1.39597,1.39615,0.00018,61,1,2021-06-24T07:45:00Z,1.3986,0.00263,1.39348,0,same_local_date_after_or_break_only
IBORONLYSC|IBORONLY|IBORB|IBORFB|IBOR|GBPUSD|M15|london|2021-06-25|60|IB60|OR30,IB_OR_BREAK_ONLY_SAME_DAY_SESSION_CLOSE,RELATION_P0,or_break_only_same_day_session_close_observed,IBORONLY|IBORB|IBORFB|IBOR|GBPUSD|M15|london|2021-06-25|60|IB60|OR30,GBPUSD,M15,london,Europe/London,2021-06-25,down,close,2021-06-25T07:30:00Z,1.39229,1.39243,1.39200,0.00043,61,1,2021-06-25T07:45:00Z,1.38707,0.00536,1.38886,1,same_local_date_after_or_break_only
IBORONLYSC|IBORONLY|IBORB|IBORFB|IBOR|GBPUSD|M15|london|2021-06-28|60|IB60|OR30,IB_OR_BREAK_ONLY_SAME_DAY_SESSION_CLOSE,RELATION_P0,or_break_only_same_day_session_close_observed,IBORONLY|IBORB|IBORFB|IBOR|GBPUSD|M15|london|2021-06-28|60|IB60|OR30,GBPUSD,M15,london,Europe/London,2021-06-28,up,wick,2021-06-28T07:45:00Z,1.38914,1.38904,1.38914,0.00010,60,1,2021-06-28T08:00:00Z,1.39392,0.00488,1.38739,0,same_local_date_after_or_break_only
IBORONLYSC|IBORONLY|IBORB|IBORFB|IBOR|GBPUSD|M15|new_york|2021-06-28|60|IB60|OR30,IB_OR_BREAK_ONLY_SAME_DAY_SESSION_CLOSE,RELATION_P0,or_break_only_same_day_session_close_observed,IBORONLY|IBORB|IBORFB|IBOR|GBPUSD|M15|new_york|2021-06-28|60|IB60|OR30,GBPUSD,M15,new_york,America/New_York,2021-06-28,down,close,2021-06-28T14:15:00Z,1.38979,1.38999,1.38955,0.00044,54,1,2021-06-28T15:15:00Z,1.38586,0.00413,1.38626,1,same_local_date_after_or_break_only
IBORONLYSC|IBORONLY|IBORB|IBORFB|IBOR|GBPUSD|M15|london|2021-06-29|60|IB60|OR30,IB_OR_BREAK_ONLY_SAME_DAY_SESSION_CLOSE,RELATION_P0,or_break_only_same_day_session_close_observed,IBORONLY|IBORB|IBORFB|IBOR|GBPUSD|M15|london|2021-06-29|60|IB60|OR30,GBPUSD,M15,london,Europe/London,2021-06-29,up,close,2021-06-29T07:30:00Z,1.38688,1.38667,1.38692,0.00025,61,1,2021-06-29T07:45:00Z,1.3879,0.00123,1.385,0,same_local_date_after_or_break_only
IBORONLYSC|IBORONLY|IBORB|IBORFB|IBOR|GBPUSD|M15|new_york|2021-06-29|60|IB60|OR30,IB_OR_BREAK_ONLY_SAME_DAY_SESSION_CLOSE,RELATION_P0,or_break_only_same_day_session_close_observed,IBORONLY|IBORB|IBORFB|IBOR|GBPUSD|M15|new_york|2021-06-29|60|IB60|OR30,GBPUSD,M15,new_york,America/New_York,2021-06-29,down,close,2021-06-29T14:00:00Z,1.38234,1.38373,1.38213,0.00160,55,1,2021-06-29T14:30:00Z,1.38136,0.00237,1.38525,0,same_local_date_after_or_break_only
IBORONLYSC|IBORONLY|IBORB|IBORFB|IBOR|GBPUSD|M15|london|2021-07-01|60|IB60|OR30,IB_OR_BREAK_ONLY_SAME_DAY_SESSION_CLOSE,RELATION_P0,or_break_only_same_day_session_close_observed,IBORONLY|IBORB|IBORFB|IBOR|GBPUSD|M15|london|2021-07-01|60|IB60|OR30,GBPUSD,M15,london,Europe/London,2021-07-01,down,wick,2021-07-01T07:30:00Z,1.38169,1.38176,1.38168,0.00008,61,1,2021-07-01T07:45:00Z,1.37522,0.00654,1.37569,1,same_local_date_after_or_break_only
IBORONLYSC|IBORONLY|IBORB|IBORFB|IBOR|GBPUSD|M15|new_york|2021-07-01|60|IB60|OR30,IB_OR_BREAK_ONLY_SAME_DAY_SESSION_CLOSE,RELATION_P0,or_break_only_same_day_session_close_observed,IBORONLY|IBORB|IBORFB|IBOR|GBPUSD|M15|new_york|2021-07-01|60|IB60|OR30,GBPUSD,M15,new_york,America/New_York,2021-07-01,up,close,2021-07-01T14:00:00Z,1.37962,1.37916,1.37997,0.00081,55,1,2021-07-01T17:00:00Z,1.38198,0.00282,1.37602,0,same_local_date_after_or_break_only
IBORONLYSC|IBORONLY|IBORB|IBORFB|IBOR|GBPUSD|M15|new_york|2021-07-02|60|IB60|OR30,IB_OR_BREAK_ONLY_SAME_DAY_SESSION_CLOSE,RELATION_P0,or_break_only_same_day_session_close_observed,IBORONLY|IBORB|IBORFB|IBOR|GBPUSD|M15|new_york|2021-07-02|60|IB60|OR30,GBPUSD,M15,new_york,America/New_York,2021-07-02,up,close,2021-07-02T14:00:00Z,1.37518,1.37500,1.37561,0.00061,39,1,2021-07-02T14:15:00Z,1.3844,0.00940,1.38323,1,same_local_date_after_or_break_only
IBORONLYSC|IBORONLY|IBORB|IBORFB|IBOR|GBPUSD|M15|london|2021-07-05|60|IB60|OR30,IB_OR_BREAK_ONLY_SAME_DAY_SESSION_CLOSE,RELATION_P0,or_break_only_same_day_session_close_observed,IBORONLY|IBORB|IBORFB|IBOR|GBPUSD|M15|london|2021-07-05|60|IB60|OR30,GBPUSD,M15,london,Europe/London,2021-07-05,up,close,2021-07-05T07:45:00Z,1.38236,1.38222,1.38245,0.00023,60,1,2021-07-05T08:00:00Z,1.38612,0.00390,1.38488,1,same_local_date_after_or_break_only
IBORONLYSC|IBORONLY|IBORB|IBORFB|IBOR|GBPUSD|M15|new_york|2021-07-06|60|IB60|OR30,IB_OR_BREAK_ONLY_SAME_DAY_SESSION_CLOSE,RELATION_P0,or_break_only_same_day_session_close_observed,IBORONLY|IBORB|IBORFB|IBOR|GBPUSD|M15|new_york|2021-07-06|60|IB60|OR30,GBPUSD,M15,new_york,America/New_York,2021-07-06,up,close,2021-07-06T14:00:00Z,1.38511,1.38508,1.38572,0.00064,55,1,2021-07-06T14:15:00Z,1.38741,0.00233,1.37961,0,same_local_date_after_or_break_only
IBORONLYSC|IBORONLY|IBORB|IBORFB|IBOR|GBPUSD|M15|new_york|2021-07-07|60|IB60|OR30,IB_OR_BREAK_ONLY_SAME_DAY_SESSION_CLOSE,RELATION_P0,or_break_only_same_day_session_close_observed,IBORONLY|IBORB|IBORFB|IBOR|GBPUSD|M15|new_york|2021-07-07|60|IB60|OR30,GBPUSD,M15,new_york,America/New_York,2021-07-07,up,close,2021-07-07T14:00:00Z,1.38271,1.38245,1.38286,0.00041,55,1,2021-07-07T14:15:00Z,1.38413,0.00168,1.37889,0,same_local_date_after_or_break_only
IBORONLYSC|IBORONLY|IBORB|IBORFB|IBOR|GBPUSD|M15|london|2021-07-08|60|IB60|OR30,IB_OR_BREAK_ONLY_SAME_DAY_SESSION_CLOSE,RELATION_P0,or_break_only_same_day_session_close_observed,IBORONLY|IBORB|IBORFB|IBOR|GBPUSD|M15|london|2021-07-08|60|IB60|OR30,GBPUSD,M15,london,Europe/London,2021-07-08,down,wick,2021-07-08T07:30:00Z,1.37804,1.37809,1.37804,0.00005,61,1,2021-07-08T07:45:00Z,1.37411,0.00398,1.37843,0,same_local_date_after_or_break_only
IBORONLYSC|IBORONLY|IBORB|IBORFB|IBOR|GBPUSD|M15|new_york|2021-07-08|60|IB60|OR30,IB_OR_BREAK_ONLY_SAME_DAY_SESSION_CLOSE,RELATION_P0,or_break_only_same_day_session_close_observed,IBORONLY|IBORB|IBORFB|IBOR|GBPUSD|M15|new_york|2021-07-08|60|IB60|OR30,GBPUSD,M15,new_york,America/New_York,2021-07-08,up,wick,2021-07-08T14:00:00Z,1.37766,1.37742,1.37780,0.00038,55,1,2021-07-08T14:15:00Z,1.37964,0.00222,1.37871,1,same_local_date_after_or_break_only
IBORONLYSC|IBORONLY|IBORB|IBORFB|IBOR|GBPUSD|M15|london|2021-07-12|60|IB60|OR30,IB_OR_BREAK_ONLY_SAME_DAY_SESSION_CLOSE,RELATION_P0,or_break_only_same_day_session_close_observed,IBORONLY|IBORB|IBORFB|IBOR|GBPUSD|M15|london|2021-07-12|60|IB60|OR30,GBPUSD,M15,london,Europe/London,2021-07-12,up,close,2021-07-12T07:30:00Z,1.38869,1.38861,1.38910,0.00049,61,1,2021-07-12T08:15:00Z,1.39046,0.00185,1.38828,0,same_local_date_after_or_break_only
IBORONLYSC|IBORONLY|IBORB|IBORFB|IBOR|GBPUSD|M15|new_york|2021-07-12|60|IB60|OR30,IB_OR_BREAK_ONLY_SAME_DAY_SESSION_CLOSE,RELATION_P0,or_break_only_same_day_session_close_observed,IBORONLY|IBORB|IBORFB|IBOR|GBPUSD|M15|new_york|2021-07-12|60|IB60|OR30,GBPUSD,M15,new_york,America/New_York,2021-07-12,up,close,2021-07-12T14:00:00Z,1.38554,1.38530,1.38620,0.00090,55,1,2021-07-12T14:15:00Z,1.39046,0.00516,1.3892,1,same_local_date_after_or_break_only
IBORONLYSC|IBORONLY|IBORB|IBORFB|IBOR|GBPUSD|M15|new_york|2021-07-13|60|IB60|OR30,IB_OR_BREAK_ONLY_SAME_DAY_SESSION_CLOSE,RELATION_P0,or_break_only_same_day_session_close_observed,IBORONLY|IBORB|IBORFB|IBOR|GBPUSD|M15|new_york|2021-07-13|60|IB60|OR30,GBPUSD,M15,new_york,America/New_York,2021-07-13,down,close,2021-07-13T14:00:00Z,1.3847,1.38520,1.38380,0.00140,55,1,2021-07-13T15:15:00Z,1.37994,0.00526,1.38057,1,same_local_date_after_or_break_only
IBORONLYSC|IBORONLY|IBORB|IBORFB|IBOR|GBPUSD|M15|london|2021-07-14|60|IB60|OR30,IB_OR_BREAK_ONLY_SAME_DAY_SESSION_CLOSE,RELATION_P0,or_break_only_same_day_session_close_observed,IBORONLY|IBORB|IBORFB|IBOR|GBPUSD|M15|london|2021-07-14|60|IB60|OR30,GBPUSD,M15,london,Europe/London,2021-07-14,down,wick,2021-07-14T07:30:00Z,1.38146,1.38149,1.38146,0.00003,61,1,2021-07-14T07:45:00Z,1.3817,-0.00021,1.38568,0,same_local_date_after_or_break_only
IBORONLYSC|IBORONLY|IBORB|IBORFB|IBOR|GBPUSD|M15|london|2021-07-15|60|IB60|OR30,IB_OR_BREAK_ONLY_SAME_DAY_SESSION_CLOSE,RELATION_P0,or_break_only_same_day_session_close_observed,IBORONLY|IBORB|IBORFB|IBOR|GBPUSD|M15|london|2021-07-15|60|IB60|OR30,GBPUSD,M15,london,Europe/London,2021-07-15,up,close,2021-07-15T07:30:00Z,1.38393,1.38378,1.38396,0.00018,61,1,2021-07-15T07:45:00Z,1.38983,0.00605,1.38236,0,same_local_date_after_or_break_only
IBORONLYSC|IBORONLY|IBORB|IBORFB|IBOR|GBPUSD|M15|new_york|2021-07-15|60|IB60|OR30,IB_OR_BREAK_ONLY_SAME_DAY_SESSION_CLOSE,RELATION_P0,or_break_only_same_day_session_close_observed,IBORONLY|IBORB|IBORFB|IBOR|GBPUSD|M15|new_york|2021-07-15|60|IB60|OR30,GBPUSD,M15,new_york,America/New_York,2021-07-15,down,close,2021-07-15T14:00:00Z,1.38683,1.38688,1.38589,0.00099,55,1,2021-07-15T14:15:00Z,1.38041,0.00647,1.38308,1,same_local_date_after_or_break_only
IBORONLYSC|IBORONLY|IBORB|IBORFB|IBOR|GBPUSD|M15|london|2021-07-16|60|IB60|OR30,IB_OR_BREAK_ONLY_SAME_DAY_SESSION_CLOSE,RELATION_P0,or_break_only_same_day_session_close_observed,IBORONLY|IBORB|IBORFB|IBOR|GBPUSD|M15|london|2021-07-16|60|IB60|OR30,GBPUSD,M15,london,Europe/London,2021-07-16,down,close,2021-07-16T07:30:00Z,1.38344,1.38358,1.38337,0.00021,61,1,2021-07-16T07:45:00Z,1.37601,0.00757,1.37604,1,same_local_date_after_or_break_only
IBORONLYSC|IBORONLY|IBORB|IBORFB|IBOR|GBPUSD|M15|new_york|2021-07-16|60|IB60|OR30,IB_OR_BREAK_ONLY_SAME_DAY_SESSION_CLOSE,RELATION_P0,or_break_only_same_day_session_close_observed,IBORONLY|IBORB|IBORFB|IBOR|GBPUSD|M15|new_york|2021-07-16|60|IB60|OR30,GBPUSD,M15,new_york,America/New_York,2021-07-16,down,wick,2021-07-16T14:00:00Z,1.37994,1.38024,1.37994,0.00030,39,1,2021-07-16T14:15:00Z,1.37601,0.00423,1.37641,1,same_local_date_after_or_break_only
IBORONLYSC|IBORONLY|IBORB|IBORFB|IBOR|GBPUSD|M15|london|2021-07-19|60|IB60|OR30,IB_OR_BREAK_ONLY_SAME_DAY_SESSION_CLOSE,RELATION_P0,or_break_only_same_day_session_close_observed,IBORONLY|IBORB|IBORFB|IBOR|GBPUSD|M15|london|2021-07-19|60|IB60|OR30,GBPUSD,M15,london,Europe/London,2021-07-19,down,close,2021-07-19T07:45:00Z,1.37548,1.37554,1.37524,0.00030,60,1,2021-07-19T08:00:00Z,1.36539,0.01015,1.36687,1,same_local_date_after_or_break_only
IBORONLYSC|IBORONLY|IBORB|IBORFB|IBOR|GBPUSD|M15|new_york|2021-07-19|60|IB60|OR30,IB_OR_BREAK_ONLY_SAME_DAY_SESSION_CLOSE,RELATION_P0,or_break_only_same_day_session_close_observed,IBORONLY|IBORB|IBORFB|IBOR|GBPUSD|M15|new_york|2021-07-19|60|IB60|OR30,GBPUSD,M15,new_york,America/New_York,2021-07-19,down,close,2021-07-19T14:00:00Z,1.37018,1.37025,1.36997,0.00028,55,1,2021-07-19T14:15:00Z,1.36539,0.00486,1.36685,1,same_local_date_after_or_break_only
IBORONLYSC|IBORONLY|IBORB|IBORFB|IBOR|GBPUSD|M15|london|2021-07-20|60|IB60|OR30,IB_OR_BREAK_ONLY_SAME_DAY_SESSION_CLOSE,RELATION_P0,or_break_only_same_day_session_close_observed,IBORONLY|IBORB|IBORFB|IBOR|GBPUSD|M15|london|2021-07-20|60|IB60|OR30,GBPUSD,M15,london,Europe/London,2021-07-20,up,wick,2021-07-20T07:45:00Z,1.36725,1.36711,1.36725,0.00014,60,1,2021-07-20T08:00:00Z,1.36762,0.00051,1.36292,0,same_local_date_after_or_break_only
IBORONLYSC|IBORONLY|IBORB|IBORFB|IBOR|GBPUSD|M15|new_york|2021-07-20|60|IB60|OR30,IB_OR_BREAK_ONLY_SAME_DAY_SESSION_CLOSE,RELATION_P0,or_break_only_same_day_session_close_observed,IBORONLY|IBORB|IBORFB|IBOR|GBPUSD|M15|new_york|2021-07-20|60|IB60|OR30,GBPUSD,M15,new_york,America/New_York,2021-07-20,down,close,2021-07-20T14:00:00Z,1.36122,1.36164,1.36058,0.00106,55,1,2021-07-20T14:15:00Z,1.35713,0.00451,1.36335,0,same_local_date_after_or_break_only
IBORONLYSC|IBORONLY|IBORB|IBORFB|IBOR|GBPUSD|M15|london|2021-07-21|60|IB60|OR30,IB_OR_BREAK_ONLY_SAME_DAY_SESSION_CLOSE,RELATION_P0,or_break_only_same_day_session_close_observed,IBORONLY|IBORB|IBORFB|IBOR|GBPUSD|M15|london|2021-07-21|60|IB60|OR30,GBPUSD,M15,london,Europe/London,2021-07-21,down,wick,2021-07-21T07:30:00Z,1.36125,1.36146,1.36125,0.00021,61,1,2021-07-21T07:45:00Z,1.35906,0.00240,1.3718,0,same_local_date_after_or_break_only
IBORONLYSC|IBORONLY|IBORB|IBORFB|IBOR|GBPUSD|M15|new_york|2021-07-21|60|IB60|OR30,IB_OR_BREAK_ONLY_SAME_DAY_SESSION_CLOSE,RELATION_P0,or_break_only_same_day_session_close_observed,IBORONLY|IBORB|IBORFB|IBOR|GBPUSD|M15|new_york|2021-07-21|60|IB60|OR30,GBPUSD,M15,new_york,America/New_York,2021-07-21,down,wick,2021-07-21T14:00:00Z,1.35952,1.36013,1.35952,0.00061,55,1,2021-07-21T14:15:00Z,1.36072,-0.00059,1.36978,0,same_local_date_after_or_break_only
IBORONLYSC|IBORONLY|IBORB|IBORFB|IBOR|GBPUSD|M15|london|2021-07-22|60|IB60|OR30,IB_OR_BREAK_ONLY_SAME_DAY_SESSION_CLOSE,RELATION_P0,or_break_only_same_day_session_close_observed,IBORONLY|IBORB|IBORFB|IBOR|GBPUSD|M15|london|2021-07-22|60|IB60|OR30,GBPUSD,M15,london,Europe/London,2021-07-22,up,close,2021-07-22T07:30:00Z,1.37154,1.37153,1.37186,0.00033,61,1,2021-07-22T07:45:00Z,1.37867,0.00714,1.37664,1,same_local_date_after_or_break_only
IBORONLYSC|IBORONLY|IBORB|IBORFB|IBOR|GBPUSD|M15|new_york|2021-07-22|60|IB60|OR30,IB_OR_BREAK_ONLY_SAME_DAY_SESSION_CLOSE,RELATION_P0,or_break_only_same_day_session_close_observed,IBORONLY|IBORB|IBORFB|IBOR|GBPUSD|M15|new_york|2021-07-22|60|IB60|OR30,GBPUSD,M15,new_york,America/New_York,2021-07-22,down,wick,2021-07-22T14:15:00Z,1.37498,1.37526,1.37498,0.00028,54,1,2021-07-22T14:30:00Z,1.37396,0.00130,1.37734,0,same_local_date_after_or_break_only
IBORONLYSC|IBORONLY|IBORB|IBORFB|IBOR|GBPUSD|M15|new_york|2021-07-23|60|IB60|OR30,IB_OR_BREAK_ONLY_SAME_DAY_SESSION_CLOSE,RELATION_P0,or_break_only_same_day_session_close_observed,IBORONLY|IBORB|IBORFB|IBOR|GBPUSD|M15|new_york|2021-07-23|60|IB60|OR30,GBPUSD,M15,new_york,America/New_York,2021-07-23,down,wick,2021-07-23T14:00:00Z,1.37234,1.37281,1.37195,0.00086,39,1,2021-07-23T14:15:00Z,1.37195,0.00086,1.3747,0,same_local_date_after_or_break_only
IBORONLYSC|IBORONLY|IBORB|IBORFB|IBOR|GBPUSD|M15|london|2021-07-26|60|IB60|OR30,IB_OR_BREAK_ONLY_SAME_DAY_SESSION_CLOSE,RELATION_P0,or_break_only_same_day_session_close_observed,IBORONLY|IBORB|IBORFB|IBOR|GBPUSD|M15|london|2021-07-26|60|IB60|OR30,GBPUSD,M15,london,Europe/London,2021-07-26,up,close,2021-07-26T07:30:00Z,1.37545,1.37486,1.37547,0.00061,61,1,2021-07-26T09:00:00Z,1.38327,0.00841,1.38215,1,same_local_date_after_or_break_only
IBORONLYSC|IBORONLY|IBORB|IBORFB|IBOR|GBPUSD|M15|new_york|2021-07-26|60|IB60|OR30,IB_OR_BREAK_ONLY_SAME_DAY_SESSION_CLOSE,RELATION_P0,or_break_only_same_day_session_close_observed,IBORONLY|IBORB|IBORFB|IBOR|GBPUSD|M15|new_york|2021-07-26|60|IB60|OR30,GBPUSD,M15,new_york,America/New_York,2021-07-26,down,wick,2021-07-26T14:00:00Z,1.37776,1.37829,1.37776,0.00053,55,1,2021-07-26T14:15:00Z,1.37732,0.00097,1.38242,0,same_local_date_after_or_break_only
IBORONLYSC|IBORONLY|IBORB|IBORFB|IBOR|GBPUSD|M15|london|2021-07-27|60|IB60|OR30,IB_OR_BREAK_ONLY_SAME_DAY_SESSION_CLOSE,RELATION_P0,or_break_only_same_day_session_close_observed,IBORONLY|IBORB|IBORFB|IBOR|GBPUSD|M15|london|2021-07-27|60|IB60|OR30,GBPUSD,M15,london,Europe/London,2021-07-27,down,wick,2021-07-27T07:45:00Z,1.38234,1.38238,1.38234,0.00004,60,1,2021-07-27T08:00:00Z,1.3766,0.00578,1.38843,0,same_local_date_after_or_break_only
IBORONLYSC|IBORONLY|IBORB|IBORFB|IBOR|GBPUSD|M15|london|2021-07-28|60|IB60|OR30,IB_OR_BREAK_ONLY_SAME_DAY_SESSION_CLOSE,RELATION_P0,or_break_only_same_day_session_close_observed,IBORONLY|IBORB|IBORFB|IBOR|GBPUSD|M15|london|2021-07-28|60|IB60|OR30,GBPUSD,M15,london,Europe/London,2021-07-28,down,close,2021-07-28T07:45:00Z,1.38705,1.38719,1.38705,0.00014,60,1,2021-07-28T08:45:00Z,1.38419,0.00300,1.39074,0,same_local_date_after_or_break_only
IBORONLYSC|IBORONLY|IBORB|IBORFB|IBOR|GBPUSD|M15|new_york|2021-07-28|60|IB60|OR30,IB_OR_BREAK_ONLY_SAME_DAY_SESSION_CLOSE,RELATION_P0,or_break_only_same_day_session_close_observed,IBORONLY|IBORB|IBORFB|IBOR|GBPUSD|M15|new_york|2021-07-28|60|IB60|OR30,GBPUSD,M15,new_york,America/New_York,2021-07-28,up,wick,2021-07-28T14:00:00Z,1.3884,1.38808,1.38840,0.00032,55,1,2021-07-28T14:15:00Z,1.39104,0.00296,1.39038,1,same_local_date_after_or_break_only
IBORONLYSC|IBORONLY|IBORB|IBORFB|IBOR|GBPUSD|M15|london|2021-07-29|60|IB60|OR30,IB_OR_BREAK_ONLY_SAME_DAY_SESSION_CLOSE,RELATION_P0,or_break_only_same_day_session_close_observed,IBORONLY|IBORB|IBORFB|IBOR|GBPUSD|M15|london|2021-07-29|60|IB60|OR30,GBPUSD,M15,london,Europe/London,2021-07-29,up,wick,2021-07-29T07:45:00Z,1.3931,1.39285,1.39310,0.00025,60,1,2021-07-29T08:00:00Z,1.39812,0.00527,1.39635,1,same_local_date_after_or_break_only
IBORONLYSC|IBORONLY|IBORB|IBORFB|IBOR|GBPUSD|M15|new_york|2021-07-29|60|IB60|OR30,IB_OR_BREAK_ONLY_SAME_DAY_SESSION_CLOSE,RELATION_P0,or_break_only_same_day_session_close_observed,IBORONLY|IBORB|IBORFB|IBOR|GBPUSD|M15|new_york|2021-07-29|60|IB60|OR30,GBPUSD,M15,new_york,America/New_York,2021-07-29,up,wick,2021-07-29T14:00:00Z,1.39612,1.39606,1.39635,0.00029,55,1,2021-07-29T14:15:00Z,1.39812,0.00206,1.39482,0,same_local_date_after_or_break_only
IBORONLYSC|IBORONLY|IBORB|IBORFB|IBOR|GBPUSD|M15|london|2021-07-30|60|IB60|OR30,IB_OR_BREAK_ONLY_SAME_DAY_SESSION_CLOSE,RELATION_P0,or_break_only_same_day_session_close_observed,IBORONLY|IBORB|IBORFB|IBOR|GBPUSD|M15|london|2021-07-30|60|IB60|OR30,GBPUSD,M15,london,Europe/London,2021-07-30,up,close,2021-07-30T07:30:00Z,1.39481,1.39475,1.39503,0.00028,61,1,2021-07-30T07:45:00Z,1.39828,0.00353,1.38978,0,same_local_date_after_or_break_only
IBORONLYSC|IBORONLY|IBORB|IBORFB|IBOR|GBPUSD|M15|new_york|2021-07-30|60|IB60|OR30,IB_OR_BREAK_ONLY_SAME_DAY_SESSION_CLOSE,RELATION_P0,or_break_only_same_day_session_close_observed,IBORONLY|IBORB|IBORFB|IBOR|GBPUSD|M15|new_york|2021-07-30|60|IB60|OR30,GBPUSD,M15,new_york,America/New_York,2021-07-30,down,close,2021-07-30T14:00:00Z,1.39626,1.39653,1.39598,0.00055,39,1,2021-07-30T14:15:00Z,1.38873,0.00780,1.39057,1,same_local_date_after_or_break_only
IBORONLYSC|IBORONLY|IBORB|IBORFB|IBOR|GBPUSD|M15|london|2021-08-02|60|IB60|OR30,IB_OR_BREAK_ONLY_SAME_DAY_SESSION_CLOSE,RELATION_P0,or_break_only_same_day_session_close_observed,IBORONLY|IBORB|IBORFB|IBOR|GBPUSD|M15|london|2021-08-02|60|IB60|OR30,GBPUSD,M15,london,Europe/London,2021-08-02,down,wick,2021-08-02T07:45:00Z,1.38976,1.38979,1.38976,0.00003,60,1,2021-08-02T08:00:00Z,1.38749,0.00230,1.38907,1,same_local_date_after_or_break_only
IBORONLYSC|IBORONLY|IBORB|IBORFB|IBOR|GBPUSD|M15|london|2021-08-03|60|IB60|OR30,IB_OR_BREAK_ONLY_SAME_DAY_SESSION_CLOSE,RELATION_P0,or_break_only_same_day_session_close_observed,IBORONLY|IBORB|IBORFB|IBOR|GBPUSD|M15|london|2021-08-03|60|IB60|OR30,GBPUSD,M15,london,Europe/London,2021-08-03,up,wick,2021-08-03T07:30:00Z,1.39038,1.38980,1.39038,0.00058,61,1,2021-08-03T07:45:00Z,1.39381,0.00401,1.3918,1,same_local_date_after_or_break_only
IBORONLYSC|IBORONLY|IBORB|IBORFB|IBOR|GBPUSD|M15|new_york|2021-08-03|60|IB60|OR30,IB_OR_BREAK_ONLY_SAME_DAY_SESSION_CLOSE,RELATION_P0,or_break_only_same_day_session_close_observed,IBORONLY|IBORB|IBORFB|IBOR|GBPUSD|M15|new_york|2021-08-03|60|IB60|OR30,GBPUSD,M15,new_york,America/New_York,2021-08-03,up,wick,2021-08-03T14:00:00Z,1.39381,1.39347,1.39381,0.00034,55,1,2021-08-03T14:15:00Z,1.39375,0.00028,1.39027,0,same_local_date_after_or_break_only
IBORONLYSC|IBORONLY|IBORB|IBORFB|IBOR|GBPUSD|M15|new_york|2021-08-04|60|IB60|OR30,IB_OR_BREAK_ONLY_SAME_DAY_SESSION_CLOSE,RELATION_P0,or_break_only_same_day_session_close_observed,IBORONLY|IBORB|IBORFB|IBOR|GBPUSD|M15|new_york|2021-08-04|60|IB60|OR30,GBPUSD,M15,new_york,America/New_York,2021-08-04,down,wick,2021-08-04T14:00:00Z,1.39178,1.39222,1.39178,0.00044,55,1,2021-08-04T14:15:00Z,1.38848,0.00374,1.38865,1,same_local_date_after_or_break_only
IBORONLYSC|IBORONLY|IBORB|IBORFB|IBOR|GBPUSD|M15|london|2021-08-06|60|IB60|OR30,IB_OR_BREAK_ONLY_SAME_DAY_SESSION_CLOSE,RELATION_P0,or_break_only_same_day_session_close_observed,IBORONLY|IBORB|IBORFB|IBOR|GBPUSD|M15|london|2021-08-06|60|IB60|OR30,GBPUSD,M15,london,Europe/London,2021-08-06,down,wick,2021-08-06T07:30:00Z,1.39166,1.39173,1.39166,0.00007,61,1,2021-08-06T07:45:00Z,1.38608,0.00565,1.38765,1,same_local_date_after_or_break_only
IBORONLYSC|IBORONLY|IBORB|IBORFB|IBOR|GBPUSD|M15|new_york|2021-08-06|60|IB60|OR30,IB_OR_BREAK_ONLY_SAME_DAY_SESSION_CLOSE,RELATION_P0,or_break_only_same_day_session_close_observed,IBORONLY|IBORB|IBORFB|IBOR|GBPUSD|M15|new_york|2021-08-06|60|IB60|OR30,GBPUSD,M15,new_york,America/New_York,2021-08-06,down,wick,2021-08-06T14:00:00Z,1.39043,1.39071,1.39043,0.00028,39,1,2021-08-06T14:15:00Z,1.38608,0.00463,1.3872,1,same_local_date_after_or_break_only
IBORONLYSC|IBORONLY|IBORB|IBORFB|IBOR|GBPUSD|M15|london|2021-08-09|60|IB60|OR30,IB_OR_BREAK_ONLY_SAME_DAY_SESSION_CLOSE,RELATION_P0,or_break_only_same_day_session_close_observed,IBORONLY|IBORB|IBORFB|IBOR|GBPUSD|M15|london|2021-08-09|60|IB60|OR30,GBPUSD,M15,london,Europe/London,2021-08-09,up,close,2021-08-09T07:30:00Z,1.38691,1.38687,1.38699,0.00012,61,1,2021-08-09T07:45:00Z,1.3894,0.00253,1.38457,0,same_local_date_after_or_break_only
IBORONLYSC|IBORONLY|IBORB|IBORFB|IBOR|GBPUSD|M15|new_york|2021-08-09|60|IB60|OR30,IB_OR_BREAK_ONLY_SAME_DAY_SESSION_CLOSE,RELATION_P0,or_break_only_same_day_session_close_observed,IBORONLY|IBORB|IBORFB|IBOR|GBPUSD|M15|new_york|2021-08-09|60|IB60|OR30,GBPUSD,M15,new_york,America/New_York,2021-08-09,down,wick,2021-08-09T14:00:00Z,1.38776,1.38784,1.38776,0.00008,55,1,2021-08-09T14:15:00Z,1.38403,0.00381,1.38502,1,same_local_date_after_or_break_only
IBORONLYSC|IBORONLY|IBORB|IBORFB|IBOR|GBPUSD|M15|london|2021-08-10|60|IB60|OR30,IB_OR_BREAK_ONLY_SAME_DAY_SESSION_CLOSE,RELATION_P0,or_break_only_same_day_session_close_observed,IBORONLY|IBORB|IBORFB|IBOR|GBPUSD|M15|london|2021-08-10|60|IB60|OR30,GBPUSD,M15,london,Europe/London,2021-08-10,down,close,2021-08-10T07:30:00Z,1.38449,1.38459,1.38426,0.00033,61,1,2021-08-10T08:15:00Z,1.38268,0.00191,1.38343,1,same_local_date_after_or_break_only
IBORONLYSC|IBORONLY|IBORB|IBORFB|IBOR|GBPUSD|M15|new_york|2021-08-10|60|IB60|OR30,IB_OR_BREAK_ONLY_SAME_DAY_SESSION_CLOSE,RELATION_P0,or_break_only_same_day_session_close_observed,IBORONLY|IBORB|IBORFB|IBOR|GBPUSD|M15|new_york|2021-08-10|60|IB60|OR30,GBPUSD,M15,new_york,America/New_York,2021-08-10,up,close,2021-08-10T14:00:00Z,1.38618,1.38616,1.38640,0.00024,55,1,2021-08-10T14:15:00Z,1.3868,0.00064,1.38233,0,same_local_date_after_or_break_only
IBORONLYSC|IBORONLY|IBORB|IBORFB|IBOR|GBPUSD|M15|london|2021-08-12|60|IB60|OR30,IB_OR_BREAK_ONLY_SAME_DAY_SESSION_CLOSE,RELATION_P0,or_break_only_same_day_session_close_observed,IBORONLY|IBORB|IBORFB|IBOR|GBPUSD|M15|london|2021-08-12|60|IB60|OR30,GBPUSD,M15,london,Europe/London,2021-08-12,down,close,2021-08-12T07:30:00Z,1.38696,1.38722,1.38672,0.00050,61,1,2021-08-12T08:45:00Z,1.37939,0.00783,1.38053,1,same_local_date_after_or_break_only
IBORONLYSC|IBORONLY|IBORB|IBORFB|IBOR|GBPUSD|M15|new_york|2021-08-12|60|IB60|OR30,IB_OR_BREAK_ONLY_SAME_DAY_SESSION_CLOSE,RELATION_P0,or_break_only_same_day_session_close_observed,IBORONLY|IBORB|IBORFB|IBOR|GBPUSD|M15|new_york|2021-08-12|60|IB60|OR30,GBPUSD,M15,new_york,America/New_York,2021-08-12,down,wick,2021-08-12T14:00:00Z,1.38452,1.38497,1.38452,0.00045,55,1,2021-08-12T14:15:00Z,1.37939,0.00558,1.38094,1,same_local_date_after_or_break_only
IBORONLYSC|IBORONLY|IBORB|IBORFB|IBOR|GBPUSD|M15|london|2021-08-13|60|IB60|OR30,IB_OR_BREAK_ONLY_SAME_DAY_SESSION_CLOSE,RELATION_P0,or_break_only_same_day_session_close_observed,IBORONLY|IBORB|IBORFB|IBOR|GBPUSD|M15|london|2021-08-13|60|IB60|OR30,GBPUSD,M15,london,Europe/London,2021-08-13,down,wick,2021-08-13T07:30:00Z,1.38122,1.38130,1.38122,0.00008,61,1,2021-08-13T07:45:00Z,1.37902,0.00228,1.38693,0,same_local_date_after_or_break_only
IBORONLYSC|IBORONLY|IBORB|IBORFB|IBOR|GBPUSD|M15|london|2021-08-16|60|IB60|OR30,IB_OR_BREAK_ONLY_SAME_DAY_SESSION_CLOSE,RELATION_P0,or_break_only_same_day_session_close_observed,IBORONLY|IBORB|IBORFB|IBOR|GBPUSD|M15|london|2021-08-16|60|IB60|OR30,GBPUSD,M15,london,Europe/London,2021-08-16,up,wick,2021-08-16T07:30:00Z,1.3856,1.38556,1.38570,0.00014,61,1,2021-08-16T07:45:00Z,1.38776,0.00220,1.38384,0,same_local_date_after_or_break_only
IBORONLYSC|IBORONLY|IBORB|IBORFB|IBOR|GBPUSD|M15|london|2021-08-17|60|IB60|OR30,IB_OR_BREAK_ONLY_SAME_DAY_SESSION_CLOSE,RELATION_P0,or_break_only_same_day_session_close_observed,IBORONLY|IBORB|IBORFB|IBOR|GBPUSD|M15|london|2021-08-17|60|IB60|OR30,GBPUSD,M15,london,Europe/London,2021-08-17,up,wick,2021-08-17T07:45:00Z,1.38199,1.38185,1.38199,0.00014,60,1,2021-08-17T08:00:00Z,1.38295,0.00110,1.37378,0,same_local_date_after_or_break_only
IBORONLYSC|IBORONLY|IBORB|IBORFB|IBOR|GBPUSD|M15|london|2021-08-18|60|IB60|OR30,IB_OR_BREAK_ONLY_SAME_DAY_SESSION_CLOSE,RELATION_P0,or_break_only_same_day_session_close_observed,IBORONLY|IBORB|IBORFB|IBOR|GBPUSD|M15|london|2021-08-18|60|IB60|OR30,GBPUSD,M15,london,Europe/London,2021-08-18,down,close,2021-08-18T07:30:00Z,1.37427,1.37485,1.37414,0.00071,61,1,2021-08-18T09:45:00Z,1.37298,0.00187,1.37566,0,same_local_date_after_or_break_only
IBORONLYSC|IBORONLY|IBORB|IBORFB|IBOR|GBPUSD|M15|new_york|2021-08-18|60|IB60|OR30,IB_OR_BREAK_ONLY_SAME_DAY_SESSION_CLOSE,RELATION_P0,or_break_only_same_day_session_close_observed,IBORONLY|IBORB|IBORFB|IBOR|GBPUSD|M15|new_york|2021-08-18|60|IB60|OR30,GBPUSD,M15,new_york,America/New_York,2021-08-18,down,wick,2021-08-18T14:00:00Z,1.37483,1.37494,1.37472,0.00022,55,1,2021-08-18T14:15:00Z,1.37319,0.00175,1.37329,1,same_local_date_after_or_break_only
IBORONLYSC|IBORONLY|IBORB|IBORFB|IBOR|GBPUSD|M15|london|2021-08-19|60|IB60|OR30,IB_OR_BREAK_ONLY_SAME_DAY_SESSION_CLOSE,RELATION_P0,or_break_only_same_day_session_close_observed,IBORONLY|IBORB|IBORFB|IBOR|GBPUSD|M15|london|2021-08-19|60|IB60|OR30,GBPUSD,M15,london,Europe/London,2021-08-19,down,close,2021-08-19T07:30:00Z,1.37192,1.37193,1.37167,0.00026,61,1,2021-08-19T07:45:00Z,1.36314,0.00879,1.36335,1,same_local_date_after_or_break_only
IBORONLYSC|IBORONLY|IBORB|IBORFB|IBOR|GBPUSD|M15|new_york|2021-08-19|60|IB60|OR30,IB_OR_BREAK_ONLY_SAME_DAY_SESSION_CLOSE,RELATION_P0,or_break_only_same_day_session_close_observed,IBORONLY|IBORB|IBORFB|IBOR|GBPUSD|M15|new_york|2021-08-19|60|IB60|OR30,GBPUSD,M15,new_york,America/New_York,2021-08-19,down,wick,2021-08-19T14:00:00Z,1.36825,1.36858,1.36825,0.00033,55,1,2021-08-19T14:15:00Z,1.36273,0.00585,1.36398,1,same_local_date_after_or_break_only
IBORONLYSC|IBORONLY|IBORB|IBORFB|IBOR|GBPUSD|M15|new_york|2021-08-20|60|IB60|OR30,IB_OR_BREAK_ONLY_SAME_DAY_SESSION_CLOSE,RELATION_P0,or_break_only_same_day_session_close_observed,IBORONLY|IBORB|IBORFB|IBOR|GBPUSD|M15|new_york|2021-08-20|60|IB60|OR30,GBPUSD,M15,new_york,America/New_York,2021-08-20,down,wick,2021-08-20T14:15:00Z,1.36102,1.36116,1.36102,0.00014,38,1,2021-08-20T14:30:00Z,1.36015,0.00101,1.36225,0,same_local_date_after_or_break_only
IBORONLYSC|IBORONLY|IBORB|IBORFB|IBOR|GBPUSD|M15|london|2021-08-23|60|IB60|OR30,IB_OR_BREAK_ONLY_SAME_DAY_SESSION_CLOSE,RELATION_P0,or_break_only_same_day_session_close_observed,IBORONLY|IBORB|IBORFB|IBOR|GBPUSD|M15|london|2021-08-23|60|IB60|OR30,GBPUSD,M15,london,Europe/London,2021-08-23,down,wick,2021-08-23T07:30:00Z,1.36423,1.36444,1.36423,0.00021,61,1,2021-08-23T07:45:00Z,1.36318,0.00126,1.37274,0,same_local_date_after_or_break_only
IBORONLYSC|IBORONLY|IBORB|IBORFB|IBOR|GBPUSD|M15|new_york|2021-08-23|60|IB60|OR30,IB_OR_BREAK_ONLY_SAME_DAY_SESSION_CLOSE,RELATION_P0,or_break_only_same_day_session_close_observed,IBORONLY|IBORB|IBORFB|IBOR|GBPUSD|M15|new_york|2021-08-23|60|IB60|OR30,GBPUSD,M15,new_york,America/New_York,2021-08-23,up,wick,2021-08-23T14:15:00Z,1.36791,1.36781,1.36791,0.00010,54,1,2021-08-23T14:30:00Z,1.37315,0.00534,1.3715,1,same_local_date_after_or_break_only
IBORONLYSC|IBORONLY|IBORB|IBORFB|IBOR|GBPUSD|M15|london|2021-08-24|60|IB60|OR30,IB_OR_BREAK_ONLY_SAME_DAY_SESSION_CLOSE,RELATION_P0,or_break_only_same_day_session_close_observed,IBORONLY|IBORB|IBORFB|IBOR|GBPUSD|M15|london|2021-08-24|60|IB60|OR30,GBPUSD,M15,london,Europe/London,2021-08-24,up,close,2021-08-24T07:30:00Z,1.37233,1.37202,1.37252,0.00050,61,1,2021-08-24T10:30:00Z,1.37472,0.00270,1.37307,1,same_local_date_after_or_break_only
IBORONLYSC|IBORONLY|IBORB|IBORFB|IBOR|GBPUSD|M15|new_york|2021-08-24|60|IB60|OR30,IB_OR_BREAK_ONLY_SAME_DAY_SESSION_CLOSE,RELATION_P0,or_break_only_same_day_session_close_observed,IBORONLY|IBORB|IBORFB|IBOR|GBPUSD|M15|new_york|2021-08-24|60|IB60|OR30,GBPUSD,M15,new_york,America/New_York,2021-08-24,down,close,2021-08-24T14:00:00Z,1.37161,1.37165,1.37119,0.00046,55,1,2021-08-24T14:15:00Z,1.3706,0.00105,1.3719,0,same_local_date_after_or_break_only
IBORONLYSC|IBORONLY|IBORB|IBORFB|IBOR|GBPUSD|M15|london|2021-08-26|60|IB60|OR30,IB_OR_BREAK_ONLY_SAME_DAY_SESSION_CLOSE,RELATION_P0,or_break_only_same_day_session_close_observed,IBORONLY|IBORB|IBORFB|IBOR|GBPUSD|M15|london|2021-08-26|60|IB60|OR30,GBPUSD,M15,london,Europe/London,2021-08-26,up,close,2021-08-26T07:30:00Z,1.37584,1.37574,1.37585,0.00011,61,1,2021-08-26T07:45:00Z,1.37584,0.00010,1.3699,0,same_local_date_after_or_break_only
IBORONLYSC|IBORONLY|IBORB|IBORFB|IBOR|GBPUSD|M15|new_york|2021-08-26|60|IB60|OR30,IB_OR_BREAK_ONLY_SAME_DAY_SESSION_CLOSE,RELATION_P0,or_break_only_same_day_session_close_observed,IBORONLY|IBORB|IBORFB|IBOR|GBPUSD|M15|new_york|2021-08-26|60|IB60|OR30,GBPUSD,M15,new_york,America/New_York,2021-08-26,down,wick,2021-08-26T14:00:00Z,1.37315,1.37369,1.37315,0.00054,55,1,2021-08-26T14:15:00Z,1.36795,0.00574,1.36822,1,same_local_date_after_or_break_only
IBORONLYSC|IBORONLY|IBORB|IBORFB|IBOR|GBPUSD|M15|london|2021-08-27|60|IB60|OR30,IB_OR_BREAK_ONLY_SAME_DAY_SESSION_CLOSE,RELATION_P0,or_break_only_same_day_session_close_observed,IBORONLY|IBORB|IBORFB|IBOR|GBPUSD|M15|london|2021-08-27|60|IB60|OR30,GBPUSD,M15,london,Europe/London,2021-08-27,up,close,2021-08-27T07:45:00Z,1.37003,1.36988,1.37006,0.00018,60,1,2021-08-27T08:00:00Z,1.37804,0.00816,1.37627,1,same_local_date_after_or_break_only
IBORONLYSC|IBORONLY|IBORB|IBORFB|IBOR|GBPUSD|M15|new_york|2021-08-27|60|IB60|OR30,IB_OR_BREAK_ONLY_SAME_DAY_SESSION_CLOSE,RELATION_P0,or_break_only_same_day_session_close_observed,IBORONLY|IBORB|IBORFB|IBOR|GBPUSD|M15|new_york|2021-08-27|60|IB60|OR30,GBPUSD,M15,new_york,America/New_York,2021-08-27,up,close,2021-08-27T14:15:00Z,1.37128,1.37106,1.37139,0.00033,38,1,2021-08-27T16:00:00Z,1.37804,0.00698,1.37604,1,same_local_date_after_or_break_only
IBORONLYSC|IBORONLY|IBORB|IBORFB|IBOR|GBPUSD|M15|london|2021-08-30|60|IB60|OR30,IB_OR_BREAK_ONLY_SAME_DAY_SESSION_CLOSE,RELATION_P0,or_break_only_same_day_session_close_observed,IBORONLY|IBORB|IBORFB|IBOR|GBPUSD|M15|london|2021-08-30|60|IB60|OR30,GBPUSD,M15,london,Europe/London,2021-08-30,up,wick,2021-08-30T07:30:00Z,1.37703,1.37702,1.37704,0.00002,61,1,2021-08-30T07:45:00Z,1.37744,0.00042,1.37595,0,same_local_date_after_or_break_only
IBORONLYSC|IBORONLY|IBORB|IBORFB|IBOR|GBPUSD|M15|new_york|2021-08-30|60|IB60|OR30,IB_OR_BREAK_ONLY_SAME_DAY_SESSION_CLOSE,RELATION_P0,or_break_only_same_day_session_close_observed,IBORONLY|IBORB|IBORFB|IBOR|GBPUSD|M15|new_york|2021-08-30|60|IB60|OR30,GBPUSD,M15,new_york,America/New_York,2021-08-30,down,wick,2021-08-30T14:00:00Z,1.37493,1.37501,1.37481,0.00020,55,1,2021-08-30T14:15:00Z,1.37333,0.00168,1.3762,0,same_local_date_after_or_break_only
IBORONLYSC|IBORONLY|IBORB|IBORFB|IBOR|GBPUSD|M15|new_york|2021-08-31|60|IB60|OR30,IB_OR_BREAK_ONLY_SAME_DAY_SESSION_CLOSE,RELATION_P0,or_break_only_same_day_session_close_observed,IBORONLY|IBORB|IBORFB|IBOR|GBPUSD|M15|new_york|2021-08-31|60|IB60|OR30,GBPUSD,M15,new_york,America/New_York,2021-08-31,up,close,2021-08-31T14:15:00Z,1.37832,1.37790,1.37857,0.00067,54,1,2021-08-31T15:15:00Z,1.3807,0.00280,1.37368,0,same_local_date_after_or_break_only
IBORONLYSC|IBORONLY|IBORB|IBORFB|IBOR|GBPUSD|M15|london|2021-09-01|60|IB60|OR30,IB_OR_BREAK_ONLY_SAME_DAY_SESSION_CLOSE,RELATION_P0,or_break_only_same_day_session_close_observed,IBORONLY|IBORB|IBORFB|IBOR|GBPUSD|M15|london|2021-09-01|60|IB60|OR30,GBPUSD,M15,london,Europe/London,2021-09-01,up,wick,2021-09-01T07:30:00Z,1.3738,1.37379,1.37380,0.00001,61,1,2021-09-01T07:45:00Z,1.37977,0.00598,1.37688,1,same_local_date_after_or_break_only
IBORONLYSC|IBORONLY|IBORB|IBORFB|IBOR|GBPUSD|M15|new_york|2021-09-01|60|IB60|OR30,IB_OR_BREAK_ONLY_SAME_DAY_SESSION_CLOSE,RELATION_P0,or_break_only_same_day_session_close_observed,IBORONLY|IBORB|IBORFB|IBOR|GBPUSD|M15|new_york|2021-09-01|60|IB60|OR30,GBPUSD,M15,new_york,America/New_York,2021-09-01,up,wick,2021-09-01T14:00:00Z,1.37624,1.37613,1.37624,0.00011,55,1,2021-09-01T14:15:00Z,1.37977,0.00364,1.37742,1,same_local_date_after_or_break_only
IBORONLYSC|IBORONLY|IBORB|IBORFB|IBOR|GBPUSD|M15|london|2021-09-02|60|IB60|OR30,IB_OR_BREAK_ONLY_SAME_DAY_SESSION_CLOSE,RELATION_P0,or_break_only_same_day_session_close_observed,IBORONLY|IBORB|IBORFB|IBOR|GBPUSD|M15|london|2021-09-02|60|IB60|OR30,GBPUSD,M15,london,Europe/London,2021-09-02,down,wick,2021-09-02T07:30:00Z,1.3771,1.37720,1.37702,0.00018,61,1,2021-09-02T07:45:00Z,1.37699,0.00021,1.38356,0,same_local_date_after_or_break_only
IBORONLYSC|IBORONLY|IBORB|IBORFB|IBOR|GBPUSD|M15|new_york|2021-09-02|60|IB60|OR30,IB_OR_BREAK_ONLY_SAME_DAY_SESSION_CLOSE,RELATION_P0,or_break_only_same_day_session_close_observed,IBORONLY|IBORB|IBORFB|IBOR|GBPUSD|M15|new_york|2021-09-02|60|IB60|OR30,GBPUSD,M15,new_york,America/New_York,2021-09-02,down,close,2021-09-02T14:00:00Z,1.37868,1.37876,1.37857,0.00019,55,1,2021-09-02T14:15:00Z,1.37812,0.00064,1.38435,0,same_local_date_after_or_break_only
IBORONLYSC|IBORONLY|IBORB|IBORFB|IBOR|GBPUSD|M15|london|2021-09-03|60|IB60|OR30,IB_OR_BREAK_ONLY_SAME_DAY_SESSION_CLOSE,RELATION_P0,or_break_only_same_day_session_close_observed,IBORONLY|IBORB|IBORFB|IBOR|GBPUSD|M15|london|2021-09-03|60|IB60|OR30,GBPUSD,M15,london,Europe/London,2021-09-03,down,close,2021-09-03T07:30:00Z,1.38326,1.38332,1.38312,0.00020,61,1,2021-09-03T08:15:00Z,1.38172,0.00160,1.38621,0,same_local_date_after_or_break_only
IBORONLYSC|IBORONLY|IBORB|IBORFB|IBOR|GBPUSD|M15|new_york|2021-09-03|60|IB60|OR30,IB_OR_BREAK_ONLY_SAME_DAY_SESSION_CLOSE,RELATION_P0,or_break_only_same_day_session_close_observed,IBORONLY|IBORB|IBORFB|IBOR|GBPUSD|M15|new_york|2021-09-03|60|IB60|OR30,GBPUSD,M15,new_york,America/New_York,2021-09-03,up,close,2021-09-03T14:15:00Z,1.38314,1.38275,1.38347,0.00072,38,1,2021-09-03T15:00:00Z,1.3891,0.00635,1.3858,1,same_local_date_after_or_break_only
IBORONLYSC|IBORONLY|IBORB|IBORFB|IBOR|GBPUSD|M15|london|2021-09-06|60|IB60|OR30,IB_OR_BREAK_ONLY_SAME_DAY_SESSION_CLOSE,RELATION_P0,or_break_only_same_day_session_close_observed,IBORONLY|IBORB|IBORFB|IBOR|GBPUSD|M15|london|2021-09-06|60|IB60|OR30,GBPUSD,M15,london,Europe/London,2021-09-06,down,close,2021-09-06T07:30:00Z,1.38444,1.38474,1.38426,0.00048,61,1,2021-09-06T08:30:00Z,1.38179,0.00295,1.38326,1,same_local_date_after_or_break_only
IBORONLYSC|IBORONLY|IBORB|IBORFB|IBOR|GBPUSD|M15|new_york|2021-09-07|60|IB60|OR30,IB_OR_BREAK_ONLY_SAME_DAY_SESSION_CLOSE,RELATION_P0,or_break_only_same_day_session_close_observed,IBORONLY|IBORB|IBORFB|IBOR|GBPUSD|M15|new_york|2021-09-07|60|IB60|OR30,GBPUSD,M15,new_york,America/New_York,2021-09-07,down,wick,2021-09-07T14:00:00Z,1.37838,1.37859,1.37838,0.00021,55,1,2021-09-07T14:15:00Z,1.3767,0.00189,1.37861,0,same_local_date_after_or_break_only
IBORONLYSC|IBORONLY|IBORB|IBORFB|IBOR|GBPUSD|M15|london|2021-09-08|60|IB60|OR30,IB_OR_BREAK_ONLY_SAME_DAY_SESSION_CLOSE,RELATION_P0,or_break_only_same_day_session_close_observed,IBORONLY|IBORB|IBORFB|IBOR|GBPUSD|M15|london|2021-09-08|60|IB60|OR30,GBPUSD,M15,london,Europe/London,2021-09-08,down,wick,2021-09-08T07:45:00Z,1.37783,1.37788,1.37783,0.00005,60,1,2021-09-08T08:00:00Z,1.37257,0.00531,1.37731,1,same_local_date_after_or_break_only
IBORONLYSC|IBORONLY|IBORB|IBORFB|IBOR|GBPUSD|M15|new_york|2021-09-08|60|IB60|OR30,IB_OR_BREAK_ONLY_SAME_DAY_SESSION_CLOSE,RELATION_P0,or_break_only_same_day_session_close_observed,IBORONLY|IBORB|IBORFB|IBOR|GBPUSD|M15|new_york|2021-09-08|60|IB60|OR30,GBPUSD,M15,new_york,America/New_York,2021-09-08,up,close,2021-09-08T14:00:00Z,1.37717,1.37675,1.37777,0.00102,55,1,2021-09-08T14:30:00Z,1.3784,0.00165,1.37605,0,same_local_date_after_or_break_only
IBORONLYSC|IBORONLY|IBORB|IBORFB|IBOR|GBPUSD|M15|london|2021-09-09|60|IB60|OR30,IB_OR_BREAK_ONLY_SAME_DAY_SESSION_CLOSE,RELATION_P0,or_break_only_same_day_session_close_observed,IBORONLY|IBORB|IBORFB|IBOR|GBPUSD|M15|london|2021-09-09|60|IB60|OR30,GBPUSD,M15,london,Europe/London,2021-09-09,down,close,2021-09-09T07:30:00Z,1.37547,1.37587,1.37529,0.00058,61,1,2021-09-09T08:30:00Z,1.37529,0.00058,1.38372,0,same_local_date_after_or_break_only
IBORONLYSC|IBORONLY|IBORB|IBORFB|IBOR|GBPUSD|M15|new_york|2021-09-09|60|IB60|OR30,IB_OR_BREAK_ONLY_SAME_DAY_SESSION_CLOSE,RELATION_P0,or_break_only_same_day_session_close_observed,IBORONLY|IBORB|IBORFB|IBOR|GBPUSD|M15|new_york|2021-09-09|60|IB60|OR30,GBPUSD,M15,new_york,America/New_York,2021-09-09,down,wick,2021-09-09T14:00:00Z,1.38088,1.38094,1.38088,0.00006,55,1,2021-09-09T14:15:00Z,1.381,-0.00006,1.38412,0,same_local_date_after_or_break_only
IBORONLYSC|IBORONLY|IBORB|IBORFB|IBOR|GBPUSD|M15|london|2021-09-10|60|IB60|OR30,IB_OR_BREAK_ONLY_SAME_DAY_SESSION_CLOSE,RELATION_P0,or_break_only_same_day_session_close_observed,IBORONLY|IBORB|IBORFB|IBOR|GBPUSD|M15|london|2021-09-10|60|IB60|OR30,GBPUSD,M15,london,Europe/London,2021-09-10,down,close,2021-09-10T07:30:00Z,1.38473,1.38477,1.38471,0.00006,61,1,2021-09-10T07:45:00Z,1.38304,0.00173,1.38319,1,same_local_date_after_or_break_only
IBORONLYSC|IBORONLY|IBORB|IBORFB|IBOR|GBPUSD|M15|new_york|2021-09-10|60|IB60|OR30,IB_OR_BREAK_ONLY_SAME_DAY_SESSION_CLOSE,RELATION_P0,or_break_only_same_day_session_close_observed,IBORONLY|IBORB|IBORFB|IBOR|GBPUSD|M15|new_york|2021-09-10|60|IB60|OR30,GBPUSD,M15,new_york,America/New_York,2021-09-10,up,wick,2021-09-10T14:00:00Z,1.38747,1.38738,1.38819,0.00081,39,1,2021-09-10T14:15:00Z,1.38879,0.00141,1.38297,0,same_local_date_after_or_break_only
IBORONLYSC|IBORONLY|IBORB|IBORFB|IBOR|GBPUSD|M15|london|2021-09-13|60|IB60|OR30,IB_OR_BREAK_ONLY_SAME_DAY_SESSION_CLOSE,RELATION_P0,or_break_only_same_day_session_close_observed,IBORONLY|IBORB|IBORFB|IBOR|GBPUSD|M15|london|2021-09-13|60|IB60|OR30,GBPUSD,M15,london,Europe/London,2021-09-13,down,close,2021-09-13T07:30:00Z,1.38299,1.38334,1.38211,0.00123,61,1,2021-09-13T15:00:00Z,1.37963,0.00371,1.38348,0,same_local_date_after_or_break_only
IBORONLYSC|IBORONLY|IBORB|IBORFB|IBOR|GBPUSD|M15|new_york|2021-09-13|60|IB60|OR30,IB_OR_BREAK_ONLY_SAME_DAY_SESSION_CLOSE,RELATION_P0,or_break_only_same_day_session_close_observed,IBORONLY|IBORB|IBORFB|IBOR|GBPUSD|M15|new_york|2021-09-13|60|IB60|OR30,GBPUSD,M15,new_york,America/New_York,2021-09-13,down,close,2021-09-13T14:00:00Z,1.38189,1.38245,1.38160,0.00085,55,1,2021-09-13T14:45:00Z,1.38129,0.00116,1.38394,0,same_local_date_after_or_break_only
IBORONLYSC|IBORONLY|IBORB|IBORFB|IBOR|GBPUSD|M15|london|2021-09-14|60|IB60|OR30,IB_OR_BREAK_ONLY_SAME_DAY_SESSION_CLOSE,RELATION_P0,or_break_only_same_day_session_close_observed,IBORONLY|IBORB|IBORFB|IBOR|GBPUSD|M15|london|2021-09-14|60|IB60|OR30,GBPUSD,M15,london,Europe/London,2021-09-14,down,close,2021-09-14T07:30:00Z,1.38419,1.38440,1.38382,0.00058,61,1,2021-09-14T08:15:00Z,1.38028,0.00412,1.38063,1,same_local_date_after_or_break_only
IBORONLYSC|IBORONLY|IBORB|IBORFB|IBOR|GBPUSD|M15|new_york|2021-09-14|60|IB60|OR30,IB_OR_BREAK_ONLY_SAME_DAY_SESSION_CLOSE,RELATION_P0,or_break_only_same_day_session_close_observed,IBORONLY|IBORB|IBORFB|IBOR|GBPUSD|M15|new_york|2021-09-14|60|IB60|OR30,GBPUSD,M15,new_york,America/New_York,2021-09-14,down,close,2021-09-14T14:00:00Z,1.38647,1.38652,1.38567,0.00085,55,1,2021-09-14T15:30:00Z,1.38018,0.00634,1.38028,1,same_local_date_after_or_break_only
IBORONLYSC|IBORONLY|IBORB|IBORFB|IBOR|GBPUSD|M15|london|2021-09-15|60|IB60|OR30,IB_OR_BREAK_ONLY_SAME_DAY_SESSION_CLOSE,RELATION_P0,or_break_only_same_day_session_close_observed,IBORONLY|IBORB|IBORFB|IBOR|GBPUSD|M15|london|2021-09-15|60|IB60|OR30,GBPUSD,M15,london,Europe/London,2021-09-15,up,wick,2021-09-15T07:30:00Z,1.38083,1.38082,1.38083,0.00001,61,1,2021-09-15T07:45:00Z,1.3853,0.00448,1.38453,1,same_local_date_after_or_break_only
IBORONLYSC|IBORONLY|IBORB|IBORFB|IBOR|GBPUSD|M15|new_york|2021-09-15|60|IB60|OR30,IB_OR_BREAK_ONLY_SAME_DAY_SESSION_CLOSE,RELATION_P0,or_break_only_same_day_session_close_observed,IBORONLY|IBORB|IBORFB|IBOR|GBPUSD|M15|new_york|2021-09-15|60|IB60|OR30,GBPUSD,M15,new_york,America/New_York,2021-09-15,down,close,2021-09-15T14:00:00Z,1.38175,1.38238,1.38143,0.00095,55,1,2021-09-15T14:45:00Z,1.38124,0.00114,1.38481,0,same_local_date_after_or_break_only
IBORONLYSC|IBORONLY|IBORB|IBORFB|IBOR|GBPUSD|M15|london|2021-09-16|60|IB60|OR30,IB_OR_BREAK_ONLY_SAME_DAY_SESSION_CLOSE,RELATION_P0,or_break_only_same_day_session_close_observed,IBORONLY|IBORB|IBORFB|IBOR|GBPUSD|M15|london|2021-09-16|60|IB60|OR30,GBPUSD,M15,london,Europe/London,2021-09-16,down,wick,2021-09-16T07:30:00Z,1.38314,1.38315,1.38314,0.00001,61,1,2021-09-16T07:45:00Z,1.37639,0.00676,1.37923,1,same_local_date_after_or_break_only
IBORONLYSC|IBORONLY|IBORB|IBORFB|IBOR|GBPUSD|M15|new_york|2021-09-16|60|IB60|OR30,IB_OR_BREAK_ONLY_SAME_DAY_SESSION_CLOSE,RELATION_P0,or_break_only_same_day_session_close_observed,IBORONLY|IBORB|IBORFB|IBOR|GBPUSD|M15|new_york|2021-09-16|60|IB60|OR30,GBPUSD,M15,new_york,America/New_York,2021-09-16,up,wick,2021-09-16T14:00:00Z,1.38281,1.38258,1.38301,0.00043,55,1,2021-09-16T14:15:00Z,1.38405,0.00147,1.37838,0,same_local_date_after_or_break_only
IBORONLYSC|IBORONLY|IBORB|IBORFB|IBOR|GBPUSD|M15|london|2021-09-17|60|IB60|OR30,IB_OR_BREAK_ONLY_SAME_DAY_SESSION_CLOSE,RELATION_P0,or_break_only_same_day_session_close_observed,IBORONLY|IBORB|IBORFB|IBOR|GBPUSD|M15|london|2021-09-17|60|IB60|OR30,GBPUSD,M15,london,Europe/London,2021-09-17,up,close,2021-09-17T07:30:00Z,1.38025,1.38022,1.38065,0.00043,61,1,2021-09-17T07:45:00Z,1.3812,0.00098,1.37356,0,same_local_date_after_or_break_only
IBORONLYSC|IBORONLY|IBORB|IBORFB|IBOR|GBPUSD|M15|london|2021-09-20|60|IB60|OR30,IB_OR_BREAK_ONLY_SAME_DAY_SESSION_CLOSE,RELATION_P0,or_break_only_same_day_session_close_observed,IBORONLY|IBORB|IBORFB|IBOR|GBPUSD|M15|london|2021-09-20|60|IB60|OR30,GBPUSD,M15,london,Europe/London,2021-09-20,down,close,2021-09-20T07:30:00Z,1.3704,1.37054,1.37027,0.00027,61,1,2021-09-20T08:00:00Z,1.36401,0.00653,1.36639,1,same_local_date_after_or_break_only
IBORONLYSC|IBORONLY|IBORB|IBORFB|IBOR|GBPUSD|M15|london|2021-09-21|60|IB60|OR30,IB_OR_BREAK_ONLY_SAME_DAY_SESSION_CLOSE,RELATION_P0,or_break_only_same_day_session_close_observed,IBORONLY|IBORB|IBORFB|IBOR|GBPUSD|M15|london|2021-09-21|60|IB60|OR30,GBPUSD,M15,london,Europe/London,2021-09-21,down,wick,2021-09-21T07:30:00Z,1.36682,1.36692,1.36682,0.00010,61,1,2021-09-21T07:45:00Z,1.36404,0.00288,1.3663,1,same_local_date_after_or_break_only
IBORONLYSC|IBORONLY|IBORB|IBORFB|IBOR|GBPUSD|M15|new_york|2021-09-21|60|IB60|OR30,IB_OR_BREAK_ONLY_SAME_DAY_SESSION_CLOSE,RELATION_P0,or_break_only_same_day_session_close_observed,IBORONLY|IBORB|IBORFB|IBOR|GBPUSD|M15|new_york|2021-09-21|60|IB60|OR30,GBPUSD,M15,new_york,America/New_York,2021-09-21,down,close,2021-09-21T14:00:00Z,1.36759,1.36760,1.36737,0.00023,55,1,2021-09-21T14:15:00Z,1.36404,0.00356,1.36559,1,same_local_date_after_or_break_only
IBORONLYSC|IBORONLY|IBORB|IBORFB|IBOR|GBPUSD|M15|london|2021-09-22|60|IB60|OR30,IB_OR_BREAK_ONLY_SAME_DAY_SESSION_CLOSE,RELATION_P0,or_break_only_same_day_session_close_observed,IBORONLY|IBORB|IBORFB|IBOR|GBPUSD|M15|london|2021-09-22|60|IB60|OR30,GBPUSD,M15,london,Europe/London,2021-09-22,up,close,2021-09-22T07:45:00Z,1.36514,1.36495,1.36533,0.00038,60,1,2021-09-22T09:00:00Z,1.36889,0.00394,1.36178,0,same_local_date_after_or_break_only
IBORONLYSC|IBORONLY|IBORB|IBORFB|IBOR|GBPUSD|M15|new_york|2021-09-22|60|IB60|OR30,IB_OR_BREAK_ONLY_SAME_DAY_SESSION_CLOSE,RELATION_P0,or_break_only_same_day_session_close_observed,IBORONLY|IBORB|IBORFB|IBOR|GBPUSD|M15|new_york|2021-09-22|60|IB60|OR30,GBPUSD,M15,new_york,America/New_York,2021-09-22,down,close,2021-09-22T14:00:00Z,1.36348,1.36374,1.36336,0.00038,55,1,2021-09-22T14:15:00Z,1.36088,0.00286,1.36168,1,same_local_date_after_or_break_only
IBORONLYSC|IBORONLY|IBORB|IBORFB|IBOR|GBPUSD|M15|london|2021-09-23|60|IB60|OR30,IB_OR_BREAK_ONLY_SAME_DAY_SESSION_CLOSE,RELATION_P0,or_break_only_same_day_session_close_observed,IBORONLY|IBORB|IBORFB|IBOR|GBPUSD|M15|london|2021-09-23|60|IB60|OR30,GBPUSD,M15,london,Europe/London,2021-09-23,down,close,2021-09-23T07:30:00Z,1.36363,1.36375,1.36363,0.00012,61,1,2021-09-23T07:45:00Z,1.36331,0.00044,1.37235,0,same_local_date_after_or_break_only
IBORONLYSC|IBORONLY|IBORB|IBORFB|IBOR|GBPUSD|M15|london|2021-09-24|60|IB60|OR30,IB_OR_BREAK_ONLY_SAME_DAY_SESSION_CLOSE,RELATION_P0,or_break_only_same_day_session_close_observed,IBORONLY|IBORB|IBORFB|IBOR|GBPUSD|M15|london|2021-09-24|60|IB60|OR30,GBPUSD,M15,london,Europe/London,2021-09-24,down,wick,2021-09-24T07:30:00Z,1.37221,1.37223,1.37202,0.00021,61,1,2021-09-24T07:45:00Z,1.36573,0.00650,1.36697,1,same_local_date_after_or_break_only
IBORONLYSC|IBORONLY|IBORB|IBORFB|IBOR|GBPUSD|M15|new_york|2021-09-24|60|IB60|OR30,IB_OR_BREAK_ONLY_SAME_DAY_SESSION_CLOSE,RELATION_P0,or_break_only_same_day_session_close_observed,IBORONLY|IBORB|IBORFB|IBOR|GBPUSD|M15|new_york|2021-09-24|60|IB60|OR30,GBPUSD,M15,new_york,America/New_York,2021-09-24,down,close,2021-09-24T14:00:00Z,1.36809,1.36936,1.36789,0.00147,39,1,2021-09-24T17:00:00Z,1.36573,0.00363,1.36657,1,same_local_date_after_or_break_only
IBORONLYSC|IBORONLY|IBORB|IBORFB|IBOR|GBPUSD|M15|new_york|2021-09-27|60|IB60|OR30,IB_OR_BREAK_ONLY_SAME_DAY_SESSION_CLOSE,RELATION_P0,or_break_only_same_day_session_close_observed,IBORONLY|IBORB|IBORFB|IBOR|GBPUSD|M15|new_york|2021-09-27|60|IB60|OR30,GBPUSD,M15,new_york,America/New_York,2021-09-27,up,close,2021-09-27T14:00:00Z,1.37096,1.37058,1.37130,0.00072,55,1,2021-09-27T14:15:00Z,1.37281,0.00223,1.36947,0,same_local_date_after_or_break_only
IBORONLYSC|IBORONLY|IBORB|IBORFB|IBOR|GBPUSD|M15|london|2021-09-28|60|IB60|OR30,IB_OR_BREAK_ONLY_SAME_DAY_SESSION_CLOSE,RELATION_P0,or_break_only_same_day_session_close_observed,IBORONLY|IBORB|IBORFB|IBOR|GBPUSD|M15|london|2021-09-28|60|IB60|OR30,GBPUSD,M15,london,Europe/London,2021-09-28,up,close,2021-09-28T07:30:00Z,1.37103,1.37070,1.37137,0.00067,61,1,2021-09-28T09:00:00Z,1.37167,0.00097,1.35392,0,same_local_date_after_or_break_only
IBORONLYSC|IBORONLY|IBORB|IBORFB|IBOR|GBPUSD|M15|new_york|2021-09-28|60|IB60|OR30,IB_OR_BREAK_ONLY_SAME_DAY_SESSION_CLOSE,RELATION_P0,or_break_only_same_day_session_close_observed,IBORONLY|IBORB|IBORFB|IBOR|GBPUSD|M15|new_york|2021-09-28|60|IB60|OR30,GBPUSD,M15,new_york,America/New_York,2021-09-28,down,wick,2021-09-28T14:00:00Z,1.35932,1.35945,1.35932,0.00013,55,1,2021-09-28T14:15:00Z,1.35201,0.00744,1.35344,1,same_local_date_after_or_break_only
IBORONLYSC|IBORONLY|IBORB|IBORFB|IBOR|GBPUSD|M15|london|2021-09-29|60|IB60|OR30,IB_OR_BREAK_ONLY_SAME_DAY_SESSION_CLOSE,RELATION_P0,or_break_only_same_day_session_close_observed,IBORONLY|IBORB|IBORFB|IBOR|GBPUSD|M15|london|2021-09-29|60|IB60|OR30,GBPUSD,M15,london,Europe/London,2021-09-29,up,wick,2021-09-29T07:30:00Z,1.35483,1.35473,1.35486,0.00013,61,1,2021-09-29T07:45:00Z,1.35539,0.00066,1.34159,0,same_local_date_after_or_break_only
IBORONLYSC|IBORONLY|IBORB|IBORFB|IBOR|GBPUSD|M15|london|2021-09-30|60|IB60|OR30,IB_OR_BREAK_ONLY_SAME_DAY_SESSION_CLOSE,RELATION_P0,or_break_only_same_day_session_close_observed,IBORONLY|IBORB|IBORFB|IBOR|GBPUSD|M15|london|2021-09-30|60|IB60|OR30,GBPUSD,M15,london,Europe/London,2021-09-30,down,close,2021-09-30T07:30:00Z,1.34466,1.34502,1.34463,0.00039,61,1,2021-09-30T08:15:00Z,1.34149,0.00353,1.34719,0,same_local_date_after_or_break_only
IBORONLYSC|IBORONLY|IBORB|IBORFB|IBOR|GBPUSD|M15|london|2021-10-01|60|IB60|OR30,IB_OR_BREAK_ONLY_SAME_DAY_SESSION_CLOSE,RELATION_P0,or_break_only_same_day_session_close_observed,IBORONLY|IBORB|IBORFB|IBOR|GBPUSD|M15|london|2021-10-01|60|IB60|OR30,GBPUSD,M15,london,Europe/London,2021-10-01,down,wick,2021-10-01T07:30:00Z,1.34503,1.34536,1.34503,0.00033,61,1,2021-10-01T07:45:00Z,1.3433,0.00206,1.35509,0,same_local_date_after_or_break_only
IBORONLYSC|IBORONLY|IBORB|IBORFB|IBOR|GBPUSD|M15|london|2021-10-04|60|IB60|OR30,IB_OR_BREAK_ONLY_SAME_DAY_SESSION_CLOSE,RELATION_P0,or_break_only_same_day_session_close_observed,IBORONLY|IBORB|IBORFB|IBOR|GBPUSD|M15|london|2021-10-04|60|IB60|OR30,GBPUSD,M15,london,Europe/London,2021-10-04,up,close,2021-10-04T07:30:00Z,1.35429,1.35428,1.35480,0.00052,61,1,2021-10-04T07:45:00Z,1.36394,0.00966,1.36126,1,same_local_date_after_or_break_only
IBORONLYSC|IBORONLY|IBORB|IBORFB|IBOR|GBPUSD|M15|london|2021-10-05|60|IB60|OR30,IB_OR_BREAK_ONLY_SAME_DAY_SESSION_CLOSE,RELATION_P0,or_break_only_same_day_session_close_observed,IBORONLY|IBORB|IBORFB|IBOR|GBPUSD|M15|london|2021-10-05|60|IB60|OR30,GBPUSD,M15,london,Europe/London,2021-10-05,down,close,2021-10-05T07:30:00Z,1.35876,1.35897,1.35857,0.00040,61,1,2021-10-05T07:45:00Z,1.35842,0.00055,1.36232,0,same_local_date_after_or_break_only
IBORONLYSC|IBORONLY|IBORB|IBORFB|IBOR|GBPUSD|M15|new_york|2021-10-05|60|IB60|OR30,IB_OR_BREAK_ONLY_SAME_DAY_SESSION_CLOSE,RELATION_P0,or_break_only_same_day_session_close_observed,IBORONLY|IBORB|IBORFB|IBOR|GBPUSD|M15|new_york|2021-10-05|60|IB60|OR30,GBPUSD,M15,new_york,America/New_York,2021-10-05,up,close,2021-10-05T14:00:00Z,1.36312,1.36283,1.36420,0.00137,55,1,2021-10-05T14:15:00Z,1.36472,0.00189,1.36238,0,same_local_date_after_or_break_only
IBORONLYSC|IBORONLY|IBORB|IBORFB|IBOR|GBPUSD|M15|london|2021-10-06|60|IB60|OR30,IB_OR_BREAK_ONLY_SAME_DAY_SESSION_CLOSE,RELATION_P0,or_break_only_same_day_session_close_observed,IBORONLY|IBORB|IBORFB|IBOR|GBPUSD|M15|london|2021-10-06|60|IB60|OR30,GBPUSD,M15,london,Europe/London,2021-10-06,down,close,2021-10-06T07:30:00Z,1.36003,1.36026,1.35987,0.00039,61,1,2021-10-06T07:45:00Z,1.35431,0.00595,1.35882,1,same_local_date_after_or_break_only
IBORONLYSC|IBORONLY|IBORB|IBORFB|IBOR|GBPUSD|M15|new_york|2021-10-06|60|IB60|OR30,IB_OR_BREAK_ONLY_SAME_DAY_SESSION_CLOSE,RELATION_P0,or_break_only_same_day_session_close_observed,IBORONLY|IBORB|IBORFB|IBOR|GBPUSD|M15|new_york|2021-10-06|60|IB60|OR30,GBPUSD,M15,new_york,America/New_York,2021-10-06,up,close,2021-10-06T14:00:00Z,1.35733,1.35732,1.35778,0.00046,55,1,2021-10-06T14:15:00Z,1.35969,0.00237,1.35927,1,same_local_date_after_or_break_only
IBORONLYSC|IBORONLY|IBORB|IBORFB|IBOR|GBPUSD|M15|london|2021-10-07|60|IB60|OR30,IB_OR_BREAK_ONLY_SAME_DAY_SESSION_CLOSE,RELATION_P0,or_break_only_same_day_session_close_observed,IBORONLY|IBORB|IBORFB|IBOR|GBPUSD|M15|london|2021-10-07|60|IB60|OR30,GBPUSD,M15,london,Europe/London,2021-10-07,up,wick,2021-10-07T07:30:00Z,1.35872,1.35866,1.35872,0.00006,61,1,2021-10-07T07:45:00Z,1.3637,0.00504,1.3616,1,same_local_date_after_or_break_only
IBORONLYSC|IBORONLY|IBORB|IBORFB|IBOR|GBPUSD|M15|new_york|2021-10-07|60|IB60|OR30,IB_OR_BREAK_ONLY_SAME_DAY_SESSION_CLOSE,RELATION_P0,or_break_only_same_day_session_close_observed,IBORONLY|IBORB|IBORFB|IBOR|GBPUSD|M15|new_york|2021-10-07|60|IB60|OR30,GBPUSD,M15,new_york,America/New_York,2021-10-07,up,close,2021-10-07T14:00:00Z,1.36148,1.35944,1.36166,0.00222,55,1,2021-10-07T15:30:00Z,1.3637,0.00426,1.36177,1,same_local_date_after_or_break_only
IBORONLYSC|IBORONLY|IBORB|IBORFB|IBOR|GBPUSD|M15|london|2021-10-08|60|IB60|OR30,IB_OR_BREAK_ONLY_SAME_DAY_SESSION_CLOSE,RELATION_P0,or_break_only_same_day_session_close_observed,IBORONLY|IBORB|IBORFB|IBOR|GBPUSD|M15|london|2021-10-08|60|IB60|OR30,GBPUSD,M15,london,Europe/London,2021-10-08,down,wick,2021-10-08T07:30:00Z,1.36068,1.36082,1.36013,0.00069,61,1,2021-10-08T12:00:00Z,1.35828,0.00254,1.36189,0,same_local_date_after_or_break_only
IBORONLYSC|IBORONLY|IBORB|IBORFB|IBOR|GBPUSD|M15|new_york|2021-10-08|60|IB60|OR30,IB_OR_BREAK_ONLY_SAME_DAY_SESSION_CLOSE,RELATION_P0,or_break_only_same_day_session_close_observed,IBORONLY|IBORB|IBORFB|IBOR|GBPUSD|M15|new_york|2021-10-08|60|IB60|OR30,GBPUSD,M15,new_york,America/New_York,2021-10-08,down,wick,2021-10-08T14:00:00Z,1.36235,1.36256,1.36235,0.00021,39,1,2021-10-08T14:15:00Z,1.3609,0.00166,1.36161,1,same_local_date_after_or_break_only
IBORONLYSC|IBORONLY|IBORB|IBORFB|IBOR|GBPUSD|M15|london|2021-10-11|60|IB60|OR30,IB_OR_BREAK_ONLY_SAME_DAY_SESSION_CLOSE,RELATION_P0,or_break_only_same_day_session_close_observed,IBORONLY|IBORB|IBORFB|IBOR|GBPUSD|M15|london|2021-10-11|60|IB60|OR30,GBPUSD,M15,london,Europe/London,2021-10-11,up,wick,2021-10-11T07:30:00Z,1.36363,1.36362,1.36404,0.00042,61,1,2021-10-11T07:45:00Z,1.36733,0.00371,1.35856,0,same_local_date_after_or_break_only
IBORONLYSC|IBORONLY|IBORB|IBORFB|IBOR|GBPUSD|M15|new_york|2021-10-11|60|IB60|OR30,IB_OR_BREAK_ONLY_SAME_DAY_SESSION_CLOSE,RELATION_P0,or_break_only_same_day_session_close_observed,IBORONLY|IBORB|IBORFB|IBOR|GBPUSD|M15|new_york|2021-10-11|60|IB60|OR30,GBPUSD,M15,new_york,America/New_York,2021-10-11,up,wick,2021-10-11T14:00:00Z,1.36344,1.36324,1.36344,0.00020,55,1,2021-10-11T14:15:00Z,1.36505,0.00181,1.35841,0,same_local_date_after_or_break_only
IBORONLYSC|IBORONLY|IBORB|IBORFB|IBOR|GBPUSD|M15|london|2021-10-12|60|IB60|OR30,IB_OR_BREAK_ONLY_SAME_DAY_SESSION_CLOSE,RELATION_P0,or_break_only_same_day_session_close_observed,IBORONLY|IBORB|IBORFB|IBOR|GBPUSD|M15|london|2021-10-12|60|IB60|OR30,GBPUSD,M15,london,Europe/London,2021-10-12,down,wick,2021-10-12T07:30:00Z,1.35945,1.35951,1.35945,0.00006,61,1,2021-10-12T07:45:00Z,1.35677,0.00274,1.35924,1,same_local_date_after_or_break_only
IBORONLYSC|IBORONLY|IBORB|IBORFB|IBOR|GBPUSD|M15|new_york|2021-10-12|60|IB60|OR30,IB_OR_BREAK_ONLY_SAME_DAY_SESSION_CLOSE,RELATION_P0,or_break_only_same_day_session_close_observed,IBORONLY|IBORB|IBORFB|IBOR|GBPUSD|M15|new_york|2021-10-12|60|IB60|OR30,GBPUSD,M15,new_york,America/New_York,2021-10-12,up,wick,2021-10-12T14:00:00Z,1.362,1.36192,1.36202,0.00010,55,1,2021-10-12T14:15:00Z,1.36367,0.00175,1.35955,0,same_local_date_after_or_break_only
IBORONLYSC|IBORONLY|IBORB|IBORFB|IBOR|GBPUSD|M15|london|2021-10-13|60|IB60|OR30,IB_OR_BREAK_ONLY_SAME_DAY_SESSION_CLOSE,RELATION_P0,or_break_only_same_day_session_close_observed,IBORONLY|IBORB|IBORFB|IBOR|GBPUSD|M15|london|2021-10-13|60|IB60|OR30,GBPUSD,M15,london,Europe/London,2021-10-13,up,close,2021-10-13T07:45:00Z,1.36175,1.36167,1.36175,0.00008,60,1,2021-10-13T08:00:00Z,1.36642,0.00475,1.36606,1,same_local_date_after_or_break_only
IBORONLYSC|IBORONLY|IBORB|IBORFB|IBOR|GBPUSD|M15|new_york|2021-10-13|60|IB60|OR30,IB_OR_BREAK_ONLY_SAME_DAY_SESSION_CLOSE,RELATION_P0,or_break_only_same_day_session_close_observed,IBORONLY|IBORB|IBORFB|IBOR|GBPUSD|M15|new_york|2021-10-13|60|IB60|OR30,GBPUSD,M15,new_york,America/New_York,2021-10-13,down,close,2021-10-13T14:15:00Z,1.36163,1.36213,1.36163,0.00050,54,1,2021-10-13T14:30:00Z,1.35867,0.00346,1.36664,0,same_local_date_after_or_break_only
IBORONLYSC|IBORONLY|IBORB|IBORFB|IBOR|GBPUSD|M15|london|2021-10-14|60|IB60|OR30,IB_OR_BREAK_ONLY_SAME_DAY_SESSION_CLOSE,RELATION_P0,or_break_only_same_day_session_close_observed,IBORONLY|IBORB|IBORFB|IBOR|GBPUSD|M15|london|2021-10-14|60|IB60|OR30,GBPUSD,M15,london,Europe/London,2021-10-14,down,close,2021-10-14T07:30:00Z,1.36631,1.36654,1.36630,0.00024,61,1,2021-10-14T07:45:00Z,1.36603,0.00051,1.36707,0,same_local_date_after_or_break_only
IBORONLYSC|IBORONLY|IBORB|IBORFB|IBOR|GBPUSD|M15|london|2021-10-15|60|IB60|OR30,IB_OR_BREAK_ONLY_SAME_DAY_SESSION_CLOSE,RELATION_P0,or_break_only_same_day_session_close_observed,IBORONLY|IBORB|IBORFB|IBOR|GBPUSD|M15|london|2021-10-15|60|IB60|OR30,GBPUSD,M15,london,Europe/London,2021-10-15,up,wick,2021-10-15T07:30:00Z,1.36885,1.36875,1.36885,0.00010,61,1,2021-10-15T07:45:00Z,1.37726,0.00851,1.37424,1,same_local_date_after_or_break_only
IBORONLYSC|IBORONLY|IBORB|IBORFB|IBOR|GBPUSD|M15|new_york|2021-10-15|60|IB60|OR30,IB_OR_BREAK_ONLY_SAME_DAY_SESSION_CLOSE,RELATION_P0,or_break_only_same_day_session_close_observed,IBORONLY|IBORB|IBORFB|IBOR|GBPUSD|M15|new_york|2021-10-15|60|IB60|OR30,GBPUSD,M15,new_york,America/New_York,2021-10-15,up,close,2021-10-15T14:00:00Z,1.37527,1.37449,1.37576,0.00127,39,1,2021-10-15T15:15:00Z,1.37726,0.00277,1.37438,0,same_local_date_after_or_break_only
IBORONLYSC|IBORONLY|IBORB|IBORFB|IBOR|GBPUSD|M15|london|2021-10-18|60|IB60|OR30,IB_OR_BREAK_ONLY_SAME_DAY_SESSION_CLOSE,RELATION_P0,or_break_only_same_day_session_close_observed,IBORONLY|IBORB|IBORFB|IBOR|GBPUSD|M15|london|2021-10-18|60|IB60|OR30,GBPUSD,M15,london,Europe/London,2021-10-18,up,wick,2021-10-18T07:30:00Z,1.37339,1.37334,1.37339,0.00005,61,1,2021-10-18T07:45:00Z,1.37469,0.00135,1.3731,0,same_local_date_after_or_break_only
IBORONLYSC|IBORONLY|IBORB|IBORFB|IBOR|GBPUSD|M15|new_york|2021-10-18|60|IB60|OR30,IB_OR_BREAK_ONLY_SAME_DAY_SESSION_CLOSE,RELATION_P0,or_break_only_same_day_session_close_observed,IBORONLY|IBORB|IBORFB|IBOR|GBPUSD|M15|new_york|2021-10-18|60|IB60|OR30,GBPUSD,M15,new_york,America/New_York,2021-10-18,down,close,2021-10-18T14:00:00Z,1.37246,1.37252,1.37223,0.00029,55,1,2021-10-18T14:15:00Z,1.37086,0.00166,1.37506,0,same_local_date_after_or_break_only
IBORONLYSC|IBORONLY|IBORB|IBORFB|IBOR|GBPUSD|M15|london|2021-10-19|60|IB60|OR30,IB_OR_BREAK_ONLY_SAME_DAY_SESSION_CLOSE,RELATION_P0,or_break_only_same_day_session_close_observed,IBORONLY|IBORB|IBORFB|IBOR|GBPUSD|M15|london|2021-10-19|60|IB60|OR30,GBPUSD,M15,london,Europe/London,2021-10-19,up,wick,2021-10-19T07:30:00Z,1.37739,1.37737,1.37740,0.00003,61,1,2021-10-19T07:45:00Z,1.38329,0.00592,1.37913,1,same_local_date_after_or_break_only
IBORONLYSC|IBORONLY|IBORB|IBORFB|IBOR|GBPUSD|M15|new_york|2021-10-19|60|IB60|OR30,IB_OR_BREAK_ONLY_SAME_DAY_SESSION_CLOSE,RELATION_P0,or_break_only_same_day_session_close_observed,IBORONLY|IBORB|IBORFB|IBOR|GBPUSD|M15|new_york|2021-10-19|60|IB60|OR30,GBPUSD,M15,new_york,America/New_York,2021-10-19,down,wick,2021-10-19T14:00:00Z,1.38176,1.38196,1.38176,0.00020,55,1,2021-10-19T14:15:00Z,1.37854,0.00342,1.37983,1,same_local_date_after_or_break_only
IBORONLYSC|IBORONLY|IBORB|IBORFB|IBOR|GBPUSD|M15|london|2021-10-20|60|IB60|OR30,IB_OR_BREAK_ONLY_SAME_DAY_SESSION_CLOSE,RELATION_P0,or_break_only_same_day_session_close_observed,IBORONLY|IBORB|IBORFB|IBOR|GBPUSD|M15|london|2021-10-20|60|IB60|OR30,GBPUSD,M15,london,Europe/London,2021-10-20,up,wick,2021-10-20T07:30:00Z,1.38124,1.38105,1.38124,0.00019,61,1,2021-10-20T07:45:00Z,1.38336,0.00231,1.38252,1,same_local_date_after_or_break_only
IBORONLYSC|IBORONLY|IBORB|IBORFB|IBOR|GBPUSD|M15|london|2021-10-21|60|IB60|OR30,IB_OR_BREAK_ONLY_SAME_DAY_SESSION_CLOSE,RELATION_P0,or_break_only_same_day_session_close_observed,IBORONLY|IBORB|IBORFB|IBOR|GBPUSD|M15|london|2021-10-21|60|IB60|OR30,GBPUSD,M15,london,Europe/London,2021-10-21,down,wick,2021-10-21T07:30:00Z,1.38144,1.38159,1.38128,0.00031,61,1,2021-10-21T07:45:00Z,1.37754,0.00405,1.37865,1,same_local_date_after_or_break_only
IBORONLYSC|IBORONLY|IBORB|IBORFB|IBOR|GBPUSD|M15|new_york|2021-10-21|60|IB60|OR30,IB_OR_BREAK_ONLY_SAME_DAY_SESSION_CLOSE,RELATION_P0,or_break_only_same_day_session_close_observed,IBORONLY|IBORB|IBORFB|IBOR|GBPUSD|M15|new_york|2021-10-21|60|IB60|OR30,GBPUSD,M15,new_york,America/New_York,2021-10-21,up,close,2021-10-21T14:00:00Z,1.38099,1.38044,1.38147,0.00103,55,1,2021-10-21T15:00:00Z,1.38239,0.00195,1.37899,0,same_local_date_after_or_break_only
IBORONLYSC|IBORONLY|IBORB|IBORFB|IBOR|GBPUSD|M15|london|2021-10-22|60|IB60|OR30,IB_OR_BREAK_ONLY_SAME_DAY_SESSION_CLOSE,RELATION_P0,or_break_only_same_day_session_close_observed,IBORONLY|IBORB|IBORFB|IBOR|GBPUSD|M15|london|2021-10-22|60|IB60|OR30,GBPUSD,M15,london,Europe/London,2021-10-22,down,wick,2021-10-22T07:30:00Z,1.37928,1.37942,1.37928,0.00014,61,1,2021-10-22T07:45:00Z,1.37353,0.00589,1.37611,1,same_local_date_after_or_break_only
IBORONLYSC|IBORONLY|IBORB|IBORFB|IBOR|GBPUSD|M15|london|2021-10-25|60|IB60|OR30,IB_OR_BREAK_ONLY_SAME_DAY_SESSION_CLOSE,RELATION_P0,or_break_only_same_day_session_close_observed,IBORONLY|IBORB|IBORFB|IBOR|GBPUSD|M15|london|2021-10-25|60|IB60|OR30,GBPUSD,M15,london,Europe/London,2021-10-25,down,wick,2021-10-25T07:30:00Z,1.37796,1.37799,1.37796,0.00003,61,1,2021-10-25T07:45:00Z,1.37415,0.00384,1.37657,1,same_local_date_after_or_break_only
IBORONLYSC|IBORONLY|IBORB|IBORFB|IBOR|GBPUSD|M15|new_york|2021-10-25|60|IB60|OR30,IB_OR_BREAK_ONLY_SAME_DAY_SESSION_CLOSE,RELATION_P0,or_break_only_same_day_session_close_observed,IBORONLY|IBORB|IBORFB|IBOR|GBPUSD|M15|new_york|2021-10-25|60|IB60|OR30,GBPUSD,M15,new_york,America/New_York,2021-10-25,up,wick,2021-10-25T14:15:00Z,1.37748,1.37733,1.37748,0.00015,54,1,2021-10-25T14:30:00Z,1.37791,0.00058,1.37587,0,same_local_date_after_or_break_only
IBORONLYSC|IBORONLY|IBORB|IBORFB|IBOR|GBPUSD|M15|london|2021-10-26|60|IB60|OR30,IB_OR_BREAK_ONLY_SAME_DAY_SESSION_CLOSE,RELATION_P0,or_break_only_same_day_session_close_observed,IBORONLY|IBORB|IBORFB|IBOR|GBPUSD|M15|london|2021-10-26|60|IB60|OR30,GBPUSD,M15,london,Europe/London,2021-10-26,down,wick,2021-10-26T07:30:00Z,1.37573,1.37586,1.37573,0.00013,61,1,2021-10-26T07:45:00Z,1.37563,0.00023,1.3763,0,same_local_date_after_or_break_only
IBORONLYSC|IBORONLY|IBORB|IBORFB|IBOR|GBPUSD|M15|new_york|2021-10-26|60|IB60|OR30,IB_OR_BREAK_ONLY_SAME_DAY_SESSION_CLOSE,RELATION_P0,or_break_only_same_day_session_close_observed,IBORONLY|IBORB|IBORFB|IBOR|GBPUSD|M15|new_york|2021-10-26|60|IB60|OR30,GBPUSD,M15,new_york,America/New_York,2021-10-26,up,wick,2021-10-26T14:15:00Z,1.38287,1.38283,1.38287,0.00004,54,1,2021-10-26T14:30:00Z,1.38287,0.00004,1.3767,0,same_local_date_after_or_break_only
IBORONLYSC|IBORONLY|IBORB|IBORFB|IBOR|GBPUSD|M15|london|2021-10-27|60|IB60|OR30,IB_OR_BREAK_ONLY_SAME_DAY_SESSION_CLOSE,RELATION_P0,or_break_only_same_day_session_close_observed,IBORONLY|IBORB|IBORFB|IBOR|GBPUSD|M15|london|2021-10-27|60|IB60|OR30,GBPUSD,M15,london,Europe/London,2021-10-27,up,close,2021-10-27T07:30:00Z,1.37738,1.37729,1.37739,0.00010,61,1,2021-10-27T07:45:00Z,1.37802,0.00073,1.37359,0,same_local_date_after_or_break_only
IBORONLYSC|IBORONLY|IBORB|IBORFB|IBOR|GBPUSD|M15|new_york|2021-10-27|60|IB60|OR30,IB_OR_BREAK_ONLY_SAME_DAY_SESSION_CLOSE,RELATION_P0,or_break_only_same_day_session_close_observed,IBORONLY|IBORB|IBORFB|IBOR|GBPUSD|M15|new_york|2021-10-27|60|IB60|OR30,GBPUSD,M15,new_york,America/New_York,2021-10-27,down,wick,2021-10-27T14:00:00Z,1.37097,1.37118,1.37097,0.00021,55,1,2021-10-27T14:15:00Z,1.37086,0.00032,1.37276,0,same_local_date_after_or_break_only
IBORONLYSC|IBORONLY|IBORB|IBORFB|IBOR|GBPUSD|M15|london|2021-10-28|60|IB60|OR30,IB_OR_BREAK_ONLY_SAME_DAY_SESSION_CLOSE,RELATION_P0,or_break_only_same_day_session_close_observed,IBORONLY|IBORB|IBORFB|IBOR|GBPUSD|M15|london|2021-10-28|60|IB60|OR30,GBPUSD,M15,london,Europe/London,2021-10-28,down,wick,2021-10-28T07:30:00Z,1.37373,1.37403,1.37373,0.00030,61,1,2021-10-28T07:45:00Z,1.37294,0.00109,1.3788,0,same_local_date_after_or_break_only
IBORONLYSC|IBORONLY|IBORB|IBORFB|IBOR|GBPUSD|M15|new_york|2021-10-28|60|IB60|OR30,IB_OR_BREAK_ONLY_SAME_DAY_SESSION_CLOSE,RELATION_P0,or_break_only_same_day_session_close_observed,IBORONLY|IBORB|IBORFB|IBOR|GBPUSD|M15|new_york|2021-10-28|60|IB60|OR30,GBPUSD,M15,new_york,America/New_York,2021-10-28,up,wick,2021-10-28T14:00:00Z,1.37633,1.37605,1.37633,0.00028,55,1,2021-10-28T14:15:00Z,1.3814,0.00535,1.37943,1,same_local_date_after_or_break_only
IBORONLYSC|IBORONLY|IBORB|IBORFB|IBOR|GBPUSD|M15|london|2021-10-29|60|IB60|OR30,IB_OR_BREAK_ONLY_SAME_DAY_SESSION_CLOSE,RELATION_P0,or_break_only_same_day_session_close_observed,IBORONLY|IBORB|IBORFB|IBOR|GBPUSD|M15|london|2021-10-29|60|IB60|OR30,GBPUSD,M15,london,Europe/London,2021-10-29,down,close,2021-10-29T07:30:00Z,1.37917,1.37931,1.37869,0.00062,61,1,2021-10-29T08:15:00Z,1.36676,0.01255,1.36842,1,same_local_date_after_or_break_only
IBORONLYSC|IBORONLY|IBORB|IBORFB|IBOR|GBPUSD|M15|new_york|2021-10-29|60|IB60|OR30,IB_OR_BREAK_ONLY_SAME_DAY_SESSION_CLOSE,RELATION_P0,or_break_only_same_day_session_close_observed,IBORONLY|IBORB|IBORFB|IBOR|GBPUSD|M15|new_york|2021-10-29|60|IB60|OR30,GBPUSD,M15,new_york,America/New_York,2021-10-29,down,wick,2021-10-29T14:00:00Z,1.37773,1.37824,1.37773,0.00051,39,1,2021-10-29T14:15:00Z,1.36676,0.01148,1.36934,1,same_local_date_after_or_break_only
IBORONLYSC|IBORONLY|IBORB|IBORFB|IBOR|GBPUSD|M15|london|2021-11-01|60|IB60|OR30,IB_OR_BREAK_ONLY_SAME_DAY_SESSION_CLOSE,RELATION_P0,or_break_only_same_day_session_close_observed,IBORONLY|IBORB|IBORFB|IBOR|GBPUSD|M15|london|2021-11-01|60|IB60|OR30,GBPUSD,M15,london,Europe/London,2021-11-01,up,close,2021-11-01T08:30:00Z,1.3686,1.36851,1.36871,0.00020,61,1,2021-11-01T08:45:00Z,1.36926,0.00075,1.36629,0,same_local_date_after_or_break_only
IBORONLYSC|IBORONLY|IBORB|IBORFB|IBOR|GBPUSD|M15|london|2021-11-02|60|IB60|OR30,IB_OR_BREAK_ONLY_SAME_DAY_SESSION_CLOSE,RELATION_P0,or_break_only_same_day_session_close_observed,IBORONLY|IBORB|IBORFB|IBOR|GBPUSD|M15|london|2021-11-02|60|IB60|OR30,GBPUSD,M15,london,Europe/London,2021-11-02,down,wick,2021-11-02T08:45:00Z,1.36497,1.36528,1.36497,0.00031,60,1,2021-11-02T09:00:00Z,1.36047,0.00481,1.36144,1,same_local_date_after_or_break_only
IBORONLYSC|IBORONLY|IBORB|IBORFB|IBOR|GBPUSD|M15|new_york|2021-11-02|60|IB60|OR30,IB_OR_BREAK_ONLY_SAME_DAY_SESSION_CLOSE,RELATION_P0,or_break_only_same_day_session_close_observed,IBORONLY|IBORB|IBORFB|IBOR|GBPUSD|M15|new_york|2021-11-02|60|IB60|OR30,GBPUSD,M15,new_york,America/New_York,2021-11-02,up,close,2021-11-02T14:00:00Z,1.36383,1.36374,1.36407,0.00033,55,1,2021-11-02T14:15:00Z,1.3663,0.00256,1.36182,0,same_local_date_after_or_break_only
IBORONLYSC|IBORONLY|IBORB|IBORFB|IBOR|GBPUSD|M15|new_york|2021-11-03|60|IB60|OR30,IB_OR_BREAK_ONLY_SAME_DAY_SESSION_CLOSE,RELATION_P0,or_break_only_same_day_session_close_observed,IBORONLY|IBORB|IBORFB|IBOR|GBPUSD|M15|new_york|2021-11-03|60|IB60|OR30,GBPUSD,M15,new_york,America/New_York,2021-11-03,up,wick,2021-11-03T14:00:00Z,1.36265,1.36258,1.36275,0.00017,55,1,2021-11-03T14:15:00Z,1.36973,0.00715,1.36798,1,same_local_date_after_or_break_only
IBORONLYSC|IBORONLY|IBORB|IBORFB|IBOR|GBPUSD|M15|london|2021-11-04|60|IB60|OR30,IB_OR_BREAK_ONLY_SAME_DAY_SESSION_CLOSE,RELATION_P0,or_break_only_same_day_session_close_observed,IBORONLY|IBORB|IBORFB|IBOR|GBPUSD|M15|london|2021-11-04|60|IB60|OR30,GBPUSD,M15,london,Europe/London,2021-11-04,down,close,2021-11-04T08:30:00Z,1.36524,1.36533,1.36511,0.00022,61,1,2021-11-04T08:45:00Z,1.34706,0.01827,1.35001,1,same_local_date_after_or_break_only
IBORONLYSC|IBORONLY|IBORB|IBORFB|IBOR|GBPUSD|M15|new_york|2021-11-04|60|IB60|OR30,IB_OR_BREAK_ONLY_SAME_DAY_SESSION_CLOSE,RELATION_P0,or_break_only_same_day_session_close_observed,IBORONLY|IBORB|IBORFB|IBOR|GBPUSD|M15|new_york|2021-11-04|60|IB60|OR30,GBPUSD,M15,new_york,America/New_York,2021-11-04,up,close,2021-11-04T14:00:00Z,1.36367,1.36329,1.36375,0.00046,55,1,2021-11-04T14:15:00Z,1.36513,0.00184,1.34979,0,same_local_date_after_or_break_only
IBORONLYSC|IBORONLY|IBORB|IBORFB|IBOR|GBPUSD|M15|london|2021-11-05|60|IB60|OR30,IB_OR_BREAK_ONLY_SAME_DAY_SESSION_CLOSE,RELATION_P0,or_break_only_same_day_session_close_observed,IBORONLY|IBORB|IBORFB|IBOR|GBPUSD|M15|london|2021-11-05|60|IB60|OR30,GBPUSD,M15,london,Europe/London,2021-11-05,down,close,2021-11-05T08:45:00Z,1.34912,1.34913,1.34900,0.00013,60,1,2021-11-05T09:00:00Z,1.34238,0.00675,1.3494,0,same_local_date_after_or_break_only
IBORONLYSC|IBORONLY|IBORB|IBORFB|IBOR|GBPUSD|M15|new_york|2021-11-05|60|IB60|OR30,IB_OR_BREAK_ONLY_SAME_DAY_SESSION_CLOSE,RELATION_P0,or_break_only_same_day_session_close_observed,IBORONLY|IBORB|IBORFB|IBOR|GBPUSD|M15|new_york|2021-11-05|60|IB60|OR30,GBPUSD,M15,new_york,America/New_York,2021-11-05,up,wick,2021-11-05T14:00:00Z,1.34477,1.34426,1.34477,0.00051,39,1,2021-11-05T14:15:00Z,1.35063,0.00637,1.3494,1,same_local_date_after_or_break_only
IBORONLYSC|IBORONLY|IBORB|IBORFB|IBOR|GBPUSD|M15|new_york|2021-11-08|60|IB60|OR30,IB_OR_BREAK_ONLY_SAME_DAY_SESSION_CLOSE,RELATION_P0,or_break_only_same_day_session_close_observed,IBORONLY|IBORB|IBORFB|IBOR|GBPUSD|M15|new_york|2021-11-08|60|IB60|OR30,GBPUSD,M15,new_york,America/New_York,2021-11-08,up,close,2021-11-08T15:00:00Z,1.35453,1.35370,1.35497,0.00127,55,1,2021-11-08T15:45:00Z,1.3579,0.00420,1.35593,1,same_local_date_after_or_break_only
IBORONLYSC|IBORONLY|IBORB|IBORFB|IBOR|GBPUSD|M15|london|2021-11-09|60|IB60|OR30,IB_OR_BREAK_ONLY_SAME_DAY_SESSION_CLOSE,RELATION_P0,or_break_only_same_day_session_close_observed,IBORONLY|IBORB|IBORFB|IBOR|GBPUSD|M15|london|2021-11-09|60|IB60|OR30,GBPUSD,M15,london,Europe/London,2021-11-09,down,close,2021-11-09T08:30:00Z,1.35675,1.35730,1.35634,0.00096,61,1,2021-11-09T09:00:00Z,1.35235,0.00495,1.35588,1,same_local_date_after_or_break_only
IBORONLYSC|IBORONLY|IBORB|IBORFB|IBOR|GBPUSD|M15|new_york|2021-11-09|60|IB60|OR30,IB_OR_BREAK_ONLY_SAME_DAY_SESSION_CLOSE,RELATION_P0,or_break_only_same_day_session_close_observed,IBORONLY|IBORB|IBORFB|IBOR|GBPUSD|M15|new_york|2021-11-09|60|IB60|OR30,GBPUSD,M15,new_york,America/New_York,2021-11-09,down,wick,2021-11-09T15:00:00Z,1.35566,1.35573,1.35531,0.00042,55,1,2021-11-09T15:15:00Z,1.35235,0.00338,1.35591,0,same_local_date_after_or_break_only
IBORONLYSC|IBORONLY|IBORB|IBORFB|IBOR|GBPUSD|M15|london|2021-11-10|60|IB60|OR30,IB_OR_BREAK_ONLY_SAME_DAY_SESSION_CLOSE,RELATION_P0,or_break_only_same_day_session_close_observed,IBORONLY|IBORB|IBORFB|IBOR|GBPUSD|M15|london|2021-11-10|60|IB60|OR30,GBPUSD,M15,london,Europe/London,2021-11-10,up,close,2021-11-10T08:30:00Z,1.35563,1.35544,1.35614,0.00070,61,1,2021-11-10T09:15:00Z,1.3563,0.00086,1.34011,0,same_local_date_after_or_break_only
IBORONLYSC|IBORONLY|IBORB|IBORFB|IBOR|GBPUSD|M15|new_york|2021-11-10|60|IB60|OR30,IB_OR_BREAK_ONLY_SAME_DAY_SESSION_CLOSE,RELATION_P0,or_break_only_same_day_session_close_observed,IBORONLY|IBORB|IBORFB|IBOR|GBPUSD|M15|new_york|2021-11-10|60|IB60|OR30,GBPUSD,M15,new_york,America/New_York,2021-11-10,up,close,2021-11-10T15:00:00Z,1.35097,1.35084,1.35109,0.00025,55,1,2021-11-10T15:15:00Z,1.35383,0.00299,1.33993,0,same_local_date_after_or_break_only
IBORONLYSC|IBORONLY|IBORB|IBORFB|IBOR|GBPUSD|M15|london|2021-11-11|60|IB60|OR30,IB_OR_BREAK_ONLY_SAME_DAY_SESSION_CLOSE,RELATION_P0,or_break_only_same_day_session_close_observed,IBORONLY|IBORB|IBORFB|IBOR|GBPUSD|M15|london|2021-11-11|60|IB60|OR30,GBPUSD,M15,london,Europe/London,2021-11-11,up,close,2021-11-11T08:30:00Z,1.34315,1.34257,1.34325,0.00068,61,1,2021-11-11T08:45:00Z,1.34324,0.00067,1.33658,0,same_local_date_after_or_break_only
IBORONLYSC|IBORONLY|IBORB|IBORFB|IBOR|GBPUSD|M15|new_york|2021-11-11|60|IB60|OR30,IB_OR_BREAK_ONLY_SAME_DAY_SESSION_CLOSE,RELATION_P0,or_break_only_same_day_session_close_observed,IBORONLY|IBORB|IBORFB|IBOR|GBPUSD|M15|new_york|2021-11-11|60|IB60|OR30,GBPUSD,M15,new_york,America/New_York,2021-11-11,down,close,2021-11-11T15:00:00Z,1.33979,1.33984,1.33911,0.00073,55,1,2021-11-11T15:15:00Z,1.33525,0.00459,1.33597,1,same_local_date_after_or_break_only
IBORONLYSC|IBORONLY|IBORB|IBORFB|IBOR|GBPUSD|M15|london|2021-11-12|60|IB60|OR30,IB_OR_BREAK_ONLY_SAME_DAY_SESSION_CLOSE,RELATION_P0,or_break_only_same_day_session_close_observed,IBORONLY|IBORB|IBORFB|IBOR|GBPUSD|M15|london|2021-11-12|60|IB60|OR30,GBPUSD,M15,london,Europe/London,2021-11-12,up,close,2021-11-12T08:45:00Z,1.33728,1.33717,1.33728,0.00011,60,1,2021-11-12T09:00:00Z,1.34255,0.00538,1.34125,1,same_local_date_after_or_break_only
IBORONLYSC|IBORONLY|IBORB|IBORFB|IBOR|GBPUSD|M15|new_york|2021-11-12|60|IB60|OR30,IB_OR_BREAK_ONLY_SAME_DAY_SESSION_CLOSE,RELATION_P0,or_break_only_same_day_session_close_observed,IBORONLY|IBORB|IBORFB|IBOR|GBPUSD|M15|new_york|2021-11-12|60|IB60|OR30,GBPUSD,M15,new_york,America/New_York,2021-11-12,down,close,2021-11-12T15:00:00Z,1.33883,1.33917,1.33813,0.00104,35,1,2021-11-12T15:15:00Z,1.3378,0.00137,1.34125,0,same_local_date_after_or_break_only
IBORONLYSC|IBORONLY|IBORB|IBORFB|IBOR|GBPUSD|M15|new_york|2021-11-15|60|IB60|OR30,IB_OR_BREAK_ONLY_SAME_DAY_SESSION_CLOSE,RELATION_P0,or_break_only_same_day_session_close_observed,IBORONLY|IBORB|IBORFB|IBOR|GBPUSD|M15|new_york|2021-11-15|60|IB60|OR30,GBPUSD,M15,new_york,America/New_York,2021-11-15,up,wick,2021-11-15T15:00:00Z,1.34396,1.34372,1.34407,0.00035,55,1,2021-11-15T15:15:00Z,1.34488,0.00116,1.34336,0,same_local_date_after_or_break_only
IBORONLYSC|IBORONLY|IBORB|IBORFB|IBOR|GBPUSD|M15|new_york|2021-11-16|60|IB60|OR30,IB_OR_BREAK_ONLY_SAME_DAY_SESSION_CLOSE,RELATION_P0,or_break_only_same_day_session_close_observed,IBORONLY|IBORB|IBORFB|IBOR|GBPUSD|M15|new_york|2021-11-16|60|IB60|OR30,GBPUSD,M15,new_york,America/New_York,2021-11-16,down,wick,2021-11-16T15:15:00Z,1.344,1.34403,1.34400,0.00003,54,1,2021-11-16T15:30:00Z,1.34142,0.00261,1.34302,1,same_local_date_after_or_break_only
IBORONLYSC|IBORONLY|IBORB|IBORFB|IBOR|GBPUSD|M15|london|2021-11-17|60|IB60|OR30,IB_OR_BREAK_ONLY_SAME_DAY_SESSION_CLOSE,RELATION_P0,or_break_only_same_day_session_close_observed,IBORONLY|IBORB|IBORFB|IBOR|GBPUSD|M15|london|2021-11-17|60|IB60|OR30,GBPUSD,M15,london,Europe/London,2021-11-17,up,close,2021-11-17T08:30:00Z,1.34385,1.34323,1.34475,0.00152,61,1,2021-11-17T10:00:00Z,1.34959,0.00636,1.34928,1,same_local_date_after_or_break_only
IBORONLYSC|IBORONLY|IBORB|IBORFB|IBOR|GBPUSD|M15|new_york|2021-11-17|60|IB60|OR30,IB_OR_BREAK_ONLY_SAME_DAY_SESSION_CLOSE,RELATION_P0,or_break_only_same_day_session_close_observed,IBORONLY|IBORB|IBORFB|IBOR|GBPUSD|M15|new_york|2021-11-17|60|IB60|OR30,GBPUSD,M15,new_york,America/New_York,2021-11-17,down,wick,2021-11-17T15:00:00Z,1.34528,1.34532,1.34528,0.00004,55,1,2021-11-17T15:15:00Z,1.3451,0.00022,1.34948,0,same_local_date_after_or_break_only
IBORONLYSC|IBORONLY|IBORB|IBORFB|IBOR|GBPUSD|M15|london|2021-11-18|60|IB60|OR30,IB_OR_BREAK_ONLY_SAME_DAY_SESSION_CLOSE,RELATION_P0,or_break_only_same_day_session_close_observed,IBORONLY|IBORB|IBORFB|IBOR|GBPUSD|M15|london|2021-11-18|60|IB60|OR30,GBPUSD,M15,london,Europe/London,2021-11-18,up,wick,2021-11-18T08:30:00Z,1.34931,1.34925,1.34951,0.00026,61,1,2021-11-18T08:45:00Z,1.35129,0.00204,1.34989,1,same_local_date_after_or_break_only
IBORONLYSC|IBORONLY|IBORB|IBORFB|IBOR|GBPUSD|M15|new_york|2021-11-18|60|IB60|OR30,IB_OR_BREAK_ONLY_SAME_DAY_SESSION_CLOSE,RELATION_P0,or_break_only_same_day_session_close_observed,IBORONLY|IBORB|IBORFB|IBOR|GBPUSD|M15|new_york|2021-11-18|60|IB60|OR30,GBPUSD,M15,new_york,America/New_York,2021-11-18,down,wick,2021-11-18T15:00:00Z,1.34736,1.34750,1.34630,0.00120,55,1,2021-11-18T15:15:00Z,1.3463,0.00120,1.34835,0,same_local_date_after_or_break_only
IBORONLYSC|IBORONLY|IBORB|IBORFB|IBOR|GBPUSD|M15|london|2021-11-19|60|IB60|OR30,IB_OR_BREAK_ONLY_SAME_DAY_SESSION_CLOSE,RELATION_P0,or_break_only_same_day_session_close_observed,IBORONLY|IBORB|IBORFB|IBOR|GBPUSD|M15|london|2021-11-19|60|IB60|OR30,GBPUSD,M15,london,Europe/London,2021-11-19,up,close,2021-11-19T08:30:00Z,1.34983,1.34919,1.35003,0.00084,61,1,2021-11-19T09:45:00Z,1.35091,0.00172,1.34423,0,same_local_date_after_or_break_only
IBORONLYSC|IBORONLY|IBORB|IBORFB|IBOR|GBPUSD|M15|london|2021-11-22|60|IB60|OR30,IB_OR_BREAK_ONLY_SAME_DAY_SESSION_CLOSE,RELATION_P0,or_break_only_same_day_session_close_observed,IBORONLY|IBORB|IBORFB|IBOR|GBPUSD|M15|london|2021-11-22|60|IB60|OR30,GBPUSD,M15,london,Europe/London,2021-11-22,down,wick,2021-11-22T08:30:00Z,1.34369,1.34381,1.34368,0.00013,61,1,2021-11-22T08:45:00Z,1.33837,0.00544,1.33957,1,same_local_date_after_or_break_only
IBORONLYSC|IBORONLY|IBORB|IBORFB|IBOR|GBPUSD|M15|new_york|2021-11-22|60|IB60|OR30,IB_OR_BREAK_ONLY_SAME_DAY_SESSION_CLOSE,RELATION_P0,or_break_only_same_day_session_close_observed,IBORONLY|IBORB|IBORFB|IBOR|GBPUSD|M15|new_york|2021-11-22|60|IB60|OR30,GBPUSD,M15,new_york,America/New_York,2021-11-22,down,close,2021-11-22T15:00:00Z,1.34386,1.34390,1.34333,0.00057,55,1,2021-11-22T15:15:00Z,1.33837,0.00553,1.33918,1,same_local_date_after_or_break_only
IBORONLYSC|IBORONLY|IBORB|IBORFB|IBOR|GBPUSD|M15|new_york|2021-11-23|60|IB60|OR30,IB_OR_BREAK_ONLY_SAME_DAY_SESSION_CLOSE,RELATION_P0,or_break_only_same_day_session_close_observed,IBORONLY|IBORB|IBORFB|IBOR|GBPUSD|M15|new_york|2021-11-23|60|IB60|OR30,GBPUSD,M15,new_york,America/New_York,2021-11-23,up,close,2021-11-23T15:00:00Z,1.33725,1.33538,1.33734,0.00196,55,1,2021-11-23T17:15:00Z,1.33878,0.00340,1.33744,1,same_local_date_after_or_break_only
IBORONLYSC|IBORONLY|IBORB|IBORFB|IBOR|GBPUSD|M15|london|2021-11-24|60|IB60|OR30,IB_OR_BREAK_ONLY_SAME_DAY_SESSION_CLOSE,RELATION_P0,or_break_only_same_day_session_close_observed,IBORONLY|IBORB|IBORFB|IBOR|GBPUSD|M15|london|2021-11-24|60|IB60|OR30,GBPUSD,M15,london,Europe/London,2021-11-24,down,wick,2021-11-24T08:30:00Z,1.33749,1.33770,1.33749,0.00021,61,1,2021-11-24T08:45:00Z,1.33154,0.00616,1.33268,1,same_local_date_after_or_break_only
IBORONLYSC|IBORONLY|IBORB|IBORFB|IBOR|GBPUSD|M15|new_york|2021-11-24|60|IB60|OR30,IB_OR_BREAK_ONLY_SAME_DAY_SESSION_CLOSE,RELATION_P0,or_break_only_same_day_session_close_observed,IBORONLY|IBORB|IBORFB|IBOR|GBPUSD|M15|new_york|2021-11-24|60|IB60|OR30,GBPUSD,M15,new_york,America/New_York,2021-11-24,down,wick,2021-11-24T15:00:00Z,1.33435,1.33502,1.33435,0.00067,55,1,2021-11-24T15:15:00Z,1.33154,0.00348,1.33415,1,same_local_date_after_or_break_only
IBORONLYSC|IBORONLY|IBORB|IBORFB|IBOR|GBPUSD|M15|london|2021-11-25|60|IB60|OR30,IB_OR_BREAK_ONLY_SAME_DAY_SESSION_CLOSE,RELATION_P0,or_break_only_same_day_session_close_observed,IBORONLY|IBORB|IBORFB|IBOR|GBPUSD|M15|london|2021-11-25|60|IB60|OR30,GBPUSD,M15,london,Europe/London,2021-11-25,up,wick,2021-11-25T08:30:00Z,1.33504,1.33501,1.33504,0.00003,61,1,2021-11-25T08:45:00Z,1.33528,0.00027,1.33203,0,same_local_date_after_or_break_only
IBORONLYSC|IBORONLY|IBORB|IBORFB|IBOR|GBPUSD|M15|london|2021-11-26|60|IB60|OR30,IB_OR_BREAK_ONLY_SAME_DAY_SESSION_CLOSE,RELATION_P0,or_break_only_same_day_session_close_observed,IBORONLY|IBORB|IBORFB|IBOR|GBPUSD|M15|london|2021-11-26|60|IB60|OR30,GBPUSD,M15,london,Europe/London,2021-11-26,down,wick,2021-11-26T08:30:00Z,1.32959,1.32961,1.32959,0.00002,61,1,2021-11-26T08:45:00Z,1.32773,0.00188,1.33258,0,same_local_date_after_or_break_only
IBORONLYSC|IBORONLY|IBORB|IBORFB|IBOR|GBPUSD|M15|new_york|2021-11-26|60|IB60|OR30,IB_OR_BREAK_ONLY_SAME_DAY_SESSION_CLOSE,RELATION_P0,or_break_only_same_day_session_close_observed,IBORONLY|IBORB|IBORFB|IBOR|GBPUSD|M15|new_york|2021-11-26|60|IB60|OR30,GBPUSD,M15,new_york,America/New_York,2021-11-26,up,close,2021-11-26T15:00:00Z,1.33428,1.33408,1.33487,0.00079,35,1,2021-11-26T15:15:00Z,1.33593,0.00185,1.33258,0,same_local_date_after_or_break_only
IBORONLYSC|IBORONLY|IBORB|IBORFB|IBOR|GBPUSD|M15|london|2021-11-29|60|IB60|OR30,IB_OR_BREAK_ONLY_SAME_DAY_SESSION_CLOSE,RELATION_P0,or_break_only_same_day_session_close_observed,IBORONLY|IBORB|IBORFB|IBOR|GBPUSD|M15|london|2021-11-29|60|IB60|OR30,GBPUSD,M15,london,Europe/London,2021-11-29,down,wick,2021-11-29T08:30:00Z,1.33321,1.33332,1.33321,0.00011,61,1,2021-11-29T08:45:00Z,1.32869,0.00463,1.33153,1,same_local_date_after_or_break_only
IBORONLYSC|IBORONLY|IBORB|IBORFB|IBOR|GBPUSD|M15|london|2021-11-30|60|IB60|OR30,IB_OR_BREAK_ONLY_SAME_DAY_SESSION_CLOSE,RELATION_P0,or_break_only_same_day_session_close_observed,IBORONLY|IBORB|IBORFB|IBOR|GBPUSD|M15|london|2021-11-30|60|IB60|OR30,GBPUSD,M15,london,Europe/London,2021-11-30,up,close,2021-11-30T08:30:00Z,1.3322,1.33180,1.33272,0.00092,61,1,2021-11-30T09:00:00Z,1.33697,0.00517,1.33013,0,same_local_date_after_or_break_only
IBORONLYSC|IBORONLY|IBORB|IBORFB|IBOR|GBPUSD|M15|new_york|2021-11-30|60|IB60|OR30,IB_OR_BREAK_ONLY_SAME_DAY_SESSION_CLOSE,RELATION_P0,or_break_only_same_day_session_close_observed,IBORONLY|IBORB|IBORFB|IBOR|GBPUSD|M15|new_york|2021-11-30|60|IB60|OR30,GBPUSD,M15,new_york,America/New_York,2021-11-30,up,wick,2021-11-30T15:00:00Z,1.33439,1.33396,1.33450,0.00054,55,1,2021-11-30T15:15:00Z,1.33664,0.00268,1.33027,0,same_local_date_after_or_break_only
IBORONLYSC|IBORONLY|IBORB|IBORFB|IBOR|GBPUSD|M15|london|2021-12-01|60|IB60|OR30,IB_OR_BREAK_ONLY_SAME_DAY_SESSION_CLOSE,RELATION_P0,or_break_only_same_day_session_close_observed,IBORONLY|IBORB|IBORFB|IBOR|GBPUSD|M15|london|2021-12-01|60|IB60|OR30,GBPUSD,M15,london,Europe/London,2021-12-01,up,close,2021-12-01T08:30:00Z,1.33281,1.33277,1.33307,0.00030,61,1,2021-12-01T08:45:00Z,1.33513,0.00236,1.32735,0,same_local_date_after_or_break_only
IBORONLYSC|IBORONLY|IBORB|IBORFB|IBOR|GBPUSD|M15|new_york|2021-12-01|60|IB60|OR30,IB_OR_BREAK_ONLY_SAME_DAY_SESSION_CLOSE,RELATION_P0,or_break_only_same_day_session_close_observed,IBORONLY|IBORB|IBORFB|IBOR|GBPUSD|M15|new_york|2021-12-01|60|IB60|OR30,GBPUSD,M15,new_york,America/New_York,2021-12-01,down,close,2021-12-01T15:00:00Z,1.33095,1.33145,1.33078,0.00067,55,1,2021-12-01T15:15:00Z,1.32612,0.00533,1.33024,1,same_local_date_after_or_break_only
IBORONLYSC|IBORONLY|IBORB|IBORFB|IBOR|GBPUSD|M15|london|2021-12-02|60|IB60|OR30,IB_OR_BREAK_ONLY_SAME_DAY_SESSION_CLOSE,RELATION_P0,or_break_only_same_day_session_close_observed,IBORONLY|IBORB|IBORFB|IBOR|GBPUSD|M15|london|2021-12-02|60|IB60|OR30,GBPUSD,M15,london,Europe/London,2021-12-02,up,wick,2021-12-02T08:30:00Z,1.32919,1.32894,1.32932,0.00038,61,1,2021-12-02T08:45:00Z,1.33329,0.00435,1.32987,1,same_local_date_after_or_break_only
IBORONLYSC|IBORONLY|IBORB|IBORFB|IBOR|GBPUSD|M15|new_york|2021-12-02|60|IB60|OR30,IB_OR_BREAK_ONLY_SAME_DAY_SESSION_CLOSE,RELATION_P0,or_break_only_same_day_session_close_observed,IBORONLY|IBORB|IBORFB|IBOR|GBPUSD|M15|new_york|2021-12-02|60|IB60|OR30,GBPUSD,M15,new_york,America/New_York,2021-12-02,up,wick,2021-12-02T15:00:00Z,1.33327,1.33309,1.33327,0.00018,55,1,2021-12-02T15:15:00Z,1.33242,-0.00067,1.32837,0,same_local_date_after_or_break_only
IBORONLYSC|IBORONLY|IBORB|IBORFB|IBOR|GBPUSD|M15|london|2021-12-03|60|IB60|OR30,IB_OR_BREAK_ONLY_SAME_DAY_SESSION_CLOSE,RELATION_P0,or_break_only_same_day_session_close_observed,IBORONLY|IBORB|IBORFB|IBOR|GBPUSD|M15|london|2021-12-03|60|IB60|OR30,GBPUSD,M15,london,Europe/London,2021-12-03,down,close,2021-12-03T08:30:00Z,1.32895,1.32926,1.32793,0.00133,61,1,2021-12-03T15:30:00Z,1.32079,0.00847,1.32319,1,same_local_date_after_or_break_only
IBORONLYSC|IBORONLY|IBORB|IBORFB|IBOR|GBPUSD|M15|new_york|2021-12-03|60|IB60|OR30,IB_OR_BREAK_ONLY_SAME_DAY_SESSION_CLOSE,RELATION_P0,or_break_only_same_day_session_close_observed,IBORONLY|IBORB|IBORFB|IBOR|GBPUSD|M15|new_york|2021-12-03|60|IB60|OR30,GBPUSD,M15,new_york,America/New_York,2021-12-03,up,wick,2021-12-03T15:15:00Z,1.32809,1.32790,1.32809,0.00019,34,1,2021-12-03T15:30:00Z,1.33092,0.00302,1.32319,0,same_local_date_after_or_break_only
IBORONLYSC|IBORONLY|IBORB|IBORFB|IBOR|GBPUSD|M15|london|2021-12-06|60|IB60|OR30,IB_OR_BREAK_ONLY_SAME_DAY_SESSION_CLOSE,RELATION_P0,or_break_only_same_day_session_close_observed,IBORONLY|IBORB|IBORFB|IBOR|GBPUSD|M15|london|2021-12-06|60|IB60|OR30,GBPUSD,M15,london,Europe/London,2021-12-06,down,close,2021-12-06T08:30:00Z,1.32278,1.32283,1.32220,0.00063,61,1,2021-12-06T08:45:00Z,1.32219,0.00064,1.32633,0,same_local_date_after_or_break_only
IBORONLYSC|IBORONLY|IBORB|IBORFB|IBOR|GBPUSD|M15|new_york|2021-12-06|60|IB60|OR30,IB_OR_BREAK_ONLY_SAME_DAY_SESSION_CLOSE,RELATION_P0,or_break_only_same_day_session_close_observed,IBORONLY|IBORB|IBORFB|IBOR|GBPUSD|M15|new_york|2021-12-06|60|IB60|OR30,GBPUSD,M15,new_york,America/New_York,2021-12-06,down,close,2021-12-06T15:00:00Z,1.32584,1.32678,1.32525,0.00153,55,1,2021-12-06T16:00:00Z,1.32298,0.00380,1.32778,0,same_local_date_after_or_break_only
IBORONLYSC|IBORONLY|IBORB|IBORFB|IBOR|GBPUSD|M15|london|2021-12-07|60|IB60|OR30,IB_OR_BREAK_ONLY_SAME_DAY_SESSION_CLOSE,RELATION_P0,or_break_only_same_day_session_close_observed,IBORONLY|IBORB|IBORFB|IBOR|GBPUSD|M15|london|2021-12-07|60|IB60|OR30,GBPUSD,M15,london,Europe/London,2021-12-07,down,close,2021-12-07T08:30:00Z,1.32806,1.32832,1.32757,0.00075,61,1,2021-12-07T08:45:00Z,1.32083,0.00749,1.32416,1,same_local_date_after_or_break_only
IBORONLYSC|IBORONLY|IBORB|IBORFB|IBOR|GBPUSD|M15|new_york|2021-12-07|60|IB60|OR30,IB_OR_BREAK_ONLY_SAME_DAY_SESSION_CLOSE,RELATION_P0,or_break_only_same_day_session_close_observed,IBORONLY|IBORB|IBORFB|IBOR|GBPUSD|M15|new_york|2021-12-07|60|IB60|OR30,GBPUSD,M15,new_york,America/New_York,2021-12-07,up,wick,2021-12-07T15:00:00Z,1.3258,1.32543,1.32580,0.00037,55,1,2021-12-07T15:15:00Z,1.3257,0.00027,1.3256,1,same_local_date_after_or_break_only
IBORONLYSC|IBORONLY|IBORB|IBORFB|IBOR|GBPUSD|M15|london|2021-12-08|60|IB60|OR30,IB_OR_BREAK_ONLY_SAME_DAY_SESSION_CLOSE,RELATION_P0,or_break_only_same_day_session_close_observed,IBORONLY|IBORB|IBORFB|IBOR|GBPUSD|M15|london|2021-12-08|60|IB60|OR30,GBPUSD,M15,london,Europe/London,2021-12-08,down,close,2021-12-08T08:30:00Z,1.32476,1.32505,1.32454,0.00051,61,1,2021-12-08T08:45:00Z,1.31591,0.00914,1.32038,1,same_local_date_after_or_break_only
IBORONLYSC|IBORONLY|IBORB|IBORFB|IBOR|GBPUSD|M15|new_york|2021-12-08|60|IB60|OR30,IB_OR_BREAK_ONLY_SAME_DAY_SESSION_CLOSE,RELATION_P0,or_break_only_same_day_session_close_observed,IBORONLY|IBORB|IBORFB|IBOR|GBPUSD|M15|new_york|2021-12-08|60|IB60|OR30,GBPUSD,M15,new_york,America/New_York,2021-12-08,down,wick,2021-12-08T15:15:00Z,1.31845,1.31849,1.31845,0.00004,54,1,2021-12-08T15:30:00Z,1.31887,-0.00038,1.31957,0,same_local_date_after_or_break_only
IBORONLYSC|IBORONLY|IBORB|IBORFB|IBOR|GBPUSD|M15|london|2021-12-09|60|IB60|OR30,IB_OR_BREAK_ONLY_SAME_DAY_SESSION_CLOSE,RELATION_P0,or_break_only_same_day_session_close_observed,IBORONLY|IBORB|IBORFB|IBOR|GBPUSD|M15|london|2021-12-09|60|IB60|OR30,GBPUSD,M15,london,Europe/London,2021-12-09,up,wick,2021-12-09T08:30:00Z,1.32156,1.32148,1.32156,0.00008,61,1,2021-12-09T08:45:00Z,1.32218,0.00070,1.32188,1,same_local_date_after_or_break_only
IBORONLYSC|IBORONLY|IBORB|IBORFB|IBOR|GBPUSD|M15|new_york|2021-12-09|60|IB60|OR30,IB_OR_BREAK_ONLY_SAME_DAY_SESSION_CLOSE,RELATION_P0,or_break_only_same_day_session_close_observed,IBORONLY|IBORB|IBORFB|IBOR|GBPUSD|M15|new_york|2021-12-09|60|IB60|OR30,GBPUSD,M15,new_york,America/New_York,2021-12-09,up,wick,2021-12-09T15:00:00Z,1.31952,1.31912,1.32095,0.00183,55,1,2021-12-09T15:15:00Z,1.32326,0.00414,1.32279,1,same_local_date_after_or_break_only
IBORONLYSC|IBORONLY|IBORB|IBORFB|IBOR|GBPUSD|M15|new_york|2021-12-10|60|IB60|OR30,IB_OR_BREAK_ONLY_SAME_DAY_SESSION_CLOSE,RELATION_P0,or_break_only_same_day_session_close_observed,IBORONLY|IBORB|IBORFB|IBOR|GBPUSD|M15|new_york|2021-12-10|60|IB60|OR30,GBPUSD,M15,new_york,America/New_York,2021-12-10,up,wick,2021-12-10T15:00:00Z,1.32109,1.32097,1.32114,0.00017,35,1,2021-12-10T15:15:00Z,1.32751,0.00654,1.32618,1,same_local_date_after_or_break_only
IBORONLYSC|IBORONLY|IBORB|IBORFB|IBOR|GBPUSD|M15|london|2021-12-13|60|IB60|OR30,IB_OR_BREAK_ONLY_SAME_DAY_SESSION_CLOSE,RELATION_P0,or_break_only_same_day_session_close_observed,IBORONLY|IBORB|IBORFB|IBOR|GBPUSD|M15|london|2021-12-13|60|IB60|OR30,GBPUSD,M15,london,Europe/London,2021-12-13,down,close,2021-12-13T08:30:00Z,1.32348,1.32382,1.32239,0.00143,61,1,2021-12-13T10:00:00Z,1.32064,0.00318,1.32119,1,same_local_date_after_or_break_only
IBORONLYSC|IBORONLY|IBORB|IBORFB|IBOR|GBPUSD|M15|new_york|2021-12-13|60|IB60|OR30,IB_OR_BREAK_ONLY_SAME_DAY_SESSION_CLOSE,RELATION_P0,or_break_only_same_day_session_close_observed,IBORONLY|IBORB|IBORFB|IBOR|GBPUSD|M15|new_york|2021-12-13|60|IB60|OR30,GBPUSD,M15,new_york,America/New_York,2021-12-13,down,close,2021-12-13T15:00:00Z,1.32421,1.32452,1.32374,0.00078,55,1,2021-12-13T15:15:00Z,1.31973,0.00479,1.31996,1,same_local_date_after_or_break_only
IBORONLYSC|IBORONLY|IBORB|IBORFB|IBOR|GBPUSD|M15|london|2021-12-14|60|IB60|OR30,IB_OR_BREAK_ONLY_SAME_DAY_SESSION_CLOSE,RELATION_P0,or_break_only_same_day_session_close_observed,IBORONLY|IBORB|IBORFB|IBOR|GBPUSD|M15|london|2021-12-14|60|IB60|OR30,GBPUSD,M15,london,Europe/London,2021-12-14,up,wick,2021-12-14T08:30:00Z,1.32143,1.32131,1.32150,0.00019,61,1,2021-12-14T08:45:00Z,1.32563,0.00432,1.3226,1,same_local_date_after_or_break_only
IBORONLYSC|IBORONLY|IBORB|IBORFB|IBOR|GBPUSD|M15|new_york|2021-12-14|60|IB60|OR30,IB_OR_BREAK_ONLY_SAME_DAY_SESSION_CLOSE,RELATION_P0,or_break_only_same_day_session_close_observed,IBORONLY|IBORB|IBORFB|IBOR|GBPUSD|M15|new_york|2021-12-14|60|IB60|OR30,GBPUSD,M15,new_york,America/New_York,2021-12-14,down,wick,2021-12-14T15:15:00Z,1.32435,1.32452,1.32435,0.00017,54,1,2021-12-14T15:30:00Z,1.32187,0.00265,1.3232,1,same_local_date_after_or_break_only
IBORONLYSC|IBORONLY|IBORB|IBORFB|IBOR|GBPUSD|M15|london|2021-12-15|60|IB60|OR30,IB_OR_BREAK_ONLY_SAME_DAY_SESSION_CLOSE,RELATION_P0,or_break_only_same_day_session_close_observed,IBORONLY|IBORB|IBORFB|IBOR|GBPUSD|M15|london|2021-12-15|60|IB60|OR30,GBPUSD,M15,london,Europe/London,2021-12-15,down,wick,2021-12-15T08:30:00Z,1.3236,1.32366,1.32360,0.00006,61,1,2021-12-15T08:45:00Z,1.3171,0.00656,1.32613,0,same_local_date_after_or_break_only
IBORONLYSC|IBORONLY|IBORB|IBORFB|IBOR|GBPUSD|M15|new_york|2021-12-15|60|IB60|OR30,IB_OR_BREAK_ONLY_SAME_DAY_SESSION_CLOSE,RELATION_P0,or_break_only_same_day_session_close_observed,IBORONLY|IBORB|IBORFB|IBOR|GBPUSD|M15|new_york|2021-12-15|60|IB60|OR30,GBPUSD,M15,new_york,America/New_York,2021-12-15,down,wick,2021-12-15T15:00:00Z,1.32496,1.32517,1.32458,0.00059,55,1,2021-12-15T15:15:00Z,1.3171,0.00807,1.32502,1,same_local_date_after_or_break_only
IBORONLYSC|IBORONLY|IBORB|IBORFB|IBOR|GBPUSD|M15|london|2021-12-16|60|IB60|OR30,IB_OR_BREAK_ONLY_SAME_DAY_SESSION_CLOSE,RELATION_P0,or_break_only_same_day_session_close_observed,IBORONLY|IBORB|IBORFB|IBOR|GBPUSD|M15|london|2021-12-16|60|IB60|OR30,GBPUSD,M15,london,Europe/London,2021-12-16,up,wick,2021-12-16T08:30:00Z,1.32492,1.32486,1.32531,0.00045,61,1,2021-12-16T08:45:00Z,1.33739,0.01253,1.33217,1,same_local_date_after_or_break_only
IBORONLYSC|IBORONLY|IBORB|IBORFB|IBOR|GBPUSD|M15|new_york|2021-12-16|60|IB60|OR30,IB_OR_BREAK_ONLY_SAME_DAY_SESSION_CLOSE,RELATION_P0,or_break_only_same_day_session_close_observed,IBORONLY|IBORB|IBORFB|IBOR|GBPUSD|M15|new_york|2021-12-16|60|IB60|OR30,GBPUSD,M15,new_york,America/New_York,2021-12-16,up,wick,2021-12-16T15:15:00Z,1.33739,1.33686,1.33739,0.00053,54,1,2021-12-16T15:30:00Z,1.33704,0.00018,1.33261,0,same_local_date_after_or_break_only
IBORONLYSC|IBORONLY|IBORB|IBORFB|IBOR|GBPUSD|M15|london|2021-12-17|60|IB60|OR30,IB_OR_BREAK_ONLY_SAME_DAY_SESSION_CLOSE,RELATION_P0,or_break_only_same_day_session_close_observed,IBORONLY|IBORB|IBORFB|IBOR|GBPUSD|M15|london|2021-12-17|60|IB60|OR30,GBPUSD,M15,london,Europe/London,2021-12-17,down,wick,2021-12-17T08:30:00Z,1.33226,1.33263,1.33226,0.00037,61,1,2021-12-17T08:45:00Z,1.32293,0.00970,1.32335,1,same_local_date_after_or_break_only
IBORONLYSC|IBORONLY|IBORB|IBORFB|IBOR|GBPUSD|M15|new_york|2021-12-17|60|IB60|OR30,IB_OR_BREAK_ONLY_SAME_DAY_SESSION_CLOSE,RELATION_P0,or_break_only_same_day_session_close_observed,IBORONLY|IBORB|IBORFB|IBOR|GBPUSD|M15|new_york|2021-12-17|60|IB60|OR30,GBPUSD,M15,new_york,America/New_York,2021-12-17,up,wick,2021-12-17T15:00:00Z,1.32978,1.32960,1.33012,0.00052,35,1,2021-12-17T15:15:00Z,1.33036,0.00076,1.32335,0,same_local_date_after_or_break_only
IBORONLYSC|IBORONLY|IBORB|IBORFB|IBOR|GBPUSD|M15|new_york|2021-12-20|60|IB60|OR30,IB_OR_BREAK_ONLY_SAME_DAY_SESSION_CLOSE,RELATION_P0,or_break_only_same_day_session_close_observed,IBORONLY|IBORB|IBORFB|IBOR|GBPUSD|M15|new_york|2021-12-20|60|IB60|OR30,GBPUSD,M15,new_york,America/New_York,2021-12-20,up,close,2021-12-20T15:00:00Z,1.32291,1.32182,1.32383,0.00201,55,1,2021-12-20T17:30:00Z,1.32437,0.00255,1.32113,0,same_local_date_after_or_break_only
IBORONLYSC|IBORONLY|IBORB|IBORFB|IBOR|GBPUSD|M15|london|2021-12-21|60|IB60|OR30,IB_OR_BREAK_ONLY_SAME_DAY_SESSION_CLOSE,RELATION_P0,or_break_only_same_day_session_close_observed,IBORONLY|IBORB|IBORFB|IBOR|GBPUSD|M15|london|2021-12-21|60|IB60|OR30,GBPUSD,M15,london,Europe/London,2021-12-21,down,wick,2021-12-21T08:30:00Z,1.32111,1.32128,1.32111,0.00017,61,1,2021-12-21T08:45:00Z,1.32096,0.00032,1.32688,0,same_local_date_after_or_break_only
IBORONLYSC|IBORONLY|IBORB|IBORFB|IBOR|GBPUSD|M15|london|2021-12-22|60|IB60|OR30,IB_OR_BREAK_ONLY_SAME_DAY_SESSION_CLOSE,RELATION_P0,or_break_only_same_day_session_close_observed,IBORONLY|IBORB|IBORFB|IBOR|GBPUSD|M15|london|2021-12-22|60|IB60|OR30,GBPUSD,M15,london,Europe/London,2021-12-22,up,wick,2021-12-22T08:30:00Z,1.32556,1.32555,1.32556,0.00001,61,1,2021-12-22T08:45:00Z,1.33623,0.01068,1.33554,1,same_local_date_after_or_break_only
IBORONLYSC|IBORONLY|IBORB|IBORFB|IBOR|GBPUSD|M15|new_york|2021-12-22|60|IB60|OR30,IB_OR_BREAK_ONLY_SAME_DAY_SESSION_CLOSE,RELATION_P0,or_break_only_same_day_session_close_observed,IBORONLY|IBORB|IBORFB|IBOR|GBPUSD|M15|new_york|2021-12-22|60|IB60|OR30,GBPUSD,M15,new_york,America/New_York,2021-12-22,up,wick,2021-12-22T15:15:00Z,1.33154,1.33149,1.33154,0.00005,54,1,2021-12-22T15:30:00Z,1.33623,0.00474,1.33512,1,same_local_date_after_or_break_only
IBORONLYSC|IBORONLY|IBORB|IBORFB|IBOR|GBPUSD|M15|london|2021-12-23|60|IB60|OR30,IB_OR_BREAK_ONLY_SAME_DAY_SESSION_CLOSE,RELATION_P0,or_break_only_same_day_session_close_observed,IBORONLY|IBORB|IBORFB|IBOR|GBPUSD|M15|london|2021-12-23|60|IB60|OR30,GBPUSD,M15,london,Europe/London,2021-12-23,up,wick,2021-12-23T08:30:00Z,1.3354,1.33531,1.33540,0.00009,61,1,2021-12-23T08:45:00Z,1.34372,0.00841,1.34135,1,same_local_date_after_or_break_only
IBORONLYSC|IBORONLY|IBORB|IBORFB|IBOR|GBPUSD|M15|london|2021-12-24|60|IB60|OR30,IB_OR_BREAK_ONLY_SAME_DAY_SESSION_CLOSE,RELATION_P0,or_break_only_same_day_session_close_observed,IBORONLY|IBORB|IBORFB|IBOR|GBPUSD|M15|london|2021-12-24|60|IB60|OR30,GBPUSD,M15,london,Europe/London,2021-12-24,up,close,2021-12-24T08:30:00Z,1.33942,1.33929,1.34044,0.00115,61,1,2021-12-24T08:45:00Z,1.34187,0.00258,1.33866,0,same_local_date_after_or_break_only
IBORONLYSC|IBORONLY|IBORB|IBORFB|IBOR|GBPUSD|M15|new_york|2021-12-24|60|IB60|OR30,IB_OR_BREAK_ONLY_SAME_DAY_SESSION_CLOSE,RELATION_P0,or_break_only_same_day_session_close_observed,IBORONLY|IBORB|IBORFB|IBOR|GBPUSD|M15|new_york|2021-12-24|60|IB60|OR30,GBPUSD,M15,new_york,America/New_York,2021-12-24,down,wick,2021-12-24T15:00:00Z,1.33995,1.34107,1.33995,0.00112,35,1,2021-12-24T15:15:00Z,1.33733,0.00374,1.33866,1,same_local_date_after_or_break_only
IBORONLYSC|IBORONLY|IBORB|IBORFB|IBOR|GBPUSD|M15|new_york|2021-12-27|60|IB60|OR30,IB_OR_BREAK_ONLY_SAME_DAY_SESSION_CLOSE,RELATION_P0,or_break_only_same_day_session_close_observed,IBORONLY|IBORB|IBORFB|IBOR|GBPUSD|M15|new_york|2021-12-27|60|IB60|OR30,GBPUSD,M15,new_york,America/New_York,2021-12-27,up,wick,2021-12-27T15:00:00Z,1.34139,1.34134,1.34174,0.00040,55,1,2021-12-27T15:15:00Z,1.34443,0.00309,1.34326,1,same_local_date_after_or_break_only
IBORONLYSC|IBORONLY|IBORB|IBORFB|IBOR|GBPUSD|M15|london|2021-12-28|60|IB60|OR30,IB_OR_BREAK_ONLY_SAME_DAY_SESSION_CLOSE,RELATION_P0,or_break_only_same_day_session_close_observed,IBORONLY|IBORB|IBORFB|IBOR|GBPUSD|M15|london|2021-12-28|60|IB60|OR30,GBPUSD,M15,london,Europe/London,2021-12-28,up,wick,2021-12-28T08:30:00Z,1.34376,1.34367,1.34376,0.00009,61,1,2021-12-28T08:45:00Z,1.34608,0.00241,1.34294,0,same_local_date_after_or_break_only
IBORONLYSC|IBORONLY|IBORB|IBORFB|IBOR|GBPUSD|M15|new_york|2021-12-28|60|IB60|OR30,IB_OR_BREAK_ONLY_SAME_DAY_SESSION_CLOSE,RELATION_P0,or_break_only_same_day_session_close_observed,IBORONLY|IBORB|IBORFB|IBOR|GBPUSD|M15|new_york|2021-12-28|60|IB60|OR30,GBPUSD,M15,new_york,America/New_York,2021-12-28,up,close,2021-12-28T15:15:00Z,1.34563,1.34529,1.34571,0.00042,54,1,2021-12-28T16:00:00Z,1.34608,0.00079,1.34347,0,same_local_date_after_or_break_only
IBORONLYSC|IBORONLY|IBORB|IBORFB|IBOR|GBPUSD|M15|london|2021-12-29|60|IB60|OR30,IB_OR_BREAK_ONLY_SAME_DAY_SESSION_CLOSE,RELATION_P0,or_break_only_same_day_session_close_observed,IBORONLY|IBORB|IBORFB|IBOR|GBPUSD|M15|london|2021-12-29|60|IB60|OR30,GBPUSD,M15,london,Europe/London,2021-12-29,down,close,2021-12-29T08:30:00Z,1.34254,1.34266,1.34194,0.00072,61,1,2021-12-29T09:45:00Z,1.34079,0.00187,1.34866,0,same_local_date_after_or_break_only
IBORONLYSC|IBORONLY|IBORB|IBORFB|IBOR|GBPUSD|M15|london|2021-12-30|60|IB60|OR30,IB_OR_BREAK_ONLY_SAME_DAY_SESSION_CLOSE,RELATION_P0,or_break_only_same_day_session_close_observed,IBORONLY|IBORB|IBORFB|IBOR|GBPUSD|M15|london|2021-12-30|60|IB60|OR30,GBPUSD,M15,london,Europe/London,2021-12-30,down,close,2021-12-30T08:30:00Z,1.34746,1.34750,1.34716,0.00034,61,1,2021-12-30T08:45:00Z,1.34537,0.00213,1.35018,0,same_local_date_after_or_break_only
IBORONLYSC|IBORONLY|IBORB|IBORFB|IBOR|GBPUSD|M15|new_york|2021-12-30|60|IB60|OR30,IB_OR_BREAK_ONLY_SAME_DAY_SESSION_CLOSE,RELATION_P0,or_break_only_same_day_session_close_observed,IBORONLY|IBORB|IBORFB|IBOR|GBPUSD|M15|new_york|2021-12-30|60|IB60|OR30,GBPUSD,M15,new_york,America/New_York,2021-12-30,up,wick,2021-12-30T15:00:00Z,1.35163,1.35154,1.35163,0.00009,53,1,2021-12-30T15:15:00Z,1.35211,0.00057,1.35035,0,same_local_date_after_or_break_only
IBORONLYSC|IBORONLY|IBORB|IBORFB|IBOR|GBPUSD|M15|london|2021-12-31|60|IB60|OR30,IB_OR_BREAK_ONLY_SAME_DAY_SESSION_CLOSE,RELATION_P0,or_break_only_same_day_session_close_observed,IBORONLY|IBORB|IBORFB|IBOR|GBPUSD|M15|london|2021-12-31|60|IB60|OR30,GBPUSD,M15,london,Europe/London,2021-12-31,up,close,2021-12-31T08:45:00Z,1.35038,1.34985,1.35043,0.00058,60,1,2021-12-31T09:15:00Z,1.35497,0.00512,1.35229,1,same_local_date_after_or_break_only
IBORONLYSC|IBORONLY|IBORB|IBORFB|IBOR|GBPUSD|M15|new_york|2021-12-31|60|IB60|OR30,IB_OR_BREAK_ONLY_SAME_DAY_SESSION_CLOSE,RELATION_P0,or_break_only_same_day_session_close_observed,IBORONLY|IBORB|IBORFB|IBOR|GBPUSD|M15|new_york|2021-12-31|60|IB60|OR30,GBPUSD,M15,new_york,America/New_York,2021-12-31,down,wick,2021-12-31T15:00:00Z,1.34751,1.34773,1.34676,0.00097,35,1,2021-12-31T15:15:00Z,1.34676,0.00097,1.35229,0,same_local_date_after_or_break_only
IBORONLYSC|IBORONLY|IBORB|IBORFB|IBOR|GBPUSD|M15|london|2022-01-03|60|IB60|OR30,IB_OR_BREAK_ONLY_SAME_DAY_SESSION_CLOSE,RELATION_P0,or_break_only_same_day_session_close_observed,IBORONLY|IBORB|IBORFB|IBOR|GBPUSD|M15|london|2022-01-03|60|IB60|OR30,GBPUSD,M15,london,Europe/London,2022-01-03,up,close,2022-01-03T08:30:00Z,1.35029,1.35028,1.35073,0.00045,61,1,2022-01-03T09:00:00Z,1.35274,0.00246,1.34772,0,same_local_date_after_or_break_only
IBORONLYSC|IBORONLY|IBORB|IBORFB|IBOR|GBPUSD|M15|new_york|2022-01-03|60|IB60|OR30,IB_OR_BREAK_ONLY_SAME_DAY_SESSION_CLOSE,RELATION_P0,or_break_only_same_day_session_close_observed,IBORONLY|IBORB|IBORFB|IBOR|GBPUSD|M15|new_york|2022-01-03|60|IB60|OR30,GBPUSD,M15,new_york,America/New_York,2022-01-03,down,close,2022-01-03T15:00:00Z,1.34955,1.35003,1.34899,0.00104,55,1,2022-01-03T15:15:00Z,1.34304,0.00699,1.34726,1,same_local_date_after_or_break_only
IBORONLYSC|IBORONLY|IBORB|IBORFB|IBOR|GBPUSD|M15|new_york|2022-01-04|60|IB60|OR30,IB_OR_BREAK_ONLY_SAME_DAY_SESSION_CLOSE,RELATION_P0,or_break_only_same_day_session_close_observed,IBORONLY|IBORB|IBORFB|IBOR|GBPUSD|M15|new_york|2022-01-04|60|IB60|OR30,GBPUSD,M15,new_york,America/New_York,2022-01-04,up,wick,2022-01-04T15:00:00Z,1.34892,1.34872,1.34983,0.00111,55,1,2022-01-04T15:15:00Z,1.35569,0.00697,1.35307,1,same_local_date_after_or_break_only
IBORONLYSC|IBORONLY|IBORB|IBORFB|IBOR|GBPUSD|M15|london|2022-01-05|60|IB60|OR30,IB_OR_BREAK_ONLY_SAME_DAY_SESSION_CLOSE,RELATION_P0,or_break_only_same_day_session_close_observed,IBORONLY|IBORB|IBORFB|IBOR|GBPUSD|M15|london|2022-01-05|60|IB60|OR30,GBPUSD,M15,london,Europe/London,2022-01-05,up,close,2022-01-05T08:30:00Z,1.3533,1.35322,1.35344,0.00022,61,1,2022-01-05T08:45:00Z,1.35978,0.00656,1.35554,1,same_local_date_after_or_break_only
IBORONLYSC|IBORONLY|IBORB|IBORFB|IBOR|GBPUSD|M15|new_york|2022-01-05|60|IB60|OR30,IB_OR_BREAK_ONLY_SAME_DAY_SESSION_CLOSE,RELATION_P0,or_break_only_same_day_session_close_observed,IBORONLY|IBORB|IBORFB|IBOR|GBPUSD|M15|new_york|2022-01-05|60|IB60|OR30,GBPUSD,M15,new_york,America/New_York,2022-01-05,up,close,2022-01-05T15:00:00Z,1.35458,1.35424,1.35476,0.00052,55,1,2022-01-05T15:15:00Z,1.35978,0.00554,1.35507,1,same_local_date_after_or_break_only
IBORONLYSC|IBORONLY|IBORB|IBORFB|IBOR|GBPUSD|M15|london|2022-01-06|60|IB60|OR30,IB_OR_BREAK_ONLY_SAME_DAY_SESSION_CLOSE,RELATION_P0,or_break_only_same_day_session_close_observed,IBORONLY|IBORB|IBORFB|IBOR|GBPUSD|M15|london|2022-01-06|60|IB60|OR30,GBPUSD,M15,london,Europe/London,2022-01-06,down,wick,2022-01-06T08:30:00Z,1.35222,1.35247,1.35119,0.00128,61,1,2022-01-06T08:45:00Z,1.34896,0.00351,1.35354,0,same_local_date_after_or_break_only
IBORONLYSC|IBORONLY|IBORB|IBORFB|IBOR|GBPUSD|M15|new_york|2022-01-06|60|IB60|OR30,IB_OR_BREAK_ONLY_SAME_DAY_SESSION_CLOSE,RELATION_P0,or_break_only_same_day_session_close_observed,IBORONLY|IBORB|IBORFB|IBOR|GBPUSD|M15|new_york|2022-01-06|60|IB60|OR30,GBPUSD,M15,new_york,America/New_York,2022-01-06,down,close,2022-01-06T15:00:00Z,1.35346,1.35363,1.35260,0.00103,55,1,2022-01-06T15:15:00Z,1.35152,0.00211,1.35439,0,same_local_date_after_or_break_only
IBORONLYSC|IBORONLY|IBORB|IBORFB|IBOR|GBPUSD|M15|london|2022-01-07|60|IB60|OR30,IB_OR_BREAK_ONLY_SAME_DAY_SESSION_CLOSE,RELATION_P0,or_break_only_same_day_session_close_observed,IBORONLY|IBORB|IBORFB|IBOR|GBPUSD|M15|london|2022-01-07|60|IB60|OR30,GBPUSD,M15,london,Europe/London,2022-01-07,down,wick,2022-01-07T08:30:00Z,1.35377,1.35396,1.35377,0.00019,61,1,2022-01-07T08:45:00Z,1.35264,0.00132,1.35909,0,same_local_date_after_or_break_only
IBORONLYSC|IBORONLY|IBORB|IBORFB|IBOR|GBPUSD|M15|new_york|2022-01-07|60|IB60|OR30,IB_OR_BREAK_ONLY_SAME_DAY_SESSION_CLOSE,RELATION_P0,or_break_only_same_day_session_close_observed,IBORONLY|IBORB|IBORFB|IBOR|GBPUSD|M15|new_york|2022-01-07|60|IB60|OR30,GBPUSD,M15,new_york,America/New_York,2022-01-07,up,wick,2022-01-07T15:00:00Z,1.35473,1.35468,1.35474,0.00006,35,1,2022-01-07T15:15:00Z,1.35968,0.00500,1.35909,1,same_local_date_after_or_break_only
IBORONLYSC|IBORONLY|IBORB|IBORFB|IBOR|GBPUSD|M15|london|2022-01-11|60|IB60|OR30,IB_OR_BREAK_ONLY_SAME_DAY_SESSION_CLOSE,RELATION_P0,or_break_only_same_day_session_close_observed,IBORONLY|IBORB|IBORFB|IBOR|GBPUSD|M15|london|2022-01-11|60|IB60|OR30,GBPUSD,M15,london,Europe/London,2022-01-11,down,close,2022-01-11T08:30:00Z,1.35828,1.35895,1.35789,0.00106,61,1,2022-01-11T09:15:00Z,1.35608,0.00287,1.36337,0,same_local_date_after_or_break_only
IBORONLYSC|IBORONLY|IBORB|IBORFB|IBOR|GBPUSD|M15|new_york|2022-01-11|60|IB60|OR30,IB_OR_BREAK_ONLY_SAME_DAY_SESSION_CLOSE,RELATION_P0,or_break_only_same_day_session_close_observed,IBORONLY|IBORB|IBORFB|IBOR|GBPUSD|M15|new_york|2022-01-11|60|IB60|OR30,GBPUSD,M15,new_york,America/New_York,2022-01-11,down,wick,2022-01-11T15:15:00Z,1.35722,1.35735,1.35722,0.00013,54,1,2022-01-11T15:30:00Z,1.35608,0.00127,1.36419,0,same_local_date_after_or_break_only
IBORONLYSC|IBORONLY|IBORB|IBORFB|IBOR|GBPUSD|M15|london|2022-01-12|60|IB60|OR30,IB_OR_BREAK_ONLY_SAME_DAY_SESSION_CLOSE,RELATION_P0,or_break_only_same_day_session_close_observed,IBORONLY|IBORB|IBORFB|IBOR|GBPUSD|M15|london|2022-01-12|60|IB60|OR30,GBPUSD,M15,london,Europe/London,2022-01-12,down,close,2022-01-12T08:45:00Z,1.36328,1.36402,1.36320,0.00082,60,1,2022-01-12T14:30:00Z,1.36203,0.00199,1.37031,0,same_local_date_after_or_break_only
IBORONLYSC|IBORONLY|IBORB|IBORFB|IBOR|GBPUSD|M15|new_york|2022-01-12|60|IB60|OR30,IB_OR_BREAK_ONLY_SAME_DAY_SESSION_CLOSE,RELATION_P0,or_break_only_same_day_session_close_observed,IBORONLY|IBORB|IBORFB|IBOR|GBPUSD|M15|new_york|2022-01-12|60|IB60|OR30,GBPUSD,M15,new_york,America/New_York,2022-01-12,up,close,2022-01-12T15:00:00Z,1.36425,1.36413,1.36486,0.00073,55,1,2022-01-12T15:30:00Z,1.37184,0.00771,1.37157,1,same_local_date_after_or_break_only
IBORONLYSC|IBORONLY|IBORB|IBORFB|IBOR|GBPUSD|M15|london|2022-01-13|60|IB60|OR30,IB_OR_BREAK_ONLY_SAME_DAY_SESSION_CLOSE,RELATION_P0,or_break_only_same_day_session_close_observed,IBORONLY|IBORB|IBORFB|IBOR|GBPUSD|M15|london|2022-01-13|60|IB60|OR30,GBPUSD,M15,london,Europe/London,2022-01-13,down,wick,2022-01-13T08:30:00Z,1.37045,1.37047,1.37045,0.00002,61,1,2022-01-13T08:45:00Z,1.37,0.00047,1.37068,0,same_local_date_after_or_break_only
IBORONLYSC|IBORONLY|IBORB|IBORFB|IBOR|GBPUSD|M15|london|2022-01-14|60|IB60|OR30,IB_OR_BREAK_ONLY_SAME_DAY_SESSION_CLOSE,RELATION_P0,or_break_only_same_day_session_close_observed,IBORONLY|IBORB|IBORFB|IBOR|GBPUSD|M15|london|2022-01-14|60|IB60|OR30,GBPUSD,M15,london,Europe/London,2022-01-14,down,close,2022-01-14T08:45:00Z,1.37283,1.37307,1.37273,0.00034,60,1,2022-01-14T09:00:00Z,1.36529,0.00778,1.36822,1,same_local_date_after_or_break_only
IBORONLYSC|IBORONLY|IBORB|IBORFB|IBOR|GBPUSD|M15|new_york|2022-01-14|60|IB60|OR30,IB_OR_BREAK_ONLY_SAME_DAY_SESSION_CLOSE,RELATION_P0,or_break_only_same_day_session_close_observed,IBORONLY|IBORB|IBORFB|IBOR|GBPUSD|M15|new_york|2022-01-14|60|IB60|OR30,GBPUSD,M15,new_york,America/New_York,2022-01-14,down,wick,2022-01-14T15:00:00Z,1.37038,1.37050,1.37038,0.00012,35,1,2022-01-14T15:15:00Z,1.36529,0.00521,1.36822,1,same_local_date_after_or_break_only
IBORONLYSC|IBORONLY|IBORB|IBORFB|IBOR|GBPUSD|M15|london|2022-01-17|60|IB60|OR30,IB_OR_BREAK_ONLY_SAME_DAY_SESSION_CLOSE,RELATION_P0,or_break_only_same_day_session_close_observed,IBORONLY|IBORB|IBORFB|IBOR|GBPUSD|M15|london|2022-01-17|60|IB60|OR30,GBPUSD,M15,london,Europe/London,2022-01-17,down,close,2022-01-17T08:45:00Z,1.36711,1.36720,1.36690,0.00030,60,1,2022-01-17T09:00:00Z,1.36366,0.00354,1.36415,1,same_local_date_after_or_break_only
IBORONLYSC|IBORONLY|IBORB|IBORFB|IBOR|GBPUSD|M15|new_york|2022-01-17|60|IB60|OR30,IB_OR_BREAK_ONLY_SAME_DAY_SESSION_CLOSE,RELATION_P0,or_break_only_same_day_session_close_observed,IBORONLY|IBORB|IBORFB|IBOR|GBPUSD|M15|new_york|2022-01-17|60|IB60|OR30,GBPUSD,M15,new_york,America/New_York,2022-01-17,down,wick,2022-01-17T15:15:00Z,1.36366,1.36398,1.36366,0.00032,54,1,2022-01-17T15:30:00Z,1.36381,0.00017,1.3655,0,same_local_date_after_or_break_only
IBORONLYSC|IBORONLY|IBORB|IBORFB|IBOR|GBPUSD|M15|london|2022-01-18|60|IB60|OR30,IB_OR_BREAK_ONLY_SAME_DAY_SESSION_CLOSE,RELATION_P0,or_break_only_same_day_session_close_observed,IBORONLY|IBORB|IBORFB|IBOR|GBPUSD|M15|london|2022-01-18|60|IB60|OR30,GBPUSD,M15,london,Europe/London,2022-01-18,up,wick,2022-01-18T08:30:00Z,1.3641,1.36378,1.36430,0.00052,61,1,2022-01-18T08:45:00Z,1.36516,0.00138,1.35974,0,same_local_date_after_or_break_only
IBORONLYSC|IBORONLY|IBORB|IBORFB|IBOR|GBPUSD|M15|new_york|2022-01-18|60|IB60|OR30,IB_OR_BREAK_ONLY_SAME_DAY_SESSION_CLOSE,RELATION_P0,or_break_only_same_day_session_close_observed,IBORONLY|IBORB|IBORFB|IBOR|GBPUSD|M15|new_york|2022-01-18|60|IB60|OR30,GBPUSD,M15,new_york,America/New_York,2022-01-18,down,close,2022-01-18T15:00:00Z,1.35841,1.35896,1.35795,0.00101,55,1,2022-01-18T15:30:00Z,1.35723,0.00173,1.35978,0,same_local_date_after_or_break_only
IBORONLYSC|IBORONLY|IBORB|IBORFB|IBOR|GBPUSD|M15|london|2022-01-19|60|IB60|OR30,IB_OR_BREAK_ONLY_SAME_DAY_SESSION_CLOSE,RELATION_P0,or_break_only_same_day_session_close_observed,IBORONLY|IBORB|IBORFB|IBOR|GBPUSD|M15|london|2022-01-19|60|IB60|OR30,GBPUSD,M15,london,Europe/London,2022-01-19,down,close,2022-01-19T08:45:00Z,1.36023,1.36046,1.36007,0.00039,60,1,2022-01-19T09:00:00Z,1.35873,0.00173,1.36111,0,same_local_date_after_or_break_only
IBORONLYSC|IBORONLY|IBORB|IBORFB|IBOR|GBPUSD|M15|new_york|2022-01-19|60|IB60|OR30,IB_OR_BREAK_ONLY_SAME_DAY_SESSION_CLOSE,RELATION_P0,or_break_only_same_day_session_close_observed,IBORONLY|IBORB|IBORFB|IBOR|GBPUSD|M15|new_york|2022-01-19|60|IB60|OR30,GBPUSD,M15,new_york,America/New_York,2022-01-19,up,close,2022-01-19T15:00:00Z,1.36409,1.36302,1.36432,0.00130,55,1,2022-01-19T15:30:00Z,1.36481,0.00179,1.36256,0,same_local_date_after_or_break_only
IBORONLYSC|IBORONLY|IBORB|IBORFB|IBOR|GBPUSD|M15|london|2022-01-20|60|IB60|OR30,IB_OR_BREAK_ONLY_SAME_DAY_SESSION_CLOSE,RELATION_P0,or_break_only_same_day_session_close_observed,IBORONLY|IBORB|IBORFB|IBOR|GBPUSD|M15|london|2022-01-20|60|IB60|OR30,GBPUSD,M15,london,Europe/London,2022-01-20,up,close,2022-01-20T08:30:00Z,1.36285,1.36284,1.36298,0.00014,61,1,2022-01-20T08:45:00Z,1.3661,0.00326,1.35971,0,same_local_date_after_or_break_only
IBORONLYSC|IBORONLY|IBORB|IBORFB|IBOR|GBPUSD|M15|new_york|2022-01-20|60|IB60|OR30,IB_OR_BREAK_ONLY_SAME_DAY_SESSION_CLOSE,RELATION_P0,or_break_only_same_day_session_close_observed,IBORONLY|IBORB|IBORFB|IBOR|GBPUSD|M15|new_york|2022-01-20|60|IB60|OR30,GBPUSD,M15,new_york,America/New_York,2022-01-20,up,close,2022-01-20T15:00:00Z,1.36155,1.36149,1.36196,0.00047,55,1,2022-01-20T15:15:00Z,1.3661,0.00461,1.35998,0,same_local_date_after_or_break_only
IBORONLYSC|IBORONLY|IBORB|IBORFB|IBOR|GBPUSD|M15|london|2022-01-24|60|IB60|OR30,IB_OR_BREAK_ONLY_SAME_DAY_SESSION_CLOSE,RELATION_P0,or_break_only_same_day_session_close_observed,IBORONLY|IBORB|IBORFB|IBOR|GBPUSD|M15|london|2022-01-24|60|IB60|OR30,GBPUSD,M15,london,Europe/London,2022-01-24,down,wick,2022-01-24T08:30:00Z,1.35376,1.35386,1.35376,0.00010,61,1,2022-01-24T08:45:00Z,1.34397,0.00989,1.34904,1,same_local_date_after_or_break_only
IBORONLYSC|IBORONLY|IBORB|IBORFB|IBOR|GBPUSD|M15|london|2022-01-25|60|IB60|OR30,IB_OR_BREAK_ONLY_SAME_DAY_SESSION_CLOSE,RELATION_P0,or_break_only_same_day_session_close_observed,IBORONLY|IBORB|IBORFB|IBOR|GBPUSD|M15|london|2022-01-25|60|IB60|OR30,GBPUSD,M15,london,Europe/London,2022-01-25,up,wick,2022-01-25T08:30:00Z,1.34789,1.34779,1.34864,0.00085,61,1,2022-01-25T08:45:00Z,1.35182,0.00403,1.3503,1,same_local_date_after_or_break_only
IBORONLYSC|IBORONLY|IBORB|IBORFB|IBOR|GBPUSD|M15|london|2022-01-26|60|IB60|OR30,IB_OR_BREAK_ONLY_SAME_DAY_SESSION_CLOSE,RELATION_P0,or_break_only_same_day_session_close_observed,IBORONLY|IBORB|IBORFB|IBOR|GBPUSD|M15|london|2022-01-26|60|IB60|OR30,GBPUSD,M15,london,Europe/London,2022-01-26,down,wick,2022-01-26T08:30:00Z,1.35067,1.35068,1.35023,0.00045,61,1,2022-01-26T08:45:00Z,1.34435,0.00633,1.34643,1,same_local_date_after_or_break_only
IBORONLYSC|IBORONLY|IBORB|IBORFB|IBOR|GBPUSD|M15|new_york|2022-01-26|60|IB60|OR30,IB_OR_BREAK_ONLY_SAME_DAY_SESSION_CLOSE,RELATION_P0,or_break_only_same_day_session_close_observed,IBORONLY|IBORB|IBORFB|IBOR|GBPUSD|M15|new_york|2022-01-26|60|IB60|OR30,GBPUSD,M15,new_york,America/New_York,2022-01-26,up,wick,2022-01-26T15:00:00Z,1.35198,1.35185,1.35198,0.00013,55,1,2022-01-26T15:15:00Z,1.35238,0.00053,1.3441,0,same_local_date_after_or_break_only
IBORONLYSC|IBORONLY|IBORB|IBORFB|IBOR|GBPUSD|M15|london|2022-01-27|60|IB60|OR30,IB_OR_BREAK_ONLY_SAME_DAY_SESSION_CLOSE,RELATION_P0,or_break_only_same_day_session_close_observed,IBORONLY|IBORB|IBORFB|IBOR|GBPUSD|M15|london|2022-01-27|60|IB60|OR30,GBPUSD,M15,london,Europe/London,2022-01-27,down,wick,2022-01-27T08:45:00Z,1.34214,1.34245,1.34214,0.00031,60,1,2022-01-27T09:00:00Z,1.33572,0.00673,1.338,1,same_local_date_after_or_break_only
IBORONLYSC|IBORONLY|IBORB|IBORFB|IBOR|GBPUSD|M15|new_york|2022-01-27|60|IB60|OR30,IB_OR_BREAK_ONLY_SAME_DAY_SESSION_CLOSE,RELATION_P0,or_break_only_same_day_session_close_observed,IBORONLY|IBORB|IBORFB|IBOR|GBPUSD|M15|new_york|2022-01-27|60|IB60|OR30,GBPUSD,M15,new_york,America/New_York,2022-01-27,down,close,2022-01-27T15:00:00Z,1.33849,1.33893,1.33684,0.00209,55,1,2022-01-27T16:30:00Z,1.33572,0.00321,1.34005,0,same_local_date_after_or_break_only
IBORONLYSC|IBORONLY|IBORB|IBORFB|IBOR|GBPUSD|M15|london|2022-01-28|60|IB60|OR30,IB_OR_BREAK_ONLY_SAME_DAY_SESSION_CLOSE,RELATION_P0,or_break_only_same_day_session_close_observed,IBORONLY|IBORB|IBORFB|IBOR|GBPUSD|M15|london|2022-01-28|60|IB60|OR30,GBPUSD,M15,london,Europe/London,2022-01-28,down,close,2022-01-28T08:45:00Z,1.34034,1.34082,1.34022,0.00060,60,1,2022-01-28T15:30:00Z,1.33644,0.00438,1.33936,1,same_local_date_after_or_break_only
IBORONLYSC|IBORONLY|IBORB|IBORFB|IBOR|GBPUSD|M15|new_york|2022-01-28|60|IB60|OR30,IB_OR_BREAK_ONLY_SAME_DAY_SESSION_CLOSE,RELATION_P0,or_break_only_same_day_session_close_observed,IBORONLY|IBORB|IBORFB|IBOR|GBPUSD|M15|new_york|2022-01-28|60|IB60|OR30,GBPUSD,M15,new_york,America/New_York,2022-01-28,up,close,2022-01-28T15:00:00Z,1.33891,1.33846,1.33908,0.00062,35,1,2022-01-28T15:15:00Z,1.34321,0.00475,1.33936,1,same_local_date_after_or_break_only
IBORONLYSC|IBORONLY|IBORB|IBORFB|IBOR|GBPUSD|M15|london|2022-01-31|60|IB60|OR30,IB_OR_BREAK_ONLY_SAME_DAY_SESSION_CLOSE,RELATION_P0,or_break_only_same_day_session_close_observed,IBORONLY|IBORB|IBORFB|IBOR|GBPUSD|M15|london|2022-01-31|60|IB60|OR30,GBPUSD,M15,london,Europe/London,2022-01-31,up,close,2022-01-31T08:30:00Z,1.34241,1.34234,1.34259,0.00025,61,1,2022-01-31T08:45:00Z,1.34596,0.00362,1.34438,1,same_local_date_after_or_break_only
IBORONLYSC|IBORONLY|IBORB|IBORFB|IBOR|GBPUSD|M15|new_york|2022-01-31|60|IB60|OR30,IB_OR_BREAK_ONLY_SAME_DAY_SESSION_CLOSE,RELATION_P0,or_break_only_same_day_session_close_observed,IBORONLY|IBORB|IBORFB|IBOR|GBPUSD|M15|new_york|2022-01-31|60|IB60|OR30,GBPUSD,M15,new_york,America/New_York,2022-01-31,up,wick,2022-01-31T15:00:00Z,1.34237,1.34209,1.34237,0.00028,55,1,2022-01-31T15:15:00Z,1.34596,0.00387,1.34446,1,same_local_date_after_or_break_only
IBORONLYSC|IBORONLY|IBORB|IBORFB|IBOR|GBPUSD|M15|london|2022-02-01|60|IB60|OR30,IB_OR_BREAK_ONLY_SAME_DAY_SESSION_CLOSE,RELATION_P0,or_break_only_same_day_session_close_observed,IBORONLY|IBORB|IBORFB|IBOR|GBPUSD|M15|london|2022-02-01|60|IB60|OR30,GBPUSD,M15,london,Europe/London,2022-02-01,down,close,2022-02-01T08:30:00Z,1.34464,1.34474,1.34419,0.00055,61,1,2022-02-01T08:45:00Z,1.34419,0.00055,1.35236,0,same_local_date_after_or_break_only
IBORONLYSC|IBORONLY|IBORB|IBORFB|IBOR|GBPUSD|M15|new_york|2022-02-01|60|IB60|OR30,IB_OR_BREAK_ONLY_SAME_DAY_SESSION_CLOSE,RELATION_P0,or_break_only_same_day_session_close_observed,IBORONLY|IBORB|IBORFB|IBOR|GBPUSD|M15|new_york|2022-02-01|60|IB60|OR30,GBPUSD,M15,new_york,America/New_York,2022-02-01,down,wick,2022-02-01T15:00:00Z,1.34756,1.34757,1.34756,0.00001,55,1,2022-02-01T15:15:00Z,1.34794,-0.00037,1.35215,0,same_local_date_after_or_break_only
IBORONLYSC|IBORONLY|IBORB|IBORFB|IBOR|GBPUSD|M15|london|2022-02-02|60|IB60|OR30,IB_OR_BREAK_ONLY_SAME_DAY_SESSION_CLOSE,RELATION_P0,or_break_only_same_day_session_close_observed,IBORONLY|IBORB|IBORFB|IBOR|GBPUSD|M15|london|2022-02-02|60|IB60|OR30,GBPUSD,M15,london,Europe/London,2022-02-02,up,wick,2022-02-02T08:45:00Z,1.35245,1.35236,1.35245,0.00009,60,1,2022-02-02T09:00:00Z,1.35869,0.00633,1.35728,1,same_local_date_after_or_break_only
IBORONLYSC|IBORONLY|IBORB|IBORFB|IBOR|GBPUSD|M15|new_york|2022-02-02|60|IB60|OR30,IB_OR_BREAK_ONLY_SAME_DAY_SESSION_CLOSE,RELATION_P0,or_break_only_same_day_session_close_observed,IBORONLY|IBORB|IBORFB|IBOR|GBPUSD|M15|new_york|2022-02-02|60|IB60|OR30,GBPUSD,M15,new_york,America/New_York,2022-02-02,up,wick,2022-02-02T15:00:00Z,1.35838,1.35798,1.35869,0.00071,55,1,2022-02-02T15:15:00Z,1.35869,0.00071,1.35544,0,same_local_date_after_or_break_only
IBORONLYSC|IBORONLY|IBORB|IBORFB|IBOR|GBPUSD|M15|london|2022-02-03|60|IB60|OR30,IB_OR_BREAK_ONLY_SAME_DAY_SESSION_CLOSE,RELATION_P0,or_break_only_same_day_session_close_observed,IBORONLY|IBORB|IBORFB|IBOR|GBPUSD|M15|london|2022-02-03|60|IB60|OR30,GBPUSD,M15,london,Europe/London,2022-02-03,up,wick,2022-02-03T08:30:00Z,1.35568,1.35539,1.35568,0.00029,61,1,2022-02-03T08:45:00Z,1.36272,0.00733,1.35983,1,same_local_date_after_or_break_only
IBORONLYSC|IBORONLY|IBORB|IBORFB|IBOR|GBPUSD|M15|new_york|2022-02-03|60|IB60|OR30,IB_OR_BREAK_ONLY_SAME_DAY_SESSION_CLOSE,RELATION_P0,or_break_only_same_day_session_close_observed,IBORONLY|IBORB|IBORFB|IBOR|GBPUSD|M15|new_york|2022-02-03|60|IB60|OR30,GBPUSD,M15,new_york,America/New_York,2022-02-03,down,close,2022-02-03T15:00:00Z,1.35627,1.35758,1.35578,0.00180,55,1,2022-02-03T15:15:00Z,1.35588,0.00170,1.36097,0,same_local_date_after_or_break_only
IBORONLYSC|IBORONLY|IBORB|IBORFB|IBOR|GBPUSD|M15|london|2022-02-07|60|IB60|OR30,IB_OR_BREAK_ONLY_SAME_DAY_SESSION_CLOSE,RELATION_P0,or_break_only_same_day_session_close_observed,IBORONLY|IBORB|IBORFB|IBOR|GBPUSD|M15|london|2022-02-07|60|IB60|OR30,GBPUSD,M15,london,Europe/London,2022-02-07,up,wick,2022-02-07T08:30:00Z,1.35241,1.35235,1.35256,0.00021,61,1,2022-02-07T08:45:00Z,1.35505,0.00270,1.35346,1,same_local_date_after_or_break_only
IBORONLYSC|IBORONLY|IBORB|IBORFB|IBOR|GBPUSD|M15|london|2022-02-08|60|IB60|OR30,IB_OR_BREAK_ONLY_SAME_DAY_SESSION_CLOSE,RELATION_P0,or_break_only_same_day_session_close_observed,IBORONLY|IBORB|IBORFB|IBOR|GBPUSD|M15|london|2022-02-08|60|IB60|OR30,GBPUSD,M15,london,Europe/London,2022-02-08,up,close,2022-02-08T08:30:00Z,1.3528,1.35241,1.35300,0.00059,61,1,2022-02-08T08:45:00Z,1.35632,0.00391,1.35469,1,same_local_date_after_or_break_only
IBORONLYSC|IBORONLY|IBORB|IBORFB|IBOR|GBPUSD|M15|new_york|2022-02-08|60|IB60|OR30,IB_OR_BREAK_ONLY_SAME_DAY_SESSION_CLOSE,RELATION_P0,or_break_only_same_day_session_close_observed,IBORONLY|IBORB|IBORFB|IBOR|GBPUSD|M15|new_york|2022-02-08|60|IB60|OR30,GBPUSD,M15,new_york,America/New_York,2022-02-08,down,close,2022-02-08T15:00:00Z,1.35211,1.35247,1.35151,0.00096,55,1,2022-02-08T15:30:00Z,1.35151,0.00096,1.35608,0,same_local_date_after_or_break_only
IBORONLYSC|IBORONLY|IBORB|IBORFB|IBOR|GBPUSD|M15|london|2022-02-09|60|IB60|OR30,IB_OR_BREAK_ONLY_SAME_DAY_SESSION_CLOSE,RELATION_P0,or_break_only_same_day_session_close_observed,IBORONLY|IBORB|IBORFB|IBOR|GBPUSD|M15|london|2022-02-09|60|IB60|OR30,GBPUSD,M15,london,Europe/London,2022-02-09,down,close,2022-02-09T08:45:00Z,1.35517,1.35523,1.35514,0.00009,60,1,2022-02-09T09:00:00Z,1.35258,0.00265,1.35341,1,same_local_date_after_or_break_only
IBORONLYSC|IBORONLY|IBORB|IBORFB|IBOR|GBPUSD|M15|new_york|2022-02-09|60|IB60|OR30,IB_OR_BREAK_ONLY_SAME_DAY_SESSION_CLOSE,RELATION_P0,or_break_only_same_day_session_close_observed,IBORONLY|IBORB|IBORFB|IBOR|GBPUSD|M15|new_york|2022-02-09|60|IB60|OR30,GBPUSD,M15,new_york,America/New_York,2022-02-09,down,close,2022-02-09T15:00:00Z,1.35695,1.35702,1.35633,0.00069,55,1,2022-02-09T15:15:00Z,1.35255,0.00447,1.3535,1,same_local_date_after_or_break_only
IBORONLYSC|IBORONLY|IBORB|IBORFB|IBOR|GBPUSD|M15|london|2022-02-10|60|IB60|OR30,IB_OR_BREAK_ONLY_SAME_DAY_SESSION_CLOSE,RELATION_P0,or_break_only_same_day_session_close_observed,IBORONLY|IBORB|IBORFB|IBOR|GBPUSD|M15|london|2022-02-10|60|IB60|OR30,GBPUSD,M15,london,Europe/London,2022-02-10,up,close,2022-02-10T08:30:00Z,1.3534,1.35338,1.35361,0.00023,61,1,2022-02-10T08:45:00Z,1.3643,0.01092,1.35601,1,same_local_date_after_or_break_only
IBORONLYSC|IBORONLY|IBORB|IBORFB|IBOR|GBPUSD|M15|new_york|2022-02-10|60|IB60|OR30,IB_OR_BREAK_ONLY_SAME_DAY_SESSION_CLOSE,RELATION_P0,or_break_only_same_day_session_close_observed,IBORONLY|IBORB|IBORFB|IBOR|GBPUSD|M15|new_york|2022-02-10|60|IB60|OR30,GBPUSD,M15,new_york,America/New_York,2022-02-10,up,close,2022-02-10T15:00:00Z,1.35778,1.35776,1.35800,0.00024,55,1,2022-02-10T15:15:00Z,1.3643,0.00654,1.35507,0,same_local_date_after_or_break_only
IBORONLYSC|IBORONLY|IBORB|IBORFB|IBOR|GBPUSD|M15|london|2022-02-11|60|IB60|OR30,IB_OR_BREAK_ONLY_SAME_DAY_SESSION_CLOSE,RELATION_P0,or_break_only_same_day_session_close_observed,IBORONLY|IBORB|IBORFB|IBOR|GBPUSD|M15|london|2022-02-11|60|IB60|OR30,GBPUSD,M15,london,Europe/London,2022-02-11,down,close,2022-02-11T08:30:00Z,1.35198,1.35234,1.35135,0.00099,61,1,2022-02-11T08:45:00Z,1.35146,0.00088,1.3559,0,same_local_date_after_or_break_only
IBORONLYSC|IBORONLY|IBORB|IBORFB|IBOR|GBPUSD|M15|new_york|2022-02-11|60|IB60|OR30,IB_OR_BREAK_ONLY_SAME_DAY_SESSION_CLOSE,RELATION_P0,or_break_only_same_day_session_close_observed,IBORONLY|IBORB|IBORFB|IBOR|GBPUSD|M15|new_york|2022-02-11|60|IB60|OR30,GBPUSD,M15,new_york,America/New_York,2022-02-11,up,close,2022-02-11T15:00:00Z,1.35969,1.35879,1.35984,0.00105,35,1,2022-02-11T15:15:00Z,1.36087,0.00208,1.3559,0,same_local_date_after_or_break_only
IBORONLYSC|IBORONLY|IBORB|IBORFB|IBOR|GBPUSD|M15|london|2022-02-14|60|IB60|OR30,IB_OR_BREAK_ONLY_SAME_DAY_SESSION_CLOSE,RELATION_P0,or_break_only_same_day_session_close_observed,IBORONLY|IBORB|IBORFB|IBOR|GBPUSD|M15|london|2022-02-14|60|IB60|OR30,GBPUSD,M15,london,Europe/London,2022-02-14,down,close,2022-02-14T08:30:00Z,1.35379,1.35381,1.35369,0.00012,61,1,2022-02-14T08:45:00Z,1.34943,0.00438,1.35316,1,same_local_date_after_or_break_only
IBORONLYSC|IBORONLY|IBORB|IBORFB|IBOR|GBPUSD|M15|london|2022-02-16|60|IB60|OR30,IB_OR_BREAK_ONLY_SAME_DAY_SESSION_CLOSE,RELATION_P0,or_break_only_same_day_session_close_observed,IBORONLY|IBORB|IBORFB|IBOR|GBPUSD|M15|london|2022-02-16|60|IB60|OR30,GBPUSD,M15,london,Europe/London,2022-02-16,up,close,2022-02-16T08:30:00Z,1.35533,1.35528,1.35562,0.00034,61,1,2022-02-16T08:45:00Z,1.36004,0.00476,1.35817,1,same_local_date_after_or_break_only
IBORONLYSC|IBORONLY|IBORB|IBORFB|IBOR|GBPUSD|M15|london|2022-02-17|60|IB60|OR30,IB_OR_BREAK_ONLY_SAME_DAY_SESSION_CLOSE,RELATION_P0,or_break_only_same_day_session_close_observed,IBORONLY|IBORB|IBORFB|IBOR|GBPUSD|M15|london|2022-02-17|60|IB60|OR30,GBPUSD,M15,london,Europe/London,2022-02-17,up,wick,2022-02-17T08:30:00Z,1.35966,1.35942,1.35966,0.00024,61,1,2022-02-17T08:45:00Z,1.36375,0.00433,1.36134,1,same_local_date_after_or_break_only
IBORONLYSC|IBORONLY|IBORB|IBORFB|IBOR|GBPUSD|M15|new_york|2022-02-17|60|IB60|OR30,IB_OR_BREAK_ONLY_SAME_DAY_SESSION_CLOSE,RELATION_P0,or_break_only_same_day_session_close_observed,IBORONLY|IBORB|IBORFB|IBOR|GBPUSD|M15|new_york|2022-02-17|60|IB60|OR30,GBPUSD,M15,new_york,America/New_York,2022-02-17,up,wick,2022-02-17T15:00:00Z,1.3628,1.36275,1.36280,0.00005,55,1,2022-02-17T15:15:00Z,1.36375,0.00100,1.36045,0,same_local_date_after_or_break_only
IBORONLYSC|IBORONLY|IBORB|IBORFB|IBOR|GBPUSD|M15|london|2022-02-18|60|IB60|OR30,IB_OR_BREAK_ONLY_SAME_DAY_SESSION_CLOSE,RELATION_P0,or_break_only_same_day_session_close_observed,IBORONLY|IBORB|IBORFB|IBOR|GBPUSD|M15|london|2022-02-18|60|IB60|OR30,GBPUSD,M15,london,Europe/London,2022-02-18,up,close,2022-02-18T08:30:00Z,1.36172,1.36160,1.36191,0.00031,61,1,2022-02-18T08:45:00Z,1.36421,0.00261,1.35942,0,same_local_date_after_or_break_only
IBORONLYSC|IBORONLY|IBORB|IBORFB|IBOR|GBPUSD|M15|new_york|2022-02-18|60|IB60|OR30,IB_OR_BREAK_ONLY_SAME_DAY_SESSION_CLOSE,RELATION_P0,or_break_only_same_day_session_close_observed,IBORONLY|IBORB|IBORFB|IBOR|GBPUSD|M15|new_york|2022-02-18|60|IB60|OR30,GBPUSD,M15,new_york,America/New_York,2022-02-18,down,close,2022-02-18T15:00:00Z,1.36083,1.36136,1.36003,0.00133,35,1,2022-02-18T15:15:00Z,1.35725,0.00411,1.35942,1,same_local_date_after_or_break_only
IBORONLYSC|IBORONLY|IBORB|IBORFB|IBOR|GBPUSD|M15|london|2022-02-21|60|IB60|OR30,IB_OR_BREAK_ONLY_SAME_DAY_SESSION_CLOSE,RELATION_P0,or_break_only_same_day_session_close_observed,IBORONLY|IBORB|IBORFB|IBOR|GBPUSD|M15|london|2022-02-21|60|IB60|OR30,GBPUSD,M15,london,Europe/London,2022-02-21,up,close,2022-02-21T08:30:00Z,1.36238,1.36210,1.36266,0.00056,61,1,2022-02-21T13:15:00Z,1.36379,0.00169,1.35995,0,same_local_date_after_or_break_only
IBORONLYSC|IBORONLY|IBORB|IBORFB|IBOR|GBPUSD|M15|new_york|2022-02-21|60|IB60|OR30,IB_OR_BREAK_ONLY_SAME_DAY_SESSION_CLOSE,RELATION_P0,or_break_only_same_day_session_close_observed,IBORONLY|IBORB|IBORFB|IBOR|GBPUSD|M15|new_york|2022-02-21|60|IB60|OR30,GBPUSD,M15,new_york,America/New_York,2022-02-21,down,close,2022-02-21T15:15:00Z,1.36031,1.36056,1.35989,0.00067,54,1,2022-02-21T15:30:00Z,1.35793,0.00263,1.35892,1,same_local_date_after_or_break_only
IBORONLYSC|IBORONLY|IBORB|IBORFB|IBOR|GBPUSD|M15|london|2022-02-22|60|IB60|OR30,IB_OR_BREAK_ONLY_SAME_DAY_SESSION_CLOSE,RELATION_P0,or_break_only_same_day_session_close_observed,IBORONLY|IBORB|IBORFB|IBOR|GBPUSD|M15|london|2022-02-22|60|IB60|OR30,GBPUSD,M15,london,Europe/London,2022-02-22,down,close,2022-02-22T08:45:00Z,1.35867,1.35896,1.35834,0.00062,60,1,2022-02-22T09:00:00Z,1.35377,0.00519,1.35854,1,same_local_date_after_or_break_only
IBORONLYSC|IBORONLY|IBORB|IBORFB|IBOR|GBPUSD|M15|new_york|2022-02-22|60|IB60|OR30,IB_OR_BREAK_ONLY_SAME_DAY_SESSION_CLOSE,RELATION_P0,or_break_only_same_day_session_close_observed,IBORONLY|IBORB|IBORFB|IBOR|GBPUSD|M15|new_york|2022-02-22|60|IB60|OR30,GBPUSD,M15,new_york,America/New_York,2022-02-22,down,wick,2022-02-22T15:00:00Z,1.3543,1.35432,1.35430,0.00002,55,1,2022-02-22T15:15:00Z,1.35377,0.00055,1.35879,0,same_local_date_after_or_break_only
IBORONLYSC|IBORONLY|IBORB|IBORFB|IBOR|GBPUSD|M15|london|2022-02-23|60|IB60|OR30,IB_OR_BREAK_ONLY_SAME_DAY_SESSION_CLOSE,RELATION_P0,or_break_only_same_day_session_close_observed,IBORONLY|IBORB|IBORFB|IBOR|GBPUSD|M15|london|2022-02-23|60|IB60|OR30,GBPUSD,M15,london,Europe/London,2022-02-23,up,wick,2022-02-23T08:30:00Z,1.35968,1.35961,1.35970,0.00009,61,1,2022-02-23T08:45:00Z,1.36201,0.00240,1.35453,0,same_local_date_after_or_break_only
IBORONLYSC|IBORONLY|IBORB|IBORFB|IBOR|GBPUSD|M15|new_york|2022-02-23|60|IB60|OR30,IB_OR_BREAK_ONLY_SAME_DAY_SESSION_CLOSE,RELATION_P0,or_break_only_same_day_session_close_observed,IBORONLY|IBORB|IBORFB|IBOR|GBPUSD|M15|new_york|2022-02-23|60|IB60|OR30,GBPUSD,M15,new_york,America/New_York,2022-02-23,down,wick,2022-02-23T15:00:00Z,1.3581,1.35831,1.35810,0.00021,55,1,2022-02-23T15:15:00Z,1.35197,0.00634,1.35243,1,same_local_date_after_or_break_only
IBORONLYSC|IBORONLY|IBORB|IBORFB|IBOR|GBPUSD|M15|london|2022-02-24|60|IB60|OR30,IB_OR_BREAK_ONLY_SAME_DAY_SESSION_CLOSE,RELATION_P0,or_break_only_same_day_session_close_observed,IBORONLY|IBORB|IBORFB|IBOR|GBPUSD|M15|london|2022-02-24|60|IB60|OR30,GBPUSD,M15,london,Europe/London,2022-02-24,down,wick,2022-02-24T08:45:00Z,1.34945,1.34962,1.34945,0.00017,60,1,2022-02-24T09:00:00Z,1.32719,0.02243,1.33714,1,same_local_date_after_or_break_only
IBORONLYSC|IBORONLY|IBORB|IBORFB|IBOR|GBPUSD|M15|new_york|2022-02-24|60|IB60|OR30,IB_OR_BREAK_ONLY_SAME_DAY_SESSION_CLOSE,RELATION_P0,or_break_only_same_day_session_close_observed,IBORONLY|IBORB|IBORFB|IBOR|GBPUSD|M15|new_york|2022-02-24|60|IB60|OR30,GBPUSD,M15,new_york,America/New_York,2022-02-24,down,close,2022-02-24T15:00:00Z,1.33739,1.33926,1.33687,0.00239,55,1,2022-02-24T20:45:00Z,1.32719,0.01207,1.34005,0,same_local_date_after_or_break_only
IBORONLYSC|IBORONLY|IBORB|IBORFB|IBOR|GBPUSD|M15|london|2022-02-25|60|IB60|OR30,IB_OR_BREAK_ONLY_SAME_DAY_SESSION_CLOSE,RELATION_P0,or_break_only_same_day_session_close_observed,IBORONLY|IBORB|IBORFB|IBOR|GBPUSD|M15|london|2022-02-25|60|IB60|OR30,GBPUSD,M15,london,Europe/London,2022-02-25,down,close,2022-02-25T08:30:00Z,1.34195,1.34228,1.34137,0.00091,61,1,2022-02-25T09:00:00Z,1.33657,0.00571,1.34088,1,same_local_date_after_or_break_only
IBORONLYSC|IBORONLY|IBORB|IBORFB|IBOR|GBPUSD|M15|london|2022-02-28|60|IB60|OR30,IB_OR_BREAK_ONLY_SAME_DAY_SESSION_CLOSE,RELATION_P0,or_break_only_same_day_session_close_observed,IBORONLY|IBORB|IBORFB|IBOR|GBPUSD|M15|london|2022-02-28|60|IB60|OR30,GBPUSD,M15,london,Europe/London,2022-02-28,up,close,2022-02-28T08:45:00Z,1.33694,1.33691,1.33743,0.00052,60,1,2022-02-28T09:00:00Z,1.34311,0.00620,1.34208,1,same_local_date_after_or_break_only
IBORONLYSC|IBORONLY|IBORB|IBORFB|IBOR|GBPUSD|M15|london|2022-03-01|60|IB60|OR30,IB_OR_BREAK_ONLY_SAME_DAY_SESSION_CLOSE,RELATION_P0,or_break_only_same_day_session_close_observed,IBORONLY|IBORB|IBORFB|IBOR|GBPUSD|M15|london|2022-03-01|60|IB60|OR30,GBPUSD,M15,london,Europe/London,2022-03-01,up,close,2022-03-01T08:30:00Z,1.34222,1.34218,1.34251,0.00033,61,1,2022-03-01T08:45:00Z,1.34369,0.00151,1.33236,0,same_local_date_after_or_break_only
IBORONLYSC|IBORONLY|IBORB|IBORFB|IBOR|GBPUSD|M15|new_york|2022-03-01|60|IB60|OR30,IB_OR_BREAK_ONLY_SAME_DAY_SESSION_CLOSE,RELATION_P0,or_break_only_same_day_session_close_observed,IBORONLY|IBORB|IBORFB|IBOR|GBPUSD|M15|new_york|2022-03-01|60|IB60|OR30,GBPUSD,M15,new_york,America/New_York,2022-03-01,down,close,2022-03-01T15:15:00Z,1.33882,1.33931,1.33818,0.00113,54,1,2022-03-01T15:30:00Z,1.33016,0.00915,1.33242,1,same_local_date_after_or_break_only
IBORONLYSC|IBORONLY|IBORB|IBORFB|IBOR|GBPUSD|M15|london|2022-03-02|60|IB60|OR30,IB_OR_BREAK_ONLY_SAME_DAY_SESSION_CLOSE,RELATION_P0,or_break_only_same_day_session_close_observed,IBORONLY|IBORB|IBORFB|IBOR|GBPUSD|M15|london|2022-03-02|60|IB60|OR30,GBPUSD,M15,london,Europe/London,2022-03-02,down,close,2022-03-02T08:30:00Z,1.32898,1.33018,1.32836,0.00182,61,1,2022-03-02T10:30:00Z,1.32706,0.00312,1.34047,0,same_local_date_after_or_break_only
IBORONLYSC|IBORONLY|IBORB|IBORFB|IBOR|GBPUSD|M15|london|2022-03-03|60|IB60|OR30,IB_OR_BREAK_ONLY_SAME_DAY_SESSION_CLOSE,RELATION_P0,or_break_only_same_day_session_close_observed,IBORONLY|IBORB|IBORFB|IBOR|GBPUSD|M15|london|2022-03-03|60|IB60|OR30,GBPUSD,M15,london,Europe/London,2022-03-03,up,close,2022-03-03T08:45:00Z,1.34143,1.34113,1.34146,0.00033,60,1,2022-03-03T09:00:00Z,1.34171,0.00058,1.33474,0,same_local_date_after_or_break_only
IBORONLYSC|IBORONLY|IBORB|IBORFB|IBOR|GBPUSD|M15|london|2022-03-04|60|IB60|OR30,IB_OR_BREAK_ONLY_SAME_DAY_SESSION_CLOSE,RELATION_P0,or_break_only_same_day_session_close_observed,IBORONLY|IBORB|IBORFB|IBOR|GBPUSD|M15|london|2022-03-04|60|IB60|OR30,GBPUSD,M15,london,Europe/London,2022-03-04,down,wick,2022-03-04T08:30:00Z,1.33366,1.33371,1.33319,0.00052,61,1,2022-03-04T08:45:00Z,1.32017,0.01354,1.32272,1,same_local_date_after_or_break_only
IBORONLYSC|IBORONLY|IBORB|IBORFB|IBOR|GBPUSD|M15|new_york|2022-03-04|60|IB60|OR30,IB_OR_BREAK_ONLY_SAME_DAY_SESSION_CLOSE,RELATION_P0,or_break_only_same_day_session_close_observed,IBORONLY|IBORB|IBORFB|IBOR|GBPUSD|M15|new_york|2022-03-04|60|IB60|OR30,GBPUSD,M15,new_york,America/New_York,2022-03-04,down,wick,2022-03-04T15:15:00Z,1.32538,1.32585,1.32538,0.00047,34,1,2022-03-04T15:30:00Z,1.32017,0.00568,1.32272,1,same_local_date_after_or_break_only
IBORONLYSC|IBORONLY|IBORB|IBORFB|IBOR|GBPUSD|M15|new_york|2022-03-07|60|IB60|OR30,IB_OR_BREAK_ONLY_SAME_DAY_SESSION_CLOSE,RELATION_P0,or_break_only_same_day_session_close_observed,IBORONLY|IBORB|IBORFB|IBOR|GBPUSD|M15|new_york|2022-03-07|60|IB60|OR30,GBPUSD,M15,new_york,America/New_York,2022-03-07,down,wick,2022-03-07T15:00:00Z,1.31757,1.31814,1.31733,0.00081,55,1,2022-03-07T15:15:00Z,1.31009,0.00805,1.31198,1,same_local_date_after_or_break_only
IBORONLYSC|IBORONLY|IBORB|IBORFB|IBOR|GBPUSD|M15|london|2022-03-08|60|IB60|OR30,IB_OR_BREAK_ONLY_SAME_DAY_SESSION_CLOSE,RELATION_P0,or_break_only_same_day_session_close_observed,IBORONLY|IBORB|IBORFB|IBOR|GBPUSD|M15|london|2022-03-08|60|IB60|OR30,GBPUSD,M15,london,Europe/London,2022-03-08,down,close,2022-03-08T08:45:00Z,1.31024,1.31047,1.31003,0.00044,60,1,2022-03-08T09:15:00Z,1.30812,0.00235,1.31003,1,same_local_date_after_or_break_only
IBORONLYSC|IBORONLY|IBORB|IBORFB|IBOR|GBPUSD|M15|new_york|2022-03-08|60|IB60|OR30,IB_OR_BREAK_ONLY_SAME_DAY_SESSION_CLOSE,RELATION_P0,or_break_only_same_day_session_close_observed,IBORONLY|IBORB|IBORFB|IBOR|GBPUSD|M15|new_york|2022-03-08|60|IB60|OR30,GBPUSD,M15,new_york,America/New_York,2022-03-08,down,close,2022-03-08T15:00:00Z,1.30924,1.31002,1.30849,0.00153,55,1,2022-03-08T15:45:00Z,1.30849,0.00153,1.31139,0,same_local_date_after_or_break_only
IBORONLYSC|IBORONLY|IBORB|IBORFB|IBOR|GBPUSD|M15|london|2022-03-10|60|IB60|OR30,IB_OR_BREAK_ONLY_SAME_DAY_SESSION_CLOSE,RELATION_P0,or_break_only_same_day_session_close_observed,IBORONLY|IBORB|IBORFB|IBOR|GBPUSD|M15|london|2022-03-10|60|IB60|OR30,GBPUSD,M15,london,Europe/London,2022-03-10,up,wick,2022-03-10T08:30:00Z,1.31837,1.31830,1.31837,0.00007,61,1,2022-03-10T08:45:00Z,1.31942,0.00112,1.30813,0,same_local_date_after_or_break_only
IBORONLYSC|IBORONLY|IBORB|IBORFB|IBOR|GBPUSD|M15|london|2022-03-11|60|IB60|OR30,IB_OR_BREAK_ONLY_SAME_DAY_SESSION_CLOSE,RELATION_P0,or_break_only_same_day_session_close_observed,IBORONLY|IBORB|IBORFB|IBOR|GBPUSD|M15|london|2022-03-11|60|IB60|OR30,GBPUSD,M15,london,Europe/London,2022-03-11,up,close,2022-03-11T08:45:00Z,1.30935,1.30926,1.30959,0.00033,60,1,2022-03-11T09:15:00Z,1.31243,0.00317,1.30352,0,same_local_date_after_or_break_only
IBORONLYSC|IBORONLY|IBORB|IBORFB|IBOR|GBPUSD|M15|new_york|2022-03-14|60|IB60|OR30,IB_OR_BREAK_ONLY_SAME_DAY_SESSION_CLOSE,RELATION_P0,or_break_only_same_day_session_close_observed,IBORONLY|IBORB|IBORFB|IBOR|GBPUSD|M15|new_york|2022-03-14|60|IB60|OR30,GBPUSD,M15,new_york,America/New_York,2022-03-14,down,close,2022-03-14T14:15:00Z,1.30262,1.30310,1.30236,0.00074,54,1,2022-03-14T14:30:00Z,1.30001,0.00309,1.301,1,same_local_date_after_or_break_only
IBORONLYSC|IBORONLY|IBORB|IBORFB|IBOR|GBPUSD|M15|london|2022-03-15|60|IB60|OR30,IB_OR_BREAK_ONLY_SAME_DAY_SESSION_CLOSE,RELATION_P0,or_break_only_same_day_session_close_observed,IBORONLY|IBORB|IBORFB|IBOR|GBPUSD|M15|london|2022-03-15|60|IB60|OR30,GBPUSD,M15,london,Europe/London,2022-03-15,down,close,2022-03-15T08:30:00Z,1.30386,1.30396,1.30366,0.00030,61,1,2022-03-15T08:45:00Z,1.30174,0.00222,1.30404,0,same_local_date_after_or_break_only
IBORONLYSC|IBORONLY|IBORB|IBORFB|IBOR|GBPUSD|M15|new_york|2022-03-15|60|IB60|OR30,IB_OR_BREAK_ONLY_SAME_DAY_SESSION_CLOSE,RELATION_P0,or_break_only_same_day_session_close_observed,IBORONLY|IBORB|IBORFB|IBOR|GBPUSD|M15|new_york|2022-03-15|60|IB60|OR30,GBPUSD,M15,new_york,America/New_York,2022-03-15,up,close,2022-03-15T14:00:00Z,1.30441,1.30397,1.30565,0.00168,55,1,2022-03-15T19:45:00Z,1.3088,0.00483,1.30375,0,same_local_date_after_or_break_only
IBORONLYSC|IBORONLY|IBORB|IBORFB|IBOR|GBPUSD|M15|london|2022-03-16|60|IB60|OR30,IB_OR_BREAK_ONLY_SAME_DAY_SESSION_CLOSE,RELATION_P0,or_break_only_same_day_session_close_observed,IBORONLY|IBORB|IBORFB|IBOR|GBPUSD|M15|london|2022-03-16|60|IB60|OR30,GBPUSD,M15,london,Europe/London,2022-03-16,up,close,2022-03-16T08:30:00Z,1.3058,1.30549,1.30632,0.00083,61,1,2022-03-16T09:00:00Z,1.31556,0.01007,1.31466,1,same_local_date_after_or_break_only
IBORONLYSC|IBORONLY|IBORB|IBORFB|IBOR|GBPUSD|M15|new_york|2022-03-17|60|IB60|OR30,IB_OR_BREAK_ONLY_SAME_DAY_SESSION_CLOSE,RELATION_P0,or_break_only_same_day_session_close_observed,IBORONLY|IBORB|IBORFB|IBOR|GBPUSD|M15|new_york|2022-03-17|60|IB60|OR30,GBPUSD,M15,new_york,America/New_York,2022-03-17,up,close,2022-03-17T14:00:00Z,1.31934,1.31842,1.31996,0.00154,55,1,2022-03-17T15:00:00Z,1.32107,0.00265,1.31602,0,same_local_date_after_or_break_only
IBORONLYSC|IBORONLY|IBORB|IBORFB|IBOR|GBPUSD|M15|london|2022-03-18|60|IB60|OR30,IB_OR_BREAK_ONLY_SAME_DAY_SESSION_CLOSE,RELATION_P0,or_break_only_same_day_session_close_observed,IBORONLY|IBORB|IBORFB|IBOR|GBPUSD|M15|london|2022-03-18|60|IB60|OR30,GBPUSD,M15,london,Europe/London,2022-03-18,up,close,2022-03-18T08:30:00Z,1.31627,1.31599,1.31645,0.00046,61,1,2022-03-18T09:45:00Z,1.31962,0.00363,1.31788,1,same_local_date_after_or_break_only
IBORONLYSC|IBORONLY|IBORB|IBORFB|IBOR|GBPUSD|M15|new_york|2022-03-18|60|IB60|OR30,IB_OR_BREAK_ONLY_SAME_DAY_SESSION_CLOSE,RELATION_P0,or_break_only_same_day_session_close_observed,IBORONLY|IBORB|IBORFB|IBOR|GBPUSD|M15|new_york|2022-03-18|60|IB60|OR30,GBPUSD,M15,new_york,America/New_York,2022-03-18,down,wick,2022-03-18T14:00:00Z,1.31214,1.31229,1.31214,0.00015,39,1,2022-03-18T14:15:00Z,1.31103,0.00126,1.31788,0,same_local_date_after_or_break_only
