relation_id,relation_family,relation_level,relation_status,source_ib_object_id,source_or_row_key,symbol,timeframe,session_id,session_timezone,session_local_date,ib_window_minutes,opening_range_window_minutes,ib_start_utc,ib_end_utc,or_bar_time_utc,ib_high,ib_low,ib_range,opening_range_high,opening_range_low,opening_range_width,or_inside_ib,ib_equals_or,ib_width_minus_or_width,ib_width_to_or_width_ratio,or_high_to_ib_high_gap,or_low_to_ib_low_gap,first_break_direction,first_break_mode,width_error_day
IBOR|GBPUSD|M15|london|2021-06-16|60|IB60|OR30,IB_OR_RELATION,RELATION_P0,aligned_defined_pair,IB|GBPUSD|M15|london|2021-06-16|60,OR|GBPUSD|M15|london|2021-06-16|30,GBPUSD,M15,london,Europe/London,2021-06-16,60,30,2021-06-16T07:00:00Z,2021-06-16T08:00:00Z,2021-06-16T07:30:00Z,1.40890,1.40811,0.00079,1.40866,1.40811,0.00055,1,0,0.00024,1.436363636363636363636363636,0.00024,0.00000,up,close,0
IBOR|GBPUSD|M15|new_york|2021-06-16|60|IB60|OR30,IB_OR_RELATION,RELATION_P0,aligned_defined_pair,IB|GBPUSD|M15|new_york|2021-06-16|60,OR|GBPUSD|M15|new_york|2021-06-16|30,GBPUSD,M15,new_york,America/New_York,2021-06-16,60,30,2021-06-16T13:30:00Z,2021-06-16T14:30:00Z,2021-06-16T14:00:00Z,1.41183,1.41093,0.00090,1.41183,1.41094,0.00089,1,0,0.00001,1.011235955056179775280898876,0.00000,0.00001,down,wick,0
IBOR|GBPUSD|M15|london|2021-06-17|60|IB60|OR30,IB_OR_RELATION,RELATION_P0,aligned_defined_pair,IB|GBPUSD|M15|london|2021-06-17|60,OR|GBPUSD|M15|london|2021-06-17|30,GBPUSD,M15,london,Europe/London,2021-06-17,60,30,2021-06-17T07:00:00Z,2021-06-17T08:00:00Z,2021-06-17T07:30:00Z,1.39983,1.39907,0.00076,1.39959,1.39907,0.00052,1,0,0.00024,1.461538461538461538461538462,0.00024,0.00000,up,close,0
IBOR|GBPUSD|M15|new_york|2021-06-17|60|IB60|OR30,IB_OR_RELATION,RELATION_P0,aligned_defined_pair,IB|GBPUSD|M15|new_york|2021-06-17|60,OR|GBPUSD|M15|new_york|2021-06-17|30,GBPUSD,M15,new_york,America/New_York,2021-06-17,60,30,2021-06-17T13:30:00Z,2021-06-17T14:30:00Z,2021-06-17T14:00:00Z,1.39573,1.39406,0.00167,1.39489,1.39406,0.00083,1,0,0.00084,2.012048192771084337349397590,0.00084,0.00000,up,wick,0
IBOR|GBPUSD|M15|london|2021-06-18|60|IB60|OR30,IB_OR_RELATION,RELATION_P0,aligned_defined_pair,IB|GBPUSD|M15|london|2021-06-18|60,OR|GBPUSD|M15|london|2021-06-18|30,GBPUSD,M15,london,Europe/London,2021-06-18,60,30,2021-06-18T07:00:00Z,2021-06-18T08:00:00Z,2021-06-18T07:30:00Z,1.39273,1.39093,0.00180,1.39273,1.39211,0.00062,1,0,0.00118,2.903225806451612903225806452,0.00000,0.00118,down,close,0
IBOR|GBPUSD|M15|new_york|2021-06-18|60|IB60|OR30,IB_OR_RELATION,RELATION_P0,aligned_defined_pair,IB|GBPUSD|M15|new_york|2021-06-18|60,OR|GBPUSD|M15|new_york|2021-06-18|30,GBPUSD,M15,new_york,America/New_York,2021-06-18,60,30,2021-06-18T13:30:00Z,2021-06-18T14:30:00Z,2021-06-18T14:00:00Z,1.39098,1.38925,0.00173,1.39098,1.38987,0.00111,1,0,0.00062,1.558558558558558558558558559,0.00000,0.00062,down,wick,0
IBOR|GBPUSD|M15|london|2021-06-21|60|IB60|OR30,IB_OR_RELATION,RELATION_P0,aligned_defined_pair,IB|GBPUSD|M15|london|2021-06-21|60,OR|GBPUSD|M15|london|2021-06-21|30,GBPUSD,M15,london,Europe/London,2021-06-21,60,30,2021-06-21T07:00:00Z,2021-06-21T08:00:00Z,2021-06-21T07:30:00Z,1.38023,1.37892,0.00131,1.38023,1.37920,0.00103,1,0,0.00028,1.271844660194174757281553398,0.00000,0.00028,down,wick,0
IBOR|GBPUSD|M15|new_york|2021-06-21|60|IB60|OR30,IB_OR_RELATION,RELATION_P0,aligned_defined_pair,IB|GBPUSD|M15|new_york|2021-06-21|60,OR|GBPUSD|M15|new_york|2021-06-21|30,GBPUSD,M15,new_york,America/New_York,2021-06-21,60,30,2021-06-21T13:30:00Z,2021-06-21T14:30:00Z,2021-06-21T14:00:00Z,1.38869,1.38643,0.00226,1.38869,1.38643,0.00226,1,1,0.00000,1,0.00000,0.00000,up,close,0
IBOR|GBPUSD|M15|london|2021-06-22|60|IB60|OR30,IB_OR_RELATION,RELATION_P0,aligned_defined_pair,IB|GBPUSD|M15|london|2021-06-22|60,OR|GBPUSD|M15|london|2021-06-22|30,GBPUSD,M15,london,Europe/London,2021-06-22,60,30,2021-06-22T07:00:00Z,2021-06-22T08:00:00Z,2021-06-22T07:30:00Z,1.39167,1.39087,0.00080,1.39167,1.39112,0.00055,1,0,0.00025,1.454545454545454545454545455,0.00000,0.00025,down,close,0
IBOR|GBPUSD|M15|new_york|2021-06-22|60|IB60|OR30,IB_OR_RELATION,RELATION_P0,aligned_defined_pair,IB|GBPUSD|M15|new_york|2021-06-22|60,OR|GBPUSD|M15|new_york|2021-06-22|30,GBPUSD,M15,new_york,America/New_York,2021-06-22,60,30,2021-06-22T13:30:00Z,2021-06-22T14:30:00Z,2021-06-22T14:00:00Z,1.38932,1.38696,0.00236,1.38876,1.38696,0.00180,1,0,0.00056,1.311111111111111111111111111,0.00056,0.00000,up,close,0
IBOR|GBPUSD|M15|london|2021-06-23|60|IB60|OR30,IB_OR_RELATION,RELATION_P0,aligned_defined_pair,IB|GBPUSD|M15|london|2021-06-23|60,OR|GBPUSD|M15|london|2021-06-23|30,GBPUSD,M15,london,Europe/London,2021-06-23,60,30,2021-06-23T07:00:00Z,2021-06-23T08:00:00Z,2021-06-23T07:30:00Z,1.39314,1.39269,0.00045,1.39307,1.39269,0.00038,1,0,0.00007,1.184210526315789473684210526,0.00007,0.00000,up,wick,0
IBOR|GBPUSD|M15|new_york|2021-06-23|60|IB60|OR30,IB_OR_RELATION,RELATION_P0,aligned_defined_pair,IB|GBPUSD|M15|new_york|2021-06-23|60,OR|GBPUSD|M15|new_york|2021-06-23|30,GBPUSD,M15,new_york,America/New_York,2021-06-23,60,30,2021-06-23T13:30:00Z,2021-06-23T14:30:00Z,2021-06-23T14:00:00Z,1.39714,1.39534,0.00180,1.39714,1.39575,0.00139,1,0,0.00041,1.294964028776978417266187050,0.00000,0.00041,down,close,0
IBOR|GBPUSD|M15|london|2021-06-24|60|IB60|OR30,IB_OR_RELATION,RELATION_P0,aligned_defined_pair,IB|GBPUSD|M15|london|2021-06-24|60,OR|GBPUSD|M15|london|2021-06-24|30,GBPUSD,M15,london,Europe/London,2021-06-24,60,30,2021-06-24T07:00:00Z,2021-06-24T08:00:00Z,2021-06-24T07:30:00Z,1.39615,1.39542,0.00073,1.39597,1.39542,0.00055,1,0,0.00018,1.327272727272727272727272727,0.00018,0.00000,up,close,0
IBOR|GBPUSD|M15|new_york|2021-06-24|60|IB60|OR30,IB_OR_RELATION,RELATION_P0,aligned_defined_pair,IB|GBPUSD|M15|new_york|2021-06-24|60,OR|GBPUSD|M15|new_york|2021-06-24|30,GBPUSD,M15,new_york,America/New_York,2021-06-24,60,30,2021-06-24T13:30:00Z,2021-06-24T14:30:00Z,2021-06-24T14:00:00Z,1.39815,1.39049,0.00766,1.39815,1.39675,0.00140,1,0,0.00626,5.471428571428571428571428571,0.00000,0.00626,down,close,0
IBOR|GBPUSD|M15|london|2021-06-25|60|IB60|OR30,IB_OR_RELATION,RELATION_P0,aligned_defined_pair,IB|GBPUSD|M15|london|2021-06-25|60,OR|GBPUSD|M15|london|2021-06-25|30,GBPUSD,M15,london,Europe/London,2021-06-25,60,30,2021-06-25T07:00:00Z,2021-06-25T08:00:00Z,2021-06-25T07:30:00Z,1.39296,1.39200,0.00096,1.39296,1.39243,0.00053,1,0,0.00043,1.811320754716981132075471698,0.00000,0.00043,down,close,0
IBOR|GBPUSD|M15|new_york|2021-06-25|60|IB60|OR30,IB_OR_RELATION,RELATION_P0,aligned_defined_pair,IB|GBPUSD|M15|new_york|2021-06-25|60,OR|GBPUSD|M15|new_york|2021-06-25|30,GBPUSD,M15,new_york,America/New_York,2021-06-25,60,30,2021-06-25T13:30:00Z,2021-06-25T14:30:00Z,2021-06-25T14:00:00Z,1.39083,1.38981,0.00102,1.39083,1.38981,0.00102,1,1,0.00000,1,0.00000,0.00000,down,close,0
IBOR|GBPUSD|M15|london|2021-06-28|60|IB60|OR30,IB_OR_RELATION,RELATION_P0,aligned_defined_pair,IB|GBPUSD|M15|london|2021-06-28|60,OR|GBPUSD|M15|london|2021-06-28|30,GBPUSD,M15,london,Europe/London,2021-06-28,60,30,2021-06-28T07:00:00Z,2021-06-28T08:00:00Z,2021-06-28T07:30:00Z,1.38914,1.38852,0.00062,1.38904,1.38852,0.00052,1,0,0.00010,1.192307692307692307692307692,0.00010,0.00000,up,wick,0
IBOR|GBPUSD|M15|new_york|2021-06-28|60|IB60|OR30,IB_OR_RELATION,RELATION_P0,aligned_defined_pair,IB|GBPUSD|M15|new_york|2021-06-28|60,OR|GBPUSD|M15|new_york|2021-06-28|30,GBPUSD,M15,new_york,America/New_York,2021-06-28,60,30,2021-06-28T13:30:00Z,2021-06-28T14:30:00Z,2021-06-28T14:00:00Z,1.39151,1.38955,0.00196,1.39151,1.38999,0.00152,1,0,0.00044,1.289473684210526315789473684,0.00000,0.00044,down,close,0
IBOR|GBPUSD|M15|london|2021-06-29|60|IB60|OR30,IB_OR_RELATION,RELATION_P0,aligned_defined_pair,IB|GBPUSD|M15|london|2021-06-29|60,OR|GBPUSD|M15|london|2021-06-29|30,GBPUSD,M15,london,Europe/London,2021-06-29,60,30,2021-06-29T07:00:00Z,2021-06-29T08:00:00Z,2021-06-29T07:30:00Z,1.38692,1.38630,0.00062,1.38667,1.38630,0.00037,1,0,0.00025,1.675675675675675675675675676,0.00025,0.00000,up,close,0
IBOR|GBPUSD|M15|new_york|2021-06-29|60|IB60|OR30,IB_OR_RELATION,RELATION_P0,aligned_defined_pair,IB|GBPUSD|M15|new_york|2021-06-29|60,OR|GBPUSD|M15|new_york|2021-06-29|30,GBPUSD,M15,new_york,America/New_York,2021-06-29,60,30,2021-06-29T13:30:00Z,2021-06-29T14:30:00Z,2021-06-29T14:00:00Z,1.38483,1.38213,0.00270,1.38483,1.38373,0.00110,1,0,0.00160,2.454545454545454545454545455,0.00000,0.00160,down,close,0
IBOR|GBPUSD|M15|london|2021-06-30|60|IB60|OR30,IB_OR_RELATION,RELATION_P0,aligned_defined_pair,IB|GBPUSD|M15|london|2021-06-30|60,OR|GBPUSD|M15|london|2021-06-30|30,GBPUSD,M15,london,Europe/London,2021-06-30,60,30,2021-06-30T07:00:00Z,2021-06-30T08:00:00Z,2021-06-30T07:30:00Z,1.38555,1.38470,0.00085,1.38553,1.38507,0.00046,1,0,0.00039,1.847826086956521739130434783,0.00002,0.00037,none,ambiguous,0
IBOR|GBPUSD|M15|new_york|2021-06-30|60|IB60|OR30,IB_OR_RELATION,RELATION_P0,aligned_defined_pair,IB|GBPUSD|M15|new_york|2021-06-30|60,OR|GBPUSD|M15|new_york|2021-06-30|30,GBPUSD,M15,new_york,America/New_York,2021-06-30,60,30,2021-06-30T13:30:00Z,2021-06-30T14:30:00Z,2021-06-30T14:00:00Z,1.38724,1.38555,0.00169,1.38724,1.38555,0.00169,1,1,0.00000,1,0.00000,0.00000,down,close,0
IBOR|GBPUSD|M15|london|2021-07-01|60|IB60|OR30,IB_OR_RELATION,RELATION_P0,aligned_defined_pair,IB|GBPUSD|M15|london|2021-07-01|60,OR|GBPUSD|M15|london|2021-07-01|30,GBPUSD,M15,london,Europe/London,2021-07-01,60,30,2021-07-01T07:00:00Z,2021-07-01T08:00:00Z,2021-07-01T07:30:00Z,1.38213,1.38168,0.00045,1.38213,1.38176,0.00037,1,0,0.00008,1.216216216216216216216216216,0.00000,0.00008,down,wick,0
IBOR|GBPUSD|M15|new_york|2021-07-01|60|IB60|OR30,IB_OR_RELATION,RELATION_P0,aligned_defined_pair,IB|GBPUSD|M15|new_york|2021-07-01|60,OR|GBPUSD|M15|new_york|2021-07-01|30,GBPUSD,M15,new_york,America/New_York,2021-07-01,60,30,2021-07-01T13:30:00Z,2021-07-01T14:30:00Z,2021-07-01T14:00:00Z,1.37997,1.37644,0.00353,1.37916,1.37644,0.00272,1,0,0.00081,1.297794117647058823529411765,0.00081,0.00000,up,close,0
IBOR|GBPUSD|M15|london|2021-07-02|60|IB60|OR30,IB_OR_RELATION,RELATION_P0,aligned_defined_pair,IB|GBPUSD|M15|london|2021-07-02|60,OR|GBPUSD|M15|london|2021-07-02|30,GBPUSD,M15,london,Europe/London,2021-07-02,60,30,2021-07-02T07:00:00Z,2021-07-02T08:00:00Z,2021-07-02T07:30:00Z,1.37758,1.37670,0.00088,1.37758,1.37670,0.00088,1,1,0.00000,1,0.00000,0.00000,down,close,0
IBOR|GBPUSD|M15|new_york|2021-07-02|60|IB60|OR30,IB_OR_RELATION,RELATION_P0,aligned_defined_pair,IB|GBPUSD|M15|new_york|2021-07-02|60,OR|GBPUSD|M15|new_york|2021-07-02|30,GBPUSD,M15,new_york,America/New_York,2021-07-02,60,30,2021-07-02T13:30:00Z,2021-07-02T14:30:00Z,2021-07-02T14:00:00Z,1.37561,1.37367,0.00194,1.37500,1.37367,0.00133,1,0,0.00061,1.458646616541353383458646617,0.00061,0.00000,up,close,0
IBOR|GBPUSD|M15|london|2021-07-05|60|IB60|OR30,IB_OR_RELATION,RELATION_P0,aligned_defined_pair,IB|GBPUSD|M15|london|2021-07-05|60,OR|GBPUSD|M15|london|2021-07-05|30,GBPUSD,M15,london,Europe/London,2021-07-05,60,30,2021-07-05T07:00:00Z,2021-07-05T08:00:00Z,2021-07-05T07:30:00Z,1.38245,1.38179,0.00066,1.38222,1.38179,0.00043,1,0,0.00023,1.534883720930232558139534884,0.00023,0.00000,up,close,0
IBOR|GBPUSD|M15|new_york|2021-07-05|60|IB60|OR30,IB_OR_RELATION,RELATION_P0,aligned_defined_pair,IB|GBPUSD|M15|new_york|2021-07-05|60,OR|GBPUSD|M15|new_york|2021-07-05|30,GBPUSD,M15,new_york,America/New_York,2021-07-05,60,30,2021-07-05T13:30:00Z,2021-07-05T14:30:00Z,2021-07-05T14:00:00Z,1.38612,1.38449,0.00163,1.38612,1.38449,0.00163,1,1,0.00000,1,0.00000,0.00000,down,wick,0
IBOR|GBPUSD|M15|london|2021-07-06|60|IB60|OR30,IB_OR_RELATION,RELATION_P0,aligned_defined_pair,IB|GBPUSD|M15|london|2021-07-06|60,OR|GBPUSD|M15|london|2021-07-06|30,GBPUSD,M15,london,Europe/London,2021-07-06,60,30,2021-07-06T07:00:00Z,2021-07-06T08:00:00Z,2021-07-06T07:30:00Z,1.38861,1.38755,0.00106,1.38851,1.38814,0.00037,1,0,0.00069,2.864864864864864864864864865,0.00010,0.00059,none,ambiguous,0
IBOR|GBPUSD|M15|new_york|2021-07-06|60|IB60|OR30,IB_OR_RELATION,RELATION_P0,aligned_defined_pair,IB|GBPUSD|M15|new_york|2021-07-06|60,OR|GBPUSD|M15|new_york|2021-07-06|30,GBPUSD,M15,new_york,America/New_York,2021-07-06,60,30,2021-07-06T13:30:00Z,2021-07-06T14:30:00Z,2021-07-06T14:00:00Z,1.38572,1.38409,0.00163,1.38508,1.38409,0.00099,1,0,0.00064,1.646464646464646464646464646,0.00064,0.00000,up,close,0
IBOR|GBPUSD|M15|london|2021-07-07|60|IB60|OR30,IB_OR_RELATION,RELATION_P0,aligned_defined_pair,IB|GBPUSD|M15|london|2021-07-07|60,OR|GBPUSD|M15|london|2021-07-07|30,GBPUSD,M15,london,Europe/London,2021-07-07,60,30,2021-07-07T07:00:00Z,2021-07-07T08:00:00Z,2021-07-07T07:30:00Z,1.38044,1.37950,0.00094,1.38043,1.37991,0.00052,1,0,0.00042,1.807692307692307692307692308,0.00001,0.00041,none,ambiguous,0
IBOR|GBPUSD|M15|new_york|2021-07-07|60|IB60|OR30,IB_OR_RELATION,RELATION_P0,aligned_defined_pair,IB|GBPUSD|M15|new_york|2021-07-07|60,OR|GBPUSD|M15|new_york|2021-07-07|30,GBPUSD,M15,new_york,America/New_York,2021-07-07,60,30,2021-07-07T13:30:00Z,2021-07-07T14:30:00Z,2021-07-07T14:00:00Z,1.38286,1.38128,0.00158,1.38245,1.38128,0.00117,1,0,0.00041,1.350427350427350427350427350,0.00041,0.00000,up,close,0
IBOR|GBPUSD|M15|london|2021-07-08|60|IB60|OR30,IB_OR_RELATION,RELATION_P0,aligned_defined_pair,IB|GBPUSD|M15|london|2021-07-08|60,OR|GBPUSD|M15|london|2021-07-08|30,GBPUSD,M15,london,Europe/London,2021-07-08,60,30,2021-07-08T07:00:00Z,2021-07-08T08:00:00Z,2021-07-08T07:30:00Z,1.37864,1.37804,0.00060,1.37864,1.37809,0.00055,1,0,0.00005,1.090909090909090909090909091,0.00000,0.00005,down,wick,0
IBOR|GBPUSD|M15|new_york|2021-07-08|60|IB60|OR30,IB_OR_RELATION,RELATION_P0,aligned_defined_pair,IB|GBPUSD|M15|new_york|2021-07-08|60,OR|GBPUSD|M15|new_york|2021-07-08|30,GBPUSD,M15,new_york,America/New_York,2021-07-08,60,30,2021-07-08T13:30:00Z,2021-07-08T14:30:00Z,2021-07-08T14:00:00Z,1.37780,1.37518,0.00262,1.37742,1.37518,0.00224,1,0,0.00038,1.169642857142857142857142857,0.00038,0.00000,up,wick,0
IBOR|GBPUSD|M15|london|2021-07-09|60|IB60|OR30,IB_OR_RELATION,RELATION_P0,aligned_defined_pair,IB|GBPUSD|M15|london|2021-07-09|60,OR|GBPUSD|M15|london|2021-07-09|30,GBPUSD,M15,london,Europe/London,2021-07-09,60,30,2021-07-09T07:00:00Z,2021-07-09T08:00:00Z,2021-07-09T07:30:00Z,1.37807,1.37712,0.00095,1.37807,1.37712,0.00095,1,1,0.00000,1,0.00000,0.00000,up,wick,0
IBOR|GBPUSD|M15|new_york|2021-07-09|60|IB60|OR30,IB_OR_RELATION,RELATION_P0,aligned_defined_pair,IB|GBPUSD|M15|new_york|2021-07-09|60,OR|GBPUSD|M15|new_york|2021-07-09|30,GBPUSD,M15,new_york,America/New_York,2021-07-09,60,30,2021-07-09T13:30:00Z,2021-07-09T14:30:00Z,2021-07-09T14:00:00Z,1.38238,1.37999,0.00239,1.38127,1.37999,0.00128,1,0,0.00111,1.8671875,0.00111,0.00000,up,close,0
IBOR|GBPUSD|M15|london|2021-07-12|60|IB60|OR30,IB_OR_RELATION,RELATION_P0,aligned_defined_pair,IB|GBPUSD|M15|london|2021-07-12|60,OR|GBPUSD|M15|london|2021-07-12|30,GBPUSD,M15,london,Europe/London,2021-07-12,60,30,2021-07-12T07:00:00Z,2021-07-12T08:00:00Z,2021-07-12T07:30:00Z,1.38910,1.38824,0.00086,1.38861,1.38824,0.00037,1,0,0.00049,2.324324324324324324324324324,0.00049,0.00000,up,close,0
IBOR|GBPUSD|M15|new_york|2021-07-12|60|IB60|OR30,IB_OR_RELATION,RELATION_P0,aligned_defined_pair,IB|GBPUSD|M15|new_york|2021-07-12|60,OR|GBPUSD|M15|new_york|2021-07-12|30,GBPUSD,M15,new_york,America/New_York,2021-07-12,60,30,2021-07-12T13:30:00Z,2021-07-12T14:30:00Z,2021-07-12T14:00:00Z,1.38620,1.38405,0.00215,1.38530,1.38405,0.00125,1,0,0.00090,1.72,0.00090,0.00000,up,close,0
IBOR|GBPUSD|M15|london|2021-07-13|60|IB60|OR30,IB_OR_RELATION,RELATION_P0,aligned_defined_pair,IB|GBPUSD|M15|london|2021-07-13|60,OR|GBPUSD|M15|london|2021-07-13|30,GBPUSD,M15,london,Europe/London,2021-07-13,60,30,2021-07-13T07:00:00Z,2021-07-13T08:00:00Z,2021-07-13T07:30:00Z,1.38983,1.38915,0.00068,1.38983,1.38935,0.00048,1,0,0.00020,1.416666666666666666666666667,0.00000,0.00020,down,close,0
IBOR|GBPUSD|M15|new_york|2021-07-13|60|IB60|OR30,IB_OR_RELATION,RELATION_P0,aligned_defined_pair,IB|GBPUSD|M15|new_york|2021-07-13|60,OR|GBPUSD|M15|new_york|2021-07-13|30,GBPUSD,M15,new_york,America/New_York,2021-07-13,60,30,2021-07-13T13:30:00Z,2021-07-13T14:30:00Z,2021-07-13T14:00:00Z,1.38599,1.38380,0.00219,1.38599,1.38520,0.00079,1,0,0.00140,2.772151898734177215189873418,0.00000,0.00140,down,close,0
IBOR|GBPUSD|M15|london|2021-07-14|60|IB60|OR30,IB_OR_RELATION,RELATION_P0,aligned_defined_pair,IB|GBPUSD|M15|london|2021-07-14|60,OR|GBPUSD|M15|london|2021-07-14|30,GBPUSD,M15,london,Europe/London,2021-07-14,60,30,2021-07-14T07:00:00Z,2021-07-14T08:00:00Z,2021-07-14T07:30:00Z,1.38208,1.38146,0.00062,1.38208,1.38149,0.00059,1,0,0.00003,1.050847457627118644067796610,0.00000,0.00003,down,wick,0
IBOR|GBPUSD|M15|new_york|2021-07-14|60|IB60|OR30,IB_OR_RELATION,RELATION_P0,aligned_defined_pair,IB|GBPUSD|M15|new_york|2021-07-14|60,OR|GBPUSD|M15|new_york|2021-07-14|30,GBPUSD,M15,new_york,America/New_York,2021-07-14,60,30,2021-07-14T13:30:00Z,2021-07-14T14:30:00Z,2021-07-14T14:00:00Z,1.38752,1.38544,0.00208,1.38752,1.38544,0.00208,1,1,0.00000,1,0.00000,0.00000,down,wick,0
IBOR|GBPUSD|M15|london|2021-07-15|60|IB60|OR30,IB_OR_RELATION,RELATION_P0,aligned_defined_pair,IB|GBPUSD|M15|london|2021-07-15|60,OR|GBPUSD|M15|london|2021-07-15|30,GBPUSD,M15,london,Europe/London,2021-07-15,60,30,2021-07-15T07:00:00Z,2021-07-15T08:00:00Z,2021-07-15T07:30:00Z,1.38396,1.38320,0.00076,1.38378,1.38320,0.00058,1,0,0.00018,1.310344827586206896551724138,0.00018,0.00000,up,close,0
IBOR|GBPUSD|M15|new_york|2021-07-15|60|IB60|OR30,IB_OR_RELATION,RELATION_P0,aligned_defined_pair,IB|GBPUSD|M15|new_york|2021-07-15|60,OR|GBPUSD|M15|new_york|2021-07-15|30,GBPUSD,M15,new_york,America/New_York,2021-07-15,60,30,2021-07-15T13:30:00Z,2021-07-15T14:30:00Z,2021-07-15T14:00:00Z,1.38954,1.38589,0.00365,1.38954,1.38688,0.00266,1,0,0.00099,1.372180451127819548872180451,0.00000,0.00099,down,close,0
IBOR|GBPUSD|M15|london|2021-07-16|60|IB60|OR30,IB_OR_RELATION,RELATION_P0,aligned_defined_pair,IB|GBPUSD|M15|london|2021-07-16|60,OR|GBPUSD|M15|london|2021-07-16|30,GBPUSD,M15,london,Europe/London,2021-07-16,60,30,2021-07-16T07:00:00Z,2021-07-16T08:00:00Z,2021-07-16T07:30:00Z,1.38397,1.38337,0.00060,1.38397,1.38358,0.00039,1,0,0.00021,1.538461538461538461538461538,0.00000,0.00021,down,close,0
IBOR|GBPUSD|M15|new_york|2021-07-16|60|IB60|OR30,IB_OR_RELATION,RELATION_P0,aligned_defined_pair,IB|GBPUSD|M15|new_york|2021-07-16|60,OR|GBPUSD|M15|new_york|2021-07-16|30,GBPUSD,M15,new_york,America/New_York,2021-07-16,60,30,2021-07-16T13:30:00Z,2021-07-16T14:30:00Z,2021-07-16T14:00:00Z,1.38157,1.37994,0.00163,1.38157,1.38024,0.00133,1,0,0.00030,1.225563909774436090225563910,0.00000,0.00030,down,wick,0
IBOR|GBPUSD|M15|london|2021-07-19|60|IB60|OR30,IB_OR_RELATION,RELATION_P0,aligned_defined_pair,IB|GBPUSD|M15|london|2021-07-19|60,OR|GBPUSD|M15|london|2021-07-19|30,GBPUSD,M15,london,Europe/London,2021-07-19,60,30,2021-07-19T07:00:00Z,2021-07-19T08:00:00Z,2021-07-19T07:30:00Z,1.37606,1.37524,0.00082,1.37606,1.37554,0.00052,1,0,0.00030,1.576923076923076923076923077,0.00000,0.00030,down,close,0
IBOR|GBPUSD|M15|new_york|2021-07-19|60|IB60|OR30,IB_OR_RELATION,RELATION_P0,aligned_defined_pair,IB|GBPUSD|M15|new_york|2021-07-19|60,OR|GBPUSD|M15|new_york|2021-07-19|30,GBPUSD,M15,new_york,America/New_York,2021-07-19,60,30,2021-07-19T13:30:00Z,2021-07-19T14:30:00Z,2021-07-19T14:00:00Z,1.37239,1.36997,0.00242,1.37239,1.37025,0.00214,1,0,0.00028,1.130841121495327102803738318,0.00000,0.00028,down,close,0
IBOR|GBPUSD|M15|london|2021-07-20|60|IB60|OR30,IB_OR_RELATION,RELATION_P0,aligned_defined_pair,IB|GBPUSD|M15|london|2021-07-20|60,OR|GBPUSD|M15|london|2021-07-20|30,GBPUSD,M15,london,Europe/London,2021-07-20,60,30,2021-07-20T07:00:00Z,2021-07-20T08:00:00Z,2021-07-20T07:30:00Z,1.36725,1.36607,0.00118,1.36711,1.36607,0.00104,1,0,0.00014,1.134615384615384615384615385,0.00014,0.00000,up,wick,0
IBOR|GBPUSD|M15|new_york|2021-07-20|60|IB60|OR30,IB_OR_RELATION,RELATION_P0,aligned_defined_pair,IB|GBPUSD|M15|new_york|2021-07-20|60,OR|GBPUSD|M15|new_york|2021-07-20|30,GBPUSD,M15,new_york,America/New_York,2021-07-20,60,30,2021-07-20T13:30:00Z,2021-07-20T14:30:00Z,2021-07-20T14:00:00Z,1.36466,1.36058,0.00408,1.36466,1.36164,0.00302,1,0,0.00106,1.350993377483443708609271523,0.00000,0.00106,down,close,0
IBOR|GBPUSD|M15|london|2021-07-21|60|IB60|OR30,IB_OR_RELATION,RELATION_P0,aligned_defined_pair,IB|GBPUSD|M15|london|2021-07-21|60,OR|GBPUSD|M15|london|2021-07-21|30,GBPUSD,M15,london,Europe/London,2021-07-21,60,30,2021-07-21T07:00:00Z,2021-07-21T08:00:00Z,2021-07-21T07:30:00Z,1.36190,1.36125,0.00065,1.36190,1.36146,0.00044,1,0,0.00021,1.477272727272727272727272727,0.00000,0.00021,down,wick,0
IBOR|GBPUSD|M15|new_york|2021-07-21|60|IB60|OR30,IB_OR_RELATION,RELATION_P0,aligned_defined_pair,IB|GBPUSD|M15|new_york|2021-07-21|60,OR|GBPUSD|M15|new_york|2021-07-21|30,GBPUSD,M15,new_york,America/New_York,2021-07-21,60,30,2021-07-21T13:30:00Z,2021-07-21T14:30:00Z,2021-07-21T14:00:00Z,1.36292,1.35952,0.00340,1.36292,1.36013,0.00279,1,0,0.00061,1.218637992831541218637992832,0.00000,0.00061,down,wick,0
IBOR|GBPUSD|M15|london|2021-07-22|60|IB60|OR30,IB_OR_RELATION,RELATION_P0,aligned_defined_pair,IB|GBPUSD|M15|london|2021-07-22|60,OR|GBPUSD|M15|london|2021-07-22|30,GBPUSD,M15,london,Europe/London,2021-07-22,60,30,2021-07-22T07:00:00Z,2021-07-22T08:00:00Z,2021-07-22T07:30:00Z,1.37186,1.37084,0.00102,1.37153,1.37084,0.00069,1,0,0.00033,1.478260869565217391304347826,0.00033,0.00000,up,close,0
IBOR|GBPUSD|M15|new_york|2021-07-22|60|IB60|OR30,IB_OR_RELATION,RELATION_P0,aligned_defined_pair,IB|GBPUSD|M15|new_york|2021-07-22|60,OR|GBPUSD|M15|new_york|2021-07-22|30,GBPUSD,M15,new_york,America/New_York,2021-07-22,60,30,2021-07-22T13:30:00Z,2021-07-22T14:30:00Z,2021-07-22T14:00:00Z,1.37680,1.37498,0.00182,1.37680,1.37526,0.00154,1,0,0.00028,1.181818181818181818181818182,0.00000,0.00028,down,wick,0
IBOR|GBPUSD|M15|london|2021-07-23|60|IB60|OR30,IB_OR_RELATION,RELATION_P0,aligned_defined_pair,IB|GBPUSD|M15|london|2021-07-23|60,OR|GBPUSD|M15|london|2021-07-23|30,GBPUSD,M15,london,Europe/London,2021-07-23,60,30,2021-07-23T07:00:00Z,2021-07-23T08:00:00Z,2021-07-23T07:30:00Z,1.37607,1.37556,0.00051,1.37607,1.37556,0.00051,1,1,0.00000,1,0.00000,0.00000,none,ambiguous,0
IBOR|GBPUSD|M15|new_york|2021-07-23|60|IB60|OR30,IB_OR_RELATION,RELATION_P0,aligned_defined_pair,IB|GBPUSD|M15|new_york|2021-07-23|60,OR|GBPUSD|M15|new_york|2021-07-23|30,GBPUSD,M15,new_york,America/New_York,2021-07-23,60,30,2021-07-23T13:30:00Z,2021-07-23T14:30:00Z,2021-07-23T14:00:00Z,1.37411,1.37195,0.00216,1.37411,1.37281,0.00130,1,0,0.00086,1.661538461538461538461538462,0.00000,0.00086,down,wick,0
IBOR|GBPUSD|M15|london|2021-07-26|60|IB60|OR30,IB_OR_RELATION,RELATION_P0,aligned_defined_pair,IB|GBPUSD|M15|london|2021-07-26|60,OR|GBPUSD|M15|london|2021-07-26|30,GBPUSD,M15,london,Europe/London,2021-07-26,60,30,2021-07-26T07:00:00Z,2021-07-26T08:00:00Z,2021-07-26T07:30:00Z,1.37547,1.37462,0.00085,1.37486,1.37462,0.00024,1,0,0.00061,3.541666666666666666666666667,0.00061,0.00000,up,close,0
IBOR|GBPUSD|M15|new_york|2021-07-26|60|IB60|OR30,IB_OR_RELATION,RELATION_P0,aligned_defined_pair,IB|GBPUSD|M15|new_york|2021-07-26|60,OR|GBPUSD|M15|new_york|2021-07-26|30,GBPUSD,M15,new_york,America/New_York,2021-07-26,60,30,2021-07-26T13:30:00Z,2021-07-26T14:30:00Z,2021-07-26T14:00:00Z,1.37942,1.37776,0.00166,1.37942,1.37829,0.00113,1,0,0.00053,1.469026548672566371681415929,0.00000,0.00053,down,wick,0
IBOR|GBPUSD|M15|london|2021-07-27|60|IB60|OR30,IB_OR_RELATION,RELATION_P0,aligned_defined_pair,IB|GBPUSD|M15|london|2021-07-27|60,OR|GBPUSD|M15|london|2021-07-27|30,GBPUSD,M15,london,Europe/London,2021-07-27,60,30,2021-07-27T07:00:00Z,2021-07-27T08:00:00Z,2021-07-27T07:30:00Z,1.38286,1.38234,0.00052,1.38286,1.38238,0.00048,1,0,0.00004,1.083333333333333333333333333,0.00000,0.00004,down,wick,0
IBOR|GBPUSD|M15|new_york|2021-07-27|60|IB60|OR30,IB_OR_RELATION,RELATION_P0,aligned_defined_pair,IB|GBPUSD|M15|new_york|2021-07-27|60,OR|GBPUSD|M15|new_york|2021-07-27|30,GBPUSD,M15,new_york,America/New_York,2021-07-27,60,30,2021-07-27T13:30:00Z,2021-07-27T14:30:00Z,2021-07-27T14:00:00Z,1.37939,1.37833,0.00106,1.37925,1.37843,0.00082,1,0,0.00024,1.292682926829268292682926829,0.00014,0.00010,none,ambiguous,0
IBOR|GBPUSD|M15|london|2021-07-28|60|IB60|OR30,IB_OR_RELATION,RELATION_P0,aligned_defined_pair,IB|GBPUSD|M15|london|2021-07-28|60,OR|GBPUSD|M15|london|2021-07-28|30,GBPUSD,M15,london,Europe/London,2021-07-28,60,30,2021-07-28T07:00:00Z,2021-07-28T08:00:00Z,2021-07-28T07:30:00Z,1.38759,1.38705,0.00054,1.38759,1.38719,0.00040,1,0,0.00014,1.35,0.00000,0.00014,down,close,0
IBOR|GBPUSD|M15|new_york|2021-07-28|60|IB60|OR30,IB_OR_RELATION,RELATION_P0,aligned_defined_pair,IB|GBPUSD|M15|new_york|2021-07-28|60,OR|GBPUSD|M15|new_york|2021-07-28|30,GBPUSD,M15,new_york,America/New_York,2021-07-28,60,30,2021-07-28T13:30:00Z,2021-07-28T14:30:00Z,2021-07-28T14:00:00Z,1.38840,1.38642,0.00198,1.38808,1.38694,0.00114,1,0,0.00084,1.736842105263157894736842105,0.00032,0.00052,up,wick,0
IBOR|GBPUSD|M15|london|2021-07-29|60|IB60|OR30,IB_OR_RELATION,RELATION_P0,aligned_defined_pair,IB|GBPUSD|M15|london|2021-07-29|60,OR|GBPUSD|M15|london|2021-07-29|30,GBPUSD,M15,london,Europe/London,2021-07-29,60,30,2021-07-29T07:00:00Z,2021-07-29T08:00:00Z,2021-07-29T07:30:00Z,1.39310,1.39241,0.00069,1.39285,1.39241,0.00044,1,0,0.00025,1.568181818181818181818181818,0.00025,0.00000,up,wick,0
IBOR|GBPUSD|M15|new_york|2021-07-29|60|IB60|OR30,IB_OR_RELATION,RELATION_P0,aligned_defined_pair,IB|GBPUSD|M15|new_york|2021-07-29|60,OR|GBPUSD|M15|new_york|2021-07-29|30,GBPUSD,M15,new_york,America/New_York,2021-07-29,60,30,2021-07-29T13:30:00Z,2021-07-29T14:30:00Z,2021-07-29T14:00:00Z,1.39635,1.39531,0.00104,1.39606,1.39531,0.00075,1,0,0.00029,1.386666666666666666666666667,0.00029,0.00000,up,wick,0
IBOR|GBPUSD|M15|london|2021-07-30|60|IB60|OR30,IB_OR_RELATION,RELATION_P0,aligned_defined_pair,IB|GBPUSD|M15|london|2021-07-30|60,OR|GBPUSD|M15|london|2021-07-30|30,GBPUSD,M15,london,Europe/London,2021-07-30,60,30,2021-07-30T07:00:00Z,2021-07-30T08:00:00Z,2021-07-30T07:30:00Z,1.39503,1.39418,0.00085,1.39475,1.39418,0.00057,1,0,0.00028,1.491228070175438596491228070,0.00028,0.00000,up,close,0
IBOR|GBPUSD|M15|new_york|2021-07-30|60|IB60|OR30,IB_OR_RELATION,RELATION_P0,aligned_defined_pair,IB|GBPUSD|M15|new_york|2021-07-30|60,OR|GBPUSD|M15|new_york|2021-07-30|30,GBPUSD,M15,new_york,America/New_York,2021-07-30,60,30,2021-07-30T13:30:00Z,2021-07-30T14:30:00Z,2021-07-30T14:00:00Z,1.39781,1.39598,0.00183,1.39781,1.39653,0.00128,1,0,0.00055,1.4296875,0.00000,0.00055,down,close,0
IBOR|GBPUSD|M15|london|2021-08-02|60|IB60|OR30,IB_OR_RELATION,RELATION_P0,aligned_defined_pair,IB|GBPUSD|M15|london|2021-08-02|60,OR|GBPUSD|M15|london|2021-08-02|30,GBPUSD,M15,london,Europe/London,2021-08-02,60,30,2021-08-02T07:00:00Z,2021-08-02T08:00:00Z,2021-08-02T07:30:00Z,1.39027,1.38976,0.00051,1.39027,1.38979,0.00048,1,0,0.00003,1.0625,0.00000,0.00003,down,wick,0
IBOR|GBPUSD|M15|new_york|2021-08-02|60|IB60|OR30,IB_OR_RELATION,RELATION_P0,aligned_defined_pair,IB|GBPUSD|M15|new_york|2021-08-02|60,OR|GBPUSD|M15|new_york|2021-08-02|30,GBPUSD,M15,new_york,America/New_York,2021-08-02,60,30,2021-08-02T13:30:00Z,2021-08-02T14:30:00Z,2021-08-02T14:00:00Z,1.39081,1.38968,0.00113,1.39081,1.38968,0.00113,1,1,0.00000,1,0.00000,0.00000,down,wick,0
IBOR|GBPUSD|M15|london|2021-08-03|60|IB60|OR30,IB_OR_RELATION,RELATION_P0,aligned_defined_pair,IB|GBPUSD|M15|london|2021-08-03|60,OR|GBPUSD|M15|london|2021-08-03|30,GBPUSD,M15,london,Europe/London,2021-08-03,60,30,2021-08-03T07:00:00Z,2021-08-03T08:00:00Z,2021-08-03T07:30:00Z,1.39038,1.38920,0.00118,1.38980,1.38920,0.00060,1,0,0.00058,1.966666666666666666666666667,0.00058,0.00000,up,wick,0
IBOR|GBPUSD|M15|new_york|2021-08-03|60|IB60|OR30,IB_OR_RELATION,RELATION_P0,aligned_defined_pair,IB|GBPUSD|M15|new_york|2021-08-03|60,OR|GBPUSD|M15|new_york|2021-08-03|30,GBPUSD,M15,new_york,America/New_York,2021-08-03,60,30,2021-08-03T13:30:00Z,2021-08-03T14:30:00Z,2021-08-03T14:00:00Z,1.39381,1.39216,0.00165,1.39347,1.39216,0.00131,1,0,0.00034,1.259541984732824427480916031,0.00034,0.00000,up,wick,0
IBOR|GBPUSD|M15|london|2021-08-04|60|IB60|OR30,IB_OR_RELATION,RELATION_P0,aligned_defined_pair,IB|GBPUSD|M15|london|2021-08-04|60,OR|GBPUSD|M15|london|2021-08-04|30,GBPUSD,M15,london,Europe/London,2021-08-04,60,30,2021-08-04T07:00:00Z,2021-08-04T08:00:00Z,2021-08-04T07:30:00Z,1.39278,1.39206,0.00072,1.39278,1.39206,0.00072,1,1,0.00000,1,0.00000,0.00000,up,close,0
IBOR|GBPUSD|M15|new_york|2021-08-04|60|IB60|OR30,IB_OR_RELATION,RELATION_P0,aligned_defined_pair,IB|GBPUSD|M15|new_york|2021-08-04|60,OR|GBPUSD|M15|new_york|2021-08-04|30,GBPUSD,M15,new_york,America/New_York,2021-08-04,60,30,2021-08-04T13:30:00Z,2021-08-04T14:30:00Z,2021-08-04T14:00:00Z,1.39364,1.39178,0.00186,1.39364,1.39222,0.00142,1,0,0.00044,1.309859154929577464788732394,0.00000,0.00044,down,wick,0
IBOR|GBPUSD|M15|london|2021-08-05|60|IB60|OR30,IB_OR_RELATION,RELATION_P0,aligned_defined_pair,IB|GBPUSD|M15|london|2021-08-05|60,OR|GBPUSD|M15|london|2021-08-05|30,GBPUSD,M15,london,Europe/London,2021-08-05,60,30,2021-08-05T07:00:00Z,2021-08-05T08:00:00Z,2021-08-05T07:30:00Z,1.38926,1.38896,0.00030,1.38926,1.38896,0.00030,1,1,0.00000,1,0.00000,0.00000,up,close,0
IBOR|GBPUSD|M15|new_york|2021-08-05|60|IB60|OR30,IB_OR_RELATION,RELATION_P0,aligned_defined_pair,IB|GBPUSD|M15|new_york|2021-08-05|60,OR|GBPUSD|M15|new_york|2021-08-05|30,GBPUSD,M15,new_york,America/New_York,2021-08-05,60,30,2021-08-05T13:30:00Z,2021-08-05T14:30:00Z,2021-08-05T14:00:00Z,1.39451,1.39004,0.00447,1.39285,1.39163,0.00122,1,0,0.00325,3.663934426229508196721311475,0.00166,0.00159,none,ambiguous,0
IBOR|GBPUSD|M15|london|2021-08-06|60|IB60|OR30,IB_OR_RELATION,RELATION_P0,aligned_defined_pair,IB|GBPUSD|M15|london|2021-08-06|60,OR|GBPUSD|M15|london|2021-08-06|30,GBPUSD,M15,london,Europe/London,2021-08-06,60,30,2021-08-06T07:00:00Z,2021-08-06T08:00:00Z,2021-08-06T07:30:00Z,1.39209,1.39166,0.00043,1.39204,1.39173,0.00031,1,0,0.00012,1.387096774193548387096774194,0.00005,0.00007,down,wick,0
IBOR|GBPUSD|M15|new_york|2021-08-06|60|IB60|OR30,IB_OR_RELATION,RELATION_P0,aligned_defined_pair,IB|GBPUSD|M15|new_york|2021-08-06|60,OR|GBPUSD|M15|new_york|2021-08-06|30,GBPUSD,M15,new_york,America/New_York,2021-08-06,60,30,2021-08-06T13:30:00Z,2021-08-06T14:30:00Z,2021-08-06T14:00:00Z,1.39173,1.39043,0.00130,1.39173,1.39071,0.00102,1,0,0.00028,1.274509803921568627450980392,0.00000,0.00028,down,wick,0
IBOR|GBPUSD|M15|london|2021-08-09|60|IB60|OR30,IB_OR_RELATION,RELATION_P0,aligned_defined_pair,IB|GBPUSD|M15|london|2021-08-09|60,OR|GBPUSD|M15|london|2021-08-09|30,GBPUSD,M15,london,Europe/London,2021-08-09,60,30,2021-08-09T07:00:00Z,2021-08-09T08:00:00Z,2021-08-09T07:30:00Z,1.38699,1.38667,0.00032,1.38687,1.38667,0.00020,1,0,0.00012,1.6,0.00012,0.00000,up,close,0
IBOR|GBPUSD|M15|new_york|2021-08-09|60|IB60|OR30,IB_OR_RELATION,RELATION_P0,aligned_defined_pair,IB|GBPUSD|M15|new_york|2021-08-09|60,OR|GBPUSD|M15|new_york|2021-08-09|30,GBPUSD,M15,new_york,America/New_York,2021-08-09,60,30,2021-08-09T13:30:00Z,2021-08-09T14:30:00Z,2021-08-09T14:00:00Z,1.38902,1.38776,0.00126,1.38902,1.38784,0.00118,1,0,0.00008,1.067796610169491525423728814,0.00000,0.00008,down,wick,0
IBOR|GBPUSD|M15|london|2021-08-10|60|IB60|OR30,IB_OR_RELATION,RELATION_P0,aligned_defined_pair,IB|GBPUSD|M15|london|2021-08-10|60,OR|GBPUSD|M15|london|2021-08-10|30,GBPUSD,M15,london,Europe/London,2021-08-10,60,30,2021-08-10T07:00:00Z,2021-08-10T08:00:00Z,2021-08-10T07:30:00Z,1.38488,1.38426,0.00062,1.38488,1.38459,0.00029,1,0,0.00033,2.137931034482758620689655172,0.00000,0.00033,down,close,0
IBOR|GBPUSD|M15|new_york|2021-08-10|60|IB60|OR30,IB_OR_RELATION,RELATION_P0,aligned_defined_pair,IB|GBPUSD|M15|new_york|2021-08-10|60,OR|GBPUSD|M15|new_york|2021-08-10|30,GBPUSD,M15,new_york,America/New_York,2021-08-10,60,30,2021-08-10T13:30:00Z,2021-08-10T14:30:00Z,2021-08-10T14:00:00Z,1.38640,1.38528,0.00112,1.38616,1.38528,0.00088,1,0,0.00024,1.272727272727272727272727273,0.00024,0.00000,up,close,0
IBOR|GBPUSD|M15|london|2021-08-11|60|IB60|OR30,IB_OR_RELATION,RELATION_P0,aligned_defined_pair,IB|GBPUSD|M15|london|2021-08-11|60,OR|GBPUSD|M15|london|2021-08-11|30,GBPUSD,M15,london,Europe/London,2021-08-11,60,30,2021-08-11T07:00:00Z,2021-08-11T08:00:00Z,2021-08-11T07:30:00Z,1.38309,1.38267,0.00042,1.38309,1.38267,0.00042,1,1,0.00000,1,0.00000,0.00000,up,close,0
IBOR|GBPUSD|M15|new_york|2021-08-11|60|IB60|OR30,IB_OR_RELATION,RELATION_P0,aligned_defined_pair,IB|GBPUSD|M15|new_york|2021-08-11|60,OR|GBPUSD|M15|new_york|2021-08-11|30,GBPUSD,M15,new_york,America/New_York,2021-08-11,60,30,2021-08-11T13:30:00Z,2021-08-11T14:30:00Z,2021-08-11T14:00:00Z,1.38189,1.38062,0.00127,1.38189,1.38062,0.00127,1,1,0.00000,1,0.00000,0.00000,up,close,0
IBOR|GBPUSD|M15|london|2021-08-12|60|IB60|OR30,IB_OR_RELATION,RELATION_P0,aligned_defined_pair,IB|GBPUSD|M15|london|2021-08-12|60,OR|GBPUSD|M15|london|2021-08-12|30,GBPUSD,M15,london,Europe/London,2021-08-12,60,30,2021-08-12T07:00:00Z,2021-08-12T08:00:00Z,2021-08-12T07:30:00Z,1.38743,1.38672,0.00071,1.38743,1.38722,0.00021,1,0,0.00050,3.380952380952380952380952381,0.00000,0.00050,down,close,0
IBOR|GBPUSD|M15|new_york|2021-08-12|60|IB60|OR30,IB_OR_RELATION,RELATION_P0,aligned_defined_pair,IB|GBPUSD|M15|new_york|2021-08-12|60,OR|GBPUSD|M15|new_york|2021-08-12|30,GBPUSD,M15,new_york,America/New_York,2021-08-12,60,30,2021-08-12T13:30:00Z,2021-08-12T14:30:00Z,2021-08-12T14:00:00Z,1.38570,1.38452,0.00118,1.38570,1.38497,0.00073,1,0,0.00045,1.616438356164383561643835616,0.00000,0.00045,down,wick,0
IBOR|GBPUSD|M15|london|2021-08-13|60|IB60|OR30,IB_OR_RELATION,RELATION_P0,aligned_defined_pair,IB|GBPUSD|M15|london|2021-08-13|60,OR|GBPUSD|M15|london|2021-08-13|30,GBPUSD,M15,london,Europe/London,2021-08-13,60,30,2021-08-13T07:00:00Z,2021-08-13T08:00:00Z,2021-08-13T07:30:00Z,1.38150,1.38122,0.00028,1.38150,1.38130,0.00020,1,0,0.00008,1.4,0.00000,0.00008,down,wick,0
IBOR|GBPUSD|M15|new_york|2021-08-13|60|IB60|OR30,IB_OR_RELATION,RELATION_P0,aligned_defined_pair,IB|GBPUSD|M15|new_york|2021-08-13|60,OR|GBPUSD|M15|new_york|2021-08-13|30,GBPUSD,M15,new_york,America/New_York,2021-08-13,60,30,2021-08-13T13:30:00Z,2021-08-13T14:30:00Z,2021-08-13T14:00:00Z,1.38106,1.37929,0.00177,1.37994,1.37929,0.00065,1,0,0.00112,2.723076923076923076923076923,0.00112,0.00000,up,close,0
IBOR|GBPUSD|M15|london|2021-08-16|60|IB60|OR30,IB_OR_RELATION,RELATION_P0,aligned_defined_pair,IB|GBPUSD|M15|london|2021-08-16|60,OR|GBPUSD|M15|london|2021-08-16|30,GBPUSD,M15,london,Europe/London,2021-08-16,60,30,2021-08-16T07:00:00Z,2021-08-16T08:00:00Z,2021-08-16T07:30:00Z,1.38570,1.38522,0.00048,1.38556,1.38522,0.00034,1,0,0.00014,1.411764705882352941176470588,0.00014,0.00000,up,wick,0
IBOR|GBPUSD|M15|new_york|2021-08-16|60|IB60|OR30,IB_OR_RELATION,RELATION_P0,aligned_defined_pair,IB|GBPUSD|M15|new_york|2021-08-16|60,OR|GBPUSD|M15|new_york|2021-08-16|30,GBPUSD,M15,new_york,America/New_York,2021-08-16,60,30,2021-08-16T13:30:00Z,2021-08-16T14:30:00Z,2021-08-16T14:00:00Z,1.38776,1.38505,0.00271,1.38643,1.38528,0.00115,1,0,0.00156,2.356521739130434782608695652,0.00133,0.00023,none,ambiguous,0
IBOR|GBPUSD|M15|london|2021-08-17|60|IB60|OR30,IB_OR_RELATION,RELATION_P0,aligned_defined_pair,IB|GBPUSD|M15|london|2021-08-17|60,OR|GBPUSD|M15|london|2021-08-17|30,GBPUSD,M15,london,Europe/London,2021-08-17,60,30,2021-08-17T07:00:00Z,2021-08-17T08:00:00Z,2021-08-17T07:30:00Z,1.38199,1.38139,0.00060,1.38185,1.38139,0.00046,1,0,0.00014,1.304347826086956521739130435,0.00014,0.00000,up,wick,0
IBOR|GBPUSD|M15|new_york|2021-08-17|60|IB60|OR30,IB_OR_RELATION,RELATION_P0,aligned_defined_pair,IB|GBPUSD|M15|new_york|2021-08-17|60,OR|GBPUSD|M15|new_york|2021-08-17|30,GBPUSD,M15,new_york,America/New_York,2021-08-17,60,30,2021-08-17T13:30:00Z,2021-08-17T14:30:00Z,2021-08-17T14:00:00Z,1.37963,1.37855,0.00108,1.37963,1.37855,0.00108,1,1,0.00000,1,0.00000,0.00000,up,wick,0
IBOR|GBPUSD|M15|london|2021-08-18|60|IB60|OR30,IB_OR_RELATION,RELATION_P0,aligned_defined_pair,IB|GBPUSD|M15|london|2021-08-18|60,OR|GBPUSD|M15|london|2021-08-18|30,GBPUSD,M15,london,Europe/London,2021-08-18,60,30,2021-08-18T07:00:00Z,2021-08-18T08:00:00Z,2021-08-18T07:30:00Z,1.37539,1.37414,0.00125,1.37539,1.37485,0.00054,1,0,0.00071,2.314814814814814814814814815,0.00000,0.00071,down,close,0
IBOR|GBPUSD|M15|new_york|2021-08-18|60|IB60|OR30,IB_OR_RELATION,RELATION_P0,aligned_defined_pair,IB|GBPUSD|M15|new_york|2021-08-18|60,OR|GBPUSD|M15|new_york|2021-08-18|30,GBPUSD,M15,new_york,America/New_York,2021-08-18,60,30,2021-08-18T13:30:00Z,2021-08-18T14:30:00Z,2021-08-18T14:00:00Z,1.37617,1.37472,0.00145,1.37617,1.37494,0.00123,1,0,0.00022,1.178861788617886178861788618,0.00000,0.00022,down,wick,0
IBOR|GBPUSD|M15|london|2021-08-19|60|IB60|OR30,IB_OR_RELATION,RELATION_P0,aligned_defined_pair,IB|GBPUSD|M15|london|2021-08-19|60,OR|GBPUSD|M15|london|2021-08-19|30,GBPUSD,M15,london,Europe/London,2021-08-19,60,30,2021-08-19T07:00:00Z,2021-08-19T08:00:00Z,2021-08-19T07:30:00Z,1.37224,1.37167,0.00057,1.37224,1.37193,0.00031,1,0,0.00026,1.838709677419354838709677419,0.00000,0.00026,down,close,0
IBOR|GBPUSD|M15|new_york|2021-08-19|60|IB60|OR30,IB_OR_RELATION,RELATION_P0,aligned_defined_pair,IB|GBPUSD|M15|new_york|2021-08-19|60,OR|GBPUSD|M15|new_york|2021-08-19|30,GBPUSD,M15,new_york,America/New_York,2021-08-19,60,30,2021-08-19T13:30:00Z,2021-08-19T14:30:00Z,2021-08-19T14:00:00Z,1.36985,1.36825,0.00160,1.36985,1.36858,0.00127,1,0,0.00033,1.259842519685039370078740157,0.00000,0.00033,down,wick,0
IBOR|GBPUSD|M15|london|2021-08-20|60|IB60|OR30,IB_OR_RELATION,RELATION_P0,aligned_defined_pair,IB|GBPUSD|M15|london|2021-08-20|60,OR|GBPUSD|M15|london|2021-08-20|30,GBPUSD,M15,london,Europe/London,2021-08-20,60,30,2021-08-20T07:00:00Z,2021-08-20T08:00:00Z,2021-08-20T07:30:00Z,1.36345,1.36291,0.00054,1.36345,1.36291,0.00054,1,1,0.00000,1,0.00000,0.00000,down,close,0
IBOR|GBPUSD|M15|new_york|2021-08-20|60|IB60|OR30,IB_OR_RELATION,RELATION_P0,aligned_defined_pair,IB|GBPUSD|M15|new_york|2021-08-20|60,OR|GBPUSD|M15|new_york|2021-08-20|30,GBPUSD,M15,new_york,America/New_York,2021-08-20,60,30,2021-08-20T13:30:00Z,2021-08-20T14:30:00Z,2021-08-20T14:00:00Z,1.36218,1.36102,0.00116,1.36218,1.36116,0.00102,1,0,0.00014,1.137254901960784313725490196,0.00000,0.00014,down,wick,0
IBOR|GBPUSD|M15|london|2021-08-23|60|IB60|OR30,IB_OR_RELATION,RELATION_P0,aligned_defined_pair,IB|GBPUSD|M15|london|2021-08-23|60,OR|GBPUSD|M15|london|2021-08-23|30,GBPUSD,M15,london,Europe/London,2021-08-23,60,30,2021-08-23T07:00:00Z,2021-08-23T08:00:00Z,2021-08-23T07:30:00Z,1.36484,1.36423,0.00061,1.36483,1.36444,0.00039,1,0,0.00022,1.564102564102564102564102564,0.00001,0.00021,down,wick,0
IBOR|GBPUSD|M15|new_york|2021-08-23|60|IB60|OR30,IB_OR_RELATION,RELATION_P0,aligned_defined_pair,IB|GBPUSD|M15|new_york|2021-08-23|60,OR|GBPUSD|M15|new_york|2021-08-23|30,GBPUSD,M15,new_york,America/New_York,2021-08-23,60,30,2021-08-23T13:30:00Z,2021-08-23T14:30:00Z,2021-08-23T14:00:00Z,1.36791,1.36643,0.00148,1.36781,1.36643,0.00138,1,0,0.00010,1.072463768115942028985507246,0.00010,0.00000,up,wick,0
IBOR|GBPUSD|M15|london|2021-08-24|60|IB60|OR30,IB_OR_RELATION,RELATION_P0,aligned_defined_pair,IB|GBPUSD|M15|london|2021-08-24|60,OR|GBPUSD|M15|london|2021-08-24|30,GBPUSD,M15,london,Europe/London,2021-08-24,60,30,2021-08-24T07:00:00Z,2021-08-24T08:00:00Z,2021-08-24T07:30:00Z,1.37252,1.37161,0.00091,1.37202,1.37161,0.00041,1,0,0.00050,2.219512195121951219512195122,0.00050,0.00000,up,close,0
IBOR|GBPUSD|M15|new_york|2021-08-24|60|IB60|OR30,IB_OR_RELATION,RELATION_P0,aligned_defined_pair,IB|GBPUSD|M15|new_york|2021-08-24|60,OR|GBPUSD|M15|new_york|2021-08-24|30,GBPUSD,M15,new_york,America/New_York,2021-08-24,60,30,2021-08-24T13:30:00Z,2021-08-24T14:30:00Z,2021-08-24T14:00:00Z,1.37315,1.37119,0.00196,1.37315,1.37165,0.00150,1,0,0.00046,1.306666666666666666666666667,0.00000,0.00046,down,close,0
IBOR|GBPUSD|M15|london|2021-08-25|60|IB60|OR30,IB_OR_RELATION,RELATION_P0,aligned_defined_pair,IB|GBPUSD|M15|london|2021-08-25|60,OR|GBPUSD|M15|london|2021-08-25|30,GBPUSD,M15,london,Europe/London,2021-08-25,60,30,2021-08-25T07:00:00Z,2021-08-25T08:00:00Z,2021-08-25T07:30:00Z,1.37206,1.37132,0.00074,1.37198,1.37157,0.00041,1,0,0.00033,1.804878048780487804878048780,0.00008,0.00025,none,ambiguous,0
IBOR|GBPUSD|M15|new_york|2021-08-25|60|IB60|OR30,IB_OR_RELATION,RELATION_P0,aligned_defined_pair,IB|GBPUSD|M15|new_york|2021-08-25|60,OR|GBPUSD|M15|new_york|2021-08-25|30,GBPUSD,M15,new_york,America/New_York,2021-08-25,60,30,2021-08-25T13:30:00Z,2021-08-25T14:30:00Z,2021-08-25T14:00:00Z,1.37296,1.37129,0.00167,1.37296,1.37129,0.00167,1,1,0.00000,1,0.00000,0.00000,down,wick,0
IBOR|GBPUSD|M15|london|2021-08-26|60|IB60|OR30,IB_OR_RELATION,RELATION_P0,aligned_defined_pair,IB|GBPUSD|M15|london|2021-08-26|60,OR|GBPUSD|M15|london|2021-08-26|30,GBPUSD,M15,london,Europe/London,2021-08-26,60,30,2021-08-26T07:00:00Z,2021-08-26T08:00:00Z,2021-08-26T07:30:00Z,1.37585,1.37503,0.00082,1.37574,1.37503,0.00071,1,0,0.00011,1.154929577464788732394366197,0.00011,0.00000,up,close,0
IBOR|GBPUSD|M15|new_york|2021-08-26|60|IB60|OR30,IB_OR_RELATION,RELATION_P0,aligned_defined_pair,IB|GBPUSD|M15|new_york|2021-08-26|60,OR|GBPUSD|M15|new_york|2021-08-26|30,GBPUSD,M15,new_york,America/New_York,2021-08-26,60,30,2021-08-26T13:30:00Z,2021-08-26T14:30:00Z,2021-08-26T14:00:00Z,1.37494,1.37315,0.00179,1.37461,1.37369,0.00092,1,0,0.00087,1.945652173913043478260869565,0.00033,0.00054,down,wick,0
IBOR|GBPUSD|M15|london|2021-08-27|60|IB60|OR30,IB_OR_RELATION,RELATION_P0,aligned_defined_pair,IB|GBPUSD|M15|london|2021-08-27|60,OR|GBPUSD|M15|london|2021-08-27|30,GBPUSD,M15,london,Europe/London,2021-08-27,60,30,2021-08-27T07:00:00Z,2021-08-27T08:00:00Z,2021-08-27T07:30:00Z,1.37006,1.36946,0.00060,1.36988,1.36946,0.00042,1,0,0.00018,1.428571428571428571428571429,0.00018,0.00000,up,close,0
IBOR|GBPUSD|M15|new_york|2021-08-27|60|IB60|OR30,IB_OR_RELATION,RELATION_P0,aligned_defined_pair,IB|GBPUSD|M15|new_york|2021-08-27|60,OR|GBPUSD|M15|new_york|2021-08-27|30,GBPUSD,M15,new_york,America/New_York,2021-08-27,60,30,2021-08-27T13:30:00Z,2021-08-27T14:30:00Z,2021-08-27T14:00:00Z,1.37139,1.36999,0.00140,1.37106,1.36999,0.00107,1,0,0.00033,1.308411214953271028037383178,0.00033,0.00000,up,close,0
IBOR|GBPUSD|M15|london|2021-08-30|60|IB60|OR30,IB_OR_RELATION,RELATION_P0,aligned_defined_pair,IB|GBPUSD|M15|london|2021-08-30|60,OR|GBPUSD|M15|london|2021-08-30|30,GBPUSD,M15,london,Europe/London,2021-08-30,60,30,2021-08-30T07:00:00Z,2021-08-30T08:00:00Z,2021-08-30T07:30:00Z,1.37704,1.37650,0.00054,1.37702,1.37650,0.00052,1,0,0.00002,1.038461538461538461538461538,0.00002,0.00000,up,wick,0
IBOR|GBPUSD|M15|new_york|2021-08-30|60|IB60|OR30,IB_OR_RELATION,RELATION_P0,aligned_defined_pair,IB|GBPUSD|M15|new_york|2021-08-30|60,OR|GBPUSD|M15|new_york|2021-08-30|30,GBPUSD,M15,new_york,America/New_York,2021-08-30,60,30,2021-08-30T13:30:00Z,2021-08-30T14:30:00Z,2021-08-30T14:00:00Z,1.37575,1.37481,0.00094,1.37575,1.37501,0.00074,1,0,0.00020,1.270270270270270270270270270,0.00000,0.00020,down,wick,0
IBOR|GBPUSD|M15|london|2021-08-31|60|IB60|OR30,IB_OR_RELATION,RELATION_P0,aligned_defined_pair,IB|GBPUSD|M15|london|2021-08-31|60,OR|GBPUSD|M15|london|2021-08-31|30,GBPUSD,M15,london,Europe/London,2021-08-31,60,30,2021-08-31T07:00:00Z,2021-08-31T08:00:00Z,2021-08-31T07:30:00Z,1.37814,1.37738,0.00076,1.37814,1.37738,0.00076,1,1,0.00000,1,0.00000,0.00000,up,close,0
IBOR|GBPUSD|M15|new_york|2021-08-31|60|IB60|OR30,IB_OR_RELATION,RELATION_P0,aligned_defined_pair,IB|GBPUSD|M15|new_york|2021-08-31|60,OR|GBPUSD|M15|new_york|2021-08-31|30,GBPUSD,M15,new_york,America/New_York,2021-08-31,60,30,2021-08-31T13:30:00Z,2021-08-31T14:30:00Z,2021-08-31T14:00:00Z,1.37857,1.37619,0.00238,1.37790,1.37619,0.00171,1,0,0.00067,1.391812865497076023391812865,0.00067,0.00000,up,close,0
IBOR|GBPUSD|M15|london|2021-09-01|60|IB60|OR30,IB_OR_RELATION,RELATION_P0,aligned_defined_pair,IB|GBPUSD|M15|london|2021-09-01|60,OR|GBPUSD|M15|london|2021-09-01|30,GBPUSD,M15,london,Europe/London,2021-09-01,60,30,2021-09-01T07:00:00Z,2021-09-01T08:00:00Z,2021-09-01T07:30:00Z,1.37380,1.37347,0.00033,1.37379,1.37353,0.00026,1,0,0.00007,1.269230769230769230769230769,0.00001,0.00006,up,wick,0
IBOR|GBPUSD|M15|new_york|2021-09-01|60|IB60|OR30,IB_OR_RELATION,RELATION_P0,aligned_defined_pair,IB|GBPUSD|M15|new_york|2021-09-01|60,OR|GBPUSD|M15|new_york|2021-09-01|30,GBPUSD,M15,new_york,America/New_York,2021-09-01,60,30,2021-09-01T13:30:00Z,2021-09-01T14:30:00Z,2021-09-01T14:00:00Z,1.37624,1.37506,0.00118,1.37613,1.37506,0.00107,1,0,0.00011,1.102803738317757009345794393,0.00011,0.00000,up,wick,0
IBOR|GBPUSD|M15|london|2021-09-02|60|IB60|OR30,IB_OR_RELATION,RELATION_P0,aligned_defined_pair,IB|GBPUSD|M15|london|2021-09-02|60,OR|GBPUSD|M15|london|2021-09-02|30,GBPUSD,M15,london,Europe/London,2021-09-02,60,30,2021-09-02T07:00:00Z,2021-09-02T08:00:00Z,2021-09-02T07:30:00Z,1.37750,1.37702,0.00048,1.37750,1.37720,0.00030,1,0,0.00018,1.6,0.00000,0.00018,down,wick,0
IBOR|GBPUSD|M15|new_york|2021-09-02|60|IB60|OR30,IB_OR_RELATION,RELATION_P0,aligned_defined_pair,IB|GBPUSD|M15|new_york|2021-09-02|60,OR|GBPUSD|M15|new_york|2021-09-02|30,GBPUSD,M15,new_york,America/New_York,2021-09-02,60,30,2021-09-02T13:30:00Z,2021-09-02T14:30:00Z,2021-09-02T14:00:00Z,1.37936,1.37857,0.00079,1.37936,1.37876,0.00060,1,0,0.00019,1.316666666666666666666666667,0.00000,0.00019,down,close,0
IBOR|GBPUSD|M15|london|2021-09-03|60|IB60|OR30,IB_OR_RELATION,RELATION_P0,aligned_defined_pair,IB|GBPUSD|M15|london|2021-09-03|60,OR|GBPUSD|M15|london|2021-09-03|30,GBPUSD,M15,london,Europe/London,2021-09-03,60,30,2021-09-03T07:00:00Z,2021-09-03T08:00:00Z,2021-09-03T07:30:00Z,1.38358,1.38312,0.00046,1.38358,1.38332,0.00026,1,0,0.00020,1.769230769230769230769230769,0.00000,0.00020,down,close,0
IBOR|GBPUSD|M15|new_york|2021-09-03|60|IB60|OR30,IB_OR_RELATION,RELATION_P0,aligned_defined_pair,IB|GBPUSD|M15|new_york|2021-09-03|60,OR|GBPUSD|M15|new_york|2021-09-03|30,GBPUSD,M15,new_york,America/New_York,2021-09-03,60,30,2021-09-03T13:30:00Z,2021-09-03T14:30:00Z,2021-09-03T14:00:00Z,1.38347,1.38172,0.00175,1.38275,1.38172,0.00103,1,0,0.00072,1.699029126213592233009708738,0.00072,0.00000,up,close,0
IBOR|GBPUSD|M15|london|2021-09-06|60|IB60|OR30,IB_OR_RELATION,RELATION_P0,aligned_defined_pair,IB|GBPUSD|M15|london|2021-09-06|60,OR|GBPUSD|M15|london|2021-09-06|30,GBPUSD,M15,london,Europe/London,2021-09-06,60,30,2021-09-06T07:00:00Z,2021-09-06T08:00:00Z,2021-09-06T07:30:00Z,1.38518,1.38426,0.00092,1.38518,1.38474,0.00044,1,0,0.00048,2.090909090909090909090909091,0.00000,0.00048,down,close,0
IBOR|GBPUSD|M15|new_york|2021-09-06|60|IB60|OR30,IB_OR_RELATION,RELATION_P0,aligned_defined_pair,IB|GBPUSD|M15|new_york|2021-09-06|60,OR|GBPUSD|M15|new_york|2021-09-06|30,GBPUSD,M15,new_york,America/New_York,2021-09-06,60,30,2021-09-06T13:30:00Z,2021-09-06T14:30:00Z,2021-09-06T14:00:00Z,1.38416,1.38305,0.00111,1.38387,1.38333,0.00054,1,0,0.00057,2.055555555555555555555555556,0.00029,0.00028,none,ambiguous,0
IBOR|GBPUSD|M15|london|2021-09-07|60|IB60|OR30,IB_OR_RELATION,RELATION_P0,aligned_defined_pair,IB|GBPUSD|M15|london|2021-09-07|60,OR|GBPUSD|M15|london|2021-09-07|30,GBPUSD,M15,london,Europe/London,2021-09-07,60,30,2021-09-07T07:00:00Z,2021-09-07T08:00:00Z,2021-09-07T07:30:00Z,1.38525,1.38373,0.00152,1.38478,1.38450,0.00028,1,0,0.00124,5.428571428571428571428571429,0.00047,0.00077,none,ambiguous,0
IBOR|GBPUSD|M15|new_york|2021-09-07|60|IB60|OR30,IB_OR_RELATION,RELATION_P0,aligned_defined_pair,IB|GBPUSD|M15|new_york|2021-09-07|60,OR|GBPUSD|M15|new_york|2021-09-07|30,GBPUSD,M15,new_york,America/New_York,2021-09-07,60,30,2021-09-07T13:30:00Z,2021-09-07T14:30:00Z,2021-09-07T14:00:00Z,1.37993,1.37838,0.00155,1.37993,1.37859,0.00134,1,0,0.00021,1.156716417910447761194029851,0.00000,0.00021,down,wick,0
IBOR|GBPUSD|M15|london|2021-09-08|60|IB60|OR30,IB_OR_RELATION,RELATION_P0,aligned_defined_pair,IB|GBPUSD|M15|london|2021-09-08|60,OR|GBPUSD|M15|london|2021-09-08|30,GBPUSD,M15,london,Europe/London,2021-09-08,60,30,2021-09-08T07:00:00Z,2021-09-08T08:00:00Z,2021-09-08T07:30:00Z,1.37820,1.37783,0.00037,1.37820,1.37788,0.00032,1,0,0.00005,1.15625,0.00000,0.00005,down,wick,0
IBOR|GBPUSD|M15|new_york|2021-09-08|60|IB60|OR30,IB_OR_RELATION,RELATION_P0,aligned_defined_pair,IB|GBPUSD|M15|new_york|2021-09-08|60,OR|GBPUSD|M15|new_york|2021-09-08|30,GBPUSD,M15,new_york,America/New_York,2021-09-08,60,30,2021-09-08T13:30:00Z,2021-09-08T14:30:00Z,2021-09-08T14:00:00Z,1.37777,1.37597,0.00180,1.37675,1.37597,0.00078,1,0,0.00102,2.307692307692307692307692308,0.00102,0.00000,up,close,0
IBOR|GBPUSD|M15|london|2021-09-09|60|IB60|OR30,IB_OR_RELATION,RELATION_P0,aligned_defined_pair,IB|GBPUSD|M15|london|2021-09-09|60,OR|GBPUSD|M15|london|2021-09-09|30,GBPUSD,M15,london,Europe/London,2021-09-09,60,30,2021-09-09T07:00:00Z,2021-09-09T08:00:00Z,2021-09-09T07:30:00Z,1.37648,1.37529,0.00119,1.37648,1.37587,0.00061,1,0,0.00058,1.950819672131147540983606557,0.00000,0.00058,down,close,0
IBOR|GBPUSD|M15|new_york|2021-09-09|60|IB60|OR30,IB_OR_RELATION,RELATION_P0,aligned_defined_pair,IB|GBPUSD|M15|new_york|2021-09-09|60,OR|GBPUSD|M15|new_york|2021-09-09|30,GBPUSD,M15,new_york,America/New_York,2021-09-09,60,30,2021-09-09T13:30:00Z,2021-09-09T14:30:00Z,2021-09-09T14:00:00Z,1.38164,1.38088,0.00076,1.38164,1.38094,0.00070,1,0,0.00006,1.085714285714285714285714286,0.00000,0.00006,down,wick,0
IBOR|GBPUSD|M15|london|2021-09-10|60|IB60|OR30,IB_OR_RELATION,RELATION_P0,aligned_defined_pair,IB|GBPUSD|M15|london|2021-09-10|60,OR|GBPUSD|M15|london|2021-09-10|30,GBPUSD,M15,london,Europe/London,2021-09-10,60,30,2021-09-10T07:00:00Z,2021-09-10T08:00:00Z,2021-09-10T07:30:00Z,1.38511,1.38471,0.00040,1.38511,1.38477,0.00034,1,0,0.00006,1.176470588235294117647058824,0.00000,0.00006,down,close,0
IBOR|GBPUSD|M15|new_york|2021-09-10|60|IB60|OR30,IB_OR_RELATION,RELATION_P0,aligned_defined_pair,IB|GBPUSD|M15|new_york|2021-09-10|60,OR|GBPUSD|M15|new_york|2021-09-10|30,GBPUSD,M15,new_york,America/New_York,2021-09-10,60,30,2021-09-10T13:30:00Z,2021-09-10T14:30:00Z,2021-09-10T14:00:00Z,1.38819,1.38633,0.00186,1.38738,1.38633,0.00105,1,0,0.00081,1.771428571428571428571428571,0.00081,0.00000,up,wick,0
IBOR|GBPUSD|M15|london|2021-09-13|60|IB60|OR30,IB_OR_RELATION,RELATION_P0,aligned_defined_pair,IB|GBPUSD|M15|london|2021-09-13|60,OR|GBPUSD|M15|london|2021-09-13|30,GBPUSD,M15,london,Europe/London,2021-09-13,60,30,2021-09-13T07:00:00Z,2021-09-13T08:00:00Z,2021-09-13T07:30:00Z,1.38401,1.38211,0.00190,1.38401,1.38334,0.00067,1,0,0.00123,2.835820895522388059701492537,0.00000,0.00123,down,close,0
IBOR|GBPUSD|M15|new_york|2021-09-13|60|IB60|OR30,IB_OR_RELATION,RELATION_P0,aligned_defined_pair,IB|GBPUSD|M15|new_york|2021-09-13|60,OR|GBPUSD|M15|new_york|2021-09-13|30,GBPUSD,M15,new_york,America/New_York,2021-09-13,60,30,2021-09-13T13:30:00Z,2021-09-13T14:30:00Z,2021-09-13T14:00:00Z,1.38301,1.38160,0.00141,1.38301,1.38245,0.00056,1,0,0.00085,2.517857142857142857142857143,0.00000,0.00085,down,close,0
IBOR|GBPUSD|M15|london|2021-09-14|60|IB60|OR30,IB_OR_RELATION,RELATION_P0,aligned_defined_pair,IB|GBPUSD|M15|london|2021-09-14|60,OR|GBPUSD|M15|london|2021-09-14|30,GBPUSD,M15,london,Europe/London,2021-09-14,60,30,2021-09-14T07:00:00Z,2021-09-14T08:00:00Z,2021-09-14T07:30:00Z,1.38478,1.38382,0.00096,1.38478,1.38440,0.00038,1,0,0.00058,2.526315789473684210526315789,0.00000,0.00058,down,close,0
IBOR|GBPUSD|M15|new_york|2021-09-14|60|IB60|OR30,IB_OR_RELATION,RELATION_P0,aligned_defined_pair,IB|GBPUSD|M15|new_york|2021-09-14|60,OR|GBPUSD|M15|new_york|2021-09-14|30,GBPUSD,M15,new_york,America/New_York,2021-09-14,60,30,2021-09-14T13:30:00Z,2021-09-14T14:30:00Z,2021-09-14T14:00:00Z,1.38727,1.38567,0.00160,1.38727,1.38652,0.00075,1,0,0.00085,2.133333333333333333333333333,0.00000,0.00085,down,close,0
IBOR|GBPUSD|M15|london|2021-09-15|60|IB60|OR30,IB_OR_RELATION,RELATION_P0,aligned_defined_pair,IB|GBPUSD|M15|london|2021-09-15|60,OR|GBPUSD|M15|london|2021-09-15|30,GBPUSD,M15,london,Europe/London,2021-09-15,60,30,2021-09-15T07:00:00Z,2021-09-15T08:00:00Z,2021-09-15T07:30:00Z,1.38083,1.38036,0.00047,1.38082,1.38036,0.00046,1,0,0.00001,1.021739130434782608695652174,0.00001,0.00000,up,wick,0
IBOR|GBPUSD|M15|new_york|2021-09-15|60|IB60|OR30,IB_OR_RELATION,RELATION_P0,aligned_defined_pair,IB|GBPUSD|M15|new_york|2021-09-15|60,OR|GBPUSD|M15|new_york|2021-09-15|30,GBPUSD,M15,new_york,America/New_York,2021-09-15,60,30,2021-09-15T13:30:00Z,2021-09-15T14:30:00Z,2021-09-15T14:00:00Z,1.38285,1.38143,0.00142,1.38285,1.38238,0.00047,1,0,0.00095,3.021276595744680851063829787,0.00000,0.00095,down,close,0
IBOR|GBPUSD|M15|london|2021-09-16|60|IB60|OR30,IB_OR_RELATION,RELATION_P0,aligned_defined_pair,IB|GBPUSD|M15|london|2021-09-16|60,OR|GBPUSD|M15|london|2021-09-16|30,GBPUSD,M15,london,Europe/London,2021-09-16,60,30,2021-09-16T07:00:00Z,2021-09-16T08:00:00Z,2021-09-16T07:30:00Z,1.38347,1.38314,0.00033,1.38346,1.38315,0.00031,1,0,0.00002,1.064516129032258064516129032,0.00001,0.00001,down,wick,0
IBOR|GBPUSD|M15|new_york|2021-09-16|60|IB60|OR30,IB_OR_RELATION,RELATION_P0,aligned_defined_pair,IB|GBPUSD|M15|new_york|2021-09-16|60,OR|GBPUSD|M15|new_york|2021-09-16|30,GBPUSD,M15,new_york,America/New_York,2021-09-16,60,30,2021-09-16T13:30:00Z,2021-09-16T14:30:00Z,2021-09-16T14:00:00Z,1.38301,1.38158,0.00143,1.38258,1.38158,0.00100,1,0,0.00043,1.43,0.00043,0.00000,up,wick,0
IBOR|GBPUSD|M15|london|2021-09-17|60|IB60|OR30,IB_OR_RELATION,RELATION_P0,aligned_defined_pair,IB|GBPUSD|M15|london|2021-09-17|60,OR|GBPUSD|M15|london|2021-09-17|30,GBPUSD,M15,london,Europe/London,2021-09-17,60,30,2021-09-17T07:00:00Z,2021-09-17T08:00:00Z,2021-09-17T07:30:00Z,1.38065,1.37958,0.00107,1.38022,1.37958,0.00064,1,0,0.00043,1.671875,0.00043,0.00000,up,close,0
IBOR|GBPUSD|M15|new_york|2021-09-17|60|IB60|OR30,IB_OR_RELATION,RELATION_P0,aligned_defined_pair,IB|GBPUSD|M15|new_york|2021-09-17|60,OR|GBPUSD|M15|new_york|2021-09-17|30,GBPUSD,M15,new_york,America/New_York,2021-09-17,60,30,2021-09-17T13:30:00Z,2021-09-17T14:30:00Z,2021-09-17T14:00:00Z,1.37954,1.37840,0.00114,1.37954,1.37840,0.00114,1,1,0.00000,1,0.00000,0.00000,up,close,0
IBOR|GBPUSD|M15|london|2021-09-20|60|IB60|OR30,IB_OR_RELATION,RELATION_P0,aligned_defined_pair,IB|GBPUSD|M15|london|2021-09-20|60,OR|GBPUSD|M15|london|2021-09-20|30,GBPUSD,M15,london,Europe/London,2021-09-20,60,30,2021-09-20T07:00:00Z,2021-09-20T08:00:00Z,2021-09-20T07:30:00Z,1.37098,1.37027,0.00071,1.37098,1.37054,0.00044,1,0,0.00027,1.613636363636363636363636364,0.00000,0.00027,down,close,0
IBOR|GBPUSD|M15|new_york|2021-09-20|60|IB60|OR30,IB_OR_RELATION,RELATION_P0,aligned_defined_pair,IB|GBPUSD|M15|new_york|2021-09-20|60,OR|GBPUSD|M15|new_york|2021-09-20|30,GBPUSD,M15,new_york,America/New_York,2021-09-20,60,30,2021-09-20T13:30:00Z,2021-09-20T14:30:00Z,2021-09-20T14:00:00Z,1.36981,1.36775,0.00206,1.36981,1.36895,0.00086,1,0,0.00120,2.395348837209302325581395349,0.00000,0.00120,down,close,0
IBOR|GBPUSD|M15|london|2021-09-21|60|IB60|OR30,IB_OR_RELATION,RELATION_P0,aligned_defined_pair,IB|GBPUSD|M15|london|2021-09-21|60,OR|GBPUSD|M15|london|2021-09-21|30,GBPUSD,M15,london,Europe/London,2021-09-21,60,30,2021-09-21T07:00:00Z,2021-09-21T08:00:00Z,2021-09-21T07:30:00Z,1.36742,1.36682,0.00060,1.36733,1.36692,0.00041,1,0,0.00019,1.463414634146341463414634146,0.00009,0.00010,down,wick,0
IBOR|GBPUSD|M15|new_york|2021-09-21|60|IB60|OR30,IB_OR_RELATION,RELATION_P0,aligned_defined_pair,IB|GBPUSD|M15|new_york|2021-09-21|60,OR|GBPUSD|M15|new_york|2021-09-21|30,GBPUSD,M15,new_york,America/New_York,2021-09-21,60,30,2021-09-21T13:30:00Z,2021-09-21T14:30:00Z,2021-09-21T14:00:00Z,1.36874,1.36737,0.00137,1.36874,1.36760,0.00114,1,0,0.00023,1.201754385964912280701754386,0.00000,0.00023,down,close,0
IBOR|GBPUSD|M15|london|2021-09-22|60|IB60|OR30,IB_OR_RELATION,RELATION_P0,aligned_defined_pair,IB|GBPUSD|M15|london|2021-09-22|60,OR|GBPUSD|M15|london|2021-09-22|30,GBPUSD,M15,london,Europe/London,2021-09-22,60,30,2021-09-22T07:00:00Z,2021-09-22T08:00:00Z,2021-09-22T07:30:00Z,1.36533,1.36464,0.00069,1.36495,1.36464,0.00031,1,0,0.00038,2.225806451612903225806451613,0.00038,0.00000,up,close,0
IBOR|GBPUSD|M15|new_york|2021-09-22|60|IB60|OR30,IB_OR_RELATION,RELATION_P0,aligned_defined_pair,IB|GBPUSD|M15|new_york|2021-09-22|60,OR|GBPUSD|M15|new_york|2021-09-22|30,GBPUSD,M15,new_york,America/New_York,2021-09-22,60,30,2021-09-22T13:30:00Z,2021-09-22T14:30:00Z,2021-09-22T14:00:00Z,1.36496,1.36336,0.00160,1.36496,1.36374,0.00122,1,0,0.00038,1.311475409836065573770491803,0.00000,0.00038,down,close,0
IBOR|GBPUSD|M15|london|2021-09-23|60|IB60|OR30,IB_OR_RELATION,RELATION_P0,aligned_defined_pair,IB|GBPUSD|M15|london|2021-09-23|60,OR|GBPUSD|M15|london|2021-09-23|30,GBPUSD,M15,london,Europe/London,2021-09-23,60,30,2021-09-23T07:00:00Z,2021-09-23T08:00:00Z,2021-09-23T07:30:00Z,1.36457,1.36363,0.00094,1.36426,1.36375,0.00051,1,0,0.00043,1.843137254901960784313725490,0.00031,0.00012,down,close,0
IBOR|GBPUSD|M15|new_york|2021-09-23|60|IB60|OR30,IB_OR_RELATION,RELATION_P0,aligned_defined_pair,IB|GBPUSD|M15|new_york|2021-09-23|60,OR|GBPUSD|M15|new_york|2021-09-23|30,GBPUSD,M15,new_york,America/New_York,2021-09-23,60,30,2021-09-23T13:30:00Z,2021-09-23T14:30:00Z,2021-09-23T14:00:00Z,1.37078,1.36656,0.00422,1.36850,1.36656,0.00194,1,0,0.00228,2.175257731958762886597938144,0.00228,0.00000,up,close,0
IBOR|GBPUSD|M15|london|2021-09-24|60|IB60|OR30,IB_OR_RELATION,RELATION_P0,aligned_defined_pair,IB|GBPUSD|M15|london|2021-09-24|60,OR|GBPUSD|M15|london|2021-09-24|30,GBPUSD,M15,london,Europe/London,2021-09-24,60,30,2021-09-24T07:00:00Z,2021-09-24T08:00:00Z,2021-09-24T07:30:00Z,1.37267,1.37202,0.00065,1.37267,1.37223,0.00044,1,0,0.00021,1.477272727272727272727272727,0.00000,0.00021,down,wick,0
IBOR|GBPUSD|M15|new_york|2021-09-24|60|IB60|OR30,IB_OR_RELATION,RELATION_P0,aligned_defined_pair,IB|GBPUSD|M15|new_york|2021-09-24|60,OR|GBPUSD|M15|new_york|2021-09-24|30,GBPUSD,M15,new_york,America/New_York,2021-09-24,60,30,2021-09-24T13:30:00Z,2021-09-24T14:30:00Z,2021-09-24T14:00:00Z,1.37089,1.36789,0.00300,1.37089,1.36936,0.00153,1,0,0.00147,1.960784313725490196078431373,0.00000,0.00147,down,close,0
IBOR|GBPUSD|M15|london|2021-09-27|60|IB60|OR30,IB_OR_RELATION,RELATION_P0,aligned_defined_pair,IB|GBPUSD|M15|london|2021-09-27|60,OR|GBPUSD|M15|london|2021-09-27|30,GBPUSD,M15,london,Europe/London,2021-09-27,60,30,2021-09-27T07:00:00Z,2021-09-27T08:00:00Z,2021-09-27T07:30:00Z,1.36775,1.36724,0.00051,1.36775,1.36724,0.00051,1,1,0.00000,1,0.00000,0.00000,up,close,0
IBOR|GBPUSD|M15|new_york|2021-09-27|60|IB60|OR30,IB_OR_RELATION,RELATION_P0,aligned_defined_pair,IB|GBPUSD|M15|new_york|2021-09-27|60,OR|GBPUSD|M15|new_york|2021-09-27|30,GBPUSD,M15,new_york,America/New_York,2021-09-27,60,30,2021-09-27T13:30:00Z,2021-09-27T14:30:00Z,2021-09-27T14:00:00Z,1.37130,1.36941,0.00189,1.37058,1.36941,0.00117,1,0,0.00072,1.615384615384615384615384615,0.00072,0.00000,up,close,0
IBOR|GBPUSD|M15|london|2021-09-28|60|IB60|OR30,IB_OR_RELATION,RELATION_P0,aligned_defined_pair,IB|GBPUSD|M15|london|2021-09-28|60,OR|GBPUSD|M15|london|2021-09-28|30,GBPUSD,M15,london,Europe/London,2021-09-28,60,30,2021-09-28T07:00:00Z,2021-09-28T08:00:00Z,2021-09-28T07:30:00Z,1.37137,1.37023,0.00114,1.37070,1.37023,0.00047,1,0,0.00067,2.425531914893617021276595745,0.00067,0.00000,up,close,0
IBOR|GBPUSD|M15|new_york|2021-09-28|60|IB60|OR30,IB_OR_RELATION,RELATION_P0,aligned_defined_pair,IB|GBPUSD|M15|new_york|2021-09-28|60,OR|GBPUSD|M15|new_york|2021-09-28|30,GBPUSD,M15,new_york,America/New_York,2021-09-28,60,30,2021-09-28T13:30:00Z,2021-09-28T14:30:00Z,2021-09-28T14:00:00Z,1.36261,1.35932,0.00329,1.36261,1.35945,0.00316,1,0,0.00013,1.041139240506329113924050633,0.00000,0.00013,down,wick,0
IBOR|GBPUSD|M15|london|2021-09-29|60|IB60|OR30,IB_OR_RELATION,RELATION_P0,aligned_defined_pair,IB|GBPUSD|M15|london|2021-09-29|60,OR|GBPUSD|M15|london|2021-09-29|30,GBPUSD,M15,london,Europe/London,2021-09-29,60,30,2021-09-29T07:00:00Z,2021-09-29T08:00:00Z,2021-09-29T07:30:00Z,1.35486,1.35423,0.00063,1.35473,1.35423,0.00050,1,0,0.00013,1.26,0.00013,0.00000,up,wick,0
IBOR|GBPUSD|M15|new_york|2021-09-29|60|IB60|OR30,IB_OR_RELATION,RELATION_P0,aligned_defined_pair,IB|GBPUSD|M15|new_york|2021-09-29|60,OR|GBPUSD|M15|new_york|2021-09-29|30,GBPUSD,M15,new_york,America/New_York,2021-09-29,60,30,2021-09-29T13:30:00Z,2021-09-29T14:30:00Z,2021-09-29T14:00:00Z,1.35245,1.34728,0.00517,1.35245,1.35027,0.00218,1,0,0.00299,2.371559633027522935779816514,0.00000,0.00299,down,close,0
IBOR|GBPUSD|M15|london|2021-09-30|60|IB60|OR30,IB_OR_RELATION,RELATION_P0,aligned_defined_pair,IB|GBPUSD|M15|london|2021-09-30|60,OR|GBPUSD|M15|london|2021-09-30|30,GBPUSD,M15,london,Europe/London,2021-09-30,60,30,2021-09-30T07:00:00Z,2021-09-30T08:00:00Z,2021-09-30T07:30:00Z,1.34589,1.34463,0.00126,1.34589,1.34502,0.00087,1,0,0.00039,1.448275862068965517241379310,0.00000,0.00039,down,close,0
IBOR|GBPUSD|M15|new_york|2021-09-30|60|IB60|OR30,IB_OR_RELATION,RELATION_P0,aligned_defined_pair,IB|GBPUSD|M15|new_york|2021-09-30|60,OR|GBPUSD|M15|new_york|2021-09-30|30,GBPUSD,M15,new_york,America/New_York,2021-09-30,60,30,2021-09-30T13:30:00Z,2021-09-30T14:30:00Z,2021-09-30T14:00:00Z,1.34490,1.34316,0.00174,1.34490,1.34316,0.00174,1,1,0.00000,1,0.00000,0.00000,up,wick,0
IBOR|GBPUSD|M15|london|2021-10-01|60|IB60|OR30,IB_OR_RELATION,RELATION_P0,aligned_defined_pair,IB|GBPUSD|M15|london|2021-10-01|60,OR|GBPUSD|M15|london|2021-10-01|30,GBPUSD,M15,london,Europe/London,2021-10-01,60,30,2021-10-01T07:00:00Z,2021-10-01T08:00:00Z,2021-10-01T07:30:00Z,1.34597,1.34503,0.00094,1.34586,1.34536,0.00050,1,0,0.00044,1.88,0.00011,0.00033,down,wick,0
IBOR|GBPUSD|M15|new_york|2021-10-01|60|IB60|OR30,IB_OR_RELATION,RELATION_P0,aligned_defined_pair,IB|GBPUSD|M15|new_york|2021-10-01|60,OR|GBPUSD|M15|new_york|2021-10-01|30,GBPUSD,M15,new_york,America/New_York,2021-10-01,60,30,2021-10-01T13:30:00Z,2021-10-01T14:30:00Z,2021-10-01T14:00:00Z,1.35381,1.35094,0.00287,1.35248,1.35097,0.00151,1,0,0.00136,1.900662251655629139072847682,0.00133,0.00003,none,ambiguous,0
IBOR|GBPUSD|M15|london|2021-10-04|60|IB60|OR30,IB_OR_RELATION,RELATION_P0,aligned_defined_pair,IB|GBPUSD|M15|london|2021-10-04|60,OR|GBPUSD|M15|london|2021-10-04|30,GBPUSD,M15,london,Europe/London,2021-10-04,60,30,2021-10-04T07:00:00Z,2021-10-04T08:00:00Z,2021-10-04T07:30:00Z,1.35480,1.35332,0.00148,1.35428,1.35332,0.00096,1,0,0.00052,1.541666666666666666666666667,0.00052,0.00000,up,close,0
IBOR|GBPUSD|M15|new_york|2021-10-04|60|IB60|OR30,IB_OR_RELATION,RELATION_P0,aligned_defined_pair,IB|GBPUSD|M15|new_york|2021-10-04|60,OR|GBPUSD|M15|new_york|2021-10-04|30,GBPUSD,M15,new_york,America/New_York,2021-10-04,60,30,2021-10-04T13:30:00Z,2021-10-04T14:30:00Z,2021-10-04T14:00:00Z,1.35980,1.35737,0.00243,1.35915,1.35737,0.00178,1,0,0.00065,1.365168539325842696629213483,0.00065,0.00000,up,close,0
IBOR|GBPUSD|M15|london|2021-10-05|60|IB60|OR30,IB_OR_RELATION,RELATION_P0,aligned_defined_pair,IB|GBPUSD|M15|london|2021-10-05|60,OR|GBPUSD|M15|london|2021-10-05|30,GBPUSD,M15,london,Europe/London,2021-10-05,60,30,2021-10-05T07:00:00Z,2021-10-05T08:00:00Z,2021-10-05T07:30:00Z,1.35949,1.35857,0.00092,1.35949,1.35897,0.00052,1,0,0.00040,1.769230769230769230769230769,0.00000,0.00040,down,close,0
IBOR|GBPUSD|M15|new_york|2021-10-05|60|IB60|OR30,IB_OR_RELATION,RELATION_P0,aligned_defined_pair,IB|GBPUSD|M15|new_york|2021-10-05|60,OR|GBPUSD|M15|new_york|2021-10-05|30,GBPUSD,M15,new_york,America/New_York,2021-10-05,60,30,2021-10-05T13:30:00Z,2021-10-05T14:30:00Z,2021-10-05T14:00:00Z,1.36420,1.36180,0.00240,1.36283,1.36180,0.00103,1,0,0.00137,2.330097087378640776699029126,0.00137,0.00000,up,close,0
IBOR|GBPUSD|M15|london|2021-10-06|60|IB60|OR30,IB_OR_RELATION,RELATION_P0,aligned_defined_pair,IB|GBPUSD|M15|london|2021-10-06|60,OR|GBPUSD|M15|london|2021-10-06|30,GBPUSD,M15,london,Europe/London,2021-10-06,60,30,2021-10-06T07:00:00Z,2021-10-06T08:00:00Z,2021-10-06T07:30:00Z,1.36138,1.35987,0.00151,1.36138,1.36026,0.00112,1,0,0.00039,1.348214285714285714285714286,0.00000,0.00039,down,close,0
IBOR|GBPUSD|M15|new_york|2021-10-06|60|IB60|OR30,IB_OR_RELATION,RELATION_P0,aligned_defined_pair,IB|GBPUSD|M15|new_york|2021-10-06|60,OR|GBPUSD|M15|new_york|2021-10-06|30,GBPUSD,M15,new_york,America/New_York,2021-10-06,60,30,2021-10-06T13:30:00Z,2021-10-06T14:30:00Z,2021-10-06T14:00:00Z,1.35778,1.35594,0.00184,1.35732,1.35594,0.00138,1,0,0.00046,1.333333333333333333333333333,0.00046,0.00000,up,close,0
IBOR|GBPUSD|M15|london|2021-10-07|60|IB60|OR30,IB_OR_RELATION,RELATION_P0,aligned_defined_pair,IB|GBPUSD|M15|london|2021-10-07|60,OR|GBPUSD|M15|london|2021-10-07|30,GBPUSD,M15,london,Europe/London,2021-10-07,60,30,2021-10-07T07:00:00Z,2021-10-07T08:00:00Z,2021-10-07T07:30:00Z,1.35872,1.35808,0.00064,1.35866,1.35826,0.00040,1,0,0.00024,1.6,0.00006,0.00018,up,wick,0
IBOR|GBPUSD|M15|new_york|2021-10-07|60|IB60|OR30,IB_OR_RELATION,RELATION_P0,aligned_defined_pair,IB|GBPUSD|M15|new_york|2021-10-07|60,OR|GBPUSD|M15|new_york|2021-10-07|30,GBPUSD,M15,new_york,America/New_York,2021-10-07,60,30,2021-10-07T13:30:00Z,2021-10-07T14:30:00Z,2021-10-07T14:00:00Z,1.36166,1.35846,0.00320,1.35944,1.35846,0.00098,1,0,0.00222,3.265306122448979591836734694,0.00222,0.00000,up,close,0
IBOR|GBPUSD|M15|london|2021-10-08|60|IB60|OR30,IB_OR_RELATION,RELATION_P0,aligned_defined_pair,IB|GBPUSD|M15|london|2021-10-08|60,OR|GBPUSD|M15|london|2021-10-08|30,GBPUSD,M15,london,Europe/London,2021-10-08,60,30,2021-10-08T07:00:00Z,2021-10-08T08:00:00Z,2021-10-08T07:30:00Z,1.36123,1.36013,0.00110,1.36123,1.36082,0.00041,1,0,0.00069,2.682926829268292682926829268,0.00000,0.00069,down,wick,0
IBOR|GBPUSD|M15|new_york|2021-10-08|60|IB60|OR30,IB_OR_RELATION,RELATION_P0,aligned_defined_pair,IB|GBPUSD|M15|new_york|2021-10-08|60,OR|GBPUSD|M15|new_york|2021-10-08|30,GBPUSD,M15,new_york,America/New_York,2021-10-08,60,30,2021-10-08T13:30:00Z,2021-10-08T14:30:00Z,2021-10-08T14:00:00Z,1.36326,1.36235,0.00091,1.36326,1.36256,0.00070,1,0,0.00021,1.3,0.00000,0.00021,down,wick,0
IBOR|GBPUSD|M15|london|2021-10-11|60|IB60|OR30,IB_OR_RELATION,RELATION_P0,aligned_defined_pair,IB|GBPUSD|M15|london|2021-10-11|60,OR|GBPUSD|M15|london|2021-10-11|30,GBPUSD,M15,london,Europe/London,2021-10-11,60,30,2021-10-11T07:00:00Z,2021-10-11T08:00:00Z,2021-10-11T07:30:00Z,1.36404,1.36335,0.00069,1.36362,1.36335,0.00027,1,0,0.00042,2.555555555555555555555555556,0.00042,0.00000,up,wick,0
IBOR|GBPUSD|M15|new_york|2021-10-11|60|IB60|OR30,IB_OR_RELATION,RELATION_P0,aligned_defined_pair,IB|GBPUSD|M15|new_york|2021-10-11|60,OR|GBPUSD|M15|new_york|2021-10-11|30,GBPUSD,M15,new_york,America/New_York,2021-10-11,60,30,2021-10-11T13:30:00Z,2021-10-11T14:30:00Z,2021-10-11T14:00:00Z,1.36344,1.36188,0.00156,1.36324,1.36188,0.00136,1,0,0.00020,1.147058823529411764705882353,0.00020,0.00000,up,wick,0
IBOR|GBPUSD|M15|london|2021-10-12|60|IB60|OR30,IB_OR_RELATION,RELATION_P0,aligned_defined_pair,IB|GBPUSD|M15|london|2021-10-12|60,OR|GBPUSD|M15|london|2021-10-12|30,GBPUSD,M15,london,Europe/London,2021-10-12,60,30,2021-10-12T07:00:00Z,2021-10-12T08:00:00Z,2021-10-12T07:30:00Z,1.35987,1.35945,0.00042,1.35987,1.35951,0.00036,1,0,0.00006,1.166666666666666666666666667,0.00000,0.00006,down,wick,0
IBOR|GBPUSD|M15|new_york|2021-10-12|60|IB60|OR30,IB_OR_RELATION,RELATION_P0,aligned_defined_pair,IB|GBPUSD|M15|new_york|2021-10-12|60,OR|GBPUSD|M15|new_york|2021-10-12|30,GBPUSD,M15,new_york,America/New_York,2021-10-12,60,30,2021-10-12T13:30:00Z,2021-10-12T14:30:00Z,2021-10-12T14:00:00Z,1.36202,1.36006,0.00196,1.36192,1.36006,0.00186,1,0,0.00010,1.053763440860215053763440860,0.00010,0.00000,up,wick,0
IBOR|GBPUSD|M15|london|2021-10-13|60|IB60|OR30,IB_OR_RELATION,RELATION_P0,aligned_defined_pair,IB|GBPUSD|M15|london|2021-10-13|60,OR|GBPUSD|M15|london|2021-10-13|30,GBPUSD,M15,london,Europe/London,2021-10-13,60,30,2021-10-13T07:00:00Z,2021-10-13T08:00:00Z,2021-10-13T07:30:00Z,1.36175,1.36130,0.00045,1.36167,1.36130,0.00037,1,0,0.00008,1.216216216216216216216216216,0.00008,0.00000,up,close,0
IBOR|GBPUSD|M15|new_york|2021-10-13|60|IB60|OR30,IB_OR_RELATION,RELATION_P0,aligned_defined_pair,IB|GBPUSD|M15|new_york|2021-10-13|60,OR|GBPUSD|M15|new_york|2021-10-13|30,GBPUSD,M15,new_york,America/New_York,2021-10-13,60,30,2021-10-13T13:30:00Z,2021-10-13T14:30:00Z,2021-10-13T14:00:00Z,1.36374,1.36163,0.00211,1.36374,1.36213,0.00161,1,0,0.00050,1.310559006211180124223602484,0.00000,0.00050,down,close,0
IBOR|GBPUSD|M15|london|2021-10-14|60|IB60|OR30,IB_OR_RELATION,RELATION_P0,aligned_defined_pair,IB|GBPUSD|M15|london|2021-10-14|60,OR|GBPUSD|M15|london|2021-10-14|30,GBPUSD,M15,london,Europe/London,2021-10-14,60,30,2021-10-14T07:00:00Z,2021-10-14T08:00:00Z,2021-10-14T07:30:00Z,1.36704,1.36630,0.00074,1.36704,1.36654,0.00050,1,0,0.00024,1.48,0.00000,0.00024,down,close,0
IBOR|GBPUSD|M15|new_york|2021-10-14|60|IB60|OR30,IB_OR_RELATION,RELATION_P0,aligned_defined_pair,IB|GBPUSD|M15|new_york|2021-10-14|60,OR|GBPUSD|M15|new_york|2021-10-14|30,GBPUSD,M15,new_york,America/New_York,2021-10-14,60,30,2021-10-14T13:30:00Z,2021-10-14T14:30:00Z,2021-10-14T14:00:00Z,1.37250,1.37064,0.00186,1.37209,1.37076,0.00133,1,0,0.00053,1.398496240601503759398496241,0.00041,0.00012,none,ambiguous,0
IBOR|GBPUSD|M15|london|2021-10-15|60|IB60|OR30,IB_OR_RELATION,RELATION_P0,aligned_defined_pair,IB|GBPUSD|M15|london|2021-10-15|60,OR|GBPUSD|M15|london|2021-10-15|30,GBPUSD,M15,london,Europe/London,2021-10-15,60,30,2021-10-15T07:00:00Z,2021-10-15T08:00:00Z,2021-10-15T07:30:00Z,1.36885,1.36839,0.00046,1.36875,1.36839,0.00036,1,0,0.00010,1.277777777777777777777777778,0.00010,0.00000,up,wick,0
IBOR|GBPUSD|M15|new_york|2021-10-15|60|IB60|OR30,IB_OR_RELATION,RELATION_P0,aligned_defined_pair,IB|GBPUSD|M15|new_york|2021-10-15|60,OR|GBPUSD|M15|new_york|2021-10-15|30,GBPUSD,M15,new_york,America/New_York,2021-10-15,60,30,2021-10-15T13:30:00Z,2021-10-15T14:30:00Z,2021-10-15T14:00:00Z,1.37576,1.37321,0.00255,1.37449,1.37321,0.00128,1,0,0.00127,1.9921875,0.00127,0.00000,up,close,0
IBOR|GBPUSD|M15|london|2021-10-18|60|IB60|OR30,IB_OR_RELATION,RELATION_P0,aligned_defined_pair,IB|GBPUSD|M15|london|2021-10-18|60,OR|GBPUSD|M15|london|2021-10-18|30,GBPUSD,M15,london,Europe/London,2021-10-18,60,30,2021-10-18T07:00:00Z,2021-10-18T08:00:00Z,2021-10-18T07:30:00Z,1.37339,1.37290,0.00049,1.37334,1.37290,0.00044,1,0,0.00005,1.113636363636363636363636364,0.00005,0.00000,up,wick,0
IBOR|GBPUSD|M15|new_york|2021-10-18|60|IB60|OR30,IB_OR_RELATION,RELATION_P0,aligned_defined_pair,IB|GBPUSD|M15|new_york|2021-10-18|60,OR|GBPUSD|M15|new_york|2021-10-18|30,GBPUSD,M15,new_york,America/New_York,2021-10-18,60,30,2021-10-18T13:30:00Z,2021-10-18T14:30:00Z,2021-10-18T14:00:00Z,1.37358,1.37223,0.00135,1.37357,1.37252,0.00105,1,0,0.00030,1.285714285714285714285714286,0.00001,0.00029,down,close,0
IBOR|GBPUSD|M15|london|2021-10-19|60|IB60|OR30,IB_OR_RELATION,RELATION_P0,aligned_defined_pair,IB|GBPUSD|M15|london|2021-10-19|60,OR|GBPUSD|M15|london|2021-10-19|30,GBPUSD,M15,london,Europe/London,2021-10-19,60,30,2021-10-19T07:00:00Z,2021-10-19T08:00:00Z,2021-10-19T07:30:00Z,1.37740,1.37646,0.00094,1.37737,1.37646,0.00091,1,0,0.00003,1.032967032967032967032967033,0.00003,0.00000,up,wick,0
IBOR|GBPUSD|M15|new_york|2021-10-19|60|IB60|OR30,IB_OR_RELATION,RELATION_P0,aligned_defined_pair,IB|GBPUSD|M15|new_york|2021-10-19|60,OR|GBPUSD|M15|new_york|2021-10-19|30,GBPUSD,M15,new_york,America/New_York,2021-10-19,60,30,2021-10-19T13:30:00Z,2021-10-19T14:30:00Z,2021-10-19T14:00:00Z,1.38329,1.38176,0.00153,1.38311,1.38196,0.00115,1,0,0.00038,1.330434782608695652173913043,0.00018,0.00020,down,wick,0
IBOR|GBPUSD|M15|london|2021-10-20|60|IB60|OR30,IB_OR_RELATION,RELATION_P0,aligned_defined_pair,IB|GBPUSD|M15|london|2021-10-20|60,OR|GBPUSD|M15|london|2021-10-20|30,GBPUSD,M15,london,Europe/London,2021-10-20,60,30,2021-10-20T07:00:00Z,2021-10-20T08:00:00Z,2021-10-20T07:30:00Z,1.38124,1.38058,0.00066,1.38105,1.38058,0.00047,1,0,0.00019,1.404255319148936170212765957,0.00019,0.00000,up,wick,0
IBOR|GBPUSD|M15|new_york|2021-10-20|60|IB60|OR30,IB_OR_RELATION,RELATION_P0,aligned_defined_pair,IB|GBPUSD|M15|new_york|2021-10-20|60,OR|GBPUSD|M15|new_york|2021-10-20|30,GBPUSD,M15,new_york,America/New_York,2021-10-20,60,30,2021-10-20T13:30:00Z,2021-10-20T14:30:00Z,2021-10-20T14:00:00Z,1.37650,1.37506,0.00144,1.37649,1.37573,0.00076,1,0,0.00068,1.894736842105263157894736842,0.00001,0.00067,none,ambiguous,0
IBOR|GBPUSD|M15|london|2021-10-21|60|IB60|OR30,IB_OR_RELATION,RELATION_P0,aligned_defined_pair,IB|GBPUSD|M15|london|2021-10-21|60,OR|GBPUSD|M15|london|2021-10-21|30,GBPUSD,M15,london,Europe/London,2021-10-21,60,30,2021-10-21T07:00:00Z,2021-10-21T08:00:00Z,2021-10-21T07:30:00Z,1.38319,1.38128,0.00191,1.38319,1.38159,0.00160,1,0,0.00031,1.19375,0.00000,0.00031,down,wick,0
IBOR|GBPUSD|M15|new_york|2021-10-21|60|IB60|OR30,IB_OR_RELATION,RELATION_P0,aligned_defined_pair,IB|GBPUSD|M15|new_york|2021-10-21|60,OR|GBPUSD|M15|new_york|2021-10-21|30,GBPUSD,M15,new_york,America/New_York,2021-10-21,60,30,2021-10-21T13:30:00Z,2021-10-21T14:30:00Z,2021-10-21T14:00:00Z,1.38147,1.37884,0.00263,1.38044,1.37884,0.00160,1,0,0.00103,1.64375,0.00103,0.00000,up,close,0
IBOR|GBPUSD|M15|london|2021-10-22|60|IB60|OR30,IB_OR_RELATION,RELATION_P0,aligned_defined_pair,IB|GBPUSD|M15|london|2021-10-22|60,OR|GBPUSD|M15|london|2021-10-22|30,GBPUSD,M15,london,Europe/London,2021-10-22,60,30,2021-10-22T07:00:00Z,2021-10-22T08:00:00Z,2021-10-22T07:30:00Z,1.37988,1.37928,0.00060,1.37988,1.37942,0.00046,1,0,0.00014,1.304347826086956521739130435,0.00000,0.00014,down,wick,0
IBOR|GBPUSD|M15|new_york|2021-10-22|60|IB60|OR30,IB_OR_RELATION,RELATION_P0,aligned_defined_pair,IB|GBPUSD|M15|new_york|2021-10-22|60,OR|GBPUSD|M15|new_york|2021-10-22|30,GBPUSD,M15,new_york,America/New_York,2021-10-22,60,30,2021-10-22T13:30:00Z,2021-10-22T14:30:00Z,2021-10-22T14:00:00Z,1.38025,1.37808,0.00217,1.38025,1.37808,0.00217,1,1,0.00000,1,0.00000,0.00000,down,wick,0
IBOR|GBPUSD|M15|london|2021-10-25|60|IB60|OR30,IB_OR_RELATION,RELATION_P0,aligned_defined_pair,IB|GBPUSD|M15|london|2021-10-25|60,OR|GBPUSD|M15|london|2021-10-25|30,GBPUSD,M15,london,Europe/London,2021-10-25,60,30,2021-10-25T07:00:00Z,2021-10-25T08:00:00Z,2021-10-25T07:30:00Z,1.37841,1.37796,0.00045,1.37841,1.37799,0.00042,1,0,0.00003,1.071428571428571428571428571,0.00000,0.00003,down,wick,0
IBOR|GBPUSD|M15|new_york|2021-10-25|60|IB60|OR30,IB_OR_RELATION,RELATION_P0,aligned_defined_pair,IB|GBPUSD|M15|new_york|2021-10-25|60,OR|GBPUSD|M15|new_york|2021-10-25|30,GBPUSD,M15,new_york,America/New_York,2021-10-25,60,30,2021-10-25T13:30:00Z,2021-10-25T14:30:00Z,2021-10-25T14:00:00Z,1.37748,1.37562,0.00186,1.37733,1.37562,0.00171,1,0,0.00015,1.087719298245614035087719298,0.00015,0.00000,up,wick,0
IBOR|GBPUSD|M15|london|2021-10-26|60|IB60|OR30,IB_OR_RELATION,RELATION_P0,aligned_defined_pair,IB|GBPUSD|M15|london|2021-10-26|60,OR|GBPUSD|M15|london|2021-10-26|30,GBPUSD,M15,london,Europe/London,2021-10-26,60,30,2021-10-26T07:00:00Z,2021-10-26T08:00:00Z,2021-10-26T07:30:00Z,1.37649,1.37573,0.00076,1.37649,1.37586,0.00063,1,0,0.00013,1.206349206349206349206349206,0.00000,0.00013,down,wick,0
IBOR|GBPUSD|M15|new_york|2021-10-26|60|IB60|OR30,IB_OR_RELATION,RELATION_P0,aligned_defined_pair,IB|GBPUSD|M15|new_york|2021-10-26|60,OR|GBPUSD|M15|new_york|2021-10-26|30,GBPUSD,M15,new_york,America/New_York,2021-10-26,60,30,2021-10-26T13:30:00Z,2021-10-26T14:30:00Z,2021-10-26T14:00:00Z,1.38287,1.38151,0.00136,1.38283,1.38151,0.00132,1,0,0.00004,1.030303030303030303030303030,0.00004,0.00000,up,wick,0
IBOR|GBPUSD|M15|london|2021-10-27|60|IB60|OR30,IB_OR_RELATION,RELATION_P0,aligned_defined_pair,IB|GBPUSD|M15|london|2021-10-27|60,OR|GBPUSD|M15|london|2021-10-27|30,GBPUSD,M15,london,Europe/London,2021-10-27,60,30,2021-10-27T07:00:00Z,2021-10-27T08:00:00Z,2021-10-27T07:30:00Z,1.37739,1.37666,0.00073,1.37729,1.37666,0.00063,1,0,0.00010,1.158730158730158730158730159,0.00010,0.00000,up,close,0
IBOR|GBPUSD|M15|new_york|2021-10-27|60|IB60|OR30,IB_OR_RELATION,RELATION_P0,aligned_defined_pair,IB|GBPUSD|M15|new_york|2021-10-27|60,OR|GBPUSD|M15|new_york|2021-10-27|30,GBPUSD,M15,new_york,America/New_York,2021-10-27,60,30,2021-10-27T13:30:00Z,2021-10-27T14:30:00Z,2021-10-27T14:00:00Z,1.37300,1.37097,0.00203,1.37300,1.37118,0.00182,1,0,0.00021,1.115384615384615384615384615,0.00000,0.00021,down,wick,0
IBOR|GBPUSD|M15|london|2021-10-28|60|IB60|OR30,IB_OR_RELATION,RELATION_P0,aligned_defined_pair,IB|GBPUSD|M15|london|2021-10-28|60,OR|GBPUSD|M15|london|2021-10-28|30,GBPUSD,M15,london,Europe/London,2021-10-28,60,30,2021-10-28T07:00:00Z,2021-10-28T08:00:00Z,2021-10-28T07:30:00Z,1.37470,1.37373,0.00097,1.37470,1.37403,0.00067,1,0,0.00030,1.447761194029850746268656716,0.00000,0.00030,down,wick,0
IBOR|GBPUSD|M15|new_york|2021-10-28|60|IB60|OR30,IB_OR_RELATION,RELATION_P0,aligned_defined_pair,IB|GBPUSD|M15|new_york|2021-10-28|60,OR|GBPUSD|M15|new_york|2021-10-28|30,GBPUSD,M15,new_york,America/New_York,2021-10-28,60,30,2021-10-28T13:30:00Z,2021-10-28T14:30:00Z,2021-10-28T14:00:00Z,1.37633,1.37463,0.00170,1.37605,1.37499,0.00106,1,0,0.00064,1.603773584905660377358490566,0.00028,0.00036,up,wick,0
IBOR|GBPUSD|M15|london|2021-10-29|60|IB60|OR30,IB_OR_RELATION,RELATION_P0,aligned_defined_pair,IB|GBPUSD|M15|london|2021-10-29|60,OR|GBPUSD|M15|london|2021-10-29|30,GBPUSD,M15,london,Europe/London,2021-10-29,60,30,2021-10-29T07:00:00Z,2021-10-29T08:00:00Z,2021-10-29T07:30:00Z,1.37984,1.37869,0.00115,1.37984,1.37931,0.00053,1,0,0.00062,2.169811320754716981132075472,0.00000,0.00062,down,close,0
IBOR|GBPUSD|M15|new_york|2021-10-29|60|IB60|OR30,IB_OR_RELATION,RELATION_P0,aligned_defined_pair,IB|GBPUSD|M15|new_york|2021-10-29|60,OR|GBPUSD|M15|new_york|2021-10-29|30,GBPUSD,M15,new_york,America/New_York,2021-10-29,60,30,2021-10-29T13:30:00Z,2021-10-29T14:30:00Z,2021-10-29T14:00:00Z,1.37999,1.37773,0.00226,1.37999,1.37824,0.00175,1,0,0.00051,1.291428571428571428571428571,0.00000,0.00051,down,wick,0
IBOR|GBPUSD|M15|london|2021-11-01|60|IB60|OR30,IB_OR_RELATION,RELATION_P0,aligned_defined_pair,IB|GBPUSD|M15|london|2021-11-01|60,OR|GBPUSD|M15|london|2021-11-01|30,GBPUSD,M15,london,Europe/London,2021-11-01,60,30,2021-11-01T08:00:00Z,2021-11-01T09:00:00Z,2021-11-01T08:30:00Z,1.36871,1.36734,0.00137,1.36851,1.36734,0.00117,1,0,0.00020,1.170940170940170940170940171,0.00020,0.00000,up,close,0
IBOR|GBPUSD|M15|new_york|2021-11-01|60|IB60|OR30,IB_OR_RELATION,RELATION_P0,aligned_defined_pair,IB|GBPUSD|M15|new_york|2021-11-01|60,OR|GBPUSD|M15|new_york|2021-11-01|30,GBPUSD,M15,new_york,America/New_York,2021-11-01,60,30,2021-11-01T13:30:00Z,2021-11-01T14:30:00Z,2021-11-01T14:00:00Z,1.36579,1.36412,0.00167,1.36579,1.36412,0.00167,1,1,0.00000,1,0.00000,0.00000,up,close,0
IBOR|GBPUSD|M15|london|2021-11-02|60|IB60|OR30,IB_OR_RELATION,RELATION_P0,aligned_defined_pair,IB|GBPUSD|M15|london|2021-11-02|60,OR|GBPUSD|M15|london|2021-11-02|30,GBPUSD,M15,london,Europe/London,2021-11-02,60,30,2021-11-02T08:00:00Z,2021-11-02T09:00:00Z,2021-11-02T08:30:00Z,1.36601,1.36497,0.00104,1.36601,1.36528,0.00073,1,0,0.00031,1.424657534246575342465753425,0.00000,0.00031,down,wick,0
IBOR|GBPUSD|M15|new_york|2021-11-02|60|IB60|OR30,IB_OR_RELATION,RELATION_P0,aligned_defined_pair,IB|GBPUSD|M15|new_york|2021-11-02|60,OR|GBPUSD|M15|new_york|2021-11-02|30,GBPUSD,M15,new_york,America/New_York,2021-11-02,60,30,2021-11-02T13:30:00Z,2021-11-02T14:30:00Z,2021-11-02T14:00:00Z,1.36407,1.36248,0.00159,1.36374,1.36260,0.00114,1,0,0.00045,1.394736842105263157894736842,0.00033,0.00012,up,close,0
IBOR|GBPUSD|M15|london|2021-11-03|60|IB60|OR30,IB_OR_RELATION,RELATION_P0,aligned_defined_pair,IB|GBPUSD|M15|london|2021-11-03|60,OR|GBPUSD|M15|london|2021-11-03|30,GBPUSD,M15,london,Europe/London,2021-11-03,60,30,2021-11-03T08:00:00Z,2021-11-03T09:00:00Z,2021-11-03T08:30:00Z,1.36314,1.36263,0.00051,1.36312,1.36274,0.00038,1,0,0.00013,1.342105263157894736842105263,0.00002,0.00011,none,ambiguous,0
IBOR|GBPUSD|M15|new_york|2021-11-03|60|IB60|OR30,IB_OR_RELATION,RELATION_P0,aligned_defined_pair,IB|GBPUSD|M15|new_york|2021-11-03|60,OR|GBPUSD|M15|new_york|2021-11-03|30,GBPUSD,M15,new_york,America/New_York,2021-11-03,60,30,2021-11-03T13:30:00Z,2021-11-03T14:30:00Z,2021-11-03T14:00:00Z,1.36275,1.36187,0.00088,1.36258,1.36187,0.00071,1,0,0.00017,1.239436619718309859154929577,0.00017,0.00000,up,wick,0
IBOR|GBPUSD|M15|london|2021-11-04|60|IB60|OR30,IB_OR_RELATION,RELATION_P0,aligned_defined_pair,IB|GBPUSD|M15|london|2021-11-04|60,OR|GBPUSD|M15|london|2021-11-04|30,GBPUSD,M15,london,Europe/London,2021-11-04,60,30,2021-11-04T08:00:00Z,2021-11-04T09:00:00Z,2021-11-04T08:30:00Z,1.36580,1.36511,0.00069,1.36580,1.36533,0.00047,1,0,0.00022,1.468085106382978723404255319,0.00000,0.00022,down,close,0
IBOR|GBPUSD|M15|new_york|2021-11-04|60|IB60|OR30,IB_OR_RELATION,RELATION_P0,aligned_defined_pair,IB|GBPUSD|M15|new_york|2021-11-04|60,OR|GBPUSD|M15|new_york|2021-11-04|30,GBPUSD,M15,new_york,America/New_York,2021-11-04,60,30,2021-11-04T13:30:00Z,2021-11-04T14:30:00Z,2021-11-04T14:00:00Z,1.36375,1.36212,0.00163,1.36329,1.36212,0.00117,1,0,0.00046,1.393162393162393162393162393,0.00046,0.00000,up,close,0
IBOR|GBPUSD|M15|london|2021-11-05|60|IB60|OR30,IB_OR_RELATION,RELATION_P0,aligned_defined_pair,IB|GBPUSD|M15|london|2021-11-05|60,OR|GBPUSD|M15|london|2021-11-05|30,GBPUSD,M15,london,Europe/London,2021-11-05,60,30,2021-11-05T08:00:00Z,2021-11-05T09:00:00Z,2021-11-05T08:30:00Z,1.34974,1.34900,0.00074,1.34974,1.34913,0.00061,1,0,0.00013,1.213114754098360655737704918,0.00000,0.00013,down,close,0
IBOR|GBPUSD|M15|new_york|2021-11-05|60|IB60|OR30,IB_OR_RELATION,RELATION_P0,aligned_defined_pair,IB|GBPUSD|M15|new_york|2021-11-05|60,OR|GBPUSD|M15|new_york|2021-11-05|30,GBPUSD,M15,new_york,America/New_York,2021-11-05,60,30,2021-11-05T13:30:00Z,2021-11-05T14:30:00Z,2021-11-05T14:00:00Z,1.34477,1.34238,0.00239,1.34426,1.34238,0.00188,1,0,0.00051,1.271276595744680851063829787,0.00051,0.00000,up,wick,0
IBOR|GBPUSD|M15|london|2021-11-08|60|IB60|OR30,IB_OR_RELATION,RELATION_P0,aligned_defined_pair,IB|GBPUSD|M15|london|2021-11-08|60,OR|GBPUSD|M15|london|2021-11-08|30,GBPUSD,M15,london,Europe/London,2021-11-08,60,30,2021-11-08T08:00:00Z,2021-11-08T09:00:00Z,2021-11-08T08:30:00Z,1.34924,1.34823,0.00101,1.34913,1.34861,0.00052,1,0,0.00049,1.942307692307692307692307692,0.00011,0.00038,none,ambiguous,0
IBOR|GBPUSD|M15|new_york|2021-11-08|60|IB60|OR30,IB_OR_RELATION,RELATION_P0,aligned_defined_pair,IB|GBPUSD|M15|new_york|2021-11-08|60,OR|GBPUSD|M15|new_york|2021-11-08|30,GBPUSD,M15,new_york,America/New_York,2021-11-08,60,30,2021-11-08T14:30:00Z,2021-11-08T15:30:00Z,2021-11-08T15:00:00Z,1.35497,1.35154,0.00343,1.35370,1.35154,0.00216,1,0,0.00127,1.587962962962962962962962963,0.00127,0.00000,up,close,0
IBOR|GBPUSD|M15|london|2021-11-09|60|IB60|OR30,IB_OR_RELATION,RELATION_P0,aligned_defined_pair,IB|GBPUSD|M15|london|2021-11-09|60,OR|GBPUSD|M15|london|2021-11-09|30,GBPUSD,M15,london,Europe/London,2021-11-09,60,30,2021-11-09T08:00:00Z,2021-11-09T09:00:00Z,2021-11-09T08:30:00Z,1.35788,1.35634,0.00154,1.35788,1.35730,0.00058,1,0,0.00096,2.655172413793103448275862069,0.00000,0.00096,down,close,0
IBOR|GBPUSD|M15|new_york|2021-11-09|60|IB60|OR30,IB_OR_RELATION,RELATION_P0,aligned_defined_pair,IB|GBPUSD|M15|new_york|2021-11-09|60,OR|GBPUSD|M15|new_york|2021-11-09|30,GBPUSD,M15,new_york,America/New_York,2021-11-09,60,30,2021-11-09T14:30:00Z,2021-11-09T15:30:00Z,2021-11-09T15:00:00Z,1.35725,1.35531,0.00194,1.35725,1.35573,0.00152,1,0,0.00042,1.276315789473684210526315789,0.00000,0.00042,down,wick,0
IBOR|GBPUSD|M15|london|2021-11-10|60|IB60|OR30,IB_OR_RELATION,RELATION_P0,aligned_defined_pair,IB|GBPUSD|M15|london|2021-11-10|60,OR|GBPUSD|M15|london|2021-11-10|30,GBPUSD,M15,london,Europe/London,2021-11-10,60,30,2021-11-10T08:00:00Z,2021-11-10T09:00:00Z,2021-11-10T08:30:00Z,1.35614,1.35489,0.00125,1.35544,1.35489,0.00055,1,0,0.00070,2.272727272727272727272727273,0.00070,0.00000,up,close,0
IBOR|GBPUSD|M15|new_york|2021-11-10|60|IB60|OR30,IB_OR_RELATION,RELATION_P0,aligned_defined_pair,IB|GBPUSD|M15|new_york|2021-11-10|60,OR|GBPUSD|M15|new_york|2021-11-10|30,GBPUSD,M15,new_york,America/New_York,2021-11-10,60,30,2021-11-10T14:30:00Z,2021-11-10T15:30:00Z,2021-11-10T15:00:00Z,1.35109,1.34902,0.00207,1.35084,1.34902,0.00182,1,0,0.00025,1.137362637362637362637362637,0.00025,0.00000,up,close,0
IBOR|GBPUSD|M15|london|2021-11-11|60|IB60|OR30,IB_OR_RELATION,RELATION_P0,aligned_defined_pair,IB|GBPUSD|M15|london|2021-11-11|60,OR|GBPUSD|M15|london|2021-11-11|30,GBPUSD,M15,london,Europe/London,2021-11-11,60,30,2021-11-11T08:00:00Z,2021-11-11T09:00:00Z,2021-11-11T08:30:00Z,1.34325,1.34143,0.00182,1.34257,1.34143,0.00114,1,0,0.00068,1.596491228070175438596491228,0.00068,0.00000,up,close,0
IBOR|GBPUSD|M15|new_york|2021-11-11|60|IB60|OR30,IB_OR_RELATION,RELATION_P0,aligned_defined_pair,IB|GBPUSD|M15|new_york|2021-11-11|60,OR|GBPUSD|M15|new_york|2021-11-11|30,GBPUSD,M15,new_york,America/New_York,2021-11-11,60,30,2021-11-11T14:30:00Z,2021-11-11T15:30:00Z,2021-11-11T15:00:00Z,1.34116,1.33911,0.00205,1.34116,1.33984,0.00132,1,0,0.00073,1.553030303030303030303030303,0.00000,0.00073,down,close,0
IBOR|GBPUSD|M15|london|2021-11-12|60|IB60|OR30,IB_OR_RELATION,RELATION_P0,aligned_defined_pair,IB|GBPUSD|M15|london|2021-11-12|60,OR|GBPUSD|M15|london|2021-11-12|30,GBPUSD,M15,london,Europe/London,2021-11-12,60,30,2021-11-12T08:00:00Z,2021-11-12T09:00:00Z,2021-11-12T08:30:00Z,1.33728,1.33647,0.00081,1.33717,1.33647,0.00070,1,0,0.00011,1.157142857142857142857142857,0.00011,0.00000,up,close,0
IBOR|GBPUSD|M15|new_york|2021-11-12|60|IB60|OR30,IB_OR_RELATION,RELATION_P0,aligned_defined_pair,IB|GBPUSD|M15|new_york|2021-11-12|60,OR|GBPUSD|M15|new_york|2021-11-12|30,GBPUSD,M15,new_york,America/New_York,2021-11-12,60,30,2021-11-12T14:30:00Z,2021-11-12T15:30:00Z,2021-11-12T15:00:00Z,1.34056,1.33813,0.00243,1.34056,1.33917,0.00139,1,0,0.00104,1.748201438848920863309352518,0.00000,0.00104,down,close,0
IBOR|GBPUSD|M15|london|2021-11-15|60|IB60|OR30,IB_OR_RELATION,RELATION_P0,aligned_defined_pair,IB|GBPUSD|M15|london|2021-11-15|60,OR|GBPUSD|M15|london|2021-11-15|30,GBPUSD,M15,london,Europe/London,2021-11-15,60,30,2021-11-15T08:00:00Z,2021-11-15T09:00:00Z,2021-11-15T08:30:00Z,1.34389,1.34283,0.00106,1.34389,1.34283,0.00106,1,1,0.00000,1,0.00000,0.00000,down,close,0
IBOR|GBPUSD|M15|new_york|2021-11-15|60|IB60|OR30,IB_OR_RELATION,RELATION_P0,aligned_defined_pair,IB|GBPUSD|M15|new_york|2021-11-15|60,OR|GBPUSD|M15|new_york|2021-11-15|30,GBPUSD,M15,new_york,America/New_York,2021-11-15,60,30,2021-11-15T14:30:00Z,2021-11-15T15:30:00Z,2021-11-15T15:00:00Z,1.34407,1.34268,0.00139,1.34372,1.34268,0.00104,1,0,0.00035,1.336538461538461538461538462,0.00035,0.00000,up,wick,0
IBOR|GBPUSD|M15|london|2021-11-16|60|IB60|OR30,IB_OR_RELATION,RELATION_P0,aligned_defined_pair,IB|GBPUSD|M15|london|2021-11-16|60,OR|GBPUSD|M15|london|2021-11-16|30,GBPUSD,M15,london,Europe/London,2021-11-16,60,30,2021-11-16T08:00:00Z,2021-11-16T09:00:00Z,2021-11-16T08:30:00Z,1.34249,1.34169,0.00080,1.34249,1.34169,0.00080,1,1,0.00000,1,0.00000,0.00000,up,close,0
IBOR|GBPUSD|M15|new_york|2021-11-16|60|IB60|OR30,IB_OR_RELATION,RELATION_P0,aligned_defined_pair,IB|GBPUSD|M15|new_york|2021-11-16|60,OR|GBPUSD|M15|new_york|2021-11-16|30,GBPUSD,M15,new_york,America/New_York,2021-11-16,60,30,2021-11-16T14:30:00Z,2021-11-16T15:30:00Z,2021-11-16T15:00:00Z,1.34541,1.34400,0.00141,1.34541,1.34403,0.00138,1,0,0.00003,1.021739130434782608695652174,0.00000,0.00003,down,wick,0
IBOR|GBPUSD|M15|london|2021-11-17|60|IB60|OR30,IB_OR_RELATION,RELATION_P0,aligned_defined_pair,IB|GBPUSD|M15|london|2021-11-17|60,OR|GBPUSD|M15|london|2021-11-17|30,GBPUSD,M15,london,Europe/London,2021-11-17,60,30,2021-11-17T08:00:00Z,2021-11-17T09:00:00Z,2021-11-17T08:30:00Z,1.34475,1.34201,0.00274,1.34323,1.34201,0.00122,1,0,0.00152,2.245901639344262295081967213,0.00152,0.00000,up,close,0
IBOR|GBPUSD|M15|new_york|2021-11-17|60|IB60|OR30,IB_OR_RELATION,RELATION_P0,aligned_defined_pair,IB|GBPUSD|M15|new_york|2021-11-17|60,OR|GBPUSD|M15|new_york|2021-11-17|30,GBPUSD,M15,new_york,America/New_York,2021-11-17,60,30,2021-11-17T14:30:00Z,2021-11-17T15:30:00Z,2021-11-17T15:00:00Z,1.34698,1.34528,0.00170,1.34613,1.34532,0.00081,1,0,0.00089,2.098765432098765432098765432,0.00085,0.00004,down,wick,0
IBOR|GBPUSD|M15|london|2021-11-18|60|IB60|OR30,IB_OR_RELATION,RELATION_P0,aligned_defined_pair,IB|GBPUSD|M15|london|2021-11-18|60,OR|GBPUSD|M15|london|2021-11-18|30,GBPUSD,M15,london,Europe/London,2021-11-18,60,30,2021-11-18T08:00:00Z,2021-11-18T09:00:00Z,2021-11-18T08:30:00Z,1.34951,1.34865,0.00086,1.34925,1.34865,0.00060,1,0,0.00026,1.433333333333333333333333333,0.00026,0.00000,up,wick,0
IBOR|GBPUSD|M15|new_york|2021-11-18|60|IB60|OR30,IB_OR_RELATION,RELATION_P0,aligned_defined_pair,IB|GBPUSD|M15|new_york|2021-11-18|60,OR|GBPUSD|M15|new_york|2021-11-18|30,GBPUSD,M15,new_york,America/New_York,2021-11-18,60,30,2021-11-18T14:30:00Z,2021-11-18T15:30:00Z,2021-11-18T15:00:00Z,1.34896,1.34630,0.00266,1.34896,1.34750,0.00146,1,0,0.00120,1.821917808219178082191780822,0.00000,0.00120,down,wick,0
IBOR|GBPUSD|M15|london|2021-11-19|60|IB60|OR30,IB_OR_RELATION,RELATION_P0,aligned_defined_pair,IB|GBPUSD|M15|london|2021-11-19|60,OR|GBPUSD|M15|london|2021-11-19|30,GBPUSD,M15,london,Europe/London,2021-11-19,60,30,2021-11-19T08:00:00Z,2021-11-19T09:00:00Z,2021-11-19T08:30:00Z,1.35003,1.34852,0.00151,1.34919,1.34852,0.00067,1,0,0.00084,2.253731343283582089552238806,0.00084,0.00000,up,close,0
IBOR|GBPUSD|M15|new_york|2021-11-19|60|IB60|OR30,IB_OR_RELATION,RELATION_P0,aligned_defined_pair,IB|GBPUSD|M15|new_york|2021-11-19|60,OR|GBPUSD|M15|new_york|2021-11-19|30,GBPUSD,M15,new_york,America/New_York,2021-11-19,60,30,2021-11-19T14:30:00Z,2021-11-19T15:30:00Z,2021-11-19T15:00:00Z,1.34479,1.34125,0.00354,1.34479,1.34125,0.00354,1,1,0.00000,1,0.00000,0.00000,up,close,0
IBOR|GBPUSD|M15|london|2021-11-22|60|IB60|OR30,IB_OR_RELATION,RELATION_P0,aligned_defined_pair,IB|GBPUSD|M15|london|2021-11-22|60,OR|GBPUSD|M15|london|2021-11-22|30,GBPUSD,M15,london,Europe/London,2021-11-22,60,30,2021-11-22T08:00:00Z,2021-11-22T09:00:00Z,2021-11-22T08:30:00Z,1.34462,1.34368,0.00094,1.34462,1.34381,0.00081,1,0,0.00013,1.160493827160493827160493827,0.00000,0.00013,down,wick,0
IBOR|GBPUSD|M15|new_york|2021-11-22|60|IB60|OR30,IB_OR_RELATION,RELATION_P0,aligned_defined_pair,IB|GBPUSD|M15|new_york|2021-11-22|60,OR|GBPUSD|M15|new_york|2021-11-22|30,GBPUSD,M15,new_york,America/New_York,2021-11-22,60,30,2021-11-22T14:30:00Z,2021-11-22T15:30:00Z,2021-11-22T15:00:00Z,1.34493,1.34333,0.00160,1.34493,1.34390,0.00103,1,0,0.00057,1.553398058252427184466019417,0.00000,0.00057,down,close,0
IBOR|GBPUSD|M15|london|2021-11-23|60|IB60|OR30,IB_OR_RELATION,RELATION_P0,aligned_defined_pair,IB|GBPUSD|M15|london|2021-11-23|60,OR|GBPUSD|M15|london|2021-11-23|30,GBPUSD,M15,london,Europe/London,2021-11-23,60,30,2021-11-23T08:00:00Z,2021-11-23T09:00:00Z,2021-11-23T08:30:00Z,1.33896,1.33815,0.00081,1.33896,1.33815,0.00081,1,1,0.00000,1,0.00000,0.00000,down,close,0
IBOR|GBPUSD|M15|new_york|2021-11-23|60|IB60|OR30,IB_OR_RELATION,RELATION_P0,aligned_defined_pair,IB|GBPUSD|M15|new_york|2021-11-23|60,OR|GBPUSD|M15|new_york|2021-11-23|30,GBPUSD,M15,new_york,America/New_York,2021-11-23,60,30,2021-11-23T14:30:00Z,2021-11-23T15:30:00Z,2021-11-23T15:00:00Z,1.33734,1.33415,0.00319,1.33538,1.33415,0.00123,1,0,0.00196,2.593495934959349593495934959,0.00196,0.00000,up,close,0
IBOR|GBPUSD|M15|london|2021-11-24|60|IB60|OR30,IB_OR_RELATION,RELATION_P0,aligned_defined_pair,IB|GBPUSD|M15|london|2021-11-24|60,OR|GBPUSD|M15|london|2021-11-24|30,GBPUSD,M15,london,Europe/London,2021-11-24,60,30,2021-11-24T08:00:00Z,2021-11-24T09:00:00Z,2021-11-24T08:30:00Z,1.33860,1.33749,0.00111,1.33854,1.33770,0.00084,1,0,0.00027,1.321428571428571428571428571,0.00006,0.00021,down,wick,0
IBOR|GBPUSD|M15|new_york|2021-11-24|60|IB60|OR30,IB_OR_RELATION,RELATION_P0,aligned_defined_pair,IB|GBPUSD|M15|new_york|2021-11-24|60,OR|GBPUSD|M15|new_york|2021-11-24|30,GBPUSD,M15,new_york,America/New_York,2021-11-24,60,30,2021-11-24T14:30:00Z,2021-11-24T15:30:00Z,2021-11-24T15:00:00Z,1.33689,1.33435,0.00254,1.33689,1.33502,0.00187,1,0,0.00067,1.358288770053475935828877005,0.00000,0.00067,down,wick,0
IBOR|GBPUSD|M15|london|2021-11-25|60|IB60|OR30,IB_OR_RELATION,RELATION_P0,aligned_defined_pair,IB|GBPUSD|M15|london|2021-11-25|60,OR|GBPUSD|M15|london|2021-11-25|30,GBPUSD,M15,london,Europe/London,2021-11-25,60,30,2021-11-25T08:00:00Z,2021-11-25T09:00:00Z,2021-11-25T08:30:00Z,1.33504,1.33434,0.00070,1.33501,1.33434,0.00067,1,0,0.00003,1.044776119402985074626865672,0.00003,0.00000,up,wick,0
IBOR|GBPUSD|M15|new_york|2021-11-25|60|IB60|OR30,IB_OR_RELATION,RELATION_P0,aligned_defined_pair,IB|GBPUSD|M15|new_york|2021-11-25|60,OR|GBPUSD|M15|new_york|2021-11-25|30,GBPUSD,M15,new_york,America/New_York,2021-11-25,60,30,2021-11-25T14:30:00Z,2021-11-25T15:30:00Z,2021-11-25T15:00:00Z,1.33178,1.33048,0.00130,1.33178,1.33048,0.00130,1,1,0.00000,1,0.00000,0.00000,up,wick,0
IBOR|GBPUSD|M15|london|2021-11-26|60|IB60|OR30,IB_OR_RELATION,RELATION_P0,aligned_defined_pair,IB|GBPUSD|M15|london|2021-11-26|60,OR|GBPUSD|M15|london|2021-11-26|30,GBPUSD,M15,london,Europe/London,2021-11-26,60,30,2021-11-26T08:00:00Z,2021-11-26T09:00:00Z,2021-11-26T08:30:00Z,1.33080,1.32959,0.00121,1.33045,1.32961,0.00084,1,0,0.00037,1.440476190476190476190476190,0.00035,0.00002,down,wick,0
IBOR|GBPUSD|M15|new_york|2021-11-26|60|IB60|OR30,IB_OR_RELATION,RELATION_P0,aligned_defined_pair,IB|GBPUSD|M15|new_york|2021-11-26|60,OR|GBPUSD|M15|new_york|2021-11-26|30,GBPUSD,M15,new_york,America/New_York,2021-11-26,60,30,2021-11-26T14:30:00Z,2021-11-26T15:30:00Z,2021-11-26T15:00:00Z,1.33487,1.33269,0.00218,1.33408,1.33269,0.00139,1,0,0.00079,1.568345323741007194244604317,0.00079,0.00000,up,close,0
IBOR|GBPUSD|M15|london|2021-11-29|60|IB60|OR30,IB_OR_RELATION,RELATION_P0,aligned_defined_pair,IB|GBPUSD|M15|london|2021-11-29|60,OR|GBPUSD|M15|london|2021-11-29|30,GBPUSD,M15,london,Europe/London,2021-11-29,60,30,2021-11-29T08:00:00Z,2021-11-29T09:00:00Z,2021-11-29T08:30:00Z,1.33393,1.33321,0.00072,1.33393,1.33332,0.00061,1,0,0.00011,1.180327868852459016393442623,0.00000,0.00011,down,wick,0
IBOR|GBPUSD|M15|new_york|2021-11-29|60|IB60|OR30,IB_OR_RELATION,RELATION_P0,aligned_defined_pair,IB|GBPUSD|M15|new_york|2021-11-29|60,OR|GBPUSD|M15|new_york|2021-11-29|30,GBPUSD,M15,new_york,America/New_York,2021-11-29,60,30,2021-11-29T14:30:00Z,2021-11-29T15:30:00Z,2021-11-29T15:00:00Z,1.33458,1.33242,0.00216,1.33458,1.33325,0.00133,1,0,0.00083,1.624060150375939849624060150,0.00000,0.00083,down,close,0
IBOR|GBPUSD|M15|london|2021-11-30|60|IB60|OR30,IB_OR_RELATION,RELATION_P0,aligned_defined_pair,IB|GBPUSD|M15|london|2021-11-30|60,OR|GBPUSD|M15|london|2021-11-30|30,GBPUSD,M15,london,Europe/London,2021-11-30,60,30,2021-11-30T08:00:00Z,2021-11-30T09:00:00Z,2021-11-30T08:30:00Z,1.33272,1.33063,0.00209,1.33180,1.33063,0.00117,1,0,0.00092,1.786324786324786324786324786,0.00092,0.00000,up,close,0
IBOR|GBPUSD|M15|new_york|2021-11-30|60|IB60|OR30,IB_OR_RELATION,RELATION_P0,aligned_defined_pair,IB|GBPUSD|M15|new_york|2021-11-30|60,OR|GBPUSD|M15|new_york|2021-11-30|30,GBPUSD,M15,new_york,America/New_York,2021-11-30,60,30,2021-11-30T14:30:00Z,2021-11-30T15:30:00Z,2021-11-30T15:00:00Z,1.33450,1.33278,0.00172,1.33396,1.33278,0.00118,1,0,0.00054,1.457627118644067796610169492,0.00054,0.00000,up,wick,0
IBOR|GBPUSD|M15|london|2021-12-01|60|IB60|OR30,IB_OR_RELATION,RELATION_P0,aligned_defined_pair,IB|GBPUSD|M15|london|2021-12-01|60,OR|GBPUSD|M15|london|2021-12-01|30,GBPUSD,M15,london,Europe/London,2021-12-01,60,30,2021-12-01T08:00:00Z,2021-12-01T09:00:00Z,2021-12-01T08:30:00Z,1.33307,1.33199,0.00108,1.33277,1.33199,0.00078,1,0,0.00030,1.384615384615384615384615385,0.00030,0.00000,up,close,0
IBOR|GBPUSD|M15|new_york|2021-12-01|60|IB60|OR30,IB_OR_RELATION,RELATION_P0,aligned_defined_pair,IB|GBPUSD|M15|new_york|2021-12-01|60,OR|GBPUSD|M15|new_york|2021-12-01|30,GBPUSD,M15,new_york,America/New_York,2021-12-01,60,30,2021-12-01T14:30:00Z,2021-12-01T15:30:00Z,2021-12-01T15:00:00Z,1.33274,1.33078,0.00196,1.33274,1.33145,0.00129,1,0,0.00067,1.519379844961240310077519380,0.00000,0.00067,down,close,0
IBOR|GBPUSD|M15|london|2021-12-02|60|IB60|OR30,IB_OR_RELATION,RELATION_P0,aligned_defined_pair,IB|GBPUSD|M15|london|2021-12-02|60,OR|GBPUSD|M15|london|2021-12-02|30,GBPUSD,M15,london,Europe/London,2021-12-02,60,30,2021-12-02T08:00:00Z,2021-12-02T09:00:00Z,2021-12-02T08:30:00Z,1.32932,1.32845,0.00087,1.32894,1.32845,0.00049,1,0,0.00038,1.775510204081632653061224490,0.00038,0.00000,up,wick,0
IBOR|GBPUSD|M15|new_york|2021-12-02|60|IB60|OR30,IB_OR_RELATION,RELATION_P0,aligned_defined_pair,IB|GBPUSD|M15|new_york|2021-12-02|60,OR|GBPUSD|M15|new_york|2021-12-02|30,GBPUSD,M15,new_york,America/New_York,2021-12-02,60,30,2021-12-02T14:30:00Z,2021-12-02T15:30:00Z,2021-12-02T15:00:00Z,1.33327,1.33151,0.00176,1.33309,1.33151,0.00158,1,0,0.00018,1.113924050632911392405063291,0.00018,0.00000,up,wick,0
IBOR|GBPUSD|M15|london|2021-12-03|60|IB60|OR30,IB_OR_RELATION,RELATION_P0,aligned_defined_pair,IB|GBPUSD|M15|london|2021-12-03|60,OR|GBPUSD|M15|london|2021-12-03|30,GBPUSD,M15,london,Europe/London,2021-12-03,60,30,2021-12-03T08:00:00Z,2021-12-03T09:00:00Z,2021-12-03T08:30:00Z,1.32978,1.32793,0.00185,1.32978,1.32926,0.00052,1,0,0.00133,3.557692307692307692307692308,0.00000,0.00133,down,close,0
IBOR|GBPUSD|M15|new_york|2021-12-03|60|IB60|OR30,IB_OR_RELATION,RELATION_P0,aligned_defined_pair,IB|GBPUSD|M15|new_york|2021-12-03|60,OR|GBPUSD|M15|new_york|2021-12-03|30,GBPUSD,M15,new_york,America/New_York,2021-12-03,60,30,2021-12-03T14:30:00Z,2021-12-03T15:30:00Z,2021-12-03T15:00:00Z,1.32809,1.32626,0.00183,1.32790,1.32626,0.00164,1,0,0.00019,1.115853658536585365853658537,0.00019,0.00000,up,wick,0
IBOR|GBPUSD|M15|london|2021-12-06|60|IB60|OR30,IB_OR_RELATION,RELATION_P0,aligned_defined_pair,IB|GBPUSD|M15|london|2021-12-06|60,OR|GBPUSD|M15|london|2021-12-06|30,GBPUSD,M15,london,Europe/London,2021-12-06,60,30,2021-12-06T08:00:00Z,2021-12-06T09:00:00Z,2021-12-06T08:30:00Z,1.32340,1.32220,0.00120,1.32340,1.32283,0.00057,1,0,0.00063,2.105263157894736842105263158,0.00000,0.00063,down,close,0
IBOR|GBPUSD|M15|new_york|2021-12-06|60|IB60|OR30,IB_OR_RELATION,RELATION_P0,aligned_defined_pair,IB|GBPUSD|M15|new_york|2021-12-06|60,OR|GBPUSD|M15|new_york|2021-12-06|30,GBPUSD,M15,new_york,America/New_York,2021-12-06,60,30,2021-12-06T14:30:00Z,2021-12-06T15:30:00Z,2021-12-06T15:00:00Z,1.32778,1.32525,0.00253,1.32778,1.32678,0.00100,1,0,0.00153,2.53,0.00000,0.00153,down,close,0
IBOR|GBPUSD|M15|london|2021-12-07|60|IB60|OR30,IB_OR_RELATION,RELATION_P0,aligned_defined_pair,IB|GBPUSD|M15|london|2021-12-07|60,OR|GBPUSD|M15|london|2021-12-07|30,GBPUSD,M15,london,Europe/London,2021-12-07,60,30,2021-12-07T08:00:00Z,2021-12-07T09:00:00Z,2021-12-07T08:30:00Z,1.32872,1.32757,0.00115,1.32872,1.32832,0.00040,1,0,0.00075,2.875,0.00000,0.00075,down,close,0
IBOR|GBPUSD|M15|new_york|2021-12-07|60|IB60|OR30,IB_OR_RELATION,RELATION_P0,aligned_defined_pair,IB|GBPUSD|M15|new_york|2021-12-07|60,OR|GBPUSD|M15|new_york|2021-12-07|30,GBPUSD,M15,new_york,America/New_York,2021-12-07,60,30,2021-12-07T14:30:00Z,2021-12-07T15:30:00Z,2021-12-07T15:00:00Z,1.32580,1.32317,0.00263,1.32543,1.32398,0.00145,1,0,0.00118,1.813793103448275862068965517,0.00037,0.00081,up,wick,0
IBOR|GBPUSD|M15|london|2021-12-08|60|IB60|OR30,IB_OR_RELATION,RELATION_P0,aligned_defined_pair,IB|GBPUSD|M15|london|2021-12-08|60,OR|GBPUSD|M15|london|2021-12-08|30,GBPUSD,M15,london,Europe/London,2021-12-08,60,30,2021-12-08T08:00:00Z,2021-12-08T09:00:00Z,2021-12-08T08:30:00Z,1.32556,1.32454,0.00102,1.32556,1.32505,0.00051,1,0,0.00051,2,0.00000,0.00051,down,close,0
IBOR|GBPUSD|M15|new_york|2021-12-08|60|IB60|OR30,IB_OR_RELATION,RELATION_P0,aligned_defined_pair,IB|GBPUSD|M15|new_york|2021-12-08|60,OR|GBPUSD|M15|new_york|2021-12-08|30,GBPUSD,M15,new_york,America/New_York,2021-12-08,60,30,2021-12-08T14:30:00Z,2021-12-08T15:30:00Z,2021-12-08T15:00:00Z,1.32076,1.31845,0.00231,1.32076,1.31849,0.00227,1,0,0.00004,1.017621145374449339207048458,0.00000,0.00004,down,wick,0
IBOR|GBPUSD|M15|london|2021-12-09|60|IB60|OR30,IB_OR_RELATION,RELATION_P0,aligned_defined_pair,IB|GBPUSD|M15|london|2021-12-09|60,OR|GBPUSD|M15|london|2021-12-09|30,GBPUSD,M15,london,Europe/London,2021-12-09,60,30,2021-12-09T08:00:00Z,2021-12-09T09:00:00Z,2021-12-09T08:30:00Z,1.32156,1.32034,0.00122,1.32148,1.32071,0.00077,1,0,0.00045,1.584415584415584415584415584,0.00008,0.00037,up,wick,0
IBOR|GBPUSD|M15|new_york|2021-12-09|60|IB60|OR30,IB_OR_RELATION,RELATION_P0,aligned_defined_pair,IB|GBPUSD|M15|new_york|2021-12-09|60,OR|GBPUSD|M15|new_york|2021-12-09|30,GBPUSD,M15,new_york,America/New_York,2021-12-09,60,30,2021-12-09T14:30:00Z,2021-12-09T15:30:00Z,2021-12-09T15:00:00Z,1.32095,1.31795,0.00300,1.31912,1.31795,0.00117,1,0,0.00183,2.564102564102564102564102564,0.00183,0.00000,up,wick,0
IBOR|GBPUSD|M15|london|2021-12-10|60|IB60|OR30,IB_OR_RELATION,RELATION_P0,aligned_defined_pair,IB|GBPUSD|M15|london|2021-12-10|60,OR|GBPUSD|M15|london|2021-12-10|30,GBPUSD,M15,london,Europe/London,2021-12-10,60,30,2021-12-10T08:00:00Z,2021-12-10T09:00:00Z,2021-12-10T08:30:00Z,1.32289,1.32143,0.00146,1.32224,1.32154,0.00070,1,0,0.00076,2.085714285714285714285714286,0.00065,0.00011,none,ambiguous,0
IBOR|GBPUSD|M15|new_york|2021-12-10|60|IB60|OR30,IB_OR_RELATION,RELATION_P0,aligned_defined_pair,IB|GBPUSD|M15|new_york|2021-12-10|60,OR|GBPUSD|M15|new_york|2021-12-10|30,GBPUSD,M15,new_york,America/New_York,2021-12-10,60,30,2021-12-10T14:30:00Z,2021-12-10T15:30:00Z,2021-12-10T15:00:00Z,1.32114,1.31949,0.00165,1.32097,1.31949,0.00148,1,0,0.00017,1.114864864864864864864864865,0.00017,0.00000,up,wick,0
IBOR|GBPUSD|M15|london|2021-12-13|60|IB60|OR30,IB_OR_RELATION,RELATION_P0,aligned_defined_pair,IB|GBPUSD|M15|london|2021-12-13|60,OR|GBPUSD|M15|london|2021-12-13|30,GBPUSD,M15,london,Europe/London,2021-12-13,60,30,2021-12-13T08:00:00Z,2021-12-13T09:00:00Z,2021-12-13T08:30:00Z,1.32494,1.32239,0.00255,1.32494,1.32382,0.00112,1,0,0.00143,2.276785714285714285714285714,0.00000,0.00143,down,close,0
IBOR|GBPUSD|M15|new_york|2021-12-13|60|IB60|OR30,IB_OR_RELATION,RELATION_P0,aligned_defined_pair,IB|GBPUSD|M15|new_york|2021-12-13|60,OR|GBPUSD|M15|new_york|2021-12-13|30,GBPUSD,M15,new_york,America/New_York,2021-12-13,60,30,2021-12-13T14:30:00Z,2021-12-13T15:30:00Z,2021-12-13T15:00:00Z,1.32632,1.32374,0.00258,1.32632,1.32452,0.00180,1,0,0.00078,1.433333333333333333333333333,0.00000,0.00078,down,close,0
IBOR|GBPUSD|M15|london|2021-12-14|60|IB60|OR30,IB_OR_RELATION,RELATION_P0,aligned_defined_pair,IB|GBPUSD|M15|london|2021-12-14|60,OR|GBPUSD|M15|london|2021-12-14|30,GBPUSD,M15,london,Europe/London,2021-12-14,60,30,2021-12-14T08:00:00Z,2021-12-14T09:00:00Z,2021-12-14T08:30:00Z,1.32150,1.32027,0.00123,1.32131,1.32027,0.00104,1,0,0.00019,1.182692307692307692307692308,0.00019,0.00000,up,wick,0
IBOR|GBPUSD|M15|new_york|2021-12-14|60|IB60|OR30,IB_OR_RELATION,RELATION_P0,aligned_defined_pair,IB|GBPUSD|M15|new_york|2021-12-14|60,OR|GBPUSD|M15|new_york|2021-12-14|30,GBPUSD,M15,new_york,America/New_York,2021-12-14,60,30,2021-12-14T14:30:00Z,2021-12-14T15:30:00Z,2021-12-14T15:00:00Z,1.32563,1.32435,0.00128,1.32563,1.32452,0.00111,1,0,0.00017,1.153153153153153153153153153,0.00000,0.00017,down,wick,0
IBOR|GBPUSD|M15|london|2021-12-15|60|IB60|OR30,IB_OR_RELATION,RELATION_P0,aligned_defined_pair,IB|GBPUSD|M15|london|2021-12-15|60,OR|GBPUSD|M15|london|2021-12-15|30,GBPUSD,M15,london,Europe/London,2021-12-15,60,30,2021-12-15T08:00:00Z,2021-12-15T09:00:00Z,2021-12-15T08:30:00Z,1.32466,1.32360,0.00106,1.32466,1.32366,0.00100,1,0,0.00006,1.06,0.00000,0.00006,down,wick,0
IBOR|GBPUSD|M15|new_york|2021-12-15|60|IB60|OR30,IB_OR_RELATION,RELATION_P0,aligned_defined_pair,IB|GBPUSD|M15|new_york|2021-12-15|60,OR|GBPUSD|M15|new_york|2021-12-15|30,GBPUSD,M15,new_york,America/New_York,2021-12-15,60,30,2021-12-15T14:30:00Z,2021-12-15T15:30:00Z,2021-12-15T15:00:00Z,1.32589,1.32458,0.00131,1.32589,1.32517,0.00072,1,0,0.00059,1.819444444444444444444444444,0.00000,0.00059,down,wick,0
IBOR|GBPUSD|M15|london|2021-12-16|60|IB60|OR30,IB_OR_RELATION,RELATION_P0,aligned_defined_pair,IB|GBPUSD|M15|london|2021-12-16|60,OR|GBPUSD|M15|london|2021-12-16|30,GBPUSD,M15,london,Europe/London,2021-12-16,60,30,2021-12-16T08:00:00Z,2021-12-16T09:00:00Z,2021-12-16T08:30:00Z,1.32531,1.32409,0.00122,1.32486,1.32409,0.00077,1,0,0.00045,1.584415584415584415584415584,0.00045,0.00000,up,wick,0
IBOR|GBPUSD|M15|new_york|2021-12-16|60|IB60|OR30,IB_OR_RELATION,RELATION_P0,aligned_defined_pair,IB|GBPUSD|M15|new_york|2021-12-16|60,OR|GBPUSD|M15|new_york|2021-12-16|30,GBPUSD,M15,new_york,America/New_York,2021-12-16,60,30,2021-12-16T14:30:00Z,2021-12-16T15:30:00Z,2021-12-16T15:00:00Z,1.33739,1.33423,0.00316,1.33686,1.33423,0.00263,1,0,0.00053,1.201520912547528517110266160,0.00053,0.00000,up,wick,0
IBOR|GBPUSD|M15|london|2021-12-17|60|IB60|OR30,IB_OR_RELATION,RELATION_P0,aligned_defined_pair,IB|GBPUSD|M15|london|2021-12-17|60,OR|GBPUSD|M15|london|2021-12-17|30,GBPUSD,M15,london,Europe/London,2021-12-17,60,30,2021-12-17T08:00:00Z,2021-12-17T09:00:00Z,2021-12-17T08:30:00Z,1.33375,1.33226,0.00149,1.33375,1.33263,0.00112,1,0,0.00037,1.330357142857142857142857143,0.00000,0.00037,down,wick,0
IBOR|GBPUSD|M15|new_york|2021-12-17|60|IB60|OR30,IB_OR_RELATION,RELATION_P0,aligned_defined_pair,IB|GBPUSD|M15|new_york|2021-12-17|60,OR|GBPUSD|M15|new_york|2021-12-17|30,GBPUSD,M15,new_york,America/New_York,2021-12-17,60,30,2021-12-17T14:30:00Z,2021-12-17T15:30:00Z,2021-12-17T15:00:00Z,1.33012,1.32798,0.00214,1.32960,1.32798,0.00162,1,0,0.00052,1.320987654320987654320987654,0.00052,0.00000,up,wick,0
IBOR|GBPUSD|M15|london|2021-12-20|60|IB60|OR30,IB_OR_RELATION,RELATION_P0,aligned_defined_pair,IB|GBPUSD|M15|london|2021-12-20|60,OR|GBPUSD|M15|london|2021-12-20|30,GBPUSD,M15,london,Europe/London,2021-12-20,60,30,2021-12-20T08:00:00Z,2021-12-20T09:00:00Z,2021-12-20T08:30:00Z,1.32245,1.32159,0.00086,1.32245,1.32159,0.00086,1,1,0.00000,1,0.00000,0.00000,down,close,0
IBOR|GBPUSD|M15|new_york|2021-12-20|60|IB60|OR30,IB_OR_RELATION,RELATION_P0,aligned_defined_pair,IB|GBPUSD|M15|new_york|2021-12-20|60,OR|GBPUSD|M15|new_york|2021-12-20|30,GBPUSD,M15,new_york,America/New_York,2021-12-20,60,30,2021-12-20T14:30:00Z,2021-12-20T15:30:00Z,2021-12-20T15:00:00Z,1.32383,1.32096,0.00287,1.32182,1.32096,0.00086,1,0,0.00201,3.337209302325581395348837209,0.00201,0.00000,up,close,0
IBOR|GBPUSD|M15|london|2021-12-21|60|IB60|OR30,IB_OR_RELATION,RELATION_P0,aligned_defined_pair,IB|GBPUSD|M15|london|2021-12-21|60,OR|GBPUSD|M15|london|2021-12-21|30,GBPUSD,M15,london,Europe/London,2021-12-21,60,30,2021-12-21T08:00:00Z,2021-12-21T09:00:00Z,2021-12-21T08:30:00Z,1.32191,1.32111,0.00080,1.32183,1.32128,0.00055,1,0,0.00025,1.454545454545454545454545455,0.00008,0.00017,down,wick,0
IBOR|GBPUSD|M15|new_york|2021-12-21|60|IB60|OR30,IB_OR_RELATION,RELATION_P0,aligned_defined_pair,IB|GBPUSD|M15|new_york|2021-12-21|60,OR|GBPUSD|M15|new_york|2021-12-21|30,GBPUSD,M15,new_york,America/New_York,2021-12-21,60,30,2021-12-21T14:30:00Z,2021-12-21T15:30:00Z,2021-12-21T15:00:00Z,1.32586,1.32423,0.00163,1.32548,1.32460,0.00088,1,0,0.00075,1.852272727272727272727272727,0.00038,0.00037,none,ambiguous,0
IBOR|GBPUSD|M15|london|2021-12-22|60|IB60|OR30,IB_OR_RELATION,RELATION_P0,aligned_defined_pair,IB|GBPUSD|M15|london|2021-12-22|60,OR|GBPUSD|M15|london|2021-12-22|30,GBPUSD,M15,london,Europe/London,2021-12-22,60,30,2021-12-22T08:00:00Z,2021-12-22T09:00:00Z,2021-12-22T08:30:00Z,1.32556,1.32392,0.00164,1.32555,1.32392,0.00163,1,0,0.00001,1.006134969325153374233128834,0.00001,0.00000,up,wick,0
IBOR|GBPUSD|M15|new_york|2021-12-22|60|IB60|OR30,IB_OR_RELATION,RELATION_P0,aligned_defined_pair,IB|GBPUSD|M15|new_york|2021-12-22|60,OR|GBPUSD|M15|new_york|2021-12-22|30,GBPUSD,M15,new_york,America/New_York,2021-12-22,60,30,2021-12-22T14:30:00Z,2021-12-22T15:30:00Z,2021-12-22T15:00:00Z,1.33154,1.33004,0.00150,1.33149,1.33004,0.00145,1,0,0.00005,1.034482758620689655172413793,0.00005,0.00000,up,wick,0
IBOR|GBPUSD|M15|london|2021-12-23|60|IB60|OR30,IB_OR_RELATION,RELATION_P0,aligned_defined_pair,IB|GBPUSD|M15|london|2021-12-23|60,OR|GBPUSD|M15|london|2021-12-23|30,GBPUSD,M15,london,Europe/London,2021-12-23,60,30,2021-12-23T08:00:00Z,2021-12-23T09:00:00Z,2021-12-23T08:30:00Z,1.33540,1.33479,0.00061,1.33531,1.33479,0.00052,1,0,0.00009,1.173076923076923076923076923,0.00009,0.00000,up,wick,0
IBOR|GBPUSD|M15|new_york|2021-12-23|60|IB60|OR30,IB_OR_RELATION,RELATION_P0,aligned_defined_pair,IB|GBPUSD|M15|new_york|2021-12-23|60,OR|GBPUSD|M15|new_york|2021-12-23|30,GBPUSD,M15,new_york,America/New_York,2021-12-23,60,30,2021-12-23T14:30:00Z,2021-12-23T15:30:00Z,2021-12-23T15:00:00Z,1.34334,1.34183,0.00151,1.34334,1.34183,0.00151,1,1,0.00000,1,0.00000,0.00000,down,close,0
IBOR|GBPUSD|M15|london|2021-12-24|60|IB60|OR30,IB_OR_RELATION,RELATION_P0,aligned_defined_pair,IB|GBPUSD|M15|london|2021-12-24|60,OR|GBPUSD|M15|london|2021-12-24|30,GBPUSD,M15,london,Europe/London,2021-12-24,60,30,2021-12-24T08:00:00Z,2021-12-24T09:00:00Z,2021-12-24T08:30:00Z,1.34044,1.33876,0.00168,1.33929,1.33876,0.00053,1,0,0.00115,3.169811320754716981132075472,0.00115,0.00000,up,close,0
IBOR|GBPUSD|M15|new_york|2021-12-24|60|IB60|OR30,IB_OR_RELATION,RELATION_P0,aligned_defined_pair,IB|GBPUSD|M15|new_york|2021-12-24|60,OR|GBPUSD|M15|new_york|2021-12-24|30,GBPUSD,M15,new_york,America/New_York,2021-12-24,60,30,2021-12-24T14:30:00Z,2021-12-24T15:30:00Z,2021-12-24T15:00:00Z,1.34187,1.33995,0.00192,1.34187,1.34107,0.00080,1,0,0.00112,2.4,0.00000,0.00112,down,wick,0
IBOR|GBPUSD|M15|london|2021-12-27|60|IB60|OR30,IB_OR_RELATION,RELATION_P0,aligned_defined_pair,IB|GBPUSD|M15|london|2021-12-27|60,OR|GBPUSD|M15|london|2021-12-27|30,GBPUSD,M15,london,Europe/London,2021-12-27,60,30,2021-12-27T08:00:00Z,2021-12-27T09:00:00Z,2021-12-27T08:30:00Z,1.34027,1.33949,0.00078,1.34027,1.33949,0.00078,1,1,0.00000,1,0.00000,0.00000,down,wick,0
IBOR|GBPUSD|M15|new_york|2021-12-27|60|IB60|OR30,IB_OR_RELATION,RELATION_P0,aligned_defined_pair,IB|GBPUSD|M15|new_york|2021-12-27|60,OR|GBPUSD|M15|new_york|2021-12-27|30,GBPUSD,M15,new_york,America/New_York,2021-12-27,60,30,2021-12-27T14:30:00Z,2021-12-27T15:30:00Z,2021-12-27T15:00:00Z,1.34174,1.34012,0.00162,1.34134,1.34012,0.00122,1,0,0.00040,1.327868852459016393442622951,0.00040,0.00000,up,wick,0
IBOR|GBPUSD|M15|london|2021-12-28|60|IB60|OR30,IB_OR_RELATION,RELATION_P0,aligned_defined_pair,IB|GBPUSD|M15|london|2021-12-28|60,OR|GBPUSD|M15|london|2021-12-28|30,GBPUSD,M15,london,Europe/London,2021-12-28,60,30,2021-12-28T08:00:00Z,2021-12-28T09:00:00Z,2021-12-28T08:30:00Z,1.34376,1.34307,0.00069,1.34367,1.34307,0.00060,1,0,0.00009,1.15,0.00009,0.00000,up,wick,0
IBOR|GBPUSD|M15|new_york|2021-12-28|60|IB60|OR30,IB_OR_RELATION,RELATION_P0,aligned_defined_pair,IB|GBPUSD|M15|new_york|2021-12-28|60,OR|GBPUSD|M15|new_york|2021-12-28|30,GBPUSD,M15,new_york,America/New_York,2021-12-28,60,30,2021-12-28T14:30:00Z,2021-12-28T15:30:00Z,2021-12-28T15:00:00Z,1.34571,1.34442,0.00129,1.34529,1.34442,0.00087,1,0,0.00042,1.482758620689655172413793103,0.00042,0.00000,up,close,0
IBOR|GBPUSD|M15|london|2021-12-29|60|IB60|OR30,IB_OR_RELATION,RELATION_P0,aligned_defined_pair,IB|GBPUSD|M15|london|2021-12-29|60,OR|GBPUSD|M15|london|2021-12-29|30,GBPUSD,M15,london,Europe/London,2021-12-29,60,30,2021-12-29T08:00:00Z,2021-12-29T09:00:00Z,2021-12-29T08:30:00Z,1.34295,1.34194,0.00101,1.34295,1.34266,0.00029,1,0,0.00072,3.482758620689655172413793103,0.00000,0.00072,down,close,0
IBOR|GBPUSD|M15|new_york|2021-12-29|60|IB60|OR30,IB_OR_RELATION,RELATION_P0,aligned_defined_pair,IB|GBPUSD|M15|new_york|2021-12-29|60,OR|GBPUSD|M15|new_york|2021-12-29|30,GBPUSD,M15,new_york,America/New_York,2021-12-29,60,30,2021-12-29T14:30:00Z,2021-12-29T15:30:00Z,2021-12-29T15:00:00Z,1.34462,1.34226,0.00236,1.34331,1.34226,0.00105,1,0,0.00131,2.247619047619047619047619048,0.00131,0.00000,up,close,0
IBOR|GBPUSD|M15|london|2021-12-30|60|IB60|OR30,IB_OR_RELATION,RELATION_P0,aligned_defined_pair,IB|GBPUSD|M15|london|2021-12-30|60,OR|GBPUSD|M15|london|2021-12-30|30,GBPUSD,M15,london,Europe/London,2021-12-30,60,30,2021-12-30T08:00:00Z,2021-12-30T09:00:00Z,2021-12-30T08:30:00Z,1.34826,1.34716,0.00110,1.34826,1.34750,0.00076,1,0,0.00034,1.447368421052631578947368421,0.00000,0.00034,down,close,0
IBOR|GBPUSD|M15|new_york|2021-12-30|60|IB60|OR30,IB_OR_RELATION,RELATION_P0,aligned_defined_pair,IB|GBPUSD|M15|new_york|2021-12-30|60,OR|GBPUSD|M15|new_york|2021-12-30|30,GBPUSD,M15,new_york,America/New_York,2021-12-30,60,30,2021-12-30T14:30:00Z,2021-12-30T15:30:00Z,2021-12-30T15:00:00Z,1.35163,1.34946,0.00217,1.35154,1.34946,0.00208,1,0,0.00009,1.043269230769230769230769231,0.00009,0.00000,up,wick,0
IBOR|GBPUSD|M15|london|2021-12-31|60|IB60|OR30,IB_OR_RELATION,RELATION_P0,aligned_defined_pair,IB|GBPUSD|M15|london|2021-12-31|60,OR|GBPUSD|M15|london|2021-12-31|30,GBPUSD,M15,london,Europe/London,2021-12-31,60,30,2021-12-31T08:00:00Z,2021-12-31T09:00:00Z,2021-12-31T08:30:00Z,1.35043,1.34931,0.00112,1.34985,1.34931,0.00054,1,0,0.00058,2.074074074074074074074074074,0.00058,0.00000,up,close,0
IBOR|GBPUSD|M15|new_york|2021-12-31|60|IB60|OR30,IB_OR_RELATION,RELATION_P0,aligned_defined_pair,IB|GBPUSD|M15|new_york|2021-12-31|60,OR|GBPUSD|M15|new_york|2021-12-31|30,GBPUSD,M15,new_york,America/New_York,2021-12-31,60,30,2021-12-31T14:30:00Z,2021-12-31T15:30:00Z,2021-12-31T15:00:00Z,1.34889,1.34676,0.00213,1.34889,1.34773,0.00116,1,0,0.00097,1.836206896551724137931034483,0.00000,0.00097,down,wick,0
IBOR|GBPUSD|M15|london|2022-01-03|60|IB60|OR30,IB_OR_RELATION,RELATION_P0,aligned_defined_pair,IB|GBPUSD|M15|london|2022-01-03|60,OR|GBPUSD|M15|london|2022-01-03|30,GBPUSD,M15,london,Europe/London,2022-01-03,60,30,2022-01-03T08:00:00Z,2022-01-03T09:00:00Z,2022-01-03T08:30:00Z,1.35073,1.34968,0.00105,1.35028,1.34968,0.00060,1,0,0.00045,1.75,0.00045,0.00000,up,close,0
IBOR|GBPUSD|M15|new_york|2022-01-03|60|IB60|OR30,IB_OR_RELATION,RELATION_P0,aligned_defined_pair,IB|GBPUSD|M15|new_york|2022-01-03|60,OR|GBPUSD|M15|new_york|2022-01-03|30,GBPUSD,M15,new_york,America/New_York,2022-01-03,60,30,2022-01-03T14:30:00Z,2022-01-03T15:30:00Z,2022-01-03T15:00:00Z,1.35066,1.34899,0.00167,1.35066,1.35003,0.00063,1,0,0.00104,2.650793650793650793650793651,0.00000,0.00104,down,close,0
IBOR|GBPUSD|M15|london|2022-01-04|60|IB60|OR30,IB_OR_RELATION,RELATION_P0,aligned_defined_pair,IB|GBPUSD|M15|london|2022-01-04|60,OR|GBPUSD|M15|london|2022-01-04|30,GBPUSD,M15,london,Europe/London,2022-01-04,60,30,2022-01-04T08:00:00Z,2022-01-04T09:00:00Z,2022-01-04T08:30:00Z,1.34696,1.34588,0.00108,1.34696,1.34588,0.00108,1,1,0.00000,1,0.00000,0.00000,up,close,0
IBOR|GBPUSD|M15|new_york|2022-01-04|60|IB60|OR30,IB_OR_RELATION,RELATION_P0,aligned_defined_pair,IB|GBPUSD|M15|new_york|2022-01-04|60,OR|GBPUSD|M15|new_york|2022-01-04|30,GBPUSD,M15,new_york,America/New_York,2022-01-04,60,30,2022-01-04T14:30:00Z,2022-01-04T15:30:00Z,2022-01-04T15:00:00Z,1.34983,1.34782,0.00201,1.34872,1.34782,0.00090,1,0,0.00111,2.233333333333333333333333333,0.00111,0.00000,up,wick,0
IBOR|GBPUSD|M15|london|2022-01-05|60|IB60|OR30,IB_OR_RELATION,RELATION_P0,aligned_defined_pair,IB|GBPUSD|M15|london|2022-01-05|60,OR|GBPUSD|M15|london|2022-01-05|30,GBPUSD,M15,london,Europe/London,2022-01-05,60,30,2022-01-05T08:00:00Z,2022-01-05T09:00:00Z,2022-01-05T08:30:00Z,1.35344,1.35262,0.00082,1.35322,1.35262,0.00060,1,0,0.00022,1.366666666666666666666666667,0.00022,0.00000,up,close,0
IBOR|GBPUSD|M15|new_york|2022-01-05|60|IB60|OR30,IB_OR_RELATION,RELATION_P0,aligned_defined_pair,IB|GBPUSD|M15|new_york|2022-01-05|60,OR|GBPUSD|M15|new_york|2022-01-05|30,GBPUSD,M15,new_york,America/New_York,2022-01-05,60,30,2022-01-05T14:30:00Z,2022-01-05T15:30:00Z,2022-01-05T15:00:00Z,1.35476,1.35310,0.00166,1.35424,1.35310,0.00114,1,0,0.00052,1.456140350877192982456140351,0.00052,0.00000,up,close,0
IBOR|GBPUSD|M15|london|2022-01-06|60|IB60|OR30,IB_OR_RELATION,RELATION_P0,aligned_defined_pair,IB|GBPUSD|M15|london|2022-01-06|60,OR|GBPUSD|M15|london|2022-01-06|30,GBPUSD,M15,london,Europe/London,2022-01-06,60,30,2022-01-06T08:00:00Z,2022-01-06T09:00:00Z,2022-01-06T08:30:00Z,1.35297,1.35119,0.00178,1.35297,1.35247,0.00050,1,0,0.00128,3.56,0.00000,0.00128,down,wick,0
IBOR|GBPUSD|M15|new_york|2022-01-06|60|IB60|OR30,IB_OR_RELATION,RELATION_P0,aligned_defined_pair,IB|GBPUSD|M15|new_york|2022-01-06|60,OR|GBPUSD|M15|new_york|2022-01-06|30,GBPUSD,M15,new_york,America/New_York,2022-01-06,60,30,2022-01-06T14:30:00Z,2022-01-06T15:30:00Z,2022-01-06T15:00:00Z,1.35456,1.35260,0.00196,1.35456,1.35363,0.00093,1,0,0.00103,2.107526881720430107526881720,0.00000,0.00103,down,close,0
IBOR|GBPUSD|M15|london|2022-01-07|60|IB60|OR30,IB_OR_RELATION,RELATION_P0,aligned_defined_pair,IB|GBPUSD|M15|london|2022-01-07|60,OR|GBPUSD|M15|london|2022-01-07|30,GBPUSD,M15,london,Europe/London,2022-01-07,60,30,2022-01-07T08:00:00Z,2022-01-07T09:00:00Z,2022-01-07T08:30:00Z,1.35473,1.35377,0.00096,1.35473,1.35396,0.00077,1,0,0.00019,1.246753246753246753246753247,0.00000,0.00019,down,wick,0
IBOR|GBPUSD|M15|new_york|2022-01-07|60|IB60|OR30,IB_OR_RELATION,RELATION_P0,aligned_defined_pair,IB|GBPUSD|M15|new_york|2022-01-07|60,OR|GBPUSD|M15|new_york|2022-01-07|30,GBPUSD,M15,new_york,America/New_York,2022-01-07,60,30,2022-01-07T14:30:00Z,2022-01-07T15:30:00Z,2022-01-07T15:00:00Z,1.35474,1.35353,0.00121,1.35468,1.35353,0.00115,1,0,0.00006,1.052173913043478260869565217,0.00006,0.00000,up,wick,0
IBOR|GBPUSD|M15|london|2022-01-10|60|IB60|OR30,IB_OR_RELATION,RELATION_P0,aligned_defined_pair,IB|GBPUSD|M15|london|2022-01-10|60,OR|GBPUSD|M15|london|2022-01-10|30,GBPUSD,M15,london,Europe/London,2022-01-10,60,30,2022-01-10T08:00:00Z,2022-01-10T09:00:00Z,2022-01-10T08:30:00Z,1.35863,1.35778,0.00085,1.35863,1.35778,0.00085,1,1,0.00000,1,0.00000,0.00000,up,close,0
IBOR|GBPUSD|M15|new_york|2022-01-10|60|IB60|OR30,IB_OR_RELATION,RELATION_P0,aligned_defined_pair,IB|GBPUSD|M15|new_york|2022-01-10|60,OR|GBPUSD|M15|new_york|2022-01-10|30,GBPUSD,M15,new_york,America/New_York,2022-01-10,60,30,2022-01-10T14:30:00Z,2022-01-10T15:30:00Z,2022-01-10T15:00:00Z,1.35791,1.35637,0.00154,1.35791,1.35637,0.00154,1,1,0.00000,1,0.00000,0.00000,down,close,0
IBOR|GBPUSD|M15|london|2022-01-11|60|IB60|OR30,IB_OR_RELATION,RELATION_P0,aligned_defined_pair,IB|GBPUSD|M15|london|2022-01-11|60,OR|GBPUSD|M15|london|2022-01-11|30,GBPUSD,M15,london,Europe/London,2022-01-11,60,30,2022-01-11T08:00:00Z,2022-01-11T09:00:00Z,2022-01-11T08:30:00Z,1.35987,1.35789,0.00198,1.35987,1.35895,0.00092,1,0,0.00106,2.152173913043478260869565217,0.00000,0.00106,down,close,0
IBOR|GBPUSD|M15|new_york|2022-01-11|60|IB60|OR30,IB_OR_RELATION,RELATION_P0,aligned_defined_pair,IB|GBPUSD|M15|new_york|2022-01-11|60,OR|GBPUSD|M15|new_york|2022-01-11|30,GBPUSD,M15,new_york,America/New_York,2022-01-11,60,30,2022-01-11T14:30:00Z,2022-01-11T15:30:00Z,2022-01-11T15:00:00Z,1.35899,1.35722,0.00177,1.35899,1.35735,0.00164,1,0,0.00013,1.079268292682926829268292683,0.00000,0.00013,down,wick,0
IBOR|GBPUSD|M15|london|2022-01-12|60|IB60|OR30,IB_OR_RELATION,RELATION_P0,aligned_defined_pair,IB|GBPUSD|M15|london|2022-01-12|60,OR|GBPUSD|M15|london|2022-01-12|30,GBPUSD,M15,london,Europe/London,2022-01-12,60,30,2022-01-12T08:00:00Z,2022-01-12T09:00:00Z,2022-01-12T08:30:00Z,1.36439,1.36320,0.00119,1.36439,1.36402,0.00037,1,0,0.00082,3.216216216216216216216216216,0.00000,0.00082,down,close,0
IBOR|GBPUSD|M15|new_york|2022-01-12|60|IB60|OR30,IB_OR_RELATION,RELATION_P0,aligned_defined_pair,IB|GBPUSD|M15|new_york|2022-01-12|60,OR|GBPUSD|M15|new_york|2022-01-12|30,GBPUSD,M15,new_york,America/New_York,2022-01-12,60,30,2022-01-12T14:30:00Z,2022-01-12T15:30:00Z,2022-01-12T15:00:00Z,1.36486,1.36343,0.00143,1.36413,1.36343,0.00070,1,0,0.00073,2.042857142857142857142857143,0.00073,0.00000,up,close,0
IBOR|GBPUSD|M15|london|2022-01-13|60|IB60|OR30,IB_OR_RELATION,RELATION_P0,aligned_defined_pair,IB|GBPUSD|M15|london|2022-01-13|60,OR|GBPUSD|M15|london|2022-01-13|30,GBPUSD,M15,london,Europe/London,2022-01-13,60,30,2022-01-13T08:00:00Z,2022-01-13T09:00:00Z,2022-01-13T08:30:00Z,1.37111,1.37045,0.00066,1.37099,1.37047,0.00052,1,0,0.00014,1.269230769230769230769230769,0.00012,0.00002,down,wick,0
IBOR|GBPUSD|M15|new_york|2022-01-13|60|IB60|OR30,IB_OR_RELATION,RELATION_P0,aligned_defined_pair,IB|GBPUSD|M15|new_york|2022-01-13|60,OR|GBPUSD|M15|new_york|2022-01-13|30,GBPUSD,M15,new_york,America/New_York,2022-01-13,60,30,2022-01-13T14:30:00Z,2022-01-13T15:30:00Z,2022-01-13T15:00:00Z,1.37345,1.37126,0.00219,1.37345,1.37126,0.00219,1,1,0.00000,1,0.00000,0.00000,up,close,0
IBOR|GBPUSD|M15|london|2022-01-14|60|IB60|OR30,IB_OR_RELATION,RELATION_P0,aligned_defined_pair,IB|GBPUSD|M15|london|2022-01-14|60,OR|GBPUSD|M15|london|2022-01-14|30,GBPUSD,M15,london,Europe/London,2022-01-14,60,30,2022-01-14T08:00:00Z,2022-01-14T09:00:00Z,2022-01-14T08:30:00Z,1.37360,1.37273,0.00087,1.37360,1.37307,0.00053,1,0,0.00034,1.641509433962264150943396226,0.00000,0.00034,down,close,0
IBOR|GBPUSD|M15|new_york|2022-01-14|60|IB60|OR30,IB_OR_RELATION,RELATION_P0,aligned_defined_pair,IB|GBPUSD|M15|new_york|2022-01-14|60,OR|GBPUSD|M15|new_york|2022-01-14|30,GBPUSD,M15,new_york,America/New_York,2022-01-14,60,30,2022-01-14T14:30:00Z,2022-01-14T15:30:00Z,2022-01-14T15:00:00Z,1.37150,1.37038,0.00112,1.37121,1.37050,0.00071,1,0,0.00041,1.577464788732394366197183099,0.00029,0.00012,down,wick,0
IBOR|GBPUSD|M15|london|2022-01-17|60|IB60|OR30,IB_OR_RELATION,RELATION_P0,aligned_defined_pair,IB|GBPUSD|M15|london|2022-01-17|60,OR|GBPUSD|M15|london|2022-01-17|30,GBPUSD,M15,london,Europe/London,2022-01-17,60,30,2022-01-17T08:00:00Z,2022-01-17T09:00:00Z,2022-01-17T08:30:00Z,1.36771,1.36690,0.00081,1.36771,1.36720,0.00051,1,0,0.00030,1.588235294117647058823529412,0.00000,0.00030,down,close,0
IBOR|GBPUSD|M15|new_york|2022-01-17|60|IB60|OR30,IB_OR_RELATION,RELATION_P0,aligned_defined_pair,IB|GBPUSD|M15|new_york|2022-01-17|60,OR|GBPUSD|M15|new_york|2022-01-17|30,GBPUSD,M15,new_york,America/New_York,2022-01-17,60,30,2022-01-17T14:30:00Z,2022-01-17T15:30:00Z,2022-01-17T15:00:00Z,1.36505,1.36366,0.00139,1.36505,1.36398,0.00107,1,0,0.00032,1.299065420560747663551401869,0.00000,0.00032,down,wick,0
IBOR|GBPUSD|M15|london|2022-01-18|60|IB60|OR30,IB_OR_RELATION,RELATION_P0,aligned_defined_pair,IB|GBPUSD|M15|london|2022-01-18|60,OR|GBPUSD|M15|london|2022-01-18|30,GBPUSD,M15,london,Europe/London,2022-01-18,60,30,2022-01-18T08:00:00Z,2022-01-18T09:00:00Z,2022-01-18T08:30:00Z,1.36430,1.36331,0.00099,1.36378,1.36331,0.00047,1,0,0.00052,2.106382978723404255319148936,0.00052,0.00000,up,wick,0
IBOR|GBPUSD|M15|new_york|2022-01-18|60|IB60|OR30,IB_OR_RELATION,RELATION_P0,aligned_defined_pair,IB|GBPUSD|M15|new_york|2022-01-18|60,OR|GBPUSD|M15|new_york|2022-01-18|30,GBPUSD,M15,new_york,America/New_York,2022-01-18,60,30,2022-01-18T14:30:00Z,2022-01-18T15:30:00Z,2022-01-18T15:00:00Z,1.36017,1.35795,0.00222,1.36017,1.35896,0.00121,1,0,0.00101,1.834710743801652892561983471,0.00000,0.00101,down,close,0
IBOR|GBPUSD|M15|london|2022-01-19|60|IB60|OR30,IB_OR_RELATION,RELATION_P0,aligned_defined_pair,IB|GBPUSD|M15|london|2022-01-19|60,OR|GBPUSD|M15|london|2022-01-19|30,GBPUSD,M15,london,Europe/London,2022-01-19,60,30,2022-01-19T08:00:00Z,2022-01-19T09:00:00Z,2022-01-19T08:30:00Z,1.36101,1.36007,0.00094,1.36101,1.36046,0.00055,1,0,0.00039,1.709090909090909090909090909,0.00000,0.00039,down,close,0
IBOR|GBPUSD|M15|new_york|2022-01-19|60|IB60|OR30,IB_OR_RELATION,RELATION_P0,aligned_defined_pair,IB|GBPUSD|M15|new_york|2022-01-19|60,OR|GBPUSD|M15|new_york|2022-01-19|30,GBPUSD,M15,new_york,America/New_York,2022-01-19,60,30,2022-01-19T14:30:00Z,2022-01-19T15:30:00Z,2022-01-19T15:00:00Z,1.36432,1.36214,0.00218,1.36302,1.36214,0.00088,1,0,0.00130,2.477272727272727272727272727,0.00130,0.00000,up,close,0
IBOR|GBPUSD|M15|london|2022-01-20|60|IB60|OR30,IB_OR_RELATION,RELATION_P0,aligned_defined_pair,IB|GBPUSD|M15|london|2022-01-20|60,OR|GBPUSD|M15|london|2022-01-20|30,GBPUSD,M15,london,Europe/London,2022-01-20,60,30,2022-01-20T08:00:00Z,2022-01-20T09:00:00Z,2022-01-20T08:30:00Z,1.36298,1.36208,0.00090,1.36284,1.36208,0.00076,1,0,0.00014,1.184210526315789473684210526,0.00014,0.00000,up,close,0
IBOR|GBPUSD|M15|new_york|2022-01-20|60|IB60|OR30,IB_OR_RELATION,RELATION_P0,aligned_defined_pair,IB|GBPUSD|M15|new_york|2022-01-20|60,OR|GBPUSD|M15|new_york|2022-01-20|30,GBPUSD,M15,new_york,America/New_York,2022-01-20,60,30,2022-01-20T14:30:00Z,2022-01-20T15:30:00Z,2022-01-20T15:00:00Z,1.36196,1.36049,0.00147,1.36149,1.36049,0.00100,1,0,0.00047,1.47,0.00047,0.00000,up,close,0
IBOR|GBPUSD|M15|london|2022-01-21|60|IB60|OR30,IB_OR_RELATION,RELATION_P0,aligned_defined_pair,IB|GBPUSD|M15|london|2022-01-21|60,OR|GBPUSD|M15|london|2022-01-21|30,GBPUSD,M15,london,Europe/London,2022-01-21,60,30,2022-01-21T08:00:00Z,2022-01-21T09:00:00Z,2022-01-21T08:30:00Z,1.35939,1.35828,0.00111,1.35923,1.35865,0.00058,1,0,0.00053,1.913793103448275862068965517,0.00016,0.00037,none,ambiguous,0
IBOR|GBPUSD|M15|new_york|2022-01-21|60|IB60|OR30,IB_OR_RELATION,RELATION_P0,aligned_defined_pair,IB|GBPUSD|M15|new_york|2022-01-21|60,OR|GBPUSD|M15|new_york|2022-01-21|30,GBPUSD,M15,new_york,America/New_York,2022-01-21,60,30,2022-01-21T14:30:00Z,2022-01-21T15:30:00Z,2022-01-21T15:00:00Z,1.35731,1.35622,0.00109,1.35731,1.35622,0.00109,1,1,0.00000,1,0.00000,0.00000,up,wick,0
IBOR|GBPUSD|M15|london|2022-01-24|60|IB60|OR30,IB_OR_RELATION,RELATION_P0,aligned_defined_pair,IB|GBPUSD|M15|london|2022-01-24|60,OR|GBPUSD|M15|london|2022-01-24|30,GBPUSD,M15,london,Europe/London,2022-01-24,60,30,2022-01-24T08:00:00Z,2022-01-24T09:00:00Z,2022-01-24T08:30:00Z,1.35476,1.35376,0.00100,1.35474,1.35386,0.00088,1,0,0.00012,1.136363636363636363636363636,0.00002,0.00010,down,wick,0
IBOR|GBPUSD|M15|new_york|2022-01-24|60|IB60|OR30,IB_OR_RELATION,RELATION_P0,aligned_defined_pair,IB|GBPUSD|M15|new_york|2022-01-24|60,OR|GBPUSD|M15|new_york|2022-01-24|30,GBPUSD,M15,new_york,America/New_York,2022-01-24,60,30,2022-01-24T14:30:00Z,2022-01-24T15:30:00Z,2022-01-24T15:00:00Z,1.34887,1.34770,0.00117,1.34887,1.34770,0.00117,1,1,0.00000,1,0.00000,0.00000,down,close,0
IBOR|GBPUSD|M15|london|2022-01-25|60|IB60|OR30,IB_OR_RELATION,RELATION_P0,aligned_defined_pair,IB|GBPUSD|M15|london|2022-01-25|60,OR|GBPUSD|M15|london|2022-01-25|30,GBPUSD,M15,london,Europe/London,2022-01-25,60,30,2022-01-25T08:00:00Z,2022-01-25T09:00:00Z,2022-01-25T08:30:00Z,1.34864,1.34713,0.00151,1.34779,1.34713,0.00066,1,0,0.00085,2.287878787878787878787878788,0.00085,0.00000,up,wick,0
IBOR|GBPUSD|M15|new_york|2022-01-25|60|IB60|OR30,IB_OR_RELATION,RELATION_P0,aligned_defined_pair,IB|GBPUSD|M15|new_york|2022-01-25|60,OR|GBPUSD|M15|new_york|2022-01-25|30,GBPUSD,M15,new_york,America/New_York,2022-01-25,60,30,2022-01-25T14:30:00Z,2022-01-25T15:30:00Z,2022-01-25T15:00:00Z,1.34701,1.34467,0.00234,1.34563,1.34467,0.00096,1,0,0.00138,2.4375,0.00138,0.00000,up,close,0
IBOR|GBPUSD|M15|london|2022-01-26|60|IB60|OR30,IB_OR_RELATION,RELATION_P0,aligned_defined_pair,IB|GBPUSD|M15|london|2022-01-26|60,OR|GBPUSD|M15|london|2022-01-26|30,GBPUSD,M15,london,Europe/London,2022-01-26,60,30,2022-01-26T08:00:00Z,2022-01-26T09:00:00Z,2022-01-26T08:30:00Z,1.35136,1.35023,0.00113,1.35136,1.35068,0.00068,1,0,0.00045,1.661764705882352941176470588,0.00000,0.00045,down,wick,0
IBOR|GBPUSD|M15|new_york|2022-01-26|60|IB60|OR30,IB_OR_RELATION,RELATION_P0,aligned_defined_pair,IB|GBPUSD|M15|new_york|2022-01-26|60,OR|GBPUSD|M15|new_york|2022-01-26|30,GBPUSD,M15,new_york,America/New_York,2022-01-26,60,30,2022-01-26T14:30:00Z,2022-01-26T15:30:00Z,2022-01-26T15:00:00Z,1.35198,1.35049,0.00149,1.35185,1.35087,0.00098,1,0,0.00051,1.520408163265306122448979592,0.00013,0.00038,up,wick,0
IBOR|GBPUSD|M15|london|2022-01-27|60|IB60|OR30,IB_OR_RELATION,RELATION_P0,aligned_defined_pair,IB|GBPUSD|M15|london|2022-01-27|60,OR|GBPUSD|M15|london|2022-01-27|30,GBPUSD,M15,london,Europe/London,2022-01-27,60,30,2022-01-27T08:00:00Z,2022-01-27T09:00:00Z,2022-01-27T08:30:00Z,1.34322,1.34214,0.00108,1.34322,1.34245,0.00077,1,0,0.00031,1.402597402597402597402597403,0.00000,0.00031,down,wick,0
IBOR|GBPUSD|M15|new_york|2022-01-27|60|IB60|OR30,IB_OR_RELATION,RELATION_P0,aligned_defined_pair,IB|GBPUSD|M15|new_york|2022-01-27|60,OR|GBPUSD|M15|new_york|2022-01-27|30,GBPUSD,M15,new_york,America/New_York,2022-01-27,60,30,2022-01-27T14:30:00Z,2022-01-27T15:30:00Z,2022-01-27T15:00:00Z,1.33957,1.33684,0.00273,1.33957,1.33893,0.00064,1,0,0.00209,4.265625,0.00000,0.00209,down,close,0
IBOR|GBPUSD|M15|london|2022-01-28|60|IB60|OR30,IB_OR_RELATION,RELATION_P0,aligned_defined_pair,IB|GBPUSD|M15|london|2022-01-28|60,OR|GBPUSD|M15|london|2022-01-28|30,GBPUSD,M15,london,Europe/London,2022-01-28,60,30,2022-01-28T08:00:00Z,2022-01-28T09:00:00Z,2022-01-28T08:30:00Z,1.34142,1.34022,0.00120,1.34142,1.34082,0.00060,1,0,0.00060,2,0.00000,0.00060,down,close,0
IBOR|GBPUSD|M15|new_york|2022-01-28|60|IB60|OR30,IB_OR_RELATION,RELATION_P0,aligned_defined_pair,IB|GBPUSD|M15|new_york|2022-01-28|60,OR|GBPUSD|M15|new_york|2022-01-28|30,GBPUSD,M15,new_york,America/New_York,2022-01-28,60,30,2022-01-28T14:30:00Z,2022-01-28T15:30:00Z,2022-01-28T15:00:00Z,1.33908,1.33727,0.00181,1.33846,1.33727,0.00119,1,0,0.00062,1.521008403361344537815126050,0.00062,0.00000,up,close,0
IBOR|GBPUSD|M15|london|2022-01-31|60|IB60|OR30,IB_OR_RELATION,RELATION_P0,aligned_defined_pair,IB|GBPUSD|M15|london|2022-01-31|60,OR|GBPUSD|M15|london|2022-01-31|30,GBPUSD,M15,london,Europe/London,2022-01-31,60,30,2022-01-31T08:00:00Z,2022-01-31T09:00:00Z,2022-01-31T08:30:00Z,1.34259,1.34153,0.00106,1.34234,1.34153,0.00081,1,0,0.00025,1.308641975308641975308641975,0.00025,0.00000,up,close,0
IBOR|GBPUSD|M15|new_york|2022-01-31|60|IB60|OR30,IB_OR_RELATION,RELATION_P0,aligned_defined_pair,IB|GBPUSD|M15|new_york|2022-01-31|60,OR|GBPUSD|M15|new_york|2022-01-31|30,GBPUSD,M15,new_york,America/New_York,2022-01-31,60,30,2022-01-31T14:30:00Z,2022-01-31T15:30:00Z,2022-01-31T15:00:00Z,1.34237,1.34075,0.00162,1.34209,1.34075,0.00134,1,0,0.00028,1.208955223880597014925373134,0.00028,0.00000,up,wick,0
IBOR|GBPUSD|M15|london|2022-02-01|60|IB60|OR30,IB_OR_RELATION,RELATION_P0,aligned_defined_pair,IB|GBPUSD|M15|london|2022-02-01|60,OR|GBPUSD|M15|london|2022-02-01|30,GBPUSD,M15,london,Europe/London,2022-02-01,60,30,2022-02-01T08:00:00Z,2022-02-01T09:00:00Z,2022-02-01T08:30:00Z,1.34537,1.34419,0.00118,1.34537,1.34474,0.00063,1,0,0.00055,1.873015873015873015873015873,0.00000,0.00055,down,close,0
IBOR|GBPUSD|M15|new_york|2022-02-01|60|IB60|OR30,IB_OR_RELATION,RELATION_P0,aligned_defined_pair,IB|GBPUSD|M15|new_york|2022-02-01|60,OR|GBPUSD|M15|new_york|2022-02-01|30,GBPUSD,M15,new_york,America/New_York,2022-02-01,60,30,2022-02-01T14:30:00Z,2022-02-01T15:30:00Z,2022-02-01T15:00:00Z,1.34968,1.34756,0.00212,1.34968,1.34757,0.00211,1,0,0.00001,1.004739336492890995260663507,0.00000,0.00001,down,wick,0
IBOR|GBPUSD|M15|london|2022-02-02|60|IB60|OR30,IB_OR_RELATION,RELATION_P0,aligned_defined_pair,IB|GBPUSD|M15|london|2022-02-02|60,OR|GBPUSD|M15|london|2022-02-02|30,GBPUSD,M15,london,Europe/London,2022-02-02,60,30,2022-02-02T08:00:00Z,2022-02-02T09:00:00Z,2022-02-02T08:30:00Z,1.35245,1.35188,0.00057,1.35236,1.35188,0.00048,1,0,0.00009,1.1875,0.00009,0.00000,up,wick,0
IBOR|GBPUSD|M15|new_york|2022-02-02|60|IB60|OR30,IB_OR_RELATION,RELATION_P0,aligned_defined_pair,IB|GBPUSD|M15|new_york|2022-02-02|60,OR|GBPUSD|M15|new_york|2022-02-02|30,GBPUSD,M15,new_york,America/New_York,2022-02-02,60,30,2022-02-02T14:30:00Z,2022-02-02T15:30:00Z,2022-02-02T15:00:00Z,1.35869,1.35656,0.00213,1.35798,1.35656,0.00142,1,0,0.00071,1.5,0.00071,0.00000,up,wick,0
IBOR|GBPUSD|M15|london|2022-02-03|60|IB60|OR30,IB_OR_RELATION,RELATION_P0,aligned_defined_pair,IB|GBPUSD|M15|london|2022-02-03|60,OR|GBPUSD|M15|london|2022-02-03|30,GBPUSD,M15,london,Europe/London,2022-02-03,60,30,2022-02-03T08:00:00Z,2022-02-03T09:00:00Z,2022-02-03T08:30:00Z,1.35568,1.35469,0.00099,1.35539,1.35469,0.00070,1,0,0.00029,1.414285714285714285714285714,0.00029,0.00000,up,wick,0
IBOR|GBPUSD|M15|new_york|2022-02-03|60|IB60|OR30,IB_OR_RELATION,RELATION_P0,aligned_defined_pair,IB|GBPUSD|M15|new_york|2022-02-03|60,OR|GBPUSD|M15|new_york|2022-02-03|30,GBPUSD,M15,new_york,America/New_York,2022-02-03,60,30,2022-02-03T14:30:00Z,2022-02-03T15:30:00Z,2022-02-03T15:00:00Z,1.36169,1.35578,0.00591,1.36169,1.35758,0.00411,1,0,0.00180,1.437956204379562043795620438,0.00000,0.00180,down,close,0
IBOR|GBPUSD|M15|london|2022-02-04|60|IB60|OR30,IB_OR_RELATION,RELATION_P0,aligned_defined_pair,IB|GBPUSD|M15|london|2022-02-04|60,OR|GBPUSD|M15|london|2022-02-04|30,GBPUSD,M15,london,Europe/London,2022-02-04,60,30,2022-02-04T08:00:00Z,2022-02-04T09:00:00Z,2022-02-04T08:30:00Z,1.35973,1.35820,0.00153,1.35973,1.35820,0.00153,1,1,0.00000,1,0.00000,0.00000,down,close,0
IBOR|GBPUSD|M15|new_york|2022-02-04|60|IB60|OR30,IB_OR_RELATION,RELATION_P0,aligned_defined_pair,IB|GBPUSD|M15|new_york|2022-02-04|60,OR|GBPUSD|M15|new_york|2022-02-04|30,GBPUSD,M15,new_york,America/New_York,2022-02-04,60,30,2022-02-04T14:30:00Z,2022-02-04T15:30:00Z,2022-02-04T15:00:00Z,1.35746,1.35396,0.00350,1.35746,1.35568,0.00178,1,0,0.00172,1.966292134831460674157303371,0.00000,0.00172,down,close,0
IBOR|GBPUSD|M15|london|2022-02-07|60|IB60|OR30,IB_OR_RELATION,RELATION_P0,aligned_defined_pair,IB|GBPUSD|M15|london|2022-02-07|60,OR|GBPUSD|M15|london|2022-02-07|30,GBPUSD,M15,london,Europe/London,2022-02-07,60,30,2022-02-07T08:00:00Z,2022-02-07T09:00:00Z,2022-02-07T08:30:00Z,1.35256,1.35190,0.00066,1.35235,1.35190,0.00045,1,0,0.00021,1.466666666666666666666666667,0.00021,0.00000,up,wick,0
IBOR|GBPUSD|M15|new_york|2022-02-07|60|IB60|OR30,IB_OR_RELATION,RELATION_P0,aligned_defined_pair,IB|GBPUSD|M15|new_york|2022-02-07|60,OR|GBPUSD|M15|new_york|2022-02-07|30,GBPUSD,M15,new_york,America/New_York,2022-02-07,60,30,2022-02-07T14:30:00Z,2022-02-07T15:30:00Z,2022-02-07T15:00:00Z,1.35235,1.35101,0.00134,1.35235,1.35101,0.00134,1,1,0.00000,1,0.00000,0.00000,down,wick,0
IBOR|GBPUSD|M15|london|2022-02-08|60|IB60|OR30,IB_OR_RELATION,RELATION_P0,aligned_defined_pair,IB|GBPUSD|M15|london|2022-02-08|60,OR|GBPUSD|M15|london|2022-02-08|30,GBPUSD,M15,london,Europe/London,2022-02-08,60,30,2022-02-08T08:00:00Z,2022-02-08T09:00:00Z,2022-02-08T08:30:00Z,1.35300,1.35139,0.00161,1.35241,1.35139,0.00102,1,0,0.00059,1.578431372549019607843137255,0.00059,0.00000,up,close,0
IBOR|GBPUSD|M15|new_york|2022-02-08|60|IB60|OR30,IB_OR_RELATION,RELATION_P0,aligned_defined_pair,IB|GBPUSD|M15|new_york|2022-02-08|60,OR|GBPUSD|M15|new_york|2022-02-08|30,GBPUSD,M15,new_york,America/New_York,2022-02-08,60,30,2022-02-08T14:30:00Z,2022-02-08T15:30:00Z,2022-02-08T15:00:00Z,1.35433,1.35151,0.00282,1.35433,1.35247,0.00186,1,0,0.00096,1.516129032258064516129032258,0.00000,0.00096,down,close,0
IBOR|GBPUSD|M15|london|2022-02-09|60|IB60|OR30,IB_OR_RELATION,RELATION_P0,aligned_defined_pair,IB|GBPUSD|M15|london|2022-02-09|60,OR|GBPUSD|M15|london|2022-02-09|30,GBPUSD,M15,london,Europe/London,2022-02-09,60,30,2022-02-09T08:00:00Z,2022-02-09T09:00:00Z,2022-02-09T08:30:00Z,1.35580,1.35514,0.00066,1.35580,1.35523,0.00057,1,0,0.00009,1.157894736842105263157894737,0.00000,0.00009,down,close,0
IBOR|GBPUSD|M15|new_york|2022-02-09|60|IB60|OR30,IB_OR_RELATION,RELATION_P0,aligned_defined_pair,IB|GBPUSD|M15|new_york|2022-02-09|60,OR|GBPUSD|M15|new_york|2022-02-09|30,GBPUSD,M15,new_york,America/New_York,2022-02-09,60,30,2022-02-09T14:30:00Z,2022-02-09T15:30:00Z,2022-02-09T15:00:00Z,1.35799,1.35633,0.00166,1.35799,1.35702,0.00097,1,0,0.00069,1.711340206185567010309278351,0.00000,0.00069,down,close,0
IBOR|GBPUSD|M15|london|2022-02-10|60|IB60|OR30,IB_OR_RELATION,RELATION_P0,aligned_defined_pair,IB|GBPUSD|M15|london|2022-02-10|60,OR|GBPUSD|M15|london|2022-02-10|30,GBPUSD,M15,london,Europe/London,2022-02-10,60,30,2022-02-10T08:00:00Z,2022-02-10T09:00:00Z,2022-02-10T08:30:00Z,1.35361,1.35284,0.00077,1.35338,1.35284,0.00054,1,0,0.00023,1.425925925925925925925925926,0.00023,0.00000,up,close,0
IBOR|GBPUSD|M15|new_york|2022-02-10|60|IB60|OR30,IB_OR_RELATION,RELATION_P0,aligned_defined_pair,IB|GBPUSD|M15|new_york|2022-02-10|60,OR|GBPUSD|M15|new_york|2022-02-10|30,GBPUSD,M15,new_york,America/New_York,2022-02-10,60,30,2022-02-10T14:30:00Z,2022-02-10T15:30:00Z,2022-02-10T15:00:00Z,1.35800,1.35698,0.00102,1.35776,1.35698,0.00078,1,0,0.00024,1.307692307692307692307692308,0.00024,0.00000,up,close,0
IBOR|GBPUSD|M15|london|2022-02-11|60|IB60|OR30,IB_OR_RELATION,RELATION_P0,aligned_defined_pair,IB|GBPUSD|M15|london|2022-02-11|60,OR|GBPUSD|M15|london|2022-02-11|30,GBPUSD,M15,london,Europe/London,2022-02-11,60,30,2022-02-11T08:00:00Z,2022-02-11T09:00:00Z,2022-02-11T08:30:00Z,1.35338,1.35135,0.00203,1.35338,1.35234,0.00104,1,0,0.00099,1.951923076923076923076923077,0.00000,0.00099,down,close,0
IBOR|GBPUSD|M15|new_york|2022-02-11|60|IB60|OR30,IB_OR_RELATION,RELATION_P0,aligned_defined_pair,IB|GBPUSD|M15|new_york|2022-02-11|60,OR|GBPUSD|M15|new_york|2022-02-11|30,GBPUSD,M15,new_york,America/New_York,2022-02-11,60,30,2022-02-11T14:30:00Z,2022-02-11T15:30:00Z,2022-02-11T15:00:00Z,1.35984,1.35755,0.00229,1.35879,1.35755,0.00124,1,0,0.00105,1.846774193548387096774193548,0.00105,0.00000,up,close,0
IBOR|GBPUSD|M15|london|2022-02-14|60|IB60|OR30,IB_OR_RELATION,RELATION_P0,aligned_defined_pair,IB|GBPUSD|M15|london|2022-02-14|60,OR|GBPUSD|M15|london|2022-02-14|30,GBPUSD,M15,london,Europe/London,2022-02-14,60,30,2022-02-14T08:00:00Z,2022-02-14T09:00:00Z,2022-02-14T08:30:00Z,1.35463,1.35369,0.00094,1.35463,1.35381,0.00082,1,0,0.00012,1.146341463414634146341463415,0.00000,0.00012,down,close,0
IBOR|GBPUSD|M15|new_york|2022-02-14|60|IB60|OR30,IB_OR_RELATION,RELATION_P0,aligned_defined_pair,IB|GBPUSD|M15|new_york|2022-02-14|60,OR|GBPUSD|M15|new_york|2022-02-14|30,GBPUSD,M15,new_york,America/New_York,2022-02-14,60,30,2022-02-14T14:30:00Z,2022-02-14T15:30:00Z,2022-02-14T15:00:00Z,1.35468,1.35051,0.00417,1.35468,1.35051,0.00417,1,1,0.00000,1,0.00000,0.00000,none,none,0
IBOR|GBPUSD|M15|london|2022-02-15|60|IB60|OR30,IB_OR_RELATION,RELATION_P0,aligned_defined_pair,IB|GBPUSD|M15|london|2022-02-15|60,OR|GBPUSD|M15|london|2022-02-15|30,GBPUSD,M15,london,Europe/London,2022-02-15,60,30,2022-02-15T08:00:00Z,2022-02-15T09:00:00Z,2022-02-15T08:30:00Z,1.35342,1.35271,0.00071,1.35324,1.35279,0.00045,1,0,0.00026,1.577777777777777777777777778,0.00018,0.00008,none,ambiguous,0
IBOR|GBPUSD|M15|new_york|2022-02-15|60|IB60|OR30,IB_OR_RELATION,RELATION_P0,aligned_defined_pair,IB|GBPUSD|M15|new_york|2022-02-15|60,OR|GBPUSD|M15|new_york|2022-02-15|30,GBPUSD,M15,new_york,America/New_York,2022-02-15,60,30,2022-02-15T14:30:00Z,2022-02-15T15:30:00Z,2022-02-15T15:00:00Z,1.35490,1.35351,0.00139,1.35490,1.35351,0.00139,1,1,0.00000,1,0.00000,0.00000,none,ambiguous,0
IBOR|GBPUSD|M15|london|2022-02-16|60|IB60|OR30,IB_OR_RELATION,RELATION_P0,aligned_defined_pair,IB|GBPUSD|M15|london|2022-02-16|60,OR|GBPUSD|M15|london|2022-02-16|30,GBPUSD,M15,london,Europe/London,2022-02-16,60,30,2022-02-16T08:00:00Z,2022-02-16T09:00:00Z,2022-02-16T08:30:00Z,1.35562,1.35474,0.00088,1.35528,1.35474,0.00054,1,0,0.00034,1.629629629629629629629629630,0.00034,0.00000,up,close,0
IBOR|GBPUSD|M15|new_york|2022-02-16|60|IB60|OR30,IB_OR_RELATION,RELATION_P0,aligned_defined_pair,IB|GBPUSD|M15|new_york|2022-02-16|60,OR|GBPUSD|M15|new_york|2022-02-16|30,GBPUSD,M15,new_york,America/New_York,2022-02-16,60,30,2022-02-16T14:30:00Z,2022-02-16T15:30:00Z,2022-02-16T15:00:00Z,1.35594,1.35429,0.00165,1.35594,1.35429,0.00165,1,1,0.00000,1,0.00000,0.00000,down,wick,0
IBOR|GBPUSD|M15|london|2022-02-17|60|IB60|OR30,IB_OR_RELATION,RELATION_P0,aligned_defined_pair,IB|GBPUSD|M15|london|2022-02-17|60,OR|GBPUSD|M15|london|2022-02-17|30,GBPUSD,M15,london,Europe/London,2022-02-17,60,30,2022-02-17T08:00:00Z,2022-02-17T09:00:00Z,2022-02-17T08:30:00Z,1.35966,1.35734,0.00232,1.35942,1.35734,0.00208,1,0,0.00024,1.115384615384615384615384615,0.00024,0.00000,up,wick,0
IBOR|GBPUSD|M15|new_york|2022-02-17|60|IB60|OR30,IB_OR_RELATION,RELATION_P0,aligned_defined_pair,IB|GBPUSD|M15|new_york|2022-02-17|60,OR|GBPUSD|M15|new_york|2022-02-17|30,GBPUSD,M15,new_york,America/New_York,2022-02-17,60,30,2022-02-17T14:30:00Z,2022-02-17T15:30:00Z,2022-02-17T15:00:00Z,1.36280,1.36097,0.00183,1.36275,1.36136,0.00139,1,0,0.00044,1.316546762589928057553956835,0.00005,0.00039,up,wick,0
IBOR|GBPUSD|M15|london|2022-02-18|60|IB60|OR30,IB_OR_RELATION,RELATION_P0,aligned_defined_pair,IB|GBPUSD|M15|london|2022-02-18|60,OR|GBPUSD|M15|london|2022-02-18|30,GBPUSD,M15,london,Europe/London,2022-02-18,60,30,2022-02-18T08:00:00Z,2022-02-18T09:00:00Z,2022-02-18T08:30:00Z,1.36191,1.36057,0.00134,1.36160,1.36057,0.00103,1,0,0.00031,1.300970873786407766990291262,0.00031,0.00000,up,close,0
IBOR|GBPUSD|M15|new_york|2022-02-18|60|IB60|OR30,IB_OR_RELATION,RELATION_P0,aligned_defined_pair,IB|GBPUSD|M15|new_york|2022-02-18|60,OR|GBPUSD|M15|new_york|2022-02-18|30,GBPUSD,M15,new_york,America/New_York,2022-02-18,60,30,2022-02-18T14:30:00Z,2022-02-18T15:30:00Z,2022-02-18T15:00:00Z,1.36247,1.36003,0.00244,1.36247,1.36136,0.00111,1,0,0.00133,2.198198198198198198198198198,0.00000,0.00133,down,close,0
IBOR|GBPUSD|M15|london|2022-02-21|60|IB60|OR30,IB_OR_RELATION,RELATION_P0,aligned_defined_pair,IB|GBPUSD|M15|london|2022-02-21|60,OR|GBPUSD|M15|london|2022-02-21|30,GBPUSD,M15,london,Europe/London,2022-02-21,60,30,2022-02-21T08:00:00Z,2022-02-21T09:00:00Z,2022-02-21T08:30:00Z,1.36266,1.36174,0.00092,1.36210,1.36174,0.00036,1,0,0.00056,2.555555555555555555555555556,0.00056,0.00000,up,close,0
IBOR|GBPUSD|M15|new_york|2022-02-21|60|IB60|OR30,IB_OR_RELATION,RELATION_P0,aligned_defined_pair,IB|GBPUSD|M15|new_york|2022-02-21|60,OR|GBPUSD|M15|new_york|2022-02-21|30,GBPUSD,M15,new_york,America/New_York,2022-02-21,60,30,2022-02-21T14:30:00Z,2022-02-21T15:30:00Z,2022-02-21T15:00:00Z,1.36181,1.35989,0.00192,1.36181,1.36056,0.00125,1,0,0.00067,1.536,0.00000,0.00067,down,close,0
IBOR|GBPUSD|M15|london|2022-02-22|60|IB60|OR30,IB_OR_RELATION,RELATION_P0,aligned_defined_pair,IB|GBPUSD|M15|london|2022-02-22|60,OR|GBPUSD|M15|london|2022-02-22|30,GBPUSD,M15,london,Europe/London,2022-02-22,60,30,2022-02-22T08:00:00Z,2022-02-22T09:00:00Z,2022-02-22T08:30:00Z,1.35971,1.35834,0.00137,1.35971,1.35896,0.00075,1,0,0.00062,1.826666666666666666666666667,0.00000,0.00062,down,close,0
IBOR|GBPUSD|M15|new_york|2022-02-22|60|IB60|OR30,IB_OR_RELATION,RELATION_P0,aligned_defined_pair,IB|GBPUSD|M15|new_york|2022-02-22|60,OR|GBPUSD|M15|new_york|2022-02-22|30,GBPUSD,M15,new_york,America/New_York,2022-02-22,60,30,2022-02-22T14:30:00Z,2022-02-22T15:30:00Z,2022-02-22T15:00:00Z,1.35615,1.35430,0.00185,1.35615,1.35432,0.00183,1,0,0.00002,1.010928961748633879781420765,0.00000,0.00002,down,wick,0
IBOR|GBPUSD|M15|london|2022-02-23|60|IB60|OR30,IB_OR_RELATION,RELATION_P0,aligned_defined_pair,IB|GBPUSD|M15|london|2022-02-23|60,OR|GBPUSD|M15|london|2022-02-23|30,GBPUSD,M15,london,Europe/London,2022-02-23,60,30,2022-02-23T08:00:00Z,2022-02-23T09:00:00Z,2022-02-23T08:30:00Z,1.35970,1.35912,0.00058,1.35961,1.35912,0.00049,1,0,0.00009,1.183673469387755102040816327,0.00009,0.00000,up,wick,0
IBOR|GBPUSD|M15|new_york|2022-02-23|60|IB60|OR30,IB_OR_RELATION,RELATION_P0,aligned_defined_pair,IB|GBPUSD|M15|new_york|2022-02-23|60,OR|GBPUSD|M15|new_york|2022-02-23|30,GBPUSD,M15,new_york,America/New_York,2022-02-23,60,30,2022-02-23T14:30:00Z,2022-02-23T15:30:00Z,2022-02-23T15:00:00Z,1.35975,1.35810,0.00165,1.35975,1.35831,0.00144,1,0,0.00021,1.145833333333333333333333333,0.00000,0.00021,down,wick,0
IBOR|GBPUSD|M15|london|2022-02-24|60|IB60|OR30,IB_OR_RELATION,RELATION_P0,aligned_defined_pair,IB|GBPUSD|M15|london|2022-02-24|60,OR|GBPUSD|M15|london|2022-02-24|30,GBPUSD,M15,london,Europe/London,2022-02-24,60,30,2022-02-24T08:00:00Z,2022-02-24T09:00:00Z,2022-02-24T08:30:00Z,1.35122,1.34945,0.00177,1.35122,1.34962,0.00160,1,0,0.00017,1.10625,0.00000,0.00017,down,wick,0
IBOR|GBPUSD|M15|new_york|2022-02-24|60|IB60|OR30,IB_OR_RELATION,RELATION_P0,aligned_defined_pair,IB|GBPUSD|M15|new_york|2022-02-24|60,OR|GBPUSD|M15|new_york|2022-02-24|30,GBPUSD,M15,new_york,America/New_York,2022-02-24,60,30,2022-02-24T14:30:00Z,2022-02-24T15:30:00Z,2022-02-24T15:00:00Z,1.34187,1.33687,0.00500,1.34187,1.33926,0.00261,1,0,0.00239,1.915708812260536398467432950,0.00000,0.00239,down,close,0
IBOR|GBPUSD|M15|london|2022-02-25|60|IB60|OR30,IB_OR_RELATION,RELATION_P0,aligned_defined_pair,IB|GBPUSD|M15|london|2022-02-25|60,OR|GBPUSD|M15|london|2022-02-25|30,GBPUSD,M15,london,Europe/London,2022-02-25,60,30,2022-02-25T08:00:00Z,2022-02-25T09:00:00Z,2022-02-25T08:30:00Z,1.34362,1.34137,0.00225,1.34362,1.34228,0.00134,1,0,0.00091,1.679104477611940298507462687,0.00000,0.00091,down,close,0
IBOR|GBPUSD|M15|new_york|2022-02-25|60|IB60|OR30,IB_OR_RELATION,RELATION_P0,aligned_defined_pair,IB|GBPUSD|M15|new_york|2022-02-25|60,OR|GBPUSD|M15|new_york|2022-02-25|30,GBPUSD,M15,new_york,America/New_York,2022-02-25,60,30,2022-02-25T14:30:00Z,2022-02-25T15:30:00Z,2022-02-25T15:00:00Z,1.34117,1.33819,0.00298,1.34117,1.33819,0.00298,1,1,0.00000,1,0.00000,0.00000,down,wick,0
IBOR|GBPUSD|M15|london|2022-02-28|60|IB60|OR30,IB_OR_RELATION,RELATION_P0,aligned_defined_pair,IB|GBPUSD|M15|london|2022-02-28|60,OR|GBPUSD|M15|london|2022-02-28|30,GBPUSD,M15,london,Europe/London,2022-02-28,60,30,2022-02-28T08:00:00Z,2022-02-28T09:00:00Z,2022-02-28T08:30:00Z,1.33743,1.33556,0.00187,1.33691,1.33556,0.00135,1,0,0.00052,1.385185185185185185185185185,0.00052,0.00000,up,close,0
IBOR|GBPUSD|M15|new_york|2022-02-28|60|IB60|OR30,IB_OR_RELATION,RELATION_P0,aligned_defined_pair,IB|GBPUSD|M15|new_york|2022-02-28|60,OR|GBPUSD|M15|new_york|2022-02-28|30,GBPUSD,M15,new_york,America/New_York,2022-02-28,60,30,2022-02-28T14:30:00Z,2022-02-28T15:30:00Z,2022-02-28T15:00:00Z,1.34060,1.33866,0.00194,1.34029,1.33880,0.00149,1,0,0.00045,1.302013422818791946308724832,0.00031,0.00014,none,ambiguous,0
IBOR|GBPUSD|M15|london|2022-03-01|60|IB60|OR30,IB_OR_RELATION,RELATION_P0,aligned_defined_pair,IB|GBPUSD|M15|london|2022-03-01|60,OR|GBPUSD|M15|london|2022-03-01|30,GBPUSD,M15,london,Europe/London,2022-03-01,60,30,2022-03-01T08:00:00Z,2022-03-01T09:00:00Z,2022-03-01T08:30:00Z,1.34251,1.34138,0.00113,1.34218,1.34138,0.00080,1,0,0.00033,1.4125,0.00033,0.00000,up,close,0
IBOR|GBPUSD|M15|new_york|2022-03-01|60|IB60|OR30,IB_OR_RELATION,RELATION_P0,aligned_defined_pair,IB|GBPUSD|M15|new_york|2022-03-01|60,OR|GBPUSD|M15|new_york|2022-03-01|30,GBPUSD,M15,new_york,America/New_York,2022-03-01,60,30,2022-03-01T14:30:00Z,2022-03-01T15:30:00Z,2022-03-01T15:00:00Z,1.34107,1.33818,0.00289,1.34107,1.33931,0.00176,1,0,0.00113,1.642045454545454545454545455,0.00000,0.00113,down,close,0
IBOR|GBPUSD|M15|london|2022-03-02|60|IB60|OR30,IB_OR_RELATION,RELATION_P0,aligned_defined_pair,IB|GBPUSD|M15|london|2022-03-02|60,OR|GBPUSD|M15|london|2022-03-02|30,GBPUSD,M15,london,Europe/London,2022-03-02,60,30,2022-03-02T08:00:00Z,2022-03-02T09:00:00Z,2022-03-02T08:30:00Z,1.33126,1.32836,0.00290,1.33126,1.33018,0.00108,1,0,0.00182,2.685185185185185185185185185,0.00000,0.00182,down,close,0
IBOR|GBPUSD|M15|new_york|2022-03-02|60|IB60|OR30,IB_OR_RELATION,RELATION_P0,aligned_defined_pair,IB|GBPUSD|M15|new_york|2022-03-02|60,OR|GBPUSD|M15|new_york|2022-03-02|30,GBPUSD,M15,new_york,America/New_York,2022-03-02,60,30,2022-03-02T14:30:00Z,2022-03-02T15:30:00Z,2022-03-02T15:00:00Z,1.33341,1.33175,0.00166,1.33341,1.33175,0.00166,1,1,0.00000,1,0.00000,0.00000,up,wick,0
IBOR|GBPUSD|M15|london|2022-03-03|60|IB60|OR30,IB_OR_RELATION,RELATION_P0,aligned_defined_pair,IB|GBPUSD|M15|london|2022-03-03|60,OR|GBPUSD|M15|london|2022-03-03|30,GBPUSD,M15,london,Europe/London,2022-03-03,60,30,2022-03-03T08:00:00Z,2022-03-03T09:00:00Z,2022-03-03T08:30:00Z,1.34146,1.34016,0.00130,1.34113,1.34016,0.00097,1,0,0.00033,1.340206185567010309278350515,0.00033,0.00000,up,close,0
IBOR|GBPUSD|M15|new_york|2022-03-03|60|IB60|OR30,IB_OR_RELATION,RELATION_P0,aligned_defined_pair,IB|GBPUSD|M15|new_york|2022-03-03|60,OR|GBPUSD|M15|new_york|2022-03-03|30,GBPUSD,M15,new_york,America/New_York,2022-03-03,60,30,2022-03-03T14:30:00Z,2022-03-03T15:30:00Z,2022-03-03T15:00:00Z,1.33922,1.33734,0.00188,1.33922,1.33734,0.00188,1,1,0.00000,1,0.00000,0.00000,down,wick,0
IBOR|GBPUSD|M15|london|2022-03-04|60|IB60|OR30,IB_OR_RELATION,RELATION_P0,aligned_defined_pair,IB|GBPUSD|M15|london|2022-03-04|60,OR|GBPUSD|M15|london|2022-03-04|30,GBPUSD,M15,london,Europe/London,2022-03-04,60,30,2022-03-04T08:00:00Z,2022-03-04T09:00:00Z,2022-03-04T08:30:00Z,1.33445,1.33319,0.00126,1.33445,1.33371,0.00074,1,0,0.00052,1.702702702702702702702702703,0.00000,0.00052,down,wick,0
IBOR|GBPUSD|M15|new_york|2022-03-04|60|IB60|OR30,IB_OR_RELATION,RELATION_P0,aligned_defined_pair,IB|GBPUSD|M15|new_york|2022-03-04|60,OR|GBPUSD|M15|new_york|2022-03-04|30,GBPUSD,M15,new_york,America/New_York,2022-03-04,60,30,2022-03-04T14:30:00Z,2022-03-04T15:30:00Z,2022-03-04T15:00:00Z,1.32809,1.32538,0.00271,1.32809,1.32585,0.00224,1,0,0.00047,1.209821428571428571428571429,0.00000,0.00047,down,wick,0
IBOR|GBPUSD|M15|london|2022-03-07|60|IB60|OR30,IB_OR_RELATION,RELATION_P0,aligned_defined_pair,IB|GBPUSD|M15|london|2022-03-07|60,OR|GBPUSD|M15|london|2022-03-07|30,GBPUSD,M15,london,Europe/London,2022-03-07,60,30,2022-03-07T08:00:00Z,2022-03-07T09:00:00Z,2022-03-07T08:30:00Z,1.32192,1.32057,0.00135,1.32192,1.32057,0.00135,1,1,0.00000,1,0.00000,0.00000,up,wick,0
IBOR|GBPUSD|M15|new_york|2022-03-07|60|IB60|OR30,IB_OR_RELATION,RELATION_P0,aligned_defined_pair,IB|GBPUSD|M15|new_york|2022-03-07|60,OR|GBPUSD|M15|new_york|2022-03-07|30,GBPUSD,M15,new_york,America/New_York,2022-03-07,60,30,2022-03-07T14:30:00Z,2022-03-07T15:30:00Z,2022-03-07T15:00:00Z,1.32137,1.31733,0.00404,1.32137,1.31814,0.00323,1,0,0.00081,1.250773993808049535603715170,0.00000,0.00081,down,wick,0
IBOR|GBPUSD|M15|london|2022-03-08|60|IB60|OR30,IB_OR_RELATION,RELATION_P0,aligned_defined_pair,IB|GBPUSD|M15|london|2022-03-08|60,OR|GBPUSD|M15|london|2022-03-08|30,GBPUSD,M15,london,Europe/London,2022-03-08,60,30,2022-03-08T08:00:00Z,2022-03-08T09:00:00Z,2022-03-08T08:30:00Z,1.31172,1.31003,0.00169,1.31172,1.31047,0.00125,1,0,0.00044,1.352,0.00000,0.00044,down,close,0
IBOR|GBPUSD|M15|new_york|2022-03-08|60|IB60|OR30,IB_OR_RELATION,RELATION_P0,aligned_defined_pair,IB|GBPUSD|M15|new_york|2022-03-08|60,OR|GBPUSD|M15|new_york|2022-03-08|30,GBPUSD,M15,new_york,America/New_York,2022-03-08,60,30,2022-03-08T14:30:00Z,2022-03-08T15:30:00Z,2022-03-08T15:00:00Z,1.31180,1.30849,0.00331,1.31180,1.31002,0.00178,1,0,0.00153,1.859550561797752808988764045,0.00000,0.00153,down,close,0
IBOR|GBPUSD|M15|london|2022-03-09|60|IB60|OR30,IB_OR_RELATION,RELATION_P0,aligned_defined_pair,IB|GBPUSD|M15|london|2022-03-09|60,OR|GBPUSD|M15|london|2022-03-09|30,GBPUSD,M15,london,Europe/London,2022-03-09,60,30,2022-03-09T08:00:00Z,2022-03-09T09:00:00Z,2022-03-09T08:30:00Z,1.31236,1.31109,0.00127,1.31236,1.31109,0.00127,1,1,0.00000,1,0.00000,0.00000,down,wick,0
IBOR|GBPUSD|M15|new_york|2022-03-09|60|IB60|OR30,IB_OR_RELATION,RELATION_P0,aligned_defined_pair,IB|GBPUSD|M15|new_york|2022-03-09|60,OR|GBPUSD|M15|new_york|2022-03-09|30,GBPUSD,M15,new_york,America/New_York,2022-03-09,60,30,2022-03-09T14:30:00Z,2022-03-09T15:30:00Z,2022-03-09T15:00:00Z,1.31578,1.31445,0.00133,1.31578,1.31445,0.00133,1,1,0.00000,1,0.00000,0.00000,down,wick,0
IBOR|GBPUSD|M15|london|2022-03-10|60|IB60|OR30,IB_OR_RELATION,RELATION_P0,aligned_defined_pair,IB|GBPUSD|M15|london|2022-03-10|60,OR|GBPUSD|M15|london|2022-03-10|30,GBPUSD,M15,london,Europe/London,2022-03-10,60,30,2022-03-10T08:00:00Z,2022-03-10T09:00:00Z,2022-03-10T08:30:00Z,1.31837,1.31739,0.00098,1.31830,1.31739,0.00091,1,0,0.00007,1.076923076923076923076923077,0.00007,0.00000,up,wick,0
IBOR|GBPUSD|M15|new_york|2022-03-10|60|IB60|OR30,IB_OR_RELATION,RELATION_P0,aligned_defined_pair,IB|GBPUSD|M15|new_york|2022-03-10|60,OR|GBPUSD|M15|new_york|2022-03-10|30,GBPUSD,M15,new_york,America/New_York,2022-03-10,60,30,2022-03-10T14:30:00Z,2022-03-10T15:30:00Z,2022-03-10T15:00:00Z,1.31929,1.31571,0.00358,1.31929,1.31571,0.00358,1,1,0.00000,1,0.00000,0.00000,down,close,0
IBOR|GBPUSD|M15|london|2022-03-11|60|IB60|OR30,IB_OR_RELATION,RELATION_P0,aligned_defined_pair,IB|GBPUSD|M15|london|2022-03-11|60,OR|GBPUSD|M15|london|2022-03-11|30,GBPUSD,M15,london,Europe/London,2022-03-11,60,30,2022-03-11T08:00:00Z,2022-03-11T09:00:00Z,2022-03-11T08:30:00Z,1.30959,1.30708,0.00251,1.30926,1.30708,0.00218,1,0,0.00033,1.151376146788990825688073394,0.00033,0.00000,up,close,0
IBOR|GBPUSD|M15|new_york|2022-03-11|60|IB60|OR30,IB_OR_RELATION,RELATION_P0,aligned_defined_pair,IB|GBPUSD|M15|new_york|2022-03-11|60,OR|GBPUSD|M15|new_york|2022-03-11|30,GBPUSD,M15,new_york,America/New_York,2022-03-11,60,30,2022-03-11T14:30:00Z,2022-03-11T15:30:00Z,2022-03-11T15:00:00Z,1.31158,1.30787,0.00371,1.31158,1.30787,0.00371,1,1,0.00000,1,0.00000,0.00000,down,close,0
IBOR|GBPUSD|M15|london|2022-03-14|60|IB60|OR30,IB_OR_RELATION,RELATION_P0,aligned_defined_pair,IB|GBPUSD|M15|london|2022-03-14|60,OR|GBPUSD|M15|london|2022-03-14|30,GBPUSD,M15,london,Europe/London,2022-03-14,60,30,2022-03-14T08:00:00Z,2022-03-14T09:00:00Z,2022-03-14T08:30:00Z,1.30220,1.30131,0.00089,1.30220,1.30131,0.00089,1,1,0.00000,1,0.00000,0.00000,down,wick,0
IBOR|GBPUSD|M15|new_york|2022-03-14|60|IB60|OR30,IB_OR_RELATION,RELATION_P0,aligned_defined_pair,IB|GBPUSD|M15|new_york|2022-03-14|60,OR|GBPUSD|M15|new_york|2022-03-14|30,GBPUSD,M15,new_york,America/New_York,2022-03-14,60,30,2022-03-14T13:30:00Z,2022-03-14T14:30:00Z,2022-03-14T14:00:00Z,1.30442,1.30236,0.00206,1.30442,1.30310,0.00132,1,0,0.00074,1.560606060606060606060606061,0.00000,0.00074,down,close,0
IBOR|GBPUSD|M15|london|2022-03-15|60|IB60|OR30,IB_OR_RELATION,RELATION_P0,aligned_defined_pair,IB|GBPUSD|M15|london|2022-03-15|60,OR|GBPUSD|M15|london|2022-03-15|30,GBPUSD,M15,london,Europe/London,2022-03-15,60,30,2022-03-15T08:00:00Z,2022-03-15T09:00:00Z,2022-03-15T08:30:00Z,1.30492,1.30366,0.00126,1.30492,1.30396,0.00096,1,0,0.00030,1.3125,0.00000,0.00030,down,close,0
IBOR|GBPUSD|M15|new_york|2022-03-15|60|IB60|OR30,IB_OR_RELATION,RELATION_P0,aligned_defined_pair,IB|GBPUSD|M15|new_york|2022-03-15|60,OR|GBPUSD|M15|new_york|2022-03-15|30,GBPUSD,M15,new_york,America/New_York,2022-03-15,60,30,2022-03-15T13:30:00Z,2022-03-15T14:30:00Z,2022-03-15T14:00:00Z,1.30565,1.30313,0.00252,1.30397,1.30313,0.00084,1,0,0.00168,3,0.00168,0.00000,up,close,0
IBOR|GBPUSD|M15|london|2022-03-16|60|IB60|OR30,IB_OR_RELATION,RELATION_P0,aligned_defined_pair,IB|GBPUSD|M15|london|2022-03-16|60,OR|GBPUSD|M15|london|2022-03-16|30,GBPUSD,M15,london,Europe/London,2022-03-16,60,30,2022-03-16T08:00:00Z,2022-03-16T09:00:00Z,2022-03-16T08:30:00Z,1.30632,1.30484,0.00148,1.30549,1.30484,0.00065,1,0,0.00083,2.276923076923076923076923077,0.00083,0.00000,up,close,0
IBOR|GBPUSD|M15|new_york|2022-03-16|60|IB60|OR30,IB_OR_RELATION,RELATION_P0,aligned_defined_pair,IB|GBPUSD|M15|new_york|2022-03-16|60,OR|GBPUSD|M15|new_york|2022-03-16|30,GBPUSD,M15,new_york,America/New_York,2022-03-16,60,30,2022-03-16T13:30:00Z,2022-03-16T14:30:00Z,2022-03-16T14:00:00Z,1.30858,1.30542,0.00316,1.30709,1.30570,0.00139,1,0,0.00177,2.273381294964028776978417266,0.00149,0.00028,none,ambiguous,0
IBOR|GBPUSD|M15|london|2022-03-17|60|IB60|OR30,IB_OR_RELATION,RELATION_P0,aligned_defined_pair,IB|GBPUSD|M15|london|2022-03-17|60,OR|GBPUSD|M15|london|2022-03-17|30,GBPUSD,M15,london,Europe/London,2022-03-17,60,30,2022-03-17T08:00:00Z,2022-03-17T09:00:00Z,2022-03-17T08:30:00Z,1.31595,1.31527,0.00068,1.31595,1.31527,0.00068,1,1,0.00000,1,0.00000,0.00000,down,wick,0
IBOR|GBPUSD|M15|new_york|2022-03-17|60|IB60|OR30,IB_OR_RELATION,RELATION_P0,aligned_defined_pair,IB|GBPUSD|M15|new_york|2022-03-17|60,OR|GBPUSD|M15|new_york|2022-03-17|30,GBPUSD,M15,new_york,America/New_York,2022-03-17,60,30,2022-03-17T13:30:00Z,2022-03-17T14:30:00Z,2022-03-17T14:00:00Z,1.31996,1.31740,0.00256,1.31842,1.31740,0.00102,1,0,0.00154,2.509803921568627450980392157,0.00154,0.00000,up,close,0
IBOR|GBPUSD|M15|london|2022-03-18|60|IB60|OR30,IB_OR_RELATION,RELATION_P0,aligned_defined_pair,IB|GBPUSD|M15|london|2022-03-18|60,OR|GBPUSD|M15|london|2022-03-18|30,GBPUSD,M15,london,Europe/London,2022-03-18,60,30,2022-03-18T08:00:00Z,2022-03-18T09:00:00Z,2022-03-18T08:30:00Z,1.31645,1.31523,0.00122,1.31599,1.31523,0.00076,1,0,0.00046,1.605263157894736842105263158,0.00046,0.00000,up,close,0
IBOR|GBPUSD|M15|new_york|2022-03-18|60|IB60|OR30,IB_OR_RELATION,RELATION_P0,aligned_defined_pair,IB|GBPUSD|M15|new_york|2022-03-18|60,OR|GBPUSD|M15|new_york|2022-03-18|30,GBPUSD,M15,new_york,America/New_York,2022-03-18,60,30,2022-03-18T13:30:00Z,2022-03-18T14:30:00Z,2022-03-18T14:00:00Z,1.31443,1.31214,0.00229,1.31443,1.31229,0.00214,1,0,0.00015,1.070093457943925233644859813,0.00000,0.00015,down,wick,0
IBOR|EURUSD|M1|london|2026-03-09|60|IB60|OR30,IB_OR_RELATION,RELATION_P0,aligned_defined_pair,IB|EURUSD|M1|london|2026-03-09|60,OR|EURUSD|M1|london|2026-03-09|30,EURUSD,M1,london,Europe/London,2026-03-09,60,30,2026-03-09T08:00:00Z,2026-03-09T09:00:00Z,2026-03-09T08:30:00Z,1.15715,1.15238,0.00477,1.15607,1.15238,0.00369,1,0,0.00108,1.292682926829268292682926829,0.00108,0.00000,up,close,0
IBOR|EURUSD|M1|new_york|2026-03-09|60|IB60|OR30,IB_OR_RELATION,RELATION_P0,aligned_defined_pair,IB|EURUSD|M1|new_york|2026-03-09|60,OR|EURUSD|M1|new_york|2026-03-09|30,EURUSD,M1,new_york,America/New_York,2026-03-09,60,30,2026-03-09T13:30:00Z,2026-03-09T14:30:00Z,2026-03-09T14:00:00Z,1.15678,1.15514,0.00164,1.15649,1.15514,0.00135,1,0,0.00029,1.214814814814814814814814815,0.00029,0.00000,up,close,0
IBOR|EURUSD|M1|london|2026-03-10|60|IB60|OR30,IB_OR_RELATION,RELATION_P0,aligned_defined_pair,IB|EURUSD|M1|london|2026-03-10|60,OR|EURUSD|M1|london|2026-03-10|30,EURUSD,M1,london,Europe/London,2026-03-10,60,30,2026-03-10T08:00:00Z,2026-03-10T09:00:00Z,2026-03-10T08:30:00Z,1.16203,1.16115,0.00088,1.16200,1.16115,0.00085,1,0,0.00003,1.035294117647058823529411765,0.00003,0.00000,up,wick,0
IBOR|EURUSD|M1|new_york|2026-03-10|60|IB60|OR30,IB_OR_RELATION,RELATION_P0,aligned_defined_pair,IB|EURUSD|M1|new_york|2026-03-10|60,OR|EURUSD|M1|new_york|2026-03-10|30,EURUSD,M1,new_york,America/New_York,2026-03-10,60,30,2026-03-10T13:30:00Z,2026-03-10T14:30:00Z,2026-03-10T14:00:00Z,1.16531,1.16203,0.00328,1.16448,1.16203,0.00245,1,0,0.00083,1.338775510204081632653061224,0.00083,0.00000,up,close,0
IBOR|EURUSD|M1|london|2026-03-11|60|IB60|OR30,IB_OR_RELATION,RELATION_P0,aligned_defined_pair,IB|EURUSD|M1|london|2026-03-11|60,OR|EURUSD|M1|london|2026-03-11|30,EURUSD,M1,london,Europe/London,2026-03-11,60,30,2026-03-11T08:00:00Z,2026-03-11T09:00:00Z,2026-03-11T08:30:00Z,1.16361,1.16301,0.00060,1.16361,1.16301,0.00060,1,1,0.00000,1,0.00000,0.00000,up,wick,0
IBOR|EURUSD|M1|new_york|2026-03-11|60|IB60|OR30,IB_OR_RELATION,RELATION_P0,aligned_defined_pair,IB|EURUSD|M1|new_york|2026-03-11|60,OR|EURUSD|M1|new_york|2026-03-11|30,EURUSD,M1,new_york,America/New_York,2026-03-11,60,30,2026-03-11T13:30:00Z,2026-03-11T14:30:00Z,2026-03-11T14:00:00Z,1.16116,1.16006,0.00110,1.16116,1.16022,0.00094,1,0,0.00016,1.170212765957446808510638298,0.00000,0.00016,down,wick,0
IBOR|EURUSD|M1|london|2026-03-12|60|IB60|OR30,IB_OR_RELATION,RELATION_P0,aligned_defined_pair,IB|EURUSD|M1|london|2026-03-12|60,OR|EURUSD|M1|london|2026-03-12|30,EURUSD,M1,london,Europe/London,2026-03-12,60,30,2026-03-12T08:00:00Z,2026-03-12T09:00:00Z,2026-03-12T08:30:00Z,1.15453,1.15326,0.00127,1.15438,1.15326,0.00112,1,0,0.00015,1.133928571428571428571428571,0.00015,0.00000,up,close,0
IBOR|EURUSD|M1|new_york|2026-03-12|60|IB60|OR30,IB_OR_RELATION,RELATION_P0,aligned_defined_pair,IB|EURUSD|M1|new_york|2026-03-12|60,OR|EURUSD|M1|new_york|2026-03-12|30,EURUSD,M1,new_york,America/New_York,2026-03-12,60,30,2026-03-12T13:30:00Z,2026-03-12T14:30:00Z,2026-03-12T14:00:00Z,1.15608,1.15491,0.00117,1.15582,1.15491,0.00091,1,0,0.00026,1.285714285714285714285714286,0.00026,0.00000,up,close,0
IBOR|EURUSD|M1|london|2026-03-13|60|IB60|OR30,IB_OR_RELATION,RELATION_P0,aligned_defined_pair,IB|EURUSD|M1|london|2026-03-13|60,OR|EURUSD|M1|london|2026-03-13|30,EURUSD,M1,london,Europe/London,2026-03-13,60,30,2026-03-13T08:00:00Z,2026-03-13T09:00:00Z,2026-03-13T08:30:00Z,1.15065,1.15001,0.00064,1.15046,1.15008,0.00038,1,0,0.00026,1.684210526315789473684210526,0.00019,0.00007,up,wick,0
IBOR|EURUSD|M1|new_york|2026-03-13|60|IB60|OR30,IB_OR_RELATION,RELATION_P0,aligned_defined_pair,IB|EURUSD|M1|new_york|2026-03-13|60,OR|EURUSD|M1|new_york|2026-03-13|30,EURUSD,M1,new_york,America/New_York,2026-03-13,60,30,2026-03-13T13:30:00Z,2026-03-13T14:30:00Z,2026-03-13T14:00:00Z,1.14720,1.14518,0.00202,1.14720,1.14518,0.00202,1,1,0.00000,1,0.00000,0.00000,up,wick,0
IBOR|EURUSD|M1|london|2026-03-16|60|IB60|OR30,IB_OR_RELATION,RELATION_P0,aligned_defined_pair,IB|EURUSD|M1|london|2026-03-16|60,OR|EURUSD|M1|london|2026-03-16|30,EURUSD,M1,london,Europe/London,2026-03-16,60,30,2026-03-16T08:00:00Z,2026-03-16T09:00:00Z,2026-03-16T08:30:00Z,1.14434,1.14332,0.00102,1.14434,1.14393,0.00041,1,0,0.00061,2.487804878048780487804878049,0.00000,0.00061,down,close,0
IBOR|EURUSD|M1|new_york|2026-03-16|60|IB60|OR30,IB_OR_RELATION,RELATION_P0,aligned_defined_pair,IB|EURUSD|M1|new_york|2026-03-16|60,OR|EURUSD|M1|new_york|2026-03-16|30,EURUSD,M1,new_york,America/New_York,2026-03-16,60,30,2026-03-16T13:30:00Z,2026-03-16T14:30:00Z,2026-03-16T14:00:00Z,1.14814,1.14676,0.00138,1.14773,1.14676,0.00097,1,0,0.00041,1.422680412371134020618556701,0.00041,0.00000,up,wick,0
IBOR|EURUSD|M1|london|2026-03-17|60|IB60|OR30,IB_OR_RELATION,RELATION_P0,aligned_defined_pair,IB|EURUSD|M1|london|2026-03-17|60,OR|EURUSD|M1|london|2026-03-17|30,EURUSD,M1,london,Europe/London,2026-03-17,60,30,2026-03-17T08:00:00Z,2026-03-17T09:00:00Z,2026-03-17T08:30:00Z,1.14992,1.14781,0.00211,1.14992,1.14939,0.00053,1,0,0.00158,3.981132075471698113207547170,0.00000,0.00158,down,wick,0
IBOR|EURUSD|M1|new_york|2026-03-17|60|IB60|OR30,IB_OR_RELATION,RELATION_P0,aligned_defined_pair,IB|EURUSD|M1|new_york|2026-03-17|60,OR|EURUSD|M1|new_york|2026-03-17|30,EURUSD,M1,new_york,America/New_York,2026-03-17,60,30,2026-03-17T13:30:00Z,2026-03-17T14:30:00Z,2026-03-17T14:00:00Z,1.15187,1.15048,0.00139,1.15126,1.15054,0.00072,1,0,0.00067,1.930555555555555555555555556,0.00061,0.00006,down,close,0
IBOR|EURUSD|M1|london|2026-03-18|60|IB60|OR30,IB_OR_RELATION,RELATION_P0,aligned_defined_pair,IB|EURUSD|M1|london|2026-03-18|60,OR|EURUSD|M1|london|2026-03-18|30,EURUSD,M1,london,Europe/London,2026-03-18,60,30,2026-03-18T08:00:00Z,2026-03-18T09:00:00Z,2026-03-18T08:30:00Z,1.15468,1.15401,0.00067,1.15439,1.15401,0.00038,1,0,0.00029,1.763157894736842105263157895,0.00029,0.00000,up,close,0
IBOR|EURUSD|M1|new_york|2026-03-18|60|IB60|OR30,IB_OR_RELATION,RELATION_P0,aligned_defined_pair,IB|EURUSD|M1|new_york|2026-03-18|60,OR|EURUSD|M1|new_york|2026-03-18|30,EURUSD,M1,new_york,America/New_York,2026-03-18,60,30,2026-03-18T13:30:00Z,2026-03-18T14:30:00Z,2026-03-18T14:00:00Z,1.15553,1.15321,0.00232,1.15424,1.15338,0.00086,1,0,0.00146,2.697674418604651162790697674,0.00129,0.00017,up,close,0
IBOR|EURUSD|M1|london|2026-03-19|60|IB60|OR30,IB_OR_RELATION,RELATION_P0,aligned_defined_pair,IB|EURUSD|M1|london|2026-03-19|60,OR|EURUSD|M1|london|2026-03-19|30,EURUSD,M1,london,Europe/London,2026-03-19,60,30,2026-03-19T08:00:00Z,2026-03-19T09:00:00Z,2026-03-19T08:30:00Z,1.14710,1.14636,0.00074,1.14710,1.14675,0.00035,1,0,0.00039,2.114285714285714285714285714,0.00000,0.00039,down,wick,0
IBOR|EURUSD|M1|new_york|2026-03-19|60|IB60|OR30,IB_OR_RELATION,RELATION_P0,aligned_defined_pair,IB|EURUSD|M1|new_york|2026-03-19|60,OR|EURUSD|M1|new_york|2026-03-19|30,EURUSD,M1,new_york,America/New_York,2026-03-19,60,30,2026-03-19T13:30:00Z,2026-03-19T14:30:00Z,2026-03-19T14:00:00Z,1.14814,1.14658,0.00156,1.14779,1.14667,0.00112,1,0,0.00044,1.392857142857142857142857143,0.00035,0.00009,up,wick,0
IBOR|EURUSD|M1|london|2026-03-20|60|IB60|OR30,IB_OR_RELATION,RELATION_P0,aligned_defined_pair,IB|EURUSD|M1|london|2026-03-20|60,OR|EURUSD|M1|london|2026-03-20|30,EURUSD,M1,london,Europe/London,2026-03-20,60,30,2026-03-20T08:00:00Z,2026-03-20T09:00:00Z,2026-03-20T08:30:00Z,1.15612,1.15523,0.00089,1.15612,1.15552,0.00060,1,0,0.00029,1.483333333333333333333333333,0.00000,0.00029,down,wick,0
IBOR|EURUSD|M1|new_york|2026-03-20|60|IB60|OR30,IB_OR_RELATION,RELATION_P0,aligned_defined_pair,IB|EURUSD|M1|new_york|2026-03-20|60,OR|EURUSD|M1|new_york|2026-03-20|30,EURUSD,M1,new_york,America/New_York,2026-03-20,60,30,2026-03-20T13:30:00Z,2026-03-20T14:30:00Z,2026-03-20T14:00:00Z,1.15719,1.15434,0.00285,1.15625,1.15434,0.00191,1,0,0.00094,1.492146596858638743455497382,0.00094,0.00000,up,wick,0
IBOR|EURUSD|M1|london|2026-03-23|60|IB60|OR30,IB_OR_RELATION,RELATION_P0,aligned_defined_pair,IB|EURUSD|M1|london|2026-03-23|60,OR|EURUSD|M1|london|2026-03-23|30,EURUSD,M1,london,Europe/London,2026-03-23,60,30,2026-03-23T08:00:00Z,2026-03-23T09:00:00Z,2026-03-23T08:30:00Z,1.15525,1.15341,0.00184,1.15525,1.15392,0.00133,1,0,0.00051,1.383458646616541353383458647,0.00000,0.00051,down,close,0
IBOR|EURUSD|M1|new_york|2026-03-23|60|IB60|OR30,IB_OR_RELATION,RELATION_P0,aligned_defined_pair,IB|EURUSD|M1|new_york|2026-03-23|60,OR|EURUSD|M1|new_york|2026-03-23|30,EURUSD,M1,new_york,America/New_York,2026-03-23,60,30,2026-03-23T13:30:00Z,2026-03-23T14:30:00Z,2026-03-23T14:00:00Z,1.16191,1.14844,0.01347,1.15013,1.14844,0.00169,1,0,0.01178,7.970414201183431952662721893,0.01178,0.00000,up,close,0
IBOR|EURUSD|M1|london|2026-03-24|60|IB60|OR30,IB_OR_RELATION,RELATION_P0,aligned_defined_pair,IB|EURUSD|M1|london|2026-03-24|60,OR|EURUSD|M1|london|2026-03-24|30,EURUSD,M1,london,Europe/London,2026-03-24,60,30,2026-03-24T08:00:00Z,2026-03-24T09:00:00Z,2026-03-24T08:30:00Z,1.15892,1.15757,0.00135,1.15847,1.15757,0.00090,1,0,0.00045,1.5,0.00045,0.00000,up,wick,0
IBOR|EURUSD|M1|new_york|2026-03-24|60|IB60|OR30,IB_OR_RELATION,RELATION_P0,aligned_defined_pair,IB|EURUSD|M1|new_york|2026-03-24|60,OR|EURUSD|M1|new_york|2026-03-24|30,EURUSD,M1,new_york,America/New_York,2026-03-24,60,30,2026-03-24T13:30:00Z,2026-03-24T14:30:00Z,2026-03-24T14:00:00Z,1.16004,1.15832,0.00172,1.15923,1.15832,0.00091,1,0,0.00081,1.890109890109890109890109890,0.00081,0.00000,up,close,0
IBOR|EURUSD|M1|london|2026-03-25|60|IB60|OR30,IB_OR_RELATION,RELATION_P0,aligned_defined_pair,IB|EURUSD|M1|london|2026-03-25|60,OR|EURUSD|M1|london|2026-03-25|30,EURUSD,M1,london,Europe/London,2026-03-25,60,30,2026-03-25T08:00:00Z,2026-03-25T09:00:00Z,2026-03-25T08:30:00Z,1.15981,1.15889,0.00092,1.15979,1.15923,0.00056,1,0,0.00036,1.642857142857142857142857143,0.00002,0.00034,up,wick,0
IBOR|EURUSD|M1|new_york|2026-03-25|60|IB60|OR30,IB_OR_RELATION,RELATION_P0,aligned_defined_pair,IB|EURUSD|M1|new_york|2026-03-25|60,OR|EURUSD|M1|new_york|2026-03-25|30,EURUSD,M1,new_york,America/New_York,2026-03-25,60,30,2026-03-25T13:30:00Z,2026-03-25T14:30:00Z,2026-03-25T14:00:00Z,1.16114,1.15959,0.00155,1.16054,1.15959,0.00095,1,0,0.00060,1.631578947368421052631578947,0.00060,0.00000,up,close,0
IBOR|EURUSD|M1|london|2026-03-26|60|IB60|OR30,IB_OR_RELATION,RELATION_P0,aligned_defined_pair,IB|EURUSD|M1|london|2026-03-26|60,OR|EURUSD|M1|london|2026-03-26|30,EURUSD,M1,london,Europe/London,2026-03-26,60,30,2026-03-26T08:00:00Z,2026-03-26T09:00:00Z,2026-03-26T08:30:00Z,1.15698,1.15577,0.00121,1.15698,1.15616,0.00082,1,0,0.00039,1.475609756097560975609756098,0.00000,0.00039,down,wick,0
IBOR|EURUSD|M1|new_york|2026-03-26|60|IB60|OR30,IB_OR_RELATION,RELATION_P0,aligned_defined_pair,IB|EURUSD|M1|new_york|2026-03-26|60,OR|EURUSD|M1|new_york|2026-03-26|30,EURUSD,M1,new_york,America/New_York,2026-03-26,60,30,2026-03-26T13:30:00Z,2026-03-26T14:30:00Z,2026-03-26T14:00:00Z,1.15637,1.15430,0.00207,1.15637,1.15546,0.00091,1,0,0.00116,2.274725274725274725274725275,0.00000,0.00116,down,wick,0
IBOR|EURUSD|M1|london|2026-03-27|60|IB60|OR30,IB_OR_RELATION,RELATION_P0,aligned_defined_pair,IB|EURUSD|M1|london|2026-03-27|60,OR|EURUSD|M1|london|2026-03-27|30,EURUSD,M1,london,Europe/London,2026-03-27,60,30,2026-03-27T08:00:00Z,2026-03-27T09:00:00Z,2026-03-27T08:30:00Z,1.15461,1.15373,0.00088,1.15457,1.15403,0.00054,1,0,0.00034,1.629629629629629629629629630,0.00004,0.00030,down,close,0
IBOR|EURUSD|M1|new_york|2026-03-27|60|IB60|OR30,IB_OR_RELATION,RELATION_P0,aligned_defined_pair,IB|EURUSD|M1|new_york|2026-03-27|60,OR|EURUSD|M1|new_york|2026-03-27|30,EURUSD,M1,new_york,America/New_York,2026-03-27,60,30,2026-03-27T13:30:00Z,2026-03-27T14:30:00Z,2026-03-27T14:00:00Z,1.15257,1.15091,0.00166,1.15257,1.15101,0.00156,1,0,0.00010,1.064102564102564102564102564,0.00000,0.00010,down,wick,0
IBOR|EURUSD|M1|london|2026-03-30|60|IB60|OR30,IB_OR_RELATION,RELATION_P0,aligned_defined_pair,IB|EURUSD|M1|london|2026-03-30|60,OR|EURUSD|M1|london|2026-03-30|30,EURUSD,M1,london,Europe/London,2026-03-30,60,30,2026-03-30T07:00:00Z,2026-03-30T08:00:00Z,2026-03-30T07:30:00Z,1.15212,1.15136,0.00076,1.15212,1.15149,0.00063,1,0,0.00013,1.206349206349206349206349206,0.00000,0.00013,down,close,0
IBOR|EURUSD|M1|new_york|2026-03-30|60|IB60|OR30,IB_OR_RELATION,RELATION_P0,aligned_defined_pair,IB|EURUSD|M1|new_york|2026-03-30|60,OR|EURUSD|M1|new_york|2026-03-30|30,EURUSD,M1,new_york,America/New_York,2026-03-30,60,30,2026-03-30T13:30:00Z,2026-03-30T14:30:00Z,2026-03-30T14:00:00Z,1.15001,1.14875,0.00126,1.14951,1.14880,0.00071,1,0,0.00055,1.774647887323943661971830986,0.00050,0.00005,down,wick,0
IBOR|EURUSD|M1|london|2026-03-31|60|IB60|OR30,IB_OR_RELATION,RELATION_P0,aligned_defined_pair,IB|EURUSD|M1|london|2026-03-31|60,OR|EURUSD|M1|london|2026-03-31|30,EURUSD,M1,london,Europe/London,2026-03-31,60,30,2026-03-31T07:00:00Z,2026-03-31T08:00:00Z,2026-03-31T07:30:00Z,1.14728,1.14689,0.00039,1.14722,1.14696,0.00026,1,0,0.00013,1.5,0.00006,0.00007,up,close,0
IBOR|EURUSD|M1|new_york|2026-03-31|60|IB60|OR30,IB_OR_RELATION,RELATION_P0,aligned_defined_pair,IB|EURUSD|M1|new_york|2026-03-31|60,OR|EURUSD|M1|new_york|2026-03-31|30,EURUSD,M1,new_york,America/New_York,2026-03-31,60,30,2026-03-31T13:30:00Z,2026-03-31T14:30:00Z,2026-03-31T14:00:00Z,1.14851,1.14575,0.00276,1.14683,1.14580,0.00103,1,0,0.00173,2.679611650485436893203883495,0.00168,0.00005,down,wick,0
IBOR|EURUSD|M1|london|2026-04-01|60|IB60|OR30,IB_OR_RELATION,RELATION_P0,aligned_defined_pair,IB|EURUSD|M1|london|2026-04-01|60,OR|EURUSD|M1|london|2026-04-01|30,EURUSD,M1,london,Europe/London,2026-04-01,60,30,2026-04-01T07:00:00Z,2026-04-01T08:00:00Z,2026-04-01T07:30:00Z,1.15665,1.15595,0.00070,1.15629,1.15595,0.00034,1,0,0.00036,2.058823529411764705882352941,0.00036,0.00000,up,wick,0
IBOR|EURUSD|M1|new_york|2026-04-01|60|IB60|OR30,IB_OR_RELATION,RELATION_P0,aligned_defined_pair,IB|EURUSD|M1|new_york|2026-04-01|60,OR|EURUSD|M1|new_york|2026-04-01|30,EURUSD,M1,new_york,America/New_York,2026-04-01,60,30,2026-04-01T13:30:00Z,2026-04-01T14:30:00Z,2026-04-01T14:00:00Z,1.16057,1.15954,0.00103,1.16036,1.15954,0.00082,1,0,0.00021,1.256097560975609756097560976,0.00021,0.00000,up,wick,0
IBOR|EURUSD|M1|london|2026-04-02|60|IB60|OR30,IB_OR_RELATION,RELATION_P0,aligned_defined_pair,IB|EURUSD|M1|london|2026-04-02|60,OR|EURUSD|M1|london|2026-04-02|30,EURUSD,M1,london,Europe/London,2026-04-02,60,30,2026-04-02T07:00:00Z,2026-04-02T08:00:00Z,2026-04-02T07:30:00Z,1.15419,1.15321,0.00098,1.15419,1.15349,0.00070,1,0,0.00028,1.4,0.00000,0.00028,down,wick,0
IBOR|EURUSD|M1|new_york|2026-04-02|60|IB60|OR30,IB_OR_RELATION,RELATION_P0,aligned_defined_pair,IB|EURUSD|M1|new_york|2026-04-02|60,OR|EURUSD|M1|new_york|2026-04-02|30,EURUSD,M1,new_york,America/New_York,2026-04-02,60,30,2026-04-02T13:30:00Z,2026-04-02T14:30:00Z,2026-04-02T14:00:00Z,1.15204,1.15091,0.00113,1.15204,1.15111,0.00093,1,0,0.00020,1.215053763440860215053763441,0.00000,0.00020,down,wick,0
IBOR|EURUSD|M1|london|2026-04-03|60|IB60|OR30,IB_OR_RELATION,RELATION_P0,aligned_defined_pair,IB|EURUSD|M1|london|2026-04-03|60,OR|EURUSD|M1|london|2026-04-03|30,EURUSD,M1,london,Europe/London,2026-04-03,60,30,2026-04-03T07:00:00Z,2026-04-03T08:00:00Z,2026-04-03T07:30:00Z,1.15364,1.15339,0.00025,1.15364,1.15344,0.00020,1,0,0.00005,1.25,0.00000,0.00005,down,wick,0
IBOR|EURUSD|M1|new_york|2026-04-03|60|IB60|OR30,IB_OR_RELATION,RELATION_P0,aligned_defined_pair,IB|EURUSD|M1|new_york|2026-04-03|60,OR|EURUSD|M1|new_york|2026-04-03|30,EURUSD,M1,new_york,America/New_York,2026-04-03,60,30,2026-04-03T13:30:00Z,2026-04-03T14:30:00Z,2026-04-03T14:00:00Z,1.15490,1.15419,0.00071,1.15490,1.15419,0.00071,1,1,0.00000,1,0.00000,0.00000,down,close,0
IBOR|EURUSD|M1|london|2026-04-06|60|IB60|OR30,IB_OR_RELATION,RELATION_P0,aligned_defined_pair,IB|EURUSD|M1|london|2026-04-06|60,OR|EURUSD|M1|london|2026-04-06|30,EURUSD,M1,london,Europe/London,2026-04-06,60,30,2026-04-06T07:00:00Z,2026-04-06T08:00:00Z,2026-04-06T07:30:00Z,1.15251,1.15185,0.00066,1.15213,1.15185,0.00028,1,0,0.00038,2.357142857142857142857142857,0.00038,0.00000,up,close,0
IBOR|EURUSD|M1|new_york|2026-04-06|60|IB60|OR30,IB_OR_RELATION,RELATION_P0,aligned_defined_pair,IB|EURUSD|M1|new_york|2026-04-06|60,OR|EURUSD|M1|new_york|2026-04-06|30,EURUSD,M1,new_york,America/New_York,2026-04-06,60,30,2026-04-06T13:30:00Z,2026-04-06T14:30:00Z,2026-04-06T14:00:00Z,1.15516,1.15376,0.00140,1.15516,1.15376,0.00140,1,1,0.00000,1,0.00000,0.00000,up,wick,0
IBOR|EURUSD|M1|london|2026-04-07|60|IB60|OR30,IB_OR_RELATION,RELATION_P0,aligned_defined_pair,IB|EURUSD|M1|london|2026-04-07|60,OR|EURUSD|M1|london|2026-04-07|30,EURUSD,M1,london,Europe/London,2026-04-07,60,30,2026-04-07T07:00:00Z,2026-04-07T08:00:00Z,2026-04-07T07:30:00Z,1.15388,1.15330,0.00058,1.15360,1.15330,0.00030,1,0,0.00028,1.933333333333333333333333333,0.00028,0.00000,up,wick,0
IBOR|EURUSD|M1|new_york|2026-04-07|60|IB60|OR30,IB_OR_RELATION,RELATION_P0,aligned_defined_pair,IB|EURUSD|M1|new_york|2026-04-07|60,OR|EURUSD|M1|new_york|2026-04-07|30,EURUSD,M1,new_york,America/New_York,2026-04-07,60,30,2026-04-07T13:30:00Z,2026-04-07T14:30:00Z,2026-04-07T14:00:00Z,1.15587,1.15464,0.00123,1.15587,1.15464,0.00123,1,1,0.00000,1,0.00000,0.00000,up,wick,0
IBOR|EURUSD|M1|london|2026-04-08|60|IB60|OR30,IB_OR_RELATION,RELATION_P0,aligned_defined_pair,IB|EURUSD|M1|london|2026-04-08|60,OR|EURUSD|M1|london|2026-04-08|30,EURUSD,M1,london,Europe/London,2026-04-08,60,30,2026-04-08T07:00:00Z,2026-04-08T08:00:00Z,2026-04-08T07:30:00Z,1.16811,1.16708,0.00103,1.16811,1.16708,0.00103,1,1,0.00000,1,0.00000,0.00000,up,close,0
IBOR|EURUSD|M1|new_york|2026-04-08|60|IB60|OR30,IB_OR_RELATION,RELATION_P0,aligned_defined_pair,IB|EURUSD|M1|new_york|2026-04-08|60,OR|EURUSD|M1|new_york|2026-04-08|30,EURUSD,M1,new_york,America/New_York,2026-04-08,60,30,2026-04-08T13:30:00Z,2026-04-08T14:30:00Z,2026-04-08T14:00:00Z,1.17101,1.16844,0.00257,1.16924,1.16844,0.00080,1,0,0.00177,3.2125,0.00177,0.00000,up,close,0
IBOR|EURUSD|M1|london|2026-04-09|60|IB60|OR30,IB_OR_RELATION,RELATION_P0,aligned_defined_pair,IB|EURUSD|M1|london|2026-04-09|60,OR|EURUSD|M1|london|2026-04-09|30,EURUSD,M1,london,Europe/London,2026-04-09,60,30,2026-04-09T07:00:00Z,2026-04-09T08:00:00Z,2026-04-09T07:30:00Z,1.16711,1.16620,0.00091,1.16699,1.16620,0.00079,1,0,0.00012,1.151898734177215189873417722,0.00012,0.00000,up,close,0
IBOR|EURUSD|M1|new_york|2026-04-09|60|IB60|OR30,IB_OR_RELATION,RELATION_P0,aligned_defined_pair,IB|EURUSD|M1|new_york|2026-04-09|60,OR|EURUSD|M1|new_york|2026-04-09|30,EURUSD,M1,new_york,America/New_York,2026-04-09,60,30,2026-04-09T13:30:00Z,2026-04-09T14:30:00Z,2026-04-09T14:00:00Z,1.16812,1.16696,0.00116,1.16776,1.16711,0.00065,1,0,0.00051,1.784615384615384615384615385,0.00036,0.00015,down,close,0
IBOR|EURUSD|M1|london|2026-04-10|60|IB60|OR30,IB_OR_RELATION,RELATION_P0,aligned_defined_pair,IB|EURUSD|M1|london|2026-04-10|60,OR|EURUSD|M1|london|2026-04-10|30,EURUSD,M1,london,Europe/London,2026-04-10,60,30,2026-04-10T07:00:00Z,2026-04-10T08:00:00Z,2026-04-10T07:30:00Z,1.16966,1.16911,0.00055,1.16966,1.16931,0.00035,1,0,0.00020,1.571428571428571428571428571,0.00000,0.00020,down,wick,0
IBOR|EURUSD|M1|new_york|2026-04-10|60|IB60|OR30,IB_OR_RELATION,RELATION_P0,aligned_defined_pair,IB|EURUSD|M1|new_york|2026-04-10|60,OR|EURUSD|M1|new_york|2026-04-10|30,EURUSD,M1,new_york,America/New_York,2026-04-10,60,30,2026-04-10T13:30:00Z,2026-04-10T14:30:00Z,2026-04-10T14:00:00Z,1.17188,1.17103,0.00085,1.17158,1.17103,0.00055,1,0,0.00030,1.545454545454545454545454545,0.00030,0.00000,up,close,0
IBOR|EURUSD|M1|london|2026-04-13|60|IB60|OR30,IB_OR_RELATION,RELATION_P0,aligned_defined_pair,IB|EURUSD|M1|london|2026-04-13|60,OR|EURUSD|M1|london|2026-04-13|30,EURUSD,M1,london,Europe/London,2026-04-13,60,30,2026-04-13T07:00:00Z,2026-04-13T08:00:00Z,2026-04-13T07:30:00Z,1.16902,1.16858,0.00044,1.16902,1.16870,0.00032,1,0,0.00012,1.375,0.00000,0.00012,down,close,0
IBOR|EURUSD|M1|new_york|2026-04-13|60|IB60|OR30,IB_OR_RELATION,RELATION_P0,aligned_defined_pair,IB|EURUSD|M1|new_york|2026-04-13|60,OR|EURUSD|M1|new_york|2026-04-13|30,EURUSD,M1,new_york,America/New_York,2026-04-13,60,30,2026-04-13T13:30:00Z,2026-04-13T14:30:00Z,2026-04-13T14:00:00Z,1.16997,1.16841,0.00156,1.16951,1.16841,0.00110,1,0,0.00046,1.418181818181818181818181818,0.00046,0.00000,up,wick,0
IBOR|EURUSD|M1|london|2026-04-14|60|IB60|OR30,IB_OR_RELATION,RELATION_P0,aligned_defined_pair,IB|EURUSD|M1|london|2026-04-14|60,OR|EURUSD|M1|london|2026-04-14|30,EURUSD,M1,london,Europe/London,2026-04-14,60,30,2026-04-14T07:00:00Z,2026-04-14T08:00:00Z,2026-04-14T07:30:00Z,1.17699,1.17646,0.00053,1.17693,1.17646,0.00047,1,0,0.00006,1.127659574468085106382978723,0.00006,0.00000,up,close,0
IBOR|EURUSD|M1|new_york|2026-04-14|60|IB60|OR30,IB_OR_RELATION,RELATION_P0,aligned_defined_pair,IB|EURUSD|M1|new_york|2026-04-14|60,OR|EURUSD|M1|new_york|2026-04-14|30,EURUSD,M1,new_york,America/New_York,2026-04-14,60,30,2026-04-14T13:30:00Z,2026-04-14T14:30:00Z,2026-04-14T14:00:00Z,1.18020,1.17916,0.00104,1.17982,1.17916,0.00066,1,0,0.00038,1.575757575757575757575757576,0.00038,0.00000,up,close,0
IBOR|EURUSD|M1|london|2026-04-15|60|IB60|OR30,IB_OR_RELATION,RELATION_P0,aligned_defined_pair,IB|EURUSD|M1|london|2026-04-15|60,OR|EURUSD|M1|london|2026-04-15|30,EURUSD,M1,london,Europe/London,2026-04-15,60,30,2026-04-15T07:00:00Z,2026-04-15T08:00:00Z,2026-04-15T07:30:00Z,1.17896,1.17863,0.00033,1.17892,1.17863,0.00029,1,0,0.00004,1.137931034482758620689655172,0.00004,0.00000,up,close,0
IBOR|EURUSD|M1|new_york|2026-04-15|60|IB60|OR30,IB_OR_RELATION,RELATION_P0,aligned_defined_pair,IB|EURUSD|M1|new_york|2026-04-15|60,OR|EURUSD|M1|new_york|2026-04-15|30,EURUSD,M1,new_york,America/New_York,2026-04-15,60,30,2026-04-15T13:30:00Z,2026-04-15T14:30:00Z,2026-04-15T14:00:00Z,1.17835,1.17720,0.00115,1.17835,1.17720,0.00115,1,1,0.00000,1,0.00000,0.00000,up,wick,0
IBOR|EURUSD|M1|london|2026-04-16|60|IB60|OR30,IB_OR_RELATION,RELATION_P0,aligned_defined_pair,IB|EURUSD|M1|london|2026-04-16|60,OR|EURUSD|M1|london|2026-04-16|30,EURUSD,M1,london,Europe/London,2026-04-16,60,30,2026-04-16T07:00:00Z,2026-04-16T08:00:00Z,2026-04-16T07:30:00Z,1.18131,1.18082,0.00049,1.18131,1.18103,0.00028,1,0,0.00021,1.75,0.00000,0.00021,down,wick,0
IBOR|EURUSD|M1|new_york|2026-04-16|60|IB60|OR30,IB_OR_RELATION,RELATION_P0,aligned_defined_pair,IB|EURUSD|M1|new_york|2026-04-16|60,OR|EURUSD|M1|new_york|2026-04-16|30,EURUSD,M1,new_york,America/New_York,2026-04-16,60,30,2026-04-16T13:30:00Z,2026-04-16T14:30:00Z,2026-04-16T14:00:00Z,1.17887,1.17725,0.00162,1.17802,1.17725,0.00077,1,0,0.00085,2.103896103896103896103896104,0.00085,0.00000,up,close,0
IBOR|EURUSD|M1|london|2026-04-17|60|IB60|OR30,IB_OR_RELATION,RELATION_P0,aligned_defined_pair,IB|EURUSD|M1|london|2026-04-17|60,OR|EURUSD|M1|london|2026-04-17|30,EURUSD,M1,london,Europe/London,2026-04-17,60,30,2026-04-17T07:00:00Z,2026-04-17T08:00:00Z,2026-04-17T07:30:00Z,1.17843,1.17815,0.00028,1.17842,1.17816,0.00026,1,0,0.00002,1.076923076923076923076923077,0.00001,0.00001,down,wick,0
IBOR|EURUSD|M1|new_york|2026-04-17|60|IB60|OR30,IB_OR_RELATION,RELATION_P0,aligned_defined_pair,IB|EURUSD|M1|new_york|2026-04-17|60,OR|EURUSD|M1|new_york|2026-04-17|30,EURUSD,M1,new_york,America/New_York,2026-04-17,60,30,2026-04-17T13:30:00Z,2026-04-17T14:30:00Z,2026-04-17T14:00:00Z,1.17987,1.17919,0.00068,1.17959,1.17919,0.00040,1,0,0.00028,1.7,0.00028,0.00000,up,wick,0
IBOR|EURUSD|M1|london|2026-04-20|60|IB60|OR30,IB_OR_RELATION,RELATION_P0,aligned_defined_pair,IB|EURUSD|M1|london|2026-04-20|60,OR|EURUSD|M1|london|2026-04-20|30,EURUSD,M1,london,Europe/London,2026-04-20,60,30,2026-04-20T07:00:00Z,2026-04-20T08:00:00Z,2026-04-20T07:30:00Z,1.17620,1.17563,0.00057,1.17620,1.17571,0.00049,1,0,0.00008,1.163265306122448979591836735,0.00000,0.00008,down,wick,0
IBOR|EURUSD|M1|new_york|2026-04-20|60|IB60|OR30,IB_OR_RELATION,RELATION_P0,aligned_defined_pair,IB|EURUSD|M1|new_york|2026-04-20|60,OR|EURUSD|M1|new_york|2026-04-20|30,EURUSD,M1,new_york,America/New_York,2026-04-20,60,30,2026-04-20T13:30:00Z,2026-04-20T14:30:00Z,2026-04-20T14:00:00Z,1.17747,1.17635,0.00112,1.17713,1.17635,0.00078,1,0,0.00034,1.435897435897435897435897436,0.00034,0.00000,up,wick,0
IBOR|EURUSD|M1|london|2026-04-21|60|IB60|OR30,IB_OR_RELATION,RELATION_P0,aligned_defined_pair,IB|EURUSD|M1|london|2026-04-21|60,OR|EURUSD|M1|london|2026-04-21|30,EURUSD,M1,london,Europe/London,2026-04-21,60,30,2026-04-21T07:00:00Z,2026-04-21T08:00:00Z,2026-04-21T07:30:00Z,1.17767,1.17741,0.00026,1.17765,1.17741,0.00024,1,0,0.00002,1.083333333333333333333333333,0.00002,0.00000,up,close,0
IBOR|EURUSD|M1|new_york|2026-04-21|60|IB60|OR30,IB_OR_RELATION,RELATION_P0,aligned_defined_pair,IB|EURUSD|M1|new_york|2026-04-21|60,OR|EURUSD|M1|new_york|2026-04-21|30,EURUSD,M1,new_york,America/New_York,2026-04-21,60,30,2026-04-21T13:30:00Z,2026-04-21T14:30:00Z,2026-04-21T14:00:00Z,1.17664,1.17560,0.00104,1.17614,1.17575,0.00039,1,0,0.00065,2.666666666666666666666666667,0.00050,0.00015,up,wick,0
IBOR|EURUSD|M1|london|2026-04-22|60|IB60|OR30,IB_OR_RELATION,RELATION_P0,aligned_defined_pair,IB|EURUSD|M1|london|2026-04-22|60,OR|EURUSD|M1|london|2026-04-22|30,EURUSD,M1,london,Europe/London,2026-04-22,60,30,2026-04-22T07:00:00Z,2026-04-22T08:00:00Z,2026-04-22T07:30:00Z,1.17425,1.17383,0.00042,1.17409,1.17383,0.00026,1,0,0.00016,1.615384615384615384615384615,0.00016,0.00000,up,close,0
IBOR|EURUSD|M1|new_york|2026-04-22|60|IB60|OR30,IB_OR_RELATION,RELATION_P0,aligned_defined_pair,IB|EURUSD|M1|new_york|2026-04-22|60,OR|EURUSD|M1|new_york|2026-04-22|30,EURUSD,M1,new_york,America/New_York,2026-04-22,60,30,2026-04-22T13:30:00Z,2026-04-22T14:30:00Z,2026-04-22T14:00:00Z,1.17533,1.17426,0.00107,1.17533,1.17487,0.00046,1,0,0.00061,2.326086956521739130434782609,0.00000,0.00061,down,close,0
IBOR|EURUSD|M1|london|2026-04-23|60|IB60|OR30,IB_OR_RELATION,RELATION_P0,aligned_defined_pair,IB|EURUSD|M1|london|2026-04-23|60,OR|EURUSD|M1|london|2026-04-23|30,EURUSD,M1,london,Europe/London,2026-04-23,60,30,2026-04-23T07:00:00Z,2026-04-23T08:00:00Z,2026-04-23T07:30:00Z,1.17007,1.16952,0.00055,1.16997,1.16952,0.00045,1,0,0.00010,1.222222222222222222222222222,0.00010,0.00000,up,close,0
IBOR|EURUSD|M1|new_york|2026-04-23|60|IB60|OR30,IB_OR_RELATION,RELATION_P0,aligned_defined_pair,IB|EURUSD|M1|new_york|2026-04-23|60,OR|EURUSD|M1|new_york|2026-04-23|30,EURUSD,M1,new_york,America/New_York,2026-04-23,60,30,2026-04-23T13:30:00Z,2026-04-23T14:30:00Z,2026-04-23T14:00:00Z,1.16866,1.16793,0.00073,1.16866,1.16801,0.00065,1,0,0.00008,1.123076923076923076923076923,0.00000,0.00008,down,wick,0
IBOR|EURUSD|M1|london|2026-04-24|60|IB60|OR30,IB_OR_RELATION,RELATION_P0,aligned_defined_pair,IB|EURUSD|M1|london|2026-04-24|60,OR|EURUSD|M1|london|2026-04-24|30,EURUSD,M1,london,Europe/London,2026-04-24,60,30,2026-04-24T07:00:00Z,2026-04-24T08:00:00Z,2026-04-24T07:30:00Z,1.16817,1.16765,0.00052,1.16803,1.16765,0.00038,1,0,0.00014,1.368421052631578947368421053,0.00014,0.00000,up,close,0
IBOR|EURUSD|M1|new_york|2026-04-24|60|IB60|OR30,IB_OR_RELATION,RELATION_P0,aligned_defined_pair,IB|EURUSD|M1|new_york|2026-04-24|60,OR|EURUSD|M1|new_york|2026-04-24|30,EURUSD,M1,new_york,America/New_York,2026-04-24,60,30,2026-04-24T13:30:00Z,2026-04-24T14:30:00Z,2026-04-24T14:00:00Z,1.17180,1.16941,0.00239,1.17036,1.16941,0.00095,1,0,0.00144,2.515789473684210526315789474,0.00144,0.00000,up,close,0
IBOR|EURUSD|M1|london|2026-04-27|60|IB60|OR30,IB_OR_RELATION,RELATION_P0,aligned_defined_pair,IB|EURUSD|M1|london|2026-04-27|60,OR|EURUSD|M1|london|2026-04-27|30,EURUSD,M1,london,Europe/London,2026-04-27,60,30,2026-04-27T07:00:00Z,2026-04-27T08:00:00Z,2026-04-27T07:30:00Z,1.17315,1.17250,0.00065,1.17306,1.17280,0.00026,1,0,0.00039,2.5,0.00009,0.00030,up,close,0
IBOR|EURUSD|M1|new_york|2026-04-27|60|IB60|OR30,IB_OR_RELATION,RELATION_P0,aligned_defined_pair,IB|EURUSD|M1|new_york|2026-04-27|60,OR|EURUSD|M1|new_york|2026-04-27|30,EURUSD,M1,new_york,America/New_York,2026-04-27,60,30,2026-04-27T13:30:00Z,2026-04-27T14:30:00Z,2026-04-27T14:00:00Z,1.17478,1.17398,0.00080,1.17478,1.17413,0.00065,1,0,0.00015,1.230769230769230769230769231,0.00000,0.00015,down,close,0
IBOR|EURUSD|M1|london|2026-04-28|60|IB60|OR30,IB_OR_RELATION,RELATION_P0,aligned_defined_pair,IB|EURUSD|M1|london|2026-04-28|60,OR|EURUSD|M1|london|2026-04-28|30,EURUSD,M1,london,Europe/London,2026-04-28,60,30,2026-04-28T07:00:00Z,2026-04-28T08:00:00Z,2026-04-28T07:30:00Z,1.17164,1.17117,0.00047,1.17145,1.17117,0.00028,1,0,0.00019,1.678571428571428571428571429,0.00019,0.00000,up,wick,0
IBOR|EURUSD|M1|new_york|2026-04-28|60|IB60|OR30,IB_OR_RELATION,RELATION_P0,aligned_defined_pair,IB|EURUSD|M1|new_york|2026-04-28|60,OR|EURUSD|M1|new_york|2026-04-28|30,EURUSD,M1,new_york,America/New_York,2026-04-28,60,30,2026-04-28T13:30:00Z,2026-04-28T14:30:00Z,2026-04-28T14:00:00Z,1.16993,1.16911,0.00082,1.16957,1.16911,0.00046,1,0,0.00036,1.782608695652173913043478261,0.00036,0.00000,up,wick,0
IBOR|EURUSD|M1|london|2026-04-29|60|IB60|OR30,IB_OR_RELATION,RELATION_P0,aligned_defined_pair,IB|EURUSD|M1|london|2026-04-29|60,OR|EURUSD|M1|london|2026-04-29|30,EURUSD,M1,london,Europe/London,2026-04-29,60,30,2026-04-29T07:00:00Z,2026-04-29T08:00:00Z,2026-04-29T07:30:00Z,1.17077,1.17044,0.00033,1.17075,1.17050,0.00025,1,0,0.00008,1.32,0.00002,0.00006,up,close,0
IBOR|EURUSD|M1|new_york|2026-04-29|60|IB60|OR30,IB_OR_RELATION,RELATION_P0,aligned_defined_pair,IB|EURUSD|M1|new_york|2026-04-29|60,OR|EURUSD|M1|new_york|2026-04-29|30,EURUSD,M1,new_york,America/New_York,2026-04-29,60,30,2026-04-29T13:30:00Z,2026-04-29T14:30:00Z,2026-04-29T14:00:00Z,1.17096,1.17001,0.00095,1.17092,1.17001,0.00091,1,0,0.00004,1.043956043956043956043956044,0.00004,0.00000,up,wick,0
IBOR|EURUSD|M1|london|2026-04-30|60|IB60|OR30,IB_OR_RELATION,RELATION_P0,aligned_defined_pair,IB|EURUSD|M1|london|2026-04-30|60,OR|EURUSD|M1|london|2026-04-30|30,EURUSD,M1,london,Europe/London,2026-04-30,60,30,2026-04-30T07:00:00Z,2026-04-30T08:00:00Z,2026-04-30T07:30:00Z,1.16660,1.16551,0.00109,1.16660,1.16575,0.00085,1,0,0.00024,1.282352941176470588235294118,0.00000,0.00024,down,close,0
IBOR|EURUSD|M1|new_york|2026-04-30|60|IB60|OR30,IB_OR_RELATION,RELATION_P0,aligned_defined_pair,IB|EURUSD|M1|new_york|2026-04-30|60,OR|EURUSD|M1|new_york|2026-04-30|30,EURUSD,M1,new_york,America/New_York,2026-04-30,60,30,2026-04-30T13:30:00Z,2026-04-30T14:30:00Z,2026-04-30T14:00:00Z,1.17195,1.17013,0.00182,1.17153,1.17013,0.00140,1,0,0.00042,1.3,0.00042,0.00000,up,close,0
IBOR|EURUSD|M1|london|2026-05-01|60|IB60|OR30,IB_OR_RELATION,RELATION_P0,aligned_defined_pair,IB|EURUSD|M1|london|2026-05-01|60,OR|EURUSD|M1|london|2026-05-01|30,EURUSD,M1,london,Europe/London,2026-05-01,60,30,2026-05-01T07:00:00Z,2026-05-01T08:00:00Z,2026-05-01T07:30:00Z,1.17324,1.17259,0.00065,1.17324,1.17263,0.00061,1,0,0.00004,1.065573770491803278688524590,0.00000,0.00004,down,wick,0
IBOR|EURUSD|M1|new_york|2026-05-01|60|IB60|OR30,IB_OR_RELATION,RELATION_P0,aligned_defined_pair,IB|EURUSD|M1|new_york|2026-05-01|60,OR|EURUSD|M1|new_york|2026-05-01|30,EURUSD,M1,new_york,America/New_York,2026-05-01,60,30,2026-05-01T13:30:00Z,2026-05-01T14:30:00Z,2026-05-01T14:00:00Z,1.17582,1.17393,0.00189,1.17458,1.17393,0.00065,1,0,0.00124,2.907692307692307692307692308,0.00124,0.00000,up,wick,0
IBOR|EURUSD|M1|london|2026-05-04|60|IB60|OR30,IB_OR_RELATION,RELATION_P0,aligned_defined_pair,IB|EURUSD|M1|london|2026-05-04|60,OR|EURUSD|M1|london|2026-05-04|30,EURUSD,M1,london,Europe/London,2026-05-04,60,30,2026-05-04T07:00:00Z,2026-05-04T08:00:00Z,2026-05-04T07:30:00Z,1.17383,1.17276,0.00107,1.17383,1.17292,0.00091,1,0,0.00016,1.175824175824175824175824176,0.00000,0.00016,down,close,0
IBOR|EURUSD|M1|new_york|2026-05-04|60|IB60|OR30,IB_OR_RELATION,RELATION_P0,aligned_defined_pair,IB|EURUSD|M1|new_york|2026-05-04|60,OR|EURUSD|M1|new_york|2026-05-04|30,EURUSD,M1,new_york,America/New_York,2026-05-04,60,30,2026-05-04T13:30:00Z,2026-05-04T14:30:00Z,2026-05-04T14:00:00Z,1.17143,1.16957,0.00186,1.17143,1.17021,0.00122,1,0,0.00064,1.524590163934426229508196721,0.00000,0.00064,down,wick,0
IBOR|EURUSD|M1|london|2026-05-05|60|IB60|OR30,IB_OR_RELATION,RELATION_P0,aligned_defined_pair,IB|EURUSD|M1|london|2026-05-05|60,OR|EURUSD|M1|london|2026-05-05|30,EURUSD,M1,london,Europe/London,2026-05-05,60,30,2026-05-05T07:00:00Z,2026-05-05T08:00:00Z,2026-05-05T07:30:00Z,1.16874,1.16769,0.00105,1.16867,1.16836,0.00031,1,0,0.00074,3.387096774193548387096774194,0.00007,0.00067,up,wick,0
IBOR|EURUSD|M1|new_york|2026-05-05|60|IB60|OR30,IB_OR_RELATION,RELATION_P0,aligned_defined_pair,IB|EURUSD|M1|new_york|2026-05-05|60,OR|EURUSD|M1|new_york|2026-05-05|30,EURUSD,M1,new_york,America/New_York,2026-05-05,60,30,2026-05-05T13:30:00Z,2026-05-05T14:30:00Z,2026-05-05T14:00:00Z,1.16975,1.16833,0.00142,1.16975,1.16873,0.00102,1,0,0.00040,1.392156862745098039215686275,0.00000,0.00040,down,close,0
IBOR|EURUSD|M1|london|2026-05-06|60|IB60|OR30,IB_OR_RELATION,RELATION_P0,aligned_defined_pair,IB|EURUSD|M1|london|2026-05-06|60,OR|EURUSD|M1|london|2026-05-06|30,EURUSD,M1,london,Europe/London,2026-05-06,60,30,2026-05-06T07:00:00Z,2026-05-06T08:00:00Z,2026-05-06T07:30:00Z,1.17429,1.17163,0.00266,1.17284,1.17163,0.00121,1,0,0.00145,2.198347107438016528925619835,0.00145,0.00000,up,close,0
IBOR|EURUSD|M1|new_york|2026-05-06|60|IB60|OR30,IB_OR_RELATION,RELATION_P0,aligned_defined_pair,IB|EURUSD|M1|new_york|2026-05-06|60,OR|EURUSD|M1|new_york|2026-05-06|30,EURUSD,M1,new_york,America/New_York,2026-05-06,60,30,2026-05-06T13:30:00Z,2026-05-06T14:30:00Z,2026-05-06T14:00:00Z,1.17968,1.17694,0.00274,1.17968,1.17694,0.00274,1,1,0.00000,1,0.00000,0.00000,down,wick,0
IBOR|EURUSD|M1|london|2026-05-07|60|IB60|OR30,IB_OR_RELATION,RELATION_P0,aligned_defined_pair,IB|EURUSD|M1|london|2026-05-07|60,OR|EURUSD|M1|london|2026-05-07|30,EURUSD,M1,london,Europe/London,2026-05-07,60,30,2026-05-07T07:00:00Z,2026-05-07T08:00:00Z,2026-05-07T07:30:00Z,1.17536,1.17478,0.00058,1.17530,1.17478,0.00052,1,0,0.00006,1.115384615384615384615384615,0.00006,0.00000,up,wick,0
IBOR|EURUSD|M1|new_york|2026-05-07|60|IB60|OR30,IB_OR_RELATION,RELATION_P0,aligned_defined_pair,IB|EURUSD|M1|new_york|2026-05-07|60,OR|EURUSD|M1|new_york|2026-05-07|30,EURUSD,M1,new_york,America/New_York,2026-05-07,60,30,2026-05-07T13:30:00Z,2026-05-07T14:30:00Z,2026-05-07T14:00:00Z,1.17758,1.17622,0.00136,1.17758,1.17650,0.00108,1,0,0.00028,1.259259259259259259259259259,0.00000,0.00028,down,close,0
IBOR|EURUSD|M1|london|2026-05-08|60|IB60|OR30,IB_OR_RELATION,RELATION_P0,aligned_defined_pair,IB|EURUSD|M1|london|2026-05-08|60,OR|EURUSD|M1|london|2026-05-08|30,EURUSD,M1,london,Europe/London,2026-05-08,60,30,2026-05-08T07:00:00Z,2026-05-08T08:00:00Z,2026-05-08T07:30:00Z,1.17359,1.17270,0.00089,1.17307,1.17270,0.00037,1,0,0.00052,2.405405405405405405405405405,0.00052,0.00000,up,close,0
IBOR|EURUSD|M1|new_york|2026-05-08|60|IB60|OR30,IB_OR_RELATION,RELATION_P0,aligned_defined_pair,IB|EURUSD|M1|new_york|2026-05-08|60,OR|EURUSD|M1|new_york|2026-05-08|30,EURUSD,M1,new_york,America/New_York,2026-05-08,60,30,2026-05-08T13:30:00Z,2026-05-08T14:30:00Z,2026-05-08T14:00:00Z,1.17722,1.17614,0.00108,1.17722,1.17614,0.00108,1,1,0.00000,1,0.00000,0.00000,down,wick,0
IBOR|EURUSD|M1|london|2026-05-11|60|IB60|OR30,IB_OR_RELATION,RELATION_P0,aligned_defined_pair,IB|EURUSD|M1|london|2026-05-11|60,OR|EURUSD|M1|london|2026-05-11|30,EURUSD,M1,london,Europe/London,2026-05-11,60,30,2026-05-11T07:00:00Z,2026-05-11T08:00:00Z,2026-05-11T07:30:00Z,1.17574,1.17502,0.00072,1.17574,1.17544,0.00030,1,0,0.00042,2.4,0.00000,0.00042,down,close,0
IBOR|EURUSD|M1|new_york|2026-05-11|60|IB60|OR30,IB_OR_RELATION,RELATION_P0,aligned_defined_pair,IB|EURUSD|M1|new_york|2026-05-11|60,OR|EURUSD|M1|new_york|2026-05-11|30,EURUSD,M1,new_york,America/New_York,2026-05-11,60,30,2026-05-11T13:30:00Z,2026-05-11T14:30:00Z,2026-05-11T14:00:00Z,1.17746,1.17666,0.00080,1.17741,1.17666,0.00075,1,0,0.00005,1.066666666666666666666666667,0.00005,0.00000,up,close,0
IBOR|EURUSD|M1|london|2026-05-12|60|IB60|OR30,IB_OR_RELATION,RELATION_P0,aligned_defined_pair,IB|EURUSD|M1|london|2026-05-12|60,OR|EURUSD|M1|london|2026-05-12|30,EURUSD,M1,london,Europe/London,2026-05-12,60,30,2026-05-12T07:00:00Z,2026-05-12T08:00:00Z,2026-05-12T07:30:00Z,1.17598,1.17554,0.00044,1.17578,1.17554,0.00024,1,0,0.00020,1.833333333333333333333333333,0.00020,0.00000,up,close,0
IBOR|EURUSD|M1|new_york|2026-05-12|60|IB60|OR30,IB_OR_RELATION,RELATION_P0,aligned_defined_pair,IB|EURUSD|M1|new_york|2026-05-12|60,OR|EURUSD|M1|new_york|2026-05-12|30,EURUSD,M1,new_york,America/New_York,2026-05-12,60,30,2026-05-12T13:30:00Z,2026-05-12T14:30:00Z,2026-05-12T14:00:00Z,1.17490,1.17349,0.00141,1.17490,1.17405,0.00085,1,0,0.00056,1.658823529411764705882352941,0.00000,0.00056,down,wick,0
IBOR|EURUSD|M1|london|2026-05-13|60|IB60|OR30,IB_OR_RELATION,RELATION_P0,aligned_defined_pair,IB|EURUSD|M1|london|2026-05-13|60,OR|EURUSD|M1|london|2026-05-13|30,EURUSD,M1,london,Europe/London,2026-05-13,60,30,2026-05-13T07:00:00Z,2026-05-13T08:00:00Z,2026-05-13T07:30:00Z,1.17353,1.17322,0.00031,1.17353,1.17336,0.00017,1,0,0.00014,1.823529411764705882352941176,0.00000,0.00014,down,wick,0
IBOR|EURUSD|M1|new_york|2026-05-13|60|IB60|OR30,IB_OR_RELATION,RELATION_P0,aligned_defined_pair,IB|EURUSD|M1|new_york|2026-05-13|60,OR|EURUSD|M1|new_york|2026-05-13|30,EURUSD,M1,new_york,America/New_York,2026-05-13,60,30,2026-05-13T13:30:00Z,2026-05-13T14:30:00Z,2026-05-13T14:00:00Z,1.17152,1.17047,0.00105,1.17145,1.17047,0.00098,1,0,0.00007,1.071428571428571428571428571,0.00007,0.00000,up,wick,0
IBOR|EURUSD|M1|london|2026-05-14|60|IB60|OR30,IB_OR_RELATION,RELATION_P0,aligned_defined_pair,IB|EURUSD|M1|london|2026-05-14|60,OR|EURUSD|M1|london|2026-05-14|30,EURUSD,M1,london,Europe/London,2026-05-14,60,30,2026-05-14T07:00:00Z,2026-05-14T08:00:00Z,2026-05-14T07:30:00Z,1.17173,1.17116,0.00057,1.17163,1.17116,0.00047,1,0,0.00010,1.212765957446808510638297872,0.00010,0.00000,up,close,0
IBOR|EURUSD|M1|new_york|2026-05-14|60|IB60|OR30,IB_OR_RELATION,RELATION_P0,aligned_defined_pair,IB|EURUSD|M1|new_york|2026-05-14|60,OR|EURUSD|M1|new_york|2026-05-14|30,EURUSD,M1,new_york,America/New_York,2026-05-14,60,30,2026-05-14T13:30:00Z,2026-05-14T14:30:00Z,2026-05-14T14:00:00Z,1.17109,1.17041,0.00068,1.17109,1.17049,0.00060,1,0,0.00008,1.133333333333333333333333333,0.00000,0.00008,down,wick,0
IBOR|EURUSD|M1|london|2026-05-15|60|IB60|OR30,IB_OR_RELATION,RELATION_P0,aligned_defined_pair,IB|EURUSD|M1|london|2026-05-15|60,OR|EURUSD|M1|london|2026-05-15|30,EURUSD,M1,london,Europe/London,2026-05-15,60,30,2026-05-15T07:00:00Z,2026-05-15T08:00:00Z,2026-05-15T07:30:00Z,1.16527,1.16465,0.00062,1.16527,1.16506,0.00021,1,0,0.00041,2.952380952380952380952380952,0.00000,0.00041,down,wick,0
IBOR|EURUSD|M1|new_york|2026-05-15|60|IB60|OR30,IB_OR_RELATION,RELATION_P0,aligned_defined_pair,IB|EURUSD|M1|new_york|2026-05-15|60,OR|EURUSD|M1|new_york|2026-05-15|30,EURUSD,M1,new_york,America/New_York,2026-05-15,60,30,2026-05-15T13:30:00Z,2026-05-15T14:30:00Z,2026-05-15T14:00:00Z,1.16554,1.16364,0.00190,1.16554,1.16364,0.00190,1,1,0.00000,1,0.00000,0.00000,down,close,0
IBOR|EURUSD|M1|london|2026-05-18|60|IB60|OR30,IB_OR_RELATION,RELATION_P0,aligned_defined_pair,IB|EURUSD|M1|london|2026-05-18|60,OR|EURUSD|M1|london|2026-05-18|30,EURUSD,M1,london,Europe/London,2026-05-18,60,30,2026-05-18T07:00:00Z,2026-05-18T08:00:00Z,2026-05-18T07:30:00Z,1.16262,1.16191,0.00071,1.16262,1.16208,0.00054,1,0,0.00017,1.314814814814814814814814815,0.00000,0.00017,down,close,0
IBOR|EURUSD|M1|new_york|2026-05-18|60|IB60|OR30,IB_OR_RELATION,RELATION_P0,aligned_defined_pair,IB|EURUSD|M1|new_york|2026-05-18|60,OR|EURUSD|M1|new_york|2026-05-18|30,EURUSD,M1,new_york,America/New_York,2026-05-18,60,30,2026-05-18T13:30:00Z,2026-05-18T14:30:00Z,2026-05-18T14:00:00Z,1.16364,1.16263,0.00101,1.16364,1.16263,0.00101,1,1,0.00000,1,0.00000,0.00000,up,wick,0
IBOR|EURUSD|M1|london|2026-05-19|60|IB60|OR30,IB_OR_RELATION,RELATION_P0,aligned_defined_pair,IB|EURUSD|M1|london|2026-05-19|60,OR|EURUSD|M1|london|2026-05-19|30,EURUSD,M1,london,Europe/London,2026-05-19,60,30,2026-05-19T07:00:00Z,2026-05-19T08:00:00Z,2026-05-19T07:30:00Z,1.16431,1.16352,0.00079,1.16431,1.16404,0.00027,1,0,0.00052,2.925925925925925925925925926,0.00000,0.00052,down,close,0
IBOR|EURUSD|M1|new_york|2026-05-19|60|IB60|OR30,IB_OR_RELATION,RELATION_P0,aligned_defined_pair,IB|EURUSD|M1|new_york|2026-05-19|60,OR|EURUSD|M1|new_york|2026-05-19|30,EURUSD,M1,new_york,America/New_York,2026-05-19,60,30,2026-05-19T13:30:00Z,2026-05-19T14:30:00Z,2026-05-19T14:00:00Z,1.16253,1.16111,0.00142,1.16253,1.16111,0.00142,1,1,0.00000,1,0.00000,0.00000,down,close,0
IBOR|EURUSD|M1|london|2026-05-20|60|IB60|OR30,IB_OR_RELATION,RELATION_P0,aligned_defined_pair,IB|EURUSD|M1|london|2026-05-20|60,OR|EURUSD|M1|london|2026-05-20|30,EURUSD,M1,london,Europe/London,2026-05-20,60,30,2026-05-20T07:00:00Z,2026-05-20T08:00:00Z,2026-05-20T07:30:00Z,1.16067,1.15970,0.00097,1.16067,1.16021,0.00046,1,0,0.00051,2.108695652173913043478260870,0.00000,0.00051,down,close,0
IBOR|EURUSD|M1|new_york|2026-05-20|60|IB60|OR30,IB_OR_RELATION,RELATION_P0,aligned_defined_pair,IB|EURUSD|M1|new_york|2026-05-20|60,OR|EURUSD|M1|new_york|2026-05-20|30,EURUSD,M1,new_york,America/New_York,2026-05-20,60,30,2026-05-20T13:30:00Z,2026-05-20T14:30:00Z,2026-05-20T14:00:00Z,1.16029,1.15943,0.00086,1.16029,1.15943,0.00086,1,1,0.00000,1,0.00000,0.00000,up,close,0
IBOR|EURUSD|M1|london|2026-05-21|60|IB60|OR30,IB_OR_RELATION,RELATION_P0,aligned_defined_pair,IB|EURUSD|M1|london|2026-05-21|60,OR|EURUSD|M1|london|2026-05-21|30,EURUSD,M1,london,Europe/London,2026-05-21,60,30,2026-05-21T07:00:00Z,2026-05-21T08:00:00Z,2026-05-21T07:30:00Z,1.16236,1.16183,0.00053,1.16217,1.16183,0.00034,1,0,0.00019,1.558823529411764705882352941,0.00019,0.00000,up,close,0
IBOR|EURUSD|M1|new_york|2026-05-21|60|IB60|OR30,IB_OR_RELATION,RELATION_P0,aligned_defined_pair,IB|EURUSD|M1|new_york|2026-05-21|60,OR|EURUSD|M1|new_york|2026-05-21|30,EURUSD,M1,new_york,America/New_York,2026-05-21,60,30,2026-05-21T13:30:00Z,2026-05-21T14:30:00Z,2026-05-21T14:00:00Z,1.16160,1.15998,0.00162,1.16135,1.15998,0.00137,1,0,0.00025,1.182481751824817518248175182,0.00025,0.00000,up,close,0
IBOR|EURUSD|M1|london|2026-05-22|60|IB60|OR30,IB_OR_RELATION,RELATION_P0,aligned_defined_pair,IB|EURUSD|M1|london|2026-05-22|60,OR|EURUSD|M1|london|2026-05-22|30,EURUSD,M1,london,Europe/London,2026-05-22,60,30,2026-05-22T07:00:00Z,2026-05-22T08:00:00Z,2026-05-22T07:30:00Z,1.16155,1.16113,0.00042,1.16150,1.16113,0.00037,1,0,0.00005,1.135135135135135135135135135,0.00005,0.00000,up,wick,0
IBOR|EURUSD|M1|new_york|2026-05-22|60|IB60|OR30,IB_OR_RELATION,RELATION_P0,aligned_defined_pair,IB|EURUSD|M1|new_york|2026-05-22|60,OR|EURUSD|M1|new_york|2026-05-22|30,EURUSD,M1,new_york,America/New_York,2026-05-22,60,30,2026-05-22T13:30:00Z,2026-05-22T14:30:00Z,2026-05-22T14:00:00Z,1.16014,1.15934,0.00080,1.16014,1.15952,0.00062,1,0,0.00018,1.290322580645161290322580645,0.00000,0.00018,down,close,0
IBOR|EURUSD|M1|london|2026-05-25|60|IB60|OR30,IB_OR_RELATION,RELATION_P0,aligned_defined_pair,IB|EURUSD|M1|london|2026-05-25|60,OR|EURUSD|M1|london|2026-05-25|30,EURUSD,M1,london,Europe/London,2026-05-25,60,30,2026-05-25T07:00:00Z,2026-05-25T08:00:00Z,2026-05-25T07:30:00Z,1.16438,1.16356,0.00082,1.16376,1.16356,0.00020,1,0,0.00062,4.1,0.00062,0.00000,up,close,0
IBOR|EURUSD|M1|new_york|2026-05-25|60|IB60|OR30,IB_OR_RELATION,RELATION_P0,aligned_defined_pair,IB|EURUSD|M1|new_york|2026-05-25|60,OR|EURUSD|M1|new_york|2026-05-25|30,EURUSD,M1,new_york,America/New_York,2026-05-25,60,30,2026-05-25T13:30:00Z,2026-05-25T14:30:00Z,2026-05-25T14:00:00Z,1.16447,1.16402,0.00045,1.16440,1.16414,0.00026,1,0,0.00019,1.730769230769230769230769231,0.00007,0.00012,down,close,0
IBOR|EURUSD|M1|london|2026-05-26|60|IB60|OR30,IB_OR_RELATION,RELATION_P0,aligned_defined_pair,IB|EURUSD|M1|london|2026-05-26|60,OR|EURUSD|M1|london|2026-05-26|30,EURUSD,M1,london,Europe/London,2026-05-26,60,30,2026-05-26T07:00:00Z,2026-05-26T08:00:00Z,2026-05-26T07:30:00Z,1.16361,1.16293,0.00068,1.16361,1.16332,0.00029,1,0,0.00039,2.344827586206896551724137931,0.00000,0.00039,down,close,0
IBOR|EURUSD|M1|new_york|2026-05-26|60|IB60|OR30,IB_OR_RELATION,RELATION_P0,aligned_defined_pair,IB|EURUSD|M1|new_york|2026-05-26|60,OR|EURUSD|M1|new_york|2026-05-26|30,EURUSD,M1,new_york,America/New_York,2026-05-26,60,30,2026-05-26T13:30:00Z,2026-05-26T14:30:00Z,2026-05-26T14:00:00Z,1.16450,1.16377,0.00073,1.16450,1.16377,0.00073,1,1,0.00000,1,0.00000,0.00000,down,close,0
IBOR|EURUSD|M1|london|2026-05-27|60|IB60|OR30,IB_OR_RELATION,RELATION_P0,aligned_defined_pair,IB|EURUSD|M1|london|2026-05-27|60,OR|EURUSD|M1|london|2026-05-27|30,EURUSD,M1,london,Europe/London,2026-05-27,60,30,2026-05-27T07:00:00Z,2026-05-27T08:00:00Z,2026-05-27T07:30:00Z,1.16424,1.16383,0.00041,1.16409,1.16383,0.00026,1,0,0.00015,1.576923076923076923076923077,0.00015,0.00000,up,wick,0
IBOR|EURUSD|M1|new_york|2026-05-27|60|IB60|OR30,IB_OR_RELATION,RELATION_P0,aligned_defined_pair,IB|EURUSD|M1|new_york|2026-05-27|60,OR|EURUSD|M1|new_york|2026-05-27|30,EURUSD,M1,new_york,America/New_York,2026-05-27,60,30,2026-05-27T13:30:00Z,2026-05-27T14:30:00Z,2026-05-27T14:00:00Z,1.16419,1.16359,0.00060,1.16405,1.16359,0.00046,1,0,0.00014,1.304347826086956521739130435,0.00014,0.00000,up,close,0
IBOR|EURUSD|M1|london|2026-05-28|60|IB60|OR30,IB_OR_RELATION,RELATION_P0,aligned_defined_pair,IB|EURUSD|M1|london|2026-05-28|60,OR|EURUSD|M1|london|2026-05-28|30,EURUSD,M1,london,Europe/London,2026-05-28,60,30,2026-05-28T07:00:00Z,2026-05-28T08:00:00Z,2026-05-28T07:30:00Z,1.15927,1.15862,0.00065,1.15918,1.15862,0.00056,1,0,0.00009,1.160714285714285714285714286,0.00009,0.00000,up,close,0
IBOR|EURUSD|M1|new_york|2026-05-28|60|IB60|OR30,IB_OR_RELATION,RELATION_P0,aligned_defined_pair,IB|EURUSD|M1|new_york|2026-05-28|60,OR|EURUSD|M1|new_york|2026-05-28|30,EURUSD,M1,new_york,America/New_York,2026-05-28,60,30,2026-05-28T13:30:00Z,2026-05-28T14:30:00Z,2026-05-28T14:00:00Z,1.16147,1.16034,0.00113,1.16147,1.16036,0.00111,1,0,0.00002,1.018018018018018018018018018,0.00000,0.00002,down,wick,0
IBOR|EURUSD|M1|london|2026-05-29|60|IB60|OR30,IB_OR_RELATION,RELATION_P0,aligned_defined_pair,IB|EURUSD|M1|london|2026-05-29|60,OR|EURUSD|M1|london|2026-05-29|30,EURUSD,M1,london,Europe/London,2026-05-29,60,30,2026-05-29T07:00:00Z,2026-05-29T08:00:00Z,2026-05-29T07:30:00Z,1.16393,1.16343,0.00050,1.16393,1.16354,0.00039,1,0,0.00011,1.282051282051282051282051282,0.00000,0.00011,down,close,0
IBOR|EURUSD|M1|new_york|2026-05-29|60|IB60|OR30,IB_OR_RELATION,RELATION_P0,aligned_defined_pair,IB|EURUSD|M1|new_york|2026-05-29|60,OR|EURUSD|M1|new_york|2026-05-29|30,EURUSD,M1,new_york,America/New_York,2026-05-29,60,30,2026-05-29T13:30:00Z,2026-05-29T14:30:00Z,2026-05-29T14:00:00Z,1.16449,1.16399,0.00050,1.16444,1.16407,0.00037,1,0,0.00013,1.351351351351351351351351351,0.00005,0.00008,up,close,0
IBOR|EURUSD|M1|london|2026-06-01|60|IB60|OR30,IB_OR_RELATION,RELATION_P0,aligned_defined_pair,IB|EURUSD|M1|london|2026-06-01|60,OR|EURUSD|M1|london|2026-06-01|30,EURUSD,M1,london,Europe/London,2026-06-01,60,30,2026-06-01T07:00:00Z,2026-06-01T08:00:00Z,2026-06-01T07:30:00Z,1.16485,1.16434,0.00051,1.16474,1.16434,0.00040,1,0,0.00011,1.275,0.00011,0.00000,up,wick,0
IBOR|EURUSD|M1|new_york|2026-06-01|60|IB60|OR30,IB_OR_RELATION,RELATION_P0,aligned_defined_pair,IB|EURUSD|M1|new_york|2026-06-01|60,OR|EURUSD|M1|new_york|2026-06-01|30,EURUSD,M1,new_york,America/New_York,2026-06-01,60,30,2026-06-01T13:30:00Z,2026-06-01T14:30:00Z,2026-06-01T14:00:00Z,1.16503,1.16417,0.00086,1.16503,1.16461,0.00042,1,0,0.00044,2.047619047619047619047619048,0.00000,0.00044,down,wick,0
IBOR|EURUSD|M1|london|2026-06-02|60|IB60|OR30,IB_OR_RELATION,RELATION_P0,aligned_defined_pair,IB|EURUSD|M1|london|2026-06-02|60,OR|EURUSD|M1|london|2026-06-02|30,EURUSD,M1,london,Europe/London,2026-06-02,60,30,2026-06-02T07:00:00Z,2026-06-02T08:00:00Z,2026-06-02T07:30:00Z,1.16388,1.16341,0.00047,1.16364,1.16341,0.00023,1,0,0.00024,2.043478260869565217391304348,0.00024,0.00000,up,wick,0
IBOR|EURUSD|M1|new_york|2026-06-02|60|IB60|OR30,IB_OR_RELATION,RELATION_P0,aligned_defined_pair,IB|EURUSD|M1|new_york|2026-06-02|60,OR|EURUSD|M1|new_york|2026-06-02|30,EURUSD,M1,new_york,America/New_York,2026-06-02,60,30,2026-06-02T13:30:00Z,2026-06-02T14:30:00Z,2026-06-02T14:00:00Z,1.16468,1.16417,0.00051,1.16462,1.16417,0.00045,1,0,0.00006,1.133333333333333333333333333,0.00006,0.00000,up,close,0
IBOR|EURUSD|M1|london|2026-06-03|60|IB60|OR30,IB_OR_RELATION,RELATION_P0,aligned_defined_pair,IB|EURUSD|M1|london|2026-06-03|60,OR|EURUSD|M1|london|2026-06-03|30,EURUSD,M1,london,Europe/London,2026-06-03,60,30,2026-06-03T07:00:00Z,2026-06-03T08:00:00Z,2026-06-03T07:30:00Z,1.16280,1.16243,0.00037,1.16280,1.16247,0.00033,1,0,0.00004,1.121212121212121212121212121,0.00000,0.00004,down,wick,0
IBOR|EURUSD|M1|new_york|2026-06-03|60|IB60|OR30,IB_OR_RELATION,RELATION_P0,aligned_defined_pair,IB|EURUSD|M1|new_york|2026-06-03|60,OR|EURUSD|M1|new_york|2026-06-03|30,EURUSD,M1,new_york,America/New_York,2026-06-03,60,30,2026-06-03T13:30:00Z,2026-06-03T14:30:00Z,2026-06-03T14:00:00Z,1.16203,1.16145,0.00058,1.16178,1.16145,0.00033,1,0,0.00025,1.757575757575757575757575758,0.00025,0.00000,up,close,0
IBOR|EURUSD|M1|london|2026-06-04|60|IB60|OR30,IB_OR_RELATION,RELATION_P0,aligned_defined_pair,IB|EURUSD|M1|london|2026-06-04|60,OR|EURUSD|M1|london|2026-06-04|30,EURUSD,M1,london,Europe/London,2026-06-04,60,30,2026-06-04T07:00:00Z,2026-06-04T08:00:00Z,2026-06-04T07:30:00Z,1.16129,1.16039,0.00090,1.16061,1.16039,0.00022,1,0,0.00068,4.090909090909090909090909091,0.00068,0.00000,up,close,0
IBOR|EURUSD|M1|new_york|2026-06-04|60|IB60|OR30,IB_OR_RELATION,RELATION_P0,aligned_defined_pair,IB|EURUSD|M1|new_york|2026-06-04|60,OR|EURUSD|M1|new_york|2026-06-04|30,EURUSD,M1,new_york,America/New_York,2026-06-04,60,30,2026-06-04T13:30:00Z,2026-06-04T14:30:00Z,2026-06-04T14:00:00Z,1.16434,1.16277,0.00157,1.16342,1.16277,0.00065,1,0,0.00092,2.415384615384615384615384615,0.00092,0.00000,up,close,0
IBOR|EURUSD|M1|london|2026-06-05|60|IB60|OR30,IB_OR_RELATION,RELATION_P0,aligned_defined_pair,IB|EURUSD|M1|london|2026-06-05|60,OR|EURUSD|M1|london|2026-06-05|30,EURUSD,M1,london,Europe/London,2026-06-05,60,30,2026-06-05T07:00:00Z,2026-06-05T08:00:00Z,2026-06-05T07:30:00Z,1.16170,1.16137,0.00033,1.16165,1.16137,0.00028,1,0,0.00005,1.178571428571428571428571429,0.00005,0.00000,up,close,0
IBOR|EURUSD|M1|new_york|2026-06-05|60|IB60|OR30,IB_OR_RELATION,RELATION_P0,aligned_defined_pair,IB|EURUSD|M1|new_york|2026-06-05|60,OR|EURUSD|M1|new_york|2026-06-05|30,EURUSD,M1,new_york,America/New_York,2026-06-05,60,30,2026-06-05T13:30:00Z,2026-06-05T14:30:00Z,2026-06-05T14:00:00Z,1.16442,1.16354,0.00088,1.16442,1.16388,0.00054,1,0,0.00034,1.629629629629629629629629630,0.00000,0.00034,down,close,0
IBOR|EURUSD|M1|london|2026-06-08|60|IB60|OR30,IB_OR_RELATION,RELATION_P0,aligned_defined_pair,IB|EURUSD|M1|london|2026-06-08|60,OR|EURUSD|M1|london|2026-06-08|30,EURUSD,M1,london,Europe/London,2026-06-08,60,30,2026-06-08T07:00:00Z,2026-06-08T08:00:00Z,2026-06-08T07:30:00Z,1.15339,1.15299,0.00040,1.15335,1.15300,0.00035,1,0,0.00005,1.142857142857142857142857143,0.00004,0.00001,up,wick,0
IBOR|EURUSD|M1|new_york|2026-06-08|60|IB60|OR30,IB_OR_RELATION,RELATION_P0,aligned_defined_pair,IB|EURUSD|M1|new_york|2026-06-08|60,OR|EURUSD|M1|new_york|2026-06-08|30,EURUSD,M1,new_york,America/New_York,2026-06-08,60,30,2026-06-08T13:30:00Z,2026-06-08T14:30:00Z,2026-06-08T14:00:00Z,1.15422,1.15156,0.00266,1.15324,1.15156,0.00168,1,0,0.00098,1.583333333333333333333333333,0.00098,0.00000,up,wick,0
IBOR|EURUSD|M1|london|2026-06-09|60|IB60|OR30,IB_OR_RELATION,RELATION_P0,aligned_defined_pair,IB|EURUSD|M1|london|2026-06-09|60,OR|EURUSD|M1|london|2026-06-09|30,EURUSD,M1,london,Europe/London,2026-06-09,60,30,2026-06-09T07:00:00Z,2026-06-09T08:00:00Z,2026-06-09T07:30:00Z,1.15482,1.15369,0.00113,1.15420,1.15369,0.00051,1,0,0.00062,2.215686274509803921568627451,0.00062,0.00000,up,close,0
IBOR|EURUSD|M1|new_york|2026-06-09|60|IB60|OR30,IB_OR_RELATION,RELATION_P0,aligned_defined_pair,IB|EURUSD|M1|new_york|2026-06-09|60,OR|EURUSD|M1|new_york|2026-06-09|30,EURUSD,M1,new_york,America/New_York,2026-06-09,60,30,2026-06-09T13:30:00Z,2026-06-09T14:30:00Z,2026-06-09T14:00:00Z,1.15726,1.15648,0.00078,1.15692,1.15648,0.00044,1,0,0.00034,1.772727272727272727272727273,0.00034,0.00000,up,wick,0
IBOR|EURUSD|M1|london|2026-06-10|60|IB60|OR30,IB_OR_RELATION,RELATION_P0,aligned_defined_pair,IB|EURUSD|M1|london|2026-06-10|60,OR|EURUSD|M1|london|2026-06-10|30,EURUSD,M1,london,Europe/London,2026-06-10,60,30,2026-06-10T07:00:00Z,2026-06-10T08:00:00Z,2026-06-10T07:30:00Z,1.15506,1.15445,0.00061,1.15506,1.15467,0.00039,1,0,0.00022,1.564102564102564102564102564,0.00000,0.00022,down,close,0
IBOR|EURUSD|M1|new_york|2026-06-10|60|IB60|OR30,IB_OR_RELATION,RELATION_P0,aligned_defined_pair,IB|EURUSD|M1|new_york|2026-06-10|60,OR|EURUSD|M1|new_york|2026-06-10|30,EURUSD,M1,new_york,America/New_York,2026-06-10,60,30,2026-06-10T13:30:00Z,2026-06-10T14:30:00Z,2026-06-10T14:00:00Z,1.15572,1.15361,0.00211,1.15572,1.15503,0.00069,1,0,0.00142,3.057971014492753623188405797,0.00000,0.00142,down,close,0
IBOR|EURUSD|M1|london|2026-06-11|60|IB60|OR30,IB_OR_RELATION,RELATION_P0,aligned_defined_pair,IB|EURUSD|M1|london|2026-06-11|60,OR|EURUSD|M1|london|2026-06-11|30,EURUSD,M1,london,Europe/London,2026-06-11,60,30,2026-06-11T07:00:00Z,2026-06-11T08:00:00Z,2026-06-11T07:30:00Z,1.15503,1.15425,0.00078,1.15473,1.15425,0.00048,1,0,0.00030,1.625,0.00030,0.00000,up,close,0
IBOR|EURUSD|M1|new_york|2026-06-11|60|IB60|OR30,IB_OR_RELATION,RELATION_P0,aligned_defined_pair,IB|EURUSD|M1|new_york|2026-06-11|60,OR|EURUSD|M1|new_york|2026-06-11|30,EURUSD,M1,new_york,America/New_York,2026-06-11,60,30,2026-06-11T13:30:00Z,2026-06-11T14:30:00Z,2026-06-11T14:00:00Z,1.15395,1.15248,0.00147,1.15318,1.15248,0.00070,1,0,0.00077,2.1,0.00077,0.00000,up,close,0
