symbol,timeframe,bar_time,open,high,low,close
EURUSD,H1,2025-01-02T00:00:00Z,1.03515,1.03579,1.03487,1.03556
EURUSD,H1,2025-01-02T01:00:00Z,1.03556,1.03567,1.03466,1.03509
EURUSD,H1,2025-01-02T02:00:00Z,1.03509,1.03566,1.03474,1.03522
EURUSD,H1,2025-01-02T03:00:00Z,1.03522,1.03609,1.03443,1.03579
EURUSD,H1,2025-01-02T04:00:00Z,1.03579,1.03713,1.03578,1.03709
EURUSD,H1,2025-01-02T05:00:00Z,1.03709,1.03743,1.03683,1.03716
EURUSD,H1,2025-01-02T06:00:00Z,1.03718,1.03756,1.03665,1.03694
EURUSD,H1,2025-01-02T07:00:00Z,1.03694,1.03708,1.03618,1.03638
EURUSD,H1,2025-01-02T08:00:00Z,1.03638,1.0365,1.036,1.03638
EURUSD,H1,2025-01-02T09:00:00Z,1.03638,1.03725,1.03624,1.03629
EURUSD,H1,2025-01-02T10:00:00Z,1.03629,1.0371,1.03464,1.03629
EURUSD,H1,2025-01-02T11:00:00Z,1.0363,1.03706,1.03496,1.03517
EURUSD,H1,2025-01-02T12:00:00Z,1.03517,1.03569,1.03138,1.03168
EURUSD,H1,2025-01-02T13:00:00Z,1.03168,1.03344,1.03149,1.03322
EURUSD,H1,2025-01-02T14:00:00Z,1.03322,1.03344,1.03149,1.03183
EURUSD,H1,2025-01-02T15:00:00Z,1.03183,1.03297,1.03115,1.03134
EURUSD,H1,2025-01-02T16:00:00Z,1.03134,1.03239,1.03023,1.0306
EURUSD,H1,2025-01-02T17:00:00Z,1.03036,1.03089,1.02727,1.02742
EURUSD,H1,2025-01-02T18:00:00Z,1.02742,1.02763,1.02243,1.02613
EURUSD,H1,2025-01-02T19:00:00Z,1.02613,1.02681,1.02513,1.0265
EURUSD,H1,2025-01-02T20:00:00Z,1.0265,1.02663,1.02558,1.02565
EURUSD,H1,2025-01-02T21:00:00Z,1.02565,1.02596,1.0248,1.02512
EURUSD,H1,2025-01-02T22:00:00Z,1.02511,1.02645,1.02508,1.02615
EURUSD,H1,2025-01-02T23:00:00Z,1.02615,1.02687,1.02614,1.0267
EURUSD,H1,2025-01-03T00:00:00Z,1.02572,1.02668,1.02529,1.02646
EURUSD,H1,2025-01-03T01:00:00Z,1.02652,1.02682,1.02644,1.02678
EURUSD,H1,2025-01-03T02:00:00Z,1.02678,1.02736,1.02659,1.0273
EURUSD,H1,2025-01-03T03:00:00Z,1.0273,1.02731,1.02665,1.02676
EURUSD,H1,2025-01-03T04:00:00Z,1.02676,1.02747,1.02668,1.02724
EURUSD,H1,2025-01-03T05:00:00Z,1.02724,1.02745,1.02688,1.02708
EURUSD,H1,2025-01-03T06:00:00Z,1.02708,1.0271,1.02672,1.02697
EURUSD,H1,2025-01-03T07:00:00Z,1.02697,1.02736,1.02647,1.02718
EURUSD,H1,2025-01-03T08:00:00Z,1.02718,1.02794,1.02716,1.02793
EURUSD,H1,2025-01-03T09:00:00Z,1.02793,1.02847,1.02688,1.02808
EURUSD,H1,2025-01-03T10:00:00Z,1.02809,1.02881,1.02728,1.02804
EURUSD,H1,2025-01-03T11:00:00Z,1.02804,1.03,1.02802,1.0290300000000001
EURUSD,H1,2025-01-03T12:00:00Z,1.0290300000000001,1.02939,1.02792,1.02814
EURUSD,H1,2025-01-03T13:00:00Z,1.02814,1.03029,1.02814,1.02973
EURUSD,H1,2025-01-03T14:00:00Z,1.02973,1.03009,1.02942,1.02956
EURUSD,H1,2025-01-03T15:00:00Z,1.02956,1.03002,1.02914,1.02932
EURUSD,H1,2025-01-03T16:00:00Z,1.02932,1.03024,1.0288,1.03004
EURUSD,H1,2025-01-03T17:00:00Z,1.03004,1.03058,1.02731,1.02893
EURUSD,H1,2025-01-03T18:00:00Z,1.02893,1.03,1.02836,1.02909
EURUSD,H1,2025-01-03T19:00:00Z,1.02909,1.03057,1.02909,1.0298
EURUSD,H1,2025-01-03T20:00:00Z,1.0298,1.03021,1.02924,1.02973
EURUSD,H1,2025-01-03T21:00:00Z,1.02973,1.03061,1.02938,1.03013
EURUSD,H1,2025-01-03T22:00:00Z,1.03013,1.03076,1.02989,1.03058
EURUSD,H1,2025-01-03T23:00:00Z,1.03058,1.03099,1.03047,1.0308
EURUSD,H1,2025-01-06T00:00:00Z,1.03021,1.03063,1.02957,1.03011
EURUSD,H1,2025-01-06T01:00:00Z,1.03011,1.0308,1.03011,1.03052
EURUSD,H1,2025-01-06T02:00:00Z,1.03052,1.03053,1.02955,1.0303
EURUSD,H1,2025-01-06T03:00:00Z,1.0303,1.03137,1.03013,1.03123
EURUSD,H1,2025-01-06T04:00:00Z,1.03123,1.03177,1.03109,1.0316
EURUSD,H1,2025-01-06T05:00:00Z,1.0316,1.03183,1.03131,1.03165
EURUSD,H1,2025-01-06T06:00:00Z,1.03165,1.03176,1.03129,1.03153
EURUSD,H1,2025-01-06T07:00:00Z,1.03153,1.03182,1.03086,1.03089
EURUSD,H1,2025-01-06T08:00:00Z,1.03089,1.03166,1.03078,1.03127
EURUSD,H1,2025-01-06T09:00:00Z,1.03127,1.03284,1.03099,1.03273
EURUSD,H1,2025-01-06T10:00:00Z,1.03273,1.03525,1.03266,1.03503
EURUSD,H1,2025-01-06T11:00:00Z,1.03503,1.03689,1.03402,1.03556
EURUSD,H1,2025-01-06T12:00:00Z,1.03556,1.0358,1.03351,1.03351
EURUSD,H1,2025-01-06T13:00:00Z,1.03351,1.0433,1.03287,1.04219
EURUSD,H1,2025-01-06T14:00:00Z,1.04219,1.04308,1.03921,1.04109
EURUSD,H1,2025-01-06T15:00:00Z,1.04111,1.04369,1.04045,1.04169
EURUSD,H1,2025-01-06T16:00:00Z,1.04168,1.04239,1.03526,1.03926
EURUSD,H1,2025-01-06T17:00:00Z,1.03926,1.03989,1.03714,1.03935
EURUSD,H1,2025-01-06T18:00:00Z,1.03937,1.04029,1.03854,1.03969
EURUSD,H1,2025-01-06T19:00:00Z,1.03969,1.03969,1.03793,1.03875
EURUSD,H1,2025-01-06T20:00:00Z,1.03875,1.03893,1.03771,1.0382
EURUSD,H1,2025-01-06T21:00:00Z,1.0382,1.03919,1.0379,1.03884
EURUSD,H1,2025-01-06T22:00:00Z,1.03885,1.03922,1.03858,1.03879
EURUSD,H1,2025-01-06T23:00:00Z,1.03879,1.03923,1.03862,1.03897
EURUSD,H1,2025-01-07T00:00:00Z,1.03896,1.03915,1.0378,1.03893
EURUSD,H1,2025-01-07T01:00:00Z,1.03896,1.03901,1.03817,1.03834
EURUSD,H1,2025-01-07T02:00:00Z,1.03833,1.03854,1.03772,1.03844
EURUSD,H1,2025-01-07T03:00:00Z,1.03844,1.03849,1.03763,1.03812
EURUSD,H1,2025-01-07T04:00:00Z,1.03812,1.03854,1.038,1.03824
EURUSD,H1,2025-01-07T05:00:00Z,1.03824,1.0393,1.03802,1.03929
EURUSD,H1,2025-01-07T06:00:00Z,1.03929,1.03945,1.03905,1.03918
EURUSD,H1,2025-01-07T07:00:00Z,1.03918,1.04033,1.0391,1.03968
EURUSD,H1,2025-01-07T08:00:00Z,1.03968,1.04042,1.03963,1.03975
EURUSD,H1,2025-01-07T09:00:00Z,1.03975,1.04246,1.03975,1.04147
EURUSD,H1,2025-01-07T10:00:00Z,1.04148,1.04253,1.04031,1.04253
EURUSD,H1,2025-01-07T11:00:00Z,1.04253,1.04344,1.04242,1.04277
EURUSD,H1,2025-01-07T12:00:00Z,1.04277,1.04345,1.04168,1.0428
EURUSD,H1,2025-01-07T13:00:00Z,1.0428,1.04285,1.04052,1.04135
EURUSD,H1,2025-01-07T14:00:00Z,1.04135,1.04171,1.03873,1.03893
EURUSD,H1,2025-01-07T15:00:00Z,1.03894,1.04052,1.03867,1.03966
EURUSD,H1,2025-01-07T16:00:00Z,1.03967,1.03977,1.03893,1.03932
EURUSD,H1,2025-01-07T17:00:00Z,1.03932,1.03932,1.03552,1.03729
EURUSD,H1,2025-01-07T18:00:00Z,1.03731,1.03815,1.03627,1.03685
EURUSD,H1,2025-01-07T19:00:00Z,1.03685,1.03739,1.0354,1.03671
EURUSD,H1,2025-01-07T20:00:00Z,1.03671,1.03695,1.03495,1.03544
EURUSD,H1,2025-01-07T21:00:00Z,1.03544,1.03598,1.03523,1.03554
EURUSD,H1,2025-01-07T22:00:00Z,1.03552,1.03559,1.03442,1.03444
EURUSD,H1,2025-01-07T23:00:00Z,1.03444,1.03444,1.03396,1.03398
EURUSD,H1,2025-01-08T00:00:00Z,1.03401,1.03427,1.0338,1.03417
EURUSD,H1,2025-01-08T01:00:00Z,1.03418,1.0345,1.03392,1.03416
EURUSD,H1,2025-01-08T02:00:00Z,1.03416,1.03494,1.03416,1.03468
EURUSD,H1,2025-01-08T03:00:00Z,1.03468,1.03531,1.03453,1.0352999999999999
EURUSD,H1,2025-01-08T04:00:00Z,1.0352999999999999,1.03549,1.03515,1.03542
EURUSD,H1,2025-01-08T05:00:00Z,1.03542,1.03542,1.03464,1.03478
EURUSD,H1,2025-01-08T06:00:00Z,1.03478,1.03521,1.03474,1.03513
EURUSD,H1,2025-01-08T07:00:00Z,1.03513,1.03558,1.03495,1.0355
EURUSD,H1,2025-01-08T08:00:00Z,1.0355,1.03577,1.03462,1.03516
EURUSD,H1,2025-01-08T09:00:00Z,1.03515,1.03517,1.03285,1.03325
EURUSD,H1,2025-01-08T10:00:00Z,1.03325,1.03397,1.03181,1.03189
EURUSD,H1,2025-01-08T11:00:00Z,1.03189,1.03265,1.03153,1.03197
EURUSD,H1,2025-01-08T12:00:00Z,1.03197,1.03214,1.03102,1.03191
EURUSD,H1,2025-01-08T13:00:00Z,1.03191,1.03199,1.02732,1.02978
EURUSD,H1,2025-01-08T14:00:00Z,1.02978,1.03002,1.02808,1.02827
EURUSD,H1,2025-01-08T15:00:00Z,1.02827,1.03045,1.02809,1.03034
EURUSD,H1,2025-01-08T16:00:00Z,1.03035,1.03075,1.02891,1.02916
EURUSD,H1,2025-01-08T17:00:00Z,1.02916,1.03098,1.02916,1.03017
EURUSD,H1,2025-01-08T18:00:00Z,1.03017,1.03146,1.02946,1.03125
EURUSD,H1,2025-01-08T19:00:00Z,1.03125,1.03133,1.02981,1.03054
EURUSD,H1,2025-01-08T20:00:00Z,1.03054,1.03159,1.03054,1.03126
EURUSD,H1,2025-01-08T21:00:00Z,1.03126,1.03243,1.03083,1.03091
EURUSD,H1,2025-01-08T22:00:00Z,1.03091,1.03168,1.0308,1.03162
EURUSD,H1,2025-01-08T23:00:00Z,1.03162,1.03196,1.03145,1.03191
EURUSD,H1,2025-01-09T00:00:00Z,1.03181,1.03183,1.03081,1.03175
EURUSD,H1,2025-01-09T01:00:00Z,1.03179,1.03187,1.03133,1.03133
EURUSD,H1,2025-01-09T02:00:00Z,1.03133,1.03149,1.03048,1.03131
EURUSD,H1,2025-01-09T03:00:00Z,1.03131,1.03174,1.03115,1.03143
EURUSD,H1,2025-01-09T04:00:00Z,1.03143,1.032,1.03142,1.03166
EURUSD,H1,2025-01-09T05:00:00Z,1.03166,1.03216,1.03109,1.0311
EURUSD,H1,2025-01-09T06:00:00Z,1.0311,1.03123,1.03057,1.03092
EURUSD,H1,2025-01-09T07:00:00Z,1.03092,1.03125,1.03054,1.03067
EURUSD,H1,2025-01-09T08:00:00Z,1.03067,1.03082,1.0297,1.03001
EURUSD,H1,2025-01-09T09:00:00Z,1.03001,1.03083,1.02877,1.0291
EURUSD,H1,2025-01-09T10:00:00Z,1.0291,1.03079,1.02836,1.03079
EURUSD,H1,2025-01-09T11:00:00Z,1.03079,1.03177,1.03032,1.03058
EURUSD,H1,2025-01-09T12:00:00Z,1.03058,1.03126,1.02997,1.0303
EURUSD,H1,2025-01-09T13:00:00Z,1.0303,1.03045,1.02969,1.03012
EURUSD,H1,2025-01-09T14:00:00Z,1.03012,1.0305,1.02959,1.03033
EURUSD,H1,2025-01-09T15:00:00Z,1.03033,1.03191,1.0301,1.0308
EURUSD,H1,2025-01-09T16:00:00Z,1.0308,1.03148,1.03053,1.03076
EURUSD,H1,2025-01-09T17:00:00Z,1.03076,1.03096,1.02948,1.02994
EURUSD,H1,2025-01-09T18:00:00Z,1.02993,1.03012,1.02911,1.02973
EURUSD,H1,2025-01-09T19:00:00Z,1.02973,1.03019,1.02938,1.02975
EURUSD,H1,2025-01-09T20:00:00Z,1.02975,1.03025,1.02941,1.03002
EURUSD,H1,2025-01-09T21:00:00Z,1.03002,1.03021,1.02978,1.02981
EURUSD,H1,2025-01-09T22:00:00Z,1.02981,1.03038,1.02981,1.03012
EURUSD,H1,2025-01-09T23:00:00Z,1.03012,1.03013,1.02989,1.02994
EURUSD,H1,2025-01-10T00:00:00Z,1.02989,1.03025,1.0294,1.03009
EURUSD,H1,2025-01-10T01:00:00Z,1.03009,1.0302,1.02957,1.02966
EURUSD,H1,2025-01-10T02:00:00Z,1.02966,1.03004,1.02922,1.02956
EURUSD,H1,2025-01-10T03:00:00Z,1.02956,1.03045,1.02937,1.0302
EURUSD,H1,2025-01-10T04:00:00Z,1.0302,1.03038,1.02983,1.03019
EURUSD,H1,2025-01-10T05:00:00Z,1.03016,1.03034,1.02977,1.02985
EURUSD,H1,2025-01-10T06:00:00Z,1.02985,1.02999,1.02936,1.02951
EURUSD,H1,2025-01-10T07:00:00Z,1.02951,1.02975,1.02847,1.02856
EURUSD,H1,2025-01-10T08:00:00Z,1.02856,1.02884,1.02812,1.02818
EURUSD,H1,2025-01-10T09:00:00Z,1.02818,1.02973,1.02813,1.02971
EURUSD,H1,2025-01-10T10:00:00Z,1.02972,1.03119,1.02927,1.03027
EURUSD,H1,2025-01-10T11:00:00Z,1.03027,1.03059,1.02991,1.03
EURUSD,H1,2025-01-10T12:00:00Z,1.03,1.03059,1.02998,1.03022
EURUSD,H1,2025-01-10T13:00:00Z,1.03022,1.03054,1.02988,1.03018
EURUSD,H1,2025-01-10T14:00:00Z,1.03018,1.03094,1.02992,1.03055
EURUSD,H1,2025-01-10T15:00:00Z,1.03055,1.03117,1.02134,1.02565
EURUSD,H1,2025-01-10T16:00:00Z,1.02565,1.02728,1.02445,1.02533
EURUSD,H1,2025-01-10T17:00:00Z,1.02528,1.02788,1.02362,1.02505
EURUSD,H1,2025-01-10T18:00:00Z,1.02505,1.02515,1.02276,1.02375
EURUSD,H1,2025-01-10T19:00:00Z,1.02375,1.02507,1.0233,1.02446
EURUSD,H1,2025-01-10T20:00:00Z,1.02446,1.02461,1.02359,1.02415
EURUSD,H1,2025-01-10T21:00:00Z,1.02415,1.02489,1.02349,1.02454
EURUSD,H1,2025-01-10T22:00:00Z,1.02454,1.0246,1.02371,1.02447
EURUSD,H1,2025-01-10T23:00:00Z,1.02445,1.02489,1.02417,1.02424
EURUSD,H1,2025-01-13T00:00:00Z,1.02236,1.0246,1.02236,1.02459
EURUSD,H1,2025-01-13T01:00:00Z,1.02465,1.02469,1.0239,1.02431
EURUSD,H1,2025-01-13T02:00:00Z,1.02431,1.02451,1.02365,1.02424
EURUSD,H1,2025-01-13T03:00:00Z,1.02424,1.02499,1.02394,1.02418
EURUSD,H1,2025-01-13T04:00:00Z,1.02418,1.02453,1.02385,1.02402
EURUSD,H1,2025-01-13T05:00:00Z,1.02402,1.02405,1.02128,1.02155
EURUSD,H1,2025-01-13T06:00:00Z,1.02155,1.02201,1.02077,1.02118
EURUSD,H1,2025-01-13T07:00:00Z,1.02118,1.02205,1.02104,1.02196
EURUSD,H1,2025-01-13T08:00:00Z,1.02196,1.02251,1.02144,1.02176
EURUSD,H1,2025-01-13T09:00:00Z,1.02176,1.02238,1.02075,1.02153
EURUSD,H1,2025-01-13T10:00:00Z,1.02153,1.02314,1.02138,1.02216
EURUSD,H1,2025-01-13T11:00:00Z,1.02216,1.02241,1.01773,1.01934
EURUSD,H1,2025-01-13T12:00:00Z,1.01934,1.02075,1.0193,1.0202
EURUSD,H1,2025-01-13T13:00:00Z,1.0202,1.02041,1.01862,1.0196
EURUSD,H1,2025-01-13T14:00:00Z,1.0196,1.02062,1.0188,1.02029
EURUSD,H1,2025-01-13T15:00:00Z,1.02029,1.02207,1.01965,1.02084
EURUSD,H1,2025-01-13T16:00:00Z,1.02084,1.02127,1.02004,1.02082
EURUSD,H1,2025-01-13T17:00:00Z,1.02082,1.0209,1.01958,1.0197
EURUSD,H1,2025-01-13T18:00:00Z,1.0197,1.02174,1.01918,1.02082
EURUSD,H1,2025-01-13T19:00:00Z,1.02082,1.02195,1.0207,1.0218
EURUSD,H1,2025-01-13T20:00:00Z,1.0218,1.02215,1.02123,1.02161
EURUSD,H1,2025-01-13T21:00:00Z,1.02161,1.02163,1.02072,1.02073
EURUSD,H1,2025-01-13T22:00:00Z,1.02073,1.02176,1.0207,1.02167
EURUSD,H1,2025-01-13T23:00:00Z,1.02168,1.02469,1.02164,1.02424
EURUSD,H1,2025-01-14T00:00:00Z,1.02443,1.0273,1.02379,1.02584
EURUSD,H1,2025-01-14T01:00:00Z,1.02584,1.02775,1.0251,1.0264
EURUSD,H1,2025-01-14T02:00:00Z,1.02638,1.02639,1.02458,1.02481
EURUSD,H1,2025-01-14T03:00:00Z,1.02481,1.02505,1.02413,1.02492
EURUSD,H1,2025-01-14T04:00:00Z,1.02492,1.02504,1.02384,1.02449
EURUSD,H1,2025-01-14T05:00:00Z,1.02449,1.02553,1.0244,1.02486
EURUSD,H1,2025-01-14T06:00:00Z,1.02486,1.02553,1.02452,1.02504
EURUSD,H1,2025-01-14T07:00:00Z,1.02504,1.02518,1.02423,1.02449
EURUSD,H1,2025-01-14T08:00:00Z,1.02449,1.02534,1.02449,1.02528
EURUSD,H1,2025-01-14T09:00:00Z,1.02528,1.02663,1.02499,1.02544
EURUSD,H1,2025-01-14T10:00:00Z,1.02544,1.02749,1.0253,1.02615
EURUSD,H1,2025-01-14T11:00:00Z,1.02615,1.02665,1.02535,1.02595
EURUSD,H1,2025-01-14T12:00:00Z,1.02595,1.02637,1.02519,1.02601
EURUSD,H1,2025-01-14T13:00:00Z,1.02601,1.02632,1.02525,1.02541
EURUSD,H1,2025-01-14T14:00:00Z,1.02541,1.02552,1.02396,1.02479
EURUSD,H1,2025-01-14T15:00:00Z,1.02481,1.0273,1.02414,1.02532
EURUSD,H1,2025-01-14T16:00:00Z,1.02533,1.02746,1.02436,1.02681
EURUSD,H1,2025-01-14T17:00:00Z,1.02681,1.02958,1.0263,1.0295
EURUSD,H1,2025-01-14T18:00:00Z,1.02949,1.03043,1.02829,1.02915
EURUSD,H1,2025-01-14T19:00:00Z,1.02915,1.02915,1.0279,1.02883
EURUSD,H1,2025-01-14T20:00:00Z,1.02883,1.03003,1.02868,1.02992
EURUSD,H1,2025-01-14T21:00:00Z,1.02992,1.03056,1.02963,1.02981
EURUSD,H1,2025-01-14T22:00:00Z,1.02981,1.03084,1.02964,1.03018
EURUSD,H1,2025-01-14T23:00:00Z,1.03018,1.03083,1.03007,1.03077
EURUSD,H1,2025-01-15T00:00:00Z,1.03047,1.0308,1.03001,1.03065
EURUSD,H1,2025-01-15T01:00:00Z,1.03067,1.03083,1.03025,1.03062
EURUSD,H1,2025-01-15T02:00:00Z,1.03062,1.03062,1.02998,1.03012
EURUSD,H1,2025-01-15T03:00:00Z,1.03012,1.03049,1.0298,1.03001
EURUSD,H1,2025-01-15T04:00:00Z,1.03001,1.03014,1.02953,1.02971
EURUSD,H1,2025-01-15T05:00:00Z,1.02971,1.03022,1.02964,1.03019
EURUSD,H1,2025-01-15T06:00:00Z,1.03019,1.03026,1.02976,1.03025
EURUSD,H1,2025-01-15T07:00:00Z,1.03025,1.03053,1.02927,1.02932
EURUSD,H1,2025-01-15T08:00:00Z,1.02932,1.02988,1.02918,1.02963
EURUSD,H1,2025-01-15T09:00:00Z,1.02963,1.03083,1.02867,1.0306
EURUSD,H1,2025-01-15T10:00:00Z,1.03059,1.03174,1.02942,1.02965
EURUSD,H1,2025-01-15T11:00:00Z,1.02965,1.03131,1.02962,1.03098
EURUSD,H1,2025-01-15T12:00:00Z,1.03098,1.03141,1.03008,1.03076
EURUSD,H1,2025-01-15T13:00:00Z,1.03077,1.03124,1.02996,1.03013
EURUSD,H1,2025-01-15T14:00:00Z,1.03013,1.03066,1.02935,1.02999
EURUSD,H1,2025-01-15T15:00:00Z,1.02999,1.03544,1.02962,1.03446
EURUSD,H1,2025-01-15T16:00:00Z,1.03445,1.03456,1.03252,1.03272
EURUSD,H1,2025-01-15T17:00:00Z,1.03272,1.0331,1.02989,1.03062
EURUSD,H1,2025-01-15T18:00:00Z,1.03062,1.03079,1.02593,1.02812
EURUSD,H1,2025-01-15T19:00:00Z,1.02812,1.02932,1.02811,1.02857
EURUSD,H1,2025-01-15T20:00:00Z,1.02856,1.0293,1.02844,1.02922
EURUSD,H1,2025-01-15T21:00:00Z,1.02922,1.02946,1.02892,1.02933
EURUSD,H1,2025-01-15T22:00:00Z,1.02933,1.02989,1.02904,1.02958
EURUSD,H1,2025-01-15T23:00:00Z,1.0296,1.02963,1.02881,1.02902
EURUSD,H1,2025-01-16T00:00:00Z,1.02884,1.02939,1.02841,1.02922
EURUSD,H1,2025-01-16T01:00:00Z,1.02922,1.02957,1.02907,1.02953
EURUSD,H1,2025-01-16T02:00:00Z,1.02953,1.02999,1.02848,1.0299
EURUSD,H1,2025-01-16T03:00:00Z,1.0299,1.02997,1.02877,1.0289
EURUSD,H1,2025-01-16T04:00:00Z,1.02897,1.02932,1.02848,1.0287
EURUSD,H1,2025-01-16T05:00:00Z,1.0287,1.02891,1.02847,1.0289
EURUSD,H1,2025-01-16T06:00:00Z,1.0289,1.02939,1.02855,1.02871
EURUSD,H1,2025-01-16T07:00:00Z,1.0287,1.02873,1.02809,1.02825
EURUSD,H1,2025-01-16T08:00:00Z,1.02825,1.02897,1.02823,1.0289
EURUSD,H1,2025-01-16T09:00:00Z,1.0289,1.03015,1.02861,1.02976
EURUSD,H1,2025-01-16T10:00:00Z,1.02976,1.02998,1.02879,1.0296
EURUSD,H1,2025-01-16T11:00:00Z,1.0296,1.0299,1.02817,1.02862
EURUSD,H1,2025-01-16T12:00:00Z,1.02862,1.02962,1.02829,1.02855
EURUSD,H1,2025-01-16T13:00:00Z,1.02856,1.0292,1.0284,1.02902
EURUSD,H1,2025-01-16T14:00:00Z,1.02902,1.02902,1.02641,1.02719
EURUSD,H1,2025-01-16T15:00:00Z,1.02719,1.02851,1.02608,1.02815
EURUSD,H1,2025-01-16T16:00:00Z,1.02815,1.0284,1.0268,1.02793
EURUSD,H1,2025-01-16T17:00:00Z,1.02793,1.03057,1.02743,1.03009
EURUSD,H1,2025-01-16T18:00:00Z,1.03009,1.03117,1.02861,1.03023
EURUSD,H1,2025-01-16T19:00:00Z,1.03023,1.03152,1.02944,1.02966
EURUSD,H1,2025-01-16T20:00:00Z,1.02966,1.03029,1.02935,1.03003
EURUSD,H1,2025-01-16T21:00:00Z,1.03003,1.03078,1.02976,1.03018
EURUSD,H1,2025-01-16T22:00:00Z,1.03018,1.03038,1.02972,1.03002
EURUSD,H1,2025-01-16T23:00:00Z,1.03002,1.03035,1.02968,1.03019
EURUSD,H1,2025-01-17T00:00:00Z,1.02956,1.03027,1.02932,1.03011
EURUSD,H1,2025-01-17T01:00:00Z,1.03015,1.03043,1.03001,1.03015
EURUSD,H1,2025-01-17T02:00:00Z,1.03015,1.03067,1.02981,1.03048
EURUSD,H1,2025-01-17T03:00:00Z,1.03048,1.03095,1.03015,1.03051
EURUSD,H1,2025-01-17T04:00:00Z,1.03051,1.03093,1.03031,1.03033
EURUSD,H1,2025-01-17T05:00:00Z,1.03033,1.03049,1.02999,1.03006
EURUSD,H1,2025-01-17T06:00:00Z,1.03006,1.0301,1.02919,1.02937
EURUSD,H1,2025-01-17T07:00:00Z,1.02937,1.02951,1.02875,1.02933
EURUSD,H1,2025-01-17T08:00:00Z,1.02933,1.02939,1.02853,1.02904
EURUSD,H1,2025-01-17T09:00:00Z,1.02904,1.02911,1.02775,1.02845
EURUSD,H1,2025-01-17T10:00:00Z,1.02845,1.02989,1.02845,1.0297
EURUSD,H1,2025-01-17T11:00:00Z,1.0297,1.0304,1.02894,1.02967
EURUSD,H1,2025-01-17T12:00:00Z,1.02967,1.03061,1.02966,1.03039
EURUSD,H1,2025-01-17T13:00:00Z,1.03038,1.031,1.0299,1.03046
EURUSD,H1,2025-01-17T14:00:00Z,1.03046,1.03066,1.02904,1.02929
EURUSD,H1,2025-01-17T15:00:00Z,1.02929,1.02997,1.02855,1.02902
EURUSD,H1,2025-01-17T16:00:00Z,1.02902,1.03024,1.02653,1.02985
EURUSD,H1,2025-01-17T17:00:00Z,1.02985,1.03307,1.02954,1.0299
EURUSD,H1,2025-01-17T18:00:00Z,1.0299,1.03003,1.02818,1.02862
EURUSD,H1,2025-01-17T19:00:00Z,1.02862,1.02912,1.02789,1.0281
EURUSD,H1,2025-01-17T20:00:00Z,1.0281,1.02922,1.02791,1.02811
EURUSD,H1,2025-01-17T21:00:00Z,1.02811,1.02843,1.02728,1.02763
EURUSD,H1,2025-01-17T22:00:00Z,1.02763,1.02816,1.02738,1.02754
EURUSD,H1,2025-01-17T23:00:00Z,1.02754,1.02754,1.02689,1.027
EURUSD,H1,2025-01-20T00:00:00Z,1.0275,1.02804,1.02723,1.02775
EURUSD,H1,2025-01-20T01:00:00Z,1.02771,1.02807,1.02663,1.02806
EURUSD,H1,2025-01-20T02:00:00Z,1.02806,1.02902,1.02782,1.02863
EURUSD,H1,2025-01-20T03:00:00Z,1.02863,1.02929,1.02792,1.02909
EURUSD,H1,2025-01-20T04:00:00Z,1.02909,1.02923,1.0287,1.02911
EURUSD,H1,2025-01-20T05:00:00Z,1.02911,1.03065,1.02909,1.03062
EURUSD,H1,2025-01-20T06:00:00Z,1.03062,1.03072,1.03019,1.03045
EURUSD,H1,2025-01-20T07:00:00Z,1.03045,1.03065,1.03018,1.03025
EURUSD,H1,2025-01-20T08:00:00Z,1.03025,1.03189,1.02994,1.03104
EURUSD,H1,2025-01-20T09:00:00Z,1.03104,1.03185,1.03059,1.03165
EURUSD,H1,2025-01-20T10:00:00Z,1.03168,1.03176,1.03069,1.03099
EURUSD,H1,2025-01-20T11:00:00Z,1.03099,1.0317,1.0305,1.03063
EURUSD,H1,2025-01-20T12:00:00Z,1.03063,1.03223,1.03063,1.0315
EURUSD,H1,2025-01-20T13:00:00Z,1.0315,1.03265,1.03131,1.0326
EURUSD,H1,2025-01-20T14:00:00Z,1.0326,1.03265,1.03151,1.03203
EURUSD,H1,2025-01-20T15:00:00Z,1.03203,1.04002,1.0308,1.03981
EURUSD,H1,2025-01-20T16:00:00Z,1.03981,1.04303,1.03795,1.0415
EURUSD,H1,2025-01-20T17:00:00Z,1.0415,1.043,1.03848,1.04005
EURUSD,H1,2025-01-20T18:00:00Z,1.04005,1.04057,1.03906,1.03985
EURUSD,H1,2025-01-20T19:00:00Z,1.03985,1.04025,1.03534,1.03856
EURUSD,H1,2025-01-20T20:00:00Z,1.03856,1.03967,1.03834,1.03967
EURUSD,H1,2025-01-20T21:00:00Z,1.03967,1.0423499999999999,1.03907,1.04207
EURUSD,H1,2025-01-20T22:00:00Z,1.04207,1.04343,1.04119,1.04162
EURUSD,H1,2025-01-20T23:00:00Z,1.04162,1.04195,1.04101,1.04168
EURUSD,H1,2025-01-21T00:00:00Z,1.04156,1.04176,1.04094,1.0412
EURUSD,H1,2025-01-21T01:00:00Z,1.0412,1.04257,1.04111,1.04209
EURUSD,H1,2025-01-21T02:00:00Z,1.04209,1.04345,1.03527,1.03624
EURUSD,H1,2025-01-21T03:00:00Z,1.03624,1.03977,1.03558,1.03702
EURUSD,H1,2025-01-21T04:00:00Z,1.03702,1.03904,1.03691,1.03876
EURUSD,H1,2025-01-21T05:00:00Z,1.03876,1.04012,1.03855,1.03876
EURUSD,H1,2025-01-21T06:00:00Z,1.03876,1.03991,1.03851,1.039
EURUSD,H1,2025-01-21T07:00:00Z,1.039,1.03923,1.03775,1.03789
EURUSD,H1,2025-01-21T08:00:00Z,1.03789,1.03815,1.03665,1.0369
EURUSD,H1,2025-01-21T09:00:00Z,1.03689,1.03862,1.03651,1.03735
EURUSD,H1,2025-01-21T10:00:00Z,1.03735,1.03735,1.03502,1.0360800000000001
EURUSD,H1,2025-01-21T11:00:00Z,1.0360800000000001,1.03638,1.0342,1.03535
EURUSD,H1,2025-01-21T12:00:00Z,1.03536,1.03595,1.03432,1.03529
EURUSD,H1,2025-01-21T13:00:00Z,1.03529,1.03581,1.03429,1.03533
EURUSD,H1,2025-01-21T14:00:00Z,1.03534,1.03582,1.03458,1.03542
EURUSD,H1,2025-01-21T15:00:00Z,1.03542,1.0378,1.03528,1.03779
EURUSD,H1,2025-01-21T16:00:00Z,1.03779,1.03985,1.03728,1.03882
EURUSD,H1,2025-01-21T17:00:00Z,1.0387,1.04104,1.03787,1.04007
EURUSD,H1,2025-01-21T18:00:00Z,1.04007,1.04229,1.03983,1.04225
EURUSD,H1,2025-01-21T19:00:00Z,1.04225,1.043,1.04212,1.04212
EURUSD,H1,2025-01-21T20:00:00Z,1.04212,1.04354,1.04198,1.04291
EURUSD,H1,2025-01-21T21:00:00Z,1.04291,1.04305,1.04162,1.0418
EURUSD,H1,2025-01-21T22:00:00Z,1.0418,1.04217,1.04158,1.04202
EURUSD,H1,2025-01-21T23:00:00Z,1.04202,1.04298,1.0419,1.04234
EURUSD,H1,2025-01-22T00:00:00Z,1.04247,1.04329,1.04231,1.04266
EURUSD,H1,2025-01-22T01:00:00Z,1.04266,1.04276,1.03924,1.04057
EURUSD,H1,2025-01-22T02:00:00Z,1.04058,1.04244,1.04057,1.04232
EURUSD,H1,2025-01-22T03:00:00Z,1.04231,1.04232,1.04077,1.04097
EURUSD,H1,2025-01-22T04:00:00Z,1.04097,1.04164,1.04063,1.04138
EURUSD,H1,2025-01-22T05:00:00Z,1.04138,1.04158,1.04102,1.0412
EURUSD,H1,2025-01-22T06:00:00Z,1.0412,1.04214,1.0411299999999999,1.04173
EURUSD,H1,2025-01-22T07:00:00Z,1.04172,1.04181,1.04085,1.04157
EURUSD,H1,2025-01-22T08:00:00Z,1.04157,1.04186,1.03998,1.04039
EURUSD,H1,2025-01-22T09:00:00Z,1.04039,1.04198,1.04035,1.04118
EURUSD,H1,2025-01-22T10:00:00Z,1.04118,1.04241,1.04097,1.04231
EURUSD,H1,2025-01-22T11:00:00Z,1.04231,1.04474,1.04201,1.04466
EURUSD,H1,2025-01-22T12:00:00Z,1.04466,1.04573,1.04426,1.045
EURUSD,H1,2025-01-22T13:00:00Z,1.045,1.04565,1.04405,1.0443
EURUSD,H1,2025-01-22T14:00:00Z,1.0443,1.0443,1.04312,1.04381
EURUSD,H1,2025-01-22T15:00:00Z,1.04381,1.04458,1.04223,1.04317
EURUSD,H1,2025-01-22T16:00:00Z,1.04317,1.04321,1.04144,1.04246
EURUSD,H1,2025-01-22T17:00:00Z,1.04246,1.04251,1.04147,1.04201
EURUSD,H1,2025-01-22T18:00:00Z,1.04201,1.04229,1.04123,1.04196
EURUSD,H1,2025-01-22T19:00:00Z,1.04196,1.04206,1.04121,1.04171
EURUSD,H1,2025-01-22T20:00:00Z,1.04171,1.04214,1.04119,1.04161
EURUSD,H1,2025-01-22T21:00:00Z,1.04161,1.04229,1.04157,1.04202
EURUSD,H1,2025-01-22T22:00:00Z,1.04202,1.0423,1.04112,1.04121
EURUSD,H1,2025-01-22T23:00:00Z,1.04121,1.04132,1.04078,1.04093
EURUSD,H1,2025-01-23T00:00:00Z,1.04083,1.04109,1.0405,1.04079
EURUSD,H1,2025-01-23T01:00:00Z,1.04085,1.04096,1.04056,1.0408
EURUSD,H1,2025-01-23T02:00:00Z,1.0408,1.04119,1.0407,1.04104
EURUSD,H1,2025-01-23T03:00:00Z,1.04104,1.0416,1.0402,1.04036
EURUSD,H1,2025-01-23T04:00:00Z,1.04036,1.04063,1.03969,1.04039
EURUSD,H1,2025-01-23T05:00:00Z,1.04039,1.04092,1.04032,1.04089
EURUSD,H1,2025-01-23T06:00:00Z,1.04089,1.04128,1.04089,1.04108
EURUSD,H1,2025-01-23T07:00:00Z,1.04108,1.04116,1.04043,1.04053
EURUSD,H1,2025-01-23T08:00:00Z,1.04053,1.04121,1.0403,1.04034
EURUSD,H1,2025-01-23T09:00:00Z,1.04034,1.04056,1.03901,1.04003
EURUSD,H1,2025-01-23T10:00:00Z,1.04003,1.04024,1.03903,1.03941
EURUSD,H1,2025-01-23T11:00:00Z,1.03941,1.04148,1.03936,1.04117
EURUSD,H1,2025-01-23T12:00:00Z,1.04117,1.04203,1.041,1.04112
EURUSD,H1,2025-01-23T13:00:00Z,1.04112,1.0414,1.04012,1.04034
EURUSD,H1,2025-01-23T14:00:00Z,1.04034,1.04062,1.03941,1.04037
EURUSD,H1,2025-01-23T15:00:00Z,1.04037,1.0415,1.03973,1.04105
EURUSD,H1,2025-01-23T16:00:00Z,1.04107,1.0418,1.04058,1.04089
EURUSD,H1,2025-01-23T17:00:00Z,1.04089,1.04098,1.03868,1.03973
EURUSD,H1,2025-01-23T18:00:00Z,1.03975,1.04292,1.0372,1.04196
EURUSD,H1,2025-01-23T19:00:00Z,1.04196,1.04381,1.04139,1.04354
EURUSD,H1,2025-01-23T20:00:00Z,1.04354,1.0437,1.0422,1.04239
EURUSD,H1,2025-01-23T21:00:00Z,1.04239,1.04268,1.042,1.0423
EURUSD,H1,2025-01-23T22:00:00Z,1.0423,1.04292,1.04159,1.04176
EURUSD,H1,2025-01-23T23:00:00Z,1.04176,1.04194,1.04128,1.04151
EURUSD,H1,2025-01-24T00:00:00Z,1.0415,1.0417,1.04122,1.04158
EURUSD,H1,2025-01-24T01:00:00Z,1.04158,1.04178,1.04145,1.04157
EURUSD,H1,2025-01-24T02:00:00Z,1.04157,1.04232,1.04134,1.04192
EURUSD,H1,2025-01-24T03:00:00Z,1.04192,1.04203,1.04115,1.04159
EURUSD,H1,2025-01-24T04:00:00Z,1.04159,1.04492,1.04159,1.04489
EURUSD,H1,2025-01-24T05:00:00Z,1.04487,1.0454,1.04367,1.04461
EURUSD,H1,2025-01-24T06:00:00Z,1.04461,1.04514,1.0443500000000001,1.04474
EURUSD,H1,2025-01-24T07:00:00Z,1.04474,1.04539,1.04436,1.04515
EURUSD,H1,2025-01-24T08:00:00Z,1.04515,1.04706,1.04494,1.04573
EURUSD,H1,2025-01-24T09:00:00Z,1.04573,1.0465,1.04473,1.04612
EURUSD,H1,2025-01-24T10:00:00Z,1.04611,1.04953,1.04579,1.04935
EURUSD,H1,2025-01-24T11:00:00Z,1.04935,1.05152,1.0491,1.04945
EURUSD,H1,2025-01-24T12:00:00Z,1.04944,1.04979,1.0486,1.04892
EURUSD,H1,2025-01-24T13:00:00Z,1.04892,1.04933,1.04811,1.0486
EURUSD,H1,2025-01-24T14:00:00Z,1.0486,1.04877,1.04734,1.04737
EURUSD,H1,2025-01-24T15:00:00Z,1.04737,1.048,1.04638,1.04686
EURUSD,H1,2025-01-24T16:00:00Z,1.04687,1.04941,1.04673,1.04916
EURUSD,H1,2025-01-24T17:00:00Z,1.04916,1.05208,1.04897,1.05164
EURUSD,H1,2025-01-24T18:00:00Z,1.05161,1.05204,1.05058,1.05147
EURUSD,H1,2025-01-24T19:00:00Z,1.05145,1.05215,1.051,1.05111
EURUSD,H1,2025-01-24T20:00:00Z,1.05111,1.05119,1.04941,1.04952
EURUSD,H1,2025-01-24T21:00:00Z,1.04952,1.04987,1.04921,1.04954
EURUSD,H1,2025-01-24T22:00:00Z,1.04954,1.04963,1.04882,1.04947
EURUSD,H1,2025-01-24T23:00:00Z,1.04947,1.04973,1.04931,1.04942
EURUSD,H1,2025-01-27T00:00:00Z,1.04597,1.04841,1.04597,1.04824
EURUSD,H1,2025-01-27T01:00:00Z,1.04824,1.04853,1.04651,1.04674
EURUSD,H1,2025-01-27T02:00:00Z,1.04674,1.04761,1.04653,1.04728
EURUSD,H1,2025-01-27T03:00:00Z,1.04728,1.04788,1.04613,1.04628
EURUSD,H1,2025-01-27T04:00:00Z,1.04628,1.04667,1.0459,1.0466
EURUSD,H1,2025-01-27T05:00:00Z,1.0466,1.04777,1.04633,1.04685
EURUSD,H1,2025-01-27T06:00:00Z,1.04685,1.04689,1.04598,1.04634
EURUSD,H1,2025-01-27T07:00:00Z,1.04634,1.04646,1.04559,1.04629
EURUSD,H1,2025-01-27T08:00:00Z,1.04629,1.04652,1.04569,1.04592
EURUSD,H1,2025-01-27T09:00:00Z,1.04592,1.04713,1.04538,1.04572
EURUSD,H1,2025-01-27T10:00:00Z,1.04572,1.04888,1.04544,1.04879
EURUSD,H1,2025-01-27T11:00:00Z,1.04878,1.04938,1.04753,1.04888
EURUSD,H1,2025-01-27T12:00:00Z,1.04888,1.05091,1.04888,1.05055
EURUSD,H1,2025-01-27T13:00:00Z,1.05054,1.05183,1.05045,1.05131
EURUSD,H1,2025-01-27T14:00:00Z,1.05131,1.05281,1.05091,1.05212
EURUSD,H1,2025-01-27T15:00:00Z,1.05212,1.05331,1.05098,1.05199
EURUSD,H1,2025-01-27T16:00:00Z,1.05199,1.0524499999999999,1.05078,1.05091
EURUSD,H1,2025-01-27T17:00:00Z,1.05091,1.05098,1.04939,1.04992
EURUSD,H1,2025-01-27T18:00:00Z,1.04992,1.05077,1.04893,1.04909
EURUSD,H1,2025-01-27T19:00:00Z,1.04909,1.04947,1.04849,1.04888
EURUSD,H1,2025-01-27T20:00:00Z,1.04888,1.04943,1.04818,1.04849
EURUSD,H1,2025-01-27T21:00:00Z,1.04849,1.04928,1.04792,1.04927
EURUSD,H1,2025-01-27T22:00:00Z,1.04927,1.04943,1.04874,1.04881
EURUSD,H1,2025-01-27T23:00:00Z,1.04881,1.0492,1.04859,1.04914
EURUSD,H1,2025-01-28T00:00:00Z,1.04915,1.04933,1.04862,1.04882
EURUSD,H1,2025-01-28T01:00:00Z,1.04882,1.04894,1.04286,1.04371
EURUSD,H1,2025-01-28T02:00:00Z,1.04371,1.04518,1.04323,1.04454
EURUSD,H1,2025-01-28T03:00:00Z,1.04454,1.04567,1.04301,1.04378
EURUSD,H1,2025-01-28T04:00:00Z,1.04378,1.04417,1.04244,1.04337
EURUSD,H1,2025-01-28T05:00:00Z,1.04337,1.04396,1.0429,1.04291
EURUSD,H1,2025-01-28T06:00:00Z,1.04292,1.04347,1.04256,1.04337
EURUSD,H1,2025-01-28T07:00:00Z,1.04338,1.0439,1.04335,1.04364
EURUSD,H1,2025-01-28T08:00:00Z,1.04364,1.04442,1.04338,1.04375
EURUSD,H1,2025-01-28T09:00:00Z,1.04375,1.04431,1.04282,1.04342
EURUSD,H1,2025-01-28T10:00:00Z,1.04344,1.04358,1.04193,1.0425200000000001
EURUSD,H1,2025-01-28T11:00:00Z,1.0425200000000001,1.04443,1.04224,1.04353
EURUSD,H1,2025-01-28T12:00:00Z,1.04352,1.0437400000000001,1.04248,1.04249
EURUSD,H1,2025-01-28T13:00:00Z,1.04249,1.04327,1.04228,1.04233
EURUSD,H1,2025-01-28T14:00:00Z,1.04234,1.04256,1.04138,1.04203
EURUSD,H1,2025-01-28T15:00:00Z,1.04203,1.04314,1.0417399999999999,1.04249
EURUSD,H1,2025-01-28T16:00:00Z,1.04248,1.04414,1.04242,1.04317
EURUSD,H1,2025-01-28T17:00:00Z,1.04316,1.04397,1.0421,1.04242
EURUSD,H1,2025-01-28T18:00:00Z,1.04242,1.04329,1.04226,1.04262
EURUSD,H1,2025-01-28T19:00:00Z,1.04262,1.04347,1.04247,1.04279
EURUSD,H1,2025-01-28T20:00:00Z,1.0428,1.04383,1.04233,1.04265
EURUSD,H1,2025-01-28T21:00:00Z,1.04265,1.04367,1.04226,1.0435
EURUSD,H1,2025-01-28T22:00:00Z,1.0435,1.04354,1.04295,1.04316
EURUSD,H1,2025-01-28T23:00:00Z,1.04316,1.04341,1.043,1.04305
EURUSD,H1,2025-01-29T00:00:00Z,1.043,1.043,1.0424,1.0428
EURUSD,H1,2025-01-29T01:00:00Z,1.0428,1.04301,1.04266,1.04273
EURUSD,H1,2025-01-29T02:00:00Z,1.04273,1.04344,1.0427,1.04302
EURUSD,H1,2025-01-29T03:00:00Z,1.04302,1.04341,1.04272,1.04273
EURUSD,H1,2025-01-29T04:00:00Z,1.04273,1.04358,1.04259,1.0434
EURUSD,H1,2025-01-29T05:00:00Z,1.0434,1.04391,1.0431300000000001,1.04375
EURUSD,H1,2025-01-29T06:00:00Z,1.04375,1.04426,1.04375,1.04387
EURUSD,H1,2025-01-29T07:00:00Z,1.04387,1.0441,1.04354,1.04404
EURUSD,H1,2025-01-29T08:00:00Z,1.04404,1.04437,1.04366,1.04373
EURUSD,H1,2025-01-29T09:00:00Z,1.04373,1.04379,1.04132,1.0416
EURUSD,H1,2025-01-29T10:00:00Z,1.04161,1.04305,1.0416,1.04242
EURUSD,H1,2025-01-29T11:00:00Z,1.04242,1.04247,1.0402,1.04038
EURUSD,H1,2025-01-29T12:00:00Z,1.04038,1.04085,1.03948,1.04037
EURUSD,H1,2025-01-29T13:00:00Z,1.04037,1.04083,1.03972,1.04015
EURUSD,H1,2025-01-29T14:00:00Z,1.04015,1.04049,1.03936,1.04041
EURUSD,H1,2025-01-29T15:00:00Z,1.04041,1.04058,1.03824,1.03877
EURUSD,H1,2025-01-29T16:00:00Z,1.03877,1.04016,1.03863,1.04011
EURUSD,H1,2025-01-29T17:00:00Z,1.04013,1.04272,1.03947,1.04195
EURUSD,H1,2025-01-29T18:00:00Z,1.04195,1.0424,1.0411299999999999,1.04158
EURUSD,H1,2025-01-29T19:00:00Z,1.04158,1.04286,1.04152,1.04213
EURUSD,H1,2025-01-29T20:00:00Z,1.04213,1.04246,1.04153,1.04199
EURUSD,H1,2025-01-29T21:00:00Z,1.04195,1.04287,1.03882,1.04162
EURUSD,H1,2025-01-29T22:00:00Z,1.04158,1.04256,1.04055,1.04105
EURUSD,H1,2025-01-29T23:00:00Z,1.04104,1.04216,1.04089,1.04196
EURUSD,H1,2025-01-30T00:00:00Z,1.04207,1.04213,1.04124,1.04204
EURUSD,H1,2025-01-30T01:00:00Z,1.04204,1.04274,1.04185,1.04246
EURUSD,H1,2025-01-30T02:00:00Z,1.04246,1.0429,1.0424,1.04261
EURUSD,H1,2025-01-30T03:00:00Z,1.04261,1.04262,1.04189,1.04201
EURUSD,H1,2025-01-30T04:00:00Z,1.04201,1.04268,1.04199,1.0423
EURUSD,H1,2025-01-30T05:00:00Z,1.0423,1.04264,1.04223,1.0425200000000001
EURUSD,H1,2025-01-30T06:00:00Z,1.0425200000000001,1.04277,1.04177,1.0419100000000001
EURUSD,H1,2025-01-30T07:00:00Z,1.0419100000000001,1.04221,1.04176,1.0422
EURUSD,H1,2025-01-30T08:00:00Z,1.0422,1.04227,1.04109,1.0414
EURUSD,H1,2025-01-30T09:00:00Z,1.0414,1.0424,1.04095,1.0424
EURUSD,H1,2025-01-30T10:00:00Z,1.04239,1.04291,1.04162,1.04218
EURUSD,H1,2025-01-30T11:00:00Z,1.04218,1.04226,1.04021,1.04076
EURUSD,H1,2025-01-30T12:00:00Z,1.04077,1.04123,1.03959,1.04008
EURUSD,H1,2025-01-30T13:00:00Z,1.04008,1.04008,1.03914,1.03918
EURUSD,H1,2025-01-30T14:00:00Z,1.03918,1.04059,1.03903,1.04034
EURUSD,H1,2025-01-30T15:00:00Z,1.04034,1.04598,1.04013,1.04568
EURUSD,H1,2025-01-30T16:00:00Z,1.04562,1.04677,1.04194,1.04282
EURUSD,H1,2025-01-30T17:00:00Z,1.04283,1.04421,1.0427,1.04314
EURUSD,H1,2025-01-30T18:00:00Z,1.04314,1.04348,1.0417,1.04198
EURUSD,H1,2025-01-30T19:00:00Z,1.04198,1.04236,1.04095,1.0417
EURUSD,H1,2025-01-30T20:00:00Z,1.04173,1.04256,1.04157,1.04251
EURUSD,H1,2025-01-30T21:00:00Z,1.04251,1.043,1.04231,1.0428
EURUSD,H1,2025-01-30T22:00:00Z,1.04281,1.04323,1.03862,1.04077
EURUSD,H1,2025-01-30T23:00:00Z,1.04074,1.04141,1.03872,1.03919
EURUSD,H1,2025-01-31T00:00:00Z,1.03882,1.03946,1.03814,1.03868
EURUSD,H1,2025-01-31T01:00:00Z,1.03868,1.03984,1.03851,1.0397
EURUSD,H1,2025-01-31T02:00:00Z,1.0397,1.04025,1.03851,1.03868
EURUSD,H1,2025-01-31T03:00:00Z,1.03868,1.03925,1.03774,1.03886
EURUSD,H1,2025-01-31T04:00:00Z,1.03888,1.03951,1.03868,1.03898
EURUSD,H1,2025-01-31T05:00:00Z,1.03898,1.03914,1.03838,1.03851
EURUSD,H1,2025-01-31T06:00:00Z,1.03851,1.03899,1.03828,1.03876
EURUSD,H1,2025-01-31T07:00:00Z,1.03876,1.03908,1.03847,1.03889
EURUSD,H1,2025-01-31T08:00:00Z,1.03889,1.03954,1.03875,1.03946
EURUSD,H1,2025-01-31T09:00:00Z,1.03946,1.04129,1.03913,1.04041
EURUSD,H1,2025-01-31T10:00:00Z,1.04041,1.04068,1.03808,1.03844
EURUSD,H1,2025-01-31T11:00:00Z,1.03843,1.03852,1.03653,1.03836
EURUSD,H1,2025-01-31T12:00:00Z,1.03837,1.0384,1.03737,1.03764
EURUSD,H1,2025-01-31T13:00:00Z,1.03764,1.03801,1.03721,1.03758
EURUSD,H1,2025-01-31T14:00:00Z,1.03758,1.03857,1.03746,1.03825
EURUSD,H1,2025-01-31T15:00:00Z,1.03824,1.03954,1.03768,1.03823
EURUSD,H1,2025-01-31T16:00:00Z,1.03823,1.03827,1.03666,1.03687
EURUSD,H1,2025-01-31T17:00:00Z,1.03687,1.04007,1.03603,1.03965
EURUSD,H1,2025-01-31T18:00:00Z,1.03965,1.04077,1.03862,1.03998
EURUSD,H1,2025-01-31T19:00:00Z,1.03998,1.0434,1.03909,1.04201
EURUSD,H1,2025-01-31T20:00:00Z,1.04201,1.04218,1.03619,1.037
EURUSD,H1,2025-01-31T21:00:00Z,1.03698,1.03793,1.03645,1.03763
EURUSD,H1,2025-01-31T22:00:00Z,1.03765,1.0382,1.03631,1.03737
EURUSD,H1,2025-01-31T23:00:00Z,1.03737,1.03871,1.03503,1.03578
EURUSD,H1,2025-02-03T00:00:00Z,1.02357,1.02559,1.02328,1.02495
EURUSD,H1,2025-02-03T01:00:00Z,1.02495,1.02707,1.02344,1.02472
EURUSD,H1,2025-02-03T02:00:00Z,1.02472,1.02674,1.02107,1.02321
EURUSD,H1,2025-02-03T03:00:00Z,1.0232,1.02523,1.02221,1.02378
EURUSD,H1,2025-02-03T04:00:00Z,1.02379,1.02379,1.02209,1.02238
EURUSD,H1,2025-02-03T05:00:00Z,1.02238,1.02249,1.02123,1.02216
EURUSD,H1,2025-02-03T06:00:00Z,1.02216,1.02399,1.02206,1.02266
EURUSD,H1,2025-02-03T07:00:00Z,1.02266,1.02434,1.02258,1.02405
EURUSD,H1,2025-02-03T08:00:00Z,1.02405,1.02518,1.02396,1.02432
EURUSD,H1,2025-02-03T09:00:00Z,1.02432,1.02495,1.02221,1.02247
EURUSD,H1,2025-02-03T10:00:00Z,1.0225,1.02513,1.02129,1.02437
EURUSD,H1,2025-02-03T11:00:00Z,1.02437,1.02543,1.02257,1.02305
EURUSD,H1,2025-02-03T12:00:00Z,1.02305,1.02446,1.023,1.02437
EURUSD,H1,2025-02-03T13:00:00Z,1.02437,1.0256,1.02364,1.02523
EURUSD,H1,2025-02-03T14:00:00Z,1.02523,1.0278100000000001,1.02512,1.0258
EURUSD,H1,2025-02-03T15:00:00Z,1.02578,1.02878,1.02578,1.02639
EURUSD,H1,2025-02-03T16:00:00Z,1.0264,1.02661,1.02473,1.02511
EURUSD,H1,2025-02-03T17:00:00Z,1.02517,1.03358,1.0244,1.03162
EURUSD,H1,2025-02-03T18:00:00Z,1.03164,1.03216,1.02728,1.02762
EURUSD,H1,2025-02-03T19:00:00Z,1.0276,1.03024,1.02714,1.02798
EURUSD,H1,2025-02-03T20:00:00Z,1.02798,1.02878,1.02704,1.02786
EURUSD,H1,2025-02-03T21:00:00Z,1.02786,1.0297,1.02784,1.02846
EURUSD,H1,2025-02-03T22:00:00Z,1.02846,1.02993,1.02829,1.02955
EURUSD,H1,2025-02-03T23:00:00Z,1.02956,1.03499,1.0293,1.03426
EURUSD,H1,2025-02-04T00:00:00Z,1.03436,1.03459,1.03315,1.03422
EURUSD,H1,2025-02-04T01:00:00Z,1.03422,1.03518,1.03265,1.03282
EURUSD,H1,2025-02-04T02:00:00Z,1.03282,1.0331,1.03163,1.03179
EURUSD,H1,2025-02-04T03:00:00Z,1.03179,1.03227,1.03085,1.03221
EURUSD,H1,2025-02-04T04:00:00Z,1.03221,1.03241,1.03165,1.03222
EURUSD,H1,2025-02-04T05:00:00Z,1.03222,1.03241,1.03118,1.03147
EURUSD,H1,2025-02-04T06:00:00Z,1.03147,1.03151,1.03058,1.0306
EURUSD,H1,2025-02-04T07:00:00Z,1.0306,1.0306,1.02723,1.02932
EURUSD,H1,2025-02-04T08:00:00Z,1.02932,1.03077,1.02923,1.03068
EURUSD,H1,2025-02-04T09:00:00Z,1.03068,1.03172,1.03,1.03116
EURUSD,H1,2025-02-04T10:00:00Z,1.03116,1.03353,1.03091,1.03344
EURUSD,H1,2025-02-04T11:00:00Z,1.03344,1.03495,1.03323,1.03387
EURUSD,H1,2025-02-04T12:00:00Z,1.03387,1.03433,1.03255,1.0335
EURUSD,H1,2025-02-04T13:00:00Z,1.0335,1.03353,1.03221,1.03222
EURUSD,H1,2025-02-04T14:00:00Z,1.03222,1.03286,1.03204,1.03254
EURUSD,H1,2025-02-04T15:00:00Z,1.03254,1.03407,1.03241,1.03403
EURUSD,H1,2025-02-04T16:00:00Z,1.03406,1.03664,1.03403,1.03601
EURUSD,H1,2025-02-04T17:00:00Z,1.03601,1.03859,1.03577,1.03802
EURUSD,H1,2025-02-04T18:00:00Z,1.03801,1.03875,1.03734,1.03784
EURUSD,H1,2025-02-04T19:00:00Z,1.03784,1.03788,1.03658,1.03767
EURUSD,H1,2025-02-04T20:00:00Z,1.03767,1.03863,1.03745,1.03812
EURUSD,H1,2025-02-04T21:00:00Z,1.03812,1.03858,1.03773,1.03818
EURUSD,H1,2025-02-04T22:00:00Z,1.03819,1.03859,1.03794,1.03855
EURUSD,H1,2025-02-04T23:00:00Z,1.03854,1.03877,1.03778,1.03789
EURUSD,H1,2025-02-05T00:00:00Z,1.03785,1.03796,1.03728,1.03774
EURUSD,H1,2025-02-05T01:00:00Z,1.03774,1.03805,1.03709,1.03715
EURUSD,H1,2025-02-05T02:00:00Z,1.03715,1.03821,1.03696,1.03788
EURUSD,H1,2025-02-05T03:00:00Z,1.03789,1.03868,1.03725,1.03734
EURUSD,H1,2025-02-05T04:00:00Z,1.03734,1.03851,1.0373,1.03846
EURUSD,H1,2025-02-05T05:00:00Z,1.03846,1.03862,1.03793,1.03795
EURUSD,H1,2025-02-05T06:00:00Z,1.03795,1.03824,1.03764,1.03788
EURUSD,H1,2025-02-05T07:00:00Z,1.03788,1.03788,1.03733,1.03779
EURUSD,H1,2025-02-05T08:00:00Z,1.03779,1.03941,1.03743,1.03851
EURUSD,H1,2025-02-05T09:00:00Z,1.03851,1.04096,1.03821,1.04026
EURUSD,H1,2025-02-05T10:00:00Z,1.04026,1.04088,1.03902,1.04041
EURUSD,H1,2025-02-05T11:00:00Z,1.04042,1.04178,1.04016,1.0404
EURUSD,H1,2025-02-05T12:00:00Z,1.0404,1.04306,1.04018,1.0425200000000001
EURUSD,H1,2025-02-05T13:00:00Z,1.0425200000000001,1.04254,1.04118,1.04148
EURUSD,H1,2025-02-05T14:00:00Z,1.04148,1.04221,1.04109,1.04192
EURUSD,H1,2025-02-05T15:00:00Z,1.04192,1.04258,1.04015,1.04078
EURUSD,H1,2025-02-05T16:00:00Z,1.04078,1.04263,1.04063,1.04219
EURUSD,H1,2025-02-05T17:00:00Z,1.0422,1.04427,1.04152,1.04224
EURUSD,H1,2025-02-05T18:00:00Z,1.04224,1.04248,1.04104,1.0418
EURUSD,H1,2025-02-05T19:00:00Z,1.04181,1.0424,1.04104,1.04199
EURUSD,H1,2025-02-05T20:00:00Z,1.04199,1.04217,1.04143,1.04156
EURUSD,H1,2025-02-05T21:00:00Z,1.04156,1.0417,1.04048,1.04072
EURUSD,H1,2025-02-05T22:00:00Z,1.04072,1.04072,1.04012,1.04049
EURUSD,H1,2025-02-05T23:00:00Z,1.04048,1.04068,1.03969,1.04025
EURUSD,H1,2025-02-06T00:00:00Z,1.0402,1.04038,1.03995,1.0403
EURUSD,H1,2025-02-06T01:00:00Z,1.0403,1.04055,1.03974,1.03987
EURUSD,H1,2025-02-06T02:00:00Z,1.03987,1.04024,1.03949,1.03975
EURUSD,H1,2025-02-06T03:00:00Z,1.03975,1.04047,1.03954,1.04026
EURUSD,H1,2025-02-06T04:00:00Z,1.04024,1.04056,1.0391,1.03951
EURUSD,H1,2025-02-06T05:00:00Z,1.03951,1.03964,1.03896,1.03921
EURUSD,H1,2025-02-06T06:00:00Z,1.03921,1.03939,1.03852,1.03872
EURUSD,H1,2025-02-06T07:00:00Z,1.03872,1.03904,1.0386,1.03864
EURUSD,H1,2025-02-06T08:00:00Z,1.03864,1.03925,1.03857,1.03903
EURUSD,H1,2025-02-06T09:00:00Z,1.03903,1.03916,1.0378,1.03802
EURUSD,H1,2025-02-06T10:00:00Z,1.03801,1.0381,1.03563,1.03651
EURUSD,H1,2025-02-06T11:00:00Z,1.03651,1.03679,1.03563,1.03593
EURUSD,H1,2025-02-06T12:00:00Z,1.03593,1.03665,1.03558,1.03626
EURUSD,H1,2025-02-06T13:00:00Z,1.03626,1.03677,1.03581,1.03621
EURUSD,H1,2025-02-06T14:00:00Z,1.03618,1.03637,1.03526,1.0362
EURUSD,H1,2025-02-06T15:00:00Z,1.0362,1.03673,1.03536,1.03605
EURUSD,H1,2025-02-06T16:00:00Z,1.03604,1.03748,1.03598,1.03623
EURUSD,H1,2025-02-06T17:00:00Z,1.03623,1.03765,1.03613,1.03695
EURUSD,H1,2025-02-06T18:00:00Z,1.03695,1.03766,1.03668,1.0367
EURUSD,H1,2025-02-06T19:00:00Z,1.0367,1.03806,1.03658,1.03792
EURUSD,H1,2025-02-06T20:00:00Z,1.03793,1.03967,1.03741,1.03895
EURUSD,H1,2025-02-06T21:00:00Z,1.03895,1.03914,1.03804,1.03848
EURUSD,H1,2025-02-06T22:00:00Z,1.03848,1.03909,1.03839,1.03891
EURUSD,H1,2025-02-06T23:00:00Z,1.03886,1.03894,1.03825,1.03828
EURUSD,H1,2025-02-07T00:00:00Z,1.03831,1.03848,1.03807,1.03826
EURUSD,H1,2025-02-07T01:00:00Z,1.03826,1.03869,1.03826,1.03852
EURUSD,H1,2025-02-07T02:00:00Z,1.03852,1.03911,1.03773,1.03777
EURUSD,H1,2025-02-07T03:00:00Z,1.03777,1.03868,1.03745,1.03839
EURUSD,H1,2025-02-07T04:00:00Z,1.03839,1.03861,1.0381,1.03842
EURUSD,H1,2025-02-07T05:00:00Z,1.03842,1.0385,1.03773,1.03799
EURUSD,H1,2025-02-07T06:00:00Z,1.03799,1.03835,1.03758,1.03811
EURUSD,H1,2025-02-07T07:00:00Z,1.03812,1.03816,1.0374,1.03752
EURUSD,H1,2025-02-07T08:00:00Z,1.03752,1.03774,1.03728,1.03762
EURUSD,H1,2025-02-07T09:00:00Z,1.03762,1.03903,1.03743,1.03892
EURUSD,H1,2025-02-07T10:00:00Z,1.03892,1.04,1.03854,1.03978
EURUSD,H1,2025-02-07T11:00:00Z,1.03978,1.03992,1.03899,1.03912
EURUSD,H1,2025-02-07T12:00:00Z,1.03912,1.03915,1.03792,1.03815
EURUSD,H1,2025-02-07T13:00:00Z,1.03815,1.03842,1.03774,1.03825
EURUSD,H1,2025-02-07T14:00:00Z,1.03825,1.03825,1.03684,1.03744
EURUSD,H1,2025-02-07T15:00:00Z,1.03744,1.04094,1.03495,1.03638
EURUSD,H1,2025-02-07T16:00:00Z,1.03638,1.03888,1.03609,1.0386
EURUSD,H1,2025-02-07T17:00:00Z,1.03856,1.03877,1.03274,1.0355
EURUSD,H1,2025-02-07T18:00:00Z,1.03554,1.03554,1.03219,1.03281
EURUSD,H1,2025-02-07T19:00:00Z,1.0328,1.03611,1.03053,1.03218
EURUSD,H1,2025-02-07T20:00:00Z,1.03218,1.0336,1.03211,1.03253
EURUSD,H1,2025-02-07T21:00:00Z,1.03253,1.0337,1.03238,1.03324
EURUSD,H1,2025-02-07T22:00:00Z,1.03324,1.03385,1.03215,1.03279
EURUSD,H1,2025-02-07T23:00:00Z,1.03279,1.03324,1.03227,1.03279
EURUSD,H1,2025-02-10T00:00:00Z,1.02889,1.03015,1.02814,1.029
EURUSD,H1,2025-02-10T01:00:00Z,1.02904,1.03136,1.02904,1.03096
EURUSD,H1,2025-02-10T02:00:00Z,1.03096,1.03185,1.03094,1.03103
EURUSD,H1,2025-02-10T03:00:00Z,1.03103,1.03148,1.03002,1.03033
EURUSD,H1,2025-02-10T04:00:00Z,1.03033,1.0307,1.02987,1.02998
EURUSD,H1,2025-02-10T05:00:00Z,1.02998,1.03117,1.02997,1.03116
EURUSD,H1,2025-02-10T06:00:00Z,1.03116,1.03159,1.03113,1.03133
EURUSD,H1,2025-02-10T07:00:00Z,1.03133,1.03217,1.03132,1.03162
EURUSD,H1,2025-02-10T08:00:00Z,1.03162,1.03202,1.03122,1.03191
EURUSD,H1,2025-02-10T09:00:00Z,1.03191,1.03256,1.031,1.03129
EURUSD,H1,2025-02-10T10:00:00Z,1.03129,1.03231,1.03067,1.03222
EURUSD,H1,2025-02-10T11:00:00Z,1.03222,1.03348,1.03211,1.03267
EURUSD,H1,2025-02-10T12:00:00Z,1.03267,1.03337,1.03235,1.03299
EURUSD,H1,2025-02-10T13:00:00Z,1.03299,1.0336400000000001,1.03202,1.03207
EURUSD,H1,2025-02-10T14:00:00Z,1.03207,1.0322,1.03087,1.03138
EURUSD,H1,2025-02-10T15:00:00Z,1.03138,1.03265,1.03138,1.03216
EURUSD,H1,2025-02-10T16:00:00Z,1.03216,1.03238,1.03043,1.03113
EURUSD,H1,2025-02-10T17:00:00Z,1.03113,1.03199,1.03107,1.03153
EURUSD,H1,2025-02-10T18:00:00Z,1.03153,1.0318,1.03046,1.03116
EURUSD,H1,2025-02-10T19:00:00Z,1.03116,1.03149,1.03068,1.03125
EURUSD,H1,2025-02-10T20:00:00Z,1.03125,1.03162,1.0306,1.03073
EURUSD,H1,2025-02-10T21:00:00Z,1.03073,1.0311,1.03053,1.03069
EURUSD,H1,2025-02-10T22:00:00Z,1.03069,1.03085,1.03051,1.03069
EURUSD,H1,2025-02-10T23:00:00Z,1.03069,1.03085,1.03051,1.03066
EURUSD,H1,2025-02-11T00:00:00Z,1.03065,1.03084,1.03026,1.03057
EURUSD,H1,2025-02-11T01:00:00Z,1.03057,1.03078,1.02983,1.03007
EURUSD,H1,2025-02-11T02:00:00Z,1.03007,1.03068,1.02997,1.03048
EURUSD,H1,2025-02-11T03:00:00Z,1.03048,1.03049,1.03001,1.03021
EURUSD,H1,2025-02-11T04:00:00Z,1.03021,1.03029,1.02923,1.0293
EURUSD,H1,2025-02-11T05:00:00Z,1.0293,1.03007,1.02923,1.02982
EURUSD,H1,2025-02-11T06:00:00Z,1.02982,1.03044,1.02976,1.03044
EURUSD,H1,2025-02-11T07:00:00Z,1.03044,1.0306,1.03021,1.03047
EURUSD,H1,2025-02-11T08:00:00Z,1.03047,1.03106,1.03042,1.03053
EURUSD,H1,2025-02-11T09:00:00Z,1.03053,1.03079,1.0301,1.03033
EURUSD,H1,2025-02-11T10:00:00Z,1.03032,1.03199,1.02999,1.03183
EURUSD,H1,2025-02-11T11:00:00Z,1.03183,1.03221,1.03126,1.0318
EURUSD,H1,2025-02-11T12:00:00Z,1.03181,1.03251,1.03145,1.03161
EURUSD,H1,2025-02-11T13:00:00Z,1.03161,1.03228,1.03158,1.03219
EURUSD,H1,2025-02-11T14:00:00Z,1.0322,1.03286,1.03207,1.0322
EURUSD,H1,2025-02-11T15:00:00Z,1.0322,1.0326,1.03167,1.03225
EURUSD,H1,2025-02-11T16:00:00Z,1.03225,1.03371,1.03219,1.03324
EURUSD,H1,2025-02-11T17:00:00Z,1.03327,1.03433,1.03281,1.034
EURUSD,H1,2025-02-11T18:00:00Z,1.03399,1.03513,1.03391,1.03457
EURUSD,H1,2025-02-11T19:00:00Z,1.03457,1.0348600000000001,1.03435,1.03454
EURUSD,H1,2025-02-11T20:00:00Z,1.03454,1.03513,1.03445,1.03456
EURUSD,H1,2025-02-11T21:00:00Z,1.03456,1.03816,1.03422,1.03584
EURUSD,H1,2025-02-11T22:00:00Z,1.03584,1.03676,1.03576,1.03631
EURUSD,H1,2025-02-11T23:00:00Z,1.0363,1.03641,1.03588,1.03612
EURUSD,H1,2025-02-12T00:00:00Z,1.03609,1.03635,1.03579,1.03611
EURUSD,H1,2025-02-12T01:00:00Z,1.03611,1.03677,1.03598,1.03634
EURUSD,H1,2025-02-12T02:00:00Z,1.03634,1.03644,1.03564,1.03575
EURUSD,H1,2025-02-12T03:00:00Z,1.03575,1.03642,1.0354,1.03607
EURUSD,H1,2025-02-12T04:00:00Z,1.03607,1.03679,1.03605,1.03625
EURUSD,H1,2025-02-12T05:00:00Z,1.03626,1.03656,1.03588,1.03621
EURUSD,H1,2025-02-12T06:00:00Z,1.03621,1.03637,1.03561,1.03562
EURUSD,H1,2025-02-12T07:00:00Z,1.03562,1.03594,1.03549,1.03585
EURUSD,H1,2025-02-12T08:00:00Z,1.03585,1.03603,1.03569,1.0359
EURUSD,H1,2025-02-12T09:00:00Z,1.0359,1.03793,1.03589,1.03757
EURUSD,H1,2025-02-12T10:00:00Z,1.03759,1.03799,1.0368,1.03711
EURUSD,H1,2025-02-12T11:00:00Z,1.03711,1.03741,1.03648,1.03736
EURUSD,H1,2025-02-12T12:00:00Z,1.03736,1.03773,1.037,1.03757
EURUSD,H1,2025-02-12T13:00:00Z,1.03757,1.03857,1.03739,1.03752
EURUSD,H1,2025-02-12T14:00:00Z,1.03752,1.03788,1.03721,1.0373
EURUSD,H1,2025-02-12T15:00:00Z,1.0373,1.03761,1.0317,1.03331
EURUSD,H1,2025-02-12T16:00:00Z,1.03332,1.03538,1.03252,1.03501
EURUSD,H1,2025-02-12T17:00:00Z,1.03501,1.03828,1.03381,1.03746
EURUSD,H1,2025-02-12T18:00:00Z,1.03746,1.03957,1.03505,1.03915
EURUSD,H1,2025-02-12T19:00:00Z,1.03913,1.04275,1.03908,1.04262
EURUSD,H1,2025-02-12T20:00:00Z,1.04263,1.04298,1.03874,1.03894
EURUSD,H1,2025-02-12T21:00:00Z,1.03894,1.03934,1.03847,1.03911
EURUSD,H1,2025-02-12T22:00:00Z,1.03911,1.03976,1.03881,1.03917
EURUSD,H1,2025-02-12T23:00:00Z,1.03917,1.03923,1.03807,1.03832
EURUSD,H1,2025-02-13T00:00:00Z,1.03823,1.03857,1.03776,1.03833
EURUSD,H1,2025-02-13T01:00:00Z,1.03833,1.03924,1.03833,1.03924
EURUSD,H1,2025-02-13T02:00:00Z,1.03924,1.04006,1.03882,1.03897
EURUSD,H1,2025-02-13T03:00:00Z,1.03897,1.04019,1.03873,1.03997
EURUSD,H1,2025-02-13T04:00:00Z,1.03997,1.04078,1.03966,1.04039
EURUSD,H1,2025-02-13T05:00:00Z,1.04039,1.04219,1.04034,1.04192
EURUSD,H1,2025-02-13T06:00:00Z,1.04192,1.04355,1.04189,1.04347
EURUSD,H1,2025-02-13T07:00:00Z,1.04347,1.04384,1.04307,1.0435
EURUSD,H1,2025-02-13T08:00:00Z,1.0435,1.04401,1.04286,1.04309
EURUSD,H1,2025-02-13T09:00:00Z,1.04309,1.04366,1.04225,1.04256
EURUSD,H1,2025-02-13T10:00:00Z,1.04256,1.04265,1.04102,1.04137
EURUSD,H1,2025-02-13T11:00:00Z,1.04137,1.04264,1.0411,1.04231
EURUSD,H1,2025-02-13T12:00:00Z,1.04231,1.04291,1.04136,1.04158
EURUSD,H1,2025-02-13T13:00:00Z,1.04158,1.04275,1.03926,1.04033
EURUSD,H1,2025-02-13T14:00:00Z,1.04033,1.04036,1.03858,1.03899
EURUSD,H1,2025-02-13T15:00:00Z,1.03899,1.04071,1.0375,1.03927
EURUSD,H1,2025-02-13T16:00:00Z,1.03927,1.04014,1.03824,1.03997
EURUSD,H1,2025-02-13T17:00:00Z,1.03997,1.04382,1.03997,1.04333
EURUSD,H1,2025-02-13T18:00:00Z,1.04334,1.04454,1.04245,1.04276
EURUSD,H1,2025-02-13T19:00:00Z,1.04274,1.04391,1.0425,1.04253
EURUSD,H1,2025-02-13T20:00:00Z,1.04254,1.04318,1.03732,1.04096
EURUSD,H1,2025-02-13T21:00:00Z,1.04096,1.04428,1.04086,1.04373
EURUSD,H1,2025-02-13T22:00:00Z,1.04373,1.0466,1.04356,1.04615
EURUSD,H1,2025-02-13T23:00:00Z,1.04615,1.04665,1.04571,1.04654
EURUSD,H1,2025-02-14T00:00:00Z,1.04636,1.04681,1.04599,1.04657
EURUSD,H1,2025-02-14T01:00:00Z,1.04657,1.04675,1.0456,1.04615
EURUSD,H1,2025-02-14T02:00:00Z,1.04615,1.04671,1.04578,1.04609
EURUSD,H1,2025-02-14T03:00:00Z,1.04609,1.0467,1.04583,1.04592
EURUSD,H1,2025-02-14T04:00:00Z,1.04593,1.04611,1.04552,1.04568
EURUSD,H1,2025-02-14T05:00:00Z,1.04568,1.04616,1.0454,1.04589
EURUSD,H1,2025-02-14T06:00:00Z,1.04589,1.04639,1.04547,1.04547
EURUSD,H1,2025-02-14T07:00:00Z,1.04547,1.04558,1.04474,1.04527
EURUSD,H1,2025-02-14T08:00:00Z,1.04529,1.0461,1.04519,1.04585
EURUSD,H1,2025-02-14T09:00:00Z,1.04586,1.04723,1.04585,1.04649
EURUSD,H1,2025-02-14T10:00:00Z,1.04649,1.04864,1.04635,1.04769
EURUSD,H1,2025-02-14T11:00:00Z,1.04769,1.04878,1.04759,1.04814
EURUSD,H1,2025-02-14T12:00:00Z,1.04814,1.0483,1.04646,1.04671
EURUSD,H1,2025-02-14T13:00:00Z,1.04672,1.04695,1.04631,1.04675
EURUSD,H1,2025-02-14T14:00:00Z,1.04675,1.04749,1.04571,1.04717
EURUSD,H1,2025-02-14T15:00:00Z,1.04718,1.04978,1.04713,1.04883
EURUSD,H1,2025-02-14T16:00:00Z,1.04883,1.05144,1.04874,1.05087
EURUSD,H1,2025-02-14T17:00:00Z,1.05087,1.05128,1.04911,1.05084
EURUSD,H1,2025-02-14T18:00:00Z,1.05084,1.05102,1.04969,1.04975
EURUSD,H1,2025-02-14T19:00:00Z,1.04975,1.05088,1.04941,1.05073
EURUSD,H1,2025-02-14T20:00:00Z,1.05073,1.05082,1.04996,1.05045
EURUSD,H1,2025-02-14T21:00:00Z,1.05045,1.0505,1.04949,1.04987
EURUSD,H1,2025-02-14T22:00:00Z,1.04986,1.04986,1.04913,1.0492
EURUSD,H1,2025-02-14T23:00:00Z,1.0492,1.04946,1.04881,1.04911
EURUSD,H1,2025-02-17T00:00:00Z,1.04843,1.04894,1.04843,1.04887
EURUSD,H1,2025-02-17T01:00:00Z,1.04887,1.04946,1.04851,1.04888
EURUSD,H1,2025-02-17T02:00:00Z,1.04888,1.04935,1.04857,1.04924
EURUSD,H1,2025-02-17T03:00:00Z,1.04924,1.05065,1.04897,1.05053
EURUSD,H1,2025-02-17T04:00:00Z,1.05053,1.05056,1.0496,1.05013
EURUSD,H1,2025-02-17T05:00:00Z,1.05013,1.05037,1.04943,1.04948
EURUSD,H1,2025-02-17T06:00:00Z,1.04948,1.04973,1.04894,1.04955
EURUSD,H1,2025-02-17T07:00:00Z,1.04955,1.04984,1.04849,1.04899
EURUSD,H1,2025-02-17T08:00:00Z,1.04899,1.04933,1.04881,1.04918
EURUSD,H1,2025-02-17T09:00:00Z,1.04918,1.04954,1.04805,1.04826
EURUSD,H1,2025-02-17T10:00:00Z,1.04826,1.04849,1.04711,1.04743
EURUSD,H1,2025-02-17T11:00:00Z,1.04743,1.04815,1.04713,1.04743
EURUSD,H1,2025-02-17T12:00:00Z,1.04742,1.04892,1.04734,1.04889
EURUSD,H1,2025-02-17T13:00:00Z,1.04889,1.04893,1.04777,1.0482
EURUSD,H1,2025-02-17T14:00:00Z,1.0482,1.04851,1.04686,1.04722
EURUSD,H1,2025-02-17T15:00:00Z,1.04722,1.04766,1.04672,1.04745
EURUSD,H1,2025-02-17T16:00:00Z,1.04743,1.04795,1.04714,1.04784
EURUSD,H1,2025-02-17T17:00:00Z,1.04784,1.04844,1.04741,1.04797
EURUSD,H1,2025-02-17T18:00:00Z,1.04796,1.04832,1.04768,1.04787
EURUSD,H1,2025-02-17T19:00:00Z,1.04787,1.04846,1.04779,1.04825
EURUSD,H1,2025-02-17T20:00:00Z,1.04825,1.04825,1.04793,1.04821
EURUSD,H1,2025-02-17T21:00:00Z,1.04821,1.04839,1.04797,1.04817
EURUSD,H1,2025-02-17T22:00:00Z,1.04817,1.04838,1.04808,1.04834
EURUSD,H1,2025-02-17T23:00:00Z,1.04834,1.04851,1.04826,1.04831
EURUSD,H1,2025-02-18T00:00:00Z,1.04836,1.0484,1.04744,1.048
EURUSD,H1,2025-02-18T01:00:00Z,1.048,1.04859,1.04764,1.04851
EURUSD,H1,2025-02-18T02:00:00Z,1.04851,1.04863,1.04729,1.0475
EURUSD,H1,2025-02-18T03:00:00Z,1.0475,1.04756,1.04625,1.04662
EURUSD,H1,2025-02-18T04:00:00Z,1.04662,1.04709,1.04657,1.04676
EURUSD,H1,2025-02-18T05:00:00Z,1.04676,1.04726,1.0462,1.0463
EURUSD,H1,2025-02-18T06:00:00Z,1.0463,1.0464,1.04553,1.04573
EURUSD,H1,2025-02-18T07:00:00Z,1.04573,1.04593,1.04523,1.04552
EURUSD,H1,2025-02-18T08:00:00Z,1.04552,1.04635,1.04547,1.04615
EURUSD,H1,2025-02-18T09:00:00Z,1.04615,1.0469,1.04586,1.04635
EURUSD,H1,2025-02-18T10:00:00Z,1.04635,1.04692,1.04548,1.04569
EURUSD,H1,2025-02-18T11:00:00Z,1.04569,1.04651,1.04559,1.0464
EURUSD,H1,2025-02-18T12:00:00Z,1.0464,1.04672,1.0459,1.04624
EURUSD,H1,2025-02-18T13:00:00Z,1.04623,1.04649,1.04612,1.0463
EURUSD,H1,2025-02-18T14:00:00Z,1.04629,1.04671,1.04529,1.04552
EURUSD,H1,2025-02-18T15:00:00Z,1.04552,1.0457,1.04417,1.04448
EURUSD,H1,2025-02-18T16:00:00Z,1.04448,1.0455,1.04417,1.04523
EURUSD,H1,2025-02-18T17:00:00Z,1.04524,1.04671,1.04516,1.04663
EURUSD,H1,2025-02-18T18:00:00Z,1.04663,1.04694,1.04539,1.04567
EURUSD,H1,2025-02-18T19:00:00Z,1.04567,1.04568,1.04392,1.0446
EURUSD,H1,2025-02-18T20:00:00Z,1.0446,1.04479,1.04352,1.04442
EURUSD,H1,2025-02-18T21:00:00Z,1.04442,1.04498,1.04407,1.04452
EURUSD,H1,2025-02-18T22:00:00Z,1.04452,1.04478,1.04412,1.04477
EURUSD,H1,2025-02-18T23:00:00Z,1.04477,1.04495,1.04446,1.04454
EURUSD,H1,2025-02-19T00:00:00Z,1.04454,1.04508,1.04391,1.04502
EURUSD,H1,2025-02-19T01:00:00Z,1.04502,1.04502,1.04454,1.04482
EURUSD,H1,2025-02-19T02:00:00Z,1.04482,1.04494,1.0444,1.04458
EURUSD,H1,2025-02-19T03:00:00Z,1.04458,1.0448,1.0441,1.04465
EURUSD,H1,2025-02-19T04:00:00Z,1.04465,1.04523,1.04448,1.04519
EURUSD,H1,2025-02-19T05:00:00Z,1.04519,1.04521,1.04476,1.04515
EURUSD,H1,2025-02-19T06:00:00Z,1.04515,1.04533,1.04483,1.04524
EURUSD,H1,2025-02-19T07:00:00Z,1.04524,1.04563,1.04488,1.04563
EURUSD,H1,2025-02-19T08:00:00Z,1.04563,1.04614,1.04545,1.04551
EURUSD,H1,2025-02-19T09:00:00Z,1.04553,1.04594,1.04487,1.04513
EURUSD,H1,2025-02-19T10:00:00Z,1.04513,1.04562,1.04385,1.04405
EURUSD,H1,2025-02-19T11:00:00Z,1.04405,1.04437,1.04284,1.0429
EURUSD,H1,2025-02-19T12:00:00Z,1.0429,1.04299,1.04189,1.04241
EURUSD,H1,2025-02-19T13:00:00Z,1.04241,1.04333,1.04202,1.04248
EURUSD,H1,2025-02-19T14:00:00Z,1.04248,1.04319,1.04218,1.04281
EURUSD,H1,2025-02-19T15:00:00Z,1.04284,1.04353,1.0425200000000001,1.0434
EURUSD,H1,2025-02-19T16:00:00Z,1.0434,1.04378,1.04276,1.04336
EURUSD,H1,2025-02-19T17:00:00Z,1.04342,1.04414,1.04216,1.04242
EURUSD,H1,2025-02-19T18:00:00Z,1.04242,1.04249,1.04043,1.04048
EURUSD,H1,2025-02-19T19:00:00Z,1.04048,1.04133,1.04009,1.04099
EURUSD,H1,2025-02-19T20:00:00Z,1.04099,1.04219,1.04086,1.04194
EURUSD,H1,2025-02-19T21:00:00Z,1.04194,1.04326,1.0418,1.04259
EURUSD,H1,2025-02-19T22:00:00Z,1.04259,1.04265,1.04208,1.04255
EURUSD,H1,2025-02-19T23:00:00Z,1.04255,1.04264,1.04219,1.04219
EURUSD,H1,2025-02-20T00:00:00Z,1.04225,1.04258,1.04168,1.0424
EURUSD,H1,2025-02-20T01:00:00Z,1.0424,1.04258,1.04201,1.04209
EURUSD,H1,2025-02-20T02:00:00Z,1.04209,1.04302,1.04197,1.04294
EURUSD,H1,2025-02-20T03:00:00Z,1.04294,1.04328,1.04186,1.04213
EURUSD,H1,2025-02-20T04:00:00Z,1.04213,1.04376,1.04202,1.04356
EURUSD,H1,2025-02-20T05:00:00Z,1.04356,1.04361,1.04266,1.04311
EURUSD,H1,2025-02-20T06:00:00Z,1.04311,1.04319,1.04241,1.04304
EURUSD,H1,2025-02-20T07:00:00Z,1.04304,1.04344,1.0427,1.04276
EURUSD,H1,2025-02-20T08:00:00Z,1.04276,1.04344,1.04245,1.0425
EURUSD,H1,2025-02-20T09:00:00Z,1.0425,1.04336,1.04236,1.04317
EURUSD,H1,2025-02-20T10:00:00Z,1.04316,1.04422,1.04295,1.04334
EURUSD,H1,2025-02-20T11:00:00Z,1.04334,1.04384,1.04288,1.0437
EURUSD,H1,2025-02-20T12:00:00Z,1.0437,1.04439,1.04342,1.04424
EURUSD,H1,2025-02-20T13:00:00Z,1.04424,1.04465,1.04309,1.04385
EURUSD,H1,2025-02-20T14:00:00Z,1.04385,1.04438,1.04333,1.04356
EURUSD,H1,2025-02-20T15:00:00Z,1.04356,1.04549,1.04349,1.04484
EURUSD,H1,2025-02-20T16:00:00Z,1.04484,1.04604,1.04422,1.04468
EURUSD,H1,2025-02-20T17:00:00Z,1.04468,1.04752,1.04419,1.0474
EURUSD,H1,2025-02-20T18:00:00Z,1.0474,1.04785,1.04643,1.0475
EURUSD,H1,2025-02-20T19:00:00Z,1.0475,1.04947,1.04712,1.04893
EURUSD,H1,2025-02-20T20:00:00Z,1.04892,1.04986,1.04853,1.04979
EURUSD,H1,2025-02-20T21:00:00Z,1.04979,1.05034,1.04893,1.05016
EURUSD,H1,2025-02-20T22:00:00Z,1.05016,1.05033,1.04954,1.05028
EURUSD,H1,2025-02-20T23:00:00Z,1.05028,1.05035,1.0500099999999999,1.05012
EURUSD,H1,2025-02-21T00:00:00Z,1.05008,1.05008,1.0493999999999999,1.04974
EURUSD,H1,2025-02-21T01:00:00Z,1.04974,1.05057,1.04973,1.05003
EURUSD,H1,2025-02-21T02:00:00Z,1.05003,1.05003,1.04891,1.04903
EURUSD,H1,2025-02-21T03:00:00Z,1.04903,1.04934,1.04844,1.0487
EURUSD,H1,2025-02-21T04:00:00Z,1.0487,1.05033,1.04865,1.05027
EURUSD,H1,2025-02-21T05:00:00Z,1.05027,1.05047,1.04997,1.05028
EURUSD,H1,2025-02-21T06:00:00Z,1.05028,1.0505,1.04975,1.04991
EURUSD,H1,2025-02-21T07:00:00Z,1.04991,1.05008,1.04916,1.04929
EURUSD,H1,2025-02-21T08:00:00Z,1.04929,1.04942,1.04878,1.04885
EURUSD,H1,2025-02-21T09:00:00Z,1.04885,1.04997,1.04885,1.04922
EURUSD,H1,2025-02-21T10:00:00Z,1.04923,1.04941,1.04681,1.04766
EURUSD,H1,2025-02-21T11:00:00Z,1.04766,1.04812,1.04668,1.04693
EURUSD,H1,2025-02-21T12:00:00Z,1.04693,1.04722,1.04648,1.04652
EURUSD,H1,2025-02-21T13:00:00Z,1.04652,1.04741,1.04633,1.04692
EURUSD,H1,2025-02-21T14:00:00Z,1.04692,1.04711,1.04593,1.0462
EURUSD,H1,2025-02-21T15:00:00Z,1.0462,1.04779,1.04614,1.04752
EURUSD,H1,2025-02-21T16:00:00Z,1.04752,1.04927,1.04703,1.0482
EURUSD,H1,2025-02-21T17:00:00Z,1.04808,1.04861,1.04527,1.04542
EURUSD,H1,2025-02-21T18:00:00Z,1.04542,1.04578,1.04494,1.04547
EURUSD,H1,2025-02-21T19:00:00Z,1.04547,1.04644,1.0452,1.04632
EURUSD,H1,2025-02-21T20:00:00Z,1.04632,1.0468,1.0451,1.04599
EURUSD,H1,2025-02-21T21:00:00Z,1.04599,1.04667,1.04572,1.04626
EURUSD,H1,2025-02-21T22:00:00Z,1.04622,1.04646,1.04575,1.04608
EURUSD,H1,2025-02-21T23:00:00Z,1.04608,1.04622,1.04571,1.04572
EURUSD,H1,2025-02-24T00:00:00Z,1.04693,1.04795,1.04596,1.04744
EURUSD,H1,2025-02-24T01:00:00Z,1.04744,1.04847,1.04713,1.0474
EURUSD,H1,2025-02-24T02:00:00Z,1.0474,1.05072,1.04717,1.05043
EURUSD,H1,2025-02-24T03:00:00Z,1.05043,1.05208,1.05022,1.05181
EURUSD,H1,2025-02-24T04:00:00Z,1.0518,1.05283,1.05155,1.05229
EURUSD,H1,2025-02-24T05:00:00Z,1.05229,1.05258,1.05165,1.05194
EURUSD,H1,2025-02-24T06:00:00Z,1.05194,1.05207,1.05113,1.05156
EURUSD,H1,2025-02-24T07:00:00Z,1.05156,1.05197,1.05102,1.05165
EURUSD,H1,2025-02-24T08:00:00Z,1.05165,1.05165,1.05012,1.0509
EURUSD,H1,2025-02-24T09:00:00Z,1.0509,1.05148,1.04869,1.04911
EURUSD,H1,2025-02-24T10:00:00Z,1.04911,1.04926,1.04697,1.04801
EURUSD,H1,2025-02-24T11:00:00Z,1.048,1.04849,1.04689,1.04723
EURUSD,H1,2025-02-24T12:00:00Z,1.04723,1.04806,1.04671,1.04804
EURUSD,H1,2025-02-24T13:00:00Z,1.04804,1.04814,1.04638,1.04683
EURUSD,H1,2025-02-24T14:00:00Z,1.04683,1.04727,1.04602,1.0469
EURUSD,H1,2025-02-24T15:00:00Z,1.0469,1.04756,1.04649,1.04668
EURUSD,H1,2025-02-24T16:00:00Z,1.04669,1.04697,1.04528,1.04606
EURUSD,H1,2025-02-24T17:00:00Z,1.04606,1.04707,1.04603,1.04691
EURUSD,H1,2025-02-24T18:00:00Z,1.04691,1.048,1.04656,1.04778
EURUSD,H1,2025-02-24T19:00:00Z,1.04778,1.04837,1.04682,1.04724
EURUSD,H1,2025-02-24T20:00:00Z,1.04724,1.04859,1.04707,1.04805
EURUSD,H1,2025-02-24T21:00:00Z,1.04805,1.04842,1.0473,1.04753
EURUSD,H1,2025-02-24T22:00:00Z,1.04753,1.04795,1.04647,1.04652
EURUSD,H1,2025-02-24T23:00:00Z,1.04652,1.0468,1.0462,1.04677
EURUSD,H1,2025-02-25T00:00:00Z,1.04673,1.04696,1.04626,1.04683
EURUSD,H1,2025-02-25T01:00:00Z,1.04683,1.04692,1.04603,1.04612
EURUSD,H1,2025-02-25T02:00:00Z,1.04612,1.04643,1.04598,1.04632
EURUSD,H1,2025-02-25T03:00:00Z,1.04632,1.04656,1.04607,1.04653
EURUSD,H1,2025-02-25T04:00:00Z,1.04653,1.0475,1.04651,1.04747
EURUSD,H1,2025-02-25T05:00:00Z,1.04747,1.04764,1.04713,1.04732
EURUSD,H1,2025-02-25T06:00:00Z,1.04732,1.04772,1.04725,1.04731
EURUSD,H1,2025-02-25T07:00:00Z,1.04731,1.04783,1.04722,1.04774
EURUSD,H1,2025-02-25T08:00:00Z,1.04774,1.04803,1.04726,1.04771
EURUSD,H1,2025-02-25T09:00:00Z,1.04771,1.04778,1.04635,1.04642
EURUSD,H1,2025-02-25T10:00:00Z,1.04644,1.04787,1.04564,1.04701
EURUSD,H1,2025-02-25T11:00:00Z,1.04701,1.04788,1.04685,1.04732
EURUSD,H1,2025-02-25T12:00:00Z,1.04732,1.04743,1.04653,1.04727
EURUSD,H1,2025-02-25T13:00:00Z,1.04727,1.04898,1.04716,1.04895
EURUSD,H1,2025-02-25T14:00:00Z,1.04895,1.05003,1.04883,1.04937
EURUSD,H1,2025-02-25T15:00:00Z,1.04937,1.05096,1.04937,1.0500099999999999
EURUSD,H1,2025-02-25T16:00:00Z,1.05002,1.05051,1.04918,1.05024
EURUSD,H1,2025-02-25T17:00:00Z,1.05024,1.05193,1.0495,1.04985
EURUSD,H1,2025-02-25T18:00:00Z,1.04985,1.05061,1.04948,1.04976
EURUSD,H1,2025-02-25T19:00:00Z,1.04977,1.05024,1.0484,1.05023
EURUSD,H1,2025-02-25T20:00:00Z,1.05023,1.05182,1.05023,1.05086
EURUSD,H1,2025-02-25T21:00:00Z,1.05086,1.05129,1.05046,1.05105
EURUSD,H1,2025-02-25T22:00:00Z,1.05105,1.05191,1.05091,1.05163
EURUSD,H1,2025-02-25T23:00:00Z,1.05163,1.05178,1.0513,1.05148
EURUSD,H1,2025-02-26T00:00:00Z,1.0513,1.0514000000000001,1.05088,1.05135
EURUSD,H1,2025-02-26T01:00:00Z,1.05135,1.05229,1.05111,1.05205
EURUSD,H1,2025-02-26T02:00:00Z,1.05205,1.05249,1.05198,1.05228
EURUSD,H1,2025-02-26T03:00:00Z,1.05228,1.05238,1.0514000000000001,1.05154
EURUSD,H1,2025-02-26T04:00:00Z,1.05154,1.05171,1.05043,1.05066
EURUSD,H1,2025-02-26T05:00:00Z,1.05066,1.05088,1.05013,1.05047
EURUSD,H1,2025-02-26T06:00:00Z,1.05047,1.05053,1.04968,1.04972
EURUSD,H1,2025-02-26T07:00:00Z,1.04972,1.04982,1.04906,1.04914
EURUSD,H1,2025-02-26T08:00:00Z,1.04914,1.04965,1.04872,1.04946
EURUSD,H1,2025-02-26T09:00:00Z,1.04946,1.05014,1.04926,1.04939
EURUSD,H1,2025-02-26T10:00:00Z,1.04939,1.05117,1.04916,1.05026
EURUSD,H1,2025-02-26T11:00:00Z,1.05026,1.05032,1.04948,1.04971
EURUSD,H1,2025-02-26T12:00:00Z,1.04971,1.0501,1.04912,1.04976
EURUSD,H1,2025-02-26T13:00:00Z,1.04976,1.05021,1.04867,1.04917
EURUSD,H1,2025-02-26T14:00:00Z,1.04917,1.04951,1.04751,1.04769
EURUSD,H1,2025-02-26T15:00:00Z,1.04769,1.04947,1.04767,1.04842
EURUSD,H1,2025-02-26T16:00:00Z,1.04843,1.04928,1.04824,1.04899
EURUSD,H1,2025-02-26T17:00:00Z,1.04898,1.05093,1.04795,1.0506
EURUSD,H1,2025-02-26T18:00:00Z,1.0506,1.05156,1.05021,1.05137
EURUSD,H1,2025-02-26T19:00:00Z,1.05138,1.05288,1.04831,1.04924
EURUSD,H1,2025-02-26T20:00:00Z,1.04924,1.05004,1.0485,1.04882
EURUSD,H1,2025-02-26T21:00:00Z,1.04882,1.04935,1.04821,1.04912
EURUSD,H1,2025-02-26T22:00:00Z,1.04912,1.04912,1.04807,1.04862
EURUSD,H1,2025-02-26T23:00:00Z,1.04862,1.0488,1.04786,1.04848
EURUSD,H1,2025-02-27T00:00:00Z,1.04841,1.04878,1.04794,1.04871
EURUSD,H1,2025-02-27T01:00:00Z,1.04871,1.04926,1.04853,1.0488
EURUSD,H1,2025-02-27T02:00:00Z,1.0488,1.0488,1.04769,1.04774
EURUSD,H1,2025-02-27T03:00:00Z,1.04774,1.04835,1.04731,1.04784
EURUSD,H1,2025-02-27T04:00:00Z,1.04784,1.04806,1.04705,1.04711
EURUSD,H1,2025-02-27T05:00:00Z,1.04711,1.04745,1.04648,1.04657
EURUSD,H1,2025-02-27T06:00:00Z,1.04657,1.04696,1.04591,1.04631
EURUSD,H1,2025-02-27T07:00:00Z,1.04631,1.04654,1.04618,1.04652
EURUSD,H1,2025-02-27T08:00:00Z,1.04652,1.04728,1.0464,1.04717
EURUSD,H1,2025-02-27T09:00:00Z,1.04717,1.04802,1.04686,1.04753
EURUSD,H1,2025-02-27T10:00:00Z,1.04753,1.04803,1.04704,1.04785
EURUSD,H1,2025-02-27T11:00:00Z,1.04785,1.04852,1.04753,1.04841
EURUSD,H1,2025-02-27T12:00:00Z,1.04842,1.04842,1.04738,1.04815
EURUSD,H1,2025-02-27T13:00:00Z,1.04817,1.04873,1.0476,1.0476
EURUSD,H1,2025-02-27T14:00:00Z,1.0476,1.0484,1.04733,1.04767
EURUSD,H1,2025-02-27T15:00:00Z,1.04767,1.04886,1.04197,1.04236
EURUSD,H1,2025-02-27T16:00:00Z,1.0423499999999999,1.04417,1.0414,1.04203
EURUSD,H1,2025-02-27T17:00:00Z,1.04203,1.04279,1.04097,1.04151
EURUSD,H1,2025-02-27T18:00:00Z,1.04151,1.04161,1.04034,1.04138
EURUSD,H1,2025-02-27T19:00:00Z,1.04138,1.04183,1.04005,1.04074
EURUSD,H1,2025-02-27T20:00:00Z,1.04074,1.04176,1.04074,1.04171
EURUSD,H1,2025-02-27T21:00:00Z,1.04171,1.04177,1.04033,1.04046
EURUSD,H1,2025-02-27T22:00:00Z,1.04046,1.04085,1.04015,1.04054
EURUSD,H1,2025-02-27T23:00:00Z,1.04053,1.04055,1.03965,1.03979
EURUSD,H1,2025-02-28T00:00:00Z,1.03976,1.03983,1.0388,1.03935
EURUSD,H1,2025-02-28T01:00:00Z,1.03935,1.04005,1.03915,1.0394
EURUSD,H1,2025-02-28T02:00:00Z,1.0394,1.04029,1.03939,1.04025
EURUSD,H1,2025-02-28T03:00:00Z,1.04025,1.04042,1.03845,1.03851
EURUSD,H1,2025-02-28T04:00:00Z,1.03851,1.03917,1.03807,1.03824
EURUSD,H1,2025-02-28T05:00:00Z,1.03824,1.03896,1.03812,1.03884
EURUSD,H1,2025-02-28T06:00:00Z,1.03884,1.0391,1.03861,1.03865
EURUSD,H1,2025-02-28T07:00:00Z,1.03865,1.03903,1.03842,1.0389
EURUSD,H1,2025-02-28T08:00:00Z,1.0389,1.03893,1.03828,1.03878
EURUSD,H1,2025-02-28T09:00:00Z,1.03878,1.04007,1.03857,1.03962
EURUSD,H1,2025-02-28T10:00:00Z,1.03962,1.04044,1.03951,1.04013
EURUSD,H1,2025-02-28T11:00:00Z,1.04013,1.04079,1.03946,1.03954
EURUSD,H1,2025-02-28T12:00:00Z,1.03954,1.04059,1.03924,1.03992
EURUSD,H1,2025-02-28T13:00:00Z,1.03992,1.04013,1.03934,1.03986
EURUSD,H1,2025-02-28T14:00:00Z,1.03986,1.04079,1.0398,1.04072
EURUSD,H1,2025-02-28T15:00:00Z,1.04072,1.04162,1.04053,1.04069
EURUSD,H1,2025-02-28T16:00:00Z,1.04069,1.04143,1.04008,1.04099
EURUSD,H1,2025-02-28T17:00:00Z,1.04098,1.042,1.03934,1.04001
EURUSD,H1,2025-02-28T18:00:00Z,1.04001,1.04116,1.0398,1.04017
EURUSD,H1,2025-02-28T19:00:00Z,1.04017,1.04101,1.039,1.03965
EURUSD,H1,2025-02-28T20:00:00Z,1.03965,1.03982,1.03627,1.03637
EURUSD,H1,2025-02-28T21:00:00Z,1.03637,1.03738,1.036,1.03677
EURUSD,H1,2025-02-28T22:00:00Z,1.03678,1.0377,1.03623,1.03748
EURUSD,H1,2025-02-28T23:00:00Z,1.03749,1.03771,1.03686,1.03739
EURUSD,H1,2025-03-03T00:00:00Z,1.03925,1.04033,1.03907,1.04027
EURUSD,H1,2025-03-03T01:00:00Z,1.04027,1.04211,1.03997,1.04123
EURUSD,H1,2025-03-03T02:00:00Z,1.04123,1.04199,1.04024,1.04094
EURUSD,H1,2025-03-03T03:00:00Z,1.04094,1.04232,1.04075,1.04199
EURUSD,H1,2025-03-03T04:00:00Z,1.04199,1.04234,1.04149,1.04199
EURUSD,H1,2025-03-03T05:00:00Z,1.04199,1.042,1.041,1.04171
EURUSD,H1,2025-03-03T06:00:00Z,1.04171,1.04206,1.04167,1.04179
EURUSD,H1,2025-03-03T07:00:00Z,1.04179,1.04195,1.04124,1.04144
EURUSD,H1,2025-03-03T08:00:00Z,1.04144,1.04165,1.04068,1.04084
EURUSD,H1,2025-03-03T09:00:00Z,1.04084,1.04103,1.04018,1.04056
EURUSD,H1,2025-03-03T10:00:00Z,1.04057,1.04068,1.03887,1.04013
EURUSD,H1,2025-03-03T11:00:00Z,1.04013,1.0429,1.04013,1.04273
EURUSD,H1,2025-03-03T12:00:00Z,1.04275,1.04448,1.04273,1.0442
EURUSD,H1,2025-03-03T13:00:00Z,1.0442,1.04578,1.04405,1.04526
EURUSD,H1,2025-03-03T14:00:00Z,1.04526,1.04762,1.04526,1.04705
EURUSD,H1,2025-03-03T15:00:00Z,1.04705,1.04764,1.04596,1.04721
EURUSD,H1,2025-03-03T16:00:00Z,1.04721,1.04908,1.04688,1.04812
EURUSD,H1,2025-03-03T17:00:00Z,1.0481,1.05038,1.04736,1.04846
EURUSD,H1,2025-03-03T18:00:00Z,1.04846,1.05015,1.04841,1.04961
EURUSD,H1,2025-03-03T19:00:00Z,1.04961,1.04969,1.04867,1.04904
EURUSD,H1,2025-03-03T20:00:00Z,1.04904,1.05037,1.04822,1.04872
EURUSD,H1,2025-03-03T21:00:00Z,1.04872,1.04937,1.04724,1.0473
EURUSD,H1,2025-03-03T22:00:00Z,1.0473,1.04851,1.04668,1.04824
EURUSD,H1,2025-03-03T23:00:00Z,1.04824,1.04926,1.04805,1.04878
EURUSD,H1,2025-03-04T00:00:00Z,1.0486,1.04882,1.04803,1.04873
EURUSD,H1,2025-03-04T01:00:00Z,1.04873,1.04925,1.04767,1.04857
EURUSD,H1,2025-03-04T02:00:00Z,1.04857,1.04888,1.04768,1.04881
EURUSD,H1,2025-03-04T03:00:00Z,1.04881,1.04961,1.04824,1.04884
EURUSD,H1,2025-03-04T04:00:00Z,1.04884,1.04899,1.04801,1.04808
EURUSD,H1,2025-03-04T05:00:00Z,1.04808,1.04839,1.04749,1.04774
EURUSD,H1,2025-03-04T06:00:00Z,1.04773,1.04806,1.04714,1.04782
EURUSD,H1,2025-03-04T07:00:00Z,1.04782,1.04865,1.04712,1.04834
EURUSD,H1,2025-03-04T08:00:00Z,1.04834,1.04898,1.0479,1.04861
EURUSD,H1,2025-03-04T09:00:00Z,1.04861,1.05006,1.04811,1.0493
EURUSD,H1,2025-03-04T10:00:00Z,1.04931,1.05242,1.04864,1.05189
EURUSD,H1,2025-03-04T11:00:00Z,1.05189,1.05275,1.05114,1.05122
EURUSD,H1,2025-03-04T12:00:00Z,1.0512,1.05195,1.05026,1.05114
EURUSD,H1,2025-03-04T13:00:00Z,1.05114,1.05447,1.05098,1.05444
EURUSD,H1,2025-03-04T14:00:00Z,1.05444,1.05568,1.05361,1.05531
EURUSD,H1,2025-03-04T15:00:00Z,1.05531,1.05596,1.05308,1.05389
EURUSD,H1,2025-03-04T16:00:00Z,1.05391,1.05487,1.05206,1.05215
EURUSD,H1,2025-03-04T17:00:00Z,1.05215,1.05282,1.04965,1.05264
EURUSD,H1,2025-03-04T18:00:00Z,1.05264,1.05395,1.05154,1.05337
EURUSD,H1,2025-03-04T19:00:00Z,1.05337,1.05441,1.05306,1.05418
EURUSD,H1,2025-03-04T20:00:00Z,1.05418,1.05912,1.05378,1.0590600000000001
EURUSD,H1,2025-03-04T21:00:00Z,1.0590600000000001,1.06022,1.05865,1.06008
EURUSD,H1,2025-03-04T22:00:00Z,1.06008,1.0624,1.06008,1.06085
EURUSD,H1,2025-03-04T23:00:00Z,1.06085,1.0627,1.06083,1.06251
EURUSD,H1,2025-03-05T00:00:00Z,1.06253,1.06253,1.06156,1.06193
EURUSD,H1,2025-03-05T01:00:00Z,1.06193,1.06371,1.0619,1.06232
EURUSD,H1,2025-03-05T02:00:00Z,1.06232,1.06274,1.06109,1.06211
EURUSD,H1,2025-03-05T03:00:00Z,1.06211,1.06274,1.06086,1.06125
EURUSD,H1,2025-03-05T04:00:00Z,1.06125,1.06158,1.06039,1.06042
EURUSD,H1,2025-03-05T05:00:00Z,1.06041,1.06205,1.06021,1.06182
EURUSD,H1,2025-03-05T06:00:00Z,1.06183,1.06259,1.06156,1.0619
EURUSD,H1,2025-03-05T07:00:00Z,1.0619,1.06325,1.06189,1.0631599999999999
EURUSD,H1,2025-03-05T08:00:00Z,1.0631599999999999,1.06392,1.06244,1.06325
EURUSD,H1,2025-03-05T09:00:00Z,1.06325,1.06765,1.06298,1.06747
EURUSD,H1,2025-03-05T10:00:00Z,1.06743,1.06998,1.06588,1.06981
EURUSD,H1,2025-03-05T11:00:00Z,1.06981,1.07221,1.06956,1.07119
EURUSD,H1,2025-03-05T12:00:00Z,1.07119,1.07152,1.06837,1.06972
EURUSD,H1,2025-03-05T13:00:00Z,1.06972,1.06986,1.06765,1.06788
EURUSD,H1,2025-03-05T14:00:00Z,1.06788,1.0714,1.06788,1.06958
EURUSD,H1,2025-03-05T15:00:00Z,1.06959,1.07224,1.06868,1.07158
EURUSD,H1,2025-03-05T16:00:00Z,1.07158,1.0777,1.07139,1.07686
EURUSD,H1,2025-03-05T17:00:00Z,1.07684,1.07695,1.07412,1.07653
EURUSD,H1,2025-03-05T18:00:00Z,1.07652,1.0787,1.07613,1.0767
EURUSD,H1,2025-03-05T19:00:00Z,1.07668,1.0788,1.07625,1.07851
EURUSD,H1,2025-03-05T20:00:00Z,1.07851,1.07889,1.0764,1.07738
EURUSD,H1,2025-03-05T21:00:00Z,1.07738,1.0790899999999999,1.07702,1.07903
EURUSD,H1,2025-03-05T22:00:00Z,1.07903,1.07968,1.07878,1.07923
EURUSD,H1,2025-03-05T23:00:00Z,1.07922,1.07928,1.07857,1.07892
EURUSD,H1,2025-03-06T00:00:00Z,1.07866,1.07921,1.07852,1.07897
EURUSD,H1,2025-03-06T01:00:00Z,1.07897,1.07952,1.07873,1.07943
EURUSD,H1,2025-03-06T02:00:00Z,1.07943,1.08031,1.07874,1.07944
EURUSD,H1,2025-03-06T03:00:00Z,1.07944,1.0820400000000001,1.07896,1.08152
EURUSD,H1,2025-03-06T04:00:00Z,1.08152,1.08193,1.07979,1.08052
EURUSD,H1,2025-03-06T05:00:00Z,1.08052,1.08055,1.07882,1.07896
EURUSD,H1,2025-03-06T06:00:00Z,1.07896,1.08043,1.07842,1.08036
EURUSD,H1,2025-03-06T07:00:00Z,1.08036,1.08119,1.08002,1.08103
EURUSD,H1,2025-03-06T08:00:00Z,1.08103,1.08202,1.07992,1.08029
EURUSD,H1,2025-03-06T09:00:00Z,1.08029,1.08223,1.0792,1.07993
EURUSD,H1,2025-03-06T10:00:00Z,1.07992,1.08169,1.07933,1.08013
EURUSD,H1,2025-03-06T11:00:00Z,1.08013,1.08069,1.07803,1.07999
EURUSD,H1,2025-03-06T12:00:00Z,1.07999,1.08033,1.07831,1.07921
EURUSD,H1,2025-03-06T13:00:00Z,1.07921,1.08009,1.07832,1.07992
EURUSD,H1,2025-03-06T14:00:00Z,1.07992,1.08072,1.07881,1.08002
EURUSD,H1,2025-03-06T15:00:00Z,1.08002,1.08451,1.0787,1.08263
EURUSD,H1,2025-03-06T16:00:00Z,1.08262,1.08413,1.08113,1.08372
EURUSD,H1,2025-03-06T17:00:00Z,1.08372,1.08534,1.08115,1.08173
EURUSD,H1,2025-03-06T18:00:00Z,1.08173,1.08377,1.08154,1.08175
EURUSD,H1,2025-03-06T19:00:00Z,1.08176,1.08224,1.07916,1.07973
EURUSD,H1,2025-03-06T20:00:00Z,1.07973,1.08017,1.07656,1.07839
EURUSD,H1,2025-03-06T21:00:00Z,1.07839,1.08115,1.07829,1.08016
EURUSD,H1,2025-03-06T22:00:00Z,1.08017,1.08034,1.07856,1.07865
EURUSD,H1,2025-03-06T23:00:00Z,1.07868,1.07905,1.0775,1.0783800000000001
EURUSD,H1,2025-03-07T00:00:00Z,1.07823,1.07905,1.07789,1.07882
EURUSD,H1,2025-03-07T01:00:00Z,1.07882,1.07965,1.0784799999999999,1.07874
EURUSD,H1,2025-03-07T02:00:00Z,1.07874,1.07953,1.0787,1.07876
EURUSD,H1,2025-03-07T03:00:00Z,1.07876,1.07928,1.07813,1.079
EURUSD,H1,2025-03-07T04:00:00Z,1.079,1.07995,1.07847,1.07993
EURUSD,H1,2025-03-07T05:00:00Z,1.07992,1.08148,1.07964,1.08058
EURUSD,H1,2025-03-07T06:00:00Z,1.08058,1.08133,1.0803,1.08131
EURUSD,H1,2025-03-07T07:00:00Z,1.08131,1.08177,1.08076,1.08134
EURUSD,H1,2025-03-07T08:00:00Z,1.08134,1.08253,1.08081,1.08237
EURUSD,H1,2025-03-07T09:00:00Z,1.08237,1.08408,1.082,1.08298
EURUSD,H1,2025-03-07T10:00:00Z,1.08298,1.08552,1.08262,1.08509
EURUSD,H1,2025-03-07T11:00:00Z,1.08509,1.08714,1.08445,1.08615
EURUSD,H1,2025-03-07T12:00:00Z,1.08615,1.08672,1.08573,1.08608
EURUSD,H1,2025-03-07T13:00:00Z,1.08608,1.08608,1.08446,1.08494
EURUSD,H1,2025-03-07T14:00:00Z,1.08495,1.08573,1.08413,1.08545
EURUSD,H1,2025-03-07T15:00:00Z,1.08545,1.08889,1.08432,1.08449
EURUSD,H1,2025-03-07T16:00:00Z,1.08446,1.08822,1.08442,1.08537
EURUSD,H1,2025-03-07T17:00:00Z,1.08538,1.08859,1.08355,1.08699
EURUSD,H1,2025-03-07T18:00:00Z,1.087,1.08728,1.08376,1.08588
EURUSD,H1,2025-03-07T19:00:00Z,1.08588,1.08644,1.0832,1.08434
EURUSD,H1,2025-03-07T20:00:00Z,1.08434,1.08445,1.08257,1.08401
EURUSD,H1,2025-03-07T21:00:00Z,1.08401,1.08444,1.08334,1.08427
EURUSD,H1,2025-03-07T22:00:00Z,1.08427,1.0849199999999999,1.084,1.08473
EURUSD,H1,2025-03-07T23:00:00Z,1.08474,1.08513,1.0832,1.08321
EURUSD,H1,2025-03-10T00:00:00Z,1.08325,1.08394,1.08195,1.08393
EURUSD,H1,2025-03-10T01:00:00Z,1.08393,1.08597,1.0838700000000001,1.08496
EURUSD,H1,2025-03-10T02:00:00Z,1.08496,1.08656,1.08485,1.08602
EURUSD,H1,2025-03-10T03:00:00Z,1.08602,1.08674,1.08529,1.08642
EURUSD,H1,2025-03-10T04:00:00Z,1.08642,1.08713,1.08528,1.0853
EURUSD,H1,2025-03-10T05:00:00Z,1.08531,1.0856,1.08359,1.0836999999999999
EURUSD,H1,2025-03-10T06:00:00Z,1.08371,1.08386,1.08303,1.08316
EURUSD,H1,2025-03-10T07:00:00Z,1.08316,1.08378,1.08304,1.08308
EURUSD,H1,2025-03-10T08:00:00Z,1.08308,1.08357,1.08279,1.08352
EURUSD,H1,2025-03-10T09:00:00Z,1.08352,1.08449,1.08346,1.08373
EURUSD,H1,2025-03-10T10:00:00Z,1.08373,1.08442,1.08111,1.08223
EURUSD,H1,2025-03-10T11:00:00Z,1.08227,1.08243,1.0805,1.08101
EURUSD,H1,2025-03-10T12:00:00Z,1.08101,1.08568,1.08088,1.08512
EURUSD,H1,2025-03-10T13:00:00Z,1.08512,1.08747,1.08507,1.08612
EURUSD,H1,2025-03-10T14:00:00Z,1.08612,1.08647,1.08125,1.08507
EURUSD,H1,2025-03-10T15:00:00Z,1.08507,1.08601,1.08421,1.08441
EURUSD,H1,2025-03-10T16:00:00Z,1.08441,1.08508,1.08335,1.08352
EURUSD,H1,2025-03-10T17:00:00Z,1.08352,1.08468,1.08315,1.08453
EURUSD,H1,2025-03-10T18:00:00Z,1.08453,1.0848200000000001,1.08208,1.08372
EURUSD,H1,2025-03-10T19:00:00Z,1.0836999999999999,1.0842,1.08281,1.08305
EURUSD,H1,2025-03-10T20:00:00Z,1.08304,1.08458,1.08258,1.08299
EURUSD,H1,2025-03-10T21:00:00Z,1.08299,1.08352,1.08177,1.08297
EURUSD,H1,2025-03-10T22:00:00Z,1.08297,1.08329,1.08176,1.08318
EURUSD,H1,2025-03-10T23:00:00Z,1.08318,1.08363,1.08258,1.08354
EURUSD,H1,2025-03-11T00:00:00Z,1.0833,1.08354,1.0826,1.08344
EURUSD,H1,2025-03-11T01:00:00Z,1.08344,1.08417,1.08332,1.08348
EURUSD,H1,2025-03-11T02:00:00Z,1.08348,1.08437,1.08348,1.08394
EURUSD,H1,2025-03-11T03:00:00Z,1.08394,1.08536,1.08391,1.08516
EURUSD,H1,2025-03-11T04:00:00Z,1.08516,1.08589,1.08437,1.08581
EURUSD,H1,2025-03-11T05:00:00Z,1.08581,1.08606,1.08502,1.0856
EURUSD,H1,2025-03-11T06:00:00Z,1.0856,1.08599,1.0849,1.08545
EURUSD,H1,2025-03-11T07:00:00Z,1.08545,1.08616,1.08505,1.08545
EURUSD,H1,2025-03-11T08:00:00Z,1.08545,1.08558,1.08356,1.08385
EURUSD,H1,2025-03-11T09:00:00Z,1.08385,1.08761,1.08367,1.08565
EURUSD,H1,2025-03-11T10:00:00Z,1.08565,1.09016,1.0855299999999999,1.08907
EURUSD,H1,2025-03-11T11:00:00Z,1.08907,1.09193,1.08849,1.09172
EURUSD,H1,2025-03-11T12:00:00Z,1.09172,1.09211,1.08962,1.09085
EURUSD,H1,2025-03-11T13:00:00Z,1.09086,1.09086,1.08824,1.08906
EURUSD,H1,2025-03-11T14:00:00Z,1.08906,1.09048,1.08812,1.09046
EURUSD,H1,2025-03-11T15:00:00Z,1.09046,1.09206,1.09026,1.09182
EURUSD,H1,2025-03-11T16:00:00Z,1.09182,1.09308,1.09115,1.09193
EURUSD,H1,2025-03-11T17:00:00Z,1.09193,1.09205,1.0895,1.09192
EURUSD,H1,2025-03-11T18:00:00Z,1.09194,1.09288,1.09122,1.09273
EURUSD,H1,2025-03-11T19:00:00Z,1.09273,1.09294,1.09181,1.09252
EURUSD,H1,2025-03-11T20:00:00Z,1.09252,1.09351,1.09241,1.09343
EURUSD,H1,2025-03-11T21:00:00Z,1.09343,1.09474,1.09252,1.09311
EURUSD,H1,2025-03-11T22:00:00Z,1.09311,1.09339,1.0919699999999999,1.092
EURUSD,H1,2025-03-11T23:00:00Z,1.092,1.09211,1.09102,1.09193
EURUSD,H1,2025-03-12T00:00:00Z,1.0918,1.09189,1.09068,1.09101
EURUSD,H1,2025-03-12T01:00:00Z,1.09101,1.09184,1.09101,1.09158
EURUSD,H1,2025-03-12T02:00:00Z,1.09158,1.09178,1.09133,1.09142
EURUSD,H1,2025-03-12T03:00:00Z,1.09142,1.09158,1.09057,1.0909
EURUSD,H1,2025-03-12T04:00:00Z,1.0909,1.09155,1.09061,1.09065
EURUSD,H1,2025-03-12T05:00:00Z,1.09065,1.09116,1.09036,1.09038
EURUSD,H1,2025-03-12T06:00:00Z,1.09038,1.09048,1.08961,1.08973
EURUSD,H1,2025-03-12T07:00:00Z,1.08973,1.09027,1.08959,1.08989
EURUSD,H1,2025-03-12T08:00:00Z,1.08989,1.09045,1.0895299999999999,1.09036
EURUSD,H1,2025-03-12T09:00:00Z,1.09036,1.09089,1.0892,1.08923
EURUSD,H1,2025-03-12T10:00:00Z,1.08922,1.09032,1.08875,1.09018
EURUSD,H1,2025-03-12T11:00:00Z,1.09018,1.09217,1.08978,1.09215
EURUSD,H1,2025-03-12T12:00:00Z,1.09215,1.09262,1.09135,1.09145
EURUSD,H1,2025-03-12T13:00:00Z,1.09145,1.09211,1.09046,1.09063
EURUSD,H1,2025-03-12T14:00:00Z,1.09063,1.09129,1.08994,1.0901
EURUSD,H1,2025-03-12T15:00:00Z,1.0901,1.09301,1.08762,1.08781
EURUSD,H1,2025-03-12T16:00:00Z,1.08781,1.08964,1.08757,1.08823
EURUSD,H1,2025-03-12T17:00:00Z,1.08823,1.09138,1.08812,1.09129
EURUSD,H1,2025-03-12T18:00:00Z,1.09129,1.09244,1.09101,1.09244
EURUSD,H1,2025-03-12T19:00:00Z,1.09244,1.0928,1.09058,1.09059
EURUSD,H1,2025-03-12T20:00:00Z,1.09059,1.09143,1.09034,1.0907
EURUSD,H1,2025-03-12T21:00:00Z,1.0907,1.09096,1.08797,1.08847
EURUSD,H1,2025-03-12T22:00:00Z,1.08847,1.08975,1.0883099999999999,1.08902
EURUSD,H1,2025-03-12T23:00:00Z,1.08903,1.08937,1.08863,1.08871
EURUSD,H1,2025-03-13T00:00:00Z,1.0887,1.0889199999999999,1.08834,1.08861
EURUSD,H1,2025-03-13T01:00:00Z,1.08861,1.089,1.08861,1.08893
EURUSD,H1,2025-03-13T02:00:00Z,1.08893,1.089,1.08833,1.08854
EURUSD,H1,2025-03-13T03:00:00Z,1.08854,1.08919,1.08827,1.08916
EURUSD,H1,2025-03-13T04:00:00Z,1.08917,1.08934,1.08864,1.0889199999999999
EURUSD,H1,2025-03-13T05:00:00Z,1.0889199999999999,1.08973,1.08889,1.08956
EURUSD,H1,2025-03-13T06:00:00Z,1.08956,1.08957,1.08851,1.08852
EURUSD,H1,2025-03-13T07:00:00Z,1.08852,1.08935,1.08817,1.08934
EURUSD,H1,2025-03-13T08:00:00Z,1.08934,1.08934,1.08793,1.08854
EURUSD,H1,2025-03-13T09:00:00Z,1.08854,1.08857,1.08694,1.08747
EURUSD,H1,2025-03-13T10:00:00Z,1.08747,1.08851,1.08599,1.08655
EURUSD,H1,2025-03-13T11:00:00Z,1.08654,1.0884,1.08591,1.08733
EURUSD,H1,2025-03-13T12:00:00Z,1.08733,1.08855,1.08687,1.08795
EURUSD,H1,2025-03-13T13:00:00Z,1.08795,1.08829,1.08624,1.08702
EURUSD,H1,2025-03-13T14:00:00Z,1.08702,1.08739,1.08447,1.08562
EURUSD,H1,2025-03-13T15:00:00Z,1.08562,1.08758,1.08263,1.08349
EURUSD,H1,2025-03-13T16:00:00Z,1.0835,1.08532,1.08225,1.08474
EURUSD,H1,2025-03-13T17:00:00Z,1.08474,1.08698,1.0846,1.08651
EURUSD,H1,2025-03-13T18:00:00Z,1.08651,1.08719,1.0854300000000001,1.08585
EURUSD,H1,2025-03-13T19:00:00Z,1.08585,1.08782,1.08554,1.0872600000000001
EURUSD,H1,2025-03-13T20:00:00Z,1.0872600000000001,1.08735,1.08544,1.08548
EURUSD,H1,2025-03-13T21:00:00Z,1.08548,1.08581,1.08521,1.08538
EURUSD,H1,2025-03-13T22:00:00Z,1.08538,1.0857,1.08477,1.08484
EURUSD,H1,2025-03-13T23:00:00Z,1.08483,1.08555,1.08465,1.08514
EURUSD,H1,2025-03-14T00:00:00Z,1.08503,1.0855,1.08452,1.08511
EURUSD,H1,2025-03-14T01:00:00Z,1.08511,1.08556,1.08511,1.08525
EURUSD,H1,2025-03-14T02:00:00Z,1.08525,1.0855299999999999,1.08502,1.0855
EURUSD,H1,2025-03-14T03:00:00Z,1.0855,1.08588,1.08483,1.08491
EURUSD,H1,2025-03-14T04:00:00Z,1.08491,1.08493,1.08407,1.08409
EURUSD,H1,2025-03-14T05:00:00Z,1.08409,1.08432,1.08343,1.08402
EURUSD,H1,2025-03-14T06:00:00Z,1.08402,1.0846,1.08379,1.08456
EURUSD,H1,2025-03-14T07:00:00Z,1.08457,1.08463,1.08377,1.08411
EURUSD,H1,2025-03-14T08:00:00Z,1.08411,1.08515,1.08409,1.08508
EURUSD,H1,2025-03-14T09:00:00Z,1.08508,1.08508,1.08351,1.08386
EURUSD,H1,2025-03-14T10:00:00Z,1.08385,1.08473,1.08307,1.08393
EURUSD,H1,2025-03-14T11:00:00Z,1.08393,1.08568,1.08355,1.08539
EURUSD,H1,2025-03-14T12:00:00Z,1.08539,1.08622,1.08469,1.08524
EURUSD,H1,2025-03-14T13:00:00Z,1.08524,1.09128,1.08516,1.08949
EURUSD,H1,2025-03-14T14:00:00Z,1.08949,1.09094,1.08875,1.08968
EURUSD,H1,2025-03-14T15:00:00Z,1.08968,1.09115,1.08901,1.08948
EURUSD,H1,2025-03-14T16:00:00Z,1.08948,1.08981,1.08703,1.08738
EURUSD,H1,2025-03-14T17:00:00Z,1.0874,1.08866,1.08655,1.08779
EURUSD,H1,2025-03-14T18:00:00Z,1.08779,1.08868,1.08669,1.08715
EURUSD,H1,2025-03-14T19:00:00Z,1.08715,1.08899,1.08706,1.08832
EURUSD,H1,2025-03-14T20:00:00Z,1.0883099999999999,1.08881,1.08791,1.08823
EURUSD,H1,2025-03-14T21:00:00Z,1.08823,1.08864,1.08734,1.08802
EURUSD,H1,2025-03-14T22:00:00Z,1.08802,1.08847,1.08784,1.0883
EURUSD,H1,2025-03-14T23:00:00Z,1.0883,1.08859,1.08794,1.08802
EURUSD,H1,2025-03-17T00:00:00Z,1.08771,1.08819,1.08706,1.088
EURUSD,H1,2025-03-17T01:00:00Z,1.088,1.08854,1.08748,1.08815
EURUSD,H1,2025-03-17T02:00:00Z,1.08815,1.08855,1.08793,1.08796
EURUSD,H1,2025-03-17T03:00:00Z,1.08796,1.08829,1.08755,1.08795
EURUSD,H1,2025-03-17T04:00:00Z,1.08795,1.08903,1.08742,1.0883
EURUSD,H1,2025-03-17T05:00:00Z,1.0883,1.08859,1.08795,1.08813
EURUSD,H1,2025-03-17T06:00:00Z,1.08813,1.08863,1.0877,1.08836
EURUSD,H1,2025-03-17T07:00:00Z,1.08836,1.0894,1.08778,1.08822
EURUSD,H1,2025-03-17T08:00:00Z,1.08822,1.08824,1.08738,1.08775
EURUSD,H1,2025-03-17T09:00:00Z,1.08775,1.08844,1.08733,1.08779
EURUSD,H1,2025-03-17T10:00:00Z,1.08779,1.08846,1.08686,1.08763
EURUSD,H1,2025-03-17T11:00:00Z,1.08763,1.08869,1.08707,1.08838
EURUSD,H1,2025-03-17T12:00:00Z,1.08838,1.09005,1.08771,1.08999
EURUSD,H1,2025-03-17T13:00:00Z,1.08999,1.091,1.08965,1.09078
EURUSD,H1,2025-03-17T14:00:00Z,1.09078,1.09119,1.08962,1.09021
EURUSD,H1,2025-03-17T15:00:00Z,1.09021,1.09074,1.08875,1.09018
EURUSD,H1,2025-03-17T16:00:00Z,1.09018,1.09065,1.08972,1.0905
EURUSD,H1,2025-03-17T17:00:00Z,1.0905,1.09185,1.09022,1.09161
EURUSD,H1,2025-03-17T18:00:00Z,1.09161,1.09297,1.09157,1.09215
EURUSD,H1,2025-03-17T19:00:00Z,1.09215,1.09262,1.09144,1.09212
EURUSD,H1,2025-03-17T20:00:00Z,1.09212,1.09239,1.09117,1.09142
EURUSD,H1,2025-03-17T21:00:00Z,1.09142,1.09264,1.09128,1.09253
EURUSD,H1,2025-03-17T22:00:00Z,1.09253,1.09254,1.09185,1.09207
EURUSD,H1,2025-03-17T23:00:00Z,1.09207,1.09278,1.09204,1.09214
EURUSD,H1,2025-03-18T00:00:00Z,1.09218,1.09222,1.0915,1.09215
EURUSD,H1,2025-03-18T01:00:00Z,1.09215,1.0923,1.09193,1.09213
EURUSD,H1,2025-03-18T02:00:00Z,1.09213,1.09219,1.0918,1.09181
EURUSD,H1,2025-03-18T03:00:00Z,1.09181,1.09212,1.09151,1.0916
EURUSD,H1,2025-03-18T04:00:00Z,1.0916,1.09191,1.09123,1.09135
EURUSD,H1,2025-03-18T05:00:00Z,1.09135,1.09162,1.0908,1.09087
EURUSD,H1,2025-03-18T06:00:00Z,1.09087,1.09111,1.09063,1.09084
EURUSD,H1,2025-03-18T07:00:00Z,1.09084,1.09116,1.0908,1.0911
EURUSD,H1,2025-03-18T08:00:00Z,1.0911,1.09134,1.09074,1.09079
EURUSD,H1,2025-03-18T09:00:00Z,1.09079,1.09214,1.09036,1.09208
EURUSD,H1,2025-03-18T10:00:00Z,1.09208,1.09366,1.09163,1.09351
EURUSD,H1,2025-03-18T11:00:00Z,1.09351,1.09547,1.09329,1.09515
EURUSD,H1,2025-03-18T12:00:00Z,1.09517,1.09532,1.09396,1.09504
EURUSD,H1,2025-03-18T13:00:00Z,1.09505,1.09525,1.09317,1.09342
EURUSD,H1,2025-03-18T14:00:00Z,1.09342,1.09373,1.09141,1.09164
EURUSD,H1,2025-03-18T15:00:00Z,1.09164,1.09239,1.08925,1.09116
EURUSD,H1,2025-03-18T16:00:00Z,1.09116,1.09209,1.09016,1.09126
EURUSD,H1,2025-03-18T17:00:00Z,1.09126,1.09196,1.09071,1.09167
EURUSD,H1,2025-03-18T18:00:00Z,1.09167,1.09342,1.08968,1.09266
EURUSD,H1,2025-03-18T19:00:00Z,1.09266,1.09401,1.09236,1.09387
EURUSD,H1,2025-03-18T20:00:00Z,1.09387,1.09519,1.09387,1.095
EURUSD,H1,2025-03-18T21:00:00Z,1.0950199999999999,1.09514,1.09408,1.0944
EURUSD,H1,2025-03-18T22:00:00Z,1.09442,1.09498,1.09416,1.09464
EURUSD,H1,2025-03-18T23:00:00Z,1.09464,1.09489,1.09429,1.09447
EURUSD,H1,2025-03-19T00:00:00Z,1.09439,1.09457,1.09404,1.09437
EURUSD,H1,2025-03-19T01:00:00Z,1.09437,1.09461,1.09405,1.09422
EURUSD,H1,2025-03-19T02:00:00Z,1.09422,1.09439,1.09377,1.09386
EURUSD,H1,2025-03-19T03:00:00Z,1.09386,1.09389,1.0931899999999999,1.09347
EURUSD,H1,2025-03-19T04:00:00Z,1.09347,1.09374,1.09337,1.09372
EURUSD,H1,2025-03-19T05:00:00Z,1.09372,1.09452,1.09358,1.0941
EURUSD,H1,2025-03-19T06:00:00Z,1.0941,1.09438,1.0933,1.09383
EURUSD,H1,2025-03-19T07:00:00Z,1.09383,1.09383,1.09281,1.093
EURUSD,H1,2025-03-19T08:00:00Z,1.093,1.09363,1.09299,1.09312
EURUSD,H1,2025-03-19T09:00:00Z,1.09312,1.09325,1.09206,1.09208
EURUSD,H1,2025-03-19T10:00:00Z,1.09208,1.09232,1.08732,1.08928
EURUSD,H1,2025-03-19T11:00:00Z,1.08928,1.09105,1.08922,1.09073
EURUSD,H1,2025-03-19T12:00:00Z,1.09073,1.09103,1.08956,1.09025
EURUSD,H1,2025-03-19T13:00:00Z,1.09025,1.09044,1.08915,1.08999
EURUSD,H1,2025-03-19T14:00:00Z,1.08999,1.09132,1.08938,1.09084
EURUSD,H1,2025-03-19T15:00:00Z,1.09084,1.09177,1.08993,1.09013
EURUSD,H1,2025-03-19T16:00:00Z,1.09013,1.09039,1.08928,1.08945
EURUSD,H1,2025-03-19T17:00:00Z,1.08944,1.09007,1.08818,1.0884
EURUSD,H1,2025-03-19T18:00:00Z,1.0884,1.0888,1.08754,1.0877
EURUSD,H1,2025-03-19T19:00:00Z,1.0877,1.08864,1.08761,1.08853
EURUSD,H1,2025-03-19T20:00:00Z,1.08852,1.08855,1.08606,1.08687
EURUSD,H1,2025-03-19T21:00:00Z,1.08685,1.09134,1.08615,1.09082
EURUSD,H1,2025-03-19T22:00:00Z,1.0907499999999999,1.0913,1.08851,1.08991
EURUSD,H1,2025-03-19T23:00:00Z,1.08991,1.09061,1.08959,1.09025
EURUSD,H1,2025-03-20T00:00:00Z,1.0901,1.09047,1.08975,1.09047
EURUSD,H1,2025-03-20T01:00:00Z,1.09047,1.09132,1.09036,1.09084
EURUSD,H1,2025-03-20T02:00:00Z,1.09084,1.0912,1.09051,1.09117
EURUSD,H1,2025-03-20T03:00:00Z,1.09117,1.09167,1.09038,1.09125
EURUSD,H1,2025-03-20T04:00:00Z,1.09125,1.09132,1.09037,1.0906
EURUSD,H1,2025-03-20T05:00:00Z,1.0906,1.09176,1.09055,1.09091
EURUSD,H1,2025-03-20T06:00:00Z,1.09091,1.09143,1.09071,1.09098
EURUSD,H1,2025-03-20T07:00:00Z,1.09098,1.09106,1.09004,1.09034
EURUSD,H1,2025-03-20T08:00:00Z,1.09034,1.09034,1.08908,1.08957
EURUSD,H1,2025-03-20T09:00:00Z,1.08957,1.0899,1.08898,1.08935
EURUSD,H1,2025-03-20T10:00:00Z,1.08935,1.08944,1.08647,1.08794
EURUSD,H1,2025-03-20T11:00:00Z,1.08794,1.08859,1.08632,1.08655
EURUSD,H1,2025-03-20T12:00:00Z,1.08654,1.08685,1.08385,1.08523
EURUSD,H1,2025-03-20T13:00:00Z,1.08523,1.08548,1.08334,1.08459
EURUSD,H1,2025-03-20T14:00:00Z,1.08459,1.08519,1.08394,1.08494
EURUSD,H1,2025-03-20T15:00:00Z,1.08494,1.08557,1.0830899999999999,1.08339
EURUSD,H1,2025-03-20T16:00:00Z,1.08339,1.08392,1.08147,1.08259
EURUSD,H1,2025-03-20T17:00:00Z,1.08256,1.08388,1.08228,1.08296
EURUSD,H1,2025-03-20T18:00:00Z,1.08296,1.08494,1.08234,1.08474
EURUSD,H1,2025-03-20T19:00:00Z,1.08474,1.08525,1.08423,1.08489
EURUSD,H1,2025-03-20T20:00:00Z,1.08489,1.08519,1.08391,1.08446
EURUSD,H1,2025-03-20T21:00:00Z,1.08447,1.08497,1.0842,1.08484
EURUSD,H1,2025-03-20T22:00:00Z,1.08484,1.0854300000000001,1.08472,1.08532
EURUSD,H1,2025-03-20T23:00:00Z,1.08532,1.08591,1.08517,1.08533
EURUSD,H1,2025-03-21T00:00:00Z,1.08494,1.08544,1.0843,1.08534
EURUSD,H1,2025-03-21T01:00:00Z,1.08534,1.08588,1.08533,1.08573
EURUSD,H1,2025-03-21T02:00:00Z,1.08573,1.08578,1.08533,1.08533
EURUSD,H1,2025-03-21T03:00:00Z,1.08533,1.08588,1.08507,1.08532
EURUSD,H1,2025-03-21T04:00:00Z,1.08532,1.08557,1.08485,1.08524
EURUSD,H1,2025-03-21T05:00:00Z,1.08524,1.08551,1.08423,1.08443
EURUSD,H1,2025-03-21T06:00:00Z,1.08443,1.08465,1.08334,1.08347
EURUSD,H1,2025-03-21T07:00:00Z,1.08347,1.08366,1.08276,1.08303
EURUSD,H1,2025-03-21T08:00:00Z,1.08303,1.08303,1.08201,1.08287
EURUSD,H1,2025-03-21T09:00:00Z,1.08287,1.08375,1.08244,1.08343
EURUSD,H1,2025-03-21T10:00:00Z,1.08343,1.08418,1.0827,1.08392
EURUSD,H1,2025-03-21T11:00:00Z,1.08392,1.08457,1.08241,1.08362
EURUSD,H1,2025-03-21T12:00:00Z,1.08362,1.08391,1.0824799999999999,1.08258
EURUSD,H1,2025-03-21T13:00:00Z,1.08258,1.08389,1.08258,1.08371
EURUSD,H1,2025-03-21T14:00:00Z,1.08371,1.08513,1.08352,1.08508
EURUSD,H1,2025-03-21T15:00:00Z,1.0851,1.08613,1.08297,1.08323
EURUSD,H1,2025-03-21T16:00:00Z,1.08322,1.0836,1.08252,1.08322
EURUSD,H1,2025-03-21T17:00:00Z,1.08322,1.08357,1.08188,1.08238
EURUSD,H1,2025-03-21T18:00:00Z,1.08238,1.08294,1.07973,1.08063
EURUSD,H1,2025-03-21T19:00:00Z,1.08063,1.08251,1.08046,1.08184
EURUSD,H1,2025-03-21T20:00:00Z,1.08184,1.08257,1.08053,1.08227
EURUSD,H1,2025-03-21T21:00:00Z,1.08227,1.08269,1.08148,1.0821
EURUSD,H1,2025-03-21T22:00:00Z,1.0821,1.08245,1.08154,1.08178
EURUSD,H1,2025-03-21T23:00:00Z,1.08178,1.08178,1.08115,1.08124
EURUSD,H1,2025-03-24T00:00:00Z,1.08127,1.08171,1.08104,1.08169
EURUSD,H1,2025-03-24T01:00:00Z,1.08169,1.08302,1.08167,1.082
EURUSD,H1,2025-03-24T02:00:00Z,1.082,1.08372,1.08191,1.0836
EURUSD,H1,2025-03-24T03:00:00Z,1.0836,1.084,1.08325,1.08374
EURUSD,H1,2025-03-24T04:00:00Z,1.08373,1.08376,1.08229,1.08262
EURUSD,H1,2025-03-24T05:00:00Z,1.08262,1.08322,1.08245,1.08251
EURUSD,H1,2025-03-24T06:00:00Z,1.0825,1.08295,1.08201,1.08205
EURUSD,H1,2025-03-24T07:00:00Z,1.08205,1.08246,1.08171,1.08229
EURUSD,H1,2025-03-24T08:00:00Z,1.08229,1.08307,1.08182,1.08292
EURUSD,H1,2025-03-24T09:00:00Z,1.08292,1.08449,1.08281,1.08398
EURUSD,H1,2025-03-24T10:00:00Z,1.08398,1.085,1.08331,1.08381
EURUSD,H1,2025-03-24T11:00:00Z,1.08383,1.08584,1.08376,1.08429
EURUSD,H1,2025-03-24T12:00:00Z,1.0843099999999999,1.0845,1.08285,1.08394
EURUSD,H1,2025-03-24T13:00:00Z,1.08394,1.08549,1.08366,1.08481
EURUSD,H1,2025-03-24T14:00:00Z,1.08481,1.08495,1.08323,1.0832600000000001
EURUSD,H1,2025-03-24T15:00:00Z,1.0832600000000001,1.08346,1.08217,1.08298
EURUSD,H1,2025-03-24T16:00:00Z,1.08298,1.08307,1.07926,1.07937
EURUSD,H1,2025-03-24T17:00:00Z,1.07933,1.08203,1.07904,1.07996
EURUSD,H1,2025-03-24T18:00:00Z,1.07996,1.08055,1.07906,1.07939
EURUSD,H1,2025-03-24T19:00:00Z,1.07941,1.08074,1.07817,1.07918
EURUSD,H1,2025-03-24T20:00:00Z,1.07918,1.07964,1.07849,1.07878
EURUSD,H1,2025-03-24T21:00:00Z,1.07877,1.08133,1.07841,1.08053
EURUSD,H1,2025-03-24T22:00:00Z,1.08053,1.08072,1.07976,1.08023
EURUSD,H1,2025-03-24T23:00:00Z,1.08022,1.08063,1.07994,1.08008
EURUSD,H1,2025-03-25T00:00:00Z,1.08003,1.08012,1.07956,1.07995
EURUSD,H1,2025-03-25T01:00:00Z,1.07995,1.0803,1.07952,1.08025
EURUSD,H1,2025-03-25T02:00:00Z,1.08025,1.08038,1.08006,1.08025
EURUSD,H1,2025-03-25T03:00:00Z,1.08025,1.08026,1.07961,1.08003
EURUSD,H1,2025-03-25T04:00:00Z,1.08003,1.08083,1.08,1.08024
EURUSD,H1,2025-03-25T05:00:00Z,1.08024,1.08052,1.07942,1.07968
EURUSD,H1,2025-03-25T06:00:00Z,1.07968,1.08037,1.07961,1.0803
EURUSD,H1,2025-03-25T07:00:00Z,1.08032,1.0809,1.08028,1.08034
EURUSD,H1,2025-03-25T08:00:00Z,1.08034,1.08071,1.08014,1.08032
EURUSD,H1,2025-03-25T09:00:00Z,1.08032,1.08047,1.07929,1.07947
EURUSD,H1,2025-03-25T10:00:00Z,1.07948,1.08022,1.07852,1.07874
EURUSD,H1,2025-03-25T11:00:00Z,1.07874,1.07923,1.07771,1.07907
EURUSD,H1,2025-03-25T12:00:00Z,1.07906,1.08041,1.07875,1.08007
EURUSD,H1,2025-03-25T13:00:00Z,1.08007,1.08246,1.08,1.08203
EURUSD,H1,2025-03-25T14:00:00Z,1.08203,1.08277,1.0811,1.08179
EURUSD,H1,2025-03-25T15:00:00Z,1.08179,1.08302,1.08158,1.08252
EURUSD,H1,2025-03-25T16:00:00Z,1.08253,1.08279,1.0814,1.08148
EURUSD,H1,2025-03-25T17:00:00Z,1.08155,1.08219,1.08019,1.0812599999999999
EURUSD,H1,2025-03-25T18:00:00Z,1.0812599999999999,1.08198,1.07973,1.08033
EURUSD,H1,2025-03-25T19:00:00Z,1.08033,1.08132,1.0802,1.08066
EURUSD,H1,2025-03-25T20:00:00Z,1.08066,1.08171,1.0806,1.08099
EURUSD,H1,2025-03-25T21:00:00Z,1.08096,1.08096,1.07972,1.07985
EURUSD,H1,2025-03-25T22:00:00Z,1.07985,1.08019,1.07908,1.07955
EURUSD,H1,2025-03-25T23:00:00Z,1.07955,1.07959,1.079,1.07913
EURUSD,H1,2025-03-26T00:00:00Z,1.07901,1.07914,1.07872,1.07908
EURUSD,H1,2025-03-26T01:00:00Z,1.07908,1.07933,1.0788,1.07886
EURUSD,H1,2025-03-26T02:00:00Z,1.07886,1.0789,1.07856,1.0789
EURUSD,H1,2025-03-26T03:00:00Z,1.0789,1.07924,1.07836,1.07844
EURUSD,H1,2025-03-26T04:00:00Z,1.07844,1.07956,1.0778,1.07937
EURUSD,H1,2025-03-26T05:00:00Z,1.07937,1.07973,1.07902,1.07952
EURUSD,H1,2025-03-26T06:00:00Z,1.07952,1.07963,1.0784,1.07862
EURUSD,H1,2025-03-26T07:00:00Z,1.07862,1.0788,1.07812,1.07843
EURUSD,H1,2025-03-26T08:00:00Z,1.07843,1.07871,1.07779,1.07854
EURUSD,H1,2025-03-26T09:00:00Z,1.07854,1.07885,1.07823,1.0787
EURUSD,H1,2025-03-26T10:00:00Z,1.0787,1.07915,1.07812,1.07861
EURUSD,H1,2025-03-26T11:00:00Z,1.07861,1.07998,1.07855,1.07993
EURUSD,H1,2025-03-26T12:00:00Z,1.07993,1.08028,1.07928,1.07959
EURUSD,H1,2025-03-26T13:00:00Z,1.07959,1.08018,1.07868,1.07919
EURUSD,H1,2025-03-26T14:00:00Z,1.07919,1.07978,1.07888,1.07923
EURUSD,H1,2025-03-26T15:00:00Z,1.07923,1.07937,1.07818,1.07843
EURUSD,H1,2025-03-26T16:00:00Z,1.07843,1.07907,1.07676,1.07748
EURUSD,H1,2025-03-26T17:00:00Z,1.07748,1.07954,1.07732,1.07907
EURUSD,H1,2025-03-26T18:00:00Z,1.07907,1.07944,1.07676,1.07808
EURUSD,H1,2025-03-26T19:00:00Z,1.07808,1.07917,1.0777,1.07877
EURUSD,H1,2025-03-26T20:00:00Z,1.07877,1.07894,1.07519,1.07567
EURUSD,H1,2025-03-26T21:00:00Z,1.07566,1.07614,1.07533,1.07553
EURUSD,H1,2025-03-26T22:00:00Z,1.07553,1.07558,1.07435,1.07514
EURUSD,H1,2025-03-26T23:00:00Z,1.07515,1.07567,1.07504,1.07525
EURUSD,H1,2025-03-27T00:00:00Z,1.07539,1.07558,1.07348,1.07364
EURUSD,H1,2025-03-27T01:00:00Z,1.07364,1.07445,1.0733,1.07373
EURUSD,H1,2025-03-27T02:00:00Z,1.07371,1.07444,1.07356,1.0741
EURUSD,H1,2025-03-27T03:00:00Z,1.0741,1.07576,1.07408,1.07556
EURUSD,H1,2025-03-27T04:00:00Z,1.07555,1.07688,1.07552,1.07652
EURUSD,H1,2025-03-27T05:00:00Z,1.07652,1.07802,1.07651,1.07759
EURUSD,H1,2025-03-27T06:00:00Z,1.07759,1.07797,1.07731,1.07782
EURUSD,H1,2025-03-27T07:00:00Z,1.07782,1.0787,1.07771,1.07803
EURUSD,H1,2025-03-27T08:00:00Z,1.07803,1.07812,1.07639,1.07692
EURUSD,H1,2025-03-27T09:00:00Z,1.07691,1.07826,1.07682,1.07731
EURUSD,H1,2025-03-27T10:00:00Z,1.07731,1.07744,1.07541,1.07648
EURUSD,H1,2025-03-27T11:00:00Z,1.07648,1.07768,1.07557,1.07759
EURUSD,H1,2025-03-27T12:00:00Z,1.07759,1.0779,1.07611,1.07709
EURUSD,H1,2025-03-27T13:00:00Z,1.07709,1.07817,1.07666,1.07817
EURUSD,H1,2025-03-27T14:00:00Z,1.07817,1.07996,1.0778699999999999,1.0787
EURUSD,H1,2025-03-27T15:00:00Z,1.0787,1.07983,1.07833,1.07871
EURUSD,H1,2025-03-27T16:00:00Z,1.07871,1.07973,1.07765,1.07801
EURUSD,H1,2025-03-27T17:00:00Z,1.07803,1.07947,1.07773,1.07892
EURUSD,H1,2025-03-27T18:00:00Z,1.07892,1.08212,1.07856,1.07997
EURUSD,H1,2025-03-27T19:00:00Z,1.07997,1.07999,1.07917,1.07988
EURUSD,H1,2025-03-27T20:00:00Z,1.07991,1.08087,1.07896,1.07897
EURUSD,H1,2025-03-27T21:00:00Z,1.07897,1.07984,1.07892,1.07908
EURUSD,H1,2025-03-27T22:00:00Z,1.07908,1.07997,1.07883,1.07949
EURUSD,H1,2025-03-27T23:00:00Z,1.07949,1.08024,1.07938,1.08018
EURUSD,H1,2025-03-28T00:00:00Z,1.08011,1.08011,1.07948,1.07975
EURUSD,H1,2025-03-28T01:00:00Z,1.07975,1.07987,1.07954,1.07962
EURUSD,H1,2025-03-28T02:00:00Z,1.07962,1.08015,1.07961,1.08008
EURUSD,H1,2025-03-28T03:00:00Z,1.08008,1.08008,1.07882,1.07949
EURUSD,H1,2025-03-28T04:00:00Z,1.07949,1.07989,1.07916,1.07937
EURUSD,H1,2025-03-28T05:00:00Z,1.07937,1.07968,1.07904,1.07947
EURUSD,H1,2025-03-28T06:00:00Z,1.07947,1.07969,1.0790899999999999,1.0792
EURUSD,H1,2025-03-28T07:00:00Z,1.0792,1.07931,1.07846,1.07885
EURUSD,H1,2025-03-28T08:00:00Z,1.07885,1.0793,1.07865,1.0790899999999999
EURUSD,H1,2025-03-28T09:00:00Z,1.0790899999999999,1.07922,1.07827,1.07852
EURUSD,H1,2025-03-28T10:00:00Z,1.07851,1.07999,1.07818,1.07874
EURUSD,H1,2025-03-28T11:00:00Z,1.07874,1.07965,1.07753,1.07783
EURUSD,H1,2025-03-28T12:00:00Z,1.07783,1.07806,1.07689,1.07737
EURUSD,H1,2025-03-28T13:00:00Z,1.07737,1.0778699999999999,1.07678,1.07687
EURUSD,H1,2025-03-28T14:00:00Z,1.07687,1.07748,1.07645,1.07719
EURUSD,H1,2025-03-28T15:00:00Z,1.07719,1.0792,1.07656,1.07891
EURUSD,H1,2025-03-28T16:00:00Z,1.07891,1.08168,1.07849,1.08108
EURUSD,H1,2025-03-28T17:00:00Z,1.08108,1.08315,1.08095,1.08232
EURUSD,H1,2025-03-28T18:00:00Z,1.08232,1.08448,1.08192,1.08251
EURUSD,H1,2025-03-28T19:00:00Z,1.08251,1.08332,1.082,1.08217
EURUSD,H1,2025-03-28T20:00:00Z,1.08217,1.08287,1.0812,1.08195
EURUSD,H1,2025-03-28T21:00:00Z,1.08195,1.08278,1.08139,1.08245
EURUSD,H1,2025-03-28T22:00:00Z,1.08245,1.08286,1.08232,1.08257
EURUSD,H1,2025-03-28T23:00:00Z,1.08256,1.08361,1.08252,1.08306
EURUSD,H1,2025-03-31T00:00:00Z,1.08225,1.08281,1.08146,1.08162
EURUSD,H1,2025-03-31T01:00:00Z,1.08162,1.08225,1.08054,1.0821
EURUSD,H1,2025-03-31T02:00:00Z,1.0821,1.08294,1.0811,1.08236
EURUSD,H1,2025-03-31T03:00:00Z,1.08236,1.08416,1.08232,1.08416
EURUSD,H1,2025-03-31T04:00:00Z,1.08416,1.08454,1.08312,1.0832600000000001
EURUSD,H1,2025-03-31T05:00:00Z,1.0832600000000001,1.08458,1.08291,1.08405
EURUSD,H1,2025-03-31T06:00:00Z,1.08405,1.08415,1.08325,1.0833
EURUSD,H1,2025-03-31T07:00:00Z,1.0833,1.08359,1.08313,1.08342
EURUSD,H1,2025-03-31T08:00:00Z,1.08342,1.08428,1.08312,1.08345
EURUSD,H1,2025-03-31T09:00:00Z,1.08345,1.08448,1.0825,1.08374
EURUSD,H1,2025-03-31T10:00:00Z,1.08374,1.08494,1.08208,1.08318
EURUSD,H1,2025-03-31T11:00:00Z,1.08318,1.08342,1.08117,1.08274
EURUSD,H1,2025-03-31T12:00:00Z,1.08274,1.08305,1.08147,1.08162
EURUSD,H1,2025-03-31T13:00:00Z,1.08161,1.0821,1.08055,1.08184
EURUSD,H1,2025-03-31T14:00:00Z,1.08184,1.08293,1.08153,1.08197
EURUSD,H1,2025-03-31T15:00:00Z,1.08197,1.08211,1.0801,1.08037
EURUSD,H1,2025-03-31T16:00:00Z,1.08036,1.08214,1.08027,1.08083
EURUSD,H1,2025-03-31T17:00:00Z,1.08081,1.08088,1.0784,1.0802100000000001
EURUSD,H1,2025-03-31T18:00:00Z,1.0802100000000001,1.08167,1.07906,1.07941
EURUSD,H1,2025-03-31T19:00:00Z,1.07941,1.0816,1.0785,1.08118
EURUSD,H1,2025-03-31T20:00:00Z,1.08118,1.08176,1.08079,1.08148
EURUSD,H1,2025-03-31T21:00:00Z,1.08148,1.08178,1.08071,1.08147
EURUSD,H1,2025-03-31T22:00:00Z,1.08147,1.08199,1.08119,1.08142
EURUSD,H1,2025-03-31T23:00:00Z,1.08142,1.08189,1.08096,1.08149
EURUSD,H1,2025-04-01T00:00:00Z,1.08152,1.08194,1.08152,1.08189
EURUSD,H1,2025-04-01T01:00:00Z,1.082,1.082,1.08161,1.08186
EURUSD,H1,2025-04-01T02:00:00Z,1.08185,1.08196,1.08141,1.08176
EURUSD,H1,2025-04-01T03:00:00Z,1.08176,1.08266,1.08176,1.08252
EURUSD,H1,2025-04-01T04:00:00Z,1.08252,1.08268,1.08169,1.08206
EURUSD,H1,2025-04-01T05:00:00Z,1.08206,1.08283,1.08201,1.08242
EURUSD,H1,2025-04-01T06:00:00Z,1.08241,1.08279,1.08213,1.0827
EURUSD,H1,2025-04-01T07:00:00Z,1.0827,1.08301,1.0825,1.08251
EURUSD,H1,2025-04-01T08:00:00Z,1.08251,1.08252,1.08067,1.08072
EURUSD,H1,2025-04-01T09:00:00Z,1.08072,1.08106,1.07991,1.08083
EURUSD,H1,2025-04-01T10:00:00Z,1.08083,1.08125,1.07992,1.08018
EURUSD,H1,2025-04-01T11:00:00Z,1.08018,1.08181,1.08006,1.08177
EURUSD,H1,2025-04-01T12:00:00Z,1.08177,1.08293,1.08148,1.08173
EURUSD,H1,2025-04-01T13:00:00Z,1.08173,1.08186,1.07903,1.07983
EURUSD,H1,2025-04-01T14:00:00Z,1.07983,1.07984,1.07783,1.07811
EURUSD,H1,2025-04-01T15:00:00Z,1.07811,1.07952,1.07811,1.07873
EURUSD,H1,2025-04-01T16:00:00Z,1.07873,1.07954,1.07793,1.07871
EURUSD,H1,2025-04-01T17:00:00Z,1.07872,1.08124,1.07845,1.08075
EURUSD,H1,2025-04-01T18:00:00Z,1.08075,1.08124,1.07988,1.07994
EURUSD,H1,2025-04-01T19:00:00Z,1.07994,1.08031,1.07927,1.07997
EURUSD,H1,2025-04-01T20:00:00Z,1.07997,1.08047,1.07913,1.0793
EURUSD,H1,2025-04-01T21:00:00Z,1.0793,1.07949,1.07852,1.0787
EURUSD,H1,2025-04-01T22:00:00Z,1.0787,1.07908,1.07855,1.079
EURUSD,H1,2025-04-01T23:00:00Z,1.0789900000000001,1.08019,1.07887,1.07924
EURUSD,H1,2025-04-02T00:00:00Z,1.07933,1.07945,1.07882,1.07929
EURUSD,H1,2025-04-02T01:00:00Z,1.07929,1.08081,1.07927,1.0799
EURUSD,H1,2025-04-02T02:00:00Z,1.0799,1.07997,1.07942,1.07943
EURUSD,H1,2025-04-02T03:00:00Z,1.07943,1.0795,1.07891,1.07904
EURUSD,H1,2025-04-02T04:00:00Z,1.07904,1.0795,1.07872,1.07948
EURUSD,H1,2025-04-02T05:00:00Z,1.07948,1.08018,1.07941,1.07944
EURUSD,H1,2025-04-02T06:00:00Z,1.07944,1.08,1.07938,1.07958
EURUSD,H1,2025-04-02T07:00:00Z,1.07958,1.07975,1.07925,1.07926
EURUSD,H1,2025-04-02T08:00:00Z,1.07926,1.07926,1.07862,1.07896
EURUSD,H1,2025-04-02T09:00:00Z,1.07896,1.07964,1.07875,1.07928
EURUSD,H1,2025-04-02T10:00:00Z,1.07928,1.07948,1.07802,1.07917
EURUSD,H1,2025-04-02T11:00:00Z,1.07917,1.08018,1.07906,1.07975
EURUSD,H1,2025-04-02T12:00:00Z,1.07975,1.08083,1.07959,1.08061
EURUSD,H1,2025-04-02T13:00:00Z,1.08061,1.08069,1.0786,1.07949
EURUSD,H1,2025-04-02T14:00:00Z,1.07949,1.08063,1.07912,1.08025
EURUSD,H1,2025-04-02T15:00:00Z,1.08025,1.08196,1.07964,1.08192
EURUSD,H1,2025-04-02T16:00:00Z,1.08192,1.08293,1.08148,1.0826500000000001
EURUSD,H1,2025-04-02T17:00:00Z,1.0826500000000001,1.08617,1.08191,1.08585
EURUSD,H1,2025-04-02T18:00:00Z,1.08585,1.0873,1.0851,1.08674
EURUSD,H1,2025-04-02T19:00:00Z,1.08674,1.08676,1.08469,1.08523
EURUSD,H1,2025-04-02T20:00:00Z,1.08523,1.08596,1.085,1.08518
EURUSD,H1,2025-04-02T21:00:00Z,1.08518,1.08592,1.0848,1.08542
EURUSD,H1,2025-04-02T22:00:00Z,1.08542,1.08561,1.08469,1.085
EURUSD,H1,2025-04-02T23:00:00Z,1.085,1.09241,1.08105,1.08603
EURUSD,H1,2025-04-03T00:00:00Z,1.0851,1.08551,1.08102,1.08275
EURUSD,H1,2025-04-03T01:00:00Z,1.08271,1.08395,1.08052,1.08389
EURUSD,H1,2025-04-03T02:00:00Z,1.08389,1.09114,1.08377,1.09043
EURUSD,H1,2025-04-03T03:00:00Z,1.09043,1.09072,1.08798,1.08908
EURUSD,H1,2025-04-03T04:00:00Z,1.08908,1.0923,1.08864,1.09132
EURUSD,H1,2025-04-03T05:00:00Z,1.09133,1.09245,1.09093,1.09122
EURUSD,H1,2025-04-03T06:00:00Z,1.09122,1.09211,1.09077,1.0915
EURUSD,H1,2025-04-03T07:00:00Z,1.0915,1.09166,1.09057,1.09068
EURUSD,H1,2025-04-03T08:00:00Z,1.09068,1.09517,1.09064,1.09443
EURUSD,H1,2025-04-03T09:00:00Z,1.09443,1.09899,1.09348,1.09896
EURUSD,H1,2025-04-03T10:00:00Z,1.09895,1.09901,1.09427,1.09707
EURUSD,H1,2025-04-03T11:00:00Z,1.09708,1.10206,1.09706,1.10093
EURUSD,H1,2025-04-03T12:00:00Z,1.10093,1.10474,1.10039,1.10305
EURUSD,H1,2025-04-03T13:00:00Z,1.10305,1.11459,1.10279,1.10519
EURUSD,H1,2025-04-03T14:00:00Z,1.10526,1.1101,1.10388,1.10875
EURUSD,H1,2025-04-03T15:00:00Z,1.10875,1.11096,1.1073,1.10817
EURUSD,H1,2025-04-03T16:00:00Z,1.10818,1.1135,1.107,1.10795
EURUSD,H1,2025-04-03T17:00:00Z,1.10794,1.11276,1.10794,1.11183
EURUSD,H1,2025-04-03T18:00:00Z,1.11184,1.11189,1.10411,1.10505
EURUSD,H1,2025-04-03T19:00:00Z,1.10505,1.10559,1.10327,1.10389
EURUSD,H1,2025-04-03T20:00:00Z,1.10385,1.10395,1.1018,1.10245
EURUSD,H1,2025-04-03T21:00:00Z,1.10245,1.10408,1.10194,1.10373
EURUSD,H1,2025-04-03T22:00:00Z,1.10374,1.10374,1.1016,1.10274
EURUSD,H1,2025-04-03T23:00:00Z,1.10273,1.10528,1.10221,1.10511
EURUSD,H1,2025-04-04T00:00:00Z,1.10518,1.1052,1.10433,1.10518
EURUSD,H1,2025-04-04T01:00:00Z,1.10518,1.10715,1.10496,1.10643
EURUSD,H1,2025-04-04T02:00:00Z,1.10643,1.10647,1.10422,1.10452
EURUSD,H1,2025-04-04T03:00:00Z,1.10452,1.10642,1.10368,1.10606
EURUSD,H1,2025-04-04T04:00:00Z,1.10606,1.10732,1.10573,1.10676
EURUSD,H1,2025-04-04T05:00:00Z,1.10676,1.10795,1.1060699999999999,1.10633
EURUSD,H1,2025-04-04T06:00:00Z,1.10633,1.10986,1.10576,1.10937
EURUSD,H1,2025-04-04T07:00:00Z,1.10935,1.10983,1.10821,1.10874
EURUSD,H1,2025-04-04T08:00:00Z,1.10874,1.11078,1.10785,1.10842
EURUSD,H1,2025-04-04T09:00:00Z,1.10842,1.10859,1.105,1.10506
EURUSD,H1,2025-04-04T10:00:00Z,1.10506,1.10671,1.09998,1.10042
EURUSD,H1,2025-04-04T11:00:00Z,1.10038,1.10097,1.09753,1.0996299999999999
EURUSD,H1,2025-04-04T12:00:00Z,1.09964,1.09976,1.09714,1.09845
EURUSD,H1,2025-04-04T13:00:00Z,1.09845,1.10496,1.09646,1.10309
EURUSD,H1,2025-04-04T14:00:00Z,1.10304,1.10799,1.10221,1.10601
EURUSD,H1,2025-04-04T15:00:00Z,1.10602,1.1089,1.10076,1.1019700000000001
EURUSD,H1,2025-04-04T16:00:00Z,1.10199,1.10481,1.10051,1.10064
EURUSD,H1,2025-04-04T17:00:00Z,1.10058,1.10147,1.09601,1.09862
EURUSD,H1,2025-04-04T18:00:00Z,1.09862,1.10169,1.09674,1.10138
EURUSD,H1,2025-04-04T19:00:00Z,1.10139,1.10198,1.09617,1.09713
EURUSD,H1,2025-04-04T20:00:00Z,1.09714,1.09769,1.09246,1.09472
EURUSD,H1,2025-04-04T21:00:00Z,1.09472,1.09673,1.09394,1.09446
EURUSD,H1,2025-04-04T22:00:00Z,1.09446,1.09646,1.09278,1.09428
EURUSD,H1,2025-04-04T23:00:00Z,1.09434,1.09665,1.09327,1.09636
EURUSD,H1,2025-04-07T00:00:00Z,1.08936,1.09224,1.088,1.09149
EURUSD,H1,2025-04-07T01:00:00Z,1.09149,1.09944,1.09149,1.09824
EURUSD,H1,2025-04-07T02:00:00Z,1.09824,1.10011,1.09813,1.09831
EURUSD,H1,2025-04-07T03:00:00Z,1.09832,1.09837,1.09464,1.09669
EURUSD,H1,2025-04-07T04:00:00Z,1.09669,1.09801,1.0954,1.09679
EURUSD,H1,2025-04-07T05:00:00Z,1.0968,1.0968,1.0919699999999999,1.09352
EURUSD,H1,2025-04-07T06:00:00Z,1.09352,1.09545,1.09299,1.0950199999999999
EURUSD,H1,2025-04-07T07:00:00Z,1.09503,1.09875,1.0948,1.09849
EURUSD,H1,2025-04-07T08:00:00Z,1.09849,1.10205,1.09779,1.10185
EURUSD,H1,2025-04-07T09:00:00Z,1.10182,1.10231,1.0994,1.10029
EURUSD,H1,2025-04-07T10:00:00Z,1.10029,1.105,1.09978,1.10007
EURUSD,H1,2025-04-07T11:00:00Z,1.10007,1.10218,1.09679,1.0991900000000001
EURUSD,H1,2025-04-07T12:00:00Z,1.0992,1.09966,1.09499,1.09624
EURUSD,H1,2025-04-07T13:00:00Z,1.09625,1.09907,1.09578,1.09588
EURUSD,H1,2025-04-07T14:00:00Z,1.09588,1.09694,1.09353,1.09694
EURUSD,H1,2025-04-07T15:00:00Z,1.09695,1.09914,1.09395,1.0973600000000001
EURUSD,H1,2025-04-07T16:00:00Z,1.0973600000000001,1.09771,1.09373,1.09414
EURUSD,H1,2025-04-07T17:00:00Z,1.09414,1.09825,1.09167,1.0922
EURUSD,H1,2025-04-07T18:00:00Z,1.0922,1.09363,1.09004,1.09114
EURUSD,H1,2025-04-07T19:00:00Z,1.09113,1.09328,1.0904,1.09322
EURUSD,H1,2025-04-07T20:00:00Z,1.09324,1.09501,1.09293,1.09387
EURUSD,H1,2025-04-07T21:00:00Z,1.09388,1.09523,1.09235,1.09335
EURUSD,H1,2025-04-07T22:00:00Z,1.09337,1.09482,1.09135,1.09161
EURUSD,H1,2025-04-07T23:00:00Z,1.09161,1.0919699999999999,1.09019,1.09053
EURUSD,H1,2025-04-08T00:00:00Z,1.09066,1.09114,1.09013,1.09111
EURUSD,H1,2025-04-08T01:00:00Z,1.09119,1.09206,1.09083,1.09169
EURUSD,H1,2025-04-08T02:00:00Z,1.09168,1.09189,1.09078,1.09148
EURUSD,H1,2025-04-08T03:00:00Z,1.09148,1.09501,1.09148,1.09399
EURUSD,H1,2025-04-08T04:00:00Z,1.09399,1.09617,1.09377,1.09598
EURUSD,H1,2025-04-08T05:00:00Z,1.09598,1.09802,1.0959699999999999,1.09712
EURUSD,H1,2025-04-08T06:00:00Z,1.09712,1.0971899999999999,1.09609,1.09634
EURUSD,H1,2025-04-08T07:00:00Z,1.09634,1.0979700000000001,1.09621,1.0976
EURUSD,H1,2025-04-08T08:00:00Z,1.0976,1.0976,1.09539,1.09682
EURUSD,H1,2025-04-08T09:00:00Z,1.09682,1.09918,1.09613,1.09766
EURUSD,H1,2025-04-08T10:00:00Z,1.09768,1.09803,1.09215,1.09235
EURUSD,H1,2025-04-08T11:00:00Z,1.09235,1.09488,1.09229,1.09366
EURUSD,H1,2025-04-08T12:00:00Z,1.09366,1.09374,1.09111,1.0919699999999999
EURUSD,H1,2025-04-08T13:00:00Z,1.0919699999999999,1.09392,1.09135,1.09276
EURUSD,H1,2025-04-08T14:00:00Z,1.09276,1.09447,1.09249,1.09341
EURUSD,H1,2025-04-08T15:00:00Z,1.09341,1.09685,1.09341,1.09486
EURUSD,H1,2025-04-08T16:00:00Z,1.09486,1.09558,1.09271,1.09347
EURUSD,H1,2025-04-08T17:00:00Z,1.09358,1.0936,1.08883,1.09101
EURUSD,H1,2025-04-08T18:00:00Z,1.09101,1.09194,1.08958,1.09118
EURUSD,H1,2025-04-08T19:00:00Z,1.09118,1.09325,1.08985,1.09296
EURUSD,H1,2025-04-08T20:00:00Z,1.09295,1.09486,1.09262,1.09338
EURUSD,H1,2025-04-08T21:00:00Z,1.09339,1.09691,1.09297,1.09522
EURUSD,H1,2025-04-08T22:00:00Z,1.09522,1.09779,1.0951,1.09542
EURUSD,H1,2025-04-08T23:00:00Z,1.09541,1.09629,1.0939,1.09578
EURUSD,H1,2025-04-09T00:00:00Z,1.09527,1.09581,1.09443,1.09577
EURUSD,H1,2025-04-09T01:00:00Z,1.09577,1.09776,1.09556,1.09681
EURUSD,H1,2025-04-09T02:00:00Z,1.09681,1.09851,1.09663,1.09775
EURUSD,H1,2025-04-09T03:00:00Z,1.09775,1.10166,1.09713,1.10148
EURUSD,H1,2025-04-09T04:00:00Z,1.10148,1.10398,1.10139,1.10201
EURUSD,H1,2025-04-09T05:00:00Z,1.10201,1.10289,1.10094,1.10196
EURUSD,H1,2025-04-09T06:00:00Z,1.10196,1.10357,1.10128,1.10195
EURUSD,H1,2025-04-09T07:00:00Z,1.10195,1.10688,1.10189,1.10686
EURUSD,H1,2025-04-09T08:00:00Z,1.10683,1.10683,1.10291,1.10615
EURUSD,H1,2025-04-09T09:00:00Z,1.10615,1.10896,1.10425,1.10736
EURUSD,H1,2025-04-09T10:00:00Z,1.10728,1.10795,1.10093,1.10154
EURUSD,H1,2025-04-09T11:00:00Z,1.10154,1.10351,1.09979,1.10274
EURUSD,H1,2025-04-09T12:00:00Z,1.10274,1.1050200000000001,1.10093,1.1044100000000001
EURUSD,H1,2025-04-09T13:00:00Z,1.1044,1.10579,1.10254,1.10332
EURUSD,H1,2025-04-09T14:00:00Z,1.1033,1.10569,1.10218,1.10353
EURUSD,H1,2025-04-09T15:00:00Z,1.10353,1.10951,1.10347,1.10755
EURUSD,H1,2025-04-09T16:00:00Z,1.10755,1.10818,1.1033,1.1045
EURUSD,H1,2025-04-09T17:00:00Z,1.10449,1.10512,1.10261,1.10408
EURUSD,H1,2025-04-09T18:00:00Z,1.10407,1.10693,1.10365,1.10382
EURUSD,H1,2025-04-09T19:00:00Z,1.10382,1.10425,1.1013600000000001,1.10202
EURUSD,H1,2025-04-09T20:00:00Z,1.10202,1.10636,1.09459,1.09761
EURUSD,H1,2025-04-09T21:00:00Z,1.09761,1.0983,1.09132,1.09642
EURUSD,H1,2025-04-09T22:00:00Z,1.0964,1.09767,1.09325,1.09345
EURUSD,H1,2025-04-09T23:00:00Z,1.09359,1.0962,1.09287,1.09474
EURUSD,H1,2025-04-10T00:00:00Z,1.09483,1.09539,1.09482,1.09495
EURUSD,H1,2025-04-10T01:00:00Z,1.09504,1.09628,1.09495,1.09603
EURUSD,H1,2025-04-10T02:00:00Z,1.09603,1.0961,1.09429,1.09511
EURUSD,H1,2025-04-10T03:00:00Z,1.09511,1.09865,1.09504,1.09861
EURUSD,H1,2025-04-10T04:00:00Z,1.09861,1.09873,1.09695,1.09718
EURUSD,H1,2025-04-10T05:00:00Z,1.09718,1.09791,1.0961400000000001,1.09718
EURUSD,H1,2025-04-10T06:00:00Z,1.09718,1.09892,1.09705,1.09819
EURUSD,H1,2025-04-10T07:00:00Z,1.09816,1.09849,1.09775,1.09828
EURUSD,H1,2025-04-10T08:00:00Z,1.09828,1.09955,1.09778,1.0985800000000001
EURUSD,H1,2025-04-10T09:00:00Z,1.0985800000000001,1.09889,1.09626,1.09831
EURUSD,H1,2025-04-10T10:00:00Z,1.09831,1.10308,1.09674,1.10262
EURUSD,H1,2025-04-10T11:00:00Z,1.10262,1.10479,1.10161,1.10375
EURUSD,H1,2025-04-10T12:00:00Z,1.10375,1.10599,1.10335,1.10592
EURUSD,H1,2025-04-10T13:00:00Z,1.10592,1.10811,1.10549,1.10795
EURUSD,H1,2025-04-10T14:00:00Z,1.10796,1.10887,1.10671,1.10704
EURUSD,H1,2025-04-10T15:00:00Z,1.10704,1.1132,1.1068,1.10972
EURUSD,H1,2025-04-10T16:00:00Z,1.1097299999999999,1.11344,1.1091,1.11269
EURUSD,H1,2025-04-10T17:00:00Z,1.1127,1.11865,1.11246,1.11856
EURUSD,H1,2025-04-10T18:00:00Z,1.11856,1.12288,1.11535,1.11903
EURUSD,H1,2025-04-10T19:00:00Z,1.11909,1.12102,1.11775,1.11967
EURUSD,H1,2025-04-10T20:00:00Z,1.11967,1.1211,1.11742,1.12099
EURUSD,H1,2025-04-10T21:00:00Z,1.12099,1.12416,1.12012,1.12155
EURUSD,H1,2025-04-10T22:00:00Z,1.12155,1.12197,1.11588,1.12074
EURUSD,H1,2025-04-10T23:00:00Z,1.12046,1.12051,1.11815,1.1201699999999999
EURUSD,H1,2025-04-11T00:00:00Z,1.11929,1.11991,1.11818,1.11833
EURUSD,H1,2025-04-11T01:00:00Z,1.11833,1.12349,1.11821,1.12345
EURUSD,H1,2025-04-11T02:00:00Z,1.12345,1.12625,1.12135,1.12574
EURUSD,H1,2025-04-11T03:00:00Z,1.12577,1.13841,1.12514,1.131
EURUSD,H1,2025-04-11T04:00:00Z,1.13101,1.13227,1.12757,1.13056
EURUSD,H1,2025-04-11T05:00:00Z,1.13056,1.13226,1.1295,1.13026
EURUSD,H1,2025-04-11T06:00:00Z,1.13026,1.13544,1.13023,1.13409
EURUSD,H1,2025-04-11T07:00:00Z,1.1341,1.1341,1.13101,1.13225
EURUSD,H1,2025-04-11T08:00:00Z,1.13224,1.13236,1.12709,1.12851
EURUSD,H1,2025-04-11T09:00:00Z,1.12855,1.12904,1.12469,1.1287
EURUSD,H1,2025-04-11T10:00:00Z,1.12867,1.13689,1.1284,1.13643
EURUSD,H1,2025-04-11T11:00:00Z,1.13642,1.14736,1.13492,1.1427
EURUSD,H1,2025-04-11T12:00:00Z,1.1427,1.1427,1.13848,1.13855
EURUSD,H1,2025-04-11T13:00:00Z,1.13855,1.13855,1.13203,1.13371
EURUSD,H1,2025-04-11T14:00:00Z,1.13368,1.13712,1.1323699999999999,1.13288
EURUSD,H1,2025-04-11T15:00:00Z,1.13288,1.13989,1.13247,1.13954
EURUSD,H1,2025-04-11T16:00:00Z,1.13954,1.14121,1.1323699999999999,1.13606
EURUSD,H1,2025-04-11T17:00:00Z,1.13609,1.13817,1.1327099999999999,1.13401
EURUSD,H1,2025-04-11T18:00:00Z,1.134,1.13499,1.13125,1.13251
EURUSD,H1,2025-04-11T19:00:00Z,1.13246,1.13273,1.12767,1.1306
EURUSD,H1,2025-04-11T20:00:00Z,1.13059,1.13269,1.12825,1.12853
EURUSD,H1,2025-04-11T21:00:00Z,1.12855,1.13214,1.1284399999999999,1.13125
EURUSD,H1,2025-04-11T22:00:00Z,1.13126,1.13436,1.13092,1.13416
EURUSD,H1,2025-04-11T23:00:00Z,1.13416,1.13562,1.13365,1.13552
EURUSD,H1,2025-04-14T00:00:00Z,1.1314,1.13202,1.13073,1.13177
EURUSD,H1,2025-04-14T01:00:00Z,1.13177,1.13547,1.13177,1.13338
EURUSD,H1,2025-04-14T02:00:00Z,1.13338,1.13489,1.13239,1.13422
EURUSD,H1,2025-04-14T03:00:00Z,1.13422,1.13706,1.1341,1.13653
EURUSD,H1,2025-04-14T04:00:00Z,1.13653,1.1409,1.13644,1.13855
EURUSD,H1,2025-04-14T05:00:00Z,1.13855,1.14013,1.1371,1.1372
EURUSD,H1,2025-04-14T06:00:00Z,1.1372,1.13839,1.13578,1.13715
EURUSD,H1,2025-04-14T07:00:00Z,1.13715,1.13849,1.13655,1.13676
EURUSD,H1,2025-04-14T08:00:00Z,1.13676,1.13878,1.13529,1.13852
EURUSD,H1,2025-04-14T09:00:00Z,1.13852,1.14239,1.13765,1.1417
EURUSD,H1,2025-04-14T10:00:00Z,1.1417,1.14246,1.13835,1.13897
EURUSD,H1,2025-04-14T11:00:00Z,1.13897,1.14097,1.13789,1.13876
EURUSD,H1,2025-04-14T12:00:00Z,1.13876,1.14077,1.13868,1.13868
EURUSD,H1,2025-04-14T13:00:00Z,1.13868,1.13922,1.13716,1.13874
EURUSD,H1,2025-04-14T14:00:00Z,1.13874,1.14059,1.13726,1.13839
EURUSD,H1,2025-04-14T15:00:00Z,1.13839,1.13885,1.13345,1.13389
EURUSD,H1,2025-04-14T16:00:00Z,1.13387,1.13415,1.1296,1.13272
EURUSD,H1,2025-04-14T17:00:00Z,1.13272,1.1368,1.13198,1.13677
EURUSD,H1,2025-04-14T18:00:00Z,1.13676,1.13819,1.13529,1.13573
EURUSD,H1,2025-04-14T19:00:00Z,1.13573,1.13702,1.13301,1.13308
EURUSD,H1,2025-04-14T20:00:00Z,1.13309,1.13479,1.13285,1.13385
EURUSD,H1,2025-04-14T21:00:00Z,1.13385,1.13572,1.1338,1.13545
EURUSD,H1,2025-04-14T22:00:00Z,1.13545,1.1369799999999999,1.13499,1.1355
EURUSD,H1,2025-04-14T23:00:00Z,1.1354899999999999,1.13585,1.13431,1.13496
EURUSD,H1,2025-04-15T00:00:00Z,1.135,1.1354,1.13424,1.13512
EURUSD,H1,2025-04-15T01:00:00Z,1.13525,1.13615,1.1345399999999999,1.13536
EURUSD,H1,2025-04-15T02:00:00Z,1.13536,1.1354,1.13336,1.13363
EURUSD,H1,2025-04-15T03:00:00Z,1.13363,1.13389,1.13172,1.13287
EURUSD,H1,2025-04-15T04:00:00Z,1.13287,1.13351,1.1316,1.13242
EURUSD,H1,2025-04-15T05:00:00Z,1.13244,1.13523,1.13244,1.13497
EURUSD,H1,2025-04-15T06:00:00Z,1.13496,1.13531,1.13434,1.13475
EURUSD,H1,2025-04-15T07:00:00Z,1.13475,1.13633,1.13448,1.1357
EURUSD,H1,2025-04-15T08:00:00Z,1.1357,1.13679,1.13491,1.13507
EURUSD,H1,2025-04-15T09:00:00Z,1.13507,1.13645,1.13281,1.1332200000000001
EURUSD,H1,2025-04-15T10:00:00Z,1.1332200000000001,1.13598,1.13207,1.13572
EURUSD,H1,2025-04-15T11:00:00Z,1.13572,1.13789,1.13436,1.13467
EURUSD,H1,2025-04-15T12:00:00Z,1.13465,1.13562,1.13331,1.13388
EURUSD,H1,2025-04-15T13:00:00Z,1.13388,1.13493,1.13324,1.13446
EURUSD,H1,2025-04-15T14:00:00Z,1.13446,1.13446,1.13141,1.13265
EURUSD,H1,2025-04-15T15:00:00Z,1.13266,1.13415,1.1308799999999999,1.13129
EURUSD,H1,2025-04-15T16:00:00Z,1.13129,1.13285,1.13051,1.13175
EURUSD,H1,2025-04-15T17:00:00Z,1.13175,1.1329500000000001,1.12856,1.13289
EURUSD,H1,2025-04-15T18:00:00Z,1.13289,1.13291,1.12821,1.12888
EURUSD,H1,2025-04-15T19:00:00Z,1.12888,1.12919,1.12642,1.12743
EURUSD,H1,2025-04-15T20:00:00Z,1.12743,1.12826,1.12669,1.12724
EURUSD,H1,2025-04-15T21:00:00Z,1.12729,1.12766,1.12664,1.12736
EURUSD,H1,2025-04-15T22:00:00Z,1.12736,1.12875,1.12715,1.12824
EURUSD,H1,2025-04-15T23:00:00Z,1.12823,1.12897,1.12796,1.12813
EURUSD,H1,2025-04-16T00:00:00Z,1.12781,1.12852,1.12781,1.12807
EURUSD,H1,2025-04-16T01:00:00Z,1.12807,1.12994,1.12807,1.12955
EURUSD,H1,2025-04-16T02:00:00Z,1.1295600000000001,1.12987,1.12833,1.12935
EURUSD,H1,2025-04-16T03:00:00Z,1.12935,1.13217,1.12929,1.13169
EURUSD,H1,2025-04-16T04:00:00Z,1.13169,1.13309,1.13164,1.13235
EURUSD,H1,2025-04-16T05:00:00Z,1.13235,1.13319,1.13181,1.13276
EURUSD,H1,2025-04-16T06:00:00Z,1.13276,1.13433,1.13244,1.13432
EURUSD,H1,2025-04-16T07:00:00Z,1.13432,1.13479,1.13329,1.13462
EURUSD,H1,2025-04-16T08:00:00Z,1.13462,1.13853,1.13414,1.1381000000000001
EURUSD,H1,2025-04-16T09:00:00Z,1.13809,1.13827,1.13606,1.13607
EURUSD,H1,2025-04-16T10:00:00Z,1.13607,1.13921,1.13593,1.13871
EURUSD,H1,2025-04-16T11:00:00Z,1.13871,1.13882,1.13384,1.13696
EURUSD,H1,2025-04-16T12:00:00Z,1.13697,1.13777,1.1356,1.13601
EURUSD,H1,2025-04-16T13:00:00Z,1.13601,1.13741,1.13523,1.13582
EURUSD,H1,2025-04-16T14:00:00Z,1.13578,1.13739,1.1354899999999999,1.13632
EURUSD,H1,2025-04-16T15:00:00Z,1.13632,1.13655,1.13408,1.13519
EURUSD,H1,2025-04-16T16:00:00Z,1.13516,1.13739,1.13498,1.13669
EURUSD,H1,2025-04-16T17:00:00Z,1.13676,1.13843,1.13541,1.13839
EURUSD,H1,2025-04-16T18:00:00Z,1.13839,1.13866,1.13571,1.13816
EURUSD,H1,2025-04-16T19:00:00Z,1.13816,1.13871,1.13702,1.1375
EURUSD,H1,2025-04-16T20:00:00Z,1.13751,1.13898,1.13593,1.1375
EURUSD,H1,2025-04-16T21:00:00Z,1.13751,1.13885,1.13651,1.13865
EURUSD,H1,2025-04-16T22:00:00Z,1.13865,1.14128,1.13849,1.13867
EURUSD,H1,2025-04-16T23:00:00Z,1.13866,1.13997,1.13818,1.13985
EURUSD,H1,2025-04-17T00:00:00Z,1.13986,1.13996,1.139,1.13962
EURUSD,H1,2025-04-17T01:00:00Z,1.13962,1.14002,1.1395,1.13996
EURUSD,H1,2025-04-17T02:00:00Z,1.13996,1.14093,1.13941,1.13955
EURUSD,H1,2025-04-17T03:00:00Z,1.13955,1.13968,1.1365,1.13679
EURUSD,H1,2025-04-17T04:00:00Z,1.13679,1.13694,1.13552,1.13655
EURUSD,H1,2025-04-17T05:00:00Z,1.13655,1.13817,1.13651,1.1378300000000001
EURUSD,H1,2025-04-17T06:00:00Z,1.1378300000000001,1.13808,1.1364,1.13642
EURUSD,H1,2025-04-17T07:00:00Z,1.13642,1.13699,1.13603,1.13623
EURUSD,H1,2025-04-17T08:00:00Z,1.13623,1.13711,1.13442,1.13524
EURUSD,H1,2025-04-17T09:00:00Z,1.13524,1.1371,1.13434,1.13589
EURUSD,H1,2025-04-17T10:00:00Z,1.13589,1.1379,1.13531,1.13767
EURUSD,H1,2025-04-17T11:00:00Z,1.13767,1.13886,1.13683,1.13786
EURUSD,H1,2025-04-17T12:00:00Z,1.13786,1.13809,1.13702,1.13725
EURUSD,H1,2025-04-17T13:00:00Z,1.13726,1.13767,1.13575,1.13596
EURUSD,H1,2025-04-17T14:00:00Z,1.13595,1.137,1.13559,1.13565
EURUSD,H1,2025-04-17T15:00:00Z,1.13565,1.13678,1.13353,1.13565
EURUSD,H1,2025-04-17T16:00:00Z,1.13565,1.13776,1.13512,1.13611
EURUSD,H1,2025-04-17T17:00:00Z,1.13611,1.13858,1.13388,1.13494
EURUSD,H1,2025-04-17T18:00:00Z,1.13495,1.13766,1.1347800000000001,1.13633
EURUSD,H1,2025-04-17T19:00:00Z,1.13633,1.1371,1.134,1.13507
EURUSD,H1,2025-04-17T20:00:00Z,1.13506,1.1353900000000001,1.13411,1.13511
EURUSD,H1,2025-04-17T21:00:00Z,1.13511,1.13754,1.13432,1.13733
EURUSD,H1,2025-04-17T22:00:00Z,1.13733,1.1376,1.13685,1.1373199999999999
EURUSD,H1,2025-04-17T23:00:00Z,1.1373199999999999,1.13766,1.13622,1.13634
EURUSD,H1,2025-04-18T00:00:00Z,1.13616,1.13678,1.13586,1.13676
EURUSD,H1,2025-04-18T01:00:00Z,1.13676,1.13695,1.1366,1.1367099999999999
EURUSD,H1,2025-04-18T02:00:00Z,1.1367099999999999,1.13748,1.1366100000000001,1.13721
EURUSD,H1,2025-04-18T03:00:00Z,1.13723,1.13864,1.13621,1.13742
EURUSD,H1,2025-04-18T04:00:00Z,1.13743,1.13763,1.13677,1.13709
EURUSD,H1,2025-04-18T05:00:00Z,1.13709,1.13787,1.13666,1.1372
EURUSD,H1,2025-04-18T06:00:00Z,1.1372,1.13757,1.1369,1.1373
EURUSD,H1,2025-04-18T07:00:00Z,1.1373,1.13744,1.13686,1.13693
EURUSD,H1,2025-04-18T08:00:00Z,1.13693,1.13741,1.13632,1.13706
EURUSD,H1,2025-04-18T09:00:00Z,1.13706,1.13765,1.13615,1.13617
EURUSD,H1,2025-04-18T10:00:00Z,1.13617,1.13758,1.13591,1.13692
EURUSD,H1,2025-04-18T11:00:00Z,1.13693,1.13718,1.13668,1.13707
EURUSD,H1,2025-04-18T12:00:00Z,1.13707,1.13727,1.13669,1.13692
EURUSD,H1,2025-04-18T13:00:00Z,1.13692,1.13745,1.13687,1.13737
EURUSD,H1,2025-04-18T14:00:00Z,1.13737,1.13833,1.1372,1.13805
EURUSD,H1,2025-04-18T15:00:00Z,1.13805,1.13865,1.13802,1.13819
EURUSD,H1,2025-04-18T16:00:00Z,1.13818,1.13828,1.13773,1.13794
EURUSD,H1,2025-04-18T17:00:00Z,1.13794,1.13975,1.1378,1.13961
EURUSD,H1,2025-04-18T18:00:00Z,1.13963,1.1396600000000001,1.13873,1.13919
EURUSD,H1,2025-04-18T19:00:00Z,1.13919,1.13945,1.13874,1.1394
EURUSD,H1,2025-04-18T20:00:00Z,1.1394,1.13944,1.13897,1.13918
EURUSD,H1,2025-04-18T21:00:00Z,1.13918,1.13951,1.13906,1.13946
EURUSD,H1,2025-04-18T22:00:00Z,1.13946,1.13962,1.13931,1.13946
EURUSD,H1,2025-04-18T23:00:00Z,1.13946,1.1395,1.13903,1.13929
EURUSD,H1,2025-04-21T00:00:00Z,1.13928,1.14236,1.1385399999999999,1.14026
EURUSD,H1,2025-04-21T01:00:00Z,1.14026,1.14381,1.13799,1.14329
EURUSD,H1,2025-04-21T02:00:00Z,1.14329,1.14584,1.14329,1.1449
EURUSD,H1,2025-04-21T03:00:00Z,1.14491,1.1486399999999999,1.1449,1.14662
EURUSD,H1,2025-04-21T04:00:00Z,1.14662,1.14787,1.14651,1.14768
EURUSD,H1,2025-04-21T05:00:00Z,1.14768,1.15313,1.1472,1.15045
EURUSD,H1,2025-04-21T06:00:00Z,1.15045,1.1525,1.15043,1.15152
EURUSD,H1,2025-04-21T07:00:00Z,1.15152,1.15175,1.1499,1.15175
EURUSD,H1,2025-04-21T08:00:00Z,1.15175,1.15346,1.15149,1.15314
EURUSD,H1,2025-04-21T09:00:00Z,1.15314,1.15347,1.15049,1.15164
EURUSD,H1,2025-04-21T10:00:00Z,1.15154,1.15676,1.15097,1.15557
EURUSD,H1,2025-04-21T11:00:00Z,1.15557,1.15646,1.15377,1.15583
EURUSD,H1,2025-04-21T12:00:00Z,1.15583,1.15733,1.1545,1.15472
EURUSD,H1,2025-04-21T13:00:00Z,1.15471,1.15486,1.15215,1.15235
EURUSD,H1,2025-04-21T14:00:00Z,1.15235,1.15476,1.1513200000000001,1.15429
EURUSD,H1,2025-04-21T15:00:00Z,1.15429,1.15499,1.15216,1.15425
EURUSD,H1,2025-04-21T16:00:00Z,1.15425,1.15428,1.15015,1.1519
EURUSD,H1,2025-04-21T17:00:00Z,1.15191,1.15248,1.14898,1.14977
EURUSD,H1,2025-04-21T18:00:00Z,1.14977,1.15078,1.14816,1.1507100000000001
EURUSD,H1,2025-04-21T19:00:00Z,1.1507100000000001,1.15133,1.15004,1.15093
EURUSD,H1,2025-04-21T20:00:00Z,1.15093,1.15145,1.14936,1.15138
EURUSD,H1,2025-04-21T21:00:00Z,1.15138,1.15253,1.15122,1.15223
EURUSD,H1,2025-04-21T22:00:00Z,1.15223,1.1527,1.15125,1.15126
EURUSD,H1,2025-04-21T23:00:00Z,1.15126,1.15162,1.1505,1.15129
EURUSD,H1,2025-04-22T00:00:00Z,1.15139,1.15141,1.15064,1.15068
EURUSD,H1,2025-04-22T01:00:00Z,1.15068,1.15252,1.15067,1.15232
EURUSD,H1,2025-04-22T02:00:00Z,1.15232,1.15239,1.15077,1.1514
EURUSD,H1,2025-04-22T03:00:00Z,1.1514,1.1514199999999999,1.14821,1.14904
EURUSD,H1,2025-04-22T04:00:00Z,1.14906,1.14985,1.14857,1.14945
EURUSD,H1,2025-04-22T05:00:00Z,1.14945,1.15207,1.1494,1.15207
EURUSD,H1,2025-04-22T06:00:00Z,1.15205,1.1540300000000001,1.15191,1.15347
EURUSD,H1,2025-04-22T07:00:00Z,1.15347,1.15402,1.15274,1.15303
EURUSD,H1,2025-04-22T08:00:00Z,1.15303,1.1547399999999999,1.15184,1.15422
EURUSD,H1,2025-04-22T09:00:00Z,1.15422,1.15459,1.14962,1.15009
EURUSD,H1,2025-04-22T10:00:00Z,1.15009,1.15091,1.14835,1.15056
EURUSD,H1,2025-04-22T11:00:00Z,1.15056,1.15152,1.14947,1.14999
EURUSD,H1,2025-04-22T12:00:00Z,1.14999,1.15077,1.14879,1.14907
EURUSD,H1,2025-04-22T13:00:00Z,1.14907,1.15005,1.14881,1.1488800000000001
EURUSD,H1,2025-04-22T14:00:00Z,1.14886,1.15006,1.1484,1.14862
EURUSD,H1,2025-04-22T15:00:00Z,1.14858,1.14905,1.14617,1.147
EURUSD,H1,2025-04-22T16:00:00Z,1.14703,1.14851,1.14561,1.1474199999999999
EURUSD,H1,2025-04-22T17:00:00Z,1.14744,1.14923,1.14611,1.1478
EURUSD,H1,2025-04-22T18:00:00Z,1.1478,1.14857,1.14638,1.14649
EURUSD,H1,2025-04-22T19:00:00Z,1.14649,1.14688,1.1433200000000001,1.14339
EURUSD,H1,2025-04-22T20:00:00Z,1.14339,1.14539,1.1431,1.14502
EURUSD,H1,2025-04-22T21:00:00Z,1.14502,1.14503,1.14226,1.1427100000000001
EURUSD,H1,2025-04-22T22:00:00Z,1.1427100000000001,1.14341,1.14199,1.14208
EURUSD,H1,2025-04-22T23:00:00Z,1.14209,1.14303,1.14175,1.14206
EURUSD,H1,2025-04-23T00:00:00Z,1.14207,1.14262,1.13618,1.1362
EURUSD,H1,2025-04-23T01:00:00Z,1.13621,1.1369799999999999,1.13081,1.13373
EURUSD,H1,2025-04-23T02:00:00Z,1.13376,1.13625,1.1329799999999999,1.13507
EURUSD,H1,2025-04-23T03:00:00Z,1.13507,1.13982,1.13494,1.13975
EURUSD,H1,2025-04-23T04:00:00Z,1.13975,1.14152,1.13843,1.14072
EURUSD,H1,2025-04-23T05:00:00Z,1.14072,1.14107,1.13902,1.14047
EURUSD,H1,2025-04-23T06:00:00Z,1.14047,1.14052,1.1373,1.1379299999999999
EURUSD,H1,2025-04-23T07:00:00Z,1.13792,1.13917,1.1371,1.13899
EURUSD,H1,2025-04-23T08:00:00Z,1.13899,1.13997,1.13713,1.13769
EURUSD,H1,2025-04-23T09:00:00Z,1.1377,1.13965,1.1374900000000001,1.13849
EURUSD,H1,2025-04-23T10:00:00Z,1.13851,1.1408800000000001,1.13785,1.13858
EURUSD,H1,2025-04-23T11:00:00Z,1.13858,1.14153,1.13799,1.14131
EURUSD,H1,2025-04-23T12:00:00Z,1.14129,1.14399,1.14128,1.1418300000000001
EURUSD,H1,2025-04-23T13:00:00Z,1.14182,1.1419,1.139,1.14021
EURUSD,H1,2025-04-23T14:00:00Z,1.14021,1.14161,1.13862,1.1411
EURUSD,H1,2025-04-23T15:00:00Z,1.1411,1.14197,1.14021,1.14057
EURUSD,H1,2025-04-23T16:00:00Z,1.14054,1.1412200000000001,1.1333,1.1333199999999999
EURUSD,H1,2025-04-23T17:00:00Z,1.13334,1.13813,1.13281,1.13533
EURUSD,H1,2025-04-23T18:00:00Z,1.13534,1.13834,1.13441,1.1348799999999999
EURUSD,H1,2025-04-23T19:00:00Z,1.1348799999999999,1.13658,1.13367,1.13399
EURUSD,H1,2025-04-23T20:00:00Z,1.13399,1.1344,1.13252,1.1329500000000001
EURUSD,H1,2025-04-23T21:00:00Z,1.1329500000000001,1.13301,1.13154,1.13238
EURUSD,H1,2025-04-23T22:00:00Z,1.13238,1.13319,1.13183,1.13274
EURUSD,H1,2025-04-23T23:00:00Z,1.13274,1.13284,1.13105,1.13145
EURUSD,H1,2025-04-24T00:00:00Z,1.13114,1.13213,1.13095,1.13178
EURUSD,H1,2025-04-24T01:00:00Z,1.13178,1.13473,1.13178,1.1332200000000001
EURUSD,H1,2025-04-24T02:00:00Z,1.1332200000000001,1.13384,1.13262,1.13294
EURUSD,H1,2025-04-24T03:00:00Z,1.1329500000000001,1.13467,1.13216,1.13437
EURUSD,H1,2025-04-24T04:00:00Z,1.13437,1.1357599999999999,1.134,1.13497
EURUSD,H1,2025-04-24T05:00:00Z,1.13497,1.13572,1.13463,1.13552
EURUSD,H1,2025-04-24T06:00:00Z,1.13552,1.13561,1.13366,1.13382
EURUSD,H1,2025-04-24T07:00:00Z,1.13382,1.13423,1.13324,1.13392
EURUSD,H1,2025-04-24T08:00:00Z,1.13392,1.13457,1.13308,1.13364
EURUSD,H1,2025-04-24T09:00:00Z,1.13364,1.13544,1.1336,1.13523
EURUSD,H1,2025-04-24T10:00:00Z,1.13523,1.13805,1.13517,1.13799
EURUSD,H1,2025-04-24T11:00:00Z,1.138,1.1393,1.13631,1.13806
EURUSD,H1,2025-04-24T12:00:00Z,1.13806,1.13912,1.13751,1.13845
EURUSD,H1,2025-04-24T13:00:00Z,1.13845,1.13947,1.13762,1.13794
EURUSD,H1,2025-04-24T14:00:00Z,1.13794,1.13903,1.13686,1.13729
EURUSD,H1,2025-04-24T15:00:00Z,1.13729,1.13788,1.1358,1.13767
EURUSD,H1,2025-04-24T16:00:00Z,1.13767,1.1384,1.13635,1.13761
EURUSD,H1,2025-04-24T17:00:00Z,1.13762,1.13874,1.13632,1.13727
EURUSD,H1,2025-04-24T18:00:00Z,1.13727,1.1375899999999999,1.13475,1.13609
EURUSD,H1,2025-04-24T19:00:00Z,1.13609,1.13807,1.13577,1.13801
EURUSD,H1,2025-04-24T20:00:00Z,1.13801,1.13856,1.13674,1.13692
EURUSD,H1,2025-04-24T21:00:00Z,1.13692,1.13796,1.13638,1.13781
EURUSD,H1,2025-04-24T22:00:00Z,1.13781,1.13977,1.13777,1.13845
EURUSD,H1,2025-04-24T23:00:00Z,1.13845,1.13979,1.1381999999999999,1.13888
EURUSD,H1,2025-04-25T00:00:00Z,1.13852,1.13912,1.1383,1.13865
EURUSD,H1,2025-04-25T01:00:00Z,1.1387,1.13914,1.13843,1.13865
EURUSD,H1,2025-04-25T02:00:00Z,1.13865,1.13882,1.13706,1.13726
EURUSD,H1,2025-04-25T03:00:00Z,1.13726,1.13726,1.13469,1.13473
EURUSD,H1,2025-04-25T04:00:00Z,1.13473,1.1355,1.13424,1.13439
EURUSD,H1,2025-04-25T05:00:00Z,1.13439,1.13517,1.13413,1.13479
EURUSD,H1,2025-04-25T06:00:00Z,1.13479,1.13592,1.13251,1.1326
EURUSD,H1,2025-04-25T07:00:00Z,1.1326,1.13361,1.1316,1.1335
EURUSD,H1,2025-04-25T08:00:00Z,1.1335,1.13418,1.13255,1.13314
EURUSD,H1,2025-04-25T09:00:00Z,1.13313,1.13574,1.13217,1.13418
EURUSD,H1,2025-04-25T10:00:00Z,1.13418,1.13682,1.13418,1.13599
EURUSD,H1,2025-04-25T11:00:00Z,1.13598,1.13645,1.13399,1.1350500000000001
EURUSD,H1,2025-04-25T12:00:00Z,1.13506,1.13609,1.1345,1.13462
EURUSD,H1,2025-04-25T13:00:00Z,1.13462,1.13595,1.13342,1.1356
EURUSD,H1,2025-04-25T14:00:00Z,1.1356,1.13667,1.1346,1.13494
EURUSD,H1,2025-04-25T15:00:00Z,1.13494,1.1360000000000001,1.13492,1.13524
EURUSD,H1,2025-04-25T16:00:00Z,1.13524,1.1355,1.1333,1.13533
EURUSD,H1,2025-04-25T17:00:00Z,1.13533,1.13807,1.13527,1.13684
EURUSD,H1,2025-04-25T18:00:00Z,1.13684,1.13823,1.13579,1.13803
EURUSD,H1,2025-04-25T19:00:00Z,1.13803,1.13888,1.13682,1.13686
EURUSD,H1,2025-04-25T20:00:00Z,1.13686,1.13828,1.1365,1.13769
EURUSD,H1,2025-04-25T21:00:00Z,1.13768,1.13809,1.13692,1.13797
EURUSD,H1,2025-04-25T22:00:00Z,1.13797,1.1381000000000001,1.13587,1.13592
EURUSD,H1,2025-04-25T23:00:00Z,1.13592,1.13643,1.13571,1.13595
EURUSD,H1,2025-04-28T00:00:00Z,1.13721,1.13721,1.13592,1.1360000000000001
EURUSD,H1,2025-04-28T01:00:00Z,1.1360000000000001,1.13651,1.134,1.135
EURUSD,H1,2025-04-28T02:00:00Z,1.135,1.13548,1.13413,1.1345
EURUSD,H1,2025-04-28T03:00:00Z,1.1345,1.13646,1.13447,1.13639
EURUSD,H1,2025-04-28T04:00:00Z,1.13639,1.13665,1.13494,1.13512
EURUSD,H1,2025-04-28T05:00:00Z,1.13513,1.13572,1.13434,1.13535
EURUSD,H1,2025-04-28T06:00:00Z,1.13535,1.13601,1.13511,1.13563
EURUSD,H1,2025-04-28T07:00:00Z,1.13563,1.13726,1.13525,1.13723
EURUSD,H1,2025-04-28T08:00:00Z,1.13723,1.13808,1.13717,1.13745
EURUSD,H1,2025-04-28T09:00:00Z,1.13745,1.13745,1.13294,1.13317
EURUSD,H1,2025-04-28T10:00:00Z,1.13315,1.13617,1.13309,1.13483
EURUSD,H1,2025-04-28T11:00:00Z,1.13483,1.13517,1.13353,1.13438
EURUSD,H1,2025-04-28T12:00:00Z,1.13438,1.13587,1.13422,1.13499
EURUSD,H1,2025-04-28T13:00:00Z,1.13499,1.13604,1.1346,1.1350500000000001
EURUSD,H1,2025-04-28T14:00:00Z,1.1350500000000001,1.13562,1.13411,1.13516
EURUSD,H1,2025-04-28T15:00:00Z,1.13516,1.13729,1.13503,1.13511
EURUSD,H1,2025-04-28T16:00:00Z,1.13511,1.13742,1.13395,1.13649
EURUSD,H1,2025-04-28T17:00:00Z,1.13649,1.14138,1.13574,1.13786
EURUSD,H1,2025-04-28T18:00:00Z,1.13786,1.13927,1.1371,1.13863
EURUSD,H1,2025-04-28T19:00:00Z,1.13863,1.14224,1.13852,1.14116
EURUSD,H1,2025-04-28T20:00:00Z,1.14116,1.14195,1.1400299999999999,1.14011
EURUSD,H1,2025-04-28T21:00:00Z,1.14011,1.14141,1.1400299999999999,1.14135
EURUSD,H1,2025-04-28T22:00:00Z,1.14135,1.14249,1.14133,1.14219
EURUSD,H1,2025-04-28T23:00:00Z,1.14219,1.14249,1.14196,1.14216
EURUSD,H1,2025-04-29T00:00:00Z,1.14197,1.14203,1.14152,1.142
EURUSD,H1,2025-04-29T01:00:00Z,1.1421000000000001,1.14218,1.14118,1.14128
EURUSD,H1,2025-04-29T02:00:00Z,1.14128,1.14218,1.14008,1.14078
EURUSD,H1,2025-04-29T03:00:00Z,1.14078,1.14162,1.13992,1.13997
EURUSD,H1,2025-04-29T04:00:00Z,1.13997,1.14089,1.13874,1.13925
EURUSD,H1,2025-04-29T05:00:00Z,1.13925,1.142,1.13922,1.13984
EURUSD,H1,2025-04-29T06:00:00Z,1.13984,1.1400000000000001,1.13865,1.13907
EURUSD,H1,2025-04-29T07:00:00Z,1.13907,1.13938,1.13742,1.13781
EURUSD,H1,2025-04-29T08:00:00Z,1.13781,1.1388099999999999,1.13761,1.1387
EURUSD,H1,2025-04-29T09:00:00Z,1.1387,1.13994,1.13831,1.13895
EURUSD,H1,2025-04-29T10:00:00Z,1.13896,1.1412200000000001,1.13875,1.14036
EURUSD,H1,2025-04-29T11:00:00Z,1.1403699999999999,1.14083,1.13816,1.13853
EURUSD,H1,2025-04-29T12:00:00Z,1.13853,1.13974,1.13806,1.13806
EURUSD,H1,2025-04-29T13:00:00Z,1.13805,1.13853,1.1373,1.13781
EURUSD,H1,2025-04-29T14:00:00Z,1.13781,1.13869,1.13711,1.13745
EURUSD,H1,2025-04-29T15:00:00Z,1.13745,1.14146,1.13702,1.14107
EURUSD,H1,2025-04-29T16:00:00Z,1.14108,1.1417,1.13904,1.14009
EURUSD,H1,2025-04-29T17:00:00Z,1.1397,1.14176,1.1379,1.13832
EURUSD,H1,2025-04-29T18:00:00Z,1.13832,1.14046,1.13824,1.13961
EURUSD,H1,2025-04-29T19:00:00Z,1.13961,1.14191,1.13954,1.14035
EURUSD,H1,2025-04-29T20:00:00Z,1.14033,1.14048,1.13838,1.1386
EURUSD,H1,2025-04-29T21:00:00Z,1.1386,1.13933,1.13762,1.13825
EURUSD,H1,2025-04-29T22:00:00Z,1.13825,1.13886,1.13762,1.13818
EURUSD,H1,2025-04-29T23:00:00Z,1.13817,1.13922,1.13808,1.13828
EURUSD,H1,2025-04-30T00:00:00Z,1.1384,1.13873,1.13789,1.13838
EURUSD,H1,2025-04-30T01:00:00Z,1.13838,1.13959,1.13833,1.13921
EURUSD,H1,2025-04-30T02:00:00Z,1.13921,1.13935,1.13861,1.13904
EURUSD,H1,2025-04-30T03:00:00Z,1.13904,1.13954,1.13769,1.13827
EURUSD,H1,2025-04-30T04:00:00Z,1.13827,1.13866,1.1357,1.13587
EURUSD,H1,2025-04-30T05:00:00Z,1.13587,1.13726,1.1355,1.13706
EURUSD,H1,2025-04-30T06:00:00Z,1.13706,1.13798,1.13668,1.13687
EURUSD,H1,2025-04-30T07:00:00Z,1.1368800000000001,1.13781,1.13664,1.13734
EURUSD,H1,2025-04-30T08:00:00Z,1.13735,1.1384400000000001,1.13718,1.13829
EURUSD,H1,2025-04-30T09:00:00Z,1.13829,1.13996,1.13659,1.13903
EURUSD,H1,2025-04-30T10:00:00Z,1.13902,1.13904,1.13736,1.13786
EURUSD,H1,2025-04-30T11:00:00Z,1.13785,1.1385399999999999,1.13623,1.13716
EURUSD,H1,2025-04-30T12:00:00Z,1.13719,1.13796,1.13603,1.13623
EURUSD,H1,2025-04-30T13:00:00Z,1.13623,1.137,1.13609,1.13621
EURUSD,H1,2025-04-30T14:00:00Z,1.13621,1.13806,1.1356,1.13736
EURUSD,H1,2025-04-30T15:00:00Z,1.13736,1.13888,1.13649,1.13741
EURUSD,H1,2025-04-30T16:00:00Z,1.13734,1.13776,1.13615,1.1369
EURUSD,H1,2025-04-30T17:00:00Z,1.1368800000000001,1.1379299999999999,1.13498,1.1367099999999999
EURUSD,H1,2025-04-30T18:00:00Z,1.1367,1.13751,1.1323400000000001,1.13482
EURUSD,H1,2025-04-30T19:00:00Z,1.13482,1.13592,1.1345,1.13555
EURUSD,H1,2025-04-30T20:00:00Z,1.13555,1.13649,1.13452,1.13458
EURUSD,H1,2025-04-30T21:00:00Z,1.13458,1.13586,1.13431,1.13489
EURUSD,H1,2025-04-30T22:00:00Z,1.13489,1.13534,1.13281,1.1329799999999999
EURUSD,H1,2025-04-30T23:00:00Z,1.13299,1.13312,1.1317300000000001,1.13292
EURUSD,H1,2025-05-01T00:00:00Z,1.13279,1.13314,1.1323699999999999,1.13253
EURUSD,H1,2025-05-01T01:00:00Z,1.13253,1.13305,1.13224,1.13257
EURUSD,H1,2025-05-01T02:00:00Z,1.13257,1.13263,1.13189,1.13222
EURUSD,H1,2025-05-01T03:00:00Z,1.13222,1.13297,1.13208,1.13218
EURUSD,H1,2025-05-01T04:00:00Z,1.13218,1.13221,1.1303,1.13083
EURUSD,H1,2025-05-01T05:00:00Z,1.13083,1.13162,1.13061,1.13154
EURUSD,H1,2025-05-01T06:00:00Z,1.13154,1.13186,1.12997,1.13123
EURUSD,H1,2025-05-01T07:00:00Z,1.13123,1.13145,1.13024,1.1302699999999999
EURUSD,H1,2025-05-01T08:00:00Z,1.1302699999999999,1.13065,1.12881,1.13001
EURUSD,H1,2025-05-01T09:00:00Z,1.13001,1.13126,1.12984,1.13026
EURUSD,H1,2025-05-01T10:00:00Z,1.13026,1.13108,1.12876,1.13101
EURUSD,H1,2025-05-01T11:00:00Z,1.13101,1.1331,1.13099,1.13198
EURUSD,H1,2025-05-01T12:00:00Z,1.13198,1.1325,1.13136,1.13143
EURUSD,H1,2025-05-01T13:00:00Z,1.13144,1.13342,1.1312,1.13321
EURUSD,H1,2025-05-01T14:00:00Z,1.13321,1.13411,1.13163,1.13203
EURUSD,H1,2025-05-01T15:00:00Z,1.13203,1.13391,1.13083,1.13154
EURUSD,H1,2025-05-01T16:00:00Z,1.13151,1.13278,1.13114,1.13193
EURUSD,H1,2025-05-01T17:00:00Z,1.13193,1.13193,1.12704,1.12817
EURUSD,H1,2025-05-01T18:00:00Z,1.12817,1.12903,1.12659,1.12793
EURUSD,H1,2025-05-01T19:00:00Z,1.12793,1.1292200000000001,1.1273,1.12908
EURUSD,H1,2025-05-01T20:00:00Z,1.12908,1.12914,1.12798,1.12831
EURUSD,H1,2025-05-01T21:00:00Z,1.12831,1.12935,1.12753,1.12857
EURUSD,H1,2025-05-01T22:00:00Z,1.12857,1.1292200000000001,1.12812,1.12885
EURUSD,H1,2025-05-01T23:00:00Z,1.12885,1.12941,1.12847,1.129
EURUSD,H1,2025-05-02T00:00:00Z,1.12888,1.1289,1.12855,1.12865
EURUSD,H1,2025-05-02T01:00:00Z,1.12865,1.12994,1.12865,1.12949
EURUSD,H1,2025-05-02T02:00:00Z,1.12949,1.12977,1.12912,1.12958
EURUSD,H1,2025-05-02T03:00:00Z,1.12958,1.12995,1.12743,1.12823
EURUSD,H1,2025-05-02T04:00:00Z,1.12823,1.12958,1.12786,1.12958
EURUSD,H1,2025-05-02T05:00:00Z,1.12958,1.13034,1.1293,1.1294
EURUSD,H1,2025-05-02T06:00:00Z,1.1294,1.13157,1.12939,1.13128
EURUSD,H1,2025-05-02T07:00:00Z,1.13128,1.13141,1.13012,1.1304400000000001
EURUSD,H1,2025-05-02T08:00:00Z,1.1304400000000001,1.1314,1.13025,1.13079
EURUSD,H1,2025-05-02T09:00:00Z,1.13079,1.13292,1.1306,1.13258
EURUSD,H1,2025-05-02T10:00:00Z,1.13258,1.13379,1.13179,1.13283
EURUSD,H1,2025-05-02T11:00:00Z,1.13283,1.13349,1.13162,1.13324
EURUSD,H1,2025-05-02T12:00:00Z,1.1333,1.13551,1.13259,1.13502
EURUSD,H1,2025-05-02T13:00:00Z,1.13503,1.13519,1.13277,1.13312
EURUSD,H1,2025-05-02T14:00:00Z,1.13312,1.13503,1.13243,1.13466
EURUSD,H1,2025-05-02T15:00:00Z,1.13466,1.13474,1.13047,1.1319
EURUSD,H1,2025-05-02T16:00:00Z,1.1319,1.138,1.1314899999999999,1.13728
EURUSD,H1,2025-05-02T17:00:00Z,1.13728,1.1381000000000001,1.13577,1.13686
EURUSD,H1,2025-05-02T18:00:00Z,1.13686,1.13686,1.13206,1.13291
EURUSD,H1,2025-05-02T19:00:00Z,1.13291,1.13392,1.13172,1.13199
EURUSD,H1,2025-05-02T20:00:00Z,1.13199,1.13204,1.12986,1.13042
EURUSD,H1,2025-05-02T21:00:00Z,1.13042,1.13086,1.12926,1.12999
EURUSD,H1,2025-05-02T22:00:00Z,1.12999,1.13089,1.12997,1.13046
EURUSD,H1,2025-05-02T23:00:00Z,1.13046,1.13052,1.12937,1.12994
EURUSD,H1,2025-05-05T00:00:00Z,1.13037,1.1308,1.12929,1.12979
EURUSD,H1,2025-05-05T01:00:00Z,1.12979,1.13148,1.12979,1.13059
EURUSD,H1,2025-05-05T02:00:00Z,1.13059,1.13279,1.13024,1.13212
EURUSD,H1,2025-05-05T03:00:00Z,1.13212,1.13239,1.13145,1.13226
EURUSD,H1,2025-05-05T04:00:00Z,1.13227,1.13401,1.13227,1.13349
EURUSD,H1,2025-05-05T05:00:00Z,1.13349,1.13469,1.13317,1.13423
EURUSD,H1,2025-05-05T06:00:00Z,1.13423,1.13425,1.13284,1.1332200000000001
EURUSD,H1,2025-05-05T07:00:00Z,1.1332200000000001,1.13392,1.13287,1.13374
EURUSD,H1,2025-05-05T08:00:00Z,1.13374,1.13475,1.13303,1.13334
EURUSD,H1,2025-05-05T09:00:00Z,1.13333,1.13372,1.13182,1.1326
EURUSD,H1,2025-05-05T10:00:00Z,1.13262,1.13311,1.13132,1.13132
EURUSD,H1,2025-05-05T11:00:00Z,1.13131,1.13329,1.13116,1.1326
EURUSD,H1,2025-05-05T12:00:00Z,1.13265,1.13441,1.13265,1.13414
EURUSD,H1,2025-05-05T13:00:00Z,1.13414,1.13456,1.1333199999999999,1.13448
EURUSD,H1,2025-05-05T14:00:00Z,1.13448,1.13577,1.13401,1.13426
EURUSD,H1,2025-05-05T15:00:00Z,1.13426,1.13635,1.13403,1.13599
EURUSD,H1,2025-05-05T16:00:00Z,1.13599,1.13649,1.13521,1.13535
EURUSD,H1,2025-05-05T17:00:00Z,1.1353900000000001,1.1353900000000001,1.13308,1.13389
EURUSD,H1,2025-05-05T18:00:00Z,1.13386,1.13413,1.13127,1.13144
EURUSD,H1,2025-05-05T19:00:00Z,1.13144,1.13145,1.1299299999999999,1.13024
EURUSD,H1,2025-05-05T20:00:00Z,1.13024,1.13113,1.12976,1.13001
EURUSD,H1,2025-05-05T21:00:00Z,1.13001,1.13155,1.12973,1.13131
EURUSD,H1,2025-05-05T22:00:00Z,1.13131,1.1320999999999999,1.13109,1.1314899999999999
EURUSD,H1,2025-05-05T23:00:00Z,1.1314899999999999,1.13203,1.13121,1.13144
EURUSD,H1,2025-05-06T00:00:00Z,1.13141,1.13179,1.1314,1.13156
EURUSD,H1,2025-05-06T01:00:00Z,1.13156,1.13202,1.13134,1.13145
EURUSD,H1,2025-05-06T02:00:00Z,1.13145,1.13164,1.131,1.13122
EURUSD,H1,2025-05-06T03:00:00Z,1.13123,1.13123,1.1280999999999999,1.12862
EURUSD,H1,2025-05-06T04:00:00Z,1.12862,1.12968,1.1280000000000001,1.12936
EURUSD,H1,2025-05-06T05:00:00Z,1.12936,1.1314,1.1293,1.13072
EURUSD,H1,2025-05-06T06:00:00Z,1.13072,1.13174,1.13036,1.13151
EURUSD,H1,2025-05-06T07:00:00Z,1.13151,1.13275,1.13146,1.13246
EURUSD,H1,2025-05-06T08:00:00Z,1.13246,1.13256,1.13135,1.13183
EURUSD,H1,2025-05-06T09:00:00Z,1.13183,1.13357,1.13142,1.13262
EURUSD,H1,2025-05-06T10:00:00Z,1.1326100000000001,1.1348,1.13223,1.13391
EURUSD,H1,2025-05-06T11:00:00Z,1.13391,1.13497,1.13224,1.13273
EURUSD,H1,2025-05-06T12:00:00Z,1.13273,1.13299,1.1305399999999999,1.13117
EURUSD,H1,2025-05-06T13:00:00Z,1.13117,1.13276,1.13097,1.1326
EURUSD,H1,2025-05-06T14:00:00Z,1.1326,1.1335,1.13226,1.13272
EURUSD,H1,2025-05-06T15:00:00Z,1.13272,1.13438,1.13169,1.13405
EURUSD,H1,2025-05-06T16:00:00Z,1.13405,1.1357599999999999,1.13263,1.13533
EURUSD,H1,2025-05-06T17:00:00Z,1.13534,1.13699,1.1341,1.13413
EURUSD,H1,2025-05-06T18:00:00Z,1.1341,1.13499,1.13354,1.13437
EURUSD,H1,2025-05-06T19:00:00Z,1.13437,1.13558,1.13308,1.1348799999999999
EURUSD,H1,2025-05-06T20:00:00Z,1.1348799999999999,1.13705,1.1348799999999999,1.13644
EURUSD,H1,2025-05-06T21:00:00Z,1.13645,1.13724,1.13547,1.13717
EURUSD,H1,2025-05-06T22:00:00Z,1.13717,1.13812,1.13669,1.13728
EURUSD,H1,2025-05-06T23:00:00Z,1.13727,1.13797,1.13658,1.13685
EURUSD,H1,2025-05-07T00:00:00Z,1.13691,1.13727,1.13624,1.1371
EURUSD,H1,2025-05-07T01:00:00Z,1.13717,1.13746,1.1326,1.13427
EURUSD,H1,2025-05-07T02:00:00Z,1.13427,1.13456,1.13333,1.13401
EURUSD,H1,2025-05-07T03:00:00Z,1.13401,1.13517,1.13254,1.13411
EURUSD,H1,2025-05-07T04:00:00Z,1.13411,1.13517,1.13263,1.13449
EURUSD,H1,2025-05-07T05:00:00Z,1.13448,1.13496,1.1335600000000001,1.13411
EURUSD,H1,2025-05-07T06:00:00Z,1.13411,1.13474,1.13367,1.1346
EURUSD,H1,2025-05-07T07:00:00Z,1.1346,1.13516,1.13429,1.13437
EURUSD,H1,2025-05-07T08:00:00Z,1.13437,1.13672,1.1343,1.13654
EURUSD,H1,2025-05-07T09:00:00Z,1.13654,1.13782,1.13596,1.13739
EURUSD,H1,2025-05-07T10:00:00Z,1.1374,1.1374,1.1355,1.13626
EURUSD,H1,2025-05-07T11:00:00Z,1.13625,1.13738,1.13542,1.13583
EURUSD,H1,2025-05-07T12:00:00Z,1.13583,1.13619,1.13472,1.13569
EURUSD,H1,2025-05-07T13:00:00Z,1.13568,1.1367,1.13561,1.13655
EURUSD,H1,2025-05-07T14:00:00Z,1.13655,1.13729,1.13564,1.13575
EURUSD,H1,2025-05-07T15:00:00Z,1.13575,1.13666,1.13559,1.13591
EURUSD,H1,2025-05-07T16:00:00Z,1.13591,1.13683,1.1353,1.13669
EURUSD,H1,2025-05-07T17:00:00Z,1.13669,1.1371,1.13546,1.1367099999999999
EURUSD,H1,2025-05-07T18:00:00Z,1.1367099999999999,1.13696,1.13418,1.13472
EURUSD,H1,2025-05-07T19:00:00Z,1.13472,1.13542,1.1337,1.13491
EURUSD,H1,2025-05-07T20:00:00Z,1.13489,1.13496,1.13349,1.13404
EURUSD,H1,2025-05-07T21:00:00Z,1.13402,1.13651,1.13201,1.13339
EURUSD,H1,2025-05-07T22:00:00Z,1.13339,1.13345,1.13009,1.13068
EURUSD,H1,2025-05-07T23:00:00Z,1.13068,1.13081,1.12917,1.1301
EURUSD,H1,2025-05-08T00:00:00Z,1.12978,1.13142,1.12963,1.13113
EURUSD,H1,2025-05-08T01:00:00Z,1.13113,1.13113,1.13,1.13012
EURUSD,H1,2025-05-08T02:00:00Z,1.13012,1.13103,1.13012,1.1303
EURUSD,H1,2025-05-08T03:00:00Z,1.1303,1.13225,1.13022,1.13101
EURUSD,H1,2025-05-08T04:00:00Z,1.13101,1.13328,1.13083,1.13318
EURUSD,H1,2025-05-08T05:00:00Z,1.13318,1.1335600000000001,1.13225,1.13228
EURUSD,H1,2025-05-08T06:00:00Z,1.13228,1.13364,1.13227,1.13276
EURUSD,H1,2025-05-08T07:00:00Z,1.13276,1.1331,1.1318,1.13181
EURUSD,H1,2025-05-08T08:00:00Z,1.13181,1.13184,1.1297,1.13039
EURUSD,H1,2025-05-08T09:00:00Z,1.13039,1.13076,1.12766,1.12823
EURUSD,H1,2025-05-08T10:00:00Z,1.12823,1.12977,1.12704,1.12973
EURUSD,H1,2025-05-08T11:00:00Z,1.12973,1.13032,1.12836,1.1288
EURUSD,H1,2025-05-08T12:00:00Z,1.1288,1.1298,1.12831,1.12848
EURUSD,H1,2025-05-08T13:00:00Z,1.12848,1.12997,1.12754,1.12876
EURUSD,H1,2025-05-08T14:00:00Z,1.12876,1.1305,1.12855,1.12961
EURUSD,H1,2025-05-08T15:00:00Z,1.12961,1.13202,1.1293,1.12998
EURUSD,H1,2025-05-08T16:00:00Z,1.12997,1.13118,1.12954,1.13061
EURUSD,H1,2025-05-08T17:00:00Z,1.13063,1.13164,1.12759,1.12782
EURUSD,H1,2025-05-08T18:00:00Z,1.12782,1.12898,1.12345,1.12485
EURUSD,H1,2025-05-08T19:00:00Z,1.12481,1.12496,1.12206,1.12262
EURUSD,H1,2025-05-08T20:00:00Z,1.12262,1.12299,1.12127,1.12267
EURUSD,H1,2025-05-08T21:00:00Z,1.12267,1.12308,1.12197,1.12247
EURUSD,H1,2025-05-08T22:00:00Z,1.12247,1.12284,1.1212,1.12262
EURUSD,H1,2025-05-08T23:00:00Z,1.12262,1.12298,1.12199,1.12279
EURUSD,H1,2025-05-09T00:00:00Z,1.12235,1.12269,1.12223,1.12269
EURUSD,H1,2025-05-09T01:00:00Z,1.12269,1.12331,1.12257,1.12318
EURUSD,H1,2025-05-09T02:00:00Z,1.12318,1.12325,1.12222,1.1227
EURUSD,H1,2025-05-09T03:00:00Z,1.1227,1.12334,1.12131,1.12271
EURUSD,H1,2025-05-09T04:00:00Z,1.12271,1.12293,1.12108,1.12123
EURUSD,H1,2025-05-09T05:00:00Z,1.12123,1.12194,1.11968,1.12185
EURUSD,H1,2025-05-09T06:00:00Z,1.12185,1.1227800000000001,1.12184,1.12228
EURUSD,H1,2025-05-09T07:00:00Z,1.12228,1.123,1.12228,1.12279
EURUSD,H1,2025-05-09T08:00:00Z,1.12279,1.12367,1.12185,1.12359
EURUSD,H1,2025-05-09T09:00:00Z,1.12359,1.12476,1.12323,1.12405
EURUSD,H1,2025-05-09T10:00:00Z,1.12405,1.12584,1.1237,1.12513
EURUSD,H1,2025-05-09T11:00:00Z,1.12513,1.1259299999999999,1.12423,1.12565
EURUSD,H1,2025-05-09T12:00:00Z,1.12565,1.12597,1.12451,1.12463
EURUSD,H1,2025-05-09T13:00:00Z,1.12463,1.12514,1.12425,1.12458
EURUSD,H1,2025-05-09T14:00:00Z,1.12457,1.12606,1.12437,1.12545
EURUSD,H1,2025-05-09T15:00:00Z,1.12545,1.12568,1.12472,1.12541
EURUSD,H1,2025-05-09T16:00:00Z,1.12541,1.12676,1.1253199999999999,1.12585
EURUSD,H1,2025-05-09T17:00:00Z,1.12585,1.12929,1.12558,1.1267800000000001
EURUSD,H1,2025-05-09T18:00:00Z,1.1267800000000001,1.12731,1.12603,1.12698
EURUSD,H1,2025-05-09T19:00:00Z,1.12698,1.12754,1.12576,1.12586
EURUSD,H1,2025-05-09T20:00:00Z,1.12586,1.12652,1.1252900000000001,1.12621
EURUSD,H1,2025-05-09T21:00:00Z,1.12621,1.12664,1.12546,1.1259000000000001
EURUSD,H1,2025-05-09T22:00:00Z,1.1259000000000001,1.126,1.12488,1.12572
EURUSD,H1,2025-05-09T23:00:00Z,1.12572,1.12573,1.12473,1.12497
EURUSD,H1,2025-05-12T00:00:00Z,1.1191,1.12234,1.11843,1.12116
EURUSD,H1,2025-05-12T01:00:00Z,1.1211,1.12317,1.12083,1.12254
EURUSD,H1,2025-05-12T02:00:00Z,1.12254,1.12365,1.12232,1.12281
EURUSD,H1,2025-05-12T03:00:00Z,1.12281,1.12394,1.12249,1.12389
EURUSD,H1,2025-05-12T04:00:00Z,1.12389,1.12429,1.12223,1.1226
EURUSD,H1,2025-05-12T05:00:00Z,1.1226,1.12379,1.12252,1.12284
EURUSD,H1,2025-05-12T06:00:00Z,1.12284,1.12343,1.12252,1.12331
EURUSD,H1,2025-05-12T07:00:00Z,1.12331,1.12346,1.12263,1.12276
EURUSD,H1,2025-05-12T08:00:00Z,1.12276,1.12301,1.12138,1.12222
EURUSD,H1,2025-05-12T09:00:00Z,1.12222,1.12358,1.12162,1.12181
EURUSD,H1,2025-05-12T10:00:00Z,1.12181,1.12186,1.10977,1.1105
EURUSD,H1,2025-05-12T11:00:00Z,1.1105,1.11453,1.10826,1.11376
EURUSD,H1,2025-05-12T12:00:00Z,1.11376,1.11419,1.11147,1.11188
EURUSD,H1,2025-05-12T13:00:00Z,1.11186,1.11186,1.10721,1.10797
EURUSD,H1,2025-05-12T14:00:00Z,1.10797,1.11176,1.10772,1.11114
EURUSD,H1,2025-05-12T15:00:00Z,1.11114,1.11266,1.11007,1.11135
EURUSD,H1,2025-05-12T16:00:00Z,1.11135,1.11345,1.11102,1.11189
EURUSD,H1,2025-05-12T17:00:00Z,1.1118999999999999,1.11343,1.11074,1.11117
EURUSD,H1,2025-05-12T18:00:00Z,1.11116,1.11238,1.11005,1.11051
EURUSD,H1,2025-05-12T19:00:00Z,1.11052,1.11111,1.10838,1.10847
EURUSD,H1,2025-05-12T20:00:00Z,1.10847,1.10885,1.10726,1.10792
EURUSD,H1,2025-05-12T21:00:00Z,1.10792,1.10915,1.10655,1.10896
EURUSD,H1,2025-05-12T22:00:00Z,1.10896,1.10968,1.10825,1.10923
EURUSD,H1,2025-05-12T23:00:00Z,1.10923,1.10947,1.10844,1.10859
EURUSD,H1,2025-05-13T00:00:00Z,1.10843,1.10904,1.10821,1.10882
EURUSD,H1,2025-05-13T01:00:00Z,1.10882,1.10946,1.10882,1.10934
EURUSD,H1,2025-05-13T02:00:00Z,1.10935,1.11001,1.10894,1.1096
EURUSD,H1,2025-05-13T03:00:00Z,1.1096,1.11068,1.10952,1.11047
EURUSD,H1,2025-05-13T04:00:00Z,1.11047,1.11093,1.10999,1.11066
EURUSD,H1,2025-05-13T05:00:00Z,1.11066,1.11116,1.10993,1.1103
EURUSD,H1,2025-05-13T06:00:00Z,1.1103,1.1117,1.10992,1.11165
EURUSD,H1,2025-05-13T07:00:00Z,1.11165,1.11172,1.1109,1.11167
EURUSD,H1,2025-05-13T08:00:00Z,1.11167,1.11195,1.11089,1.11105
EURUSD,H1,2025-05-13T09:00:00Z,1.11105,1.11186,1.11016,1.11115
EURUSD,H1,2025-05-13T10:00:00Z,1.11115,1.11245,1.11028,1.1116
EURUSD,H1,2025-05-13T11:00:00Z,1.1116,1.11178,1.11029,1.11114
EURUSD,H1,2025-05-13T12:00:00Z,1.11118,1.11153,1.11026,1.11071
EURUSD,H1,2025-05-13T13:00:00Z,1.11071,1.11096,1.1097,1.11049
EURUSD,H1,2025-05-13T14:00:00Z,1.11048,1.11121,1.1103399999999999,1.1107
EURUSD,H1,2025-05-13T15:00:00Z,1.1107,1.11313,1.11069,1.11308
EURUSD,H1,2025-05-13T16:00:00Z,1.11308,1.11487,1.11276,1.11356
EURUSD,H1,2025-05-13T17:00:00Z,1.11356,1.11646,1.11304,1.11615
EURUSD,H1,2025-05-13T18:00:00Z,1.11615,1.11778,1.11569,1.1175
EURUSD,H1,2025-05-13T19:00:00Z,1.1175,1.11826,1.11647,1.1176
EURUSD,H1,2025-05-13T20:00:00Z,1.1176,1.11799,1.1167799999999999,1.11772
EURUSD,H1,2025-05-13T21:00:00Z,1.11772,1.1186099999999999,1.11753,1.1185100000000001
EURUSD,H1,2025-05-13T22:00:00Z,1.1185100000000001,1.11919,1.11828,1.11898
EURUSD,H1,2025-05-13T23:00:00Z,1.11899,1.11948,1.11837,1.11849
EURUSD,H1,2025-05-14T00:00:00Z,1.11847,1.11867,1.11825,1.11855
EURUSD,H1,2025-05-14T01:00:00Z,1.11855,1.1197300000000001,1.11855,1.1197300000000001
EURUSD,H1,2025-05-14T02:00:00Z,1.1197300000000001,1.1197300000000001,1.11849,1.11859
EURUSD,H1,2025-05-14T03:00:00Z,1.11859,1.11967,1.11824,1.11923
EURUSD,H1,2025-05-14T04:00:00Z,1.11923,1.1198,1.11837,1.11883
EURUSD,H1,2025-05-14T05:00:00Z,1.11884,1.11926,1.1183,1.11889
EURUSD,H1,2025-05-14T06:00:00Z,1.11889,1.11961,1.11844,1.11954
EURUSD,H1,2025-05-14T07:00:00Z,1.11955,1.1201,1.11879,1.11887
EURUSD,H1,2025-05-14T08:00:00Z,1.11887,1.11926,1.11847,1.11864
EURUSD,H1,2025-05-14T09:00:00Z,1.11864,1.11985,1.11802,1.11881
EURUSD,H1,2025-05-14T10:00:00Z,1.11881,1.12167,1.11817,1.1215
EURUSD,H1,2025-05-14T11:00:00Z,1.1215,1.12523,1.12127,1.12388
EURUSD,H1,2025-05-14T12:00:00Z,1.12388,1.12659,1.12311,1.12522
EURUSD,H1,2025-05-14T13:00:00Z,1.12522,1.1253,1.12273,1.12311
EURUSD,H1,2025-05-14T14:00:00Z,1.12311,1.1235,1.12136,1.12175
EURUSD,H1,2025-05-14T15:00:00Z,1.12174,1.12355,1.12096,1.12253
EURUSD,H1,2025-05-14T16:00:00Z,1.12253,1.12349,1.12103,1.12201
EURUSD,H1,2025-05-14T17:00:00Z,1.12201,1.12236,1.12027,1.12123
EURUSD,H1,2025-05-14T18:00:00Z,1.1212,1.12151,1.11976,1.12054
EURUSD,H1,2025-05-14T19:00:00Z,1.12054,1.12134,1.11756,1.11891
EURUSD,H1,2025-05-14T20:00:00Z,1.11891,1.1197,1.11814,1.11894
EURUSD,H1,2025-05-14T21:00:00Z,1.11894,1.11899,1.11722,1.11784
EURUSD,H1,2025-05-14T22:00:00Z,1.11784,1.11784,1.11657,1.11674
EURUSD,H1,2025-05-14T23:00:00Z,1.11674,1.11753,1.11646,1.11714
EURUSD,H1,2025-05-15T00:00:00Z,1.117,1.11789,1.1166800000000001,1.11765
EURUSD,H1,2025-05-15T01:00:00Z,1.11765,1.11844,1.11765,1.11827
EURUSD,H1,2025-05-15T02:00:00Z,1.11827,1.11881,1.11804,1.11814
EURUSD,H1,2025-05-15T03:00:00Z,1.11814,1.11947,1.11761,1.11914
EURUSD,H1,2025-05-15T04:00:00Z,1.11916,1.11998,1.11908,1.11936
EURUSD,H1,2025-05-15T05:00:00Z,1.11936,1.11965,1.1189,1.11948
EURUSD,H1,2025-05-15T06:00:00Z,1.11948,1.12014,1.11924,1.11968
EURUSD,H1,2025-05-15T07:00:00Z,1.11968,1.11999,1.11919,1.11929
EURUSD,H1,2025-05-15T08:00:00Z,1.11929,1.11993,1.11855,1.11934
EURUSD,H1,2025-05-15T09:00:00Z,1.11934,1.12277,1.11897,1.12274
EURUSD,H1,2025-05-15T10:00:00Z,1.12272,1.1228,1.11916,1.1197300000000001
EURUSD,H1,2025-05-15T11:00:00Z,1.1197300000000001,1.12115,1.11924,1.12101
EURUSD,H1,2025-05-15T12:00:00Z,1.12102,1.12131,1.12008,1.12024
EURUSD,H1,2025-05-15T13:00:00Z,1.12024,1.12114,1.11982,1.12001
EURUSD,H1,2025-05-15T14:00:00Z,1.12004,1.12031,1.11795,1.11831
EURUSD,H1,2025-05-15T15:00:00Z,1.11831,1.1213899999999999,1.11824,1.12099
EURUSD,H1,2025-05-15T16:00:00Z,1.12099,1.12239,1.11951,1.12009
EURUSD,H1,2025-05-15T17:00:00Z,1.12008,1.12109,1.11758,1.11864
EURUSD,H1,2025-05-15T18:00:00Z,1.11864,1.1197,1.1172900000000001,1.1188
EURUSD,H1,2025-05-15T19:00:00Z,1.1188,1.11907,1.11727,1.11809
EURUSD,H1,2025-05-15T20:00:00Z,1.1181,1.11891,1.11704,1.11712
EURUSD,H1,2025-05-15T21:00:00Z,1.11713,1.11797,1.1171,1.11772
EURUSD,H1,2025-05-15T22:00:00Z,1.11772,1.11864,1.11727,1.11837
EURUSD,H1,2025-05-15T23:00:00Z,1.11837,1.11876,1.11821,1.11835
EURUSD,H1,2025-05-16T00:00:00Z,1.11866,1.11896,1.11794,1.11881
EURUSD,H1,2025-05-16T01:00:00Z,1.11881,1.11931,1.11857,1.11922
EURUSD,H1,2025-05-16T02:00:00Z,1.11922,1.1194,1.11897,1.1192
EURUSD,H1,2025-05-16T03:00:00Z,1.1192,1.12083,1.11905,1.12049
EURUSD,H1,2025-05-16T04:00:00Z,1.12049,1.12087,1.11984,1.12035
EURUSD,H1,2025-05-16T05:00:00Z,1.12035,1.12087,1.11996,1.12022
EURUSD,H1,2025-05-16T06:00:00Z,1.12022,1.12059,1.11991,1.12005
EURUSD,H1,2025-05-16T07:00:00Z,1.12005,1.12045,1.11964,1.12032
EURUSD,H1,2025-05-16T08:00:00Z,1.12032,1.12189,1.12012,1.12158
EURUSD,H1,2025-05-16T09:00:00Z,1.12158,1.12197,1.12074,1.12124
EURUSD,H1,2025-05-16T10:00:00Z,1.12124,1.12174,1.12062,1.12089
EURUSD,H1,2025-05-16T11:00:00Z,1.12089,1.12094,1.1197300000000001,1.11991
EURUSD,H1,2025-05-16T12:00:00Z,1.11991,1.12088,1.11917,1.11945
EURUSD,H1,2025-05-16T13:00:00Z,1.11945,1.12002,1.11882,1.11998
EURUSD,H1,2025-05-16T14:00:00Z,1.11998,1.12082,1.11904,1.11944
EURUSD,H1,2025-05-16T15:00:00Z,1.11944,1.11989,1.11911,1.11972
EURUSD,H1,2025-05-16T16:00:00Z,1.11972,1.12058,1.11882,1.12003
EURUSD,H1,2025-05-16T17:00:00Z,1.12003,1.12024,1.11519,1.11548
EURUSD,H1,2025-05-16T18:00:00Z,1.11548,1.11588,1.11402,1.11403
EURUSD,H1,2025-05-16T19:00:00Z,1.11403,1.11477,1.1131199999999999,1.1145100000000001
EURUSD,H1,2025-05-16T20:00:00Z,1.1145100000000001,1.11479,1.11396,1.1145
EURUSD,H1,2025-05-16T21:00:00Z,1.1145,1.11554,1.11433,1.11527
EURUSD,H1,2025-05-16T22:00:00Z,1.11527,1.11586,1.1148,1.11493
EURUSD,H1,2025-05-16T23:00:00Z,1.11493,1.11658,1.11449,1.11649
EURUSD,H1,2025-05-19T00:00:00Z,1.11755,1.11831,1.11694,1.11701
EURUSD,H1,2025-05-19T01:00:00Z,1.11701,1.11943,1.11696,1.11903
EURUSD,H1,2025-05-19T02:00:00Z,1.11903,1.11942,1.11819,1.1189
EURUSD,H1,2025-05-19T03:00:00Z,1.1189,1.11987,1.11803,1.1197300000000001
EURUSD,H1,2025-05-19T04:00:00Z,1.1197300000000001,1.1199,1.11732,1.11763
EURUSD,H1,2025-05-19T05:00:00Z,1.11763,1.11885,1.11725,1.11823
EURUSD,H1,2025-05-19T06:00:00Z,1.11823,1.11856,1.11787,1.11812
EURUSD,H1,2025-05-19T07:00:00Z,1.11812,1.11874,1.11773,1.11839
EURUSD,H1,2025-05-19T08:00:00Z,1.11838,1.11884,1.11765,1.1185
EURUSD,H1,2025-05-19T09:00:00Z,1.1185,1.12124,1.11819,1.12092
EURUSD,H1,2025-05-19T10:00:00Z,1.12093,1.1245,1.12058,1.1238299999999999
EURUSD,H1,2025-05-19T11:00:00Z,1.1238299999999999,1.1259299999999999,1.1236,1.12574
EURUSD,H1,2025-05-19T12:00:00Z,1.12574,1.12806,1.1255,1.12799
EURUSD,H1,2025-05-19T13:00:00Z,1.12799,1.12884,1.1268799999999999,1.12784
EURUSD,H1,2025-05-19T14:00:00Z,1.12784,1.12799,1.12621,1.12732
EURUSD,H1,2025-05-19T15:00:00Z,1.12732,1.12736,1.12567,1.12568
EURUSD,H1,2025-05-19T16:00:00Z,1.1257,1.12653,1.12472,1.12513
EURUSD,H1,2025-05-19T17:00:00Z,1.12515,1.12578,1.12417,1.12538
EURUSD,H1,2025-05-19T18:00:00Z,1.12538,1.12599,1.12335,1.12363
EURUSD,H1,2025-05-19T19:00:00Z,1.12363,1.12397,1.12295,1.12353
EURUSD,H1,2025-05-19T20:00:00Z,1.12353,1.12388,1.12243,1.12303
EURUSD,H1,2025-05-19T21:00:00Z,1.12303,1.1237,1.12247,1.12351
EURUSD,H1,2025-05-19T22:00:00Z,1.12351,1.12419,1.1233,1.12402
EURUSD,H1,2025-05-19T23:00:00Z,1.12402,1.12448,1.12392,1.124
EURUSD,H1,2025-05-20T00:00:00Z,1.12358,1.12433,1.12324,1.1242
EURUSD,H1,2025-05-20T01:00:00Z,1.1242,1.12438,1.12351,1.12353
EURUSD,H1,2025-05-20T02:00:00Z,1.12353,1.12363,1.12316,1.12324
EURUSD,H1,2025-05-20T03:00:00Z,1.12324,1.12325,1.12181,1.1228
EURUSD,H1,2025-05-20T04:00:00Z,1.1228,1.12514,1.1228,1.12384
EURUSD,H1,2025-05-20T05:00:00Z,1.12384,1.12463,1.1226099999999999,1.12323
EURUSD,H1,2025-05-20T06:00:00Z,1.12323,1.12476,1.12295,1.12451
EURUSD,H1,2025-05-20T07:00:00Z,1.12451,1.1250499999999999,1.12404,1.12424
EURUSD,H1,2025-05-20T08:00:00Z,1.12424,1.12585,1.12419,1.12547
EURUSD,H1,2025-05-20T09:00:00Z,1.12547,1.12625,1.12509,1.12577
EURUSD,H1,2025-05-20T10:00:00Z,1.12577,1.12778,1.1253,1.12764
EURUSD,H1,2025-05-20T11:00:00Z,1.12764,1.12764,1.12476,1.12585
EURUSD,H1,2025-05-20T12:00:00Z,1.12585,1.12672,1.125,1.12554
EURUSD,H1,2025-05-20T13:00:00Z,1.12554,1.12579,1.12431,1.12446
EURUSD,H1,2025-05-20T14:00:00Z,1.12446,1.12518,1.1244,1.12459
EURUSD,H1,2025-05-20T15:00:00Z,1.12459,1.12473,1.12238,1.12344
EURUSD,H1,2025-05-20T16:00:00Z,1.12345,1.12496,1.12248,1.12459
EURUSD,H1,2025-05-20T17:00:00Z,1.12459,1.12692,1.12458,1.12686
EURUSD,H1,2025-05-20T18:00:00Z,1.12686,1.12699,1.12497,1.1253199999999999
EURUSD,H1,2025-05-20T19:00:00Z,1.1253199999999999,1.12579,1.12453,1.12568
EURUSD,H1,2025-05-20T20:00:00Z,1.12568,1.12776,1.12548,1.1274
EURUSD,H1,2025-05-20T21:00:00Z,1.1274,1.12804,1.1271200000000001,1.12725
EURUSD,H1,2025-05-20T22:00:00Z,1.12725,1.12826,1.1272,1.12805
EURUSD,H1,2025-05-20T23:00:00Z,1.12805,1.12857,1.12784,1.1284399999999999
EURUSD,H1,2025-05-21T00:00:00Z,1.12821,1.12843,1.12798,1.12817
EURUSD,H1,2025-05-21T01:00:00Z,1.12817,1.12869,1.12805,1.1280999999999999
EURUSD,H1,2025-05-21T02:00:00Z,1.1280999999999999,1.12901,1.12806,1.12884
EURUSD,H1,2025-05-21T03:00:00Z,1.12884,1.13015,1.12878,1.1295600000000001
EURUSD,H1,2025-05-21T04:00:00Z,1.1295600000000001,1.13028,1.12867,1.12985
EURUSD,H1,2025-05-21T05:00:00Z,1.12985,1.13262,1.12974,1.1322
EURUSD,H1,2025-05-21T06:00:00Z,1.1322,1.134,1.13193,1.13342
EURUSD,H1,2025-05-21T07:00:00Z,1.13342,1.13368,1.13257,1.13291
EURUSD,H1,2025-05-21T08:00:00Z,1.13291,1.1338,1.13266,1.1332
EURUSD,H1,2025-05-21T09:00:00Z,1.1332,1.13532,1.13223,1.13329
EURUSD,H1,2025-05-21T10:00:00Z,1.13329,1.1334,1.13143,1.1323400000000001
EURUSD,H1,2025-05-21T11:00:00Z,1.1323400000000001,1.1334,1.13123,1.13226
EURUSD,H1,2025-05-21T12:00:00Z,1.13226,1.1335,1.13148,1.13349
EURUSD,H1,2025-05-21T13:00:00Z,1.13349,1.1362,1.13316,1.13389
EURUSD,H1,2025-05-21T14:00:00Z,1.13389,1.13448,1.1319,1.13235
EURUSD,H1,2025-05-21T15:00:00Z,1.1324,1.13349,1.13175,1.13346
EURUSD,H1,2025-05-21T16:00:00Z,1.13347,1.1339,1.13235,1.13369
EURUSD,H1,2025-05-21T17:00:00Z,1.13369,1.13545,1.13324,1.13409
EURUSD,H1,2025-05-21T18:00:00Z,1.13409,1.13486,1.13326,1.13427
EURUSD,H1,2025-05-21T19:00:00Z,1.13427,1.13522,1.13391,1.13405
EURUSD,H1,2025-05-21T20:00:00Z,1.13405,1.13629,1.13377,1.13484
EURUSD,H1,2025-05-21T21:00:00Z,1.13483,1.13489,1.13318,1.13333
EURUSD,H1,2025-05-21T22:00:00Z,1.13333,1.1339299999999999,1.13185,1.1319
EURUSD,H1,2025-05-21T23:00:00Z,1.1319,1.13318,1.13157,1.1331
EURUSD,H1,2025-05-22T00:00:00Z,1.1325,1.13292,1.13241,1.13279
EURUSD,H1,2025-05-22T01:00:00Z,1.13279,1.13305,1.13152,1.13152
EURUSD,H1,2025-05-22T02:00:00Z,1.13152,1.13326,1.13112,1.1332200000000001
EURUSD,H1,2025-05-22T03:00:00Z,1.1332200000000001,1.13437,1.13262,1.13273
EURUSD,H1,2025-05-22T04:00:00Z,1.13273,1.13408,1.13174,1.13379
EURUSD,H1,2025-05-22T05:00:00Z,1.13379,1.13449,1.13286,1.1339
EURUSD,H1,2025-05-22T06:00:00Z,1.13389,1.13423,1.13308,1.1333199999999999
EURUSD,H1,2025-05-22T07:00:00Z,1.1333199999999999,1.13344,1.13248,1.13331
EURUSD,H1,2025-05-22T08:00:00Z,1.13331,1.13354,1.13251,1.13335
EURUSD,H1,2025-05-22T09:00:00Z,1.13335,1.13421,1.13177,1.13227
EURUSD,H1,2025-05-22T10:00:00Z,1.13226,1.13248,1.12953,1.13209
EURUSD,H1,2025-05-22T11:00:00Z,1.13211,1.13349,1.13014,1.13019
EURUSD,H1,2025-05-22T12:00:00Z,1.13019,1.13035,1.1291,1.12943
EURUSD,H1,2025-05-22T13:00:00Z,1.12943,1.12997,1.12903,1.12921
EURUSD,H1,2025-05-22T14:00:00Z,1.12921,1.13131,1.12921,1.13087
EURUSD,H1,2025-05-22T15:00:00Z,1.13087,1.13151,1.1285,1.1295
EURUSD,H1,2025-05-22T16:00:00Z,1.1295,1.1309,1.12818,1.12835
EURUSD,H1,2025-05-22T17:00:00Z,1.12833,1.1298,1.1275,1.1277300000000001
EURUSD,H1,2025-05-22T18:00:00Z,1.12774,1.12885,1.1266,1.12806
EURUSD,H1,2025-05-22T19:00:00Z,1.12804,1.12879,1.12685,1.12694
EURUSD,H1,2025-05-22T20:00:00Z,1.12696,1.12711,1.12559,1.12681
EURUSD,H1,2025-05-22T21:00:00Z,1.1268,1.12808,1.12674,1.12781
EURUSD,H1,2025-05-22T22:00:00Z,1.12781,1.12857,1.1278,1.12787
EURUSD,H1,2025-05-22T23:00:00Z,1.12787,1.12836,1.12776,1.12786
EURUSD,H1,2025-05-23T00:00:00Z,1.12788,1.12809,1.12763,1.12798
EURUSD,H1,2025-05-23T01:00:00Z,1.12798,1.12874,1.12798,1.12865
EURUSD,H1,2025-05-23T02:00:00Z,1.12865,1.12892,1.12811,1.12824
EURUSD,H1,2025-05-23T03:00:00Z,1.12823,1.13,1.1279,1.12971
EURUSD,H1,2025-05-23T04:00:00Z,1.12971,1.13189,1.12951,1.13141
EURUSD,H1,2025-05-23T05:00:00Z,1.13141,1.1318,1.13084,1.1314899999999999
EURUSD,H1,2025-05-23T06:00:00Z,1.1314899999999999,1.13175,1.13113,1.13116
EURUSD,H1,2025-05-23T07:00:00Z,1.13116,1.1320999999999999,1.13079,1.13179
EURUSD,H1,2025-05-23T08:00:00Z,1.13179,1.13259,1.13083,1.13228
EURUSD,H1,2025-05-23T09:00:00Z,1.13226,1.13269,1.13103,1.13123
EURUSD,H1,2025-05-23T10:00:00Z,1.13123,1.13442,1.13095,1.13396
EURUSD,H1,2025-05-23T11:00:00Z,1.13396,1.13447,1.13329,1.1342
EURUSD,H1,2025-05-23T12:00:00Z,1.1342,1.13541,1.13385,1.13492
EURUSD,H1,2025-05-23T13:00:00Z,1.13492,1.13578,1.13445,1.1349
EURUSD,H1,2025-05-23T14:00:00Z,1.1349,1.13755,1.12987,1.13215
EURUSD,H1,2025-05-23T15:00:00Z,1.13215,1.13502,1.12976,1.13336
EURUSD,H1,2025-05-23T16:00:00Z,1.13336,1.1338,1.13133,1.13148
EURUSD,H1,2025-05-23T17:00:00Z,1.1314899999999999,1.13463,1.1311,1.13451
EURUSD,H1,2025-05-23T18:00:00Z,1.1345,1.13595,1.13317,1.13493
EURUSD,H1,2025-05-23T19:00:00Z,1.13497,1.13598,1.1341,1.13583
EURUSD,H1,2025-05-23T20:00:00Z,1.13583,1.13673,1.13519,1.13609
EURUSD,H1,2025-05-23T21:00:00Z,1.13609,1.13694,1.13557,1.13594
EURUSD,H1,2025-05-23T22:00:00Z,1.13597,1.13658,1.13554,1.13636
EURUSD,H1,2025-05-23T23:00:00Z,1.13636,1.13681,1.13593,1.1364
EURUSD,H1,2025-05-26T00:00:00Z,1.13626,1.13679,1.13601,1.13674
EURUSD,H1,2025-05-26T01:00:00Z,1.13674,1.13796,1.13625,1.13741
EURUSD,H1,2025-05-26T02:00:00Z,1.13741,1.13819,1.137,1.1375
EURUSD,H1,2025-05-26T03:00:00Z,1.1375,1.13978,1.13747,1.1397
EURUSD,H1,2025-05-26T04:00:00Z,1.13969,1.14158,1.1388099999999999,1.14126
EURUSD,H1,2025-05-26T05:00:00Z,1.14126,1.14188,1.14081,1.14097
EURUSD,H1,2025-05-26T06:00:00Z,1.14097,1.1412499999999999,1.14051,1.14116
EURUSD,H1,2025-05-26T07:00:00Z,1.14116,1.14133,1.14034,1.14095
EURUSD,H1,2025-05-26T08:00:00Z,1.14095,1.14185,1.14006,1.14172
EURUSD,H1,2025-05-26T09:00:00Z,1.14172,1.14184,1.1408,1.14091
EURUSD,H1,2025-05-26T10:00:00Z,1.1409,1.1412200000000001,1.13886,1.13892
EURUSD,H1,2025-05-26T11:00:00Z,1.13892,1.13956,1.13831,1.13846
EURUSD,H1,2025-05-26T12:00:00Z,1.13848,1.13859,1.13761,1.13791
EURUSD,H1,2025-05-26T13:00:00Z,1.13791,1.13864,1.13765,1.13843
EURUSD,H1,2025-05-26T14:00:00Z,1.13843,1.13869,1.13742,1.13771
EURUSD,H1,2025-05-26T15:00:00Z,1.13771,1.13824,1.1369,1.13752
EURUSD,H1,2025-05-26T16:00:00Z,1.13752,1.13835,1.1373199999999999,1.13817
EURUSD,H1,2025-05-26T17:00:00Z,1.13817,1.1385,1.13767,1.1384400000000001
EURUSD,H1,2025-05-26T18:00:00Z,1.1384400000000001,1.1385399999999999,1.13774,1.13815
EURUSD,H1,2025-05-26T19:00:00Z,1.13815,1.13834,1.13761,1.13833
EURUSD,H1,2025-05-26T20:00:00Z,1.13833,1.13839,1.13786,1.13808
EURUSD,H1,2025-05-26T21:00:00Z,1.13808,1.13833,1.138,1.13809
EURUSD,H1,2025-05-26T22:00:00Z,1.13809,1.13856,1.13804,1.1385399999999999
EURUSD,H1,2025-05-26T23:00:00Z,1.1385399999999999,1.13882,1.13841,1.13868
EURUSD,H1,2025-05-27T00:00:00Z,1.13828,1.13856,1.13805,1.13835
EURUSD,H1,2025-05-27T01:00:00Z,1.1384400000000001,1.13947,1.1384400000000001,1.13904
EURUSD,H1,2025-05-27T02:00:00Z,1.13904,1.13913,1.13871,1.13886
EURUSD,H1,2025-05-27T03:00:00Z,1.13886,1.1403,1.1388,1.1400000000000001
EURUSD,H1,2025-05-27T04:00:00Z,1.1400000000000001,1.14073,1.13912,1.13953
EURUSD,H1,2025-05-27T05:00:00Z,1.13952,1.14031,1.13909,1.13928
EURUSD,H1,2025-05-27T06:00:00Z,1.13928,1.1401,1.13903,1.13938
EURUSD,H1,2025-05-27T07:00:00Z,1.13938,1.1398,1.13777,1.13784
EURUSD,H1,2025-05-27T08:00:00Z,1.13784,1.13794,1.1367099999999999,1.13789
EURUSD,H1,2025-05-27T09:00:00Z,1.13787,1.1393,1.13643,1.13652
EURUSD,H1,2025-05-27T10:00:00Z,1.13651,1.13712,1.13373,1.13409
EURUSD,H1,2025-05-27T11:00:00Z,1.13409,1.13578,1.13389,1.13489
EURUSD,H1,2025-05-27T12:00:00Z,1.13487,1.13581,1.13448,1.13484
EURUSD,H1,2025-05-27T13:00:00Z,1.13484,1.13519,1.13407,1.13439
EURUSD,H1,2025-05-27T14:00:00Z,1.13439,1.13544,1.13413,1.13512
EURUSD,H1,2025-05-27T15:00:00Z,1.13512,1.13679,1.1351,1.13669
EURUSD,H1,2025-05-27T16:00:00Z,1.13669,1.13755,1.13557,1.13584
EURUSD,H1,2025-05-27T17:00:00Z,1.13585,1.13614,1.13382,1.13412
EURUSD,H1,2025-05-27T18:00:00Z,1.13412,1.13413,1.13233,1.13255
EURUSD,H1,2025-05-27T19:00:00Z,1.13254,1.13354,1.13236,1.13318
EURUSD,H1,2025-05-27T20:00:00Z,1.13318,1.1337,1.13303,1.13329
EURUSD,H1,2025-05-27T21:00:00Z,1.13329,1.13388,1.13285,1.13372
EURUSD,H1,2025-05-27T22:00:00Z,1.13372,1.13388,1.13301,1.13309
EURUSD,H1,2025-05-27T23:00:00Z,1.13309,1.13328,1.13264,1.1327
EURUSD,H1,2025-05-28T00:00:00Z,1.13254,1.13304,1.13225,1.13268
EURUSD,H1,2025-05-28T01:00:00Z,1.13268,1.13373,1.13262,1.13368
EURUSD,H1,2025-05-28T02:00:00Z,1.13368,1.13381,1.13315,1.1337
EURUSD,H1,2025-05-28T03:00:00Z,1.1337,1.13451,1.13341,1.13344
EURUSD,H1,2025-05-28T04:00:00Z,1.13344,1.13392,1.13154,1.13175
EURUSD,H1,2025-05-28T05:00:00Z,1.13175,1.13256,1.13008,1.13053
EURUSD,H1,2025-05-28T06:00:00Z,1.13056,1.13131,1.13007,1.13075
EURUSD,H1,2025-05-28T07:00:00Z,1.13075,1.13106,1.1302699999999999,1.13063
EURUSD,H1,2025-05-28T08:00:00Z,1.13063,1.1314899999999999,1.1295600000000001,1.13148
EURUSD,H1,2025-05-28T09:00:00Z,1.13148,1.1317,1.13038,1.1304400000000001
EURUSD,H1,2025-05-28T10:00:00Z,1.1304400000000001,1.13312,1.1303,1.13267
EURUSD,H1,2025-05-28T11:00:00Z,1.13267,1.13344,1.13182,1.13323
EURUSD,H1,2025-05-28T12:00:00Z,1.13323,1.13405,1.13282,1.13336
EURUSD,H1,2025-05-28T13:00:00Z,1.13336,1.13407,1.13242,1.13258
EURUSD,H1,2025-05-28T14:00:00Z,1.13258,1.13286,1.13166,1.13178
EURUSD,H1,2025-05-28T15:00:00Z,1.13178,1.13245,1.13076,1.13111
EURUSD,H1,2025-05-28T16:00:00Z,1.13111,1.13137,1.12971,1.1308799999999999
EURUSD,H1,2025-05-28T17:00:00Z,1.13087,1.13248,1.13011,1.13023
EURUSD,H1,2025-05-28T18:00:00Z,1.13023,1.13087,1.12839,1.12847
EURUSD,H1,2025-05-28T19:00:00Z,1.12847,1.12968,1.12842,1.12941
EURUSD,H1,2025-05-28T20:00:00Z,1.12941,1.13008,1.12907,1.12915
EURUSD,H1,2025-05-28T21:00:00Z,1.12913,1.12981,1.1284399999999999,1.12935
EURUSD,H1,2025-05-28T22:00:00Z,1.12936,1.12957,1.12878,1.12897
EURUSD,H1,2025-05-28T23:00:00Z,1.12896,1.12957,1.12891,1.12894
EURUSD,H1,2025-05-29T00:00:00Z,1.129,1.12949,1.12875,1.12934
EURUSD,H1,2025-05-29T01:00:00Z,1.12934,1.12973,1.12907,1.12919
EURUSD,H1,2025-05-29T02:00:00Z,1.12918,1.12924,1.12107,1.12297
EURUSD,H1,2025-05-29T03:00:00Z,1.12297,1.12508,1.12235,1.12349
EURUSD,H1,2025-05-29T04:00:00Z,1.12348,1.12534,1.12237,1.12519
EURUSD,H1,2025-05-29T05:00:00Z,1.12519,1.12571,1.12418,1.1246
EURUSD,H1,2025-05-29T06:00:00Z,1.1246,1.12565,1.12428,1.12486
EURUSD,H1,2025-05-29T07:00:00Z,1.12486,1.12549,1.12441,1.12479
EURUSD,H1,2025-05-29T08:00:00Z,1.12479,1.12507,1.12311,1.12438
EURUSD,H1,2025-05-29T09:00:00Z,1.12439,1.12738,1.12424,1.12714
EURUSD,H1,2025-05-29T10:00:00Z,1.12714,1.12828,1.12713,1.12758
EURUSD,H1,2025-05-29T11:00:00Z,1.12757,1.12791,1.1262,1.12719
EURUSD,H1,2025-05-29T12:00:00Z,1.1272,1.1284,1.12716,1.1278
EURUSD,H1,2025-05-29T13:00:00Z,1.1278,1.12915,1.12766,1.12866
EURUSD,H1,2025-05-29T14:00:00Z,1.12866,1.12908,1.1268,1.1271
EURUSD,H1,2025-05-29T15:00:00Z,1.1271,1.13499,1.1271,1.13493
EURUSD,H1,2025-05-29T16:00:00Z,1.13493,1.13601,1.1339299999999999,1.13513
EURUSD,H1,2025-05-29T17:00:00Z,1.13516,1.13695,1.1343,1.13501
EURUSD,H1,2025-05-29T18:00:00Z,1.13501,1.13708,1.1348799999999999,1.13701
EURUSD,H1,2025-05-29T19:00:00Z,1.1369799999999999,1.13799,1.13672,1.13716
EURUSD,H1,2025-05-29T20:00:00Z,1.13716,1.1384400000000001,1.13618,1.13771
EURUSD,H1,2025-05-29T21:00:00Z,1.13772,1.13845,1.13744,1.13752
EURUSD,H1,2025-05-29T22:00:00Z,1.13752,1.1378300000000001,1.13663,1.13668
EURUSD,H1,2025-05-29T23:00:00Z,1.13669,1.13701,1.1360999999999999,1.13648
EURUSD,H1,2025-05-30T00:00:00Z,1.13644,1.13715,1.1363,1.13657
EURUSD,H1,2025-05-30T01:00:00Z,1.13657,1.13771,1.13654,1.13713
EURUSD,H1,2025-05-30T02:00:00Z,1.13713,1.13794,1.13695,1.1377
EURUSD,H1,2025-05-30T03:00:00Z,1.1377,1.13851,1.13645,1.13725
EURUSD,H1,2025-05-30T04:00:00Z,1.13725,1.13899,1.13524,1.13548
EURUSD,H1,2025-05-30T05:00:00Z,1.13548,1.13592,1.13484,1.13496
EURUSD,H1,2025-05-30T06:00:00Z,1.13496,1.13572,1.13459,1.13497
EURUSD,H1,2025-05-30T07:00:00Z,1.13497,1.13538,1.13457,1.13461
EURUSD,H1,2025-05-30T08:00:00Z,1.13461,1.13547,1.13432,1.13513
EURUSD,H1,2025-05-30T09:00:00Z,1.13513,1.13521,1.13361,1.13466
EURUSD,H1,2025-05-30T10:00:00Z,1.13467,1.13482,1.13279,1.13378
EURUSD,H1,2025-05-30T11:00:00Z,1.13378,1.13448,1.13235,1.1324
EURUSD,H1,2025-05-30T12:00:00Z,1.1324,1.13323,1.13232,1.13256
EURUSD,H1,2025-05-30T13:00:00Z,1.13256,1.13348,1.13248,1.13276
EURUSD,H1,2025-05-30T14:00:00Z,1.13276,1.13388,1.13233,1.13381
EURUSD,H1,2025-05-30T15:00:00Z,1.13381,1.13587,1.13348,1.13462
EURUSD,H1,2025-05-30T16:00:00Z,1.13462,1.1348,1.13127,1.13177
EURUSD,H1,2025-05-30T17:00:00Z,1.13177,1.13546,1.1313900000000001,1.13521
EURUSD,H1,2025-05-30T18:00:00Z,1.13522,1.13583,1.13436,1.13464
EURUSD,H1,2025-05-30T19:00:00Z,1.13465,1.13552,1.13436,1.13504
EURUSD,H1,2025-05-30T20:00:00Z,1.13504,1.13672,1.13499,1.13573
EURUSD,H1,2025-05-30T21:00:00Z,1.13573,1.13651,1.1354899999999999,1.13588
EURUSD,H1,2025-05-30T22:00:00Z,1.13587,1.13608,1.13495,1.13564
EURUSD,H1,2025-05-30T23:00:00Z,1.13565,1.13565,1.1345,1.1347800000000001
EURUSD,H1,2025-06-02T00:00:00Z,1.13463,1.13523,1.13382,1.13463
EURUSD,H1,2025-06-02T01:00:00Z,1.13463,1.13578,1.13426,1.13553
EURUSD,H1,2025-06-02T02:00:00Z,1.13552,1.13604,1.1351,1.13531
EURUSD,H1,2025-06-02T03:00:00Z,1.13531,1.13748,1.13527,1.13687
EURUSD,H1,2025-06-02T04:00:00Z,1.13687,1.13822,1.13678,1.13702
EURUSD,H1,2025-06-02T05:00:00Z,1.13702,1.13736,1.13619,1.13646
EURUSD,H1,2025-06-02T06:00:00Z,1.13644,1.1366,1.13544,1.13621
EURUSD,H1,2025-06-02T07:00:00Z,1.13621,1.1367,1.13601,1.13656
EURUSD,H1,2025-06-02T08:00:00Z,1.13656,1.13806,1.1364,1.13796
EURUSD,H1,2025-06-02T09:00:00Z,1.13796,1.14069,1.13786,1.14013
EURUSD,H1,2025-06-02T10:00:00Z,1.14014,1.14369,1.13989,1.14238
EURUSD,H1,2025-06-02T11:00:00Z,1.14238,1.14277,1.14128,1.14203
EURUSD,H1,2025-06-02T12:00:00Z,1.14203,1.1437,1.14194,1.14234
EURUSD,H1,2025-06-02T13:00:00Z,1.14234,1.1428099999999999,1.14132,1.14153
EURUSD,H1,2025-06-02T14:00:00Z,1.14153,1.14265,1.14092,1.14143
EURUSD,H1,2025-06-02T15:00:00Z,1.14143,1.14291,1.14113,1.14185
EURUSD,H1,2025-06-02T16:00:00Z,1.14185,1.1423,1.14045,1.14195
EURUSD,H1,2025-06-02T17:00:00Z,1.14194,1.1449799999999999,1.14194,1.14348
EURUSD,H1,2025-06-02T18:00:00Z,1.14349,1.14389,1.14241,1.14307
EURUSD,H1,2025-06-02T19:00:00Z,1.14307,1.1432,1.14118,1.14187
EURUSD,H1,2025-06-02T20:00:00Z,1.14186,1.14261,1.14161,1.14226
EURUSD,H1,2025-06-02T21:00:00Z,1.14226,1.14426,1.14189,1.14415
EURUSD,H1,2025-06-02T22:00:00Z,1.14415,1.14457,1.14336,1.14452
EURUSD,H1,2025-06-02T23:00:00Z,1.14453,1.1446399999999999,1.14399,1.14432
EURUSD,H1,2025-06-03T00:00:00Z,1.1439,1.14408,1.14335,1.14389
EURUSD,H1,2025-06-03T01:00:00Z,1.14389,1.1446,1.14373,1.14453
EURUSD,H1,2025-06-03T02:00:00Z,1.14452,1.1454,1.14447,1.14531
EURUSD,H1,2025-06-03T03:00:00Z,1.14531,1.14547,1.14389,1.14433
EURUSD,H1,2025-06-03T04:00:00Z,1.14433,1.14434,1.14269,1.14278
EURUSD,H1,2025-06-03T05:00:00Z,1.14278,1.14306,1.14187,1.14256
EURUSD,H1,2025-06-03T06:00:00Z,1.14256,1.14274,1.14161,1.14199
EURUSD,H1,2025-06-03T07:00:00Z,1.14199,1.14258,1.14172,1.14256
EURUSD,H1,2025-06-03T08:00:00Z,1.14256,1.14276,1.14121,1.14221
EURUSD,H1,2025-06-03T09:00:00Z,1.14221,1.14313,1.14155,1.14291
EURUSD,H1,2025-06-03T10:00:00Z,1.14289,1.14325,1.14144,1.1415899999999999
EURUSD,H1,2025-06-03T11:00:00Z,1.1416,1.14186,1.14056,1.14118
EURUSD,H1,2025-06-03T12:00:00Z,1.14117,1.14182,1.14017,1.14119
EURUSD,H1,2025-06-03T13:00:00Z,1.14119,1.14126,1.13964,1.13979
EURUSD,H1,2025-06-03T14:00:00Z,1.13979,1.13992,1.13865,1.13906
EURUSD,H1,2025-06-03T15:00:00Z,1.13906,1.13941,1.13772,1.1381999999999999
EURUSD,H1,2025-06-03T16:00:00Z,1.1381999999999999,1.13951,1.13773,1.13877
EURUSD,H1,2025-06-03T17:00:00Z,1.13875,1.13934,1.13642,1.1392
EURUSD,H1,2025-06-03T18:00:00Z,1.1392,1.13931,1.13709,1.1372200000000001
EURUSD,H1,2025-06-03T19:00:00Z,1.1372200000000001,1.13835,1.13676,1.13735
EURUSD,H1,2025-06-03T20:00:00Z,1.13734,1.13818,1.1373,1.1378
EURUSD,H1,2025-06-03T21:00:00Z,1.1378,1.1378,1.13693,1.1374900000000001
EURUSD,H1,2025-06-03T22:00:00Z,1.1374900000000001,1.13762,1.13677,1.13689
EURUSD,H1,2025-06-03T23:00:00Z,1.13689,1.13741,1.13684,1.13703
EURUSD,H1,2025-06-04T00:00:00Z,1.13699,1.13754,1.13679,1.13747
EURUSD,H1,2025-06-04T01:00:00Z,1.13747,1.13753,1.13704,1.13743
EURUSD,H1,2025-06-04T02:00:00Z,1.13743,1.13862,1.13742,1.13843
EURUSD,H1,2025-06-04T03:00:00Z,1.13841,1.13891,1.13784,1.13827
EURUSD,H1,2025-06-04T04:00:00Z,1.13827,1.13935,1.13716,1.13857
EURUSD,H1,2025-06-04T05:00:00Z,1.13857,1.1388,1.13736,1.13761
EURUSD,H1,2025-06-04T06:00:00Z,1.13761,1.1381000000000001,1.13657,1.13678
EURUSD,H1,2025-06-04T07:00:00Z,1.13678,1.13792,1.13649,1.13668
EURUSD,H1,2025-06-04T08:00:00Z,1.13668,1.13718,1.1357,1.13625
EURUSD,H1,2025-06-04T09:00:00Z,1.13625,1.13784,1.13575,1.1378
EURUSD,H1,2025-06-04T10:00:00Z,1.13778,1.13969,1.13758,1.13867
EURUSD,H1,2025-06-04T11:00:00Z,1.13867,1.1404,1.13829,1.13995
EURUSD,H1,2025-06-04T12:00:00Z,1.13995,1.13995,1.13816,1.1383
EURUSD,H1,2025-06-04T13:00:00Z,1.1383,1.13857,1.1374900000000001,1.13824
EURUSD,H1,2025-06-04T14:00:00Z,1.13824,1.13875,1.13772,1.13794
EURUSD,H1,2025-06-04T15:00:00Z,1.13794,1.1411,1.13794,1.14093
EURUSD,H1,2025-06-04T16:00:00Z,1.14095,1.14138,1.13929,1.13979
EURUSD,H1,2025-06-04T17:00:00Z,1.13992,1.14345,1.13992,1.14329
EURUSD,H1,2025-06-04T18:00:00Z,1.14327,1.14339,1.14171,1.14236
EURUSD,H1,2025-06-04T19:00:00Z,1.14236,1.14346,1.14198,1.14331
EURUSD,H1,2025-06-04T20:00:00Z,1.14331,1.14336,1.14236,1.14249
EURUSD,H1,2025-06-04T21:00:00Z,1.14249,1.14284,1.14202,1.14205
EURUSD,H1,2025-06-04T22:00:00Z,1.14205,1.14218,1.1412200000000001,1.1412200000000001
EURUSD,H1,2025-06-04T23:00:00Z,1.1412200000000001,1.14224,1.14101,1.1414900000000001
EURUSD,H1,2025-06-05T00:00:00Z,1.14132,1.14186,1.14105,1.14138
EURUSD,H1,2025-06-05T01:00:00Z,1.14138,1.1423,1.14136,1.14199
EURUSD,H1,2025-06-05T02:00:00Z,1.14199,1.14288,1.14187,1.1421000000000001
EURUSD,H1,2025-06-05T03:00:00Z,1.1421000000000001,1.14294,1.14163,1.14292
EURUSD,H1,2025-06-05T04:00:00Z,1.14292,1.1435,1.14136,1.14166
EURUSD,H1,2025-06-05T05:00:00Z,1.14166,1.14196,1.14105,1.14178
EURUSD,H1,2025-06-05T06:00:00Z,1.14178,1.14228,1.1409,1.14107
EURUSD,H1,2025-06-05T07:00:00Z,1.14107,1.14145,1.1408,1.14105
EURUSD,H1,2025-06-05T08:00:00Z,1.14105,1.14137,1.14046,1.14063
EURUSD,H1,2025-06-05T09:00:00Z,1.14063,1.14172,1.14054,1.14091
EURUSD,H1,2025-06-05T10:00:00Z,1.14091,1.14251,1.1407,1.14119
EURUSD,H1,2025-06-05T11:00:00Z,1.14119,1.14195,1.14091,1.14131
EURUSD,H1,2025-06-05T12:00:00Z,1.14131,1.14218,1.14097,1.14188
EURUSD,H1,2025-06-05T13:00:00Z,1.14188,1.14328,1.14178,1.14242
EURUSD,H1,2025-06-05T14:00:00Z,1.14242,1.14284,1.14162,1.14265
EURUSD,H1,2025-06-05T15:00:00Z,1.14261,1.1449,1.14134,1.14296
EURUSD,H1,2025-06-05T16:00:00Z,1.14297,1.14951,1.14185,1.14806
EURUSD,H1,2025-06-05T17:00:00Z,1.14806,1.14822,1.14544,1.14581
EURUSD,H1,2025-06-05T18:00:00Z,1.14579,1.1459,1.14352,1.1439300000000001
EURUSD,H1,2025-06-05T19:00:00Z,1.14394,1.1448,1.14316,1.1448
EURUSD,H1,2025-06-05T20:00:00Z,1.1448,1.14483,1.14319,1.14431
EURUSD,H1,2025-06-05T21:00:00Z,1.14431,1.14443,1.14312,1.14423
EURUSD,H1,2025-06-05T22:00:00Z,1.14423,1.14481,1.14338,1.14381
EURUSD,H1,2025-06-05T23:00:00Z,1.14381,1.14452,1.14354,1.1444
EURUSD,H1,2025-06-06T00:00:00Z,1.1443699999999999,1.14467,1.1438,1.14396
EURUSD,H1,2025-06-06T01:00:00Z,1.14396,1.14519,1.14394,1.14518
EURUSD,H1,2025-06-06T02:00:00Z,1.14518,1.14541,1.14468,1.14536
EURUSD,H1,2025-06-06T03:00:00Z,1.14536,1.14575,1.14499,1.14502
EURUSD,H1,2025-06-06T04:00:00Z,1.14502,1.14524,1.14413,1.14425
EURUSD,H1,2025-06-06T05:00:00Z,1.14425,1.14435,1.1433200000000001,1.14379
EURUSD,H1,2025-06-06T06:00:00Z,1.14379,1.14439,1.14362,1.14402
EURUSD,H1,2025-06-06T07:00:00Z,1.14402,1.14424,1.14373,1.144
EURUSD,H1,2025-06-06T08:00:00Z,1.144,1.14404,1.14309,1.14359
EURUSD,H1,2025-06-06T09:00:00Z,1.14359,1.14425,1.1425,1.14356
EURUSD,H1,2025-06-06T10:00:00Z,1.14356,1.14369,1.14214,1.1427100000000001
EURUSD,H1,2025-06-06T11:00:00Z,1.1427100000000001,1.14294,1.14117,1.14146
EURUSD,H1,2025-06-06T12:00:00Z,1.14147,1.14214,1.14111,1.14195
EURUSD,H1,2025-06-06T13:00:00Z,1.14195,1.14245,1.14174,1.14229
EURUSD,H1,2025-06-06T14:00:00Z,1.14229,1.1429,1.14171,1.1418
EURUSD,H1,2025-06-06T15:00:00Z,1.1418,1.1431499999999999,1.13858,1.13968
EURUSD,H1,2025-06-06T16:00:00Z,1.13968,1.14025,1.13717,1.13903
EURUSD,H1,2025-06-06T17:00:00Z,1.13906,1.14164,1.1381000000000001,1.13895
EURUSD,H1,2025-06-06T18:00:00Z,1.13895,1.14024,1.13812,1.1396600000000001
EURUSD,H1,2025-06-06T19:00:00Z,1.1396600000000001,1.14016,1.13861,1.13873
EURUSD,H1,2025-06-06T20:00:00Z,1.13873,1.1398,1.13847,1.13932
EURUSD,H1,2025-06-06T21:00:00Z,1.13932,1.13997,1.13928,1.13972
EURUSD,H1,2025-06-06T22:00:00Z,1.13972,1.1402,1.13927,1.13962
EURUSD,H1,2025-06-06T23:00:00Z,1.13962,1.1398,1.13914,1.13934
EURUSD,H1,2025-06-09T00:00:00Z,1.13989,1.13989,1.13885,1.13925
EURUSD,H1,2025-06-09T01:00:00Z,1.13925,1.14071,1.13925,1.14067
EURUSD,H1,2025-06-09T02:00:00Z,1.14067,1.14115,1.14038,1.14066
EURUSD,H1,2025-06-09T03:00:00Z,1.14066,1.14091,1.13929,1.13938
EURUSD,H1,2025-06-09T04:00:00Z,1.13938,1.14173,1.13938,1.14154
EURUSD,H1,2025-06-09T05:00:00Z,1.14155,1.14253,1.14143,1.14172
EURUSD,H1,2025-06-09T06:00:00Z,1.14172,1.14211,1.1412,1.14121
EURUSD,H1,2025-06-09T07:00:00Z,1.14121,1.14191,1.14111,1.14185
EURUSD,H1,2025-06-09T08:00:00Z,1.14185,1.1424400000000001,1.14121,1.1421999999999999
EURUSD,H1,2025-06-09T09:00:00Z,1.1421999999999999,1.14298,1.1418,1.14275
EURUSD,H1,2025-06-09T10:00:00Z,1.14275,1.14287,1.14197,1.14225
EURUSD,H1,2025-06-09T11:00:00Z,1.14225,1.14363,1.14187,1.14284
EURUSD,H1,2025-06-09T12:00:00Z,1.14284,1.1439300000000001,1.14259,1.14261
EURUSD,H1,2025-06-09T13:00:00Z,1.14261,1.1429,1.14161,1.14195
EURUSD,H1,2025-06-09T14:00:00Z,1.14195,1.14232,1.14058,1.14176
EURUSD,H1,2025-06-09T15:00:00Z,1.14176,1.1418300000000001,1.13946,1.14004
EURUSD,H1,2025-06-09T16:00:00Z,1.14005,1.14045,1.13866,1.14021
EURUSD,H1,2025-06-09T17:00:00Z,1.14021,1.1409,1.13937,1.1408
EURUSD,H1,2025-06-09T18:00:00Z,1.1408,1.14256,1.14077,1.14243
EURUSD,H1,2025-06-09T19:00:00Z,1.14243,1.14257,1.14153,1.14247
EURUSD,H1,2025-06-09T20:00:00Z,1.14246,1.14263,1.14195,1.14221
EURUSD,H1,2025-06-09T21:00:00Z,1.14221,1.1431,1.14193,1.14279
EURUSD,H1,2025-06-09T22:00:00Z,1.14279,1.14295,1.14226,1.1423
EURUSD,H1,2025-06-09T23:00:00Z,1.1423,1.1427100000000001,1.14184,1.14199
EURUSD,H1,2025-06-10T00:00:00Z,1.1417,1.14213,1.14146,1.14194
EURUSD,H1,2025-06-10T01:00:00Z,1.14194,1.14238,1.1419,1.14231
EURUSD,H1,2025-06-10T02:00:00Z,1.14231,1.14284,1.14203,1.14264
EURUSD,H1,2025-06-10T03:00:00Z,1.14264,1.14356,1.14219,1.14243
EURUSD,H1,2025-06-10T04:00:00Z,1.14243,1.14284,1.13952,1.13969
EURUSD,H1,2025-06-10T05:00:00Z,1.13968,1.14007,1.13862,1.1399
EURUSD,H1,2025-06-10T06:00:00Z,1.1399,1.14052,1.13917,1.14031
EURUSD,H1,2025-06-10T07:00:00Z,1.14031,1.14042,1.13916,1.13996
EURUSD,H1,2025-06-10T08:00:00Z,1.13996,1.14137,1.1398,1.14052
EURUSD,H1,2025-06-10T09:00:00Z,1.14051,1.1414900000000001,1.13921,1.13947
EURUSD,H1,2025-06-10T10:00:00Z,1.13946,1.13998,1.1373,1.13922
EURUSD,H1,2025-06-10T11:00:00Z,1.13922,1.14113,1.13916,1.14083
EURUSD,H1,2025-06-10T12:00:00Z,1.14083,1.14184,1.14034,1.14166
EURUSD,H1,2025-06-10T13:00:00Z,1.14166,1.14251,1.14116,1.14237
EURUSD,H1,2025-06-10T14:00:00Z,1.14237,1.1434199999999999,1.14194,1.14292
EURUSD,H1,2025-06-10T15:00:00Z,1.14292,1.14404,1.1425,1.14323
EURUSD,H1,2025-06-10T16:00:00Z,1.14323,1.14477,1.14307,1.14429
EURUSD,H1,2025-06-10T17:00:00Z,1.14428,1.1445,1.14205,1.14258
EURUSD,H1,2025-06-10T18:00:00Z,1.14258,1.14279,1.14157,1.14227
EURUSD,H1,2025-06-10T19:00:00Z,1.14227,1.14268,1.14162,1.14236
EURUSD,H1,2025-06-10T20:00:00Z,1.14236,1.14288,1.14172,1.14229
EURUSD,H1,2025-06-10T21:00:00Z,1.14229,1.14252,1.14166,1.14202
EURUSD,H1,2025-06-10T22:00:00Z,1.14202,1.1436600000000001,1.14192,1.14262
EURUSD,H1,2025-06-10T23:00:00Z,1.14262,1.14299,1.14189,1.14248
EURUSD,H1,2025-06-11T00:00:00Z,1.14227,1.14264,1.1419,1.14239
EURUSD,H1,2025-06-11T01:00:00Z,1.14239,1.14295,1.142,1.14289
EURUSD,H1,2025-06-11T02:00:00Z,1.14289,1.14396,1.14221,1.14375
EURUSD,H1,2025-06-11T03:00:00Z,1.14375,1.14389,1.14204,1.14211
EURUSD,H1,2025-06-11T04:00:00Z,1.14211,1.14269,1.14062,1.14087
EURUSD,H1,2025-06-11T05:00:00Z,1.14087,1.14179,1.14074,1.14155
EURUSD,H1,2025-06-11T06:00:00Z,1.14155,1.14176,1.14115,1.14163
EURUSD,H1,2025-06-11T07:00:00Z,1.14163,1.1418,1.1412,1.14157
EURUSD,H1,2025-06-11T08:00:00Z,1.14157,1.14232,1.14136,1.14224
EURUSD,H1,2025-06-11T09:00:00Z,1.14224,1.14236,1.14072,1.14101
EURUSD,H1,2025-06-11T10:00:00Z,1.14101,1.14239,1.14054,1.14195
EURUSD,H1,2025-06-11T11:00:00Z,1.14195,1.14386,1.14184,1.14308
EURUSD,H1,2025-06-11T12:00:00Z,1.14308,1.14458,1.14299,1.14349
EURUSD,H1,2025-06-11T13:00:00Z,1.14349,1.1442700000000001,1.14333,1.14383
EURUSD,H1,2025-06-11T14:00:00Z,1.14383,1.14405,1.14267,1.14328
EURUSD,H1,2025-06-11T15:00:00Z,1.14328,1.14895,1.14283,1.14606
EURUSD,H1,2025-06-11T16:00:00Z,1.14606,1.14737,1.1453,1.14704
EURUSD,H1,2025-06-11T17:00:00Z,1.14704,1.14868,1.14672,1.14818
EURUSD,H1,2025-06-11T18:00:00Z,1.14818,1.14903,1.14748,1.14894
EURUSD,H1,2025-06-11T19:00:00Z,1.14894,1.14962,1.1482,1.14896
EURUSD,H1,2025-06-11T20:00:00Z,1.14896,1.14989,1.14883,1.14974
EURUSD,H1,2025-06-11T21:00:00Z,1.14974,1.14995,1.14836,1.14862
EURUSD,H1,2025-06-11T22:00:00Z,1.14862,1.14868,1.1479300000000001,1.1482700000000001
EURUSD,H1,2025-06-11T23:00:00Z,1.14832,1.14893,1.14804,1.14884
EURUSD,H1,2025-06-12T00:00:00Z,1.14871,1.14879,1.14815,1.14876
EURUSD,H1,2025-06-12T01:00:00Z,1.14875,1.15089,1.14875,1.15058
EURUSD,H1,2025-06-12T02:00:00Z,1.15058,1.15131,1.15046,1.15102
EURUSD,H1,2025-06-12T03:00:00Z,1.15102,1.15267,1.15018,1.15214
EURUSD,H1,2025-06-12T04:00:00Z,1.15214,1.15292,1.15147,1.15187
EURUSD,H1,2025-06-12T05:00:00Z,1.15187,1.1519,1.15066,1.15114
EURUSD,H1,2025-06-12T06:00:00Z,1.15114,1.15222,1.15105,1.15198
EURUSD,H1,2025-06-12T07:00:00Z,1.15198,1.15198,1.15122,1.15154
EURUSD,H1,2025-06-12T08:00:00Z,1.15154,1.15327,1.15109,1.1528
EURUSD,H1,2025-06-12T09:00:00Z,1.15278,1.15316,1.15114,1.15222
EURUSD,H1,2025-06-12T10:00:00Z,1.15222,1.15279,1.15058,1.1526399999999999
EURUSD,H1,2025-06-12T11:00:00Z,1.1526399999999999,1.1547399999999999,1.15231,1.15442
EURUSD,H1,2025-06-12T12:00:00Z,1.15443,1.15888,1.15404,1.15721
EURUSD,H1,2025-06-12T13:00:00Z,1.15721,1.16103,1.15668,1.15929
EURUSD,H1,2025-06-12T14:00:00Z,1.15929,1.16068,1.15842,1.15896
EURUSD,H1,2025-06-12T15:00:00Z,1.15896,1.16315,1.15883,1.16098
EURUSD,H1,2025-06-12T16:00:00Z,1.16098,1.16172,1.15794,1.1585
EURUSD,H1,2025-06-12T17:00:00Z,1.15849,1.15902,1.15791,1.15821
EURUSD,H1,2025-06-12T18:00:00Z,1.15821,1.15851,1.15675,1.1577
EURUSD,H1,2025-06-12T19:00:00Z,1.1577,1.15797,1.15669,1.15761
EURUSD,H1,2025-06-12T20:00:00Z,1.15761,1.15782,1.15638,1.1575199999999999
EURUSD,H1,2025-06-12T21:00:00Z,1.15751,1.15809,1.15702,1.15777
EURUSD,H1,2025-06-12T22:00:00Z,1.15777,1.15808,1.15748,1.15762
EURUSD,H1,2025-06-12T23:00:00Z,1.15762,1.15872,1.15758,1.15845
EURUSD,H1,2025-06-13T00:00:00Z,1.1581,1.1588,1.15765,1.15877
EURUSD,H1,2025-06-13T01:00:00Z,1.15881,1.15929,1.15868,1.15899
EURUSD,H1,2025-06-13T02:00:00Z,1.15899,1.16095,1.15868,1.16092
EURUSD,H1,2025-06-13T03:00:00Z,1.16088,1.16146,1.15396,1.1559
EURUSD,H1,2025-06-13T04:00:00Z,1.1559,1.15602,1.15373,1.15485
EURUSD,H1,2025-06-13T05:00:00Z,1.15484,1.15585,1.15371,1.15454
EURUSD,H1,2025-06-13T06:00:00Z,1.15454,1.15466,1.15277,1.15374
EURUSD,H1,2025-06-13T07:00:00Z,1.15374,1.15409,1.1514199999999999,1.15253
EURUSD,H1,2025-06-13T08:00:00Z,1.15253,1.15372,1.1512,1.15294
EURUSD,H1,2025-06-13T09:00:00Z,1.15294,1.15465,1.1524,1.15424
EURUSD,H1,2025-06-13T10:00:00Z,1.15425,1.15605,1.15354,1.15355
EURUSD,H1,2025-06-13T11:00:00Z,1.15355,1.15472,1.15256,1.15288
EURUSD,H1,2025-06-13T12:00:00Z,1.15288,1.15358,1.15185,1.15235
EURUSD,H1,2025-06-13T13:00:00Z,1.15235,1.15297,1.14889,1.15048
EURUSD,H1,2025-06-13T14:00:00Z,1.15048,1.15109,1.14905,1.15102
EURUSD,H1,2025-06-13T15:00:00Z,1.15102,1.15227,1.15066,1.15164
EURUSD,H1,2025-06-13T16:00:00Z,1.15161,1.15276,1.15013,1.15233
EURUSD,H1,2025-06-13T17:00:00Z,1.1522999999999999,1.15463,1.15211,1.15445
EURUSD,H1,2025-06-13T18:00:00Z,1.15446,1.15696,1.15381,1.15565
EURUSD,H1,2025-06-13T19:00:00Z,1.15564,1.15661,1.15524,1.15545
EURUSD,H1,2025-06-13T20:00:00Z,1.15545,1.15555,1.15373,1.15492
EURUSD,H1,2025-06-13T21:00:00Z,1.15492,1.15509,1.15336,1.15416
EURUSD,H1,2025-06-13T22:00:00Z,1.15411,1.15518,1.15367,1.15501
EURUSD,H1,2025-06-13T23:00:00Z,1.15501,1.15515,1.15377,1.15512
EURUSD,H1,2025-06-16T00:00:00Z,1.1525,1.1535,1.15211,1.15282
EURUSD,H1,2025-06-16T01:00:00Z,1.15282,1.1548,1.15247,1.1541299999999999
EURUSD,H1,2025-06-16T02:00:00Z,1.1541299999999999,1.15421,1.15277,1.15379
EURUSD,H1,2025-06-16T03:00:00Z,1.15379,1.15468,1.15309,1.15348
EURUSD,H1,2025-06-16T04:00:00Z,1.15343,1.15444,1.1532,1.15323
EURUSD,H1,2025-06-16T05:00:00Z,1.15323,1.15364,1.1526399999999999,1.15304
EURUSD,H1,2025-06-16T06:00:00Z,1.15304,1.1535,1.15237,1.15274
EURUSD,H1,2025-06-16T07:00:00Z,1.15274,1.15371,1.15272,1.15359
EURUSD,H1,2025-06-16T08:00:00Z,1.1536,1.15626,1.15358,1.1556899999999999
EURUSD,H1,2025-06-16T09:00:00Z,1.1556899999999999,1.15761,1.15399,1.15737
EURUSD,H1,2025-06-16T10:00:00Z,1.15736,1.15865,1.1567,1.15782
EURUSD,H1,2025-06-16T11:00:00Z,1.15782,1.15848,1.1575199999999999,1.1578
EURUSD,H1,2025-06-16T12:00:00Z,1.1578,1.15848,1.15761,1.15846
EURUSD,H1,2025-06-16T13:00:00Z,1.15846,1.15859,1.15724,1.15753
EURUSD,H1,2025-06-16T14:00:00Z,1.15753,1.15839,1.15697,1.15733
EURUSD,H1,2025-06-16T15:00:00Z,1.15733,1.15849,1.1571,1.15842
EURUSD,H1,2025-06-16T16:00:00Z,1.15842,1.16051,1.15842,1.16011
EURUSD,H1,2025-06-16T17:00:00Z,1.16013,1.16148,1.15894,1.15914
EURUSD,H1,2025-06-16T18:00:00Z,1.15914,1.1595,1.15791,1.158
EURUSD,H1,2025-06-16T19:00:00Z,1.158,1.15861,1.15785,1.15841
EURUSD,H1,2025-06-16T20:00:00Z,1.1584,1.1585,1.15727,1.15783
EURUSD,H1,2025-06-16T21:00:00Z,1.15779,1.15815,1.15738,1.15802
EURUSD,H1,2025-06-16T22:00:00Z,1.15802,1.15802,1.15551,1.15558
EURUSD,H1,2025-06-16T23:00:00Z,1.15557,1.15634,1.15544,1.15592
EURUSD,H1,2025-06-17T00:00:00Z,1.1558,1.15648,1.15566,1.15595
EURUSD,H1,2025-06-17T01:00:00Z,1.15595,1.15623,1.15533,1.15557
EURUSD,H1,2025-06-17T02:00:00Z,1.15556,1.15621,1.15491,1.15539
EURUSD,H1,2025-06-17T03:00:00Z,1.15539,1.15544,1.15425,1.15501
EURUSD,H1,2025-06-17T04:00:00Z,1.15501,1.15605,1.15499,1.15548
EURUSD,H1,2025-06-17T05:00:00Z,1.15548,1.1561,1.15455,1.15586
EURUSD,H1,2025-06-17T06:00:00Z,1.15586,1.1564,1.1555,1.15622
EURUSD,H1,2025-06-17T07:00:00Z,1.15622,1.15674,1.15595,1.15609
EURUSD,H1,2025-06-17T08:00:00Z,1.15609,1.15655,1.15526,1.15575
EURUSD,H1,2025-06-17T09:00:00Z,1.15575,1.15726,1.15526,1.15624
EURUSD,H1,2025-06-17T10:00:00Z,1.15624,1.15637,1.15454,1.15584
EURUSD,H1,2025-06-17T11:00:00Z,1.15584,1.15598,1.15501,1.15511
EURUSD,H1,2025-06-17T12:00:00Z,1.15515,1.15609,1.15503,1.15566
EURUSD,H1,2025-06-17T13:00:00Z,1.15566,1.15688,1.15552,1.1568100000000001
EURUSD,H1,2025-06-17T14:00:00Z,1.1568100000000001,1.15738,1.15574,1.15617
EURUSD,H1,2025-06-17T15:00:00Z,1.15617,1.158,1.15478,1.15503
EURUSD,H1,2025-06-17T16:00:00Z,1.15503,1.15696,1.15503,1.15589
EURUSD,H1,2025-06-17T17:00:00Z,1.15589,1.1561,1.1510799999999999,1.15267
EURUSD,H1,2025-06-17T18:00:00Z,1.15267,1.15357,1.15187,1.15341
EURUSD,H1,2025-06-17T19:00:00Z,1.15341,1.15392,1.14987,1.15026
EURUSD,H1,2025-06-17T20:00:00Z,1.15028,1.15088,1.14784,1.14866
EURUSD,H1,2025-06-17T21:00:00Z,1.14866,1.14905,1.1475,1.14796
EURUSD,H1,2025-06-17T22:00:00Z,1.14797,1.14889,1.14772,1.14847
EURUSD,H1,2025-06-17T23:00:00Z,1.14847,1.14855,1.14747,1.14799
EURUSD,H1,2025-06-18T00:00:00Z,1.14795,1.1486399999999999,1.14738,1.14813
EURUSD,H1,2025-06-18T01:00:00Z,1.14813,1.14837,1.14747,1.14751
EURUSD,H1,2025-06-18T02:00:00Z,1.14751,1.1482700000000001,1.14751,1.14819
EURUSD,H1,2025-06-18T03:00:00Z,1.14819,1.1497,1.14807,1.14922
EURUSD,H1,2025-06-18T04:00:00Z,1.14922,1.15009,1.14893,1.1497
EURUSD,H1,2025-06-18T05:00:00Z,1.1497,1.15013,1.14933,1.14979
EURUSD,H1,2025-06-18T06:00:00Z,1.14979,1.15052,1.14962,1.15
EURUSD,H1,2025-06-18T07:00:00Z,1.15,1.1508099999999999,1.14965,1.15056
EURUSD,H1,2025-06-18T08:00:00Z,1.15055,1.15073,1.15004,1.15046
EURUSD,H1,2025-06-18T09:00:00Z,1.15046,1.15154,1.15007,1.15103
EURUSD,H1,2025-06-18T10:00:00Z,1.15103,1.15234,1.15091,1.15133
EURUSD,H1,2025-06-18T11:00:00Z,1.15133,1.15162,1.14985,1.15022
EURUSD,H1,2025-06-18T12:00:00Z,1.15022,1.15107,1.14972,1.15038
EURUSD,H1,2025-06-18T13:00:00Z,1.15038,1.15109,1.14918,1.14936
EURUSD,H1,2025-06-18T14:00:00Z,1.14934,1.15086,1.14922,1.15074
EURUSD,H1,2025-06-18T15:00:00Z,1.15074,1.15165,1.1501000000000001,1.15062
EURUSD,H1,2025-06-18T16:00:00Z,1.15062,1.15088,1.14883,1.1488800000000001
EURUSD,H1,2025-06-18T17:00:00Z,1.1488800000000001,1.15228,1.14844,1.15074
EURUSD,H1,2025-06-18T18:00:00Z,1.15074,1.15303,1.15059,1.15202
EURUSD,H1,2025-06-18T19:00:00Z,1.15202,1.15252,1.15015,1.15031
EURUSD,H1,2025-06-18T20:00:00Z,1.15031,1.15092,1.14881,1.14961
EURUSD,H1,2025-06-18T21:00:00Z,1.14957,1.15293,1.14743,1.14747
EURUSD,H1,2025-06-18T22:00:00Z,1.14753,1.14877,1.1461000000000001,1.14745
EURUSD,H1,2025-06-18T23:00:00Z,1.14745,1.14841,1.14722,1.14832
EURUSD,H1,2025-06-19T00:00:00Z,1.14771,1.14819,1.14705,1.14808
EURUSD,H1,2025-06-19T01:00:00Z,1.14808,1.1489,1.1475,1.1480299999999999
EURUSD,H1,2025-06-19T02:00:00Z,1.1480299999999999,1.14817,1.14711,1.14761
EURUSD,H1,2025-06-19T03:00:00Z,1.14761,1.14839,1.1474199999999999,1.14811
EURUSD,H1,2025-06-19T04:00:00Z,1.14811,1.14822,1.14522,1.14532
EURUSD,H1,2025-06-19T05:00:00Z,1.14532,1.14583,1.14506,1.14553
EURUSD,H1,2025-06-19T06:00:00Z,1.14553,1.14683,1.14536,1.14658
EURUSD,H1,2025-06-19T07:00:00Z,1.14658,1.14694,1.14635,1.14694
EURUSD,H1,2025-06-19T08:00:00Z,1.14694,1.14695,1.1451,1.14569
EURUSD,H1,2025-06-19T09:00:00Z,1.14569,1.14677,1.14463,1.14668
EURUSD,H1,2025-06-19T10:00:00Z,1.14668,1.1476899999999999,1.14602,1.14618
EURUSD,H1,2025-06-19T11:00:00Z,1.14618,1.14794,1.14564,1.1476600000000001
EURUSD,H1,2025-06-19T12:00:00Z,1.1476600000000001,1.14799,1.14696,1.14756
EURUSD,H1,2025-06-19T13:00:00Z,1.14756,1.1479300000000001,1.14695,1.14736
EURUSD,H1,2025-06-19T14:00:00Z,1.14737,1.14875,1.14676,1.14809
EURUSD,H1,2025-06-19T15:00:00Z,1.14809,1.14862,1.14694,1.14775
EURUSD,H1,2025-06-19T16:00:00Z,1.14776,1.14846,1.14714,1.14728
EURUSD,H1,2025-06-19T17:00:00Z,1.14728,1.14807,1.14619,1.14684
EURUSD,H1,2025-06-19T18:00:00Z,1.14684,1.14723,1.14587,1.14602
EURUSD,H1,2025-06-19T19:00:00Z,1.14597,1.14617,1.14546,1.14567
EURUSD,H1,2025-06-19T20:00:00Z,1.14567,1.14831,1.14556,1.14791
EURUSD,H1,2025-06-19T21:00:00Z,1.14791,1.14873,1.14774,1.14851
EURUSD,H1,2025-06-19T22:00:00Z,1.14851,1.15003,1.14845,1.14981
EURUSD,H1,2025-06-19T23:00:00Z,1.14981,1.14994,1.14924,1.14965
EURUSD,H1,2025-06-20T00:00:00Z,1.14918,1.14969,1.14882,1.14928
EURUSD,H1,2025-06-20T01:00:00Z,1.14928,1.15005,1.14913,1.14977
EURUSD,H1,2025-06-20T02:00:00Z,1.14977,1.15127,1.14971,1.1512
EURUSD,H1,2025-06-20T03:00:00Z,1.1512,1.15241,1.1510799999999999,1.15228
EURUSD,H1,2025-06-20T04:00:00Z,1.15228,1.15233,1.15131,1.15133
EURUSD,H1,2025-06-20T05:00:00Z,1.15133,1.15219,1.1511,1.15179
EURUSD,H1,2025-06-20T06:00:00Z,1.15179,1.15304,1.15153,1.15295
EURUSD,H1,2025-06-20T07:00:00Z,1.15295,1.15323,1.15245,1.15271
EURUSD,H1,2025-06-20T08:00:00Z,1.15271,1.15292,1.15191,1.15275
EURUSD,H1,2025-06-20T09:00:00Z,1.15275,1.15298,1.15139,1.15166
EURUSD,H1,2025-06-20T10:00:00Z,1.15166,1.15195,1.15101,1.15165
EURUSD,H1,2025-06-20T11:00:00Z,1.15165,1.15266,1.15115,1.15225
EURUSD,H1,2025-06-20T12:00:00Z,1.15225,1.15285,1.15196,1.15269
EURUSD,H1,2025-06-20T13:00:00Z,1.15269,1.15349,1.15224,1.15242
EURUSD,H1,2025-06-20T14:00:00Z,1.15242,1.1526,1.15119,1.15212
EURUSD,H1,2025-06-20T15:00:00Z,1.15212,1.15269,1.15059,1.15129
EURUSD,H1,2025-06-20T16:00:00Z,1.1513,1.15214,1.15091,1.15185
EURUSD,H1,2025-06-20T17:00:00Z,1.15183,1.15192,1.14951,1.15135
EURUSD,H1,2025-06-20T18:00:00Z,1.15134,1.15289,1.1511,1.15196
EURUSD,H1,2025-06-20T19:00:00Z,1.15196,1.15374,1.1519300000000001,1.1536
EURUSD,H1,2025-06-20T20:00:00Z,1.1536,1.15441,1.15318,1.15323
EURUSD,H1,2025-06-20T21:00:00Z,1.15323,1.15371,1.15272,1.15286
EURUSD,H1,2025-06-20T22:00:00Z,1.15286,1.15318,1.15156,1.15158
EURUSD,H1,2025-06-20T23:00:00Z,1.15158,1.15226,1.15138,1.15212
EURUSD,H1,2025-06-23T00:00:00Z,1.14562,1.14738,1.14507,1.14686
EURUSD,H1,2025-06-23T01:00:00Z,1.14686,1.1495,1.14686,1.14885
EURUSD,H1,2025-06-23T02:00:00Z,1.14886,1.15073,1.14863,1.14997
EURUSD,H1,2025-06-23T03:00:00Z,1.14997,1.15059,1.14809,1.14892
EURUSD,H1,2025-06-23T04:00:00Z,1.14894,1.14929,1.14723,1.14924
EURUSD,H1,2025-06-23T05:00:00Z,1.14924,1.15069,1.14924,1.14994
EURUSD,H1,2025-06-23T06:00:00Z,1.14996,1.15034,1.14923,1.1494
EURUSD,H1,2025-06-23T07:00:00Z,1.1494,1.14964,1.14851,1.14906
EURUSD,H1,2025-06-23T08:00:00Z,1.14906,1.15146,1.14906,1.15131
EURUSD,H1,2025-06-23T09:00:00Z,1.15131,1.15212,1.15036,1.1507
EURUSD,H1,2025-06-23T10:00:00Z,1.1507,1.15163,1.14912,1.14987
EURUSD,H1,2025-06-23T11:00:00Z,1.1498599999999999,1.1502,1.1480299999999999,1.14818
EURUSD,H1,2025-06-23T12:00:00Z,1.14818,1.1482999999999999,1.14537,1.14719
EURUSD,H1,2025-06-23T13:00:00Z,1.14719,1.14819,1.14595,1.14626
EURUSD,H1,2025-06-23T14:00:00Z,1.14626,1.14746,1.14605,1.14727
EURUSD,H1,2025-06-23T15:00:00Z,1.14727,1.1478,1.1457,1.14676
EURUSD,H1,2025-06-23T16:00:00Z,1.14676,1.14941,1.14649,1.14898
EURUSD,H1,2025-06-23T17:00:00Z,1.14897,1.15407,1.14893,1.15309
EURUSD,H1,2025-06-23T18:00:00Z,1.15309,1.15523,1.15289,1.15373
EURUSD,H1,2025-06-23T19:00:00Z,1.15373,1.15576,1.15179,1.15448
EURUSD,H1,2025-06-23T20:00:00Z,1.15448,1.15735,1.15406,1.15693
EURUSD,H1,2025-06-23T21:00:00Z,1.15693,1.1578,1.15661,1.15743
EURUSD,H1,2025-06-23T22:00:00Z,1.15743,1.15789,1.15704,1.15785
EURUSD,H1,2025-06-23T23:00:00Z,1.15785,1.15817,1.15748,1.15783
EURUSD,H1,2025-06-24T00:00:00Z,1.1574200000000001,1.1579,1.15719,1.15772
EURUSD,H1,2025-06-24T01:00:00Z,1.15772,1.16025,1.15725,1.15927
EURUSD,H1,2025-06-24T02:00:00Z,1.15927,1.16084,1.15868,1.15981
EURUSD,H1,2025-06-24T03:00:00Z,1.15981,1.16089,1.15896,1.15991
EURUSD,H1,2025-06-24T04:00:00Z,1.15991,1.1605699999999999,1.15901,1.15909
EURUSD,H1,2025-06-24T05:00:00Z,1.15909,1.16015,1.1586400000000001,1.16003
EURUSD,H1,2025-06-24T06:00:00Z,1.16003,1.16099,1.16,1.16058
EURUSD,H1,2025-06-24T07:00:00Z,1.16058,1.16143,1.16025,1.16063
EURUSD,H1,2025-06-24T08:00:00Z,1.16063,1.16138,1.16012,1.16107
EURUSD,H1,2025-06-24T09:00:00Z,1.16107,1.16225,1.16015,1.16052
EURUSD,H1,2025-06-24T10:00:00Z,1.16052,1.16106,1.15801,1.15923
EURUSD,H1,2025-06-24T11:00:00Z,1.15915,1.1599599999999999,1.15855,1.15927
EURUSD,H1,2025-06-24T12:00:00Z,1.15927,1.16182,1.15919,1.16096
EURUSD,H1,2025-06-24T13:00:00Z,1.16096,1.16096,1.15944,1.15966
EURUSD,H1,2025-06-24T14:00:00Z,1.15967,1.1615199999999999,1.15966,1.16085
EURUSD,H1,2025-06-24T15:00:00Z,1.16084,1.16114,1.1593499999999999,1.16007
EURUSD,H1,2025-06-24T16:00:00Z,1.16007,1.16032,1.15823,1.1592
EURUSD,H1,2025-06-24T17:00:00Z,1.1592,1.16416,1.15907,1.1616900000000001
EURUSD,H1,2025-06-24T18:00:00Z,1.1616900000000001,1.16365,1.16065,1.16071
EURUSD,H1,2025-06-24T19:00:00Z,1.16071,1.1625,1.16053,1.1623999999999999
EURUSD,H1,2025-06-24T20:00:00Z,1.1623999999999999,1.1632500000000001,1.16224,1.1626
EURUSD,H1,2025-06-24T21:00:00Z,1.1626,1.16291,1.162,1.16236
EURUSD,H1,2025-06-24T22:00:00Z,1.16236,1.16251,1.16121,1.16126
EURUSD,H1,2025-06-24T23:00:00Z,1.16127,1.16156,1.1608,1.16084
EURUSD,H1,2025-06-25T00:00:00Z,1.1609,1.1609,1.1597,1.16035
EURUSD,H1,2025-06-25T01:00:00Z,1.16035,1.16111,1.16022,1.16079
EURUSD,H1,2025-06-25T02:00:00Z,1.16079,1.16155,1.16077,1.16122
EURUSD,H1,2025-06-25T03:00:00Z,1.16122,1.16267,1.16111,1.16251
EURUSD,H1,2025-06-25T04:00:00Z,1.16251,1.16315,1.16176,1.16287
EURUSD,H1,2025-06-25T05:00:00Z,1.16287,1.16297,1.16177,1.16207
EURUSD,H1,2025-06-25T06:00:00Z,1.16207,1.16233,1.16114,1.16119
EURUSD,H1,2025-06-25T07:00:00Z,1.16119,1.16181,1.16117,1.16139
EURUSD,H1,2025-06-25T08:00:00Z,1.16139,1.16205,1.16093,1.16194
EURUSD,H1,2025-06-25T09:00:00Z,1.16194,1.16227,1.16037,1.16072
EURUSD,H1,2025-06-25T10:00:00Z,1.16072,1.16093,1.15899,1.15988
EURUSD,H1,2025-06-25T11:00:00Z,1.15989,1.16114,1.15931,1.16101
EURUSD,H1,2025-06-25T12:00:00Z,1.16101,1.16113,1.15921,1.16007
EURUSD,H1,2025-06-25T13:00:00Z,1.16007,1.1608100000000001,1.15972,1.16036
EURUSD,H1,2025-06-25T14:00:00Z,1.16036,1.16135,1.15967,1.15993
EURUSD,H1,2025-06-25T15:00:00Z,1.15993,1.16053,1.159,1.15928
EURUSD,H1,2025-06-25T16:00:00Z,1.15928,1.16076,1.15902,1.16012
EURUSD,H1,2025-06-25T17:00:00Z,1.1601,1.16236,1.1601,1.16209
EURUSD,H1,2025-06-25T18:00:00Z,1.16209,1.16297,1.16168,1.16199
EURUSD,H1,2025-06-25T19:00:00Z,1.16198,1.1635900000000001,1.16197,1.16308
EURUSD,H1,2025-06-25T20:00:00Z,1.16308,1.16444,1.1627,1.16426
EURUSD,H1,2025-06-25T21:00:00Z,1.16426,1.16615,1.16419,1.16611
EURUSD,H1,2025-06-25T22:00:00Z,1.16611,1.16651,1.16564,1.16583
EURUSD,H1,2025-06-25T23:00:00Z,1.16584,1.1661,1.16512,1.16596
EURUSD,H1,2025-06-26T00:00:00Z,1.16584,1.16584,1.16519,1.16556
EURUSD,H1,2025-06-26T01:00:00Z,1.16556,1.16602,1.16555,1.16596
EURUSD,H1,2025-06-26T02:00:00Z,1.16596,1.16849,1.16595,1.16835
EURUSD,H1,2025-06-26T03:00:00Z,1.16835,1.16892,1.16802,1.1682299999999999
EURUSD,H1,2025-06-26T04:00:00Z,1.1682299999999999,1.16879,1.16672,1.16862
EURUSD,H1,2025-06-26T05:00:00Z,1.16862,1.16953,1.16822,1.16907
EURUSD,H1,2025-06-26T06:00:00Z,1.16907,1.17173,1.16888,1.16946
EURUSD,H1,2025-06-26T07:00:00Z,1.16946,1.16949,1.1678600000000001,1.168
EURUSD,H1,2025-06-26T08:00:00Z,1.168,1.1686,1.16756,1.16855
EURUSD,H1,2025-06-26T09:00:00Z,1.16854,1.17005,1.16719,1.16997
EURUSD,H1,2025-06-26T10:00:00Z,1.16996,1.17135,1.16915,1.17103
EURUSD,H1,2025-06-26T11:00:00Z,1.17103,1.17449,1.17069,1.17276
EURUSD,H1,2025-06-26T12:00:00Z,1.17276,1.17288,1.17124,1.17251
EURUSD,H1,2025-06-26T13:00:00Z,1.17251,1.1731,1.17135,1.17149
EURUSD,H1,2025-06-26T14:00:00Z,1.17149,1.17156,1.16939,1.16948
EURUSD,H1,2025-06-26T15:00:00Z,1.16948,1.17129,1.16901,1.17066
EURUSD,H1,2025-06-26T16:00:00Z,1.17066,1.17209,1.16944,1.17171
EURUSD,H1,2025-06-26T17:00:00Z,1.17171,1.17192,1.17063,1.17085
EURUSD,H1,2025-06-26T18:00:00Z,1.17085,1.17175,1.16903,1.17167
EURUSD,H1,2025-06-26T19:00:00Z,1.17167,1.17403,1.1710099999999999,1.17295
EURUSD,H1,2025-06-26T20:00:00Z,1.17296,1.17321,1.17209,1.17249
EURUSD,H1,2025-06-26T21:00:00Z,1.17249,1.17286,1.17179,1.17205
EURUSD,H1,2025-06-26T22:00:00Z,1.17205,1.17206,1.17041,1.17045
EURUSD,H1,2025-06-26T23:00:00Z,1.17045,1.17086,1.16939,1.17013
EURUSD,H1,2025-06-27T00:00:00Z,1.17,1.17,1.1683,1.16944
EURUSD,H1,2025-06-27T01:00:00Z,1.16944,1.16973,1.16806,1.16833
EURUSD,H1,2025-06-27T02:00:00Z,1.16833,1.16983,1.16833,1.16929
EURUSD,H1,2025-06-27T03:00:00Z,1.16933,1.1697899999999999,1.1688399999999999,1.16924
EURUSD,H1,2025-06-27T04:00:00Z,1.16919,1.17043,1.16859,1.17016
EURUSD,H1,2025-06-27T05:00:00Z,1.17016,1.17057,1.16859,1.16998
EURUSD,H1,2025-06-27T06:00:00Z,1.16998,1.17096,1.16954,1.16957
EURUSD,H1,2025-06-27T07:00:00Z,1.16956,1.16983,1.16851,1.16851
EURUSD,H1,2025-06-27T08:00:00Z,1.16851,1.16936,1.16846,1.16893
EURUSD,H1,2025-06-27T09:00:00Z,1.16893,1.17187,1.16835,1.17187
EURUSD,H1,2025-06-27T10:00:00Z,1.17187,1.1727,1.17072,1.17146
EURUSD,H1,2025-06-27T11:00:00Z,1.17146,1.17263,1.17087,1.17095
EURUSD,H1,2025-06-27T12:00:00Z,1.17097,1.17113,1.17016,1.17095
EURUSD,H1,2025-06-27T13:00:00Z,1.17095,1.17156,1.17014,1.17138
EURUSD,H1,2025-06-27T14:00:00Z,1.17141,1.17201,1.17109,1.17142
EURUSD,H1,2025-06-27T15:00:00Z,1.17141,1.17497,1.17028,1.1747
EURUSD,H1,2025-06-27T16:00:00Z,1.1747,1.17541,1.17156,1.17282
EURUSD,H1,2025-06-27T17:00:00Z,1.17271,1.17383,1.17056,1.17184
EURUSD,H1,2025-06-27T18:00:00Z,1.17184,1.17303,1.17117,1.17235
EURUSD,H1,2025-06-27T19:00:00Z,1.17237,1.17323,1.17175,1.1722299999999999
EURUSD,H1,2025-06-27T20:00:00Z,1.1722299999999999,1.1724,1.16954,1.17021
EURUSD,H1,2025-06-27T21:00:00Z,1.17021,1.17057,1.16878,1.16996
EURUSD,H1,2025-06-27T22:00:00Z,1.16996,1.1709,1.1699,1.1706699999999999
EURUSD,H1,2025-06-27T23:00:00Z,1.1706699999999999,1.17209,1.17061,1.17208
EURUSD,H1,2025-06-30T00:00:00Z,1.17279,1.17301,1.17173,1.173
EURUSD,H1,2025-06-30T01:00:00Z,1.173,1.1733,1.1722,1.17302
EURUSD,H1,2025-06-30T02:00:00Z,1.17302,1.17387,1.1726,1.17267
EURUSD,H1,2025-06-30T03:00:00Z,1.17267,1.17286,1.17158,1.17182
EURUSD,H1,2025-06-30T04:00:00Z,1.17181,1.17348,1.1715200000000001,1.17205
EURUSD,H1,2025-06-30T05:00:00Z,1.17205,1.17314,1.1718,1.1719
EURUSD,H1,2025-06-30T06:00:00Z,1.1719,1.17221,1.17118,1.17121
EURUSD,H1,2025-06-30T07:00:00Z,1.17121,1.17321,1.17121,1.17303
EURUSD,H1,2025-06-30T08:00:00Z,1.17303,1.17385,1.17233,1.17264
EURUSD,H1,2025-06-30T09:00:00Z,1.17264,1.17507,1.17208,1.17433
EURUSD,H1,2025-06-30T10:00:00Z,1.17433,1.17433,1.17244,1.1724700000000001
EURUSD,H1,2025-06-30T11:00:00Z,1.17248,1.17303,1.17136,1.17295
EURUSD,H1,2025-06-30T12:00:00Z,1.17295,1.17327,1.17173,1.17195
EURUSD,H1,2025-06-30T13:00:00Z,1.17195,1.1724999999999999,1.17166,1.1724700000000001
EURUSD,H1,2025-06-30T14:00:00Z,1.1724700000000001,1.17317,1.17229,1.17232
EURUSD,H1,2025-06-30T15:00:00Z,1.17232,1.17253,1.17077,1.17133
EURUSD,H1,2025-06-30T16:00:00Z,1.17133,1.17216,1.17122,1.1721300000000001
EURUSD,H1,2025-06-30T17:00:00Z,1.17215,1.17509,1.17108,1.17387
EURUSD,H1,2025-06-30T18:00:00Z,1.17386,1.17719,1.1733500000000001,1.17698
EURUSD,H1,2025-06-30T19:00:00Z,1.17698,1.177,1.1749,1.17628
EURUSD,H1,2025-06-30T20:00:00Z,1.17628,1.17707,1.17605,1.17659
EURUSD,H1,2025-06-30T21:00:00Z,1.17659,1.17798,1.17646,1.17759
EURUSD,H1,2025-06-30T22:00:00Z,1.17759,1.17807,1.17726,1.17797
EURUSD,H1,2025-06-30T23:00:00Z,1.17797,1.1788,1.17774,1.17877
EURUSD,H1,2025-07-01T00:00:00Z,1.17868,1.17868,1.1767,1.17798
EURUSD,H1,2025-07-01T01:00:00Z,1.17798,1.17914,1.17781,1.17858
EURUSD,H1,2025-07-01T02:00:00Z,1.17858,1.17877,1.17835,1.17864
EURUSD,H1,2025-07-01T03:00:00Z,1.17864,1.17981,1.17863,1.17977
EURUSD,H1,2025-07-01T04:00:00Z,1.17977,1.18076,1.17798,1.17803
EURUSD,H1,2025-07-01T05:00:00Z,1.17802,1.1789399999999999,1.17779,1.17883
EURUSD,H1,2025-07-01T06:00:00Z,1.17882,1.17941,1.1786699999999999,1.17895
EURUSD,H1,2025-07-01T07:00:00Z,1.17896,1.17941,1.17829,1.17863
EURUSD,H1,2025-07-01T08:00:00Z,1.17863,1.17897,1.17802,1.17864
EURUSD,H1,2025-07-01T09:00:00Z,1.17864,1.17869,1.17761,1.17792
EURUSD,H1,2025-07-01T10:00:00Z,1.17792,1.17879,1.17673,1.17862
EURUSD,H1,2025-07-01T11:00:00Z,1.17861,1.18174,1.1774499999999999,1.18047
EURUSD,H1,2025-07-01T12:00:00Z,1.18034,1.18298,1.17966,1.18136
EURUSD,H1,2025-07-01T13:00:00Z,1.18136,1.18235,1.18109,1.18117
EURUSD,H1,2025-07-01T14:00:00Z,1.18117,1.18193,1.18058,1.18139
EURUSD,H1,2025-07-01T15:00:00Z,1.18139,1.18174,1.18023,1.18038
EURUSD,H1,2025-07-01T16:00:00Z,1.18038,1.18119,1.17929,1.17986
EURUSD,H1,2025-07-01T17:00:00Z,1.17994,1.18022,1.17753,1.17797
EURUSD,H1,2025-07-01T18:00:00Z,1.1779600000000001,1.1779600000000001,1.17689,1.17758
EURUSD,H1,2025-07-01T19:00:00Z,1.17758,1.17758,1.17615,1.17654
EURUSD,H1,2025-07-01T20:00:00Z,1.17654,1.17837,1.17654,1.17828
EURUSD,H1,2025-07-01T21:00:00Z,1.17828,1.17836,1.1775,1.17809
EURUSD,H1,2025-07-01T22:00:00Z,1.17809,1.17914,1.17794,1.17912
EURUSD,H1,2025-07-01T23:00:00Z,1.17912,1.18066,1.17909,1.18052
EURUSD,H1,2025-07-02T00:00:00Z,1.18056,1.18056,1.17985,1.18033
EURUSD,H1,2025-07-02T01:00:00Z,1.18033,1.18065,1.18022,1.18028
EURUSD,H1,2025-07-02T02:00:00Z,1.18028,1.18069,1.17991,1.18054
EURUSD,H1,2025-07-02T03:00:00Z,1.18054,1.18081,1.17992,1.1807699999999999
EURUSD,H1,2025-07-02T04:00:00Z,1.18076,1.1810100000000001,1.17921,1.17936
EURUSD,H1,2025-07-02T05:00:00Z,1.17936,1.1802,1.17882,1.18003
EURUSD,H1,2025-07-02T06:00:00Z,1.18003,1.18031,1.17961,1.18003
EURUSD,H1,2025-07-02T07:00:00Z,1.18002,1.18012,1.17958,1.17964
EURUSD,H1,2025-07-02T08:00:00Z,1.17964,1.17982,1.17845,1.17873
EURUSD,H1,2025-07-02T09:00:00Z,1.17874,1.17937,1.1773500000000001,1.17816
EURUSD,H1,2025-07-02T10:00:00Z,1.17816,1.17836,1.17712,1.17742
EURUSD,H1,2025-07-02T11:00:00Z,1.17742,1.17816,1.177,1.17757
EURUSD,H1,2025-07-02T12:00:00Z,1.17757,1.17778,1.17671,1.17703
EURUSD,H1,2025-07-02T13:00:00Z,1.17703,1.17809,1.1764999999999999,1.1767400000000001
EURUSD,H1,2025-07-02T14:00:00Z,1.1767400000000001,1.17712,1.1747,1.17497
EURUSD,H1,2025-07-02T15:00:00Z,1.17497,1.17884,1.17473,1.17567
EURUSD,H1,2025-07-02T16:00:00Z,1.17566,1.17775,1.1755,1.176
EURUSD,H1,2025-07-02T17:00:00Z,1.176,1.17708,1.17506,1.17675
EURUSD,H1,2025-07-02T18:00:00Z,1.17675,1.17897,1.17662,1.1789399999999999
EURUSD,H1,2025-07-02T19:00:00Z,1.1789399999999999,1.17941,1.17855,1.17886
EURUSD,H1,2025-07-02T20:00:00Z,1.17886,1.18001,1.17885,1.1795499999999999
EURUSD,H1,2025-07-02T21:00:00Z,1.1795499999999999,1.18,1.17935,1.17996
EURUSD,H1,2025-07-02T22:00:00Z,1.17996,1.18033,1.17956,1.18023
EURUSD,H1,2025-07-02T23:00:00Z,1.18023,1.18025,1.17956,1.17982
EURUSD,H1,2025-07-03T00:00:00Z,1.17983,1.17983,1.17869,1.1795200000000001
EURUSD,H1,2025-07-03T01:00:00Z,1.1795200000000001,1.18001,1.17937,1.17984
EURUSD,H1,2025-07-03T02:00:00Z,1.17984,1.18021,1.17972,1.17988
EURUSD,H1,2025-07-03T03:00:00Z,1.17988,1.18088,1.17981,1.18066
EURUSD,H1,2025-07-03T04:00:00Z,1.18066,1.1810100000000001,1.18041,1.18045
EURUSD,H1,2025-07-03T05:00:00Z,1.18045,1.18048,1.17946,1.17977
EURUSD,H1,2025-07-03T06:00:00Z,1.17977,1.17996,1.17893,1.1791800000000001
EURUSD,H1,2025-07-03T07:00:00Z,1.1791800000000001,1.17933,1.17874,1.17893
EURUSD,H1,2025-07-03T08:00:00Z,1.17893,1.17961,1.1786699999999999,1.17961
EURUSD,H1,2025-07-03T09:00:00Z,1.17961,1.18029,1.17916,1.18023
EURUSD,H1,2025-07-03T10:00:00Z,1.18023,1.181,1.17945,1.1801300000000001
EURUSD,H1,2025-07-03T11:00:00Z,1.1801300000000001,1.18086,1.17956,1.1797900000000001
EURUSD,H1,2025-07-03T12:00:00Z,1.1797900000000001,1.17982,1.17886,1.17924
EURUSD,H1,2025-07-03T13:00:00Z,1.17924,1.18001,1.1787,1.17934
EURUSD,H1,2025-07-03T14:00:00Z,1.17933,1.17969,1.17831,1.17849
EURUSD,H1,2025-07-03T15:00:00Z,1.17847,1.17896,1.17172,1.17382
EURUSD,H1,2025-07-03T16:00:00Z,1.17382,1.17794,1.17339,1.1773
EURUSD,H1,2025-07-03T17:00:00Z,1.17738,1.17898,1.17513,1.17533
EURUSD,H1,2025-07-03T18:00:00Z,1.17532,1.17664,1.17493,1.1757
EURUSD,H1,2025-07-03T19:00:00Z,1.17571,1.17581,1.17399,1.17524
EURUSD,H1,2025-07-03T20:00:00Z,1.17524,1.17584,1.17504,1.1754
EURUSD,H1,2025-07-03T21:00:00Z,1.1754,1.17566,1.17482,1.17489
EURUSD,H1,2025-07-03T22:00:00Z,1.17489,1.17524,1.17444,1.17478
EURUSD,H1,2025-07-03T23:00:00Z,1.17478,1.17595,1.17465,1.17573
EURUSD,H1,2025-07-04T00:00:00Z,1.1756199999999999,1.17586,1.17502,1.17567
EURUSD,H1,2025-07-04T01:00:00Z,1.17567,1.17595,1.17538,1.17595
EURUSD,H1,2025-07-04T02:00:00Z,1.17595,1.17715,1.1756,1.17692
EURUSD,H1,2025-07-04T03:00:00Z,1.17692,1.17708,1.17637,1.1767
EURUSD,H1,2025-07-04T04:00:00Z,1.1767,1.17696,1.1756,1.17596
EURUSD,H1,2025-07-04T05:00:00Z,1.17596,1.17708,1.17596,1.17654
EURUSD,H1,2025-07-04T06:00:00Z,1.17654,1.17726,1.17644,1.17703
EURUSD,H1,2025-07-04T07:00:00Z,1.17703,1.17803,1.17692,1.17802
EURUSD,H1,2025-07-04T08:00:00Z,1.17802,1.17856,1.17799,1.17841
EURUSD,H1,2025-07-04T09:00:00Z,1.17842,1.17851,1.17744,1.1781
EURUSD,H1,2025-07-04T10:00:00Z,1.17811,1.17826,1.17677,1.17697
EURUSD,H1,2025-07-04T11:00:00Z,1.17697,1.17776,1.17683,1.17746
EURUSD,H1,2025-07-04T12:00:00Z,1.17746,1.17822,1.17722,1.17783
EURUSD,H1,2025-07-04T13:00:00Z,1.17783,1.17809,1.1775,1.17777
EURUSD,H1,2025-07-04T14:00:00Z,1.17777,1.1782,1.17685,1.17691
EURUSD,H1,2025-07-04T15:00:00Z,1.17692,1.17719,1.17639,1.17666
EURUSD,H1,2025-07-04T16:00:00Z,1.17666,1.1781,1.17664,1.1779600000000001
EURUSD,H1,2025-07-04T17:00:00Z,1.17798,1.17876,1.17752,1.17785
EURUSD,H1,2025-07-04T18:00:00Z,1.17782,1.17847,1.1776,1.17787
EURUSD,H1,2025-07-04T19:00:00Z,1.17787,1.17819,1.17737,1.17743
EURUSD,H1,2025-07-04T20:00:00Z,1.17743,1.17779,1.17724,1.17757
EURUSD,H1,2025-07-04T21:00:00Z,1.17757,1.17795,1.17744,1.17791
EURUSD,H1,2025-07-04T22:00:00Z,1.17791,1.17798,1.17734,1.17746
EURUSD,H1,2025-07-04T23:00:00Z,1.17746,1.17836,1.17697,1.17736
EURUSD,H1,2025-07-07T00:00:00Z,1.17771,1.17823,1.17742,1.1778
EURUSD,H1,2025-07-07T01:00:00Z,1.1778,1.17818,1.17733,1.17799
EURUSD,H1,2025-07-07T02:00:00Z,1.17799,1.17823,1.17752,1.17803
EURUSD,H1,2025-07-07T03:00:00Z,1.17803,1.17903,1.17787,1.17797
EURUSD,H1,2025-07-07T04:00:00Z,1.17797,1.17808,1.1770100000000001,1.1772
EURUSD,H1,2025-07-07T05:00:00Z,1.1772,1.17753,1.17647,1.17675
EURUSD,H1,2025-07-07T06:00:00Z,1.17675,1.17746,1.17665,1.1769
EURUSD,H1,2025-07-07T07:00:00Z,1.1769,1.17724,1.17642,1.17662
EURUSD,H1,2025-07-07T08:00:00Z,1.17662,1.17737,1.17635,1.17714
EURUSD,H1,2025-07-07T09:00:00Z,1.17714,1.17736,1.1750099999999999,1.17561
EURUSD,H1,2025-07-07T10:00:00Z,1.17561,1.17587,1.17453,1.17456
EURUSD,H1,2025-07-07T11:00:00Z,1.17456,1.17476,1.17233,1.17244
EURUSD,H1,2025-07-07T12:00:00Z,1.17244,1.17348,1.17222,1.17342
EURUSD,H1,2025-07-07T13:00:00Z,1.17342,1.17362,1.17231,1.17276
EURUSD,H1,2025-07-07T14:00:00Z,1.17276,1.17342,1.1724999999999999,1.17296
EURUSD,H1,2025-07-07T15:00:00Z,1.17295,1.1731,1.17183,1.17224
EURUSD,H1,2025-07-07T16:00:00Z,1.17224,1.17407,1.1722,1.17351
EURUSD,H1,2025-07-07T17:00:00Z,1.17351,1.17454,1.17328,1.17389
EURUSD,H1,2025-07-07T18:00:00Z,1.17388,1.1740599999999999,1.17303,1.17328
EURUSD,H1,2025-07-07T19:00:00Z,1.17333,1.17399,1.16875,1.16942
EURUSD,H1,2025-07-07T20:00:00Z,1.16942,1.17141,1.16868,1.17069
EURUSD,H1,2025-07-07T21:00:00Z,1.17069,1.17196,1.16999,1.1719
EURUSD,H1,2025-07-07T22:00:00Z,1.1719,1.17238,1.17163,1.17195
EURUSD,H1,2025-07-07T23:00:00Z,1.17195,1.17214,1.17063,1.17083
EURUSD,H1,2025-07-08T00:00:00Z,1.17076,1.17087,1.1706,1.17073
EURUSD,H1,2025-07-08T01:00:00Z,1.17071,1.17374,1.17071,1.17353
EURUSD,H1,2025-07-08T02:00:00Z,1.17353,1.17387,1.17314,1.17368
EURUSD,H1,2025-07-08T03:00:00Z,1.17368,1.17479,1.17368,1.17433
EURUSD,H1,2025-07-08T04:00:00Z,1.17433,1.17442,1.17309,1.17381
EURUSD,H1,2025-07-08T05:00:00Z,1.17381,1.17489,1.1736,1.17386
EURUSD,H1,2025-07-08T06:00:00Z,1.17386,1.17489,1.1737,1.17469
EURUSD,H1,2025-07-08T07:00:00Z,1.17469,1.175,1.17407,1.17414
EURUSD,H1,2025-07-08T08:00:00Z,1.17414,1.17448,1.17337,1.17346
EURUSD,H1,2025-07-08T09:00:00Z,1.17346,1.17449,1.17318,1.17418
EURUSD,H1,2025-07-08T10:00:00Z,1.17418,1.17654,1.17418,1.176
EURUSD,H1,2025-07-08T11:00:00Z,1.176,1.17603,1.17475,1.17488
EURUSD,H1,2025-07-08T12:00:00Z,1.17487,1.17507,1.17389,1.17421
EURUSD,H1,2025-07-08T13:00:00Z,1.17421,1.17424,1.17233,1.1728399999999999
EURUSD,H1,2025-07-08T14:00:00Z,1.17283,1.17386,1.17215,1.17217
EURUSD,H1,2025-07-08T15:00:00Z,1.17218,1.1724700000000001,1.1714,1.17209
EURUSD,H1,2025-07-08T16:00:00Z,1.17209,1.17224,1.16937,1.17051
EURUSD,H1,2025-07-08T17:00:00Z,1.17051,1.17066,1.16826,1.16922
EURUSD,H1,2025-07-08T18:00:00Z,1.16922,1.17127,1.16897,1.17068
EURUSD,H1,2025-07-08T19:00:00Z,1.1706699999999999,1.17131,1.16962,1.17089
EURUSD,H1,2025-07-08T20:00:00Z,1.17088,1.1726,1.17076,1.17244
EURUSD,H1,2025-07-08T21:00:00Z,1.17244,1.17287,1.17182,1.17252
EURUSD,H1,2025-07-08T22:00:00Z,1.17252,1.17298,1.17194,1.17244
EURUSD,H1,2025-07-08T23:00:00Z,1.17242,1.17288,1.17226,1.1724999999999999
EURUSD,H1,2025-07-09T00:00:00Z,1.17243,1.17243,1.17075,1.17174
EURUSD,H1,2025-07-09T01:00:00Z,1.17174,1.17294,1.17174,1.17287
EURUSD,H1,2025-07-09T02:00:00Z,1.17287,1.17289,1.17218,1.17234
EURUSD,H1,2025-07-09T03:00:00Z,1.17234,1.1726,1.17177,1.1724700000000001
EURUSD,H1,2025-07-09T04:00:00Z,1.1724700000000001,1.1726,1.17171,1.17206
EURUSD,H1,2025-07-09T05:00:00Z,1.17206,1.17255,1.17047,1.17115
EURUSD,H1,2025-07-09T06:00:00Z,1.17115,1.17117,1.17029,1.17038
EURUSD,H1,2025-07-09T07:00:00Z,1.17038,1.17139,1.17013,1.17126
EURUSD,H1,2025-07-09T08:00:00Z,1.17126,1.17215,1.17109,1.17167
EURUSD,H1,2025-07-09T09:00:00Z,1.17167,1.17286,1.17123,1.17259
EURUSD,H1,2025-07-09T10:00:00Z,1.17259,1.17285,1.17045,1.17076
EURUSD,H1,2025-07-09T11:00:00Z,1.17076,1.17201,1.17023,1.17132
EURUSD,H1,2025-07-09T12:00:00Z,1.17132,1.17198,1.17074,1.17134
EURUSD,H1,2025-07-09T13:00:00Z,1.17134,1.17177,1.17017,1.1702
EURUSD,H1,2025-07-09T14:00:00Z,1.1702,1.1706699999999999,1.16896,1.16913
EURUSD,H1,2025-07-09T15:00:00Z,1.16913,1.17171,1.16913,1.17155
EURUSD,H1,2025-07-09T16:00:00Z,1.17155,1.17226,1.17004,1.17035
EURUSD,H1,2025-07-09T17:00:00Z,1.17035,1.17245,1.17029,1.17148
EURUSD,H1,2025-07-09T18:00:00Z,1.17148,1.17163,1.17051,1.17061
EURUSD,H1,2025-07-09T19:00:00Z,1.17061,1.17092,1.17005,1.17051
EURUSD,H1,2025-07-09T20:00:00Z,1.17051,1.17111,1.17038,1.17082
EURUSD,H1,2025-07-09T21:00:00Z,1.17097,1.17179,1.1705,1.17134
EURUSD,H1,2025-07-09T22:00:00Z,1.17133,1.17233,1.17129,1.1719
EURUSD,H1,2025-07-09T23:00:00Z,1.1719,1.17232,1.17117,1.17222
EURUSD,H1,2025-07-10T00:00:00Z,1.17173,1.1722,1.17094,1.17181
EURUSD,H1,2025-07-10T01:00:00Z,1.17218,1.17251,1.17178,1.1724700000000001
EURUSD,H1,2025-07-10T02:00:00Z,1.1724700000000001,1.17399,1.1723,1.17381
EURUSD,H1,2025-07-10T03:00:00Z,1.17381,1.17497,1.17358,1.17437
EURUSD,H1,2025-07-10T04:00:00Z,1.17437,1.17444,1.17379,1.17408
EURUSD,H1,2025-07-10T05:00:00Z,1.17408,1.17444,1.17373,1.17391
EURUSD,H1,2025-07-10T06:00:00Z,1.17391,1.17399,1.17338,1.17339
EURUSD,H1,2025-07-10T07:00:00Z,1.17341,1.1736,1.17305,1.17351
EURUSD,H1,2025-07-10T08:00:00Z,1.17351,1.17409,1.17349,1.17392
EURUSD,H1,2025-07-10T09:00:00Z,1.1739,1.17436,1.17294,1.17327
EURUSD,H1,2025-07-10T10:00:00Z,1.17328,1.1738,1.17262,1.17332
EURUSD,H1,2025-07-10T11:00:00Z,1.17333,1.17342,1.17261,1.17279
EURUSD,H1,2025-07-10T12:00:00Z,1.17279,1.17344,1.17279,1.17309
EURUSD,H1,2025-07-10T13:00:00Z,1.17309,1.1734,1.17276,1.17285
EURUSD,H1,2025-07-10T14:00:00Z,1.17285,1.17296,1.17082,1.17117
EURUSD,H1,2025-07-10T15:00:00Z,1.1712,1.17141,1.17017,1.17065
EURUSD,H1,2025-07-10T16:00:00Z,1.17065,1.17147,1.16866,1.16927
EURUSD,H1,2025-07-10T17:00:00Z,1.16927,1.16938,1.16626,1.16801
EURUSD,H1,2025-07-10T18:00:00Z,1.16801,1.16885,1.16739,1.1687400000000001
EURUSD,H1,2025-07-10T19:00:00Z,1.1687400000000001,1.16901,1.16821,1.16853
EURUSD,H1,2025-07-10T20:00:00Z,1.16854,1.16914,1.16816,1.16893
EURUSD,H1,2025-07-10T21:00:00Z,1.16893,1.16949,1.16879,1.16923
EURUSD,H1,2025-07-10T22:00:00Z,1.16923,1.16991,1.169,1.16957
EURUSD,H1,2025-07-10T23:00:00Z,1.16957,1.17002,1.1694499999999999,1.17
EURUSD,H1,2025-07-11T00:00:00Z,1.16999,1.17025,1.16948,1.17025
EURUSD,H1,2025-07-11T01:00:00Z,1.17025,1.17074,1.17016,1.17059
EURUSD,H1,2025-07-11T02:00:00Z,1.17059,1.17063,1.16997,1.17018
EURUSD,H1,2025-07-11T03:00:00Z,1.17018,1.1705,1.16647,1.16749
EURUSD,H1,2025-07-11T04:00:00Z,1.16748,1.16862,1.16685,1.16753
EURUSD,H1,2025-07-11T05:00:00Z,1.16753,1.16782,1.16707,1.1671
EURUSD,H1,2025-07-11T06:00:00Z,1.1671,1.16846,1.16703,1.16817
EURUSD,H1,2025-07-11T07:00:00Z,1.16817,1.1683,1.1669100000000001,1.16765
EURUSD,H1,2025-07-11T08:00:00Z,1.16765,1.16842,1.1675200000000001,1.1678
EURUSD,H1,2025-07-11T09:00:00Z,1.1678,1.16851,1.16703,1.16749
EURUSD,H1,2025-07-11T10:00:00Z,1.16749,1.16958,1.16749,1.1689
EURUSD,H1,2025-07-11T11:00:00Z,1.1689,1.16924,1.16795,1.16824
EURUSD,H1,2025-07-11T12:00:00Z,1.1682299999999999,1.16955,1.16814,1.16952
EURUSD,H1,2025-07-11T13:00:00Z,1.16952,1.16968,1.1687400000000001,1.16925
EURUSD,H1,2025-07-11T14:00:00Z,1.16925,1.17013,1.16863,1.16879
EURUSD,H1,2025-07-11T15:00:00Z,1.16879,1.17001,1.16824,1.1688399999999999
EURUSD,H1,2025-07-11T16:00:00Z,1.1688399999999999,1.17141,1.16865,1.16887
EURUSD,H1,2025-07-11T17:00:00Z,1.16887,1.16942,1.1674,1.16921
EURUSD,H1,2025-07-11T18:00:00Z,1.16921,1.17042,1.16892,1.16962
EURUSD,H1,2025-07-11T19:00:00Z,1.16962,1.1698,1.16887,1.16915
EURUSD,H1,2025-07-11T20:00:00Z,1.16915,1.16949,1.16864,1.16934
EURUSD,H1,2025-07-11T21:00:00Z,1.16934,1.16958,1.16883,1.16885
EURUSD,H1,2025-07-11T22:00:00Z,1.16885,1.16921,1.16858,1.1688
EURUSD,H1,2025-07-11T23:00:00Z,1.1688,1.16936,1.16785,1.16852
EURUSD,H1,2025-07-14T00:00:00Z,1.1658,1.16719,1.1658,1.16688
EURUSD,H1,2025-07-14T01:00:00Z,1.16688,1.1684700000000001,1.16628,1.16647
EURUSD,H1,2025-07-14T02:00:00Z,1.16647,1.1683,1.16635,1.16826
EURUSD,H1,2025-07-14T03:00:00Z,1.16826,1.1694,1.16817,1.1693500000000001
EURUSD,H1,2025-07-14T04:00:00Z,1.1693500000000001,1.16977,1.16842,1.16846
EURUSD,H1,2025-07-14T05:00:00Z,1.16846,1.16905,1.16727,1.16742
EURUSD,H1,2025-07-14T06:00:00Z,1.16744,1.1685,1.16732,1.16812
EURUSD,H1,2025-07-14T07:00:00Z,1.16812,1.16819,1.16747,1.16748
EURUSD,H1,2025-07-14T08:00:00Z,1.16748,1.16787,1.16649,1.16697
EURUSD,H1,2025-07-14T09:00:00Z,1.16697,1.16703,1.16543,1.16637
EURUSD,H1,2025-07-14T10:00:00Z,1.16637,1.1687400000000001,1.16629,1.1685699999999999
EURUSD,H1,2025-07-14T11:00:00Z,1.1685699999999999,1.1689,1.16801,1.16827
EURUSD,H1,2025-07-14T12:00:00Z,1.16827,1.16922,1.16794,1.16915
EURUSD,H1,2025-07-14T13:00:00Z,1.16913,1.16951,1.16879,1.16947
EURUSD,H1,2025-07-14T14:00:00Z,1.16947,1.16971,1.16862,1.16887
EURUSD,H1,2025-07-14T15:00:00Z,1.16887,1.16919,1.168,1.16858
EURUSD,H1,2025-07-14T16:00:00Z,1.16858,1.16867,1.16746,1.16821
EURUSD,H1,2025-07-14T17:00:00Z,1.16821,1.16943,1.1678600000000001,1.16835
EURUSD,H1,2025-07-14T18:00:00Z,1.16835,1.16959,1.16673,1.16715
EURUSD,H1,2025-07-14T19:00:00Z,1.16714,1.16756,1.16601,1.16624
EURUSD,H1,2025-07-14T20:00:00Z,1.16624,1.16669,1.16592,1.16628
EURUSD,H1,2025-07-14T21:00:00Z,1.16628,1.1673,1.16627,1.16704
EURUSD,H1,2025-07-14T22:00:00Z,1.16704,1.16718,1.16646,1.16683
EURUSD,H1,2025-07-14T23:00:00Z,1.16683,1.16692,1.16631,1.16653
EURUSD,H1,2025-07-15T00:00:00Z,1.16642,1.16659,1.16611,1.16635
EURUSD,H1,2025-07-15T01:00:00Z,1.16635,1.16679,1.16634,1.16667
EURUSD,H1,2025-07-15T02:00:00Z,1.16667,1.16671,1.16605,1.16654
EURUSD,H1,2025-07-15T03:00:00Z,1.16654,1.16773,1.16647,1.16722
EURUSD,H1,2025-07-15T04:00:00Z,1.16722,1.16748,1.1666,1.1669100000000001
EURUSD,H1,2025-07-15T05:00:00Z,1.1669100000000001,1.1675,1.16653,1.16745
EURUSD,H1,2025-07-15T06:00:00Z,1.16745,1.16778,1.1673,1.16759
EURUSD,H1,2025-07-15T07:00:00Z,1.16759,1.168,1.16739,1.16759
EURUSD,H1,2025-07-15T08:00:00Z,1.16759,1.16863,1.16758,1.16859
EURUSD,H1,2025-07-15T09:00:00Z,1.16859,1.16881,1.16745,1.16778
EURUSD,H1,2025-07-15T10:00:00Z,1.16779,1.16928,1.16719,1.16905
EURUSD,H1,2025-07-15T11:00:00Z,1.16905,1.16914,1.16819,1.16869
EURUSD,H1,2025-07-15T12:00:00Z,1.16869,1.1691,1.16814,1.1685
EURUSD,H1,2025-07-15T13:00:00Z,1.1685,1.16875,1.16763,1.16838
EURUSD,H1,2025-07-15T14:00:00Z,1.16838,1.16842,1.16675,1.16697
EURUSD,H1,2025-07-15T15:00:00Z,1.16697,1.1690800000000001,1.16622,1.1678
EURUSD,H1,2025-07-15T16:00:00Z,1.1678,1.16794,1.16394,1.16433
EURUSD,H1,2025-07-15T17:00:00Z,1.16433,1.16442,1.16155,1.16186
EURUSD,H1,2025-07-15T18:00:00Z,1.16186,1.16186,1.16007,1.16181
EURUSD,H1,2025-07-15T19:00:00Z,1.16181,1.16204,1.15937,1.15961
EURUSD,H1,2025-07-15T20:00:00Z,1.15961,1.16012,1.15929,1.15968
EURUSD,H1,2025-07-15T21:00:00Z,1.15968,1.16054,1.15955,1.1602999999999999
EURUSD,H1,2025-07-15T22:00:00Z,1.1602999999999999,1.16035,1.15992,1.1601
EURUSD,H1,2025-07-15T23:00:00Z,1.1601,1.16038,1.15993,1.16022
EURUSD,H1,2025-07-16T00:00:00Z,1.16005,1.16006,1.15955,1.15987
EURUSD,H1,2025-07-16T01:00:00Z,1.15987,1.16045,1.15977,1.16044
EURUSD,H1,2025-07-16T02:00:00Z,1.16044,1.16079,1.16029,1.16073
EURUSD,H1,2025-07-16T03:00:00Z,1.16073,1.16136,1.16024,1.16079
EURUSD,H1,2025-07-16T04:00:00Z,1.16079,1.16155,1.16065,1.16138
EURUSD,H1,2025-07-16T05:00:00Z,1.16138,1.16138,1.16072,1.16105
EURUSD,H1,2025-07-16T06:00:00Z,1.16104,1.16155,1.16059,1.16111
EURUSD,H1,2025-07-16T07:00:00Z,1.16111,1.162,1.16104,1.16198
EURUSD,H1,2025-07-16T08:00:00Z,1.16198,1.16207,1.16144,1.16207
EURUSD,H1,2025-07-16T09:00:00Z,1.16207,1.1628,1.16187,1.16277
EURUSD,H1,2025-07-16T10:00:00Z,1.16277,1.16285,1.16125,1.16188
EURUSD,H1,2025-07-16T11:00:00Z,1.16188,1.16258,1.1618,1.16253
EURUSD,H1,2025-07-16T12:00:00Z,1.16253,1.16263,1.16131,1.16158
EURUSD,H1,2025-07-16T13:00:00Z,1.16158,1.16191,1.1609,1.16173
EURUSD,H1,2025-07-16T14:00:00Z,1.16173,1.1621,1.16009,1.16035
EURUSD,H1,2025-07-16T15:00:00Z,1.16036,1.16139,1.15923,1.1598600000000001
EURUSD,H1,2025-07-16T16:00:00Z,1.1598600000000001,1.16033,1.15629,1.15725
EURUSD,H1,2025-07-16T17:00:00Z,1.15726,1.16056,1.15624,1.15929
EURUSD,H1,2025-07-16T18:00:00Z,1.15929,1.17215,1.15923,1.16296
EURUSD,H1,2025-07-16T19:00:00Z,1.16293,1.16562,1.16155,1.16391
EURUSD,H1,2025-07-16T20:00:00Z,1.1639,1.16584,1.16364,1.16414
EURUSD,H1,2025-07-16T21:00:00Z,1.16414,1.16446,1.16275,1.16282
EURUSD,H1,2025-07-16T22:00:00Z,1.16282,1.16372,1.16205,1.1635900000000001
EURUSD,H1,2025-07-16T23:00:00Z,1.1635900000000001,1.16424,1.1633499999999999,1.16398
EURUSD,H1,2025-07-17T00:00:00Z,1.16368,1.16408,1.16224,1.16339
EURUSD,H1,2025-07-17T01:00:00Z,1.16341,1.16425,1.16323,1.16363
EURUSD,H1,2025-07-17T02:00:00Z,1.16363,1.164,1.16333,1.16355
EURUSD,H1,2025-07-17T03:00:00Z,1.16355,1.16363,1.16171,1.16239
EURUSD,H1,2025-07-17T04:00:00Z,1.16239,1.16291,1.16134,1.16279
EURUSD,H1,2025-07-17T05:00:00Z,1.16279,1.16279,1.16168,1.16183
EURUSD,H1,2025-07-17T06:00:00Z,1.16183,1.16196,1.16141,1.16193
EURUSD,H1,2025-07-17T07:00:00Z,1.16191,1.16247,1.1616,1.16245
EURUSD,H1,2025-07-17T08:00:00Z,1.16245,1.1627399999999999,1.16167,1.1616900000000001
EURUSD,H1,2025-07-17T09:00:00Z,1.16168,1.16176,1.15734,1.15832
EURUSD,H1,2025-07-17T10:00:00Z,1.15832,1.15966,1.1574200000000001,1.15907
EURUSD,H1,2025-07-17T11:00:00Z,1.15907,1.16052,1.15896,1.16017
EURUSD,H1,2025-07-17T12:00:00Z,1.16017,1.16048,1.15886,1.1590799999999999
EURUSD,H1,2025-07-17T13:00:00Z,1.1590799999999999,1.15912,1.15833,1.1586
EURUSD,H1,2025-07-17T14:00:00Z,1.1586,1.159,1.15703,1.15745
EURUSD,H1,2025-07-17T15:00:00Z,1.15745,1.1592500000000001,1.15562,1.15871
EURUSD,H1,2025-07-17T16:00:00Z,1.15871,1.1598600000000001,1.15801,1.15863
EURUSD,H1,2025-07-17T17:00:00Z,1.15863,1.15928,1.1578,1.15878
EURUSD,H1,2025-07-17T18:00:00Z,1.15878,1.16027,1.15854,1.15964
EURUSD,H1,2025-07-17T19:00:00Z,1.15965,1.16019,1.15834,1.15862
EURUSD,H1,2025-07-17T20:00:00Z,1.15862,1.15907,1.15823,1.15851
EURUSD,H1,2025-07-17T21:00:00Z,1.15851,1.1588,1.15798,1.15844
EURUSD,H1,2025-07-17T22:00:00Z,1.15844,1.15998,1.15843,1.15977
EURUSD,H1,2025-07-17T23:00:00Z,1.15976,1.16003,1.15943,1.15975
EURUSD,H1,2025-07-18T00:00:00Z,1.1595,1.15974,1.15819,1.15955
EURUSD,H1,2025-07-18T01:00:00Z,1.15955,1.16192,1.15955,1.16168
EURUSD,H1,2025-07-18T02:00:00Z,1.16168,1.16197,1.16145,1.16149
EURUSD,H1,2025-07-18T03:00:00Z,1.16149,1.16278,1.16144,1.16246
EURUSD,H1,2025-07-18T04:00:00Z,1.16246,1.16343,1.162,1.1629
EURUSD,H1,2025-07-18T05:00:00Z,1.1629,1.16312,1.16241,1.16293
EURUSD,H1,2025-07-18T06:00:00Z,1.16293,1.16317,1.16219,1.16238
EURUSD,H1,2025-07-18T07:00:00Z,1.16238,1.1623999999999999,1.16182,1.16193
EURUSD,H1,2025-07-18T08:00:00Z,1.16193,1.16206,1.16122,1.16173
EURUSD,H1,2025-07-18T09:00:00Z,1.16172,1.16226,1.1612,1.16204
EURUSD,H1,2025-07-18T10:00:00Z,1.16204,1.16313,1.162,1.1629
EURUSD,H1,2025-07-18T11:00:00Z,1.1629,1.16456,1.16281,1.16357
EURUSD,H1,2025-07-18T12:00:00Z,1.16357,1.16431,1.16331,1.1633499999999999
EURUSD,H1,2025-07-18T13:00:00Z,1.1633499999999999,1.16421,1.1632,1.164
EURUSD,H1,2025-07-18T14:00:00Z,1.164,1.16482,1.1639599999999999,1.16444
EURUSD,H1,2025-07-18T15:00:00Z,1.16444,1.16584,1.16432,1.16564
EURUSD,H1,2025-07-18T16:00:00Z,1.16564,1.16677,1.1648,1.16657
EURUSD,H1,2025-07-18T17:00:00Z,1.16657,1.16719,1.16445,1.16479
EURUSD,H1,2025-07-18T18:00:00Z,1.1648,1.16578,1.16427,1.16446
EURUSD,H1,2025-07-18T19:00:00Z,1.16446,1.16489,1.1626400000000001,1.16286
EURUSD,H1,2025-07-18T20:00:00Z,1.16286,1.16299,1.16178,1.16271
EURUSD,H1,2025-07-18T21:00:00Z,1.16271,1.1628,1.16194,1.16217
EURUSD,H1,2025-07-18T22:00:00Z,1.16217,1.16232,1.1617,1.16225
EURUSD,H1,2025-07-18T23:00:00Z,1.16225,1.16276,1.16188,1.1621
EURUSD,H1,2025-07-21T00:00:00Z,1.16248,1.1633499999999999,1.16178,1.16303
EURUSD,H1,2025-07-21T01:00:00Z,1.16303,1.16326,1.16225,1.16265
EURUSD,H1,2025-07-21T02:00:00Z,1.1626400000000001,1.16316,1.16248,1.16296
EURUSD,H1,2025-07-21T03:00:00Z,1.16296,1.16364,1.1619,1.16192
EURUSD,H1,2025-07-21T04:00:00Z,1.16192,1.16255,1.1616,1.16175
EURUSD,H1,2025-07-21T05:00:00Z,1.16175,1.16243,1.16145,1.16221
EURUSD,H1,2025-07-21T06:00:00Z,1.16221,1.16258,1.16197,1.16254
EURUSD,H1,2025-07-21T07:00:00Z,1.16254,1.1630099999999999,1.16229,1.16294
EURUSD,H1,2025-07-21T08:00:00Z,1.16294,1.16355,1.16279,1.16337
EURUSD,H1,2025-07-21T09:00:00Z,1.16337,1.16428,1.16291,1.16414
EURUSD,H1,2025-07-21T10:00:00Z,1.16414,1.16475,1.16355,1.16437
EURUSD,H1,2025-07-21T11:00:00Z,1.16437,1.16522,1.16365,1.16424
EURUSD,H1,2025-07-21T12:00:00Z,1.16424,1.16485,1.16384,1.16444
EURUSD,H1,2025-07-21T13:00:00Z,1.16448,1.16462,1.16336,1.16456
EURUSD,H1,2025-07-21T14:00:00Z,1.16456,1.16699,1.16446,1.16677
EURUSD,H1,2025-07-21T15:00:00Z,1.16677,1.16732,1.16626,1.16651
EURUSD,H1,2025-07-21T16:00:00Z,1.16652,1.16655,1.16578,1.16649
EURUSD,H1,2025-07-21T17:00:00Z,1.16649,1.16985,1.16639,1.16965
EURUSD,H1,2025-07-21T18:00:00Z,1.16964,1.17168,1.16955,1.17046
EURUSD,H1,2025-07-21T19:00:00Z,1.17047,1.17058,1.16955,1.17001
EURUSD,H1,2025-07-21T20:00:00Z,1.17001,1.17014,1.16859,1.16909
EURUSD,H1,2025-07-21T21:00:00Z,1.16909,1.16954,1.16869,1.1694
EURUSD,H1,2025-07-21T22:00:00Z,1.1694,1.16961,1.16894,1.16897
EURUSD,H1,2025-07-21T23:00:00Z,1.16897,1.16962,1.16881,1.1695
EURUSD,H1,2025-07-22T00:00:00Z,1.16894,1.16942,1.16862,1.16914
EURUSD,H1,2025-07-22T01:00:00Z,1.16914,1.16949,1.16912,1.16948
EURUSD,H1,2025-07-22T02:00:00Z,1.16948,1.16959,1.16905,1.16949
EURUSD,H1,2025-07-22T03:00:00Z,1.16949,1.16954,1.16836,1.16885
EURUSD,H1,2025-07-22T04:00:00Z,1.16885,1.16903,1.16825,1.16883
EURUSD,H1,2025-07-22T05:00:00Z,1.16883,1.16958,1.16881,1.1690800000000001
EURUSD,H1,2025-07-22T06:00:00Z,1.1690800000000001,1.16912,1.16851,1.16872
EURUSD,H1,2025-07-22T07:00:00Z,1.16872,1.16947,1.16863,1.1688399999999999
EURUSD,H1,2025-07-22T08:00:00Z,1.1688399999999999,1.16923,1.16831,1.16873
EURUSD,H1,2025-07-22T09:00:00Z,1.16873,1.16922,1.16842,1.16909
EURUSD,H1,2025-07-22T10:00:00Z,1.16909,1.16923,1.16818,1.1686
EURUSD,H1,2025-07-22T11:00:00Z,1.1686,1.17034,1.1684,1.16985
EURUSD,H1,2025-07-22T12:00:00Z,1.16985,1.1707,1.16932,1.17056
EURUSD,H1,2025-07-22T13:00:00Z,1.17056,1.17095,1.16997,1.17019
EURUSD,H1,2025-07-22T14:00:00Z,1.17017,1.17038,1.16944,1.17015
EURUSD,H1,2025-07-22T15:00:00Z,1.17015,1.1705,1.16832,1.16906
EURUSD,H1,2025-07-22T16:00:00Z,1.16906,1.17045,1.1679,1.17044
EURUSD,H1,2025-07-22T17:00:00Z,1.17044,1.17266,1.16909,1.1722299999999999
EURUSD,H1,2025-07-22T18:00:00Z,1.1722,1.1749,1.17146,1.17481
EURUSD,H1,2025-07-22T19:00:00Z,1.17481,1.17605,1.17448,1.17551
EURUSD,H1,2025-07-22T20:00:00Z,1.17551,1.17554,1.17431,1.17459
EURUSD,H1,2025-07-22T21:00:00Z,1.17459,1.17484,1.17419,1.1748
EURUSD,H1,2025-07-22T22:00:00Z,1.1748,1.17529,1.1745,1.17517
EURUSD,H1,2025-07-22T23:00:00Z,1.17517,1.17546,1.17453,1.17541
EURUSD,H1,2025-07-23T00:00:00Z,1.17538,1.17538,1.17418,1.1746
EURUSD,H1,2025-07-23T01:00:00Z,1.1746,1.1750099999999999,1.1740599999999999,1.17481
EURUSD,H1,2025-07-23T02:00:00Z,1.17481,1.1756199999999999,1.17362,1.17381
EURUSD,H1,2025-07-23T03:00:00Z,1.17381,1.17478,1.17334,1.17472
EURUSD,H1,2025-07-23T04:00:00Z,1.17472,1.17487,1.17306,1.1737
EURUSD,H1,2025-07-23T05:00:00Z,1.1737,1.17418,1.17327,1.17348
EURUSD,H1,2025-07-23T06:00:00Z,1.17348,1.17462,1.1734,1.17391
EURUSD,H1,2025-07-23T07:00:00Z,1.17391,1.17398,1.17322,1.1735
EURUSD,H1,2025-07-23T08:00:00Z,1.1735,1.1738,1.17273,1.17305
EURUSD,H1,2025-07-23T09:00:00Z,1.17305,1.17427,1.17303,1.17423
EURUSD,H1,2025-07-23T10:00:00Z,1.17423,1.17529,1.17338,1.17421
EURUSD,H1,2025-07-23T11:00:00Z,1.17421,1.17481,1.17309,1.17329
EURUSD,H1,2025-07-23T12:00:00Z,1.17329,1.1739600000000001,1.17304,1.1736
EURUSD,H1,2025-07-23T13:00:00Z,1.1736,1.17366,1.17231,1.17261
EURUSD,H1,2025-07-23T14:00:00Z,1.17261,1.17315,1.17236,1.17256
EURUSD,H1,2025-07-23T15:00:00Z,1.17256,1.17333,1.17201,1.17251
EURUSD,H1,2025-07-23T16:00:00Z,1.17251,1.17304,1.17109,1.17262
EURUSD,H1,2025-07-23T17:00:00Z,1.17263,1.17378,1.17233,1.17337
EURUSD,H1,2025-07-23T18:00:00Z,1.17337,1.1754,1.17217,1.17468
EURUSD,H1,2025-07-23T19:00:00Z,1.17468,1.17609,1.17432,1.17511
EURUSD,H1,2025-07-23T20:00:00Z,1.17512,1.17651,1.17458,1.17597
EURUSD,H1,2025-07-23T21:00:00Z,1.17597,1.17739,1.17595,1.17714
EURUSD,H1,2025-07-23T22:00:00Z,1.17714,1.17749,1.1768,1.17733
EURUSD,H1,2025-07-23T23:00:00Z,1.17732,1.17751,1.17663,1.17729
EURUSD,H1,2025-07-24T00:00:00Z,1.1767,1.1773500000000001,1.17632,1.17664
EURUSD,H1,2025-07-24T01:00:00Z,1.17664,1.17749,1.17664,1.1773500000000001
EURUSD,H1,2025-07-24T02:00:00Z,1.1773500000000001,1.17788,1.1773,1.17732
EURUSD,H1,2025-07-24T03:00:00Z,1.17732,1.17737,1.17619,1.1767
EURUSD,H1,2025-07-24T04:00:00Z,1.1767,1.17797,1.17668,1.17751
EURUSD,H1,2025-07-24T05:00:00Z,1.17751,1.17787,1.17709,1.17768
EURUSD,H1,2025-07-24T06:00:00Z,1.17768,1.17802,1.17738,1.17752
EURUSD,H1,2025-07-24T07:00:00Z,1.17752,1.17779,1.17729,1.17741
EURUSD,H1,2025-07-24T08:00:00Z,1.17741,1.17784,1.17704,1.17709
EURUSD,H1,2025-07-24T09:00:00Z,1.17709,1.1773,1.1757,1.1757
EURUSD,H1,2025-07-24T10:00:00Z,1.1757,1.17698,1.1755,1.17616
EURUSD,H1,2025-07-24T11:00:00Z,1.17615,1.17682,1.17555,1.17582
EURUSD,H1,2025-07-24T12:00:00Z,1.17582,1.17594,1.1746699999999999,1.17525
EURUSD,H1,2025-07-24T13:00:00Z,1.17525,1.17548,1.17434,1.1749
EURUSD,H1,2025-07-24T14:00:00Z,1.1749,1.17564,1.17456,1.1756
EURUSD,H1,2025-07-24T15:00:00Z,1.1756,1.17588,1.17319,1.1736
EURUSD,H1,2025-07-24T16:00:00Z,1.1736,1.17769,1.17304,1.17715
EURUSD,H1,2025-07-24T17:00:00Z,1.17713,1.17887,1.17615,1.17661
EURUSD,H1,2025-07-24T18:00:00Z,1.17661,1.17784,1.1755200000000001,1.17647
EURUSD,H1,2025-07-24T19:00:00Z,1.17647,1.17727,1.17568,1.17625
EURUSD,H1,2025-07-24T20:00:00Z,1.17626,1.1778,1.17602,1.17698
EURUSD,H1,2025-07-24T21:00:00Z,1.17698,1.17709,1.17622,1.17659
EURUSD,H1,2025-07-24T22:00:00Z,1.17659,1.17702,1.17581,1.17583
EURUSD,H1,2025-07-24T23:00:00Z,1.17582,1.176,1.17436,1.17489
EURUSD,H1,2025-07-25T00:00:00Z,1.17442,1.1749,1.17295,1.17451
EURUSD,H1,2025-07-25T01:00:00Z,1.17451,1.17533,1.17439,1.1751800000000001
EURUSD,H1,2025-07-25T02:00:00Z,1.1751800000000001,1.17573,1.17498,1.17547
EURUSD,H1,2025-07-25T03:00:00Z,1.17547,1.17588,1.17486,1.17544
EURUSD,H1,2025-07-25T04:00:00Z,1.17544,1.17587,1.17391,1.1743000000000001
EURUSD,H1,2025-07-25T05:00:00Z,1.1743000000000001,1.17438,1.17341,1.17394
EURUSD,H1,2025-07-25T06:00:00Z,1.17394,1.17453,1.1736900000000001,1.17425
EURUSD,H1,2025-07-25T07:00:00Z,1.17425,1.17464,1.17341,1.17401
EURUSD,H1,2025-07-25T08:00:00Z,1.17401,1.1749100000000001,1.17372,1.17468
EURUSD,H1,2025-07-25T09:00:00Z,1.17468,1.17608,1.17418,1.17479
EURUSD,H1,2025-07-25T10:00:00Z,1.17479,1.17595,1.17479,1.17529
EURUSD,H1,2025-07-25T11:00:00Z,1.17529,1.17581,1.17416,1.17432
EURUSD,H1,2025-07-25T12:00:00Z,1.17431,1.17437,1.1733,1.17351
EURUSD,H1,2025-07-25T13:00:00Z,1.17351,1.17373,1.17248,1.17283
EURUSD,H1,2025-07-25T14:00:00Z,1.17283,1.1731,1.17116,1.1721
EURUSD,H1,2025-07-25T15:00:00Z,1.1721,1.17273,1.17116,1.17183
EURUSD,H1,2025-07-25T16:00:00Z,1.17183,1.17299,1.17029,1.17218
EURUSD,H1,2025-07-25T17:00:00Z,1.17218,1.17358,1.17218,1.17295
EURUSD,H1,2025-07-25T18:00:00Z,1.17295,1.17386,1.17222,1.17291
EURUSD,H1,2025-07-25T19:00:00Z,1.17291,1.1730800000000001,1.17203,1.17289
EURUSD,H1,2025-07-25T20:00:00Z,1.17289,1.17397,1.17288,1.17365
EURUSD,H1,2025-07-25T21:00:00Z,1.17365,1.1746699999999999,1.17358,1.17456
EURUSD,H1,2025-07-25T22:00:00Z,1.17456,1.1747,1.17413,1.17438
EURUSD,H1,2025-07-25T23:00:00Z,1.17438,1.1743999999999999,1.17375,1.17394
EURUSD,H1,2025-07-28T00:00:00Z,1.1755200000000001,1.17624,1.17483,1.17596
EURUSD,H1,2025-07-28T01:00:00Z,1.17596,1.17689,1.17514,1.17551
EURUSD,H1,2025-07-28T02:00:00Z,1.17551,1.17607,1.17538,1.17554
EURUSD,H1,2025-07-28T03:00:00Z,1.17554,1.17704,1.17547,1.17639
EURUSD,H1,2025-07-28T04:00:00Z,1.17639,1.17699,1.17474,1.17524
EURUSD,H1,2025-07-28T05:00:00Z,1.17524,1.17575,1.17463,1.17548
EURUSD,H1,2025-07-28T06:00:00Z,1.17548,1.17572,1.1751,1.17567
EURUSD,H1,2025-07-28T07:00:00Z,1.17567,1.17582,1.1745700000000001,1.17474
EURUSD,H1,2025-07-28T08:00:00Z,1.17474,1.17476,1.17398,1.17408
EURUSD,H1,2025-07-28T09:00:00Z,1.17408,1.17446,1.1711,1.1721300000000001
EURUSD,H1,2025-07-28T10:00:00Z,1.1721300000000001,1.17239,1.16705,1.1675
EURUSD,H1,2025-07-28T11:00:00Z,1.1675,1.16903,1.16709,1.16791
EURUSD,H1,2025-07-28T12:00:00Z,1.16791,1.16844,1.16583,1.1667
EURUSD,H1,2025-07-28T13:00:00Z,1.1667,1.1672,1.16551,1.16582
EURUSD,H1,2025-07-28T14:00:00Z,1.16582,1.16588,1.16438,1.16512
EURUSD,H1,2025-07-28T15:00:00Z,1.16511,1.16652,1.16482,1.1657899999999999
EURUSD,H1,2025-07-28T16:00:00Z,1.1658,1.16622,1.16257,1.16341
EURUSD,H1,2025-07-28T17:00:00Z,1.16333,1.16473,1.16306,1.16373
EURUSD,H1,2025-07-28T18:00:00Z,1.16373,1.16393,1.1608,1.16089
EURUSD,H1,2025-07-28T19:00:00Z,1.16089,1.16109,1.15984,1.15991
EURUSD,H1,2025-07-28T20:00:00Z,1.15991,1.16018,1.15893,1.15922
EURUSD,H1,2025-07-28T21:00:00Z,1.15922,1.15948,1.15853,1.15947
EURUSD,H1,2025-07-28T22:00:00Z,1.15947,1.15961,1.15892,1.15916
EURUSD,H1,2025-07-28T23:00:00Z,1.15916,1.15943,1.15838,1.15885
EURUSD,H1,2025-07-29T00:00:00Z,1.15875,1.15903,1.15859,1.15901
EURUSD,H1,2025-07-29T01:00:00Z,1.15901,1.15944,1.15877,1.15938
EURUSD,H1,2025-07-29T02:00:00Z,1.15938,1.15968,1.15891,1.15965
EURUSD,H1,2025-07-29T03:00:00Z,1.15965,1.15977,1.15843,1.1585
EURUSD,H1,2025-07-29T04:00:00Z,1.1585,1.15983,1.15848,1.15911
EURUSD,H1,2025-07-29T05:00:00Z,1.15911,1.15994,1.15911,1.15971
EURUSD,H1,2025-07-29T06:00:00Z,1.15971,1.1598600000000001,1.15814,1.15829
EURUSD,H1,2025-07-29T07:00:00Z,1.15829,1.15887,1.15747,1.15885
EURUSD,H1,2025-07-29T08:00:00Z,1.15885,1.15904,1.15769,1.15788
EURUSD,H1,2025-07-29T09:00:00Z,1.15789,1.1586,1.15319,1.15338
EURUSD,H1,2025-07-29T10:00:00Z,1.15338,1.15549,1.15266,1.15549
EURUSD,H1,2025-07-29T11:00:00Z,1.15549,1.15695,1.15525,1.1569099999999999
EURUSD,H1,2025-07-29T12:00:00Z,1.15693,1.15849,1.15631,1.15767
EURUSD,H1,2025-07-29T13:00:00Z,1.15768,1.15882,1.1573,1.1574
EURUSD,H1,2025-07-29T14:00:00Z,1.1574,1.15749,1.15374,1.1540300000000001
EURUSD,H1,2025-07-29T15:00:00Z,1.1540300000000001,1.15421,1.15247,1.15247
EURUSD,H1,2025-07-29T16:00:00Z,1.15248,1.15469,1.15189,1.1544699999999999
EURUSD,H1,2025-07-29T17:00:00Z,1.15454,1.15521,1.15217,1.15229
EURUSD,H1,2025-07-29T18:00:00Z,1.15229,1.15411,1.15219,1.15333
EURUSD,H1,2025-07-29T19:00:00Z,1.15333,1.15496,1.15333,1.15415
EURUSD,H1,2025-07-29T20:00:00Z,1.15415,1.15605,1.154,1.15416
EURUSD,H1,2025-07-29T21:00:00Z,1.15416,1.15506,1.15375,1.15502
EURUSD,H1,2025-07-29T22:00:00Z,1.15503,1.15576,1.15489,1.15499
EURUSD,H1,2025-07-29T23:00:00Z,1.15499,1.15526,1.1543700000000001,1.15452
EURUSD,H1,2025-07-30T00:00:00Z,1.15461,1.15479,1.1543,1.15478
EURUSD,H1,2025-07-30T01:00:00Z,1.15478,1.15507,1.15456,1.15497
EURUSD,H1,2025-07-30T02:00:00Z,1.15497,1.15509,1.15467,1.15509
EURUSD,H1,2025-07-30T03:00:00Z,1.15509,1.15678,1.1550799999999999,1.15671
EURUSD,H1,2025-07-30T04:00:00Z,1.1567,1.15728,1.15605,1.15644
EURUSD,H1,2025-07-30T05:00:00Z,1.15643,1.15686,1.15605,1.15638
EURUSD,H1,2025-07-30T06:00:00Z,1.15638,1.15708,1.15582,1.15618
EURUSD,H1,2025-07-30T07:00:00Z,1.15618,1.15621,1.15503,1.15511
EURUSD,H1,2025-07-30T08:00:00Z,1.15511,1.15597,1.15482,1.15502
EURUSD,H1,2025-07-30T09:00:00Z,1.15502,1.15608,1.15402,1.15566
EURUSD,H1,2025-07-30T10:00:00Z,1.15565,1.15686,1.15511,1.1553499999999999
EURUSD,H1,2025-07-30T11:00:00Z,1.1553499999999999,1.15595,1.15486,1.1556899999999999
EURUSD,H1,2025-07-30T12:00:00Z,1.1556899999999999,1.15606,1.15449,1.15521
EURUSD,H1,2025-07-30T13:00:00Z,1.15518,1.15551,1.15321,1.15395
EURUSD,H1,2025-07-30T14:00:00Z,1.15395,1.15408,1.1522000000000001,1.15313
EURUSD,H1,2025-07-30T15:00:00Z,1.15313,1.15348,1.14691,1.14731
EURUSD,H1,2025-07-30T16:00:00Z,1.1473,1.14809,1.14581,1.14693
EURUSD,H1,2025-07-30T17:00:00Z,1.14693,1.1482,1.14651,1.14805
EURUSD,H1,2025-07-30T18:00:00Z,1.14805,1.14851,1.14636,1.14687
EURUSD,H1,2025-07-30T19:00:00Z,1.14687,1.14744,1.1464699999999999,1.14737
EURUSD,H1,2025-07-30T20:00:00Z,1.14738,1.1482,1.14737,1.14786
EURUSD,H1,2025-07-30T21:00:00Z,1.14786,1.15035,1.1424400000000001,1.14245
EURUSD,H1,2025-07-30T22:00:00Z,1.14245,1.14361,1.14139,1.1424
EURUSD,H1,2025-07-30T23:00:00Z,1.1424,1.14294,1.14002,1.14031
EURUSD,H1,2025-07-31T00:00:00Z,1.14033,1.14089,1.13991,1.14035
EURUSD,H1,2025-07-31T01:00:00Z,1.14035,1.1424400000000001,1.1403,1.1423
EURUSD,H1,2025-07-31T02:00:00Z,1.1423,1.1430500000000001,1.14195,1.14284
EURUSD,H1,2025-07-31T03:00:00Z,1.14283,1.14373,1.1428099999999999,1.14343
EURUSD,H1,2025-07-31T04:00:00Z,1.14343,1.1438,1.14235,1.14309
EURUSD,H1,2025-07-31T05:00:00Z,1.14309,1.14319,1.14213,1.14293
EURUSD,H1,2025-07-31T06:00:00Z,1.14293,1.14344,1.14074,1.14233
EURUSD,H1,2025-07-31T07:00:00Z,1.14233,1.14365,1.14194,1.14359
EURUSD,H1,2025-07-31T08:00:00Z,1.14358,1.14431,1.1431,1.14368
EURUSD,H1,2025-07-31T09:00:00Z,1.14367,1.1461000000000001,1.14354,1.14584
EURUSD,H1,2025-07-31T10:00:00Z,1.14584,1.14584,1.1433200000000001,1.14491
EURUSD,H1,2025-07-31T11:00:00Z,1.14491,1.14551,1.14382,1.14501
EURUSD,H1,2025-07-31T12:00:00Z,1.14501,1.14509,1.14325,1.14334
EURUSD,H1,2025-07-31T13:00:00Z,1.14333,1.14413,1.14208,1.14397
EURUSD,H1,2025-07-31T14:00:00Z,1.14397,1.14509,1.14361,1.14491
EURUSD,H1,2025-07-31T15:00:00Z,1.14492,1.1451,1.14249,1.14286
EURUSD,H1,2025-07-31T16:00:00Z,1.14286,1.14298,1.1406100000000001,1.14114
EURUSD,H1,2025-07-31T17:00:00Z,1.14114,1.14497,1.14074,1.14447
EURUSD,H1,2025-07-31T18:00:00Z,1.14447,1.14499,1.1428099999999999,1.14301
EURUSD,H1,2025-07-31T19:00:00Z,1.14301,1.14329,1.14216,1.14226
EURUSD,H1,2025-07-31T20:00:00Z,1.14226,1.14246,1.1415,1.14196
EURUSD,H1,2025-07-31T21:00:00Z,1.14196,1.1433,1.14155,1.14266
EURUSD,H1,2025-07-31T22:00:00Z,1.14266,1.14319,1.1412200000000001,1.1412499999999999
EURUSD,H1,2025-07-31T23:00:00Z,1.1412499999999999,1.1418300000000001,1.14093,1.14135
EURUSD,H1,2025-08-01T00:00:00Z,1.14118,1.14186,1.14089,1.14166
EURUSD,H1,2025-08-01T01:00:00Z,1.14166,1.14231,1.1414,1.1418
EURUSD,H1,2025-08-01T02:00:00Z,1.1418,1.14262,1.14118,1.14219
EURUSD,H1,2025-08-01T03:00:00Z,1.1421999999999999,1.1429,1.14156,1.14243
EURUSD,H1,2025-08-01T04:00:00Z,1.14243,1.14285,1.1405,1.14073
EURUSD,H1,2025-08-01T05:00:00Z,1.14073,1.1415,1.14059,1.14115
EURUSD,H1,2025-08-01T06:00:00Z,1.14114,1.14223,1.14103,1.14181
EURUSD,H1,2025-08-01T07:00:00Z,1.14181,1.14216,1.14156,1.14192
EURUSD,H1,2025-08-01T08:00:00Z,1.14192,1.14348,1.14161,1.14308
EURUSD,H1,2025-08-01T09:00:00Z,1.14308,1.1438,1.14261,1.14293
EURUSD,H1,2025-08-01T10:00:00Z,1.14293,1.1434,1.1412499999999999,1.14187
EURUSD,H1,2025-08-01T11:00:00Z,1.14187,1.14206,1.14053,1.14066
EURUSD,H1,2025-08-01T12:00:00Z,1.14066,1.14128,1.13931,1.14009
EURUSD,H1,2025-08-01T13:00:00Z,1.14013,1.14176,1.14012,1.14121
EURUSD,H1,2025-08-01T14:00:00Z,1.14121,1.14225,1.14043,1.14046
EURUSD,H1,2025-08-01T15:00:00Z,1.14046,1.15584,1.13917,1.15456
EURUSD,H1,2025-08-01T16:00:00Z,1.15455,1.15832,1.15368,1.15616
EURUSD,H1,2025-08-01T17:00:00Z,1.15617,1.15883,1.15511,1.15562
EURUSD,H1,2025-08-01T18:00:00Z,1.15562,1.15652,1.1536,1.15544
EURUSD,H1,2025-08-01T19:00:00Z,1.15544,1.15647,1.15379,1.15394
EURUSD,H1,2025-08-01T20:00:00Z,1.15393,1.15393,1.15165,1.15267
EURUSD,H1,2025-08-01T21:00:00Z,1.15267,1.15479,1.15217,1.15258
EURUSD,H1,2025-08-01T22:00:00Z,1.15258,1.15823,1.15236,1.15689
EURUSD,H1,2025-08-01T23:00:00Z,1.15692,1.15971,1.15688,1.1584699999999999
EURUSD,H1,2025-08-04T00:00:00Z,1.15852,1.15957,1.1584,1.15869
EURUSD,H1,2025-08-04T01:00:00Z,1.15869,1.1595900000000001,1.15784,1.1584
EURUSD,H1,2025-08-04T02:00:00Z,1.1584,1.15901,1.15782,1.15876
EURUSD,H1,2025-08-04T03:00:00Z,1.15876,1.1589,1.1555900000000001,1.15579
EURUSD,H1,2025-08-04T04:00:00Z,1.15579,1.15724,1.15503,1.15713
EURUSD,H1,2025-08-04T05:00:00Z,1.15713,1.15782,1.15675,1.15758
EURUSD,H1,2025-08-04T06:00:00Z,1.15758,1.15861,1.15758,1.15793
EURUSD,H1,2025-08-04T07:00:00Z,1.15793,1.15855,1.15743,1.15744
EURUSD,H1,2025-08-04T08:00:00Z,1.15743,1.15821,1.15673,1.15703
EURUSD,H1,2025-08-04T09:00:00Z,1.15703,1.15833,1.15633,1.1571
EURUSD,H1,2025-08-04T10:00:00Z,1.1571799999999999,1.15786,1.15505,1.15637
EURUSD,H1,2025-08-04T11:00:00Z,1.15637,1.1565400000000001,1.15497,1.15581
EURUSD,H1,2025-08-04T12:00:00Z,1.15581,1.1577600000000001,1.15554,1.15644
EURUSD,H1,2025-08-04T13:00:00Z,1.15644,1.15774,1.15552,1.15739
EURUSD,H1,2025-08-04T14:00:00Z,1.15739,1.15863,1.15646,1.15668
EURUSD,H1,2025-08-04T15:00:00Z,1.15668,1.15884,1.15607,1.1575199999999999
EURUSD,H1,2025-08-04T16:00:00Z,1.15753,1.15883,1.1573,1.15753
EURUSD,H1,2025-08-04T17:00:00Z,1.15761,1.1587399999999999,1.15568,1.15641
EURUSD,H1,2025-08-04T18:00:00Z,1.15641,1.15766,1.15611,1.15671
EURUSD,H1,2025-08-04T19:00:00Z,1.15671,1.15754,1.15568,1.15722
EURUSD,H1,2025-08-04T20:00:00Z,1.15722,1.1574200000000001,1.15644,1.1573
EURUSD,H1,2025-08-04T21:00:00Z,1.1573,1.15775,1.15642,1.1565400000000001
EURUSD,H1,2025-08-04T22:00:00Z,1.1565400000000001,1.15727,1.1562999999999999,1.15682
EURUSD,H1,2025-08-04T23:00:00Z,1.1568100000000001,1.15762,1.15655,1.15723
EURUSD,H1,2025-08-05T00:00:00Z,1.15674,1.15701,1.15563,1.15686
EURUSD,H1,2025-08-05T01:00:00Z,1.15686,1.15814,1.15685,1.15793
EURUSD,H1,2025-08-05T02:00:00Z,1.15793,1.15855,1.15779,1.15841
EURUSD,H1,2025-08-05T03:00:00Z,1.15841,1.15878,1.15707,1.1571799999999999
EURUSD,H1,2025-08-05T04:00:00Z,1.15719,1.15739,1.15595,1.1564
EURUSD,H1,2025-08-05T05:00:00Z,1.1564,1.15645,1.15556,1.15605
EURUSD,H1,2025-08-05T06:00:00Z,1.15605,1.15616,1.15543,1.15556
EURUSD,H1,2025-08-05T07:00:00Z,1.15556,1.15604,1.15541,1.15583
EURUSD,H1,2025-08-05T08:00:00Z,1.15583,1.15583,1.15443,1.15481
EURUSD,H1,2025-08-05T09:00:00Z,1.1548,1.15614,1.15428,1.15509
EURUSD,H1,2025-08-05T10:00:00Z,1.15507,1.15623,1.15332,1.15462
EURUSD,H1,2025-08-05T11:00:00Z,1.15462,1.15491,1.15313,1.15367
EURUSD,H1,2025-08-05T12:00:00Z,1.15368,1.15464,1.153,1.15422
EURUSD,H1,2025-08-05T13:00:00Z,1.15422,1.15458,1.1534200000000001,1.15442
EURUSD,H1,2025-08-05T14:00:00Z,1.15442,1.15479,1.15277,1.15397
EURUSD,H1,2025-08-05T15:00:00Z,1.15397,1.15486,1.15302,1.15372
EURUSD,H1,2025-08-05T16:00:00Z,1.15372,1.15544,1.15322,1.15337
EURUSD,H1,2025-08-05T17:00:00Z,1.15333,1.15662,1.15333,1.15652
EURUSD,H1,2025-08-05T18:00:00Z,1.15652,1.15848,1.15629,1.15796
EURUSD,H1,2025-08-05T19:00:00Z,1.15796,1.1586,1.15772,1.15828
EURUSD,H1,2025-08-05T20:00:00Z,1.15828,1.15832,1.15755,1.15782
EURUSD,H1,2025-08-05T21:00:00Z,1.15782,1.15796,1.15703,1.15735
EURUSD,H1,2025-08-05T22:00:00Z,1.15735,1.1575,1.15663,1.15727
EURUSD,H1,2025-08-05T23:00:00Z,1.15727,1.15772,1.1571500000000001,1.15749
EURUSD,H1,2025-08-06T00:00:00Z,1.15749,1.15755,1.156,1.15732
EURUSD,H1,2025-08-06T01:00:00Z,1.15732,1.15779,1.1571,1.15762
EURUSD,H1,2025-08-06T02:00:00Z,1.15762,1.1581299999999999,1.15731,1.15785
EURUSD,H1,2025-08-06T03:00:00Z,1.15785,1.15853,1.15727,1.15736
EURUSD,H1,2025-08-06T04:00:00Z,1.15736,1.15737,1.15648,1.15669
EURUSD,H1,2025-08-06T05:00:00Z,1.15669,1.1571799999999999,1.15641,1.15694
EURUSD,H1,2025-08-06T06:00:00Z,1.15694,1.1582,1.15694,1.1580300000000001
EURUSD,H1,2025-08-06T07:00:00Z,1.1580300000000001,1.15862,1.1577600000000001,1.15828
EURUSD,H1,2025-08-06T08:00:00Z,1.15828,1.15835,1.15745,1.15788
EURUSD,H1,2025-08-06T09:00:00Z,1.15787,1.15881,1.15765,1.15786
EURUSD,H1,2025-08-06T10:00:00Z,1.15786,1.15821,1.15713,1.15811
EURUSD,H1,2025-08-06T11:00:00Z,1.15811,1.15836,1.15704,1.1575
EURUSD,H1,2025-08-06T12:00:00Z,1.1575,1.1588,1.1574200000000001,1.15851
EURUSD,H1,2025-08-06T13:00:00Z,1.15851,1.16107,1.15843,1.1607
EURUSD,H1,2025-08-06T14:00:00Z,1.1607,1.1615,1.15977,1.16041
EURUSD,H1,2025-08-06T15:00:00Z,1.16041,1.16287,1.16004,1.16236
EURUSD,H1,2025-08-06T16:00:00Z,1.16236,1.1635900000000001,1.16174,1.16358
EURUSD,H1,2025-08-06T17:00:00Z,1.16358,1.16375,1.16222,1.1627399999999999
EURUSD,H1,2025-08-06T18:00:00Z,1.1627399999999999,1.16469,1.16228,1.16463
EURUSD,H1,2025-08-06T19:00:00Z,1.16461,1.1648399999999999,1.16307,1.16348
EURUSD,H1,2025-08-06T20:00:00Z,1.16348,1.16551,1.16331,1.1649
EURUSD,H1,2025-08-06T21:00:00Z,1.16493,1.16687,1.1648100000000001,1.16626
EURUSD,H1,2025-08-06T22:00:00Z,1.16626,1.1663999999999999,1.16526,1.16566
EURUSD,H1,2025-08-06T23:00:00Z,1.16566,1.1660300000000001,1.16506,1.16599
EURUSD,H1,2025-08-07T00:00:00Z,1.16589,1.16589,1.16432,1.16568
EURUSD,H1,2025-08-07T01:00:00Z,1.16568,1.1666,1.16562,1.16638
EURUSD,H1,2025-08-07T02:00:00Z,1.16638,1.16642,1.16594,1.16632
EURUSD,H1,2025-08-07T03:00:00Z,1.16631,1.1663999999999999,1.16509,1.16524
EURUSD,H1,2025-08-07T04:00:00Z,1.16524,1.16629,1.16495,1.16577
EURUSD,H1,2025-08-07T05:00:00Z,1.16577,1.16652,1.16561,1.16576
EURUSD,H1,2025-08-07T06:00:00Z,1.16576,1.16655,1.16532,1.16647
EURUSD,H1,2025-08-07T07:00:00Z,1.16647,1.16764,1.16632,1.16714
EURUSD,H1,2025-08-07T08:00:00Z,1.16714,1.16765,1.16684,1.1675200000000001
EURUSD,H1,2025-08-07T09:00:00Z,1.1675200000000001,1.16798,1.16681,1.16761
EURUSD,H1,2025-08-07T10:00:00Z,1.1676,1.16913,1.16732,1.16895
EURUSD,H1,2025-08-07T11:00:00Z,1.16895,1.16989,1.16755,1.16828
EURUSD,H1,2025-08-07T12:00:00Z,1.16828,1.16849,1.16704,1.16706
EURUSD,H1,2025-08-07T13:00:00Z,1.16706,1.16718,1.16614,1.16703
EURUSD,H1,2025-08-07T14:00:00Z,1.16703,1.16766,1.16342,1.16446
EURUSD,H1,2025-08-07T15:00:00Z,1.16442,1.16625,1.16374,1.16512
EURUSD,H1,2025-08-07T16:00:00Z,1.16512,1.16586,1.16378,1.16428
EURUSD,H1,2025-08-07T17:00:00Z,1.16428,1.16499,1.16141,1.16244
EURUSD,H1,2025-08-07T18:00:00Z,1.16244,1.1642000000000001,1.1611,1.164
EURUSD,H1,2025-08-07T19:00:00Z,1.16399,1.1644700000000001,1.16351,1.16382
EURUSD,H1,2025-08-07T20:00:00Z,1.16382,1.1639599999999999,1.16322,1.16331
EURUSD,H1,2025-08-07T21:00:00Z,1.16331,1.16372,1.16215,1.16221
EURUSD,H1,2025-08-07T22:00:00Z,1.16221,1.16567,1.16193,1.16545
EURUSD,H1,2025-08-07T23:00:00Z,1.16545,1.16713,1.16545,1.16641
EURUSD,H1,2025-08-08T00:00:00Z,1.16644,1.1667,1.16574,1.16641
EURUSD,H1,2025-08-08T01:00:00Z,1.16641,1.16747,1.1663999999999999,1.1672500000000001
EURUSD,H1,2025-08-08T02:00:00Z,1.1672500000000001,1.16783,1.1670099999999999,1.1677
EURUSD,H1,2025-08-08T03:00:00Z,1.1677,1.16794,1.16672,1.1672500000000001
EURUSD,H1,2025-08-08T04:00:00Z,1.1672500000000001,1.16737,1.16551,1.16573
EURUSD,H1,2025-08-08T05:00:00Z,1.16573,1.16652,1.16572,1.16609
EURUSD,H1,2025-08-08T06:00:00Z,1.16609,1.16611,1.16549,1.16598
EURUSD,H1,2025-08-08T07:00:00Z,1.16598,1.16634,1.16576,1.16583
EURUSD,H1,2025-08-08T08:00:00Z,1.16583,1.16599,1.16388,1.16411
EURUSD,H1,2025-08-08T09:00:00Z,1.16411,1.16529,1.16407,1.16501
EURUSD,H1,2025-08-08T10:00:00Z,1.16501,1.16645,1.16488,1.16592
EURUSD,H1,2025-08-08T11:00:00Z,1.16592,1.1663000000000001,1.16345,1.16372
EURUSD,H1,2025-08-08T12:00:00Z,1.16371,1.1644,1.163,1.16416
EURUSD,H1,2025-08-08T13:00:00Z,1.16416,1.16475,1.16287,1.16358
EURUSD,H1,2025-08-08T14:00:00Z,1.16358,1.16494,1.16352,1.16439
EURUSD,H1,2025-08-08T15:00:00Z,1.16439,1.1654200000000001,1.16377,1.16418
EURUSD,H1,2025-08-08T16:00:00Z,1.16418,1.16553,1.16414,1.16487
EURUSD,H1,2025-08-08T17:00:00Z,1.16487,1.1663000000000001,1.16465,1.16561
EURUSD,H1,2025-08-08T18:00:00Z,1.16561,1.16676,1.16543,1.16597
EURUSD,H1,2025-08-08T19:00:00Z,1.16598,1.16631,1.16497,1.16566
EURUSD,H1,2025-08-08T20:00:00Z,1.16566,1.16668,1.16536,1.16587
EURUSD,H1,2025-08-08T21:00:00Z,1.16592,1.16629,1.16478,1.16559
EURUSD,H1,2025-08-08T22:00:00Z,1.16559,1.16561,1.16363,1.16424
EURUSD,H1,2025-08-08T23:00:00Z,1.16424,1.16436,1.16382,1.16404
EURUSD,H1,2025-08-11T00:00:00Z,1.16412,1.16468,1.16394,1.1643
EURUSD,H1,2025-08-11T01:00:00Z,1.1643,1.16509,1.16407,1.16469
EURUSD,H1,2025-08-11T02:00:00Z,1.16469,1.16509,1.16446,1.16477
EURUSD,H1,2025-08-11T03:00:00Z,1.16477,1.16486,1.16419,1.16475
EURUSD,H1,2025-08-11T04:00:00Z,1.16474,1.1659,1.16453,1.16588
EURUSD,H1,2025-08-11T05:00:00Z,1.16588,1.16685,1.16588,1.16659
EURUSD,H1,2025-08-11T06:00:00Z,1.16659,1.16756,1.16648,1.16712
EURUSD,H1,2025-08-11T07:00:00Z,1.16712,1.16756,1.16708,1.16721
EURUSD,H1,2025-08-11T08:00:00Z,1.16721,1.16726,1.16673,1.16694
EURUSD,H1,2025-08-11T09:00:00Z,1.16694,1.16738,1.16632,1.16644
EURUSD,H1,2025-08-11T10:00:00Z,1.16644,1.16661,1.16459,1.16472
EURUSD,H1,2025-08-11T11:00:00Z,1.16472,1.16604,1.16441,1.16554
EURUSD,H1,2025-08-11T12:00:00Z,1.16548,1.16581,1.16383,1.16413
EURUSD,H1,2025-08-11T13:00:00Z,1.16413,1.16479,1.16406,1.1647
EURUSD,H1,2025-08-11T14:00:00Z,1.1647,1.16471,1.1623,1.16288
EURUSD,H1,2025-08-11T15:00:00Z,1.16288,1.16312,1.1614,1.1620300000000001
EURUSD,H1,2025-08-11T16:00:00Z,1.1620300000000001,1.16277,1.1616,1.16195
EURUSD,H1,2025-08-11T17:00:00Z,1.16195,1.16205,1.15904,1.1595900000000001
EURUSD,H1,2025-08-11T18:00:00Z,1.1595900000000001,1.16071,1.159,1.16055
EURUSD,H1,2025-08-11T19:00:00Z,1.16055,1.16119,1.16019,1.16076
EURUSD,H1,2025-08-11T20:00:00Z,1.16076,1.16124,1.1598600000000001,1.1611
EURUSD,H1,2025-08-11T21:00:00Z,1.1611,1.16143,1.16072,1.16123
EURUSD,H1,2025-08-11T22:00:00Z,1.16123,1.16129,1.16021,1.1605
EURUSD,H1,2025-08-11T23:00:00Z,1.1605,1.16193,1.16043,1.16158
EURUSD,H1,2025-08-12T00:00:00Z,1.16145,1.16149,1.16043,1.16138
EURUSD,H1,2025-08-12T01:00:00Z,1.16138,1.16181,1.16103,1.16129
EURUSD,H1,2025-08-12T02:00:00Z,1.16129,1.16177,1.16125,1.16164
EURUSD,H1,2025-08-12T03:00:00Z,1.16164,1.16199,1.16119,1.16153
EURUSD,H1,2025-08-12T04:00:00Z,1.16153,1.16256,1.16145,1.16192
EURUSD,H1,2025-08-12T05:00:00Z,1.16192,1.16255,1.16174,1.16228
EURUSD,H1,2025-08-12T06:00:00Z,1.16227,1.16245,1.16184,1.16206
EURUSD,H1,2025-08-12T07:00:00Z,1.16206,1.16278,1.16156,1.16276
EURUSD,H1,2025-08-12T08:00:00Z,1.16276,1.1629,1.16132,1.16139
EURUSD,H1,2025-08-12T09:00:00Z,1.16139,1.16186,1.16082,1.16092
EURUSD,H1,2025-08-12T10:00:00Z,1.16093,1.16239,1.1608,1.1620300000000001
EURUSD,H1,2025-08-12T11:00:00Z,1.1620300000000001,1.16225,1.1611799999999999,1.1615
EURUSD,H1,2025-08-12T12:00:00Z,1.16149,1.16183,1.16003,1.16068
EURUSD,H1,2025-08-12T13:00:00Z,1.16064,1.16132,1.1605699999999999,1.16104
EURUSD,H1,2025-08-12T14:00:00Z,1.16104,1.16112,1.15985,1.16054
EURUSD,H1,2025-08-12T15:00:00Z,1.16054,1.16558,1.15993,1.16426
EURUSD,H1,2025-08-12T16:00:00Z,1.16425,1.16679,1.16175,1.16523
EURUSD,H1,2025-08-12T17:00:00Z,1.16524,1.16628,1.16417,1.1658
EURUSD,H1,2025-08-12T18:00:00Z,1.1658,1.16973,1.16563,1.16723
EURUSD,H1,2025-08-12T19:00:00Z,1.16723,1.16861,1.16657,1.1679599999999999
EURUSD,H1,2025-08-12T20:00:00Z,1.16797,1.16804,1.16711,1.16731
EURUSD,H1,2025-08-12T21:00:00Z,1.16732,1.16787,1.16646,1.16689
EURUSD,H1,2025-08-12T22:00:00Z,1.16689,1.16757,1.16645,1.16748
EURUSD,H1,2025-08-12T23:00:00Z,1.16748,1.16768,1.16715,1.1673
EURUSD,H1,2025-08-13T00:00:00Z,1.1674,1.16741,1.16656,1.16719
EURUSD,H1,2025-08-13T01:00:00Z,1.1672,1.16775,1.16716,1.16768
EURUSD,H1,2025-08-13T02:00:00Z,1.16768,1.16794,1.16754,1.16776
EURUSD,H1,2025-08-13T03:00:00Z,1.16776,1.16808,1.16708,1.16799
EURUSD,H1,2025-08-13T04:00:00Z,1.16799,1.16866,1.16759,1.1677
EURUSD,H1,2025-08-13T05:00:00Z,1.1677,1.16859,1.16704,1.1682
EURUSD,H1,2025-08-13T06:00:00Z,1.1682,1.16876,1.16795,1.16838
EURUSD,H1,2025-08-13T07:00:00Z,1.16838,1.16862,1.16816,1.16842
EURUSD,H1,2025-08-13T08:00:00Z,1.16842,1.16854,1.16765,1.16791
EURUSD,H1,2025-08-13T09:00:00Z,1.16792,1.16971,1.16789,1.16923
EURUSD,H1,2025-08-13T10:00:00Z,1.16923,1.1712799999999999,1.16919,1.17082
EURUSD,H1,2025-08-13T11:00:00Z,1.1708,1.17206,1.1707,1.1714
EURUSD,H1,2025-08-13T12:00:00Z,1.1714,1.17303,1.17139,1.17293
EURUSD,H1,2025-08-13T13:00:00Z,1.17293,1.17302,1.17163,1.17165
EURUSD,H1,2025-08-13T14:00:00Z,1.17165,1.17192,1.17079,1.17191
EURUSD,H1,2025-08-13T15:00:00Z,1.17191,1.17217,1.16972,1.16991
EURUSD,H1,2025-08-13T16:00:00Z,1.16991,1.17071,1.16929,1.17048
EURUSD,H1,2025-08-13T17:00:00Z,1.17045,1.17236,1.17029,1.172
EURUSD,H1,2025-08-13T18:00:00Z,1.172,1.17227,1.17081,1.17137
EURUSD,H1,2025-08-13T19:00:00Z,1.17136,1.1715,1.17064,1.1706699999999999
EURUSD,H1,2025-08-13T20:00:00Z,1.1706699999999999,1.17108,1.17028,1.1703999999999999
EURUSD,H1,2025-08-13T21:00:00Z,1.17041,1.17045,1.16959,1.1700599999999999
EURUSD,H1,2025-08-13T22:00:00Z,1.1700599999999999,1.17042,1.16974,1.16995
EURUSD,H1,2025-08-13T23:00:00Z,1.16995,1.1706699999999999,1.16993,1.17044
EURUSD,H1,2025-08-14T00:00:00Z,1.17051,1.17054,1.16952,1.17045
EURUSD,H1,2025-08-14T01:00:00Z,1.17045,1.17082,1.17037,1.17082
EURUSD,H1,2025-08-14T02:00:00Z,1.17082,1.1712500000000001,1.17076,1.17123
EURUSD,H1,2025-08-14T03:00:00Z,1.17123,1.17149,1.1709100000000001,1.17112
EURUSD,H1,2025-08-14T04:00:00Z,1.17112,1.1715200000000001,1.1709,1.17131
EURUSD,H1,2025-08-14T05:00:00Z,1.17131,1.17131,1.16989,1.17048
EURUSD,H1,2025-08-14T06:00:00Z,1.17048,1.17053,1.16995,1.17037
EURUSD,H1,2025-08-14T07:00:00Z,1.17037,1.17068,1.17014,1.1703999999999999
EURUSD,H1,2025-08-14T08:00:00Z,1.1703999999999999,1.1703999999999999,1.1696900000000001,1.17014
EURUSD,H1,2025-08-14T09:00:00Z,1.17015,1.17066,1.16848,1.1685
EURUSD,H1,2025-08-14T10:00:00Z,1.16851,1.16929,1.16779,1.16797
EURUSD,H1,2025-08-14T11:00:00Z,1.16797,1.16854,1.16679,1.16685
EURUSD,H1,2025-08-14T12:00:00Z,1.16685,1.16869,1.16684,1.16819
EURUSD,H1,2025-08-14T13:00:00Z,1.16819,1.16975,1.16814,1.16955
EURUSD,H1,2025-08-14T14:00:00Z,1.16955,1.16965,1.16827,1.16878
EURUSD,H1,2025-08-14T15:00:00Z,1.16885,1.16926,1.16492,1.16639
EURUSD,H1,2025-08-14T16:00:00Z,1.16639,1.16714,1.1649,1.16504
EURUSD,H1,2025-08-14T17:00:00Z,1.16503,1.16665,1.16377,1.1661
EURUSD,H1,2025-08-14T18:00:00Z,1.1661,1.16622,1.16376,1.16431
EURUSD,H1,2025-08-14T19:00:00Z,1.16431,1.16455,1.1631,1.16345
EURUSD,H1,2025-08-14T20:00:00Z,1.16345,1.16437,1.16314,1.16368
EURUSD,H1,2025-08-14T21:00:00Z,1.16367,1.16425,1.1633,1.16416
EURUSD,H1,2025-08-14T22:00:00Z,1.16416,1.16505,1.16415,1.16482
EURUSD,H1,2025-08-14T23:00:00Z,1.16482,1.16503,1.16446,1.16482
EURUSD,H1,2025-08-15T00:00:00Z,1.16469,1.16498,1.16422,1.16496
EURUSD,H1,2025-08-15T01:00:00Z,1.16496,1.16532,1.16478,1.165
EURUSD,H1,2025-08-15T02:00:00Z,1.165,1.1653,1.1646,1.16504
EURUSD,H1,2025-08-15T03:00:00Z,1.16504,1.16534,1.16469,1.16523
EURUSD,H1,2025-08-15T04:00:00Z,1.16523,1.16581,1.1648399999999999,1.1653
EURUSD,H1,2025-08-15T05:00:00Z,1.1653,1.16578,1.16495,1.16568
EURUSD,H1,2025-08-15T06:00:00Z,1.16568,1.16648,1.16566,1.16601
EURUSD,H1,2025-08-15T07:00:00Z,1.16601,1.16638,1.1659,1.16629
EURUSD,H1,2025-08-15T08:00:00Z,1.16629,1.16712,1.16614,1.1671
EURUSD,H1,2025-08-15T09:00:00Z,1.1671,1.16748,1.1665,1.16719
EURUSD,H1,2025-08-15T10:00:00Z,1.16719,1.16843,1.16719,1.16829
EURUSD,H1,2025-08-15T11:00:00Z,1.16829,1.16851,1.16766,1.16822
EURUSD,H1,2025-08-15T12:00:00Z,1.16822,1.16898,1.16801,1.16877
EURUSD,H1,2025-08-15T13:00:00Z,1.16877,1.16914,1.16805,1.16858
EURUSD,H1,2025-08-15T14:00:00Z,1.16858,1.16919,1.16817,1.16878
EURUSD,H1,2025-08-15T15:00:00Z,1.16878,1.17001,1.16731,1.16941
EURUSD,H1,2025-08-15T16:00:00Z,1.16941,1.1708,1.16817,1.17033
EURUSD,H1,2025-08-15T17:00:00Z,1.17033,1.17153,1.16997,1.17118
EURUSD,H1,2025-08-15T18:00:00Z,1.17118,1.1715,1.17032,1.1707
EURUSD,H1,2025-08-15T19:00:00Z,1.17069,1.17083,1.16996,1.17038
EURUSD,H1,2025-08-15T20:00:00Z,1.17038,1.1706,1.16994,1.17045
EURUSD,H1,2025-08-15T21:00:00Z,1.17045,1.1706699999999999,1.16986,1.17026
EURUSD,H1,2025-08-15T22:00:00Z,1.17026,1.17035,1.17,1.1701
EURUSD,H1,2025-08-15T23:00:00Z,1.1701,1.17081,1.17001,1.17025
EURUSD,H1,2025-08-18T00:00:00Z,1.17065,1.17138,1.17054,1.17126
EURUSD,H1,2025-08-18T01:00:00Z,1.17126,1.17144,1.1709100000000001,1.17136
EURUSD,H1,2025-08-18T02:00:00Z,1.17141,1.17145,1.17036,1.17062
EURUSD,H1,2025-08-18T03:00:00Z,1.17063,1.17106,1.17001,1.17019
EURUSD,H1,2025-08-18T04:00:00Z,1.17017,1.17048,1.1693500000000001,1.17032
EURUSD,H1,2025-08-18T05:00:00Z,1.17033,1.17055,1.16973,1.17013
EURUSD,H1,2025-08-18T06:00:00Z,1.17012,1.17049,1.16996,1.17038
EURUSD,H1,2025-08-18T07:00:00Z,1.17038,1.17103,1.17027,1.17086
EURUSD,H1,2025-08-18T08:00:00Z,1.17086,1.1709100000000001,1.17012,1.17061
EURUSD,H1,2025-08-18T09:00:00Z,1.17058,1.1708,1.1693500000000001,1.16965
EURUSD,H1,2025-08-18T10:00:00Z,1.16967,1.17035,1.16804,1.16815
EURUSD,H1,2025-08-18T11:00:00Z,1.16815,1.16875,1.1671,1.1682
EURUSD,H1,2025-08-18T12:00:00Z,1.16819,1.1686,1.16732,1.16805
EURUSD,H1,2025-08-18T13:00:00Z,1.16798,1.16831,1.16775,1.16809
EURUSD,H1,2025-08-18T14:00:00Z,1.1681,1.16886,1.16716,1.1675
EURUSD,H1,2025-08-18T15:00:00Z,1.16758,1.16791,1.16662,1.16764
EURUSD,H1,2025-08-18T16:00:00Z,1.16764,1.16779,1.16699,1.16778
EURUSD,H1,2025-08-18T17:00:00Z,1.16777,1.16846,1.16602,1.16643
EURUSD,H1,2025-08-18T18:00:00Z,1.16642,1.16747,1.16609,1.16672
EURUSD,H1,2025-08-18T19:00:00Z,1.16671,1.16675,1.1656,1.16578
EURUSD,H1,2025-08-18T20:00:00Z,1.16578,1.16668,1.16568,1.16628
EURUSD,H1,2025-08-18T21:00:00Z,1.16628,1.1668,1.16586,1.16602
EURUSD,H1,2025-08-18T22:00:00Z,1.16602,1.16704,1.166,1.16672
EURUSD,H1,2025-08-18T23:00:00Z,1.16672,1.16693,1.16601,1.16609
EURUSD,H1,2025-08-19T00:00:00Z,1.16601,1.16606,1.16468,1.16599
EURUSD,H1,2025-08-19T01:00:00Z,1.16601,1.16749,1.16593,1.16696
EURUSD,H1,2025-08-19T02:00:00Z,1.16697,1.16697,1.16622,1.1668
EURUSD,H1,2025-08-19T03:00:00Z,1.1668,1.16703,1.16557,1.16584
EURUSD,H1,2025-08-19T04:00:00Z,1.16584,1.16624,1.1639,1.16496
EURUSD,H1,2025-08-19T05:00:00Z,1.16493,1.16562,1.16472,1.16527
EURUSD,H1,2025-08-19T06:00:00Z,1.1653,1.1659,1.16504,1.1655
EURUSD,H1,2025-08-19T07:00:00Z,1.1655,1.16619,1.16535,1.16608
EURUSD,H1,2025-08-19T08:00:00Z,1.16607,1.16659,1.16541,1.16555
EURUSD,H1,2025-08-19T09:00:00Z,1.16556,1.16748,1.1651,1.16745
EURUSD,H1,2025-08-19T10:00:00Z,1.16746,1.16844,1.16737,1.16837
EURUSD,H1,2025-08-19T11:00:00Z,1.16837,1.16844,1.16716,1.16749
EURUSD,H1,2025-08-19T12:00:00Z,1.16749,1.1682299999999999,1.16727,1.16803
EURUSD,H1,2025-08-19T13:00:00Z,1.16802,1.16923,1.16791,1.16888
EURUSD,H1,2025-08-19T14:00:00Z,1.16887,1.16929,1.168,1.16858
EURUSD,H1,2025-08-19T15:00:00Z,1.16858,1.16881,1.1673,1.16755
EURUSD,H1,2025-08-19T16:00:00Z,1.16754,1.16784,1.16681,1.16764
EURUSD,H1,2025-08-19T17:00:00Z,1.1676199999999999,1.16774,1.16638,1.16722
EURUSD,H1,2025-08-19T18:00:00Z,1.16721,1.16755,1.16575,1.16586
EURUSD,H1,2025-08-19T19:00:00Z,1.1659,1.16631,1.16544,1.16564
EURUSD,H1,2025-08-19T20:00:00Z,1.16563,1.16609,1.1653,1.16548
EURUSD,H1,2025-08-19T21:00:00Z,1.16547,1.16548,1.1642299999999999,1.16474
EURUSD,H1,2025-08-19T22:00:00Z,1.16474,1.16483,1.16427,1.16465
EURUSD,H1,2025-08-19T23:00:00Z,1.16464,1.1648,1.16446,1.16465
EURUSD,H1,2025-08-20T00:00:00Z,1.16443,1.16483,1.16375,1.16441
EURUSD,H1,2025-08-20T01:00:00Z,1.16436,1.16491,1.16433,1.16485
EURUSD,H1,2025-08-20T02:00:00Z,1.16485,1.16486,1.1641,1.16415
EURUSD,H1,2025-08-20T03:00:00Z,1.16415,1.16426,1.16314,1.16388
EURUSD,H1,2025-08-20T04:00:00Z,1.16388,1.1642299999999999,1.16271,1.16276
EURUSD,H1,2025-08-20T05:00:00Z,1.16276,1.16296,1.16222,1.16266
EURUSD,H1,2025-08-20T06:00:00Z,1.16266,1.16365,1.16265,1.1633
EURUSD,H1,2025-08-20T07:00:00Z,1.1633,1.16382,1.16324,1.16344
EURUSD,H1,2025-08-20T08:00:00Z,1.16345,1.16402,1.16322,1.16393
EURUSD,H1,2025-08-20T09:00:00Z,1.16393,1.16422,1.16232,1.16336
EURUSD,H1,2025-08-20T10:00:00Z,1.1633499999999999,1.16467,1.16334,1.1645
EURUSD,H1,2025-08-20T11:00:00Z,1.16449,1.16466,1.16317,1.16379
EURUSD,H1,2025-08-20T12:00:00Z,1.16379,1.16462,1.16349,1.1645
EURUSD,H1,2025-08-20T13:00:00Z,1.1645,1.16575,1.16436,1.16469
EURUSD,H1,2025-08-20T14:00:00Z,1.1647,1.16501,1.16402,1.1642000000000001
EURUSD,H1,2025-08-20T15:00:00Z,1.1642299999999999,1.16737,1.1642299999999999,1.1671
EURUSD,H1,2025-08-20T16:00:00Z,1.1671,1.16719,1.16559,1.16589
EURUSD,H1,2025-08-20T17:00:00Z,1.16589,1.1669,1.1648399999999999,1.16631
EURUSD,H1,2025-08-20T18:00:00Z,1.16631,1.16632,1.16463,1.16482
EURUSD,H1,2025-08-20T19:00:00Z,1.16482,1.16619,1.16479,1.16598
EURUSD,H1,2025-08-20T20:00:00Z,1.16598,1.1672500000000001,1.16592,1.16717
EURUSD,H1,2025-08-20T21:00:00Z,1.16715,1.16715,1.16548,1.16549
EURUSD,H1,2025-08-20T22:00:00Z,1.16549,1.16586,1.16524,1.16529
EURUSD,H1,2025-08-20T23:00:00Z,1.1653,1.16531,1.16469,1.16502
EURUSD,H1,2025-08-21T00:00:00Z,1.16499,1.16521,1.16463,1.16487
EURUSD,H1,2025-08-21T01:00:00Z,1.16485,1.1655,1.16459,1.16527
EURUSD,H1,2025-08-21T02:00:00Z,1.16527,1.16537,1.16483,1.1651
EURUSD,H1,2025-08-21T03:00:00Z,1.16509,1.16517,1.16411,1.16469
EURUSD,H1,2025-08-21T04:00:00Z,1.1647,1.16507,1.16413,1.1646
EURUSD,H1,2025-08-21T05:00:00Z,1.16459,1.16498,1.16435,1.16467
EURUSD,H1,2025-08-21T06:00:00Z,1.16467,1.16489,1.16417,1.16462
EURUSD,H1,2025-08-21T07:00:00Z,1.16462,1.1648399999999999,1.16429,1.16454
EURUSD,H1,2025-08-21T08:00:00Z,1.16456,1.16496,1.16418,1.16494
EURUSD,H1,2025-08-21T09:00:00Z,1.16495,1.16498,1.16258,1.163
EURUSD,H1,2025-08-21T10:00:00Z,1.1630099999999999,1.16612,1.1625,1.16588
EURUSD,H1,2025-08-21T11:00:00Z,1.16581,1.16596,1.16501,1.1655
EURUSD,H1,2025-08-21T12:00:00Z,1.1655,1.1663000000000001,1.16536,1.16548
EURUSD,H1,2025-08-21T13:00:00Z,1.16547,1.16567,1.16482,1.16494
EURUSD,H1,2025-08-21T14:00:00Z,1.16494,1.16574,1.16395,1.16406
EURUSD,H1,2025-08-21T15:00:00Z,1.16407,1.16564,1.16367,1.16465
EURUSD,H1,2025-08-21T16:00:00Z,1.16465,1.165,1.16155,1.16212
EURUSD,H1,2025-08-21T17:00:00Z,1.16212,1.16296,1.1606,1.16158
EURUSD,H1,2025-08-21T18:00:00Z,1.16157,1.1626,1.16011,1.16044
EURUSD,H1,2025-08-21T19:00:00Z,1.16044,1.16119,1.16015,1.16113
EURUSD,H1,2025-08-21T20:00:00Z,1.16112,1.16187,1.16112,1.16151
EURUSD,H1,2025-08-21T21:00:00Z,1.16151,1.1617,1.16069,1.16098
EURUSD,H1,2025-08-21T22:00:00Z,1.16098,1.16102,1.16038,1.16051
EURUSD,H1,2025-08-21T23:00:00Z,1.16051,1.16084,1.16035,1.16059
EURUSD,H1,2025-08-22T00:00:00Z,1.16051,1.16088,1.15916,1.16037
EURUSD,H1,2025-08-22T01:00:00Z,1.16037,1.16136,1.16035,1.16133
EURUSD,H1,2025-08-22T02:00:00Z,1.16133,1.16148,1.16093,1.16125
EURUSD,H1,2025-08-22T03:00:00Z,1.16125,1.16167,1.16105,1.16149
EURUSD,H1,2025-08-22T04:00:00Z,1.16149,1.16158,1.1604,1.1608100000000001
EURUSD,H1,2025-08-22T05:00:00Z,1.1608,1.16143,1.16049,1.16087
EURUSD,H1,2025-08-22T06:00:00Z,1.16087,1.1609,1.15888,1.1589800000000001
EURUSD,H1,2025-08-22T07:00:00Z,1.1589800000000001,1.15942,1.15831,1.15846
EURUSD,H1,2025-08-22T08:00:00Z,1.15846,1.15891,1.15835,1.15871
EURUSD,H1,2025-08-22T09:00:00Z,1.15866,1.15953,1.15833,1.15887
EURUSD,H1,2025-08-22T10:00:00Z,1.15888,1.1599,1.15885,1.15945
EURUSD,H1,2025-08-22T11:00:00Z,1.15945,1.1599599999999999,1.1591,1.15995
EURUSD,H1,2025-08-22T12:00:00Z,1.15995,1.16025,1.15953,1.15965
EURUSD,H1,2025-08-22T13:00:00Z,1.15964,1.16001,1.15934,1.1596
EURUSD,H1,2025-08-22T14:00:00Z,1.15961,1.16064,1.15949,1.16045
EURUSD,H1,2025-08-22T15:00:00Z,1.16046,1.16138,1.16046,1.16088
EURUSD,H1,2025-08-22T16:00:00Z,1.16088,1.16192,1.15976,1.15998
EURUSD,H1,2025-08-22T17:00:00Z,1.16001,1.17201,1.16001,1.17183
EURUSD,H1,2025-08-22T18:00:00Z,1.17183,1.17323,1.17123,1.17123
EURUSD,H1,2025-08-22T19:00:00Z,1.17123,1.17265,1.1712,1.1722
EURUSD,H1,2025-08-22T20:00:00Z,1.17221,1.17426,1.17221,1.1736900000000001
EURUSD,H1,2025-08-22T21:00:00Z,1.17368,1.17394,1.17212,1.1721300000000001
EURUSD,H1,2025-08-22T22:00:00Z,1.17216,1.17226,1.17149,1.17201
EURUSD,H1,2025-08-22T23:00:00Z,1.172,1.17266,1.1718,1.17217
EURUSD,H1,2025-08-25T00:00:00Z,1.17185,1.17257,1.17165,1.17216
EURUSD,H1,2025-08-25T01:00:00Z,1.17216,1.17235,1.17107,1.17127
EURUSD,H1,2025-08-25T02:00:00Z,1.17127,1.17146,1.17074,1.17082
EURUSD,H1,2025-08-25T03:00:00Z,1.17082,1.17082,1.16954,1.1697899999999999
EURUSD,H1,2025-08-25T04:00:00Z,1.1697899999999999,1.17038,1.16934,1.16961
EURUSD,H1,2025-08-25T05:00:00Z,1.16961,1.17002,1.16938,1.1696900000000001
EURUSD,H1,2025-08-25T06:00:00Z,1.1696900000000001,1.17077,1.1696900000000001,1.17068
EURUSD,H1,2025-08-25T07:00:00Z,1.17068,1.17079,1.17035,1.1706
EURUSD,H1,2025-08-25T08:00:00Z,1.1706,1.1706,1.16983,1.17007
EURUSD,H1,2025-08-25T09:00:00Z,1.17007,1.17205,1.17007,1.17146
EURUSD,H1,2025-08-25T10:00:00Z,1.17146,1.1718,1.16943,1.16977
EURUSD,H1,2025-08-25T11:00:00Z,1.16977,1.17108,1.1697,1.17042
EURUSD,H1,2025-08-25T12:00:00Z,1.17042,1.17047,1.16899,1.16934
EURUSD,H1,2025-08-25T13:00:00Z,1.16934,1.16974,1.16852,1.16878
EURUSD,H1,2025-08-25T14:00:00Z,1.16878,1.17032,1.16876,1.17028
EURUSD,H1,2025-08-25T15:00:00Z,1.17029,1.17036,1.16938,1.16999
EURUSD,H1,2025-08-25T16:00:00Z,1.16998,1.1709100000000001,1.16948,1.17031
EURUSD,H1,2025-08-25T17:00:00Z,1.17031,1.17057,1.1689,1.16901
EURUSD,H1,2025-08-25T18:00:00Z,1.16902,1.16916,1.16655,1.16693
EURUSD,H1,2025-08-25T19:00:00Z,1.16693,1.16695,1.16513,1.1655
EURUSD,H1,2025-08-25T20:00:00Z,1.1655,1.1656,1.16408,1.16469
EURUSD,H1,2025-08-25T21:00:00Z,1.16469,1.16485,1.1619,1.16206
EURUSD,H1,2025-08-25T22:00:00Z,1.16206,1.16214,1.16028,1.16096
EURUSD,H1,2025-08-25T23:00:00Z,1.16095,1.16252,1.16094,1.16193
EURUSD,H1,2025-08-26T00:00:00Z,1.16155,1.16194,1.16122,1.16192
EURUSD,H1,2025-08-26T01:00:00Z,1.16192,1.16227,1.16173,1.16206
EURUSD,H1,2025-08-26T02:00:00Z,1.16206,1.16215,1.16125,1.16144
EURUSD,H1,2025-08-26T03:00:00Z,1.16145,1.16601,1.161,1.16479
EURUSD,H1,2025-08-26T04:00:00Z,1.16478,1.16502,1.16349,1.16419
EURUSD,H1,2025-08-26T05:00:00Z,1.16419,1.16475,1.1632500000000001,1.16367
EURUSD,H1,2025-08-26T06:00:00Z,1.16367,1.16368,1.1623999999999999,1.16258
EURUSD,H1,2025-08-26T07:00:00Z,1.16257,1.16324,1.16238,1.16321
EURUSD,H1,2025-08-26T08:00:00Z,1.1632,1.1644700000000001,1.16296,1.16412
EURUSD,H1,2025-08-26T09:00:00Z,1.16408,1.16411,1.16136,1.16222
EURUSD,H1,2025-08-26T10:00:00Z,1.16221,1.16287,1.16022,1.16218
EURUSD,H1,2025-08-26T11:00:00Z,1.16218,1.16251,1.16059,1.1618
EURUSD,H1,2025-08-26T12:00:00Z,1.1617899999999999,1.16437,1.16175,1.16427
EURUSD,H1,2025-08-26T13:00:00Z,1.16427,1.16475,1.16371,1.16449
EURUSD,H1,2025-08-26T14:00:00Z,1.16449,1.16606,1.16414,1.16539
EURUSD,H1,2025-08-26T15:00:00Z,1.16539,1.16599,1.16449,1.16464
EURUSD,H1,2025-08-26T16:00:00Z,1.16462,1.16566,1.16374,1.16517
EURUSD,H1,2025-08-26T17:00:00Z,1.16515,1.16654,1.16435,1.16548
EURUSD,H1,2025-08-26T18:00:00Z,1.16548,1.16638,1.16487,1.16558
EURUSD,H1,2025-08-26T19:00:00Z,1.16562,1.16616,1.16486,1.16489
EURUSD,H1,2025-08-26T20:00:00Z,1.16488,1.16528,1.16376,1.16379
EURUSD,H1,2025-08-26T21:00:00Z,1.16378,1.16476,1.16337,1.16436
EURUSD,H1,2025-08-26T22:00:00Z,1.16437,1.16488,1.16397,1.16408
EURUSD,H1,2025-08-26T23:00:00Z,1.16408,1.1643,1.1633499999999999,1.16404
EURUSD,H1,2025-08-27T00:00:00Z,1.16416,1.16465,1.16351,1.1644
EURUSD,H1,2025-08-27T01:00:00Z,1.1644,1.16477,1.16411,1.16432
EURUSD,H1,2025-08-27T02:00:00Z,1.16432,1.1644,1.16369,1.16372
EURUSD,H1,2025-08-27T03:00:00Z,1.16371,1.16419,1.16337,1.16369
EURUSD,H1,2025-08-27T04:00:00Z,1.16369,1.16409,1.16306,1.16338
EURUSD,H1,2025-08-27T05:00:00Z,1.16338,1.16342,1.16248,1.16314
EURUSD,H1,2025-08-27T06:00:00Z,1.16314,1.1633,1.16217,1.16252
EURUSD,H1,2025-08-27T07:00:00Z,1.16252,1.16256,1.16122,1.1614200000000001
EURUSD,H1,2025-08-27T08:00:00Z,1.16143,1.16204,1.16136,1.1620300000000001
EURUSD,H1,2025-08-27T09:00:00Z,1.16201,1.16239,1.16145,1.16209
EURUSD,H1,2025-08-27T10:00:00Z,1.1621,1.1622,1.15962,1.16034
EURUSD,H1,2025-08-27T11:00:00Z,1.16034,1.16037,1.1577,1.15889
EURUSD,H1,2025-08-27T12:00:00Z,1.15889,1.1595,1.15865,1.15901
EURUSD,H1,2025-08-27T13:00:00Z,1.15902,1.15927,1.15787,1.15796
EURUSD,H1,2025-08-27T14:00:00Z,1.15796,1.15899,1.1574,1.15862
EURUSD,H1,2025-08-27T15:00:00Z,1.15861,1.15983,1.15846,1.15865
EURUSD,H1,2025-08-27T16:00:00Z,1.15865,1.16038,1.15845,1.1598
EURUSD,H1,2025-08-27T17:00:00Z,1.15977,1.16029,1.15822,1.15924
EURUSD,H1,2025-08-27T18:00:00Z,1.15924,1.16123,1.15922,1.16106
EURUSD,H1,2025-08-27T19:00:00Z,1.16107,1.16408,1.16104,1.16383
EURUSD,H1,2025-08-27T20:00:00Z,1.16383,1.16429,1.16326,1.16377
EURUSD,H1,2025-08-27T21:00:00Z,1.16377,1.16382,1.1628,1.16306
EURUSD,H1,2025-08-27T22:00:00Z,1.16307,1.16352,1.16291,1.16338
EURUSD,H1,2025-08-27T23:00:00Z,1.16337,1.16381,1.16315,1.16371
EURUSD,H1,2025-08-28T00:00:00Z,1.16351,1.16381,1.16138,1.16353
EURUSD,H1,2025-08-28T01:00:00Z,1.16353,1.16442,1.16353,1.16436
EURUSD,H1,2025-08-28T02:00:00Z,1.16437,1.16477,1.16422,1.16476
EURUSD,H1,2025-08-28T03:00:00Z,1.16476,1.16493,1.16425,1.16456
EURUSD,H1,2025-08-28T04:00:00Z,1.16456,1.16505,1.16414,1.16454
EURUSD,H1,2025-08-28T05:00:00Z,1.16455,1.16548,1.16448,1.16525
EURUSD,H1,2025-08-28T06:00:00Z,1.16527,1.16545,1.1642299999999999,1.16431
EURUSD,H1,2025-08-28T07:00:00Z,1.16431,1.16441,1.16387,1.16399
EURUSD,H1,2025-08-28T08:00:00Z,1.16399,1.16409,1.1635900000000001,1.16375
EURUSD,H1,2025-08-28T09:00:00Z,1.16375,1.16452,1.16339,1.16429
EURUSD,H1,2025-08-28T10:00:00Z,1.16428,1.16497,1.16341,1.16438
EURUSD,H1,2025-08-28T11:00:00Z,1.16438,1.1645699999999999,1.1629,1.16426
EURUSD,H1,2025-08-28T12:00:00Z,1.16427,1.16547,1.16426,1.16488
EURUSD,H1,2025-08-28T13:00:00Z,1.16487,1.16748,1.16482,1.16714
EURUSD,H1,2025-08-28T14:00:00Z,1.16711,1.16737,1.16594,1.16666
EURUSD,H1,2025-08-28T15:00:00Z,1.16668,1.1687,1.16623,1.16695
EURUSD,H1,2025-08-28T16:00:00Z,1.16696,1.16774,1.16585,1.16721
EURUSD,H1,2025-08-28T17:00:00Z,1.16722,1.1686,1.1666,1.16703
EURUSD,H1,2025-08-28T18:00:00Z,1.16705,1.16754,1.16612,1.1672
EURUSD,H1,2025-08-28T19:00:00Z,1.16721,1.16902,1.16719,1.16893
EURUSD,H1,2025-08-28T20:00:00Z,1.16893,1.16974,1.16869,1.1688
EURUSD,H1,2025-08-28T21:00:00Z,1.1688,1.16902,1.16848,1.16891
EURUSD,H1,2025-08-28T22:00:00Z,1.16891,1.16903,1.16822,1.16826
EURUSD,H1,2025-08-28T23:00:00Z,1.16826,1.16834,1.16774,1.16821
EURUSD,H1,2025-08-29T00:00:00Z,1.16826,1.16826,1.16751,1.16772
EURUSD,H1,2025-08-29T01:00:00Z,1.16773,1.16807,1.16737,1.16741
EURUSD,H1,2025-08-29T02:00:00Z,1.16742,1.16821,1.16738,1.16785
EURUSD,H1,2025-08-29T03:00:00Z,1.1678600000000001,1.16821,1.16728,1.16749
EURUSD,H1,2025-08-29T04:00:00Z,1.16749,1.16766,1.16563,1.1659
EURUSD,H1,2025-08-29T05:00:00Z,1.1659,1.16652,1.1659,1.1662
EURUSD,H1,2025-08-29T06:00:00Z,1.16621,1.16648,1.16601,1.16626
EURUSD,H1,2025-08-29T07:00:00Z,1.16626,1.16648,1.16585,1.16647
EURUSD,H1,2025-08-29T08:00:00Z,1.16647,1.16703,1.16615,1.1670099999999999
EURUSD,H1,2025-08-29T09:00:00Z,1.167,1.16707,1.16612,1.1667
EURUSD,H1,2025-08-29T10:00:00Z,1.16665,1.16772,1.16628,1.1676199999999999
EURUSD,H1,2025-08-29T11:00:00Z,1.16761,1.16901,1.16694,1.16757
EURUSD,H1,2025-08-29T12:00:00Z,1.16757,1.16827,1.16688,1.16729
EURUSD,H1,2025-08-29T13:00:00Z,1.16729,1.16746,1.1665,1.16679
EURUSD,H1,2025-08-29T14:00:00Z,1.16678,1.16683,1.1661,1.16629
EURUSD,H1,2025-08-29T15:00:00Z,1.16628,1.16642,1.1651,1.16586
EURUSD,H1,2025-08-29T16:00:00Z,1.16588,1.16733,1.16537,1.16687
EURUSD,H1,2025-08-29T17:00:00Z,1.1670099999999999,1.17053,1.16681,1.17043
EURUSD,H1,2025-08-29T18:00:00Z,1.17043,1.17089,1.1694499999999999,1.1694499999999999
EURUSD,H1,2025-08-29T19:00:00Z,1.1694499999999999,1.17073,1.16937,1.17017
EURUSD,H1,2025-08-29T20:00:00Z,1.17017,1.17032,1.16961,1.16964
EURUSD,H1,2025-08-29T21:00:00Z,1.16964,1.16996,1.16934,1.16986
EURUSD,H1,2025-08-29T22:00:00Z,1.16986,1.16997,1.16932,1.16983
EURUSD,H1,2025-08-29T23:00:00Z,1.16984,1.17007,1.16798,1.16866
EURUSD,H1,2025-09-01T00:00:00Z,1.16943,1.1694499999999999,1.16853,1.1687400000000001
EURUSD,H1,2025-09-01T01:00:00Z,1.1687400000000001,1.1690800000000001,1.16858,1.16887
EURUSD,H1,2025-09-01T02:00:00Z,1.16888,1.16906,1.16868,1.16903
EURUSD,H1,2025-09-01T03:00:00Z,1.16903,1.16981,1.16898,1.16973
EURUSD,H1,2025-09-01T04:00:00Z,1.16973,1.16975,1.1688,1.1695
EURUSD,H1,2025-09-01T05:00:00Z,1.1695,1.17138,1.16948,1.17119
EURUSD,H1,2025-09-01T06:00:00Z,1.17118,1.17145,1.17046,1.17082
EURUSD,H1,2025-09-01T07:00:00Z,1.17081,1.17102,1.17047,1.17083
EURUSD,H1,2025-09-01T08:00:00Z,1.17083,1.17155,1.17082,1.17144
EURUSD,H1,2025-09-01T09:00:00Z,1.17141,1.17336,1.17133,1.17254
EURUSD,H1,2025-09-01T10:00:00Z,1.17253,1.17279,1.17151,1.17254
EURUSD,H1,2025-09-01T11:00:00Z,1.17248,1.17363,1.1716,1.17353
EURUSD,H1,2025-09-01T12:00:00Z,1.17353,1.17361,1.17187,1.17195
EURUSD,H1,2025-09-01T13:00:00Z,1.17195,1.17264,1.17181,1.17195
EURUSD,H1,2025-09-01T14:00:00Z,1.17195,1.17293,1.17129,1.17146
EURUSD,H1,2025-09-01T15:00:00Z,1.17146,1.17181,1.17066,1.17076
EURUSD,H1,2025-09-01T16:00:00Z,1.17077,1.17164,1.17051,1.17079
EURUSD,H1,2025-09-01T17:00:00Z,1.17079,1.17144,1.17056,1.17109
EURUSD,H1,2025-09-01T18:00:00Z,1.17106,1.17114,1.16995,1.16998
EURUSD,H1,2025-09-01T19:00:00Z,1.16998,1.17049,1.16966,1.17049
EURUSD,H1,2025-09-01T20:00:00Z,1.17049,1.17054,1.17012,1.17044
EURUSD,H1,2025-09-01T21:00:00Z,1.17044,1.17076,1.17039,1.17075
EURUSD,H1,2025-09-01T22:00:00Z,1.17076,1.17137,1.17076,1.17129
EURUSD,H1,2025-09-01T23:00:00Z,1.17122,1.17136,1.17104,1.17109
EURUSD,H1,2025-09-02T00:00:00Z,1.17106,1.17106,1.16983,1.17064
EURUSD,H1,2025-09-02T01:00:00Z,1.17065,1.17133,1.1705,1.1711
EURUSD,H1,2025-09-02T02:00:00Z,1.17111,1.17185,1.17109,1.17148
EURUSD,H1,2025-09-02T03:00:00Z,1.17148,1.17156,1.17031,1.17044
EURUSD,H1,2025-09-02T04:00:00Z,1.17043,1.17071,1.16993,1.17038
EURUSD,H1,2025-09-02T05:00:00Z,1.17038,1.17043,1.16921,1.16984
EURUSD,H1,2025-09-02T06:00:00Z,1.16984,1.16995,1.1693,1.16953
EURUSD,H1,2025-09-02T07:00:00Z,1.16951,1.1696,1.169,1.1693500000000001
EURUSD,H1,2025-09-02T08:00:00Z,1.1693500000000001,1.16972,1.16871,1.16943
EURUSD,H1,2025-09-02T09:00:00Z,1.16944,1.17065,1.16944,1.17031
EURUSD,H1,2025-09-02T10:00:00Z,1.17031,1.17066,1.16428,1.16458
EURUSD,H1,2025-09-02T11:00:00Z,1.16465,1.16559,1.16337,1.16452
EURUSD,H1,2025-09-02T12:00:00Z,1.16452,1.1648399999999999,1.16239,1.16377
EURUSD,H1,2025-09-02T13:00:00Z,1.16377,1.16421,1.16268,1.16318
EURUSD,H1,2025-09-02T14:00:00Z,1.16318,1.16495,1.1628,1.16467
EURUSD,H1,2025-09-02T15:00:00Z,1.16468,1.1653,1.16129,1.16173
EURUSD,H1,2025-09-02T16:00:00Z,1.16174,1.16513,1.1615,1.165
EURUSD,H1,2025-09-02T17:00:00Z,1.16499,1.16826,1.16499,1.16624
EURUSD,H1,2025-09-02T18:00:00Z,1.16624,1.16686,1.16496,1.16526
EURUSD,H1,2025-09-02T19:00:00Z,1.16527,1.16548,1.1643,1.16442
EURUSD,H1,2025-09-02T20:00:00Z,1.16442,1.1648399999999999,1.16415,1.16424
EURUSD,H1,2025-09-02T21:00:00Z,1.1642299999999999,1.16435,1.16297,1.16334
EURUSD,H1,2025-09-02T22:00:00Z,1.16337,1.16413,1.16321,1.16413
EURUSD,H1,2025-09-02T23:00:00Z,1.16417,1.16431,1.16388,1.16411
EURUSD,H1,2025-09-03T00:00:00Z,1.16358,1.16419,1.16236,1.16406
EURUSD,H1,2025-09-03T01:00:00Z,1.16404,1.16441,1.16366,1.1637
EURUSD,H1,2025-09-03T02:00:00Z,1.16372,1.16379,1.16328,1.16328
EURUSD,H1,2025-09-03T03:00:00Z,1.16329,1.1636199999999999,1.16289,1.16331
EURUSD,H1,2025-09-03T04:00:00Z,1.1633,1.16353,1.1626400000000001,1.16305
EURUSD,H1,2025-09-03T05:00:00Z,1.16305,1.16356,1.16249,1.1627399999999999
EURUSD,H1,2025-09-03T06:00:00Z,1.1627399999999999,1.16304,1.16229,1.16235
EURUSD,H1,2025-09-03T07:00:00Z,1.16235,1.16319,1.1622,1.16319
EURUSD,H1,2025-09-03T08:00:00Z,1.16319,1.16347,1.16261,1.163
EURUSD,H1,2025-09-03T09:00:00Z,1.163,1.1643,1.16284,1.16334
EURUSD,H1,2025-09-03T10:00:00Z,1.1633,1.16361,1.1608,1.16358
EURUSD,H1,2025-09-03T11:00:00Z,1.16358,1.16576,1.16355,1.16565
EURUSD,H1,2025-09-03T12:00:00Z,1.16565,1.16646,1.1652,1.16564
EURUSD,H1,2025-09-03T13:00:00Z,1.16563,1.16577,1.16397,1.16435
EURUSD,H1,2025-09-03T14:00:00Z,1.16435,1.16547,1.16398,1.16517
EURUSD,H1,2025-09-03T15:00:00Z,1.16514,1.1659,1.16446,1.16483
EURUSD,H1,2025-09-03T16:00:00Z,1.16483,1.16541,1.16384,1.16478
EURUSD,H1,2025-09-03T17:00:00Z,1.16478,1.16803,1.16467,1.16637
EURUSD,H1,2025-09-03T18:00:00Z,1.16637,1.16822,1.16631,1.1675
EURUSD,H1,2025-09-03T19:00:00Z,1.1675,1.16776,1.1666400000000001,1.16753
EURUSD,H1,2025-09-03T20:00:00Z,1.16753,1.16771,1.16589,1.16611
EURUSD,H1,2025-09-03T21:00:00Z,1.16611,1.16679,1.16581,1.16619
EURUSD,H1,2025-09-03T22:00:00Z,1.16619,1.16629,1.16559,1.16583
EURUSD,H1,2025-09-03T23:00:00Z,1.16582,1.16647,1.16556,1.16606
EURUSD,H1,2025-09-04T00:00:00Z,1.1656900000000001,1.16623,1.1648100000000001,1.166
EURUSD,H1,2025-09-04T01:00:00Z,1.166,1.16633,1.16598,1.16605
EURUSD,H1,2025-09-04T02:00:00Z,1.16605,1.16624,1.16568,1.16612
EURUSD,H1,2025-09-04T03:00:00Z,1.1661299999999999,1.16624,1.16547,1.16589
EURUSD,H1,2025-09-04T04:00:00Z,1.16589,1.16694,1.16524,1.16584
EURUSD,H1,2025-09-04T05:00:00Z,1.16582,1.16589,1.1651,1.16529
EURUSD,H1,2025-09-04T06:00:00Z,1.16529,1.1656,1.16505,1.16531
EURUSD,H1,2025-09-04T07:00:00Z,1.16531,1.16551,1.16504,1.16516
EURUSD,H1,2025-09-04T08:00:00Z,1.16516,1.16554,1.16482,1.16553
EURUSD,H1,2025-09-04T09:00:00Z,1.16554,1.1661299999999999,1.165,1.1651799999999999
EURUSD,H1,2025-09-04T10:00:00Z,1.16517,1.16586,1.16442,1.16506
EURUSD,H1,2025-09-04T11:00:00Z,1.16501,1.16593,1.16482,1.16578
EURUSD,H1,2025-09-04T12:00:00Z,1.16578,1.16599,1.16397,1.16433
EURUSD,H1,2025-09-04T13:00:00Z,1.16433,1.16597,1.1643,1.16528
EURUSD,H1,2025-09-04T14:00:00Z,1.16526,1.16528,1.16393,1.1643
EURUSD,H1,2025-09-04T15:00:00Z,1.1643,1.16576,1.163,1.1646
EURUSD,H1,2025-09-04T16:00:00Z,1.1646,1.16557,1.16376,1.16494
EURUSD,H1,2025-09-04T17:00:00Z,1.16389,1.16517,1.16317,1.16347
EURUSD,H1,2025-09-04T18:00:00Z,1.16349,1.16499,1.16314,1.16477
EURUSD,H1,2025-09-04T19:00:00Z,1.16478,1.16483,1.16338,1.1639599999999999
EURUSD,H1,2025-09-04T20:00:00Z,1.1639599999999999,1.16401,1.16344,1.16376
EURUSD,H1,2025-09-04T21:00:00Z,1.16376,1.16478,1.16366,1.16439
EURUSD,H1,2025-09-04T22:00:00Z,1.16439,1.1652,1.16437,1.16509
EURUSD,H1,2025-09-04T23:00:00Z,1.1651,1.16525,1.16485,1.1650800000000001
EURUSD,H1,2025-09-05T00:00:00Z,1.16488,1.16494,1.1633,1.16489
EURUSD,H1,2025-09-05T01:00:00Z,1.16489,1.16536,1.16478,1.16489
EURUSD,H1,2025-09-05T02:00:00Z,1.16489,1.16578,1.16486,1.16568
EURUSD,H1,2025-09-05T03:00:00Z,1.16568,1.16607,1.16524,1.16595
EURUSD,H1,2025-09-05T04:00:00Z,1.16596,1.16721,1.16594,1.16706
EURUSD,H1,2025-09-05T05:00:00Z,1.16706,1.16747,1.16683,1.16686
EURUSD,H1,2025-09-05T06:00:00Z,1.16682,1.16733,1.16659,1.16714
EURUSD,H1,2025-09-05T07:00:00Z,1.16714,1.16718,1.16648,1.16669
EURUSD,H1,2025-09-05T08:00:00Z,1.16669,1.16778,1.16665,1.16769
EURUSD,H1,2025-09-05T09:00:00Z,1.1677,1.16775,1.16651,1.16692
EURUSD,H1,2025-09-05T10:00:00Z,1.16692,1.16789,1.1666400000000001,1.16777
EURUSD,H1,2025-09-05T11:00:00Z,1.1677,1.16844,1.1675200000000001,1.16834
EURUSD,H1,2025-09-05T12:00:00Z,1.16835,1.16923,1.1681300000000001,1.16881
EURUSD,H1,2025-09-05T13:00:00Z,1.16881,1.16966,1.16868,1.16914
EURUSD,H1,2025-09-05T14:00:00Z,1.16914,1.16917,1.16777,1.16873
EURUSD,H1,2025-09-05T15:00:00Z,1.16873,1.17497,1.16862,1.17343
EURUSD,H1,2025-09-05T16:00:00Z,1.17342,1.17503,1.1714,1.1749
EURUSD,H1,2025-09-05T17:00:00Z,1.17494,1.17594,1.1723,1.17367
EURUSD,H1,2025-09-05T18:00:00Z,1.17367,1.17592,1.17349,1.17585
EURUSD,H1,2025-09-05T19:00:00Z,1.17582,1.17596,1.17366,1.17389
EURUSD,H1,2025-09-05T20:00:00Z,1.1739,1.17394,1.17248,1.1726
EURUSD,H1,2025-09-05T21:00:00Z,1.17259,1.17265,1.17146,1.17171
EURUSD,H1,2025-09-05T22:00:00Z,1.17171,1.17232,1.1713,1.1718
EURUSD,H1,2025-09-05T23:00:00Z,1.17182,1.17217,1.17147,1.17173
EURUSD,H1,2025-09-08T00:00:00Z,1.17113,1.1717,1.17085,1.17154
EURUSD,H1,2025-09-08T01:00:00Z,1.17153,1.17184,1.17036,1.1706
EURUSD,H1,2025-09-08T02:00:00Z,1.17063,1.1716,1.17058,1.17124
EURUSD,H1,2025-09-08T03:00:00Z,1.1712500000000001,1.17133,1.1705,1.1713
EURUSD,H1,2025-09-08T04:00:00Z,1.17131,1.17174,1.17075,1.17129
EURUSD,H1,2025-09-08T05:00:00Z,1.1713,1.17165,1.17106,1.1715
EURUSD,H1,2025-09-08T06:00:00Z,1.1715,1.17159,1.17081,1.17095
EURUSD,H1,2025-09-08T07:00:00Z,1.17095,1.17143,1.1706,1.17131
EURUSD,H1,2025-09-08T08:00:00Z,1.17132,1.17209,1.17122,1.1715200000000001
EURUSD,H1,2025-09-08T09:00:00Z,1.17154,1.17278,1.17119,1.17268
EURUSD,H1,2025-09-08T10:00:00Z,1.17269,1.1734,1.17204,1.17329
EURUSD,H1,2025-09-08T11:00:00Z,1.17327,1.17429,1.17259,1.17314
EURUSD,H1,2025-09-08T12:00:00Z,1.17315,1.17316,1.17209,1.17237
EURUSD,H1,2025-09-08T13:00:00Z,1.17238,1.17288,1.17202,1.17259
EURUSD,H1,2025-09-08T14:00:00Z,1.17257,1.17319,1.17246,1.17291
EURUSD,H1,2025-09-08T15:00:00Z,1.17288,1.17415,1.17228,1.17377
EURUSD,H1,2025-09-08T16:00:00Z,1.17378,1.17564,1.17364,1.17511
EURUSD,H1,2025-09-08T17:00:00Z,1.17512,1.17545,1.17399,1.17455
EURUSD,H1,2025-09-08T18:00:00Z,1.17455,1.17523,1.17432,1.17503
EURUSD,H1,2025-09-08T19:00:00Z,1.17503,1.1751800000000001,1.1735,1.17408
EURUSD,H1,2025-09-08T20:00:00Z,1.17408,1.17471,1.1735,1.17398
EURUSD,H1,2025-09-08T21:00:00Z,1.17398,1.17627,1.1739600000000001,1.17611
EURUSD,H1,2025-09-08T22:00:00Z,1.17612,1.17656,1.17595,1.17627
EURUSD,H1,2025-09-08T23:00:00Z,1.17625,1.17638,1.17594,1.17627
EURUSD,H1,2025-09-09T00:00:00Z,1.17628,1.17628,1.1753,1.17601
EURUSD,H1,2025-09-09T01:00:00Z,1.17599,1.1764999999999999,1.17599,1.1762
EURUSD,H1,2025-09-09T02:00:00Z,1.17622,1.17729,1.17622,1.17686
EURUSD,H1,2025-09-09T03:00:00Z,1.17687,1.1774499999999999,1.17656,1.17715
EURUSD,H1,2025-09-09T04:00:00Z,1.17715,1.1778,1.1766,1.17752
EURUSD,H1,2025-09-09T05:00:00Z,1.17752,1.1777,1.17677,1.17689
EURUSD,H1,2025-09-09T06:00:00Z,1.17689,1.1770100000000001,1.17633,1.1764000000000001
EURUSD,H1,2025-09-09T07:00:00Z,1.1764000000000001,1.17759,1.17637,1.17729
EURUSD,H1,2025-09-09T08:00:00Z,1.17728,1.17801,1.17712,1.17788
EURUSD,H1,2025-09-09T09:00:00Z,1.17791,1.17799,1.17563,1.17648
EURUSD,H1,2025-09-09T10:00:00Z,1.17648,1.17685,1.17478,1.17526
EURUSD,H1,2025-09-09T11:00:00Z,1.17526,1.17622,1.17443,1.17595
EURUSD,H1,2025-09-09T12:00:00Z,1.17595,1.17723,1.17594,1.17676
EURUSD,H1,2025-09-09T13:00:00Z,1.17676,1.17714,1.17526,1.17541
EURUSD,H1,2025-09-09T14:00:00Z,1.17541,1.17546,1.17412,1.17421
EURUSD,H1,2025-09-09T15:00:00Z,1.17421,1.17452,1.17276,1.17373
EURUSD,H1,2025-09-09T16:00:00Z,1.17374,1.1749,1.1734,1.17422
EURUSD,H1,2025-09-09T17:00:00Z,1.17428,1.17627,1.17228,1.17307
EURUSD,H1,2025-09-09T18:00:00Z,1.17307,1.17317,1.17157,1.17221
EURUSD,H1,2025-09-09T19:00:00Z,1.17222,1.17298,1.17187,1.17188
EURUSD,H1,2025-09-09T20:00:00Z,1.1718899999999999,1.17236,1.17084,1.17092
EURUSD,H1,2025-09-09T21:00:00Z,1.17093,1.17147,1.17042,1.17065
EURUSD,H1,2025-09-09T22:00:00Z,1.17065,1.1709100000000001,1.17037,1.1706699999999999
EURUSD,H1,2025-09-09T23:00:00Z,1.1706699999999999,1.17112,1.17045,1.17097
EURUSD,H1,2025-09-10T00:00:00Z,1.17071,1.17109,1.16996,1.17109
EURUSD,H1,2025-09-10T01:00:00Z,1.1711,1.17139,1.17072,1.1712
EURUSD,H1,2025-09-10T02:00:00Z,1.17118,1.1712,1.16975,1.17026
EURUSD,H1,2025-09-10T03:00:00Z,1.17025,1.17026,1.1696,1.16971
EURUSD,H1,2025-09-10T04:00:00Z,1.1697,1.17029,1.16895,1.16994
EURUSD,H1,2025-09-10T05:00:00Z,1.16995,1.17085,1.16994,1.17075
EURUSD,H1,2025-09-10T06:00:00Z,1.17075,1.17102,1.17069,1.17081
EURUSD,H1,2025-09-10T07:00:00Z,1.17082,1.17156,1.17074,1.1715
EURUSD,H1,2025-09-10T08:00:00Z,1.17149,1.17161,1.1705,1.17084
EURUSD,H1,2025-09-10T09:00:00Z,1.17085,1.17184,1.16915,1.16976
EURUSD,H1,2025-09-10T10:00:00Z,1.16976,1.17079,1.16824,1.17028
EURUSD,H1,2025-09-10T11:00:00Z,1.17029,1.17037,1.16909,1.17
EURUSD,H1,2025-09-10T12:00:00Z,1.17,1.17171,1.16985,1.17133
EURUSD,H1,2025-09-10T13:00:00Z,1.17133,1.17147,1.16963,1.17004
EURUSD,H1,2025-09-10T14:00:00Z,1.17004,1.17068,1.16953,1.17046
EURUSD,H1,2025-09-10T15:00:00Z,1.17047,1.17275,1.16912,1.17003
EURUSD,H1,2025-09-10T16:00:00Z,1.17004,1.17246,1.16958,1.17201
EURUSD,H1,2025-09-10T17:00:00Z,1.17201,1.17306,1.1715,1.17278
EURUSD,H1,2025-09-10T18:00:00Z,1.17277,1.17301,1.1713,1.17145
EURUSD,H1,2025-09-10T19:00:00Z,1.17146,1.1716,1.17026,1.17057
EURUSD,H1,2025-09-10T20:00:00Z,1.17057,1.17112,1.17018,1.1706
EURUSD,H1,2025-09-10T21:00:00Z,1.17059,1.17121,1.17025,1.17046
EURUSD,H1,2025-09-10T22:00:00Z,1.17046,1.17046,1.16933,1.17003
EURUSD,H1,2025-09-10T23:00:00Z,1.17002,1.17014,1.1693500000000001,1.16946
EURUSD,H1,2025-09-11T00:00:00Z,1.16941,1.1699,1.1682299999999999,1.16976
EURUSD,H1,2025-09-11T01:00:00Z,1.16975,1.17036,1.16967,1.17034
EURUSD,H1,2025-09-11T02:00:00Z,1.17034,1.17069,1.17014,1.17026
EURUSD,H1,2025-09-11T03:00:00Z,1.17027,1.17027,1.16937,1.1694
EURUSD,H1,2025-09-11T04:00:00Z,1.1694,1.17029,1.16931,1.16973
EURUSD,H1,2025-09-11T05:00:00Z,1.16973,1.16987,1.1693500000000001,1.16964
EURUSD,H1,2025-09-11T06:00:00Z,1.16964,1.17002,1.16948,1.1696
EURUSD,H1,2025-09-11T07:00:00Z,1.1696,1.16995,1.1694,1.16995
EURUSD,H1,2025-09-11T08:00:00Z,1.16995,1.16995,1.1689,1.16901
EURUSD,H1,2025-09-11T09:00:00Z,1.16901,1.16968,1.16838,1.16906
EURUSD,H1,2025-09-11T10:00:00Z,1.16906,1.16963,1.16868,1.16927
EURUSD,H1,2025-09-11T11:00:00Z,1.16927,1.16952,1.16886,1.1692
EURUSD,H1,2025-09-11T12:00:00Z,1.16919,1.16931,1.16772,1.1685699999999999
EURUSD,H1,2025-09-11T13:00:00Z,1.1685699999999999,1.16883,1.168,1.16831
EURUSD,H1,2025-09-11T14:00:00Z,1.16831,1.16911,1.16782,1.16837
EURUSD,H1,2025-09-11T15:00:00Z,1.16837,1.17209,1.16606,1.1715
EURUSD,H1,2025-09-11T16:00:00Z,1.17157,1.1741,1.17139,1.17393
EURUSD,H1,2025-09-11T17:00:00Z,1.17392,1.17444,1.17256,1.1728
EURUSD,H1,2025-09-11T18:00:00Z,1.17279,1.17461,1.17261,1.17315
EURUSD,H1,2025-09-11T19:00:00Z,1.17315,1.174,1.17307,1.17365
EURUSD,H1,2025-09-11T20:00:00Z,1.17365,1.17389,1.17277,1.17318
EURUSD,H1,2025-09-11T21:00:00Z,1.17317,1.17384,1.17307,1.17355
EURUSD,H1,2025-09-11T22:00:00Z,1.17356,1.17391,1.17339,1.1736900000000001
EURUSD,H1,2025-09-11T23:00:00Z,1.17368,1.17394,1.17356,1.17357
EURUSD,H1,2025-09-12T00:00:00Z,1.17334,1.17354,1.17206,1.17338
EURUSD,H1,2025-09-12T01:00:00Z,1.17338,1.17407,1.17334,1.17391
EURUSD,H1,2025-09-12T02:00:00Z,1.17392,1.17402,1.17329,1.17333
EURUSD,H1,2025-09-12T03:00:00Z,1.17331,1.17344,1.17271,1.1733
EURUSD,H1,2025-09-12T04:00:00Z,1.1733,1.1734499999999999,1.17252,1.17256
EURUSD,H1,2025-09-12T05:00:00Z,1.17256,1.17292,1.17237,1.17268
EURUSD,H1,2025-09-12T06:00:00Z,1.17268,1.17272,1.17227,1.17252
EURUSD,H1,2025-09-12T07:00:00Z,1.17251,1.1727,1.17209,1.17256
EURUSD,H1,2025-09-12T08:00:00Z,1.17258,1.17334,1.17241,1.17304
EURUSD,H1,2025-09-12T09:00:00Z,1.17309,1.17404,1.1722,1.17395
EURUSD,H1,2025-09-12T10:00:00Z,1.1739600000000001,1.17478,1.1737,1.17407
EURUSD,H1,2025-09-12T11:00:00Z,1.1740599999999999,1.17411,1.17157,1.17175
EURUSD,H1,2025-09-12T12:00:00Z,1.17175,1.17253,1.1712500000000001,1.17222
EURUSD,H1,2025-09-12T13:00:00Z,1.17224,1.17348,1.1722,1.17339
EURUSD,H1,2025-09-12T14:00:00Z,1.17339,1.17356,1.17207,1.17212
EURUSD,H1,2025-09-12T15:00:00Z,1.1721300000000001,1.1723,1.17012,1.17124
EURUSD,H1,2025-09-12T16:00:00Z,1.17124,1.17165,1.17033,1.17133
EURUSD,H1,2025-09-12T17:00:00Z,1.1713,1.17283,1.17126,1.1724999999999999
EURUSD,H1,2025-09-12T18:00:00Z,1.1724999999999999,1.17276,1.17133,1.1714
EURUSD,H1,2025-09-12T19:00:00Z,1.1714,1.17318,1.171,1.1727
EURUSD,H1,2025-09-12T20:00:00Z,1.17273,1.17379,1.17269,1.17322
EURUSD,H1,2025-09-12T21:00:00Z,1.17321,1.17419,1.17321,1.17412
EURUSD,H1,2025-09-12T22:00:00Z,1.17412,1.17416,1.17337,1.17365
EURUSD,H1,2025-09-12T23:00:00Z,1.17361,1.17365,1.17288,1.17312
EURUSD,H1,2025-09-15T00:00:00Z,1.17256,1.17307,1.1724,1.17301
EURUSD,H1,2025-09-15T01:00:00Z,1.17301,1.1735,1.17278,1.17285
EURUSD,H1,2025-09-15T02:00:00Z,1.17285,1.17312,1.17251,1.17256
EURUSD,H1,2025-09-15T03:00:00Z,1.17256,1.17278,1.17219,1.17268
EURUSD,H1,2025-09-15T04:00:00Z,1.17268,1.17295,1.17229,1.17275
EURUSD,H1,2025-09-15T05:00:00Z,1.17276,1.17294,1.1724700000000001,1.17277
EURUSD,H1,2025-09-15T06:00:00Z,1.17278,1.17344,1.17273,1.17313
EURUSD,H1,2025-09-15T07:00:00Z,1.17313,1.17357,1.17307,1.17341
EURUSD,H1,2025-09-15T08:00:00Z,1.17344,1.17344,1.17278,1.17282
EURUSD,H1,2025-09-15T09:00:00Z,1.17282,1.173,1.17161,1.1724999999999999
EURUSD,H1,2025-09-15T10:00:00Z,1.1724999999999999,1.17443,1.17242,1.1733500000000001
EURUSD,H1,2025-09-15T11:00:00Z,1.1733500000000001,1.17437,1.17299,1.17372
EURUSD,H1,2025-09-15T12:00:00Z,1.17372,1.1751800000000001,1.17363,1.17463
EURUSD,H1,2025-09-15T13:00:00Z,1.17461,1.17628,1.1746,1.1752799999999999
EURUSD,H1,2025-09-15T14:00:00Z,1.1753,1.17633,1.17527,1.17611
EURUSD,H1,2025-09-15T15:00:00Z,1.17612,1.17708,1.17612,1.17696
EURUSD,H1,2025-09-15T16:00:00Z,1.17696,1.17733,1.17576,1.17588
EURUSD,H1,2025-09-15T17:00:00Z,1.17586,1.17605,1.17509,1.1758
EURUSD,H1,2025-09-15T18:00:00Z,1.17578,1.17722,1.17565,1.17715
EURUSD,H1,2025-09-15T19:00:00Z,1.17714,1.1774499999999999,1.1756199999999999,1.17585
EURUSD,H1,2025-09-15T20:00:00Z,1.17584,1.1773,1.17582,1.1771
EURUSD,H1,2025-09-15T21:00:00Z,1.1771099999999999,1.17723,1.17663,1.17694
EURUSD,H1,2025-09-15T22:00:00Z,1.17694,1.17721,1.17645,1.17658
EURUSD,H1,2025-09-15T23:00:00Z,1.17656,1.17687,1.17599,1.17608
EURUSD,H1,2025-09-16T00:00:00Z,1.1758899999999999,1.17654,1.17588,1.17651
EURUSD,H1,2025-09-16T01:00:00Z,1.17651,1.1766,1.17619,1.17631
EURUSD,H1,2025-09-16T02:00:00Z,1.17634,1.17661,1.1763,1.17631
EURUSD,H1,2025-09-16T03:00:00Z,1.17629,1.17661,1.17575,1.1762
EURUSD,H1,2025-09-16T04:00:00Z,1.17621,1.17693,1.1757900000000001,1.17676
EURUSD,H1,2025-09-16T05:00:00Z,1.17676,1.17775,1.17673,1.17766
EURUSD,H1,2025-09-16T06:00:00Z,1.17766,1.1787,1.17742,1.17802
EURUSD,H1,2025-09-16T07:00:00Z,1.17802,1.17804,1.1774,1.17769
EURUSD,H1,2025-09-16T08:00:00Z,1.17769,1.17803,1.17736,1.17782
EURUSD,H1,2025-09-16T09:00:00Z,1.17783,1.17911,1.17777,1.17874
EURUSD,H1,2025-09-16T10:00:00Z,1.17874,1.18018,1.17863,1.17944
EURUSD,H1,2025-09-16T11:00:00Z,1.17944,1.18038,1.17901,1.1795
EURUSD,H1,2025-09-16T12:00:00Z,1.1795,1.18181,1.1795,1.18142
EURUSD,H1,2025-09-16T13:00:00Z,1.18141,1.18155,1.18041,1.18083
EURUSD,H1,2025-09-16T14:00:00Z,1.18083,1.18212,1.1801300000000001,1.18142
EURUSD,H1,2025-09-16T15:00:00Z,1.18143,1.18154,1.17886,1.18046
EURUSD,H1,2025-09-16T16:00:00Z,1.18048,1.1827,1.18043,1.18241
EURUSD,H1,2025-09-16T17:00:00Z,1.1824,1.18532,1.18213,1.18519
EURUSD,H1,2025-09-16T18:00:00Z,1.18519,1.18533,1.18352,1.18472
EURUSD,H1,2025-09-16T19:00:00Z,1.18472,1.1871800000000001,1.18464,1.18646
EURUSD,H1,2025-09-16T20:00:00Z,1.18644,1.18785,1.18635,1.18661
EURUSD,H1,2025-09-16T21:00:00Z,1.18661,1.18711,1.18614,1.18668
EURUSD,H1,2025-09-16T22:00:00Z,1.18666,1.18689,1.18582,1.18605
EURUSD,H1,2025-09-16T23:00:00Z,1.18602,1.18685,1.18583,1.1867
EURUSD,H1,2025-09-17T00:00:00Z,1.18652,1.18667,1.18493,1.18609
EURUSD,H1,2025-09-17T01:00:00Z,1.18609,1.18686,1.18606,1.18661
EURUSD,H1,2025-09-17T02:00:00Z,1.18663,1.1873,1.1865999999999999,1.18711
EURUSD,H1,2025-09-17T03:00:00Z,1.18711,1.1873,1.1858,1.18584
EURUSD,H1,2025-09-17T04:00:00Z,1.18584,1.18594,1.18522,1.18561
EURUSD,H1,2025-09-17T05:00:00Z,1.1856,1.18579,1.18513,1.18555
EURUSD,H1,2025-09-17T06:00:00Z,1.18555,1.18577,1.18516,1.18522
EURUSD,H1,2025-09-17T07:00:00Z,1.18522,1.18554,1.18513,1.18541
EURUSD,H1,2025-09-17T08:00:00Z,1.18542,1.18597,1.18541,1.18582
EURUSD,H1,2025-09-17T09:00:00Z,1.18588,1.18591,1.18515,1.1856
EURUSD,H1,2025-09-17T10:00:00Z,1.1856,1.1856200000000001,1.18383,1.18405
EURUSD,H1,2025-09-17T11:00:00Z,1.18405,1.18512,1.18397,1.18483
EURUSD,H1,2025-09-17T12:00:00Z,1.18484,1.18499,1.18412,1.18456
EURUSD,H1,2025-09-17T13:00:00Z,1.18456,1.18468,1.18327,1.18363
EURUSD,H1,2025-09-17T14:00:00Z,1.18363,1.1846,1.1835,1.18392
EURUSD,H1,2025-09-17T15:00:00Z,1.18392,1.1844999999999999,1.18342,1.18435
EURUSD,H1,2025-09-17T16:00:00Z,1.18436,1.18529,1.18423,1.185
EURUSD,H1,2025-09-17T17:00:00Z,1.185,1.18592,1.1846,1.18497
EURUSD,H1,2025-09-17T18:00:00Z,1.18496,1.18526,1.18436,1.18447
EURUSD,H1,2025-09-17T19:00:00Z,1.18447,1.18564,1.18424,1.18532
EURUSD,H1,2025-09-17T20:00:00Z,1.18532,1.18553,1.18469,1.18493
EURUSD,H1,2025-09-17T21:00:00Z,1.18497,1.19189,1.18191,1.18344
EURUSD,H1,2025-09-17T22:00:00Z,1.18347,1.18569,1.1820599999999999,1.18244
EURUSD,H1,2025-09-17T23:00:00Z,1.18246,1.18274,1.1808,1.18131
EURUSD,H1,2025-09-18T00:00:00Z,1.18123,1.18146,1.18093,1.1813
EURUSD,H1,2025-09-18T01:00:00Z,1.18129,1.18222,1.18123,1.18192
EURUSD,H1,2025-09-18T02:00:00Z,1.18193,1.18287,1.1818,1.18251
EURUSD,H1,2025-09-18T03:00:00Z,1.18251,1.18283,1.1815,1.18254
EURUSD,H1,2025-09-18T04:00:00Z,1.18254,1.18287,1.18076,1.18139
EURUSD,H1,2025-09-18T05:00:00Z,1.18139,1.18225,1.18128,1.18195
EURUSD,H1,2025-09-18T06:00:00Z,1.18195,1.18226,1.18119,1.18122
EURUSD,H1,2025-09-18T07:00:00Z,1.18122,1.18137,1.17938,1.17951
EURUSD,H1,2025-09-18T08:00:00Z,1.17951,1.18003,1.17854,1.17909
EURUSD,H1,2025-09-18T09:00:00Z,1.17911,1.17994,1.17805,1.17944
EURUSD,H1,2025-09-18T10:00:00Z,1.17942,1.18388,1.17938,1.18319
EURUSD,H1,2025-09-18T11:00:00Z,1.1831800000000001,1.18342,1.1821,1.18278
EURUSD,H1,2025-09-18T12:00:00Z,1.18278,1.18482,1.18271,1.1838
EURUSD,H1,2025-09-18T13:00:00Z,1.1837900000000001,1.18402,1.1831,1.18369
EURUSD,H1,2025-09-18T14:00:00Z,1.18369,1.18374,1.18199,1.18253
EURUSD,H1,2025-09-18T15:00:00Z,1.18254,1.18261,1.17953,1.17956
EURUSD,H1,2025-09-18T16:00:00Z,1.17954,1.17963,1.1750099999999999,1.17672
EURUSD,H1,2025-09-18T17:00:00Z,1.17675,1.17816,1.17628,1.17755
EURUSD,H1,2025-09-18T18:00:00Z,1.17756,1.17877,1.17694,1.1779600000000001
EURUSD,H1,2025-09-18T19:00:00Z,1.1779600000000001,1.1788,1.17723,1.17872
EURUSD,H1,2025-09-18T20:00:00Z,1.17871,1.17937,1.1785700000000001,1.17878
EURUSD,H1,2025-09-18T21:00:00Z,1.17875,1.17896,1.17819,1.17878
EURUSD,H1,2025-09-18T22:00:00Z,1.17878,1.17912,1.17826,1.17848
EURUSD,H1,2025-09-18T23:00:00Z,1.1785,1.17859,1.17814,1.17859
EURUSD,H1,2025-09-19T00:00:00Z,1.17789,1.17876,1.17785,1.17862
EURUSD,H1,2025-09-19T01:00:00Z,1.17862,1.17899,1.17846,1.17871
EURUSD,H1,2025-09-19T02:00:00Z,1.17871,1.17907,1.17866,1.1789
EURUSD,H1,2025-09-19T03:00:00Z,1.1789100000000001,1.17906,1.17755,1.17866
EURUSD,H1,2025-09-19T04:00:00Z,1.17866,1.1787,1.1774499999999999,1.17755
EURUSD,H1,2025-09-19T05:00:00Z,1.17754,1.17809,1.17721,1.17798
EURUSD,H1,2025-09-19T06:00:00Z,1.17798,1.17927,1.17797,1.17816
EURUSD,H1,2025-09-19T07:00:00Z,1.17817,1.17898,1.17702,1.1774
EURUSD,H1,2025-09-19T08:00:00Z,1.1774,1.1778,1.1771,1.17731
EURUSD,H1,2025-09-19T09:00:00Z,1.1773,1.17774,1.17633,1.17665
EURUSD,H1,2025-09-19T10:00:00Z,1.17668,1.17785,1.17574,1.17702
EURUSD,H1,2025-09-19T11:00:00Z,1.1770100000000001,1.1771,1.17512,1.1761
EURUSD,H1,2025-09-19T12:00:00Z,1.1761,1.17687,1.17563,1.17599
EURUSD,H1,2025-09-19T13:00:00Z,1.17599,1.17652,1.17585,1.17612
EURUSD,H1,2025-09-19T14:00:00Z,1.17612,1.1762299999999999,1.17351,1.17368
EURUSD,H1,2025-09-19T15:00:00Z,1.1736900000000001,1.17434,1.17288,1.17362
EURUSD,H1,2025-09-19T16:00:00Z,1.17362,1.17638,1.17355,1.17583
EURUSD,H1,2025-09-19T17:00:00Z,1.17582,1.17679,1.17561,1.17572
EURUSD,H1,2025-09-19T18:00:00Z,1.17572,1.17591,1.17374,1.17524
EURUSD,H1,2025-09-19T19:00:00Z,1.17524,1.1755200000000001,1.17409,1.17532
EURUSD,H1,2025-09-19T20:00:00Z,1.17532,1.1755200000000001,1.17487,1.17508
EURUSD,H1,2025-09-19T21:00:00Z,1.17509,1.17513,1.17469,1.17483
EURUSD,H1,2025-09-19T22:00:00Z,1.17482,1.17509,1.17452,1.17476
EURUSD,H1,2025-09-19T23:00:00Z,1.17476,1.17478,1.1740599999999999,1.17439
EURUSD,H1,2025-09-22T00:00:00Z,1.17403,1.17455,1.173,1.17448
EURUSD,H1,2025-09-22T01:00:00Z,1.17448,1.17479,1.17391,1.17409
EURUSD,H1,2025-09-22T02:00:00Z,1.17409,1.17418,1.17356,1.17365
EURUSD,H1,2025-09-22T03:00:00Z,1.17363,1.1738,1.17261,1.17346
EURUSD,H1,2025-09-22T04:00:00Z,1.17346,1.17409,1.17318,1.17325
EURUSD,H1,2025-09-22T05:00:00Z,1.17325,1.17337,1.17272,1.17281
EURUSD,H1,2025-09-22T06:00:00Z,1.17281,1.17352,1.17277,1.17326
EURUSD,H1,2025-09-22T07:00:00Z,1.17326,1.17326,1.17264,1.1730800000000001
EURUSD,H1,2025-09-22T08:00:00Z,1.1730800000000001,1.17388,1.17299,1.17386
EURUSD,H1,2025-09-22T09:00:00Z,1.17384,1.17484,1.1736,1.17433
EURUSD,H1,2025-09-22T10:00:00Z,1.17435,1.17545,1.17393,1.17485
EURUSD,H1,2025-09-22T11:00:00Z,1.17484,1.17692,1.17468,1.17625
EURUSD,H1,2025-09-22T12:00:00Z,1.17624,1.17761,1.17616,1.1776
EURUSD,H1,2025-09-22T13:00:00Z,1.1776,1.17859,1.17737,1.17742
EURUSD,H1,2025-09-22T14:00:00Z,1.17742,1.17821,1.17692,1.17782
EURUSD,H1,2025-09-22T15:00:00Z,1.17784,1.17873,1.17733,1.17832
EURUSD,H1,2025-09-22T16:00:00Z,1.17836,1.17876,1.17687,1.17768
EURUSD,H1,2025-09-22T17:00:00Z,1.17766,1.1777199999999999,1.17628,1.17698
EURUSD,H1,2025-09-22T18:00:00Z,1.17697,1.17757,1.17642,1.17724
EURUSD,H1,2025-09-22T19:00:00Z,1.17724,1.17903,1.17713,1.17881
EURUSD,H1,2025-09-22T20:00:00Z,1.17882,1.1797,1.1785700000000001,1.17966
EURUSD,H1,2025-09-22T21:00:00Z,1.17966,1.1799,1.17923,1.17963
EURUSD,H1,2025-09-22T22:00:00Z,1.17963,1.18022,1.17954,1.17999
EURUSD,H1,2025-09-22T23:00:00Z,1.17998,1.18026,1.1797900000000001,1.18021
EURUSD,H1,2025-09-23T00:00:00Z,1.18029,1.18029,1.17902,1.17978
EURUSD,H1,2025-09-23T01:00:00Z,1.17978,1.18037,1.17973,1.1801
EURUSD,H1,2025-09-23T02:00:00Z,1.18012,1.18029,1.17994,1.18006
EURUSD,H1,2025-09-23T03:00:00Z,1.18006,1.1807400000000001,1.17969,1.18063
EURUSD,H1,2025-09-23T04:00:00Z,1.18062,1.18198,1.18041,1.1815
EURUSD,H1,2025-09-23T05:00:00Z,1.1815,1.18167,1.18014,1.18043
EURUSD,H1,2025-09-23T06:00:00Z,1.18043,1.18064,1.17966,1.18058
EURUSD,H1,2025-09-23T07:00:00Z,1.18058,1.18079,1.17975,1.17976
EURUSD,H1,2025-09-23T08:00:00Z,1.17971,1.18049,1.1795,1.17985
EURUSD,H1,2025-09-23T09:00:00Z,1.17984,1.18045,1.17899,1.17949
EURUSD,H1,2025-09-23T10:00:00Z,1.17948,1.18002,1.17775,1.17908
EURUSD,H1,2025-09-23T11:00:00Z,1.17909,1.18054,1.17842,1.18028
EURUSD,H1,2025-09-23T12:00:00Z,1.18029,1.18125,1.18004,1.18022
EURUSD,H1,2025-09-23T13:00:00Z,1.18022,1.18067,1.17909,1.17961
EURUSD,H1,2025-09-23T14:00:00Z,1.17962,1.17998,1.17915,1.1791800000000001
EURUSD,H1,2025-09-23T15:00:00Z,1.1792,1.17986,1.17843,1.17968
EURUSD,H1,2025-09-23T16:00:00Z,1.17968,1.18046,1.17843,1.17995
EURUSD,H1,2025-09-23T17:00:00Z,1.17994,1.18052,1.17925,1.17954
EURUSD,H1,2025-09-23T18:00:00Z,1.17954,1.17992,1.17881,1.17984
EURUSD,H1,2025-09-23T19:00:00Z,1.17984,1.18093,1.17917,1.1804999999999999
EURUSD,H1,2025-09-23T20:00:00Z,1.18049,1.18179,1.1803,1.18118
EURUSD,H1,2025-09-23T21:00:00Z,1.18119,1.18169,1.18083,1.18112
EURUSD,H1,2025-09-23T22:00:00Z,1.1811099999999999,1.1818,1.18071,1.1816200000000001
EURUSD,H1,2025-09-23T23:00:00Z,1.18163,1.18183,1.18117,1.18143
EURUSD,H1,2025-09-24T00:00:00Z,1.18133,1.18146,1.18047,1.18131
EURUSD,H1,2025-09-24T01:00:00Z,1.18131,1.18191,1.18131,1.18147
EURUSD,H1,2025-09-24T02:00:00Z,1.18148,1.18174,1.18127,1.18154
EURUSD,H1,2025-09-24T03:00:00Z,1.18153,1.18165,1.18034,1.1804000000000001
EURUSD,H1,2025-09-24T04:00:00Z,1.18039,1.18055,1.17977,1.18002
EURUSD,H1,2025-09-24T05:00:00Z,1.18001,1.1804000000000001,1.17961,1.1797
EURUSD,H1,2025-09-24T06:00:00Z,1.17968,1.18,1.17951,1.17974
EURUSD,H1,2025-09-24T07:00:00Z,1.17975,1.18045,1.1795499999999999,1.18031
EURUSD,H1,2025-09-24T08:00:00Z,1.18029,1.18049,1.17921,1.1797900000000001
EURUSD,H1,2025-09-24T09:00:00Z,1.17977,1.18028,1.17862,1.17875
EURUSD,H1,2025-09-24T10:00:00Z,1.17874,1.17948,1.17844,1.17888
EURUSD,H1,2025-09-24T11:00:00Z,1.17888,1.17888,1.17664,1.17721
EURUSD,H1,2025-09-24T12:00:00Z,1.17721,1.17749,1.1762299999999999,1.17678
EURUSD,H1,2025-09-24T13:00:00Z,1.17676,1.177,1.17509,1.1752
EURUSD,H1,2025-09-24T14:00:00Z,1.1752,1.17556,1.17466,1.17492
EURUSD,H1,2025-09-24T15:00:00Z,1.17492,1.17581,1.17393,1.17427
EURUSD,H1,2025-09-24T16:00:00Z,1.17427,1.17438,1.17303,1.17385
EURUSD,H1,2025-09-24T17:00:00Z,1.17388,1.17464,1.17282,1.17431
EURUSD,H1,2025-09-24T18:00:00Z,1.1743000000000001,1.17458,1.17371,1.17417
EURUSD,H1,2025-09-24T19:00:00Z,1.17417,1.17437,1.17302,1.17327
EURUSD,H1,2025-09-24T20:00:00Z,1.17327,1.1740599999999999,1.17318,1.17376
EURUSD,H1,2025-09-24T21:00:00Z,1.17377,1.17387,1.17326,1.17368
EURUSD,H1,2025-09-24T22:00:00Z,1.17368,1.17392,1.17321,1.17379
EURUSD,H1,2025-09-24T23:00:00Z,1.1738,1.17393,1.17351,1.17376
EURUSD,H1,2025-09-25T00:00:00Z,1.17374,1.17398,1.17354,1.17383
EURUSD,H1,2025-09-25T01:00:00Z,1.17383,1.17453,1.17383,1.17447
EURUSD,H1,2025-09-25T02:00:00Z,1.17448,1.17462,1.17421,1.17422
EURUSD,H1,2025-09-25T03:00:00Z,1.17422,1.17483,1.1740599999999999,1.17474
EURUSD,H1,2025-09-25T04:00:00Z,1.17474,1.17495,1.17405,1.17444
EURUSD,H1,2025-09-25T05:00:00Z,1.17444,1.1751800000000001,1.17434,1.17497
EURUSD,H1,2025-09-25T06:00:00Z,1.17497,1.17538,1.17476,1.17523
EURUSD,H1,2025-09-25T07:00:00Z,1.17523,1.17534,1.17487,1.1752
EURUSD,H1,2025-09-25T08:00:00Z,1.1752,1.17523,1.17405,1.17423
EURUSD,H1,2025-09-25T09:00:00Z,1.17423,1.17524,1.17381,1.1745700000000001
EURUSD,H1,2025-09-25T10:00:00Z,1.17459,1.17481,1.17315,1.17333
EURUSD,H1,2025-09-25T11:00:00Z,1.1733500000000001,1.17445,1.17306,1.17428
EURUSD,H1,2025-09-25T12:00:00Z,1.1743000000000001,1.1751800000000001,1.17388,1.1745
EURUSD,H1,2025-09-25T13:00:00Z,1.17453,1.1754,1.17445,1.17466
EURUSD,H1,2025-09-25T14:00:00Z,1.17468,1.17471,1.1734499999999999,1.17402
EURUSD,H1,2025-09-25T15:00:00Z,1.17402,1.17456,1.16875,1.16982
EURUSD,H1,2025-09-25T16:00:00Z,1.16982,1.17104,1.16831,1.1686
EURUSD,H1,2025-09-25T17:00:00Z,1.16859,1.16947,1.16737,1.16763
EURUSD,H1,2025-09-25T18:00:00Z,1.16763,1.16808,1.16666,1.16723
EURUSD,H1,2025-09-25T19:00:00Z,1.16722,1.16834,1.16687,1.16708
EURUSD,H1,2025-09-25T20:00:00Z,1.16706,1.16721,1.16521,1.16576
EURUSD,H1,2025-09-25T21:00:00Z,1.16578,1.166,1.1645699999999999,1.16524
EURUSD,H1,2025-09-25T22:00:00Z,1.16524,1.1663000000000001,1.1651799999999999,1.16607
EURUSD,H1,2025-09-25T23:00:00Z,1.16606,1.16688,1.16593,1.16652
EURUSD,H1,2025-09-26T00:00:00Z,1.16652,1.16653,1.16545,1.16597
EURUSD,H1,2025-09-26T01:00:00Z,1.16597,1.1669,1.16597,1.16684
EURUSD,H1,2025-09-26T02:00:00Z,1.16684,1.16684,1.16597,1.16618
EURUSD,H1,2025-09-26T03:00:00Z,1.16618,1.16714,1.16581,1.16713
EURUSD,H1,2025-09-26T04:00:00Z,1.16714,1.16737,1.16657,1.16678
EURUSD,H1,2025-09-26T05:00:00Z,1.16678,1.1679599999999999,1.16676,1.1677
EURUSD,H1,2025-09-26T06:00:00Z,1.1677,1.16789,1.16749,1.16783
EURUSD,H1,2025-09-26T07:00:00Z,1.16783,1.16821,1.16743,1.168
EURUSD,H1,2025-09-26T08:00:00Z,1.168,1.1682,1.16764,1.16772
EURUSD,H1,2025-09-26T09:00:00Z,1.16772,1.1684,1.16717,1.16799
EURUSD,H1,2025-09-26T10:00:00Z,1.16795,1.16831,1.16684,1.16731
EURUSD,H1,2025-09-26T11:00:00Z,1.16731,1.16878,1.16707,1.16806
EURUSD,H1,2025-09-26T12:00:00Z,1.16806,1.16844,1.16759,1.16785
EURUSD,H1,2025-09-26T13:00:00Z,1.16783,1.16812,1.16614,1.16631
EURUSD,H1,2025-09-26T14:00:00Z,1.16631,1.16761,1.16626,1.16677
EURUSD,H1,2025-09-26T15:00:00Z,1.16677,1.16863,1.16667,1.16831
EURUSD,H1,2025-09-26T16:00:00Z,1.16835,1.16944,1.16781,1.1684
EURUSD,H1,2025-09-26T17:00:00Z,1.16842,1.17046,1.1684,1.16913
EURUSD,H1,2025-09-26T18:00:00Z,1.16912,1.17,1.1687,1.16913
EURUSD,H1,2025-09-26T19:00:00Z,1.16913,1.1697,1.16866,1.1693
EURUSD,H1,2025-09-26T20:00:00Z,1.1693,1.17019,1.16909,1.16999
EURUSD,H1,2025-09-26T21:00:00Z,1.16999,1.17058,1.16958,1.17039
EURUSD,H1,2025-09-26T22:00:00Z,1.17039,1.17059,1.16984,1.17059
EURUSD,H1,2025-09-26T23:00:00Z,1.17057,1.17073,1.16986,1.17002
EURUSD,H1,2025-09-29T00:00:00Z,1.16984,1.17051,1.16946,1.17035
EURUSD,H1,2025-09-29T01:00:00Z,1.17035,1.17064,1.17028,1.17046
EURUSD,H1,2025-09-29T02:00:00Z,1.17045,1.171,1.1703999999999999,1.17049
EURUSD,H1,2025-09-29T03:00:00Z,1.17049,1.17233,1.17044,1.17216
EURUSD,H1,2025-09-29T04:00:00Z,1.17215,1.17255,1.17144,1.17232
EURUSD,H1,2025-09-29T05:00:00Z,1.17232,1.1728399999999999,1.17225,1.17261
EURUSD,H1,2025-09-29T06:00:00Z,1.17261,1.17294,1.17248,1.1724999999999999
EURUSD,H1,2025-09-29T07:00:00Z,1.1724999999999999,1.17331,1.17228,1.17271
EURUSD,H1,2025-09-29T08:00:00Z,1.17271,1.17334,1.17239,1.17285
EURUSD,H1,2025-09-29T09:00:00Z,1.17281,1.17288,1.17181,1.17199
EURUSD,H1,2025-09-29T10:00:00Z,1.17195,1.1733,1.17174,1.17269
EURUSD,H1,2025-09-29T11:00:00Z,1.17271,1.17289,1.17077,1.17238
EURUSD,H1,2025-09-29T12:00:00Z,1.17237,1.17262,1.17169,1.17175
EURUSD,H1,2025-09-29T13:00:00Z,1.17175,1.17217,1.17156,1.17199
EURUSD,H1,2025-09-29T14:00:00Z,1.172,1.1730800000000001,1.17092,1.1729
EURUSD,H1,2025-09-29T15:00:00Z,1.17291,1.17511,1.17185,1.17499
EURUSD,H1,2025-09-29T16:00:00Z,1.17497,1.17546,1.17373,1.1741
EURUSD,H1,2025-09-29T17:00:00Z,1.17407,1.17446,1.17293,1.17304
EURUSD,H1,2025-09-29T18:00:00Z,1.17304,1.17342,1.17228,1.17291
EURUSD,H1,2025-09-29T19:00:00Z,1.17292,1.17333,1.17255,1.17294
EURUSD,H1,2025-09-29T20:00:00Z,1.17293,1.17316,1.17214,1.17216
EURUSD,H1,2025-09-29T21:00:00Z,1.17217,1.17329,1.17202,1.17314
EURUSD,H1,2025-09-29T22:00:00Z,1.17314,1.17317,1.1726,1.17276
EURUSD,H1,2025-09-29T23:00:00Z,1.1727400000000001,1.17277,1.17234,1.17269
EURUSD,H1,2025-09-30T00:00:00Z,1.17262,1.17267,1.17145,1.17256
EURUSD,H1,2025-09-30T01:00:00Z,1.17254,1.17279,1.17243,1.17276
EURUSD,H1,2025-09-30T02:00:00Z,1.17276,1.17325,1.17272,1.17307
EURUSD,H1,2025-09-30T03:00:00Z,1.1730800000000001,1.17317,1.17127,1.17209
EURUSD,H1,2025-09-30T04:00:00Z,1.17211,1.17259,1.17136,1.17141
EURUSD,H1,2025-09-30T05:00:00Z,1.17141,1.17239,1.17122,1.17224
EURUSD,H1,2025-09-30T06:00:00Z,1.17224,1.17264,1.17205,1.17237
EURUSD,H1,2025-09-30T07:00:00Z,1.17238,1.17287,1.1718600000000001,1.17286
EURUSD,H1,2025-09-30T08:00:00Z,1.17287,1.1737,1.17281,1.17334
EURUSD,H1,2025-09-30T09:00:00Z,1.17333,1.17439,1.17309,1.17375
EURUSD,H1,2025-09-30T10:00:00Z,1.17373,1.17484,1.17365,1.1742
EURUSD,H1,2025-09-30T11:00:00Z,1.17432,1.1761300000000001,1.17432,1.17556
EURUSD,H1,2025-09-30T12:00:00Z,1.17556,1.17585,1.17452,1.17483
EURUSD,H1,2025-09-30T13:00:00Z,1.17483,1.17514,1.17404,1.17456
EURUSD,H1,2025-09-30T14:00:00Z,1.1745700000000001,1.17486,1.17365,1.17423
EURUSD,H1,2025-09-30T15:00:00Z,1.17422,1.17477,1.17331,1.17372
EURUSD,H1,2025-09-30T16:00:00Z,1.17373,1.17393,1.17165,1.17305
EURUSD,H1,2025-09-30T17:00:00Z,1.17305,1.17525,1.17226,1.17498
EURUSD,H1,2025-09-30T18:00:00Z,1.17497,1.17505,1.17257,1.17343
EURUSD,H1,2025-09-30T19:00:00Z,1.17344,1.1759,1.17338,1.17565
EURUSD,H1,2025-09-30T20:00:00Z,1.17567,1.17615,1.17469,1.17494
EURUSD,H1,2025-09-30T21:00:00Z,1.17494,1.17495,1.17356,1.17409
EURUSD,H1,2025-09-30T22:00:00Z,1.17409,1.17412,1.17363,1.17398
EURUSD,H1,2025-09-30T23:00:00Z,1.17402,1.17403,1.17328,1.17333
EURUSD,H1,2025-10-01T00:00:00Z,1.17328,1.17352,1.1731,1.17339
EURUSD,H1,2025-10-01T01:00:00Z,1.17339,1.17422,1.17332,1.1734499999999999
EURUSD,H1,2025-10-01T02:00:00Z,1.1734499999999999,1.17426,1.17336,1.1734499999999999
EURUSD,H1,2025-10-01T03:00:00Z,1.17344,1.17383,1.17296,1.1736
EURUSD,H1,2025-10-01T04:00:00Z,1.1736,1.17409,1.17303,1.17393
EURUSD,H1,2025-10-01T05:00:00Z,1.17393,1.17397,1.17324,1.17379
EURUSD,H1,2025-10-01T06:00:00Z,1.17378,1.1739,1.1734,1.17379
EURUSD,H1,2025-10-01T07:00:00Z,1.17379,1.17587,1.17379,1.17583
EURUSD,H1,2025-10-01T08:00:00Z,1.17583,1.1767,1.17522,1.17524
EURUSD,H1,2025-10-01T09:00:00Z,1.17525,1.17746,1.17506,1.17678
EURUSD,H1,2025-10-01T10:00:00Z,1.17677,1.17787,1.1742,1.175
EURUSD,H1,2025-10-01T11:00:00Z,1.17503,1.17659,1.17495,1.17498
EURUSD,H1,2025-10-01T12:00:00Z,1.175,1.17542,1.1730800000000001,1.1733
EURUSD,H1,2025-10-01T13:00:00Z,1.1733,1.17337,1.1716,1.17254
EURUSD,H1,2025-10-01T14:00:00Z,1.17255,1.174,1.17253,1.17343
EURUSD,H1,2025-10-01T15:00:00Z,1.17343,1.17687,1.17222,1.1749
EURUSD,H1,2025-10-01T16:00:00Z,1.1749,1.17616,1.17462,1.17547
EURUSD,H1,2025-10-01T17:00:00Z,1.17525,1.17635,1.17309,1.17466
EURUSD,H1,2025-10-01T18:00:00Z,1.17461,1.17493,1.1721300000000001,1.17229
EURUSD,H1,2025-10-01T19:00:00Z,1.17228,1.17268,1.17155,1.17229
EURUSD,H1,2025-10-01T20:00:00Z,1.17231,1.17324,1.17229,1.17238
EURUSD,H1,2025-10-01T21:00:00Z,1.17242,1.17419,1.17217,1.17347
EURUSD,H1,2025-10-01T22:00:00Z,1.17347,1.1737,1.17298,1.17305
EURUSD,H1,2025-10-01T23:00:00Z,1.17305,1.17309,1.1726,1.17302
EURUSD,H1,2025-10-02T00:00:00Z,1.17248,1.17325,1.17228,1.17306
EURUSD,H1,2025-10-02T01:00:00Z,1.17306,1.17373,1.17295,1.1734
EURUSD,H1,2025-10-02T02:00:00Z,1.17341,1.17371,1.17328,1.17328
EURUSD,H1,2025-10-02T03:00:00Z,1.17327,1.1735,1.1724700000000001,1.17299
EURUSD,H1,2025-10-02T04:00:00Z,1.17298,1.17391,1.17237,1.17389
EURUSD,H1,2025-10-02T05:00:00Z,1.17389,1.17421,1.17366,1.1737
EURUSD,H1,2025-10-02T06:00:00Z,1.1737,1.17387,1.17326,1.17348
EURUSD,H1,2025-10-02T07:00:00Z,1.17348,1.17359,1.173,1.17344
EURUSD,H1,2025-10-02T08:00:00Z,1.17344,1.17372,1.17295,1.17357
EURUSD,H1,2025-10-02T09:00:00Z,1.17358,1.17449,1.1734,1.17428
EURUSD,H1,2025-10-02T10:00:00Z,1.1743000000000001,1.17568,1.1741,1.175
EURUSD,H1,2025-10-02T11:00:00Z,1.175,1.17568,1.1745,1.17538
EURUSD,H1,2025-10-02T12:00:00Z,1.17538,1.17583,1.17506,1.1755
EURUSD,H1,2025-10-02T13:00:00Z,1.17549,1.17549,1.17462,1.17519
EURUSD,H1,2025-10-02T14:00:00Z,1.1752,1.17564,1.17472,1.17505
EURUSD,H1,2025-10-02T15:00:00Z,1.17503,1.17583,1.17344,1.17375
EURUSD,H1,2025-10-02T16:00:00Z,1.17376,1.17439,1.17135,1.17225
EURUSD,H1,2025-10-02T17:00:00Z,1.17225,1.17225,1.1705,1.17134
EURUSD,H1,2025-10-02T18:00:00Z,1.17131,1.17133,1.16831,1.16967
EURUSD,H1,2025-10-02T19:00:00Z,1.16966,1.1715,1.16951,1.17149
EURUSD,H1,2025-10-02T20:00:00Z,1.17147,1.17204,1.17123,1.17137
EURUSD,H1,2025-10-02T21:00:00Z,1.17136,1.1722299999999999,1.17126,1.17211
EURUSD,H1,2025-10-02T22:00:00Z,1.17211,1.17266,1.17175,1.17188
EURUSD,H1,2025-10-02T23:00:00Z,1.17188,1.17244,1.17145,1.1716
EURUSD,H1,2025-10-03T00:00:00Z,1.17116,1.17188,1.17075,1.17168
EURUSD,H1,2025-10-03T01:00:00Z,1.17168,1.17209,1.17154,1.17192
EURUSD,H1,2025-10-03T02:00:00Z,1.17193,1.1726,1.1718600000000001,1.1724700000000001
EURUSD,H1,2025-10-03T03:00:00Z,1.1724700000000001,1.1724700000000001,1.1718899999999999,1.17243
EURUSD,H1,2025-10-03T04:00:00Z,1.17244,1.17293,1.17163,1.17267
EURUSD,H1,2025-10-03T05:00:00Z,1.17268,1.17277,1.17207,1.1724700000000001
EURUSD,H1,2025-10-03T06:00:00Z,1.1724700000000001,1.17269,1.17198,1.17262
EURUSD,H1,2025-10-03T07:00:00Z,1.17262,1.17283,1.17179,1.17181
EURUSD,H1,2025-10-03T08:00:00Z,1.17181,1.17215,1.17149,1.17171
EURUSD,H1,2025-10-03T09:00:00Z,1.17172,1.17291,1.17164,1.17203
EURUSD,H1,2025-10-03T10:00:00Z,1.17208,1.17341,1.17208,1.17323
EURUSD,H1,2025-10-03T11:00:00Z,1.17324,1.17446,1.17312,1.17402
EURUSD,H1,2025-10-03T12:00:00Z,1.17401,1.17407,1.17313,1.17372
EURUSD,H1,2025-10-03T13:00:00Z,1.17372,1.17398,1.17338,1.17365
EURUSD,H1,2025-10-03T14:00:00Z,1.17364,1.17429,1.17311,1.1734
EURUSD,H1,2025-10-03T15:00:00Z,1.17346,1.17408,1.1727400000000001,1.17395
EURUSD,H1,2025-10-03T16:00:00Z,1.1739600000000001,1.17445,1.17328,1.17384
EURUSD,H1,2025-10-03T17:00:00Z,1.17425,1.17591,1.17343,1.17409
EURUSD,H1,2025-10-03T18:00:00Z,1.17411,1.17488,1.17367,1.17462
EURUSD,H1,2025-10-03T19:00:00Z,1.17462,1.17485,1.17378,1.17398
EURUSD,H1,2025-10-03T20:00:00Z,1.17398,1.17417,1.17321,1.17339
EURUSD,H1,2025-10-03T21:00:00Z,1.17339,1.17403,1.17267,1.17397
EURUSD,H1,2025-10-03T22:00:00Z,1.17394,1.17423,1.17372,1.17411
EURUSD,H1,2025-10-03T23:00:00Z,1.17411,1.17446,1.17385,1.17413
EURUSD,H1,2025-10-06T00:00:00Z,1.1718,1.17254,1.17141,1.17235
EURUSD,H1,2025-10-06T01:00:00Z,1.17235,1.17269,1.17156,1.17161
EURUSD,H1,2025-10-06T02:00:00Z,1.17161,1.17165,1.17064,1.1712
EURUSD,H1,2025-10-06T03:00:00Z,1.1712500000000001,1.17192,1.1710099999999999,1.17161
EURUSD,H1,2025-10-06T04:00:00Z,1.17167,1.17251,1.171,1.17242
EURUSD,H1,2025-10-06T05:00:00Z,1.17242,1.17309,1.17239,1.1727
EURUSD,H1,2025-10-06T06:00:00Z,1.1727,1.17303,1.17233,1.17245
EURUSD,H1,2025-10-06T07:00:00Z,1.17245,1.17275,1.17196,1.17202
EURUSD,H1,2025-10-06T08:00:00Z,1.17202,1.17253,1.1714,1.17172
EURUSD,H1,2025-10-06T09:00:00Z,1.17174,1.17196,1.169,1.16937
EURUSD,H1,2025-10-06T10:00:00Z,1.16936,1.17121,1.16622,1.16626
EURUSD,H1,2025-10-06T11:00:00Z,1.16623,1.16793,1.16519,1.16677
EURUSD,H1,2025-10-06T12:00:00Z,1.16668,1.16697,1.16573,1.16663
EURUSD,H1,2025-10-06T13:00:00Z,1.16663,1.16669,1.16525,1.16634
EURUSD,H1,2025-10-06T14:00:00Z,1.16634,1.16789,1.16575,1.16754
EURUSD,H1,2025-10-06T15:00:00Z,1.16753,1.16898,1.16729,1.16891
EURUSD,H1,2025-10-06T16:00:00Z,1.16893,1.17031,1.16837,1.16993
EURUSD,H1,2025-10-06T17:00:00Z,1.16994,1.17177,1.16951,1.17166
EURUSD,H1,2025-10-06T18:00:00Z,1.17165,1.17208,1.17028,1.17066
EURUSD,H1,2025-10-06T19:00:00Z,1.17066,1.17123,1.1703000000000001,1.17123
EURUSD,H1,2025-10-06T20:00:00Z,1.17122,1.17159,1.17097,1.17103
EURUSD,H1,2025-10-06T21:00:00Z,1.17103,1.17156,1.17095,1.17126
EURUSD,H1,2025-10-06T22:00:00Z,1.17126,1.17169,1.1710099999999999,1.17106
EURUSD,H1,2025-10-06T23:00:00Z,1.17105,1.17141,1.17084,1.17121
EURUSD,H1,2025-10-07T00:00:00Z,1.17044,1.17127,1.16947,1.1709100000000001
EURUSD,H1,2025-10-07T01:00:00Z,1.1709100000000001,1.17149,1.17086,1.17098
EURUSD,H1,2025-10-07T02:00:00Z,1.17098,1.17143,1.17083,1.17093
EURUSD,H1,2025-10-07T03:00:00Z,1.17097,1.17111,1.17042,1.17089
EURUSD,H1,2025-10-07T04:00:00Z,1.17089,1.17089,1.16965,1.16968
EURUSD,H1,2025-10-07T05:00:00Z,1.16968,1.17059,1.16967,1.17018
EURUSD,H1,2025-10-07T06:00:00Z,1.17018,1.17073,1.16997,1.17033
EURUSD,H1,2025-10-07T07:00:00Z,1.17033,1.17074,1.16944,1.16983
EURUSD,H1,2025-10-07T08:00:00Z,1.16983,1.17,1.1687400000000001,1.1692
EURUSD,H1,2025-10-07T09:00:00Z,1.1692,1.1692,1.16832,1.16869
EURUSD,H1,2025-10-07T10:00:00Z,1.16868,1.16881,1.16703,1.16765
EURUSD,H1,2025-10-07T11:00:00Z,1.16764,1.16827,1.16651,1.1666
EURUSD,H1,2025-10-07T12:00:00Z,1.16659,1.16712,1.16606,1.16666
EURUSD,H1,2025-10-07T13:00:00Z,1.16666,1.16759,1.16631,1.1674
EURUSD,H1,2025-10-07T14:00:00Z,1.1674,1.16741,1.16539,1.16626
EURUSD,H1,2025-10-07T15:00:00Z,1.16626,1.16671,1.16543,1.1667
EURUSD,H1,2025-10-07T16:00:00Z,1.1667,1.16703,1.16596,1.16604
EURUSD,H1,2025-10-07T17:00:00Z,1.1660300000000001,1.16662,1.16547,1.16631
EURUSD,H1,2025-10-07T18:00:00Z,1.1663000000000001,1.16799,1.16616,1.16731
EURUSD,H1,2025-10-07T19:00:00Z,1.16731,1.16812,1.16698,1.167
EURUSD,H1,2025-10-07T20:00:00Z,1.167,1.16794,1.16665,1.16672
EURUSD,H1,2025-10-07T21:00:00Z,1.16672,1.16678,1.16566,1.1657899999999999
EURUSD,H1,2025-10-07T22:00:00Z,1.1657899999999999,1.16583,1.16476,1.16505
EURUSD,H1,2025-10-07T23:00:00Z,1.16505,1.16582,1.16491,1.16573
EURUSD,H1,2025-10-08T00:00:00Z,1.16565,1.16581,1.16446,1.16566
EURUSD,H1,2025-10-08T01:00:00Z,1.16566,1.16614,1.16565,1.16592
EURUSD,H1,2025-10-08T02:00:00Z,1.16593,1.16593,1.16525,1.16527
EURUSD,H1,2025-10-08T03:00:00Z,1.16527,1.1653,1.16455,1.16474
EURUSD,H1,2025-10-08T04:00:00Z,1.16473,1.16473,1.16261,1.16267
EURUSD,H1,2025-10-08T05:00:00Z,1.16268,1.1627399999999999,1.16171,1.16241
EURUSD,H1,2025-10-08T06:00:00Z,1.1623999999999999,1.16247,1.16175,1.16241
EURUSD,H1,2025-10-08T07:00:00Z,1.16241,1.16254,1.1616,1.16195
EURUSD,H1,2025-10-08T08:00:00Z,1.16194,1.16194,1.16121,1.16173
EURUSD,H1,2025-10-08T09:00:00Z,1.16174,1.16205,1.16071,1.16165
EURUSD,H1,2025-10-08T10:00:00Z,1.1616900000000001,1.16343,1.16117,1.16311
EURUSD,H1,2025-10-08T11:00:00Z,1.16312,1.16355,1.16106,1.16146
EURUSD,H1,2025-10-08T12:00:00Z,1.16147,1.16205,1.16061,1.16113
EURUSD,H1,2025-10-08T13:00:00Z,1.16112,1.16365,1.1609099999999999,1.16337
EURUSD,H1,2025-10-08T14:00:00Z,1.16336,1.16346,1.16251,1.16263
EURUSD,H1,2025-10-08T15:00:00Z,1.16262,1.16379,1.16247,1.16326
EURUSD,H1,2025-10-08T16:00:00Z,1.16326,1.1644700000000001,1.16275,1.16319
EURUSD,H1,2025-10-08T17:00:00Z,1.16319,1.16364,1.16204,1.16218
EURUSD,H1,2025-10-08T18:00:00Z,1.16218,1.16222,1.16031,1.16059
EURUSD,H1,2025-10-08T19:00:00Z,1.16061,1.1607,1.15985,1.16053
EURUSD,H1,2025-10-08T20:00:00Z,1.16054,1.16095,1.16025,1.16078
EURUSD,H1,2025-10-08T21:00:00Z,1.16078,1.16223,1.15995,1.162
EURUSD,H1,2025-10-08T22:00:00Z,1.16202,1.16284,1.16202,1.1628
EURUSD,H1,2025-10-08T23:00:00Z,1.1628,1.1632500000000001,1.16266,1.16284
EURUSD,H1,2025-10-09T00:00:00Z,1.16131,1.16289,1.16114,1.16281
EURUSD,H1,2025-10-09T01:00:00Z,1.16282,1.16353,1.16272,1.16336
EURUSD,H1,2025-10-09T02:00:00Z,1.16338,1.16338,1.16281,1.16293
EURUSD,H1,2025-10-09T03:00:00Z,1.16291,1.16412,1.16281,1.16373
EURUSD,H1,2025-10-09T04:00:00Z,1.16373,1.16456,1.16367,1.16402
EURUSD,H1,2025-10-09T05:00:00Z,1.16402,1.16478,1.16391,1.16439
EURUSD,H1,2025-10-09T06:00:00Z,1.16438,1.16467,1.16405,1.16449
EURUSD,H1,2025-10-09T07:00:00Z,1.16449,1.16473,1.1642000000000001,1.16456
EURUSD,H1,2025-10-09T08:00:00Z,1.16456,1.16483,1.16384,1.1638600000000001
EURUSD,H1,2025-10-09T09:00:00Z,1.1638600000000001,1.16388,1.16116,1.16157
EURUSD,H1,2025-10-09T10:00:00Z,1.16159,1.16234,1.16064,1.16111
EURUSD,H1,2025-10-09T11:00:00Z,1.16111,1.16146,1.16032,1.16124
EURUSD,H1,2025-10-09T12:00:00Z,1.16126,1.1627399999999999,1.1610800000000001,1.16258
EURUSD,H1,2025-10-09T13:00:00Z,1.1626400000000001,1.16275,1.16133,1.16186
EURUSD,H1,2025-10-09T14:00:00Z,1.16186,1.16222,1.16093,1.16123
EURUSD,H1,2025-10-09T15:00:00Z,1.16123,1.16163,1.1605,1.16151
EURUSD,H1,2025-10-09T16:00:00Z,1.16151,1.16235,1.15915,1.16027
EURUSD,H1,2025-10-09T17:00:00Z,1.16027,1.16029,1.15766,1.15811
EURUSD,H1,2025-10-09T18:00:00Z,1.15809,1.15819,1.15472,1.1559
EURUSD,H1,2025-10-09T19:00:00Z,1.15591,1.15636,1.15525,1.1558
EURUSD,H1,2025-10-09T20:00:00Z,1.15579,1.15665,1.15541,1.15599
EURUSD,H1,2025-10-09T21:00:00Z,1.15599,1.15606,1.15421,1.15465
EURUSD,H1,2025-10-09T22:00:00Z,1.1547399999999999,1.15616,1.15468,1.15597
EURUSD,H1,2025-10-09T23:00:00Z,1.1559300000000001,1.15671,1.15589,1.15644
EURUSD,H1,2025-10-10T00:00:00Z,1.15642,1.15652,1.15504,1.15639
EURUSD,H1,2025-10-10T01:00:00Z,1.15639,1.15666,1.1562000000000001,1.15648
EURUSD,H1,2025-10-10T02:00:00Z,1.15647,1.15664,1.1557,1.15655
EURUSD,H1,2025-10-10T03:00:00Z,1.15655,1.15706,1.15609,1.15676
EURUSD,H1,2025-10-10T04:00:00Z,1.15676,1.15714,1.15627,1.15629
EURUSD,H1,2025-10-10T05:00:00Z,1.1562999999999999,1.15729,1.15626,1.15698
EURUSD,H1,2025-10-10T06:00:00Z,1.15698,1.1574200000000001,1.15674,1.1573
EURUSD,H1,2025-10-10T07:00:00Z,1.1573,1.15738,1.15675,1.15736
EURUSD,H1,2025-10-10T08:00:00Z,1.15736,1.15781,1.15696,1.157
EURUSD,H1,2025-10-10T09:00:00Z,1.15699,1.1575,1.1561,1.15706
EURUSD,H1,2025-10-10T10:00:00Z,1.15706,1.15801,1.15638,1.1578
EURUSD,H1,2025-10-10T11:00:00Z,1.1578,1.15895,1.15754,1.15789
EURUSD,H1,2025-10-10T12:00:00Z,1.15788,1.15801,1.15688,1.15746
EURUSD,H1,2025-10-10T13:00:00Z,1.15746,1.15835,1.15705,1.15716
EURUSD,H1,2025-10-10T14:00:00Z,1.15716,1.1575,1.15606,1.1561
EURUSD,H1,2025-10-10T15:00:00Z,1.15609,1.15761,1.15595,1.1572
EURUSD,H1,2025-10-10T16:00:00Z,1.1572,1.15736,1.15619,1.15693
EURUSD,H1,2025-10-10T17:00:00Z,1.15692,1.15825,1.15646,1.15787
EURUSD,H1,2025-10-10T18:00:00Z,1.15787,1.16309,1.15782,1.16125
EURUSD,H1,2025-10-10T19:00:00Z,1.16124,1.16259,1.16041,1.16059
EURUSD,H1,2025-10-10T20:00:00Z,1.16058,1.16095,1.15971,1.16013
EURUSD,H1,2025-10-10T21:00:00Z,1.16013,1.16132,1.16002,1.16086
EURUSD,H1,2025-10-10T22:00:00Z,1.16086,1.16153,1.16039,1.16127
EURUSD,H1,2025-10-10T23:00:00Z,1.16127,1.16285,1.16039,1.16241
EURUSD,H1,2025-10-13T00:00:00Z,1.16101,1.16147,1.16052,1.1611799999999999
EURUSD,H1,2025-10-13T01:00:00Z,1.1611799999999999,1.1611799999999999,1.15919,1.16033
EURUSD,H1,2025-10-13T02:00:00Z,1.16035,1.16101,1.16004,1.16015
EURUSD,H1,2025-10-13T03:00:00Z,1.16016,1.1616,1.16,1.16158
EURUSD,H1,2025-10-13T04:00:00Z,1.16163,1.1621299999999999,1.16098,1.16199
EURUSD,H1,2025-10-13T05:00:00Z,1.162,1.16277,1.16168,1.16196
EURUSD,H1,2025-10-13T06:00:00Z,1.16196,1.1622,1.16162,1.16208
EURUSD,H1,2025-10-13T07:00:00Z,1.16208,1.16253,1.1617899999999999,1.16205
EURUSD,H1,2025-10-13T08:00:00Z,1.16205,1.16241,1.16132,1.16149
EURUSD,H1,2025-10-13T09:00:00Z,1.1615,1.16299,1.16107,1.16141
EURUSD,H1,2025-10-13T10:00:00Z,1.16141,1.16158,1.15976,1.16
EURUSD,H1,2025-10-13T11:00:00Z,1.15999,1.16049,1.15816,1.15856
EURUSD,H1,2025-10-13T12:00:00Z,1.15855,1.15983,1.15845,1.15942
EURUSD,H1,2025-10-13T13:00:00Z,1.15941,1.1596,1.15814,1.1583700000000001
EURUSD,H1,2025-10-13T14:00:00Z,1.1583700000000001,1.15943,1.15656,1.15685
EURUSD,H1,2025-10-13T15:00:00Z,1.15689,1.15767,1.15616,1.15687
EURUSD,H1,2025-10-13T16:00:00Z,1.15687,1.1577600000000001,1.15646,1.1575199999999999
EURUSD,H1,2025-10-13T17:00:00Z,1.1575199999999999,1.15753,1.15576,1.15613
EURUSD,H1,2025-10-13T18:00:00Z,1.15612,1.15756,1.15601,1.1574
EURUSD,H1,2025-10-13T19:00:00Z,1.1574,1.15791,1.15697,1.15755
EURUSD,H1,2025-10-13T20:00:00Z,1.15755,1.15771,1.157,1.15732
EURUSD,H1,2025-10-13T21:00:00Z,1.15732,1.15777,1.15659,1.15686
EURUSD,H1,2025-10-13T22:00:00Z,1.15686,1.15737,1.1566,1.15662
EURUSD,H1,2025-10-13T23:00:00Z,1.15662,1.15705,1.15652,1.15702
EURUSD,H1,2025-10-14T00:00:00Z,1.15678,1.15717,1.15573,1.15704
EURUSD,H1,2025-10-14T01:00:00Z,1.15704,1.1574,1.15678,1.15678
EURUSD,H1,2025-10-14T02:00:00Z,1.15678,1.15699,1.15636,1.15656
EURUSD,H1,2025-10-14T03:00:00Z,1.15652,1.15673,1.15551,1.15612
EURUSD,H1,2025-10-14T04:00:00Z,1.15616,1.15734,1.15609,1.15708
EURUSD,H1,2025-10-14T05:00:00Z,1.15708,1.15763,1.15703,1.15738
EURUSD,H1,2025-10-14T06:00:00Z,1.15738,1.1582,1.15713,1.15786
EURUSD,H1,2025-10-14T07:00:00Z,1.15786,1.15927,1.15783,1.1592
EURUSD,H1,2025-10-14T08:00:00Z,1.15922,1.15936,1.15825,1.15845
EURUSD,H1,2025-10-14T09:00:00Z,1.15845,1.15897,1.15631,1.15702
EURUSD,H1,2025-10-14T10:00:00Z,1.15701,1.15746,1.15428,1.15495
EURUSD,H1,2025-10-14T11:00:00Z,1.15495,1.15609,1.15456,1.15591
EURUSD,H1,2025-10-14T12:00:00Z,1.15591,1.15634,1.15516,1.15551
EURUSD,H1,2025-10-14T13:00:00Z,1.15546,1.1559599999999999,1.15513,1.1553499999999999
EURUSD,H1,2025-10-14T14:00:00Z,1.15534,1.15585,1.15463,1.15522
EURUSD,H1,2025-10-14T15:00:00Z,1.15523,1.15651,1.1548,1.15558
EURUSD,H1,2025-10-14T16:00:00Z,1.15557,1.15831,1.15545,1.15741
EURUSD,H1,2025-10-14T17:00:00Z,1.1574,1.15973,1.15692,1.15943
EURUSD,H1,2025-10-14T18:00:00Z,1.15944,1.16083,1.15866,1.16074
EURUSD,H1,2025-10-14T19:00:00Z,1.16074,1.1615,1.16012,1.16094
EURUSD,H1,2025-10-14T20:00:00Z,1.1609,1.16122,1.16017,1.16095
EURUSD,H1,2025-10-14T21:00:00Z,1.16094,1.16119,1.16035,1.16051
EURUSD,H1,2025-10-14T22:00:00Z,1.1605,1.16113,1.16045,1.16055
EURUSD,H1,2025-10-14T23:00:00Z,1.16055,1.16077,1.15998,1.16075
EURUSD,H1,2025-10-15T00:00:00Z,1.16058,1.16067,1.15995,1.16061
EURUSD,H1,2025-10-15T01:00:00Z,1.16061,1.16094,1.16035,1.16036
EURUSD,H1,2025-10-15T02:00:00Z,1.16036,1.16058,1.16019,1.16033
EURUSD,H1,2025-10-15T03:00:00Z,1.16031,1.1614200000000001,1.16019,1.16106
EURUSD,H1,2025-10-15T04:00:00Z,1.16106,1.1623,1.16071,1.16192
EURUSD,H1,2025-10-15T05:00:00Z,1.16193,1.1626,1.1617899999999999,1.1623
EURUSD,H1,2025-10-15T06:00:00Z,1.16229,1.16243,1.16184,1.16224
EURUSD,H1,2025-10-15T07:00:00Z,1.16226,1.16243,1.1616900000000001,1.16184
EURUSD,H1,2025-10-15T08:00:00Z,1.16186,1.16266,1.16185,1.16195
EURUSD,H1,2025-10-15T09:00:00Z,1.16197,1.16385,1.16177,1.16343
EURUSD,H1,2025-10-15T10:00:00Z,1.16351,1.16444,1.16293,1.16357
EURUSD,H1,2025-10-15T11:00:00Z,1.16355,1.16453,1.16316,1.16327
EURUSD,H1,2025-10-15T12:00:00Z,1.16326,1.16392,1.1628,1.16347
EURUSD,H1,2025-10-15T13:00:00Z,1.16345,1.16349,1.1620300000000001,1.16245
EURUSD,H1,2025-10-15T14:00:00Z,1.16244,1.16324,1.16197,1.162
EURUSD,H1,2025-10-15T15:00:00Z,1.162,1.16276,1.16139,1.16177
EURUSD,H1,2025-10-15T16:00:00Z,1.16177,1.1632,1.16105,1.1627399999999999
EURUSD,H1,2025-10-15T17:00:00Z,1.1627399999999999,1.1630099999999999,1.16196,1.16246
EURUSD,H1,2025-10-15T18:00:00Z,1.16246,1.16473,1.16186,1.16371
EURUSD,H1,2025-10-15T19:00:00Z,1.16371,1.16409,1.16285,1.16402
EURUSD,H1,2025-10-15T20:00:00Z,1.16401,1.16404,1.16271,1.16294
EURUSD,H1,2025-10-15T21:00:00Z,1.16294,1.16376,1.16281,1.16332
EURUSD,H1,2025-10-15T22:00:00Z,1.16332,1.16448,1.1633,1.16444
EURUSD,H1,2025-10-15T23:00:00Z,1.16444,1.16478,1.16425,1.1647
EURUSD,H1,2025-10-16T00:00:00Z,1.16465,1.16465,1.16366,1.16433
EURUSD,H1,2025-10-16T01:00:00Z,1.16433,1.1652,1.16431,1.16464
EURUSD,H1,2025-10-16T02:00:00Z,1.16467,1.16473,1.16448,1.16461
EURUSD,H1,2025-10-16T03:00:00Z,1.1646,1.16671,1.16429,1.1663000000000001
EURUSD,H1,2025-10-16T04:00:00Z,1.16634,1.16754,1.16611,1.167
EURUSD,H1,2025-10-16T05:00:00Z,1.16703,1.16748,1.16643,1.16662
EURUSD,H1,2025-10-16T06:00:00Z,1.16661,1.16672,1.16616,1.16621
EURUSD,H1,2025-10-16T07:00:00Z,1.16621,1.16623,1.16559,1.16563
EURUSD,H1,2025-10-16T08:00:00Z,1.16561,1.16615,1.16541,1.16602
EURUSD,H1,2025-10-16T09:00:00Z,1.16602,1.1668,1.16521,1.16539
EURUSD,H1,2025-10-16T10:00:00Z,1.16539,1.1656900000000001,1.16431,1.16521
EURUSD,H1,2025-10-16T11:00:00Z,1.1651799999999999,1.16599,1.16487,1.16591
EURUSD,H1,2025-10-16T12:00:00Z,1.16591,1.16639,1.16526,1.16583
EURUSD,H1,2025-10-16T13:00:00Z,1.16585,1.16631,1.1653,1.16555
EURUSD,H1,2025-10-16T14:00:00Z,1.16555,1.16565,1.16464,1.1654
EURUSD,H1,2025-10-16T15:00:00Z,1.1654,1.16617,1.16491,1.16606
EURUSD,H1,2025-10-16T16:00:00Z,1.16606,1.16643,1.16501,1.16574
EURUSD,H1,2025-10-16T17:00:00Z,1.16574,1.16781,1.16536,1.16771
EURUSD,H1,2025-10-16T18:00:00Z,1.16771,1.16782,1.1661299999999999,1.16646
EURUSD,H1,2025-10-16T19:00:00Z,1.16646,1.1679,1.16642,1.16771
EURUSD,H1,2025-10-16T20:00:00Z,1.16771,1.16937,1.16769,1.16882
EURUSD,H1,2025-10-16T21:00:00Z,1.16882,1.16934,1.16805,1.16894
EURUSD,H1,2025-10-16T22:00:00Z,1.16896,1.16944,1.16871,1.16889
EURUSD,H1,2025-10-16T23:00:00Z,1.16889,1.16914,1.16849,1.16875
EURUSD,H1,2025-10-17T00:00:00Z,1.1687400000000001,1.1688399999999999,1.16803,1.16865
EURUSD,H1,2025-10-17T01:00:00Z,1.16865,1.16961,1.16862,1.16946
EURUSD,H1,2025-10-17T02:00:00Z,1.16946,1.16998,1.16933,1.16992
EURUSD,H1,2025-10-17T03:00:00Z,1.16992,1.17114,1.16953,1.17068
EURUSD,H1,2025-10-17T04:00:00Z,1.1706699999999999,1.17098,1.17,1.1701
EURUSD,H1,2025-10-17T05:00:00Z,1.1701,1.17115,1.16953,1.17053
EURUSD,H1,2025-10-17T06:00:00Z,1.17053,1.1712500000000001,1.17047,1.17094
EURUSD,H1,2025-10-17T07:00:00Z,1.17094,1.17123,1.17064,1.17099
EURUSD,H1,2025-10-17T08:00:00Z,1.17099,1.17285,1.17098,1.17233
EURUSD,H1,2025-10-17T09:00:00Z,1.17233,1.17266,1.17085,1.17108
EURUSD,H1,2025-10-17T10:00:00Z,1.17105,1.17151,1.16934,1.17117
EURUSD,H1,2025-10-17T11:00:00Z,1.17118,1.17163,1.16916,1.16975
EURUSD,H1,2025-10-17T12:00:00Z,1.16975,1.17079,1.16966,1.17014
EURUSD,H1,2025-10-17T13:00:00Z,1.17011,1.17028,1.1687400000000001,1.16896
EURUSD,H1,2025-10-17T14:00:00Z,1.16896,1.16971,1.16806,1.1685
EURUSD,H1,2025-10-17T15:00:00Z,1.16853,1.16863,1.16669,1.16764
EURUSD,H1,2025-10-17T16:00:00Z,1.16764,1.16814,1.1669,1.16707
EURUSD,H1,2025-10-17T17:00:00Z,1.16705,1.16733,1.16566,1.1667
EURUSD,H1,2025-10-17T18:00:00Z,1.16668,1.16733,1.16608,1.16733
EURUSD,H1,2025-10-17T19:00:00Z,1.16734,1.16794,1.16698,1.16709
EURUSD,H1,2025-10-17T20:00:00Z,1.16709,1.16759,1.16671,1.16679
EURUSD,H1,2025-10-17T21:00:00Z,1.16679,1.16743,1.1663999999999999,1.16681
EURUSD,H1,2025-10-17T22:00:00Z,1.16681,1.16714,1.16661,1.16707
EURUSD,H1,2025-10-17T23:00:00Z,1.16706,1.16708,1.16505,1.16511
EURUSD,H1,2025-10-20T00:00:00Z,1.1662,1.16657,1.16544,1.16558
EURUSD,H1,2025-10-20T01:00:00Z,1.16558,1.1657899999999999,1.16519,1.16563
EURUSD,H1,2025-10-20T02:00:00Z,1.16561,1.16617,1.16545,1.1658
EURUSD,H1,2025-10-20T03:00:00Z,1.1658,1.16665,1.1657899999999999,1.16665
EURUSD,H1,2025-10-20T04:00:00Z,1.16665,1.16675,1.16566,1.166
EURUSD,H1,2025-10-20T05:00:00Z,1.16601,1.16707,1.16601,1.16657
EURUSD,H1,2025-10-20T06:00:00Z,1.16658,1.16688,1.16649,1.16683
EURUSD,H1,2025-10-20T07:00:00Z,1.16684,1.16739,1.16657,1.16716
EURUSD,H1,2025-10-20T08:00:00Z,1.16716,1.16757,1.167,1.16737
EURUSD,H1,2025-10-20T09:00:00Z,1.16737,1.16737,1.16567,1.16585
EURUSD,H1,2025-10-20T10:00:00Z,1.16586,1.16682,1.16538,1.16624
EURUSD,H1,2025-10-20T11:00:00Z,1.16624,1.16665,1.1658,1.16635
EURUSD,H1,2025-10-20T12:00:00Z,1.16636,1.16677,1.16592,1.16621
EURUSD,H1,2025-10-20T13:00:00Z,1.16621,1.1663000000000001,1.16512,1.16535
EURUSD,H1,2025-10-20T14:00:00Z,1.16535,1.16565,1.16445,1.16565
EURUSD,H1,2025-10-20T15:00:00Z,1.16565,1.16605,1.16502,1.16535
EURUSD,H1,2025-10-20T16:00:00Z,1.16535,1.16546,1.16464,1.16491
EURUSD,H1,2025-10-20T17:00:00Z,1.16491,1.16644,1.16476,1.16538
EURUSD,H1,2025-10-20T18:00:00Z,1.16538,1.16645,1.16525,1.16551
EURUSD,H1,2025-10-20T19:00:00Z,1.1655,1.16582,1.16494,1.16498
EURUSD,H1,2025-10-20T20:00:00Z,1.16495,1.16529,1.16414,1.16434
EURUSD,H1,2025-10-20T21:00:00Z,1.16434,1.16485,1.16384,1.16464
EURUSD,H1,2025-10-20T22:00:00Z,1.16464,1.16493,1.164,1.16409
EURUSD,H1,2025-10-20T23:00:00Z,1.1641,1.16445,1.16403,1.16409
EURUSD,H1,2025-10-21T00:00:00Z,1.16411,1.16446,1.1630099999999999,1.16439
EURUSD,H1,2025-10-21T01:00:00Z,1.16439,1.16456,1.16429,1.16432
EURUSD,H1,2025-10-21T02:00:00Z,1.16432,1.16451,1.16426,1.16444
EURUSD,H1,2025-10-21T03:00:00Z,1.16441,1.16553,1.16433,1.16532
EURUSD,H1,2025-10-21T04:00:00Z,1.16532,1.16532,1.1642000000000001,1.16448
EURUSD,H1,2025-10-21T05:00:00Z,1.16452,1.16453,1.16328,1.16343
EURUSD,H1,2025-10-21T06:00:00Z,1.16342,1.16361,1.1633,1.16348
EURUSD,H1,2025-10-21T07:00:00Z,1.16348,1.16368,1.1632,1.1636
EURUSD,H1,2025-10-21T08:00:00Z,1.1636,1.16378,1.16244,1.16254
EURUSD,H1,2025-10-21T09:00:00Z,1.16252,1.16341,1.16187,1.16319
EURUSD,H1,2025-10-21T10:00:00Z,1.16319,1.16355,1.16218,1.16254
EURUSD,H1,2025-10-21T11:00:00Z,1.16253,1.16276,1.1613,1.1621299999999999
EURUSD,H1,2025-10-21T12:00:00Z,1.16212,1.1627399999999999,1.16161,1.16207
EURUSD,H1,2025-10-21T13:00:00Z,1.16207,1.16235,1.16066,1.1618
EURUSD,H1,2025-10-21T14:00:00Z,1.1618,1.1626,1.16092,1.16129
EURUSD,H1,2025-10-21T15:00:00Z,1.16128,1.16168,1.16019,1.16112
EURUSD,H1,2025-10-21T16:00:00Z,1.16112,1.1617,1.16025,1.16126
EURUSD,H1,2025-10-21T17:00:00Z,1.16126,1.16182,1.15977,1.16045
EURUSD,H1,2025-10-21T18:00:00Z,1.16044,1.16165,1.16042,1.16151
EURUSD,H1,2025-10-21T19:00:00Z,1.1615199999999999,1.16247,1.16078,1.1609
EURUSD,H1,2025-10-21T20:00:00Z,1.1609,1.16101,1.16015,1.1604
EURUSD,H1,2025-10-21T21:00:00Z,1.1604,1.16086,1.16035,1.16051
EURUSD,H1,2025-10-21T22:00:00Z,1.16051,1.16077,1.16,1.16007
EURUSD,H1,2025-10-21T23:00:00Z,1.16009,1.16027,1.15987,1.15993
EURUSD,H1,2025-10-22T00:00:00Z,1.15992,1.1604,1.15875,1.16028
EURUSD,H1,2025-10-22T01:00:00Z,1.16028,1.16028,1.1599599999999999,1.16002
EURUSD,H1,2025-10-22T02:00:00Z,1.16002,1.16018,1.15991,1.15995
EURUSD,H1,2025-10-22T03:00:00Z,1.15995,1.16079,1.15995,1.1604700000000001
EURUSD,H1,2025-10-22T04:00:00Z,1.16046,1.16095,1.16015,1.16049
EURUSD,H1,2025-10-22T05:00:00Z,1.16048,1.1611,1.16048,1.16085
EURUSD,H1,2025-10-22T06:00:00Z,1.16085,1.1609099999999999,1.16048,1.16071
EURUSD,H1,2025-10-22T07:00:00Z,1.16071,1.16095,1.16048,1.16092
EURUSD,H1,2025-10-22T08:00:00Z,1.16092,1.16157,1.1609099999999999,1.16136
EURUSD,H1,2025-10-22T09:00:00Z,1.16136,1.1615,1.16043,1.16095
EURUSD,H1,2025-10-22T10:00:00Z,1.16096,1.16129,1.1599599999999999,1.16008
EURUSD,H1,2025-10-22T11:00:00Z,1.16008,1.16008,1.159,1.15977
EURUSD,H1,2025-10-22T12:00:00Z,1.15977,1.16021,1.15926,1.15949
EURUSD,H1,2025-10-22T13:00:00Z,1.15946,1.1597,1.15828,1.15858
EURUSD,H1,2025-10-22T14:00:00Z,1.15857,1.15892,1.15824,1.15827
EURUSD,H1,2025-10-22T15:00:00Z,1.15827,1.15909,1.15769,1.15831
EURUSD,H1,2025-10-22T16:00:00Z,1.15831,1.15978,1.15818,1.15949
EURUSD,H1,2025-10-22T17:00:00Z,1.15949,1.16116,1.15924,1.16112
EURUSD,H1,2025-10-22T18:00:00Z,1.16112,1.1617,1.16086,1.16113
EURUSD,H1,2025-10-22T19:00:00Z,1.16113,1.16227,1.16104,1.16195
EURUSD,H1,2025-10-22T20:00:00Z,1.16195,1.16206,1.16127,1.16147
EURUSD,H1,2025-10-22T21:00:00Z,1.16147,1.16156,1.16078,1.16092
EURUSD,H1,2025-10-22T22:00:00Z,1.16092,1.16112,1.16049,1.16059
EURUSD,H1,2025-10-22T23:00:00Z,1.1606,1.1611,1.16058,1.16093
EURUSD,H1,2025-10-23T00:00:00Z,1.16099,1.1611799999999999,1.16041,1.16114
EURUSD,H1,2025-10-23T01:00:00Z,1.16114,1.16145,1.16096,1.16122
EURUSD,H1,2025-10-23T02:00:00Z,1.16125,1.16128,1.16067,1.16072
EURUSD,H1,2025-10-23T03:00:00Z,1.1607,1.16077,1.15977,1.16041
EURUSD,H1,2025-10-23T04:00:00Z,1.16042,1.16056,1.15976,1.15979
EURUSD,H1,2025-10-23T05:00:00Z,1.15979,1.15995,1.15952,1.15965
EURUSD,H1,2025-10-23T06:00:00Z,1.15965,1.15987,1.15921,1.15929
EURUSD,H1,2025-10-23T07:00:00Z,1.15929,1.15994,1.15906,1.1599
EURUSD,H1,2025-10-23T08:00:00Z,1.1599,1.16042,1.1596899999999999,1.16015
EURUSD,H1,2025-10-23T09:00:00Z,1.16014,1.16038,1.1590799999999999,1.15945
EURUSD,H1,2025-10-23T10:00:00Z,1.15945,1.16015,1.15909,1.16001
EURUSD,H1,2025-10-23T11:00:00Z,1.16001,1.16064,1.1593,1.15962
EURUSD,H1,2025-10-23T12:00:00Z,1.15962,1.16003,1.15932,1.15937
EURUSD,H1,2025-10-23T13:00:00Z,1.15937,1.15949,1.15856,1.1588
EURUSD,H1,2025-10-23T14:00:00Z,1.1588,1.15931,1.15855,1.15871
EURUSD,H1,2025-10-23T15:00:00Z,1.15875,1.16062,1.15866,1.16007
EURUSD,H1,2025-10-23T16:00:00Z,1.16007,1.16106,1.15982,1.16069
EURUSD,H1,2025-10-23T17:00:00Z,1.16069,1.16199,1.1605699999999999,1.16132
EURUSD,H1,2025-10-23T18:00:00Z,1.16132,1.1616,1.16064,1.16117
EURUSD,H1,2025-10-23T19:00:00Z,1.1611799999999999,1.16163,1.16065,1.16069
EURUSD,H1,2025-10-23T20:00:00Z,1.16069,1.16123,1.16044,1.1611799999999999
EURUSD,H1,2025-10-23T21:00:00Z,1.16117,1.1617899999999999,1.16098,1.16176
EURUSD,H1,2025-10-23T22:00:00Z,1.16176,1.16202,1.16154,1.16166
EURUSD,H1,2025-10-23T23:00:00Z,1.16166,1.16194,1.16136,1.16181
EURUSD,H1,2025-10-24T00:00:00Z,1.16183,1.16183,1.16129,1.16171
EURUSD,H1,2025-10-24T01:00:00Z,1.16171,1.1621299999999999,1.16165,1.1618
EURUSD,H1,2025-10-24T02:00:00Z,1.1618,1.1619,1.16149,1.1617
EURUSD,H1,2025-10-24T03:00:00Z,1.1617,1.16216,1.1616900000000001,1.1618
EURUSD,H1,2025-10-24T04:00:00Z,1.1618,1.16189,1.16089,1.16094
EURUSD,H1,2025-10-24T05:00:00Z,1.16095,1.16127,1.16077,1.16079
EURUSD,H1,2025-10-24T06:00:00Z,1.16079,1.1611799999999999,1.1607,1.1609099999999999
EURUSD,H1,2025-10-24T07:00:00Z,1.1609099999999999,1.16092,1.16058,1.16077
EURUSD,H1,2025-10-24T08:00:00Z,1.16077,1.1608100000000001,1.1602000000000001,1.16055
EURUSD,H1,2025-10-24T09:00:00Z,1.16056,1.1614,1.16009,1.16139
EURUSD,H1,2025-10-24T10:00:00Z,1.16136,1.1628,1.16019,1.16181
EURUSD,H1,2025-10-24T11:00:00Z,1.16181,1.16236,1.16064,1.16104
EURUSD,H1,2025-10-24T12:00:00Z,1.16097,1.16127,1.16054,1.16119
EURUSD,H1,2025-10-24T13:00:00Z,1.1612,1.16168,1.1611,1.16129
EURUSD,H1,2025-10-24T14:00:00Z,1.16128,1.16158,1.16071,1.16151
EURUSD,H1,2025-10-24T15:00:00Z,1.16154,1.16477,1.16088,1.16342
EURUSD,H1,2025-10-24T16:00:00Z,1.16342,1.16435,1.16206,1.16268
EURUSD,H1,2025-10-24T17:00:00Z,1.16265,1.1636,1.16182,1.16261
EURUSD,H1,2025-10-24T18:00:00Z,1.16261,1.16357,1.1621299999999999,1.16254
EURUSD,H1,2025-10-24T19:00:00Z,1.16254,1.16277,1.1621299999999999,1.16256
EURUSD,H1,2025-10-24T20:00:00Z,1.16256,1.1632,1.16245,1.16275
EURUSD,H1,2025-10-24T21:00:00Z,1.16275,1.1628,1.16249,1.16261
EURUSD,H1,2025-10-24T22:00:00Z,1.16261,1.1633499999999999,1.16261,1.16316
EURUSD,H1,2025-10-24T23:00:00Z,1.16316,1.16361,1.16211,1.16278
EURUSD,H1,2025-10-27T00:00:00Z,1.16332,1.16353,1.16208,1.16284
EURUSD,H1,2025-10-27T01:00:00Z,1.16284,1.16356,1.16246,1.16286
EURUSD,H1,2025-10-27T02:00:00Z,1.16285,1.1633,1.16258,1.16312
EURUSD,H1,2025-10-27T03:00:00Z,1.16312,1.16377,1.16279,1.16349
EURUSD,H1,2025-10-27T04:00:00Z,1.16349,1.16478,1.1633499999999999,1.16391
EURUSD,H1,2025-10-27T05:00:00Z,1.16391,1.16397,1.16303,1.16309
EURUSD,H1,2025-10-27T06:00:00Z,1.16309,1.16324,1.16271,1.16277
EURUSD,H1,2025-10-27T07:00:00Z,1.16277,1.16278,1.16207,1.16246
EURUSD,H1,2025-10-27T08:00:00Z,1.16246,1.16272,1.1621,1.16262
EURUSD,H1,2025-10-27T09:00:00Z,1.16263,1.16324,1.16248,1.16263
EURUSD,H1,2025-10-27T10:00:00Z,1.16266,1.16279,1.16199,1.16199
EURUSD,H1,2025-10-27T11:00:00Z,1.16199,1.16332,1.16178,1.16283
EURUSD,H1,2025-10-27T12:00:00Z,1.16283,1.164,1.16261,1.16378
EURUSD,H1,2025-10-27T13:00:00Z,1.16379,1.1644700000000001,1.16354,1.16417
EURUSD,H1,2025-10-27T14:00:00Z,1.16417,1.16474,1.16361,1.16461
EURUSD,H1,2025-10-27T15:00:00Z,1.16461,1.16516,1.16377,1.16414
EURUSD,H1,2025-10-27T16:00:00Z,1.16414,1.1643,1.16316,1.16357
EURUSD,H1,2025-10-27T17:00:00Z,1.16357,1.16425,1.1632500000000001,1.16409
EURUSD,H1,2025-10-27T18:00:00Z,1.16409,1.16418,1.16329,1.16352
EURUSD,H1,2025-10-27T19:00:00Z,1.16353,1.16411,1.16326,1.16388
EURUSD,H1,2025-10-27T20:00:00Z,1.16388,1.16416,1.16357,1.1638
EURUSD,H1,2025-10-27T21:00:00Z,1.16381,1.16523,1.16352,1.16504
EURUSD,H1,2025-10-27T22:00:00Z,1.16504,1.16506,1.16441,1.16477
EURUSD,H1,2025-10-27T23:00:00Z,1.16477,1.16489,1.16432,1.1644
EURUSD,H1,2025-10-28T00:00:00Z,1.16443,1.1645699999999999,1.16401,1.16448
EURUSD,H1,2025-10-28T01:00:00Z,1.16448,1.16507,1.16442,1.16498
EURUSD,H1,2025-10-28T02:00:00Z,1.16498,1.16547,1.16496,1.16509
EURUSD,H1,2025-10-28T03:00:00Z,1.16509,1.1659,1.16465,1.16557
EURUSD,H1,2025-10-28T04:00:00Z,1.16557,1.16639,1.16552,1.16575
EURUSD,H1,2025-10-28T05:00:00Z,1.16575,1.16631,1.16541,1.16545
EURUSD,H1,2025-10-28T06:00:00Z,1.16545,1.16631,1.16543,1.166
EURUSD,H1,2025-10-28T07:00:00Z,1.166,1.16677,1.16589,1.16663
EURUSD,H1,2025-10-28T08:00:00Z,1.16663,1.16681,1.16628,1.16638
EURUSD,H1,2025-10-28T09:00:00Z,1.16638,1.16672,1.1655,1.16559
EURUSD,H1,2025-10-28T10:00:00Z,1.16558,1.16616,1.16511,1.16551
EURUSD,H1,2025-10-28T11:00:00Z,1.16552,1.16628,1.16486,1.16522
EURUSD,H1,2025-10-28T12:00:00Z,1.16521,1.16588,1.16451,1.1656900000000001
EURUSD,H1,2025-10-28T13:00:00Z,1.1656900000000001,1.16649,1.1655,1.16642
EURUSD,H1,2025-10-28T14:00:00Z,1.16642,1.16642,1.1655,1.16592
EURUSD,H1,2025-10-28T15:00:00Z,1.16591,1.166,1.1635,1.16402
EURUSD,H1,2025-10-28T16:00:00Z,1.16403,1.16404,1.16257,1.16395
EURUSD,H1,2025-10-28T17:00:00Z,1.16395,1.16636,1.16372,1.16606
EURUSD,H1,2025-10-28T18:00:00Z,1.16606,1.16672,1.1655,1.1659
EURUSD,H1,2025-10-28T19:00:00Z,1.1659,1.16679,1.16529,1.16678
EURUSD,H1,2025-10-28T20:00:00Z,1.16679,1.16687,1.16594,1.16631
EURUSD,H1,2025-10-28T21:00:00Z,1.16632,1.16638,1.16562,1.16622
EURUSD,H1,2025-10-28T22:00:00Z,1.16623,1.16651,1.1651799999999999,1.16524
EURUSD,H1,2025-10-28T23:00:00Z,1.16524,1.16573,1.1651,1.16521
EURUSD,H1,2025-10-29T00:00:00Z,1.16503,1.16522,1.1648100000000001,1.16507
EURUSD,H1,2025-10-29T01:00:00Z,1.16507,1.16543,1.16498,1.16507
EURUSD,H1,2025-10-29T02:00:00Z,1.16507,1.16575,1.16485,1.16573
EURUSD,H1,2025-10-29T03:00:00Z,1.16573,1.1661,1.16532,1.16544
EURUSD,H1,2025-10-29T04:00:00Z,1.16544,1.1656,1.16464,1.16473
EURUSD,H1,2025-10-29T05:00:00Z,1.16474,1.1648,1.16416,1.16464
EURUSD,H1,2025-10-29T06:00:00Z,1.16465,1.16467,1.16369,1.16372
EURUSD,H1,2025-10-29T07:00:00Z,1.16373,1.16376,1.16314,1.16342
EURUSD,H1,2025-10-29T08:00:00Z,1.16344,1.16356,1.16273,1.16315
EURUSD,H1,2025-10-29T09:00:00Z,1.16316,1.16327,1.16252,1.16299
EURUSD,H1,2025-10-29T10:00:00Z,1.1629800000000001,1.16379,1.16284,1.16329
EURUSD,H1,2025-10-29T11:00:00Z,1.16327,1.16341,1.16233,1.16233
EURUSD,H1,2025-10-29T12:00:00Z,1.16233,1.16472,1.16189,1.16412
EURUSD,H1,2025-10-29T13:00:00Z,1.16412,1.16489,1.1637,1.16473
EURUSD,H1,2025-10-29T14:00:00Z,1.16473,1.16487,1.1633,1.16398
EURUSD,H1,2025-10-29T15:00:00Z,1.16398,1.16451,1.1627399999999999,1.1634
EURUSD,H1,2025-10-29T16:00:00Z,1.16341,1.16459,1.16336,1.16367
EURUSD,H1,2025-10-29T17:00:00Z,1.16367,1.16515,1.16314,1.16505
EURUSD,H1,2025-10-29T18:00:00Z,1.16505,1.16647,1.16451,1.16637
EURUSD,H1,2025-10-29T19:00:00Z,1.16638,1.16661,1.16553,1.16573
EURUSD,H1,2025-10-29T20:00:00Z,1.16572,1.1659,1.16456,1.16456
EURUSD,H1,2025-10-29T21:00:00Z,1.16451,1.16509,1.15841,1.15944
EURUSD,H1,2025-10-29T22:00:00Z,1.15944,1.16001,1.15777,1.15994
EURUSD,H1,2025-10-29T23:00:00Z,1.15993,1.16074,1.15907,1.16006
EURUSD,H1,2025-10-30T00:00:00Z,1.16001,1.16038,1.15987,1.16022
EURUSD,H1,2025-10-30T01:00:00Z,1.16021,1.16055,1.16012,1.16039
EURUSD,H1,2025-10-30T02:00:00Z,1.1604,1.16054,1.16015,1.16031
EURUSD,H1,2025-10-30T03:00:00Z,1.16031,1.16155,1.1597,1.1612
EURUSD,H1,2025-10-30T04:00:00Z,1.1612,1.16153,1.16087,1.16139
EURUSD,H1,2025-10-30T05:00:00Z,1.16138,1.16198,1.16124,1.16173
EURUSD,H1,2025-10-30T06:00:00Z,1.16173,1.16199,1.1607,1.16155
EURUSD,H1,2025-10-30T07:00:00Z,1.16156,1.16375,1.16136,1.16321
EURUSD,H1,2025-10-30T08:00:00Z,1.16321,1.16342,1.16236,1.1623999999999999
EURUSD,H1,2025-10-30T09:00:00Z,1.1623999999999999,1.16299,1.16181,1.16197
EURUSD,H1,2025-10-30T10:00:00Z,1.16196,1.1623,1.16095,1.16184
EURUSD,H1,2025-10-30T11:00:00Z,1.16191,1.16204,1.16067,1.16171
EURUSD,H1,2025-10-30T12:00:00Z,1.16172,1.16284,1.16144,1.16166
EURUSD,H1,2025-10-30T13:00:00Z,1.16171,1.16199,1.1606,1.16067
EURUSD,H1,2025-10-30T14:00:00Z,1.16068,1.16112,1.15963,1.15978
EURUSD,H1,2025-10-30T15:00:00Z,1.15978,1.15992,1.1553200000000001,1.15549
EURUSD,H1,2025-10-30T16:00:00Z,1.1555,1.15792,1.15469,1.15792
EURUSD,H1,2025-10-30T17:00:00Z,1.15798,1.1586400000000001,1.15678,1.15732
EURUSD,H1,2025-10-30T18:00:00Z,1.15735,1.15774,1.15607,1.15636
EURUSD,H1,2025-10-30T19:00:00Z,1.15636,1.15714,1.15594,1.15693
EURUSD,H1,2025-10-30T20:00:00Z,1.15694,1.15699,1.15603,1.15665
EURUSD,H1,2025-10-30T21:00:00Z,1.15665,1.15704,1.15643,1.15679
EURUSD,H1,2025-10-30T22:00:00Z,1.15678,1.15716,1.15619,1.15642
EURUSD,H1,2025-10-30T23:00:00Z,1.15642,1.15724,1.15637,1.1565
EURUSD,H1,2025-10-31T00:00:00Z,1.15651,1.15698,1.15615,1.1569
EURUSD,H1,2025-10-31T01:00:00Z,1.1569,1.15699,1.15656,1.1568100000000001
EURUSD,H1,2025-10-31T02:00:00Z,1.1568100000000001,1.15733,1.15659,1.15717
EURUSD,H1,2025-10-31T03:00:00Z,1.15716,1.15771,1.15702,1.15738
EURUSD,H1,2025-10-31T04:00:00Z,1.15738,1.1577600000000001,1.15666,1.15676
EURUSD,H1,2025-10-31T05:00:00Z,1.15677,1.15747,1.1565,1.1568
EURUSD,H1,2025-10-31T06:00:00Z,1.1568100000000001,1.15711,1.1566,1.15673
EURUSD,H1,2025-10-31T07:00:00Z,1.15673,1.15734,1.15664,1.1572
EURUSD,H1,2025-10-31T08:00:00Z,1.1572,1.15721,1.15663,1.15682
EURUSD,H1,2025-10-31T09:00:00Z,1.15682,1.15735,1.15607,1.15614
EURUSD,H1,2025-10-31T10:00:00Z,1.15615,1.15659,1.15551,1.15649
EURUSD,H1,2025-10-31T11:00:00Z,1.15649,1.15713,1.15598,1.15704
EURUSD,H1,2025-10-31T12:00:00Z,1.15706,1.15769,1.15655,1.15763
EURUSD,H1,2025-10-31T13:00:00Z,1.15762,1.15763,1.15673,1.1571
EURUSD,H1,2025-10-31T14:00:00Z,1.1571,1.15743,1.15581,1.15668
EURUSD,H1,2025-10-31T15:00:00Z,1.15667,1.15667,1.15533,1.1556
EURUSD,H1,2025-10-31T16:00:00Z,1.1555900000000001,1.15563,1.153,1.15389
EURUSD,H1,2025-10-31T17:00:00Z,1.15388,1.15428,1.15221,1.1534200000000001
EURUSD,H1,2025-10-31T18:00:00Z,1.1534200000000001,1.1543,1.15238,1.15409
EURUSD,H1,2025-10-31T19:00:00Z,1.15409,1.15435,1.15282,1.15302
EURUSD,H1,2025-10-31T20:00:00Z,1.15304,1.15312,1.15221,1.15241
EURUSD,H1,2025-10-31T21:00:00Z,1.15239,1.15272,1.15216,1.15248
EURUSD,H1,2025-10-31T22:00:00Z,1.15252,1.15318,1.15231,1.15258
EURUSD,H1,2025-10-31T23:00:00Z,1.15257,1.15384,1.15255,1.1537600000000001
EURUSD,H1,2025-11-03T00:00:00Z,1.1528,1.15324,1.1528,1.15303
EURUSD,H1,2025-11-03T01:00:00Z,1.15302,1.15379,1.15256,1.15274
EURUSD,H1,2025-11-03T02:00:00Z,1.15274,1.1531,1.15242,1.15259
EURUSD,H1,2025-11-03T03:00:00Z,1.15259,1.15292,1.15216,1.15271
EURUSD,H1,2025-11-03T04:00:00Z,1.15273,1.1534200000000001,1.15265,1.15316
EURUSD,H1,2025-11-03T05:00:00Z,1.15316,1.15345,1.15302,1.15337
EURUSD,H1,2025-11-03T06:00:00Z,1.15337,1.15373,1.1532,1.1534200000000001
EURUSD,H1,2025-11-03T07:00:00Z,1.15341,1.15378,1.15323,1.1535
EURUSD,H1,2025-11-03T08:00:00Z,1.1535,1.15414,1.15343,1.15379
EURUSD,H1,2025-11-03T09:00:00Z,1.15378,1.15411,1.15336,1.15398
EURUSD,H1,2025-11-03T10:00:00Z,1.15399,1.15402,1.15096,1.15135
EURUSD,H1,2025-11-03T11:00:00Z,1.15136,1.15209,1.15111,1.15144
EURUSD,H1,2025-11-03T12:00:00Z,1.15144,1.15201,1.1508,1.15153
EURUSD,H1,2025-11-03T13:00:00Z,1.15152,1.152,1.15126,1.15155
EURUSD,H1,2025-11-03T14:00:00Z,1.15155,1.15224,1.1514199999999999,1.15174
EURUSD,H1,2025-11-03T15:00:00Z,1.15171,1.1518,1.15059,1.15111
EURUSD,H1,2025-11-03T16:00:00Z,1.15111,1.15129,1.15051,1.15103
EURUSD,H1,2025-11-03T17:00:00Z,1.15126,1.15253,1.15061,1.15252
EURUSD,H1,2025-11-03T18:00:00Z,1.15252,1.15319,1.15215,1.1531
EURUSD,H1,2025-11-03T19:00:00Z,1.1531,1.15379,1.15267,1.15272
EURUSD,H1,2025-11-03T20:00:00Z,1.15272,1.1531,1.15207,1.15233
EURUSD,H1,2025-11-03T21:00:00Z,1.15233,1.15248,1.15168,1.15196
EURUSD,H1,2025-11-03T22:00:00Z,1.15197,1.15233,1.1518,1.15196
EURUSD,H1,2025-11-03T23:00:00Z,1.15195,1.15201,1.15161,1.15186
EURUSD,H1,2025-11-04T00:00:00Z,1.1519,1.15201,1.15127,1.152
EURUSD,H1,2025-11-04T01:00:00Z,1.152,1.15212,1.15185,1.15186
EURUSD,H1,2025-11-04T02:00:00Z,1.15186,1.15186,1.15057,1.15083
EURUSD,H1,2025-11-04T03:00:00Z,1.15083,1.15101,1.14983,1.15101
EURUSD,H1,2025-11-04T04:00:00Z,1.15101,1.15111,1.1505,1.1511
EURUSD,H1,2025-11-04T05:00:00Z,1.15111,1.15178,1.15106,1.15134
EURUSD,H1,2025-11-04T06:00:00Z,1.15134,1.15177,1.15094,1.15096
EURUSD,H1,2025-11-04T07:00:00Z,1.15095,1.15143,1.15075,1.15127
EURUSD,H1,2025-11-04T08:00:00Z,1.15127,1.15267,1.15115,1.15234
EURUSD,H1,2025-11-04T09:00:00Z,1.15235,1.15336,1.15227,1.15272
EURUSD,H1,2025-11-04T10:00:00Z,1.15271,1.15289,1.15136,1.1514
EURUSD,H1,2025-11-04T11:00:00Z,1.1514,1.15171,1.15001,1.15011
EURUSD,H1,2025-11-04T12:00:00Z,1.15011,1.15099,1.1499,1.15039
EURUSD,H1,2025-11-04T13:00:00Z,1.1503700000000001,1.15057,1.14894,1.14901
EURUSD,H1,2025-11-04T14:00:00Z,1.14902,1.14932,1.14771,1.14893
EURUSD,H1,2025-11-04T15:00:00Z,1.14893,1.1497,1.14883,1.14921
EURUSD,H1,2025-11-04T16:00:00Z,1.1492,1.14948,1.1473200000000001,1.14809
EURUSD,H1,2025-11-04T17:00:00Z,1.14807,1.14929,1.14745,1.14916
EURUSD,H1,2025-11-04T18:00:00Z,1.14916,1.14967,1.14874,1.14897
EURUSD,H1,2025-11-04T19:00:00Z,1.14899,1.14902,1.14836,1.1484
EURUSD,H1,2025-11-04T20:00:00Z,1.1484,1.14867,1.14812,1.14841
EURUSD,H1,2025-11-04T21:00:00Z,1.1484,1.14873,1.14788,1.1479300000000001
EURUSD,H1,2025-11-04T22:00:00Z,1.1479300000000001,1.14834,1.14751,1.14799
EURUSD,H1,2025-11-04T23:00:00Z,1.14799,1.14828,1.14791,1.14822
EURUSD,H1,2025-11-05T00:00:00Z,1.14815,1.14844,1.14791,1.14826
EURUSD,H1,2025-11-05T01:00:00Z,1.14826,1.14859,1.14824,1.14853
EURUSD,H1,2025-11-05T02:00:00Z,1.14853,1.14856,1.14807,1.1484
EURUSD,H1,2025-11-05T03:00:00Z,1.1484,1.14981,1.14797,1.14894
EURUSD,H1,2025-11-05T04:00:00Z,1.14894,1.14923,1.14851,1.14887
EURUSD,H1,2025-11-05T05:00:00Z,1.14885,1.1492499999999999,1.14859,1.1489
EURUSD,H1,2025-11-05T06:00:00Z,1.1489,1.14919,1.14877,1.14909
EURUSD,H1,2025-11-05T07:00:00Z,1.14909,1.14944,1.14895,1.14918
EURUSD,H1,2025-11-05T08:00:00Z,1.14918,1.14944,1.14869,1.1488
EURUSD,H1,2025-11-05T09:00:00Z,1.1488,1.1491,1.14834,1.14869
EURUSD,H1,2025-11-05T10:00:00Z,1.14872,1.14955,1.14858,1.14889
EURUSD,H1,2025-11-05T11:00:00Z,1.14885,1.14927,1.14817,1.14845
EURUSD,H1,2025-11-05T12:00:00Z,1.14845,1.14852,1.14761,1.14833
EURUSD,H1,2025-11-05T13:00:00Z,1.14834,1.14892,1.14788,1.14882
EURUSD,H1,2025-11-05T14:00:00Z,1.14882,1.14926,1.14871,1.1491
EURUSD,H1,2025-11-05T15:00:00Z,1.14909,1.14936,1.14729,1.14736
EURUSD,H1,2025-11-05T16:00:00Z,1.14736,1.14932,1.14687,1.14872
EURUSD,H1,2025-11-05T17:00:00Z,1.14792,1.14874,1.14701,1.14791
EURUSD,H1,2025-11-05T18:00:00Z,1.1479300000000001,1.14856,1.14702,1.14839
EURUSD,H1,2025-11-05T19:00:00Z,1.1484,1.14861,1.14764,1.14805
EURUSD,H1,2025-11-05T20:00:00Z,1.14805,1.14836,1.14788,1.14816
EURUSD,H1,2025-11-05T21:00:00Z,1.14816,1.14876,1.14805,1.14862
EURUSD,H1,2025-11-05T22:00:00Z,1.14863,1.14918,1.14863,1.14883
EURUSD,H1,2025-11-05T23:00:00Z,1.14887,1.1494,1.14875,1.14924
EURUSD,H1,2025-11-06T00:00:00Z,1.14918,1.14923,1.1476899999999999,1.14918
EURUSD,H1,2025-11-06T01:00:00Z,1.14918,1.14969,1.14907,1.14959
EURUSD,H1,2025-11-06T02:00:00Z,1.14958,1.1502,1.14933,1.15008
EURUSD,H1,2025-11-06T03:00:00Z,1.1501000000000001,1.1509,1.1501000000000001,1.15073
EURUSD,H1,2025-11-06T04:00:00Z,1.15073,1.15088,1.15031,1.15054
EURUSD,H1,2025-11-06T05:00:00Z,1.15054,1.15079,1.15033,1.1507100000000001
EURUSD,H1,2025-11-06T06:00:00Z,1.1507100000000001,1.15084,1.15038,1.1507100000000001
EURUSD,H1,2025-11-06T07:00:00Z,1.1507100000000001,1.1511,1.1503700000000001,1.15102
EURUSD,H1,2025-11-06T08:00:00Z,1.15102,1.15136,1.15054,1.15073
EURUSD,H1,2025-11-06T09:00:00Z,1.15073,1.15134,1.1507,1.15083
EURUSD,H1,2025-11-06T10:00:00Z,1.15085,1.15236,1.15061,1.15213
EURUSD,H1,2025-11-06T11:00:00Z,1.15214,1.15238,1.15112,1.15135
EURUSD,H1,2025-11-06T12:00:00Z,1.15135,1.15175,1.15102,1.15106
EURUSD,H1,2025-11-06T13:00:00Z,1.15105,1.1521,1.15103,1.1520299999999999
EURUSD,H1,2025-11-06T14:00:00Z,1.1520299999999999,1.15328,1.15141,1.15308
EURUSD,H1,2025-11-06T15:00:00Z,1.15308,1.15442,1.1529099999999999,1.15357
EURUSD,H1,2025-11-06T16:00:00Z,1.15357,1.15375,1.152,1.15204
EURUSD,H1,2025-11-06T17:00:00Z,1.15204,1.15429,1.15191,1.15395
EURUSD,H1,2025-11-06T18:00:00Z,1.15395,1.15418,1.15316,1.15379
EURUSD,H1,2025-11-06T19:00:00Z,1.15379,1.15428,1.15298,1.15408
EURUSD,H1,2025-11-06T20:00:00Z,1.15408,1.15501,1.15393,1.15471
EURUSD,H1,2025-11-06T21:00:00Z,1.15471,1.15524,1.15419,1.15444
EURUSD,H1,2025-11-06T22:00:00Z,1.15444,1.1549,1.15429,1.15476
EURUSD,H1,2025-11-06T23:00:00Z,1.15477,1.15489,1.1544699999999999,1.15471
EURUSD,H1,2025-11-07T00:00:00Z,1.1547,1.15478,1.15297,1.1541299999999999
EURUSD,H1,2025-11-07T01:00:00Z,1.15418,1.15515,1.15418,1.15487
EURUSD,H1,2025-11-07T02:00:00Z,1.1549,1.15492,1.15377,1.15396
EURUSD,H1,2025-11-07T03:00:00Z,1.15395,1.1541299999999999,1.15362,1.15382
EURUSD,H1,2025-11-07T04:00:00Z,1.15382,1.1543,1.15382,1.15401
EURUSD,H1,2025-11-07T05:00:00Z,1.15404,1.15412,1.1535,1.15382
EURUSD,H1,2025-11-07T06:00:00Z,1.15382,1.15382,1.1532499999999999,1.15366
EURUSD,H1,2025-11-07T07:00:00Z,1.15366,1.15387,1.15326,1.15341
EURUSD,H1,2025-11-07T08:00:00Z,1.15344,1.15359,1.15296,1.1531
EURUSD,H1,2025-11-07T09:00:00Z,1.1531,1.15362,1.15308,1.15328
EURUSD,H1,2025-11-07T10:00:00Z,1.15328,1.15404,1.15297,1.1535
EURUSD,H1,2025-11-07T11:00:00Z,1.15349,1.15423,1.15345,1.15383
EURUSD,H1,2025-11-07T12:00:00Z,1.15382,1.1552,1.15375,1.15501
EURUSD,H1,2025-11-07T13:00:00Z,1.15501,1.15611,1.15494,1.15582
EURUSD,H1,2025-11-07T14:00:00Z,1.15581,1.15653,1.15538,1.15557
EURUSD,H1,2025-11-07T15:00:00Z,1.1556,1.15698,1.15558,1.15676
EURUSD,H1,2025-11-07T16:00:00Z,1.15676,1.15789,1.15655,1.15738
EURUSD,H1,2025-11-07T17:00:00Z,1.15734,1.15912,1.15713,1.1571799999999999
EURUSD,H1,2025-11-07T18:00:00Z,1.1571799999999999,1.15824,1.15713,1.15778
EURUSD,H1,2025-11-07T19:00:00Z,1.15777,1.15823,1.1571500000000001,1.15805
EURUSD,H1,2025-11-07T20:00:00Z,1.15805,1.15836,1.15677,1.15683
EURUSD,H1,2025-11-07T21:00:00Z,1.15683,1.15729,1.15555,1.1559599999999999
EURUSD,H1,2025-11-07T22:00:00Z,1.15595,1.15669,1.15576,1.15643
EURUSD,H1,2025-11-07T23:00:00Z,1.15643,1.15669,1.15592,1.15642
EURUSD,H1,2025-11-10T00:00:00Z,1.15547,1.15574,1.15541,1.15551
EURUSD,H1,2025-11-10T01:00:00Z,1.15551,1.1557,1.15415,1.15434
EURUSD,H1,2025-11-10T02:00:00Z,1.15434,1.15598,1.15432,1.15545
EURUSD,H1,2025-11-10T03:00:00Z,1.15545,1.15605,1.15466,1.15582
EURUSD,H1,2025-11-10T04:00:00Z,1.15583,1.15608,1.15549,1.15578
EURUSD,H1,2025-11-10T05:00:00Z,1.15579,1.15586,1.15513,1.15546
EURUSD,H1,2025-11-10T06:00:00Z,1.15547,1.15626,1.15547,1.15611
EURUSD,H1,2025-11-10T07:00:00Z,1.15611,1.15666,1.15578,1.15619
EURUSD,H1,2025-11-10T08:00:00Z,1.15619,1.15649,1.15515,1.1554
EURUSD,H1,2025-11-10T09:00:00Z,1.1554,1.1572,1.15534,1.15678
EURUSD,H1,2025-11-10T10:00:00Z,1.15677,1.15831,1.15653,1.15723
EURUSD,H1,2025-11-10T11:00:00Z,1.15723,1.15739,1.15641,1.15683
EURUSD,H1,2025-11-10T12:00:00Z,1.15683,1.15714,1.15613,1.15627
EURUSD,H1,2025-11-10T13:00:00Z,1.15626,1.15643,1.15541,1.15634
EURUSD,H1,2025-11-10T14:00:00Z,1.15634,1.15757,1.15629,1.1568100000000001
EURUSD,H1,2025-11-10T15:00:00Z,1.1568100000000001,1.1578,1.15669,1.15679
EURUSD,H1,2025-11-10T16:00:00Z,1.15679,1.15685,1.15594,1.15646
EURUSD,H1,2025-11-10T17:00:00Z,1.15645,1.1567,1.15452,1.15454
EURUSD,H1,2025-11-10T18:00:00Z,1.15455,1.1555,1.1543,1.15449
EURUSD,H1,2025-11-10T19:00:00Z,1.15449,1.15613,1.15412,1.15607
EURUSD,H1,2025-11-10T20:00:00Z,1.15607,1.1565,1.1558,1.15585
EURUSD,H1,2025-11-10T21:00:00Z,1.15585,1.15631,1.1558,1.1561
EURUSD,H1,2025-11-10T22:00:00Z,1.1561,1.15646,1.15605,1.1564
EURUSD,H1,2025-11-10T23:00:00Z,1.1564,1.15641,1.15551,1.1557
EURUSD,H1,2025-11-11T00:00:00Z,1.15555,1.1558,1.15455,1.15561
EURUSD,H1,2025-11-11T01:00:00Z,1.15561,1.15604,1.15553,1.15567
EURUSD,H1,2025-11-11T02:00:00Z,1.1556899999999999,1.1559599999999999,1.15519,1.15523
EURUSD,H1,2025-11-11T03:00:00Z,1.15523,1.15548,1.15472,1.15547
EURUSD,H1,2025-11-11T04:00:00Z,1.15547,1.15571,1.15519,1.15534
EURUSD,H1,2025-11-11T05:00:00Z,1.15534,1.15582,1.15534,1.15565
EURUSD,H1,2025-11-11T06:00:00Z,1.15564,1.15594,1.15554,1.1558
EURUSD,H1,2025-11-11T07:00:00Z,1.1558,1.15652,1.15577,1.15617
EURUSD,H1,2025-11-11T08:00:00Z,1.15617,1.15631,1.15504,1.15522
EURUSD,H1,2025-11-11T09:00:00Z,1.15525,1.15608,1.15497,1.15599
EURUSD,H1,2025-11-11T10:00:00Z,1.15601,1.15683,1.15545,1.15545
EURUSD,H1,2025-11-11T11:00:00Z,1.15545,1.15686,1.1553499999999999,1.15648
EURUSD,H1,2025-11-11T12:00:00Z,1.15647,1.15747,1.15625,1.1573
EURUSD,H1,2025-11-11T13:00:00Z,1.1573,1.15778,1.15701,1.15719
EURUSD,H1,2025-11-11T14:00:00Z,1.1572,1.15772,1.15686,1.15704
EURUSD,H1,2025-11-11T15:00:00Z,1.15704,1.16056,1.15704,1.1601
EURUSD,H1,2025-11-11T16:00:00Z,1.16011,1.1605,1.15934,1.16006
EURUSD,H1,2025-11-11T17:00:00Z,1.16006,1.16032,1.15915,1.1595
EURUSD,H1,2025-11-11T18:00:00Z,1.15951,1.16,1.15907,1.15933
EURUSD,H1,2025-11-11T19:00:00Z,1.15933,1.15993,1.15907,1.15952
EURUSD,H1,2025-11-11T20:00:00Z,1.15949,1.15956,1.15913,1.15926
EURUSD,H1,2025-11-11T21:00:00Z,1.15926,1.1593,1.15835,1.15843
EURUSD,H1,2025-11-11T22:00:00Z,1.15843,1.15892,1.15834,1.15834
EURUSD,H1,2025-11-11T23:00:00Z,1.15834,1.15856,1.15808,1.1582
EURUSD,H1,2025-11-12T00:00:00Z,1.1582,1.15854,1.15779,1.15845
EURUSD,H1,2025-11-12T01:00:00Z,1.15845,1.15873,1.15817,1.15869
EURUSD,H1,2025-11-12T02:00:00Z,1.15869,1.15869,1.1579,1.15794
EURUSD,H1,2025-11-12T03:00:00Z,1.15794,1.15822,1.15746,1.15754
EURUSD,H1,2025-11-12T04:00:00Z,1.15754,1.15798,1.15753,1.1579
EURUSD,H1,2025-11-12T05:00:00Z,1.1579,1.15815,1.15755,1.15775
EURUSD,H1,2025-11-12T06:00:00Z,1.15775,1.15786,1.15701,1.15722
EURUSD,H1,2025-11-12T07:00:00Z,1.15722,1.15787,1.15712,1.15762
EURUSD,H1,2025-11-12T08:00:00Z,1.15762,1.15824,1.1575199999999999,1.15822
EURUSD,H1,2025-11-12T09:00:00Z,1.15824,1.15884,1.1581299999999999,1.15835
EURUSD,H1,2025-11-12T10:00:00Z,1.15838,1.15878,1.1577,1.15773
EURUSD,H1,2025-11-12T11:00:00Z,1.15774,1.15805,1.15684,1.15703
EURUSD,H1,2025-11-12T12:00:00Z,1.15703,1.15755,1.15651,1.15702
EURUSD,H1,2025-11-12T13:00:00Z,1.15701,1.1578,1.15656,1.1578
EURUSD,H1,2025-11-12T14:00:00Z,1.1578,1.1580300000000001,1.15717,1.15769
EURUSD,H1,2025-11-12T15:00:00Z,1.15769,1.15798,1.15663,1.15722
EURUSD,H1,2025-11-12T16:00:00Z,1.15722,1.15757,1.15631,1.15756
EURUSD,H1,2025-11-12T17:00:00Z,1.15755,1.1595900000000001,1.15729,1.15941
EURUSD,H1,2025-11-12T18:00:00Z,1.1594,1.15978,1.15884,1.15912
EURUSD,H1,2025-11-12T19:00:00Z,1.15913,1.15972,1.15912,1.15932
EURUSD,H1,2025-11-12T20:00:00Z,1.15932,1.15943,1.15889,1.15896
EURUSD,H1,2025-11-12T21:00:00Z,1.15896,1.15903,1.1584,1.15866
EURUSD,H1,2025-11-12T22:00:00Z,1.15866,1.1590799999999999,1.15855,1.15892
EURUSD,H1,2025-11-12T23:00:00Z,1.15894,1.15928,1.1585,1.15921
EURUSD,H1,2025-11-13T00:00:00Z,1.15926,1.15926,1.15867,1.15888
EURUSD,H1,2025-11-13T01:00:00Z,1.15888,1.15942,1.15868,1.15915
EURUSD,H1,2025-11-13T02:00:00Z,1.15917,1.15919,1.1580300000000001,1.15804
EURUSD,H1,2025-11-13T03:00:00Z,1.1580300000000001,1.1589800000000001,1.15789,1.15895
EURUSD,H1,2025-11-13T04:00:00Z,1.15895,1.15932,1.15853,1.15895
EURUSD,H1,2025-11-13T05:00:00Z,1.15895,1.15916,1.15868,1.1589800000000001
EURUSD,H1,2025-11-13T06:00:00Z,1.1589800000000001,1.15918,1.1587399999999999,1.15901
EURUSD,H1,2025-11-13T07:00:00Z,1.15901,1.1591,1.1580300000000001,1.1582
EURUSD,H1,2025-11-13T08:00:00Z,1.15818,1.15859,1.15812,1.15857
EURUSD,H1,2025-11-13T09:00:00Z,1.15857,1.16124,1.15831,1.16115
EURUSD,H1,2025-11-13T10:00:00Z,1.16115,1.16294,1.16102,1.1628
EURUSD,H1,2025-11-13T11:00:00Z,1.1628,1.16349,1.16109,1.16166
EURUSD,H1,2025-11-13T12:00:00Z,1.16167,1.16236,1.16114,1.16159
EURUSD,H1,2025-11-13T13:00:00Z,1.16158,1.16205,1.16046,1.16063
EURUSD,H1,2025-11-13T14:00:00Z,1.16063,1.16231,1.1605699999999999,1.16229
EURUSD,H1,2025-11-13T15:00:00Z,1.16231,1.1625,1.1611799999999999,1.16205
EURUSD,H1,2025-11-13T16:00:00Z,1.16205,1.16311,1.1617,1.16279
EURUSD,H1,2025-11-13T17:00:00Z,1.16279,1.16432,1.16231,1.16392
EURUSD,H1,2025-11-13T18:00:00Z,1.16392,1.16489,1.16366,1.16488
EURUSD,H1,2025-11-13T19:00:00Z,1.16488,1.1656,1.16459,1.16512
EURUSD,H1,2025-11-13T20:00:00Z,1.16512,1.1651799999999999,1.16367,1.16383
EURUSD,H1,2025-11-13T21:00:00Z,1.16383,1.16414,1.16351,1.16357
EURUSD,H1,2025-11-13T22:00:00Z,1.16354,1.16393,1.16326,1.16331
EURUSD,H1,2025-11-13T23:00:00Z,1.16331,1.16375,1.16309,1.16339
EURUSD,H1,2025-11-14T00:00:00Z,1.16321,1.16368,1.16207,1.16347
EURUSD,H1,2025-11-14T01:00:00Z,1.16347,1.1635,1.16234,1.16303
EURUSD,H1,2025-11-14T02:00:00Z,1.16303,1.16338,1.16271,1.16329
EURUSD,H1,2025-11-14T03:00:00Z,1.16329,1.16392,1.16303,1.16334
EURUSD,H1,2025-11-14T04:00:00Z,1.16332,1.16375,1.1629800000000001,1.16358
EURUSD,H1,2025-11-14T05:00:00Z,1.16357,1.1645,1.16355,1.16383
EURUSD,H1,2025-11-14T06:00:00Z,1.16383,1.1643,1.16379,1.16421
EURUSD,H1,2025-11-14T07:00:00Z,1.16421,1.16482,1.16394,1.16478
EURUSD,H1,2025-11-14T08:00:00Z,1.16478,1.16487,1.1633499999999999,1.16377
EURUSD,H1,2025-11-14T09:00:00Z,1.16377,1.16466,1.1632,1.1633
EURUSD,H1,2025-11-14T10:00:00Z,1.1633,1.16369,1.16204,1.16297
EURUSD,H1,2025-11-14T11:00:00Z,1.16297,1.16313,1.1620300000000001,1.16221
EURUSD,H1,2025-11-14T12:00:00Z,1.16215,1.16219,1.16125,1.16136
EURUSD,H1,2025-11-14T13:00:00Z,1.16135,1.162,1.16089,1.16196
EURUSD,H1,2025-11-14T14:00:00Z,1.16197,1.16529,1.16168,1.16527
EURUSD,H1,2025-11-14T15:00:00Z,1.16528,1.16538,1.16338,1.16378
EURUSD,H1,2025-11-14T16:00:00Z,1.16378,1.16385,1.16212,1.16233
EURUSD,H1,2025-11-14T17:00:00Z,1.16233,1.16253,1.16062,1.16132
EURUSD,H1,2025-11-14T18:00:00Z,1.16132,1.16227,1.16099,1.1616900000000001
EURUSD,H1,2025-11-14T19:00:00Z,1.1616900000000001,1.1618,1.16079,1.1614
EURUSD,H1,2025-11-14T20:00:00Z,1.16141,1.1618,1.16097,1.16164
EURUSD,H1,2025-11-14T21:00:00Z,1.16164,1.162,1.16159,1.1617899999999999
EURUSD,H1,2025-11-14T22:00:00Z,1.1617899999999999,1.16232,1.1617,1.16206
EURUSD,H1,2025-11-14T23:00:00Z,1.16207,1.16236,1.16148,1.1617899999999999
EURUSD,H1,2025-11-17T00:00:00Z,1.16143,1.1623,1.16072,1.16202
EURUSD,H1,2025-11-17T01:00:00Z,1.16202,1.16247,1.16115,1.16147
EURUSD,H1,2025-11-17T02:00:00Z,1.16147,1.16148,1.1605,1.16063
EURUSD,H1,2025-11-17T03:00:00Z,1.16063,1.16101,1.16053,1.16066
EURUSD,H1,2025-11-17T04:00:00Z,1.16066,1.16066,1.16014,1.16021
EURUSD,H1,2025-11-17T05:00:00Z,1.16021,1.16021,1.15964,1.15988
EURUSD,H1,2025-11-17T06:00:00Z,1.15988,1.16034,1.15976,1.16029
EURUSD,H1,2025-11-17T07:00:00Z,1.16029,1.16052,1.15991,1.16003
EURUSD,H1,2025-11-17T08:00:00Z,1.16003,1.16087,1.15951,1.16076
EURUSD,H1,2025-11-17T09:00:00Z,1.16075,1.1615,1.16066,1.16133
EURUSD,H1,2025-11-17T10:00:00Z,1.16133,1.16149,1.15994,1.16032
EURUSD,H1,2025-11-17T11:00:00Z,1.16032,1.1604700000000001,1.1597,1.16015
EURUSD,H1,2025-11-17T12:00:00Z,1.16015,1.1608100000000001,1.15961,1.15966
EURUSD,H1,2025-11-17T13:00:00Z,1.15965,1.16031,1.1595,1.16012
EURUSD,H1,2025-11-17T14:00:00Z,1.16012,1.1604700000000001,1.15958,1.15988
EURUSD,H1,2025-11-17T15:00:00Z,1.15989,1.15995,1.15887,1.15912
EURUSD,H1,2025-11-17T16:00:00Z,1.15912,1.15952,1.15832,1.15859
EURUSD,H1,2025-11-17T17:00:00Z,1.15859,1.15982,1.15821,1.15975
EURUSD,H1,2025-11-17T18:00:00Z,1.15976,1.1602000000000001,1.15937,1.15972
EURUSD,H1,2025-11-17T19:00:00Z,1.15973,1.15993,1.15913,1.15938
EURUSD,H1,2025-11-17T20:00:00Z,1.15938,1.15947,1.15882,1.1591
EURUSD,H1,2025-11-17T21:00:00Z,1.1590799999999999,1.15952,1.15836,1.1584
EURUSD,H1,2025-11-17T22:00:00Z,1.1584,1.1590799999999999,1.15826,1.15886
EURUSD,H1,2025-11-17T23:00:00Z,1.15887,1.15922,1.15872,1.1592
EURUSD,H1,2025-11-18T00:00:00Z,1.15912,1.15919,1.15795,1.15896
EURUSD,H1,2025-11-18T01:00:00Z,1.15896,1.15943,1.15869,1.15901
EURUSD,H1,2025-11-18T02:00:00Z,1.15901,1.15901,1.1585,1.1587
EURUSD,H1,2025-11-18T03:00:00Z,1.1587,1.15933,1.1584699999999999,1.1590799999999999
EURUSD,H1,2025-11-18T04:00:00Z,1.15909,1.15939,1.15881,1.1593
EURUSD,H1,2025-11-18T05:00:00Z,1.15931,1.1595900000000001,1.15912,1.15924
EURUSD,H1,2025-11-18T06:00:00Z,1.1592500000000001,1.16038,1.1589,1.15995
EURUSD,H1,2025-11-18T07:00:00Z,1.15995,1.16005,1.15954,1.15979
EURUSD,H1,2025-11-18T08:00:00Z,1.15979,1.16011,1.15932,1.15944
EURUSD,H1,2025-11-18T09:00:00Z,1.15944,1.15999,1.15911,1.15911
EURUSD,H1,2025-11-18T10:00:00Z,1.15911,1.16064,1.15899,1.15919
EURUSD,H1,2025-11-18T11:00:00Z,1.15919,1.15957,1.15875,1.15894
EURUSD,H1,2025-11-18T12:00:00Z,1.15893,1.15909,1.15796,1.15821
EURUSD,H1,2025-11-18T13:00:00Z,1.15821,1.15887,1.15801,1.15848
EURUSD,H1,2025-11-18T14:00:00Z,1.15848,1.15928,1.15831,1.15923
EURUSD,H1,2025-11-18T15:00:00Z,1.1592,1.16021,1.15884,1.1596899999999999
EURUSD,H1,2025-11-18T16:00:00Z,1.15968,1.16023,1.15929,1.16001
EURUSD,H1,2025-11-18T17:00:00Z,1.16001,1.16078,1.15817,1.15819
EURUSD,H1,2025-11-18T18:00:00Z,1.1582,1.1584,1.15726,1.15789
EURUSD,H1,2025-11-18T19:00:00Z,1.15789,1.15807,1.1571500000000001,1.15756
EURUSD,H1,2025-11-18T20:00:00Z,1.15757,1.15858,1.1575199999999999,1.15821
EURUSD,H1,2025-11-18T21:00:00Z,1.15821,1.15871,1.15804,1.15855
EURUSD,H1,2025-11-18T22:00:00Z,1.15855,1.15871,1.15788,1.15807
EURUSD,H1,2025-11-18T23:00:00Z,1.15807,1.15835,1.15777,1.1580300000000001
EURUSD,H1,2025-11-19T00:00:00Z,1.1580300000000001,1.15815,1.15688,1.15753
EURUSD,H1,2025-11-19T01:00:00Z,1.15753,1.15818,1.15743,1.15802
EURUSD,H1,2025-11-19T02:00:00Z,1.15802,1.15841,1.15786,1.15824
EURUSD,H1,2025-11-19T03:00:00Z,1.15824,1.15851,1.15759,1.15767
EURUSD,H1,2025-11-19T04:00:00Z,1.15767,1.15819,1.15725,1.15788
EURUSD,H1,2025-11-19T05:00:00Z,1.15789,1.1584,1.1577,1.15838
EURUSD,H1,2025-11-19T06:00:00Z,1.15838,1.15843,1.15775,1.15843
EURUSD,H1,2025-11-19T07:00:00Z,1.15843,1.1590799999999999,1.15834,1.1589
EURUSD,H1,2025-11-19T08:00:00Z,1.15891,1.15916,1.15866,1.15869
EURUSD,H1,2025-11-19T09:00:00Z,1.15868,1.15973,1.15774,1.1581299999999999
EURUSD,H1,2025-11-19T10:00:00Z,1.1581299999999999,1.1589,1.15712,1.15738
EURUSD,H1,2025-11-19T11:00:00Z,1.15737,1.15806,1.15656,1.15733
EURUSD,H1,2025-11-19T12:00:00Z,1.15732,1.1577600000000001,1.15675,1.15692
EURUSD,H1,2025-11-19T13:00:00Z,1.1569099999999999,1.15875,1.15685,1.1586400000000001
EURUSD,H1,2025-11-19T14:00:00Z,1.15866,1.15893,1.1576,1.15783
EURUSD,H1,2025-11-19T15:00:00Z,1.15783,1.15909,1.1571,1.15729
EURUSD,H1,2025-11-19T16:00:00Z,1.15729,1.15739,1.15549,1.15554
EURUSD,H1,2025-11-19T17:00:00Z,1.15553,1.15563,1.15404,1.15468
EURUSD,H1,2025-11-19T18:00:00Z,1.15467,1.15476,1.15348,1.15397
EURUSD,H1,2025-11-19T19:00:00Z,1.15397,1.15424,1.1526,1.15331
EURUSD,H1,2025-11-19T20:00:00Z,1.15333,1.15375,1.15292,1.15299
EURUSD,H1,2025-11-19T21:00:00Z,1.15297,1.15311,1.15181,1.15211
EURUSD,H1,2025-11-19T22:00:00Z,1.1521,1.15287,1.15202,1.1526399999999999
EURUSD,H1,2025-11-19T23:00:00Z,1.15263,1.15385,1.15232,1.15383
EURUSD,H1,2025-11-20T00:00:00Z,1.15365,1.15383,1.15295,1.15375
EURUSD,H1,2025-11-20T01:00:00Z,1.15375,1.15421,1.15365,1.15394
EURUSD,H1,2025-11-20T02:00:00Z,1.15394,1.15394,1.15288,1.15343
EURUSD,H1,2025-11-20T03:00:00Z,1.15343,1.15354,1.15223,1.15228
EURUSD,H1,2025-11-20T04:00:00Z,1.15228,1.15235,1.15151,1.15202
EURUSD,H1,2025-11-20T05:00:00Z,1.15202,1.15225,1.151,1.1514199999999999
EURUSD,H1,2025-11-20T06:00:00Z,1.1514199999999999,1.15205,1.1513200000000001,1.15196
EURUSD,H1,2025-11-20T07:00:00Z,1.15196,1.15198,1.15141,1.15158
EURUSD,H1,2025-11-20T08:00:00Z,1.15157,1.15232,1.15136,1.15199
EURUSD,H1,2025-11-20T09:00:00Z,1.15197,1.15229,1.15151,1.15199
EURUSD,H1,2025-11-20T10:00:00Z,1.15199,1.15234,1.15115,1.15211
EURUSD,H1,2025-11-20T11:00:00Z,1.1521,1.15278,1.15172,1.15277
EURUSD,H1,2025-11-20T12:00:00Z,1.15275,1.15295,1.15244,1.15273
EURUSD,H1,2025-11-20T13:00:00Z,1.15273,1.15273,1.15131,1.15144
EURUSD,H1,2025-11-20T14:00:00Z,1.15145,1.15168,1.15072,1.15109
EURUSD,H1,2025-11-20T15:00:00Z,1.15109,1.15398,1.14994,1.15278
EURUSD,H1,2025-11-20T16:00:00Z,1.15277,1.155,1.15232,1.1535
EURUSD,H1,2025-11-20T17:00:00Z,1.15349,1.15368,1.15201,1.15276
EURUSD,H1,2025-11-20T18:00:00Z,1.15276,1.15412,1.15276,1.15336
EURUSD,H1,2025-11-20T19:00:00Z,1.15338,1.15382,1.15251,1.15288
EURUSD,H1,2025-11-20T20:00:00Z,1.15288,1.15367,1.15269,1.15366
EURUSD,H1,2025-11-20T21:00:00Z,1.15366,1.15406,1.15355,1.1538
EURUSD,H1,2025-11-20T22:00:00Z,1.1538,1.15385,1.1526,1.15261
EURUSD,H1,2025-11-20T23:00:00Z,1.15262,1.15284,1.1524,1.15284
EURUSD,H1,2025-11-21T00:00:00Z,1.15274,1.15292,1.1514199999999999,1.15274
EURUSD,H1,2025-11-21T01:00:00Z,1.15274,1.15346,1.15236,1.15336
EURUSD,H1,2025-11-21T02:00:00Z,1.15336,1.1536,1.15283,1.15353
EURUSD,H1,2025-11-21T03:00:00Z,1.1535199999999999,1.15384,1.1532499999999999,1.15326
EURUSD,H1,2025-11-21T04:00:00Z,1.15326,1.1539,1.15324,1.15358
EURUSD,H1,2025-11-21T05:00:00Z,1.15358,1.15379,1.15336,1.15363
EURUSD,H1,2025-11-21T06:00:00Z,1.15363,1.15421,1.15362,1.15387
EURUSD,H1,2025-11-21T07:00:00Z,1.15388,1.15419,1.15346,1.1535199999999999
EURUSD,H1,2025-11-21T08:00:00Z,1.1535199999999999,1.15468,1.15351,1.15415
EURUSD,H1,2025-11-21T09:00:00Z,1.15415,1.15479,1.15389,1.1541299999999999
EURUSD,H1,2025-11-21T10:00:00Z,1.15414,1.15526,1.1534200000000001,1.15411
EURUSD,H1,2025-11-21T11:00:00Z,1.15412,1.15428,1.1525,1.15252
EURUSD,H1,2025-11-21T12:00:00Z,1.15253,1.1527,1.15123,1.15199
EURUSD,H1,2025-11-21T13:00:00Z,1.15199,1.15228,1.15046,1.15061
EURUSD,H1,2025-11-21T14:00:00Z,1.1506,1.1526,1.14965,1.15248
EURUSD,H1,2025-11-21T15:00:00Z,1.15246,1.1527,1.15157,1.15208
EURUSD,H1,2025-11-21T16:00:00Z,1.15207,1.15234,1.15054,1.15138
EURUSD,H1,2025-11-21T17:00:00Z,1.1514,1.15235,1.14991,1.15029
EURUSD,H1,2025-11-21T18:00:00Z,1.1503,1.15055,1.14912,1.15051
EURUSD,H1,2025-11-21T19:00:00Z,1.15051,1.15129,1.15006,1.15072
EURUSD,H1,2025-11-21T20:00:00Z,1.1507100000000001,1.15084,1.15021,1.15042
EURUSD,H1,2025-11-21T21:00:00Z,1.15042,1.15168,1.15041,1.1513200000000001
EURUSD,H1,2025-11-21T22:00:00Z,1.1513200000000001,1.1518,1.15092,1.15176
EURUSD,H1,2025-11-21T23:00:00Z,1.15175,1.15208,1.15127,1.1514
EURUSD,H1,2025-11-24T00:00:00Z,1.15088,1.15135,1.15085,1.15131
EURUSD,H1,2025-11-24T01:00:00Z,1.1513,1.15147,1.15061,1.1507100000000001
EURUSD,H1,2025-11-24T02:00:00Z,1.15072,1.15083,1.1502,1.1507
EURUSD,H1,2025-11-24T03:00:00Z,1.1507100000000001,1.15131,1.15049,1.15105
EURUSD,H1,2025-11-24T04:00:00Z,1.15105,1.15183,1.15104,1.1516
EURUSD,H1,2025-11-24T05:00:00Z,1.1516,1.15191,1.15133,1.15161
EURUSD,H1,2025-11-24T06:00:00Z,1.15161,1.15217,1.15157,1.15208
EURUSD,H1,2025-11-24T07:00:00Z,1.15208,1.15285,1.15207,1.15226
EURUSD,H1,2025-11-24T08:00:00Z,1.15226,1.15271,1.15201,1.15208
EURUSD,H1,2025-11-24T09:00:00Z,1.15207,1.15225,1.15113,1.1512
EURUSD,H1,2025-11-24T10:00:00Z,1.15121,1.15344,1.1509800000000001,1.15279
EURUSD,H1,2025-11-24T11:00:00Z,1.15277,1.15344,1.15246,1.15298
EURUSD,H1,2025-11-24T12:00:00Z,1.15297,1.15422,1.15297,1.15409
EURUSD,H1,2025-11-24T13:00:00Z,1.15409,1.15471,1.15363,1.15454
EURUSD,H1,2025-11-24T14:00:00Z,1.15454,1.15506,1.15363,1.15475
EURUSD,H1,2025-11-24T15:00:00Z,1.15475,1.155,1.15373,1.15384
EURUSD,H1,2025-11-24T16:00:00Z,1.15384,1.15412,1.15263,1.15269
EURUSD,H1,2025-11-24T17:00:00Z,1.15268,1.15301,1.15168,1.1529
EURUSD,H1,2025-11-24T18:00:00Z,1.1529,1.15309,1.15173,1.15179
EURUSD,H1,2025-11-24T19:00:00Z,1.15179,1.15198,1.15116,1.1518
EURUSD,H1,2025-11-24T20:00:00Z,1.1518,1.15284,1.15173,1.15278
EURUSD,H1,2025-11-24T21:00:00Z,1.15278,1.1529099999999999,1.15231,1.15277
EURUSD,H1,2025-11-24T22:00:00Z,1.15278,1.15284,1.15222,1.15224
EURUSD,H1,2025-11-24T23:00:00Z,1.15224,1.15234,1.15194,1.1521
EURUSD,H1,2025-11-25T00:00:00Z,1.15204,1.1525,1.15144,1.15236
EURUSD,H1,2025-11-25T01:00:00Z,1.15236,1.15253,1.15188,1.1520299999999999
EURUSD,H1,2025-11-25T02:00:00Z,1.15204,1.15235,1.15188,1.15233
EURUSD,H1,2025-11-25T03:00:00Z,1.15231,1.153,1.1522000000000001,1.15258
EURUSD,H1,2025-11-25T04:00:00Z,1.15259,1.15286,1.15224,1.15284
EURUSD,H1,2025-11-25T05:00:00Z,1.15284,1.15303,1.15172,1.1518
EURUSD,H1,2025-11-25T06:00:00Z,1.1518,1.1518,1.15144,1.1515
EURUSD,H1,2025-11-25T07:00:00Z,1.1515,1.15183,1.15116,1.1516899999999999
EURUSD,H1,2025-11-25T08:00:00Z,1.1516899999999999,1.15217,1.15148,1.15184
EURUSD,H1,2025-11-25T09:00:00Z,1.15184,1.15304,1.15177,1.15228
EURUSD,H1,2025-11-25T10:00:00Z,1.15228,1.15337,1.15207,1.15286
EURUSD,H1,2025-11-25T11:00:00Z,1.15286,1.15367,1.15274,1.1534
EURUSD,H1,2025-11-25T12:00:00Z,1.15339,1.15411,1.15323,1.1539
EURUSD,H1,2025-11-25T13:00:00Z,1.15389,1.15389,1.15247,1.15269
EURUSD,H1,2025-11-25T14:00:00Z,1.15269,1.15565,1.15255,1.1544699999999999
EURUSD,H1,2025-11-25T15:00:00Z,1.15452,1.15623,1.15426,1.15583
EURUSD,H1,2025-11-25T16:00:00Z,1.15584,1.1572,1.15522,1.15667
EURUSD,H1,2025-11-25T17:00:00Z,1.15667,1.15841,1.15617,1.15625
EURUSD,H1,2025-11-25T18:00:00Z,1.15625,1.15719,1.15499,1.1553
EURUSD,H1,2025-11-25T19:00:00Z,1.15528,1.15839,1.15522,1.15824
EURUSD,H1,2025-11-25T20:00:00Z,1.15824,1.1586,1.15766,1.15796
EURUSD,H1,2025-11-25T21:00:00Z,1.15796,1.15856,1.15741,1.15839
EURUSD,H1,2025-11-25T22:00:00Z,1.15838,1.15845,1.15582,1.15652
EURUSD,H1,2025-11-25T23:00:00Z,1.1565,1.15724,1.15644,1.15694
EURUSD,H1,2025-11-26T00:00:00Z,1.15695,1.15695,1.15655,1.15683
EURUSD,H1,2025-11-26T01:00:00Z,1.15683,1.15732,1.15644,1.15649
EURUSD,H1,2025-11-26T02:00:00Z,1.15649,1.15723,1.15633,1.15683
EURUSD,H1,2025-11-26T03:00:00Z,1.15682,1.15832,1.15653,1.15772
EURUSD,H1,2025-11-26T04:00:00Z,1.15772,1.15868,1.15749,1.15816
EURUSD,H1,2025-11-26T05:00:00Z,1.15816,1.15916,1.15809,1.15907
EURUSD,H1,2025-11-26T06:00:00Z,1.15907,1.15917,1.15824,1.1583700000000001
EURUSD,H1,2025-11-26T07:00:00Z,1.15838,1.15915,1.15826,1.15911
EURUSD,H1,2025-11-26T08:00:00Z,1.15911,1.1596,1.15838,1.15863
EURUSD,H1,2025-11-26T09:00:00Z,1.15863,1.15922,1.1575199999999999,1.15793
EURUSD,H1,2025-11-26T10:00:00Z,1.15794,1.1581,1.15659,1.15721
EURUSD,H1,2025-11-26T11:00:00Z,1.15723,1.15799,1.15684,1.1571799999999999
EURUSD,H1,2025-11-26T12:00:00Z,1.15719,1.1578,1.15683,1.15737
EURUSD,H1,2025-11-26T13:00:00Z,1.15737,1.15808,1.1568,1.15744
EURUSD,H1,2025-11-26T14:00:00Z,1.15743,1.158,1.1569099999999999,1.15722
EURUSD,H1,2025-11-26T15:00:00Z,1.15723,1.15841,1.15486,1.15524
EURUSD,H1,2025-11-26T16:00:00Z,1.15524,1.15819,1.15471,1.15788
EURUSD,H1,2025-11-26T17:00:00Z,1.15788,1.15948,1.15781,1.15895
EURUSD,H1,2025-11-26T18:00:00Z,1.15896,1.16008,1.15888,1.15904
EURUSD,H1,2025-11-26T19:00:00Z,1.15904,1.15939,1.15854,1.1593
EURUSD,H1,2025-11-26T20:00:00Z,1.15929,1.15965,1.15893,1.15933
EURUSD,H1,2025-11-26T21:00:00Z,1.15933,1.15965,1.15906,1.15938
EURUSD,H1,2025-11-26T22:00:00Z,1.15939,1.15975,1.15923,1.15944
EURUSD,H1,2025-11-26T23:00:00Z,1.15943,1.1597,1.15937,1.15968
EURUSD,H1,2025-11-27T00:00:00Z,1.15909,1.15965,1.15878,1.15931
EURUSD,H1,2025-11-27T01:00:00Z,1.15924,1.16023,1.15916,1.16019
EURUSD,H1,2025-11-27T02:00:00Z,1.1602000000000001,1.16051,1.15999,1.16022
EURUSD,H1,2025-11-27T03:00:00Z,1.16022,1.16127,1.16008,1.16092
EURUSD,H1,2025-11-27T04:00:00Z,1.16093,1.16136,1.16006,1.16038
EURUSD,H1,2025-11-27T05:00:00Z,1.16038,1.16066,1.16,1.16021
EURUSD,H1,2025-11-27T06:00:00Z,1.16021,1.16054,1.16003,1.16009
EURUSD,H1,2025-11-27T07:00:00Z,1.16011,1.16066,1.16009,1.16021
EURUSD,H1,2025-11-27T08:00:00Z,1.16024,1.16054,1.15913,1.1592500000000001
EURUSD,H1,2025-11-27T09:00:00Z,1.1592500000000001,1.15938,1.15859,1.15917
EURUSD,H1,2025-11-27T10:00:00Z,1.15918,1.15957,1.15868,1.15929
EURUSD,H1,2025-11-27T11:00:00Z,1.15929,1.15938,1.15766,1.1577600000000001
EURUSD,H1,2025-11-27T12:00:00Z,1.1577600000000001,1.15851,1.15773,1.1584
EURUSD,H1,2025-11-27T13:00:00Z,1.1584,1.15877,1.15788,1.15861
EURUSD,H1,2025-11-27T14:00:00Z,1.15861,1.15904,1.15821,1.15833
EURUSD,H1,2025-11-27T15:00:00Z,1.15832,1.1597,1.15832,1.15948
EURUSD,H1,2025-11-27T16:00:00Z,1.15948,1.15979,1.15904,1.1595
EURUSD,H1,2025-11-27T17:00:00Z,1.15949,1.15997,1.15922,1.15943
EURUSD,H1,2025-11-27T18:00:00Z,1.15943,1.16003,1.15923,1.15995
EURUSD,H1,2025-11-27T19:00:00Z,1.15995,1.16014,1.15918,1.1595
EURUSD,H1,2025-11-27T20:00:00Z,1.1595,1.15955,1.15912,1.15918
EURUSD,H1,2025-11-27T21:00:00Z,1.15918,1.15961,1.15918,1.15953
EURUSD,H1,2025-11-27T22:00:00Z,1.15953,1.15963,1.15944,1.15949
EURUSD,H1,2025-11-27T23:00:00Z,1.1595,1.15968,1.1595,1.15957
EURUSD,H1,2025-11-28T00:00:00Z,1.15951,1.15963,1.15878,1.15947
EURUSD,H1,2025-11-28T01:00:00Z,1.15947,1.16016,1.15937,1.15998
EURUSD,H1,2025-11-28T02:00:00Z,1.15998,1.16021,1.15922,1.15942
EURUSD,H1,2025-11-28T03:00:00Z,1.15942,1.15988,1.15817,1.15832
EURUSD,H1,2025-11-28T04:00:00Z,1.15833,1.15881,1.15814,1.15844
EURUSD,H1,2025-11-28T05:00:00Z,1.15844,1.15906,1.15825,1.15873
EURUSD,H1,2025-11-28T06:00:00Z,1.15871,1.15919,1.15857,1.1589800000000001
EURUSD,H1,2025-11-28T07:00:00Z,1.1589800000000001,1.1593,1.15822,1.15888
EURUSD,H1,2025-11-28T08:00:00Z,1.15888,1.15899,1.15812,1.15845
EURUSD,H1,2025-11-28T09:00:00Z,1.15846,1.15905,1.15778,1.15802
EURUSD,H1,2025-11-28T10:00:00Z,1.15802,1.15825,1.15664,1.15701
EURUSD,H1,2025-11-28T11:00:00Z,1.15704,1.15798,1.15672,1.15684
EURUSD,H1,2025-11-28T12:00:00Z,1.15688,1.15708,1.15552,1.15595
EURUSD,H1,2025-11-28T13:00:00Z,1.15595,1.1569,1.15558,1.15677
EURUSD,H1,2025-11-28T14:00:00Z,1.15679,1.15728,1.15619,1.15663
EURUSD,H1,2025-11-28T15:00:00Z,1.15662,1.15785,1.15627,1.15747
EURUSD,H1,2025-11-28T16:00:00Z,1.15747,1.1585,1.15711,1.15845
EURUSD,H1,2025-11-28T17:00:00Z,1.15845,1.16075,1.15796,1.16074
EURUSD,H1,2025-11-28T18:00:00Z,1.16076,1.16076,1.15927,1.1599
EURUSD,H1,2025-11-28T19:00:00Z,1.1599,1.16043,1.15934,1.16028
EURUSD,H1,2025-11-28T20:00:00Z,1.1602999999999999,1.16045,1.1595900000000001,1.16013
EURUSD,H1,2025-11-28T21:00:00Z,1.16013,1.16039,1.16006,1.16022
EURUSD,H1,2025-11-28T22:00:00Z,1.16022,1.16044,1.16006,1.16006
EURUSD,H1,2025-11-28T23:00:00Z,1.16006,1.16026,1.15942,1.15954
EURUSD,H1,2025-12-01T00:00:00Z,1.15936,1.1598600000000001,1.15871,1.15965
EURUSD,H1,2025-12-01T01:00:00Z,1.15971,1.16078,1.15955,1.1601
EURUSD,H1,2025-12-01T02:00:00Z,1.1601,1.16072,1.15977,1.16032
EURUSD,H1,2025-12-01T03:00:00Z,1.16032,1.16158,1.16002,1.16052
EURUSD,H1,2025-12-01T04:00:00Z,1.16052,1.16058,1.15928,1.1595
EURUSD,H1,2025-12-01T05:00:00Z,1.1595,1.15974,1.15895,1.1597
EURUSD,H1,2025-12-01T06:00:00Z,1.1597,1.16025,1.15947,1.15987
EURUSD,H1,2025-12-01T07:00:00Z,1.15987,1.16014,1.15948,1.1598
EURUSD,H1,2025-12-01T08:00:00Z,1.15978,1.15991,1.15905,1.15963
EURUSD,H1,2025-12-01T09:00:00Z,1.15964,1.16129,1.15955,1.16071
EURUSD,H1,2025-12-01T10:00:00Z,1.16071,1.16218,1.16041,1.16134
EURUSD,H1,2025-12-01T11:00:00Z,1.16134,1.16236,1.16134,1.16222
EURUSD,H1,2025-12-01T12:00:00Z,1.16222,1.16285,1.16191,1.16276
EURUSD,H1,2025-12-01T13:00:00Z,1.16276,1.16322,1.16242,1.16279
EURUSD,H1,2025-12-01T14:00:00Z,1.16279,1.1649,1.16266,1.16488
EURUSD,H1,2025-12-01T15:00:00Z,1.16488,1.16519,1.16395,1.1645
EURUSD,H1,2025-12-01T16:00:00Z,1.1645,1.16451,1.16303,1.1632
EURUSD,H1,2025-12-01T17:00:00Z,1.16348,1.16405,1.16228,1.16288
EURUSD,H1,2025-12-01T18:00:00Z,1.16288,1.16342,1.16211,1.16229
EURUSD,H1,2025-12-01T19:00:00Z,1.16229,1.16289,1.1617899999999999,1.16207
EURUSD,H1,2025-12-01T20:00:00Z,1.16208,1.16235,1.16117,1.16119
EURUSD,H1,2025-12-01T21:00:00Z,1.16119,1.16123,1.16072,1.16086
EURUSD,H1,2025-12-01T22:00:00Z,1.16085,1.161,1.16067,1.16096
EURUSD,H1,2025-12-01T23:00:00Z,1.16095,1.16109,1.16077,1.16087
EURUSD,H1,2025-12-02T00:00:00Z,1.16092,1.16092,1.16011,1.16072
EURUSD,H1,2025-12-02T01:00:00Z,1.16072,1.16103,1.16065,1.16067
EURUSD,H1,2025-12-02T02:00:00Z,1.16067,1.16095,1.16038,1.16059
EURUSD,H1,2025-12-02T03:00:00Z,1.16058,1.16111,1.16037,1.16093
EURUSD,H1,2025-12-02T04:00:00Z,1.16092,1.16119,1.16088,1.1611799999999999
EURUSD,H1,2025-12-02T05:00:00Z,1.1611799999999999,1.16127,1.16087,1.16122
EURUSD,H1,2025-12-02T06:00:00Z,1.16122,1.1614200000000001,1.1609,1.1609099999999999
EURUSD,H1,2025-12-02T07:00:00Z,1.1609099999999999,1.16113,1.16072,1.16101
EURUSD,H1,2025-12-02T08:00:00Z,1.16099,1.16111,1.16049,1.16098
EURUSD,H1,2025-12-02T09:00:00Z,1.16097,1.16164,1.16089,1.16127
EURUSD,H1,2025-12-02T10:00:00Z,1.16128,1.16163,1.1609,1.16106
EURUSD,H1,2025-12-02T11:00:00Z,1.16107,1.16143,1.16023,1.16103
EURUSD,H1,2025-12-02T12:00:00Z,1.16103,1.16123,1.15984,1.16065
EURUSD,H1,2025-12-02T13:00:00Z,1.16065,1.16128,1.16036,1.1611799999999999
EURUSD,H1,2025-12-02T14:00:00Z,1.1611799999999999,1.16193,1.16074,1.16177
EURUSD,H1,2025-12-02T15:00:00Z,1.1618,1.16195,1.16112,1.16176
EURUSD,H1,2025-12-02T16:00:00Z,1.16176,1.16233,1.16132,1.16177
EURUSD,H1,2025-12-02T17:00:00Z,1.16177,1.16187,1.15932,1.16063
EURUSD,H1,2025-12-02T18:00:00Z,1.16062,1.16098,1.15912,1.15954
EURUSD,H1,2025-12-02T19:00:00Z,1.15954,1.16079,1.15928,1.16072
EURUSD,H1,2025-12-02T20:00:00Z,1.16072,1.16133,1.16055,1.16086
EURUSD,H1,2025-12-02T21:00:00Z,1.16087,1.16247,1.16087,1.16207
EURUSD,H1,2025-12-02T22:00:00Z,1.16206,1.16261,1.16197,1.16246
EURUSD,H1,2025-12-02T23:00:00Z,1.16246,1.16255,1.16211,1.16249
EURUSD,H1,2025-12-03T00:00:00Z,1.16215,1.16238,1.16086,1.16228
EURUSD,H1,2025-12-03T01:00:00Z,1.16228,1.16292,1.16227,1.16283
EURUSD,H1,2025-12-03T02:00:00Z,1.16283,1.16331,1.16279,1.16309
EURUSD,H1,2025-12-03T03:00:00Z,1.16309,1.16375,1.16306,1.16369
EURUSD,H1,2025-12-03T04:00:00Z,1.16369,1.16387,1.16354,1.16381
EURUSD,H1,2025-12-03T05:00:00Z,1.16381,1.16389,1.1637,1.16378
EURUSD,H1,2025-12-03T06:00:00Z,1.16378,1.1642000000000001,1.1636199999999999,1.16412
EURUSD,H1,2025-12-03T07:00:00Z,1.16412,1.16437,1.16408,1.16427
EURUSD,H1,2025-12-03T08:00:00Z,1.16427,1.16477,1.16416,1.16429
EURUSD,H1,2025-12-03T09:00:00Z,1.16429,1.16527,1.16395,1.16413
EURUSD,H1,2025-12-03T10:00:00Z,1.16414,1.16458,1.16358,1.1644
EURUSD,H1,2025-12-03T11:00:00Z,1.16441,1.16479,1.16399,1.1645699999999999
EURUSD,H1,2025-12-03T12:00:00Z,1.1645699999999999,1.16637,1.1645,1.16607
EURUSD,H1,2025-12-03T13:00:00Z,1.16606,1.16659,1.1655,1.16656
EURUSD,H1,2025-12-03T14:00:00Z,1.16656,1.16694,1.16622,1.1663000000000001
EURUSD,H1,2025-12-03T15:00:00Z,1.1663000000000001,1.16754,1.16619,1.16663
EURUSD,H1,2025-12-03T16:00:00Z,1.16663,1.16669,1.16557,1.16626
EURUSD,H1,2025-12-03T17:00:00Z,1.1661,1.16681,1.16545,1.16597
EURUSD,H1,2025-12-03T18:00:00Z,1.16597,1.16663,1.16586,1.16596
EURUSD,H1,2025-12-03T19:00:00Z,1.16596,1.16708,1.16577,1.16686
EURUSD,H1,2025-12-03T20:00:00Z,1.16687,1.16756,1.16684,1.16718
EURUSD,H1,2025-12-03T21:00:00Z,1.16719,1.16776,1.16713,1.16727
EURUSD,H1,2025-12-03T22:00:00Z,1.16723,1.1673,1.16651,1.16657
EURUSD,H1,2025-12-03T23:00:00Z,1.16657,1.16715,1.16642,1.16707
EURUSD,H1,2025-12-04T00:00:00Z,1.16706,1.1673,1.16577,1.16692
EURUSD,H1,2025-12-04T01:00:00Z,1.16692,1.16723,1.16636,1.16665
EURUSD,H1,2025-12-04T02:00:00Z,1.16665,1.16673,1.16595,1.16629
EURUSD,H1,2025-12-04T03:00:00Z,1.16629,1.16648,1.16589,1.16633
EURUSD,H1,2025-12-04T04:00:00Z,1.16633,1.1663999999999999,1.16592,1.16604
EURUSD,H1,2025-12-04T05:00:00Z,1.16604,1.16604,1.16534,1.1656
EURUSD,H1,2025-12-04T06:00:00Z,1.1656,1.16584,1.16553,1.16573
EURUSD,H1,2025-12-04T07:00:00Z,1.16573,1.16621,1.16563,1.16597
EURUSD,H1,2025-12-04T08:00:00Z,1.16597,1.16599,1.16531,1.16582
EURUSD,H1,2025-12-04T09:00:00Z,1.16581,1.16653,1.16553,1.16652
EURUSD,H1,2025-12-04T10:00:00Z,1.16652,1.16819,1.16634,1.16767
EURUSD,H1,2025-12-04T11:00:00Z,1.16767,1.16803,1.16734,1.16777
EURUSD,H1,2025-12-04T12:00:00Z,1.16777,1.16798,1.16637,1.16665
EURUSD,H1,2025-12-04T13:00:00Z,1.16666,1.16807,1.16652,1.16802
EURUSD,H1,2025-12-04T14:00:00Z,1.16802,1.16808,1.16655,1.167
EURUSD,H1,2025-12-04T15:00:00Z,1.16703,1.16712,1.16522,1.16649
EURUSD,H1,2025-12-04T16:00:00Z,1.16649,1.16767,1.16641,1.16699
EURUSD,H1,2025-12-04T17:00:00Z,1.16698,1.16747,1.16581,1.16734
EURUSD,H1,2025-12-04T18:00:00Z,1.16733,1.1673499999999999,1.16535,1.1659
EURUSD,H1,2025-12-04T19:00:00Z,1.1659,1.16598,1.16531,1.16562
EURUSD,H1,2025-12-04T20:00:00Z,1.16562,1.16599,1.16537,1.16544
EURUSD,H1,2025-12-04T21:00:00Z,1.16544,1.16557,1.16503,1.16528
EURUSD,H1,2025-12-04T22:00:00Z,1.16525,1.16525,1.16413,1.16443
EURUSD,H1,2025-12-04T23:00:00Z,1.16443,1.1645699999999999,1.16411,1.16446
EURUSD,H1,2025-12-05T00:00:00Z,1.1644,1.1644,1.1635900000000001,1.16431
EURUSD,H1,2025-12-05T01:00:00Z,1.16431,1.16446,1.1641,1.16434
EURUSD,H1,2025-12-05T02:00:00Z,1.16433,1.16503,1.16433,1.165
EURUSD,H1,2025-12-05T03:00:00Z,1.165,1.16538,1.16497,1.16535
EURUSD,H1,2025-12-05T04:00:00Z,1.16535,1.16544,1.16512,1.16519
EURUSD,H1,2025-12-05T05:00:00Z,1.1652,1.1652,1.16466,1.16489
EURUSD,H1,2025-12-05T06:00:00Z,1.16489,1.1654200000000001,1.16488,1.16535
EURUSD,H1,2025-12-05T07:00:00Z,1.16535,1.16593,1.16532,1.16591
EURUSD,H1,2025-12-05T08:00:00Z,1.16591,1.16616,1.16554,1.16594
EURUSD,H1,2025-12-05T09:00:00Z,1.16594,1.16717,1.16586,1.16629
EURUSD,H1,2025-12-05T10:00:00Z,1.16631,1.16641,1.16524,1.16538
EURUSD,H1,2025-12-05T11:00:00Z,1.16538,1.16553,1.16482,1.16544
EURUSD,H1,2025-12-05T12:00:00Z,1.16545,1.1656900000000001,1.16479,1.16511
EURUSD,H1,2025-12-05T13:00:00Z,1.16511,1.16524,1.16416,1.16465
EURUSD,H1,2025-12-05T14:00:00Z,1.16465,1.16533,1.16436,1.16517
EURUSD,H1,2025-12-05T15:00:00Z,1.16517,1.16539,1.16436,1.1651799999999999
EURUSD,H1,2025-12-05T16:00:00Z,1.1651799999999999,1.16601,1.16456,1.16503
EURUSD,H1,2025-12-05T17:00:00Z,1.16502,1.1659,1.16436,1.16482
EURUSD,H1,2025-12-05T18:00:00Z,1.16482,1.1649,1.1628,1.16341
EURUSD,H1,2025-12-05T19:00:00Z,1.16341,1.16442,1.1632500000000001,1.16441
EURUSD,H1,2025-12-05T20:00:00Z,1.1644,1.16487,1.16421,1.16429
EURUSD,H1,2025-12-05T21:00:00Z,1.16429,1.16441,1.16398,1.1643
EURUSD,H1,2025-12-05T22:00:00Z,1.1643,1.16446,1.16398,1.16442
EURUSD,H1,2025-12-05T23:00:00Z,1.1644,1.16473,1.16399,1.16418
EURUSD,H1,2025-12-08T00:00:00Z,1.16334,1.1645,1.16306,1.16433
EURUSD,H1,2025-12-08T01:00:00Z,1.16433,1.16459,1.16394,1.16406
EURUSD,H1,2025-12-08T02:00:00Z,1.16406,1.16513,1.16394,1.16512
EURUSD,H1,2025-12-08T03:00:00Z,1.16511,1.16534,1.1645699999999999,1.16516
EURUSD,H1,2025-12-08T04:00:00Z,1.16519,1.16544,1.16487,1.16539
EURUSD,H1,2025-12-08T05:00:00Z,1.16539,1.16553,1.16499,1.16501
EURUSD,H1,2025-12-08T06:00:00Z,1.16501,1.16555,1.16497,1.16546
EURUSD,H1,2025-12-08T07:00:00Z,1.16546,1.16564,1.16525,1.16561
EURUSD,H1,2025-12-08T08:00:00Z,1.16561,1.16721,1.1656,1.1661
EURUSD,H1,2025-12-08T09:00:00Z,1.16612,1.1668,1.16549,1.16582
EURUSD,H1,2025-12-08T10:00:00Z,1.16583,1.16623,1.16482,1.16561
EURUSD,H1,2025-12-08T11:00:00Z,1.1656,1.16576,1.16477,1.16488
EURUSD,H1,2025-12-08T12:00:00Z,1.16488,1.16557,1.16477,1.1651
EURUSD,H1,2025-12-08T13:00:00Z,1.1651,1.16536,1.16469,1.16503
EURUSD,H1,2025-12-08T14:00:00Z,1.16502,1.16539,1.16475,1.16532
EURUSD,H1,2025-12-08T15:00:00Z,1.16534,1.16574,1.16458,1.16485
EURUSD,H1,2025-12-08T16:00:00Z,1.16485,1.16547,1.16377,1.16401
EURUSD,H1,2025-12-08T17:00:00Z,1.16401,1.16401,1.16171,1.16253
EURUSD,H1,2025-12-08T18:00:00Z,1.16252,1.16287,1.16164,1.16249
EURUSD,H1,2025-12-08T19:00:00Z,1.16249,1.16391,1.16201,1.16391
EURUSD,H1,2025-12-08T20:00:00Z,1.16392,1.1642000000000001,1.16343,1.16372
EURUSD,H1,2025-12-08T21:00:00Z,1.16373,1.16417,1.16363,1.16393
EURUSD,H1,2025-12-08T22:00:00Z,1.16393,1.16419,1.16374,1.16382
EURUSD,H1,2025-12-08T23:00:00Z,1.16383,1.16388,1.16352,1.16367
EURUSD,H1,2025-12-09T00:00:00Z,1.1636199999999999,1.16371,1.1623,1.16343
EURUSD,H1,2025-12-09T01:00:00Z,1.16342,1.16409,1.1634,1.16409
EURUSD,H1,2025-12-09T02:00:00Z,1.16409,1.1643,1.16367,1.1638600000000001
EURUSD,H1,2025-12-09T03:00:00Z,1.1638600000000001,1.16477,1.1636,1.16473
EURUSD,H1,2025-12-09T04:00:00Z,1.16471,1.1648399999999999,1.16436,1.1645699999999999
EURUSD,H1,2025-12-09T05:00:00Z,1.1645699999999999,1.16488,1.16437,1.1645699999999999
EURUSD,H1,2025-12-09T06:00:00Z,1.1645699999999999,1.16472,1.16436,1.16469
EURUSD,H1,2025-12-09T07:00:00Z,1.1647,1.16502,1.16441,1.16487
EURUSD,H1,2025-12-09T08:00:00Z,1.16488,1.16491,1.16419,1.16438
EURUSD,H1,2025-12-09T09:00:00Z,1.16438,1.16462,1.16381,1.164
EURUSD,H1,2025-12-09T10:00:00Z,1.164,1.16498,1.16336,1.16449
EURUSD,H1,2025-12-09T11:00:00Z,1.16449,1.16573,1.16435,1.16524
EURUSD,H1,2025-12-09T12:00:00Z,1.16524,1.1654200000000001,1.16405,1.1644700000000001
EURUSD,H1,2025-12-09T13:00:00Z,1.16449,1.16477,1.16382,1.16435
EURUSD,H1,2025-12-09T14:00:00Z,1.16435,1.16444,1.16343,1.16376
EURUSD,H1,2025-12-09T15:00:00Z,1.16377,1.164,1.1629,1.16345
EURUSD,H1,2025-12-09T16:00:00Z,1.16345,1.16387,1.16282,1.16377
EURUSD,H1,2025-12-09T17:00:00Z,1.16355,1.16375,1.16151,1.16287
EURUSD,H1,2025-12-09T18:00:00Z,1.16287,1.16412,1.16287,1.16382
EURUSD,H1,2025-12-09T19:00:00Z,1.16382,1.16398,1.16221,1.16242
EURUSD,H1,2025-12-09T20:00:00Z,1.16242,1.16249,1.1616900000000001,1.16243
EURUSD,H1,2025-12-09T21:00:00Z,1.16244,1.16299,1.16219,1.16287
EURUSD,H1,2025-12-09T22:00:00Z,1.16287,1.16321,1.16265,1.16267
EURUSD,H1,2025-12-09T23:00:00Z,1.16268,1.16291,1.1623,1.16263
EURUSD,H1,2025-12-10T00:00:00Z,1.16255,1.1628,1.16226,1.16253
EURUSD,H1,2025-12-10T01:00:00Z,1.16253,1.16285,1.16241,1.16279
EURUSD,H1,2025-12-10T02:00:00Z,1.16279,1.16289,1.16243,1.16262
EURUSD,H1,2025-12-10T03:00:00Z,1.16262,1.16286,1.16224,1.16238
EURUSD,H1,2025-12-10T04:00:00Z,1.16238,1.16285,1.16231,1.16238
EURUSD,H1,2025-12-10T05:00:00Z,1.16238,1.1627399999999999,1.16217,1.16266
EURUSD,H1,2025-12-10T06:00:00Z,1.16266,1.1629,1.16251,1.1627399999999999
EURUSD,H1,2025-12-10T07:00:00Z,1.16272,1.16311,1.16265,1.16299
EURUSD,H1,2025-12-10T08:00:00Z,1.16299,1.16356,1.16285,1.16353
EURUSD,H1,2025-12-10T09:00:00Z,1.16353,1.16493,1.16344,1.16485
EURUSD,H1,2025-12-10T10:00:00Z,1.16482,1.16577,1.16437,1.16525
EURUSD,H1,2025-12-10T11:00:00Z,1.16525,1.16531,1.16356,1.16365
EURUSD,H1,2025-12-10T12:00:00Z,1.16366,1.1639599999999999,1.16276,1.16347
EURUSD,H1,2025-12-10T13:00:00Z,1.16346,1.16383,1.16299,1.16354
EURUSD,H1,2025-12-10T14:00:00Z,1.16354,1.1642299999999999,1.16327,1.16394
EURUSD,H1,2025-12-10T15:00:00Z,1.16393,1.16419,1.16275,1.16402
EURUSD,H1,2025-12-10T16:00:00Z,1.16401,1.1645,1.16338,1.16433
EURUSD,H1,2025-12-10T17:00:00Z,1.16433,1.16512,1.16346,1.1642000000000001
EURUSD,H1,2025-12-10T18:00:00Z,1.16419,1.165,1.16375,1.165
EURUSD,H1,2025-12-10T19:00:00Z,1.16501,1.1660300000000001,1.16456,1.16587
EURUSD,H1,2025-12-10T20:00:00Z,1.16586,1.16609,1.16538,1.16546
EURUSD,H1,2025-12-10T21:00:00Z,1.16545,1.1681,1.16389,1.16783
EURUSD,H1,2025-12-10T22:00:00Z,1.16781,1.16998,1.16737,1.1694
EURUSD,H1,2025-12-10T23:00:00Z,1.1694,1.16953,1.16894,1.16953
EURUSD,H1,2025-12-11T00:00:00Z,1.16949,1.16949,1.1682299999999999,1.1694
EURUSD,H1,2025-12-11T01:00:00Z,1.1694,1.17028,1.1694,1.17015
EURUSD,H1,2025-12-11T02:00:00Z,1.17015,1.1705,1.16971,1.1702
EURUSD,H1,2025-12-11T03:00:00Z,1.1702,1.17075,1.17002,1.17017
EURUSD,H1,2025-12-11T04:00:00Z,1.17017,1.17061,1.16934,1.16939
EURUSD,H1,2025-12-11T05:00:00Z,1.16939,1.16976,1.169,1.16909
EURUSD,H1,2025-12-11T06:00:00Z,1.16909,1.16917,1.16855,1.16905
EURUSD,H1,2025-12-11T07:00:00Z,1.16905,1.16922,1.16845,1.16853
EURUSD,H1,2025-12-11T08:00:00Z,1.16853,1.16899,1.16822,1.16892
EURUSD,H1,2025-12-11T09:00:00Z,1.16891,1.17011,1.16875,1.16936
EURUSD,H1,2025-12-11T10:00:00Z,1.16936,1.1706699999999999,1.16936,1.1697
EURUSD,H1,2025-12-11T11:00:00Z,1.16972,1.17034,1.16873,1.17023
EURUSD,H1,2025-12-11T12:00:00Z,1.17024,1.17078,1.16988,1.17071
EURUSD,H1,2025-12-11T13:00:00Z,1.17071,1.17179,1.17061,1.1713
EURUSD,H1,2025-12-11T14:00:00Z,1.1713,1.17193,1.17099,1.17169
EURUSD,H1,2025-12-11T15:00:00Z,1.17169,1.17365,1.17134,1.17309
EURUSD,H1,2025-12-11T16:00:00Z,1.1731,1.17485,1.17304,1.17377
EURUSD,H1,2025-12-11T17:00:00Z,1.17377,1.17571,1.17316,1.17563
EURUSD,H1,2025-12-11T18:00:00Z,1.17565,1.17595,1.17463,1.17554
EURUSD,H1,2025-12-11T19:00:00Z,1.17553,1.17628,1.17497,1.1755200000000001
EURUSD,H1,2025-12-11T20:00:00Z,1.17551,1.17594,1.17512,1.17538
EURUSD,H1,2025-12-11T21:00:00Z,1.17537,1.17538,1.1740599999999999,1.17412
EURUSD,H1,2025-12-11T22:00:00Z,1.17412,1.1745700000000001,1.17364,1.1741
EURUSD,H1,2025-12-11T23:00:00Z,1.1741,1.17433,1.17368,1.17382
EURUSD,H1,2025-12-12T00:00:00Z,1.17372,1.17391,1.17291,1.17376
EURUSD,H1,2025-12-12T01:00:00Z,1.17376,1.17419,1.17371,1.17408
EURUSD,H1,2025-12-12T02:00:00Z,1.17408,1.17445,1.1739,1.17405
EURUSD,H1,2025-12-12T03:00:00Z,1.17405,1.17464,1.17327,1.1735
EURUSD,H1,2025-12-12T04:00:00Z,1.1735,1.17379,1.17312,1.17362
EURUSD,H1,2025-12-12T05:00:00Z,1.17362,1.17376,1.17331,1.17344
EURUSD,H1,2025-12-12T06:00:00Z,1.17344,1.17356,1.17313,1.17319
EURUSD,H1,2025-12-12T07:00:00Z,1.17318,1.17394,1.17317,1.17386
EURUSD,H1,2025-12-12T08:00:00Z,1.17387,1.17419,1.17339,1.1739
EURUSD,H1,2025-12-12T09:00:00Z,1.17391,1.17435,1.17359,1.1738
EURUSD,H1,2025-12-12T10:00:00Z,1.17379,1.17422,1.1728,1.17283
EURUSD,H1,2025-12-12T11:00:00Z,1.17282,1.17349,1.17268,1.17328
EURUSD,H1,2025-12-12T12:00:00Z,1.17328,1.17332,1.17244,1.1727400000000001
EURUSD,H1,2025-12-12T13:00:00Z,1.1727400000000001,1.17292,1.1722299999999999,1.17268
EURUSD,H1,2025-12-12T14:00:00Z,1.17268,1.17279,1.17196,1.1724999999999999
EURUSD,H1,2025-12-12T15:00:00Z,1.1724999999999999,1.17351,1.1724,1.1727400000000001
EURUSD,H1,2025-12-12T16:00:00Z,1.17273,1.17435,1.1723,1.1742
EURUSD,H1,2025-12-12T17:00:00Z,1.1742,1.17449,1.17296,1.17382
EURUSD,H1,2025-12-12T18:00:00Z,1.17381,1.17434,1.17262,1.17312
EURUSD,H1,2025-12-12T19:00:00Z,1.17312,1.17482,1.17302,1.17478
EURUSD,H1,2025-12-12T20:00:00Z,1.17478,1.17499,1.1740599999999999,1.17415
EURUSD,H1,2025-12-12T21:00:00Z,1.17415,1.17415,1.17352,1.17405
EURUSD,H1,2025-12-12T22:00:00Z,1.17404,1.17466,1.17368,1.17392
EURUSD,H1,2025-12-12T23:00:00Z,1.17393,1.17451,1.17379,1.174
EURUSD,H1,2025-12-15T00:00:00Z,1.17365,1.17374,1.17241,1.17356
EURUSD,H1,2025-12-15T01:00:00Z,1.17355,1.17407,1.17349,1.17371
EURUSD,H1,2025-12-15T02:00:00Z,1.17371,1.17372,1.17285,1.17332
EURUSD,H1,2025-12-15T03:00:00Z,1.17333,1.17424,1.17295,1.17414
EURUSD,H1,2025-12-15T04:00:00Z,1.17414,1.17448,1.17371,1.17413
EURUSD,H1,2025-12-15T05:00:00Z,1.17413,1.17449,1.17316,1.17343
EURUSD,H1,2025-12-15T06:00:00Z,1.17343,1.17358,1.1732,1.17323
EURUSD,H1,2025-12-15T07:00:00Z,1.17323,1.17359,1.17321,1.17346
EURUSD,H1,2025-12-15T08:00:00Z,1.1734499999999999,1.17365,1.17287,1.17353
EURUSD,H1,2025-12-15T09:00:00Z,1.17353,1.17382,1.17279,1.17285
EURUSD,H1,2025-12-15T10:00:00Z,1.17283,1.17388,1.17264,1.17312
EURUSD,H1,2025-12-15T11:00:00Z,1.17312,1.17436,1.17305,1.17434
EURUSD,H1,2025-12-15T12:00:00Z,1.17434,1.1746699999999999,1.17391,1.17427
EURUSD,H1,2025-12-15T13:00:00Z,1.17426,1.17499,1.17413,1.17489
EURUSD,H1,2025-12-15T14:00:00Z,1.17489,1.17594,1.17486,1.17529
EURUSD,H1,2025-12-15T15:00:00Z,1.1752799999999999,1.17597,1.17471,1.17474
EURUSD,H1,2025-12-15T16:00:00Z,1.17472,1.17642,1.1743999999999999,1.17636
EURUSD,H1,2025-12-15T17:00:00Z,1.17637,1.17689,1.17547,1.17629
EURUSD,H1,2025-12-15T18:00:00Z,1.17629,1.17648,1.17523,1.17556
EURUSD,H1,2025-12-15T19:00:00Z,1.17555,1.17559,1.17451,1.1746
EURUSD,H1,2025-12-15T20:00:00Z,1.1746,1.17481,1.17392,1.17433
EURUSD,H1,2025-12-15T21:00:00Z,1.17433,1.17499,1.17384,1.17488
EURUSD,H1,2025-12-15T22:00:00Z,1.17488,1.17517,1.17474,1.17511
EURUSD,H1,2025-12-15T23:00:00Z,1.17509,1.17536,1.1749100000000001,1.17534
EURUSD,H1,2025-12-16T00:00:00Z,1.1752,1.17525,1.17395,1.1750099999999999
EURUSD,H1,2025-12-16T01:00:00Z,1.1750099999999999,1.17557,1.1750099999999999,1.17536
EURUSD,H1,2025-12-16T02:00:00Z,1.17536,1.1758,1.17482,1.17498
EURUSD,H1,2025-12-16T03:00:00Z,1.17498,1.17553,1.17465,1.1752
EURUSD,H1,2025-12-16T04:00:00Z,1.17521,1.17565,1.17503,1.17555
EURUSD,H1,2025-12-16T05:00:00Z,1.17555,1.17591,1.1750099999999999,1.17519
EURUSD,H1,2025-12-16T06:00:00Z,1.17519,1.17538,1.17499,1.1751
EURUSD,H1,2025-12-16T07:00:00Z,1.1751,1.17543,1.17492,1.17506
EURUSD,H1,2025-12-16T08:00:00Z,1.17506,1.17538,1.17464,1.17525
EURUSD,H1,2025-12-16T09:00:00Z,1.17525,1.17542,1.17444,1.17522
EURUSD,H1,2025-12-16T10:00:00Z,1.17525,1.17641,1.17466,1.17545
EURUSD,H1,2025-12-16T11:00:00Z,1.17543,1.17621,1.17503,1.17563
EURUSD,H1,2025-12-16T12:00:00Z,1.17563,1.17618,1.17538,1.17574
EURUSD,H1,2025-12-16T13:00:00Z,1.17574,1.17632,1.17517,1.17632
EURUSD,H1,2025-12-16T14:00:00Z,1.17632,1.17785,1.17606,1.17779
EURUSD,H1,2025-12-16T15:00:00Z,1.17779,1.17947,1.17569,1.17757
EURUSD,H1,2025-12-16T16:00:00Z,1.17758,1.18001,1.17688,1.17998
EURUSD,H1,2025-12-16T17:00:00Z,1.17998,1.1804000000000001,1.17672,1.1770100000000001
EURUSD,H1,2025-12-16T18:00:00Z,1.1770100000000001,1.17759,1.17612,1.17692
EURUSD,H1,2025-12-16T19:00:00Z,1.17692,1.1778,1.17625,1.17639
EURUSD,H1,2025-12-16T20:00:00Z,1.17638,1.17638,1.17452,1.17531
EURUSD,H1,2025-12-16T21:00:00Z,1.17531,1.17624,1.17344,1.17577
EURUSD,H1,2025-12-16T22:00:00Z,1.17577,1.17631,1.17464,1.17478
EURUSD,H1,2025-12-16T23:00:00Z,1.17479,1.17514,1.17453,1.1746699999999999
EURUSD,H1,2025-12-17T00:00:00Z,1.17445,1.1748,1.17404,1.17464
EURUSD,H1,2025-12-17T01:00:00Z,1.17465,1.17514,1.17465,1.17493
EURUSD,H1,2025-12-17T02:00:00Z,1.17493,1.1751800000000001,1.17454,1.17504
EURUSD,H1,2025-12-17T03:00:00Z,1.17504,1.17523,1.17451,1.17474
EURUSD,H1,2025-12-17T04:00:00Z,1.17474,1.17481,1.17373,1.174
EURUSD,H1,2025-12-17T05:00:00Z,1.174,1.1740599999999999,1.1736900000000001,1.17393
EURUSD,H1,2025-12-17T06:00:00Z,1.17393,1.17399,1.17278,1.17298
EURUSD,H1,2025-12-17T07:00:00Z,1.17298,1.1730800000000001,1.1724700000000001,1.17292
EURUSD,H1,2025-12-17T08:00:00Z,1.17292,1.17306,1.1706699999999999,1.171
EURUSD,H1,2025-12-17T09:00:00Z,1.171,1.17135,1.1703000000000001,1.17131
EURUSD,H1,2025-12-17T10:00:00Z,1.1713,1.17212,1.17059,1.17187
EURUSD,H1,2025-12-17T11:00:00Z,1.17187,1.17208,1.17117,1.1716
EURUSD,H1,2025-12-17T12:00:00Z,1.17159,1.17253,1.17127,1.17252
EURUSD,H1,2025-12-17T13:00:00Z,1.17253,1.17275,1.17077,1.17093
EURUSD,H1,2025-12-17T14:00:00Z,1.17093,1.17276,1.17085,1.17266
EURUSD,H1,2025-12-17T15:00:00Z,1.17267,1.17332,1.17199,1.17318
EURUSD,H1,2025-12-17T16:00:00Z,1.17317,1.17443,1.17283,1.17411
EURUSD,H1,2025-12-17T17:00:00Z,1.17411,1.1758,1.17404,1.17529
EURUSD,H1,2025-12-17T18:00:00Z,1.1752799999999999,1.17563,1.17456,1.1747
EURUSD,H1,2025-12-17T19:00:00Z,1.17471,1.17548,1.17456,1.17494
EURUSD,H1,2025-12-17T20:00:00Z,1.17494,1.17556,1.17426,1.17443
EURUSD,H1,2025-12-17T21:00:00Z,1.17443,1.17475,1.17414,1.1745
EURUSD,H1,2025-12-17T22:00:00Z,1.1745,1.17463,1.17387,1.17397
EURUSD,H1,2025-12-17T23:00:00Z,1.1739600000000001,1.17414,1.17387,1.17403
EURUSD,H1,2025-12-18T00:00:00Z,1.174,1.17433,1.1736,1.17391
EURUSD,H1,2025-12-18T01:00:00Z,1.17391,1.17434,1.17377,1.17417
EURUSD,H1,2025-12-18T02:00:00Z,1.17417,1.17459,1.17403,1.17443
EURUSD,H1,2025-12-18T03:00:00Z,1.17443,1.17455,1.1735,1.17384
EURUSD,H1,2025-12-18T04:00:00Z,1.17384,1.17427,1.17368,1.1741
EURUSD,H1,2025-12-18T05:00:00Z,1.1741,1.1742,1.17374,1.17393
EURUSD,H1,2025-12-18T06:00:00Z,1.17392,1.17432,1.17383,1.17431
EURUSD,H1,2025-12-18T07:00:00Z,1.17431,1.17469,1.17413,1.17458
EURUSD,H1,2025-12-18T08:00:00Z,1.17458,1.17474,1.17387,1.17442
EURUSD,H1,2025-12-18T09:00:00Z,1.17441,1.17496,1.17336,1.17337
EURUSD,H1,2025-12-18T10:00:00Z,1.17336,1.17372,1.17281,1.17323
EURUSD,H1,2025-12-18T11:00:00Z,1.17323,1.17327,1.17172,1.17221
EURUSD,H1,2025-12-18T12:00:00Z,1.17217,1.17269,1.17177,1.17249
EURUSD,H1,2025-12-18T13:00:00Z,1.17249,1.17276,1.17203,1.17207
EURUSD,H1,2025-12-18T14:00:00Z,1.17207,1.17233,1.1712500000000001,1.17139
EURUSD,H1,2025-12-18T15:00:00Z,1.17139,1.17629,1.17133,1.17469
EURUSD,H1,2025-12-18T16:00:00Z,1.1746699999999999,1.17557,1.17325,1.17346
EURUSD,H1,2025-12-18T17:00:00Z,1.17346,1.17403,1.17159,1.17272
EURUSD,H1,2025-12-18T18:00:00Z,1.17271,1.17461,1.17258,1.17282
EURUSD,H1,2025-12-18T19:00:00Z,1.17282,1.17289,1.17153,1.17185
EURUSD,H1,2025-12-18T20:00:00Z,1.17191,1.1724999999999999,1.17154,1.17196
EURUSD,H1,2025-12-18T21:00:00Z,1.17196,1.17277,1.17179,1.17252
EURUSD,H1,2025-12-18T22:00:00Z,1.17252,1.17277,1.17204,1.1722299999999999
EURUSD,H1,2025-12-18T23:00:00Z,1.17222,1.17252,1.17218,1.17234
EURUSD,H1,2025-12-19T00:00:00Z,1.17211,1.17248,1.1716199999999999,1.17228
EURUSD,H1,2025-12-19T01:00:00Z,1.17228,1.1727400000000001,1.17228,1.17248
EURUSD,H1,2025-12-19T02:00:00Z,1.17248,1.17268,1.17217,1.17264
EURUSD,H1,2025-12-19T03:00:00Z,1.17264,1.17289,1.17205,1.17245
EURUSD,H1,2025-12-19T04:00:00Z,1.17244,1.17286,1.1721300000000001,1.17227
EURUSD,H1,2025-12-19T05:00:00Z,1.17228,1.17259,1.17183,1.17212
EURUSD,H1,2025-12-19T06:00:00Z,1.17212,1.17227,1.17154,1.1718
EURUSD,H1,2025-12-19T07:00:00Z,1.1718,1.17208,1.17178,1.17199
EURUSD,H1,2025-12-19T08:00:00Z,1.17199,1.17217,1.17118,1.17198
EURUSD,H1,2025-12-19T09:00:00Z,1.17198,1.17206,1.17032,1.17078
EURUSD,H1,2025-12-19T10:00:00Z,1.17078,1.17164,1.17064,1.17126
EURUSD,H1,2025-12-19T11:00:00Z,1.17126,1.17179,1.17087,1.17121
EURUSD,H1,2025-12-19T12:00:00Z,1.17121,1.17178,1.17089,1.17164
EURUSD,H1,2025-12-19T13:00:00Z,1.17165,1.17178,1.17074,1.17113
EURUSD,H1,2025-12-19T14:00:00Z,1.17113,1.17153,1.17076,1.1710099999999999
EURUSD,H1,2025-12-19T15:00:00Z,1.1710099999999999,1.17195,1.17029,1.17194
EURUSD,H1,2025-12-19T16:00:00Z,1.17195,1.17378,1.17191,1.17268
EURUSD,H1,2025-12-19T17:00:00Z,1.17266,1.17283,1.17094,1.17097
EURUSD,H1,2025-12-19T18:00:00Z,1.17097,1.1721,1.17085,1.17209
EURUSD,H1,2025-12-19T19:00:00Z,1.1721,1.1721,1.17135,1.17193
EURUSD,H1,2025-12-19T20:00:00Z,1.17193,1.17272,1.17182,1.17198
EURUSD,H1,2025-12-19T21:00:00Z,1.17198,1.17251,1.1716199999999999,1.17237
EURUSD,H1,2025-12-19T22:00:00Z,1.17233,1.17257,1.17062,1.17098
EURUSD,H1,2025-12-19T23:00:00Z,1.17099,1.17139,1.1703999999999999,1.17071
EURUSD,H1,2025-12-22T00:00:00Z,1.17144,1.1717,1.1709100000000001,1.17107
EURUSD,H1,2025-12-22T01:00:00Z,1.17107,1.17148,1.1706,1.17102
EURUSD,H1,2025-12-22T02:00:00Z,1.1710099999999999,1.1716199999999999,1.17096,1.17159
EURUSD,H1,2025-12-22T03:00:00Z,1.17159,1.17194,1.17136,1.17173
EURUSD,H1,2025-12-22T04:00:00Z,1.17173,1.17194,1.17151,1.17164
EURUSD,H1,2025-12-22T05:00:00Z,1.17165,1.17184,1.17136,1.17176
EURUSD,H1,2025-12-22T06:00:00Z,1.17177,1.17219,1.17163,1.17203
EURUSD,H1,2025-12-22T07:00:00Z,1.17203,1.17222,1.17154,1.17173
EURUSD,H1,2025-12-22T08:00:00Z,1.17173,1.17191,1.1713,1.17159
EURUSD,H1,2025-12-22T09:00:00Z,1.17159,1.1731,1.1715,1.1729
EURUSD,H1,2025-12-22T10:00:00Z,1.1729,1.17382,1.1723,1.17359
EURUSD,H1,2025-12-22T11:00:00Z,1.17359,1.17365,1.17276,1.17301
EURUSD,H1,2025-12-22T12:00:00Z,1.17301,1.1738,1.1729,1.1733
EURUSD,H1,2025-12-22T13:00:00Z,1.17329,1.17366,1.17287,1.1733500000000001
EURUSD,H1,2025-12-22T14:00:00Z,1.1733500000000001,1.17434,1.17333,1.17417
EURUSD,H1,2025-12-22T15:00:00Z,1.17418,1.17545,1.17416,1.17507
EURUSD,H1,2025-12-22T16:00:00Z,1.17506,1.17664,1.1745,1.17602
EURUSD,H1,2025-12-22T17:00:00Z,1.17602,1.17693,1.17576,1.17639
EURUSD,H1,2025-12-22T18:00:00Z,1.1764000000000001,1.1764000000000001,1.17482,1.17498
EURUSD,H1,2025-12-22T19:00:00Z,1.17496,1.17646,1.17494,1.17583
EURUSD,H1,2025-12-22T20:00:00Z,1.17583,1.17585,1.17494,1.17531
EURUSD,H1,2025-12-22T21:00:00Z,1.17531,1.17559,1.17489,1.17553
EURUSD,H1,2025-12-22T22:00:00Z,1.17553,1.1759,1.17523,1.17554
EURUSD,H1,2025-12-22T23:00:00Z,1.17554,1.17621,1.17546,1.17616
EURUSD,H1,2025-12-23T00:00:00Z,1.17593,1.17606,1.17473,1.17576
EURUSD,H1,2025-12-23T01:00:00Z,1.17576,1.17656,1.17576,1.17637
EURUSD,H1,2025-12-23T02:00:00Z,1.17637,1.17703,1.17628,1.17689
EURUSD,H1,2025-12-23T03:00:00Z,1.17689,1.1776200000000001,1.17659,1.17731
EURUSD,H1,2025-12-23T04:00:00Z,1.1773,1.17805,1.17724,1.17777
EURUSD,H1,2025-12-23T05:00:00Z,1.17777,1.17793,1.17733,1.17765
EURUSD,H1,2025-12-23T06:00:00Z,1.17765,1.17791,1.17738,1.17755
EURUSD,H1,2025-12-23T07:00:00Z,1.17755,1.17799,1.17743,1.17751
EURUSD,H1,2025-12-23T08:00:00Z,1.17751,1.17765,1.17686,1.17714
EURUSD,H1,2025-12-23T09:00:00Z,1.17713,1.17813,1.17694,1.17787
EURUSD,H1,2025-12-23T10:00:00Z,1.17787,1.17845,1.17752,1.17845
EURUSD,H1,2025-12-23T11:00:00Z,1.17846,1.17929,1.17818,1.17926
EURUSD,H1,2025-12-23T12:00:00Z,1.17927,1.18003,1.1791800000000001,1.1799
EURUSD,H1,2025-12-23T13:00:00Z,1.17988,1.17998,1.17923,1.17958
EURUSD,H1,2025-12-23T14:00:00Z,1.17961,1.1802,1.17889,1.17897
EURUSD,H1,2025-12-23T15:00:00Z,1.17895,1.17937,1.17741,1.17747
EURUSD,H1,2025-12-23T16:00:00Z,1.17748,1.17794,1.1768399999999999,1.17696
EURUSD,H1,2025-12-23T17:00:00Z,1.17696,1.17791,1.17638,1.17746
EURUSD,H1,2025-12-23T18:00:00Z,1.17744,1.17804,1.17731,1.17757
EURUSD,H1,2025-12-23T19:00:00Z,1.17756,1.17787,1.1769,1.17706
EURUSD,H1,2025-12-23T20:00:00Z,1.17706,1.1783,1.17695,1.17828
EURUSD,H1,2025-12-23T21:00:00Z,1.17829,1.17914,1.17822,1.17901
EURUSD,H1,2025-12-23T22:00:00Z,1.17901,1.17937,1.17869,1.17895
EURUSD,H1,2025-12-23T23:00:00Z,1.17896,1.17967,1.17883,1.17927
EURUSD,H1,2025-12-24T00:00:00Z,1.17932,1.17947,1.17785,1.17939
EURUSD,H1,2025-12-24T01:00:00Z,1.17939,1.17972,1.17909,1.17949
EURUSD,H1,2025-12-24T02:00:00Z,1.1795,1.17991,1.17903,1.1798899999999999
EURUSD,H1,2025-12-24T03:00:00Z,1.1799,1.18065,1.17968,1.18054
EURUSD,H1,2025-12-24T04:00:00Z,1.18054,1.18081,1.17982,1.17983
EURUSD,H1,2025-12-24T05:00:00Z,1.17984,1.17984,1.17869,1.17877
EURUSD,H1,2025-12-24T06:00:00Z,1.17877,1.17936,1.17859,1.17914
EURUSD,H1,2025-12-24T07:00:00Z,1.17914,1.18022,1.17907,1.17991
EURUSD,H1,2025-12-24T08:00:00Z,1.1798899999999999,1.18041,1.17976,1.17999
EURUSD,H1,2025-12-24T09:00:00Z,1.17999,1.1801599999999999,1.17864,1.17893
EURUSD,H1,2025-12-24T10:00:00Z,1.1789100000000001,1.17995,1.17797,1.17994
EURUSD,H1,2025-12-24T11:00:00Z,1.17994,1.18009,1.17944,1.17997
EURUSD,H1,2025-12-24T12:00:00Z,1.17997,1.18,1.17908,1.17965
EURUSD,H1,2025-12-24T13:00:00Z,1.17966,1.17987,1.1791,1.17927
EURUSD,H1,2025-12-24T14:00:00Z,1.17927,1.17932,1.1784,1.17843
EURUSD,H1,2025-12-24T15:00:00Z,1.17843,1.17909,1.17838,1.17853
EURUSD,H1,2025-12-24T16:00:00Z,1.17849,1.17869,1.17773,1.17807
EURUSD,H1,2025-12-24T17:00:00Z,1.17804,1.17825,1.17754,1.17781
EURUSD,H1,2025-12-24T18:00:00Z,1.17781,1.1781,1.17732,1.17795
EURUSD,H1,2025-12-24T19:00:00Z,1.17794,1.17832,1.17726,1.17766
EURUSD,H1,2025-12-24T20:00:00Z,1.17764,1.17798,1.17744,1.17788
EURUSD,H1,2025-12-24T21:00:00Z,1.17788,1.1782,1.17787,1.17817
EURUSD,H1,2025-12-24T22:00:00Z,1.17817,1.17819,1.1779,1.1779600000000001
EURUSD,H1,2025-12-24T23:00:00Z,1.1779600000000001,1.17797,1.17761,1.17768
EURUSD,H1,2025-12-26T00:00:00Z,1.17773,1.17834,1.17759,1.17791
EURUSD,H1,2025-12-26T01:00:00Z,1.17791,1.17847,1.17758,1.17832
EURUSD,H1,2025-12-26T02:00:00Z,1.17841,1.1791800000000001,1.1777199999999999,1.1786
EURUSD,H1,2025-12-26T03:00:00Z,1.1786,1.17917,1.17829,1.17874
EURUSD,H1,2025-12-26T04:00:00Z,1.17874,1.17935,1.17836,1.17925
EURUSD,H1,2025-12-26T05:00:00Z,1.17925,1.1792799999999999,1.1783299999999999,1.17843
EURUSD,H1,2025-12-26T06:00:00Z,1.17843,1.17872,1.17801,1.17831
EURUSD,H1,2025-12-26T07:00:00Z,1.17831,1.17872,1.17801,1.17862
EURUSD,H1,2025-12-26T08:00:00Z,1.17862,1.17879,1.17717,1.17766
EURUSD,H1,2025-12-26T09:00:00Z,1.17767,1.17779,1.1770100000000001,1.1773
EURUSD,H1,2025-12-26T10:00:00Z,1.17733,1.17776,1.17664,1.17771
EURUSD,H1,2025-12-26T11:00:00Z,1.17769,1.17778,1.17683,1.17703
EURUSD,H1,2025-12-26T12:00:00Z,1.17703,1.17795,1.17691,1.17732
EURUSD,H1,2025-12-26T13:00:00Z,1.17732,1.17824,1.17732,1.17773
EURUSD,H1,2025-12-26T14:00:00Z,1.17774,1.17823,1.17727,1.17815
EURUSD,H1,2025-12-26T15:00:00Z,1.17818,1.17968,1.17817,1.17915
EURUSD,H1,2025-12-26T16:00:00Z,1.1791800000000001,1.17945,1.17814,1.17839
EURUSD,H1,2025-12-26T17:00:00Z,1.17839,1.17925,1.17715,1.17773
EURUSD,H1,2025-12-26T18:00:00Z,1.1777199999999999,1.1779600000000001,1.17622,1.17653
EURUSD,H1,2025-12-26T19:00:00Z,1.17653,1.17703,1.17615,1.17702
EURUSD,H1,2025-12-26T20:00:00Z,1.17702,1.17737,1.1769,1.1772
EURUSD,H1,2025-12-26T21:00:00Z,1.17719,1.17767,1.17693,1.17767
EURUSD,H1,2025-12-26T22:00:00Z,1.17766,1.17816,1.17722,1.17748
EURUSD,H1,2025-12-26T23:00:00Z,1.17749,1.17765,1.17654,1.17696
EURUSD,H1,2025-12-29T00:00:00Z,1.1759,1.17685,1.1759,1.17654
EURUSD,H1,2025-12-29T01:00:00Z,1.17654,1.1778,1.17653,1.17726
EURUSD,H1,2025-12-29T02:00:00Z,1.17726,1.1784,1.17717,1.17798
EURUSD,H1,2025-12-29T03:00:00Z,1.17798,1.17862,1.17788,1.17842
EURUSD,H1,2025-12-29T04:00:00Z,1.17842,1.17853,1.17755,1.17758
EURUSD,H1,2025-12-29T05:00:00Z,1.17758,1.17761,1.1771099999999999,1.17734
EURUSD,H1,2025-12-29T06:00:00Z,1.17734,1.17734,1.17637,1.17644
EURUSD,H1,2025-12-29T07:00:00Z,1.17644,1.17644,1.17539,1.17561
EURUSD,H1,2025-12-29T08:00:00Z,1.17563,1.17696,1.17544,1.17696
EURUSD,H1,2025-12-29T09:00:00Z,1.17697,1.17793,1.17654,1.1777199999999999
EURUSD,H1,2025-12-29T10:00:00Z,1.1777199999999999,1.17887,1.1771099999999999,1.17841
EURUSD,H1,2025-12-29T11:00:00Z,1.17841,1.1789,1.17716,1.17764
EURUSD,H1,2025-12-29T12:00:00Z,1.17763,1.17801,1.17653,1.17658
EURUSD,H1,2025-12-29T13:00:00Z,1.17658,1.1771099999999999,1.17576,1.17658
EURUSD,H1,2025-12-29T14:00:00Z,1.17658,1.17691,1.17557,1.17619
EURUSD,H1,2025-12-29T15:00:00Z,1.17618,1.17737,1.17604,1.17699
EURUSD,H1,2025-12-29T16:00:00Z,1.17699,1.17887,1.1767,1.1783
EURUSD,H1,2025-12-29T17:00:00Z,1.1783,1.17865,1.17665,1.1768
EURUSD,H1,2025-12-29T18:00:00Z,1.17677,1.1768,1.17525,1.1756199999999999
EURUSD,H1,2025-12-29T19:00:00Z,1.1756199999999999,1.1757,1.17494,1.17521
EURUSD,H1,2025-12-29T20:00:00Z,1.1752,1.1758899999999999,1.17507,1.17575
EURUSD,H1,2025-12-29T21:00:00Z,1.17575,1.17682,1.17568,1.17673
EURUSD,H1,2025-12-29T22:00:00Z,1.17673,1.17705,1.17643,1.17704
EURUSD,H1,2025-12-29T23:00:00Z,1.17703,1.1774499999999999,1.17702,1.1772
EURUSD,H1,2025-12-30T00:00:00Z,1.17721,1.17721,1.17627,1.17651
EURUSD,H1,2025-12-30T01:00:00Z,1.17652,1.17744,1.17652,1.17723
EURUSD,H1,2025-12-30T02:00:00Z,1.17723,1.17751,1.17716,1.1773
EURUSD,H1,2025-12-30T03:00:00Z,1.1773,1.17751,1.17699,1.1775
EURUSD,H1,2025-12-30T04:00:00Z,1.17751,1.17764,1.17715,1.17733
EURUSD,H1,2025-12-30T05:00:00Z,1.17733,1.17761,1.17705,1.17724
EURUSD,H1,2025-12-30T06:00:00Z,1.17724,1.17778,1.17715,1.17771
EURUSD,H1,2025-12-30T07:00:00Z,1.17771,1.1779,1.17728,1.17751
EURUSD,H1,2025-12-30T08:00:00Z,1.17751,1.17799,1.1774,1.17786
EURUSD,H1,2025-12-30T09:00:00Z,1.17785,1.17785,1.17661,1.1770100000000001
EURUSD,H1,2025-12-30T10:00:00Z,1.1770100000000001,1.17753,1.17659,1.17672
EURUSD,H1,2025-12-30T11:00:00Z,1.17672,1.1778,1.17643,1.17688
EURUSD,H1,2025-12-30T12:00:00Z,1.17688,1.17774,1.17687,1.17739
EURUSD,H1,2025-12-30T13:00:00Z,1.1774,1.17767,1.1766,1.17666
EURUSD,H1,2025-12-30T14:00:00Z,1.17666,1.1768,1.17607,1.17617
EURUSD,H1,2025-12-30T15:00:00Z,1.17615,1.17679,1.17553,1.17634
EURUSD,H1,2025-12-30T16:00:00Z,1.17634,1.17643,1.1756199999999999,1.17635
EURUSD,H1,2025-12-30T17:00:00Z,1.17635,1.17663,1.17453,1.17598
EURUSD,H1,2025-12-30T18:00:00Z,1.17597,1.17665,1.17545,1.17649
EURUSD,H1,2025-12-30T19:00:00Z,1.17651,1.17666,1.17551,1.17561
EURUSD,H1,2025-12-30T20:00:00Z,1.1756199999999999,1.17595,1.17482,1.17504
EURUSD,H1,2025-12-30T21:00:00Z,1.17503,1.17529,1.17452,1.17468
EURUSD,H1,2025-12-30T22:00:00Z,1.17472,1.17502,1.17433,1.1743999999999999
EURUSD,H1,2025-12-30T23:00:00Z,1.1743999999999999,1.17482,1.17438,1.17476
EURUSD,H1,2025-12-31T00:00:00Z,1.17472,1.1748,1.17431,1.17458
EURUSD,H1,2025-12-31T01:00:00Z,1.1745700000000001,1.1749100000000001,1.17435,1.1745700000000001
EURUSD,H1,2025-12-31T02:00:00Z,1.1745700000000001,1.17478,1.17445,1.17472
EURUSD,H1,2025-12-31T03:00:00Z,1.17473,1.1749,1.17419,1.17427
EURUSD,H1,2025-12-31T04:00:00Z,1.17427,1.17427,1.17388,1.17402
EURUSD,H1,2025-12-31T05:00:00Z,1.17403,1.17435,1.1739600000000001,1.17426
EURUSD,H1,2025-12-31T06:00:00Z,1.17425,1.17426,1.1733,1.1734499999999999
EURUSD,H1,2025-12-31T07:00:00Z,1.1734499999999999,1.17395,1.17343,1.17386
EURUSD,H1,2025-12-31T08:00:00Z,1.17386,1.17397,1.17331,1.17375
EURUSD,H1,2025-12-31T09:00:00Z,1.17374,1.17386,1.17299,1.1736900000000001
EURUSD,H1,2025-12-31T10:00:00Z,1.1737,1.17397,1.17201,1.17232
EURUSD,H1,2025-12-31T11:00:00Z,1.17232,1.1739,1.17201,1.1735
EURUSD,H1,2025-12-31T12:00:00Z,1.17351,1.17438,1.17286,1.17391
EURUSD,H1,2025-12-31T13:00:00Z,1.17391,1.17477,1.17363,1.17472
EURUSD,H1,2025-12-31T14:00:00Z,1.17472,1.17591,1.17469,1.17554
EURUSD,H1,2025-12-31T15:00:00Z,1.17555,1.17594,1.17415,1.1742
EURUSD,H1,2025-12-31T16:00:00Z,1.1742,1.17427,1.17272,1.17304
EURUSD,H1,2025-12-31T17:00:00Z,1.17302,1.17461,1.17202,1.17441
EURUSD,H1,2025-12-31T18:00:00Z,1.17443,1.17487,1.17288,1.17349
EURUSD,H1,2025-12-31T19:00:00Z,1.17349,1.1739,1.17316,1.1736
EURUSD,H1,2025-12-31T20:00:00Z,1.1736,1.17387,1.17304,1.17358
EURUSD,H1,2025-12-31T21:00:00Z,1.17359,1.17432,1.17359,1.1740599999999999
EURUSD,H1,2025-12-31T22:00:00Z,1.1740599999999999,1.17531,1.174,1.17522
EURUSD,H1,2025-12-31T23:00:00Z,1.17522,1.1753,1.17445,1.17456
EURUSD,H1,2026-01-02T00:00:00Z,1.1746,1.17498,1.17383,1.1745700000000001
EURUSD,H1,2026-01-02T01:00:00Z,1.1745700000000001,1.17508,1.17446,1.17508
EURUSD,H1,2026-01-02T02:00:00Z,1.17508,1.17566,1.175,1.17563
EURUSD,H1,2026-01-02T03:00:00Z,1.17564,1.17628,1.17564,1.1761
EURUSD,H1,2026-01-02T04:00:00Z,1.1761,1.17637,1.17582,1.17593
EURUSD,H1,2026-01-02T05:00:00Z,1.17593,1.17649,1.17592,1.17644
EURUSD,H1,2026-01-02T06:00:00Z,1.17644,1.17648,1.1755200000000001,1.17555
EURUSD,H1,2026-01-02T07:00:00Z,1.17555,1.17578,1.17506,1.17514
EURUSD,H1,2026-01-02T08:00:00Z,1.17513,1.17515,1.17408,1.17439
EURUSD,H1,2026-01-02T09:00:00Z,1.17435,1.17472,1.17322,1.17348
EURUSD,H1,2026-01-02T10:00:00Z,1.17347,1.17385,1.17239,1.17287
EURUSD,H1,2026-01-02T11:00:00Z,1.17287,1.17374,1.17207,1.17215
EURUSD,H1,2026-01-02T12:00:00Z,1.17216,1.17237,1.17132,1.17211
EURUSD,H1,2026-01-02T13:00:00Z,1.17211,1.17226,1.17151,1.17219
EURUSD,H1,2026-01-02T14:00:00Z,1.17219,1.17273,1.17205,1.17237
EURUSD,H1,2026-01-02T15:00:00Z,1.17238,1.17291,1.17182,1.17217
EURUSD,H1,2026-01-02T16:00:00Z,1.17218,1.17305,1.17158,1.17286
EURUSD,H1,2026-01-02T17:00:00Z,1.17285,1.17522,1.17282,1.17507
EURUSD,H1,2026-01-02T18:00:00Z,1.17508,1.17544,1.17342,1.17375
EURUSD,H1,2026-01-02T19:00:00Z,1.17375,1.17378,1.17285,1.17307
EURUSD,H1,2026-01-02T20:00:00Z,1.17307,1.17312,1.17154,1.17192
EURUSD,H1,2026-01-02T21:00:00Z,1.17192,1.17244,1.17143,1.17232
EURUSD,H1,2026-01-02T22:00:00Z,1.17232,1.17237,1.1715200000000001,1.17178
EURUSD,H1,2026-01-02T23:00:00Z,1.17176,1.17234,1.17174,1.17194
EURUSD,H1,2026-01-05T00:00:00Z,1.1718600000000001,1.17203,1.1709100000000001,1.1710099999999999
EURUSD,H1,2026-01-05T01:00:00Z,1.1710099999999999,1.17129,1.17002,1.17053
EURUSD,H1,2026-01-05T02:00:00Z,1.17053,1.17112,1.17035,1.1705
EURUSD,H1,2026-01-05T03:00:00Z,1.1705,1.17072,1.16998,1.17003
EURUSD,H1,2026-01-05T04:00:00Z,1.17003,1.17017,1.1684,1.16888
EURUSD,H1,2026-01-05T05:00:00Z,1.16888,1.16909,1.16723,1.16753
EURUSD,H1,2026-01-05T06:00:00Z,1.16753,1.1683,1.16733,1.16819
EURUSD,H1,2026-01-05T07:00:00Z,1.16819,1.16861,1.16802,1.16854
EURUSD,H1,2026-01-05T08:00:00Z,1.16854,1.16919,1.16782,1.16909
EURUSD,H1,2026-01-05T09:00:00Z,1.1690800000000001,1.16921,1.16835,1.16863
EURUSD,H1,2026-01-05T10:00:00Z,1.16864,1.16947,1.16812,1.16835
EURUSD,H1,2026-01-05T11:00:00Z,1.16835,1.16875,1.16738,1.16824
EURUSD,H1,2026-01-05T12:00:00Z,1.16825,1.16901,1.16797,1.16901
EURUSD,H1,2026-01-05T13:00:00Z,1.169,1.1691,1.16802,1.16815
EURUSD,H1,2026-01-05T14:00:00Z,1.16815,1.16851,1.16699,1.16707
EURUSD,H1,2026-01-05T15:00:00Z,1.16708,1.1675200000000001,1.16591,1.16744
EURUSD,H1,2026-01-05T16:00:00Z,1.16745,1.16875,1.16733,1.1685699999999999
EURUSD,H1,2026-01-05T17:00:00Z,1.16859,1.17046,1.16855,1.17044
EURUSD,H1,2026-01-05T18:00:00Z,1.17045,1.17187,1.17041,1.17149
EURUSD,H1,2026-01-05T19:00:00Z,1.17149,1.17197,1.1710099999999999,1.17146
EURUSD,H1,2026-01-05T20:00:00Z,1.17146,1.17253,1.17133,1.1724999999999999
EURUSD,H1,2026-01-05T21:00:00Z,1.17251,1.17287,1.17221,1.17272
EURUSD,H1,2026-01-05T22:00:00Z,1.17272,1.17288,1.17237,1.17248
EURUSD,H1,2026-01-05T23:00:00Z,1.17249,1.17264,1.17193,1.1721300000000001
EURUSD,H1,2026-01-06T00:00:00Z,1.17202,1.1722,1.17078,1.17178
EURUSD,H1,2026-01-06T01:00:00Z,1.17178,1.1721,1.17127,1.17147
EURUSD,H1,2026-01-06T02:00:00Z,1.17147,1.17172,1.17107,1.1717
EURUSD,H1,2026-01-06T03:00:00Z,1.1717,1.17254,1.17123,1.17254
EURUSD,H1,2026-01-06T04:00:00Z,1.17253,1.1738,1.17221,1.17376
EURUSD,H1,2026-01-06T05:00:00Z,1.17373,1.17383,1.17324,1.17346
EURUSD,H1,2026-01-06T06:00:00Z,1.17346,1.17357,1.17315,1.17337
EURUSD,H1,2026-01-06T07:00:00Z,1.17337,1.1736900000000001,1.17273,1.17289
EURUSD,H1,2026-01-06T08:00:00Z,1.1729,1.1736900000000001,1.17286,1.17362
EURUSD,H1,2026-01-06T09:00:00Z,1.17362,1.17429,1.17259,1.17291
EURUSD,H1,2026-01-06T10:00:00Z,1.1729,1.17389,1.1726,1.17286
EURUSD,H1,2026-01-06T11:00:00Z,1.17285,1.1729,1.17079,1.17134
EURUSD,H1,2026-01-06T12:00:00Z,1.17132,1.17172,1.17082,1.17127
EURUSD,H1,2026-01-06T13:00:00Z,1.17127,1.1713,1.17048,1.17061
EURUSD,H1,2026-01-06T14:00:00Z,1.17061,1.17122,1.16971,1.17015
EURUSD,H1,2026-01-06T15:00:00Z,1.17014,1.17137,1.16974,1.1711
EURUSD,H1,2026-01-06T16:00:00Z,1.1711,1.17175,1.16993,1.17093
EURUSD,H1,2026-01-06T17:00:00Z,1.17092,1.17092,1.16839,1.16954
EURUSD,H1,2026-01-06T18:00:00Z,1.16954,1.16982,1.1685699999999999,1.16881
EURUSD,H1,2026-01-06T19:00:00Z,1.16881,1.17008,1.16869,1.17007
EURUSD,H1,2026-01-06T20:00:00Z,1.1700599999999999,1.17022,1.16869,1.16883
EURUSD,H1,2026-01-06T21:00:00Z,1.16883,1.16911,1.16838,1.16897
EURUSD,H1,2026-01-06T22:00:00Z,1.16898,1.16932,1.16864,1.16869
EURUSD,H1,2026-01-06T23:00:00Z,1.16869,1.16888,1.1684700000000001,1.1688399999999999
EURUSD,H1,2026-01-07T00:00:00Z,1.16883,1.16883,1.16748,1.16881
EURUSD,H1,2026-01-07T01:00:00Z,1.16881,1.16906,1.16864,1.16872
EURUSD,H1,2026-01-07T02:00:00Z,1.16872,1.16943,1.16855,1.16917
EURUSD,H1,2026-01-07T03:00:00Z,1.16917,1.1700599999999999,1.169,1.16958
EURUSD,H1,2026-01-07T04:00:00Z,1.16958,1.17028,1.16952,1.16963
EURUSD,H1,2026-01-07T05:00:00Z,1.16963,1.17002,1.1696,1.16986
EURUSD,H1,2026-01-07T06:00:00Z,1.16986,1.17022,1.16909,1.16911
EURUSD,H1,2026-01-07T07:00:00Z,1.16911,1.16944,1.16907,1.16932
EURUSD,H1,2026-01-07T08:00:00Z,1.16932,1.16998,1.16923,1.16977
EURUSD,H1,2026-01-07T09:00:00Z,1.16976,1.16989,1.16785,1.16826
EURUSD,H1,2026-01-07T10:00:00Z,1.16824,1.1687400000000001,1.16727,1.1685699999999999
EURUSD,H1,2026-01-07T11:00:00Z,1.16856,1.1687,1.1681300000000001,1.16843
EURUSD,H1,2026-01-07T12:00:00Z,1.16842,1.16939,1.16835,1.16885
EURUSD,H1,2026-01-07T13:00:00Z,1.16883,1.16925,1.1685,1.16892
EURUSD,H1,2026-01-07T14:00:00Z,1.16893,1.16913,1.16811,1.16879
EURUSD,H1,2026-01-07T15:00:00Z,1.16879,1.16949,1.1682,1.16917
EURUSD,H1,2026-01-07T16:00:00Z,1.16916,1.16984,1.1687,1.16972
EURUSD,H1,2026-01-07T17:00:00Z,1.16959,1.16988,1.16799,1.16902
EURUSD,H1,2026-01-07T18:00:00Z,1.16901,1.16931,1.16822,1.16892
EURUSD,H1,2026-01-07T19:00:00Z,1.16892,1.16948,1.16863,1.16879
EURUSD,H1,2026-01-07T20:00:00Z,1.1688,1.16903,1.1682299999999999,1.16828
EURUSD,H1,2026-01-07T21:00:00Z,1.16832,1.16854,1.1678600000000001,1.16825
EURUSD,H1,2026-01-07T22:00:00Z,1.16825,1.16839,1.16791,1.16793
EURUSD,H1,2026-01-07T23:00:00Z,1.16789,1.16791,1.1673499999999999,1.16755
EURUSD,H1,2026-01-08T00:00:00Z,1.16723,1.16772,1.16712,1.16763
EURUSD,H1,2026-01-08T01:00:00Z,1.16763,1.16775,1.1675,1.16768
EURUSD,H1,2026-01-08T02:00:00Z,1.16768,1.16781,1.16759,1.16759
EURUSD,H1,2026-01-08T03:00:00Z,1.16759,1.16781,1.16728,1.16748
EURUSD,H1,2026-01-08T04:00:00Z,1.16748,1.16808,1.16726,1.16802
EURUSD,H1,2026-01-08T05:00:00Z,1.16802,1.16828,1.16788,1.168
EURUSD,H1,2026-01-08T06:00:00Z,1.168,1.16811,1.16779,1.16803
EURUSD,H1,2026-01-08T07:00:00Z,1.16802,1.1683,1.16775,1.16825
EURUSD,H1,2026-01-08T08:00:00Z,1.16825,1.1683,1.16747,1.16816
EURUSD,H1,2026-01-08T09:00:00Z,1.16815,1.16829,1.1677,1.1678
EURUSD,H1,2026-01-08T10:00:00Z,1.16779,1.16789,1.16689,1.16713
EURUSD,H1,2026-01-08T11:00:00Z,1.16712,1.1677,1.16693,1.16768
EURUSD,H1,2026-01-08T12:00:00Z,1.16767,1.16818,1.16758,1.16799
EURUSD,H1,2026-01-08T13:00:00Z,1.168,1.16802,1.16751,1.16776
EURUSD,H1,2026-01-08T14:00:00Z,1.16776,1.16779,1.16699,1.16734
EURUSD,H1,2026-01-08T15:00:00Z,1.16733,1.16779,1.16582,1.16629
EURUSD,H1,2026-01-08T16:00:00Z,1.16628,1.16666,1.16561,1.16646
EURUSD,H1,2026-01-08T17:00:00Z,1.16646,1.16739,1.16609,1.1666400000000001
EURUSD,H1,2026-01-08T18:00:00Z,1.16665,1.16677,1.16525,1.16544
EURUSD,H1,2026-01-08T19:00:00Z,1.16544,1.16557,1.16437,1.16507
EURUSD,H1,2026-01-08T20:00:00Z,1.16507,1.16533,1.1644700000000001,1.16452
EURUSD,H1,2026-01-08T21:00:00Z,1.16452,1.1650800000000001,1.16427,1.16501
EURUSD,H1,2026-01-08T22:00:00Z,1.16501,1.16546,1.16498,1.16514
EURUSD,H1,2026-01-08T23:00:00Z,1.16513,1.16623,1.1650800000000001,1.16582
EURUSD,H1,2026-01-09T00:00:00Z,1.1659,1.16591,1.16445,1.16575
EURUSD,H1,2026-01-09T01:00:00Z,1.16575,1.16624,1.16566,1.16581
EURUSD,H1,2026-01-09T02:00:00Z,1.16581,1.16581,1.16534,1.16536
EURUSD,H1,2026-01-09T03:00:00Z,1.16536,1.16573,1.1648100000000001,1.16492
EURUSD,H1,2026-01-09T04:00:00Z,1.16492,1.16548,1.1646,1.16544
EURUSD,H1,2026-01-09T05:00:00Z,1.16544,1.16593,1.16538,1.16563
EURUSD,H1,2026-01-09T06:00:00Z,1.16563,1.1657,1.16519,1.16543
EURUSD,H1,2026-01-09T07:00:00Z,1.16543,1.16562,1.165,1.16511
EURUSD,H1,2026-01-09T08:00:00Z,1.16511,1.16529,1.16483,1.1649
EURUSD,H1,2026-01-09T09:00:00Z,1.16489,1.1650800000000001,1.16401,1.1650800000000001
EURUSD,H1,2026-01-09T10:00:00Z,1.1650800000000001,1.1653,1.16411,1.16489
EURUSD,H1,2026-01-09T11:00:00Z,1.16492,1.16502,1.16422,1.16424
EURUSD,H1,2026-01-09T12:00:00Z,1.16424,1.16469,1.16367,1.16469
EURUSD,H1,2026-01-09T13:00:00Z,1.1647,1.1647,1.16415,1.1646
EURUSD,H1,2026-01-09T14:00:00Z,1.1646,1.16462,1.16398,1.16415
EURUSD,H1,2026-01-09T15:00:00Z,1.16416,1.16606,1.16233,1.16452
EURUSD,H1,2026-01-09T16:00:00Z,1.16448,1.16525,1.16299,1.16367
EURUSD,H1,2026-01-09T17:00:00Z,1.1636199999999999,1.1641,1.1618,1.16405
EURUSD,H1,2026-01-09T18:00:00Z,1.16404,1.16434,1.16282,1.16333
EURUSD,H1,2026-01-09T19:00:00Z,1.16333,1.16345,1.16275,1.16318
EURUSD,H1,2026-01-09T20:00:00Z,1.16319,1.164,1.16312,1.1634
EURUSD,H1,2026-01-09T21:00:00Z,1.1634,1.16389,1.16331,1.16348
EURUSD,H1,2026-01-09T22:00:00Z,1.16348,1.16379,1.16342,1.16347
EURUSD,H1,2026-01-09T23:00:00Z,1.16348,1.16369,1.16289,1.16321
EURUSD,H1,2026-01-12T00:00:00Z,1.16258,1.16311,1.16258,1.16284
EURUSD,H1,2026-01-12T01:00:00Z,1.16284,1.16331,1.16232,1.16238
EURUSD,H1,2026-01-12T02:00:00Z,1.16238,1.16651,1.16217,1.16648
EURUSD,H1,2026-01-12T03:00:00Z,1.16648,1.16714,1.16555,1.16563
EURUSD,H1,2026-01-12T04:00:00Z,1.16562,1.16642,1.16539,1.16548
EURUSD,H1,2026-01-12T05:00:00Z,1.16548,1.16592,1.16548,1.16552
EURUSD,H1,2026-01-12T06:00:00Z,1.16552,1.16585,1.16529,1.16557
EURUSD,H1,2026-01-12T07:00:00Z,1.16557,1.1671,1.16557,1.16692
EURUSD,H1,2026-01-12T08:00:00Z,1.16692,1.1673,1.1663999999999999,1.16698
EURUSD,H1,2026-01-12T09:00:00Z,1.16696,1.16876,1.16685,1.16849
EURUSD,H1,2026-01-12T10:00:00Z,1.16849,1.16919,1.16759,1.16882
EURUSD,H1,2026-01-12T11:00:00Z,1.16882,1.16959,1.16812,1.16819
EURUSD,H1,2026-01-12T12:00:00Z,1.16818,1.16855,1.16759,1.16854
EURUSD,H1,2026-01-12T13:00:00Z,1.16854,1.16894,1.16755,1.1678600000000001
EURUSD,H1,2026-01-12T14:00:00Z,1.1678600000000001,1.16876,1.16772,1.1681300000000001
EURUSD,H1,2026-01-12T15:00:00Z,1.1681300000000001,1.16985,1.16779,1.1693
EURUSD,H1,2026-01-12T16:00:00Z,1.16928,1.16929,1.16739,1.16769
EURUSD,H1,2026-01-12T17:00:00Z,1.16771,1.16861,1.16728,1.16814
EURUSD,H1,2026-01-12T18:00:00Z,1.16814,1.16821,1.16712,1.16719
EURUSD,H1,2026-01-12T19:00:00Z,1.16718,1.16758,1.16662,1.16687
EURUSD,H1,2026-01-12T20:00:00Z,1.16687,1.16717,1.16652,1.1669
EURUSD,H1,2026-01-12T21:00:00Z,1.1669,1.16739,1.16678,1.16721
EURUSD,H1,2026-01-12T22:00:00Z,1.16721,1.16732,1.16631,1.16652
EURUSD,H1,2026-01-12T23:00:00Z,1.16649,1.16685,1.16642,1.16662
EURUSD,H1,2026-01-13T00:00:00Z,1.16656,1.16692,1.16625,1.16675
EURUSD,H1,2026-01-13T01:00:00Z,1.16675,1.16709,1.16644,1.16675
EURUSD,H1,2026-01-13T02:00:00Z,1.16675,1.16676,1.16608,1.16637
EURUSD,H1,2026-01-13T03:00:00Z,1.16638,1.16647,1.16562,1.16586
EURUSD,H1,2026-01-13T04:00:00Z,1.16585,1.16614,1.16567,1.1659
EURUSD,H1,2026-01-13T05:00:00Z,1.1659,1.16638,1.16564,1.16588
EURUSD,H1,2026-01-13T06:00:00Z,1.16588,1.1666,1.16585,1.16656
EURUSD,H1,2026-01-13T07:00:00Z,1.16657,1.16676,1.16616,1.16627
EURUSD,H1,2026-01-13T08:00:00Z,1.16628,1.16629,1.16538,1.16589
EURUSD,H1,2026-01-13T09:00:00Z,1.16588,1.16649,1.1656,1.16642
EURUSD,H1,2026-01-13T10:00:00Z,1.16641,1.16693,1.16586,1.16693
EURUSD,H1,2026-01-13T11:00:00Z,1.16693,1.16726,1.16634,1.16719
EURUSD,H1,2026-01-13T12:00:00Z,1.16718,1.16744,1.16651,1.16663
EURUSD,H1,2026-01-13T13:00:00Z,1.16661,1.16705,1.16647,1.16687
EURUSD,H1,2026-01-13T14:00:00Z,1.16687,1.16692,1.16529,1.16552
EURUSD,H1,2026-01-13T15:00:00Z,1.16551,1.16776,1.165,1.16684
EURUSD,H1,2026-01-13T16:00:00Z,1.16684,1.16732,1.16573,1.1663999999999999
EURUSD,H1,2026-01-13T17:00:00Z,1.16638,1.16649,1.16441,1.16521
EURUSD,H1,2026-01-13T18:00:00Z,1.16521,1.16545,1.1634,1.16458
EURUSD,H1,2026-01-13T19:00:00Z,1.16458,1.16486,1.16413,1.1646
EURUSD,H1,2026-01-13T20:00:00Z,1.16461,1.16545,1.16413,1.16532
EURUSD,H1,2026-01-13T21:00:00Z,1.16532,1.16535,1.1646,1.16493
EURUSD,H1,2026-01-13T22:00:00Z,1.16493,1.16499,1.16453,1.16456
EURUSD,H1,2026-01-13T23:00:00Z,1.16455,1.16466,1.16418,1.16426
EURUSD,H1,2026-01-14T00:00:00Z,1.16412,1.16439,1.16333,1.16426
EURUSD,H1,2026-01-14T01:00:00Z,1.16426,1.16456,1.1641,1.1642000000000001
EURUSD,H1,2026-01-14T02:00:00Z,1.1642000000000001,1.16438,1.16379,1.16428
EURUSD,H1,2026-01-14T03:00:00Z,1.16428,1.16432,1.16369,1.16381
EURUSD,H1,2026-01-14T04:00:00Z,1.16381,1.16443,1.1636199999999999,1.16436
EURUSD,H1,2026-01-14T05:00:00Z,1.16436,1.1649,1.16435,1.1647
EURUSD,H1,2026-01-14T06:00:00Z,1.16469,1.1648,1.16434,1.16441
EURUSD,H1,2026-01-14T07:00:00Z,1.16441,1.16452,1.16417,1.16422
EURUSD,H1,2026-01-14T08:00:00Z,1.16422,1.16501,1.16415,1.16492
EURUSD,H1,2026-01-14T09:00:00Z,1.16492,1.16521,1.16443,1.16462
EURUSD,H1,2026-01-14T10:00:00Z,1.16462,1.16504,1.16408,1.16476
EURUSD,H1,2026-01-14T11:00:00Z,1.16475,1.16538,1.16459,1.16519
EURUSD,H1,2026-01-14T12:00:00Z,1.16519,1.16578,1.16468,1.16551
EURUSD,H1,2026-01-14T13:00:00Z,1.16551,1.16551,1.16439,1.1647
EURUSD,H1,2026-01-14T14:00:00Z,1.1647,1.166,1.16449,1.16596
EURUSD,H1,2026-01-14T15:00:00Z,1.16596,1.16597,1.16449,1.165
EURUSD,H1,2026-01-14T16:00:00Z,1.165,1.16599,1.16488,1.16559
EURUSD,H1,2026-01-14T17:00:00Z,1.16558,1.16607,1.16494,1.16599
EURUSD,H1,2026-01-14T18:00:00Z,1.166,1.16617,1.16526,1.16546
EURUSD,H1,2026-01-14T19:00:00Z,1.16546,1.16559,1.16456,1.16469
EURUSD,H1,2026-01-14T20:00:00Z,1.16467,1.16478,1.16379,1.1638
EURUSD,H1,2026-01-14T21:00:00Z,1.1638,1.16393,1.16354,1.1636199999999999
EURUSD,H1,2026-01-14T22:00:00Z,1.16364,1.16474,1.16364,1.16432
EURUSD,H1,2026-01-14T23:00:00Z,1.16433,1.16463,1.1642299999999999,1.16452
EURUSD,H1,2026-01-15T00:00:00Z,1.1644,1.16461,1.16292,1.16436
EURUSD,H1,2026-01-15T01:00:00Z,1.16436,1.1647,1.16421,1.1645
EURUSD,H1,2026-01-15T02:00:00Z,1.16451,1.16456,1.16357,1.16377
EURUSD,H1,2026-01-15T03:00:00Z,1.16377,1.16417,1.16331,1.16387
EURUSD,H1,2026-01-15T04:00:00Z,1.16387,1.16409,1.1636199999999999,1.16403
EURUSD,H1,2026-01-15T05:00:00Z,1.16403,1.16415,1.16369,1.16389
EURUSD,H1,2026-01-15T06:00:00Z,1.16389,1.16395,1.16342,1.16346
EURUSD,H1,2026-01-15T07:00:00Z,1.16345,1.16379,1.16334,1.16352
EURUSD,H1,2026-01-15T08:00:00Z,1.16352,1.16383,1.16299,1.16329
EURUSD,H1,2026-01-15T09:00:00Z,1.1633,1.16367,1.16259,1.16288
EURUSD,H1,2026-01-15T10:00:00Z,1.16286,1.16354,1.16268,1.16309
EURUSD,H1,2026-01-15T11:00:00Z,1.16309,1.16399,1.16302,1.1635900000000001
EURUSD,H1,2026-01-15T12:00:00Z,1.16358,1.1641,1.16328,1.16358
EURUSD,H1,2026-01-15T13:00:00Z,1.1635900000000001,1.1638,1.1630099999999999,1.16308
EURUSD,H1,2026-01-15T14:00:00Z,1.16308,1.1635,1.1620300000000001,1.16227
EURUSD,H1,2026-01-15T15:00:00Z,1.16227,1.16252,1.15988,1.16015
EURUSD,H1,2026-01-15T16:00:00Z,1.16016,1.1610800000000001,1.1593,1.16012
EURUSD,H1,2026-01-15T17:00:00Z,1.16012,1.16094,1.15972,1.16023
EURUSD,H1,2026-01-15T18:00:00Z,1.16024,1.16111,1.15985,1.1604700000000001
EURUSD,H1,2026-01-15T19:00:00Z,1.1604700000000001,1.16137,1.16037,1.1609
EURUSD,H1,2026-01-15T20:00:00Z,1.1609,1.1615199999999999,1.16089,1.16148
EURUSD,H1,2026-01-15T21:00:00Z,1.16148,1.16175,1.16112,1.16137
EURUSD,H1,2026-01-15T22:00:00Z,1.16137,1.16155,1.16028,1.16043
EURUSD,H1,2026-01-15T23:00:00Z,1.16042,1.16107,1.16034,1.16094
EURUSD,H1,2026-01-16T00:00:00Z,1.16073,1.16083,1.16014,1.16069
EURUSD,H1,2026-01-16T01:00:00Z,1.16069,1.16103,1.1605699999999999,1.1609099999999999
EURUSD,H1,2026-01-16T02:00:00Z,1.1609099999999999,1.16096,1.16026,1.1604
EURUSD,H1,2026-01-16T03:00:00Z,1.1604,1.16087,1.16023,1.16071
EURUSD,H1,2026-01-16T04:00:00Z,1.16071,1.16143,1.16062,1.16096
EURUSD,H1,2026-01-16T05:00:00Z,1.16096,1.16126,1.16069,1.16121
EURUSD,H1,2026-01-16T06:00:00Z,1.16121,1.16137,1.16101,1.1611
EURUSD,H1,2026-01-16T07:00:00Z,1.16109,1.16112,1.1606,1.16067
EURUSD,H1,2026-01-16T08:00:00Z,1.16067,1.16099,1.16044,1.16097
EURUSD,H1,2026-01-16T09:00:00Z,1.16096,1.16148,1.16082,1.16121
EURUSD,H1,2026-01-16T10:00:00Z,1.16122,1.16147,1.16085,1.16093
EURUSD,H1,2026-01-16T11:00:00Z,1.16093,1.1615199999999999,1.1608,1.16084
EURUSD,H1,2026-01-16T12:00:00Z,1.16083,1.16177,1.1608100000000001,1.16132
EURUSD,H1,2026-01-16T13:00:00Z,1.16132,1.16234,1.16129,1.16192
EURUSD,H1,2026-01-16T14:00:00Z,1.16192,1.16223,1.16136,1.16191
EURUSD,H1,2026-01-16T15:00:00Z,1.1619,1.16211,1.16116,1.16186
EURUSD,H1,2026-01-16T16:00:00Z,1.16186,1.16206,1.16126,1.16182
EURUSD,H1,2026-01-16T17:00:00Z,1.16182,1.1627399999999999,1.15845,1.1593499999999999
EURUSD,H1,2026-01-16T18:00:00Z,1.15934,1.1606,1.15934,1.15984
EURUSD,H1,2026-01-16T19:00:00Z,1.15984,1.16029,1.15948,1.15958
EURUSD,H1,2026-01-16T20:00:00Z,1.15956,1.15994,1.15893,1.15956
EURUSD,H1,2026-01-16T21:00:00Z,1.15956,1.15975,1.15915,1.15964
EURUSD,H1,2026-01-16T22:00:00Z,1.15964,1.16023,1.15955,1.15993
EURUSD,H1,2026-01-16T23:00:00Z,1.15995,1.16023,1.15972,1.15983
EURUSD,H1,2026-01-19T00:00:00Z,1.15817,1.1586,1.15772,1.15839
EURUSD,H1,2026-01-19T01:00:00Z,1.15839,1.1627,1.15778,1.16246
EURUSD,H1,2026-01-19T02:00:00Z,1.16246,1.16378,1.16046,1.16321
EURUSD,H1,2026-01-19T03:00:00Z,1.16321,1.16343,1.16221,1.16226
EURUSD,H1,2026-01-19T04:00:00Z,1.16228,1.1623999999999999,1.16157,1.16177
EURUSD,H1,2026-01-19T05:00:00Z,1.16177,1.16262,1.16162,1.16246
EURUSD,H1,2026-01-19T06:00:00Z,1.16246,1.16337,1.16244,1.16331
EURUSD,H1,2026-01-19T07:00:00Z,1.16332,1.16377,1.16268,1.16276
EURUSD,H1,2026-01-19T08:00:00Z,1.16275,1.16326,1.16249,1.1628
EURUSD,H1,2026-01-19T09:00:00Z,1.16281,1.16414,1.1623,1.16262
EURUSD,H1,2026-01-19T10:00:00Z,1.16262,1.1628,1.16183,1.16252
EURUSD,H1,2026-01-19T11:00:00Z,1.16252,1.1629800000000001,1.16111,1.16243
EURUSD,H1,2026-01-19T12:00:00Z,1.16245,1.16287,1.1622,1.1623999999999999
EURUSD,H1,2026-01-19T13:00:00Z,1.16241,1.1629,1.1620300000000001,1.1628
EURUSD,H1,2026-01-19T14:00:00Z,1.1628,1.16333,1.1625,1.16256
EURUSD,H1,2026-01-19T15:00:00Z,1.16257,1.16355,1.16257,1.1632
EURUSD,H1,2026-01-19T16:00:00Z,1.16318,1.16426,1.16303,1.16399
EURUSD,H1,2026-01-19T17:00:00Z,1.16399,1.16434,1.16317,1.16399
EURUSD,H1,2026-01-19T18:00:00Z,1.16399,1.16474,1.16378,1.16419
EURUSD,H1,2026-01-19T19:00:00Z,1.16419,1.16466,1.16398,1.1645699999999999
EURUSD,H1,2026-01-19T20:00:00Z,1.16458,1.16487,1.16431,1.16433
EURUSD,H1,2026-01-19T21:00:00Z,1.16433,1.16468,1.16426,1.16432
EURUSD,H1,2026-01-19T22:00:00Z,1.16432,1.16454,1.16418,1.16454
EURUSD,H1,2026-01-19T23:00:00Z,1.16454,1.16462,1.1643,1.16454
EURUSD,H1,2026-01-20T00:00:00Z,1.16448,1.16458,1.16395,1.16441
EURUSD,H1,2026-01-20T01:00:00Z,1.16443,1.16461,1.16383,1.16394
EURUSD,H1,2026-01-20T02:00:00Z,1.16394,1.1641,1.16326,1.16403
EURUSD,H1,2026-01-20T03:00:00Z,1.16403,1.1644,1.16388,1.16439
EURUSD,H1,2026-01-20T04:00:00Z,1.16439,1.16465,1.16405,1.16445
EURUSD,H1,2026-01-20T05:00:00Z,1.16445,1.16587,1.16441,1.16566
EURUSD,H1,2026-01-20T06:00:00Z,1.16566,1.16665,1.16561,1.16657
EURUSD,H1,2026-01-20T07:00:00Z,1.16657,1.1672500000000001,1.16631,1.16632
EURUSD,H1,2026-01-20T08:00:00Z,1.16632,1.16692,1.1662,1.16687
EURUSD,H1,2026-01-20T09:00:00Z,1.16686,1.16938,1.16641,1.16887
EURUSD,H1,2026-01-20T10:00:00Z,1.16887,1.17217,1.16873,1.17163
EURUSD,H1,2026-01-20T11:00:00Z,1.1716199999999999,1.17328,1.17158,1.17264
EURUSD,H1,2026-01-20T12:00:00Z,1.17263,1.17321,1.1715200000000001,1.17311
EURUSD,H1,2026-01-20T13:00:00Z,1.17313,1.1739,1.17225,1.1735
EURUSD,H1,2026-01-20T14:00:00Z,1.1735,1.17437,1.17256,1.17258
EURUSD,H1,2026-01-20T15:00:00Z,1.17259,1.1769,1.17185,1.17333
EURUSD,H1,2026-01-20T16:00:00Z,1.17334,1.1737,1.1715200000000001,1.17194
EURUSD,H1,2026-01-20T17:00:00Z,1.17194,1.17371,1.17161,1.17271
EURUSD,H1,2026-01-20T18:00:00Z,1.17271,1.17394,1.1727,1.1739
EURUSD,H1,2026-01-20T19:00:00Z,1.1739,1.17428,1.17298,1.17315
EURUSD,H1,2026-01-20T20:00:00Z,1.17315,1.17341,1.17266,1.17267
EURUSD,H1,2026-01-20T21:00:00Z,1.17267,1.17281,1.17116,1.17123
EURUSD,H1,2026-01-20T22:00:00Z,1.17123,1.17204,1.17108,1.17196
EURUSD,H1,2026-01-20T23:00:00Z,1.17194,1.17267,1.17176,1.17262
EURUSD,H1,2026-01-21T00:00:00Z,1.17241,1.17253,1.1718899999999999,1.17201
EURUSD,H1,2026-01-21T01:00:00Z,1.17201,1.17289,1.17195,1.17272
EURUSD,H1,2026-01-21T02:00:00Z,1.17268,1.17268,1.17165,1.17236
EURUSD,H1,2026-01-21T03:00:00Z,1.17236,1.17343,1.17226,1.1729
EURUSD,H1,2026-01-21T04:00:00Z,1.17291,1.17317,1.17243,1.17265
EURUSD,H1,2026-01-21T05:00:00Z,1.17265,1.17288,1.17109,1.1718899999999999
EURUSD,H1,2026-01-21T06:00:00Z,1.1718899999999999,1.17206,1.17141,1.17182
EURUSD,H1,2026-01-21T07:00:00Z,1.17181,1.17217,1.17154,1.17174
EURUSD,H1,2026-01-21T08:00:00Z,1.17174,1.17251,1.17156,1.1724
EURUSD,H1,2026-01-21T09:00:00Z,1.17237,1.17254,1.171,1.17171
EURUSD,H1,2026-01-21T10:00:00Z,1.17171,1.17187,1.1705,1.17103
EURUSD,H1,2026-01-21T11:00:00Z,1.17103,1.17127,1.17012,1.17035
EURUSD,H1,2026-01-21T12:00:00Z,1.17035,1.17085,1.17014,1.1707
EURUSD,H1,2026-01-21T13:00:00Z,1.1707,1.17203,1.17039,1.17142
EURUSD,H1,2026-01-21T14:00:00Z,1.17142,1.17358,1.17121,1.17349
EURUSD,H1,2026-01-21T15:00:00Z,1.1735,1.1743000000000001,1.17286,1.1739600000000001
EURUSD,H1,2026-01-21T16:00:00Z,1.1739600000000001,1.17408,1.1715200000000001,1.1724700000000001
EURUSD,H1,2026-01-21T17:00:00Z,1.1724700000000001,1.17285,1.1700599999999999,1.17021
EURUSD,H1,2026-01-21T18:00:00Z,1.1702,1.17107,1.16948,1.17033
EURUSD,H1,2026-01-21T19:00:00Z,1.17033,1.17117,1.16971,1.17028
EURUSD,H1,2026-01-21T20:00:00Z,1.17028,1.17034,1.16937,1.1697
EURUSD,H1,2026-01-21T21:00:00Z,1.1697,1.17055,1.16769,1.16914
EURUSD,H1,2026-01-21T22:00:00Z,1.16915,1.1692,1.1676199999999999,1.16869
EURUSD,H1,2026-01-21T23:00:00Z,1.16869,1.16895,1.1684,1.16872
EURUSD,H1,2026-01-22T00:00:00Z,1.16818,1.1686,1.16797,1.16845
EURUSD,H1,2026-01-22T01:00:00Z,1.16845,1.16855,1.167,1.1673
EURUSD,H1,2026-01-22T02:00:00Z,1.1673,1.16899,1.16729,1.16873
EURUSD,H1,2026-01-22T03:00:00Z,1.1687400000000001,1.16902,1.16811,1.16888
EURUSD,H1,2026-01-22T04:00:00Z,1.16888,1.16936,1.16832,1.1685699999999999
EURUSD,H1,2026-01-22T05:00:00Z,1.1685699999999999,1.16904,1.16849,1.1689
EURUSD,H1,2026-01-22T06:00:00Z,1.1689,1.16972,1.16889,1.16916
EURUSD,H1,2026-01-22T07:00:00Z,1.16916,1.1692,1.16842,1.16883
EURUSD,H1,2026-01-22T08:00:00Z,1.16883,1.16919,1.16843,1.16886
EURUSD,H1,2026-01-22T09:00:00Z,1.16885,1.16962,1.1684700000000001,1.1690800000000001
EURUSD,H1,2026-01-22T10:00:00Z,1.16906,1.1695,1.16841,1.16889
EURUSD,H1,2026-01-22T11:00:00Z,1.16895,1.16975,1.16877,1.16927
EURUSD,H1,2026-01-22T12:00:00Z,1.16928,1.16955,1.16868,1.16955
EURUSD,H1,2026-01-22T13:00:00Z,1.16955,1.17041,1.16904,1.17026
EURUSD,H1,2026-01-22T14:00:00Z,1.17023,1.17092,1.16999,1.17039
EURUSD,H1,2026-01-22T15:00:00Z,1.17039,1.1718600000000001,1.17029,1.17139
EURUSD,H1,2026-01-22T16:00:00Z,1.17139,1.17255,1.17109,1.17198
EURUSD,H1,2026-01-22T17:00:00Z,1.172,1.1734,1.17187,1.17339
EURUSD,H1,2026-01-22T18:00:00Z,1.17339,1.17505,1.1733500000000001,1.17388
EURUSD,H1,2026-01-22T19:00:00Z,1.17386,1.17479,1.17268,1.1746699999999999
EURUSD,H1,2026-01-22T20:00:00Z,1.17465,1.17487,1.17433,1.17476
EURUSD,H1,2026-01-22T21:00:00Z,1.17475,1.17481,1.17414,1.1743999999999999
EURUSD,H1,2026-01-22T22:00:00Z,1.1743999999999999,1.17527,1.17422,1.17488
EURUSD,H1,2026-01-22T23:00:00Z,1.17484,1.17561,1.17472,1.17549
EURUSD,H1,2026-01-23T00:00:00Z,1.17543,1.17556,1.17444,1.1755200000000001
EURUSD,H1,2026-01-23T01:00:00Z,1.1755200000000001,1.17594,1.17533,1.17539
EURUSD,H1,2026-01-23T02:00:00Z,1.17539,1.17539,1.17479,1.17481
EURUSD,H1,2026-01-23T03:00:00Z,1.17481,1.17539,1.17472,1.17494
EURUSD,H1,2026-01-23T04:00:00Z,1.17493,1.175,1.17438,1.17453
EURUSD,H1,2026-01-23T05:00:00Z,1.17453,1.17488,1.17436,1.17437
EURUSD,H1,2026-01-23T06:00:00Z,1.17437,1.17511,1.17431,1.1750099999999999
EURUSD,H1,2026-01-23T07:00:00Z,1.1750099999999999,1.1754,1.17499,1.1751
EURUSD,H1,2026-01-23T08:00:00Z,1.17509,1.17531,1.17414,1.17421
EURUSD,H1,2026-01-23T09:00:00Z,1.1742,1.17473,1.17349,1.1736
EURUSD,H1,2026-01-23T10:00:00Z,1.17359,1.17452,1.17282,1.174
EURUSD,H1,2026-01-23T11:00:00Z,1.17401,1.1745,1.17351,1.17354
EURUSD,H1,2026-01-23T12:00:00Z,1.17354,1.17361,1.17301,1.17344
EURUSD,H1,2026-01-23T13:00:00Z,1.17346,1.1740599999999999,1.17307,1.17374
EURUSD,H1,2026-01-23T14:00:00Z,1.17375,1.17445,1.17366,1.17424
EURUSD,H1,2026-01-23T15:00:00Z,1.17424,1.17473,1.17329,1.17341
EURUSD,H1,2026-01-23T16:00:00Z,1.17341,1.17481,1.17318,1.17466
EURUSD,H1,2026-01-23T17:00:00Z,1.17464,1.17614,1.17458,1.1758
EURUSD,H1,2026-01-23T18:00:00Z,1.17583,1.17751,1.17464,1.17707
EURUSD,H1,2026-01-23T19:00:00Z,1.17707,1.17988,1.17691,1.17945
EURUSD,H1,2026-01-23T20:00:00Z,1.17945,1.17956,1.1777199999999999,1.17922
EURUSD,H1,2026-01-23T21:00:00Z,1.17922,1.18148,1.17916,1.18117
EURUSD,H1,2026-01-23T22:00:00Z,1.18117,1.18263,1.181,1.18214
EURUSD,H1,2026-01-23T23:00:00Z,1.18213,1.18336,1.18211,1.18263
EURUSD,H1,2026-01-26T00:00:00Z,1.18637,1.18915,1.18491,1.18886
EURUSD,H1,2026-01-26T01:00:00Z,1.18886,1.18976,1.18544,1.18602
EURUSD,H1,2026-01-26T02:00:00Z,1.18602,1.18632,1.18445,1.18612
EURUSD,H1,2026-01-26T03:00:00Z,1.18616,1.18692,1.18547,1.18579
EURUSD,H1,2026-01-26T04:00:00Z,1.18579,1.18765,1.18558,1.18676
EURUSD,H1,2026-01-26T05:00:00Z,1.18676,1.18677,1.18582,1.18625
EURUSD,H1,2026-01-26T06:00:00Z,1.18625,1.18691,1.18555,1.18591
EURUSD,H1,2026-01-26T07:00:00Z,1.18591,1.18698,1.18579,1.1865
EURUSD,H1,2026-01-26T08:00:00Z,1.1865,1.1865700000000001,1.18507,1.18517
EURUSD,H1,2026-01-26T09:00:00Z,1.18517,1.18628,1.18366,1.1838899999999999
EURUSD,H1,2026-01-26T10:00:00Z,1.1838899999999999,1.18597,1.18382,1.18536
EURUSD,H1,2026-01-26T11:00:00Z,1.18536,1.18675,1.18418,1.18637
EURUSD,H1,2026-01-26T12:00:00Z,1.18641,1.18653,1.18536,1.18607
EURUSD,H1,2026-01-26T13:00:00Z,1.18607,1.18607,1.18486,1.1856
EURUSD,H1,2026-01-26T14:00:00Z,1.1856,1.18574,1.18402,1.18424
EURUSD,H1,2026-01-26T15:00:00Z,1.18422,1.1857,1.18349,1.1856
EURUSD,H1,2026-01-26T16:00:00Z,1.1856,1.18795,1.18525,1.18789
EURUSD,H1,2026-01-26T17:00:00Z,1.1879,1.18969,1.18706,1.18954
EURUSD,H1,2026-01-26T18:00:00Z,1.18952,1.19069,1.188,1.18861
EURUSD,H1,2026-01-26T19:00:00Z,1.18861,1.18915,1.18747,1.18788
EURUSD,H1,2026-01-26T20:00:00Z,1.18788,1.18903,1.18781,1.18789
EURUSD,H1,2026-01-26T21:00:00Z,1.1879,1.1881599999999999,1.18705,1.18792
EURUSD,H1,2026-01-26T22:00:00Z,1.18793,1.18835,1.18774,1.18825
EURUSD,H1,2026-01-26T23:00:00Z,1.18825,1.18864,1.18738,1.18797
EURUSD,H1,2026-01-27T00:00:00Z,1.18794,1.18801,1.18717,1.18749
EURUSD,H1,2026-01-27T01:00:00Z,1.18749,1.18813,1.18716,1.18739
EURUSD,H1,2026-01-27T02:00:00Z,1.18739,1.18829,1.18726,1.18772
EURUSD,H1,2026-01-27T03:00:00Z,1.18769,1.18813,1.18733,1.18787
EURUSD,H1,2026-01-27T04:00:00Z,1.18787,1.18994,1.18762,1.18936
EURUSD,H1,2026-01-27T05:00:00Z,1.18934,1.18934,1.18792,1.18798
EURUSD,H1,2026-01-27T06:00:00Z,1.18798,1.18825,1.187,1.18734
EURUSD,H1,2026-01-27T07:00:00Z,1.18734,1.18787,1.1872,1.18768
EURUSD,H1,2026-01-27T08:00:00Z,1.18768,1.18813,1.18708,1.18719
EURUSD,H1,2026-01-27T09:00:00Z,1.1871800000000001,1.18756,1.1861,1.18636
EURUSD,H1,2026-01-27T10:00:00Z,1.18637,1.18672,1.18503,1.18607
EURUSD,H1,2026-01-27T11:00:00Z,1.18606,1.18898,1.18589,1.1889
EURUSD,H1,2026-01-27T12:00:00Z,1.1889,1.18898,1.18742,1.18889
EURUSD,H1,2026-01-27T13:00:00Z,1.18888,1.1897199999999999,1.18854,1.18954
EURUSD,H1,2026-01-27T14:00:00Z,1.18954,1.19344,1.18942,1.19281
EURUSD,H1,2026-01-27T15:00:00Z,1.19285,1.19387,1.19142,1.19234
EURUSD,H1,2026-01-27T16:00:00Z,1.19235,1.19551,1.19184,1.1944
EURUSD,H1,2026-01-27T17:00:00Z,1.19445,1.19725,1.19442,1.19507
EURUSD,H1,2026-01-27T18:00:00Z,1.19507,1.19902,1.19497,1.19792
EURUSD,H1,2026-01-27T19:00:00Z,1.19793,1.19836,1.19588,1.198
EURUSD,H1,2026-01-27T20:00:00Z,1.198,1.19874,1.19718,1.19778
EURUSD,H1,2026-01-27T21:00:00Z,1.19778,1.19809,1.19711,1.19774
EURUSD,H1,2026-01-27T22:00:00Z,1.19772,1.20821,1.19719,1.20298
EURUSD,H1,2026-01-27T23:00:00Z,1.20295,1.20497,1.20231,1.20393
EURUSD,H1,2026-01-28T00:00:00Z,1.2037200000000001,1.20425,1.20281,1.20417
EURUSD,H1,2026-01-28T01:00:00Z,1.20417,1.20447,1.20163,1.20229
EURUSD,H1,2026-01-28T02:00:00Z,1.20229,1.20235,1.20079,1.20151
EURUSD,H1,2026-01-28T03:00:00Z,1.2015,1.20161,1.19926,1.19928
EURUSD,H1,2026-01-28T04:00:00Z,1.19928,1.1999900000000001,1.19871,1.19975
EURUSD,H1,2026-01-28T05:00:00Z,1.19975,1.20051,1.19953,1.1997
EURUSD,H1,2026-01-28T06:00:00Z,1.1997,1.20017,1.19915,1.20002
EURUSD,H1,2026-01-28T07:00:00Z,1.20002,1.2000899999999999,1.19749,1.19969
EURUSD,H1,2026-01-28T08:00:00Z,1.1997,1.20072,1.199,1.19952
EURUSD,H1,2026-01-28T09:00:00Z,1.19955,1.20258,1.19844,1.19913
EURUSD,H1,2026-01-28T10:00:00Z,1.19919,1.20048,1.19703,1.19805
EURUSD,H1,2026-01-28T11:00:00Z,1.19805,1.19928,1.19751,1.19868
EURUSD,H1,2026-01-28T12:00:00Z,1.19868,1.1994799999999999,1.19725,1.1989
EURUSD,H1,2026-01-28T13:00:00Z,1.19893,1.19897,1.19617,1.1968
EURUSD,H1,2026-01-28T14:00:00Z,1.1968,1.19834,1.19661,1.19798
EURUSD,H1,2026-01-28T15:00:00Z,1.19797,1.19809,1.19518,1.19576
EURUSD,H1,2026-01-28T16:00:00Z,1.19578,1.19775,1.19526,1.19626
EURUSD,H1,2026-01-28T17:00:00Z,1.19626,1.19703,1.1923,1.19436
EURUSD,H1,2026-01-28T18:00:00Z,1.19437,1.19525,1.19189,1.19406
EURUSD,H1,2026-01-28T19:00:00Z,1.19407,1.19433,1.1928,1.19411
EURUSD,H1,2026-01-28T20:00:00Z,1.19412,1.1942300000000001,1.19143,1.1921599999999999
EURUSD,H1,2026-01-28T21:00:00Z,1.1921599999999999,1.19417,1.18957,1.19404
EURUSD,H1,2026-01-28T22:00:00Z,1.19403,1.19502,1.1929400000000001,1.19457
EURUSD,H1,2026-01-28T23:00:00Z,1.19456,1.19538,1.19417,1.19533
EURUSD,H1,2026-01-29T00:00:00Z,1.19535,1.19558,1.19447,1.19549
EURUSD,H1,2026-01-29T01:00:00Z,1.19549,1.19809,1.19524,1.19809
EURUSD,H1,2026-01-29T02:00:00Z,1.19806,1.19853,1.19692,1.19737
EURUSD,H1,2026-01-29T03:00:00Z,1.19736,1.19736,1.19567,1.19614
EURUSD,H1,2026-01-29T04:00:00Z,1.19614,1.19756,1.19532,1.19732
EURUSD,H1,2026-01-29T05:00:00Z,1.19731,1.19867,1.19705,1.19864
EURUSD,H1,2026-01-29T06:00:00Z,1.19864,1.19907,1.19754,1.199
EURUSD,H1,2026-01-29T07:00:00Z,1.19899,1.19937,1.19806,1.19811
EURUSD,H1,2026-01-29T08:00:00Z,1.19811,1.19892,1.19753,1.19847
EURUSD,H1,2026-01-29T09:00:00Z,1.19846,1.19966,1.19673,1.19742
EURUSD,H1,2026-01-29T10:00:00Z,1.19742,1.19857,1.19615,1.19683
EURUSD,H1,2026-01-29T11:00:00Z,1.19684,1.19742,1.19515,1.19558
EURUSD,H1,2026-01-29T12:00:00Z,1.19558,1.1958,1.19388,1.1942300000000001
EURUSD,H1,2026-01-29T13:00:00Z,1.19425,1.1953,1.1938,1.19471
EURUSD,H1,2026-01-29T14:00:00Z,1.19471,1.19622,1.19421,1.19613
EURUSD,H1,2026-01-29T15:00:00Z,1.19612,1.1971,1.19401,1.19563
EURUSD,H1,2026-01-29T16:00:00Z,1.19565,1.19715,1.1952099999999999,1.19703
EURUSD,H1,2026-01-29T17:00:00Z,1.1970399999999999,1.19725,1.19062,1.1929400000000001
EURUSD,H1,2026-01-29T18:00:00Z,1.19296,1.19529,1.19273,1.19425
EURUSD,H1,2026-01-29T19:00:00Z,1.19424,1.19616,1.19424,1.19562
EURUSD,H1,2026-01-29T20:00:00Z,1.19558,1.19649,1.19483,1.19579
EURUSD,H1,2026-01-29T21:00:00Z,1.19579,1.1960600000000001,1.19502,1.19514
EURUSD,H1,2026-01-29T22:00:00Z,1.19514,1.19683,1.19456,1.19648
EURUSD,H1,2026-01-29T23:00:00Z,1.1965,1.19712,1.1962,1.19702
EURUSD,H1,2026-01-30T00:00:00Z,1.1970399999999999,1.1970399999999999,1.19544,1.19692
EURUSD,H1,2026-01-30T01:00:00Z,1.19692,1.19746,1.19649,1.19676
EURUSD,H1,2026-01-30T02:00:00Z,1.19675,1.1973,1.193,1.1932
EURUSD,H1,2026-01-30T03:00:00Z,1.19319,1.19398,1.19141,1.1917
EURUSD,H1,2026-01-30T04:00:00Z,1.1917,1.19265,1.18948,1.19185
EURUSD,H1,2026-01-30T05:00:00Z,1.1919,1.19232,1.19131,1.192
EURUSD,H1,2026-01-30T06:00:00Z,1.19198,1.19345,1.19192,1.19244
EURUSD,H1,2026-01-30T07:00:00Z,1.19245,1.19351,1.19146,1.19248
EURUSD,H1,2026-01-30T08:00:00Z,1.19248,1.19332,1.1914,1.19191
EURUSD,H1,2026-01-30T09:00:00Z,1.1919,1.1942599999999999,1.19148,1.19377
EURUSD,H1,2026-01-30T10:00:00Z,1.1939,1.19432,1.19234,1.19339
EURUSD,H1,2026-01-30T11:00:00Z,1.1933799999999999,1.19379,1.18983,1.19087
EURUSD,H1,2026-01-30T12:00:00Z,1.19081,1.19252,1.19048,1.19212
EURUSD,H1,2026-01-30T13:00:00Z,1.19212,1.19504,1.1920600000000001,1.1949
EURUSD,H1,2026-01-30T14:00:00Z,1.19491,1.19546,1.19152,1.19196
EURUSD,H1,2026-01-30T15:00:00Z,1.19195,1.19244,1.19018,1.19123
EURUSD,H1,2026-01-30T16:00:00Z,1.19127,1.19212,1.1901,1.19067
EURUSD,H1,2026-01-30T17:00:00Z,1.19064,1.19064,1.18833,1.18951
EURUSD,H1,2026-01-30T18:00:00Z,1.18951,1.18976,1.18717,1.1886
EURUSD,H1,2026-01-30T19:00:00Z,1.1886,1.18875,1.18666,1.18724
EURUSD,H1,2026-01-30T20:00:00Z,1.18723,1.1884299999999999,1.18546,1.18784
EURUSD,H1,2026-01-30T21:00:00Z,1.18783,1.1885,1.18645,1.1869399999999999
EURUSD,H1,2026-01-30T22:00:00Z,1.18695,1.18695,1.1853,1.18532
EURUSD,H1,2026-01-30T23:00:00Z,1.18532,1.18563,1.18499,1.18526
EURUSD,H1,2026-02-02T00:00:00Z,1.18496,1.18522,1.18438,1.18483
EURUSD,H1,2026-02-02T01:00:00Z,1.18485,1.18569,1.18397,1.18461
EURUSD,H1,2026-02-02T02:00:00Z,1.18463,1.18748,1.18462,1.18666
EURUSD,H1,2026-02-02T03:00:00Z,1.18666,1.18725,1.1852800000000001,1.18706
EURUSD,H1,2026-02-02T04:00:00Z,1.18706,1.18748,1.18631,1.18632
EURUSD,H1,2026-02-02T05:00:00Z,1.18632,1.1871800000000001,1.18631,1.18641
EURUSD,H1,2026-02-02T06:00:00Z,1.18641,1.18725,1.18578,1.18632
EURUSD,H1,2026-02-02T07:00:00Z,1.18632,1.18638,1.1841,1.18506
EURUSD,H1,2026-02-02T08:00:00Z,1.18506,1.18545,1.1843,1.1853799999999999
EURUSD,H1,2026-02-02T09:00:00Z,1.1853799999999999,1.18634,1.18516,1.18536
EURUSD,H1,2026-02-02T10:00:00Z,1.18536,1.18666,1.18436,1.18508
EURUSD,H1,2026-02-02T11:00:00Z,1.18507,1.18651,1.18446,1.1862300000000001
EURUSD,H1,2026-02-02T12:00:00Z,1.18622,1.18702,1.18586,1.18646
EURUSD,H1,2026-02-02T13:00:00Z,1.18646,1.18714,1.18606,1.18646
EURUSD,H1,2026-02-02T14:00:00Z,1.18647,1.18698,1.18429,1.18498
EURUSD,H1,2026-02-02T15:00:00Z,1.18498,1.18503,1.18179,1.18208
EURUSD,H1,2026-02-02T16:00:00Z,1.18207,1.18297,1.18052,1.18204
EURUSD,H1,2026-02-02T17:00:00Z,1.18053,1.18168,1.17904,1.17923
EURUSD,H1,2026-02-02T18:00:00Z,1.17923,1.18078,1.17904,1.18063
EURUSD,H1,2026-02-02T19:00:00Z,1.18064,1.18124,1.1795,1.18
EURUSD,H1,2026-02-02T20:00:00Z,1.18,1.18012,1.17776,1.17797
EURUSD,H1,2026-02-02T21:00:00Z,1.17799,1.17914,1.1776,1.17888
EURUSD,H1,2026-02-02T22:00:00Z,1.17888,1.17923,1.17803,1.17914
EURUSD,H1,2026-02-02T23:00:00Z,1.17914,1.17944,1.17883,1.179
EURUSD,H1,2026-02-03T00:00:00Z,1.179,1.17921,1.17793,1.17893
EURUSD,H1,2026-02-03T01:00:00Z,1.17893,1.1799,1.17875,1.1799
EURUSD,H1,2026-02-03T02:00:00Z,1.1799,1.18071,1.17981,1.18064
EURUSD,H1,2026-02-03T03:00:00Z,1.18064,1.18147,1.1801599999999999,1.18139
EURUSD,H1,2026-02-03T04:00:00Z,1.18139,1.18144,1.18008,1.18015
EURUSD,H1,2026-02-03T05:00:00Z,1.18015,1.18127,1.18009,1.18095
EURUSD,H1,2026-02-03T06:00:00Z,1.18095,1.18166,1.18088,1.18092
EURUSD,H1,2026-02-03T07:00:00Z,1.18092,1.18132,1.18049,1.18088
EURUSD,H1,2026-02-03T08:00:00Z,1.18088,1.18164,1.18078,1.18138
EURUSD,H1,2026-02-03T09:00:00Z,1.18137,1.18245,1.18099,1.18153
EURUSD,H1,2026-02-03T10:00:00Z,1.18153,1.18195,1.18037,1.18129
EURUSD,H1,2026-02-03T11:00:00Z,1.18127,1.18161,1.17922,1.17922
EURUSD,H1,2026-02-03T12:00:00Z,1.17923,1.17999,1.17868,1.17871
EURUSD,H1,2026-02-03T13:00:00Z,1.17871,1.17949,1.17826,1.1787
EURUSD,H1,2026-02-03T14:00:00Z,1.1787,1.17999,1.1786699999999999,1.17966
EURUSD,H1,2026-02-03T15:00:00Z,1.17966,1.18067,1.17926,1.1796
EURUSD,H1,2026-02-03T16:00:00Z,1.1796,1.18012,1.17799,1.17911
EURUSD,H1,2026-02-03T17:00:00Z,1.17911,1.18137,1.17861,1.1813
EURUSD,H1,2026-02-03T18:00:00Z,1.18133,1.18213,1.1810100000000001,1.18178
EURUSD,H1,2026-02-03T19:00:00Z,1.18178,1.18289,1.18138,1.18163
EURUSD,H1,2026-02-03T20:00:00Z,1.18163,1.18225,1.18089,1.18089
EURUSD,H1,2026-02-03T21:00:00Z,1.18088,1.1817,1.18057,1.18134
EURUSD,H1,2026-02-03T22:00:00Z,1.18138,1.18219,1.18094,1.18211
EURUSD,H1,2026-02-03T23:00:00Z,1.1821,1.18254,1.18176,1.18185
EURUSD,H1,2026-02-04T00:00:00Z,1.18164,1.182,1.18119,1.1817199999999999
EURUSD,H1,2026-02-04T01:00:00Z,1.1817199999999999,1.18207,1.18122,1.18157
EURUSD,H1,2026-02-04T02:00:00Z,1.18157,1.18175,1.18088,1.18143
EURUSD,H1,2026-02-04T03:00:00Z,1.18142,1.1832,1.18124,1.1826
EURUSD,H1,2026-02-04T04:00:00Z,1.1826,1.18317,1.18189,1.18222
EURUSD,H1,2026-02-04T05:00:00Z,1.18222,1.18282,1.18208,1.1827
EURUSD,H1,2026-02-04T06:00:00Z,1.1827,1.18357,1.18254,1.1835499999999999
EURUSD,H1,2026-02-04T07:00:00Z,1.1835499999999999,1.18362,1.18307,1.18329
EURUSD,H1,2026-02-04T08:00:00Z,1.18329,1.1836,1.18289,1.18296
EURUSD,H1,2026-02-04T09:00:00Z,1.18296,1.1834,1.1824,1.1832
EURUSD,H1,2026-02-04T10:00:00Z,1.18313,1.1837900000000001,1.18236,1.18287
EURUSD,H1,2026-02-04T11:00:00Z,1.18288,1.18326,1.1811099999999999,1.18139
EURUSD,H1,2026-02-04T12:00:00Z,1.18138,1.18179,1.18047,1.18134
EURUSD,H1,2026-02-04T13:00:00Z,1.18134,1.18154,1.18058,1.18103
EURUSD,H1,2026-02-04T14:00:00Z,1.18104,1.18247,1.18095,1.18215
EURUSD,H1,2026-02-04T15:00:00Z,1.18218,1.18269,1.18113,1.18224
EURUSD,H1,2026-02-04T16:00:00Z,1.18225,1.18256,1.18024,1.18145
EURUSD,H1,2026-02-04T17:00:00Z,1.18129,1.18221,1.17931,1.17963
EURUSD,H1,2026-02-04T18:00:00Z,1.17964,1.18057,1.17905,1.18023
EURUSD,H1,2026-02-04T19:00:00Z,1.18025,1.1815,1.17943,1.17976
EURUSD,H1,2026-02-04T20:00:00Z,1.17976,1.18017,1.17949,1.18009
EURUSD,H1,2026-02-04T21:00:00Z,1.18009,1.18095,1.17945,1.18091
EURUSD,H1,2026-02-04T22:00:00Z,1.18091,1.18097,1.1801599999999999,1.18037
EURUSD,H1,2026-02-04T23:00:00Z,1.1804000000000001,1.1808,1.18025,1.18052
EURUSD,H1,2026-02-05T00:00:00Z,1.18065,1.18065,1.17942,1.18036
EURUSD,H1,2026-02-05T01:00:00Z,1.18035,1.18076,1.18003,1.18015
EURUSD,H1,2026-02-05T02:00:00Z,1.18015,1.18047,1.17995,1.18044
EURUSD,H1,2026-02-05T03:00:00Z,1.18046,1.18083,1.18021,1.18037
EURUSD,H1,2026-02-05T04:00:00Z,1.18037,1.18053,1.17847,1.17856
EURUSD,H1,2026-02-05T05:00:00Z,1.17858,1.1791,1.17828,1.17892
EURUSD,H1,2026-02-05T06:00:00Z,1.17893,1.1791,1.17866,1.17876
EURUSD,H1,2026-02-05T07:00:00Z,1.17877,1.17902,1.17843,1.179
EURUSD,H1,2026-02-05T08:00:00Z,1.179,1.17917,1.17846,1.17905
EURUSD,H1,2026-02-05T09:00:00Z,1.17904,1.18036,1.17904,1.17988
EURUSD,H1,2026-02-05T10:00:00Z,1.17987,1.18088,1.1795499999999999,1.18029
EURUSD,H1,2026-02-05T11:00:00Z,1.18028,1.18028,1.17803,1.17807
EURUSD,H1,2026-02-05T12:00:00Z,1.1780599999999999,1.1791800000000001,1.17803,1.17877
EURUSD,H1,2026-02-05T13:00:00Z,1.17877,1.17953,1.17861,1.17936
EURUSD,H1,2026-02-05T14:00:00Z,1.17938,1.18036,1.17855,1.17996
EURUSD,H1,2026-02-05T15:00:00Z,1.17996,1.18154,1.17909,1.18117
EURUSD,H1,2026-02-05T16:00:00Z,1.18114,1.18218,1.1795499999999999,1.17981
EURUSD,H1,2026-02-05T17:00:00Z,1.17981,1.18117,1.17817,1.17913
EURUSD,H1,2026-02-05T18:00:00Z,1.17916,1.18035,1.17851,1.18012
EURUSD,H1,2026-02-05T19:00:00Z,1.18014,1.18043,1.1796,1.18009
EURUSD,H1,2026-02-05T20:00:00Z,1.18009,1.18029,1.1792,1.17935
EURUSD,H1,2026-02-05T21:00:00Z,1.17934,1.17975,1.17926,1.17942
EURUSD,H1,2026-02-05T22:00:00Z,1.17942,1.17947,1.17797,1.17809
EURUSD,H1,2026-02-05T23:00:00Z,1.17807,1.17844,1.17747,1.17789
EURUSD,H1,2026-02-06T00:00:00Z,1.1776200000000001,1.17816,1.1776200000000001,1.17805
EURUSD,H1,2026-02-06T01:00:00Z,1.17805,1.17808,1.17752,1.17766
EURUSD,H1,2026-02-06T02:00:00Z,1.17765,1.1783299999999999,1.17656,1.17829
EURUSD,H1,2026-02-06T03:00:00Z,1.17829,1.17883,1.17786,1.1785
EURUSD,H1,2026-02-06T04:00:00Z,1.17852,1.17917,1.17847,1.17876
EURUSD,H1,2026-02-06T05:00:00Z,1.17876,1.17905,1.1785700000000001,1.17877
EURUSD,H1,2026-02-06T06:00:00Z,1.17878,1.17964,1.17873,1.17953
EURUSD,H1,2026-02-06T07:00:00Z,1.17953,1.1801300000000001,1.17948,1.17984
EURUSD,H1,2026-02-06T08:00:00Z,1.17983,1.18017,1.17944,1.17971
EURUSD,H1,2026-02-06T09:00:00Z,1.17973,1.17977,1.17887,1.17914
EURUSD,H1,2026-02-06T10:00:00Z,1.17914,1.17958,1.1785700000000001,1.17924
EURUSD,H1,2026-02-06T11:00:00Z,1.17924,1.17981,1.17901,1.17921
EURUSD,H1,2026-02-06T12:00:00Z,1.17921,1.17998,1.17898,1.17921
EURUSD,H1,2026-02-06T13:00:00Z,1.17921,1.17933,1.17856,1.17903
EURUSD,H1,2026-02-06T14:00:00Z,1.17903,1.17931,1.17883,1.17926
EURUSD,H1,2026-02-06T15:00:00Z,1.17927,1.18112,1.17923,1.18104
EURUSD,H1,2026-02-06T16:00:00Z,1.18103,1.18261,1.18099,1.18212
EURUSD,H1,2026-02-06T17:00:00Z,1.18212,1.1824,1.18052,1.18193
EURUSD,H1,2026-02-06T18:00:00Z,1.18191,1.18217,1.1810100000000001,1.18123
EURUSD,H1,2026-02-06T19:00:00Z,1.18122,1.18207,1.18103,1.1818
EURUSD,H1,2026-02-06T20:00:00Z,1.1818,1.18227,1.18176,1.18191
EURUSD,H1,2026-02-06T21:00:00Z,1.18191,1.18213,1.18146,1.18192
EURUSD,H1,2026-02-06T22:00:00Z,1.18192,1.18227,1.18183,1.18221
EURUSD,H1,2026-02-06T23:00:00Z,1.18221,1.18239,1.18123,1.18138
EURUSD,H1,2026-02-09T00:00:00Z,1.18104,1.18149,1.18089,1.18141
EURUSD,H1,2026-02-09T01:00:00Z,1.18141,1.18278,1.18098,1.18268
EURUSD,H1,2026-02-09T02:00:00Z,1.18268,1.18336,1.18239,1.18307
EURUSD,H1,2026-02-09T03:00:00Z,1.18308,1.18336,1.18247,1.18255
EURUSD,H1,2026-02-09T04:00:00Z,1.18255,1.18258,1.1816,1.1819600000000001
EURUSD,H1,2026-02-09T05:00:00Z,1.1819600000000001,1.1825,1.18182,1.18188
EURUSD,H1,2026-02-09T06:00:00Z,1.18189,1.18268,1.18188,1.18266
EURUSD,H1,2026-02-09T07:00:00Z,1.18266,1.18363,1.1825700000000001,1.18334
EURUSD,H1,2026-02-09T08:00:00Z,1.18333,1.18578,1.18329,1.18519
EURUSD,H1,2026-02-09T09:00:00Z,1.18518,1.1859899999999999,1.1847,1.18558
EURUSD,H1,2026-02-09T10:00:00Z,1.18558,1.18646,1.18516,1.18643
EURUSD,H1,2026-02-09T11:00:00Z,1.18642,1.18698,1.18601,1.18622
EURUSD,H1,2026-02-09T12:00:00Z,1.18622,1.18697,1.18552,1.186
EURUSD,H1,2026-02-09T13:00:00Z,1.18598,1.1872099999999999,1.18556,1.18691
EURUSD,H1,2026-02-09T14:00:00Z,1.18692,1.1883,1.18691,1.18814
EURUSD,H1,2026-02-09T15:00:00Z,1.18814,1.19056,1.18814,1.19037
EURUSD,H1,2026-02-09T16:00:00Z,1.19036,1.19185,1.19029,1.19185
EURUSD,H1,2026-02-09T17:00:00Z,1.19185,1.19266,1.19034,1.1912
EURUSD,H1,2026-02-09T18:00:00Z,1.1912,1.19175,1.18929,1.18974
EURUSD,H1,2026-02-09T19:00:00Z,1.18974,1.19109,1.18973,1.19085
EURUSD,H1,2026-02-09T20:00:00Z,1.19085,1.19171,1.19034,1.19159
EURUSD,H1,2026-02-09T21:00:00Z,1.19159,1.19222,1.19124,1.19202
EURUSD,H1,2026-02-09T22:00:00Z,1.19201,1.19212,1.19141,1.19147
EURUSD,H1,2026-02-09T23:00:00Z,1.19146,1.19154,1.19109,1.19148
EURUSD,H1,2026-02-10T00:00:00Z,1.19108,1.19134,1.19081,1.19106
EURUSD,H1,2026-02-10T01:00:00Z,1.19107,1.1914500000000001,1.19017,1.19038
EURUSD,H1,2026-02-10T02:00:00Z,1.19037,1.19056,1.18985,1.19018
EURUSD,H1,2026-02-10T03:00:00Z,1.19018,1.19104,1.18966,1.19057
EURUSD,H1,2026-02-10T04:00:00Z,1.19058,1.19142,1.19057,1.19137
EURUSD,H1,2026-02-10T05:00:00Z,1.19137,1.19171,1.191,1.19114
EURUSD,H1,2026-02-10T06:00:00Z,1.19114,1.19128,1.19058,1.19069
EURUSD,H1,2026-02-10T07:00:00Z,1.19068,1.19105,1.19036,1.19074
EURUSD,H1,2026-02-10T08:00:00Z,1.19074,1.19132,1.19012,1.19031
EURUSD,H1,2026-02-10T09:00:00Z,1.19032,1.19104,1.18994,1.19085
EURUSD,H1,2026-02-10T10:00:00Z,1.19085,1.19151,1.18997,1.19092
EURUSD,H1,2026-02-10T11:00:00Z,1.19092,1.19198,1.19081,1.19144
EURUSD,H1,2026-02-10T12:00:00Z,1.19144,1.19175,1.19092,1.19101
EURUSD,H1,2026-02-10T13:00:00Z,1.191,1.19106,1.1901,1.19039
EURUSD,H1,2026-02-10T14:00:00Z,1.19041,1.19086,1.1891,1.18929
EURUSD,H1,2026-02-10T15:00:00Z,1.18929,1.19133,1.18885,1.19053
EURUSD,H1,2026-02-10T16:00:00Z,1.19055,1.19286,1.1903,1.19148
EURUSD,H1,2026-02-10T17:00:00Z,1.19143,1.19191,1.18966,1.1914
EURUSD,H1,2026-02-10T18:00:00Z,1.19141,1.19148,1.18965,1.18976
EURUSD,H1,2026-02-10T19:00:00Z,1.18978,1.19052,1.18932,1.18957
EURUSD,H1,2026-02-10T20:00:00Z,1.18957,1.18982,1.18904,1.18923
EURUSD,H1,2026-02-10T21:00:00Z,1.18923,1.19024,1.18868,1.1902300000000001
EURUSD,H1,2026-02-10T22:00:00Z,1.19022,1.19034,1.18946,1.18951
EURUSD,H1,2026-02-10T23:00:00Z,1.18953,1.18967,1.18926,1.18937
EURUSD,H1,2026-02-11T00:00:00Z,1.18944,1.18947,1.18845,1.189
EURUSD,H1,2026-02-11T01:00:00Z,1.189,1.18917,1.1886700000000001,1.18879
EURUSD,H1,2026-02-11T02:00:00Z,1.18879,1.19004,1.18864,1.18968
EURUSD,H1,2026-02-11T03:00:00Z,1.18969,1.19021,1.18937,1.18977
EURUSD,H1,2026-02-11T04:00:00Z,1.18977,1.19128,1.18977,1.19083
EURUSD,H1,2026-02-11T05:00:00Z,1.1908400000000001,1.19137,1.19034,1.19116
EURUSD,H1,2026-02-11T06:00:00Z,1.19114,1.1915,1.19074,1.19081
EURUSD,H1,2026-02-11T07:00:00Z,1.19081,1.19192,1.19067,1.19184
EURUSD,H1,2026-02-11T08:00:00Z,1.19184,1.19257,1.19126,1.19152
EURUSD,H1,2026-02-11T09:00:00Z,1.19152,1.1918199999999999,1.19101,1.19178
EURUSD,H1,2026-02-11T10:00:00Z,1.19178,1.192,1.19132,1.19184
EURUSD,H1,2026-02-11T11:00:00Z,1.19184,1.19197,1.19102,1.1918
EURUSD,H1,2026-02-11T12:00:00Z,1.1918,1.19272,1.19162,1.19218
EURUSD,H1,2026-02-11T13:00:00Z,1.19217,1.19217,1.19051,1.19082
EURUSD,H1,2026-02-11T14:00:00Z,1.19082,1.19093,1.18985,1.19003
EURUSD,H1,2026-02-11T15:00:00Z,1.19004,1.19045,1.1833,1.1862
EURUSD,H1,2026-02-11T16:00:00Z,1.18618,1.18825,1.18526,1.18603
EURUSD,H1,2026-02-11T17:00:00Z,1.18602,1.1871800000000001,1.1851,1.18594
EURUSD,H1,2026-02-11T18:00:00Z,1.18594,1.18833,1.18532,1.1883
EURUSD,H1,2026-02-11T19:00:00Z,1.18829,1.18935,1.18772,1.18858
EURUSD,H1,2026-02-11T20:00:00Z,1.18858,1.18908,1.18788,1.18823
EURUSD,H1,2026-02-11T21:00:00Z,1.18822,1.18846,1.18778,1.18797
EURUSD,H1,2026-02-11T22:00:00Z,1.18797,1.1881,1.18699,1.18707
EURUSD,H1,2026-02-11T23:00:00Z,1.18708,1.18744,1.18686,1.18712
EURUSD,H1,2026-02-12T00:00:00Z,1.18706,1.18759,1.18652,1.18712
EURUSD,H1,2026-02-12T01:00:00Z,1.18712,1.18762,1.18687,1.18748
EURUSD,H1,2026-02-12T02:00:00Z,1.18748,1.1878199999999999,1.1867,1.18768
EURUSD,H1,2026-02-12T03:00:00Z,1.18769,1.18826,1.18736,1.18808
EURUSD,H1,2026-02-12T04:00:00Z,1.18808,1.18845,1.18749,1.1879
EURUSD,H1,2026-02-12T05:00:00Z,1.1879,1.18811,1.18653,1.18696
EURUSD,H1,2026-02-12T06:00:00Z,1.18696,1.18726,1.18602,1.18619
EURUSD,H1,2026-02-12T07:00:00Z,1.1862,1.18658,1.18583,1.18647
EURUSD,H1,2026-02-12T08:00:00Z,1.18647,1.18675,1.18523,1.18606
EURUSD,H1,2026-02-12T09:00:00Z,1.18605,1.18752,1.18595,1.1873
EURUSD,H1,2026-02-12T10:00:00Z,1.1873,1.1881,1.18713,1.18801
EURUSD,H1,2026-02-12T11:00:00Z,1.188,1.18879,1.18795,1.18871
EURUSD,H1,2026-02-12T12:00:00Z,1.18871,1.18874,1.18747,1.18772
EURUSD,H1,2026-02-12T13:00:00Z,1.18772,1.18845,1.18751,1.18844
EURUSD,H1,2026-02-12T14:00:00Z,1.18845,1.18862,1.1867,1.1873
EURUSD,H1,2026-02-12T15:00:00Z,1.1873,1.18853,1.18712,1.18849
EURUSD,H1,2026-02-12T16:00:00Z,1.18849,1.18875,1.18748,1.18834
EURUSD,H1,2026-02-12T17:00:00Z,1.18833,1.18885,1.18783,1.18858
EURUSD,H1,2026-02-12T18:00:00Z,1.18858,1.189,1.18619,1.18706
EURUSD,H1,2026-02-12T19:00:00Z,1.18707,1.1877,1.186,1.18652
EURUSD,H1,2026-02-12T20:00:00Z,1.18654,1.18693,1.1856200000000001,1.18635
EURUSD,H1,2026-02-12T21:00:00Z,1.18635,1.18716,1.1861,1.18701
EURUSD,H1,2026-02-12T22:00:00Z,1.187,1.18705,1.18636,1.18696
EURUSD,H1,2026-02-12T23:00:00Z,1.18697,1.18726,1.18683,1.18707
EURUSD,H1,2026-02-13T00:00:00Z,1.18698,1.18708,1.18583,1.18708
EURUSD,H1,2026-02-13T01:00:00Z,1.18708,1.18717,1.18671,1.18693
EURUSD,H1,2026-02-13T02:00:00Z,1.18693,1.18725,1.18665,1.18725
EURUSD,H1,2026-02-13T03:00:00Z,1.18724,1.18734,1.18632,1.1867
EURUSD,H1,2026-02-13T04:00:00Z,1.18672,1.18712,1.18629,1.18693
EURUSD,H1,2026-02-13T05:00:00Z,1.18693,1.18703,1.18656,1.18669
EURUSD,H1,2026-02-13T06:00:00Z,1.1867,1.18678,1.1859899999999999,1.18632
EURUSD,H1,2026-02-13T07:00:00Z,1.18632,1.18648,1.18579,1.18594
EURUSD,H1,2026-02-13T08:00:00Z,1.18594,1.18617,1.18534,1.18561
EURUSD,H1,2026-02-13T09:00:00Z,1.1856,1.186,1.18471,1.18586
EURUSD,H1,2026-02-13T10:00:00Z,1.18582,1.18628,1.1856,1.18626
EURUSD,H1,2026-02-13T11:00:00Z,1.18626,1.18665,1.18604,1.18606
EURUSD,H1,2026-02-13T12:00:00Z,1.18605,1.1861,1.18529,1.18573
EURUSD,H1,2026-02-13T13:00:00Z,1.18573,1.18612,1.18549,1.18586
EURUSD,H1,2026-02-13T14:00:00Z,1.18586,1.18637,1.18554,1.18619
EURUSD,H1,2026-02-13T15:00:00Z,1.18622,1.18851,1.1856200000000001,1.18744
EURUSD,H1,2026-02-13T16:00:00Z,1.18743,1.18749,1.1857,1.18591
EURUSD,H1,2026-02-13T17:00:00Z,1.18593,1.18708,1.18475,1.18483
EURUSD,H1,2026-02-13T18:00:00Z,1.18484,1.18746,1.18482,1.18688
EURUSD,H1,2026-02-13T19:00:00Z,1.18688,1.18828,1.1868400000000001,1.18749
EURUSD,H1,2026-02-13T20:00:00Z,1.18751,1.18807,1.18723,1.18736
EURUSD,H1,2026-02-13T21:00:00Z,1.18736,1.1875,1.18661,1.18665
EURUSD,H1,2026-02-13T22:00:00Z,1.18665,1.18748,1.18644,1.18744
EURUSD,H1,2026-02-13T23:00:00Z,1.18744,1.18766,1.18666,1.18681
EURUSD,H1,2026-02-16T00:00:00Z,1.18643,1.1874500000000001,1.18642,1.18678
EURUSD,H1,2026-02-16T01:00:00Z,1.18678,1.18699,1.18632,1.18669
EURUSD,H1,2026-02-16T02:00:00Z,1.18669,1.18673,1.18605,1.18613
EURUSD,H1,2026-02-16T03:00:00Z,1.18613,1.18664,1.18591,1.18653
EURUSD,H1,2026-02-16T04:00:00Z,1.18653,1.18671,1.18618,1.18654
EURUSD,H1,2026-02-16T05:00:00Z,1.18654,1.1869,1.18637,1.18674
EURUSD,H1,2026-02-16T06:00:00Z,1.18674,1.18681,1.18612,1.18624
EURUSD,H1,2026-02-16T07:00:00Z,1.1862300000000001,1.18664,1.18609,1.18649
EURUSD,H1,2026-02-16T08:00:00Z,1.18649,1.18702,1.18639,1.18662
EURUSD,H1,2026-02-16T09:00:00Z,1.18661,1.18663,1.18603,1.18628
EURUSD,H1,2026-02-16T10:00:00Z,1.18628,1.18704,1.1857199999999999,1.18651
EURUSD,H1,2026-02-16T11:00:00Z,1.1865,1.18692,1.18622,1.18645
EURUSD,H1,2026-02-16T12:00:00Z,1.18644,1.18676,1.1862,1.18671
EURUSD,H1,2026-02-16T13:00:00Z,1.1867,1.1867,1.18601,1.18614
EURUSD,H1,2026-02-16T14:00:00Z,1.18613,1.18631,1.185,1.18532
EURUSD,H1,2026-02-16T15:00:00Z,1.18532,1.18577,1.1849,1.18547
EURUSD,H1,2026-02-16T16:00:00Z,1.18547,1.18635,1.18531,1.18563
EURUSD,H1,2026-02-16T17:00:00Z,1.1856200000000001,1.18571,1.18504,1.1854
EURUSD,H1,2026-02-16T18:00:00Z,1.18541,1.18567,1.18463,1.18519
EURUSD,H1,2026-02-16T19:00:00Z,1.18519,1.18536,1.18464,1.18481
EURUSD,H1,2026-02-16T20:00:00Z,1.18481,1.1851099999999999,1.1848,1.18495
EURUSD,H1,2026-02-16T21:00:00Z,1.18495,1.18542,1.1849,1.18541
EURUSD,H1,2026-02-16T22:00:00Z,1.1854,1.1855,1.18526,1.18536
EURUSD,H1,2026-02-16T23:00:00Z,1.18536,1.18542,1.18502,1.18514
EURUSD,H1,2026-02-17T00:00:00Z,1.18505,1.18512,1.18456,1.18495
EURUSD,H1,2026-02-17T01:00:00Z,1.18495,1.18513,1.18466,1.18505
EURUSD,H1,2026-02-17T02:00:00Z,1.18505,1.1852,1.1842,1.18437
EURUSD,H1,2026-02-17T03:00:00Z,1.18437,1.18447,1.18407,1.18445
EURUSD,H1,2026-02-17T04:00:00Z,1.18444,1.18474,1.18405,1.1842
EURUSD,H1,2026-02-17T05:00:00Z,1.1842,1.18423,1.1838,1.18417
EURUSD,H1,2026-02-17T06:00:00Z,1.18417,1.18425,1.18394,1.18411
EURUSD,H1,2026-02-17T07:00:00Z,1.18411,1.18419,1.18357,1.18414
EURUSD,H1,2026-02-17T08:00:00Z,1.18414,1.18457,1.18414,1.1844000000000001
EURUSD,H1,2026-02-17T09:00:00Z,1.18439,1.18446,1.18287,1.1832799999999999
EURUSD,H1,2026-02-17T10:00:00Z,1.1832799999999999,1.18439,1.183,1.18409
EURUSD,H1,2026-02-17T11:00:00Z,1.18409,1.18499,1.18398,1.18466
EURUSD,H1,2026-02-17T12:00:00Z,1.18465,1.18471,1.18413,1.18428
EURUSD,H1,2026-02-17T13:00:00Z,1.18427,1.18444,1.18241,1.1831
EURUSD,H1,2026-02-17T14:00:00Z,1.18309,1.18358,1.1827,1.18277
EURUSD,H1,2026-02-17T15:00:00Z,1.18275,1.18304,1.18159,1.18221
EURUSD,H1,2026-02-17T16:00:00Z,1.18221,1.18281,1.18163,1.18237
EURUSD,H1,2026-02-17T17:00:00Z,1.18237,1.18239,1.18049,1.18109
EURUSD,H1,2026-02-17T18:00:00Z,1.18108,1.18352,1.18107,1.18307
EURUSD,H1,2026-02-17T19:00:00Z,1.18306,1.18423,1.1829399999999999,1.18393
EURUSD,H1,2026-02-17T20:00:00Z,1.18393,1.18531,1.18387,1.18483
EURUSD,H1,2026-02-17T21:00:00Z,1.18482,1.18504,1.18433,1.1848
EURUSD,H1,2026-02-17T22:00:00Z,1.18478,1.18525,1.1847,1.18509
EURUSD,H1,2026-02-17T23:00:00Z,1.1851,1.18546,1.185,1.18534
EURUSD,H1,2026-02-18T00:00:00Z,1.18546,1.18546,1.1846,1.18514
EURUSD,H1,2026-02-18T01:00:00Z,1.18514,1.18575,1.18496,1.18508
EURUSD,H1,2026-02-18T02:00:00Z,1.18508,1.18537,1.1847,1.18473
EURUSD,H1,2026-02-18T03:00:00Z,1.18473,1.18478,1.18425,1.18464
EURUSD,H1,2026-02-18T04:00:00Z,1.18464,1.18474,1.1841599999999999,1.18447
EURUSD,H1,2026-02-18T05:00:00Z,1.18447,1.18468,1.1841,1.18413
EURUSD,H1,2026-02-18T06:00:00Z,1.18413,1.18438,1.18394,1.18419
EURUSD,H1,2026-02-18T07:00:00Z,1.18419,1.18458,1.18417,1.18458
EURUSD,H1,2026-02-18T08:00:00Z,1.18458,1.18464,1.18404,1.18448
EURUSD,H1,2026-02-18T09:00:00Z,1.18449,1.18464,1.18329,1.18348
EURUSD,H1,2026-02-18T10:00:00Z,1.18348,1.18382,1.18285,1.18312
EURUSD,H1,2026-02-18T11:00:00Z,1.18312,1.18385,1.18285,1.18361
EURUSD,H1,2026-02-18T12:00:00Z,1.18362,1.18408,1.18308,1.18322
EURUSD,H1,2026-02-18T13:00:00Z,1.18322,1.1837900000000001,1.18306,1.18346
EURUSD,H1,2026-02-18T14:00:00Z,1.18346,1.18471,1.18334,1.184
EURUSD,H1,2026-02-18T15:00:00Z,1.184,1.18485,1.18236,1.18237
EURUSD,H1,2026-02-18T16:00:00Z,1.18238,1.18277,1.1812,1.18152
EURUSD,H1,2026-02-18T17:00:00Z,1.18152,1.1826699999999999,1.1813500000000001,1.18226
EURUSD,H1,2026-02-18T18:00:00Z,1.18226,1.18262,1.18093,1.18095
EURUSD,H1,2026-02-18T19:00:00Z,1.18094,1.18142,1.18022,1.18061
EURUSD,H1,2026-02-18T20:00:00Z,1.18061,1.1807400000000001,1.17875,1.17908
EURUSD,H1,2026-02-18T21:00:00Z,1.17909,1.17951,1.17836,1.17872
EURUSD,H1,2026-02-18T22:00:00Z,1.17871,1.17904,1.17821,1.17837
EURUSD,H1,2026-02-18T23:00:00Z,1.17836,1.17873,1.17821,1.1783299999999999
EURUSD,H1,2026-02-19T00:00:00Z,1.17827,1.17873,1.17816,1.17846
EURUSD,H1,2026-02-19T01:00:00Z,1.17846,1.17896,1.17839,1.17885
EURUSD,H1,2026-02-19T02:00:00Z,1.17885,1.17917,1.17853,1.17901
EURUSD,H1,2026-02-19T03:00:00Z,1.17901,1.1795200000000001,1.1789399999999999,1.17946
EURUSD,H1,2026-02-19T04:00:00Z,1.17947,1.17956,1.17905,1.17909
EURUSD,H1,2026-02-19T05:00:00Z,1.17909,1.17929,1.17877,1.17907
EURUSD,H1,2026-02-19T06:00:00Z,1.17907,1.17917,1.17848,1.1789399999999999
EURUSD,H1,2026-02-19T07:00:00Z,1.1789399999999999,1.17929,1.17866,1.17915
EURUSD,H1,2026-02-19T08:00:00Z,1.17915,1.18009,1.17898,1.17983
EURUSD,H1,2026-02-19T09:00:00Z,1.17982,1.18035,1.17926,1.18008
EURUSD,H1,2026-02-19T10:00:00Z,1.18006,1.18052,1.17973,1.1801300000000001
EURUSD,H1,2026-02-19T11:00:00Z,1.1801300000000001,1.18076,1.17987,1.17999
EURUSD,H1,2026-02-19T12:00:00Z,1.17999,1.18031,1.17875,1.1789100000000001
EURUSD,H1,2026-02-19T13:00:00Z,1.17892,1.17903,1.17766,1.17807
EURUSD,H1,2026-02-19T14:00:00Z,1.17807,1.17809,1.1767,1.17694
EURUSD,H1,2026-02-19T15:00:00Z,1.17694,1.17698,1.17515,1.17654
EURUSD,H1,2026-02-19T16:00:00Z,1.17655,1.17663,1.17419,1.1751800000000001
EURUSD,H1,2026-02-19T17:00:00Z,1.1752,1.17754,1.17483,1.17631
EURUSD,H1,2026-02-19T18:00:00Z,1.17631,1.17706,1.17581,1.17612
EURUSD,H1,2026-02-19T19:00:00Z,1.17612,1.1768,1.1756199999999999,1.1766
EURUSD,H1,2026-02-19T20:00:00Z,1.1766,1.17742,1.17646,1.17683
EURUSD,H1,2026-02-19T21:00:00Z,1.17685,1.17718,1.1758899999999999,1.17638
EURUSD,H1,2026-02-19T22:00:00Z,1.17638,1.17689,1.17633,1.17688
EURUSD,H1,2026-02-19T23:00:00Z,1.17687,1.17779,1.17679,1.1771099999999999
EURUSD,H1,2026-02-20T00:00:00Z,1.17729,1.17732,1.17581,1.17709
EURUSD,H1,2026-02-20T01:00:00Z,1.17709,1.17761,1.17682,1.17683
EURUSD,H1,2026-02-20T02:00:00Z,1.1768399999999999,1.17723,1.17667,1.17706
EURUSD,H1,2026-02-20T03:00:00Z,1.17704,1.17717,1.17551,1.1758899999999999
EURUSD,H1,2026-02-20T04:00:00Z,1.1758899999999999,1.17599,1.17536,1.17545
EURUSD,H1,2026-02-20T05:00:00Z,1.17546,1.1759,1.17544,1.17569
EURUSD,H1,2026-02-20T06:00:00Z,1.17569,1.17597,1.17524,1.17532
EURUSD,H1,2026-02-20T07:00:00Z,1.17532,1.1757,1.17502,1.17553
EURUSD,H1,2026-02-20T08:00:00Z,1.17554,1.17567,1.17516,1.1755
EURUSD,H1,2026-02-20T09:00:00Z,1.17551,1.17625,1.17496,1.17512
EURUSD,H1,2026-02-20T10:00:00Z,1.17512,1.17636,1.17434,1.17611
EURUSD,H1,2026-02-20T11:00:00Z,1.17611,1.1768,1.17584,1.17667
EURUSD,H1,2026-02-20T12:00:00Z,1.17667,1.17687,1.17573,1.17636
EURUSD,H1,2026-02-20T13:00:00Z,1.17635,1.17691,1.17599,1.17675
EURUSD,H1,2026-02-20T14:00:00Z,1.1767400000000001,1.17708,1.17632,1.17657
EURUSD,H1,2026-02-20T15:00:00Z,1.17656,1.17823,1.17569,1.17692
EURUSD,H1,2026-02-20T16:00:00Z,1.17692,1.17705,1.1756,1.17677
EURUSD,H1,2026-02-20T17:00:00Z,1.17676,1.18075,1.17554,1.17882
EURUSD,H1,2026-02-20T18:00:00Z,1.17882,1.17983,1.17738,1.17801
EURUSD,H1,2026-02-20T19:00:00Z,1.17801,1.17851,1.17657,1.17801
EURUSD,H1,2026-02-20T20:00:00Z,1.17801,1.1798899999999999,1.17769,1.17858
EURUSD,H1,2026-02-20T21:00:00Z,1.1786,1.17896,1.17786,1.17808
EURUSD,H1,2026-02-20T22:00:00Z,1.17808,1.17874,1.17776,1.17863
EURUSD,H1,2026-02-20T23:00:00Z,1.17862,1.17915,1.17818,1.17823
EURUSD,H1,2026-02-23T00:00:00Z,1.17904,1.17969,1.17858,1.17938
EURUSD,H1,2026-02-23T01:00:00Z,1.17938,1.18347,1.17925,1.18333
EURUSD,H1,2026-02-23T02:00:00Z,1.18334,1.18346,1.18227,1.18309
EURUSD,H1,2026-02-23T03:00:00Z,1.1831,1.18333,1.18207,1.18263
EURUSD,H1,2026-02-23T04:00:00Z,1.18263,1.1831,1.18234,1.18276
EURUSD,H1,2026-02-23T05:00:00Z,1.18277,1.18281,1.18167,1.18234
EURUSD,H1,2026-02-23T06:00:00Z,1.18234,1.1824,1.1818,1.18209
EURUSD,H1,2026-02-23T07:00:00Z,1.18209,1.18215,1.18151,1.18197
EURUSD,H1,2026-02-23T08:00:00Z,1.18198,1.18339,1.18166,1.18245
EURUSD,H1,2026-02-23T09:00:00Z,1.18246,1.18275,1.18186,1.18234
EURUSD,H1,2026-02-23T10:00:00Z,1.18234,1.1825,1.18071,1.18104
EURUSD,H1,2026-02-23T11:00:00Z,1.18105,1.18126,1.18001,1.18009
EURUSD,H1,2026-02-23T12:00:00Z,1.18008,1.18014,1.17951,1.17987
EURUSD,H1,2026-02-23T13:00:00Z,1.17987,1.1798899999999999,1.1780599999999999,1.17859
EURUSD,H1,2026-02-23T14:00:00Z,1.17859,1.17865,1.17744,1.17818
EURUSD,H1,2026-02-23T15:00:00Z,1.17816,1.17978,1.17782,1.17958
EURUSD,H1,2026-02-23T16:00:00Z,1.17958,1.18091,1.1794,1.18056
EURUSD,H1,2026-02-23T17:00:00Z,1.18056,1.18098,1.1792,1.17948
EURUSD,H1,2026-02-23T18:00:00Z,1.17944,1.18063,1.17881,1.18038
EURUSD,H1,2026-02-23T19:00:00Z,1.18038,1.18089,1.17906,1.17987
EURUSD,H1,2026-02-23T20:00:00Z,1.17987,1.18009,1.17947,1.17983
EURUSD,H1,2026-02-23T21:00:00Z,1.17981,1.18006,1.17882,1.17915
EURUSD,H1,2026-02-23T22:00:00Z,1.17916,1.17939,1.17876,1.17889
EURUSD,H1,2026-02-23T23:00:00Z,1.1789100000000001,1.17925,1.17839,1.17845
EURUSD,H1,2026-02-24T00:00:00Z,1.17843,1.17895,1.17781,1.17866
EURUSD,H1,2026-02-24T01:00:00Z,1.17866,1.17953,1.17854,1.1793
EURUSD,H1,2026-02-24T02:00:00Z,1.1793,1.17963,1.17874,1.1788
EURUSD,H1,2026-02-24T03:00:00Z,1.1788,1.1788,1.17715,1.17818
EURUSD,H1,2026-02-24T04:00:00Z,1.17818,1.17845,1.17783,1.17839
EURUSD,H1,2026-02-24T05:00:00Z,1.17838,1.17854,1.17749,1.17751
EURUSD,H1,2026-02-24T06:00:00Z,1.17751,1.17768,1.17679,1.17697
EURUSD,H1,2026-02-24T07:00:00Z,1.17697,1.1780599999999999,1.17685,1.178
EURUSD,H1,2026-02-24T08:00:00Z,1.178,1.17823,1.17773,1.17804
EURUSD,H1,2026-02-24T09:00:00Z,1.17803,1.17824,1.17716,1.17791
EURUSD,H1,2026-02-24T10:00:00Z,1.17792,1.17899,1.17734,1.17837
EURUSD,H1,2026-02-24T11:00:00Z,1.17838,1.1793,1.17831,1.17876
EURUSD,H1,2026-02-24T12:00:00Z,1.17877,1.17911,1.17821,1.17855
EURUSD,H1,2026-02-24T13:00:00Z,1.17855,1.17861,1.17792,1.1780599999999999
EURUSD,H1,2026-02-24T14:00:00Z,1.17805,1.17835,1.17726,1.17814
EURUSD,H1,2026-02-24T15:00:00Z,1.17813,1.17813,1.17679,1.17722
EURUSD,H1,2026-02-24T16:00:00Z,1.17722,1.17786,1.17673,1.17737
EURUSD,H1,2026-02-24T17:00:00Z,1.1773,1.1781,1.1766,1.17727
EURUSD,H1,2026-02-24T18:00:00Z,1.17727,1.179,1.17719,1.1788
EURUSD,H1,2026-02-24T19:00:00Z,1.1788,1.17888,1.17818,1.17856
EURUSD,H1,2026-02-24T20:00:00Z,1.17856,1.1786699999999999,1.1777199999999999,1.17785
EURUSD,H1,2026-02-24T21:00:00Z,1.17784,1.17841,1.17764,1.17787
EURUSD,H1,2026-02-24T22:00:00Z,1.17787,1.17834,1.17751,1.17753
EURUSD,H1,2026-02-24T23:00:00Z,1.17753,1.17769,1.17731,1.17736
EURUSD,H1,2026-02-25T00:00:00Z,1.1771,1.17766,1.17633,1.17731
EURUSD,H1,2026-02-25T01:00:00Z,1.17731,1.17761,1.17723,1.17739
EURUSD,H1,2026-02-25T02:00:00Z,1.17739,1.17797,1.17733,1.17779
EURUSD,H1,2026-02-25T03:00:00Z,1.17779,1.17821,1.1776,1.17784
EURUSD,H1,2026-02-25T04:00:00Z,1.17785,1.17934,1.17782,1.17923
EURUSD,H1,2026-02-25T05:00:00Z,1.17923,1.17942,1.17858,1.17895
EURUSD,H1,2026-02-25T06:00:00Z,1.17896,1.17962,1.17877,1.17949
EURUSD,H1,2026-02-25T07:00:00Z,1.17948,1.18055,1.17941,1.18009
EURUSD,H1,2026-02-25T08:00:00Z,1.18009,1.18063,1.1797,1.18054
EURUSD,H1,2026-02-25T09:00:00Z,1.18053,1.1808,1.17969,1.1797
EURUSD,H1,2026-02-25T10:00:00Z,1.1797,1.18,1.1789399999999999,1.179
EURUSD,H1,2026-02-25T11:00:00Z,1.179,1.1793,1.17855,1.17878
EURUSD,H1,2026-02-25T12:00:00Z,1.17878,1.17883,1.17791,1.17798
EURUSD,H1,2026-02-25T13:00:00Z,1.17798,1.1781,1.1771,1.17749
EURUSD,H1,2026-02-25T14:00:00Z,1.17749,1.1786699999999999,1.1774,1.17859
EURUSD,H1,2026-02-25T15:00:00Z,1.17859,1.179,1.17729,1.1773500000000001
EURUSD,H1,2026-02-25T16:00:00Z,1.17736,1.1789100000000001,1.1773,1.17861
EURUSD,H1,2026-02-25T17:00:00Z,1.17862,1.18024,1.17848,1.18012
EURUSD,H1,2026-02-25T18:00:00Z,1.18012,1.18072,1.17985,1.18041
EURUSD,H1,2026-02-25T19:00:00Z,1.18041,1.18143,1.18026,1.18075
EURUSD,H1,2026-02-25T20:00:00Z,1.18075,1.18109,1.18041,1.18046
EURUSD,H1,2026-02-25T21:00:00Z,1.18047,1.18094,1.18028,1.18055
EURUSD,H1,2026-02-25T22:00:00Z,1.18055,1.18088,1.18046,1.1806
EURUSD,H1,2026-02-25T23:00:00Z,1.1806,1.18126,1.18034,1.181
EURUSD,H1,2026-02-26T00:00:00Z,1.18092,1.18121,1.17999,1.18097
EURUSD,H1,2026-02-26T01:00:00Z,1.18097,1.18164,1.18089,1.18151
EURUSD,H1,2026-02-26T02:00:00Z,1.18151,1.18193,1.18119,1.18192
EURUSD,H1,2026-02-26T03:00:00Z,1.18191,1.18289,1.18179,1.18274
EURUSD,H1,2026-02-26T04:00:00Z,1.18274,1.18289,1.18132,1.18174
EURUSD,H1,2026-02-26T05:00:00Z,1.18175,1.18222,1.18158,1.1817
EURUSD,H1,2026-02-26T06:00:00Z,1.1817,1.18186,1.18125,1.18183
EURUSD,H1,2026-02-26T07:00:00Z,1.18183,1.18226,1.18161,1.18197
EURUSD,H1,2026-02-26T08:00:00Z,1.18197,1.18222,1.18147,1.18189
EURUSD,H1,2026-02-26T09:00:00Z,1.18188,1.18188,1.18087,1.18156
EURUSD,H1,2026-02-26T10:00:00Z,1.18156,1.18158,1.18021,1.18026
EURUSD,H1,2026-02-26T11:00:00Z,1.18025,1.1806,1.17966,1.17972
EURUSD,H1,2026-02-26T12:00:00Z,1.17972,1.17997,1.17933,1.17984
EURUSD,H1,2026-02-26T13:00:00Z,1.17984,1.18048,1.1798,1.18003
EURUSD,H1,2026-02-26T14:00:00Z,1.18003,1.18097,1.17999,1.18091
EURUSD,H1,2026-02-26T15:00:00Z,1.18091,1.18168,1.18027,1.18068
EURUSD,H1,2026-02-26T16:00:00Z,1.18069,1.18158,1.1802,1.18128
EURUSD,H1,2026-02-26T17:00:00Z,1.18129,1.18143,1.17809,1.1799
EURUSD,H1,2026-02-26T18:00:00Z,1.1799,1.17993,1.1786,1.17919
EURUSD,H1,2026-02-26T19:00:00Z,1.17919,1.17934,1.17739,1.17761
EURUSD,H1,2026-02-26T20:00:00Z,1.1776,1.17873,1.1774,1.17843
EURUSD,H1,2026-02-26T21:00:00Z,1.17846,1.17978,1.17824,1.17967
EURUSD,H1,2026-02-26T22:00:00Z,1.17967,1.18032,1.17957,1.1801300000000001
EURUSD,H1,2026-02-26T23:00:00Z,1.18015,1.18037,1.17971,1.17974
EURUSD,H1,2026-02-27T00:00:00Z,1.17958,1.17991,1.17873,1.17965
EURUSD,H1,2026-02-27T01:00:00Z,1.17965,1.18033,1.17943,1.18033
EURUSD,H1,2026-02-27T02:00:00Z,1.18033,1.18056,1.1796,1.17963
EURUSD,H1,2026-02-27T03:00:00Z,1.17963,1.18024,1.17889,1.17901
EURUSD,H1,2026-02-27T04:00:00Z,1.17903,1.1801300000000001,1.17902,1.18006
EURUSD,H1,2026-02-27T05:00:00Z,1.18005,1.18058,1.18003,1.18036
EURUSD,H1,2026-02-27T06:00:00Z,1.18035,1.18132,1.18021,1.18113
EURUSD,H1,2026-02-27T07:00:00Z,1.1811099999999999,1.18119,1.18062,1.18086
EURUSD,H1,2026-02-27T08:00:00Z,1.18086,1.1811,1.18022,1.18043
EURUSD,H1,2026-02-27T09:00:00Z,1.18043,1.18194,1.17972,1.18153
EURUSD,H1,2026-02-27T10:00:00Z,1.18154,1.18217,1.18081,1.18098
EURUSD,H1,2026-02-27T11:00:00Z,1.18097,1.18114,1.1792799999999999,1.17953
EURUSD,H1,2026-02-27T12:00:00Z,1.17953,1.18037,1.17948,1.1798899999999999
EURUSD,H1,2026-02-27T13:00:00Z,1.1798899999999999,1.18039,1.17962,1.18002
EURUSD,H1,2026-02-27T14:00:00Z,1.18002,1.18083,1.17987,1.18023
EURUSD,H1,2026-02-27T15:00:00Z,1.18023,1.18065,1.17904,1.17924
EURUSD,H1,2026-02-27T16:00:00Z,1.17926,1.18154,1.17908,1.1797
EURUSD,H1,2026-02-27T17:00:00Z,1.17971,1.1817,1.17964,1.18073
EURUSD,H1,2026-02-27T18:00:00Z,1.18072,1.18252,1.18057,1.1822
EURUSD,H1,2026-02-27T19:00:00Z,1.1822,1.18268,1.18154,1.18165
EURUSD,H1,2026-02-27T20:00:00Z,1.18165,1.1819,1.18112,1.1818
EURUSD,H1,2026-02-27T21:00:00Z,1.18179,1.18227,1.18168,1.18192
EURUSD,H1,2026-02-27T22:00:00Z,1.18192,1.18259,1.18151,1.18158
EURUSD,H1,2026-02-27T23:00:00Z,1.1816,1.18184,1.1811099999999999,1.1814
EURUSD,H1,2026-03-02T00:00:00Z,1.17723,1.17763,1.17563,1.17727
EURUSD,H1,2026-03-02T01:00:00Z,1.17727,1.17878,1.17571,1.17593
EURUSD,H1,2026-03-02T02:00:00Z,1.1759,1.17781,1.1756199999999999,1.17774
EURUSD,H1,2026-03-02T03:00:00Z,1.17774,1.17941,1.17753,1.17919
EURUSD,H1,2026-03-02T04:00:00Z,1.17919,1.17934,1.17809,1.17888
EURUSD,H1,2026-03-02T05:00:00Z,1.17887,1.17959,1.17883,1.17888
EURUSD,H1,2026-03-02T06:00:00Z,1.17888,1.17903,1.17818,1.17865
EURUSD,H1,2026-03-02T07:00:00Z,1.17865,1.17865,1.17662,1.17663
EURUSD,H1,2026-03-02T08:00:00Z,1.17664,1.17666,1.17302,1.17323
EURUSD,H1,2026-03-02T09:00:00Z,1.17324,1.17344,1.17035,1.17164
EURUSD,H1,2026-03-02T10:00:00Z,1.17161,1.17237,1.16981,1.17227
EURUSD,H1,2026-03-02T11:00:00Z,1.17224,1.17437,1.17212,1.17331
EURUSD,H1,2026-03-02T12:00:00Z,1.17329,1.17474,1.17329,1.17386
EURUSD,H1,2026-03-02T13:00:00Z,1.17386,1.17413,1.17263,1.17333
EURUSD,H1,2026-03-02T14:00:00Z,1.17333,1.17339,1.17021,1.17037
EURUSD,H1,2026-03-02T15:00:00Z,1.17037,1.17183,1.16953,1.16984
EURUSD,H1,2026-03-02T16:00:00Z,1.16983,1.17239,1.16949,1.17177
EURUSD,H1,2026-03-02T17:00:00Z,1.17135,1.1716199999999999,1.16799,1.16802
EURUSD,H1,2026-03-02T18:00:00Z,1.168,1.16944,1.16717,1.16895
EURUSD,H1,2026-03-02T19:00:00Z,1.16896,1.17078,1.16867,1.17072
EURUSD,H1,2026-03-02T20:00:00Z,1.17072,1.17074,1.16868,1.16944
EURUSD,H1,2026-03-02T21:00:00Z,1.1694499999999999,1.17134,1.16938,1.17111
EURUSD,H1,2026-03-02T22:00:00Z,1.17112,1.17133,1.16785,1.16902
EURUSD,H1,2026-03-02T23:00:00Z,1.16902,1.16952,1.16891,1.16899
EURUSD,H1,2026-03-03T00:00:00Z,1.16859,1.16909,1.16798,1.16864
EURUSD,H1,2026-03-03T01:00:00Z,1.16864,1.16982,1.16855,1.16947
EURUSD,H1,2026-03-03T02:00:00Z,1.16948,1.16957,1.16864,1.16953
EURUSD,H1,2026-03-03T03:00:00Z,1.16953,1.17069,1.16924,1.1697
EURUSD,H1,2026-03-03T04:00:00Z,1.16967,1.16991,1.16858,1.16943
EURUSD,H1,2026-03-03T05:00:00Z,1.1694499999999999,1.16976,1.16863,1.16904
EURUSD,H1,2026-03-03T06:00:00Z,1.16904,1.1693500000000001,1.16792,1.1681
EURUSD,H1,2026-03-03T07:00:00Z,1.16811,1.16849,1.1665,1.16666
EURUSD,H1,2026-03-03T08:00:00Z,1.16666,1.16716,1.16619,1.16692
EURUSD,H1,2026-03-03T09:00:00Z,1.16692,1.16693,1.16426,1.16436
EURUSD,H1,2026-03-03T10:00:00Z,1.16436,1.16462,1.1617899999999999,1.16229
EURUSD,H1,2026-03-03T11:00:00Z,1.16229,1.1629,1.1598600000000001,1.16056
EURUSD,H1,2026-03-03T12:00:00Z,1.1605699999999999,1.16129,1.15891,1.1592
EURUSD,H1,2026-03-03T13:00:00Z,1.15919,1.16036,1.1582,1.15974
EURUSD,H1,2026-03-03T14:00:00Z,1.15974,1.16154,1.15902,1.16129
EURUSD,H1,2026-03-03T15:00:00Z,1.16128,1.1615,1.15902,1.15906
EURUSD,H1,2026-03-03T16:00:00Z,1.15905,1.15995,1.15648,1.15674
EURUSD,H1,2026-03-03T17:00:00Z,1.15675,1.15849,1.15302,1.15727
EURUSD,H1,2026-03-03T18:00:00Z,1.15729,1.1606,1.15693,1.1602999999999999
EURUSD,H1,2026-03-03T19:00:00Z,1.16031,1.16035,1.15868,1.15904
EURUSD,H1,2026-03-03T20:00:00Z,1.15904,1.16221,1.15899,1.16156
EURUSD,H1,2026-03-03T21:00:00Z,1.16156,1.16258,1.15998,1.16125
EURUSD,H1,2026-03-03T22:00:00Z,1.16125,1.16246,1.16113,1.16175
EURUSD,H1,2026-03-03T23:00:00Z,1.16175,1.16183,1.16098,1.16119
EURUSD,H1,2026-03-04T00:00:00Z,1.16116,1.16147,1.16022,1.1611799999999999
EURUSD,H1,2026-03-04T01:00:00Z,1.1611799999999999,1.1620300000000001,1.16088,1.16107
EURUSD,H1,2026-03-04T02:00:00Z,1.1610800000000001,1.16111,1.15922,1.15929
EURUSD,H1,2026-03-04T03:00:00Z,1.1593,1.15976,1.15747,1.15939
EURUSD,H1,2026-03-04T04:00:00Z,1.15939,1.16043,1.15913,1.15981
EURUSD,H1,2026-03-04T05:00:00Z,1.15981,1.16093,1.15953,1.16085
EURUSD,H1,2026-03-04T06:00:00Z,1.16085,1.16103,1.15902,1.1593
EURUSD,H1,2026-03-04T07:00:00Z,1.1593,1.1599,1.1587,1.15952
EURUSD,H1,2026-03-04T08:00:00Z,1.15951,1.16178,1.15897,1.1610800000000001
EURUSD,H1,2026-03-04T09:00:00Z,1.16107,1.1628,1.16107,1.16159
EURUSD,H1,2026-03-04T10:00:00Z,1.16159,1.1617,1.1595,1.1599599999999999
EURUSD,H1,2026-03-04T11:00:00Z,1.1599599999999999,1.162,1.15921,1.16087
EURUSD,H1,2026-03-04T12:00:00Z,1.16087,1.16472,1.16084,1.16343
EURUSD,H1,2026-03-04T13:00:00Z,1.16343,1.16547,1.16308,1.16351
EURUSD,H1,2026-03-04T14:00:00Z,1.16351,1.16488,1.16261,1.16303
EURUSD,H1,2026-03-04T15:00:00Z,1.16303,1.1652,1.1630099999999999,1.1631
EURUSD,H1,2026-03-04T16:00:00Z,1.16305,1.16413,1.16206,1.16251
EURUSD,H1,2026-03-04T17:00:00Z,1.16237,1.16406,1.16166,1.16403
EURUSD,H1,2026-03-04T18:00:00Z,1.16403,1.16461,1.16286,1.16372
EURUSD,H1,2026-03-04T19:00:00Z,1.16373,1.16436,1.16265,1.1633
EURUSD,H1,2026-03-04T20:00:00Z,1.16331,1.1633499999999999,1.16233,1.16244
EURUSD,H1,2026-03-04T21:00:00Z,1.16244,1.16412,1.16243,1.16397
EURUSD,H1,2026-03-04T22:00:00Z,1.16398,1.16437,1.16382,1.16402
EURUSD,H1,2026-03-04T23:00:00Z,1.16402,1.16417,1.16338,1.16353
EURUSD,H1,2026-03-05T00:00:00Z,1.16319,1.16337,1.16245,1.16336
EURUSD,H1,2026-03-05T01:00:00Z,1.16336,1.16384,1.16334,1.16349
EURUSD,H1,2026-03-05T02:00:00Z,1.16348,1.16454,1.16322,1.1645
EURUSD,H1,2026-03-05T03:00:00Z,1.16451,1.16474,1.16271,1.16282
EURUSD,H1,2026-03-05T04:00:00Z,1.16282,1.16318,1.16224,1.16257
EURUSD,H1,2026-03-05T05:00:00Z,1.16257,1.16276,1.16099,1.16131
EURUSD,H1,2026-03-05T06:00:00Z,1.1613,1.16147,1.16055,1.16085
EURUSD,H1,2026-03-05T07:00:00Z,1.16085,1.16139,1.15941,1.15946
EURUSD,H1,2026-03-05T08:00:00Z,1.15947,1.16165,1.15876,1.16069
EURUSD,H1,2026-03-05T09:00:00Z,1.16069,1.16162,1.15991,1.16048
EURUSD,H1,2026-03-05T10:00:00Z,1.16049,1.16049,1.15814,1.15988
EURUSD,H1,2026-03-05T11:00:00Z,1.15987,1.16445,1.15965,1.16227
EURUSD,H1,2026-03-05T12:00:00Z,1.16227,1.16318,1.16062,1.16109
EURUSD,H1,2026-03-05T13:00:00Z,1.1611,1.16173,1.16038,1.16113
EURUSD,H1,2026-03-05T14:00:00Z,1.16113,1.16249,1.16075,1.16205
EURUSD,H1,2026-03-05T15:00:00Z,1.1620300000000001,1.16245,1.15897,1.15973
EURUSD,H1,2026-03-05T16:00:00Z,1.15973,1.16089,1.15923,1.16025
EURUSD,H1,2026-03-05T17:00:00Z,1.16033,1.16092,1.15692,1.15831
EURUSD,H1,2026-03-05T18:00:00Z,1.15829,1.15867,1.15588,1.15838
EURUSD,H1,2026-03-05T19:00:00Z,1.15838,1.1592,1.15725,1.15879
EURUSD,H1,2026-03-05T20:00:00Z,1.15878,1.15916,1.15711,1.1586
EURUSD,H1,2026-03-05T21:00:00Z,1.15859,1.1588,1.15701,1.15729
EURUSD,H1,2026-03-05T22:00:00Z,1.1573,1.16103,1.15703,1.1604700000000001
EURUSD,H1,2026-03-05T23:00:00Z,1.16045,1.16104,1.16018,1.1608100000000001
EURUSD,H1,2026-03-06T00:00:00Z,1.1608,1.1609099999999999,1.16042,1.16075
EURUSD,H1,2026-03-06T01:00:00Z,1.16075,1.16103,1.16033,1.16066
EURUSD,H1,2026-03-06T02:00:00Z,1.16067,1.16144,1.16054,1.1611
EURUSD,H1,2026-03-06T03:00:00Z,1.1611,1.16202,1.1607,1.16151
EURUSD,H1,2026-03-06T04:00:00Z,1.1615,1.16206,1.16143,1.16164
EURUSD,H1,2026-03-06T05:00:00Z,1.16164,1.16207,1.16161,1.16201
EURUSD,H1,2026-03-06T06:00:00Z,1.162,1.16212,1.1613,1.16135
EURUSD,H1,2026-03-06T07:00:00Z,1.16135,1.16167,1.1605699999999999,1.16064
EURUSD,H1,2026-03-06T08:00:00Z,1.16064,1.16119,1.16017,1.16116
EURUSD,H1,2026-03-06T09:00:00Z,1.16116,1.16182,1.16065,1.16145
EURUSD,H1,2026-03-06T10:00:00Z,1.16147,1.16147,1.16015,1.16031
EURUSD,H1,2026-03-06T11:00:00Z,1.16031,1.16031,1.15717,1.1574200000000001
EURUSD,H1,2026-03-06T12:00:00Z,1.1574200000000001,1.15848,1.15728,1.15784
EURUSD,H1,2026-03-06T13:00:00Z,1.15784,1.1581299999999999,1.15611,1.15625
EURUSD,H1,2026-03-06T14:00:00Z,1.15625,1.15688,1.15522,1.15549
EURUSD,H1,2026-03-06T15:00:00Z,1.15547,1.15927,1.15504,1.1555
EURUSD,H1,2026-03-06T16:00:00Z,1.15549,1.15747,1.15458,1.15721
EURUSD,H1,2026-03-06T17:00:00Z,1.15721,1.15928,1.15705,1.15797
EURUSD,H1,2026-03-06T18:00:00Z,1.15796,1.16131,1.1579,1.1605699999999999
EURUSD,H1,2026-03-06T19:00:00Z,1.16056,1.16093,1.15948,1.15957
EURUSD,H1,2026-03-06T20:00:00Z,1.15957,1.16214,1.15929,1.15985
EURUSD,H1,2026-03-06T21:00:00Z,1.15985,1.16096,1.15968,1.16013
EURUSD,H1,2026-03-06T22:00:00Z,1.16014,1.16098,1.15957,1.1606
EURUSD,H1,2026-03-06T23:00:00Z,1.1605699999999999,1.16181,1.16052,1.16161
EURUSD,H1,2026-03-09T00:00:00Z,1.15464,1.15645,1.15438,1.1546
EURUSD,H1,2026-03-09T01:00:00Z,1.1546,1.15515,1.15253,1.15358
EURUSD,H1,2026-03-09T02:00:00Z,1.1536,1.15401,1.15213,1.15246
EURUSD,H1,2026-03-09T03:00:00Z,1.15245,1.1531500000000001,1.1516,1.15174
EURUSD,H1,2026-03-09T04:00:00Z,1.15172,1.15239,1.15072,1.15093
EURUSD,H1,2026-03-09T05:00:00Z,1.15093,1.1528100000000001,1.15083,1.15249
EURUSD,H1,2026-03-09T06:00:00Z,1.15248,1.15289,1.15126,1.15166
EURUSD,H1,2026-03-09T07:00:00Z,1.15168,1.15296,1.1516,1.15259
EURUSD,H1,2026-03-09T08:00:00Z,1.15259,1.1571500000000001,1.15238,1.15675
EURUSD,H1,2026-03-09T09:00:00Z,1.15674,1.1569099999999999,1.1544699999999999,1.15448
EURUSD,H1,2026-03-09T10:00:00Z,1.15448,1.15652,1.15354,1.15634
EURUSD,H1,2026-03-09T11:00:00Z,1.15638,1.15651,1.15152,1.15346
EURUSD,H1,2026-03-09T12:00:00Z,1.15348,1.15729,1.15311,1.1554
EURUSD,H1,2026-03-09T13:00:00Z,1.1554,1.15649,1.15468,1.15604
EURUSD,H1,2026-03-09T14:00:00Z,1.15604,1.15678,1.1555,1.15613
EURUSD,H1,2026-03-09T15:00:00Z,1.15615,1.15686,1.15501,1.15533
EURUSD,H1,2026-03-09T16:00:00Z,1.15539,1.15879,1.15524,1.15758
EURUSD,H1,2026-03-09T17:00:00Z,1.15758,1.15781,1.1547399999999999,1.1573
EURUSD,H1,2026-03-09T18:00:00Z,1.15731,1.15937,1.15724,1.15914
EURUSD,H1,2026-03-09T19:00:00Z,1.15915,1.15993,1.15853,1.15877
EURUSD,H1,2026-03-09T20:00:00Z,1.15876,1.15895,1.15785,1.15786
EURUSD,H1,2026-03-09T21:00:00Z,1.15786,1.15843,1.15758,1.15764
EURUSD,H1,2026-03-09T22:00:00Z,1.15765,1.16337,1.15753,1.16089
EURUSD,H1,2026-03-09T23:00:00Z,1.16089,1.1637,1.16086,1.16358
EURUSD,H1,2026-03-10T00:00:00Z,1.16354,1.16363,1.16314,1.1636
EURUSD,H1,2026-03-10T01:00:00Z,1.1636,1.16456,1.16227,1.16297
EURUSD,H1,2026-03-10T02:00:00Z,1.1629800000000001,1.16313,1.16147,1.16165
EURUSD,H1,2026-03-10T03:00:00Z,1.16165,1.16357,1.16117,1.16263
EURUSD,H1,2026-03-10T04:00:00Z,1.16263,1.16296,1.1611799999999999,1.16199
EURUSD,H1,2026-03-10T05:00:00Z,1.16199,1.16269,1.1611799999999999,1.16132
EURUSD,H1,2026-03-10T06:00:00Z,1.16132,1.16157,1.16079,1.16095
EURUSD,H1,2026-03-10T07:00:00Z,1.16095,1.16144,1.16069,1.1611799999999999
EURUSD,H1,2026-03-10T08:00:00Z,1.16117,1.1620300000000001,1.16115,1.1620300000000001
EURUSD,H1,2026-03-10T09:00:00Z,1.1620300000000001,1.16376,1.1620300000000001,1.1632500000000001
EURUSD,H1,2026-03-10T10:00:00Z,1.1632500000000001,1.16635,1.16277,1.16606
EURUSD,H1,2026-03-10T11:00:00Z,1.166,1.16618,1.16431,1.16458
EURUSD,H1,2026-03-10T12:00:00Z,1.16458,1.1659,1.16439,1.16512
EURUSD,H1,2026-03-10T13:00:00Z,1.16513,1.16517,1.1620300000000001,1.16395
EURUSD,H1,2026-03-10T14:00:00Z,1.16395,1.16531,1.16363,1.16385
EURUSD,H1,2026-03-10T15:00:00Z,1.16387,1.1641,1.16214,1.16345
EURUSD,H1,2026-03-10T16:00:00Z,1.16344,1.16489,1.16291,1.16323
EURUSD,H1,2026-03-10T17:00:00Z,1.16324,1.16503,1.1627,1.16483
EURUSD,H1,2026-03-10T18:00:00Z,1.16482,1.16551,1.16397,1.16475
EURUSD,H1,2026-03-10T19:00:00Z,1.16475,1.16545,1.16391,1.16517
EURUSD,H1,2026-03-10T20:00:00Z,1.16517,1.16673,1.16414,1.16452
EURUSD,H1,2026-03-10T21:00:00Z,1.16452,1.16459,1.1614,1.16245
EURUSD,H1,2026-03-10T22:00:00Z,1.16245,1.16285,1.16059,1.16144
EURUSD,H1,2026-03-10T23:00:00Z,1.16145,1.16154,1.16075,1.16083
EURUSD,H1,2026-03-11T00:00:00Z,1.16105,1.16105,1.16053,1.16084
EURUSD,H1,2026-03-11T01:00:00Z,1.16084,1.16128,1.16029,1.1605
EURUSD,H1,2026-03-11T02:00:00Z,1.1605,1.1612,1.16048,1.16114
EURUSD,H1,2026-03-11T03:00:00Z,1.16114,1.16249,1.1605699999999999,1.16181
EURUSD,H1,2026-03-11T04:00:00Z,1.1617899999999999,1.16281,1.16125,1.16268
EURUSD,H1,2026-03-11T05:00:00Z,1.16268,1.16294,1.16187,1.16259
EURUSD,H1,2026-03-11T06:00:00Z,1.16259,1.16318,1.1625,1.16303
EURUSD,H1,2026-03-11T07:00:00Z,1.16303,1.16352,1.1628,1.16338
EURUSD,H1,2026-03-11T08:00:00Z,1.16336,1.16361,1.1630099999999999,1.16328
EURUSD,H1,2026-03-11T09:00:00Z,1.16328,1.1641,1.16299,1.16336
EURUSD,H1,2026-03-11T10:00:00Z,1.16332,1.16454,1.16136,1.1617
EURUSD,H1,2026-03-11T11:00:00Z,1.1616900000000001,1.16214,1.16034,1.16126
EURUSD,H1,2026-03-11T12:00:00Z,1.16125,1.16139,1.15901,1.15921
EURUSD,H1,2026-03-11T13:00:00Z,1.15921,1.16116,1.15911,1.1607
EURUSD,H1,2026-03-11T14:00:00Z,1.1607,1.16106,1.15943,1.15945
EURUSD,H1,2026-03-11T15:00:00Z,1.15945,1.16042,1.15774,1.15825
EURUSD,H1,2026-03-11T16:00:00Z,1.15825,1.15931,1.15779,1.15917
EURUSD,H1,2026-03-11T17:00:00Z,1.15916,1.16127,1.1581,1.15819
EURUSD,H1,2026-03-11T18:00:00Z,1.15818,1.15842,1.15655,1.15663
EURUSD,H1,2026-03-11T19:00:00Z,1.15662,1.15766,1.1562999999999999,1.15709
EURUSD,H1,2026-03-11T20:00:00Z,1.1571,1.15764,1.15608,1.15712
EURUSD,H1,2026-03-11T21:00:00Z,1.15712,1.15743,1.15641,1.15716
EURUSD,H1,2026-03-11T22:00:00Z,1.15716,1.15763,1.1568100000000001,1.15732
EURUSD,H1,2026-03-11T23:00:00Z,1.15732,1.15736,1.15646,1.15666
EURUSD,H1,2026-03-12T00:00:00Z,1.15666,1.15731,1.15646,1.15724
EURUSD,H1,2026-03-12T01:00:00Z,1.15724,1.15741,1.15495,1.15502
EURUSD,H1,2026-03-12T02:00:00Z,1.15502,1.15537,1.15397,1.15428
EURUSD,H1,2026-03-12T03:00:00Z,1.15426,1.155,1.1534,1.15458
EURUSD,H1,2026-03-12T04:00:00Z,1.15458,1.15555,1.15455,1.15507
EURUSD,H1,2026-03-12T05:00:00Z,1.15507,1.15543,1.15323,1.15389
EURUSD,H1,2026-03-12T06:00:00Z,1.15389,1.15404,1.15331,1.15384
EURUSD,H1,2026-03-12T07:00:00Z,1.15383,1.154,1.15318,1.15329
EURUSD,H1,2026-03-12T08:00:00Z,1.1533,1.15453,1.15326,1.15395
EURUSD,H1,2026-03-12T09:00:00Z,1.15394,1.15515,1.15392,1.15478
EURUSD,H1,2026-03-12T10:00:00Z,1.15477,1.15528,1.15415,1.15512
EURUSD,H1,2026-03-12T11:00:00Z,1.15512,1.1556,1.15433,1.15473
EURUSD,H1,2026-03-12T12:00:00Z,1.15472,1.15612,1.1544699999999999,1.15597
EURUSD,H1,2026-03-12T13:00:00Z,1.15595,1.15629,1.15491,1.15578
EURUSD,H1,2026-03-12T14:00:00Z,1.15578,1.15663,1.15525,1.15562
EURUSD,H1,2026-03-12T15:00:00Z,1.15565,1.15574,1.1532499999999999,1.15392
EURUSD,H1,2026-03-12T16:00:00Z,1.15393,1.15504,1.15201,1.15261
EURUSD,H1,2026-03-12T17:00:00Z,1.15262,1.15332,1.15155,1.15205
EURUSD,H1,2026-03-12T18:00:00Z,1.15204,1.15284,1.15109,1.15221
EURUSD,H1,2026-03-12T19:00:00Z,1.1522000000000001,1.1532499999999999,1.15136,1.15219
EURUSD,H1,2026-03-12T20:00:00Z,1.15219,1.15319,1.15192,1.15219
EURUSD,H1,2026-03-12T21:00:00Z,1.15218,1.15243,1.15112,1.15121
EURUSD,H1,2026-03-12T22:00:00Z,1.15122,1.15185,1.15107,1.15152
EURUSD,H1,2026-03-12T23:00:00Z,1.15153,1.15163,1.15096,1.15102
EURUSD,H1,2026-03-13T00:00:00Z,1.15113,1.1512,1.15086,1.1511
EURUSD,H1,2026-03-13T01:00:00Z,1.1511,1.15215,1.15103,1.15191
EURUSD,H1,2026-03-13T02:00:00Z,1.15191,1.15233,1.15149,1.15209
EURUSD,H1,2026-03-13T03:00:00Z,1.15209,1.15284,1.15202,1.15234
EURUSD,H1,2026-03-13T04:00:00Z,1.15234,1.15297,1.15146,1.15164
EURUSD,H1,2026-03-13T05:00:00Z,1.15165,1.15223,1.15111,1.15136
EURUSD,H1,2026-03-13T06:00:00Z,1.15136,1.15157,1.1504699999999999,1.15091
EURUSD,H1,2026-03-13T07:00:00Z,1.15089,1.15093,1.15,1.15032
EURUSD,H1,2026-03-13T08:00:00Z,1.15033,1.15065,1.15001,1.15007
EURUSD,H1,2026-03-13T09:00:00Z,1.15008,1.15034,1.14824,1.14828
EURUSD,H1,2026-03-13T10:00:00Z,1.14829,1.14836,1.14542,1.14579
EURUSD,H1,2026-03-13T11:00:00Z,1.14579,1.14591,1.14329,1.1445
EURUSD,H1,2026-03-13T12:00:00Z,1.14451,1.14616,1.14451,1.14533
EURUSD,H1,2026-03-13T13:00:00Z,1.14532,1.1472,1.14518,1.14584
EURUSD,H1,2026-03-13T14:00:00Z,1.14583,1.14709,1.14554,1.14685
EURUSD,H1,2026-03-13T15:00:00Z,1.14684,1.14886,1.1461000000000001,1.14778
EURUSD,H1,2026-03-13T16:00:00Z,1.14779,1.14901,1.14737,1.14786
EURUSD,H1,2026-03-13T17:00:00Z,1.14784,1.14848,1.14555,1.14572
EURUSD,H1,2026-03-13T18:00:00Z,1.14572,1.14612,1.14345,1.14431
EURUSD,H1,2026-03-13T19:00:00Z,1.14431,1.14505,1.14362,1.14421
EURUSD,H1,2026-03-13T20:00:00Z,1.14421,1.1446,1.14337,1.14422
EURUSD,H1,2026-03-13T21:00:00Z,1.14422,1.14428,1.14317,1.1436
EURUSD,H1,2026-03-13T22:00:00Z,1.1436,1.14369,1.14199,1.14223
EURUSD,H1,2026-03-13T23:00:00Z,1.14222,1.14226,1.14107,1.14152
EURUSD,H1,2026-03-16T00:00:00Z,1.14184,1.14287,1.14173,1.14252
EURUSD,H1,2026-03-16T01:00:00Z,1.14252,1.14352,1.1419,1.143
EURUSD,H1,2026-03-16T02:00:00Z,1.14301,1.14357,1.14259,1.14355
EURUSD,H1,2026-03-16T03:00:00Z,1.14355,1.14555,1.14351,1.1454900000000001
EURUSD,H1,2026-03-16T04:00:00Z,1.1455,1.14566,1.14396,1.14493
EURUSD,H1,2026-03-16T05:00:00Z,1.14494,1.14516,1.14449,1.1448
EURUSD,H1,2026-03-16T06:00:00Z,1.1448,1.1454,1.14458,1.14506
EURUSD,H1,2026-03-16T07:00:00Z,1.14506,1.14516,1.14415,1.14415
EURUSD,H1,2026-03-16T08:00:00Z,1.14415,1.14434,1.1433200000000001,1.14348
EURUSD,H1,2026-03-16T09:00:00Z,1.14346,1.1436600000000001,1.1424,1.14317
EURUSD,H1,2026-03-16T10:00:00Z,1.14316,1.14348,1.14143,1.14258
EURUSD,H1,2026-03-16T11:00:00Z,1.14259,1.14453,1.14259,1.14449
EURUSD,H1,2026-03-16T12:00:00Z,1.14449,1.14526,1.1441,1.145
EURUSD,H1,2026-03-16T13:00:00Z,1.145,1.14779,1.14476,1.14754
EURUSD,H1,2026-03-16T14:00:00Z,1.14754,1.14872,1.1470799999999999,1.14791
EURUSD,H1,2026-03-16T15:00:00Z,1.1479300000000001,1.14878,1.14723,1.14738
EURUSD,H1,2026-03-16T16:00:00Z,1.1474,1.15009,1.1474,1.15003
EURUSD,H1,2026-03-16T17:00:00Z,1.15002,1.15021,1.14804,1.14886
EURUSD,H1,2026-03-16T18:00:00Z,1.1488800000000001,1.15003,1.1480299999999999,1.14869
EURUSD,H1,2026-03-16T19:00:00Z,1.14869,1.14993,1.14777,1.14935
EURUSD,H1,2026-03-16T20:00:00Z,1.14938,1.15039,1.14906,1.14923
EURUSD,H1,2026-03-16T21:00:00Z,1.14922,1.15237,1.14921,1.15186
EURUSD,H1,2026-03-16T22:00:00Z,1.15187,1.15248,1.1506,1.15078
EURUSD,H1,2026-03-16T23:00:00Z,1.15079,1.15105,1.15032,1.15057
EURUSD,H1,2026-03-17T00:00:00Z,1.15046,1.15113,1.15023,1.15059
EURUSD,H1,2026-03-17T01:00:00Z,1.15059,1.15059,1.14979,1.14989
EURUSD,H1,2026-03-17T02:00:00Z,1.14989,1.14999,1.14948,1.14983
EURUSD,H1,2026-03-17T03:00:00Z,1.14984,1.14984,1.1489099999999999,1.1492499999999999
EURUSD,H1,2026-03-17T04:00:00Z,1.1492499999999999,1.14957,1.14865,1.1493
EURUSD,H1,2026-03-17T05:00:00Z,1.1493,1.1498599999999999,1.14911,1.1495
EURUSD,H1,2026-03-17T06:00:00Z,1.1495,1.1503,1.14919,1.1492
EURUSD,H1,2026-03-17T07:00:00Z,1.1492,1.14999,1.14893,1.1497
EURUSD,H1,2026-03-17T08:00:00Z,1.1497,1.14992,1.14781,1.14795
EURUSD,H1,2026-03-17T09:00:00Z,1.14795,1.14817,1.1466,1.14817
EURUSD,H1,2026-03-17T10:00:00Z,1.14817,1.15002,1.14797,1.1494900000000001
EURUSD,H1,2026-03-17T11:00:00Z,1.1494900000000001,1.15181,1.14876,1.15104
EURUSD,H1,2026-03-17T12:00:00Z,1.15106,1.15248,1.15083,1.15167
EURUSD,H1,2026-03-17T13:00:00Z,1.15168,1.15168,1.15039,1.15062
EURUSD,H1,2026-03-17T14:00:00Z,1.15063,1.15187,1.15048,1.15075
EURUSD,H1,2026-03-17T15:00:00Z,1.15076,1.15246,1.15045,1.15241
EURUSD,H1,2026-03-17T16:00:00Z,1.15241,1.15436,1.15241,1.15306
EURUSD,H1,2026-03-17T17:00:00Z,1.15306,1.15388,1.15207,1.15333
EURUSD,H1,2026-03-17T18:00:00Z,1.15333,1.15388,1.15207,1.15248
EURUSD,H1,2026-03-17T19:00:00Z,1.15248,1.1533,1.15181,1.1528
EURUSD,H1,2026-03-17T20:00:00Z,1.1528,1.15399,1.1526399999999999,1.15397
EURUSD,H1,2026-03-17T21:00:00Z,1.15398,1.15472,1.15385,1.15391
EURUSD,H1,2026-03-17T22:00:00Z,1.15392,1.1541299999999999,1.15339,1.15356
EURUSD,H1,2026-03-17T23:00:00Z,1.15356,1.15418,1.15351,1.154
EURUSD,H1,2026-03-18T00:00:00Z,1.15391,1.15391,1.15302,1.15358
EURUSD,H1,2026-03-18T01:00:00Z,1.15358,1.15439,1.15355,1.15401
EURUSD,H1,2026-03-18T02:00:00Z,1.15401,1.1541,1.15374,1.15387
EURUSD,H1,2026-03-18T03:00:00Z,1.15388,1.15441,1.1532,1.15327
EURUSD,H1,2026-03-18T04:00:00Z,1.1532499999999999,1.15402,1.15321,1.1534
EURUSD,H1,2026-03-18T05:00:00Z,1.1534,1.15381,1.15321,1.15326
EURUSD,H1,2026-03-18T06:00:00Z,1.15326,1.15368,1.15322,1.15361
EURUSD,H1,2026-03-18T07:00:00Z,1.15361,1.15425,1.1536,1.15415
EURUSD,H1,2026-03-18T08:00:00Z,1.15416,1.15468,1.15401,1.15455
EURUSD,H1,2026-03-18T09:00:00Z,1.15454,1.15491,1.15396,1.15422
EURUSD,H1,2026-03-18T10:00:00Z,1.15422,1.15456,1.15233,1.1526399999999999
EURUSD,H1,2026-03-18T11:00:00Z,1.1526399999999999,1.15343,1.15176,1.1532499999999999
EURUSD,H1,2026-03-18T12:00:00Z,1.15324,1.15395,1.15253,1.15388
EURUSD,H1,2026-03-18T13:00:00Z,1.15388,1.15439,1.15338,1.15399
EURUSD,H1,2026-03-18T14:00:00Z,1.15399,1.15553,1.15301,1.15466
EURUSD,H1,2026-03-18T15:00:00Z,1.15467,1.15481,1.15056,1.15073
EURUSD,H1,2026-03-18T16:00:00Z,1.15074,1.15155,1.14907,1.15144
EURUSD,H1,2026-03-18T17:00:00Z,1.15149,1.15274,1.15042,1.15165
EURUSD,H1,2026-03-18T18:00:00Z,1.15165,1.15297,1.15115,1.1513
EURUSD,H1,2026-03-18T19:00:00Z,1.15129,1.15222,1.15067,1.15107
EURUSD,H1,2026-03-18T20:00:00Z,1.15105,1.15166,1.15026,1.15151
EURUSD,H1,2026-03-18T21:00:00Z,1.15151,1.15252,1.14771,1.14773
EURUSD,H1,2026-03-18T22:00:00Z,1.14772,1.14826,1.14685,1.14697
EURUSD,H1,2026-03-18T23:00:00Z,1.14696,1.14705,1.1449799999999999,1.14504
EURUSD,H1,2026-03-19T00:00:00Z,1.14508,1.14689,1.145,1.14628
EURUSD,H1,2026-03-19T01:00:00Z,1.14628,1.14654,1.14512,1.14568
EURUSD,H1,2026-03-19T02:00:00Z,1.14568,1.14659,1.14554,1.14634
EURUSD,H1,2026-03-19T03:00:00Z,1.1463,1.14744,1.14621,1.14741
EURUSD,H1,2026-03-19T04:00:00Z,1.1474199999999999,1.14837,1.14734,1.14762
EURUSD,H1,2026-03-19T05:00:00Z,1.14761,1.14913,1.14718,1.1482
EURUSD,H1,2026-03-19T06:00:00Z,1.1482,1.14834,1.14747,1.14749
EURUSD,H1,2026-03-19T07:00:00Z,1.14746,1.1475,1.14669,1.14689
EURUSD,H1,2026-03-19T08:00:00Z,1.14689,1.1471,1.14636,1.14658
EURUSD,H1,2026-03-19T09:00:00Z,1.14658,1.14768,1.14611,1.14653
EURUSD,H1,2026-03-19T10:00:00Z,1.14653,1.14752,1.14508,1.1452499999999999
EURUSD,H1,2026-03-19T11:00:00Z,1.1452499999999999,1.14592,1.1443,1.1451
EURUSD,H1,2026-03-19T12:00:00Z,1.1451,1.1488,1.1451,1.14801
EURUSD,H1,2026-03-19T13:00:00Z,1.14797,1.14797,1.14666,1.14739
EURUSD,H1,2026-03-19T14:00:00Z,1.14739,1.14814,1.14658,1.14797
EURUSD,H1,2026-03-19T15:00:00Z,1.14797,1.14899,1.14628,1.14872
EURUSD,H1,2026-03-19T16:00:00Z,1.14872,1.15272,1.14695,1.15176
EURUSD,H1,2026-03-19T17:00:00Z,1.15178,1.15282,1.15008,1.15165
EURUSD,H1,2026-03-19T18:00:00Z,1.15165,1.15389,1.14985,1.1514199999999999
EURUSD,H1,2026-03-19T19:00:00Z,1.1514,1.1537600000000001,1.15119,1.15359
EURUSD,H1,2026-03-19T20:00:00Z,1.15358,1.15675,1.15358,1.15602
EURUSD,H1,2026-03-19T21:00:00Z,1.15602,1.15842,1.15509,1.15833
EURUSD,H1,2026-03-19T22:00:00Z,1.15835,1.16162,1.15772,1.15846
EURUSD,H1,2026-03-19T23:00:00Z,1.15846,1.15897,1.15804,1.15885
EURUSD,H1,2026-03-20T00:00:00Z,1.15876,1.15879,1.15788,1.1581
EURUSD,H1,2026-03-20T01:00:00Z,1.1581,1.1595,1.1577600000000001,1.15783
EURUSD,H1,2026-03-20T02:00:00Z,1.15783,1.15816,1.15746,1.15766
EURUSD,H1,2026-03-20T03:00:00Z,1.15766,1.15802,1.1571,1.15739
EURUSD,H1,2026-03-20T04:00:00Z,1.15739,1.1577,1.15635,1.15651
EURUSD,H1,2026-03-20T05:00:00Z,1.15653,1.1568,1.15618,1.15636
EURUSD,H1,2026-03-20T06:00:00Z,1.15637,1.15637,1.15562,1.15568
EURUSD,H1,2026-03-20T07:00:00Z,1.15568,1.15597,1.15551,1.15556
EURUSD,H1,2026-03-20T08:00:00Z,1.15556,1.15612,1.15523,1.15526
EURUSD,H1,2026-03-20T09:00:00Z,1.15526,1.15662,1.15525,1.15591
EURUSD,H1,2026-03-20T10:00:00Z,1.15591,1.15753,1.15557,1.15731
EURUSD,H1,2026-03-20T11:00:00Z,1.15736,1.15809,1.15677,1.15677
EURUSD,H1,2026-03-20T12:00:00Z,1.15678,1.15729,1.15478,1.15486
EURUSD,H1,2026-03-20T13:00:00Z,1.15487,1.15625,1.15351,1.156
EURUSD,H1,2026-03-20T14:00:00Z,1.156,1.158,1.15573,1.1571500000000001
EURUSD,H1,2026-03-20T15:00:00Z,1.1571500000000001,1.15798,1.15621,1.15644
EURUSD,H1,2026-03-20T16:00:00Z,1.15645,1.1566,1.15399,1.1541299999999999
EURUSD,H1,2026-03-20T17:00:00Z,1.15412,1.15439,1.15246,1.15349
EURUSD,H1,2026-03-20T18:00:00Z,1.15348,1.15579,1.15348,1.15421
EURUSD,H1,2026-03-20T19:00:00Z,1.15421,1.15665,1.15414,1.1559300000000001
EURUSD,H1,2026-03-20T20:00:00Z,1.1559599999999999,1.15706,1.15496,1.15577
EURUSD,H1,2026-03-20T21:00:00Z,1.15577,1.15716,1.15477,1.15504
EURUSD,H1,2026-03-20T22:00:00Z,1.15505,1.15619,1.15468,1.15584
EURUSD,H1,2026-03-20T23:00:00Z,1.15584,1.15712,1.15573,1.15685
EURUSD,H1,2026-03-23T00:00:00Z,1.15361,1.15418,1.15338,1.15348
EURUSD,H1,2026-03-23T01:00:00Z,1.15348,1.15627,1.15348,1.15582
EURUSD,H1,2026-03-23T02:00:00Z,1.15582,1.15648,1.15572,1.15621
EURUSD,H1,2026-03-23T03:00:00Z,1.15622,1.15644,1.1538599999999999,1.15444
EURUSD,H1,2026-03-23T04:00:00Z,1.15442,1.15618,1.15442,1.15544
EURUSD,H1,2026-03-23T05:00:00Z,1.15545,1.15574,1.1543,1.15467
EURUSD,H1,2026-03-23T06:00:00Z,1.15467,1.15504,1.15426,1.1547
EURUSD,H1,2026-03-23T07:00:00Z,1.15471,1.15515,1.15457,1.15505
EURUSD,H1,2026-03-23T08:00:00Z,1.15505,1.15525,1.15341,1.15341
EURUSD,H1,2026-03-23T09:00:00Z,1.15341,1.1534200000000001,1.15204,1.15305
EURUSD,H1,2026-03-23T10:00:00Z,1.15305,1.1540300000000001,1.15236,1.1527
EURUSD,H1,2026-03-23T11:00:00Z,1.1527,1.15462,1.1526,1.15297
EURUSD,H1,2026-03-23T12:00:00Z,1.15307,1.15338,1.14911,1.14948
EURUSD,H1,2026-03-23T13:00:00Z,1.14948,1.15013,1.14844,1.14856
EURUSD,H1,2026-03-23T14:00:00Z,1.14858,1.16191,1.14858,1.15565
EURUSD,H1,2026-03-23T15:00:00Z,1.1555900000000001,1.16145,1.15462,1.16126
EURUSD,H1,2026-03-23T16:00:00Z,1.16135,1.16153,1.158,1.15997
EURUSD,H1,2026-03-23T17:00:00Z,1.15997,1.164,1.1593,1.16154
EURUSD,H1,2026-03-23T18:00:00Z,1.16153,1.16312,1.15823,1.1586
EURUSD,H1,2026-03-23T19:00:00Z,1.15858,1.16007,1.15764,1.15911
EURUSD,H1,2026-03-23T20:00:00Z,1.15911,1.16096,1.15866,1.16018
EURUSD,H1,2026-03-23T21:00:00Z,1.16017,1.16374,1.15918,1.16351
EURUSD,H1,2026-03-23T22:00:00Z,1.1635,1.16353,1.16125,1.16134
EURUSD,H1,2026-03-23T23:00:00Z,1.16133,1.1615199999999999,1.16087,1.16103
EURUSD,H1,2026-03-24T00:00:00Z,1.16097,1.16141,1.16025,1.16139
EURUSD,H1,2026-03-24T01:00:00Z,1.16139,1.16177,1.16085,1.16147
EURUSD,H1,2026-03-24T02:00:00Z,1.16147,1.1616,1.16059,1.16083
EURUSD,H1,2026-03-24T03:00:00Z,1.16083,1.16087,1.1581,1.15884
EURUSD,H1,2026-03-24T04:00:00Z,1.15884,1.1596,1.15783,1.15846
EURUSD,H1,2026-03-24T05:00:00Z,1.15845,1.15923,1.15829,1.1586
EURUSD,H1,2026-03-24T06:00:00Z,1.15859,1.15893,1.15814,1.15831
EURUSD,H1,2026-03-24T07:00:00Z,1.15831,1.15834,1.15757,1.15801
EURUSD,H1,2026-03-24T08:00:00Z,1.15801,1.15892,1.15757,1.15836
EURUSD,H1,2026-03-24T09:00:00Z,1.15836,1.15924,1.1579,1.15918
EURUSD,H1,2026-03-24T10:00:00Z,1.15913,1.16177,1.15893,1.16087
EURUSD,H1,2026-03-24T11:00:00Z,1.16087,1.16093,1.15816,1.15884
EURUSD,H1,2026-03-24T12:00:00Z,1.1589,1.1597,1.15786,1.15948
EURUSD,H1,2026-03-24T13:00:00Z,1.15949,1.15963,1.15832,1.15922
EURUSD,H1,2026-03-24T14:00:00Z,1.15922,1.16004,1.15789,1.15893
EURUSD,H1,2026-03-24T15:00:00Z,1.15895,1.15993,1.15812,1.1584699999999999
EURUSD,H1,2026-03-24T16:00:00Z,1.1584699999999999,1.15907,1.1567,1.1577600000000001
EURUSD,H1,2026-03-24T17:00:00Z,1.1577600000000001,1.16069,1.15775,1.15894
EURUSD,H1,2026-03-24T18:00:00Z,1.15892,1.15972,1.15758,1.15778
EURUSD,H1,2026-03-24T19:00:00Z,1.15778,1.1592500000000001,1.15741,1.15827
EURUSD,H1,2026-03-24T20:00:00Z,1.15826,1.15839,1.1557,1.1576
EURUSD,H1,2026-03-24T21:00:00Z,1.15761,1.1592500000000001,1.15676,1.15822
EURUSD,H1,2026-03-24T22:00:00Z,1.15822,1.15928,1.15821,1.15856
EURUSD,H1,2026-03-24T23:00:00Z,1.15854,1.16283,1.15828,1.16069
EURUSD,H1,2026-03-25T00:00:00Z,1.16064,1.16113,1.1595900000000001,1.16099
EURUSD,H1,2026-03-25T01:00:00Z,1.16096,1.16191,1.16045,1.1614200000000001
EURUSD,H1,2026-03-25T02:00:00Z,1.1614200000000001,1.16182,1.16087,1.16137
EURUSD,H1,2026-03-25T03:00:00Z,1.16137,1.16307,1.16125,1.16233
EURUSD,H1,2026-03-25T04:00:00Z,1.16232,1.16244,1.16119,1.16121
EURUSD,H1,2026-03-25T05:00:00Z,1.16122,1.16132,1.16012,1.16041
EURUSD,H1,2026-03-25T06:00:00Z,1.16041,1.1605699999999999,1.16007,1.16037
EURUSD,H1,2026-03-25T07:00:00Z,1.16037,1.16041,1.15973,1.15978
EURUSD,H1,2026-03-25T08:00:00Z,1.15978,1.15981,1.15889,1.15922
EURUSD,H1,2026-03-25T09:00:00Z,1.15921,1.15998,1.1587,1.15964
EURUSD,H1,2026-03-25T10:00:00Z,1.1596,1.16052,1.15885,1.15975
EURUSD,H1,2026-03-25T11:00:00Z,1.15977,1.16166,1.15906,1.16028
EURUSD,H1,2026-03-25T12:00:00Z,1.16028,1.16094,1.15913,1.15991
EURUSD,H1,2026-03-25T13:00:00Z,1.1599,1.16056,1.1595900000000001,1.16044
EURUSD,H1,2026-03-25T14:00:00Z,1.16045,1.16114,1.15941,1.16056
EURUSD,H1,2026-03-25T15:00:00Z,1.1605699999999999,1.16137,1.15863,1.15913
EURUSD,H1,2026-03-25T16:00:00Z,1.15913,1.15988,1.15717,1.15728
EURUSD,H1,2026-03-25T17:00:00Z,1.15729,1.15878,1.15664,1.15859
EURUSD,H1,2026-03-25T18:00:00Z,1.15859,1.15893,1.15629,1.15699
EURUSD,H1,2026-03-25T19:00:00Z,1.157,1.15765,1.15553,1.15677
EURUSD,H1,2026-03-25T20:00:00Z,1.15677,1.15836,1.15647,1.15784
EURUSD,H1,2026-03-25T21:00:00Z,1.15783,1.1581,1.1561,1.15664
EURUSD,H1,2026-03-25T22:00:00Z,1.15664,1.15664,1.15592,1.15633
EURUSD,H1,2026-03-25T23:00:00Z,1.15633,1.15635,1.15557,1.15587
EURUSD,H1,2026-03-26T00:00:00Z,1.15581,1.1561,1.15556,1.15601
EURUSD,H1,2026-03-26T01:00:00Z,1.15601,1.15626,1.1556,1.15604
EURUSD,H1,2026-03-26T02:00:00Z,1.15604,1.1562000000000001,1.15589,1.15614
EURUSD,H1,2026-03-26T03:00:00Z,1.15614,1.15647,1.15539,1.15583
EURUSD,H1,2026-03-26T04:00:00Z,1.15582,1.15669,1.1558,1.15643
EURUSD,H1,2026-03-26T05:00:00Z,1.15642,1.1565699999999999,1.15547,1.15588
EURUSD,H1,2026-03-26T06:00:00Z,1.15587,1.15694,1.15579,1.15687
EURUSD,H1,2026-03-26T07:00:00Z,1.15686,1.15723,1.15674,1.15693
EURUSD,H1,2026-03-26T08:00:00Z,1.15693,1.15698,1.15577,1.15579
EURUSD,H1,2026-03-26T09:00:00Z,1.15578,1.1567,1.15518,1.15666
EURUSD,H1,2026-03-26T10:00:00Z,1.15667,1.15667,1.15505,1.15538
EURUSD,H1,2026-03-26T11:00:00Z,1.15539,1.1561,1.1547399999999999,1.15597
EURUSD,H1,2026-03-26T12:00:00Z,1.15597,1.15649,1.15526,1.1559599999999999
EURUSD,H1,2026-03-26T13:00:00Z,1.15597,1.15651,1.15546,1.15572
EURUSD,H1,2026-03-26T14:00:00Z,1.15573,1.15587,1.15233,1.15242
EURUSD,H1,2026-03-26T15:00:00Z,1.15242,1.15354,1.15223,1.1535
EURUSD,H1,2026-03-26T16:00:00Z,1.15349,1.15525,1.15349,1.15424
EURUSD,H1,2026-03-26T17:00:00Z,1.15425,1.1555,1.15369,1.15476
EURUSD,H1,2026-03-26T18:00:00Z,1.15476,1.15511,1.15313,1.15414
EURUSD,H1,2026-03-26T19:00:00Z,1.15414,1.15431,1.15311,1.15356
EURUSD,H1,2026-03-26T20:00:00Z,1.15355,1.15375,1.1525400000000001,1.15258
EURUSD,H1,2026-03-26T21:00:00Z,1.15258,1.15339,1.15252,1.15339
EURUSD,H1,2026-03-26T22:00:00Z,1.15339,1.15344,1.15216,1.15219
EURUSD,H1,2026-03-26T23:00:00Z,1.15217,1.15589,1.15196,1.15293
EURUSD,H1,2026-03-27T00:00:00Z,1.15253,1.15356,1.15231,1.1532499999999999
EURUSD,H1,2026-03-27T01:00:00Z,1.1532499999999999,1.15402,1.15308,1.15385
EURUSD,H1,2026-03-27T02:00:00Z,1.15384,1.15398,1.1534,1.15343
EURUSD,H1,2026-03-27T03:00:00Z,1.15343,1.1538,1.15243,1.15306
EURUSD,H1,2026-03-27T04:00:00Z,1.15306,1.15409,1.15298,1.15399
EURUSD,H1,2026-03-27T05:00:00Z,1.15405,1.15427,1.15361,1.15384
EURUSD,H1,2026-03-27T06:00:00Z,1.15384,1.1540300000000001,1.15338,1.1539
EURUSD,H1,2026-03-27T07:00:00Z,1.1539,1.1543700000000001,1.15371,1.15429
EURUSD,H1,2026-03-27T08:00:00Z,1.15428,1.15461,1.15373,1.1541
EURUSD,H1,2026-03-27T09:00:00Z,1.1541,1.15438,1.1534,1.15345
EURUSD,H1,2026-03-27T10:00:00Z,1.15344,1.15349,1.15168,1.15187
EURUSD,H1,2026-03-27T11:00:00Z,1.15187,1.15251,1.1515900000000001,1.15208
EURUSD,H1,2026-03-27T12:00:00Z,1.15202,1.15261,1.15143,1.15192
EURUSD,H1,2026-03-27T13:00:00Z,1.15191,1.15261,1.15101,1.1510799999999999
EURUSD,H1,2026-03-27T14:00:00Z,1.1511,1.15141,1.15048,1.15077
EURUSD,H1,2026-03-27T15:00:00Z,1.15074,1.15181,1.15017,1.1515
EURUSD,H1,2026-03-27T16:00:00Z,1.15151,1.15328,1.1514199999999999,1.1524
EURUSD,H1,2026-03-27T17:00:00Z,1.15236,1.15356,1.15232,1.15288
EURUSD,H1,2026-03-27T18:00:00Z,1.15288,1.15478,1.15178,1.15194
EURUSD,H1,2026-03-27T19:00:00Z,1.15194,1.15273,1.15148,1.15191
EURUSD,H1,2026-03-27T20:00:00Z,1.15191,1.1529099999999999,1.15062,1.15125
EURUSD,H1,2026-03-27T21:00:00Z,1.15124,1.15196,1.15072,1.15135
EURUSD,H1,2026-03-27T22:00:00Z,1.15135,1.15179,1.151,1.1517
EURUSD,H1,2026-03-27T23:00:00Z,1.15171,1.15207,1.15093,1.15112
EURUSD,H1,2026-03-30T00:00:00Z,1.15017,1.15027,1.14981,1.14989
EURUSD,H1,2026-03-30T01:00:00Z,1.14989,1.15027,1.1488,1.14886
EURUSD,H1,2026-03-30T02:00:00Z,1.14886,1.14944,1.14876,1.14917
EURUSD,H1,2026-03-30T03:00:00Z,1.14921,1.15127,1.14896,1.15068
EURUSD,H1,2026-03-30T04:00:00Z,1.15068,1.1511,1.15029,1.1505
EURUSD,H1,2026-03-30T05:00:00Z,1.1505,1.15152,1.15013,1.15113
EURUSD,H1,2026-03-30T06:00:00Z,1.15112,1.15187,1.15102,1.15158
EURUSD,H1,2026-03-30T07:00:00Z,1.15158,1.15212,1.15136,1.15136
EURUSD,H1,2026-03-30T08:00:00Z,1.15136,1.15182,1.15095,1.15158
EURUSD,H1,2026-03-30T09:00:00Z,1.15158,1.15201,1.15116,1.15127
EURUSD,H1,2026-03-30T10:00:00Z,1.1512,1.15128,1.1494,1.14978
EURUSD,H1,2026-03-30T11:00:00Z,1.14977,1.14987,1.14907,1.1496
EURUSD,H1,2026-03-30T12:00:00Z,1.1496,1.14982,1.14837,1.14944
EURUSD,H1,2026-03-30T13:00:00Z,1.14943,1.14973,1.1488,1.14892
EURUSD,H1,2026-03-30T14:00:00Z,1.14892,1.15001,1.1484,1.14849
EURUSD,H1,2026-03-30T15:00:00Z,1.14851,1.14887,1.1473,1.14826
EURUSD,H1,2026-03-30T16:00:00Z,1.14826,1.14879,1.14622,1.14641
EURUSD,H1,2026-03-30T17:00:00Z,1.1464,1.14704,1.14548,1.14649
EURUSD,H1,2026-03-30T18:00:00Z,1.14651,1.14657,1.14431,1.14538
EURUSD,H1,2026-03-30T19:00:00Z,1.14538,1.14612,1.14475,1.146
EURUSD,H1,2026-03-30T20:00:00Z,1.146,1.14652,1.14557,1.14575
EURUSD,H1,2026-03-30T21:00:00Z,1.14575,1.14662,1.14569,1.14613
EURUSD,H1,2026-03-30T22:00:00Z,1.1461000000000001,1.14623,1.14539,1.14597
EURUSD,H1,2026-03-30T23:00:00Z,1.14596,1.14628,1.1457,1.14615
EURUSD,H1,2026-03-31T00:00:00Z,1.14646,1.14673,1.14495,1.1461000000000001
EURUSD,H1,2026-03-31T01:00:00Z,1.1461000000000001,1.14657,1.14595,1.14595
EURUSD,H1,2026-03-31T02:00:00Z,1.14595,1.14595,1.14524,1.14566
EURUSD,H1,2026-03-31T03:00:00Z,1.14566,1.14762,1.14472,1.14748
EURUSD,H1,2026-03-31T04:00:00Z,1.14748,1.1491,1.14734,1.1476
EURUSD,H1,2026-03-31T05:00:00Z,1.1476,1.14797,1.14731,1.1476
EURUSD,H1,2026-03-31T06:00:00Z,1.14759,1.14764,1.14663,1.14698
EURUSD,H1,2026-03-31T07:00:00Z,1.14698,1.14728,1.14689,1.14691
EURUSD,H1,2026-03-31T08:00:00Z,1.14691,1.14715,1.14622,1.14644
EURUSD,H1,2026-03-31T09:00:00Z,1.14644,1.14743,1.14609,1.14721
EURUSD,H1,2026-03-31T10:00:00Z,1.14719,1.1474199999999999,1.14629,1.14723
EURUSD,H1,2026-03-31T11:00:00Z,1.14724,1.14756,1.14642,1.1467100000000001
EURUSD,H1,2026-03-31T12:00:00Z,1.1467100000000001,1.14733,1.14621,1.14682
EURUSD,H1,2026-03-31T13:00:00Z,1.14683,1.147,1.1458,1.1459
EURUSD,H1,2026-03-31T14:00:00Z,1.1459,1.14911,1.14575,1.1491
EURUSD,H1,2026-03-31T15:00:00Z,1.1491,1.1509800000000001,1.1487,1.1503
EURUSD,H1,2026-03-31T16:00:00Z,1.15031,1.15326,1.15006,1.15323
EURUSD,H1,2026-03-31T17:00:00Z,1.15322,1.15407,1.15111,1.1520299999999999
EURUSD,H1,2026-03-31T18:00:00Z,1.15214,1.15329,1.15117,1.15173
EURUSD,H1,2026-03-31T19:00:00Z,1.15173,1.15597,1.1514,1.15406
EURUSD,H1,2026-03-31T20:00:00Z,1.15406,1.15566,1.15388,1.15397
EURUSD,H1,2026-03-31T21:00:00Z,1.15398,1.1550799999999999,1.15384,1.15446
EURUSD,H1,2026-03-31T22:00:00Z,1.15445,1.15597,1.15388,1.15589
EURUSD,H1,2026-03-31T23:00:00Z,1.15591,1.15635,1.15523,1.15529
EURUSD,H1,2026-04-01T01:00:00Z,1.15584,1.1559300000000001,1.15576,1.15587
EURUSD,H1,2026-04-01T02:00:00Z,1.15587,1.15745,1.1557,1.15739
EURUSD,H1,2026-04-01T03:00:00Z,1.15739,1.15789,1.15694,1.15744
EURUSD,H1,2026-04-01T04:00:00Z,1.15744,1.15755,1.1555,1.15618
EURUSD,H1,2026-04-01T05:00:00Z,1.15618,1.1571,1.15606,1.15687
EURUSD,H1,2026-04-01T06:00:00Z,1.15685,1.15685,1.1559,1.15608
EURUSD,H1,2026-04-01T07:00:00Z,1.15608,1.15665,1.15595,1.1565400000000001
EURUSD,H1,2026-04-01T08:00:00Z,1.15653,1.15764,1.15648,1.15678
EURUSD,H1,2026-04-01T09:00:00Z,1.15678,1.15928,1.1562000000000001,1.15914
EURUSD,H1,2026-04-01T10:00:00Z,1.15913,1.1598600000000001,1.15771,1.15823
EURUSD,H1,2026-04-01T11:00:00Z,1.15819,1.16107,1.15775,1.15963
EURUSD,H1,2026-04-01T12:00:00Z,1.15964,1.16026,1.15808,1.15953
EURUSD,H1,2026-04-01T13:00:00Z,1.15955,1.16036,1.15934,1.1599599999999999
EURUSD,H1,2026-04-01T14:00:00Z,1.15995,1.161,1.1598,1.16075
EURUSD,H1,2026-04-01T15:00:00Z,1.16075,1.16233,1.15938,1.16045
EURUSD,H1,2026-04-01T16:00:00Z,1.1604700000000001,1.16236,1.15987,1.16122
EURUSD,H1,2026-04-01T17:00:00Z,1.16071,1.16271,1.16045,1.16225
EURUSD,H1,2026-04-01T18:00:00Z,1.16228,1.16271,1.16052,1.16138
EURUSD,H1,2026-04-01T19:00:00Z,1.16138,1.16191,1.16046,1.16191
EURUSD,H1,2026-04-01T20:00:00Z,1.1619,1.16235,1.15938,1.1594
EURUSD,H1,2026-04-01T21:00:00Z,1.15939,1.15943,1.1577,1.15788
EURUSD,H1,2026-04-01T22:00:00Z,1.15789,1.15871,1.15764,1.1583700000000001
EURUSD,H1,2026-04-01T23:00:00Z,1.1583700000000001,1.15916,1.15836,1.15902
EURUSD,H1,2026-04-02T00:00:00Z,1.15877,1.15907,1.15806,1.15895
EURUSD,H1,2026-04-02T01:00:00Z,1.15894,1.15943,1.15894,1.15911
EURUSD,H1,2026-04-02T02:00:00Z,1.15913,1.15947,1.1589,1.15899
EURUSD,H1,2026-04-02T03:00:00Z,1.15899,1.15979,1.1587,1.15956
EURUSD,H1,2026-04-02T04:00:00Z,1.15957,1.1605699999999999,1.15455,1.15526
EURUSD,H1,2026-04-02T05:00:00Z,1.15524,1.15603,1.15439,1.15468
EURUSD,H1,2026-04-02T06:00:00Z,1.15468,1.15491,1.1537600000000001,1.15398
EURUSD,H1,2026-04-02T07:00:00Z,1.15399,1.15419,1.15321,1.1537
EURUSD,H1,2026-04-02T08:00:00Z,1.1537,1.1539,1.15249,1.1525400000000001
EURUSD,H1,2026-04-02T09:00:00Z,1.15255,1.15355,1.15152,1.15344
EURUSD,H1,2026-04-02T10:00:00Z,1.15344,1.15378,1.15188,1.1532499999999999
EURUSD,H1,2026-04-02T11:00:00Z,1.15329,1.15358,1.15243,1.1525400000000001
EURUSD,H1,2026-04-02T12:00:00Z,1.1525400000000001,1.15319,1.15216,1.15263
EURUSD,H1,2026-04-02T13:00:00Z,1.15262,1.15268,1.15111,1.15123
EURUSD,H1,2026-04-02T14:00:00Z,1.15123,1.15194,1.15091,1.15176
EURUSD,H1,2026-04-02T15:00:00Z,1.15181,1.15314,1.15171,1.15244
EURUSD,H1,2026-04-02T16:00:00Z,1.1525,1.1532499999999999,1.1520299999999999,1.15312
EURUSD,H1,2026-04-02T17:00:00Z,1.15312,1.15638,1.15267,1.15512
EURUSD,H1,2026-04-02T18:00:00Z,1.15514,1.15587,1.15417,1.1545
EURUSD,H1,2026-04-02T19:00:00Z,1.1545,1.15479,1.1539,1.15393
EURUSD,H1,2026-04-02T20:00:00Z,1.15393,1.15493,1.15363,1.15377
EURUSD,H1,2026-04-02T21:00:00Z,1.15378,1.15401,1.1533,1.15362
EURUSD,H1,2026-04-02T22:00:00Z,1.15366,1.15436,1.15334,1.15346
EURUSD,H1,2026-04-02T23:00:00Z,1.15346,1.15394,1.15321,1.15387
EURUSD,H1,2026-04-03T00:00:00Z,1.15383,1.15421,1.15322,1.1540300000000001
EURUSD,H1,2026-04-03T01:00:00Z,1.1540300000000001,1.1542,1.15375,1.154
EURUSD,H1,2026-04-03T02:00:00Z,1.15399,1.1543,1.15395,1.15415
EURUSD,H1,2026-04-03T03:00:00Z,1.15415,1.15452,1.15381,1.15382
EURUSD,H1,2026-04-03T04:00:00Z,1.15382,1.154,1.15339,1.1535
EURUSD,H1,2026-04-03T05:00:00Z,1.1535,1.15384,1.15321,1.15361
EURUSD,H1,2026-04-03T06:00:00Z,1.15361,1.1537600000000001,1.15343,1.15363
EURUSD,H1,2026-04-03T07:00:00Z,1.15363,1.15364,1.15339,1.15339
EURUSD,H1,2026-04-03T08:00:00Z,1.15339,1.15382,1.15292,1.15381
EURUSD,H1,2026-04-03T09:00:00Z,1.15381,1.15407,1.15351,1.15397
EURUSD,H1,2026-04-03T10:00:00Z,1.15397,1.15464,1.15394,1.15428
EURUSD,H1,2026-04-03T11:00:00Z,1.15425,1.15454,1.1540300000000001,1.15432
EURUSD,H1,2026-04-03T12:00:00Z,1.15431,1.15456,1.15406,1.15432
EURUSD,H1,2026-04-03T13:00:00Z,1.15432,1.1549,1.15419,1.15449
EURUSD,H1,2026-04-03T14:00:00Z,1.1544699999999999,1.15466,1.15408,1.15444
EURUSD,H1,2026-04-03T15:00:00Z,1.15444,1.15461,1.15155,1.15309
EURUSD,H1,2026-04-03T16:00:00Z,1.1531,1.1538599999999999,1.1528,1.15349
EURUSD,H1,2026-04-03T17:00:00Z,1.15349,1.15365,1.15209,1.15212
EURUSD,H1,2026-04-03T18:00:00Z,1.15212,1.15277,1.15201,1.15221
EURUSD,H1,2026-04-03T19:00:00Z,1.15222,1.15224,1.15189,1.15192
EURUSD,H1,2026-04-03T20:00:00Z,1.15191,1.1522000000000001,1.15184,1.1520299999999999
EURUSD,H1,2026-04-03T21:00:00Z,1.1520299999999999,1.15215,1.15141,1.15145
EURUSD,H1,2026-04-03T22:00:00Z,1.15145,1.1515900000000001,1.15141,1.15143
EURUSD,H1,2026-04-03T23:00:00Z,1.15143,1.1532,1.15104,1.15146
EURUSD,H1,2026-04-06T00:00:00Z,1.15201,1.15225,1.15184,1.15194
EURUSD,H1,2026-04-06T01:00:00Z,1.15196,1.15205,1.15053,1.1515
EURUSD,H1,2026-04-06T02:00:00Z,1.1515,1.15168,1.15086,1.15097
EURUSD,H1,2026-04-06T03:00:00Z,1.15096,1.15184,1.15093,1.15118
EURUSD,H1,2026-04-06T04:00:00Z,1.1512,1.15145,1.15064,1.15069
EURUSD,H1,2026-04-06T05:00:00Z,1.15069,1.15288,1.15069,1.15207
EURUSD,H1,2026-04-06T06:00:00Z,1.15207,1.15232,1.15172,1.15191
EURUSD,H1,2026-04-06T07:00:00Z,1.1519,1.15251,1.15185,1.15244
EURUSD,H1,2026-04-06T08:00:00Z,1.15244,1.15297,1.1522999999999999,1.1525400000000001
EURUSD,H1,2026-04-06T09:00:00Z,1.1525400000000001,1.15374,1.1522000000000001,1.15332
EURUSD,H1,2026-04-06T10:00:00Z,1.15332,1.15688,1.1525400000000001,1.15643
EURUSD,H1,2026-04-06T11:00:00Z,1.15643,1.15685,1.15538,1.15553
EURUSD,H1,2026-04-06T12:00:00Z,1.15554,1.15604,1.1547399999999999,1.15503
EURUSD,H1,2026-04-06T13:00:00Z,1.15504,1.15543,1.1537600000000001,1.1548
EURUSD,H1,2026-04-06T14:00:00Z,1.1548,1.155,1.1540300000000001,1.15457
EURUSD,H1,2026-04-06T15:00:00Z,1.15455,1.15546,1.15426,1.15534
EURUSD,H1,2026-04-06T16:00:00Z,1.15534,1.15612,1.15494,1.15602
EURUSD,H1,2026-04-06T17:00:00Z,1.15616,1.15716,1.15425,1.15431
EURUSD,H1,2026-04-06T18:00:00Z,1.1543,1.15444,1.15354,1.15442
EURUSD,H1,2026-04-06T19:00:00Z,1.15442,1.15482,1.15423,1.15451
EURUSD,H1,2026-04-06T20:00:00Z,1.1545,1.15487,1.1534200000000001,1.15415
EURUSD,H1,2026-04-06T21:00:00Z,1.15415,1.15527,1.15397,1.15458
EURUSD,H1,2026-04-06T22:00:00Z,1.15458,1.15468,1.15407,1.15428
EURUSD,H1,2026-04-06T23:00:00Z,1.15429,1.15445,1.15408,1.15428
EURUSD,H1,2026-04-07T00:00:00Z,1.1540300000000001,1.1544,1.15379,1.15423
EURUSD,H1,2026-04-07T01:00:00Z,1.15424,1.1548,1.15414,1.15427
EURUSD,H1,2026-04-07T02:00:00Z,1.15426,1.15434,1.15388,1.15409
EURUSD,H1,2026-04-07T03:00:00Z,1.15409,1.1544,1.15366,1.1537600000000001
EURUSD,H1,2026-04-07T04:00:00Z,1.1537600000000001,1.15402,1.15273,1.15301
EURUSD,H1,2026-04-07T05:00:00Z,1.15301,1.1532,1.15243,1.15298
EURUSD,H1,2026-04-07T06:00:00Z,1.15298,1.15348,1.15288,1.15344
EURUSD,H1,2026-04-07T07:00:00Z,1.15344,1.15388,1.1533,1.15383
EURUSD,H1,2026-04-07T08:00:00Z,1.15383,1.15397,1.15302,1.15354
EURUSD,H1,2026-04-07T09:00:00Z,1.15354,1.15454,1.15326,1.1544699999999999
EURUSD,H1,2026-04-07T10:00:00Z,1.1544699999999999,1.1546,1.15368,1.15427
EURUSD,H1,2026-04-07T11:00:00Z,1.15422,1.15756,1.15418,1.15735
EURUSD,H1,2026-04-07T12:00:00Z,1.15735,1.15755,1.15623,1.15629
EURUSD,H1,2026-04-07T13:00:00Z,1.15629,1.15638,1.15457,1.15541
EURUSD,H1,2026-04-07T14:00:00Z,1.15543,1.15621,1.15481,1.15601
EURUSD,H1,2026-04-07T15:00:00Z,1.15601,1.15696,1.15538,1.15605
EURUSD,H1,2026-04-07T16:00:00Z,1.15605,1.15651,1.1555900000000001,1.15636
EURUSD,H1,2026-04-07T17:00:00Z,1.15636,1.1583,1.15584,1.15721
EURUSD,H1,2026-04-07T18:00:00Z,1.15719,1.15782,1.1566,1.1571
EURUSD,H1,2026-04-07T19:00:00Z,1.1571,1.15796,1.15696,1.15714
EURUSD,H1,2026-04-07T20:00:00Z,1.1571500000000001,1.15795,1.15664,1.1577600000000001
EURUSD,H1,2026-04-07T21:00:00Z,1.1577600000000001,1.1583,1.15714,1.15747
EURUSD,H1,2026-04-07T22:00:00Z,1.15746,1.16017,1.15729,1.15951
EURUSD,H1,2026-04-07T23:00:00Z,1.1595,1.16051,1.1592500000000001,1.15973
EURUSD,H1,2026-04-08T00:00:00Z,1.15939,1.16012,1.15868,1.15965
EURUSD,H1,2026-04-08T01:00:00Z,1.15962,1.16698,1.15889,1.16678
EURUSD,H1,2026-04-08T02:00:00Z,1.1668,1.16903,1.1661299999999999,1.16863
EURUSD,H1,2026-04-08T03:00:00Z,1.16862,1.1696900000000001,1.1666,1.16718
EURUSD,H1,2026-04-08T04:00:00Z,1.16717,1.1688399999999999,1.16711,1.16756
EURUSD,H1,2026-04-08T05:00:00Z,1.16755,1.1682299999999999,1.16688,1.16737
EURUSD,H1,2026-04-08T06:00:00Z,1.16737,1.16758,1.16662,1.16706
EURUSD,H1,2026-04-08T07:00:00Z,1.16708,1.16811,1.16708,1.16763
EURUSD,H1,2026-04-08T08:00:00Z,1.16767,1.17086,1.1672,1.16917
EURUSD,H1,2026-04-08T09:00:00Z,1.16915,1.17084,1.16846,1.16963
EURUSD,H1,2026-04-08T10:00:00Z,1.16962,1.17,1.1679,1.16955
EURUSD,H1,2026-04-08T11:00:00Z,1.16954,1.16993,1.16688,1.16811
EURUSD,H1,2026-04-08T12:00:00Z,1.16811,1.16895,1.1678,1.1679599999999999
EURUSD,H1,2026-04-08T13:00:00Z,1.16795,1.16924,1.16775,1.16902
EURUSD,H1,2026-04-08T14:00:00Z,1.16902,1.1710099999999999,1.16853,1.17001
EURUSD,H1,2026-04-08T15:00:00Z,1.17007,1.1718,1.1688399999999999,1.17141
EURUSD,H1,2026-04-08T16:00:00Z,1.17141,1.17218,1.1687,1.16946
EURUSD,H1,2026-04-08T17:00:00Z,1.16944,1.17034,1.16895,1.16942
EURUSD,H1,2026-04-08T18:00:00Z,1.16942,1.16965,1.16844,1.16863
EURUSD,H1,2026-04-08T19:00:00Z,1.16863,1.16886,1.1677,1.16818
EURUSD,H1,2026-04-08T20:00:00Z,1.16818,1.16852,1.16689,1.16747
EURUSD,H1,2026-04-08T21:00:00Z,1.16748,1.16802,1.16497,1.16504
EURUSD,H1,2026-04-08T22:00:00Z,1.16503,1.16704,1.16434,1.16679
EURUSD,H1,2026-04-08T23:00:00Z,1.16678,1.16694,1.16605,1.16621
EURUSD,H1,2026-04-09T00:00:00Z,1.16619,1.16658,1.16495,1.16645
EURUSD,H1,2026-04-09T01:00:00Z,1.16645,1.16677,1.16601,1.16622
EURUSD,H1,2026-04-09T02:00:00Z,1.16622,1.16631,1.16573,1.16591
EURUSD,H1,2026-04-09T03:00:00Z,1.16591,1.16609,1.16528,1.16571
EURUSD,H1,2026-04-09T04:00:00Z,1.16572,1.16636,1.16505,1.16618
EURUSD,H1,2026-04-09T05:00:00Z,1.16618,1.1667399999999999,1.16592,1.16654
EURUSD,H1,2026-04-09T06:00:00Z,1.16652,1.16669,1.16607,1.16623
EURUSD,H1,2026-04-09T07:00:00Z,1.16623,1.16711,1.1662,1.16665
EURUSD,H1,2026-04-09T08:00:00Z,1.1666400000000001,1.16677,1.16592,1.1661
EURUSD,H1,2026-04-09T09:00:00Z,1.1661,1.16643,1.1654200000000001,1.16643
EURUSD,H1,2026-04-09T10:00:00Z,1.16646,1.16692,1.16555,1.1663000000000001
EURUSD,H1,2026-04-09T11:00:00Z,1.1663000000000001,1.16749,1.16597,1.16721
EURUSD,H1,2026-04-09T12:00:00Z,1.16719,1.16793,1.16684,1.16745
EURUSD,H1,2026-04-09T13:00:00Z,1.16746,1.16795,1.16711,1.16711
EURUSD,H1,2026-04-09T14:00:00Z,1.16712,1.16895,1.16696,1.1688399999999999
EURUSD,H1,2026-04-09T15:00:00Z,1.16883,1.16899,1.16791,1.1686
EURUSD,H1,2026-04-09T16:00:00Z,1.16864,1.16953,1.16812,1.16819
EURUSD,H1,2026-04-09T17:00:00Z,1.16818,1.1688,1.16743,1.1684700000000001
EURUSD,H1,2026-04-09T18:00:00Z,1.1684700000000001,1.17071,1.16776,1.17055
EURUSD,H1,2026-04-09T19:00:00Z,1.17054,1.17141,1.17023,1.17106
EURUSD,H1,2026-04-09T20:00:00Z,1.17106,1.17234,1.1710099999999999,1.17141
EURUSD,H1,2026-04-09T21:00:00Z,1.17142,1.17148,1.16974,1.16992
EURUSD,H1,2026-04-09T22:00:00Z,1.16992,1.17085,1.1697899999999999,1.1700599999999999
EURUSD,H1,2026-04-09T23:00:00Z,1.17007,1.17009,1.16951,1.16982
EURUSD,H1,2026-04-10T00:00:00Z,1.16984,1.17008,1.16939,1.16997
EURUSD,H1,2026-04-10T01:00:00Z,1.16996,1.17026,1.16926,1.16941
EURUSD,H1,2026-04-10T02:00:00Z,1.16941,1.16961,1.16902,1.16916
EURUSD,H1,2026-04-10T03:00:00Z,1.16916,1.16916,1.16855,1.1688
EURUSD,H1,2026-04-10T04:00:00Z,1.16881,1.16946,1.16862,1.16921
EURUSD,H1,2026-04-10T05:00:00Z,1.16922,1.16941,1.16867,1.16909
EURUSD,H1,2026-04-10T06:00:00Z,1.16909,1.16968,1.16898,1.16957
EURUSD,H1,2026-04-10T07:00:00Z,1.16957,1.16966,1.16911,1.16919
EURUSD,H1,2026-04-10T08:00:00Z,1.16919,1.16927,1.16876,1.169
EURUSD,H1,2026-04-10T09:00:00Z,1.169,1.1693500000000001,1.16834,1.1684700000000001
EURUSD,H1,2026-04-10T10:00:00Z,1.16844,1.16897,1.1679,1.1679599999999999
EURUSD,H1,2026-04-10T11:00:00Z,1.1679599999999999,1.16898,1.16774,1.16859
EURUSD,H1,2026-04-10T12:00:00Z,1.16864,1.1711,1.16848,1.17103
EURUSD,H1,2026-04-10T13:00:00Z,1.17104,1.17158,1.17059,1.17129
EURUSD,H1,2026-04-10T14:00:00Z,1.1712799999999999,1.17188,1.17108,1.1714
EURUSD,H1,2026-04-10T15:00:00Z,1.17141,1.17256,1.17095,1.17208
EURUSD,H1,2026-04-10T16:00:00Z,1.17208,1.17347,1.17187,1.17277
EURUSD,H1,2026-04-10T17:00:00Z,1.17277,1.17382,1.17201,1.17278
EURUSD,H1,2026-04-10T18:00:00Z,1.17276,1.17392,1.17217,1.1722299999999999
EURUSD,H1,2026-04-10T19:00:00Z,1.17222,1.17254,1.17136,1.17205
EURUSD,H1,2026-04-10T20:00:00Z,1.17205,1.1726,1.1718899999999999,1.17233
EURUSD,H1,2026-04-10T21:00:00Z,1.17234,1.17354,1.17188,1.17315
EURUSD,H1,2026-04-10T22:00:00Z,1.17315,1.17325,1.17271,1.1727400000000001
EURUSD,H1,2026-04-10T23:00:00Z,1.17273,1.17307,1.1724700000000001,1.1726
EURUSD,H1,2026-04-13T00:00:00Z,1.16698,1.16791,1.16644,1.16678
EURUSD,H1,2026-04-13T01:00:00Z,1.16678,1.1678600000000001,1.16658,1.1672500000000001
EURUSD,H1,2026-04-13T02:00:00Z,1.1672500000000001,1.16754,1.16641,1.16749
EURUSD,H1,2026-04-13T03:00:00Z,1.16749,1.16877,1.16711,1.16876
EURUSD,H1,2026-04-13T04:00:00Z,1.16878,1.16897,1.16804,1.16863
EURUSD,H1,2026-04-13T05:00:00Z,1.16863,1.16901,1.16852,1.16885
EURUSD,H1,2026-04-13T06:00:00Z,1.16885,1.16893,1.16858,1.16881
EURUSD,H1,2026-04-13T07:00:00Z,1.16881,1.16902,1.16858,1.16862
EURUSD,H1,2026-04-13T08:00:00Z,1.16862,1.16892,1.16833,1.1688
EURUSD,H1,2026-04-13T09:00:00Z,1.1688,1.16949,1.1678,1.16856
EURUSD,H1,2026-04-13T10:00:00Z,1.16855,1.17001,1.16855,1.16971
EURUSD,H1,2026-04-13T11:00:00Z,1.16971,1.16972,1.16835,1.1686
EURUSD,H1,2026-04-13T12:00:00Z,1.1686,1.16924,1.16837,1.16863
EURUSD,H1,2026-04-13T13:00:00Z,1.16863,1.16951,1.16825,1.1693500000000001
EURUSD,H1,2026-04-13T14:00:00Z,1.1693500000000001,1.16997,1.16809,1.16818
EURUSD,H1,2026-04-13T15:00:00Z,1.16818,1.16992,1.16806,1.16984
EURUSD,H1,2026-04-13T16:00:00Z,1.16983,1.17122,1.16964,1.17054
EURUSD,H1,2026-04-13T17:00:00Z,1.17053,1.17204,1.17004,1.17103
EURUSD,H1,2026-04-13T18:00:00Z,1.17103,1.17124,1.17026,1.17097
EURUSD,H1,2026-04-13T19:00:00Z,1.17097,1.17314,1.1707,1.1724999999999999
EURUSD,H1,2026-04-13T20:00:00Z,1.1724999999999999,1.17378,1.17248,1.17336
EURUSD,H1,2026-04-13T21:00:00Z,1.17337,1.17655,1.17336,1.17645
EURUSD,H1,2026-04-13T22:00:00Z,1.17644,1.1764999999999999,1.1754,1.17602
EURUSD,H1,2026-04-13T23:00:00Z,1.17603,1.17631,1.17564,1.17587
EURUSD,H1,2026-04-14T00:00:00Z,1.17578,1.17578,1.17494,1.17531
EURUSD,H1,2026-04-14T01:00:00Z,1.17531,1.17648,1.1752799999999999,1.17615
EURUSD,H1,2026-04-14T02:00:00Z,1.17615,1.17668,1.1761,1.17667
EURUSD,H1,2026-04-14T03:00:00Z,1.17667,1.17677,1.1761,1.17664
EURUSD,H1,2026-04-14T04:00:00Z,1.17664,1.17678,1.17594,1.176
EURUSD,H1,2026-04-14T05:00:00Z,1.17601,1.17622,1.17563,1.17607
EURUSD,H1,2026-04-14T06:00:00Z,1.17607,1.17682,1.1759,1.17669
EURUSD,H1,2026-04-14T07:00:00Z,1.17668,1.17699,1.17646,1.17668
EURUSD,H1,2026-04-14T08:00:00Z,1.17668,1.17696,1.17596,1.17643
EURUSD,H1,2026-04-14T09:00:00Z,1.17643,1.17783,1.17581,1.1778
EURUSD,H1,2026-04-14T10:00:00Z,1.17781,1.17968,1.1777199999999999,1.178
EURUSD,H1,2026-04-14T11:00:00Z,1.1779600000000001,1.17843,1.17751,1.17826
EURUSD,H1,2026-04-14T12:00:00Z,1.17826,1.17925,1.17819,1.17889
EURUSD,H1,2026-04-14T13:00:00Z,1.17887,1.17988,1.17882,1.17965
EURUSD,H1,2026-04-14T14:00:00Z,1.17965,1.18061,1.17954,1.17994
EURUSD,H1,2026-04-14T15:00:00Z,1.17998,1.18057,1.17927,1.18045
EURUSD,H1,2026-04-14T16:00:00Z,1.18046,1.1807699999999999,1.17935,1.17993
EURUSD,H1,2026-04-14T17:00:00Z,1.17992,1.1811099999999999,1.17933,1.18087
EURUSD,H1,2026-04-14T18:00:00Z,1.18087,1.18087,1.17875,1.17904
EURUSD,H1,2026-04-14T19:00:00Z,1.17904,1.1797,1.17883,1.17941
EURUSD,H1,2026-04-14T20:00:00Z,1.17941,1.17995,1.1791800000000001,1.17957
EURUSD,H1,2026-04-14T21:00:00Z,1.17957,1.17969,1.17905,1.17929
EURUSD,H1,2026-04-14T22:00:00Z,1.17929,1.17954,1.17906,1.17919
EURUSD,H1,2026-04-14T23:00:00Z,1.17919,1.1795499999999999,1.17913,1.17945
EURUSD,H1,2026-04-15T00:00:00Z,1.17931,1.17938,1.1786699999999999,1.1789100000000001
EURUSD,H1,2026-04-15T01:00:00Z,1.1789100000000001,1.17995,1.17883,1.1795200000000001
EURUSD,H1,2026-04-15T02:00:00Z,1.1795200000000001,1.18019,1.17945,1.17984
EURUSD,H1,2026-04-15T03:00:00Z,1.17984,1.17987,1.1789399999999999,1.17941
EURUSD,H1,2026-04-15T04:00:00Z,1.17941,1.17967,1.17898,1.17909
EURUSD,H1,2026-04-15T05:00:00Z,1.17909,1.1791,1.17789,1.17835
EURUSD,H1,2026-04-15T06:00:00Z,1.17835,1.17893,1.17803,1.17872
EURUSD,H1,2026-04-15T07:00:00Z,1.17872,1.17896,1.17863,1.17886
EURUSD,H1,2026-04-15T08:00:00Z,1.17886,1.17983,1.17884,1.17922
EURUSD,H1,2026-04-15T09:00:00Z,1.17921,1.17994,1.17839,1.17843
EURUSD,H1,2026-04-15T10:00:00Z,1.17841,1.17905,1.17828,1.1785700000000001
EURUSD,H1,2026-04-15T11:00:00Z,1.17856,1.17953,1.17854,1.1789399999999999
EURUSD,H1,2026-04-15T12:00:00Z,1.1789399999999999,1.17914,1.17754,1.17816
EURUSD,H1,2026-04-15T13:00:00Z,1.17816,1.17866,1.1772,1.17768
EURUSD,H1,2026-04-15T14:00:00Z,1.17769,1.17843,1.17732,1.1783
EURUSD,H1,2026-04-15T15:00:00Z,1.1783,1.1792799999999999,1.17771,1.17882
EURUSD,H1,2026-04-15T16:00:00Z,1.17881,1.17973,1.17841,1.1788
EURUSD,H1,2026-04-15T17:00:00Z,1.1788,1.18003,1.17843,1.17966
EURUSD,H1,2026-04-15T18:00:00Z,1.17966,1.1808,1.17946,1.17981
EURUSD,H1,2026-04-15T19:00:00Z,1.17981,1.18026,1.17975,1.18008
EURUSD,H1,2026-04-15T20:00:00Z,1.18008,1.1802,1.17927,1.17949
EURUSD,H1,2026-04-15T21:00:00Z,1.17949,1.18019,1.17937,1.18004
EURUSD,H1,2026-04-15T22:00:00Z,1.18002,1.18046,1.17984,1.17998
EURUSD,H1,2026-04-15T23:00:00Z,1.17999,1.18009,1.17953,1.17992
EURUSD,H1,2026-04-16T00:00:00Z,1.1798,1.18015,1.17921,1.17956
EURUSD,H1,2026-04-16T01:00:00Z,1.17959,1.18033,1.17959,1.18024
EURUSD,H1,2026-04-16T02:00:00Z,1.18024,1.18078,1.18024,1.18067
EURUSD,H1,2026-04-16T03:00:00Z,1.18067,1.18085,1.18028,1.1807400000000001
EURUSD,H1,2026-04-16T04:00:00Z,1.1807400000000001,1.18092,1.17969,1.18025
EURUSD,H1,2026-04-16T05:00:00Z,1.18025,1.18176,1.1802,1.18171
EURUSD,H1,2026-04-16T06:00:00Z,1.18171,1.18239,1.18122,1.18128
EURUSD,H1,2026-04-16T07:00:00Z,1.18129,1.18131,1.18082,1.18094
EURUSD,H1,2026-04-16T08:00:00Z,1.18094,1.181,1.1803,1.18043
EURUSD,H1,2026-04-16T09:00:00Z,1.18044,1.18069,1.17935,1.18033
EURUSD,H1,2026-04-16T10:00:00Z,1.18033,1.18048,1.1791,1.17915
EURUSD,H1,2026-04-16T11:00:00Z,1.17916,1.17939,1.17765,1.17863
EURUSD,H1,2026-04-16T12:00:00Z,1.17863,1.17876,1.17769,1.1779600000000001
EURUSD,H1,2026-04-16T13:00:00Z,1.17795,1.17803,1.17725,1.17798
EURUSD,H1,2026-04-16T14:00:00Z,1.17798,1.17887,1.17798,1.1784
EURUSD,H1,2026-04-16T15:00:00Z,1.1784,1.17846,1.1776,1.17814
EURUSD,H1,2026-04-16T16:00:00Z,1.17815,1.17835,1.17669,1.17724
EURUSD,H1,2026-04-16T17:00:00Z,1.17724,1.17821,1.17689,1.17717
EURUSD,H1,2026-04-16T18:00:00Z,1.17717,1.17821,1.177,1.1782
EURUSD,H1,2026-04-16T19:00:00Z,1.1782,1.17872,1.17689,1.17748
EURUSD,H1,2026-04-16T20:00:00Z,1.17749,1.17756,1.17682,1.1773500000000001
EURUSD,H1,2026-04-16T21:00:00Z,1.17736,1.1781,1.17733,1.1779600000000001
EURUSD,H1,2026-04-16T22:00:00Z,1.1779600000000001,1.17858,1.1779600000000001,1.17811
EURUSD,H1,2026-04-16T23:00:00Z,1.17812,1.17832,1.17786,1.17819
EURUSD,H1,2026-04-17T00:00:00Z,1.17786,1.17797,1.17731,1.17778
EURUSD,H1,2026-04-17T01:00:00Z,1.17778,1.17876,1.17778,1.17852
EURUSD,H1,2026-04-17T02:00:00Z,1.17852,1.17864,1.17808,1.17811
EURUSD,H1,2026-04-17T03:00:00Z,1.1780599999999999,1.1783,1.17771,1.1779
EURUSD,H1,2026-04-17T04:00:00Z,1.1779,1.17799,1.17746,1.17759
EURUSD,H1,2026-04-17T05:00:00Z,1.1776,1.17779,1.17731,1.17771
EURUSD,H1,2026-04-17T06:00:00Z,1.17771,1.17853,1.17754,1.1783299999999999
EURUSD,H1,2026-04-17T07:00:00Z,1.1783299999999999,1.17843,1.17815,1.17826
EURUSD,H1,2026-04-17T08:00:00Z,1.17827,1.17845,1.17799,1.17807
EURUSD,H1,2026-04-17T09:00:00Z,1.1780599999999999,1.17831,1.17722,1.17749
EURUSD,H1,2026-04-17T10:00:00Z,1.17751,1.17831,1.1775,1.17824
EURUSD,H1,2026-04-17T11:00:00Z,1.17823,1.1795499999999999,1.17808,1.17938
EURUSD,H1,2026-04-17T12:00:00Z,1.1794,1.17993,1.1791,1.17934
EURUSD,H1,2026-04-17T13:00:00Z,1.17935,1.17959,1.17913,1.17945
EURUSD,H1,2026-04-17T14:00:00Z,1.17945,1.17994,1.1792,1.17938
EURUSD,H1,2026-04-17T15:00:00Z,1.17937,1.18373,1.17934,1.18352
EURUSD,H1,2026-04-17T16:00:00Z,1.1835499999999999,1.18492,1.18243,1.18338
EURUSD,H1,2026-04-17T17:00:00Z,1.18336,1.18359,1.18131,1.18137
EURUSD,H1,2026-04-17T18:00:00Z,1.18136,1.18166,1.17998,1.18008
EURUSD,H1,2026-04-17T19:00:00Z,1.18008,1.18047,1.1792,1.17988
EURUSD,H1,2026-04-17T20:00:00Z,1.17988,1.17988,1.1785,1.17954
EURUSD,H1,2026-04-17T21:00:00Z,1.17954,1.17976,1.17743,1.17799
EURUSD,H1,2026-04-17T22:00:00Z,1.17799,1.17838,1.17671,1.1769
EURUSD,H1,2026-04-17T23:00:00Z,1.1769,1.1772,1.17601,1.1763
EURUSD,H1,2026-04-20T00:00:00Z,1.17356,1.17411,1.1729,1.17293
EURUSD,H1,2026-04-20T01:00:00Z,1.17293,1.17401,1.1729,1.17398
EURUSD,H1,2026-04-20T02:00:00Z,1.17399,1.17455,1.17364,1.17389
EURUSD,H1,2026-04-20T03:00:00Z,1.1739,1.17569,1.17371,1.17546
EURUSD,H1,2026-04-20T04:00:00Z,1.17545,1.17599,1.17507,1.17568
EURUSD,H1,2026-04-20T05:00:00Z,1.17568,1.17617,1.17546,1.17569
EURUSD,H1,2026-04-20T06:00:00Z,1.17569,1.17625,1.17545,1.17602
EURUSD,H1,2026-04-20T07:00:00Z,1.17602,1.1762,1.17563,1.17592
EURUSD,H1,2026-04-20T08:00:00Z,1.17592,1.17609,1.17471,1.17533
EURUSD,H1,2026-04-20T09:00:00Z,1.17533,1.17657,1.17476,1.1764999999999999
EURUSD,H1,2026-04-20T10:00:00Z,1.17653,1.17718,1.17537,1.17593
EURUSD,H1,2026-04-20T11:00:00Z,1.17593,1.17647,1.17568,1.17611
EURUSD,H1,2026-04-20T12:00:00Z,1.1761,1.17657,1.17553,1.17654
EURUSD,H1,2026-04-20T13:00:00Z,1.17656,1.17713,1.17622,1.17706
EURUSD,H1,2026-04-20T14:00:00Z,1.17706,1.17753,1.17653,1.1767
EURUSD,H1,2026-04-20T15:00:00Z,1.17671,1.17681,1.17559,1.17651
EURUSD,H1,2026-04-20T16:00:00Z,1.17651,1.17816,1.17611,1.17752
EURUSD,H1,2026-04-20T17:00:00Z,1.17752,1.17781,1.17624,1.1772
EURUSD,H1,2026-04-20T18:00:00Z,1.1772,1.1789399999999999,1.1768399999999999,1.17839
EURUSD,H1,2026-04-20T19:00:00Z,1.17841,1.17882,1.1782,1.1785700000000001
EURUSD,H1,2026-04-20T20:00:00Z,1.1785700000000001,1.17902,1.17815,1.17836
EURUSD,H1,2026-04-20T21:00:00Z,1.17839,1.17897,1.17787,1.17803
EURUSD,H1,2026-04-20T22:00:00Z,1.178,1.17888,1.17797,1.1786
EURUSD,H1,2026-04-20T23:00:00Z,1.17862,1.17888,1.17836,1.1786699999999999
EURUSD,H1,2026-04-21T00:00:00Z,1.17809,1.17848,1.17809,1.17848
EURUSD,H1,2026-04-21T01:00:00Z,1.17848,1.17904,1.17848,1.17904
EURUSD,H1,2026-04-21T02:00:00Z,1.17904,1.17909,1.17831,1.17841
EURUSD,H1,2026-04-21T03:00:00Z,1.17842,1.17856,1.17808,1.17829
EURUSD,H1,2026-04-21T04:00:00Z,1.17829,1.17862,1.1779600000000001,1.17804
EURUSD,H1,2026-04-21T05:00:00Z,1.17805,1.17823,1.17769,1.17793
EURUSD,H1,2026-04-21T06:00:00Z,1.17793,1.1779600000000001,1.17733,1.17756
EURUSD,H1,2026-04-21T07:00:00Z,1.17756,1.17767,1.17741,1.17755
EURUSD,H1,2026-04-21T08:00:00Z,1.17755,1.17823,1.17752,1.17782
EURUSD,H1,2026-04-21T09:00:00Z,1.17783,1.17802,1.1772,1.17746
EURUSD,H1,2026-04-21T10:00:00Z,1.17743,1.17769,1.17635,1.17642
EURUSD,H1,2026-04-21T11:00:00Z,1.17642,1.17669,1.1757,1.17653
EURUSD,H1,2026-04-21T12:00:00Z,1.17652,1.17652,1.17565,1.17595
EURUSD,H1,2026-04-21T13:00:00Z,1.17595,1.17615,1.17564,1.1761
EURUSD,H1,2026-04-21T14:00:00Z,1.1761,1.1768399999999999,1.1756,1.17671
EURUSD,H1,2026-04-21T15:00:00Z,1.17671,1.17683,1.17542,1.17593
EURUSD,H1,2026-04-21T16:00:00Z,1.17593,1.17713,1.17578,1.17656
EURUSD,H1,2026-04-21T17:00:00Z,1.17656,1.17759,1.1751800000000001,1.17524
EURUSD,H1,2026-04-21T18:00:00Z,1.17524,1.17597,1.17411,1.17515
EURUSD,H1,2026-04-21T19:00:00Z,1.17515,1.17555,1.17405,1.17416
EURUSD,H1,2026-04-21T20:00:00Z,1.17415,1.17636,1.17203,1.17428
EURUSD,H1,2026-04-21T21:00:00Z,1.17429,1.17472,1.17293,1.1740599999999999
EURUSD,H1,2026-04-21T22:00:00Z,1.17408,1.17522,1.17193,1.17256
EURUSD,H1,2026-04-21T23:00:00Z,1.17255,1.17533,1.17235,1.17431
EURUSD,H1,2026-04-22T00:00:00Z,1.17404,1.17477,1.17303,1.17395
EURUSD,H1,2026-04-22T01:00:00Z,1.17394,1.17439,1.17387,1.17389
EURUSD,H1,2026-04-22T02:00:00Z,1.17389,1.17443,1.17373,1.17441
EURUSD,H1,2026-04-22T03:00:00Z,1.1743999999999999,1.17514,1.17432,1.17438
EURUSD,H1,2026-04-22T04:00:00Z,1.17438,1.1747,1.17385,1.17446
EURUSD,H1,2026-04-22T05:00:00Z,1.17446,1.17484,1.17398,1.1740599999999999
EURUSD,H1,2026-04-22T06:00:00Z,1.1740599999999999,1.17425,1.17375,1.17385
EURUSD,H1,2026-04-22T07:00:00Z,1.17384,1.17425,1.17383,1.17395
EURUSD,H1,2026-04-22T08:00:00Z,1.17395,1.17626,1.17391,1.17506
EURUSD,H1,2026-04-22T09:00:00Z,1.17508,1.1755,1.17448,1.175
EURUSD,H1,2026-04-22T10:00:00Z,1.17508,1.17564,1.17461,1.17554
EURUSD,H1,2026-04-22T11:00:00Z,1.17554,1.17591,1.17475,1.17538
EURUSD,H1,2026-04-22T12:00:00Z,1.17538,1.17574,1.17464,1.17476
EURUSD,H1,2026-04-22T13:00:00Z,1.17476,1.17533,1.17437,1.17516
EURUSD,H1,2026-04-22T14:00:00Z,1.17516,1.17516,1.1732,1.17347
EURUSD,H1,2026-04-22T15:00:00Z,1.1734499999999999,1.17377,1.17248,1.17277
EURUSD,H1,2026-04-22T16:00:00Z,1.17277,1.17433,1.17238,1.17408
EURUSD,H1,2026-04-22T17:00:00Z,1.17408,1.1743000000000001,1.17183,1.1718600000000001
EURUSD,H1,2026-04-22T18:00:00Z,1.1718600000000001,1.1724,1.17124,1.17133
EURUSD,H1,2026-04-22T19:00:00Z,1.17134,1.17156,1.171,1.17127
EURUSD,H1,2026-04-22T20:00:00Z,1.17127,1.17168,1.171,1.17104
EURUSD,H1,2026-04-22T21:00:00Z,1.17104,1.17129,1.17076,1.17089
EURUSD,H1,2026-04-22T22:00:00Z,1.17089,1.17112,1.1705,1.17057
EURUSD,H1,2026-04-22T23:00:00Z,1.17056,1.17076,1.1703000000000001,1.17062
EURUSD,H1,2026-04-23T00:00:00Z,1.17042,1.17077,1.1700599999999999,1.1707
EURUSD,H1,2026-04-23T01:00:00Z,1.1707,1.1709,1.17052,1.17062
EURUSD,H1,2026-04-23T02:00:00Z,1.17062,1.17072,1.17047,1.17057
EURUSD,H1,2026-04-23T03:00:00Z,1.17057,1.17137,1.16923,1.17116
EURUSD,H1,2026-04-23T04:00:00Z,1.17116,1.17131,1.17078,1.17092
EURUSD,H1,2026-04-23T05:00:00Z,1.1709100000000001,1.17105,1.1696,1.16973
EURUSD,H1,2026-04-23T06:00:00Z,1.16974,1.17017,1.16949,1.16956
EURUSD,H1,2026-04-23T07:00:00Z,1.16956,1.17007,1.16952,1.17002
EURUSD,H1,2026-04-23T08:00:00Z,1.17001,1.1707,1.16996,1.1707
EURUSD,H1,2026-04-23T09:00:00Z,1.1707,1.17092,1.17018,1.17036
EURUSD,H1,2026-04-23T10:00:00Z,1.17037,1.1712,1.16954,1.17023
EURUSD,H1,2026-04-23T11:00:00Z,1.17028,1.17053,1.16965,1.17016
EURUSD,H1,2026-04-23T12:00:00Z,1.17016,1.17023,1.16904,1.16937
EURUSD,H1,2026-04-23T13:00:00Z,1.16936,1.16962,1.16801,1.1682299999999999
EURUSD,H1,2026-04-23T14:00:00Z,1.16824,1.16978,1.1679,1.16906
EURUSD,H1,2026-04-23T15:00:00Z,1.16906,1.16982,1.16863,1.16921
EURUSD,H1,2026-04-23T16:00:00Z,1.16921,1.16967,1.16824,1.16911
EURUSD,H1,2026-04-23T17:00:00Z,1.16911,1.17165,1.1687400000000001,1.17108
EURUSD,H1,2026-04-23T18:00:00Z,1.17106,1.17155,1.1700599999999999,1.17034
EURUSD,H1,2026-04-23T19:00:00Z,1.17034,1.17056,1.16983,1.17022
EURUSD,H1,2026-04-23T20:00:00Z,1.17023,1.17028,1.1669,1.16929
EURUSD,H1,2026-04-23T21:00:00Z,1.16933,1.16998,1.1688,1.16893
EURUSD,H1,2026-04-23T22:00:00Z,1.16893,1.16903,1.16804,1.16865
EURUSD,H1,2026-04-23T23:00:00Z,1.16866,1.16869,1.16806,1.16824
EURUSD,H1,2026-04-24T00:00:00Z,1.16826,1.16865,1.16758,1.16827
EURUSD,H1,2026-04-24T01:00:00Z,1.16827,1.16867,1.16827,1.16861
EURUSD,H1,2026-04-24T02:00:00Z,1.16861,1.16861,1.1682,1.16835
EURUSD,H1,2026-04-24T03:00:00Z,1.16835,1.16885,1.16819,1.16854
EURUSD,H1,2026-04-24T04:00:00Z,1.16854,1.16887,1.16822,1.16886
EURUSD,H1,2026-04-24T05:00:00Z,1.16885,1.16894,1.1678,1.16791
EURUSD,H1,2026-04-24T06:00:00Z,1.1679,1.16801,1.16728,1.16779
EURUSD,H1,2026-04-24T07:00:00Z,1.16779,1.16817,1.16765,1.1679
EURUSD,H1,2026-04-24T08:00:00Z,1.16792,1.16832,1.16765,1.16821
EURUSD,H1,2026-04-24T09:00:00Z,1.16821,1.16837,1.16774,1.16785
EURUSD,H1,2026-04-24T10:00:00Z,1.16784,1.16939,1.16761,1.1691
EURUSD,H1,2026-04-24T11:00:00Z,1.16905,1.16959,1.16839,1.16897
EURUSD,H1,2026-04-24T12:00:00Z,1.16899,1.16909,1.16841,1.16864
EURUSD,H1,2026-04-24T13:00:00Z,1.16864,1.17036,1.16855,1.17032
EURUSD,H1,2026-04-24T14:00:00Z,1.17033,1.17185,1.17028,1.17146
EURUSD,H1,2026-04-24T15:00:00Z,1.17153,1.17175,1.17027,1.17088
EURUSD,H1,2026-04-24T16:00:00Z,1.17089,1.1712500000000001,1.16986,1.17066
EURUSD,H1,2026-04-24T17:00:00Z,1.17064,1.17171,1.17003,1.17063
EURUSD,H1,2026-04-24T18:00:00Z,1.17063,1.17197,1.17009,1.17176
EURUSD,H1,2026-04-24T19:00:00Z,1.17176,1.17198,1.17131,1.17192
EURUSD,H1,2026-04-24T20:00:00Z,1.17191,1.1721,1.17121,1.17136
EURUSD,H1,2026-04-24T21:00:00Z,1.17136,1.17198,1.17109,1.17177
EURUSD,H1,2026-04-24T22:00:00Z,1.17177,1.17209,1.17155,1.1718600000000001
EURUSD,H1,2026-04-24T23:00:00Z,1.1718600000000001,1.17227,1.1717,1.17225
EURUSD,H1,2026-04-27T00:00:00Z,1.16922,1.1706699999999999,1.16912,1.17049
EURUSD,H1,2026-04-27T01:00:00Z,1.17049,1.1712500000000001,1.17047,1.1708
EURUSD,H1,2026-04-27T02:00:00Z,1.17079,1.17096,1.17054,1.17056
EURUSD,H1,2026-04-27T03:00:00Z,1.17058,1.1717,1.17058,1.1716
EURUSD,H1,2026-04-27T04:00:00Z,1.17163,1.17269,1.17163,1.17245
EURUSD,H1,2026-04-27T05:00:00Z,1.17245,1.17283,1.17197,1.17266
EURUSD,H1,2026-04-27T06:00:00Z,1.17264,1.17326,1.17263,1.17294
EURUSD,H1,2026-04-27T07:00:00Z,1.17294,1.17315,1.1724999999999999,1.17266
EURUSD,H1,2026-04-27T08:00:00Z,1.17266,1.17279,1.17221,1.17224
EURUSD,H1,2026-04-27T09:00:00Z,1.17224,1.17296,1.17167,1.17296
EURUSD,H1,2026-04-27T10:00:00Z,1.17296,1.17451,1.17291,1.17439
EURUSD,H1,2026-04-27T11:00:00Z,1.17439,1.17509,1.17393,1.17485
EURUSD,H1,2026-04-27T12:00:00Z,1.17485,1.17509,1.1741,1.17423
EURUSD,H1,2026-04-27T13:00:00Z,1.17422,1.17478,1.17389,1.1746
EURUSD,H1,2026-04-27T14:00:00Z,1.17459,1.1747,1.17379,1.17413
EURUSD,H1,2026-04-27T15:00:00Z,1.17414,1.17549,1.17407,1.17444
EURUSD,H1,2026-04-27T16:00:00Z,1.17444,1.1754,1.17357,1.17399
EURUSD,H1,2026-04-27T17:00:00Z,1.17397,1.17481,1.17334,1.17361
EURUSD,H1,2026-04-27T18:00:00Z,1.1736,1.17368,1.17293,1.17307
EURUSD,H1,2026-04-27T19:00:00Z,1.17307,1.17339,1.17251,1.17259
EURUSD,H1,2026-04-27T20:00:00Z,1.1726,1.173,1.17201,1.17233
EURUSD,H1,2026-04-27T21:00:00Z,1.17233,1.17248,1.17188,1.172
EURUSD,H1,2026-04-27T22:00:00Z,1.172,1.17259,1.17192,1.17205
EURUSD,H1,2026-04-27T23:00:00Z,1.17208,1.17231,1.17195,1.172
EURUSD,H1,2026-04-28T00:00:00Z,1.17179,1.17215,1.17173,1.1718
EURUSD,H1,2026-04-28T01:00:00Z,1.1718,1.17232,1.17178,1.1722299999999999
EURUSD,H1,2026-04-28T02:00:00Z,1.1722299999999999,1.17231,1.1721300000000001,1.17231
EURUSD,H1,2026-04-28T03:00:00Z,1.1723,1.17271,1.17171,1.17188
EURUSD,H1,2026-04-28T04:00:00Z,1.1718600000000001,1.17188,1.17122,1.1712799999999999
EURUSD,H1,2026-04-28T05:00:00Z,1.17126,1.17136,1.17078,1.17085
EURUSD,H1,2026-04-28T06:00:00Z,1.17085,1.17179,1.17081,1.17134
EURUSD,H1,2026-04-28T07:00:00Z,1.17134,1.17164,1.17117,1.17126
EURUSD,H1,2026-04-28T08:00:00Z,1.17126,1.17133,1.17053,1.1706
EURUSD,H1,2026-04-28T09:00:00Z,1.1706,1.17081,1.1687,1.16876
EURUSD,H1,2026-04-28T10:00:00Z,1.1687400000000001,1.17008,1.16861,1.16966
EURUSD,H1,2026-04-28T11:00:00Z,1.16981,1.17077,1.16949,1.17022
EURUSD,H1,2026-04-28T12:00:00Z,1.17022,1.17022,1.16864,1.16923
EURUSD,H1,2026-04-28T13:00:00Z,1.16923,1.16957,1.16904,1.16933
EURUSD,H1,2026-04-28T14:00:00Z,1.16933,1.16993,1.16821,1.1683
EURUSD,H1,2026-04-28T15:00:00Z,1.16829,1.16999,1.16773,1.1697
EURUSD,H1,2026-04-28T16:00:00Z,1.16968,1.17037,1.16886,1.16975
EURUSD,H1,2026-04-28T17:00:00Z,1.16974,1.17034,1.16906,1.17009
EURUSD,H1,2026-04-28T18:00:00Z,1.17008,1.17157,1.17008,1.17136
EURUSD,H1,2026-04-28T19:00:00Z,1.17136,1.1717,1.17054,1.17105
EURUSD,H1,2026-04-28T20:00:00Z,1.17104,1.17177,1.17065,1.17136
EURUSD,H1,2026-04-28T21:00:00Z,1.17136,1.1716199999999999,1.17113,1.17118
EURUSD,H1,2026-04-28T22:00:00Z,1.17116,1.17153,1.17068,1.17097
EURUSD,H1,2026-04-28T23:00:00Z,1.17096,1.17148,1.17092,1.17126
EURUSD,H1,2026-04-29T00:00:00Z,1.17016,1.17142,1.17016,1.17107
EURUSD,H1,2026-04-29T01:00:00Z,1.17116,1.1718600000000001,1.17116,1.17157
EURUSD,H1,2026-04-29T02:00:00Z,1.17157,1.17177,1.17153,1.17177
EURUSD,H1,2026-04-29T03:00:00Z,1.17177,1.17207,1.17145,1.17157
EURUSD,H1,2026-04-29T04:00:00Z,1.17158,1.17161,1.17071,1.17121
EURUSD,H1,2026-04-29T05:00:00Z,1.17121,1.17168,1.17071,1.17076
EURUSD,H1,2026-04-29T06:00:00Z,1.17076,1.17108,1.17049,1.17057
EURUSD,H1,2026-04-29T07:00:00Z,1.1706,1.17077,1.17044,1.17056
EURUSD,H1,2026-04-29T08:00:00Z,1.17056,1.17058,1.1698,1.17008
EURUSD,H1,2026-04-29T09:00:00Z,1.17008,1.17041,1.16963,1.16998
EURUSD,H1,2026-04-29T10:00:00Z,1.16998,1.17082,1.16982,1.17056
EURUSD,H1,2026-04-29T11:00:00Z,1.17056,1.17057,1.16937,1.17002
EURUSD,H1,2026-04-29T12:00:00Z,1.17002,1.17045,1.1696,1.16975
EURUSD,H1,2026-04-29T13:00:00Z,1.16975,1.17092,1.16964,1.1709100000000001
EURUSD,H1,2026-04-29T14:00:00Z,1.17092,1.17096,1.17,1.17009
EURUSD,H1,2026-04-29T15:00:00Z,1.1701,1.17082,1.1693500000000001,1.1699
EURUSD,H1,2026-04-29T16:00:00Z,1.1699,1.17032,1.16824,1.16889
EURUSD,H1,2026-04-29T17:00:00Z,1.16888,1.1703000000000001,1.16838,1.1701
EURUSD,H1,2026-04-29T18:00:00Z,1.1701,1.1703999999999999,1.16875,1.16947
EURUSD,H1,2026-04-29T19:00:00Z,1.16948,1.16987,1.16836,1.1684700000000001
EURUSD,H1,2026-04-29T20:00:00Z,1.16848,1.1689,1.16799,1.1686
EURUSD,H1,2026-04-29T21:00:00Z,1.16849,1.16906,1.1661299999999999,1.1672
EURUSD,H1,2026-04-29T22:00:00Z,1.1672,1.16805,1.1667,1.1676199999999999
EURUSD,H1,2026-04-29T23:00:00Z,1.1676199999999999,1.16774,1.16709,1.1675
EURUSD,H1,2026-04-30T00:00:00Z,1.16758,1.1679,1.16647,1.16697
EURUSD,H1,2026-04-30T01:00:00Z,1.16697,1.1678600000000001,1.16697,1.16779
EURUSD,H1,2026-04-30T02:00:00Z,1.16779,1.16865,1.1676,1.16845
EURUSD,H1,2026-04-30T03:00:00Z,1.16845,1.16892,1.16792,1.16793
EURUSD,H1,2026-04-30T04:00:00Z,1.16793,1.16818,1.16732,1.16746
EURUSD,H1,2026-04-30T05:00:00Z,1.16744,1.16766,1.16625,1.16669
EURUSD,H1,2026-04-30T06:00:00Z,1.16669,1.1671,1.16647,1.16658
EURUSD,H1,2026-04-30T07:00:00Z,1.16658,1.1666,1.16551,1.16601
EURUSD,H1,2026-04-30T08:00:00Z,1.166,1.16646,1.16589,1.16594
EURUSD,H1,2026-04-30T09:00:00Z,1.16593,1.16705,1.16578,1.16703
EURUSD,H1,2026-04-30T10:00:00Z,1.16702,1.16839,1.16698,1.1679599999999999
EURUSD,H1,2026-04-30T11:00:00Z,1.1679599999999999,1.16975,1.16745,1.168
EURUSD,H1,2026-04-30T12:00:00Z,1.16794,1.16972,1.16732,1.16944
EURUSD,H1,2026-04-30T13:00:00Z,1.16944,1.17153,1.1689,1.17149
EURUSD,H1,2026-04-30T14:00:00Z,1.17149,1.17195,1.17031,1.17048
EURUSD,H1,2026-04-30T15:00:00Z,1.17048,1.17055,1.16894,1.16927
EURUSD,H1,2026-04-30T16:00:00Z,1.16926,1.17009,1.16818,1.16904
EURUSD,H1,2026-04-30T17:00:00Z,1.169,1.17332,1.16877,1.17278
EURUSD,H1,2026-04-30T18:00:00Z,1.17277,1.17358,1.17229,1.17285
EURUSD,H1,2026-04-30T19:00:00Z,1.17285,1.17355,1.17229,1.17254
EURUSD,H1,2026-04-30T20:00:00Z,1.17254,1.17324,1.17221,1.1724999999999999
EURUSD,H1,2026-04-30T21:00:00Z,1.17253,1.174,1.17252,1.17364
EURUSD,H1,2026-04-30T22:00:00Z,1.17363,1.17416,1.17323,1.1733500000000001
EURUSD,H1,2026-04-30T23:00:00Z,1.1733500000000001,1.17365,1.17295,1.17304
EURUSD,H1,2026-05-01T00:00:00Z,1.17297,1.1733,1.17257,1.17292
EURUSD,H1,2026-05-01T01:00:00Z,1.17292,1.17347,1.1728,1.17314
EURUSD,H1,2026-05-01T02:00:00Z,1.17313,1.17332,1.1728399999999999,1.17288
EURUSD,H1,2026-05-01T03:00:00Z,1.17291,1.17298,1.17242,1.17278
EURUSD,H1,2026-05-01T04:00:00Z,1.17278,1.1733,1.17252,1.17311
EURUSD,H1,2026-05-01T05:00:00Z,1.17311,1.17341,1.17294,1.17338
EURUSD,H1,2026-05-01T06:00:00Z,1.17338,1.17364,1.17306,1.17311
EURUSD,H1,2026-05-01T07:00:00Z,1.17312,1.17324,1.17259,1.17267
EURUSD,H1,2026-05-01T08:00:00Z,1.17267,1.17272,1.17218,1.17224
EURUSD,H1,2026-05-01T09:00:00Z,1.17224,1.1745,1.1718899999999999,1.17355
EURUSD,H1,2026-05-01T10:00:00Z,1.17355,1.17421,1.17315,1.1734499999999999
EURUSD,H1,2026-05-01T11:00:00Z,1.17348,1.1748,1.17319,1.17435
EURUSD,H1,2026-05-01T12:00:00Z,1.17435,1.17439,1.1730800000000001,1.17314
EURUSD,H1,2026-05-01T13:00:00Z,1.17314,1.17458,1.17309,1.17447
EURUSD,H1,2026-05-01T14:00:00Z,1.17447,1.17582,1.1743999999999999,1.17514
EURUSD,H1,2026-05-01T15:00:00Z,1.17517,1.17689,1.17483,1.17575
EURUSD,H1,2026-05-01T16:00:00Z,1.17573,1.17636,1.1743999999999999,1.17621
EURUSD,H1,2026-05-01T17:00:00Z,1.17619,1.17852,1.17595,1.1767400000000001
EURUSD,H1,2026-05-01T18:00:00Z,1.1767400000000001,1.17708,1.17533,1.17551
EURUSD,H1,2026-05-01T19:00:00Z,1.17551,1.17572,1.17377,1.17382
EURUSD,H1,2026-05-01T20:00:00Z,1.17382,1.17404,1.17293,1.17331
EURUSD,H1,2026-05-01T21:00:00Z,1.17332,1.1734,1.17196,1.17273
EURUSD,H1,2026-05-01T22:00:00Z,1.1727400000000001,1.1728399999999999,1.17178,1.17196
EURUSD,H1,2026-05-01T23:00:00Z,1.17196,1.17225,1.17154,1.17194
EURUSD,H1,2026-05-04T00:00:00Z,1.17445,1.17486,1.17321,1.1736900000000001
EURUSD,H1,2026-05-04T01:00:00Z,1.1736900000000001,1.17422,1.17268,1.17333
EURUSD,H1,2026-05-04T02:00:00Z,1.17333,1.17334,1.17251,1.17259
EURUSD,H1,2026-05-04T03:00:00Z,1.17259,1.17288,1.17215,1.17271
EURUSD,H1,2026-05-04T04:00:00Z,1.17268,1.17293,1.17201,1.17251
EURUSD,H1,2026-05-04T05:00:00Z,1.17251,1.17287,1.17225,1.17276
EURUSD,H1,2026-05-04T06:00:00Z,1.17271,1.17389,1.17246,1.17375
EURUSD,H1,2026-05-04T07:00:00Z,1.17375,1.17383,1.17276,1.17292
EURUSD,H1,2026-05-04T08:00:00Z,1.17291,1.17321,1.17258,1.17306
EURUSD,H1,2026-05-04T09:00:00Z,1.17305,1.17373,1.17214,1.17286
EURUSD,H1,2026-05-04T10:00:00Z,1.17287,1.1729,1.1715200000000001,1.17179
EURUSD,H1,2026-05-04T11:00:00Z,1.17179,1.17229,1.17113,1.17192
EURUSD,H1,2026-05-04T12:00:00Z,1.17191,1.17237,1.17159,1.17173
EURUSD,H1,2026-05-04T13:00:00Z,1.17172,1.17173,1.16887,1.1705
EURUSD,H1,2026-05-04T14:00:00Z,1.17051,1.17085,1.16928,1.16931
EURUSD,H1,2026-05-04T15:00:00Z,1.16931,1.17123,1.16921,1.1709100000000001
EURUSD,H1,2026-05-04T16:00:00Z,1.17093,1.17178,1.17021,1.1715
EURUSD,H1,2026-05-04T17:00:00Z,1.1715,1.17163,1.17043,1.17072
EURUSD,H1,2026-05-04T18:00:00Z,1.17072,1.17157,1.1694,1.16975
EURUSD,H1,2026-05-04T19:00:00Z,1.16974,1.17009,1.1681,1.1682299999999999
EURUSD,H1,2026-05-04T20:00:00Z,1.16824,1.16973,1.16818,1.1693500000000001
EURUSD,H1,2026-05-04T21:00:00Z,1.16932,1.16978,1.16887,1.16973
EURUSD,H1,2026-05-04T22:00:00Z,1.16972,1.17021,1.1693500000000001,1.1695
EURUSD,H1,2026-05-04T23:00:00Z,1.16949,1.16949,1.16871,1.16915
EURUSD,H1,2026-05-05T00:00:00Z,1.16876,1.16909,1.16864,1.16895
EURUSD,H1,2026-05-05T01:00:00Z,1.16893,1.1691799999999999,1.16891,1.16902
EURUSD,H1,2026-05-05T02:00:00Z,1.16902,1.16928,1.16898,1.16917
EURUSD,H1,2026-05-05T03:00:00Z,1.16917,1.16938,1.16851,1.16863
EURUSD,H1,2026-05-05T04:00:00Z,1.16863,1.16883,1.16798,1.16868
EURUSD,H1,2026-05-05T05:00:00Z,1.16868,1.16915,1.16863,1.16875
EURUSD,H1,2026-05-05T06:00:00Z,1.16872,1.16881,1.16835,1.16839
EURUSD,H1,2026-05-05T07:00:00Z,1.16839,1.1687400000000001,1.16769,1.16777
EURUSD,H1,2026-05-05T08:00:00Z,1.16778,1.16845,1.16765,1.16832
EURUSD,H1,2026-05-05T09:00:00Z,1.16831,1.16895,1.16794,1.1686
EURUSD,H1,2026-05-05T10:00:00Z,1.16859,1.16965,1.16858,1.16889
EURUSD,H1,2026-05-05T11:00:00Z,1.16889,1.16965,1.1685,1.16887
EURUSD,H1,2026-05-05T12:00:00Z,1.16888,1.16929,1.16811,1.16903
EURUSD,H1,2026-05-05T13:00:00Z,1.16902,1.16975,1.1687,1.16895
EURUSD,H1,2026-05-05T14:00:00Z,1.16894,1.16946,1.16833,1.16892
EURUSD,H1,2026-05-05T15:00:00Z,1.16889,1.16977,1.16852,1.16925
EURUSD,H1,2026-05-05T16:00:00Z,1.16924,1.17047,1.16921,1.16977
EURUSD,H1,2026-05-05T17:00:00Z,1.16976,1.17059,1.16914,1.17056
EURUSD,H1,2026-05-05T18:00:00Z,1.17058,1.17135,1.17011,1.1706699999999999
EURUSD,H1,2026-05-05T19:00:00Z,1.1706699999999999,1.17088,1.1698,1.16993
EURUSD,H1,2026-05-05T20:00:00Z,1.16994,1.1703999999999999,1.16962,1.16987
EURUSD,H1,2026-05-05T21:00:00Z,1.16987,1.1701,1.1697,1.16998
EURUSD,H1,2026-05-05T22:00:00Z,1.16998,1.17012,1.16942,1.16953
EURUSD,H1,2026-05-05T23:00:00Z,1.16952,1.1696900000000001,1.1692,1.16925
EURUSD,H1,2026-05-06T00:00:00Z,1.16916,1.16932,1.16845,1.16916
EURUSD,H1,2026-05-06T01:00:00Z,1.16927,1.17094,1.1691799999999999,1.17057
EURUSD,H1,2026-05-06T02:00:00Z,1.17057,1.17255,1.17053,1.17148
EURUSD,H1,2026-05-06T03:00:00Z,1.17148,1.17216,1.17112,1.17203
EURUSD,H1,2026-05-06T04:00:00Z,1.17202,1.1726,1.17176,1.1721300000000001
EURUSD,H1,2026-05-06T05:00:00Z,1.17212,1.17249,1.17156,1.17174
EURUSD,H1,2026-05-06T06:00:00Z,1.17174,1.17229,1.17164,1.17178
EURUSD,H1,2026-05-06T07:00:00Z,1.17177,1.17429,1.17163,1.1737
EURUSD,H1,2026-05-06T08:00:00Z,1.1736900000000001,1.17382,1.173,1.1733
EURUSD,H1,2026-05-06T09:00:00Z,1.1733,1.17356,1.17283,1.17333
EURUSD,H1,2026-05-06T10:00:00Z,1.17333,1.17382,1.17243,1.17376
EURUSD,H1,2026-05-06T11:00:00Z,1.17375,1.17707,1.1733,1.17629
EURUSD,H1,2026-05-06T12:00:00Z,1.17625,1.1777199999999999,1.1756199999999999,1.17755
EURUSD,H1,2026-05-06T13:00:00Z,1.17753,1.17968,1.17667,1.1789100000000001
EURUSD,H1,2026-05-06T14:00:00Z,1.1789100000000001,1.17917,1.17682,1.1770100000000001
EURUSD,H1,2026-05-06T15:00:00Z,1.1770100000000001,1.1770100000000001,1.1751800000000001,1.17536
EURUSD,H1,2026-05-06T16:00:00Z,1.17535,1.17592,1.17464,1.17517
EURUSD,H1,2026-05-06T17:00:00Z,1.17516,1.17629,1.1745,1.1755200000000001
EURUSD,H1,2026-05-06T18:00:00Z,1.1755,1.17582,1.17487,1.1752799999999999
EURUSD,H1,2026-05-06T19:00:00Z,1.17527,1.17535,1.17418,1.17443
EURUSD,H1,2026-05-06T20:00:00Z,1.17442,1.17556,1.17427,1.17482
EURUSD,H1,2026-05-06T21:00:00Z,1.17482,1.17517,1.17447,1.17494
EURUSD,H1,2026-05-06T22:00:00Z,1.17493,1.17556,1.17476,1.17477
EURUSD,H1,2026-05-06T23:00:00Z,1.17476,1.17505,1.17446,1.1748
EURUSD,H1,2026-05-07T00:00:00Z,1.17454,1.17497,1.17431,1.17482
EURUSD,H1,2026-05-07T01:00:00Z,1.17482,1.17515,1.17481,1.17505
EURUSD,H1,2026-05-07T02:00:00Z,1.17505,1.17519,1.17464,1.1748
EURUSD,H1,2026-05-07T03:00:00Z,1.1748,1.17542,1.17468,1.17485
EURUSD,H1,2026-05-07T04:00:00Z,1.17486,1.17634,1.17464,1.17591
EURUSD,H1,2026-05-07T05:00:00Z,1.1759,1.17609,1.17547,1.17564
EURUSD,H1,2026-05-07T06:00:00Z,1.17564,1.17566,1.17486,1.17488
EURUSD,H1,2026-05-07T07:00:00Z,1.17488,1.17536,1.17478,1.1751
EURUSD,H1,2026-05-07T08:00:00Z,1.1751,1.17537,1.17499,1.1751800000000001
EURUSD,H1,2026-05-07T09:00:00Z,1.17519,1.17567,1.17449,1.17481
EURUSD,H1,2026-05-07T10:00:00Z,1.17481,1.17686,1.17479,1.17669
EURUSD,H1,2026-05-07T11:00:00Z,1.1767,1.17742,1.1763,1.17717
EURUSD,H1,2026-05-07T12:00:00Z,1.17718,1.17783,1.17658,1.17704
EURUSD,H1,2026-05-07T13:00:00Z,1.17702,1.1776,1.1764999999999999,1.17671
EURUSD,H1,2026-05-07T14:00:00Z,1.17671,1.17703,1.17622,1.177
EURUSD,H1,2026-05-07T15:00:00Z,1.17705,1.1778,1.17673,1.17728
EURUSD,H1,2026-05-07T16:00:00Z,1.17728,1.1777,1.17666,1.1768399999999999
EURUSD,H1,2026-05-07T17:00:00Z,1.17685,1.17773,1.1764000000000001,1.17759
EURUSD,H1,2026-05-07T18:00:00Z,1.17759,1.17779,1.1763,1.17637
EURUSD,H1,2026-05-07T19:00:00Z,1.17637,1.1766,1.17564,1.17605
EURUSD,H1,2026-05-07T20:00:00Z,1.17604,1.17609,1.17357,1.1749100000000001
EURUSD,H1,2026-05-07T21:00:00Z,1.1749,1.1752,1.17401,1.1750099999999999
EURUSD,H1,2026-05-07T22:00:00Z,1.17502,1.17542,1.17334,1.17338
EURUSD,H1,2026-05-07T23:00:00Z,1.17336,1.17447,1.1722,1.17229
EURUSD,H1,2026-05-08T00:00:00Z,1.17201,1.17276,1.17201,1.1724999999999999
EURUSD,H1,2026-05-08T01:00:00Z,1.17237,1.17316,1.17225,1.17253
EURUSD,H1,2026-05-08T02:00:00Z,1.17253,1.17316,1.17246,1.17307
EURUSD,H1,2026-05-08T03:00:00Z,1.17309,1.17348,1.17265,1.17269
EURUSD,H1,2026-05-08T04:00:00Z,1.1727,1.17337,1.1727,1.17325
EURUSD,H1,2026-05-08T05:00:00Z,1.17325,1.17328,1.17246,1.17275
EURUSD,H1,2026-05-08T06:00:00Z,1.17275,1.17338,1.17269,1.17285
EURUSD,H1,2026-05-08T07:00:00Z,1.17285,1.17359,1.1727,1.17353
EURUSD,H1,2026-05-08T08:00:00Z,1.17352,1.17388,1.1733,1.17371
EURUSD,H1,2026-05-08T09:00:00Z,1.17372,1.17482,1.1737,1.17444
EURUSD,H1,2026-05-08T10:00:00Z,1.17444,1.1748,1.17418,1.17431
EURUSD,H1,2026-05-08T11:00:00Z,1.17431,1.17657,1.1742,1.17639
EURUSD,H1,2026-05-08T12:00:00Z,1.17638,1.1773500000000001,1.17633,1.17691
EURUSD,H1,2026-05-08T13:00:00Z,1.1769,1.17725,1.17614,1.1764000000000001
EURUSD,H1,2026-05-08T14:00:00Z,1.1764000000000001,1.17688,1.1762,1.17653
EURUSD,H1,2026-05-08T15:00:00Z,1.17654,1.17787,1.17563,1.17741
EURUSD,H1,2026-05-08T16:00:00Z,1.17739,1.1787,1.17665,1.1779
EURUSD,H1,2026-05-08T17:00:00Z,1.17789,1.1779600000000001,1.17672,1.17744
EURUSD,H1,2026-05-08T18:00:00Z,1.1774499999999999,1.17785,1.17669,1.17728
EURUSD,H1,2026-05-08T19:00:00Z,1.17728,1.17785,1.17708,1.17713
EURUSD,H1,2026-05-08T20:00:00Z,1.1771099999999999,1.17763,1.17706,1.17722
EURUSD,H1,2026-05-08T21:00:00Z,1.17721,1.17816,1.17707,1.17786
EURUSD,H1,2026-05-08T22:00:00Z,1.17785,1.17832,1.17767,1.17802
EURUSD,H1,2026-05-08T23:00:00Z,1.17801,1.17877,1.17789,1.17852
EURUSD,H1,2026-05-11T00:00:00Z,1.17472,1.1767,1.17445,1.17566
EURUSD,H1,2026-05-11T01:00:00Z,1.17566,1.17646,1.17566,1.17639
EURUSD,H1,2026-05-11T02:00:00Z,1.17639,1.177,1.17638,1.17672
EURUSD,H1,2026-05-11T03:00:00Z,1.17672,1.17721,1.17656,1.177
EURUSD,H1,2026-05-11T04:00:00Z,1.17699,1.17712,1.17618,1.17629
EURUSD,H1,2026-05-11T05:00:00Z,1.1763,1.17664,1.1758899999999999,1.17593
EURUSD,H1,2026-05-11T06:00:00Z,1.17593,1.17594,1.1756199999999999,1.17567
EURUSD,H1,2026-05-11T07:00:00Z,1.17566,1.17574,1.17502,1.17506
EURUSD,H1,2026-05-11T08:00:00Z,1.17506,1.17547,1.17488,1.175
EURUSD,H1,2026-05-11T09:00:00Z,1.175,1.1768,1.175,1.17675
EURUSD,H1,2026-05-11T10:00:00Z,1.1768399999999999,1.17746,1.17648,1.1772
EURUSD,H1,2026-05-11T11:00:00Z,1.1772,1.17822,1.17713,1.17714
EURUSD,H1,2026-05-11T12:00:00Z,1.17714,1.1774499999999999,1.17673,1.17675
EURUSD,H1,2026-05-11T13:00:00Z,1.1767400000000001,1.17741,1.17647,1.1769
EURUSD,H1,2026-05-11T14:00:00Z,1.17692,1.17746,1.17635,1.17683
EURUSD,H1,2026-05-11T15:00:00Z,1.17686,1.1774499999999999,1.17643,1.1774499999999999
EURUSD,H1,2026-05-11T16:00:00Z,1.17744,1.17878,1.17743,1.17854
EURUSD,H1,2026-05-11T17:00:00Z,1.17854,1.17878,1.1779,1.17795
EURUSD,H1,2026-05-11T18:00:00Z,1.17792,1.17854,1.17767,1.17799
EURUSD,H1,2026-05-11T19:00:00Z,1.17799,1.17805,1.17723,1.17733
EURUSD,H1,2026-05-11T20:00:00Z,1.17733,1.17787,1.17709,1.1778
EURUSD,H1,2026-05-11T21:00:00Z,1.1778,1.17804,1.1774499999999999,1.1775
EURUSD,H1,2026-05-11T22:00:00Z,1.17747,1.1778,1.17744,1.17774
EURUSD,H1,2026-05-11T23:00:00Z,1.17774,1.1783,1.17739,1.17819
EURUSD,H1,2026-05-12T00:00:00Z,1.17793,1.17837,1.17759,1.17837
EURUSD,H1,2026-05-12T01:00:00Z,1.17847,1.17879,1.17845,1.17853
EURUSD,H1,2026-05-12T02:00:00Z,1.17853,1.17855,1.17773,1.17785
EURUSD,H1,2026-05-12T03:00:00Z,1.17785,1.17786,1.17662,1.1767
EURUSD,H1,2026-05-12T04:00:00Z,1.17671,1.1769,1.17575,1.17615
EURUSD,H1,2026-05-12T05:00:00Z,1.17615,1.17646,1.17594,1.17625
EURUSD,H1,2026-05-12T06:00:00Z,1.17626,1.17632,1.17546,1.17564
EURUSD,H1,2026-05-12T07:00:00Z,1.17564,1.17598,1.17554,1.17571
EURUSD,H1,2026-05-12T08:00:00Z,1.17571,1.1768,1.17523,1.1762299999999999
EURUSD,H1,2026-05-12T09:00:00Z,1.17624,1.17653,1.17498,1.17503
EURUSD,H1,2026-05-12T10:00:00Z,1.17503,1.17532,1.17434,1.17478
EURUSD,H1,2026-05-12T11:00:00Z,1.17481,1.17505,1.17394,1.17447
EURUSD,H1,2026-05-12T12:00:00Z,1.17446,1.17516,1.17433,1.17475
EURUSD,H1,2026-05-12T13:00:00Z,1.17474,1.1749,1.17405,1.17408
EURUSD,H1,2026-05-12T14:00:00Z,1.17408,1.17483,1.17349,1.17438
EURUSD,H1,2026-05-12T15:00:00Z,1.17439,1.17499,1.17359,1.17478
EURUSD,H1,2026-05-12T16:00:00Z,1.17476,1.175,1.1727,1.173
EURUSD,H1,2026-05-12T17:00:00Z,1.17302,1.17361,1.17279,1.1736
EURUSD,H1,2026-05-12T18:00:00Z,1.17359,1.17366,1.17217,1.17327
EURUSD,H1,2026-05-12T19:00:00Z,1.17327,1.17386,1.17278,1.17283
EURUSD,H1,2026-05-12T20:00:00Z,1.1728399999999999,1.17337,1.17273,1.17334
EURUSD,H1,2026-05-12T21:00:00Z,1.17334,1.17411,1.17288,1.17405
EURUSD,H1,2026-05-12T22:00:00Z,1.17404,1.17468,1.17398,1.17402
EURUSD,H1,2026-05-12T23:00:00Z,1.17403,1.1741,1.17374,1.17401
EURUSD,H1,2026-05-13T00:00:00Z,1.17354,1.17398,1.17315,1.17367
EURUSD,H1,2026-05-13T01:00:00Z,1.17364,1.17402,1.17364,1.17394
EURUSD,H1,2026-05-13T02:00:00Z,1.17394,1.17413,1.17346,1.17351
EURUSD,H1,2026-05-13T03:00:00Z,1.1735,1.17386,1.17328,1.17381
EURUSD,H1,2026-05-13T04:00:00Z,1.17381,1.17418,1.17319,1.17389
EURUSD,H1,2026-05-13T05:00:00Z,1.17389,1.17417,1.17362,1.17371
EURUSD,H1,2026-05-13T06:00:00Z,1.17371,1.17378,1.17326,1.17344
EURUSD,H1,2026-05-13T07:00:00Z,1.17344,1.17353,1.17322,1.17346
EURUSD,H1,2026-05-13T08:00:00Z,1.17346,1.1737,1.17325,1.17342
EURUSD,H1,2026-05-13T09:00:00Z,1.17342,1.17343,1.1718,1.172
EURUSD,H1,2026-05-13T10:00:00Z,1.172,1.17232,1.1707,1.17071
EURUSD,H1,2026-05-13T11:00:00Z,1.1707,1.17116,1.17003,1.17017
EURUSD,H1,2026-05-13T12:00:00Z,1.17017,1.17068,1.16955,1.17062
EURUSD,H1,2026-05-13T13:00:00Z,1.17061,1.17145,1.1702,1.17127
EURUSD,H1,2026-05-13T14:00:00Z,1.17127,1.17173,1.17113,1.17122
EURUSD,H1,2026-05-13T15:00:00Z,1.17121,1.1716,1.16959,1.17018
EURUSD,H1,2026-05-13T16:00:00Z,1.17019,1.17123,1.1701,1.1710099999999999
EURUSD,H1,2026-05-13T17:00:00Z,1.1710099999999999,1.17126,1.1703000000000001,1.17077
EURUSD,H1,2026-05-13T18:00:00Z,1.17077,1.1716199999999999,1.17074,1.1711
EURUSD,H1,2026-05-13T19:00:00Z,1.17111,1.17179,1.17079,1.17086
EURUSD,H1,2026-05-13T20:00:00Z,1.17086,1.17108,1.17041,1.17043
EURUSD,H1,2026-05-13T21:00:00Z,1.17043,1.17106,1.1703999999999999,1.17078
EURUSD,H1,2026-05-13T22:00:00Z,1.17077,1.17131,1.17076,1.17096
EURUSD,H1,2026-05-13T23:00:00Z,1.17096,1.17135,1.17089,1.17134
EURUSD,H1,2026-05-14T00:00:00Z,1.17057,1.17157,1.17026,1.1712799999999999
EURUSD,H1,2026-05-14T01:00:00Z,1.1713,1.17188,1.17129,1.17176
EURUSD,H1,2026-05-14T02:00:00Z,1.17177,1.17183,1.17153,1.17159
EURUSD,H1,2026-05-14T03:00:00Z,1.17159,1.1718600000000001,1.17141,1.1717
EURUSD,H1,2026-05-14T04:00:00Z,1.1717,1.17176,1.17126,1.17139
EURUSD,H1,2026-05-14T05:00:00Z,1.17138,1.17153,1.17116,1.17123
EURUSD,H1,2026-05-14T06:00:00Z,1.17123,1.1715200000000001,1.17097,1.17123
EURUSD,H1,2026-05-14T07:00:00Z,1.17123,1.17173,1.17116,1.17143
EURUSD,H1,2026-05-14T08:00:00Z,1.17146,1.1716,1.1710099999999999,1.17103
EURUSD,H1,2026-05-14T09:00:00Z,1.17102,1.17215,1.17068,1.17184
EURUSD,H1,2026-05-14T10:00:00Z,1.17182,1.17185,1.1706,1.17075
EURUSD,H1,2026-05-14T11:00:00Z,1.17068,1.17138,1.17048,1.17111
EURUSD,H1,2026-05-14T12:00:00Z,1.17111,1.17131,1.17057,1.17075
EURUSD,H1,2026-05-14T13:00:00Z,1.17074,1.1712799999999999,1.17049,1.17087
EURUSD,H1,2026-05-14T14:00:00Z,1.17087,1.17089,1.16995,1.16997
EURUSD,H1,2026-05-14T15:00:00Z,1.16997,1.17055,1.16962,1.16972
EURUSD,H1,2026-05-14T16:00:00Z,1.16971,1.16995,1.16855,1.16898
EURUSD,H1,2026-05-14T17:00:00Z,1.16892,1.17,1.16785,1.16787
EURUSD,H1,2026-05-14T18:00:00Z,1.16782,1.1681,1.16716,1.16773
EURUSD,H1,2026-05-14T19:00:00Z,1.16775,1.16815,1.16708,1.16764
EURUSD,H1,2026-05-14T20:00:00Z,1.16764,1.16807,1.16758,1.16778
EURUSD,H1,2026-05-14T21:00:00Z,1.16779,1.16785,1.16738,1.16774
EURUSD,H1,2026-05-14T22:00:00Z,1.16775,1.1679,1.16686,1.16708
EURUSD,H1,2026-05-14T23:00:00Z,1.16708,1.16722,1.16657,1.1669
EURUSD,H1,2026-05-15T00:00:00Z,1.16672,1.1672,1.16651,1.16686
EURUSD,H1,2026-05-15T01:00:00Z,1.16686,1.16712,1.16686,1.16697
EURUSD,H1,2026-05-15T02:00:00Z,1.16697,1.16697,1.1661299999999999,1.16619
EURUSD,H1,2026-05-15T03:00:00Z,1.16619,1.16634,1.16522,1.16554
EURUSD,H1,2026-05-15T04:00:00Z,1.16554,1.16565,1.16459,1.16469
EURUSD,H1,2026-05-15T05:00:00Z,1.16469,1.16576,1.1645699999999999,1.16535
EURUSD,H1,2026-05-15T06:00:00Z,1.16535,1.16551,1.165,1.1652
EURUSD,H1,2026-05-15T07:00:00Z,1.1652,1.16527,1.16465,1.16473
EURUSD,H1,2026-05-15T08:00:00Z,1.16474,1.1648,1.16326,1.16327
EURUSD,H1,2026-05-15T09:00:00Z,1.16327,1.16435,1.16324,1.1635
EURUSD,H1,2026-05-15T10:00:00Z,1.16348,1.16489,1.16318,1.16363
EURUSD,H1,2026-05-15T11:00:00Z,1.16372,1.16384,1.16304,1.16329
EURUSD,H1,2026-05-15T12:00:00Z,1.16331,1.16336,1.16172,1.16279
EURUSD,H1,2026-05-15T13:00:00Z,1.16283,1.16554,1.16272,1.16492
EURUSD,H1,2026-05-15T14:00:00Z,1.16492,1.16501,1.16293,1.16317
EURUSD,H1,2026-05-15T15:00:00Z,1.16316,1.16321,1.16189,1.16263
EURUSD,H1,2026-05-15T16:00:00Z,1.1626400000000001,1.16322,1.16191,1.16234
EURUSD,H1,2026-05-15T17:00:00Z,1.16235,1.16378,1.16215,1.16295
EURUSD,H1,2026-05-15T18:00:00Z,1.16295,1.16311,1.16206,1.1626400000000001
EURUSD,H1,2026-05-15T19:00:00Z,1.16265,1.16313,1.1623,1.1630099999999999
EURUSD,H1,2026-05-15T20:00:00Z,1.16299,1.16356,1.16267,1.16268
EURUSD,H1,2026-05-15T21:00:00Z,1.16268,1.16271,1.1616900000000001,1.16218
EURUSD,H1,2026-05-15T22:00:00Z,1.16224,1.16231,1.16192,1.16214
EURUSD,H1,2026-05-15T23:00:00Z,1.16214,1.16255,1.16193,1.16247
EURUSD,H1,2026-05-18T00:00:00Z,1.16164,1.1621299999999999,1.1612,1.16193
EURUSD,H1,2026-05-18T01:00:00Z,1.16193,1.16246,1.16187,1.1623
EURUSD,H1,2026-05-18T02:00:00Z,1.1623,1.16236,1.16119,1.16136
EURUSD,H1,2026-05-18T03:00:00Z,1.16136,1.1621,1.16083,1.16117
EURUSD,H1,2026-05-18T04:00:00Z,1.16116,1.16189,1.16084,1.16174
EURUSD,H1,2026-05-18T05:00:00Z,1.16175,1.16197,1.16132,1.16156
EURUSD,H1,2026-05-18T06:00:00Z,1.16156,1.16227,1.16154,1.16219
EURUSD,H1,2026-05-18T07:00:00Z,1.16219,1.16262,1.16191,1.16207
EURUSD,H1,2026-05-18T08:00:00Z,1.16208,1.16233,1.16166,1.16232
EURUSD,H1,2026-05-18T09:00:00Z,1.16232,1.16366,1.1622,1.16357
EURUSD,H1,2026-05-18T10:00:00Z,1.16357,1.16402,1.16314,1.1632
EURUSD,H1,2026-05-18T11:00:00Z,1.1632,1.16451,1.1629,1.16416
EURUSD,H1,2026-05-18T12:00:00Z,1.16416,1.16427,1.1635,1.16351
EURUSD,H1,2026-05-18T13:00:00Z,1.1635,1.16368,1.16263,1.16269
EURUSD,H1,2026-05-18T14:00:00Z,1.16269,1.16496,1.16266,1.16417
EURUSD,H1,2026-05-18T15:00:00Z,1.16418,1.16573,1.1641,1.16513
EURUSD,H1,2026-05-18T16:00:00Z,1.16513,1.1656,1.16439,1.1651
EURUSD,H1,2026-05-18T17:00:00Z,1.1651,1.16533,1.16414,1.16419
EURUSD,H1,2026-05-18T18:00:00Z,1.1642000000000001,1.1653,1.16334,1.1648399999999999
EURUSD,H1,2026-05-18T19:00:00Z,1.1648399999999999,1.16562,1.16439,1.16515
EURUSD,H1,2026-05-18T20:00:00Z,1.16512,1.16535,1.1648,1.1648100000000001
EURUSD,H1,2026-05-18T21:00:00Z,1.16483,1.16489,1.16286,1.16292
EURUSD,H1,2026-05-18T22:00:00Z,1.16293,1.1656,1.16291,1.1651
EURUSD,H1,2026-05-18T23:00:00Z,1.16511,1.16607,1.16511,1.16561
EURUSD,H1,2026-05-19T00:00:00Z,1.1655,1.16598,1.16493,1.16588
EURUSD,H1,2026-05-19T01:00:00Z,1.16594,1.16621,1.16577,1.16578
EURUSD,H1,2026-05-19T02:00:00Z,1.16578,1.16585,1.16545,1.16548
EURUSD,H1,2026-05-19T03:00:00Z,1.16548,1.16559,1.16438,1.16444
EURUSD,H1,2026-05-19T04:00:00Z,1.16445,1.16528,1.1643,1.16464
EURUSD,H1,2026-05-19T05:00:00Z,1.16464,1.16471,1.16409,1.16432
EURUSD,H1,2026-05-19T06:00:00Z,1.16432,1.1645699999999999,1.16407,1.16411
EURUSD,H1,2026-05-19T07:00:00Z,1.16414,1.16431,1.16352,1.16365
EURUSD,H1,2026-05-19T08:00:00Z,1.16365,1.16432,1.16336,1.16421
EURUSD,H1,2026-05-19T09:00:00Z,1.16419,1.16458,1.1635900000000001,1.16366
EURUSD,H1,2026-05-19T10:00:00Z,1.1636199999999999,1.16375,1.163,1.16349
EURUSD,H1,2026-05-19T11:00:00Z,1.1635,1.16361,1.16221,1.16233
EURUSD,H1,2026-05-19T12:00:00Z,1.16234,1.16234,1.16149,1.16194
EURUSD,H1,2026-05-19T13:00:00Z,1.16194,1.16266,1.16111,1.1622
EURUSD,H1,2026-05-19T14:00:00Z,1.16221,1.16226,1.16164,1.16167
EURUSD,H1,2026-05-19T15:00:00Z,1.16161,1.16239,1.1615199999999999,1.16172
EURUSD,H1,2026-05-19T16:00:00Z,1.16167,1.1618,1.16016,1.16138
EURUSD,H1,2026-05-19T17:00:00Z,1.16136,1.16166,1.15949,1.15956
EURUSD,H1,2026-05-19T18:00:00Z,1.15956,1.1602999999999999,1.15922,1.16019
EURUSD,H1,2026-05-19T19:00:00Z,1.16019,1.16094,1.15958,1.1607
EURUSD,H1,2026-05-19T20:00:00Z,1.1607,1.16122,1.16067,1.16106
EURUSD,H1,2026-05-19T21:00:00Z,1.16107,1.16147,1.16027,1.16033
EURUSD,H1,2026-05-19T22:00:00Z,1.1602999999999999,1.1608,1.16027,1.16063
EURUSD,H1,2026-05-19T23:00:00Z,1.16064,1.16068,1.16033,1.16061
EURUSD,H1,2026-05-20T00:00:00Z,1.16039,1.16076,1.15915,1.16061
EURUSD,H1,2026-05-20T01:00:00Z,1.16061,1.16089,1.16058,1.16088
EURUSD,H1,2026-05-20T02:00:00Z,1.16088,1.16129,1.16063,1.16068
EURUSD,H1,2026-05-20T03:00:00Z,1.16066,1.16106,1.16009,1.16014
EURUSD,H1,2026-05-20T04:00:00Z,1.16013,1.16027,1.15936,1.15972
EURUSD,H1,2026-05-20T05:00:00Z,1.15972,1.1602999999999999,1.15945,1.15977
EURUSD,H1,2026-05-20T06:00:00Z,1.15978,1.16055,1.15954,1.16022
EURUSD,H1,2026-05-20T07:00:00Z,1.16022,1.16067,1.1597,1.15973
EURUSD,H1,2026-05-20T08:00:00Z,1.15973,1.16014,1.15917,1.15955
EURUSD,H1,2026-05-20T09:00:00Z,1.15956,1.16059,1.15932,1.15966
EURUSD,H1,2026-05-20T10:00:00Z,1.15965,1.16014,1.1592,1.15932
EURUSD,H1,2026-05-20T11:00:00Z,1.15931,1.15951,1.15836,1.15903
EURUSD,H1,2026-05-20T12:00:00Z,1.15899,1.15945,1.1588,1.15881
EURUSD,H1,2026-05-20T13:00:00Z,1.15881,1.16029,1.1587399999999999,1.1601
EURUSD,H1,2026-05-20T14:00:00Z,1.1601,1.16056,1.15962,1.16009
EURUSD,H1,2026-05-20T15:00:00Z,1.16009,1.16043,1.15938,1.15953
EURUSD,H1,2026-05-20T16:00:00Z,1.15953,1.1597,1.15891,1.1591
EURUSD,H1,2026-05-20T17:00:00Z,1.15911,1.1623999999999999,1.15827,1.16181
EURUSD,H1,2026-05-20T18:00:00Z,1.16182,1.16451,1.16129,1.16192
EURUSD,H1,2026-05-20T19:00:00Z,1.16191,1.16308,1.16186,1.16254
EURUSD,H1,2026-05-20T20:00:00Z,1.16255,1.16271,1.16183,1.16184
EURUSD,H1,2026-05-20T21:00:00Z,1.16193,1.16357,1.1616,1.1631
EURUSD,H1,2026-05-20T22:00:00Z,1.16309,1.16354,1.16275,1.16279
EURUSD,H1,2026-05-20T23:00:00Z,1.16279,1.16284,1.1623,1.1625
EURUSD,H1,2026-05-21T00:00:00Z,1.16211,1.16243,1.16132,1.16217
EURUSD,H1,2026-05-21T01:00:00Z,1.16217,1.1628,1.16217,1.16263
EURUSD,H1,2026-05-21T02:00:00Z,1.16263,1.16276,1.1623,1.16248
EURUSD,H1,2026-05-21T03:00:00Z,1.16248,1.1629,1.16221,1.16285
EURUSD,H1,2026-05-21T04:00:00Z,1.16285,1.16354,1.16228,1.16261
EURUSD,H1,2026-05-21T05:00:00Z,1.16261,1.16285,1.16158,1.16177
EURUSD,H1,2026-05-21T06:00:00Z,1.16176,1.16226,1.16175,1.1619
EURUSD,H1,2026-05-21T07:00:00Z,1.16189,1.16236,1.16183,1.16222
EURUSD,H1,2026-05-21T08:00:00Z,1.16222,1.16235,1.1618,1.16218
EURUSD,H1,2026-05-21T09:00:00Z,1.16218,1.16266,1.16157,1.16202
EURUSD,H1,2026-05-21T10:00:00Z,1.1620300000000001,1.1621,1.15941,1.16076
EURUSD,H1,2026-05-21T11:00:00Z,1.16076,1.16353,1.16063,1.16236
EURUSD,H1,2026-05-21T12:00:00Z,1.16234,1.1633499999999999,1.16207,1.16273
EURUSD,H1,2026-05-21T13:00:00Z,1.1627399999999999,1.16303,1.15998,1.16074
EURUSD,H1,2026-05-21T14:00:00Z,1.16074,1.1616,1.15958,1.15989
EURUSD,H1,2026-05-21T15:00:00Z,1.15991,1.1609,1.1593,1.15972
EURUSD,H1,2026-05-21T16:00:00Z,1.15972,1.1601,1.15759,1.15946
EURUSD,H1,2026-05-21T17:00:00Z,1.15947,1.15965,1.15842,1.15928
EURUSD,H1,2026-05-21T18:00:00Z,1.15929,1.15938,1.15821,1.15884
EURUSD,H1,2026-05-21T19:00:00Z,1.15884,1.15963,1.15846,1.15954
EURUSD,H1,2026-05-21T20:00:00Z,1.15954,1.163,1.15928,1.16248
EURUSD,H1,2026-05-21T21:00:00Z,1.16239,1.1630099999999999,1.16072,1.16114
EURUSD,H1,2026-05-21T22:00:00Z,1.16114,1.16243,1.16097,1.16212
EURUSD,H1,2026-05-21T23:00:00Z,1.16217,1.16229,1.16157,1.16171
EURUSD,H1,2026-05-22T00:00:00Z,1.16167,1.16196,1.16088,1.16167
EURUSD,H1,2026-05-22T01:00:00Z,1.16163,1.16195,1.1615199999999999,1.16175
EURUSD,H1,2026-05-22T02:00:00Z,1.16175,1.1619,1.1616,1.16178
EURUSD,H1,2026-05-22T03:00:00Z,1.16178,1.1618,1.16124,1.16144
EURUSD,H1,2026-05-22T04:00:00Z,1.1614,1.16158,1.16098,1.16099
EURUSD,H1,2026-05-22T05:00:00Z,1.16099,1.16144,1.16097,1.1611799999999999
EURUSD,H1,2026-05-22T06:00:00Z,1.1611799999999999,1.1613,1.16087,1.1612
EURUSD,H1,2026-05-22T07:00:00Z,1.1612,1.16155,1.16113,1.16153
EURUSD,H1,2026-05-22T08:00:00Z,1.1615,1.1616900000000001,1.16072,1.1609099999999999
EURUSD,H1,2026-05-22T09:00:00Z,1.1609099999999999,1.16144,1.16052,1.16099
EURUSD,H1,2026-05-22T10:00:00Z,1.16099,1.16099,1.16014,1.16085
EURUSD,H1,2026-05-22T11:00:00Z,1.16084,1.16158,1.16032,1.16078
EURUSD,H1,2026-05-22T12:00:00Z,1.16077,1.1608100000000001,1.1596,1.16042
EURUSD,H1,2026-05-22T13:00:00Z,1.16043,1.16079,1.15952,1.15974
EURUSD,H1,2026-05-22T14:00:00Z,1.15974,1.16022,1.15934,1.15965
EURUSD,H1,2026-05-22T15:00:00Z,1.15965,1.1607,1.15943,1.16045
EURUSD,H1,2026-05-22T16:00:00Z,1.16044,1.16184,1.15995,1.16039
EURUSD,H1,2026-05-22T17:00:00Z,1.16039,1.16039,1.15881,1.15978
EURUSD,H1,2026-05-22T18:00:00Z,1.15978,1.16054,1.15957,1.16028
EURUSD,H1,2026-05-22T19:00:00Z,1.16028,1.16112,1.15995,1.16111
EURUSD,H1,2026-05-22T20:00:00Z,1.16112,1.16191,1.16087,1.16134
EURUSD,H1,2026-05-22T21:00:00Z,1.16134,1.1615199999999999,1.16092,1.16117
EURUSD,H1,2026-05-22T22:00:00Z,1.1611799999999999,1.16139,1.16053,1.16059
EURUSD,H1,2026-05-22T23:00:00Z,1.1606,1.16067,1.15976,1.16016
EURUSD,H1,2026-05-25T00:00:00Z,1.1638,1.1638,1.16272,1.163
EURUSD,H1,2026-05-25T01:00:00Z,1.163,1.1645,1.163,1.16432
EURUSD,H1,2026-05-25T02:00:00Z,1.16432,1.16461,1.16414,1.16418
EURUSD,H1,2026-05-25T03:00:00Z,1.16418,1.16489,1.16352,1.16367
EURUSD,H1,2026-05-25T04:00:00Z,1.16367,1.1647,1.16355,1.1639
EURUSD,H1,2026-05-25T05:00:00Z,1.16391,1.16426,1.16367,1.16377
EURUSD,H1,2026-05-25T06:00:00Z,1.16377,1.16397,1.1636,1.16372
EURUSD,H1,2026-05-25T07:00:00Z,1.16373,1.16438,1.16356,1.1642000000000001
EURUSD,H1,2026-05-25T08:00:00Z,1.1642000000000001,1.16453,1.1638,1.16392
EURUSD,H1,2026-05-25T09:00:00Z,1.16391,1.1644700000000001,1.16375,1.16409
EURUSD,H1,2026-05-25T10:00:00Z,1.16408,1.1642000000000001,1.16296,1.16375
EURUSD,H1,2026-05-25T11:00:00Z,1.16374,1.16443,1.1633,1.16437
EURUSD,H1,2026-05-25T12:00:00Z,1.16437,1.16453,1.16402,1.16415
EURUSD,H1,2026-05-25T13:00:00Z,1.16415,1.16444,1.16412,1.16429
EURUSD,H1,2026-05-25T14:00:00Z,1.16429,1.16507,1.16402,1.16439
EURUSD,H1,2026-05-25T15:00:00Z,1.1644,1.16528,1.16427,1.16483
EURUSD,H1,2026-05-25T16:00:00Z,1.16483,1.16497,1.16388,1.16388
EURUSD,H1,2026-05-25T17:00:00Z,1.16388,1.16464,1.16384,1.1642000000000001
EURUSD,H1,2026-05-25T18:00:00Z,1.16419,1.16482,1.1639599999999999,1.16422
EURUSD,H1,2026-05-25T19:00:00Z,1.16422,1.16427,1.16367,1.16412
EURUSD,H1,2026-05-25T20:00:00Z,1.16412,1.16441,1.16403,1.16434
EURUSD,H1,2026-05-25T21:00:00Z,1.16434,1.16439,1.16416,1.16434
EURUSD,H1,2026-05-25T22:00:00Z,1.16434,1.16438,1.16418,1.16421
EURUSD,H1,2026-05-25T23:00:00Z,1.16422,1.16435,1.16411,1.1643
EURUSD,H1,2026-05-26T00:00:00Z,1.16408,1.16418,1.1633,1.16377
EURUSD,H1,2026-05-26T01:00:00Z,1.16397,1.16429,1.16384,1.16408
EURUSD,H1,2026-05-26T02:00:00Z,1.16408,1.16432,1.16357,1.1635900000000001
EURUSD,H1,2026-05-26T03:00:00Z,1.1636,1.16399,1.16339,1.16387
EURUSD,H1,2026-05-26T04:00:00Z,1.16387,1.16399,1.16303,1.16339
EURUSD,H1,2026-05-26T05:00:00Z,1.16338,1.16353,1.16312,1.16339
EURUSD,H1,2026-05-26T06:00:00Z,1.16339,1.16373,1.16336,1.1636
EURUSD,H1,2026-05-26T07:00:00Z,1.1636,1.16361,1.16293,1.16297
EURUSD,H1,2026-05-26T08:00:00Z,1.16296,1.16307,1.16273,1.1628
EURUSD,H1,2026-05-26T09:00:00Z,1.16279,1.16375,1.16271,1.16351
EURUSD,H1,2026-05-26T10:00:00Z,1.16351,1.16403,1.16239,1.1637
EURUSD,H1,2026-05-26T11:00:00Z,1.1637,1.16421,1.16345,1.16364
EURUSD,H1,2026-05-26T12:00:00Z,1.16364,1.1644,1.16326,1.16427
EURUSD,H1,2026-05-26T13:00:00Z,1.16427,1.1645,1.16377,1.16414
EURUSD,H1,2026-05-26T14:00:00Z,1.16415,1.16449,1.1633499999999999,1.16347
EURUSD,H1,2026-05-26T15:00:00Z,1.16347,1.16366,1.1631,1.1632
EURUSD,H1,2026-05-26T16:00:00Z,1.16318,1.1633,1.16173,1.16254
EURUSD,H1,2026-05-26T17:00:00Z,1.16254,1.1629800000000001,1.1621299999999999,1.1625
EURUSD,H1,2026-05-26T18:00:00Z,1.1625,1.16258,1.16171,1.16194
EURUSD,H1,2026-05-26T19:00:00Z,1.16194,1.16295,1.16194,1.1623999999999999
EURUSD,H1,2026-05-26T20:00:00Z,1.1623999999999999,1.16277,1.1621299999999999,1.1623999999999999
EURUSD,H1,2026-05-26T21:00:00Z,1.16241,1.16309,1.16234,1.16295
EURUSD,H1,2026-05-26T22:00:00Z,1.16295,1.16326,1.1627399999999999,1.1632
EURUSD,H1,2026-05-26T23:00:00Z,1.16319,1.1633,1.16303,1.16315
EURUSD,H1,2026-05-27T00:00:00Z,1.16287,1.1631,1.16155,1.16292
EURUSD,H1,2026-05-27T01:00:00Z,1.16316,1.1633499999999999,1.16313,1.16334
EURUSD,H1,2026-05-27T02:00:00Z,1.16334,1.16399,1.16331,1.16365
EURUSD,H1,2026-05-27T03:00:00Z,1.16364,1.16406,1.1636,1.1638
EURUSD,H1,2026-05-27T04:00:00Z,1.1638,1.16394,1.16327,1.1634
EURUSD,H1,2026-05-27T05:00:00Z,1.1634,1.1638600000000001,1.16338,1.16383
EURUSD,H1,2026-05-27T06:00:00Z,1.16384,1.16424,1.16368,1.16387
EURUSD,H1,2026-05-27T07:00:00Z,1.16387,1.16424,1.16383,1.16413
EURUSD,H1,2026-05-27T08:00:00Z,1.16413,1.16445,1.16387,1.16395
EURUSD,H1,2026-05-27T09:00:00Z,1.1639599999999999,1.16493,1.16373,1.16455
EURUSD,H1,2026-05-27T10:00:00Z,1.16458,1.16488,1.16402,1.16408
EURUSD,H1,2026-05-27T11:00:00Z,1.16405,1.16472,1.16382,1.16448
EURUSD,H1,2026-05-27T12:00:00Z,1.16448,1.16486,1.16425,1.1644700000000001
EURUSD,H1,2026-05-27T13:00:00Z,1.16445,1.1644700000000001,1.1635900000000001,1.16391
EURUSD,H1,2026-05-27T14:00:00Z,1.16391,1.16419,1.16329,1.16377
EURUSD,H1,2026-05-27T15:00:00Z,1.16377,1.16611,1.16346,1.16439
EURUSD,H1,2026-05-27T16:00:00Z,1.16436,1.1648,1.16376,1.16413
EURUSD,H1,2026-05-27T17:00:00Z,1.16413,1.16522,1.1625,1.16255
EURUSD,H1,2026-05-27T18:00:00Z,1.16256,1.16364,1.16226,1.16302
EURUSD,H1,2026-05-27T19:00:00Z,1.16303,1.16329,1.16242,1.16322
EURUSD,H1,2026-05-27T20:00:00Z,1.16323,1.1633,1.16221,1.1627399999999999
EURUSD,H1,2026-05-27T21:00:00Z,1.1627399999999999,1.16304,1.16226,1.16295
EURUSD,H1,2026-05-27T22:00:00Z,1.16295,1.1632,1.16268,1.16289
EURUSD,H1,2026-05-27T23:00:00Z,1.16288,1.16307,1.16253,1.16256
EURUSD,H1,2026-05-28T00:00:00Z,1.16232,1.1630099999999999,1.1622,1.16267
EURUSD,H1,2026-05-28T01:00:00Z,1.16267,1.16304,1.16259,1.1626
EURUSD,H1,2026-05-28T02:00:00Z,1.1626,1.16287,1.1616,1.16176
EURUSD,H1,2026-05-28T03:00:00Z,1.16172,1.16234,1.16166,1.16207
EURUSD,H1,2026-05-28T04:00:00Z,1.16206,1.16212,1.16092,1.16099
EURUSD,H1,2026-05-28T05:00:00Z,1.16099,1.16153,1.16095,1.16126
EURUSD,H1,2026-05-28T06:00:00Z,1.16126,1.16138,1.15871,1.15871
EURUSD,H1,2026-05-28T07:00:00Z,1.15871,1.15927,1.15862,1.15918
EURUSD,H1,2026-05-28T08:00:00Z,1.15918,1.16021,1.1589,1.15991
EURUSD,H1,2026-05-28T09:00:00Z,1.15991,1.16121,1.15984,1.16102
EURUSD,H1,2026-05-28T10:00:00Z,1.16107,1.16176,1.16101,1.1611799999999999
EURUSD,H1,2026-05-28T11:00:00Z,1.16123,1.1616900000000001,1.16067,1.16156
EURUSD,H1,2026-05-28T12:00:00Z,1.16155,1.16191,1.16129,1.1613
EURUSD,H1,2026-05-28T13:00:00Z,1.1613,1.16155,1.16036,1.16036
EURUSD,H1,2026-05-28T14:00:00Z,1.16036,1.16227,1.16034,1.1616900000000001
EURUSD,H1,2026-05-28T15:00:00Z,1.1616900000000001,1.16383,1.16156,1.16364
EURUSD,H1,2026-05-28T16:00:00Z,1.16364,1.16431,1.1629,1.16306
EURUSD,H1,2026-05-28T17:00:00Z,1.16306,1.1658,1.16269,1.16476
EURUSD,H1,2026-05-28T18:00:00Z,1.16478,1.16568,1.16477,1.1648100000000001
EURUSD,H1,2026-05-28T19:00:00Z,1.1648100000000001,1.16609,1.16456,1.16568
EURUSD,H1,2026-05-28T20:00:00Z,1.1656900000000001,1.16574,1.1650800000000001,1.16533
EURUSD,H1,2026-05-28T21:00:00Z,1.16533,1.16553,1.16466,1.16479
EURUSD,H1,2026-05-28T22:00:00Z,1.16476,1.16516,1.16464,1.16476
EURUSD,H1,2026-05-28T23:00:00Z,1.16475,1.16496,1.16449,1.16493
EURUSD,H1,2026-05-29T00:00:00Z,1.1650800000000001,1.16521,1.16381,1.16497
EURUSD,H1,2026-05-29T01:00:00Z,1.1651,1.16522,1.16501,1.16503
EURUSD,H1,2026-05-29T02:00:00Z,1.16503,1.16532,1.16502,1.16524
EURUSD,H1,2026-05-29T03:00:00Z,1.16525,1.16556,1.16474,1.16487
EURUSD,H1,2026-05-29T04:00:00Z,1.16487,1.16565,1.16433,1.1644700000000001
EURUSD,H1,2026-05-29T05:00:00Z,1.16446,1.16493,1.16435,1.16448
EURUSD,H1,2026-05-29T06:00:00Z,1.16448,1.1645,1.1636,1.16372
EURUSD,H1,2026-05-29T07:00:00Z,1.16372,1.16393,1.16343,1.16391
EURUSD,H1,2026-05-29T08:00:00Z,1.16391,1.16436,1.16382,1.16421
EURUSD,H1,2026-05-29T09:00:00Z,1.16422,1.16545,1.16422,1.16534
EURUSD,H1,2026-05-29T10:00:00Z,1.16534,1.16534,1.16379,1.16422
EURUSD,H1,2026-05-29T11:00:00Z,1.16405,1.16405,1.1625,1.1628
EURUSD,H1,2026-05-29T12:00:00Z,1.16281,1.16427,1.16266,1.16416
EURUSD,H1,2026-05-29T13:00:00Z,1.16417,1.16452,1.16379,1.1643
EURUSD,H1,2026-05-29T14:00:00Z,1.1643,1.1648399999999999,1.16399,1.16478
EURUSD,H1,2026-05-29T15:00:00Z,1.16479,1.16491,1.16414,1.1649
EURUSD,H1,2026-05-29T16:00:00Z,1.1649,1.16531,1.16449,1.16473
EURUSD,H1,2026-05-29T17:00:00Z,1.16474,1.16745,1.16405,1.16686
EURUSD,H1,2026-05-29T18:00:00Z,1.16686,1.16858,1.1667399999999999,1.16781
EURUSD,H1,2026-05-29T19:00:00Z,1.16781,1.16792,1.16667,1.16722
EURUSD,H1,2026-05-29T20:00:00Z,1.16722,1.16733,1.16621,1.16623
EURUSD,H1,2026-05-29T21:00:00Z,1.16623,1.16686,1.16604,1.16641
EURUSD,H1,2026-05-29T22:00:00Z,1.16643,1.16695,1.16637,1.16646
EURUSD,H1,2026-05-29T23:00:00Z,1.16646,1.16649,1.16578,1.16594
EURUSD,H1,2026-06-01T00:00:00Z,1.16527,1.16604,1.16515,1.16577
EURUSD,H1,2026-06-01T01:00:00Z,1.16577,1.16601,1.16511,1.16544
EURUSD,H1,2026-06-01T02:00:00Z,1.16544,1.16558,1.1648399999999999,1.16485
EURUSD,H1,2026-06-01T03:00:00Z,1.16486,1.16535,1.16449,1.16478
EURUSD,H1,2026-06-01T04:00:00Z,1.16478,1.16482,1.16419,1.16449
EURUSD,H1,2026-06-01T05:00:00Z,1.16449,1.16469,1.16435,1.16465
EURUSD,H1,2026-06-01T06:00:00Z,1.16465,1.16491,1.16416,1.16438
EURUSD,H1,2026-06-01T07:00:00Z,1.16437,1.16485,1.16434,1.1648100000000001
EURUSD,H1,2026-06-01T08:00:00Z,1.16482,1.16534,1.16479,1.16513
EURUSD,H1,2026-06-01T09:00:00Z,1.16513,1.16648,1.16502,1.16646
EURUSD,H1,2026-06-01T10:00:00Z,1.16644,1.16648,1.16516,1.16567
EURUSD,H1,2026-06-01T11:00:00Z,1.16574,1.1660300000000001,1.16533,1.1658
EURUSD,H1,2026-06-01T12:00:00Z,1.1658,1.16607,1.1648100000000001,1.1650800000000001
EURUSD,H1,2026-06-01T13:00:00Z,1.1650800000000001,1.16511,1.16461,1.16475
EURUSD,H1,2026-06-01T14:00:00Z,1.16475,1.16482,1.16417,1.16462
EURUSD,H1,2026-06-01T15:00:00Z,1.16462,1.16505,1.1645,1.16473
EURUSD,H1,2026-06-01T16:00:00Z,1.16473,1.16482,1.16099,1.16101
EURUSD,H1,2026-06-01T17:00:00Z,1.16083,1.16184,1.16067,1.16175
EURUSD,H1,2026-06-01T18:00:00Z,1.16175,1.16288,1.1615199999999999,1.16231
EURUSD,H1,2026-06-01T19:00:00Z,1.16231,1.16304,1.16163,1.1629800000000001
EURUSD,H1,2026-06-01T20:00:00Z,1.163,1.16379,1.16251,1.16347
EURUSD,H1,2026-06-01T21:00:00Z,1.16347,1.16354,1.16306,1.1631
EURUSD,H1,2026-06-01T22:00:00Z,1.16308,1.16338,1.16266,1.16317
EURUSD,H1,2026-06-01T23:00:00Z,1.16312,1.16338,1.16304,1.1632
EURUSD,H1,2026-06-02T00:00:00Z,1.16279,1.16351,1.16251,1.16313
EURUSD,H1,2026-06-02T01:00:00Z,1.16312,1.16343,1.16312,1.16339
EURUSD,H1,2026-06-02T02:00:00Z,1.16339,1.16363,1.16329,1.16353
EURUSD,H1,2026-06-02T03:00:00Z,1.16353,1.16355,1.16293,1.16314
EURUSD,H1,2026-06-02T04:00:00Z,1.16315,1.16369,1.16285,1.16307
EURUSD,H1,2026-06-02T05:00:00Z,1.16306,1.16345,1.16302,1.16307
EURUSD,H1,2026-06-02T06:00:00Z,1.16307,1.16352,1.16306,1.16343
EURUSD,H1,2026-06-02T07:00:00Z,1.16341,1.16388,1.16341,1.16378
EURUSD,H1,2026-06-02T08:00:00Z,1.16378,1.16397,1.1636199999999999,1.16371
EURUSD,H1,2026-06-02T09:00:00Z,1.16371,1.16522,1.16371,1.16506
EURUSD,H1,2026-06-02T10:00:00Z,1.16505,1.1650800000000001,1.16448,1.16486
EURUSD,H1,2026-06-02T11:00:00Z,1.16486,1.16526,1.16421,1.16436
EURUSD,H1,2026-06-02T12:00:00Z,1.16436,1.16449,1.16403,1.16433
EURUSD,H1,2026-06-02T13:00:00Z,1.16432,1.16462,1.16384,1.16436
EURUSD,H1,2026-06-02T14:00:00Z,1.16436,1.16528,1.16435,1.16494
EURUSD,H1,2026-06-02T15:00:00Z,1.16494,1.16556,1.16474,1.16504
EURUSD,H1,2026-06-02T16:00:00Z,1.16505,1.16523,1.16395,1.16437
EURUSD,H1,2026-06-02T17:00:00Z,1.16436,1.16499,1.16361,1.16435
EURUSD,H1,2026-06-02T18:00:00Z,1.16436,1.16451,1.16354,1.16405
EURUSD,H1,2026-06-02T19:00:00Z,1.16405,1.16411,1.16268,1.16284
EURUSD,H1,2026-06-02T20:00:00Z,1.16285,1.1629800000000001,1.16201,1.16215
EURUSD,H1,2026-06-02T21:00:00Z,1.16215,1.16299,1.16135,1.16284
EURUSD,H1,2026-06-02T22:00:00Z,1.16287,1.1633,1.16287,1.16323
EURUSD,H1,2026-06-02T23:00:00Z,1.16322,1.16347,1.163,1.1631
EURUSD,H1,2026-06-03T00:00:00Z,1.16315,1.16315,1.16262,1.16273
EURUSD,H1,2026-06-03T01:00:00Z,1.16289,1.16303,1.1626400000000001,1.16266
EURUSD,H1,2026-06-03T02:00:00Z,1.16267,1.16273,1.16197,1.16212
EURUSD,H1,2026-06-03T03:00:00Z,1.1621,1.16307,1.16205,1.16287
EURUSD,H1,2026-06-03T04:00:00Z,1.16288,1.16334,1.16262,1.16295
EURUSD,H1,2026-06-03T05:00:00Z,1.16296,1.16319,1.16249,1.16281
EURUSD,H1,2026-06-03T06:00:00Z,1.16281,1.16296,1.16263,1.1627399999999999
EURUSD,H1,2026-06-03T07:00:00Z,1.16275,1.1628,1.16243,1.16256
EURUSD,H1,2026-06-03T08:00:00Z,1.16256,1.16271,1.16187,1.16187
EURUSD,H1,2026-06-03T09:00:00Z,1.16187,1.16224,1.16123,1.16164
EURUSD,H1,2026-06-03T10:00:00Z,1.16163,1.16244,1.16128,1.16162
EURUSD,H1,2026-06-03T11:00:00Z,1.16162,1.16168,1.16051,1.16082
EURUSD,H1,2026-06-03T12:00:00Z,1.16082,1.1616,1.1608,1.16136
EURUSD,H1,2026-06-03T13:00:00Z,1.16137,1.16228,1.16128,1.16161
EURUSD,H1,2026-06-03T14:00:00Z,1.16161,1.16226,1.16154,1.1617899999999999
EURUSD,H1,2026-06-03T15:00:00Z,1.16178,1.16185,1.15968,1.16003
EURUSD,H1,2026-06-03T16:00:00Z,1.16004,1.16064,1.15973,1.16029
EURUSD,H1,2026-06-03T17:00:00Z,1.16028,1.16124,1.15949,1.16124
EURUSD,H1,2026-06-03T18:00:00Z,1.16125,1.1613,1.16025,1.16048
EURUSD,H1,2026-06-03T19:00:00Z,1.16048,1.16049,1.15951,1.16002
EURUSD,H1,2026-06-03T20:00:00Z,1.16005,1.16034,1.15968,1.15983
EURUSD,H1,2026-06-03T21:00:00Z,1.15983,1.15999,1.15954,1.15983
EURUSD,H1,2026-06-03T22:00:00Z,1.15983,1.16009,1.15972,1.1598
EURUSD,H1,2026-06-03T23:00:00Z,1.15981,1.16004,1.15968,1.15981
EURUSD,H1,2026-06-04T00:00:00Z,1.15965,1.15992,1.15953,1.15968
EURUSD,H1,2026-06-04T01:00:00Z,1.1596899999999999,1.16123,1.15945,1.1605699999999999
EURUSD,H1,2026-06-04T02:00:00Z,1.16058,1.1610800000000001,1.16015,1.1609
EURUSD,H1,2026-06-04T03:00:00Z,1.1609,1.16125,1.16055,1.16068
EURUSD,H1,2026-06-04T04:00:00Z,1.16068,1.16101,1.16038,1.16096
EURUSD,H1,2026-06-04T05:00:00Z,1.16096,1.16112,1.16063,1.16101
EURUSD,H1,2026-06-04T06:00:00Z,1.161,1.16101,1.16025,1.16061
EURUSD,H1,2026-06-04T07:00:00Z,1.16061,1.16129,1.16039,1.16098
EURUSD,H1,2026-06-04T08:00:00Z,1.16098,1.16105,1.16052,1.16098
EURUSD,H1,2026-06-04T09:00:00Z,1.16098,1.1615,1.16071,1.16107
EURUSD,H1,2026-06-04T10:00:00Z,1.16106,1.16126,1.15985,1.1604
EURUSD,H1,2026-06-04T11:00:00Z,1.16039,1.1614,1.16036,1.16129
EURUSD,H1,2026-06-04T12:00:00Z,1.16129,1.16283,1.16129,1.16257
EURUSD,H1,2026-06-04T13:00:00Z,1.16257,1.16342,1.16251,1.16304
EURUSD,H1,2026-06-04T14:00:00Z,1.16305,1.1645,1.16302,1.16418
EURUSD,H1,2026-06-04T15:00:00Z,1.16417,1.1645,1.16344,1.16369
EURUSD,H1,2026-06-04T16:00:00Z,1.1637,1.164,1.16339,1.1636
EURUSD,H1,2026-06-04T17:00:00Z,1.1635900000000001,1.16399,1.16292,1.16306
EURUSD,H1,2026-06-04T18:00:00Z,1.16304,1.16315,1.16224,1.16282
EURUSD,H1,2026-06-04T19:00:00Z,1.16282,1.16296,1.16231,1.16234
EURUSD,H1,2026-06-04T20:00:00Z,1.16234,1.16239,1.16195,1.16208
EURUSD,H1,2026-06-04T21:00:00Z,1.16207,1.16225,1.16132,1.16149
EURUSD,H1,2026-06-04T22:00:00Z,1.1615,1.16161,1.16105,1.16124
EURUSD,H1,2026-06-04T23:00:00Z,1.16126,1.16135,1.1608,1.16107
EURUSD,H1,2026-06-05T00:00:00Z,1.16098,1.16149,1.16066,1.16115
EURUSD,H1,2026-06-05T01:00:00Z,1.16136,1.16136,1.1610800000000001,1.1612
EURUSD,H1,2026-06-05T02:00:00Z,1.1612,1.16138,1.16119,1.16123
EURUSD,H1,2026-06-05T03:00:00Z,1.16123,1.1614200000000001,1.16109,1.16127
EURUSD,H1,2026-06-05T04:00:00Z,1.16127,1.16149,1.16097,1.16136
EURUSD,H1,2026-06-05T05:00:00Z,1.16136,1.16167,1.16125,1.1614
EURUSD,H1,2026-06-05T06:00:00Z,1.1614,1.16157,1.16135,1.16148
EURUSD,H1,2026-06-05T07:00:00Z,1.16148,1.1617,1.16137,1.16161
EURUSD,H1,2026-06-05T08:00:00Z,1.16161,1.16194,1.16149,1.16156
EURUSD,H1,2026-06-05T09:00:00Z,1.16156,1.16228,1.16129,1.16223
EURUSD,H1,2026-06-05T10:00:00Z,1.16222,1.16372,1.16216,1.16319
EURUSD,H1,2026-06-05T11:00:00Z,1.16319,1.164,1.16317,1.16367
EURUSD,H1,2026-06-05T12:00:00Z,1.16366,1.16443,1.16346,1.16387
EURUSD,H1,2026-06-05T13:00:00Z,1.16387,1.16442,1.16384,1.16404
EURUSD,H1,2026-06-05T14:00:00Z,1.16402,1.16419,1.16344,1.16415
EURUSD,H1,2026-06-05T15:00:00Z,1.16416,1.16429,1.15863,1.1586400000000001
EURUSD,H1,2026-06-05T16:00:00Z,1.15862,1.15995,1.15717,1.15719
EURUSD,H1,2026-06-05T17:00:00Z,1.15717,1.15806,1.15494,1.1559
EURUSD,H1,2026-06-05T18:00:00Z,1.1559,1.156,1.1531500000000001,1.1532499999999999
EURUSD,H1,2026-06-05T19:00:00Z,1.1532499999999999,1.1533,1.15224,1.15322
EURUSD,H1,2026-06-05T20:00:00Z,1.15322,1.1533,1.1519300000000001,1.15243
EURUSD,H1,2026-06-05T21:00:00Z,1.15243,1.15289,1.15194,1.15229
EURUSD,H1,2026-06-05T22:00:00Z,1.15229,1.15273,1.15183,1.15252
EURUSD,H1,2026-06-05T23:00:00Z,1.15253,1.15262,1.15179,1.15187
EURUSD,H1,2026-06-08T00:00:00Z,1.15105,1.15109,1.15063,1.15097
EURUSD,H1,2026-06-08T01:00:00Z,1.15097,1.15189,1.15089,1.15131
EURUSD,H1,2026-06-08T02:00:00Z,1.15131,1.15228,1.15131,1.15219
EURUSD,H1,2026-06-08T03:00:00Z,1.15219,1.15336,1.15209,1.15335
EURUSD,H1,2026-06-08T04:00:00Z,1.15335,1.15348,1.15118,1.15263
EURUSD,H1,2026-06-08T05:00:00Z,1.15263,1.15316,1.15205,1.15286
EURUSD,H1,2026-06-08T06:00:00Z,1.15286,1.1532499999999999,1.15259,1.15324
EURUSD,H1,2026-06-08T07:00:00Z,1.15323,1.15339,1.15299,1.15314
EURUSD,H1,2026-06-08T08:00:00Z,1.1531500000000001,1.15398,1.15176,1.15192
EURUSD,H1,2026-06-08T09:00:00Z,1.15192,1.15249,1.15136,1.15152
EURUSD,H1,2026-06-08T10:00:00Z,1.15156,1.1527,1.15144,1.15165
EURUSD,H1,2026-06-08T11:00:00Z,1.15165,1.15232,1.1508,1.15084
EURUSD,H1,2026-06-08T12:00:00Z,1.15083,1.15145,1.14995,1.15125
EURUSD,H1,2026-06-08T13:00:00Z,1.15125,1.15324,1.151,1.15245
EURUSD,H1,2026-06-08T14:00:00Z,1.15245,1.15439,1.15234,1.15365
EURUSD,H1,2026-06-08T15:00:00Z,1.15365,1.1543700000000001,1.15351,1.1542
EURUSD,H1,2026-06-08T16:00:00Z,1.15421,1.15547,1.1541299999999999,1.15415
EURUSD,H1,2026-06-08T17:00:00Z,1.15414,1.15445,1.15318,1.15426
EURUSD,H1,2026-06-08T18:00:00Z,1.15429,1.15478,1.15365,1.15442
EURUSD,H1,2026-06-08T19:00:00Z,1.15442,1.1546,1.1539,1.1539
EURUSD,H1,2026-06-08T20:00:00Z,1.15389,1.15416,1.15356,1.15381
EURUSD,H1,2026-06-08T21:00:00Z,1.1538,1.15421,1.15277,1.15283
EURUSD,H1,2026-06-08T22:00:00Z,1.15282,1.15343,1.1528100000000001,1.15308
EURUSD,H1,2026-06-08T23:00:00Z,1.15307,1.15337,1.15304,1.15316
EURUSD,H1,2026-06-09T00:00:00Z,1.15324,1.15381,1.15241,1.15348
EURUSD,H1,2026-06-09T01:00:00Z,1.15361,1.15361,1.1532499999999999,1.15336
EURUSD,H1,2026-06-09T02:00:00Z,1.15336,1.1534200000000001,1.15279,1.15282
EURUSD,H1,2026-06-09T03:00:00Z,1.15274,1.15317,1.1527,1.15313
EURUSD,H1,2026-06-09T04:00:00Z,1.15313,1.15397,1.15306,1.15396
EURUSD,H1,2026-06-09T05:00:00Z,1.15397,1.15404,1.15367,1.15375
EURUSD,H1,2026-06-09T06:00:00Z,1.15375,1.154,1.15348,1.1538
EURUSD,H1,2026-06-09T07:00:00Z,1.1538,1.15482,1.15369,1.15455
EURUSD,H1,2026-06-09T08:00:00Z,1.15455,1.15476,1.15395,1.1544699999999999
EURUSD,H1,2026-06-09T09:00:00Z,1.1544699999999999,1.1553499999999999,1.15433,1.1544
EURUSD,H1,2026-06-09T10:00:00Z,1.1544,1.1547,1.15373,1.15393
EURUSD,H1,2026-06-09T11:00:00Z,1.15393,1.15527,1.15364,1.15507
EURUSD,H1,2026-06-09T12:00:00Z,1.15507,1.15638,1.15503,1.15614
EURUSD,H1,2026-06-09T13:00:00Z,1.15613,1.15692,1.15601,1.15652
EURUSD,H1,2026-06-09T14:00:00Z,1.15653,1.1574200000000001,1.15651,1.15725
EURUSD,H1,2026-06-09T15:00:00Z,1.15726,1.15749,1.15693,1.15736
EURUSD,H1,2026-06-09T16:00:00Z,1.15736,1.15781,1.15637,1.15664
EURUSD,H1,2026-06-09T17:00:00Z,1.15664,1.15735,1.15582,1.15624
EURUSD,H1,2026-06-09T18:00:00Z,1.15624,1.15675,1.15457,1.15551
EURUSD,H1,2026-06-09T19:00:00Z,1.15551,1.15574,1.15285,1.15409
EURUSD,H1,2026-06-09T20:00:00Z,1.15409,1.15531,1.1540300000000001,1.15481
EURUSD,H1,2026-06-09T21:00:00Z,1.15483,1.15531,1.15463,1.1549800000000001
EURUSD,H1,2026-06-09T22:00:00Z,1.1549800000000001,1.15504,1.15396,1.15415
EURUSD,H1,2026-06-09T23:00:00Z,1.15416,1.15455,1.15407,1.15434
EURUSD,H1,2026-06-10T00:00:00Z,1.15424,1.15431,1.15351,1.15358
EURUSD,H1,2026-06-10T01:00:00Z,1.15382,1.15405,1.1536,1.15366
EURUSD,H1,2026-06-10T02:00:00Z,1.15366,1.15392,1.15332,1.1535
EURUSD,H1,2026-06-10T03:00:00Z,1.15351,1.15434,1.15333,1.15423
EURUSD,H1,2026-06-10T04:00:00Z,1.15423,1.15429,1.15353,1.15378
EURUSD,H1,2026-06-10T05:00:00Z,1.15378,1.15449,1.1537,1.15425
EURUSD,H1,2026-06-10T06:00:00Z,1.15425,1.15522,1.15421,1.15502
EURUSD,H1,2026-06-10T07:00:00Z,1.15502,1.15506,1.15445,1.15464
EURUSD,H1,2026-06-10T08:00:00Z,1.15464,1.15556,1.15453,1.15544
EURUSD,H1,2026-06-10T09:00:00Z,1.15542,1.15583,1.15483,1.15489
EURUSD,H1,2026-06-10T10:00:00Z,1.15486,1.15587,1.15467,1.15538
EURUSD,H1,2026-06-10T11:00:00Z,1.15538,1.15541,1.15481,1.15536
EURUSD,H1,2026-06-10T12:00:00Z,1.15536,1.15597,1.15506,1.15578
EURUSD,H1,2026-06-10T13:00:00Z,1.15578,1.1559300000000001,1.15503,1.15521
EURUSD,H1,2026-06-10T14:00:00Z,1.15521,1.15525,1.15355,1.15366
EURUSD,H1,2026-06-10T15:00:00Z,1.15365,1.15647,1.15361,1.15484
EURUSD,H1,2026-06-10T16:00:00Z,1.15484,1.15731,1.15473,1.15626
EURUSD,H1,2026-06-10T17:00:00Z,1.15626,1.15671,1.15501,1.15522
EURUSD,H1,2026-06-10T18:00:00Z,1.15523,1.15568,1.15348,1.15493
EURUSD,H1,2026-06-10T19:00:00Z,1.15494,1.15594,1.15489,1.15538
EURUSD,H1,2026-06-10T20:00:00Z,1.15539,1.15567,1.15446,1.15524
EURUSD,H1,2026-06-10T21:00:00Z,1.15525,1.15577,1.15482,1.15483
EURUSD,H1,2026-06-10T22:00:00Z,1.15482,1.15488,1.1541,1.15414
EURUSD,H1,2026-06-10T23:00:00Z,1.15414,1.15415,1.15347,1.15355
EURUSD,H1,2026-06-11T00:00:00Z,1.1535,1.1538599999999999,1.15338,1.15344
EURUSD,H1,2026-06-11T01:00:00Z,1.15356,1.15368,1.15284,1.15299
EURUSD,H1,2026-06-11T02:00:00Z,1.15299,1.15378,1.15255,1.15353
EURUSD,H1,2026-06-11T03:00:00Z,1.15353,1.15429,1.15353,1.15424
EURUSD,H1,2026-06-11T04:00:00Z,1.15425,1.15561,1.15416,1.15539
EURUSD,H1,2026-06-11T05:00:00Z,1.1554,1.15543,1.1546,1.15481
EURUSD,H1,2026-06-11T06:00:00Z,1.1548,1.15492,1.15443,1.15452
EURUSD,H1,2026-06-11T07:00:00Z,1.15452,1.15503,1.15425,1.15483
EURUSD,H1,2026-06-11T08:00:00Z,1.15482,1.15514,1.15454,1.15473
EURUSD,H1,2026-06-11T09:00:00Z,1.15473,1.15475,1.1540300000000001,1.15417
EURUSD,H1,2026-06-11T10:00:00Z,1.15418,1.15555,1.1541299999999999,1.1545
EURUSD,H1,2026-06-11T11:00:00Z,1.1545,1.15455,1.15307,1.15321
EURUSD,H1,2026-06-11T12:00:00Z,1.15322,1.15372,1.15299,1.15341
EURUSD,H1,2026-06-11T13:00:00Z,1.15338,1.15345,1.15232,1.15312
EURUSD,H1,2026-06-11T14:00:00Z,1.15312,1.15417,1.15311,1.15382
EURUSD,H1,2026-06-11T15:00:00Z,1.15385,1.15434,1.15164,1.15398
EURUSD,H1,2026-06-11T16:00:00Z,1.15398,1.15404,1.15175,1.15296
EURUSD,H1,2026-06-11T17:00:00Z,1.15296,1.15306,1.15147,1.15192
EURUSD,H1,2026-06-11T18:00:00Z,1.15192,1.15243,1.1514,1.15145
EURUSD,H1,2026-06-11T19:00:00Z,1.15145,1.15161,1.1507,1.15091
EURUSD,H1,2026-06-11T20:00:00Z,1.15087,1.15664,1.15029,1.1551
EURUSD,H1,2026-06-11T21:00:00Z,1.1551,1.15665,1.15414,1.15579
EURUSD,H1,2026-06-11T22:00:00Z,1.15579,1.15894,1.15579,1.15787
EURUSD,H1,2026-06-11T23:00:00Z,1.15786,1.15834,1.15762,1.15787
EURUSD,H1,2026-06-12T00:00:00Z,1.15783,1.15798,1.15738,1.15756
